id,place_name,kakao_place_name,kakao_place_url,distance_m,confidence
st_00471,파랑새어린이집,,,,low
st_00472,청자모텔,,,,low
st_00473,"연세로,문화의거리 정류장(13324)",,,,low
st_00474,동해해물탕 골목,,,,low
st_00475,연세로5가길,더케이파티룸&스튜디오,http://place.map.kakao.com/626244777,0.0,mid
st_00476,연세로7안길,미진축산 신촌점,http://place.map.kakao.com/1410278937,0.0,mid
st_00477,연세로4길,룸익스케이프 블랙점,http://place.map.kakao.com/27329834,0.0,mid
st_00478,연세로4길(2),젊은공간프리미엄원룸텔 신촌홍대점,http://place.map.kakao.com/1964456011,95.0,mid
st_00479,르바게트메종(폐업),,,,low
st_00480,이노와이즈신촌,이노와이즈신촌,http://place.map.kakao.com/1819618705,0.0,high
st_00481,필더필딩,계면당,http://place.map.kakao.com/1450478733,0.0,mid
st_00482,인생네컷 신촌점(폐업),,,,low
st_00483,가치,가치,http://place.map.kakao.com/1722716342,0.0,high
st_00484,호텔나루서울 엠겔러리,호텔 나루 서울 엠갤러리 앰배서더,http://place.map.kakao.com/2051491774,16.0,high
st_00485,보라매역부근,,,,low
st_00486,서울공업고등학교,서울공고동창회,http://place.map.kakao.com/10506015,0.0,high
st_00487,완성빌라,완성빌라,http://place.map.kakao.com/551283625,63.0,high
st_00488,바이온,,,,low
st_00489,인천제2시립노인전문병원,인천제2시립노인치매요양병원,http://place.map.kakao.com/13523306,11.0,high
st_00490,삼산경찰서,인천삼산경찰서 전기차충전소,http://place.map.kakao.com/1389782511,0.0,high
st_00491,더쿠스,더쿠스,http://place.map.kakao.com/1859081109,0.0,high
st_00492,조이마당스튜디오,조이마당스튜디오,http://place.map.kakao.com/1470063247,0.0,high
st_03699,조이마당스튜디오,조이마당스튜디오,http://place.map.kakao.com/1470063247,0.0,high
st_04174,조이마당스튜디오,조이마당스튜디오,http://place.map.kakao.com/1470063247,0.0,high
st_05395,조이마당스튜디오,조이마당스튜디오,http://place.map.kakao.com/1470063247,0.0,high
st_06037,조이마당스튜디오,조이마당스튜디오,http://place.map.kakao.com/1470063247,0.0,high
st_06944,조이마당스튜디오,조이마당스튜디오,http://place.map.kakao.com/1470063247,0.0,high
st_08296,조이마당스튜디오,조이마당스튜디오,http://place.map.kakao.com/1470063247,0.0,high
st_11260,조이마당스튜디오,조이마당스튜디오,http://place.map.kakao.com/1470063247,0.0,high
st_14003,조이마당스튜디오,조이마당스튜디오,http://place.map.kakao.com/1470063247,0.0,high
st_15279,조이마당스튜디오,조이마당스튜디오,http://place.map.kakao.com/1470063247,0.0,high
st_16073,조이마당스튜디오,조이마당스튜디오,http://place.map.kakao.com/1470063247,0.0,high
st_16419,조이마당스튜디오,조이마당스튜디오,http://place.map.kakao.com/1470063247,0.0,high
st_16541,조이마당스튜디오,조이마당스튜디오,http://place.map.kakao.com/1470063247,0.0,high
st_16965,조이마당스튜디오,조이마당스튜디오,http://place.map.kakao.com/1470063247,0.0,high
st_17507,조이마당스튜디오,조이마당스튜디오,http://place.map.kakao.com/1470063247,0.0,high
st_17578,조이마당스튜디오,조이마당스튜디오,http://place.map.kakao.com/1470063247,0.0,high
st_18136,조이마당스튜디오,조이마당스튜디오,http://place.map.kakao.com/1470063247,0.0,high
st_18392,조이마당스튜디오,조이마당스튜디오,http://place.map.kakao.com/1470063247,0.0,high
st_00493,우인아크리움빌2오피스텔,우인아크리움빌2오피스텔,http://place.map.kakao.com/8024829,0.0,high
st_00494,명동찌개마을 라페스타점,명동찌개마을 라페스타점,http://place.map.kakao.com/21132935,19.0,high
st_00495,도래울파크뷰,고양 도래울파크뷰아파트 전기차충전소,http://place.map.kakao.com/2100044966,0.0,high
st_00496,스포츠아일랜드 수영장,스포츠아일랜드 수영장,http://place.map.kakao.com/1565910556,0.0,high
st_00497,천주교용인공원묘지,천주교용인공원묘원,http://place.map.kakao.com/10855073,134.0,mid
st_01410,잣절공원 배드민턴장,잣절공원 배드민턴장,http://place.map.kakao.com/912727787,177.0,mid
st_01411,경인자동차 공업사 앞,,,,low
st_01412,미래에코지식산업센터 앞,,,,low
st_01413,루하스사우나,루하스사우나,http://place.map.kakao.com/27387876,41.0,high
st_01414,YTN본사,YTN 본사,http://place.map.kakao.com/9862154,6.0,high
st_08273,YTN본사,YTN 본사,http://place.map.kakao.com/9862154,6.0,high
st_11226,YTN본사,YTN 본사,http://place.map.kakao.com/9862154,6.0,high
st_16937,YTN본사,YTN 본사,http://place.map.kakao.com/9862154,6.0,high
st_19057,YTN본사,YTN 본사,http://place.map.kakao.com/9862154,6.0,high
st_01416,지미 스모크하우스,지미스모크하우스,http://place.map.kakao.com/1921885173,0.0,high
st_01417,느티나무설렁탕,느티나무설렁탕,http://place.map.kakao.com/8853925,2.0,high
st_01418,콤콤오락실 열정도점,,,,low
st_01419,위드피아노 사당점,위드피아노 사당점,http://place.map.kakao.com/26908719,1.0,high
st_01420,하마천경로당,하마천,http://place.map.kakao.com/536428404,0.0,high
st_01421,벌말교,벌말교,http://place.map.kakao.com/14547284,30.0,high
st_01422,명품세탁 넘버원,명품세탁넘버원,http://place.map.kakao.com/560732854,1.0,high
st_01423,카페비투,카페B2,http://place.map.kakao.com/367754572,4.0,high
st_01424,은행나무집 영양탕,은행나무집영양탕,http://place.map.kakao.com/11179540,2.0,high
st_01426,동부빌딩,동부빌딩,http://place.map.kakao.com/27428261,43.0,high
st_01427,두끼 인천삼산점,두끼떡볶이 인천삼산점,http://place.map.kakao.com/1908838870,14.0,high
st_01428,송현방앗간 앞,,,,low
st_01429,신한진빌라,신한진빌라,http://place.map.kakao.com/30911666,0.0,high
st_01430,용현동 집,,,456.0,low
st_01431,수봉남로,수봉하이츠빌라,http://place.map.kakao.com/1654944446,0.0,mid
st_01432,인천미추홀경찰서 학동지구대,,,,low
st_01433,명문숯불갈비,명문숯불갈비,http://place.map.kakao.com/10324553,2.0,high
st_01434,송도랜드마크씨티1호근린공원,랜드마크시티 1호 체육공원,http://place.map.kakao.com/215358829,477.0,mid
st_01435,송도센트럴파크호텔,하나은행365 송도센트럴파크호텔,http://place.map.kakao.com/1392909073,0.0,high
st_01616,송도센트럴파크호텔,하나은행365 송도센트럴파크호텔,http://place.map.kakao.com/1392909073,0.0,high
st_01436,더샵센트럴파크1,우지커피 송도센트럴파크점,http://place.map.kakao.com/1934448805,0.0,high
st_01437,더샵센트럴파크2,더샵센트럴파크2몰,http://place.map.kakao.com/576777812,0.0,high
st_01438,오크우드프리미어 인천 파노라믹65,오크우드프리미어인천 파노라믹65,http://place.map.kakao.com/492426337,20.0,high
st_16072,오크우드프리미어 인천 파노라믹65,오크우드프리미어인천 파노라믹65,http://place.map.kakao.com/492426337,20.0,high
st_01439,송도컨벤시아 사거리,,,,low
st_01440,트리플스트리트,이가네양꼬치 송도트리플스트리트점,http://place.map.kakao.com/1817179235,0.0,high
st_01441,송도국제대로,,,103.0,low
st_01443,의정부성모병원,맛깔참죽 의정부성모병원점,http://place.map.kakao.com/180647346,0.0,high
st_17506,의정부성모병원,맛깔참죽 의정부성모병원점,http://place.map.kakao.com/180647346,0.0,high
st_01444,남포동집,남포동집,http://place.map.kakao.com/15481336,4.0,high
st_01445,헤이리사거리,헤이리사거리,http://place.map.kakao.com/8613110,279.0,mid
st_01446,오눈오네,오눈오네,http://place.map.kakao.com/1548834018,2.0,high
st_16139,오눈오네,오눈오네,http://place.map.kakao.com/1548834018,2.0,high
st_01447,파주행복요양원,,,,low
st_01448,한길육교,한길육교,http://place.map.kakao.com/103886338,438.0,mid
st_01449,초롱유치원,초롱유치원,http://place.map.kakao.com/9513128,0.0,high
st_01450,일산호수공원선인장전시관,,,,low
st_01451,소노캄 고양 웨스트타워,소노캄 고양 웨스트타워 (급) 전기차충전소,http://place.map.kakao.com/1309301612,0.0,high
st_01452,이케아 고양점,이케아레스토랑 고양점,http://place.map.kakao.com/416440726,0.0,high
st_01453,리븐델게스트하우스,리븐델게스트하우스,http://place.map.kakao.com/1756209832,0.0,high
st_03725,리븐델게스트하우스,리븐델게스트하우스,http://place.map.kakao.com/1756209832,0.0,high
st_16551,리븐델게스트하우스,리븐델게스트하우스,http://place.map.kakao.com/1756209832,0.0,high
st_01454,벚꽃마을 세종그라시아 옆,,,,low
st_01455,오정경찰서,부천오정경찰서,http://place.map.kakao.com/12526752,3.0,high
st_01456,안산소방서,안산소방서,http://place.map.kakao.com/11561678,51.0,high
st_01457,더헤븐CC,BMW차징스테이션 더헤븐CC by삼천리모터스 전기차충전소,http://place.map.kakao.com/517064877,0.0,high
st_01458,대왕판교로,CU 판교스페이스점,http://place.map.kakao.com/1548136332,0.0,mid
st_01459,행궁동 비원,비원,http://place.map.kakao.com/1351998336,4.0,high
st_01460,고덕두레 어린이 공원,고덕두레 어린이 공원,http://place.map.kakao.com/400390431,9.0,high
st_01461,금강랜드,군산금강랜드 실내야구장,http://place.map.kakao.com/2135718362,2.0,high
st_01462,익산교도소 세트장,익산 교도소 세트장,http://place.map.kakao.com/11555705,2.0,high
st_01606,사비나미술관,사비나미술관,http://place.map.kakao.com/7913752,5.0,high
st_01607,국회의사당,김기표국회의원사무실,http://place.map.kakao.com/703388445,0.0,high
st_01608,용산국제업무지구,용산국제업무지구,http://place.map.kakao.com/25161646,159.0,mid
st_01609,대원정사 주차장,대원정사 옥상주차장,http://place.map.kakao.com/1580896060,41.0,high
st_04147,대원정사 주차장,대원정사 옥상주차장,http://place.map.kakao.com/1580896060,41.0,high
st_11238,대원정사 주차장,대원정사 옥상주차장,http://place.map.kakao.com/1580896060,41.0,high
st_01610,볼보자동차 동대문전시장,볼보 천하자동차 동대문 전시장,http://place.map.kakao.com/506174125,0.0,high
st_01611,성신여자대학교 운정그린캠퍼스,성신여자대학교 뷰티융합대학원,http://place.map.kakao.com/1935631002,0.0,high
st_05082,성신여자대학교 운정그린캠퍼스,성신여자대학교 뷰티융합대학원,http://place.map.kakao.com/1935631002,0.0,high
st_06019,성신여자대학교 운정그린캠퍼스,성신여자대학교 뷰티융합대학원,http://place.map.kakao.com/1935631002,0.0,high
st_07445,성신여자대학교 운정그린캠퍼스,성신여자대학교 뷰티융합대학원,http://place.map.kakao.com/1935631002,0.0,high
st_10213,성신여자대학교 운정그린캠퍼스,성신여자대학교 뷰티융합대학원,http://place.map.kakao.com/1935631002,0.0,high
st_11242,성신여자대학교 운정그린캠퍼스,성신여자대학교 뷰티융합대학원,http://place.map.kakao.com/1935631002,0.0,high
st_14939,성신여자대학교 운정그린캠퍼스,성신여자대학교 뷰티융합대학원,http://place.map.kakao.com/1935631002,0.0,high
st_16359,성신여자대학교 운정그린캠퍼스,성신여자대학교 뷰티융합대학원,http://place.map.kakao.com/1935631002,0.0,high
st_01612,북서울꿈의숲,북서울꿈의숲 관리사무소,http://place.map.kakao.com/11464405,0.0,high
st_01613,성지펜션,성지펜션,http://place.map.kakao.com/1658537987,0.0,high
st_01614,서인천25시야구센터,서인천25시야구센터,http://place.map.kakao.com/567961153,17.0,high
st_01615,동남아파트 상가동,동남아파트 상가동,http://place.map.kakao.com/26450334,150.0,mid
st_01617,뜨인돌 출판사,뜨인돌출판사,http://place.map.kakao.com/18410519,3.0,high
st_01618,성모의원,성모의원,http://place.map.kakao.com/10484000,3.0,high
st_01619,HJ매그놀리아국제병원,HJ매그놀리아국제병원,http://place.map.kakao.com/10855164,0.0,high
st_02876,HJ매그놀리아국제병원,HJ매그놀리아국제병원,http://place.map.kakao.com/10855164,0.0,high
st_01620,흥덕U타워,U타워카정비소,http://place.map.kakao.com/18721706,13.0,high
st_01621,의림여관,의림여관,http://place.map.kakao.com/1900809754,1.0,high
st_01622,애막골성당,애막골성당,http://place.map.kakao.com/11240454,17.0,high
st_01623,남부상가아파트,남부상가아파트,http://place.map.kakao.com/681281517,1.0,high
st_02512,DDMC,솔솥 상암DDMC점,http://place.map.kakao.com/664566110,0.0,high
st_02513,마포소금구이,마포소금구이,http://place.map.kakao.com/16268792,0.0,high
st_07697,마포소금구이,마포소금구이,http://place.map.kakao.com/16268792,0.0,high
st_02514,대성정밀,,,,low
st_02515,세검정초등학교 정류장(01133),,,,low
st_02516,세검정초등학교 정류장(01144),,,,low
st_02517,평창사 세탁,평창사 세탁,http://place.map.kakao.com/20534949,5.0,high
st_02518,동문열쇠건물,,,,low
st_02519,정릉로8길,레스고케이펍,http://place.map.kakao.com/759872697,0.0,mid
st_02520,강북해병대전우회,,,,low
st_02521,대진고등학교,대진고등학교 농구장,http://place.map.kakao.com/572724457,107.0,mid
st_12050,대진고등학교,대진고등학교 농구장,http://place.map.kakao.com/572724457,107.0,mid
st_16944,대진고등학교,대진고등학교 농구장,http://place.map.kakao.com/572724457,107.0,mid
st_02522,대웅빌딩,대웅빌딩관리사무소,http://place.map.kakao.com/26025233,2.0,high
st_02523,서울과학기술대학교 창학관,서울과학기술대학교 창학관,http://place.map.kakao.com/17566533,251.0,mid
st_02524,아난티 앳 강남,아난티 앳 강남 쁘아쏭,http://place.map.kakao.com/765501007,0.0,high
st_02525,미카도스시 둔촌포레온점,미카도스시 둔촌포레온점,http://place.map.kakao.com/399174161,0.0,high
st_02526,길주로,서울정형외과신경과의원,http://place.map.kakao.com/847794292,0.0,mid
st_02527,백산인력,백산인력,http://place.map.kakao.com/885877029,1.0,high
st_02528,개항로통닭,개항로통닭,http://place.map.kakao.com/901296869,6.0,high
st_08980,개항로통닭,개항로통닭,http://place.map.kakao.com/901296869,6.0,high
st_02529,제물포시장,제물포시장,http://place.map.kakao.com/18524762,23.0,high
st_02530,동남태권도장,동남태권도장,http://place.map.kakao.com/8267903,148.0,mid
st_02531,송도국제대로,,,164.0,low
st_02532,남계로,,,207.0,low
st_02533,남계대교,,,,low
st_02534,양주한국병원,양주한국병원 장례문화원,http://place.map.kakao.com/622095104,0.0,high
st_04168,양주한국병원,양주한국병원 장례문화원,http://place.map.kakao.com/622095104,0.0,high
st_05123,양주한국병원,양주한국병원 장례문화원,http://place.map.kakao.com/622095104,0.0,high
st_05620,양주한국병원,양주한국병원 장례문화원,http://place.map.kakao.com/622095104,0.0,high
st_10296,양주한국병원,양주한국병원 장례문화원,http://place.map.kakao.com/622095104,0.0,high
st_12065,양주한국병원,양주한국병원 장례문화원,http://place.map.kakao.com/622095104,0.0,high
st_16124,양주한국병원,양주한국병원 장례문화원,http://place.map.kakao.com/622095104,0.0,high
st_16539,양주한국병원,양주한국병원 장례문화원,http://place.map.kakao.com/622095104,0.0,high
st_02535,행복로,맘스터치 피자앤치킨 의정부행복로점,http://place.map.kakao.com/555017038,24.0,high
st_02536,아이요안경원,아이요안경원,http://place.map.kakao.com/23709904,11.0,high
st_02537,크리스찬메모리얼파크,크리스찬메모리얼파크,http://place.map.kakao.com/15873170,0.0,high
st_06945,크리스찬메모리얼파크,크리스찬메모리얼파크,http://place.map.kakao.com/15873170,0.0,high
st_12069,크리스찬메모리얼파크,크리스찬메모리얼파크,http://place.map.kakao.com/15873170,0.0,high
st_17508,크리스찬메모리얼파크,크리스찬메모리얼파크,http://place.map.kakao.com/15873170,0.0,high
st_02538,광탄셀프주유소,광탄셀프주유소,http://place.map.kakao.com/10154681,9.0,high
st_02539,새한오토바이,,,,low
st_02540,혜음로,종로떡집,http://place.map.kakao.com/27419045,9.0,mid
st_02541,등원로,,,109.0,low
st_02542,옥계동 정류장(31600),,,,low
st_02543,팔송로(1),,,,low
st_02544,팔송로(2),,,,low
st_02545,문발초등학교앞,,,,low
st_02546,파주출판도시 자유로휴게소,파주출판도시 자유로휴게소,http://place.map.kakao.com/420473965,0.0,high
st_02547,목동동집,,,211.0,low
st_16421,목동동집,,,211.0,low
st_02548,SBS일산제작센터,SBS일산어린이집,http://place.map.kakao.com/494159007,1.0,high
st_02549,얼반웍스스튜디오,얼반웍스 스튜디오,http://place.map.kakao.com/2006994958,1.0,high
st_10862,얼반웍스스튜디오,얼반웍스 스튜디오,http://place.map.kakao.com/2006994958,1.0,high
st_02550,덕은로,CU 고양덕은점,http://place.map.kakao.com/9618433,0.0,mid
st_02551,진주1차아파트,진주1차아파트,http://place.map.kakao.com/11155424,166.0,mid
st_02552,포유포레,포유포레,http://place.map.kakao.com/207390376,0.0,high
st_02553,북한강로,북한강개발,http://place.map.kakao.com/25833317,46.0,high
st_02554,가평 백둔리,글램하바나,http://place.map.kakao.com/1560976688,59.0,mid
st_02555,에덴시아펜션,에덴시아별장펜션,http://place.map.kakao.com/24867413,3.0,high
st_02556,풀바리,풀바리,http://place.map.kakao.com/21491549,68.0,high
st_16095,풀바리,풀바리,http://place.map.kakao.com/21491549,68.0,high
st_02557,북한강변,,,,low
st_02558,북한강로,,,,low
st_02559,수대울길,,,119.0,low
st_02560,북한강로,해적수상스키,http://place.map.kakao.com/15442750,0.0,mid
st_02561,원미로149번길,하이안빌,http://place.map.kakao.com/608851213,0.0,mid
st_02562,원미지구대,원미지구대,http://place.map.kakao.com/21268221,0.0,high
st_02563,원미로155번길,장판월드,http://place.map.kakao.com/25906954,0.0,mid
st_02564,대한특공무술,,,,low
st_02565,심곡본동집,,,254.0,low
st_02566,정왕역2번출구,정왕역 4호선 2번출구,http://place.map.kakao.com/10718622,20.0,high
st_02567,더헤븐 리조트,하나은행365 더헤븐리조트,http://place.map.kakao.com/1110647107,4.0,high
st_02568,민들레어린이집,민들레어린이집,http://place.map.kakao.com/9007803,0.0,high
st_02569,부림공원,부림공원,http://place.map.kakao.com/26348583,2.0,high
st_02570,신세대상가앞,,,,low
st_02571,롯데프리미엄아울렛 의왕점,송지오 롯데프리미엄아울렛 의왕점,http://place.map.kakao.com/1365716885,0.0,high
st_04302,롯데프리미엄아울렛 의왕점,송지오 롯데프리미엄아울렛 의왕점,http://place.map.kakao.com/1365716885,0.0,high
st_02572,세람저축은행 본점,세람저축은행 본점,http://place.map.kakao.com/21310234,0.0,high
st_02573,여주성당,여주성당,http://place.map.kakao.com/10652221,36.0,high
st_02574,신현동집,,,,low
st_02575,명동타운 정류장(32092),,,,low
st_02576,인제스피디움 호텔,BNK경남은행 365코너 인제스피디움호텔,http://place.map.kakao.com/1298340863,1.0,high
st_02577,기린면집,,,,low
st_02578,고성 폐리조트,,,,low
st_02579,설악금강대교로,청호어촌계복지회관,http://place.map.kakao.com/2117097575,71.0,mid
st_02580,가톨릭관동대학교 양양캠퍼스(폐교),가톨릭관동대학교 양양캠퍼스(폐교),http://place.map.kakao.com/21188875,160.0,mid
st_02581,녹원갈비,녹원갈비,http://place.map.kakao.com/8232348,5.0,high
st_02582,선사유적로,,,151.0,low
st_02583,본아미,본아미,http://place.map.kakao.com/1940765791,0.0,high
st_02584,내장산문화광장,내장산문화광장 화장실,http://place.map.kakao.com/958516453,28.0,high
st_02585,내장호반로(1),,,,low
st_02586,내장호반로(2),,,,low
st_02587,캐슬라콘티넨탈,,,,low
st_02588,항만9로,,,220.0,low
st_02589,항만9로(2),,,484.0,low
st_02590,이화석재무역,이화석재무역,http://place.map.kakao.com/9351842,143.0,mid
st_02591,호텔리베라 거제,거제 호텔리베라 전기차충전소,http://place.map.kakao.com/300774429,0.0,high
st_02592,옥화마을,옥화마을 주차장,http://place.map.kakao.com/114590330,39.0,high
st_02593,소낭구펜션,소낭구펜션,http://place.map.kakao.com/14559950,0.0,high
st_02595,소셜베뉴 라움,소셜베뉴라움,http://place.map.kakao.com/1368535437,1.0,high
st_02596,동아디지털미디어센터,크라이치즈버거 상암점,http://place.map.kakao.com/1652929268,0.0,mid
st_08794,동아디지털미디어센터,크라이치즈버거 상암점,http://place.map.kakao.com/1652929268,0.0,mid
st_19695,동아디지털미디어센터,크라이치즈버거 상암점,http://place.map.kakao.com/1652929268,0.0,mid
st_02597,커피베이,,,,low
st_02598,가온문화공원,가온문화공원,http://place.map.kakao.com/26192039,8.0,high
st_08631,가온문화공원,가온문화공원,http://place.map.kakao.com/26192039,8.0,high
st_02599,가온문화공원,가온문화공원,http://place.map.kakao.com/26192039,50.0,high
st_02600,고려빌딩,고려빌딩,http://place.map.kakao.com/731623984,3.0,high
st_02601,미스사이공,미스사이공 상암DMC점,http://place.map.kakao.com/35771388,0.0,high
st_02602,히메시야 서교직영점,히메시야 서교직영점,http://place.map.kakao.com/900292168,0.0,high
st_02603,김가네,김가네 마포구청역점,http://place.map.kakao.com/965828999,13.0,high
st_02604,다루마,,,,low
st_02605,세븐일레븐,세븐일레븐 상암DMC빌점,http://place.map.kakao.com/18114437,91.0,high
st_02606,투썸플레이스,투썸플레이스 상암우리센터점,http://place.map.kakao.com/13064300,35.0,high
st_02607,이랜드크루즈,이랜드크루즈 노들나루,http://place.map.kakao.com/27182649,5.0,high
st_02608,그랜드하얏트 서울,그랜드하얏트서울 주차장1,http://place.map.kakao.com/17582303,23.0,high
st_06012,그랜드하얏트 서울,그랜드하얏트서울 주차장1,http://place.map.kakao.com/17582303,23.0,high
st_02609,국립현대미술관 서울관,국립현대미술관 서울,http://place.map.kakao.com/17952661,13.0,high
st_02610,의외의조합,의외의조합,http://place.map.kakao.com/1514846864,2.0,high
st_11506,의외의조합,의외의조합,http://place.map.kakao.com/1514846864,2.0,high
st_02801,아이티고시원,,,,low
st_02802,자매근린공원,,,,low
st_02803,여의도한강공원,여의도한강공원 오리배탑승장,http://place.map.kakao.com/8592414,202.0,mid
st_02804,동작대교,동작대교전망쉼터,http://place.map.kakao.com/752529399,127.0,mid
st_02805,철도건널목,,,,low
st_02806,중화원,중화원,http://place.map.kakao.com/12506935,1.0,high
st_02807,별장아파트,별장아파트,http://place.map.kakao.com/11358734,2.0,high
st_06911,별장아파트,별장아파트,http://place.map.kakao.com/11358734,2.0,high
st_02808,백범광장버정,,,,low
st_02846,태평양물산 본사,TP 본사,http://place.map.kakao.com/1991322106,47.0,mid
st_02847,양화로횟집,양화로횟집,http://place.map.kakao.com/27336223,25.0,high
st_02848,노란코끼리,노란코끼리 합정점,http://place.map.kakao.com/269591902,0.0,high
st_02849,한솔빌리지,한솔빌리지,http://place.map.kakao.com/380313966,0.0,high
st_02850,아웃닭 이대점,아웃닭 이대점,http://place.map.kakao.com/651885428,2.0,high
st_02851,파크준오피스텔 뒷골목,,,,low
st_02852,늘푸른식당,늘푸른식당 2호점,http://place.map.kakao.com/25101678,15.0,high
st_02853,아현시장,아현시장,http://place.map.kakao.com/18524699,19.0,high
st_02854,갤러리단정,갤러리단정,http://place.map.kakao.com/667592658,2.0,high
st_02855,알로프트 서울명동 루프탑,,,,low
st_02856,배터지는날,,,,low
st_02857,디얼유네일,디얼유,http://place.map.kakao.com/1326186397,0.0,high
st_02858,짜장나라,,,,low
st_02859,엘리에나호텔,엘리에나호텔 일식당 이도,http://place.map.kakao.com/1436746032,0.0,high
st_06027,엘리에나호텔,엘리에나호텔 일식당 이도,http://place.map.kakao.com/1436746032,0.0,high
st_02860,프리데카 라운지,,,,low
st_14946,프리데카 라운지,,,,low
st_02861,하우스오브에이미,하우스오브에이미,http://place.map.kakao.com/2011620716,0.0,high
st_02862,데싱디바,데싱디바,http://place.map.kakao.com/13609863,202.0,mid
st_02863,그랜드 인터컨티넨탈 서울 파르나스,그랜드인터컨티넨탈 서울파르나스,http://place.map.kakao.com/8161840,0.0,high
st_02864,아레카라운지,,,,low
st_02866,bbrick,쁘릭,http://place.map.kakao.com/7236880,0.0,mid
st_02867,참숯황소막창구이,,,,low
st_02868,브니엘카페,브니엘카페,http://place.map.kakao.com/773879437,0.0,high
st_02869,조이마당(촬영장 스튜디오),,,,low
st_05120,조이마당(촬영장 스튜디오),,,,low
st_14952,조이마당(촬영장 스튜디오),,,,low
st_02870,자유로통일리그 성동구장,자유로통일리그 성동구장,http://place.map.kakao.com/25599251,0.0,high
st_02871,너에게 반하다,너에게반하다 운정본점,http://place.map.kakao.com/384071250,0.0,high
st_02872,읍천리382 동패동점,읍천리382 파주운정점,http://place.map.kakao.com/493631355,4.0,high
st_02873,디플랫(폐점),,,,low
st_02874,아쿠아플라넷 일산,죠스익스프레스 일산아쿠아플라넷점,http://place.map.kakao.com/1969232639,0.0,high
st_04179,아쿠아플라넷 일산,죠스익스프레스 일산아쿠아플라넷점,http://place.map.kakao.com/1969232639,0.0,high
st_11264,아쿠아플라넷 일산,죠스익스프레스 일산아쿠아플라넷점,http://place.map.kakao.com/1969232639,0.0,high
st_14006,아쿠아플라넷 일산,죠스익스프레스 일산아쿠아플라넷점,http://place.map.kakao.com/1969232639,0.0,high
st_16422,아쿠아플라넷 일산,죠스익스프레스 일산아쿠아플라넷점,http://place.map.kakao.com/1969232639,0.0,high
st_02875,칠봉산낚시터,칠봉산낚시터,http://place.map.kakao.com/12591973,27.0,high
st_02877,고기동 단독주택,,,,low
st_02878,명주병원,,,,low
st_02879,수원KT위즈파크,BHC치킨 KT위즈파크점,http://place.map.kakao.com/1979937842,84.0,high
st_02880,중흥에스클래스 더테라스리버파크1차,경기화성 중흥S클래스더테라스리버파크1차1 전기차충전소,http://place.map.kakao.com/1251485745,1.0,high
st_02881,오크밸리 피에트분하우스,,,,low
st_06049,오크밸리 피에트분하우스,,,,low
st_18003,오크밸리 피에트분하우스,,,,low
st_02882,미래농원,MRNW,http://place.map.kakao.com/731369896,1.0,mid
st_02883,계성중학교,계성중학교 동산관,http://place.map.kakao.com/1137791889,12.0,high
st_02884,호남농약사,,,,low
st_02885,신흥떡방앗간,신흥떡방앗간,http://place.map.kakao.com/718542595,7.0,high
st_02886,영주종합터미널,영주종합터미널,http://place.map.kakao.com/18166552,4.0,high
st_02887,한성목욕탕,한성목욕탕,http://place.map.kakao.com/1893357426,7.0,high
st_02888,까막고무신,까막고무신,http://place.map.kakao.com/8815339,5.0,high
st_02889,양지공인중개사,,,,low
st_02890,부부온누리약국,,,,low
st_02891,중앙농약종묘사,중앙농약종묘사 풍산대리점,http://place.map.kakao.com/12169279,4.0,high
st_02892,풍산읍 골목,,,,low
st_02893,구남연식품,,,,low
st_02894,신세계양품/은장상회,,,,low
st_02895,울진항수산,,,,low
st_02896,소말뚝 포항본점,소말뚝 포항본점,http://place.map.kakao.com/1028442600,1.0,high
st_02897,포항 북구 두호동,오스테리아57,http://place.map.kakao.com/1004721888,0.0,mid
st_02898,군위휴게소,군위(춘천) 휴게소 전기차충전소,http://place.map.kakao.com/1534955138,47.0,high
st_02899,한밤마을,한밤,http://place.map.kakao.com/25392559,320.0,mid
st_02900,대율1리 정류소,,,,low
st_02901,예주가,예주가,http://place.map.kakao.com/24840052,33.0,high
st_02902,산성치안센터,산성치안센터,http://place.map.kakao.com/8377734,7.0,high
st_02903,구미여자상업고,구미여자상업고등학교,http://place.map.kakao.com/8191486,101.0,mid
st_02904,커뮤니케이션센터,케이메디허브,http://place.map.kakao.com/13597663,32.0,mid
st_02905,소소밀밀,소소밀밀,http://place.map.kakao.com/926632565,0.0,high
st_02906,솔빛인테리어,,,,low
st_02907,대원슈퍼,,,,low
st_02908,만석동집,인천집,http://place.map.kakao.com/126854437,55.0,mid
st_02909,만석어린이공원,만석어린이공원,http://place.map.kakao.com/15152067,45.0,high
st_02910,전주식당,,,,low
st_02911,송현근린공원,송현근린공원유아숲체험원,http://place.map.kakao.com/1559288326,57.0,high
st_02912,송현동집,,,,low
st_02913,대전슈퍼,,,,low
st_02914,새마을금고,희망새마을금고 본점,http://place.map.kakao.com/18957421,206.0,mid
st_02918,한촌설렁탕,,,,low
st_02919,명인빌딩,명인빌딩,http://place.map.kakao.com/23920811,0.0,high
st_02920,너없는이곳너없는하루,,,,low
st_02921,미니스톱,,,,low
st_02922,연안아파트상가,연안아파트 상가동,http://place.map.kakao.com/26446492,247.0,mid
st_02923,무지개약국,,,,low
st_02924,사당,미라클52 사당1호점,http://place.map.kakao.com/291425342,0.0,high
st_02925,진대감,진대감 마포점,http://place.map.kakao.com/27307514,2.0,high
st_02926,신덕맨션,신덕맨션,http://place.map.kakao.com/550142934,36.0,high
st_02927,청기와생고기,청기와생고기,http://place.map.kakao.com/16042503,0.0,high
st_02928,서소문아파트,서소문아파트,http://place.map.kakao.com/11252984,5.0,high
st_15255,서소문아파트,서소문아파트,http://place.map.kakao.com/11252984,5.0,high
st_02929,한국야쿠르트 본사,팔도 본사,http://place.map.kakao.com/8264754,4.0,mid
st_02930,신정네거리역,맛밥김밥 신정네거리역점,http://place.map.kakao.com/581374605,20.0,high
st_02931,서울 영등포구,진김밥 환승통로점,http://place.map.kakao.com/1559851707,56.0,mid
st_02932,갈월동지하차도,갈월지하차도,http://place.map.kakao.com/11047421,48.0,high
st_02933,서울 용산구,모던헤어,http://place.map.kakao.com/1724849228,0.0,mid
st_02934,본죽,본죽&비빔밥cafe 용문동점,http://place.map.kakao.com/1561249393,30.0,high
st_02935,풍전아파트 (Pungjeon Apt),풍전아파트,http://place.map.kakao.com/11506266,31.0,high
st_02936,한강대교,어반플랜트 한강대교점,http://place.map.kakao.com/1561286469,229.0,mid
st_02937,서강껍데기3호점,서강껍데기 3호점,http://place.map.kakao.com/16938609,0.0,high
st_02938,카페에스크,,,,low
st_02939,틴타입스튜디오,틴타입스튜디오,http://place.map.kakao.com/288889739,0.0,high
st_02940,쌍대포소금구이,쌍대포 본점,http://place.map.kakao.com/16766032,12.0,high
st_08466,쌍대포소금구이,쌍대포 본점,http://place.map.kakao.com/16766032,12.0,high
st_10469,쌍대포소금구이,쌍대포 본점,http://place.map.kakao.com/16766032,12.0,high
st_12403,쌍대포소금구이,쌍대포 본점,http://place.map.kakao.com/16766032,12.0,high
st_02941,숙대입구역,미스터힐링 숙대입구역점,http://place.map.kakao.com/799400942,8.0,high
st_02942,시온,시온,http://place.map.kakao.com/2110201445,2.0,high
st_02943,꼬꼬닭,,,,low
st_02944,철도건널목,,,,low
st_02945,청기와양복점,청기와양복점,http://place.map.kakao.com/8089219,3.0,high
st_02946,남영빌딩,남영빌딩,http://place.map.kakao.com/23897666,0.0,high
st_02947,서울 은평구,매머드익스프레스 불광혁신파크점,http://place.map.kakao.com/1764234668,2.0,mid
st_02948,낙산공원,낙산공원 주출입구,http://place.map.kakao.com/18093191,15.0,high
st_02949,외교부 부근,,,,low
st_02950,낙산공원,낙산공원 제2전망광장,http://place.map.kakao.com/17980223,37.0,high
st_02951,미니스톱,,,,low
st_02952,서울 도렴동,김앤장,http://place.map.kakao.com/869458839,0.0,mid
st_02953,센터포인트빌딩,센터포인트광화문,http://place.map.kakao.com/882953422,0.0,high
st_02954,광화문광장,꼬소한부뚜막 광화문광장점,http://place.map.kakao.com/35320321,82.0,high
st_03416,생각공장데시앙플렉스,더클라임 성수점,http://place.map.kakao.com/633255619,0.0,mid
st_06919,생각공장데시앙플렉스,더클라임 성수점,http://place.map.kakao.com/633255619,0.0,mid
st_17569,생각공장데시앙플렉스,더클라임 성수점,http://place.map.kakao.com/633255619,0.0,mid
st_03417,소피텔 앰배서더 서울 라티튜드32,,,,low
st_06032,소피텔 앰배서더 서울 라티튜드32,,,,low
st_03418,쌀통닭 신천점,쌀통닭 신천점,http://place.map.kakao.com/24195658,143.0,mid
st_03419,낙토,낙토,http://place.map.kakao.com/2083253969,0.0,high
st_03420,검단소방서,검단소방서 (급) 전기차충전소,http://place.map.kakao.com/1293963115,64.0,high
st_03421,해빛 고양고갯마루쉼터,,,,low
st_03424,다락고개추어탕,다락고개추어탕,http://place.map.kakao.com/26843885,10.0,high
st_03425,솔트베이드라이빙레인지,솔트베이드라이빙레인지,http://place.map.kakao.com/1575656392,248.0,mid
st_03426,장군제2셀프주유소,장군제2셀프주유소,http://place.map.kakao.com/11572586,32.0,high
st_03427,돌담병원,산정호수 돌담병원,http://place.map.kakao.com/1998715322,11.0,high
st_03428,산정호수 둘레길,산정호수 둘레길화장실,http://place.map.kakao.com/47336025,217.0,mid
st_03429,카페라로사 앞,,,,low
st_03430,의정부지방법원,무인민원발급창구 의정부지방법원,http://place.map.kakao.com/1966302211,0.0,high
st_03431,스테이564,스테이564,http://place.map.kakao.com/617760632,0.0,high
st_03432,양평버스터미널,양평버스터미널,http://place.map.kakao.com/7992174,0.0,high
st_17931,양평버스터미널,양평버스터미널,http://place.map.kakao.com/7992174,0.0,high
st_03433,현대꽃화원,,,,low
st_03434,알펜시아스키점프센터,알펜시아 스키점프센터,http://place.map.kakao.com/17573656,0.0,high
st_03435,인터컨티넨탈 알펜시아 평창리조트,,,,low
st_03627,메이필드호텔,메이필드호텔 파3골프,http://place.map.kakao.com/1748598075,17.0,high
st_03629,바디프로짐 가양점,바디프로짐 가양점,http://place.map.kakao.com/661634298,4.0,high
st_03630,YTN 옥상정원,,,,low
st_03631,CJ ENM 구내식당,,,,low
st_03632,"상암DMC푸르지오시티, S-City",상암DMC푸르지오시티S-City오피스텔,http://place.map.kakao.com/26870767,52.0,high
st_03633,비엔나커피하우스 상암팬엔터점,,,,low
st_09493,비엔나커피하우스 상암팬엔터점,,,,low
st_03634,월드컵북로60길,Equinix SL1 데이터센터,http://place.map.kakao.com/1249030153,0.0,mid
st_03635,야식포차,야식포차,http://place.map.kakao.com/20606827,3.0,high
st_06770,야식포차,야식포차,http://place.map.kakao.com/20606827,3.0,high
st_06896,야식포차,야식포차,http://place.map.kakao.com/20606827,3.0,high
st_03636,마포소금구이,마포소금구이,http://place.map.kakao.com/16268792,10.0,high
st_05602,마포소금구이,마포소금구이,http://place.map.kakao.com/16268792,10.0,high
st_03637,W락볼링장,W락볼링센터,http://place.map.kakao.com/1277862647,21.0,high
st_03638,T12,티12,http://place.map.kakao.com/15396050,0.0,high
st_03639,미래하이빌,,,,low
st_12192,미래하이빌,,,,low
st_03640,상수나루소공원,상수나루소공원,http://place.map.kakao.com/1407488893,0.0,high
st_03641,채그로,카페채그로,http://place.map.kakao.com/510787092,0.0,high
st_07384,채그로,카페채그로,http://place.map.kakao.com/510787092,0.0,high
st_03642,문래동 골목,,,106.0,low
st_03643,일흥정공 앞,,,,low
st_03644,서강대교,서강대교,http://place.map.kakao.com/8369237,145.0,mid
st_04125,서강대교,서강대교,http://place.map.kakao.com/8369237,145.0,mid
st_14151,서강대교,서강대교,http://place.map.kakao.com/8369237,145.0,mid
st_03645,씨티플라자 앞,,,,low
st_03646,콘래드서울,콘래드 서울,http://place.map.kakao.com/18206183,166.0,mid
st_04128,콘래드서울,콘래드 서울,http://place.map.kakao.com/18206183,166.0,mid
st_17956,콘래드서울,콘래드 서울,http://place.map.kakao.com/18206183,166.0,mid
st_03647,IFC몰,준오헤어 여의도IFC몰점,http://place.map.kakao.com/18276613,0.0,high
st_14153,IFC몰,준오헤어 여의도IFC몰점,http://place.map.kakao.com/18276613,0.0,high
st_03648,여의대로 IFC쪽,,,,low
st_03649,마호가니 여의도점,마호가니 여의도점,http://place.map.kakao.com/409589446,0.0,high
st_03650,서울로인 여의도점,서울로인 여의도점,http://place.map.kakao.com/104844448,389.0,mid
st_03651,롯데캐슬아이비아파트 앞,,,,low
st_03652,노량진근린공원,고구동산공원(노량진근린공원),http://place.map.kakao.com/17384583,157.0,mid
st_03653,노들섬,노들섬,http://place.map.kakao.com/8252248,0.0,high
st_08276,노들섬,노들섬,http://place.map.kakao.com/8252248,0.0,high
st_12199,노들섬,노들섬,http://place.map.kakao.com/8252248,0.0,high
st_17461,노들섬,노들섬,http://place.map.kakao.com/8252248,0.0,high
st_17550,노들섬,노들섬,http://place.map.kakao.com/8252248,0.0,high
st_19868,노들섬,노들섬,http://place.map.kakao.com/8252248,0.0,high
st_03654,땡땡거리꼬꼬닭,,,,low
st_03655,모아시스템 앞,,,,low
st_03656,새창로49길 지하도,,,,low
st_03657,아베크부,아베크부,http://place.map.kakao.com/1967413115,3.0,high
st_17555,아베크부,아베크부,http://place.map.kakao.com/1967413115,3.0,high
st_03658,서울로 PH,서울로PH,http://place.map.kakao.com/1109766017,0.0,high
st_03659,만리재로,서울부띠끄,http://place.map.kakao.com/1981716686,0.0,mid
st_03660,르메르디앙 서울명동,르메르디앙목시 빌딩,http://place.map.kakao.com/819055899,0.0,high
st_03661,에스헤어앞,,,,low
st_03662,우리안치킨,우리안치킨,http://place.map.kakao.com/13271110,0.0,high
st_03663,한국의집,한국의집,http://place.map.kakao.com/13050574,0.0,high
st_03664,들국화떡볶이,들국화떡볶이전문점,http://place.map.kakao.com/23493648,4.0,high
st_03665,마호가니 광화문 케이스퀘어시티점,마호가니 광화문 케이스퀘어시티점,http://place.map.kakao.com/372133933,0.0,high
st_03666,을지로입구역2번출구 앞,,,,low
st_03667,청계천 광통교,광통교,http://place.map.kakao.com/838786546,76.0,high
st_03668,심산애,심산애,http://place.map.kakao.com/16003923,2.0,high
st_03669,청운공원,청운공원 다목적운동장,http://place.map.kakao.com/25019237,104.0,mid
st_12035,청운공원,청운공원 다목적운동장,http://place.map.kakao.com/25019237,104.0,mid
st_03670,미쉬매쉬,미쉬매쉬,http://place.map.kakao.com/405211563,0.0,high
st_03671,오공팔샵,오공팔샵,http://place.map.kakao.com/26324362,3.0,high
st_03672,서울시립대학교 자작마루,서울시립대학교 자작마루,http://place.map.kakao.com/17563254,205.0,mid
st_03673,서울시립대학교 대강당앞,,,,low
st_03674,비스타워커힐서울,포르쉐 데스티네이션 비스타워커힐 서울 전기차충전소,http://place.map.kakao.com/1171000689,130.0,mid
st_10846,비스타워커힐서울,포르쉐 데스티네이션 비스타워커힐 서울 전기차충전소,http://place.map.kakao.com/1171000689,130.0,mid
st_03675,파크캐슬9,,,,low
st_03676,서울가정법원,신한 서울가정행정법원 ATM 내부,http://place.map.kakao.com/1712579294,1.0,high
st_03677,빌라 디 메트로시티,,,,low
st_03678,머스트잇,머스트잇,http://place.map.kakao.com/26577764,0.0,high
st_03679,잠원한강공원 제1주차장,,,,low
st_03680,29펍 4호점,이구펍 4호점,http://place.map.kakao.com/138270119,0.0,high
st_09522,29펍 4호점,이구펍 4호점,http://place.map.kakao.com/138270119,0.0,high
st_03681,엘빈에비뉴,엘빈에비뉴 라운지,http://place.map.kakao.com/766555504,1.0,high
st_03682,복싱인사이드짐 역삼직영점,,,,low
st_03683,미엘,미엘 주차장,http://place.map.kakao.com/1017699228,10.0,high
st_03684,청담초등학교앞 버스정류장,,,,low
st_03685,구찌 청담 플래그십,구찌 청담 플래그십,http://place.map.kakao.com/12445267,4.0,high
st_03686,도산공원.호림아트센터앞 정류장,,,,low
st_03687,오르시아,오르시아,http://place.map.kakao.com/12445611,7.0,high
st_03688,청담나인,청담나인,http://place.map.kakao.com/1318164672,0.0,high
st_03689,애브뉴준오,애브뉴준오,http://place.map.kakao.com/14093114,0.0,high
st_03690,삼성리,,,,low
st_03691,마쯔가제,마쯔가제,http://place.map.kakao.com/12101050,6.0,high
st_03692,아셈타워,아이코스공식매장 세븐일레븐 코엑스아셈타워점,http://place.map.kakao.com/2090020218,0.0,high
st_18383,아셈타워,아이코스공식매장 세븐일레븐 코엑스아셈타워점,http://place.map.kakao.com/2090020218,0.0,high
st_03693,강동경희대학교의대병원,강동경희대학교병원,http://place.map.kakao.com/8176404,170.0,mid
st_10215,강동경희대학교의대병원,강동경희대학교병원,http://place.map.kakao.com/8176404,170.0,mid
st_11631,강동경희대학교의대병원,강동경희대학교병원,http://place.map.kakao.com/8176404,170.0,mid
st_16416,강동경희대학교의대병원,강동경희대학교병원,http://place.map.kakao.com/8176404,170.0,mid
st_18120,강동경희대학교의대병원,강동경희대학교병원,http://place.map.kakao.com/8176404,170.0,mid
st_03694,OSK마트 효성점,OSK마트 효성점,http://place.map.kakao.com/1555997996,0.0,high
st_03695,일리카페 롯데백화점인천점,,,,low
st_03696,롯데백화점 인천점 3층,파스퇴르밀크바 인천터미널점,http://place.map.kakao.com/423164587,24.0,mid
st_03697,롯데백화점 인천점 문화센터,롯데문화센터 롯데백화점 인천점,http://place.map.kakao.com/687642171,13.0,high
st_03698,화적연,화적연캠핑장 주차장,http://place.map.kakao.com/1368730006,266.0,mid
st_03700,폐공장,,,,low
st_03701,GS25 출판행복도시점,GS25 출판행복도시점,http://place.map.kakao.com/1636961371,4.0,high
st_03702,미메시스아트뮤지엄,미메시스 아트뮤지엄 주차장,http://place.map.kakao.com/1749325377,0.0,high
st_14005,미메시스아트뮤지엄,미메시스 아트뮤지엄 주차장,http://place.map.kakao.com/1749325377,0.0,high
st_14165,미메시스아트뮤지엄,미메시스 아트뮤지엄 주차장,http://place.map.kakao.com/1749325377,0.0,high
st_17509,미메시스아트뮤지엄,미메시스 아트뮤지엄 주차장,http://place.map.kakao.com/1749325377,0.0,high
st_03703,이채사거리,이채사거리,http://place.map.kakao.com/8041483,76.0,high
st_03704,지혜의숲,지혜의숲학교,http://place.map.kakao.com/290419883,6.0,high
st_07475,지혜의숲,지혜의숲학교,http://place.map.kakao.com/290419883,6.0,high
st_17510,지혜의숲,지혜의숲학교,http://place.map.kakao.com/290419883,6.0,high
st_03705,마을촌,마을촌식당,http://place.map.kakao.com/10336150,0.0,high
st_03706,CJ ENM 스튜디오센터,CJ ENM 스튜디오 센터,http://place.map.kakao.com/1218013716,8.0,high
st_03707,통일로추모공원,통일로추모공원,http://place.map.kakao.com/10903591,2.0,high
st_03708,교하정,,,,low
st_03709,삼성아파트 102동,삼성아파트 102동,http://place.map.kakao.com/26670598,44.0,high
st_03710,한류월드로,원마운트,http://place.map.kakao.com/12937327,0.0,mid
st_03711,원마운트 스노우파크,원마운트,http://place.map.kakao.com/12937327,0.0,high
st_03712,일산호수공원,일산호수공원 제3-2공영부설주차장,http://place.map.kakao.com/1638761946,69.0,high
st_11266,일산호수공원,일산호수공원 제3-2공영부설주차장,http://place.map.kakao.com/1638761946,69.0,high
st_12075,일산호수공원,일산호수공원 제3-2공영부설주차장,http://place.map.kakao.com/1638761946,69.0,high
st_18140,일산호수공원,일산호수공원 제3-2공영부설주차장,http://place.map.kakao.com/1638761946,69.0,high
st_03713,화신프라자 앞,,,,low
st_03714,키딩,키딩,http://place.map.kakao.com/1669938646,0.0,high
st_03715,오르비제빌리지,오르비제빌리지 오푸스하임,http://place.map.kakao.com/750722306,0.0,high
st_03716,일산수목장,일산수목장,http://place.map.kakao.com/596087834,339.0,mid
st_03717,대양물류보관창고,대양물류보관창고,http://place.map.kakao.com/24726846,14.0,high
st_03718,순성당,순성당,http://place.map.kakao.com/11284157,296.0,mid
st_03719,갈현냉면집,갈현냉면집,http://place.map.kakao.com/1304194306,1.0,high
st_03720,디오름,디오름,http://place.map.kakao.com/318461895,7.0,high
st_03721,얼반웍스 스튜디오,얼반웍스 스튜디오,http://place.map.kakao.com/2006994958,1.0,high
st_06293,얼반웍스 스튜디오,얼반웍스 스튜디오,http://place.map.kakao.com/2006994958,1.0,high
st_06956,얼반웍스 스튜디오,얼반웍스 스튜디오,http://place.map.kakao.com/2006994958,1.0,high
st_10298,얼반웍스 스튜디오,얼반웍스 스튜디오,http://place.map.kakao.com/2006994958,1.0,high
st_16424,얼반웍스 스튜디오,얼반웍스 스튜디오,http://place.map.kakao.com/2006994958,1.0,high
st_16969,얼반웍스 스튜디오,얼반웍스 스튜디오,http://place.map.kakao.com/2006994958,1.0,high
st_17522,얼반웍스 스튜디오,얼반웍스 스튜디오,http://place.map.kakao.com/2006994958,1.0,high
st_17582,얼반웍스 스튜디오,얼반웍스 스튜디오,http://place.map.kakao.com/2006994958,1.0,high
st_03722,노스토스,노스토스,http://place.map.kakao.com/655195677,0.0,high
st_03723,조종농협웨딩홀,,,,low
st_03724,가평북중학교,가평북중학교,http://place.map.kakao.com/8129383,20.0,high
st_03726,청평호,,,,low
st_03727,정부과천청사 2주차장옆도로,,,372.0,low
st_03728,성남시의료원,세븐일레븐 성남시의료원점,http://place.map.kakao.com/1038248024,0.0,high
st_04188,성남시의료원,세븐일레븐 성남시의료원점,http://place.map.kakao.com/1038248024,0.0,high
st_13234,성남시의료원,세븐일레븐 성남시의료원점,http://place.map.kakao.com/1038248024,0.0,high
st_03729,수원대학교 학군단앞 연못,,,,low
st_03730,봄파머스가든,봄파머스가든,http://place.map.kakao.com/21300930,60.0,high
st_03731,양평수목원 캠핑장,양평수목원 캠핑장 입구,http://place.map.kakao.com/1314357130,53.0,high
st_03732,마임비전빌리지,마임비전빌리지 흙집,http://place.map.kakao.com/27412492,10.0,high
st_04184,마임비전빌리지,마임비전빌리지 흙집,http://place.map.kakao.com/27412492,10.0,high
st_16104,마임비전빌리지,마임비전빌리지 흙집,http://place.map.kakao.com/27412492,10.0,high
st_16433,마임비전빌리지,마임비전빌리지 흙집,http://place.map.kakao.com/27412492,10.0,high
st_16559,마임비전빌리지,마임비전빌리지 흙집,http://place.map.kakao.com/27412492,10.0,high
st_17585,마임비전빌리지,마임비전빌리지 흙집,http://place.map.kakao.com/27412492,10.0,high
st_17999,마임비전빌리지,마임비전빌리지 흙집,http://place.map.kakao.com/27412492,10.0,high
st_03733,홍천경찰서,홍천경찰서 전기차충전소,http://place.map.kakao.com/668522205,0.0,high
st_03734,블루더카페,블루더카페,http://place.map.kakao.com/1772408861,2.0,high
st_03735,애양원 토플하우스,애양원 토플하우스,http://place.map.kakao.com/239836649,27.0,high
st_03736,계성학교 핸더슨관,계성학교 핸더슨관,http://place.map.kakao.com/12692203,70.0,high
st_03737,대청동 집,대청망양원로의집,http://place.map.kakao.com/1926513768,75.0,high
st_03738,중구종합사회복지관 앞,,,,low
st_03739,중리항방파제등대,중리항방파제등대,http://place.map.kakao.com/56766015,140.0,mid
st_03740,옥천횟집,옥천횟집,http://place.map.kakao.com/16781619,8.0,high
st_03741,다대포해수욕장,,,211.0,low
st_03742,법기수원지,법기수원지 출입구,http://place.map.kakao.com/1673506182,25.0,high
st_03743,에디스키친,에스키스,http://place.map.kakao.com/7453045,12.0,high
st_04123,옹달샘 합정감자탕,옹달샘합정감자탕,http://place.map.kakao.com/27564655,0.0,high
st_04124,양화대교,양화대교,http://place.map.kakao.com/15153600,154.0,mid
st_04126,마포대교아래,,,,low
st_04127,여의도공원,여의도공원 태극기게양대,http://place.map.kakao.com/17556413,5.0,high
st_04129,여의도IFC,준오헤어 여의도IFC몰점,http://place.map.kakao.com/18276613,0.0,high
st_17453,여의도IFC,준오헤어 여의도IFC몰점,http://place.map.kakao.com/18276613,0.0,high
st_04131,더현대서울 정류장,,,,low
st_04132,더현대서울 YPHAUS라운지,,,,low
st_04133,더현대서울,살로몬 더 현대서울점,http://place.map.kakao.com/1998368836,0.0,high
st_04377,더현대서울,살로몬 더 현대서울점,http://place.map.kakao.com/1998368836,0.0,high
st_10152,더현대서울,살로몬 더 현대서울점,http://place.map.kakao.com/1998368836,0.0,high
st_04134,페어몬트 앰배서더 서울 마리포사 앤 M29,,,,low
st_04135,스위치22 여의도점,스위치22 여의도점,http://place.map.kakao.com/1125743198,228.0,mid
st_10211,스위치22 여의도점,스위치22 여의도점,http://place.map.kakao.com/1125743198,228.0,mid
st_17454,스위치22 여의도점,스위치22 여의도점,http://place.map.kakao.com/1125743198,228.0,mid
st_04136,미림분식,미림분식,http://place.map.kakao.com/17340937,1.0,high
st_18080,미림분식,미림분식,http://place.map.kakao.com/17340937,1.0,high
st_04137,더리버 옆,,,,low
st_04138,동작대교 아래,,,,low
st_04139,서울드래곤시티 랑데부,,,,low
st_04140,데이터세이브 용산지점,데이터세이브 용산지점,http://place.map.kakao.com/1569200989,38.0,high
st_04141,용산전자상가 제4공영주차장,용산전자상가 제4공영주차장,http://place.map.kakao.com/18940828,6.0,high
st_04142,회나무식당,회나무식당,http://place.map.kakao.com/1949166296,4.0,high
st_04143,몬드리안서울 이태원,몬드리안서울이태원 프리빌리지 바,http://place.map.kakao.com/1204490733,0.0,high
st_04144,그랜드하얏트서울 테니스장,그랜드하얏트서울 테니스장,http://place.map.kakao.com/18059868,251.0,mid
st_04145,르가드더메인한남,,,,low
st_06011,르가드더메인한남,,,,low
st_17459,르가드더메인한남,,,,low
st_04146,BBM야구장,,,,low
st_04148,소파로,23번지 남산돈까스 본점,http://place.map.kakao.com/27244728,45.0,mid
st_04149,CU뉴명동YWCA점,CU 뉴명동YWCA점,http://place.map.kakao.com/1362976714,25.0,high
st_04150,앰배서더서울풀만 클럽앰배서더라운지,,,,low
st_04151,옥토버훼스트 종로점,,,,low
st_04152,광통교,광통교,http://place.map.kakao.com/838786546,76.0,high
st_04153,아키라백,포시즌스호텔서울 아키라 백,http://place.map.kakao.com/954921784,7.0,high
st_17960,아키라백,포시즌스호텔서울 아키라 백,http://place.map.kakao.com/954921784,7.0,high
st_04154,찰스H,포시즌스호텔 서울 찰스H,http://place.map.kakao.com/27438951,2.0,high
st_04155,우리옛돌박물관,우리옛돌박물관,http://place.map.kakao.com/27259890,4.0,high
st_16514,우리옛돌박물관,우리옛돌박물관,http://place.map.kakao.com/27259890,4.0,high
st_04156,우리옛돌박물관앞,,,,low
st_04157,서울면남초등학교,서울면남초등학교 교무실,http://place.map.kakao.com/27525808,50.0,high
st_04158,아차산 지하차도 옆,,,,low
st_04159,아차산어울림정원,아차산어울림정원 자생식물원,http://place.map.kakao.com/17990979,53.0,high
st_04160,그랜드워커힐 애스톤하우스,그랜드워커힐서울 애스톤하우스,http://place.map.kakao.com/25622223,200.0,mid
st_04161,써브웨이 사당역점,써브웨이 사당역점,http://place.map.kakao.com/1455123944,0.0,high
st_04162,모트32서울,모트 32 서울,http://place.map.kakao.com/1744813047,129.0,mid
st_04163,볼트1932,볼트1932 압구정센터,http://place.map.kakao.com/582176322,8.0,high
st_05087,볼트1932,볼트1932 압구정센터,http://place.map.kakao.com/582176322,8.0,high
st_04164,메가커피 역삼GFC점,메가MGC커피 역삼GFC점,http://place.map.kakao.com/805389038,2.0,high
st_04165,더채플앳논현(CG),,,,low
st_04166,메가MGC커피 석촌호수사거리점,메가MGC커피 석촌호수사거리점,http://place.map.kakao.com/1397949547,0.0,high
st_04167,오크우드 프리미어 인천,오크우드프리미어 인천 오크레스토랑,http://place.map.kakao.com/27481862,15.0,high
st_04169,의정부효자초등학교,의정부효자초등학교,http://place.map.kakao.com/8545593,22.0,high
st_04170,깔끔이슈퍼,깔끔이슈퍼,http://place.map.kakao.com/14083927,30.0,high
st_04171,식현1리,식현1리마을회관,http://place.map.kakao.com/24012599,88.0,high
st_04172,식현1리 마을회관,식현1리마을회관,http://place.map.kakao.com/24012599,0.0,high
st_04173,예담원 장례식장,,,,low
st_04175,블라썸,운정블라썸꽃집,http://place.map.kakao.com/1108741207,0.0,high
st_04176,더스테이지,,,,low
st_04177,써브웨이 파주야당역점,써브웨이 파주야당역점,http://place.map.kakao.com/267758345,15.0,high
st_14956,써브웨이 파주야당역점,써브웨이 파주야당역점,http://place.map.kakao.com/267758345,15.0,high
st_04178,서강빌딩,,,,low
st_04180,소노캄고양 웨스트타워,소노캄 고양 웨스트타워 (급) 전기차충전소,http://place.map.kakao.com/1309301612,0.0,high
st_04181,백합칼국수&보쌈,백합칼국수&보쌈,http://place.map.kakao.com/1551842784,0.0,high
st_04182,강화대교,,,,low
st_04183,하남돼지집 풍산 직영점,하남돼지집 본점,http://place.map.kakao.com/26784268,2.0,high
st_04185,소전미술관,더숲 소전미술관,http://place.map.kakao.com/1100869517,2.0,high
st_04186,동우여자고등학교,동우여자고등학교,http://place.map.kakao.com/7848166,141.0,mid
st_04187,일월수목원,일월수목원 방문자센터,http://place.map.kakao.com/329579542,8.0,high
st_04189,송지호해수욕장,송지호해수욕장 주차장1,http://place.map.kakao.com/1626924127,142.0,mid
st_04190,오호항,오호항,http://place.map.kakao.com/23493946,45.0,high
st_04191,만항재,만항재,http://place.map.kakao.com/25033990,0.0,high
st_04192,오송생명로,IBK기업은행 오송,http://place.map.kakao.com/12746719,0.0,mid
st_04193,오송생명1로(프레스티지바이오로직스앞),,,,low
st_04194,베스티안병원,베스티안병원 (청주) (완속충전기) 전기차충전소,http://place.map.kakao.com/388492554,0.0,high
st_16381,베스티안병원,베스티안병원 (청주) (완속충전기) 전기차충전소,http://place.map.kakao.com/388492554,0.0,high
st_04195,건지마을 풍경포인트,건지마을 풍경포인트,http://place.map.kakao.com/379321806,30.0,high
st_04196,괴산휴게소(양평방향),로띠번 괴산휴게소 양평방향점,http://place.map.kakao.com/1037271528,0.0,high
st_04197,내응새마을회관,내응새마을회관,http://place.map.kakao.com/23988351,0.0,high
st_04198,연풍순교성지,연풍순교성지,http://place.map.kakao.com/8497578,163.0,mid
st_04199,인포 정육점식당,,,,low
st_04200,왕지3길 신안농원쪽,,,,low
st_04201,왕지3길 정부지원농산물간이집하장 쪽,,,,low
st_04202,이화동길33번길쪽,,,,low
st_04203,이화동길33번길쪽(2),,,,low
st_04204,이화동길33번길쪽(3),,,,low
st_04205,왕림리,,,193.0,low
st_04206,장항송림산림욕장,장항 송림 자연휴양림,http://place.map.kakao.com/14586050,342.0,mid
st_04207,서천유스호스텔,서천유스호스텔,http://place.map.kakao.com/24709095,50.0,high
st_04208,성일복지원,성일복지원,http://place.map.kakao.com/11131914,44.0,high
st_04209,익산교도소세트장,익산 교도소 세트장,http://place.map.kakao.com/11555705,2.0,high
st_04210,용연길 다리,,,,low
st_04211,용연길 다리지나서,,,,low
st_04212,용연리(1),,,,low
st_04213,용연리삼거리,,,,low
st_04214,용연리(2),,,,low
st_04215,용연리(2-2),,,,low
st_04216,용연리(3),,,,low
st_04217,용연리(4),,,,low
st_04218,용연리(5),,,,low
st_04219,용연리(6),,,,low
st_04220,용연리(7),,,,low
st_04221,용연리(8),,,,low
st_04222,위만리(1),,,,low
st_04223,위만리(2),,,,low
st_04224,위만리(3),,,,low
st_04225,위만리(4),,,,low
st_04226,위만리(5),,,,low
st_04227,문경활공랜드,문경활공랜드 패러글라이딩,http://place.map.kakao.com/10419742,0.0,high
st_04228,문경맛집순대,문경맛집순대,http://place.map.kakao.com/1276462941,15.0,high
st_04229,문희로,마음의식탁,http://place.map.kakao.com/514710209,0.0,mid
st_04230,유월의가드니아,유월의가드니아,http://place.map.kakao.com/52195995,0.0,high
st_04231,봉득교,봉득교,http://place.map.kakao.com/17319554,30.0,high
st_04232,문경에코월드,문경에코월드 에코타운,http://place.map.kakao.com/1535557985,80.0,high
st_04233,잉카마야박물관캠핑장,잉카마야박물관캠핑장,http://place.map.kakao.com/26864610,35.0,high
st_04234,구랑리철로자전거,문경철로자전거 구랑리역,http://place.map.kakao.com/22026554,4.0,high
st_04235,장군복싱클럽,장군복싱클럽,http://place.map.kakao.com/618554397,0.0,high
st_04236,엘포리캠핑장,엘포리캠핑장,http://place.map.kakao.com/26396182,27.0,high
st_04237,사유원,,,,low
st_04238,더현대대구,LG전자베스트샵 더현대대구점,http://place.map.kakao.com/20653932,0.0,high
st_04279,디와이피엔에프 마곡사옥,디와이피엔에프 마곡사옥,http://place.map.kakao.com/509230372,8.0,high
st_05996,디와이피엔에프 마곡사옥,디와이피엔에프 마곡사옥,http://place.map.kakao.com/509230372,8.0,high
st_06887,디와이피엔에프 마곡사옥,디와이피엔에프 마곡사옥,http://place.map.kakao.com/509230372,8.0,high
st_04280,신정중앙로19길,킹스호두파이,http://place.map.kakao.com/1668658019,0.0,mid
st_04281,서강대교,서강대교,http://place.map.kakao.com/8369237,165.0,mid
st_05604,서강대교,서강대교,http://place.map.kakao.com/8369237,165.0,mid
st_06901,서강대교,서강대교,http://place.map.kakao.com/8369237,165.0,mid
st_11231,서강대교,서강대교,http://place.map.kakao.com/8369237,165.0,mid
st_13197,서강대교,서강대교,http://place.map.kakao.com/8369237,165.0,mid
st_16353,서강대교,서강대교,http://place.map.kakao.com/8369237,165.0,mid
st_16391,서강대교,서강대교,http://place.map.kakao.com/8369237,165.0,mid
st_17544,서강대교,서강대교,http://place.map.kakao.com/8369237,165.0,mid
st_04282,여의대로,한국엠앤에이거래소,http://place.map.kakao.com/488756389,43.0,mid
st_04283,다소유,다소유,http://place.map.kakao.com/1877769274,0.0,high
st_04284,신설동1억해장국267,,,,low
st_04285,도래집,도래집,http://place.map.kakao.com/977484146,0.0,high
st_04286,GS25장위화랑점,GS25 장위화랑점,http://place.map.kakao.com/1043565117,4.0,high
st_04287,뵈르뵈르 성수본점,,,,low
st_04288,덕성여자대학교,덕성여자대학교 예술대학,http://place.map.kakao.com/10302152,20.0,high
st_04289,마방로10길,아미가,http://place.map.kakao.com/14631921,1.0,mid
st_04290,언남11길,인텍스코포레이션,http://place.map.kakao.com/88695485,0.0,mid
st_04291,남부순환로358길,자강빌딩,http://place.map.kakao.com/23906687,25.0,mid
st_04292,이화빌딩,이화빌딩,http://place.map.kakao.com/24004340,0.0,high
st_04293,강남대로34길,열린결말,http://place.map.kakao.com/259502868,0.0,mid
st_04294,메가커피 양재말죽거리점앞,,,,low
st_04295,서초중앙로31길,아이언오토메이션,http://place.map.kakao.com/49063254,0.0,mid
st_04296,쏠살롱,쏠살롱 반포점,http://place.map.kakao.com/142586179,1.0,high
st_04297,신반포로,반포로스,http://place.map.kakao.com/1993793098,0.0,high
st_04298,고속터미널역,참진돈까스&보리밥 고속터미널역,http://place.map.kakao.com/1055697976,0.0,high
st_04299,강남대로,쿨클럽스코리아 피팅센터 논현점,http://place.map.kakao.com/605220029,0.0,mid
st_04300,강남역사거리,광양본가 강남역국기원사거리본점,http://place.map.kakao.com/1519347464,410.0,mid
st_04301,파라디이스시티 새라새,,,,low
st_04303,진궁 운중점,,,,low
st_04304,정림치안센터,정림치안센터,http://place.map.kakao.com/8058733,1.0,high
st_04374,부안영상테마파크,부안영상테마파크,http://place.map.kakao.com/17151014,2.0,high
st_18775,부안영상테마파크,부안영상테마파크,http://place.map.kakao.com/17151014,2.0,high
st_04375,인생네컷 연남점,인생네컷 서울연남점,http://place.map.kakao.com/658614602,0.0,high
st_04376,콘래드서울 37그릴앤바,,,165.0,low
st_04378,이데아빌딩,이데아빌딩,http://place.map.kakao.com/14970443,12.0,high
st_04379,남산타워,BHC치킨 남산서울타워점,http://place.map.kakao.com/1840360037,0.0,high
st_08639,남산타워,BHC치킨 남산서울타워점,http://place.map.kakao.com/1840360037,0.0,high
st_12198,남산타워,BHC치킨 남산서울타워점,http://place.map.kakao.com/1840360037,0.0,high
st_17961,남산타워,BHC치킨 남산서울타워점,http://place.map.kakao.com/1840360037,0.0,high
st_04380,마인드카페 심리상담센터 용산점,마인드카페 심리상담센터 용산점,http://place.map.kakao.com/1783013064,1.0,high
st_04381,서진빌딩2,서진빌딩2,http://place.map.kakao.com/1906405092,0.0,high
st_04382,하나로마트 창동점,두쏠헤어 하나로마트창동점,http://place.map.kakao.com/1649187296,0.0,high
st_04383,금호정든치과의원,금호정든치과의원,http://place.map.kakao.com/1217073336,38.0,high
st_04384,세종대학교,투루카 세종대학교 대양AI센터,http://place.map.kakao.com/895469653,0.0,high
st_04385,갯마을(폐업),,,,low
st_04386,삼원가든,삼원가든 특실,http://place.map.kakao.com/1283302631,9.0,high
st_04387,KB골든라이프 플러스센터,KB골든라이프플러스센터,http://place.map.kakao.com/36115342,0.0,high
st_04388,BLUEMENT,,,,low
st_04389,인천공항,솔메밀 인천공항T2점,http://place.map.kakao.com/1454722489,0.0,high
st_05619,인천공항,솔메밀 인천공항T2점,http://place.map.kakao.com/1454722489,0.0,high
st_06929,인천공항,솔메밀 인천공항T2점,http://place.map.kakao.com/1454722489,0.0,high
st_08295,인천공항,솔메밀 인천공항T2점,http://place.map.kakao.com/1454722489,0.0,high
st_10854,인천공항,솔메밀 인천공항T2점,http://place.map.kakao.com/1454722489,0.0,high
st_13231,인천공항,솔메밀 인천공항T2점,http://place.map.kakao.com/1454722489,0.0,high
st_16369,인천공항,솔메밀 인천공항T2점,http://place.map.kakao.com/1454722489,0.0,high
st_17497,인천공항,솔메밀 인천공항T2점,http://place.map.kakao.com/1454722489,0.0,high
st_04390,인스파이어리조트,스타벅스 인스파이어리조트점,http://place.map.kakao.com/1783575053,0.0,high
st_04391,윤숙이네감자탕,,,,low
st_04392,쉴낙원 파주운정장례식장,쉴낙원 파주운정장례식장,http://place.map.kakao.com/1778023028,0.0,high
st_04393,삼회리집,,,425.0,low
st_04394,오르다온,오르다온 한옥 송백당,http://place.map.kakao.com/1690466242,0.0,high
st_04395,불암사 입구,불암사 입구,http://place.map.kakao.com/1008539534,90.0,high
st_04396,맥스복싱짐,맥스복싱짐,http://place.map.kakao.com/24573833,2.0,high
st_04397,수연목서,수연목서,http://place.map.kakao.com/687011691,0.0,high
st_04399,음촌경로당,음촌경로당,http://place.map.kakao.com/350406656,4.0,high
st_04400,세이지우드CC 홍천,홍천군 세이지우드홍천CC 전기차충전소,http://place.map.kakao.com/1776203051,5.0,high
st_04401,치킨플러스(폐업),,,,low
st_04402,별마로천문대,별마로천문대,http://place.map.kakao.com/15280358,154.0,mid
st_04403,시곡리(1),,,,low
st_04404,시곡리(2),,,,low
st_04405,시곡3리새마을회관,시곡3리새마을회관,http://place.map.kakao.com/9189734,33.0,high
st_04406,의림지파크랜드,의림지파크랜드,http://place.map.kakao.com/10800908,41.0,high
st_04407,의림지 관광안내소쪽,,,,low
st_04408,의림지,의림지,http://place.map.kakao.com/12777479,9.0,high
st_04409,왕오락실 제천점,왕오락실 제천점,http://place.map.kakao.com/1450832851,0.0,high
st_04410,뜰906,,,,low
st_04411,소연미용실,소연미용실,http://place.map.kakao.com/12754715,0.0,high
st_04412,의림대로사거리,,,,low
st_04413,이디야커피 제천의림점,이디야커피 제천의림점,http://place.map.kakao.com/1783908062,0.0,high
st_04414,명륜로13길,제이헤어칼라,http://place.map.kakao.com/1091266122,6.0,mid
st_04415,풍양로13길,올리브영 제천점,http://place.map.kakao.com/26477467,13.0,mid
st_04416,풍양로 횡단보도,,,,low
st_04417,제천역,제천역주차장3,http://place.map.kakao.com/1717576112,58.0,high
st_04418,물태리주차장,,,174.0,low
st_04419,월악산중기,,,,low
st_04420,짱구네슈퍼,짱구네슈퍼,http://place.map.kakao.com/348120643,6.0,high
st_04421,부라다오피스텔,부라다오피스텔,http://place.map.kakao.com/1578283665,0.0,high
st_04422,한내여자중학교,한내여자중학교 교장실,http://place.map.kakao.com/1315296851,0.0,high
st_04423,공주중앙신협 본점,공주중앙신협 본점,http://place.map.kakao.com/8411209,0.0,high
st_04424,공주산성시장입구,축복감자탕 공주산성시장147점,http://place.map.kakao.com/73517762,58.0,high
st_04425,대통교,대통교,http://place.map.kakao.com/15174033,24.0,high
st_04426,고마스토리,고마스토리,http://place.map.kakao.com/2080515307,11.0,high
st_04427,제민천1길,마을호텔,http://place.map.kakao.com/582139798,0.0,mid
st_04428,봉황교앞,,,,low
st_04441,합천영상테마파크,VR파크 합천영상테마파크점,http://place.map.kakao.com/1401370080,0.0,high
st_07510,합천영상테마파크,VR파크 합천영상테마파크점,http://place.map.kakao.com/1401370080,0.0,high
st_18786,합천영상테마파크,VR파크 합천영상테마파크점,http://place.map.kakao.com/1401370080,0.0,high
st_18858,합천영상테마파크,VR파크 합천영상테마파크점,http://place.map.kakao.com/1401370080,0.0,high
st_04939,자도르 본점,,,,low
st_04940,수원지방검찰정 안산지청,,,,low
st_04941,어린이대공원 정문,어린이대공원 서문,http://place.map.kakao.com/1968799237,6.0,high
st_04942,뚝섬유원지역,더풋샵 뚝섬유원지역점,http://place.map.kakao.com/1897755372,22.0,high
st_04943,건대입구역,브레댄코 건대입구역점,http://place.map.kakao.com/1392674982,1.0,high
st_04944,도화치안센터,,,,low
st_04945,가온문화공원앞,,,,low
st_04946,mbc몰프라자앞,,,,low
st_04947,강통족발,강통족발,http://place.map.kakao.com/179297082,18.0,high
st_04948,신촌토끼굴,신촌 토끼굴,http://place.map.kakao.com/1643208823,50.0,high
st_07704,신촌토끼굴,신촌 토끼굴,http://place.map.kakao.com/1643208823,50.0,high
st_04949,서브웨이,써브웨이코리아,http://place.map.kakao.com/1788155598,0.0,high
st_18065,서브웨이,써브웨이코리아,http://place.map.kakao.com/1788155598,0.0,high
st_04950,SBS,SBS 라디오운영팀,http://place.map.kakao.com/26071274,0.0,high
st_19071,SBS,SBS 라디오운영팀,http://place.map.kakao.com/26071274,0.0,high
st_04951,원효대교,원효대교남단교차로,http://place.map.kakao.com/8044726,238.0,mid
st_04952,롯데백화점어린이집,안동어린이집,http://place.map.kakao.com/15784570,64.0,high
st_04953,덕성여고앞,,,,low
st_04954,꽃집(보틀),,,,low
st_04955,포유인포텍,,,,low
st_04956,윤보선생가,,,,low
st_04957,북촌손만두(벽화),,,,low
st_04958,월하보이,월하보이,http://place.map.kakao.com/1278859863,1.0,high
st_05067,개화동집,개화역분식집,http://place.map.kakao.com/782545697,298.0,mid
st_05068,대방건설빌딩앞,,,,low
st_05069,누리꿈스퀘어,밥플러스 누리꿈스퀘어점,http://place.map.kakao.com/1942166722,0.0,high
st_10275,누리꿈스퀘어,밥플러스 누리꿈스퀘어점,http://place.map.kakao.com/1942166722,0.0,high
st_19061,누리꿈스퀘어,밥플러스 누리꿈스퀘어점,http://place.map.kakao.com/1942166722,0.0,high
st_05070,상암DMC푸르지오시티,상암MBC푸르지오공인중개사사무소,http://place.map.kakao.com/347493571,0.0,high
st_05071,미니스톱,,,,low
st_05072,신세계이발,신세계이발,http://place.map.kakao.com/433253765,5.0,high
st_05073,일리카페 시그니처타워점,일리카페 시그니처타워점,http://place.map.kakao.com/1121716508,59.0,high
st_05074,반얀트리 클럽 앤 스파 서울,반얀트리클럽앤스파서울 남산테라스,http://place.map.kakao.com/906038415,9.0,high
st_05075,파고다기원,,,,low
st_05076,정주빌딩,화신페브릭,http://place.map.kakao.com/16991103,1.0,mid
st_05077,진담황태국,,,,low
st_05078,평창동집,,,329.0,low
st_05079,로쏘,카페로쏘,http://place.map.kakao.com/7865105,0.0,high
st_05080,납청놋전,납청놋전,http://place.map.kakao.com/230007805,0.0,high
st_05081,서울시립대 창공관,서울시립대학교 창공관,http://place.map.kakao.com/24725713,234.0,mid
st_05083,준오헤어 노원사거리점,준오헤어 노원사거리점,http://place.map.kakao.com/798706541,4.0,high
st_05084,김밥천국,김밥천국 마장점,http://place.map.kakao.com/12704247,8.0,high
st_05085,태릉설렁탕,태릉설렁탕 본점,http://place.map.kakao.com/16047861,2.0,high
st_05086,세빛섬 맞은편,,,,low
st_05088,파시0914,파시0914,http://place.map.kakao.com/27196653,2.0,high
st_05089,이타닉가든,이타닉 가든,http://place.map.kakao.com/2044587542,15.0,high
st_05090,종합운동장역 물품보관함A,,,,low
st_05091,모던눌랑 라이브,,,,low
st_05092,에이치비지니스파크,2대 대원칼국수,http://place.map.kakao.com/2070523571,0.0,mid
st_05093,광진교,광진교8번가,http://place.map.kakao.com/11970493,150.0,mid
st_05094,교보문고 천호점,교보문고 천호점,http://place.map.kakao.com/763711816,23.0,high
st_05095,멍때림,기독교문화공간멍때림,http://place.map.kakao.com/88146640,0.0,high
st_05096,수정교회,수정교회,http://place.map.kakao.com/9213826,3.0,high
st_05097,서해아파트,서해아파트,http://place.map.kakao.com/11323720,13.0,high
st_05098,공촌4교,공촌4교,http://place.map.kakao.com/27401855,492.0,mid
st_05099,청라호수공원(청라원),,,488.0,low
st_05100,청라호수공원 창조숲근처,,,,low
st_05101,한신더휴캐널파크아파트 1106동,검단신도시한신더휴캐널파크아파트 1106동,http://place.map.kakao.com/1117936318,1.0,high
st_05102,모아미래도엘리트파크 807동,검단신도시모아미래도엘리트파크아파트 807동,http://place.map.kakao.com/1264013715,62.0,high
st_05103,송림동 주택,고려빌라,http://place.map.kakao.com/904686298,74.0,mid
st_05104,현대슈퍼,현대슈퍼마켓,http://place.map.kakao.com/16716542,2.0,high
st_05105,송도32호공원,,,,low
st_05106,효창티앤티,효창티앤티,http://place.map.kakao.com/10807932,17.0,high
st_05107,시흥 거북섬,거북섬,http://place.map.kakao.com/418581952,106.0,mid
st_05108,부천원미경찰서,부천원미경찰서,http://place.map.kakao.com/8405023,22.0,high
st_05109,2398스튜디오,,,,low
st_05110,아이스타일카페,아이스타일,http://place.map.kakao.com/1659294804,0.0,high
st_05111,한마음약국,한마음약국,http://place.map.kakao.com/13526889,2.0,high
st_05112,광장부동산,광장부동산공인중개사사무소,http://place.map.kakao.com/14940830,2.0,high
st_05113,도란도란,도란도란,http://place.map.kakao.com/1530294226,5.0,high
st_05114,송림메디컬프라자,송림메디컬프라자,http://place.map.kakao.com/603483613,2.0,high
st_05115,삼마교회,순복음삼마교회,http://place.map.kakao.com/14587880,2.0,high
st_05116,선경중화요리,선경,http://place.map.kakao.com/88413753,0.0,high
st_05117,세양스파랜드,,,,low
st_05118,장군순대국,장군순대국,http://place.map.kakao.com/10733280,1.0,high
st_05119,보광사,보광사 수구암,http://place.map.kakao.com/2113601148,0.0,high
st_05121,천수천왕굿당,천수천왕굿당,http://place.map.kakao.com/27065419,17.0,high
st_05122,큰길장례문화원,큰길장례문화원,http://place.map.kakao.com/26779949,2.0,high
st_05124,통진휴게소,,,,low
st_05125,금광테크노벨리,가랑국수,http://place.map.kakao.com/877518271,0.0,mid
st_05126,오달통분식,오달통분식,http://place.map.kakao.com/9884595,0.0,high
st_05127,사우프라자,성모정형외과의윈,http://place.map.kakao.com/9972032,0.0,mid
st_05128,하나투어 세주여행사,하나투어 세주여행사 김포,http://place.map.kakao.com/17818270,5.0,high
st_05129,오플라워,오플라워,http://place.map.kakao.com/877359647,0.0,high
st_05130,아라MTB,아라MTB,http://place.map.kakao.com/26561488,0.0,high
st_05131,도촌마을회관,도촌마을회관,http://place.map.kakao.com/26280561,8.0,high
st_05132,일산시장,땅스부대찌개 일산시장점,http://place.map.kakao.com/1349520877,34.0,high
st_05133,조은의류매장,조은의류매장,http://place.map.kakao.com/341875687,17.0,high
st_05134,오정부동산,오정공인중개사사무소,http://place.map.kakao.com/10625511,3.0,mid
st_05135,납작소갈비살,납작생소갈비,http://place.map.kakao.com/2024018362,16.0,high
st_05136,능곡로39번길,아름세탁소,http://place.map.kakao.com/1003398900,11.0,mid
st_05137,아름세탁소,아름세탁소,http://place.map.kakao.com/1003398900,4.0,high
st_05138,능곡고등학교 후문,,,,low
st_05139,워시테리아 원흥점,,,,low
st_05140,위프라임트윈타워,서울덕은치과의원,http://place.map.kakao.com/1601307680,0.0,mid
st_05141,연리지로,화장실,http://place.map.kakao.com/812040204,59.0,mid
st_05142,남양중앙로,새동초등학교,http://place.map.kakao.com/330462322,71.0,mid
st_05143,의정부역 행복로,의정부역 행복로,http://place.map.kakao.com/18560037,23.0,high
st_05144,알마호텔,경기포천 알마호텔 전기차충전소,http://place.map.kakao.com/492246273,0.0,high
st_05145,새암분식,새암분식,http://place.map.kakao.com/21382029,4.0,high
st_05146,오남저수지 다송쪽,,,,low
st_05147,한강 구리사암대교,,,,low
st_05148,경기하남경찰서,하남경찰서 전기차충전소,http://place.map.kakao.com/1791027430,14.0,high
st_05149,쿠피커피,쿠피커피,http://place.map.kakao.com/612730576,1.0,high
st_05150,분당추모공원 휴,분당추모공원휴,http://place.map.kakao.com/11566567,4.0,high
st_10235,분당추모공원 휴,분당추모공원휴,http://place.map.kakao.com/11566567,4.0,high
st_11279,분당추모공원 휴,분당추모공원휴,http://place.map.kakao.com/11566567,4.0,high
st_16555,분당추모공원 휴,분당추모공원휴,http://place.map.kakao.com/11566567,4.0,high
st_16979,분당추모공원 휴,분당추모공원휴,http://place.map.kakao.com/11566567,4.0,high
st_05151,에덴파라다이스호텔,이천시 에덴파라다이스호텔 전기차충전소,http://place.map.kakao.com/1596777698,0.0,high
st_05152,수지위너스 풋볼아카데미,수지위너스풋볼아카데미,http://place.map.kakao.com/196848756,0.0,high
st_05153,고급주택,,,,low
st_05154,화성인더스트리,화성인더스트리,http://place.map.kakao.com/19716960,95.0,high
st_05155,명지령계곡펜션,명지령계곡펜션,http://place.map.kakao.com/17933041,1.0,high
st_05156,엘리시안강촌리조트,춘천시 엘리시안강촌리조트 전기차충전소,http://place.map.kakao.com/112255163,0.0,high
st_05157,홍천블루마운틴cc,SC제일은행 365코너 블루마운틴CC,http://place.map.kakao.com/2097551864,16.0,high
st_05158,소돌항 등대,소돌항등대,http://place.map.kakao.com/2095997127,56.0,high
st_05159,here365 팬션,강릉here365,http://place.map.kakao.com/752421123,5.0,high
st_05160,연곡솔향기캠핑장,연곡해변 솔향기 캠핑장,http://place.map.kakao.com/24925337,153.0,mid
st_05161,원일씽크공장,,,,low
st_05162,청주중앙공원,청주중앙공원,http://place.map.kakao.com/8105161,37.0,high
st_05163,중원타워,대장공인중개사사무소,http://place.map.kakao.com/1431278070,0.0,mid
st_05164,청주교대,청주교육대학교 교육대학원,http://place.map.kakao.com/10835024,4.0,high
st_05165,용화사,용화사 열린화장실,http://place.map.kakao.com/1172595864,39.0,high
st_05166,Studio with,,,,low
st_05167,영산장례식장,,,,low
st_05168,토속정,,,,low
st_05169,논산여자상업고등학교,논산여자상업고등학교 전기차충전소,http://place.map.kakao.com/1474291962,0.0,high
st_05170,솔빛초등학교,솔빛초등학교 병설유치원,http://place.map.kakao.com/1843190901,15.0,high
st_05172,새나루마을12단지 1202동쪽,,,,low
st_05173,인베이지,인베이지,http://place.map.kakao.com/573270012,41.0,high
st_05174,장흥교도소,,,,low
st_15305,장흥교도소,,,,low
st_05176,파리바게트,,,,low
st_05177,여의도한강공원,여의도한강공원 오리배탑승장,http://place.map.kakao.com/8592414,20.0,high
st_05178,북촌진곰탕,,,,low
st_05179,세종문화회관,아티제 세종문화회관점,http://place.map.kakao.com/365854471,0.0,high
st_05180,광화문광장,광화문마켓,http://place.map.kakao.com/416939769,8.0,high
st_08282,광화문광장,광화문마켓,http://place.map.kakao.com/416939769,8.0,high
st_05181,한국은행화폐박물관,한국은행 화폐박물관,http://place.map.kakao.com/8691199,84.0,high
st_05198,인천아트플랫폼,아트플랫폼사거리,http://place.map.kakao.com/1330706734,74.0,high
st_08978,인천아트플랫폼,아트플랫폼사거리,http://place.map.kakao.com/1330706734,74.0,high
st_05199,카페 화요일,,,,low
st_05200,순보석,순보석,http://place.map.kakao.com/11130399,2.0,high
st_05201,제물포구락부,제물포구락부,http://place.map.kakao.com/12651728,14.0,high
st_05202,인천 자유공원,자유공원 관리사무실,http://place.map.kakao.com/11346373,15.0,high
st_05203,인천 중구 전동,로얄하이츠맨션,http://place.map.kakao.com/1690879974,35.0,mid
st_05204,송현근린공원,송현근린공원 출입구1,http://place.map.kakao.com/18082751,25.0,high
st_05206,한미서점,한미서점,http://place.map.kakao.com/10932171,8.0,high
st_05207,배다리 헌책방 거리,인천배다리헌책방거리,http://place.map.kakao.com/8052711,14.0,high
st_05208,서흥초등학교 버스정류장,,,,low
st_05212,인천의료원,인천광역시의료원 응급실,http://place.map.kakao.com/8052479,0.0,high
st_05213,인천의료원 앞 횡단보도,,,,low
st_05214,투모로우시티 앞,,,,low
st_05215,인천대입구역,프린트카페 인천대입구역점,http://place.map.kakao.com/139750738,0.0,high
st_05216,스마트밸리 지식산업센터,인천야마하 예스피아노,http://place.map.kakao.com/786760520,0.0,mid
st_05217,미추홀타워,인천광역시영상위원회,http://place.map.kakao.com/19496601,0.0,mid
st_05218,테크노어린이공원,,,,low
st_05219,아이즈빌아울렛 앞 청수사거리,청수사거리,http://place.map.kakao.com/8589439,50.0,high
st_05221,미광세탁소,미광퍼크로크리닝,http://place.map.kakao.com/10408058,2.0,mid
st_05222,BBQ,BBQ 대청점,http://place.map.kakao.com/18904237,0.0,high
st_05224,간데메공원,간데메공원 관리소,http://place.map.kakao.com/17562717,4.0,high
st_05225,환일고등학교,환일고등학교 행정실,http://place.map.kakao.com/10976297,93.0,high
st_05226,신촌설렁탕앞,,,,low
st_05227,토끼굴,신촌 토끼굴,http://place.map.kakao.com/1643208823,43.0,high
st_05228,베스킨라빈스,배스킨라빈스 SPC스퀘어점,http://place.map.kakao.com/628387749,186.0,mid
st_05229,옹근달,옹근달,http://place.map.kakao.com/547570065,2.0,high
st_05230,용답역다리,용답나들목교,http://place.map.kakao.com/2024675655,43.0,mid
st_05231,홍익대부속중고등학교입구,,,,low
st_05232,서브웨이,써브웨이 여의도KBS본관점,http://place.map.kakao.com/1202599602,13.0,mid
st_05233,국회의사당옆길,,,227.0,low
st_05234,재래식소금구이홍돈,재래식소금구이홍돈,http://place.map.kakao.com/15942702,3.0,high
st_05235,퍼스트루머,,,,low
st_05236,개뿔,개뿔,http://place.map.kakao.com/890843625,2.0,high
st_07444,개뿔,개뿔,http://place.map.kakao.com/890843625,2.0,high
st_05237,메밀향그집,메밀향그집,http://place.map.kakao.com/15716957,0.0,high
st_05238,메밀향그집맞은편,,,,low
st_05239,커피방앗간앞,,,,low
st_05391,커피방앗간앞,,,,low
st_05240,광화문,광화문,http://place.map.kakao.com/8234642,6.0,high
st_16398,광화문,광화문,http://place.map.kakao.com/8234642,6.0,high
st_05241,운현궁양관,운현궁 양관,http://place.map.kakao.com/182424572,69.0,high
st_05242,감고당길,서울명예도로 감고당길,http://place.map.kakao.com/90988882,106.0,mid
st_11505,감고당길,서울명예도로 감고당길,http://place.map.kakao.com/90988882,106.0,mid
st_05243,덕성여고앞,,,,low
st_05244,북촌사진관앞,,,,low
st_05245,스튜디오호세앞,,,,low
st_05246,푸드떼옆,,,,low
st_05247,자작나무이야기,자작나무이야기,http://place.map.kakao.com/19231509,0.0,high
st_05248,이니스프리앞,,,,low
st_05249,피케이엠북스앞,,,,low
st_05250,솔트24앞,,,,low
st_05251,인사동,인사한마당,http://place.map.kakao.com/112555531,47.0,high
st_05252,서울중앙고,중앙고등학교,http://place.map.kakao.com/12447901,98.0,high
st_05253,달커피앞,,,,low
st_05254,산마루놀이터주차장,,,,low
st_05255,창신동골목,창신동족발골목,http://place.map.kakao.com/22301151,406.0,mid
st_05256,창신동집,창신집,http://place.map.kakao.com/2124718926,289.0,mid
st_05257,BBQ,BBQ 종로종각점,http://place.map.kakao.com/665533362,83.0,high
st_05258,갤러리원,갤러리원,http://place.map.kakao.com/698101800,0.0,high
st_05259,한국은행앞,한국은행앞교차로,http://place.map.kakao.com/15139788,147.0,mid
st_05260,덕수궁돌담길,덕수궁돌담길,http://place.map.kakao.com/23209304,348.0,mid
st_05339,경복궁,경복궁 광화문 월대,http://place.map.kakao.com/1584902744,17.0,high
st_11991,경복궁,경복궁 광화문 월대,http://place.map.kakao.com/1584902744,17.0,high
st_05340,용인대장금테마파크,용인대장금테마파크,http://place.map.kakao.com/11344902,198.0,mid
st_18368,용인대장금테마파크,용인대장금테마파크,http://place.map.kakao.com/11344902,198.0,mid
st_05341,부소담악,부소담악,http://place.map.kakao.com/1677448602,273.0,mid
st_05342,개심사,개심사 범종각,http://place.map.kakao.com/17571795,2.0,high
st_05343,광한루원,광한루원 춘향사당,http://place.map.kakao.com/17807771,0.0,high
st_11286,광한루원,광한루원 춘향사당,http://place.map.kakao.com/17807771,0.0,high
st_05344,도솔암,도솔암,http://place.map.kakao.com/25046792,1.0,high
st_05345,문경새재 조곡관,문경새재 제2관문 조곡관,http://place.map.kakao.com/8064324,75.0,high
st_05346,옥산서원,옥산서원,http://place.map.kakao.com/25044699,8.0,high
st_05347,남사예담촌,남사예담촌,http://place.map.kakao.com/10182948,1.0,high
st_14989,남사예담촌,남사예담촌,http://place.map.kakao.com/10182948,1.0,high
st_05348,완재정,완재정,http://place.map.kakao.com/171561391,46.0,high
st_05363,연세대학교 신촌캠퍼스,연세대학교 신촌캠퍼스 국제학사,http://place.map.kakao.com/17527631,13.0,high
st_05364,투비앤 아나운서아카데미,투비앤 아나운서아카데미학원,http://place.map.kakao.com/10036232,0.0,high
st_05365,타로café썸(폐업),,,,low
st_05366,연남동주막(이전),,,,low
st_05367,PIT COFFEE(폐업),,,,low
st_05368,월드컵북로,유니버셜대부,http://place.map.kakao.com/1430831505,0.0,mid
st_05369,버바나(폐업),,,,low
st_05370,마가렛연남,마가렛 연남,http://place.map.kakao.com/1444848888,0.0,high
st_05371,대환영,대환영,http://place.map.kakao.com/27495095,1.0,high
st_05372,플러피도넛(폐업),,,,low
st_05373,성미산로,카페레이어드 연남점,http://place.map.kakao.com/502958473,14.0,mid
st_05374,교동마을짬뽕순두부(폐업),,,,low
st_05375,카페요호(폐업),,,,low
st_05376,한진빌딩,한진빌딩,http://place.map.kakao.com/24833702,0.0,high
st_05377,벌툰 인더스트리얼 홍대본점,벌툰 인더스트리얼 홍대본점,http://place.map.kakao.com/354755930,0.0,high
st_05378,카페 한,카페한,http://place.map.kakao.com/236610843,0.0,high
st_05379,독막로,빈티지샵 페이지원,http://place.map.kakao.com/1345523111,0.0,mid
st_05380,바비레드 홍대점(폐업),,,,low
st_05381,홍대레드로드,레드로드 R5,http://place.map.kakao.com/590370267,49.0,high
st_05382,상수역4번출구앞,,,,low
st_05383,얼반스퀘어,,,,low
st_05384,사심가득(폐업),,,,low
st_05385,여의도광장,여의도광장&드레프트K,http://place.map.kakao.com/1990269508,0.0,high
st_18079,여의도광장,여의도광장&드레프트K,http://place.map.kakao.com/1990269508,0.0,high
st_05386,두텁바위로40길,인적,http://place.map.kakao.com/857784099,0.0,mid
st_05387,삼청동주민센터 정류장,,,,low
st_05388,북촌사진관,북촌사진관,http://place.map.kakao.com/1331177557,2.0,high
st_05389,감고당길,감고당길,http://place.map.kakao.com/24406421,5.0,high
st_12018,감고당길,감고당길,http://place.map.kakao.com/24406421,5.0,high
st_05390,가배도 삼청(폐업),,,,low
st_05392,북촌로4길,피브레노 안국 플래그십 스토어,http://place.map.kakao.com/27295967,0.0,mid
st_05393,이자카야 곤조(폐업),,,,low
st_05394,카페 플로체(폐업),,,,low
st_05396,호야분식(폐업),,,,low
st_05397,일산로441번길,테라,http://place.map.kakao.com/21391772,0.0,mid
st_05398,철산주공8단지(재개발),,,,low
st_05399,모세로,,,176.0,low
st_05400,오름,,,,low
st_05401,경기대학교 수원캠퍼스,투루카 경기대 수원캠퍼스(주차장B),http://place.map.kakao.com/1057878117,0.0,high
st_05402,우아한빛(폐업),,,,low
st_05403,상명대학교 천안캠퍼스,상명대학교 천안캠퍼스 주차장4,http://place.map.kakao.com/17564389,0.0,high
st_05404,호서대학교 아산캠퍼스,투루카 호서대학교 아산캠퍼스,http://place.map.kakao.com/833062587,0.0,high
st_07486,호서대학교 아산캠퍼스,투루카 호서대학교 아산캠퍼스,http://place.map.kakao.com/833062587,0.0,high
st_05405,명륜4길,렌즈미글라스미 전북대점,http://place.map.kakao.com/1934027234,0.0,mid
st_05406,전북대학교 전주캠퍼스,전북대학교 전주캠퍼스 주차장,http://place.map.kakao.com/1715471273,66.0,high
st_05407,아로미마실,아로미마실,http://place.map.kakao.com/1629783340,382.0,mid
st_05408,만개부엌(폐업),,,,low
st_05409,카페 울라봉,카페울라봉,http://place.map.kakao.com/25037933,1.0,high
st_05410,동피랑전망대/동포루,,,,low
st_05411,동피랑벽화마을,동피랑벽화마을,http://place.map.kakao.com/10290301,36.0,high
st_05412,빠담빠담 점빵,,,,low
st_05413,미수동방파제,,,,low
st_05414,바닷가 이솝아저씨네집,바닷가 이솝아저씨네집,http://place.map.kakao.com/25766972,5.0,high
st_05415,바다여행펜션앞,,,,low
st_05595,개화동집,개화역분식집,http://place.map.kakao.com/782545697,430.0,mid
st_05596,애플돈까스,애플돈까스,http://place.map.kakao.com/24734886,0.0,high
st_05597,연희홍연아파트 정류장(13207),,,,low
st_05598,홍제천로,홍연아파트 1동,http://place.map.kakao.com/26706682,3.0,mid
st_05599,블룸팔레트,블룸팔레트,http://place.map.kakao.com/1032491758,72.0,high
st_05600,세븐일레븐 연남숲길점,세븐일레븐 연남숲길점,http://place.map.kakao.com/148318069,2.0,high
st_05601,책방 곱셈,책방곱셈,http://place.map.kakao.com/138332755,1.0,high
st_05603,경의선숲길,피크니크 홍대 경의선숲길점,http://place.map.kakao.com/1637508578,86.0,high
st_05605,장터순대국,장터순대국삼계탕,http://place.map.kakao.com/16563184,3.0,high
st_05606,타올종합상사,타올종합상사,http://place.map.kakao.com/1820432285,0.0,high
st_05607,본동집,,,125.0,low
st_05608,올림픽대로,,,,low
st_05609,야구연습장,야구연습장,http://place.map.kakao.com/1130708486,21.0,high
st_05610,녹트,녹트,http://place.map.kakao.com/1224876346,100.0,mid
st_07397,녹트,녹트,http://place.map.kakao.com/1224876346,100.0,mid
st_05611,묘우블랙,묘우블랙,http://place.map.kakao.com/1033954474,3.0,high
st_05612,블루앤피플여행사,블루앤피플여행사,http://place.map.kakao.com/1083447430,1.0,high
st_05613,골드리아 종로본점,골드리아 종로본점,http://place.map.kakao.com/474218936,0.0,high
st_05614,재능교육 JCC크리에이티브센터,재능교육 JCC크리에이티브센터,http://place.map.kakao.com/27428653,20.0,high
st_05615,서울여자대학교,GS25 서울여대점,http://place.map.kakao.com/1490929236,94.0,high
st_07457,서울여자대학교,GS25 서울여대점,http://place.map.kakao.com/1490929236,94.0,high
st_11992,서울여자대학교,GS25 서울여대점,http://place.map.kakao.com/1490929236,94.0,high
st_05616,반포한강공원,반포한강공원 2주차장,http://place.map.kakao.com/543976101,88.0,high
st_11246,반포한강공원,반포한강공원 2주차장,http://place.map.kakao.com/543976101,88.0,high
st_17484,반포한강공원,반포한강공원 2주차장,http://place.map.kakao.com/543976101,88.0,high
st_05617,잠원한강공원,잠원한강공원,http://place.map.kakao.com/17384905,16.0,high
st_05618,잠실중학교 정류장(24131),,,,low
st_05621,예래원,예래원,http://place.map.kakao.com/25614120,203.0,mid
st_05622,맘마농가식자재마트,,,,low
st_05623,무궁화로,다솜하우스 정발산역점,http://place.map.kakao.com/68294024,0.0,mid
st_05624,소사본3동성당,소사본3동성당,http://place.map.kakao.com/11123428,16.0,high
st_05625,GS25 뉴상동디아뜨점,GS25 뉴상동디아뜨점,http://place.map.kakao.com/819594734,28.0,high
st_05626,금오름,금오름,http://place.map.kakao.com/25189061,126.0,mid
st_05627,서귀포KAL호텔,서귀포KAL호텔 전기차충전소,http://place.map.kakao.com/329698210,0.0,high
st_05628,허니문하우스,허니문하우스 2 전기차충전소,http://place.map.kakao.com/912459532,0.0,high
st_05906,백석초등학교 옆길,,,488.0,low
st_05907,우리풍천장어숯불꼼장어,,,,low
st_05908,신송센터빌딩,렐란디 신송센터빌딩점,http://place.map.kakao.com/2147213712,0.0,high
st_05909,태양사,태양카메라전문점,http://place.map.kakao.com/10811379,6.0,mid
st_05910,도적,도적 홍대본점,http://place.map.kakao.com/8256083,1.0,high
st_05911,썰스데이파티 이태원점,,,,low
st_05912,던킨 북창점 앞,,,,low
st_05913,우성빌딩,우성빌딩,http://place.map.kakao.com/8031001,1.0,high
st_05914,호텔토마스 명동,호텔토마스 명동,http://place.map.kakao.com/1549352295,0.0,high
st_05915,을지다방,을지다방,http://place.map.kakao.com/349314259,10.0,high
st_05916,으뜸부동산 앞,,,,low
st_05917,대도빌라,대도빌라,http://place.map.kakao.com/13274266,1.0,high
st_05918,춘천골닭갈비,,,,low
st_05919,J모텔,제이모텔,http://place.map.kakao.com/23490215,39.0,high
st_05920,덕수콜택시,서울중랑 덕수콜택시1 전기차충전소,http://place.map.kakao.com/216010215,0.0,high
st_05921,레몬비 노원점,,,,low
st_05922,아울렛마트 귤현점,,,,low
st_05923,신세계약국 앞,,,,low
st_05924,길고시텔,길고시텔,http://place.map.kakao.com/26053581,2.0,high
st_05926,탐앤탐스 인천주안점,,,,low
st_05927,용현학익 2-2블록 도시개발구역,,,,low
st_05928,장미아파트,장미아파트 전기차충전소,http://place.map.kakao.com/87071131,0.0,high
st_05929,간석3치안센터,간석3치안센터,http://place.map.kakao.com/8726691,2.0,high
st_05930,루이스클럽,루이스클럽,http://place.map.kakao.com/722148629,3.0,high
st_05931,클럽거리,,,,low
st_05932,가와지공원,가와지공원,http://place.map.kakao.com/8135570,12.0,high
st_05933,TGI 롯데백화점 일산점,,,,low
st_05934,대장2교 굴다리,,,,low
st_05935,장암저수지,장암저수지,http://place.map.kakao.com/8060236,61.0,high
st_05936,에덴요양병원,에덴요양병원,http://place.map.kakao.com/10577823,0.0,high
st_05937,그린미아2차,,,,low
st_05938,금정역 7번출구쪽,,,,low
st_05939,또와유 금정점,또와유명태간장조림,http://place.map.kakao.com/1593189690,0.0,mid
st_05940,도운모텔,도운모텔,http://place.map.kakao.com/25451483,0.0,high
st_05941,수원중소유통 공동도매물류센터,수원중소유통공동도매 제2물류센터,http://place.map.kakao.com/2113955822,80.0,high
st_05942,마트킹 구성점,마트킹 구성점,http://place.map.kakao.com/1642623005,12.0,high
st_05943,모가네가마솥돼지국밥,모가네돼지국밥,http://place.map.kakao.com/99428534,0.0,high
st_05944,준코 평택역점,준코뮤직타운 평택역점,http://place.map.kakao.com/18785491,2.0,high
st_05945,오타쿠 헤어,오타쿠헤어,http://place.map.kakao.com/10617973,0.0,high
st_05946,천안서북경찰서,천안서북경찰서 주차장,http://place.map.kakao.com/1438911548,40.0,high
st_06972,천안서북경찰서,천안서북경찰서 주차장,http://place.map.kakao.com/1438911548,40.0,high
st_05947,스타나이트클럽 사거리,,,,low
st_05948,37.5룸,37.5도,http://place.map.kakao.com/347150736,0.0,high
st_05949,대봉치안센터,,,,low
st_05950,목포 중앙성결교회,목포중앙성결교회,http://place.map.kakao.com/13654079,2.0,high
st_05951,목포 유동로 주택,,,304.0,low
st_05952,달맞이공원 놀이터,달맞이공원 놀이터,http://place.map.kakao.com/27597882,10.0,high
st_05953,폐교회,,,,low
st_05954,짱떡볶이,짱떡볶이,http://place.map.kakao.com/13561723,1.0,high
st_05955,해운대중학교,해운대중학교 행정실,http://place.map.kakao.com/8669791,46.0,high
st_05997,목동 SBS 옥상정원,,,,low
st_05998,월드컵북로58길,소호커피&베이커리,http://place.map.kakao.com/344674847,0.0,mid
st_06000,난지한강공원,난지한강공원 잔디마당,http://place.map.kakao.com/17557979,4.0,high
st_17951,난지한강공원,난지한강공원 잔디마당,http://place.map.kakao.com/17557979,4.0,high
st_06001,낙원주택,낙원주택,http://place.map.kakao.com/969377154,0.0,high
st_06002,더바지라운지 앤 웨이크,,,,low
st_06003,KDB산업은행,한국산업은행 본점,http://place.map.kakao.com/1204096664,0.0,high
st_06004,세경금속,세경금속,http://place.map.kakao.com/11127686,4.0,high
st_06005,전문건설회관,대한전문건설신문,http://place.map.kakao.com/1165557744,0.0,high
st_06006,노들섬,노들섬 다목적홀 숲,http://place.map.kakao.com/2014179335,102.0,mid
st_06007,이촌한강공원 4주차장,이촌한강공원 4주차장,http://place.map.kakao.com/24941459,117.0,mid
st_06008,서강껍데기 이촌점,,,,low
st_06009,숙대입구역2번출구,숙대입구역 4호선 2번출구,http://place.map.kakao.com/22905435,11.0,high
st_06010,동작대교,동작대교 공영주차장,http://place.map.kakao.com/25632301,267.0,mid
st_06013,비타카페 남산스퀘어,,,,low
st_06014,성진CNC벤딩,성진CNC벤딩,http://place.map.kakao.com/26478594,0.0,high
st_06015,대화기공,,,,low
st_06016,한성전업사,한성전업사,http://place.map.kakao.com/15841689,175.0,mid
st_06017,대림상가3층,헤일리스커피 을지로점,http://place.map.kakao.com/566367427,0.0,mid
st_06018,창경궁로34길,비단골무,http://place.map.kakao.com/786505259,12.0,mid
st_06020,서울의료원,서울의료원 산부인과,http://place.map.kakao.com/2072087611,0.0,high
st_07449,서울의료원,서울의료원 산부인과,http://place.map.kakao.com/2072087611,0.0,high
st_06021,서울숲 거울연못,서울숲 거울연못,http://place.map.kakao.com/18059744,200.0,mid
st_06022,니온밸리코리아,니온밸리코리아,http://place.map.kakao.com/1559272062,0.0,high
st_06023,뚝섬한강공원,뚝섬한강공원 장미원,http://place.map.kakao.com/17557117,20.0,high
st_06024,유니버설아트센터,유니버설아트센터 주차장,http://place.map.kakao.com/361830294,29.0,high
st_06025,청계산입구역,청계산입구역 신분당선,http://place.map.kakao.com/27455606,8.0,high
st_06026,엘빈에비뉴라운지,엘빈에비뉴 라운지,http://place.map.kakao.com/766555504,1.0,high
st_06028,논현로,B&JGOLF,http://place.map.kakao.com/9583660,0.0,mid
st_06029,도산대로,트리스타,http://place.map.kakao.com/435904209,10.0,mid
st_06030,모던바 호,모던바호,http://place.map.kakao.com/1303125703,0.0,high
st_06031,한양화로 삼성동본점,,,,low
st_06033,소피텔 앰배서더 서울 레지던스,소피텔 앰배서더 서울 호텔 & 서비스드 레지던스,http://place.map.kakao.com/1774858959,10.0,high
st_06034,강남교회,강남교회,http://place.map.kakao.com/23916795,6.0,high
st_06035,경원재앰배세더 인천 앞,,,,low
st_06036,G타워,샐럽스프 송도G타워점,http://place.map.kakao.com/1319212262,0.0,high
st_06038,광탄성당,광탄성당,http://place.map.kakao.com/12817973,3.0,high
st_16074,광탄성당,광탄성당,http://place.map.kakao.com/12817973,3.0,high
st_16542,광탄성당,광탄성당,http://place.map.kakao.com/12817973,3.0,high
st_06039,육전국밥,육전국밥 파주야당점,http://place.map.kakao.com/216620036,0.0,high
st_06040,SBS 일산제작센터,SBS일산어린이집,http://place.map.kakao.com/494159007,1.0,high
st_06041,일산호수공원가로수길,남도분식 일산가로수길점,http://place.map.kakao.com/2117867884,0.0,high
st_06042,킨텍스원시티,킨텍스원시티단지내부동산공인중개사사무소,http://place.map.kakao.com/1164582092,0.0,high
st_06043,밤가시버거 일산,밤가시버거 일산,http://place.map.kakao.com/1771074804,0.0,high
st_06044,남산옥,남산옥,http://place.map.kakao.com/88667463,0.0,high
st_06045,거풍스튜디오,,,,low
st_06046,양평 폐휴게소,,,,low
st_06047,분당메모리얼파크,분당메모리얼파크 전기차충전소,http://place.map.kakao.com/1972896355,0.0,high
st_17523,분당메모리얼파크,분당메모리얼파크 전기차충전소,http://place.map.kakao.com/1972896355,0.0,high
st_06048,용인대장금파크,용인대장금파크 감찰부,http://place.map.kakao.com/26923232,35.0,high
st_12431,용인대장금파크,용인대장금파크 감찰부,http://place.map.kakao.com/26923232,35.0,high
st_17998,용인대장금파크,용인대장금파크 감찰부,http://place.map.kakao.com/26923232,35.0,high
st_18782,용인대장금파크,용인대장금파크 감찰부,http://place.map.kakao.com/26923232,35.0,high
st_06050,대원주유소,대원주유소,http://place.map.kakao.com/7829793,23.0,high
st_06051,자작도해수욕장,,,,low
st_06052,무릉계곡,두타산 무릉계곡매표소분기점,http://place.map.kakao.com/17552783,109.0,mid
st_06053,단양클레이사격장,단양사격테마파크,http://place.map.kakao.com/11528900,3.0,high
st_15298,단양클레이사격장,단양사격테마파크,http://place.map.kakao.com/11528900,3.0,high
st_06275,보타닉파크웨딩,보타닉파크웨딩,http://place.map.kakao.com/1089036510,75.0,high
st_06276,월드컵북로58길,생어거스틴 상암DMC점,http://place.map.kakao.com/21541383,74.0,mid
st_13957,월드컵북로58길,생어거스틴 상암DMC점,http://place.map.kakao.com/21541383,74.0,mid
st_06277,대신아파트,대신아파트,http://place.map.kakao.com/7820910,8.0,high
st_06278,레스케이프 마크 다모르,마크다모르,http://place.map.kakao.com/1048179473,10.0,high
st_06279,레스케이프 라망 시크레,,,,low
st_06280,마들원,마들원,http://place.map.kakao.com/1394900382,0.0,high
st_08626,마들원,마들원,http://place.map.kakao.com/1394900382,0.0,high
st_06281,미루지항,미루지항,http://place.map.kakao.com/1475889668,20.0,high
st_06282,CU 영종밀레시티점,CU 영종밀레시티점,http://place.map.kakao.com/1867204620,180.0,mid
st_06283,햇내로(1),,,,low
st_06284,햇내로(2),,,,low
st_06285,영종순환로,대한항공 운항훈련센터,http://place.map.kakao.com/22875701,80.0,mid
st_06286,신도시북로,풍림아이원5단지아파트,http://place.map.kakao.com/12789567,58.0,mid
st_06287,한미서점,한미서점,http://place.map.kakao.com/10932171,0.0,high
st_06288,엔드테라스 파주점,앤드테라스 파주점,http://place.map.kakao.com/823644344,14.0,high
st_06289,템스커피,템스커피,http://place.map.kakao.com/1465638985,1.0,high
st_17511,템스커피,템스커피,http://place.map.kakao.com/1465638985,1.0,high
st_06290,GS25 후곡마을3단지점,GS25 후곡마을3단지점,http://place.map.kakao.com/465223984,214.0,mid
st_06291,수변공원,한류수변공원,http://place.map.kakao.com/2031291358,213.0,mid
st_06292,저지클럽,저지클럽,http://place.map.kakao.com/908782547,4.0,high
st_06294,하나로마트 부천농협 본점,부천농협 하나로마트 부천농협 본점,http://place.map.kakao.com/1820140079,16.0,high
st_06295,벚꽃마을,벚꽃마을,http://place.map.kakao.com/17025709,90.0,high
st_06296,수원시립박물관,,,,low
st_06297,수원화성박물관,수원화성박물관,http://place.map.kakao.com/12027576,5.0,high
st_06298,하산운동집,,,,low
st_06299,오산종합병원,,,,low
st_06300,인터불고엑스코,인터불고엑스코,http://place.map.kakao.com/16262495,0.0,high
st_06301,엑스코로,펙스코,http://place.map.kakao.com/1799849882,95.0,high
st_06302,계명대학교 성서캠퍼스,계명대학교 성서캠퍼스,http://place.map.kakao.com/9651837,5.0,high
st_06303,계명대학교 대명캠퍼스,계명대학교 대명캠퍼스 감부열관,http://place.map.kakao.com/17567882,47.0,high
st_16997,계명대학교 대명캠퍼스,계명대학교 대명캠퍼스 감부열관,http://place.map.kakao.com/17567882,47.0,high
st_06766,개화동집,개화역분식집,http://place.map.kakao.com/782545697,413.0,mid
st_06767,호남식당,호남식당,http://place.map.kakao.com/21354180,38.0,high
st_06768,성아해물생선,,,,low
st_06769,SBS프리즘타워,SBS프리즘타워,http://place.map.kakao.com/18631221,1.0,high
st_06893,SBS프리즘타워,SBS프리즘타워,http://place.map.kakao.com/18631221,1.0,high
st_08072,SBS프리즘타워,SBS프리즘타워,http://place.map.kakao.com/18631221,1.0,high
st_19058,SBS프리즘타워,SBS프리즘타워,http://place.map.kakao.com/18631221,1.0,high
st_06771,샛강다리,샛강다리,http://place.map.kakao.com/26522738,64.0,high
st_19700,샛강다리,샛강다리,http://place.map.kakao.com/26522738,64.0,high
st_19867,샛강다리,샛강다리,http://place.map.kakao.com/26522738,64.0,high
st_06772,서울마리나 클럽&요트,,,,low
st_06773,후암동집,,,232.0,low
st_06910,후암동집,,,232.0,low
st_11493,후암동집,,,232.0,low
st_06774,코끼리문방구,코끼리 문방구,http://place.map.kakao.com/23106561,1.0,high
st_06889,코끼리문방구,코끼리 문방구,http://place.map.kakao.com/23106561,1.0,high
st_06775,덕수궁 돌담길,덕수궁돌담길,http://place.map.kakao.com/23209304,101.0,mid
st_06776,문화교통,문화교통,http://place.map.kakao.com/11317108,34.0,high
st_06917,문화교통,문화교통,http://place.map.kakao.com/11317108,34.0,high
st_06777,신내동집,,,383.0,low
st_06888,소망김밥,,,,low
st_06890,생오리숯불구이(폐업),,,,low
st_06891,야끼니꾸요이땅,야끼니꾸 요이땅,http://place.map.kakao.com/547468481,0.0,high
st_06892,증산동집,,,167.0,low
st_06894,매봉산로(월드컵파크3단지쪽),,,,low
st_06895,성산자동차검사소,한국교통안전공단 성산자동차내압용기검사소,http://place.map.kakao.com/15099309,0.0,high
st_06897,카페베이지크,카페베이지크,http://place.map.kakao.com/490885214,0.0,high
st_06898,계림빌딩앞,,,,low
st_06899,명물길,지플렉스,http://place.map.kakao.com/910090510,5.0,mid
st_06900,한강산책로(서울마리나리조트쪽),,,,low
st_06902,에프케이아이타워앞 택시정류장,,,,low
st_06903,원대구탕,삼각지원대구탕 본점,http://place.map.kakao.com/10693894,6.0,high
st_06904,그린코너,,,,low
st_06905,한강대로7길,칠돈가 용산점,http://place.map.kakao.com/125158714,9.0,mid
st_06906,서울드래곤시티,서울드래곤시티 알라메종와인&다인,http://place.map.kakao.com/1304008092,0.0,high
st_06907,새창로49길,박여사,http://place.map.kakao.com/1419529868,2.0,mid
st_06908,꾸띠자르당,꾸띠자르당,http://place.map.kakao.com/26928254,0.0,high
st_06909,뚝섬로,,,,low
st_06912,모노맨션 동국대점,모노맨션 동국대점,http://place.map.kakao.com/796698901,0.0,high
st_06913,세종대로,세종대로,http://place.map.kakao.com/26523146,103.0,mid
st_06914,알유스포츠 계동점,타이거알유 계동지점,http://place.map.kakao.com/645038185,9.0,high
st_06915,선운각,한옥카페 선운각,http://place.map.kakao.com/891083645,101.0,mid
st_06916,화랑대 철도공원,화랑대철도공원,http://place.map.kakao.com/2079387454,33.0,high
st_06918,독서당로62가길,시온테크,http://place.map.kakao.com/2117589335,0.0,mid
st_06920,제일인력개발,제일인력개발,http://place.map.kakao.com/10801571,4.0,high
st_06921,잠수교,잠수교,http://place.map.kakao.com/17350404,149.0,mid
st_08289,잠수교,잠수교,http://place.map.kakao.com/17350404,149.0,mid
st_11245,잠수교,잠수교,http://place.map.kakao.com/17350404,149.0,mid
st_17485,잠수교,잠수교,http://place.map.kakao.com/17350404,149.0,mid
st_06922,LIE SANGBONG,이상봉 청담점,http://place.map.kakao.com/1565426483,0.0,mid
st_06923,하이테이블 차병원사거리점,,,,low
st_06924,대진디자인고등학교,대진디자인고등학교,http://place.map.kakao.com/7830817,14.0,high
st_06925,인천서구 장애인종합복지관,검단어울림장애인복지관,http://place.map.kakao.com/455693557,13.0,high
st_06926,원창로,서해구청소년센터,http://place.map.kakao.com/11136960,6.0,mid
st_06927,인천서구견인보관소,인천서해구 견인보관소,http://place.map.kakao.com/149450385,3.0,high
st_06928,인천서구가족센터,인천서해구가족센터,http://place.map.kakao.com/24811359,5.0,high
st_06930,영종대로(1),,,,low
st_06931,영종대로(2),,,,low
st_06932,은하수로75번길,,,,low
st_06933,자연대로,고스트팡,http://place.map.kakao.com/1803589511,0.0,mid
st_06934,문테라스,문테라스,http://place.map.kakao.com/1194400306,0.0,high
st_06935,어촌로,가연,http://place.map.kakao.com/8119520,28.0,mid
st_06936,인하대학교,인하대학교 서호관,http://place.map.kakao.com/27202559,7.0,high
st_06937,만수주공3단지,만수주공3단지아파트 전기차충전소,http://place.map.kakao.com/1686619370,0.0,high
st_06938,더엘엑스 솔라가드 프리미엄 논현동 본점,더엘엑스 솔라가드 프리미엄 논현동본점,http://place.map.kakao.com/1968775321,20.0,high
st_06939,테크노파크로,,,220.0,low
st_06940,블리스버거 연천점,블리스버거 연천점,http://place.map.kakao.com/1777451851,8.0,high
st_06941,두리랜드,두리랜드,http://place.map.kakao.com/18191663,0.0,high
st_06942,의정부버스터미널,의정부시외버스터미널,http://place.map.kakao.com/18166736,0.0,high
st_06943,이비가짬뽕 의정부용현점,이비가짬뽕 용현점,http://place.map.kakao.com/26900393,9.0,high
st_06946,효자그린빌,경기파주 효자그린빌 전기차충전소,http://place.map.kakao.com/809941565,0.0,high
st_06947,로터스 공식 서비스센터,로터스 공식 서비스센터,http://place.map.kakao.com/757625722,3.0,high
st_06948,바버샵 웰던 맨즈헤어,,,,low
st_06949,긴자 일산점,긴자 일산점,http://place.map.kakao.com/5367272,0.0,high
st_06950,일상피트니스 삼송역점,일상피트니스,http://place.map.kakao.com/2047723873,2.0,high
st_06951,삼송마을LH16단지아파트,삼송마을LH16단지아파트 전기차충전소,http://place.map.kakao.com/845416686,0.0,high
st_06952,오엘크루 행신점,여성전용 힙업 그룹PT 오엘크루 행신점,http://place.map.kakao.com/597190300,0.0,high
st_06953,피스키스 뮤직스튜디오,피스키스 뮤직 스튜디오,http://place.map.kakao.com/208492362,0.0,high
st_06954,바그 서오릉 직영점,바그 수제버거 서오릉직영점,http://place.map.kakao.com/487372132,0.0,high
st_06955,강매석교공원 주차장,강매석교공원 주차장,http://place.map.kakao.com/1567543670,67.0,high
st_06957,더작심스터디카페 김포걸포점,더작심 김포걸포점,http://place.map.kakao.com/133757065,0.0,high
st_06958,서울여성병원 부천점,서울여성병원 부천점 주차장,http://place.map.kakao.com/423908082,0.0,high
st_06959,이비가짬뽕 부천까치울역점,이비가짬뽕 부천까치울역점,http://place.map.kakao.com/27059539,0.0,high
st_06960,암사대교아래,,,,low
st_06961,늘푸른자연학교,늘푸른자연학교,http://place.map.kakao.com/26615242,0.0,high
st_06962,대성사,대성사,http://place.map.kakao.com/27373550,50.0,high
st_06963,안성장례식장(폐업),,,,low
st_06964,춘천대교,춘천대교,http://place.map.kakao.com/1686263230,189.0,mid
st_08695,춘천대교,춘천대교,http://place.map.kakao.com/1686263230,189.0,mid
st_09563,춘천대교,춘천대교,http://place.map.kakao.com/1686263230,189.0,mid
st_06965,돌모루하우스낚시터,돌모루하우스낚시터,http://place.map.kakao.com/9724182,34.0,high
st_06966,폐리조트,,,,low
st_06967,부남해변,부남해변,http://place.map.kakao.com/7899940,117.0,mid
st_06968,정북동 토성,토성,http://place.map.kakao.com/25385815,32.0,high
st_06969,대전대학교 맥센터,대전대학교 맥센터,http://place.map.kakao.com/17558470,58.0,high
st_06970,디오토몰,디오토몰 홍보관,http://place.map.kakao.com/674993,0.0,high
st_06971,수청중앙로,,,298.0,low
st_06973,오토메카 부설주차장,,,,low
st_06974,천안G1비즈캠퍼스,천안G1비즈캠퍼스,http://place.map.kakao.com/1380676811,48.0,high
st_06976,서혜원,서혜원,http://place.map.kakao.com/14832858,2.0,high
st_06977,세종충남대학교병원,무인민원발급창구 세종충남대병원,http://place.map.kakao.com/847279999,0.0,high
st_10875,세종충남대학교병원,무인민원발급창구 세종충남대병원,http://place.map.kakao.com/847279999,0.0,high
st_16986,세종충남대학교병원,무인민원발급창구 세종충남대병원,http://place.map.kakao.com/847279999,0.0,high
st_06978,군산초등학교,,,,low
st_06979,월명로,연합공인중개사,http://place.map.kakao.com/17490850,40.0,mid
st_06980,전북특별자치도종합사격장,전북특별자치도종합사격장,http://place.map.kakao.com/9987430,40.0,high
st_06981,청웅저수지,청웅저수지,http://place.map.kakao.com/10850597,92.0,high
st_06982,창제리,,,289.0,low
st_06983,천사대교,,,,low
st_06984,자은고교여객선터미널,자은고교여객선터미널,http://place.map.kakao.com/1368379473,8.0,high
st_06985,자은고교선착장,,,,low
st_06986,한운길,천사섬캠핑&글램핑,http://place.map.kakao.com/322473111,90.0,mid
st_06987,둔장어촌체험휴양마을,둔장어촌체험휴양마을,http://place.map.kakao.com/2082436546,0.0,high
st_06988,사월포길,자은사월포펜션,http://place.map.kakao.com/23583977,8.0,high
st_06989,송공여객선터미널,송공여객선터미널,http://place.map.kakao.com/25611607,84.0,high
st_06990,로또분식,로또분식,http://place.map.kakao.com/468627313,2.0,high
st_06991,부산항연안여객터미널,부산항연안여객터미널,http://place.map.kakao.com/1251071023,2.0,high
st_06992,반도보라할인마트,반도보라할인마트,http://place.map.kakao.com/16226122,7.0,high
st_06993,신선중학교,신선중학교 행정실,http://place.map.kakao.com/9191955,49.0,high
st_06994,흰여울길,흰여울점빵,http://place.map.kakao.com/1404027907,31.0,high
st_06995,흰여울마을 해안산책로,,,,low
st_06996,감지해변,감지해변,http://place.map.kakao.com/11416979,99.0,high
st_06997,해양힐링로,,,242.0,low
st_07003,강변한신코아아파트,강변한신코아아파트,http://place.map.kakao.com/8704203,3.0,high
st_07207,연남부동산,영웅부동산,http://place.map.kakao.com/1814681776,194.0,mid
st_07208,은행어린이공원,은행나무어린이공원,http://place.map.kakao.com/15148755,10.0,high
st_07209,연남동집,연남동고깔집,http://place.map.kakao.com/1198796427,129.0,mid
st_07210,신흥아파트3차,,,,low
st_07211,레드문516,,,,low
st_07212,동림아파트,동림아파트,http://place.map.kakao.com/11095020,6.0,high
st_07213,새마을금고,e-푸른새마을금고 역촌동지점,http://place.map.kakao.com/670070123,345.0,mid
st_07214,청계상가,서울정원문화힐링센터,http://place.map.kakao.com/2102918446,0.0,mid
st_07215,불광천,불광천북가좌경사로 진출입로11,http://place.map.kakao.com/24649583,44.0,high
st_07216,연남동,보니카 연남,http://place.map.kakao.com/1383975505,26.0,high
st_07217,동교로41길,슬로우레코드하우스,http://place.map.kakao.com/655090010,0.0,mid
st_07218,양천문화회관,양천구청 양천문화회관공영주차장 전기차충전소,http://place.map.kakao.com/1541444882,0.0,high
st_07219,해운빌딩,해운빌딩,http://place.map.kakao.com/23888717,0.0,high
st_07220,김포관상어공판장,김포관상어공판장,http://place.map.kakao.com/537200115,3.0,high
st_07221,후니네,후니네,http://place.map.kakao.com/202140598,41.0,high
st_07222,이마트24 덕성여대후문점(폐업),,,,low
st_07223,동아운수 우이동영업소,동아운수 우이동영업소,http://place.map.kakao.com/21411556,4.0,high
st_07224,대한민국 국가정보원,,,,low
st_07225,인천공항 D주차장,인천공항 T1 단기주차장 D구역 전기차충전소,http://place.map.kakao.com/1245902503,210.0,mid
st_07226,자유공원남로,자유공원 공영주차장,http://place.map.kakao.com/1127515836,4.0,high
st_07227,고양시립 백석도서관,고양시립 백석도서관 (2027년 3월 재개관예정),http://place.map.kakao.com/11401703,4.0,high
st_07228,통일로,,,162.0,low
st_07229,반도유스퀘어,반도유스퀘어상가 주차장,http://place.map.kakao.com/513065877,0.0,high
st_07230,진주종합상가,진주종합상가,http://place.map.kakao.com/21310153,0.0,high
st_07231,원미종합시장,원미종합시장,http://place.map.kakao.com/8034054,54.0,high
st_07233,평촌청솔학원,평촌청솔학원,http://place.map.kakao.com/9453443,0.0,high
st_07234,오성치킨,오성치킨,http://place.map.kakao.com/1851051277,0.0,high
st_07235,성남국빈관나이트,,,,low
st_07236,죽백초등학교,죽백초등학교,http://place.map.kakao.com/8070052,1.0,high
st_07237,세명대학교 학술정보원,,,,low
st_07238,플러스모텔,플러스모텔,http://place.map.kakao.com/9523594,2.0,high
st_07239,서현장로교회,서현장로교회,http://place.map.kakao.com/10483281,16.0,high
st_07240,주공아파트,주공아파트 상가동,http://place.map.kakao.com/26450091,41.0,high
st_07241,(구)홍성여자고등학교,,,,low
st_07242,남장로(상가동앞),,,,low
st_07243,광천버스터미널,광천버스터미널,http://place.map.kakao.com/25504447,0.0,high
st_07487,광천버스터미널,광천버스터미널,http://place.map.kakao.com/25504447,0.0,high
st_07244,유진식당,유진식당,http://place.map.kakao.com/21252224,31.0,high
st_07245,넙티로 철도건널목,,,,low
st_07246,대청로(1),,,,low
st_07247,대청로(2),,,,low
st_07248,청보초등학교,청보초등학교,http://place.map.kakao.com/10850429,73.0,high
st_07249,동대사거리,동대사거리,http://place.map.kakao.com/10292217,24.0,high
st_07250,동대지구대,동대지구대,http://place.map.kakao.com/10377872,0.0,high
st_07251,주공사거리,주공사거리,http://place.map.kakao.com/15135750,71.0,high
st_07252,승평동길,영진건설1차,http://place.map.kakao.com/1728745433,49.0,mid
st_07253,흥부체육관,흥부생활체육공원 흥부체육관,http://place.map.kakao.com/1209327275,23.0,high
st_07254,당교로,마음수련 문경센터,http://place.map.kakao.com/2050203837,14.0,mid
st_07255,당교로(2),,,206.0,low
st_07256,코모도호텔 경주,코모도호텔경주 전기차충전소,http://place.map.kakao.com/1552445674,0.0,high
st_07257,우암로61번길,부산은행주차장,http://place.map.kakao.com/20590661,33.0,mid
st_07258,양지골로169번길,,,116.0,low
st_07259,홍곡로,까치익스프레스,http://place.map.kakao.com/18145494,18.0,mid
st_07260,까치익스프레스앞,,,,low
st_07261,이원아파트 사거리,,,,low
st_07262,홍곡로(2),,,,low
st_07263,솔개다리 정류장,,,,low
st_07264,우암로26번길,미화주택,http://place.map.kakao.com/1513594226,0.0,mid
st_07265,양지골로55번길,한진익스프레스,http://place.map.kakao.com/1952410590,22.0,mid
st_07266,우암로26번길(2),,,,low
st_07267,양다방,양다방,http://place.map.kakao.com/9240981,2.0,high
st_07372,쏭타이치앙마이 마곡직영점,쏭타이치앙마이 마곡직영점,http://place.map.kakao.com/1850700101,8.0,high
st_07373,덕산중학교.두산위브아파트 정류장(12499),,,,low
st_07374,증산서길,하나골프스쿨,http://place.map.kakao.com/16995169,15.0,mid
st_07375,증산동 골목,,,491.0,low
st_07376,안짱,안짱,http://place.map.kakao.com/391298464,0.0,high
st_07377,광산맨션,광산맨션,http://place.map.kakao.com/8200701,11.0,high
st_07378,스위스그랜드호텔,스위스그랜드호텔(구 그랜드힐튼호텔) 전기차충전소,http://place.map.kakao.com/1306619476,97.0,high
st_14912,스위스그랜드호텔,스위스그랜드호텔(구 그랜드힐튼호텔) 전기차충전소,http://place.map.kakao.com/1306619476,97.0,high
st_18072,스위스그랜드호텔,스위스그랜드호텔(구 그랜드힐튼호텔) 전기차충전소,http://place.map.kakao.com/1306619476,97.0,high
st_07379,담솥 신촌점,담솥 신촌점,http://place.map.kakao.com/1160182405,0.0,high
st_07380,데스툴 연희,데스툴,http://place.map.kakao.com/1683696274,2.0,high
st_07381,홍대채움공인중개사사무소,홍대채움공인중개사사무소,http://place.map.kakao.com/29912666,12.0,high
st_07382,준무 연남,,,,low
st_07383,브라운 프론트 도어,브라운프론트도어,http://place.map.kakao.com/358523602,0.0,high
st_07385,미스터리브루잉컴퍼니,미스터리브루잉컴퍼니,http://place.map.kakao.com/668594192,3.0,high
st_07386,마포대교,마포대교,http://place.map.kakao.com/7864538,89.0,high
st_10277,마포대교,마포대교,http://place.map.kakao.com/7864538,89.0,high
st_11232,마포대교,마포대교,http://place.map.kakao.com/7864538,89.0,high
st_14904,마포대교,마포대교,http://place.map.kakao.com/7864538,89.0,high
st_16043,마포대교,마포대교,http://place.map.kakao.com/7864538,89.0,high
st_07388,원효대교,원효대교,http://place.map.kakao.com/15150411,243.0,mid
st_07389,맨홀커피,맨홀커피,http://place.map.kakao.com/99849164,178.0,mid
st_07390,JK아트컨벤션,JK아트컨벤션,http://place.map.kakao.com/19244225,12.0,high
st_07391,다이어메이커 문래,다이어메이커 문래점,http://place.map.kakao.com/1696893019,0.0,high
st_07392,비닐하우스,비닐하우스,http://place.map.kakao.com/881013665,8.0,high
st_07393,테이블스 영등포구청점,테이블스,http://place.map.kakao.com/1702812863,3.0,high
st_07394,강변북로,워시럽 셀프세차장 강변북로점,http://place.map.kakao.com/1659295874,421.0,mid
st_07395,더큐어링,더큐어링,http://place.map.kakao.com/837501345,2.0,high
st_07396,동작대교,동작대교,http://place.map.kakao.com/10286428,80.0,high
st_08648,동작대교,동작대교,http://place.map.kakao.com/10286428,80.0,high
st_17456,동작대교,동작대교,http://place.map.kakao.com/10286428,80.0,high
st_17552,동작대교,동작대교,http://place.map.kakao.com/10286428,80.0,high
st_18086,동작대교,동작대교,http://place.map.kakao.com/10286428,80.0,high
st_18377,동작대교,동작대교,http://place.map.kakao.com/10286428,80.0,high
st_07398,서빙고초등학교 정류장,,,,low
st_07399,서울역(15번출구쪽),,,,low
st_07400,퇴계로20길,그래피직스,http://place.map.kakao.com/12849120,13.0,mid
st_07401,필로소피라운지,필로소피라운지,http://place.map.kakao.com/1524560987,0.0,high
st_07402,을지로(1),KB국민은행 대기업금융1센터,http://place.map.kakao.com/1261536503,49.0,mid
st_07403,을지로(2),슷 을지로점,http://place.map.kakao.com/1271817141,341.0,mid
st_07404,을지로5길,한일관 을지로점,http://place.map.kakao.com/17192156,52.0,high
st_07405,SK텔레콤빌딩앞 택시정류장,,,,low
st_07406,명동11길,중국건설은행 서울지점,http://place.map.kakao.com/10784043,69.0,mid
st_07407,은행회관,하나은행 은행회관 ATM,http://place.map.kakao.com/1990993975,0.0,high
st_07408,명동고로케,명동고로케,http://place.map.kakao.com/1756449505,1.0,high
st_07409,을지로2가교차로,을지로2가교차로,http://place.map.kakao.com/15139462,313.0,mid
st_07410,시그니쳐타워,시그니쳐타워 서관,http://place.map.kakao.com/63091438,0.0,high
st_07411,센트로폴리스,히트커피로스터스 센트로폴리스점,http://place.map.kakao.com/424256806,0.0,high
st_07412,광통교,광통교,http://place.map.kakao.com/15163099,23.0,high
st_07413,서린동.SK서린빌딩 정류장,,,,low
st_07414,한화빌딩앞,,,,low
st_07415,청계천한빛광장,청계천한빛공원,http://place.map.kakao.com/24974768,7.0,high
st_07416,디디피,디디피라벨(ddp label),http://place.map.kakao.com/259938510,356.0,mid
st_13983,디디피,디디피라벨(ddp label),http://place.map.kakao.com/259938510,356.0,mid
st_16059,디디피,디디피라벨(ddp label),http://place.map.kakao.com/259938510,356.0,mid
st_07417,신당역1번출구,신당역 2호선 1번출구,http://place.map.kakao.com/10519665,122.0,mid
st_07418,퇴계로83길,태신로스타,http://place.map.kakao.com/431088005,0.0,mid
st_07419,모아주방설비,모아종합주방설비,http://place.map.kakao.com/12386637,7.0,high
st_07420,어글리베이커스베이글 신당본점,어글리베이커스베이글 신당 본점,http://place.map.kakao.com/374404998,3.0,high
st_07421,교보문고 광화문점,오롬 교보문고 광화문점,http://place.map.kakao.com/1305104519,6.0,high
st_07422,청진공원,청진공원,http://place.map.kakao.com/1963402560,0.0,high
st_07423,북촌로5길,유카츠,http://place.map.kakao.com/1505205457,0.0,mid
st_07424,티테라피,티테라피 행랑점,http://place.map.kakao.com/12611094,2.0,high
st_07425,감고당길(1),,,,low
st_07426,감고당길(2),,,,low
st_07427,북촌5가길,,,,low
st_07428,북촌여행,북촌여행,http://place.map.kakao.com/2097431238,0.0,high
st_07429,진닭강정 앞,,,,low
st_07430,포토이즘박스 익선동점 앞,,,,low
st_07431,청수당 베이커리,청수당 베이커리,http://place.map.kakao.com/78911659,0.0,high
st_07432,온지심 옆,,,,low
st_07433,아트몬스터 익선동점 앞,,,,low
st_07434,빻 앞,,,,low
st_07435,아씨방앗간 앞,,,,low
st_07436,뜰안 앞,,,,low
st_07437,익선슈팅클럽 앞,,,,low
st_07438,낙원역 앞,,,473.0,low
st_07439,치즈인더스트리 앞(폐업),,,,low
st_07440,에일당 앞,,,,low
st_07441,통돼지집 앞,,,,low
st_07442,마전교지하쇼핑센터(대신사),,,,low
st_07443,이화동벽화마을,이화동 벽화마을,http://place.map.kakao.com/25039734,80.0,high
st_07446,티틸 CAFE+BAR,,,,low
st_07447,미즐카페엠,미즐카페엠,http://place.map.kakao.com/7888616,0.0,high
st_07448,이설함흥냉면 수유본점,,,,low
st_07450,어메이징브루잉컴퍼니,,,,low
st_07451,클래식 해례커피,클래식 해례커피,http://place.map.kakao.com/1776849288,5.0,high
st_07452,C156,C156,http://place.map.kakao.com/684838721,2.0,high
st_07453,성수낙낙,성수낙낙,http://place.map.kakao.com/2045006957,0.0,high
st_09520,성수낙낙,성수낙낙,http://place.map.kakao.com/2045006957,0.0,high
st_07454,커먼그라운드,커먼그라운드,http://place.map.kakao.com/26611217,0.0,high
st_07455,쎈느 건국,쎈느 건국,http://place.map.kakao.com/1858006384,0.0,high
st_07456,시립서울천문대,시립서울천문대,http://place.map.kakao.com/25977542,45.0,high
st_07458,삼육대학교,삼육대학교 그린교육실습장,http://place.map.kakao.com/1792517280,0.0,high
st_13989,삼육대학교,삼육대학교 그린교육실습장,http://place.map.kakao.com/1792517280,0.0,high
st_07459,반포한강공원,반포한강공원 음수대6,http://place.map.kakao.com/1731356818,93.0,high
st_07460,GS25 한강반포2호점,GS25 한강르네상스 반포2호점,http://place.map.kakao.com/567817068,160.0,mid
st_07461,서울중앙지방법원,서울중앙지방법원 3별관,http://place.map.kakao.com/17992024,11.0,high
st_11247,서울중앙지방법원,서울중앙지방법원 3별관,http://place.map.kakao.com/17992024,11.0,high
st_07462,선샤인호텔,호텔선샤인 서울,http://place.map.kakao.com/890018423,0.0,high
st_07463,세로수길,올리브영 세로수길점,http://place.map.kakao.com/1629854644,68.0,high
st_07464,스노우폭스 플라워 가로수길점,스노우폭스플라워 가로수길점,http://place.map.kakao.com/1108618846,1.0,high
st_07465,고디바 가로수길 플래그십,,,,low
st_07466,인천공항,올리브영 인천공항제2여객터미널점,http://place.map.kakao.com/515564318,0.0,high
st_08668,인천공항,올리브영 인천공항제2여객터미널점,http://place.map.kakao.com/515564318,0.0,high
st_07467,브라운핸즈 개항로,브라운핸즈 개항로,http://place.map.kakao.com/905766195,1.0,high
st_18127,브라운핸즈 개항로,브라운핸즈 개항로,http://place.map.kakao.com/905766195,1.0,high
st_07468,샛별팬시문구,샛별팬시문구,http://place.map.kakao.com/1676832959,5.0,high
st_07469,다이스웍스 양주 본점,다이스웍스 양주본점,http://place.map.kakao.com/776559945,6.0,high
st_07470,가톨릭대학교 의정부성모병원,맛깔참죽 의정부성모병원점,http://place.map.kakao.com/180647346,0.0,high
st_07471,의정부시 장애인복지회관,의정부시 장애인종합복지관,http://place.map.kakao.com/9331868,6.0,high
st_07472,로케이션 이음,로케이션 이음,http://place.map.kakao.com/26169665,3.0,high
st_07473,오디디,오디디식당,http://place.map.kakao.com/358958231,0.0,high
st_07474,백금당,백금당 파주운정점,http://place.map.kakao.com/55950374,2.0,high
st_07476,일산서구청소년수련관,일산서구청소년수련관,http://place.map.kakao.com/1291542094,10.0,high
st_07477,일산 한류월드 유보라 더 스마트,일산한류월드유보라더스마트오피스텔 상가,http://place.map.kakao.com/696889544,0.0,high
st_07478,달맞이농원,달맞이농원,http://place.map.kakao.com/2101847590,28.0,high
st_07479,업힐로드,업힐로드,http://place.map.kakao.com/80511343,0.0,high
st_07480,안산버스터미널,터미널식당,http://place.map.kakao.com/1044518218,0.0,high
st_07481,수원버스터미널,수원 버스터미널 구내식당,http://place.map.kakao.com/553845927,0.0,high
st_16100,수원버스터미널,수원 버스터미널 구내식당,http://place.map.kakao.com/553845927,0.0,high
st_07482,수원역지하상가,수원역지하상가,http://place.map.kakao.com/18525457,195.0,mid
st_07483,SRC노인전문병원,SRC재활병원 경기광주본원,http://place.map.kakao.com/12969087,18.0,mid
st_16431,SRC노인전문병원,SRC재활병원 경기광주본원,http://place.map.kakao.com/12969087,18.0,mid
st_07484,진성스파르타기숙학원,진성스파르타기숙학원,http://place.map.kakao.com/309011588,1.0,high
st_07485,당진우리병원,,,,low
st_07488,가야산주차장,가야산주차장,http://place.map.kakao.com/20512771,30.0,high
st_07489,가야산,가야산,http://place.map.kakao.com/27033528,65.0,high
st_07490,가루실딸기,가루실설향딸기직판장,http://place.map.kakao.com/1630541239,315.0,mid
st_07491,대천요양원,대천요양원,http://place.map.kakao.com/12609395,3.0,high
st_07492,보령종합경기장,보령종합경기장 전기차충전소,http://place.map.kakao.com/2051107967,0.0,high
st_07493,남포면집,,,,low
st_07494,창동1리 노인회관,창동1리노인회관,http://place.map.kakao.com/915839126,0.0,high
st_07495,창동1길,,,279.0,low
st_07496,창동3길,창동교회,http://place.map.kakao.com/10763253,180.0,mid
st_07497,자연애마트 부여점,자연애마트 부여점,http://place.map.kakao.com/1073448982,0.0,high
st_07498,상월면 농장,,,,low
st_07499,고부천길,,,,low
st_07500,백산고등학교,백산고등학교 교무실,http://place.map.kakao.com/12500016,96.0,high
st_07501,아산초등학교,아산초등학교 교무실,http://place.map.kakao.com/27390072,2.0,high
st_07502,수북초등학교,수북초등학교,http://place.map.kakao.com/7814181,24.0,high
st_07503,문화마을 정류장,,,,low
st_07504,추성1로,,,106.0,low
st_07505,순천드라마촬영장,드라마촬영장 대여소,http://place.map.kakao.com/820357377,8.0,high
st_17596,순천드라마촬영장,드라마촬영장 대여소,http://place.map.kakao.com/820357377,8.0,high
st_07506,가은고등학교,가은고등학교,http://place.map.kakao.com/8113843,43.0,high
st_07693,우리마트,우리마트,http://place.map.kakao.com/27502302,0.0,high
st_07694,숯불불타는닭발,숯불불타는닭발,http://place.map.kakao.com/16903525,2.0,high
st_07695,팬엔터테인먼트 사옥,,,,low
st_07696,CU성산진영점,CU ATM 성산진영점,http://place.map.kakao.com/1019953396,0.0,high
st_07698,엠플레이그라운드 앞,,,,low
st_07699,세븐틴벌스데이,세븐틴벌스데이,http://place.map.kakao.com/1566038369,0.0,high
st_07700,삼양 앞,,,,low
st_07701,참신한약국,,,,low
st_07702,정든집,,,,low
st_18787,정든집,,,,low
st_07703,판자집,판자집,http://place.map.kakao.com/8121543,2.0,high
st_07705,한강대로7길,마다밀,http://place.map.kakao.com/13740360,11.0,mid
st_07706,새창로49길 지하도,,,,low
st_07707,정인케이블 앞,,,,low
st_07708,고바우,고바우,http://place.map.kakao.com/16877742,21.0,high
st_07709,남산육교,남산육교,http://place.map.kakao.com/1900683642,90.0,high
st_07710,남대문시장4길,남대문블루 3매장,http://place.map.kakao.com/1285299782,19.0,high
st_07711,남대문시장7길,,,,low
st_07712,허리케인박 떡볶이닭발,,,,low
st_07713,마로니에공원,마로니에공원 야외무대,http://place.map.kakao.com/207311418,0.0,high
st_10122,마로니에공원,마로니에공원 야외무대,http://place.map.kakao.com/207311418,0.0,high
st_07714,낙산길,낙산,http://place.map.kakao.com/1179107338,58.0,high
st_07715,치킨쌀롱,치킨쌀롱,http://place.map.kakao.com/1662163785,2.0,high
st_07716,멍텅구리즉석떡볶이,멍텅구리즉석떡볶이 공릉점,http://place.map.kakao.com/27515257,10.0,high
st_08625,멍텅구리즉석떡볶이,멍텅구리즉석떡볶이 공릉점,http://place.map.kakao.com/27515257,10.0,high
st_07717,할아버지공장,,,,low
st_07718,유니버셜아트센터,유니버설아트센터 주차장,http://place.map.kakao.com/361830294,29.0,high
st_07719,잠실철교,잠실철교,http://place.map.kakao.com/8053179,94.0,high
st_07720,대명벨리온 앞,,,,low
st_07721,배재고등학교,배재고등학교 매점,http://place.map.kakao.com/696221676,111.0,mid
st_07722,성지초등학교,인천성지초등학교 교무실,http://place.map.kakao.com/9355901,17.0,high
st_07723,서운체육공원 매점,,,,low
st_07725,웨스턴스테이크,웨스턴스테이크,http://place.map.kakao.com/10681455,0.0,high
st_07726,아트센터인천,아트센터인천 전기차충전소,http://place.map.kakao.com/1514728139,59.0,high
st_07727,인천문화예술회관 야외공연장,인천종합문화예술회관 야외공연장,http://place.map.kakao.com/22848498,18.0,high
st_07728,인하대학교 본관,인하대학교 박물관,http://place.map.kakao.com/58325404,351.0,mid
st_16370,인하대학교 본관,인하대학교 박물관,http://place.map.kakao.com/58325404,351.0,mid
st_07729,신성루,신성루,http://place.map.kakao.com/8441290,1.0,high
st_18807,신성루,신성루,http://place.map.kakao.com/8441290,1.0,high
st_07730,동두천 문화극장,문화극장,http://place.map.kakao.com/17053627,1.0,high
st_07731,화적연,,,,low
st_12429,화적연,,,,low
st_07732,경기미래교육 파주캠퍼스,경기미래교육 파주캠퍼스 공공체험시설1,http://place.map.kakao.com/19388562,2.0,high
st_16128,경기미래교육 파주캠퍼스,경기미래교육 파주캠퍼스 공공체험시설1,http://place.map.kakao.com/19388562,2.0,high
st_07733,캔모아 금촌점,캔모아 금촌점,http://place.map.kakao.com/21252085,1.0,high
st_09535,캔모아 금촌점,캔모아 금촌점,http://place.map.kakao.com/21252085,1.0,high
st_07734,엠아이 폴리스 스튜디오,,,,low
st_10297,엠아이 폴리스 스튜디오,,,,low
st_11263,엠아이 폴리스 스튜디오,,,,low
st_07735,진밭국수 1호점,,,,low
st_07736,효자동 저택,,,,low
st_07737,한강신도시 호수공원,한강신도시호수공원,http://place.map.kakao.com/768380035,45.0,high
st_07738,하남경찰서,하남경찰서(우측) 전기차충전소,http://place.map.kakao.com/1681737707,6.0,high
st_07739,용문청소년수련원,용문청소년수련장 아랫마을,http://place.map.kakao.com/17571434,33.0,high
st_07740,운중동 저택,,,,low
st_07741,구미동 주택가,,,,low
st_07742,경희대학교 국제캠퍼스,경희대학교 국제캠퍼스 연구동,http://place.map.kakao.com/1526201972,0.0,high
st_07743,양지파인빌 A동,,,,low
st_07744,평택중앙시장,평택국제중앙시장,http://place.map.kakao.com/8087509,30.0,high
st_07745,서정리 장례식장,서정리장례식장,http://place.map.kakao.com/27162345,2.0,high
st_07746,남이섬,남이섬 티하우스 차담,http://place.map.kakao.com/1708311659,0.0,high
st_07747,미술관 자작나무숲,미술관 자작나무숲,http://place.map.kakao.com/8320839,2.0,high
st_07748,양양국제공항,씨스페이스24 양양국제공항점,http://place.map.kakao.com/569636896,5.0,high
st_07749,명주동,뒹굴뒹굴,http://place.map.kakao.com/58899020,32.0,mid
st_07750,오월커피,,,,low
st_07751,명주배롱,명주배롱,http://place.map.kakao.com/11844674,3.0,high
st_07752,봉봉방앗간,봉봉방앗간,http://place.map.kakao.com/17812364,1.0,high
st_07753,충청남도 관사촌,,,,low
st_07754,증평역,증평역 주차장,http://place.map.kakao.com/20583112,57.0,high
st_07755,기타매장퀸악기점,기타매장퀸악기점,http://place.map.kakao.com/17630929,15.0,high
st_07756,공주 메타세콰이어숲길,공주메타세콰이어숲길,http://place.map.kakao.com/537189759,0.0,high
st_07757,제민천,제민천,http://place.map.kakao.com/25729707,24.0,high
st_07758,약령길,,,,low
st_07759,장대1길 골목,,,,low
st_07760,봉황재 한옥,봉황재 한옥,http://place.map.kakao.com/1889251106,0.0,high
st_07761,벼락 앞,,,,low
st_07762,세븐일레븐 전북대점 앞,,,,low
st_07763,렌즈타운 전북대점,렌즈타운 전북대점,http://place.map.kakao.com/30597456,4.0,high
st_07764,배스킨라빈스 전북대,배스킨라빈스 전북대점,http://place.map.kakao.com/10396073,0.0,high
st_07765,전북대 앞,,,246.0,low
st_07766,화본역,화본역 (폐역),http://place.map.kakao.com/8167980,28.0,high
st_16171,화본역,화본역 (폐역),http://place.map.kakao.com/8167980,28.0,high
st_07767,이월드,이월드,http://place.map.kakao.com/10821532,0.0,high
st_07768,맥문동솔숲,맥문동솔숲,http://place.map.kakao.com/969549380,14.0,high
st_07769,영리해수욕장,영리해수욕장주차장,http://place.map.kakao.com/20519350,42.0,high
st_07770,근화여자고등학교,근화여자고등학교 전기차충전소,http://place.map.kakao.com/628903991,145.0,mid
st_16175,근화여자고등학교,근화여자고등학교 전기차충전소,http://place.map.kakao.com/628903991,145.0,mid
st_07771,토모루,,,,low
st_07772,여차몽돌해수욕장,여차몽돌해수욕장,http://place.map.kakao.com/8012967,88.0,high
st_07773,신선대,,,,low
st_13239,신선대,,,,low
st_08069,루카511,루카511빌딩,http://place.map.kakao.com/23901022,39.0,high
st_08070,비손빌딩,비손빌딩,http://place.map.kakao.com/23902797,0.0,high
st_08071,이즈타워,준오헤어 강남역스퀘어점,http://place.map.kakao.com/802883300,0.0,mid
st_08073,복성각,복성각,http://place.map.kakao.com/7892863,6.0,high
st_08074,거화빌딩,NH농협은행 신촌중앙지점,http://place.map.kakao.com/1983321149,0.0,mid
st_08075,만화카페,캣툰 신촌점,http://place.map.kakao.com/520110738,42.0,mid
st_08076,부띠끄모나코,하이파킹 부띠크모나코 주차장,http://place.map.kakao.com/1514402166,0.0,high
st_08077,오목집,오목집 목동본점,http://place.map.kakao.com/18876729,61.0,high
st_08078,목동트라팰리스이스턴에비뉴,목동트라팰리스이스턴에비뉴아파트,http://place.map.kakao.com/11222751,85.0,high
st_08079,한국전령공사 남서울지역옆,,,,low
st_08080,한국전령공사 남서울지역,,,,low
st_08081,남산,BHC치킨 남산서울타워점,http://place.map.kakao.com/1840360037,0.0,high
st_08082,학림다방,학림다방,http://place.map.kakao.com/8143287,2.0,high
st_08083,북촌한옥마을/담소정,담소정,http://place.map.kakao.com/21159217,4.0,high
st_08084,세종대로 횡단보도,,,,low
st_08086,서울시립미술관,서울시립미술관 자료실,http://place.map.kakao.com/27217388,63.0,high
st_08087,유림면,유림면,http://place.map.kakao.com/10679979,0.0,high
st_08088,국립극장,국립극장진흥재단,http://place.map.kakao.com/267122769,0.0,high
st_08272,홍제유연,홍제유연,http://place.map.kakao.com/436177290,63.0,high
st_08274,킨트헤어,킨트헤어,http://place.map.kakao.com/128374713,0.0,high
st_08275,여의도IFC몰,준오헤어 여의도IFC몰점,http://place.map.kakao.com/18276613,0.0,high
st_08277,소월로(어반클리프쪽),,,,low
st_08278,금세기빌딩,와이비투자개발,http://place.map.kakao.com/1479276847,0.0,mid
st_08279,"을지로입구역3,4번출구쪽",,,,low
st_08280,삼풍상가,삼풍상가 노상공영주차장,http://place.map.kakao.com/27212056,124.0,mid
st_08281,동대문디자인플라자,동대문디자인플라자 이간수문전시장,http://place.map.kakao.com/25754176,3.0,high
st_09506,동대문디자인플라자,동대문디자인플라자 이간수문전시장,http://place.map.kakao.com/25754176,3.0,high
st_08283,서울경찰청,윤이상사 씨스페이드서울경찰청점,http://place.map.kakao.com/345978481,0.0,high
st_17476,서울경찰청,윤이상사 씨스페이드서울경찰청점,http://place.map.kakao.com/345978481,0.0,high
st_08284,청와대,청와대 사랑채,http://place.map.kakao.com/8167380,448.0,mid
st_08285,평창40길,세인트와인shop,http://place.map.kakao.com/2140761251,70.0,mid
st_08286,평창7길,감람산기도원,http://place.map.kakao.com/10119195,26.0,mid
st_08287,이엔갤러리,이엔갤러리,http://place.map.kakao.com/1684219944,5.0,high
st_08288,경희대학교 서울캠퍼스,경희대학교 서울캠퍼스 의학계열전문도서관,http://place.map.kakao.com/17564690,1.0,high
st_08290,노보텔 앰배서더 서울강남,서울시 강남구 노보텔앰배서더강남 전기차충전소,http://place.map.kakao.com/288804929,0.0,high
st_08291,강남대로,눈높이성형외과의원,http://place.map.kakao.com/1846523529,0.0,mid
st_08292,윤빌딩,글로리서울안과의원,http://place.map.kakao.com/26201369,0.0,mid
st_08293,청담나들목,청담나들목,http://place.map.kakao.com/897706835,13.0,high
st_08294,코엑스(아셈타워쪽),,,,low
st_08297,광명역,광명역구내식당,http://place.map.kakao.com/1130850935,0.0,high
st_08298,효원공원 월화원,효원공원 월화원 우정,http://place.map.kakao.com/1537147792,128.0,mid
st_08299,세이지우드 홍천,세이지우드 홍천,http://place.map.kakao.com/2092950955,5.0,high
st_08300,청남대,청남대 호수영미술관,http://place.map.kakao.com/339057499,1.0,high
st_08301,국립대전현충원,무인민원발급창구 국립대전현충원 충혼당,http://place.map.kakao.com/258229602,1.0,high
st_08302,대전둔산경찰서,대전 대전경찰청 둔산경찰서 전기차충전소,http://place.map.kakao.com/1047457306,0.0,high
st_10871,대전둔산경찰서,대전 대전경찰청 둔산경찰서 전기차충전소,http://place.map.kakao.com/1047457306,0.0,high
st_08303,온빛자연휴양림,온빛자연휴양림,http://place.map.kakao.com/767198371,3.0,high
st_08304,국립5.18민주묘지,국립5.18민주묘지 추념문,http://place.map.kakao.com/18080638,1.0,high
st_08305,광주송정역,광주송정역 공중화장실,http://place.map.kakao.com/1602304995,19.0,high
st_08306,기림사,기림사 명부전,http://place.map.kakao.com/791098267,282.0,mid
st_08307,양지골로,양지골복합센터,http://place.map.kakao.com/26566076,121.0,mid
st_08308,중앙디엔씨,,,,low
st_08452,동남빌딩,동남빌딩,http://place.map.kakao.com/23891371,0.0,high
st_08453,본동집,,,265.0,low
st_08454,마포경찰서옆,,,,low
st_08455,반포대교,반포대교 달빛무지개분수,http://place.map.kakao.com/12697772,131.0,mid
st_08456,5500012카페,,,,low
st_08457,동방그린빌라,동방그린빌라,http://place.map.kakao.com/427866945,0.0,high
st_08458,성북구집,,,201.0,low
st_08459,승진슈퍼,,,,low
st_08460,창신빌라5차,창신빌라5차,http://place.map.kakao.com/993037660,0.0,high
st_08461,아리따움,,,,low
st_08462,오거리감자탕,오거리감자탕홍어,http://place.map.kakao.com/16058018,0.0,high
st_08463,더사보르,,,,low
st_08464,시져지카페,,,,low
st_08465,여의도한강공원,여의도한강공원 멀티플라자,http://place.map.kakao.com/25758412,42.0,high
st_08467,원조자원대구탕,원조자원대구탕,http://place.map.kakao.com/21325293,2.0,high
st_08468,신광사,신광사,http://place.map.kakao.com/11306896,354.0,mid
st_08622,자유공원,자유공원지상화장실,http://place.map.kakao.com/1122761156,1.0,high
st_08623,청담드메르,,,,low
st_08624,서울집,서울집 독산점,http://place.map.kakao.com/23967626,0.0,high
st_08627,샤론미용실앞,,,,low
st_08628,참농,참농,http://place.map.kakao.com/1629293241,20.0,high
st_08629,돈치킨,,,,low
st_08630,LA갈비,,,,low
st_08632,틈,틈,http://place.map.kakao.com/21410624,3.0,high
st_08633,이태리타올,,,,low
st_08634,CU 마포망원점,CU 마포망원점,http://place.map.kakao.com/15746542,0.0,high
st_08635,몽마르뜨언덕위 은하수다방,,,,low
st_11489,몽마르뜨언덕위 은하수다방,,,,low
st_08636,연남장,연남장,http://place.map.kakao.com/1115772275,0.0,high
st_15254,연남장,연남장,http://place.map.kakao.com/1115772275,0.0,high
st_17958,연남장,연남장,http://place.map.kakao.com/1115772275,0.0,high
st_08637,캐틀앤비,캐틀앤비 양재천점 주차장,http://place.map.kakao.com/1125385629,0.0,high
st_08638,에리트빌딩,케이오짐 여의도점,http://place.map.kakao.com/142091904,0.0,mid
st_08640,더리버,카페렌토1975 더리버점,http://place.map.kakao.com/83697966,60.0,high
st_08641,동작대교,동작대교 공영주차장,http://place.map.kakao.com/25632301,134.0,mid
st_08642,감고당길,서울명예도로 감고당길,http://place.map.kakao.com/90988882,146.0,mid
st_08643,서울공예박물관앞,,,,low
st_08644,포레나 영등포 센트럴,포레나영등포센트럴아파트 정문,http://place.map.kakao.com/1401374998,0.0,high
st_08645,히든바이크,히든바이크,http://place.map.kakao.com/249819386,0.0,high
st_08646,코트야드 메리어트 서울 타임스퀘어,코트야드바이메리어트호텔 모모카페,http://place.map.kakao.com/250942734,48.0,high
st_08647,피자쏭앞,,,,low
st_08649,매그놀리아,매그놀리아,http://place.map.kakao.com/272387112,0.0,high
st_08650,그랜드센트럴,그랜드센트럴,http://place.map.kakao.com/1353992012,0.0,high
st_08651,충무로,성일카렌다,http://place.map.kakao.com/9143286,0.0,mid
st_08652,충무로5길,을지하옥,http://place.map.kakao.com/1481437462,5.0,mid
st_08653,섹터커피 을지로점,섹터커피 을지로점,http://place.map.kakao.com/624416867,5.0,high
st_08654,고려대학교 안암병원,퀴즈노스 고대안암병원점,http://place.map.kakao.com/1603876812,0.0,high
st_08655,천호대로91길,LB컴퍼니,http://place.map.kakao.com/1200573551,24.0,mid
st_08656,"한강(동호대교,성수대교사이)",,,,low
st_08657,영동대교,영동대교,http://place.map.kakao.com/8009979,176.0,mid
st_08658,골든슬럼버,골든슬럼버,http://place.map.kakao.com/1333115565,2.0,high
st_08659,삼성로146길,소스 청담동본점,http://place.map.kakao.com/16037890,8.0,mid
st_08660,호텔엔트라 강남,엔트라강남호텔 주차장,http://place.map.kakao.com/1809135415,0.0,high
st_08661,알로하복싱짐 삼성점,알로하복싱짐 삼성점,http://place.map.kakao.com/1898331786,4.0,high
st_10849,알로하복싱짐 삼성점,알로하복싱짐 삼성점,http://place.map.kakao.com/1898331786,4.0,high
st_08662,청라동집,,,340.0,low
st_08663,청라한내로,우블리공부방,http://place.map.kakao.com/455164521,69.0,mid
st_08664,한내삼거리,한내삼거리,http://place.map.kakao.com/511160431,200.0,mid
st_08665,청라한내로162번길,멍플레이스,http://place.map.kakao.com/200358041,58.0,mid
st_08666,구움다방(폐업),,,,low
st_08667,연희삼성아파트,연희삼성아파트 전기차충전소,http://place.map.kakao.com/877218947,33.0,high
st_08669,로뎀요양병원,로뎀요양병원,http://place.map.kakao.com/21459813,0.0,high
st_08670,인천보훈병원,인천보훈병원 전기차충전소,http://place.map.kakao.com/1666282604,0.0,high
st_08671,트레이더스홀세일클럽 일산점,트레이더스홀세일클럽 일산점,http://place.map.kakao.com/27311536,10.0,high
st_08672,모던복싱클럽 도래울점,모던복싱클럽 도래울점,http://place.map.kakao.com/1998336604,4.0,high
st_08673,삼송로(1),,,326.0,low
st_08674,삼송로(2),,,,low
st_08675,삼송로(3),,,,low
st_08676,장미아파트,장미아파트,http://place.map.kakao.com/11306310,3.0,high
st_08677,천광카센타,,,,low
st_08678,부천프라자,신화웨딩프라자,http://place.map.kakao.com/10610139,3.0,high
st_08679,브리드인,브리드인,http://place.map.kakao.com/1223402278,1.0,high
st_08680,소사이어티 카페,소사이어티카페,http://place.map.kakao.com/698247693,0.0,high
st_08681,AXIS금정,,,,low
st_08682,자혜로(1),,,296.0,low
st_08683,자혜로(2),은행1동제2노인정,http://place.map.kakao.com/24049833,45.0,mid
st_08684,산성대로372번길,편안한고시원,http://place.map.kakao.com/23201235,30.0,mid
st_08685,광명로,신구부동산,http://place.map.kakao.com/77148071,0.0,mid
st_08686,단대오거리,길동우동 단대오거리역점,http://place.map.kakao.com/185541987,1.0,high
st_08687,산성대로,와다다,http://place.map.kakao.com/16002279,0.0,mid
st_08688,공원로,성창장갑,http://place.map.kakao.com/890847294,26.0,mid
st_08689,판교역로,세븐일레븐 판교점,http://place.map.kakao.com/1562060908,0.0,mid
st_08690,시럽,시럽,http://place.map.kakao.com/1691477102,0.0,high
st_08691,심재훈 동물병원,,,,low
st_08692,탄현로(1),,,200.0,low
st_08693,탄현로(2),,,181.0,low
st_08694,우성세라믹스공업,,,,low
st_08696,밀리언그라운드 홍천,밀리언그라운드 홍천,http://place.map.kakao.com/1039024207,0.0,high
st_08697,원주세브란스기독병원,무인민원발급창구 세브란스기독병원,http://place.map.kakao.com/776772931,0.0,high
st_08699,금송,금송,http://place.map.kakao.com/20033349,0.0,high
st_08700,대전광역시청,대전광역시청 구내이발소,http://place.map.kakao.com/699575409,17.0,high
st_11283,대전광역시청,대전광역시청 구내이발소,http://place.map.kakao.com/699575409,17.0,high
st_12099,대전광역시청,대전광역시청 구내이발소,http://place.map.kakao.com/699575409,17.0,high
st_08701,서대전지구대,서대전지구대,http://place.map.kakao.com/7938557,4.0,high
st_08702,군산체육관,군산체육관,http://place.map.kakao.com/8827849,2.0,high
st_08703,옛장흥교도소,빠삐용집,http://place.map.kakao.com/2067053099,27.0,mid
st_08704,김천 폐대학,,,,low
st_08790,울프강 스테이크하우스 청담점,울프강스테이크하우스 청담점,http://place.map.kakao.com/26572124,11.0,high
st_08791,아크레도 청담점,아크레도 청담점,http://place.map.kakao.com/1411312080,464.0,mid
st_09521,아크레도 청담점,아크레도 청담점,http://place.map.kakao.com/1411312080,464.0,mid
st_15687,아크레도 청담점,아크레도 청담점,http://place.map.kakao.com/1411312080,464.0,mid
st_08792,청담역3번출구,청담역 7호선 3번출구,http://place.map.kakao.com/11249853,10.0,high
st_08793,스타시티서울레스토랑,메종 드 플래터 스타 시티서울 레스토랑,http://place.map.kakao.com/922073072,7.0,high
st_08795,BBQ(이대점),BBQ 이대점,http://place.map.kakao.com/1776535258,11.0,high
st_08796,에브라임안경,에브라임,http://place.map.kakao.com/615232352,29.0,high
st_08797,제네시스비비큐,BBQ 패밀리타운점,http://place.map.kakao.com/266652655,0.0,mid
st_08798,써브웨이 독립문점,써브웨이 독립문점,http://place.map.kakao.com/97967108,41.0,high
st_08799,할머니북어탕,능곡할머니북어탕,http://place.map.kakao.com/16514327,0.0,high
st_08800,엠코헤리츠,"정자역엠코헤리츠오피스텔(1,2,3,4단지) 401동",http://place.map.kakao.com/27109625,14.0,high
st_08801,엔젤리너스,,,,low
st_08802,모다백화점(부평점),미소페 모다백화점부평점,http://place.map.kakao.com/1683482692,0.0,high
st_08803,공원장,공원장,http://place.map.kakao.com/8748901,2.0,high
st_08804,신제물포구락부스튜디오,,,,low
st_08805,롯데백화점,하파크리스틴 올리브영롯데백화점인천점,http://place.map.kakao.com/759168932,0.0,high
st_08806,영림홈앤리빙 인천갤러리,,,,low
st_08977,예전,예전,http://place.map.kakao.com/8014551,18.0,high
st_08979,홍예문,홍예문인근 공영주차장,http://place.map.kakao.com/26283456,119.0,mid
st_08981,일광전구라이트하우스,,,,low
st_08982,버스정류장,,,,low
st_08983,샛골설렁탕,샛골설렁탕,http://place.map.kakao.com/1281235149,4.0,high
st_08984,웰빙쌈밥앤칡불냉면,,,,low
st_08985,서브웨이,써브웨이 인천길병원점,http://place.map.kakao.com/196889508,15.0,mid
st_08986,송도아울렛,디스커버리 현대송도아울렛점,http://place.map.kakao.com/1489936171,286.0,mid
st_08987,서래갈매기,,,,low
st_08988,피자알볼로,피자알볼로 역삼직영점,http://place.map.kakao.com/1999429753,1.0,high
st_11477,피자알볼로,피자알볼로 역삼직영점,http://place.map.kakao.com/1999429753,1.0,high
st_08990,엔젤리너스,,,,low
st_08991,한강대교,한강대교,http://place.map.kakao.com/61527402,221.0,mid
st_08992,노들견우카페,,,,low
st_08993,후암동집,도동집,http://place.map.kakao.com/27270808,444.0,mid
st_09490,코스모스분식,코스모스 분식,http://place.map.kakao.com/16646821,0.0,high
st_09491,상암카이저팰리스클래식아파트,상암카이저팰리스클래식아파트,http://place.map.kakao.com/11349190,69.0,high
st_09492,우리기술빌딩,우리기술빌딩 주차장,http://place.map.kakao.com/1757775617,2.0,high
st_09494,가온문화공원 앞,,,,low
st_09495,알페로,알페로,http://place.map.kakao.com/1114478955,0.0,high
st_09496,"한강(양화대교,서강대교사이)",,,,low
st_09497,성산로22길,세븐일레븐 신촌원룸점,http://place.map.kakao.com/893158682,0.0,mid
st_09498,티앙팡 오후의 홍차,티앙팡 오후의홍차,http://place.map.kakao.com/8117216,10.0,high
st_09499,FF,클럽FF,http://place.map.kakao.com/13494735,1.0,high
st_09500,메머드익스프레스 홍대정문점 앞,,,,low
st_09501,TYPE 한강점,타이프 한강점,http://place.map.kakao.com/2001197337,0.0,mid
st_09502,카페로드,,,,low
st_09503,밤노을,밤노을,http://place.map.kakao.com/1244495751,1.0,high
st_09504,레스케이프호텔 마크다모르,마크다모르,http://place.map.kakao.com/1048179473,10.0,high
st_09505,커피한약방,커피한약방,http://place.map.kakao.com/1440347564,0.0,high
st_09507,남도분식 익선점,남도분식 익선점,http://place.map.kakao.com/763250184,0.0,high
st_09508,쇠고집,쇠고집,http://place.map.kakao.com/26991781,3.0,high
st_09509,복정우물앞,,,,low
st_09510,중앙고등학교,중앙고등학교 교무실,http://place.map.kakao.com/10000529,60.0,high
st_15260,중앙고등학교,중앙고등학교 교무실,http://place.map.kakao.com/10000529,60.0,high
st_16942,중앙고등학교,중앙고등학교 교무실,http://place.map.kakao.com/10000529,60.0,high
st_17479,중앙고등학교,중앙고등학교 교무실,http://place.map.kakao.com/10000529,60.0,high
st_18801,중앙고등학교,중앙고등학교 교무실,http://place.map.kakao.com/10000529,60.0,high
st_09511,고려사이버대학교인촌관,고려사이버대학교 인촌관,http://place.map.kakao.com/424457338,245.0,mid
st_09512,삼일대로32길,갤러리공간35,http://place.map.kakao.com/474132916,13.0,mid
st_09513,CU종로신영점,CU ATM 종로신영점,http://place.map.kakao.com/1033851501,0.0,high
st_09514,서울시립대학교 인문학관,서울시립대학교 인문학관,http://place.map.kakao.com/23313664,163.0,mid
st_09515,구포국수,구포국수 1호점,http://place.map.kakao.com/21532276,2.0,high
st_09516,성북천,서울물빛나루 12호 성북천 바람쉼터,http://place.map.kakao.com/45169287,250.0,mid
st_09517,정릉풍림아이원아파트 125동,정릉풍림아이원아파트(122-125동) 전기차충전소,http://place.map.kakao.com/374145577,331.0,mid
st_09518,에픽에스프레소더커피바,,,,low
st_09519,상상플래닛,KT&G 상상플래닛,http://place.map.kakao.com/181200093,7.0,high
st_09523,인천강화경찰서,인천강화경찰서,http://place.map.kakao.com/18515870,20.0,high
st_16952,인천강화경찰서,인천강화경찰서,http://place.map.kakao.com/18515870,20.0,high
st_18121,인천강화경찰서,인천강화경찰서,http://place.map.kakao.com/18515870,20.0,high
st_09524,계약주식동네포차,,,,low
st_09525,인스파이어 엔터테인먼트 리조트,파나셀바이오텍 인스파이어 엔터테인먼트 리조트,http://place.map.kakao.com/945814441,0.0,high
st_09526,파라다이스시티호텔,파라다이스시티호텔,http://place.map.kakao.com/527592042,27.0,high
st_09527,그랜드하얏트인천,푸디스트 그랜드하얏트인천점,http://place.map.kakao.com/540875750,6.0,high
st_09528,CU학익현광점,CU 학익현광점,http://place.map.kakao.com/782220037,0.0,high
st_09529,꽃게담다by블루베리팜 송도점,꽃게담다by블루베리팜 송도점,http://place.map.kakao.com/420689515,2.0,high
st_09530,시향,,,,low
st_09531,부흥로,아리랑갈비 양주점,http://place.map.kakao.com/1280745585,63.0,mid
st_09532,흑사당,흑사당,http://place.map.kakao.com/1254699372,0.0,high
st_09533,로스팅하우스 커피탄생,로스팅하우스 커피탄생,http://place.map.kakao.com/671628248,6.0,high
st_17512,로스팅하우스 커피탄생,로스팅하우스 커피탄생,http://place.map.kakao.com/671628248,6.0,high
st_09534,문학사상,문학사상,http://place.map.kakao.com/8192029,6.0,high
st_09536,은행프라자,은행프라자,http://place.map.kakao.com/14970026,2.0,high
st_09537,르팽드파크23,,,,low
st_09538,경희대학교 평화복지대학원,경희대학교평화복지대학원 삼정서현,http://place.map.kakao.com/17567383,49.0,high
st_16425,경희대학교 평화복지대학원,경희대학교평화복지대학원 삼정서현,http://place.map.kakao.com/17567383,49.0,high
st_17583,경희대학교 평화복지대학원,경희대학교평화복지대학원 삼정서현,http://place.map.kakao.com/17567383,49.0,high
st_09539,한채당,한채당,http://place.map.kakao.com/26423892,0.0,high
st_09540,가르텐비어 광명철산점,가르텐비어 철산점,http://place.map.kakao.com/11961678,6.0,high
st_09541,올림픽수영장,안산올림픽수영장 전기차충전소,http://place.map.kakao.com/822716297,0.0,high
st_09542,평촌한림대성심병원,한림대학교성심병원,http://place.map.kakao.com/8131248,0.0,high
st_09543,땅콩카페,땅콩카페,http://place.map.kakao.com/1016018123,1.0,high
st_09544,행궁호두,행궁호두,http://place.map.kakao.com/1936126083,0.0,high
st_09545,행궁동주민센터앞,,,,low
st_09546,몽테드,몽테드,http://place.map.kakao.com/1188686187,0.0,high
st_09547,신풍연립앞,,,,low
st_09548,화홍마트,화홍마트,http://place.map.kakao.com/959499035,0.0,high
st_09549,못골시장,못골종합시장 상인회,http://place.map.kakao.com/11608139,2.0,high
st_09550,K3마트앞,,,,low
st_09551,수원천로392번길,주목,http://place.map.kakao.com/1927352747,25.0,mid
st_09552,경수대로743번길,한남시스템에어컨,http://place.map.kakao.com/281978430,5.0,mid
st_09553,용연,용연,http://place.map.kakao.com/821726308,2.0,high
st_09554,화홍문앞,,,,low
st_09555,수원천,수원천,http://place.map.kakao.com/17522537,345.0,mid
st_09556,화홍문근처,,,,low
st_09557,북동포루가는길,수원화성 북동포루,http://place.map.kakao.com/17579945,74.0,high
st_09558,권육회,권육회,http://place.map.kakao.com/1267969310,6.0,high
st_09559,카페베네 망포역점,카페베네 수원망포역점,http://place.map.kakao.com/264068565,1.0,high
st_09560,설빙 수원망포역점,설빙 수원망포역점,http://place.map.kakao.com/478288743,0.0,high
st_09561,동탄호수공원,동탄호수공원 유아숲체험원 주차장,http://place.map.kakao.com/1130484465,11.0,high
st_09562,수원대학교,수원대학교 미술대학원,http://place.map.kakao.com/23728328,0.0,high
st_09564,아야진해수욕장,아야진해수욕장,http://place.map.kakao.com/7990660,455.0,mid
st_09565,삼원슈퍼,,,,low
st_09566,아야진소길,아야진가스,http://place.map.kakao.com/450004042,263.0,mid
st_09567,아야진항,아야진항 산타마리아호,http://place.map.kakao.com/1341060750,236.0,mid
st_09568,스테이해돋 앞바다,,,445.0,low
st_09569,바다민박,바다민박,http://place.map.kakao.com/215937575,10.0,high
st_09570,충남대학교 대덕캠퍼스,충남대학교 대덕캠퍼스 문원강당,http://place.map.kakao.com/1413929736,70.0,high
st_09571,마도 해안절벽,,,,low
st_09572,마도길(2),,,,low
st_09573,마도길,마도수산,http://place.map.kakao.com/1947564363,374.0,mid
st_09574,신진부두,,,,low
st_09575,삽교호놀이동산,삽교호놀이공원,http://place.map.kakao.com/15315811,25.0,high
st_16585,삽교호놀이동산,삽교호놀이공원,http://place.map.kakao.com/15315811,25.0,high
st_09576,CGV 천안,CGV 천안,http://place.map.kakao.com/10818992,3.0,high
st_09577,금강교,금강교,http://place.map.kakao.com/15153937,137.0,mid
st_09578,금강공원길,금성동체육공원,http://place.map.kakao.com/1815558544,146.0,mid
st_09579,임실역,코레일 임실역 전기차충전소,http://place.map.kakao.com/399815716,0.0,high
st_09580,무등산편백자연휴양림,무등산 편백자연휴양림 대강당,http://place.map.kakao.com/17575608,91.0,high
st_09581,김천실내수영장,,,212.0,low
st_10114,동일슈퍼,,,,low
st_10115,서니구락부,서니구락부,http://place.map.kakao.com/26976450,3.0,high
st_16159,서니구락부,서니구락부,http://place.map.kakao.com/26976450,3.0,high
st_10116,압구정나들목,한강공원압구정나들목 진출입로2,http://place.map.kakao.com/24580417,143.0,mid
st_10117,마포진짜원조최대포본점,,,,low
st_10118,오동근린공원,오동근린공원 놀이공간,http://place.map.kakao.com/1854246581,112.0,mid
st_10119,새창로49길,박여사,http://place.map.kakao.com/1419529868,13.0,mid
st_17553,새창로49길,박여사,http://place.map.kakao.com/1419529868,13.0,mid
st_10120,삼부조명,,,,low
st_10121,화신유통,,,,low
st_10123,교보빌딩앞,,,,low
st_10124,보신각터,보신각터,http://place.map.kakao.com/7899027,2.0,high
st_10125,효자분식,효자분식,http://place.map.kakao.com/1334232427,2.0,high
st_10153,강변북로,,,,low
st_10154,"반포대교,잠수교",잠수교,http://place.map.kakao.com/17350404,123.0,mid
st_10155,코엑스교차로,코엑스교차로,http://place.map.kakao.com/10825880,222.0,mid
st_10156,잠실종합운동장,종합운동장119안전센터,http://place.map.kakao.com/1381734070,1.0,high
st_16415,잠실종합운동장,종합운동장119안전센터,http://place.map.kakao.com/1381734070,1.0,high
st_10157,부천아트벙커 B39,부천아트벙커B39 주차장,http://place.map.kakao.com/127630318,36.0,high
st_10210,비엔나커피 센트럴,비엔나커피센트럴,http://place.map.kakao.com/1720851373,2.0,high
st_10212,아이오유,아이오유,http://place.map.kakao.com/8021209,1.0,high
st_10214,한림연예에술고등학교,,,,low
st_10216,월미도,월미도 조개장인 본점,http://place.map.kakao.com/191670647,13.0,high
st_10217,그랜드마트앞,,,,low
st_10218,송림로61번길,광일컴퓨터세탁,http://place.map.kakao.com/27458384,91.0,mid
st_10219,고려빌라,고려빌라,http://place.map.kakao.com/904686298,0.0,high
st_10220,인천대중예술고등학교,인천대중예술고등학교 전기차충전소,http://place.map.kakao.com/151050122,0.0,high
st_10221,서화어린이공원,,,,low
st_10222,약산길,약산미용실,http://place.map.kakao.com/15879747,10.0,high
st_10223,라몬테이탈리아노,라몬테이탈리아노,http://place.map.kakao.com/1943230353,9.0,high
st_10224,아이스걸크림보이 일산점,아이스걸크림보이 일산점,http://place.map.kakao.com/1637524244,86.0,high
st_10225,교보문고 일산점,교보문고 일산점,http://place.map.kakao.com/1700371300,80.0,high
st_14011,교보문고 일산점,교보문고 일산점,http://place.map.kakao.com/1700371300,80.0,high
st_10226,블랙롤스,블랙롤스,http://place.map.kakao.com/370475504,2.0,high
st_10227,메트로타워 예미지,메트로 타워 예미지 부동산,http://place.map.kakao.com/222951838,20.0,high
st_10228,김해본가뒷고기,김해본가뒷고기,http://place.map.kakao.com/13142868,11.0,high
st_10229,레미안부천어반비스타,래미안어반비스타아파트 전기차충전소,http://place.map.kakao.com/419344335,0.0,high
st_10230,거북섬로,남진식당 거북섬점,http://place.map.kakao.com/2021485897,0.0,high
st_10231,카페 웨이브 시흥거북섬점,블루웨이브커피 시흥 거북섬점,http://place.map.kakao.com/2064237812,430.0,mid
st_10232,위례 지웰푸르지오앞,,,,low
st_10233,성남외국어고등학교,성남외국어고등학교,http://place.map.kakao.com/120990521,7.0,high
st_10234,단국대학교 죽전캠퍼스 법정관,,,,low
st_10274,삼진제약 마곡연구센터,서울시 삼진제약연구센터 전기차충전소,http://place.map.kakao.com/1965991028,0.0,high
st_10276,해피베어데이 합정 본점,,,,low
st_10278,여의도환승센터 횡단보도,,,,low
st_10279,여의도한강공원,한강달빛야시장 여의도한강공원,http://place.map.kakao.com/1494340973,65.0,high
st_10280,여의나루로,여의도우체국,http://place.map.kakao.com/1136898593,0.0,mid
st_10281,부국증권사거리,,,,low
st_10282,여의나루로2길,서울윤중초등학교,http://place.map.kakao.com/8370213,86.0,mid
st_10283,대륭포스트타워8차,NHN커머스,http://place.map.kakao.com/1790843526,0.0,mid
st_10284,동작대교,반포6동작대교하부화장실,http://place.map.kakao.com/26333480,159.0,mid
st_10285,이태원지하차도,이태원지하차도,http://place.map.kakao.com/8049130,260.0,mid
st_10286,몬드리안 서울이태원,몬드리안서울이태원 프리빌리지 바,http://place.map.kakao.com/1204490733,0.0,high
st_10287,클리프 서울,클리프 서울,http://place.map.kakao.com/2084318640,0.0,high
st_10288,"서울 중구,종로일대",,,,low
st_10289,긴자료코 신사본점,긴자료코 신사본점,http://place.map.kakao.com/1500504280,0.0,high
st_16401,긴자료코 신사본점,긴자료코 신사본점,http://place.map.kakao.com/1500504280,0.0,high
st_10290,중앙대학교사범대학부속고등학교,중앙대학교사범대학부속고등학교,http://place.map.kakao.com/10791819,46.0,high
st_10291,종합운동장역,세븐일레븐 종합운동장점,http://place.map.kakao.com/168567873,0.0,high
st_10292,종합운동장역2번출구,종합운동장역 2호선 2번출구,http://place.map.kakao.com/10795131,17.0,high
st_10293,종합운동장역1번출구,종합운동장역 2호선 1번출구,http://place.map.kakao.com/8519601,30.0,high
st_10294,잠실새내역,새내역약국,http://place.map.kakao.com/249327252,0.0,high
st_10295,메종 드 플래터 스타스티서울 레스토랑,,,,low
st_10299,삼양라운드힐,,,,low
st_10300,삽교호놀이공원,삽교호놀이공원,http://place.map.kakao.com/15315811,25.0,high
st_10301,삽교호바다공원,삽교호바다공원,http://place.map.kakao.com/1284098355,65.0,high
st_10302,새마을로3599번길,예천식당,http://place.map.kakao.com/16725814,18.0,mid
st_10303,신일철물상회,신일철물상회,http://place.map.kakao.com/12517797,2.0,high
st_10304,선류산장,선류산장,http://place.map.kakao.com/7939682,19.0,high
st_10305,부부산약초달임방,부부산약초달임방,http://place.map.kakao.com/26436574,14.0,high
st_10306,화진해수욕장,화진해수욕장 화장실,http://place.map.kakao.com/190519602,2.0,high
st_10307,해안로2626번길,소솜집,http://place.map.kakao.com/526618618,0.0,mid
st_10308,월포역,월포역,http://place.map.kakao.com/2119853278,19.0,high
st_10309,청하로192번길,영일식육식당,http://place.map.kakao.com/16846451,0.0,mid
st_10310,청하로175번길(1),,,,low
st_10311,청하로175번길(2),,,280.0,low
st_10312,청하중학교,청하중학교,http://place.map.kakao.com/10858691,66.0,high
st_10313,월포다리,월포다리,http://place.map.kakao.com/1587267264,39.0,high
st_10314,곡강초등학교,곡강초등학교,http://place.map.kakao.com/11027136,13.0,high
st_10315,사방기념공원,사방기념공원 사방기념관,http://place.map.kakao.com/14681881,9.0,high
st_10316,해안로,해안가펜션,http://place.map.kakao.com/1493697007,194.0,mid
st_10317,칠포항,,,,low
st_10318,기계파출소,포항시 기계파출소 전기차충전소,http://place.map.kakao.com/2022843374,0.0,high
st_10319,새마을발상지길113번길,,,,low
st_10320,해안로(2),,,,low
st_10321,해안로(3),,,,low
st_10322,해안로(4),,,,low
st_10323,낭만짚불구이 포항영일대점,낭만짚불구이 포항영일대점,http://place.map.kakao.com/304948133,10.0,high
st_10324,고바우식당,고바우식당,http://place.map.kakao.com/10160608,2.0,high
st_10325,청포도다방(폐업),,,,low
st_10326,죽도시장(1),죽도시장 제1공영주차장,http://place.map.kakao.com/18245161,299.0,mid
st_10327,죽도시장(2),죽도시장 제2공영주차장,http://place.map.kakao.com/1946481883,132.0,mid
st_10328,죽도시장(3),죽도시장 제3공영주차장,http://place.map.kakao.com/628363073,288.0,mid
st_10329,시장칼국수,죽도시장칼제비,http://place.map.kakao.com/1189241345,142.0,mid
st_10330,책방수북,책방수북(도서출판득수),http://place.map.kakao.com/897104513,0.0,high
st_10331,건널목,건널목,http://place.map.kakao.com/16843741,0.0,high
st_10332,서동로,행운철길숲,http://place.map.kakao.com/347470100,44.0,mid
st_10333,포항동물병원,포항동물병원,http://place.map.kakao.com/9538255,0.0,high
st_10334,써브웨이 포항남부디티점,써브웨이 포항남부DT점,http://place.map.kakao.com/1905468193,4.0,high
st_10335,대신로30번길,북부과일,http://place.map.kakao.com/12331433,13.0,mid
st_10336,북부시장,북부시장,http://place.map.kakao.com/18525149,0.0,high
st_10337,예가참숯불구이,예가참숯불구이,http://place.map.kakao.com/11195598,1.0,high
st_10338,송도해수욕장 여신상,송도해수욕장 여신상,http://place.map.kakao.com/26873928,173.0,mid
st_10339,희망대로,치킨공작소,http://place.map.kakao.com/727429562,0.0,mid
st_10340,포항운하관,포항운하관,http://place.map.kakao.com/25538688,20.0,high
st_10341,대해웰빙마트,대해웰빙마트,http://place.map.kakao.com/16929841,13.0,high
st_10342,포항터미널,포항터미널개발,http://place.map.kakao.com/1322848023,0.0,high
st_10343,포항공대 메타세콰이어,,,,low
st_10344,철길숲,철길숲 스마트도서관,http://place.map.kakao.com/1545390496,72.0,high
st_10345,유강유치원,유강유치원 행정실,http://place.map.kakao.com/8477077,0.0,high
st_10346,시골밥상,포항 시골밥상 전기차충전소,http://place.map.kakao.com/1201105093,2.0,high
st_10347,호미로,,,168.0,low
st_10348,호미곶해맞이광장,호미곶해맞이광장 연오랑세오녀상,http://place.map.kakao.com/17808853,115.0,mid
st_10349,해맞이로46번길(1),,,,low
st_10350,해맞이로46번길,,,111.0,low
st_10351,해맞이로46번길(3),,,,low
st_10352,일출로,딥스온풀빌라,http://place.map.kakao.com/1890787556,74.0,mid
st_10353,땅끝황토펜션야영장,땅끝황토펜션야영장,http://place.map.kakao.com/24440975,36.0,high
st_10354,구평리집,,,399.0,low
st_10355,구평보건소 정류장(285034),,,,low
st_10356,석병리집(1),,,,low
st_10357,석병1리방파제,석병1리 방파제,http://place.map.kakao.com/718040376,15.0,high
st_10358,석병리집(2),,,,low
st_10359,구룡포길,구룡포5리경로당,http://place.map.kakao.com/23858538,45.0,high
st_10360,구룡포길계단(동백꽃필무렵),,,,low
st_10362,아라회대게,아라회대게,http://place.map.kakao.com/276181933,0.0,high
st_10363,호미로,우체통,http://place.map.kakao.com/184369080,22.0,mid
st_10364,장기읍성,장기읍성,http://place.map.kakao.com/11738286,245.0,mid
st_10365,신창해수욕장,신창해수욕장,http://place.map.kakao.com/27429346,284.0,mid
st_10366,신창방파제,신창방파제,http://place.map.kakao.com/1738867857,0.0,high
st_10367,동해안로3261번길,,,,low
st_10368,양포삼거리생아구탕,양포삼거리생아구탕,http://place.map.kakao.com/9118877,3.0,high
st_10369,양포항길,도현수산,http://place.map.kakao.com/273672856,10.0,mid
st_10370,구룡포수협 장기지점,구룡포수협 장기지점,http://place.map.kakao.com/494147533,0.0,high
st_10371,계원리 등대,양포항로표지관리소,http://place.map.kakao.com/1511602098,59.0,mid
st_10445,개화동집,개화역분식집,http://place.map.kakao.com/782545697,335.0,mid
st_10446,고척스카이돔,고척스카이돔,http://place.map.kakao.com/7890664,0.0,high
st_10447,상암DMC홍보관.YTN,,,,low
st_10448,히브루스,,,,low
st_10449,콜린,콜린,http://place.map.kakao.com/26966842,1.0,high
st_11483,콜린,콜린,http://place.map.kakao.com/26966842,1.0,high
st_12183,콜린,콜린,http://place.map.kakao.com/26966842,1.0,high
st_10450,신촌설렁탕,신촌설렁탕 본점,http://place.map.kakao.com/1770798831,493.0,mid
st_10451,바이젠하우스,바이젠하우스 방배1호점,http://place.map.kakao.com/27020392,7.0,high
st_10452,아크로리버파크107동,아크로리버파크아파트 107동,http://place.map.kakao.com/26772082,160.0,mid
st_10453,봄봄,,,,low
st_10454,쉐프조,쉐프조,http://place.map.kakao.com/15825589,5.0,high
st_10455,대우트럼프월드II,대우트럼프월드2차아파트 A동,http://place.map.kakao.com/26730287,7.0,high
st_10456,희망디젤,희망디젤,http://place.map.kakao.com/10957040,3.0,high
st_10457,하남돼지/코엑스점,,,,low
st_10458,이대서울병원,이대서울병원 주차장,http://place.map.kakao.com/589665124,0.0,high
st_16351,이대서울병원,이대서울병원 주차장,http://place.map.kakao.com/589665124,0.0,high
st_10459,병원1층/파리크라상,,,,low
st_10460,수노래방,수노래연습장 럭셔리홍대점,http://place.map.kakao.com/14535091,0.0,mid
st_10461,에그드랍강남본점,에그드랍 강남본점,http://place.map.kakao.com/180517209,10.0,high
st_10462,보나베띠/여의도점,,,,low
st_10463,노원경찰서,노원경찰서 경무과 개방화장실,http://place.map.kakao.com/26336281,66.0,high
st_10464,GS25 중계에이스점,,,,low
st_10465,미증유옆,,,,low
st_10466,서브웨이,써브웨이 상수역점,http://place.map.kakao.com/27432909,5.0,high
st_10467,그문화다방,그문화다방,http://place.map.kakao.com/15864184,0.0,high
st_10468,물빛광장,여의도물빛광장,http://place.map.kakao.com/26974731,63.0,high
st_10470,CU맞은편,,,,low
st_10471,은영슈퍼,,,,low
st_10472,동양상가,동양상가,http://place.map.kakao.com/1472550493,2.0,high
st_10473,다미보석,다미보석,http://place.map.kakao.com/15972258,2.0,high
st_10474,다음코리아,,,,low
st_10475,전진사,전진사,http://place.map.kakao.com/1286521132,3.0,high
st_10476,광화문역,NH농협은행 NH금융PLUS 광화문역센터,http://place.map.kakao.com/9741090,43.0,high
st_10477,전일모터스,,,,low
st_10478,남산육교,남산육교,http://place.map.kakao.com/1900683642,20.0,high
st_10479,헬로양꼬치,,,,low
st_10833,은평신협 본점,은평신협 본점,http://place.map.kakao.com/1807534368,0.0,high
st_10834,망원동월드컵시장,망원동월드컵시장,http://place.map.kakao.com/20558363,3.0,high
st_10835,명다방,명다방,http://place.map.kakao.com/11074445,1.0,high
st_10836,더세인트41,더세인트41,http://place.map.kakao.com/2032926880,178.0,mid
st_10837,이촌한강공원 2주차장,이촌한강공원 2주차장,http://place.map.kakao.com/543075947,56.0,high
st_10838,서강껍데기,서강껍데기 3호점,http://place.map.kakao.com/16938609,0.0,high
st_19075,서강껍데기,서강껍데기 3호점,http://place.map.kakao.com/16938609,0.0,high
st_10839,세종대로,세종썸머페스티벌,http://place.map.kakao.com/216855416,0.0,mid
st_10840,편안한집,편안한집,http://place.map.kakao.com/8578960,3.0,high
st_10841,청계천로,자타공인부동산,http://place.map.kakao.com/294283142,16.0,mid
st_10842,동대문신발상가,누수전문업체,http://place.map.kakao.com/1704672567,0.0,mid
st_10843,동대문신발도매상가 b동,동대문신발도매상가 b동,http://place.map.kakao.com/2126063287,7.0,high
st_10844,청계천,청계천신발류도매시장,http://place.map.kakao.com/27016840,52.0,high
st_10845,맑은내다리,맑은내다리,http://place.map.kakao.com/24660611,87.0,high
st_10847,강남대로,올리브영 센트럴 강남 타운,http://place.map.kakao.com/1044909318,0.0,mid
st_10848,에그드랍 강남본점,에그드랍 강남본점,http://place.map.kakao.com/180517209,10.0,high
st_12056,에그드랍 강남본점,에그드랍 강남본점,http://place.map.kakao.com/180517209,10.0,high
st_10850,조선팰리스 서울 강남,조선팰리스 웨딩홀,http://place.map.kakao.com/447143025,0.0,high
st_17968,조선팰리스 서울 강남,조선팰리스 웨딩홀,http://place.map.kakao.com/447143025,0.0,high
st_10851,센터필드,이마트24 R센터필드점,http://place.map.kakao.com/128285299,0.0,high
st_15178,센터필드,이마트24 R센터필드점,http://place.map.kakao.com/128285299,0.0,high
st_10852,테헤란로,K피엠씨,http://place.map.kakao.com/1796553758,39.0,mid
st_16062,테헤란로,K피엠씨,http://place.map.kakao.com/1796553758,39.0,mid
st_10853,필경재,필경재,http://place.map.kakao.com/8128865,14.0,high
st_17573,필경재,필경재,http://place.map.kakao.com/8128865,14.0,high
st_18805,필경재,필경재,http://place.map.kakao.com/8128865,14.0,high
st_10855,긴자 송도유원지점,긴자 송도유원지점,http://place.map.kakao.com/65983946,22.0,high
st_10856,스카이캐슬,스카이캐슬,http://place.map.kakao.com/1102449511,0.0,high
st_11269,스카이캐슬,스카이캐슬,http://place.map.kakao.com/1102449511,0.0,high
st_10857,리븐델하우스,리븐델게스트하우스,http://place.map.kakao.com/1756209832,0.0,high
st_10858,아난티코드,아난티코드GC,http://place.map.kakao.com/25070222,5.0,high
st_10859,문화유통북스,문화유통북스,http://place.map.kakao.com/8977603,0.0,high
st_10860,홍삼스파 참숯가마 사우나,홍삼스파참숯가마사우나 전기차충전소,http://place.map.kakao.com/385053919,9.0,high
st_10861,두찜 파주금촌점,두찜 파주금촌점,http://place.map.kakao.com/2023915103,2.0,high
st_10863,애스톤하우스,그랜드워커힐서울 애스톤하우스,http://place.map.kakao.com/25622223,4.0,high
st_10864,안산와스타디움,와스타디움 반려견놀이터,http://place.map.kakao.com/581834430,82.0,high
st_10865,롯데인재개발원 오산캠퍼스,롯데웰푸드 롯데인재개발원오산캠퍼스점,http://place.map.kakao.com/51704111,0.0,high
st_10866,경기동로186번길,롯데인재개발원 오산캠퍼스 전기차충전소,http://place.map.kakao.com/14448603,81.0,mid
st_10867,춘천시종합경기장,,,112.0,low
st_10868,스포츠타운길,춘천송암스포츠타운 X-게임장,http://place.map.kakao.com/986500900,137.0,mid
st_10869,인제스피디움,자담치킨 인제스피디움점,http://place.map.kakao.com/1217200168,0.0,high
st_10870,켄싱턴호텔 설악,켄싱턴호텔 설악 주차장2,http://place.map.kakao.com/17578307,35.0,high
st_10872,대전외국인학교,제이제이케터링 대전외국인학교점,http://place.map.kakao.com/728796921,19.0,high
st_10873,연풍순교성지,연풍순교성지,http://place.map.kakao.com/8497578,0.0,high
st_10874,너울횟집,너울횟집,http://place.map.kakao.com/18173314,0.0,high
st_10876,황등석산,황등석산,http://place.map.kakao.com/1699809032,0.0,high
st_10877,브레스커피웍스,브레스커피웍스,http://place.map.kakao.com/1999815633,21.0,high
st_11215,이노시뮬레이션,이노시뮬레이션,http://place.map.kakao.com/1063175730,0.0,high
st_13950,이노시뮬레이션,이노시뮬레이션,http://place.map.kakao.com/1063175730,0.0,high
st_11216,마곡중앙14로,틸론,http://place.map.kakao.com/11435374,0.0,mid
st_11217,제넥신,제넥신 본사,http://place.map.kakao.com/11490697,0.0,high
st_11218,대상 마곡연구소,대상 마곡연구소,http://place.map.kakao.com/1346547314,4.0,high
st_11219,LG사이언스파크 정류장(16108),,,,low
st_11220,증산동집(1),,,,low
st_11221,증산동집(2),,,,low
st_11222,증산로13가길(1),,,,low
st_11223,증산로13가길(2),,,,low
st_11224,증산로13가길(3),,,,low
st_11225,엄마손떡볶이,엄마손떡볶이 본점,http://place.map.kakao.com/21328592,2.0,high
st_11227,희우정로,윤사부치킨 망원점,http://place.map.kakao.com/118239889,2.0,mid
st_11228,광신빌딩,광신빌딩,http://place.map.kakao.com/125620161,0.0,high
st_11229,서강로,과일드림,http://place.map.kakao.com/1388380477,16.0,mid
st_11230,경의선숲길,피크니크 홍대 경의선숲길점,http://place.map.kakao.com/1637508578,116.0,mid
st_11233,슈치쿠,슈치쿠,http://place.map.kakao.com/13070102,33.0,high
st_11234,타임스퀘어,ZARA 경방타임스퀘어점,http://place.map.kakao.com/11399442,0.0,high
st_17455,타임스퀘어,ZARA 경방타임스퀘어점,http://place.map.kakao.com/11399442,0.0,high
st_11235,영등포역 육교,,,,low
st_11236,경인로94길,일진산기,http://place.map.kakao.com/10741890,5.0,mid
st_11237,행운다방,행운다방,http://place.map.kakao.com/1669089562,0.0,high
st_11239,세운나다방,세운나다방,http://place.map.kakao.com/9129225,41.0,high
st_11240,두가헌,두가헌,http://place.map.kakao.com/16991898,25.0,high
st_11241,경희초등학교,경희초등학교 봉황관,http://place.map.kakao.com/276529037,499.0,mid
st_17563,경희초등학교,경희초등학교 봉황관,http://place.map.kakao.com/276529037,499.0,mid
st_11243,매봉18길,,,357.0,low
st_11244,잠수교북단,잠수교 북단쉼터,http://place.map.kakao.com/272712766,218.0,mid
st_11248,안다즈 서울 강남,안다즈 서울강남 아츠,http://place.map.kakao.com/525668153,0.0,high
st_11249,청담대교,청담대교,http://place.map.kakao.com/15150412,81.0,high
st_15266,청담대교,청담대교,http://place.map.kakao.com/15150412,81.0,high
st_11250,압구정로,청담동명품거리,http://place.map.kakao.com/18097006,14.0,mid
st_11251,도산대로,청안건설,http://place.map.kakao.com/9964887,2.0,mid
st_11252,인천공항,배스킨라빈스 T2인천공항스카이점,http://place.map.kakao.com/747376922,0.0,high
st_11253,영종순환로,,,166.0,low
st_11254,너와집노래방,,,,low
st_11255,차이나타운로,차박엔터테인먼트,http://place.map.kakao.com/1270842760,0.0,mid
st_11256,제물량로,진미포장,http://place.map.kakao.com/1035014334,0.0,mid
st_11257,용일시장,오븐마루치킨 인천용일시장점,http://place.map.kakao.com/896030572,0.0,high
st_11258,경인상가,경인가구갤러리,http://place.map.kakao.com/1999182919,9.0,high
st_11259,송도센트럴파크,센트럴파크1어린이집,http://place.map.kakao.com/17837782,185.0,mid
st_11261,다운데어,다운데어,http://place.map.kakao.com/1188791945,0.0,high
st_11262,도담터스튜디오,도담터스튜디오,http://place.map.kakao.com/1715026822,0.0,high
st_17579,도담터스튜디오,도담터스튜디오,http://place.map.kakao.com/1715026822,0.0,high
st_11265,월드고양로,,,195.0,low
st_11267,신도공영주차장,신도공영주차장,http://place.map.kakao.com/25623054,2.0,high
st_11268,드메인,드메인,http://place.map.kakao.com/1386696456,0.0,high
st_11270,청심평화월드센터,청심평화월드센터 전기차충전소,http://place.map.kakao.com/189473921,0.0,high
st_11271,가평 자라섬,자라섬,http://place.map.kakao.com/8059024,257.0,mid
st_11272,부천대학교,부천대학교(소사캠퍼스) 충전소 전기차충전소,http://place.map.kakao.com/1849666478,19.0,high
st_11273,관악성당,관악성당,http://place.map.kakao.com/8659490,4.0,high
st_11274,힌터하우스,힌터하우스,http://place.map.kakao.com/1552934615,0.0,high
st_11275,한양대학교 에리카캠퍼스,카페ING 한양대학교 에리카캠퍼스점,http://place.map.kakao.com/1825112494,11.0,high
st_11276,우봉집 위례,우봉집,http://place.map.kakao.com/40122731,1.0,high
st_11277,사랑마트,,,,low
st_11278,코오롱 린든 그로브,코오롱린든그로브,http://place.map.kakao.com/12803660,75.0,high
st_11280,자하연 분당,자하연,http://place.map.kakao.com/17283577,0.0,high
st_11281,세븐일레븐 봉담푸른점,세븐일레븐 봉담푸른점,http://place.map.kakao.com/474573326,0.0,high
st_11282,장안대학교,장안대학교 정문,http://place.map.kakao.com/26405934,57.0,high
st_11284,서일여자고등학교,서일여자고등학교,http://place.map.kakao.com/8433322,59.0,high
st_11285,광한루주차장,광한루강변주차장,http://place.map.kakao.com/20590207,78.0,high
st_11287,켄싱턴리조트 지리산남원,켄싱턴리조트 지리산남원 주차장,http://place.map.kakao.com/654441045,44.0,high
st_11288,카페게이트 남원점,카페게이트 남원점,http://place.map.kakao.com/2058529770,49.0,high
st_11289,천개의향나무숲,천개의향나무숲,http://place.map.kakao.com/1109227034,1.0,high
st_11478,우장산힐스테이트,우장산힐스테이트아파트 115동,http://place.map.kakao.com/26728096,65.0,high
st_11479,전주콩나물국밥,전주콩나물국밥,http://place.map.kakao.com/13927727,2.0,high
st_11480,샛별빌라,,,,low
st_11481,인시즌,,,,low
st_11482,은행나무어린이공원,은행나무어린이공원,http://place.map.kakao.com/15148755,10.0,high
st_11484,그대와인,,,,low
st_11485,산울림소극장버정,,,,low
st_11486,자연인들,,,,low
st_11487,포토바이,포토바이 홍대점,http://place.map.kakao.com/17532298,2.0,high
st_11488,곤밥,곤밥,http://place.map.kakao.com/789642315,0.0,high
st_11490,호미화방,호미화방,http://place.map.kakao.com/8164173,26.0,high
st_11491,수금속,수금속,http://place.map.kakao.com/819990548,6.0,high
st_11492,데이즈쇼룸,데이즈데이즈 쇼룸,http://place.map.kakao.com/1881444991,65.0,high
st_11494,이태원국민은행,KB국민은행 이태원,http://place.map.kakao.com/10137105,82.0,high
st_11495,버들골이야기,버들골이야기 이태원점,http://place.map.kakao.com/16067237,5.0,high
st_11496,한담곱창,한담곱창,http://place.map.kakao.com/754627110,0.0,high
st_11497,소월로계단,,,,low
st_11498,빈티지샵,빈티지샵 오브하트,http://place.map.kakao.com/1579035113,490.0,mid
st_11499,현대카드뮤직라이브러리,현대카드 뮤직 라이브러리,http://place.map.kakao.com/26647519,2.0,high
st_11501,미미옥,미미옥 신용산점,http://place.map.kakao.com/256180379,0.0,high
st_11502,골목집화로구이/한대포,,,,low
st_11503,어항로,어항로,http://place.map.kakao.com/607203857,0.0,high
st_11504,신용산지하차도,신용산지하차도,http://place.map.kakao.com/10526811,24.0,high
st_11605,신월동쓰리팝PC방,쓰리팝pc방,http://place.map.kakao.com/826115669,27.0,high
st_11606,CU신월하나점(폐업),,,,low
st_11607,한성상가,한국문예창작진흥원,http://place.map.kakao.com/1083481789,0.0,mid
st_11608,미래산업 잭,미래산업잭,http://place.map.kakao.com/1440221070,0.0,high
st_11609,삼진기업주변,,,,low
st_11610,헤이피피 홍대점,,,,low
st_11611,클럽엑스엑스2,클럽엑스엑스 2호점,http://place.map.kakao.com/71705441,5.0,high
st_11612,어울마당로,패션홍,http://place.map.kakao.com/1054239613,11.0,mid
st_11613,영등포경찰서,영등포경찰서 구내식당,http://place.map.kakao.com/1497922692,5.0,high
st_11614,영등포경찰서앞,,,,low
st_11615,이앤비하이코,이앤비하이코,http://place.map.kakao.com/10538550,365.0,mid
st_11616,영등포로,무지개슈퍼,http://place.map.kakao.com/16448235,2.0,mid
st_11617,밤동산지하보도,,,,low
st_11618,영등포로67가길,그린아트빌,http://place.map.kakao.com/361665291,67.0,mid
st_11619,영등포로79가길,에스지피샵,http://place.map.kakao.com/12332794,11.0,mid
st_11620,이레아키빌,이레아키빌,http://place.map.kakao.com/848392329,0.0,high
st_11621,쓰리팝PC카페대방점,,,,low
st_11622,노량진로26길,보배빌라,http://place.map.kakao.com/13163269,13.0,mid
st_11623,문배동이안아파트앞 정류장,,,,low
st_11624,멕시칸치킨 효창중앙점,멕시칸치킨 효창중앙점,http://place.map.kakao.com/8358840,7.0,high
st_11625,효창원로69길,GS25 효창행복점,http://place.map.kakao.com/22877176,0.0,mid
st_11626,서울역사박물관,서울종로 서울역사박물관 전기차충전소,http://place.map.kakao.com/1545774219,0.0,high
st_11627,중랑천 농구장,농구장,http://place.map.kakao.com/1181006723,28.0,high
st_11628,중대로 횡단보도,,,,low
st_11629,송파사회복지관.성요셉성당 정류장,,,,low
st_11630,거마로7길,새비전교회,http://place.map.kakao.com/679684830,0.0,mid
st_11632,인천공항,인천공항1터미널역 자기부상철도,http://place.map.kakao.com/1535108967,16.0,high
st_11633,인천하늘고등학교,인천하늘고등학교 전기차충전소,http://place.map.kakao.com/340861936,14.0,high
st_11634,송도트리플스트리트,에잇세컨즈 트리플스트리트점,http://place.map.kakao.com/1159052487,0.0,high
st_11635,성사교회,성사감리교회,http://place.map.kakao.com/11137318,1.0,high
st_11636,뉴대성병원,뉴대성병원 본관,http://place.map.kakao.com/1435087993,33.0,high
st_11637,로얄볼링장,로얄볼링장,http://place.map.kakao.com/837647368,0.0,high
st_11638,이디야커피 하남덕풍초교점,이디야커피 하남덕풍초교점,http://place.map.kakao.com/276348847,7.0,high
st_11639,대전시민천문대 주차장,,,250.0,low
st_11640,한남대학교,한남대학교 구내서점,http://place.map.kakao.com/17562868,39.0,high
st_11641,우송대학교 동캠퍼스,우송대학교 동캠퍼스 솔스터디홀,http://place.map.kakao.com/1225110991,5.0,high
st_11642,오랑1길 육교,,,,low
st_11643,육교앞,,,,low
st_11644,대전대신고등학교,대전대신고등학교 교무실,http://place.map.kakao.com/12470595,66.0,high
st_11981,블루쇼 파스타 연남,블루쇼 파스타 연남,http://place.map.kakao.com/162213558,0.0,high
st_11982,명륜진사갈비 마포성산점,명륜진사갈비 마포성산점,http://place.map.kakao.com/1137555556,1.0,high
st_11983,서울역11번출구 정류장,서울역서부출구 택시정류장,http://place.map.kakao.com/57161440,412.0,mid
st_11984,세종대로12길,스타벅스 숭례문북창점,http://place.map.kakao.com/724341363,16.0,mid
st_11985,서대문역 주변,,,,low
st_11986,광화문 주변,,,,low
st_11987,이디야 낙원동점앞,,,,low
st_11988,삼일대로,서울경운학교,http://place.map.kakao.com/9111314,32.0,mid
st_11989,서순라길,노이모이 서순라길,http://place.map.kakao.com/335085619,18.0,high
st_11990,CU 종로가회점,CU 종로가회점,http://place.map.kakao.com/15908948,2.0,high
st_11993,바이젠하우스 방배1호점,바이젠하우스 방배1호점,http://place.map.kakao.com/27020392,8.0,high
st_11994,모던눌랑 센트럴시티점,모던눌랑 센트럴시티점,http://place.map.kakao.com/184125380,108.0,mid
st_11995,아니다파르크,아니다파르크,http://place.map.kakao.com/897147711,21.0,high
st_11996,준오헤어 문정역테라타워점,준오헤어 문정역테라타워점,http://place.map.kakao.com/1206896183,27.0,high
st_11997,멜랑말랑 범계,멜랑말랑,http://place.map.kakao.com/879373129,0.0,high
st_11998,써브웨이 서판교점,써브웨이 서판교점,http://place.map.kakao.com/1411746474,5.0,high
st_11999,삼거마을 삼성래미안1차,삼거마을삼성래미안1차아파트,http://place.map.kakao.com/7920002,13.0,high
st_12000,용인 동백호수공원,,,,low
st_12001,용인세브란스병원,연세대학교 의과대학 용인세브란스병원,http://place.map.kakao.com/24728983,0.0,high
st_12002,헤이더그린,헤이더그린,http://place.map.kakao.com/61350952,0.0,high
st_12003,다이어메이커 상암,다이어메이커,http://place.map.kakao.com/1809303046,12.0,high
st_12004,동교로29길,야끼토리지중,http://place.map.kakao.com/18508328,38.0,mid
st_12005,키스튜디오,키스튜디오,http://place.map.kakao.com/1366691489,3.0,high
st_12006,NGT빌딩,NGT빌딩,http://place.map.kakao.com/814562217,0.0,high
st_12007,NGT빌딩 옆골목,,,342.0,low
st_12008,제일크리닝,제일크리닝,http://place.map.kakao.com/1742301675,0.0,high
st_12009,성산로22길,페이지스피드보컬기타,http://place.map.kakao.com/11816095,13.0,mid
st_12010,여의도한강공원,여의도한강공원 3주차장,http://place.map.kakao.com/11218456,71.0,high
st_12011,여의도한강공원,여의도한강공원 어린이놀이터,http://place.map.kakao.com/209404070,47.0,high
st_12012,콘래드호텔,콘래드 서울,http://place.map.kakao.com/18206183,166.0,mid
st_12013,남산타워,GS25 남산서울타워점,http://place.map.kakao.com/1359300432,262.0,mid
st_16395,남산타워,GS25 남산서울타워점,http://place.map.kakao.com/1359300432,262.0,mid
st_12014,남산공원길,남산공원,http://place.map.kakao.com/8246129,169.0,mid
st_12015,충현슈퍼 앞,,,,low
st_12016,백범광장,백범광장,http://place.map.kakao.com/8381397,180.0,mid
st_12017,혜화경찰서,컴포즈커피 혜화경찰서점,http://place.map.kakao.com/1250042743,54.0,high
st_12019,감고당길 + 윤보선길,,,,low
st_12020,보뜨 플라워앞,,,,low
st_12021,소허당앞,,,,low
st_12022,삼청로2길,신단비이석예술 갤러리,http://place.map.kakao.com/523627400,12.0,mid
st_12023,북촌로5길,황생가칼국수 주차장,http://place.map.kakao.com/1565917720,0.0,mid
st_12024,팔판길,팔판정육점,http://place.map.kakao.com/12081036,49.0,high
st_12025,북촌로12길,북촌전통공예체험관,http://place.map.kakao.com/25624480,13.0,mid
st_12026,창덕궁길,데비스,http://place.map.kakao.com/938972761,0.0,mid
st_12027,볼링장 정류장,,,,low
st_12028,하우애니,하우애니,http://place.map.kakao.com/102708669,2.0,high
st_12029,왕짱구식당,,,,low
st_14931,왕짱구식당,,,,low
st_12030,수연홈마트,수연 홈 마트,http://place.map.kakao.com/12093395,10.0,high
st_12031,풍년식품 앞,,,,low
st_12032,창덕궁로5길,,,,low
st_12033,궁중음식연구원,궁중음식연구원,http://place.map.kakao.com/7837923,0.0,high
st_12034,라파지블,라파지블,http://place.map.kakao.com/27530970,2.0,high
st_12036,윤동주문학관잎,,,,low
st_12037,한양도성 백악구간(와룡공원쪽),,,,low
st_12038,북악산,서울북악산일원,http://place.map.kakao.com/12777445,0.0,high
st_12039,한국문예회관 골목,,,,low
st_12040,낙산길,낙산,http://place.map.kakao.com/1179107338,120.0,mid
st_12041,마로화적,마로화적,http://place.map.kakao.com/138122831,6.0,high
st_12042,신전떡볶이 회기점,신전떡볶이 회기점,http://place.map.kakao.com/27232146,1.0,high
st_12043,삼선교로4길,하늘산장,http://place.map.kakao.com/2067638660,16.0,mid
st_12044,구포국수앞,,,,low
st_12045,오동근린공원(월곡산),월곡산,http://place.map.kakao.com/1103382717,19.0,high
st_12046,삼양로141길(1),카페포레스트,http://place.map.kakao.com/431195910,14.0,mid
st_12047,우이동 주택,뉴스팰리스,http://place.map.kakao.com/1937776526,36.0,mid
st_12048,삼양로141길(2),,,,low
st_12049,서울과학기술대학교 무궁관,서울과학기술대학교 무궁관,http://place.map.kakao.com/17565758,283.0,mid
st_12051,건영스파밸리,건영스파밸리 7층매점,http://place.map.kakao.com/2138602083,34.0,high
st_12052,고반식당 수락산점,,,,low
st_12053,메가박스 성수,투루카 메가박스성수점 지하5층,http://place.map.kakao.com/871839101,0.0,high
st_12055,보위그,보위그,http://place.map.kakao.com/1968530432,2.0,high
st_12057,마제스티 타바론 티 라운지,,,,low
st_12058,개포로116길,GS25 강남중동고점,http://place.map.kakao.com/420443356,0.0,mid
st_12059,"중동빌딩, 마루공원 주차장앞",,,,low
st_12060,동막해수욕장,예스마트 동막해수욕장점,http://place.map.kakao.com/16773649,39.0,high
st_12061,인하대학교 하이데거의숲,인하대학교 하이데거의숲,http://place.map.kakao.com/26817399,395.0,mid
st_12062,투썸플레이스 송도센트럴파크점,투썸플레이스 인천송도센트럴파크점,http://place.map.kakao.com/444197906,379.0,mid
st_12063,조선왕가,조선왕가,http://place.map.kakao.com/197659506,0.0,high
st_14000,조선왕가,조선왕가,http://place.map.kakao.com/197659506,0.0,high
st_12064,문화극장,문화극장,http://place.map.kakao.com/17053627,1.0,high
st_12066,금강헬스,,,,low
st_12067,만화속으로,,,,low
st_12068,아나키아,아나키아,http://place.map.kakao.com/1855877702,0.0,high
st_12070,고양체육관 수영장,고양체육관 수영장,http://place.map.kakao.com/14867147,198.0,mid
st_12071,세븐일레븐 대화새말공원점,세븐일레븐 대화새말공원점,http://place.map.kakao.com/765263032,2.0,high
st_12072,일산로636번길,하나로공인중개사사무소,http://place.map.kakao.com/9522128,10.0,mid
st_12073,청아체육관,청아체육관,http://place.map.kakao.com/320787163,6.0,high
st_12074,소노캄고양,소노캄 고양,http://place.map.kakao.com/1121384212,0.0,high
st_12076,능안어린이공원,,,,low
st_12077,수정부동산,수정부동산,http://place.map.kakao.com/1178368622,5.0,high
st_12078,한담,한담,http://place.map.kakao.com/1105335974,0.0,high
st_12079,문수골힐링캠핑장,문수골힐링캠핑장,http://place.map.kakao.com/1997973934,0.0,high
st_12080,경기미래교육 양평캠퍼스,경기미래교육캠퍼스 양평캠프,http://place.map.kakao.com/10174133,71.0,high
st_12081,더블트리 바이 힐튼 서울 판교 닉스,,,,low
st_12082,고반식당 미금역점,고반식당 미금역점,http://place.map.kakao.com/40134220,26.0,high
st_12083,르디투어 광교,르디투어 광교점,http://place.map.kakao.com/1706937137,3.0,high
st_12084,아너스톤,용인공원 아너스톤,http://place.map.kakao.com/1407746431,27.0,high
st_12085,빌라드파넬,빌라드파넬,http://place.map.kakao.com/165425627,0.0,high
st_12086,석남사,석남사 해우소,http://place.map.kakao.com/1945050253,23.0,high
st_12087,송지호해수욕장,송지호해수욕장,http://place.map.kakao.com/7954247,268.0,mid
st_12088,해변슈퍼,해변슈퍼낚시,http://place.map.kakao.com/880589838,0.0,high
st_12089,소노펠리체 델피노,강원고성 소노펠리체델피노EAST(급) 1 전기차충전소,http://place.map.kakao.com/1089706048,0.0,high
st_12090,설악산소공원,,,,low
st_12091,강릉대관령휴게소,명인만두 강릉대관령휴게소 강릉방향점,http://place.map.kakao.com/319206261,0.0,high
st_12092,헌화로,,,,low
st_12093,구와우마을,구와우마을,http://place.map.kakao.com/25185279,0.0,high
st_12094,내수국민체육센터,내수국민체육센터,http://place.map.kakao.com/25622129,1.0,high
st_12095,오송생명로,나손사이언스,http://place.map.kakao.com/240552251,48.0,mid
st_12096,오송프라자,IBK기업은행 오송,http://place.map.kakao.com/12746719,0.0,mid
st_12097,청주서부소방서,청주서부소방서,http://place.map.kakao.com/11266581,8.0,high
st_12098,뒤웅박고을,뒤웅박고을,http://place.map.kakao.com/7854092,15.0,high
st_12100,동부로73번길,삼정공인중개사무소,http://place.map.kakao.com/8389249,27.0,mid
st_12101,문충사옆길,,,,low
st_12102,용운동 집,옥천쌀집,http://place.map.kakao.com/8495276,48.0,mid
st_12103,실비식당,,,,low
st_12104,수화림,,,,low
st_12105,월미도테마파크,월미짱랜드,http://place.map.kakao.com/18097858,3.0,mid
st_12164,스와로브스키,,,,low
st_19691,스와로브스키,,,,low
st_12165,에이바우트커피 역삼,,,,low
st_12166,로얄라운지,로얄라운지,http://place.map.kakao.com/12006731,7.0,high
st_12167,시몬스갤러리,시몬스갤러리 논현점,http://place.map.kakao.com/71864431,3.0,high
st_12168,파티오나인,파티오나인,http://place.map.kakao.com/1220435643,0.0,high
st_12169,우리은행버정,,,,low
st_12170,위드뷰티살롱,,,,low
st_12171,어바웃복싱,어바웃 복싱,http://place.map.kakao.com/1602467892,0.0,high
st_12172,글렌페딕,,,,low
st_12173,압구정곱떡,,,,low
st_12174,에이바우트커피 강남대치점,,,,low
st_12175,멍텅구리,멍텅구리즉석떡볶이 공릉점,http://place.map.kakao.com/27515257,10.0,high
st_12176,하노,하노,http://place.map.kakao.com/937608285,2.0,high
st_12177,동아디지털미디어센터옆,,,,low
st_12178,월드컵파크3단지,월드컵파크3단지교차로,http://place.map.kakao.com/15139392,143.0,mid
st_12179,서부면허시험장,한국도로교통공단 서부운전면허시험장 주차장2,http://place.map.kakao.com/17558346,66.0,high
st_12180,파쿠모리앞,,,,low
st_12181,은행골앞,,,,low
st_12182,땡초,,,,low
st_12184,수노래방럭셔리,수노래연습장 럭셔리홍대점,http://place.map.kakao.com/14535091,0.0,high
st_12185,공룡슈퍼,,,,low
st_12186,홍대수노래방본점,,,,low
st_12187,춘지본가,,,,low
st_12188,핑크버스,핑크버스,http://place.map.kakao.com/182847909,4.0,high
st_12189,착한구두,착한구두 홍대점,http://place.map.kakao.com/1991403458,14.0,high
st_12190,마리네일홍대점,푸스케어 홍대점 마리네일,http://place.map.kakao.com/137330180,77.0,mid
st_12191,츄,츄피어싱,http://place.map.kakao.com/1129234410,488.0,mid
st_12193,대현문화공원,대현문화공원,http://place.map.kakao.com/21998289,1.0,high
st_12194,모모커피마카롱,,,,low
st_12195,더샘이대점,,,,low
st_12196,네이처리퍼블릭,,,,low
st_12197,미니스톱,,,,low
st_12200,숙대옆길,,,335.0,low
st_12201,효창공원,효창공원 화장실,http://place.map.kakao.com/1579045227,3.0,high
st_12202,중앙중버정,,,,low
st_12203,닌옆골목1,,,,low
st_12204,닌옆골목2,,,,low
st_12205,닌,닌,http://place.map.kakao.com/1767666801,397.0,mid
st_12206,KFC 대학로점,KFC 대학로점,http://place.map.kakao.com/8015890,0.0,high
st_12207,가비아노,가비아노,http://place.map.kakao.com/8108237,17.0,high
st_12208,CGV,CGV 피카디리1958,http://place.map.kakao.com/27307026,8.0,high
st_12209,위드메이트,,,,low
st_12210,커피한약방 혜화점,커피한약방 혜화점,http://place.map.kakao.com/1670739315,3.0,high
st_12211,감사원버정,,,,low
st_12212,가회동골목,,,109.0,low
st_12213,회화당,회화당,http://place.map.kakao.com/18856836,0.0,high
st_12214,북촌한옥청,북촌한옥청,http://place.map.kakao.com/171169970,4.0,high
st_12215,소쇼,,,,low
st_12216,청계천옆,,,,low
st_12217,경복궁.국립민속박물관맞은편,,,,low
st_12218,익선동콤콤오락실,콤콤오락실 새서울,http://place.map.kakao.com/1523185188,32.0,high
st_12219,남도분식,남도분식 익선점,http://place.map.kakao.com/763250184,0.0,high
st_12220,별궁식당,별궁김밥,http://place.map.kakao.com/1328716474,96.0,high
st_12221,Y&아니마,,,,low
st_12222,소허당,소허당,http://place.map.kakao.com/1878470884,2.0,high
st_12223,북촌세븐,세븐일레븐 종로재동점,http://place.map.kakao.com/799869189,94.0,mid
st_12224,GS25 종로안국점,GS25 종로안국점,http://place.map.kakao.com/12297212,1.0,high
st_12225,덕성여고앞,,,,low
st_12226,효성빌라,효성빌라,http://place.map.kakao.com/792373066,0.0,high
st_12227,윤동주시인문학관앞,,,,low
st_12228,청운공원,청운공원 다목적운동장,http://place.map.kakao.com/25019237,15.0,high
st_12229,세븐일레븐,세븐일레븐 평창점,http://place.map.kakao.com/7949706,1.0,high
st_12230,평창동집,,,201.0,low
st_12231,지리산흑돼지,,,,low
st_12232,장군보쌈,,,,low
st_12233,충무김밥,명동충무김밥,http://place.map.kakao.com/857447104,33.0,high
st_12234,명동올리브영,올리브영 명동타운,http://place.map.kakao.com/23445796,48.0,high
st_12235,명동에그드랍,,,,low
st_12236,손기정체육공원,손기정체육공원 게이트볼장,http://place.map.kakao.com/17559175,0.0,high
st_12386,홍대공차,공차 홍대점,http://place.map.kakao.com/18731305,4.0,mid
st_12387,홍익숯불갈비소금구이,,,,low
st_12388,그린클라우드,,,,low
st_14694,그린클라우드,,,,low
st_12389,천하,천하공인중개사사무소,http://place.map.kakao.com/1659591036,442.0,mid
st_12390,홍대벽화거리,홍대벽화거리,http://place.map.kakao.com/27055301,31.0,high
st_12391,몬스터치즈떡볶이,,,,low
st_12392,오두막,,,,low
st_12393,신발가게,ABC마트 SP홍대점,http://place.map.kakao.com/1330856589,91.0,mid
st_12394,신촌던킨,,,361.0,low
st_12395,순두부랑생선구이앞,,,,low
st_12396,신촌메인길(뽕잎사랑),,,,low
st_12397,아웃백,아웃백스테이크하우스 신촌점 주차장,http://place.map.kakao.com/2074288324,0.0,high
st_12398,부엉이돈까스앞,,,,low
st_12399,응봉산,응봉산개나리축제,http://place.map.kakao.com/8044678,9.0,high
st_12400,작은마을,,,,low
st_12401,이태원부군당역사공원,이태원 부군당역사공원,http://place.map.kakao.com/26920172,7.0,high
st_12402,솔티핫티,,,,low
st_12404,일화부동산,일화 부동산,http://place.map.kakao.com/8485055,4.0,high
st_12405,창경궁옆놀이터,,,204.0,low
st_12406,서소문미술관앞,,,,low
st_12407,명보아트홀 앞 사거리,명보사거리,http://place.map.kakao.com/7870095,24.0,high
st_12430,남양주종합촬영소,남양주종합촬영소,http://place.map.kakao.com/26558038,0.0,high
st_18397,남양주종합촬영소,남양주종합촬영소,http://place.map.kakao.com/26558038,0.0,high
st_12432,고석정,고석정,http://place.map.kakao.com/8176583,36.0,high
st_12433,무릉계곡,무릉계곡,http://place.map.kakao.com/22875717,63.0,high
st_12434,온달관광지,온달관광지 온달관,http://place.map.kakao.com/27457149,32.0,high
st_12435,바람의화원 세트장,바람의화원 세트장,http://place.map.kakao.com/26132052,64.0,high
st_12436,삼봉해수욕장,삼봉해수욕장,http://place.map.kakao.com/25023108,124.0,mid
st_12437,부여 가림성 느티나무,부여 가림성 느티나무,http://place.map.kakao.com/992591067,106.0,mid
st_12438,수선루,수선루,http://place.map.kakao.com/10554408,207.0,mid
st_14981,수선루,수선루,http://place.map.kakao.com/10554408,207.0,mid
st_12439,부용대,부용대,http://place.map.kakao.com/7907799,255.0,mid
st_14982,부용대,부용대,http://place.map.kakao.com/7907799,255.0,mid
st_12440,안동하회마을,안동하회마을,http://place.map.kakao.com/7999373,26.0,high
st_12441,안동군자마을,안동군자마을,http://place.map.kakao.com/14564828,9.0,high
st_12442,서동요테마파크,서동요테마파크 매표소,http://place.map.kakao.com/922263076,0.0,high
st_18776,서동요테마파크,서동요테마파크 매표소,http://place.map.kakao.com/922263076,0.0,high
st_13171,사이버고시원,,,,low
st_13172,대한병원,대한병원,http://place.map.kakao.com/27109716,0.0,high
st_13173,휴먼안경보청기,,,,low
st_13174,한일유엔아이아파트,한일유앤아이아파트 전기차충전소,http://place.map.kakao.com/1966418285,0.0,high
st_13175,민지미용실,,,,low
st_13176,뽀꼬팡,,,,low
st_13177,기업은행ATM,기업은행 도봉동 무인 ATM,http://place.map.kakao.com/1346865432,0.0,high
st_13178,팔도건어물,팔도건어물,http://place.map.kakao.com/1092685429,5.0,high
st_13179,씨유쌍문우이천점,CU 쌍문우이천점,http://place.map.kakao.com/1759016691,1.0,high
st_13180,쌍문동집,,,209.0,low
st_13181,도봉중앙교회,도봉중앙교회,http://place.map.kakao.com/27501823,4.0,high
st_13182,힐링호프,,,,low
st_13183,양재시민의숲역(양재방향4-4),,,,low
st_13184,빌리엔젤,빌리엔젤 여의도점,http://place.map.kakao.com/1229801043,2.0,high
st_13185,한림대한강성심병원,한림대학교 한강성심병원,http://place.map.kakao.com/8134164,0.0,high
st_13186,배스킨라빈스,배스킨라빈스 신풍역점,http://place.map.kakao.com/1086430599,1.0,high
st_13187,여의도역5번출구,여의도역 5호선 5번출구,http://place.map.kakao.com/15137533,36.0,high
st_13188,신한금융투자,,,381.0,low
st_13189,여의상류IC,여의상류IC교차로,http://place.map.kakao.com/8012128,202.0,mid
st_13190,세븐일레븐,세븐일레븐 여의점,http://place.map.kakao.com/12149444,7.0,high
st_13192,비단길현대시장(호남수산),,,,low
st_13193,신도림로11다길,대현정밀,http://place.map.kakao.com/1488648950,8.0,mid
st_13194,경일워터젯,경일워터젯,http://place.map.kakao.com/24527499,3.0,high
st_13195,보성금형사,보성금형사,http://place.map.kakao.com/11833223,5.0,high
st_13196,풍아산업앞,,,,low
st_13198,가온문화공원 사거리,,,479.0,low
st_13199,월드컵북로60길,디지털리얼티코리아,http://place.map.kakao.com/908300515,53.0,mid
st_13200,성암로,에이아이바,http://place.map.kakao.com/1087436368,51.0,mid
st_13201,양화로,경남주차빌딩 주차장,http://place.map.kakao.com/1767989561,0.0,mid
st_13202,연세안경앞,,,,low
st_13203,산장앞,,,,low
st_13204,엔비,,,,low
st_13205,이태원로,서울교통공사 한강진별관,http://place.map.kakao.com/26166447,32.0,mid
st_13206,한강진역,네이처리퍼블릭 메트로한강진역점,http://place.map.kakao.com/27479609,0.0,high
st_13207,버티고개역,무인민원발급창구 버티고개역,http://place.map.kakao.com/540241049,0.0,high
st_13208,23번지 남산돈까스본점 옆건물,진명빌딩,http://place.map.kakao.com/23883473,41.0,mid
st_13209,금성루,금성루,http://place.map.kakao.com/11028507,0.0,high
st_13210,충무로,유즈호,http://place.map.kakao.com/132665649,0.0,mid
st_13211,을지로,엑스엑스 커피메이커 을지로1호점,http://place.map.kakao.com/1472046447,1.0,high
st_13212,약수역,GS25 S6약수역점,http://place.map.kakao.com/620805058,1.0,high
st_13213,청구역,무인민원발급창구 청구역,http://place.map.kakao.com/1673770133,0.0,high
st_13214,종각역,종각역약국,http://place.map.kakao.com/2029054859,0.0,high
st_13215,뚜레쥬르 종로점,뚜레쥬르 종로구청점,http://place.map.kakao.com/1150183579,384.0,mid
st_13216,탑골공원,탑골공원 화장실,http://place.map.kakao.com/17990626,2.0,high
st_13217,종로슈퍼,종로슈퍼,http://place.map.kakao.com/16618751,0.0,high
st_13218,종로구,투루카 홍익대 대학로캠퍼스 지하6층,http://place.map.kakao.com/873993123,0.0,mid
st_13219,필운대로,스시누하,http://place.map.kakao.com/159466330,0.0,mid
st_13220,옥인파출소,옥인파출소,http://place.map.kakao.com/21264791,0.0,high
st_13221,삼육빌딩,삼육빌딩,http://place.map.kakao.com/7926852,1.0,high
st_13222,답십리역1번출구,답십리역 5호선 1번출구,http://place.map.kakao.com/22906158,3.0,high
st_13223,장한평역,장한평역약국,http://place.map.kakao.com/102292013,0.0,high
st_13224,서울강북경찰서,서울강북경찰서 전기차충전소,http://place.map.kakao.com/1276784455,0.0,high
st_13225,도봉산역3번출구,도봉산역 1호선 3번출구,http://place.map.kakao.com/1168518331,31.0,high
st_13226,노원역,노원역 개방화장실,http://place.map.kakao.com/26332027,1.0,high
st_13227,옥수역1번출구,옥수역 3호선 1번출구,http://place.map.kakao.com/10617445,37.0,high
st_13228,어린이대공원역3번출구,어린이대공원역 7호선 3번출구,http://place.map.kakao.com/22906171,2.0,high
st_13229,탄천주차장,탄천주차장,http://place.map.kakao.com/12348016,138.0,mid
st_13230,이삭렌트카 천호점,이삭렌트카 천호점,http://place.map.kakao.com/833176980,1.0,high
st_13232,카프리모텔,카프리모텔,http://place.map.kakao.com/14557768,3.0,high
st_13241,카프리모텔,카프리모텔,http://place.map.kakao.com/14557768,3.0,high
st_13233,서울랜드,서울랜드 관리동,http://place.map.kakao.com/1856668202,45.0,high
st_13242,서울랜드,서울랜드 관리동,http://place.map.kakao.com/1856668202,45.0,high
st_13235,여의도순복음분당교회,여의도순복음교회 전기차충전소,http://place.map.kakao.com/1041679527,0.0,high
st_13236,천주교공원묘지,천주교용인공원묘원,http://place.map.kakao.com/10855073,134.0,mid
st_13237,선창회마차,선창회마차,http://place.map.kakao.com/649750219,0.0,high
st_13238,다대다포항,다대다포항,http://place.map.kakao.com/8219842,45.0,high
st_13240,IBK기업은행365,IBK기업은행365 동아3차아파트,http://place.map.kakao.com/309029890,349.0,mid
st_13243,양양공항,롯데렌터카 양양공항 픽업존,http://place.map.kakao.com/1729694953,0.0,high
st_14170,양양공항,롯데렌터카 양양공항 픽업존,http://place.map.kakao.com/1729694953,0.0,high
st_13245,모항항수산물직판장,모항항수산물직판장,http://place.map.kakao.com/25650072,1.0,high
st_13246,다포항,다대다포항,http://place.map.kakao.com/8219842,45.0,high
st_13947,차돌그릴 마곡,차돌그릴,http://place.map.kakao.com/322381951,9.0,high
st_13948,마곡역4번출구 정류장(16387),,,,low
st_13949,마곡중앙6로,뽀글이두루찌개 본점,http://place.map.kakao.com/1856248844,69.0,mid
st_13951,마곡중앙8로7길(1),,,,low
st_13952,마곡중앙8로7길(2),,,,low
st_13953,밀화당 강서직영점(폐업),,,,low
st_13954,마곡동로,파이언넷,http://place.map.kakao.com/10889578,65.0,mid
st_13955,매하,매하,http://place.map.kakao.com/611968149,0.0,high
st_13956,월드컵북로(5단지앞),,,,low
st_17437,월드컵북로(5단지앞),,,,low
st_13958,난지한강공원,난지한강공원 거울분수,http://place.map.kakao.com/17348577,85.0,high
st_13959,연희로11가길,유유,http://place.map.kakao.com/1953465065,0.0,mid
st_13960,WWL스튜디오,WWL스튜디오,http://place.map.kakao.com/813371283,4.0,high
st_13961,락휴코인노래연습장 홍대본점,,,,low
st_13962,합정역,밥줄 합정역점,http://place.map.kakao.com/1656521128,0.0,high
st_13963,서강팔경,서강팔경,http://place.map.kakao.com/8368414,2.0,high
st_13964,한강,한강공원 해넘이전망대,http://place.map.kakao.com/20557175,301.0,mid
st_13965,시선 당산역점(폐점),,,,low
st_13966,현대백화점 목동점,온복비빔국수 현대백화점 목동점,http://place.map.kakao.com/48299249,0.0,high
st_13967,맷돌로만 구로점,맷돌로만 구로디지털점,http://place.map.kakao.com/1383420802,31.0,high
st_13968,98도씨국밥 보라매점,,,,low
st_13969,프레임676,프레임676,http://place.map.kakao.com/1412043020,1.0,high
st_13970,삼각지 고가차도,삼각지고가차도,http://place.map.kakao.com/26241418,65.0,high
st_13971,한국SGI용산문화회관,한국SGI 용산문화회관,http://place.map.kakao.com/10861314,4.0,high
st_13972,백범로90길,오스카(OSCAR),http://place.map.kakao.com/26905616,66.0,mid
st_13973,지오베르크,지오베르크아파트 전기차충전소,http://place.map.kakao.com/2116498694,0.0,high
st_13974,백범로90다길,용산CJ나인파크아파트 입구,http://place.map.kakao.com/366164486,10.0,mid
st_13975,효창공원앞역 4번출구,효창공원앞역 경의중앙선 4번출구,http://place.map.kakao.com/27601290,2.0,high
st_13976,백범로,서울석재산업,http://place.map.kakao.com/903253448,4.0,mid
st_13977,소월로,,,120.0,low
st_13978,만리재 비스트로,만리재비스트로,http://place.map.kakao.com/1646052453,0.0,high
st_13979,만리199,만리199,http://place.map.kakao.com/812076679,0.0,high
st_13980,서소문로11길,신아빌딩,http://place.map.kakao.com/11118983,20.0,mid
st_13981,서애로,하이파킹 필동T&S빌딩,http://place.map.kakao.com/2073511773,15.0,mid
st_13982,필동로,영동골방,http://place.map.kakao.com/106654542,0.0,mid
st_13984,세종대로23길,광화문경희한의원,http://place.map.kakao.com/138825680,12.0,mid
st_13985,GS25 계동중앙점,GS25 계동중앙점,http://place.map.kakao.com/1294711345,0.0,high
st_13986,계동길,계동배렴가옥,http://place.map.kakao.com/7889869,1.0,mid
st_13987,부암동돈가스집1979,부암동돈가스집1979,http://place.map.kakao.com/1546804829,0.0,high
st_13988,서울과학기술대학교,서울과학기술대학교 성림학사 여학생동,http://place.map.kakao.com/383794994,0.0,high
st_13990,전풍호텔 경양식당 본점,,,,low
st_13991,메가박스 성수점(폐점),,,,low
st_13992,조선팰리스 강남,조선팰리스 웨딩홀,http://place.map.kakao.com/447143025,0.0,high
st_16412,조선팰리스 강남,조선팰리스 웨딩홀,http://place.map.kakao.com/447143025,0.0,high
st_13993,코엑스몰,포토이즘박스 코엑스몰2호점,http://place.map.kakao.com/2133474062,0.0,high
st_13994,클로리스 코엑스몰(폐업),,,,low
st_13995,메종 드 플래터 스타시티서울 레스토랑,메종 드 플래터 스타 시티서울 레스토랑,http://place.map.kakao.com/922073072,7.0,high
st_13996,불타는조개구이 을왕리점,불타는조개구이,http://place.map.kakao.com/23921212,3.0,high
st_13997,상차이 청라점,상차이 청라점,http://place.map.kakao.com/24424084,92.0,high
st_13998,선학국제빙상경기장,선학국제빙상경기장,http://place.map.kakao.com/20459639,239.0,mid
st_13999,송도 센트럴파크,송도센트럴파크 산책정원,http://place.map.kakao.com/18059866,79.0,high
st_14001,숲길정원,숲길정원,http://place.map.kakao.com/202826148,3.0,high
st_14002,서계 박세당 사랑채,서계박세당고택 사랑채,http://place.map.kakao.com/11138532,72.0,high
st_14004,헤이리마을,헤이리예술마을 주차장2,http://place.map.kakao.com/302866250,159.0,mid
st_14007,CU 일산대화공원점,CU 일산대화공원점 ATM,http://place.map.kakao.com/1065902164,0.0,high
st_14008,고봉로,마돈나노래연습장,http://place.map.kakao.com/16513621,0.0,mid
st_14009,지느러미,지느러미,http://place.map.kakao.com/10778620,4.0,high
st_14010,일산호수공원,일산호수공원 폭포화장실,http://place.map.kakao.com/1988185387,4.0,high
st_14012,37.5 일산식사점,37.5 일산식사점,http://place.map.kakao.com/1147705091,0.0,high
st_14013,놀숲 부천중동점,놀숲 부천중동점,http://place.map.kakao.com/1569956889,9.0,high
st_14014,신양수대교,,,,low
st_14015,빌리드지디 안산,,,,low
st_14016,파미어스몰,북창동순두부 판교파미어스몰점,http://place.map.kakao.com/1604650663,0.0,high
st_14017,어울 어린이공원,어울어린이공원 개방화장실,http://place.map.kakao.com/1615640696,67.0,high
st_14018,서현170,서현170,http://place.map.kakao.com/1986733539,65.0,high
st_14019,성남대로287번길,,,,low
st_14020,꽃집 테라스공일오,꽃집 테라스공일오,http://place.map.kakao.com/24869619,2.0,high
st_14021,탑스텐리조트 동강시스타,탑스텐리조트 동강시스타 105동,http://place.map.kakao.com/27486501,24.0,high
st_14022,별마로천문대,별마로천문대,http://place.map.kakao.com/15280358,7.0,high
st_14023,부산타워,부산타워 기프트샵,http://place.map.kakao.com/203978281,2.0,high
st_14024,샘라이언스,샘라이언스 해운대점,http://place.map.kakao.com/27224012,43.0,high
st_14025,해운대,칼로리바 부산해운대팔레드시즈점,http://place.map.kakao.com/247071717,0.0,high
st_14026,그랜드 조선 부산,이마트24 R그랜드조선 부산점,http://place.map.kakao.com/1854751089,0.0,high
st_14027,그랜드 조선 부산앞,,,,low
st_14028,누리마루 APEC 하우스,누리마루 APEC하우스,http://place.map.kakao.com/8192337,3.0,high
st_14029,벡스코 구름다리,,,,low
st_14030,광안대교,광안대교집,http://place.map.kakao.com/364490390,330.0,mid
st_16119,광안대교,광안대교집,http://place.map.kakao.com/364490390,330.0,mid
st_14031,제주 드림타워 스카이뷰 라운지 38,,,,low
st_14032,그랜드 하얏트 제주,그랜드 하얏트 제주 피트니스 센터,http://place.map.kakao.com/686063703,0.0,high
st_14033,넌나에포차,넌나에포차,http://place.map.kakao.com/394294047,0.0,high
st_14034,제주 도원가든,도원가든,http://place.map.kakao.com/529888134,0.0,high
st_14035,오드랑베이커리 앤 카페 신촌점,오드랑베이커리&카페 신촌점,http://place.map.kakao.com/1452076265,0.0,high
st_14036,김녕해수욕장,세븐일레븐 제주김녕해수욕장점,http://place.map.kakao.com/930770565,18.0,high
st_14037,구좌체육관,구좌체육관,http://place.map.kakao.com/10137330,208.0,mid
st_14038,천미천,천미천 주차장,http://place.map.kakao.com/2129614108,35.0,high
st_14039,ICC 제주국제컴벤션센터,,,,low
st_14040,보롬왓,보롬왓,http://place.map.kakao.com/215604458,0.0,high
st_14152,국회대로76길 여의도순복음교회 앞,,,,low
st_14154,콘래드서울 아트리오,제스트 콘래드서울점,http://place.map.kakao.com/993469692,170.0,mid
st_14155,플러스준스튜디오 용산,,,,low
st_14156,어반클리프,어반클리프,http://place.map.kakao.com/1428163505,0.0,high
st_14157,더플레이스다이닝,더플레이스다이닝 N서울타워점,http://place.map.kakao.com/22762956,34.0,high
st_14158,농협종로지점,NH농협은행 종로금융센터,http://place.map.kakao.com/1329490876,0.0,mid
st_14159,두사라 신사점,두사라,http://place.map.kakao.com/20752071,0.0,high
st_14160,오중석스튜디오,오중석웨딩스튜디오,http://place.map.kakao.com/19392005,20.0,high
st_14161,구스아일랜드 브루하우스,구스아일랜드 브루하우스,http://place.map.kakao.com/375799906,20.0,high
st_14162,인천공항 제2여객터미널,올리브영 인천공항제2여객터미널점,http://place.map.kakao.com/515564318,0.0,high
st_14163,일백집서울포차 구월점,일백집서울포차 구월점,http://place.map.kakao.com/77130609,0.0,high
st_14164,톤앤무드스튜디오 파주점,톤앤무드스튜디오 파주점,http://place.map.kakao.com/1187019217,18.0,high
st_14166,마두동 전원주택(1),,,,low
st_14167,마두동 전원주택(2),,,,low
st_14168,청담초밥 일산점,청담초밥 일산직영점,http://place.map.kakao.com/1012904107,17.0,high
st_14169,포코포코 삼송점,포코포코 삼송점,http://place.map.kakao.com/1643629702,4.0,high
st_14171,천안역,천안역 1호선,http://place.map.kakao.com/11150599,201.0,mid
st_14172,신창풍차해안,신창풍차해안 공영주차장,http://place.map.kakao.com/1991509064,166.0,mid
st_14173,혼디인2714 감귤체험카페,제주 혼디인2714 감귤체험카페 전기차충전소,http://place.map.kakao.com/222216106,11.0,high
st_14174,금능어촌계복지회관,금능어촌계복지회관,http://place.map.kakao.com/8813537,6.0,high
st_14175,한서치안센터,한서치안센터,http://place.map.kakao.com/10006675,23.0,high
st_14176,한림고등학교,한림고등학교,http://place.map.kakao.com/10950705,54.0,high
st_14177,명월국민학교,,,,low
st_14178,캠퍼트리 호텔앤리조트,제주시 캠퍼트리호텔앤리조트 전기차충전소,http://place.map.kakao.com/1590957504,1.0,high
st_14179,이호테우등대,이호테우등대 주차장,http://place.map.kakao.com/1692633721,67.0,high
st_14180,도두봉,도두봉 체력단련장,http://place.map.kakao.com/1528673512,64.0,high
st_14181,제주국제공항,제주국제공항 직원주차장A,http://place.map.kakao.com/17561699,61.0,high
st_14182,제주지방기상청,제주지방기상청,http://place.map.kakao.com/9397319,6.0,high
st_14183,제주대학교병원,파스쿠찌 제주대병원점,http://place.map.kakao.com/996215278,0.0,high
st_14184,관음사,관음사 대웅전,http://place.map.kakao.com/17566644,212.0,mid
st_14185,와흘메밀마을,와흘메밀문화제,http://place.map.kakao.com/827337027,0.0,high
st_14186,아프리카게스트하우스,아프리카게스트하우스,http://place.map.kakao.com/17054794,2.0,high
st_14187,대풍미락 함덕본점,대풍미락 함덕본점,http://place.map.kakao.com/8903514,1.0,high
st_14188,신한당약국,신한당약국,http://place.map.kakao.com/7981169,10.0,high
st_14189,김녕바닷길,김녕바닷길,http://place.map.kakao.com/1128906047,22.0,high
st_14190,세기알해변,세기알해변,http://place.map.kakao.com/1950858245,191.0,mid
st_14191,올레길20코스,,,,low
st_14192,돌담넘어당근,돌담너머당근,http://place.map.kakao.com/1382613606,0.0,high
st_14193,해맞이해안로,,,161.0,low
st_14194,구좌읍사무소,구좌읍사무소(행정복지센터) 전기차충전소,http://place.map.kakao.com/1603227670,0.0,high
st_14195,일주동로,스타벅스 제주세화DT점,http://place.map.kakao.com/1656551339,0.0,mid
st_14196,세화크리스탈모텔,크리스탈모텔,http://place.map.kakao.com/8556314,0.0,high
st_14197,별방진,별방진,http://place.map.kakao.com/10375099,43.0,high
st_14198,종달어촌계,종달어촌계,http://place.map.kakao.com/11164882,0.0,high
st_14199,종달논길,종달길카페,http://place.map.kakao.com/170342213,87.0,high
st_14200,비밀의숲,비밀의숲,http://place.map.kakao.com/82389937,37.0,high
st_14201,시흥리,시흥리마을회관,http://place.map.kakao.com/1554438623,84.0,high
st_14202,제주해양동물박물관,제주해양동물박물관 마린카페,http://place.map.kakao.com/973136686,0.0,high
st_14203,성산포우체국,성산포우체국,http://place.map.kakao.com/9860917,0.0,high
st_14204,오조포구 앞,,,,low
st_14205,내수면둑방길,내수면둑방길,http://place.map.kakao.com/13723595,190.0,mid
st_14206,서퀴피안 베이커리,,,,low
st_14207,도댓불,도댓불,http://place.map.kakao.com/13725598,45.0,high
st_14208,온평리포구,온평리포구,http://place.map.kakao.com/8016636,95.0,high
st_14209,지환이네수산물,지환이네 수산물,http://place.map.kakao.com/1709156069,394.0,mid
st_14210,귤창고,,,,low
st_14211,삼달하동로31번길,,,128.0,low
st_14212,해안가,,,,low
st_14213,해녀의집,,,,low
st_14214,삼달하동로32번길,삼달삼달하우스,http://place.map.kakao.com/477851037,2.0,mid
st_14215,덴드리,덴드리,http://place.map.kakao.com/160318816,1.0,high
st_14216,제주자연사랑미술관,포토갤러리자연사랑미술관,http://place.map.kakao.com/10882773,38.0,high
st_14217,해비치CC클럽하우스,,,,low
st_14218,망장포,,,,low
st_14219,법환동 해변,,,,low
st_14220,한마음식당,한마음식당,http://place.map.kakao.com/8629971,2.0,high
st_14221,롯데호텔 제주,롯데호텔 제주,http://place.map.kakao.com/7862728,0.0,high
st_14222,일주서로,,,117.0,low
st_14223,군산오름,군산오름 주차장,http://place.map.kakao.com/939156933,171.0,mid
st_18856,군산오름,군산오름 주차장,http://place.map.kakao.com/939156933,171.0,mid
st_14224,제주신화월드 S BAR,제주신화월드 S BAR,http://place.map.kakao.com/719540736,141.0,mid
st_14225,제주신화월드 호텔앤리조트,제주신화월드 호텔 앤리조트 랜딩관,http://place.map.kakao.com/719625115,134.0,mid
st_14226,신화가든,신화가든,http://place.map.kakao.com/1779713684,351.0,mid
st_14227,신도포구,신도포구,http://place.map.kakao.com/13725869,129.0,mid
st_14228,가파도,봉그레이가파도소품점,http://place.map.kakao.com/1142643748,245.0,mid
st_14229,뿔소라공원,뿔소라공원,http://place.map.kakao.com/1437159536,24.0,high
st_14230,유인원,유인원,http://place.map.kakao.com/1571386635,0.0,high
st_14231,일과2리경로당,일과2리경로당,http://place.map.kakao.com/10743081,0.0,high
st_14689,브라운핸즈 도곡점,브라운핸즈 도곡점,http://place.map.kakao.com/24751174,1.0,high
st_14690,뮈렌,,,,low
st_14691,맥도날드,맥도날드 구의역점,http://place.map.kakao.com/8349863,5.0,high
st_14692,성공회대,온앤오프24 성공회대학교점,http://place.map.kakao.com/1779768965,11.0,high
st_14693,최규하대통령가옥,최규하대통령가옥,http://place.map.kakao.com/12776620,0.0,high
st_14695,한국기원,한국기원,http://place.map.kakao.com/20949971,3.0,high
st_14696,내마음의풍차,내마음의 풍차,http://place.map.kakao.com/14867359,0.0,high
st_14697,경찰병원,CU 경찰병원점,http://place.map.kakao.com/1754935793,0.0,high
st_14698,공군회관,공군호텔,http://place.map.kakao.com/583164148,34.0,high
st_14699,앙카라공원,앙카라공원,http://place.map.kakao.com/11285972,4.0,high
st_14700,후암동 골목,,,237.0,low
st_14701,후암동 골목,,,209.0,low
st_14702,코스모스,코스모스 분식,http://place.map.kakao.com/16646821,1.0,high
st_14703,혜화칼국수,혜화칼국수,http://place.map.kakao.com/8176347,2.0,high
st_14903,서부트럭터미널,서울동아특수물류,http://place.map.kakao.com/978340421,0.0,mid
st_14905,여의도환승센터,여의도환승센터,http://place.map.kakao.com/27320764,33.0,high
st_14906,위플168,위플 아트 루프탑 (위플168),http://place.map.kakao.com/915362437,0.0,high
st_14907,서강대교 북단,한강공원서강대교북단경사로 진출입로,http://place.map.kakao.com/24581961,124.0,mid
st_14908,서교가든숯불갈비,서교가든숯불갈비,http://place.map.kakao.com/7937631,0.0,high
st_14909,네버마인드,네버마인드 아트라운지,http://place.map.kakao.com/430117941,1.0,high
st_14910,에일크루,에일크루 피자펍 홍대점,http://place.map.kakao.com/81108694,2.0,high
st_14911,홍제천길,,,,low
st_14913,스위스그랜드호텔 수영장,스위스그랜드호텔 수영장,http://place.map.kakao.com/1665927186,148.0,mid
st_14914,원일아파트,원일아파트,http://place.map.kakao.com/24405576,17.0,high
st_14915,유진상가,서대문구 일자리플러스센터,http://place.map.kakao.com/228183047,0.0,mid
st_14916,세검초등학교 정류장,,,,low
st_14917,평창동 집,,,201.0,low
st_14918,청계천,청계천,http://place.map.kakao.com/10849847,33.0,high
st_14919,무교로,레벨업PC방 무교점,http://place.map.kakao.com/441683795,0.0,mid
st_14920,장통교,장통교,http://place.map.kakao.com/12373416,42.0,high
st_14921,미레에셋센터원,SK하이닉스 서울캠퍼스,http://place.map.kakao.com/837674906,0.0,mid
st_14922,한화빌딩,중구문화원,http://place.map.kakao.com/8091032,0.0,mid
st_14923,미니스톱 앞,,,,low
st_14924,공평동꼼장어 직영 1호점,공평동꼼장어 직영1호점,http://place.map.kakao.com/1202868885,47.0,high
st_14925,리플린,리플린하우스,http://place.map.kakao.com/741650192,492.0,mid
st_14926,재동초앞 삼거리,,,,low
st_14927,더블컵커피,더블컵커피,http://place.map.kakao.com/279576789,0.0,high
st_14928,곳 게스트하우스,복합한옥공간 곳게스트하우스,http://place.map.kakao.com/1201924189,0.0,high
st_14929,카비네,카비네,http://place.map.kakao.com/323928995,0.0,high
st_14930,더한옥,더한옥,http://place.map.kakao.com/20032910,4.0,high
st_14932,비담,,,,low
st_14933,촌,촌 인사동본점,http://place.map.kakao.com/8096496,1.0,high
st_14934,누리,누리,http://place.map.kakao.com/8850738,3.0,high
st_14935,인사동그집 골목,,,,low
st_14936,성지빌딩,성지빌딩,http://place.map.kakao.com/23882802,3.0,high
st_14937,세운상가 3층,,,421.0,low
st_14938,이화벽화마을,이화동 벽화마을,http://place.map.kakao.com/25039734,128.0,mid
st_14940,파란마트,파란마트,http://place.map.kakao.com/12284912,1.0,high
st_14941,삼광빌라,삼광빌라,http://place.map.kakao.com/1274954320,0.0,high
st_14943,한강대교,한강공원한강대교남단상류측경사로 진출입로,http://place.map.kakao.com/24580323,120.0,mid
st_14944,큰길타워빌딩 앞,,,,low
st_14945,파르나스타워,레더라 파르나스몰,http://place.map.kakao.com/1006574525,0.0,high
st_15267,파르나스타워,레더라 파르나스몰,http://place.map.kakao.com/1006574525,0.0,high
st_14947,조이그라이슨 도산,조이그라이슨 도산,http://place.map.kakao.com/716084704,0.0,high
st_14948,롯데월드,짱오락실 롯데월드점,http://place.map.kakao.com/996479516,0.0,high
st_17972,롯데월드,짱오락실 롯데월드점,http://place.map.kakao.com/996479516,0.0,high
st_14949,파라다이스시티,오름채 파라다이스시티점,http://place.map.kakao.com/617312412,0.0,high
st_15270,파라다이스시티,오름채 파라다이스시티점,http://place.map.kakao.com/617312412,0.0,high
st_17973,파라다이스시티,오름채 파라다이스시티점,http://place.map.kakao.com/617312412,0.0,high
st_14950,양주시립민복진미술관,양주시립민복진미술관,http://place.map.kakao.com/883292573,0.0,high
st_14951,직천 낚시터,직천낚시터,http://place.map.kakao.com/24759984,1.0,high
st_14953,문발동 집,,,285.0,low
st_14954,교하로,,,120.0,low
st_14955,퍼스트가든 그린하우스,,,,low
st_14957,와석순환로/가온지하차도,,,,low
st_14958,청아공원,청아공원,http://place.map.kakao.com/25733571,51.0,high
st_15283,청아공원,청아공원,http://place.map.kakao.com/25733571,51.0,high
st_16083,청아공원,청아공원,http://place.map.kakao.com/25733571,51.0,high
st_16147,청아공원,청아공원,http://place.map.kakao.com/25733571,51.0,high
st_14959,GS25 정발산공원점,GS25 정발산공원점,http://place.map.kakao.com/656810155,3.0,high
st_14960,까멜,,,,low
st_14961,다온프라자,레드버튼 김포구래점,http://place.map.kakao.com/1508554839,0.0,mid
st_14962,한강어린이15공원,,,,low
st_14963,소화묘원,천주교신당동성당 소화묘원,http://place.map.kakao.com/25051394,0.0,high
st_14964,더힐하우스,더힐하우스호텔 양평 젤코바,http://place.map.kakao.com/2030551664,148.0,mid
st_14965,수원전통문화관 옆골목,,,346.0,low
st_14966,조이너스 시화점,조이너스 시화점,http://place.map.kakao.com/1080581456,9.0,high
st_14967,그린오브,그린오브,http://place.map.kakao.com/767499416,0.0,high
st_14968,더스윙블랙 용인보정점,,,,low
st_14969,용구대로,,,257.0,low
st_14970,정원생활,,,,low
st_14971,마임비전빌리지 스테이지풀,,,,low
st_14972,마임비전빌리지 돌담가든,,,,low
st_14973,마임비전빌리지 흙집돌집,,,,low
st_14974,세이지우드 홍천,홍천군 세이지우드홍천 전기차충전소,http://place.map.kakao.com/937379704,1.0,high
st_14975,별별별장,,,,low
st_14976,충주호리조트,,,,low
st_14977,한국테크노링,한국테크노링,http://place.map.kakao.com/1311290003,483.0,mid
st_14978,피스플라워팜,,,,low
st_14979,채석강,채석강마트,http://place.map.kakao.com/1377489336,402.0,mid
st_14980,고창 메밀밭,,,,low
st_14983,옥룡암 대웅전,,,,low
st_14984,진하해수욕장,진하해수욕장 야외야영장 주차장,http://place.map.kakao.com/17582222,137.0,mid
st_14985,명선도,,,,low
st_14986,나사리식당,나사리식당,http://place.map.kakao.com/652310900,0.0,high
st_14987,나사등대,,,,low
st_14988,산청동의보감촌,산청동의보감촌 엑스포주제관,http://place.map.kakao.com/26925215,8.0,high
st_14990,무진정,무진정,http://place.map.kakao.com/10419725,32.0,high
st_14991,무진,무진,http://place.map.kakao.com/1701303946,0.0,high
st_14992,창원한마음병원,죽이야기 창원한마음병원점,http://place.map.kakao.com/286526285,0.0,high
st_15172,소소주점,소소주점,http://place.map.kakao.com/458110660,1.0,high
st_15173,카자구루마,,,,low
st_15174,인천골목,,,,low
st_15175,오복수퍼,오복수퍼,http://place.map.kakao.com/27251081,2.0,high
st_15176,더리버,더리버,http://place.map.kakao.com/1550539627,224.0,mid
st_15177,덕수궁돌담길,덕수궁돌담길,http://place.map.kakao.com/23209304,98.0,high
st_15179,금호대우아파트203동,금호대우아파트(801) 203동,http://place.map.kakao.com/26721765,448.0,mid
st_15180,외환은행빌딩,,,,low
st_15250,교대이층집 상암점,교대이층집 상암점,http://place.map.kakao.com/289696284,1.0,high
st_15251,커피빈 앞,,,,low
st_15252,합정역스퀘어리버뷰어피스텔,,,,low
st_15253,미원빌딩,미원백반,http://place.map.kakao.com/449511857,0.0,high
st_15256,어도횟집,어도횟집,http://place.map.kakao.com/12714862,0.0,high
st_15257,약현성당,중림동약현성당 관리소,http://place.map.kakao.com/448088474,0.0,high
st_15258,본동 집,,,256.0,low
st_15259,북파크라운지,북파크라운지,http://place.map.kakao.com/1559187561,10.0,high
st_15261,종각역4번출구,종각역 1호선 4번출구,http://place.map.kakao.com/8073430,335.0,mid
st_15262,동대문종합시장,아라마크동대문종합시장 푸드코트이디야커피,http://place.map.kakao.com/1288133379,0.0,high
st_15263,신설동종합시장 우성빌딩,,,,low
st_15264,서울시립대 경농관 앞,,,,low
st_15265,녹천역,녹천역 1호선 개방화장실,http://place.map.kakao.com/1303962457,51.0,high
st_15268,테헤란로,티파니앤코 현대백화점무역센터점,http://place.map.kakao.com/738801093,0.0,mid
st_15271,인천차이나타운,연경 차이나타운본점,http://place.map.kakao.com/8494566,2.0,high
st_15272,인천배다리 헌책방거리,인천배다리헌책방거리,http://place.map.kakao.com/8052711,44.0,high
st_15273,아로이카,아로이카,http://place.map.kakao.com/1886243360,1.0,high
st_15274,신명여고,신명여자고등학교,http://place.map.kakao.com/7970544,34.0,high
st_15275,현대프리미엄아울렛 송도점,현대프리미엄아울렛 송도점,http://place.map.kakao.com/423643023,0.0,high
st_15276,의정부공업고등학교,의정부공업고등학교 전기차충전소,http://place.map.kakao.com/764165537,20.0,high
st_15277,아일랜드캐슬 그랜드볼룸,높은뜻덕소교회 갈릴리성전,http://place.map.kakao.com/534006769,11.0,mid
st_15278,아다마스253,아다마스253,http://place.map.kakao.com/18437396,0.0,high
st_15280,시장거리길,남해바다,http://place.map.kakao.com/8878892,37.0,mid
st_15281,팜스프링아파트 상가,팜스프링약국,http://place.map.kakao.com/9515962,11.0,high
st_15282,운정역,운정역 경의중앙선,http://place.map.kakao.com/26352397,22.0,high
st_15284,고양종합터미널,롯데렌터카 픽업존 고양종합터미널,http://place.map.kakao.com/502352775,0.0,high
st_15285,미그웨치 앞,,,,low
st_15286,진솔그린프라자 앞,,,,low
st_15287,백양빌딩,백양빌딩,http://place.map.kakao.com/7884380,3.0,high
st_15288,아쿠아필드 고양,아쿠아필드 고양 푸드코트,http://place.map.kakao.com/1865846160,0.0,high
st_15289,GS25 김포아라점,,,,low
st_15290,워커힐애스턴하우스,그랜드워커힐서울 애스톤하우스,http://place.map.kakao.com/25622223,4.0,high
st_15291,양평추모공원 더포레,양평추모공원 더포레,http://place.map.kakao.com/1494146454,0.0,high
st_15292,석현전원마을 주택,,,,low
st_15293,평택역1번출구,평택역 1호선 1번출구,http://place.map.kakao.com/8122241,258.0,mid
st_15294,더체어펜션,더체어펜션,http://place.map.kakao.com/27446705,3.0,high
st_15295,신남방파제,,,,low
st_15296,제천경찰서,제천경찰서어린이집,http://place.map.kakao.com/1680322520,6.0,high
st_15297,스카이다이빙센터 충주,스카이다이빙센터 충주,http://place.map.kakao.com/1257414379,0.0,high
st_15299,보령청보리밭,보령천북청보리밭,http://place.map.kakao.com/1143852867,35.0,high
st_15300,마크원에비뉴,브렌우드 세종 마크원 애비뉴 대리,http://place.map.kakao.com/1688807717,0.0,high
st_15301,태조로,태조로39,http://place.map.kakao.com/2102576545,51.0,high
st_15302,태조로(2),,,145.0,low
st_15303,경기전길,경기전중앙숯불,http://place.map.kakao.com/25732645,68.0,high
st_15304,최명희길,일락당,http://place.map.kakao.com/17445557,0.0,mid
st_15306,경주 오봉산 마당바위,오봉산 마당바위,http://place.map.kakao.com/1067488701,134.0,mid
st_15307,태화강국가정원,태화강국가정원 학생정원,http://place.map.kakao.com/512511394,27.0,high
st_15308,울산대교,울산대교,http://place.map.kakao.com/26818591,2.0,high
st_15310,센텀서로,와이키즈 해운대점,http://place.map.kakao.com/579878802,96.0,mid
st_15311,센턴시티사거리,,,,low
st_15312,퀸스파크청담점,퀸즈파크 청담점,http://place.map.kakao.com/8122778,6.0,high
st_19046,퀸스파크청담점,퀸즈파크 청담점,http://place.map.kakao.com/8122778,6.0,high
st_15313,오토바이사고거리,,,,low
st_15314,장가포차(만만코코로),,,,low
st_15315,코다차야,,,,low
st_15316,아빠식당(마포소금구이),,,,low
st_15317,잠수교(반포대교),잠수교,http://place.map.kakao.com/17350404,204.0,mid
st_15318,녹사평육교,녹사평보도육교,http://place.map.kakao.com/27276528,70.0,high
st_15319,써스티몽크맞은편,,,,low
st_15320,화장실,이태원1 공중화장실,http://place.map.kakao.com/1400432316,0.0,high
st_15321,단밤1호점,,,,low
st_15322,디펜스거리,,,,low
st_15323,노리테이블,,,,low
st_15324,마루쿠식당/조이의공간,,,,low
st_15325,수아네집(뉴일무이),,,,low
st_15326,G게스트하우스,G게스트하우스,http://place.map.kakao.com/24767157,2.0,high
st_15327,단밤2호점(오리올),,,,low
st_15328,꿀밤포차,꿀밤,http://place.map.kakao.com/126985344,286.0,mid
st_15329,이태원거리(세계음식문화거리),,,,low
st_15330,천사의날개,,,,low
st_15331,싸대기골목,,,,low
st_15332,라운지클럽(펌킨),,,,low
st_15333,더파이니스트,,,,low
st_15334,놀이터(창의어린이공원),,,,low
st_15335,단밤회식장소(더부스 광화문),,,,low
st_15336,백범광장공원,남산공원,http://place.map.kakao.com/117988874,24.0,mid
st_15337,장가본사/스테이트타워남산,,,,low
st_15666,동아미디어센터,쏘카존 동아디지털미디어센터(상암DDMC),http://place.map.kakao.com/27491588,5.0,high
st_15667,마포소금구이,마포소금구이,http://place.map.kakao.com/16268792,10.0,high
st_15668,에이미,에이미컴퍼니,http://place.map.kakao.com/586890767,2.0,high
st_15669,성갤러리,,,,low
st_15670,기계회관본관앞 횡단보도,,,,low
st_15671,녹사평육교,녹사평보도육교,http://place.map.kakao.com/27276528,52.0,high
st_15672,서울루덴스,서울루덴스,http://place.map.kakao.com/19615417,1.0,high
st_15673,동자아파트,동자아파트,http://place.map.kakao.com/11375178,16.0,high
st_15674,서울로7017,서울로7017,http://place.map.kakao.com/1892446523,64.0,high
st_15675,숭의여대,숭의여자대학교 숭의음악당,http://place.map.kakao.com/11269491,37.0,high
st_15676,바캉스커피,바캉스커피,http://place.map.kakao.com/557230756,3.0,high
st_15677,세운대림상가,세운대림상가,http://place.map.kakao.com/760101283,31.0,high
st_15678,광화문역5번출구,광화문역 5호선 5번출구,http://place.map.kakao.com/8235095,32.0,high
st_15679,보칼리노,포시즌스호텔 서울 보칼리노,http://place.map.kakao.com/1580609628,0.0,high
st_15680,서대문형무소,서대문형무소역사관,http://place.map.kakao.com/7936297,0.0,high
st_15681,평창동집,,,215.0,low
st_15682,충현슈퍼,충현슈퍼,http://place.map.kakao.com/16903407,0.0,high
st_15683,반얀트리 페스타,,,160.0,low
st_15684,그옛날 즉석짜장,그옛날즉석짜장 본점,http://place.map.kakao.com/16441933,8.0,high
st_15685,신답역,신답역 2호선,http://place.map.kakao.com/21160808,28.0,high
st_15686,아베크청담,아베크 청담,http://place.map.kakao.com/253325671,0.0,high
st_15688,MCM,MCM하우스,http://place.map.kakao.com/8048352,0.0,high
st_15689,올리브빌딩,청담올리브빌딩 주차장,http://place.map.kakao.com/969890061,0.0,high
st_15690,오크밸리리조트,오크밸리 리조트 전기차충전소,http://place.map.kakao.com/1793242924,0.0,high
st_15691,안동추억박물관,안동추억박물관,http://place.map.kakao.com/499025429,0.0,high
st_15692,울산 대바위공원,대바위공원,http://place.map.kakao.com/26400562,27.0,high
st_15693,골프존파크,골프존파크 증산아시아드점,http://place.map.kakao.com/1742465505,28.0,high
st_15694,영상산업센터,이퍼블릭코리아 부산지사,http://place.map.kakao.com/18954814,0.0,mid
st_16034,월드컵북로,GS25 LG유플러스상암점,http://place.map.kakao.com/649611893,60.0,mid
st_16035,누리꿈스퀘어 옆길,,,471.0,low
st_16036,월드컵북로44길(1),도시의어부 상암점,http://place.map.kakao.com/25810798,0.0,mid
st_16037,월드컵북로44길(2),블랙샤크킥복싱 2호점,http://place.map.kakao.com/538029959,26.0,mid
st_16038,월드컵북로44길(3),게임파티룸 다락,http://place.map.kakao.com/376847903,32.0,mid
st_16039,월드컵북로44길(4),,,,low
st_16040,매봉산로,런이트,http://place.map.kakao.com/1782849649,11.0,mid
st_16041,YTN뉴스퀘어.CJE&M정류장앞(14628),,,,low
st_16042,오야스시(폐업),,,,low
st_16044,콘래드 서울,콘래드 서울,http://place.map.kakao.com/18206183,166.0,mid
st_16045,구로유통상가,신동방 소방,http://place.map.kakao.com/1637885158,0.0,mid
st_16046,GS25 대륭포스트점,GS25 대륭포스트점,http://place.map.kakao.com/12296639,31.0,high
st_16047,노들섬 정류장(03340),,,,low
st_16048,청파로(원효전자상가앞),,,,low
st_16049,원효전자상가(1),,,,low
st_16050,원효전자상가(2),서울용산시제품제작소,http://place.map.kakao.com/1418881134,32.0,mid
st_16051,새창로42길,라온코리아,http://place.map.kakao.com/24884683,0.0,mid
st_16052,청파로(전자랜드앞),,,,low
st_16053,원효로,신태성주유소,http://place.map.kakao.com/8222023,0.0,mid
st_16054,신흥시장(르몽블랑앞),,,,low
st_16055,서소문역사공원,서소문역사공원 하늘광장,http://place.map.kakao.com/417291326,0.0,high
st_16056,명동일대,,,,low
st_16057,중부공원여가센터 앞 터널,서울시설공단 남산터널요금소,http://place.map.kakao.com/11141238,63.0,mid
st_16058,삼영기계상사(폐업),,,,low
st_16060,도산공원 정류장(23162),,,,low
st_16061,언주로,씨티엔,http://place.map.kakao.com/1153425525,49.0,mid
st_16063,도곡로,경희스카이한의원,http://place.map.kakao.com/14876458,0.0,mid
st_16064,할리스 송파거여역점,할리스 송파거여역점,http://place.map.kakao.com/424901604,0.0,high
st_16065,SK텔레콤 미래대리점 위례직영점,T world 미래대리점 위례직영점,http://place.map.kakao.com/530450473,40.0,high
st_16066,백령할인마트,백령할인마트,http://place.map.kakao.com/16628701,3.0,high
st_16067,영흥북로35번길(1),,,108.0,low
st_16068,영흥북로35번길(2),,,,low
st_16069,영흥북로,힘찬치킨피자,http://place.map.kakao.com/1867705701,5.0,mid
st_16070,통큰칼국수,통큰칼국수,http://place.map.kakao.com/119513983,0.0,high
st_16071,인천 서구청,봉구비어 인천서구청점,http://place.map.kakao.com/23933505,45.0,high
st_16075,명인빌딩앞,,,,low
st_16076,디팩토리세차장,디팩토리 셀프세차장,http://place.map.kakao.com/27357248,13.0,high
st_16077,임마누엘카센터,임마누엘카센타,http://place.map.kakao.com/9411832,0.0,high
st_16078,기석무역,주식회사 기석무역 전기차충전소,http://place.map.kakao.com/476153057,11.0,high
st_16079,미래로,,,183.0,low
st_16080,고양대로,,,102.0,low
st_16081,송포로,로즈팜,http://place.map.kakao.com/27506771,62.0,mid
st_16082,대화프라자,대화프라자,http://place.map.kakao.com/2118964044,0.0,high
st_16084,평안도찹쌀순대 전문점,평안도찹쌀순대전문점,http://place.map.kakao.com/10094772,7.0,high
st_16085,해두리치킨 능곡점,해두리치킨 고양능곡점,http://place.map.kakao.com/1662410611,5.0,high
st_16086,진미상가,,,,low
st_16087,행당로,열린교회,http://place.map.kakao.com/9910593,14.0,mid
st_16088,행신로 횡단보도,,,,low
st_16089,풀잎사랑화원,풀잎사랑화원,http://place.map.kakao.com/11370775,3.0,high
st_16090,강매로,,,252.0,low
st_16091,고양휴게소(서울방향),고양휴게소(서울방향) 전기차충전소,http://place.map.kakao.com/623749683,0.0,high
st_17984,고양휴게소(서울방향),고양휴게소(서울방향) 전기차충전소,http://place.map.kakao.com/623749683,0.0,high
st_16092,아라마리나,케이워터운영관리 아라마리나 해양아카데미,http://place.map.kakao.com/2051410866,0.0,high
st_16093,아라육로152번길,현대프리미엄아울렛 김포점,http://place.map.kakao.com/22484033,0.0,mid
st_16094,원미구청,본우리집밥 원미구청점,http://place.map.kakao.com/2022149616,0.0,high
st_16096,세움프라자,나이스파크 세움프라자 주차장,http://place.map.kakao.com/1981306553,0.0,high
st_16097,다산순환로,마이리틀타이거 현대프리미엄아울렛 스페이스원점,http://place.map.kakao.com/1655284209,46.0,mid
st_16098,다산중앙로(1),콘블리다산1호점,http://place.map.kakao.com/1096257718,34.0,mid
st_16099,다산중앙로(2),원픽프라자 2,http://place.map.kakao.com/1759900554,83.0,mid
st_16101,칼리오페,칼리오페,http://place.map.kakao.com/244291844,4.0,high
st_16102,법륜사,대한불교조계종법륜사 전기차충전소,http://place.map.kakao.com/596395865,0.0,high
st_16103,아마빌리스,,,,low
st_16105,평화로,,,,low
st_16106,올라,,,,low
st_16107,중앙로77번길,흔적,http://place.map.kakao.com/324136772,0.0,mid
st_16108,구스타프케이크,구스타프케이크,http://place.map.kakao.com/2055288813,1.0,high
st_16109,인제 스피디움,자담치킨 인제스피디움점,http://place.map.kakao.com/1217200168,0.0,high
st_16110,(구)광주교도소,,,,low
st_16112,쌍용양회 문경공장,쌍용양회 문경공장 정문,http://place.map.kakao.com/1305731254,100.0,mid
st_16113,나래하우스,나래하우스,http://place.map.kakao.com/270522136,6.0,high
st_16114,일광로,일광집,http://place.map.kakao.com/332915026,237.0,mid
st_16115,은성횟집,은성횟집,http://place.map.kakao.com/9342361,2.0,high
st_16116,마린시티1로,무겐 마린시티점,http://place.map.kakao.com/27437207,114.0,mid
st_16117,누리마루APCE하우스,,,,low
st_16118,해운대,해운대구 청산 배드민턴 클럽,http://place.map.kakao.com/1594553199,311.0,mid
st_16120,봉래나루로,무명일기,http://place.map.kakao.com/1341629236,12.0,mid
st_16122,고려대학교 구로병원,고려대학교구로병원 의생명연구센터,http://place.map.kakao.com/17571955,14.0,high
st_16503,고려대학교 구로병원,고려대학교구로병원 의생명연구센터,http://place.map.kakao.com/17571955,14.0,high
st_16123,성산로22길 지하도,,,,low
st_16125,산울림피아노,,,,low
st_16126,임진강역,임진강역,http://place.map.kakao.com/10749035,1.0,high
st_16127,파머스테이블,농부의식탁 파머스테이블,http://place.map.kakao.com/11026587,0.0,high
st_16129,파주 롯데프리미엄아울렛,,,,low
st_16130,유승앙브와즈101동 정류장,,,,low
st_16131,상해,상해2010,http://place.map.kakao.com/12755997,20.0,high
st_16132,흔커피바,흔커피바,http://place.map.kakao.com/1720282565,0.0,high
st_16133,디앤베이지,디앤베이지,http://place.map.kakao.com/1767731000,0.0,high
st_16134,카페 엘레노 파주운정점,카페엘레노,http://place.map.kakao.com/1190595213,0.0,high
st_16135,와석순환로,윤후덕국회의원사무실,http://place.map.kakao.com/1022252366,40.0,mid
st_16136,활자마을 정류장,,,,low
st_16137,파주출판단지 근린공원,파주출판단지근린공원,http://place.map.kakao.com/26349049,6.0,high
st_16138,라이브러리스테이 지지향,라이브러리스테이 지지향,http://place.map.kakao.com/14102810,34.0,high
st_16140,출판도시야외무대,출판도시야외무대,http://place.map.kakao.com/670249831,1.0,high
st_16141,밀밭베이커리 금촌 본점,,,,low
st_16142,복술,,,,low
st_16143,INO프라자,인오프라자 전기차충전소,http://place.map.kakao.com/2132970047,12.0,mid
st_16144,금릉역 중앙광장,중앙광장,http://place.map.kakao.com/999597160,0.0,high
st_16145,토르타앳더코너,,,,low
st_16146,운정호수공원,운정호수공원 화장실,http://place.map.kakao.com/574030049,135.0,mid
st_16148,소노캄고양 옆길,,,,low
st_16149,이도옥설렁탕,이도옥설렁탕,http://place.map.kakao.com/27506992,106.0,mid
st_16150,롯데리아 일산마두점,롯데리아 일산마두점,http://place.map.kakao.com/7862251,19.0,high
st_16151,옥천파출소,옥천파출소,http://place.map.kakao.com/21268285,2.0,high
st_16152,강변로,강변모텔,http://place.map.kakao.com/704841771,31.0,high
st_16153,로프,로프,http://place.map.kakao.com/1344735530,0.0,high
st_16154,제물량로(인천아트플랫폼쪽),,,,low
st_16155,경화,경화,http://place.map.kakao.com/11001584,1.0,high
st_16156,관동오리진,관동오리진,http://place.map.kakao.com/1191336831,4.0,high
st_16157,사주일기,,,,low
st_16158,카페 나인티플러스,,,,low
st_16160,동화마을슈퍼,동화마을슈퍼,http://place.map.kakao.com/988312975,0.0,high
st_16161,제물량로335번길,대부호,http://place.map.kakao.com/575973052,8.0,mid
st_16162,만석부두로6번길,우진쭈꾸미,http://place.map.kakao.com/21378349,40.0,mid
st_16163,홍예문아파트,홍예문아파트,http://place.map.kakao.com/17139446,14.0,high
st_16960,홍예문아파트,홍예문아파트,http://place.map.kakao.com/17139446,14.0,high
st_16164,맥아더장군동상 앞 계단,각국조계지계단,http://place.map.kakao.com/622869430,98.0,mid
st_16165,수봉하이츠빌라,수봉하이츠빌라,http://place.map.kakao.com/1654944446,0.0,high
st_16166,송도콩나물해장국,송도콩나물해장국밥,http://place.map.kakao.com/9130660,2.0,high
st_16167,강화경찰서,인천강화경찰서,http://place.map.kakao.com/18515870,20.0,high
st_16168,해명초등학교,해명초등학교 병설유치원,http://place.map.kakao.com/9564954,52.0,high
st_16169,강촌레일파크,강촌레일파크 경강 레일바이크,http://place.map.kakao.com/26388997,1.0,high
st_16170,제민천,제민천,http://place.map.kakao.com/25729707,20.0,high
st_16172,경주톨게이트,,,117.0,low
st_16173,화랑의언덕,화랑의언덕,http://place.map.kakao.com/130383717,323.0,mid
st_16174,빛누리정원,빛누리정원,http://place.map.kakao.com/2020657560,58.0,high
st_16176,성건주공아파트,주공,http://place.map.kakao.com/13247042,44.0,high
st_16177,한빛어린이공원,,,,low
st_16178,경주읍성,세븐일레븐 경주읍성점,http://place.map.kakao.com/2078351144,26.0,high
st_16179,문천교,문천교,http://place.map.kakao.com/11072683,93.0,high
st_16180,경주오릉 남천 산책길,,,,low
st_16181,스테이플레도,스테이플레도,http://place.map.kakao.com/1970267754,4.0,high
st_16182,한국수력원자력주식회사,무인민원발급창구 한국수력원자력본사,http://place.map.kakao.com/2079067151,0.0,high
st_16183,동해안로,,,,low
st_16184,감포항,CU 감포항구길점,http://place.map.kakao.com/1931296519,113.0,mid
st_16185,해원푸른빌라,해원푸른빌라,http://place.map.kakao.com/921607935,0.0,high
st_16186,아르볼,아르볼,http://place.map.kakao.com/910480297,0.0,high
st_16187,나정감포모래해변,나정고운모래해변,http://place.map.kakao.com/8223627,387.0,mid
st_16188,양남성당,양남성당,http://place.map.kakao.com/10590673,101.0,mid
st_16189,양남항구길,,,110.0,low
st_16190,읍천항,읍천항 벽화마을,http://place.map.kakao.com/26962118,45.0,high
st_16191,읍천항 등대,읍천항남방파제등대,http://place.map.kakao.com/1893382723,78.0,high
st_16192,읍천맛집,읍천맛집,http://place.map.kakao.com/719653032,4.0,high
st_16193,하서해안공원,하서해안공원,http://place.map.kakao.com/12601811,0.0,high
st_16194,이스트앵글,카페 이스트앵글,http://place.map.kakao.com/1958497195,0.0,high
st_16195,행암동종점 정류장,,,,low
st_16196,웨스틴조선 부산,웨스틴조선부산 파노라마라운지,http://place.map.kakao.com/21306123,0.0,high
st_16197,광안리해수욕장,광안리해수욕장 임해행정봉사실,http://place.map.kakao.com/11300538,4.0,high
st_16352,마곡중앙2로,안트로젠 중앙연구소,http://place.map.kakao.com/1659530027,30.0,mid
st_16354,페어몬트 앰배서더 서울 M29,M29 페어몬트 앰버서더 서울,http://place.map.kakao.com/77875031,0.0,high
st_16355,유진빌딩,유진빌딩 전기차충전소,http://place.map.kakao.com/1391632159,0.0,high
st_16356,반도아이비밸리,반도 아이비밸리,http://place.map.kakao.com/1409600131,0.0,high
st_16357,용산역,짐캐리 용산역점,http://place.map.kakao.com/1793075731,0.0,high
st_16358,우정국로,알파 인사점,http://place.map.kakao.com/1269070994,29.0,mid
st_16360,삼흥빌딩,삼흥빌딩,http://place.map.kakao.com/11139852,8.0,high
st_16361,몬테소리빌딩,몬테소리빌딩,http://place.map.kakao.com/1596486226,0.0,high
st_16362,대각빌딩,법무법인정향,http://place.map.kakao.com/368492642,0.0,mid
st_16363,미진프라자,연세유라인치과의원 강남,http://place.map.kakao.com/1544345205,0.0,mid
st_16364,강남역사거리,바나프레소 강남역사거리점,http://place.map.kakao.com/1019253048,50.0,high
st_16365,강남대로,배스킨라빈스 강남대로점,http://place.map.kakao.com/931061538,2.0,high
st_16366,코엑스 컨퍼런스룸,코엑스 컨퍼런스룸,http://place.map.kakao.com/23578446,97.0,high
st_16367,롯데타워,공차 롯데시네마월드타워점,http://place.map.kakao.com/1246093553,0.0,high
st_16368,청라대로(분수광장삼거리),분수광장삼거리,http://place.map.kakao.com/2098015452,0.0,high
st_16371,시옌 구월점,시옌 구월점,http://place.map.kakao.com/10532986,4.0,high
st_16372,호국로550번길(1),,,,low
st_16373,호국로550번길(2),,,,low
st_16374,송추계곡입구,송추계곡,http://place.map.kakao.com/7962848,43.0,high
st_16375,중앙 119구조본부 수도권 119특수구조대,중앙119구조본부 수도권119특수구조대,http://place.map.kakao.com/26345187,89.0,high
st_16376,미사테스타타워,미사테스타타워 지식산업센터,http://place.map.kakao.com/734402881,0.0,high
st_16377,판교역로,옥된장 판교점,http://place.map.kakao.com/150112363,22.0,mid
st_16378,정통춘천닭갈비 안산점,,,,low
st_16379,가톨릭관동대학교 양양캠퍼스,가톨릭관동대학교 양양캠퍼스(폐교),http://place.map.kakao.com/21188875,160.0,mid
st_16380,오성첨단의료산업진흥재단,,,,low
st_16382,신성대학교 국제회의실,,,,low
st_16383,우석대학교 대학본부,우석대학교 대학본부 완주 문화역사전망대,http://place.map.kakao.com/126076494,134.0,mid
st_16384,찐우,찐우,http://place.map.kakao.com/1929808782,0.0,high
st_16385,MBC,투썸플레이스 상암MBC점,http://place.map.kakao.com/1480772322,0.0,high
st_16386,투썸플레이스 상암MBC점,투썸플레이스 상암MBC점,http://place.map.kakao.com/1480772322,0.0,high
st_16387,저스티나,저스티나,http://place.map.kakao.com/1385414945,21.0,high
st_16388,별밤,별밤,http://place.map.kakao.com/16045650,2.0,high
st_16389,더링크호텔 서울,더링크호텔,http://place.map.kakao.com/244796073,0.0,high
st_16390,에이알센트레,에이알센트레,http://place.map.kakao.com/1375912157,0.0,high
st_16392,여의도 IFC,준오헤어 여의도IFC몰점,http://place.map.kakao.com/18276613,0.0,high
st_16393,여의도 국회의사당,국회의사당 의원동산,http://place.map.kakao.com/17555163,54.0,high
st_16394,국립서울현충원,국립서울현충원 현충관,http://place.map.kakao.com/10986409,106.0,mid
st_16396,숭례문(남대문),숭례문,http://place.map.kakao.com/7813430,9.0,high
st_16397,전국은행협회,전국은행연합회,http://place.map.kakao.com/24958456,8.0,high
st_16399,평창동집,,,317.0,low
st_16400,이앤갤러리,이엔갤러리,http://place.map.kakao.com/1684219944,5.0,high
st_16402,반포한강공원,투루카 반포한강공원1주차장,http://place.map.kakao.com/873673613,54.0,high
st_16403,강남역 주변,,,,low
st_16404,테헤란로,피너클써치,http://place.map.kakao.com/1927768832,0.0,mid
st_16405,강남대로,예쁜얼굴의원,http://place.map.kakao.com/1171702127,0.0,mid
st_16406,긴자료코 강남본점,긴자료코 강남본점,http://place.map.kakao.com/1051371194,18.0,high
st_16407,하이파킹 청담디자이너크럽 주차장,,,,low
st_16408,삼성해맞이공원,삼성해맞이공원,http://place.map.kakao.com/34208849,19.0,high
st_16409,딘트 청담본점,딘트 청담본점,http://place.map.kakao.com/1683026623,7.0,high
st_16410,강남구수어통역센터,강남구수어통역센터,http://place.map.kakao.com/20645196,4.0,high
st_16411,라움아트센터,서울강남 라움아트센터 전기차충전소,http://place.map.kakao.com/711320773,0.0,high
st_16413,선릉역사거리,선릉역교차로,http://place.map.kakao.com/15141597,20.0,high
st_16414,삼성역주변,,,,low
st_16417,동막2교 삼거리,,,,low
st_16418,속초수산,속초수산,http://place.map.kakao.com/1446255055,0.0,high
st_16420,경기도의료원 파주병원,경기도의료원 파주병원 카페테리아,http://place.map.kakao.com/1354799990,0.0,high
st_16423,일산벨라시타,반궁 벨라시타일산점,http://place.map.kakao.com/1482728444,0.0,high
st_16426,중앙로,라인천막,http://place.map.kakao.com/1444267682,2.0,mid
st_16427,안양동안경찰서,안양동안경찰서어린이집,http://place.map.kakao.com/1066730278,0.0,high
st_16428,동안로159번길,한양세탁,http://place.map.kakao.com/511072452,0.0,mid
st_16429,방아머리로,,,,low
st_16430,네모,,,,low
st_16432,분당수지 U타워,분당수지U타워,http://place.map.kakao.com/25982028,38.0,high
st_16434,타짜도르,타짜도르 1호점,http://place.map.kakao.com/1745340725,0.0,high
st_16435,성녀 루이제의 집,성녀루이제의집,http://place.map.kakao.com/9169712,93.0,high
st_16437,청기와타운 송도점,청기와타운 송도점,http://place.map.kakao.com/152834996,15.0,high
st_16438,쉐라톤그랜드인천호텔 유에,쉐라톤그랜드인천호텔 유에,http://place.map.kakao.com/21334566,3.0,high
st_16439,라이크홈메디컬센터,라이크홈 메디컬센터 전기차충전소,http://place.map.kakao.com/2015596645,0.0,high
st_16440,태평성대 경상감영공원,태평성대 경상감영공원 내아,http://place.map.kakao.com/1308388569,10.0,high
st_16441,경천섬공원,,,,low
st_16442,비봉산 전망대,,,,low
st_16443,백두대간생태교육센터,상주시산림조합 백두대간 생태교육장,http://place.map.kakao.com/27526692,38.0,high
st_16444,대구이월드,이월드,http://place.map.kakao.com/10821532,0.0,high
st_16445,83타워,83타워 기념품샵,http://place.map.kakao.com/525772286,226.0,mid
st_16446,어반정글,,,,low
st_16447,사려니숲길,,,,low
st_16448,성일아파트301동,성일아파트 301동,http://place.map.kakao.com/26687621,59.0,high
st_16449,중앙자유시장,블링팝,http://place.map.kakao.com/1784864333,0.0,mid
st_16450,김밥천국,김밥천국,http://place.map.kakao.com/16161233,472.0,mid
st_16451,재궁치안센터,,,,low
st_18810,재궁치안센터,,,,low
st_16452,마라탕,양궈푸마라탕 성균관대점,http://place.map.kakao.com/131183348,1.0,high
st_16453,치즈밥있슈 성균관대점,,,,low
st_16493,연남타코 골목,,,,low
st_16494,한솔빌라,,,,low
st_16495,망원2치안센터,망원2치안센터,http://place.map.kakao.com/7862774,1.0,high
st_16496,디벙크,디벙크,http://place.map.kakao.com/1040119941,0.0,high
st_16497,연세로4길,버슴새,http://place.map.kakao.com/9072792,2.0,mid
st_16498,신촌골목,,,439.0,low
st_16499,마포경찰서,서울마포경찰서,http://place.map.kakao.com/7940236,0.0,high
st_16500,마포대로,슈가코인노래연습장 공덕점,http://place.map.kakao.com/2054379193,0.0,mid
st_16501,CU공덕미네뜨점,CU 공덕미네뜨점,http://place.map.kakao.com/1056637144,0.0,high
st_16502,터치더스카이,터치더스카이,http://place.map.kakao.com/11232276,14.0,high
st_16504,노들섬,노들섬복합문화공간 서측주차장,http://place.map.kakao.com/992048967,86.0,high
st_16505,서울로PH,서울로PH,http://place.map.kakao.com/1109766017,0.0,high
st_16506,덕수궁돌담길,덕수궁돌담길,http://place.map.kakao.com/23209304,101.0,mid
st_16507,정동길,정동제일교회 역사기념관,http://place.map.kakao.com/1108210049,0.0,mid
st_16508,업텐션 약수점,업텐션 약수점,http://place.map.kakao.com/1953685119,1.0,high
st_16509,엠버서더서울풀만 남산룸,,,,low
st_16510,보안책방,보안책방,http://place.map.kakao.com/2049635297,11.0,high
st_16511,열린송현녹지광장,열린송현녹지광장,http://place.map.kakao.com/1356925875,29.0,high
st_16512,홈코리안퀴진,홈코리안퀴진,http://place.map.kakao.com/1492356072,0.0,high
st_16513,평창30길,댕구르르,http://place.map.kakao.com/818085679,53.0,mid
st_16515,카페낙타,카페낙타,http://place.map.kakao.com/2046162386,6.0,high
st_16516,삼성철물,삼성철물,http://place.map.kakao.com/20554652,1.0,high
st_16517,정릉골,정릉골재개발 (예정),http://place.map.kakao.com/1809932390,2.0,high
st_16518,쌍문이안아파트,쌍문이안아파트,http://place.map.kakao.com/11363844,55.0,high
st_16519,고기반햄반김치찌개&김치찜 상봉본점,,,,low
st_16520,서울면북초등학교 옆길,,,,low
st_16521,엠무브골프연습장&카페,엠무브골프연습장&카페,http://place.map.kakao.com/1253044101,6.0,high
st_16522,디토,디토 서초점,http://place.map.kakao.com/1706770960,11.0,high
st_16523,모퉁이우 하이테이블,,,,low
st_16524,CH캐롤리나헤레라 서울점,,,,low
st_16525,기욤 청담점,기욤 청담점,http://place.map.kakao.com/1016477143,11.0,high
st_16526,글로본빌딩앞,,,,low
st_16527,브루주아,브루주아,http://place.map.kakao.com/1436203209,0.0,high
st_16528,SJ쿤스트할레,SJ쿤스트할레,http://place.map.kakao.com/27027521,9.0,high
st_16529,파크하얏트 서울 더라운지,파크하얏트서울 더 라운지,http://place.map.kakao.com/13303757,17.0,high
st_16530,보노보노 삼성점,보노보노 삼성점,http://place.map.kakao.com/7891904,0.0,high
st_16531,트레이드타워,크랩52&샤브52,http://place.map.kakao.com/1331156078,0.0,mid
st_16532,모던눌랑 잠실점,모던눌랑 잠실점,http://place.map.kakao.com/189440272,35.0,high
st_16533,하버파크호텔,하버파크호텔,http://place.map.kakao.com/10857387,5.0,high
st_16534,제물량로,친환경스마트씽크공장,http://place.map.kakao.com/1630899370,7.0,mid
st_16535,이집트경양식,이집트경양식 본점,http://place.map.kakao.com/1579811021,5.0,high
st_16536,위켄드라운지,위크엔드 라운지 자유공원점,http://place.map.kakao.com/765416512,3.0,high
st_16537,인천석정초등학교,석정초등학교 전기차충전소,http://place.map.kakao.com/2039060795,0.0,high
st_16538,트라이보올,,,,low
st_16540,24시 진선소고기국밥회천직영점,,,,low
st_16543,카페 종이와 나무,카페종이와나무,http://place.map.kakao.com/412140444,2.0,high
st_16544,여명양평해장국전문,,,,low
st_16545,킨텍스로 육교,,,,low
st_16546,강선마을15단지보성아파트,강선마을15단지보성아파트 전기차충전소,http://place.map.kakao.com/1333484362,0.0,high
st_16547,노브랜드버거 일산라페스타점,,,,low
st_16548,엔담,엔담,http://place.map.kakao.com/1048609671,1.0,high
st_17981,엔담,엔담,http://place.map.kakao.com/1048609671,1.0,high
st_16549,파파이스 화정역점,,,,low
st_16550,조가네갑오징어 삼송점,,,,low
st_16552,고구려대장간마을 절벽,,,,low
st_16553,영락경로원,영락경로원,http://place.map.kakao.com/9889672,10.0,high
st_16554,화랑공원 8호교,,,,low
st_16556,미사강변대로,,,208.0,low
st_16557,덕풍중학교,덕풍중학교,http://place.map.kakao.com/11097187,13.0,high
st_16558,성안교회,성안교회,http://place.map.kakao.com/26823686,0.0,high
st_16560,공도초등학교,공도초등학교,http://place.map.kakao.com/8234907,52.0,high
st_16561,히든캠프,히든캠프,http://place.map.kakao.com/1146785011,0.0,high
st_16562,벨라45컨트리클럽,,,,low
st_16563,항구마차,,,,low
st_16564,양양주택,,,,low
st_16565,휴휴암,휴휴암,http://place.map.kakao.com/8180160,32.0,high
st_16566,춘천지방법원 강릉지원,춘천지방법원 강릉지원,http://place.map.kakao.com/8552505,10.0,high
st_16567,헌화로,헌화로슈퍼,http://place.map.kakao.com/26952674,460.0,mid
st_16568,도째비골 스카이밸리,도째비골스카이밸리,http://place.map.kakao.com/1437031172,0.0,high
st_16569,무릉별유천지,강원동해 무릉별유천지 제 2주차장 전기차충전소,http://place.map.kakao.com/1160575692,4.0,high
st_16570,삼척로,,,395.0,low
st_16571,갈남 정류장,,,,low
st_16572,갈남길,갈남민박,http://place.map.kakao.com/1155615327,100.0,mid
st_16573,갈남리 집,,,135.0,low
st_16574,갈남해수욕장,,,,low
st_16575,갈남항,갈남항,http://place.map.kakao.com/11393994,10.0,high
st_16576,대전고등법원,대전고등법원,http://place.map.kakao.com/11006687,2.0,high
st_16577,안도르,안도르,http://place.map.kakao.com/20245776,8.0,high
st_16578,태평동 주택,새일빌라,http://place.map.kakao.com/1968959866,43.0,mid
st_16579,미르마을 공인중개사,하늘땅공인중개사사무소,http://place.map.kakao.com/1678382347,20.0,high
st_16580,솔랑시울길,재현목재,http://place.map.kakao.com/23868006,0.0,mid
st_16581,정은사앞,,,,low
st_16582,대동침례교회,대동침례교회,http://place.map.kakao.com/23868528,0.0,high
st_16583,동대전로104번길,주곡경로당,http://place.map.kakao.com/9998710,55.0,mid
st_16584,성요셉공원,성요셉공원,http://place.map.kakao.com/25617818,130.0,mid
st_16935,마곡중앙로 횡단보도,,,,low
st_16936,상암MBC주변,,,,low
st_16938,홍대입구역 사거리,홍대입구역사거리,http://place.map.kakao.com/12706630,58.0,high
st_16939,여의도한강공원,여의도한강공원 화장실6,http://place.map.kakao.com/27602072,68.0,high
st_16940,정우빌딩,정우빌딩,http://place.map.kakao.com/11281895,0.0,high
st_18076,정우빌딩,정우빌딩,http://place.map.kakao.com/11281895,0.0,high
st_16941,CU 삼청점,CU 삼청점,http://place.map.kakao.com/952807321,1.0,high
st_16943,제기동집,제기집,http://place.map.kakao.com/10091522,186.0,mid
st_16945,분식을품다 본점,,,,low
st_16946,부띠끄아지트,,,,low
st_16947,도산대로30길,스왈라,http://place.map.kakao.com/24576330,56.0,mid
st_16948,본부케,본부케,http://place.map.kakao.com/544067694,2.0,high
st_16949,동서빌딩,동서빌딩,http://place.map.kakao.com/23901821,0.0,high
st_16950,청담어학원,청담어학원 대치브랜치,http://place.map.kakao.com/27515816,8.0,high
st_16951,대치스카이공인중개사무소,대치스카이공인중개사사무소,http://place.map.kakao.com/356816148,0.0,high
st_16953,드리우니,드리우니,http://place.map.kakao.com/1948287558,4.0,high
st_16954,금별맥주 청라수변점,,,,low
st_16955,드롭탑 인천계양점,드롭탑 인천계양점,http://place.map.kakao.com/15102527,8.0,high
st_16956,햇내로안길,GS25 운서타운점,http://place.map.kakao.com/1872821430,0.0,mid
st_16957,인중로,에코런드렛 인천코아루센트럴시티점,http://place.map.kakao.com/2054346230,73.0,mid
st_16958,차이나 짱나라,,,,low
st_16959,파라다이스인천,,,,low
st_16961,태양악기사,태양악기사,http://place.map.kakao.com/10812982,3.0,high
st_16962,수봉안로85번길,,,,low
st_16963,CU 전곡팔미점,CU 전곡팔미점,http://place.map.kakao.com/96360915,0.0,high
st_16964,은전로 지하도,,,,low
st_16966,교하중앙공원,교하중앙공원 화장실,http://place.map.kakao.com/1688723990,0.0,high
st_16967,왕산공원,왕산공원,http://place.map.kakao.com/8022369,25.0,high
st_16968,KT 브로 라페스타점,KT 브로 라페스타점,http://place.map.kakao.com/1689732477,32.0,high
st_16970,순이네한식부페,,,,low
st_16971,블루버드로스터스 하이테크시티점,,,,low
st_16972,장안로385번길 횡단보도,,,,low
st_16973,GS25 수원이목점,GS25 수원이목점,http://place.map.kakao.com/20751599,12.0,high
st_16974,동원동우고등학교,동원동우고등학교,http://place.map.kakao.com/7848685,8.0,high
st_16975,삼일고등학교,삼일고등학교,http://place.map.kakao.com/21318650,4.0,high
st_16976,수원컨벤션센터,수원컨벤션센터 주차장,http://place.map.kakao.com/607983962,0.0,high
st_16977,크라운호프 광교아브뉴프랑점,크라운호프 광교아브뉴프랑점,http://place.map.kakao.com/1298914531,40.0,high
st_16978,본오프라자,KT프라자,http://place.map.kakao.com/317332985,46.0,high
st_16980,은석주차장,은석주차장,http://place.map.kakao.com/20562846,12.0,high
st_16981,아이스크림스토리 유성점,아이스크림스토리 유성점,http://place.map.kakao.com/1754634494,11.0,high
st_16982,대전예술고등학교,대전예술고등학교 정문,http://place.map.kakao.com/1133704168,22.0,high
st_16983,월드컵대로308번길,시리우스,http://place.map.kakao.com/1659622998,0.0,mid
st_16984,새롬고등학교,새롬고등학교,http://place.map.kakao.com/27353188,14.0,high
st_16985,세종정부청사 교육부,교육부,http://place.map.kakao.com/22650118,14.0,high
st_16987,나성로,유생촌 세종점,http://place.map.kakao.com/974043222,0.0,mid
st_16988,도시상징광장,도시상징광장,http://place.map.kakao.com/1949240200,154.0,mid
st_16989,더센트럴 사거리,,,,low
st_16990,전주공업고등학교,전주공업고등학교 동관,http://place.map.kakao.com/19122478,2.0,high
st_16991,옛 장흥교도소,빠삐용집,http://place.map.kakao.com/2067053099,27.0,mid
st_16992,상주활공장,상주활공장,http://place.map.kakao.com/24994303,15.0,high
st_16993,원화여자고등학교,대구 원화여자고등학교 지상주차장 전기차충전소,http://place.map.kakao.com/1516370413,40.0,high
st_16994,GS25 호산공단점,GS25 호산공단점,http://place.map.kakao.com/14516143,0.0,high
st_16995,대구상원고등학교,대구상원고등학교 운동장,http://place.map.kakao.com/1095000963,77.0,high
st_16996,대구이현초등학교,대구이현초등학교 행정실,http://place.map.kakao.com/23081057,1.0,high
st_17278,압구정퀴즈노스,퀴즈노스서브 압구정점,http://place.map.kakao.com/8111793,0.0,mid
st_17279,장수족발,장수족발,http://place.map.kakao.com/16048613,7.0,high
st_17280,한국거래소앞버정,,,,low
st_17281,베라피자,베라피자나폴리 한남점,http://place.map.kakao.com/19410093,5.0,high
st_17282,삼청동고디바,,,,low
st_17432,도원장,도원장,http://place.map.kakao.com/20748472,1.0,high
st_17433,북가좌파출소,북가좌파출소,http://place.map.kakao.com/8370612,0.0,high
st_17434,연희상가아파트,연희상가아파트,http://place.map.kakao.com/11100784,2.0,high
st_17435,연희상가아파트옆 놀이터,,,,low
st_17436,마포월드컵공영주차장,마포월드컵공영주차장,http://place.map.kakao.com/257415852,0.0,high
st_17438,월드컵북로(4단지앞),,,307.0,low
st_17439,월드컵북로58길,생어거스틴 상암DMC점,http://place.map.kakao.com/21541383,38.0,mid
st_17440,상암산로,한국문화예술교육진흥원,http://place.map.kakao.com/11475907,0.0,mid
st_17441,CJ ENM 엔터테인먼트,CJ ENM 엔터테인먼트부문,http://place.map.kakao.com/26170286,0.0,high
st_17442,브레드캐스트,브레드캐스트,http://place.map.kakao.com/493443965,0.0,high
st_17443,DDMC앞,,,,low
st_17444,상암파출소앞,,,,low
st_17445,빠레트,빠레트,http://place.map.kakao.com/18521035,3.0,high
st_17446,카페 오로라,Cafe AURORA,http://place.map.kakao.com/1344801449,0.0,mid
st_17447,와우산로27길,더꼬꼬굿즈,http://place.map.kakao.com/168292707,0.0,mid
st_17448,양화로,레벨업PC방 홍대점,http://place.map.kakao.com/2107563477,0.0,mid
st_17449,코너136,코너136,http://place.map.kakao.com/1083002176,0.0,high
st_17450,월드컵로 횡단보도,,,,low
st_17451,월드컵로5길,까사펠리체,http://place.map.kakao.com/13191423,0.0,mid
st_17452,47625커피,47625 coffee,http://place.map.kakao.com/1609451010,0.0,high
st_17457,녹사평대로,비비파이브 용산본점,http://place.map.kakao.com/25767632,42.0,mid
st_17458,푸시풋살룬,푸시풋살룬,http://place.map.kakao.com/1886229314,0.0,high
st_17460,엘비비 쇼룸,,,,low
st_17462,리버힐스파 웰니스센터,리버힐스파 웰니스센터,http://place.map.kakao.com/685682518,9.0,high
st_17463,한강대로62길,계림미용실,http://place.map.kakao.com/20945414,1.0,mid
st_17464,서빙고로,갈비면돼지,http://place.map.kakao.com/1728754735,7.0,mid
st_17465,새창로,금성소방통신,http://place.map.kakao.com/8793622,0.0,mid
st_17466,새창로50길,인컴씨앤씨,http://place.map.kakao.com/9883884,33.0,mid
st_17467,충정로 육교,미동초교앞보도육교,http://place.map.kakao.com/558006468,25.0,mid
st_17468,충정로,,,427.0,low
st_17469,평안교회,평안교회,http://place.map.kakao.com/17479381,3.0,high
st_17470,신세계백화점,멘즈퍼니싱 신세계백화점본점,http://place.map.kakao.com/25671658,41.0,high
st_17471,소공로 횡단보도,,,,low
st_17472,퇴계로 횡단보도,,,,low
st_17473,스테이트타워남산앞,,,,low
st_17474,스테이트타워 남산,스테이트타워남산 주차장,http://place.map.kakao.com/902295233,0.0,high
st_17475,소공로(남산오르미쪽),,,,low
st_17477,팜시티,팜시티,http://place.map.kakao.com/472351419,0.0,high
st_17478,리제로 서울,리제로 서울,http://place.map.kakao.com/1398571605,0.0,high
st_17480,창덕궁길,비화림,http://place.map.kakao.com/804065834,7.0,mid
st_17481,경희대학교,경희대학교 서울캠퍼스 의학계열전문도서관,http://place.map.kakao.com/17564690,1.0,high
st_17562,경희대학교,경희대학교 서울캠퍼스 의학계열전문도서관,http://place.map.kakao.com/17564690,1.0,high
st_17482,장군뽈따구,장군뽈따구숯불구이,http://place.map.kakao.com/16041999,0.0,high
st_17483,삼육서울병원추모관,삼육서울병원 추모관 전기차충전소,http://place.map.kakao.com/651682674,0.0,high
st_17486,보타닉 청담,보타닉 청담,http://place.map.kakao.com/1531426152,1.0,high
st_17487,미미미가든,미미미가든 카페,http://place.map.kakao.com/628591559,0.0,high
st_17488,메종바카라서울,메종바카라서울,http://place.map.kakao.com/27478282,0.0,high
st_17489,에르메스 메종 도산,에르메스 메종 도산,http://place.map.kakao.com/26965172,10.0,high
st_17490,테헤란로,딩동댕 선릉역점,http://place.map.kakao.com/1024386377,0.0,mid
st_17491,삼성역주변,,,,low
st_17492,파크하얏트 서울,파크 하얏트 서울,http://place.map.kakao.com/12392756,0.0,high
st_17493,이여곰탕 역삼점,이여곰탕 역삼점,http://place.map.kakao.com/455036952,9.0,high
st_17494,강남대로,레드버튼 컬처스테이지,http://place.map.kakao.com/344859318,0.0,mid
st_17495,부띠크 모나코,투루카 강남역 9번출구 앞(부띠크모나코 지하2층),http://place.map.kakao.com/876081047,0.0,high
st_17496,국제성모병원 장례식장,가톨릭관동대학교 국제성모병원 장례식장 주차장,http://place.map.kakao.com/63018634,53.0,high
st_17498,크로마클럽,크로마클럽,http://place.map.kakao.com/189275776,253.0,mid
st_17499,선녀바위해수욕장,선녀바위해변,http://place.map.kakao.com/12644123,57.0,high
st_17500,연안아파트 상가,연안아파트 상가동,http://place.map.kakao.com/26446492,247.0,mid
st_17501,세이브모텔,세이브모텔,http://place.map.kakao.com/19392681,0.0,high
st_17502,일해냉동,일해냉동,http://place.map.kakao.com/27146231,3.0,high
st_17503,인천내동교회,대한성공회 인천내동교회,http://place.map.kakao.com/12741198,22.0,high
st_17504,도성사,도성사,http://place.map.kakao.com/27338232,380.0,mid
st_17505,단궁,단궁,http://place.map.kakao.com/17094554,48.0,high
st_17513,파주리조트골프클럽,파주시 PRGC파주리조트골프클럽 전기차충전소,http://place.map.kakao.com/427070924,0.0,high
st_17514,파파살롱,파파살롱,http://place.map.kakao.com/26453224,0.0,high
st_17515,고향옥얼큰순대국 운정역점,고향옥얼큰순대국 운정역점,http://place.map.kakao.com/669019660,12.0,high
st_17516,막퍼주는집,막퍼주는집,http://place.map.kakao.com/15626420,22.0,high
st_17517,명품텔레콤,명품텔레콤,http://place.map.kakao.com/326300855,8.0,high
st_17518,세븐일레븐 일산강선마을1단지점,세븐일레븐 일산강선마을1단지점,http://place.map.kakao.com/37246612,11.0,high
st_17519,파스쿠찌 라페스타점,파스쿠찌 라페스타점,http://place.map.kakao.com/54448720,26.0,high
st_17520,설문동집,,,428.0,low
st_17521,양평해장국 원흥역점,,,,low
st_17524,세이지우드 홍천,홍천군 세이지우드홍천 전기차충전소,http://place.map.kakao.com/937379704,121.0,mid
st_17525,충남공주경찰서,공주경찰서 전기차충전소,http://place.map.kakao.com/1589493815,52.0,high
st_17526,담양레이나cc,담양레이나CC,http://place.map.kakao.com/11716668,2.0,high
st_17527,영화의전당,인디플러스 영화의전당,http://place.map.kakao.com/1573638430,5.0,high
st_17542,서대문복싱클럽,서대문복싱클럽,http://place.map.kakao.com/27257847,2.0,high
st_17543,세븐일레븐 신촌원룸점,세븐일레븐 신촌원룸점,http://place.map.kakao.com/893158682,0.0,high
st_17545,세븐일레븐 여의도공원3호점,세븐일레븐 여의도공원3호점,http://place.map.kakao.com/602850682,157.0,mid
st_17546,신송센타빌딩,렐란디 신송센터빌딩점,http://place.map.kakao.com/2147213712,0.0,high
st_17547,덕원,덕원식당,http://place.map.kakao.com/1653115762,0.0,high
st_18789,덕원,덕원식당,http://place.map.kakao.com/1653115762,0.0,high
st_17548,시흥3동주민센터,무인민원발급창구 시흥3동 주민센터,http://place.map.kakao.com/86351405,0.0,high
st_17549,노량진로26길,금룡사,http://place.map.kakao.com/505162771,19.0,mid
st_17551,노량대교 아래,,,,low
st_17554,녹사평역,녹사평역 개방화장실,http://place.map.kakao.com/26334452,1.0,high
st_17556,덕산주차장 골목,,,,low
st_17557,건국빌딩,투루카 인사동네거리 건국빌딩 2층 주차장,http://place.map.kakao.com/864475397,0.0,high
st_17558,동대문역,컴포즈커피 동대문역점,http://place.map.kakao.com/2128636656,18.0,high
st_17559,창신소통공작소,창신소통공작소,http://place.map.kakao.com/27190877,1.0,high
st_17560,한신한진아파트209동,한신한진아파트 209동,http://place.map.kakao.com/26707057,246.0,mid
st_17561,월곡역교차로 육교,,,,low
st_17564,보광사,보광사,http://place.map.kakao.com/7893116,49.0,high
st_17565,백사마을(1),,,,low
st_17568,로우포레스트(폐업),,,,low
st_17570,강남역사거리,강남역사거리,http://place.map.kakao.com/8160898,78.0,high
st_17571,포포인츠 바이쉐라톤 서울강남,포포인츠바이쉐라톤 서울강남 에볼루션,http://place.map.kakao.com/181128560,0.0,high
st_17572,더채플앳논현,더채플앳논현 라포레홀,http://place.map.kakao.com/99049030,0.0,high
st_17574,검암역로열파크씨티푸르지오,검암역로열파크씨티푸르지오1단지아파트 후문,http://place.map.kakao.com/605596514,72.0,high
st_17575,에어조이,FestarSTUDIOS,http://place.map.kakao.com/832851381,66.0,mid
st_17576,파라다이스시티 크로마,파라다이스시티 씨메르 크로마 고객주차장,http://place.map.kakao.com/583530610,231.0,mid
st_17577,보산새마을금고 본점,보산새마을금고 본점,http://place.map.kakao.com/10515933,0.0,high
st_17580,취선향,취선향,http://place.map.kakao.com/26636809,0.0,high
st_17581,노만주의,노만주의,http://place.map.kakao.com/1842597014,0.0,high
st_17584,수원대학교(학군단앞연못쪽),,,,low
st_17586,운천주공아파트(재개발),,,,low
st_17587,비룡동관로,,,,low
st_17588,선샤인스튜디오,선샤인스튜디오,http://place.map.kakao.com/1956997299,51.0,high
st_17589,진용로,,,,low
st_17590,용담대교,용담대교,http://place.map.kakao.com/8449833,20.0,high
st_17591,용담호사진문화관,용담호사진문화관,http://place.map.kakao.com/25589918,1.0,high
st_17592,줄포리,줄포파출소,http://place.map.kakao.com/21268146,70.0,high
st_17593,남부안농협 줄포지점,남부안농협 줄포지점,http://place.map.kakao.com/808501797,289.0,mid
st_17594,삼성마트,삼성마트,http://place.map.kakao.com/10441441,0.0,high
st_17595,제일대학교 승주캠퍼스,,,,low
st_17933,섬강 수변공원,,,,low
st_17934,제천서울병원,제천서울병원 장례식장,http://place.map.kakao.com/10798630,0.0,high
st_17935,황간초등학교,황간초등학교 체육관,http://place.map.kakao.com/18410795,85.0,high
st_17936,놀뫼시민장례원,놀뫼시민장례원,http://place.map.kakao.com/1598380383,2.0,high
st_17937,상관반점,북경반점,http://place.map.kakao.com/9038298,121.0,mid
st_17952,올드문래,올드문래,http://place.map.kakao.com/266428861,2.0,high
st_17953,남도분식 타임스퀘어점,남도분식 영등포타임스퀘어점,http://place.map.kakao.com/795263878,10.0,high
st_17954,한국수출입은행빌딩 옆,,,,low
st_17955,서강대교,,,,low
st_17957,이마트24 한강파라다이스점,이마트24 한강파라다이스점,http://place.map.kakao.com/2012917052,0.0,high
st_17959,식이네,식이네해물포차,http://place.map.kakao.com/1985611346,0.0,high
st_17962,몬드리안 서울 이태원,몬드리안서울이태원 프리빌리지 바,http://place.map.kakao.com/1204490733,0.0,high
st_17963,그랜드 하얏트 서울,그랜드하얏트서울 주차장1,http://place.map.kakao.com/17582303,23.0,high
st_17964,응봉산,응봉산팔각정 개방화장실,http://place.map.kakao.com/26331135,54.0,high
st_17965,퐁퐁플라워 건대센터,퐁퐁플라워 건대센터,http://place.map.kakao.com/211393637,6.0,high
st_17966,더 스테이크 하우스 피어 79,,,,low
st_17967,데블스도어 그래머시 센트럴,,,,low
st_17969,빌라드지디 청담,빌라드지디 청담,http://place.map.kakao.com/1417946142,0.0,high
st_17970,플레르다솔,플레르다솔,http://place.map.kakao.com/1459128301,11.0,high
st_17971,MCM 롯데면세점 월드타워점,,,,low
st_17974,그랜드하얏트 인천 육교,,,,low
st_17975,뻘다방,뻘다방,http://place.map.kakao.com/1849914946,4.0,high
st_17976,포시즌스튜디오,스튜디오포시즌,http://place.map.kakao.com/571258728,0.0,high
st_17977,단스튜디오,단스튜디오,http://place.map.kakao.com/1840207791,0.0,high
st_17978,홍삼스파 참숯가마 사우나,홍삼스파참숯가마사우나 전기차충전소,http://place.map.kakao.com/385053919,79.0,high
st_17979,킨텍스로,그래머시 킨텍스,http://place.map.kakao.com/1355137510,146.0,mid
st_17982,GS25 지축명성점,GS25 지축명성점,http://place.map.kakao.com/1034682211,5.0,high
st_17983,사랑의전원마을,사랑의전원마을회관,http://place.map.kakao.com/672277696,59.0,high
st_17985,에어로피스,에어로피스,http://place.map.kakao.com/13929428,337.0,mid
st_17986,라베니체,옥소반 김포라베니체점,http://place.map.kakao.com/1570771784,0.0,high
st_17987,고베하우스,고베하우스,http://place.map.kakao.com/26893110,0.0,high
st_17988,우주공원.코스맥스 정류장,,,,low
st_17989,넥슨 정류장,,,,low
st_17990,피아제 현대백화점 판교점,,,,low
st_17991,광주공원묘원,한남공원묘원,http://place.map.kakao.com/26431502,423.0,mid
st_17992,탄도항,탄도항최고의맛집중화요리,http://place.map.kakao.com/721536289,129.0,mid
st_17993,초가시골밥상,,,,low
st_17994,유주별장,유주별장,http://place.map.kakao.com/1186627402,0.0,high
st_17995,메이폴하우스,,,,low
st_17996,버섯집,,,,low
st_17997,타샤의아침,타샤의아침,http://place.map.kakao.com/2083290479,0.0,high
st_18000,춘천 세종호텔,춘천세종호텔 웨딩홀,http://place.map.kakao.com/788498275,13.0,high
st_18001,봉의산길,명성원룸,http://place.map.kakao.com/18922029,84.0,mid
st_18002,풀내음,풀내음,http://place.map.kakao.com/10870552,15.0,high
st_18004,정선아리랑시장,정선아리랑시장,http://place.map.kakao.com/26884701,1.0,high
st_18005,쏠비치양양,쏠비치양양 엘빠띠오,http://place.map.kakao.com/773810315,1.0,high
st_18006,마마티라,마마티라 전용주차장,http://place.map.kakao.com/2015375582,322.0,mid
st_18007,지경 그곳,지경 그곳,http://place.map.kakao.com/637692476,0.0,high
st_18008,솔향바다가든 애월,,,,low
st_18009,파르나스호텔 제주,제주 파르나스호텔 전기차충전소,http://place.map.kakao.com/1557143312,0.0,high
st_18010,소노캄제주,소노시즌 소노캄제주브랜드스토어,http://place.map.kakao.com/1633078431,0.0,high
st_18011,가파도,가파도,http://place.map.kakao.com/8137083,35.0,high
st_18012,가파도 집,춘자네집,http://place.map.kakao.com/25043679,94.0,mid
st_18057,논현에코셀프세차장,뉴에코24시셀프세차장,http://place.map.kakao.com/419048893,0.0,high
st_18058,선진플라워,,,,low
st_18059,선릉양조장족발,,,,low
st_18060,포포크,,,,low
st_18061,산장,산장,http://place.map.kakao.com/8383937,269.0,mid
st_18062,닭날다,,,,low
st_18063,홍대달동네,달동네,http://place.map.kakao.com/613385286,0.0,high
st_18064,서브웨이,써브웨이 상암점,http://place.map.kakao.com/22482675,0.0,high
st_18066,서울 양재동 달콤커피,,,,low
st_18067,서울성모병원,서울성모병원 영안실,http://place.map.kakao.com/16048749,7.0,high
st_18068,엔터식스 한양대점,개그전용관 엔터식스한양대점,http://place.map.kakao.com/27477168,3.0,high
st_18069,여의도지하차도버정,,,,low
st_18070,용산2가동주민센터,투루카 용산2가동 주민센터,http://place.map.kakao.com/866355810,0.0,high
st_18071,종로3가역앞,,,467.0,low
st_18074,북아현치안센터,북아현치안센터,http://place.map.kakao.com/7904518,0.0,high
st_18075,새문순대국,새문순대국,http://place.map.kakao.com/14578916,1.0,high
st_18373,새문순대국,새문순대국,http://place.map.kakao.com/14578916,1.0,high
st_18077,대오빌딩,고려금비뇨기과의원,http://place.map.kakao.com/256014615,0.0,mid
st_18078,여의도따로국밥,여의도따로국밥,http://place.map.kakao.com/8271460,9.0,high
st_18081,노량진역,초심 노량진역점,http://place.map.kakao.com/1115408757,336.0,mid
st_18082,본동철물종합설비,본동철물종합설비,http://place.map.kakao.com/8374649,0.0,high
st_18083,우슬재옆 계단,계단집,http://place.map.kakao.com/1050988588,7.0,mid
st_18084,마포최대포숯불갈매기돼지갈비,마포최대포숯불갈매기,http://place.map.kakao.com/16557153,0.0,high
st_18085,양평감자탕,양평감자탕,http://place.map.kakao.com/16619658,0.0,high
st_18087,원효전자상가뒤,,,,low
st_18088,제이알펍,,,,low
st_18089,공간두두,,,,low
st_18090,충무로역7번출구앞,,,,low
st_18091,국민기획,국민기획,http://place.map.kakao.com/27072097,4.0,high
st_18092,청계상가,CU 청계상가점,http://place.map.kakao.com/744000276,25.0,high
st_18093,청계5가지하쇼핑센터,일구팔팔이코리아,http://place.map.kakao.com/1249204051,0.0,mid
st_18094,종로2가교차로,종로2가교차로,http://place.map.kakao.com/15139779,78.0,high
st_18095,종로3가역12번출구앞,,,,low
st_18096,경일의료기,경일의료기,http://place.map.kakao.com/16027184,4.0,high
st_18097,종로22길,태영에나멜,http://place.map.kakao.com/16904229,6.0,mid
st_18098,한성전자,한성전자,http://place.map.kakao.com/12200758,182.0,mid
st_18099,돈화문로4길,서광약품,http://place.map.kakao.com/26973365,0.0,mid
st_18100,동대문 밀리오레,동대문 밀리오레,http://place.map.kakao.com/7841946,0.0,high
st_18101,수진사,,,,low
st_18102,태광상사,태광상사,http://place.map.kakao.com/2097704575,15.0,high
st_18103,신설종합시장,신설동종합시장,http://place.map.kakao.com/18524689,27.0,high
st_18104,해동꽃조경,해동꽃조경,http://place.map.kakao.com/1907929266,0.0,high
st_18105,수도학원,수도학원,http://place.map.kakao.com/8914417,7.0,high
st_18106,고려대학교,주연테크 고려대학교점,http://place.map.kakao.com/24726954,0.0,high
st_18107,고산자로58길,양지부동산 중개인사무소,http://place.map.kakao.com/10570283,44.0,mid
st_18108,고산자로56길,차분베이킹스튜디오,http://place.map.kakao.com/1741495826,12.0,mid
st_18109,정릉동집,정릉노인의집,http://place.map.kakao.com/967491924,303.0,mid
st_18110,월곡산,월곡산,http://place.map.kakao.com/1103382717,140.0,mid
st_18111,서울고속버스터미널,다이소 강남고속버스터미널2호점,http://place.map.kakao.com/45634837,0.0,high
st_18112,통일연구원,통일연구원,http://place.map.kakao.com/12863591,34.0,high
st_18113,효령로31길,철길부산집 방배역점,http://place.map.kakao.com/1133399613,0.0,mid
st_18114,엘루크방배서리풀,GS더프레시 방배서리풀점,http://place.map.kakao.com/830068212,14.0,high
st_18115,현대14차아파트,현대14차아파트,http://place.map.kakao.com/27446443,97.0,high
st_18116,금강아케이드,금강아케이드,http://place.map.kakao.com/11031961,24.0,high
st_18117,노블발렌티 삼성점,노블발렌티 삼성점,http://place.map.kakao.com/17157328,1.0,high
st_18118,수도전기공업고등학교,수도전기공업고등학교 기숙사,http://place.map.kakao.com/521272352,60.0,high
st_18119,천호대교,투루카 광나루한강공원 3주차장(천호대교 밑),http://place.map.kakao.com/884290012,146.0,mid
st_18122,경인항인천컨테이너부두,,,,low
st_18123,부평구의회,부평구의회,http://place.map.kakao.com/8406537,64.0,high
st_18124,제주로지스틱스 서울지점,제주로지스틱스 서울지점,http://place.map.kakao.com/17629052,0.0,high
st_18125,인천역,인천역 수인분당선,http://place.map.kakao.com/1530212167,30.0,high
st_18126,홍예문아파트앞,,,,low
st_18128,우현로62길,,,,low
st_18129,디와이,디와이씨스,http://place.map.kakao.com/348208424,0.0,high
st_18130,남동공단 산업용품상가,경진종합상사,http://place.map.kakao.com/1787346350,0.0,mid
st_18131,포천우체국,포천우체국,http://place.map.kakao.com/10094054,0.0,high
st_18132,강변로,노비아레텍 2공장,http://place.map.kakao.com/1750567749,59.0,mid
st_18133,안흥교,안흥교,http://place.map.kakao.com/10581423,38.0,high
st_18134,동두천큰시장,큰시장마니커,http://place.map.kakao.com/15818440,21.0,high
st_18135,의정부시외버스터미널,의정부시외버스터미널,http://place.map.kakao.com/18166736,0.0,high
st_18137,킨텍스로 횡단보도,,,,low
st_18138,롯데백화점 일산점,롯데슈퍼프레시 일산점,http://place.map.kakao.com/132127047,0.0,high
st_18139,정발산역 육교,,,,low
st_18141,문촌마을15단지부영아파트,문촌마을15단지부영아파트,http://place.map.kakao.com/11062841,86.0,high
st_18142,한국한공대역,,,,low
st_18143,양평 폐공장,,,,low
st_18144,동아육운,동아육운 용인본사,http://place.map.kakao.com/10291084,177.0,mid
st_18145,더포레,더포레,http://place.map.kakao.com/853228665,0.0,high
st_18146,안성주물,안성주물,http://place.map.kakao.com/48378932,54.0,high
st_18147,MBC 원주문화방송,MBC원주문화방송 노동조합,http://place.map.kakao.com/11181245,2.0,high
st_18148,헌화로,헌화로횟집,http://place.map.kakao.com/9647091,35.0,high
st_18149,부남해변,부남해변민박,http://place.map.kakao.com/25413120,480.0,mid
st_18150,세일제화,세일제화,http://place.map.kakao.com/11268637,32.0,high
st_18151,부산역,아트센트 부산역점,http://place.map.kakao.com/1825585153,0.0,high
st_18152,미포방파제,미포방파제,http://place.map.kakao.com/1964866278,100.0,mid
st_18153,송정항서방파제,,,,low
st_18154,영도,영도구청,http://place.map.kakao.com/8008807,0.0,high
st_18155,대평남로,대평식당,http://place.map.kakao.com/15599368,120.0,mid
st_18156,혜인선박,,,,low
st_18157,남부민동,영커피 남부민점,http://place.map.kakao.com/1104954451,108.0,mid
st_18158,송도해수욕장,송도해수욕장,http://place.map.kakao.com/25041637,24.0,high
st_18159,부산감천항 수산물시장,부산감천항 수산물시장,http://place.map.kakao.com/12937375,62.0,high
st_18160,부산시수협 다대위판장,부산시수협 다대위판장,http://place.map.kakao.com/11753949,29.0,high
st_18369,전자회관,전자회관(한국전자정보통신산업진흥회) 전기차충전소,http://place.map.kakao.com/1061718596,0.0,high
st_18370,난지한강공원,난지한강공원 제1야구장,http://place.map.kakao.com/1841077698,9.0,high
st_18371,양화로,허밍벨라 디자이너스점,http://place.map.kakao.com/27508893,3.0,mid
st_18372,하얀공간 합정,,,,low
st_18374,도화소어린이공원,도화소어린이공원 개방화장실,http://place.map.kakao.com/26332891,2.0,high
st_18375,유플러스 일상의틈 도화동 마포점,LG유플러스 일상의틈 도화동 마포점,http://place.map.kakao.com/1745751475,24.0,high
st_18376,노량진로6길,동작설비종합인테리어,http://place.map.kakao.com/193469578,0.0,mid
st_18378,레이어스스튜디오,,,,low
st_18379,대동유통,대동지류유통,http://place.map.kakao.com/1104087314,464.0,mid
st_18380,중부건어물시장,중부건어물시장,http://place.map.kakao.com/27373172,24.0,high
st_18381,60계치킨 서울회기점,60계치킨 서울회기점,http://place.map.kakao.com/1599700504,3.0,high
st_18382,숭인시장,숭인시장,http://place.map.kakao.com/18524799,34.0,high
st_18384,강동대로,,,195.0,low
st_18385,광진교,광진교8번가,http://place.map.kakao.com/11970493,22.0,high
st_18386,일신자동차매매단지,일신자동차매매단지,http://place.map.kakao.com/1682040629,28.0,high
st_18387,배다리사거리,배다리사거리,http://place.map.kakao.com/7890003,41.0,high
st_18388,배다리지하도상가,배다리지하상가,http://place.map.kakao.com/346318859,28.0,high
st_18389,재인폭포,,,,low
st_18390,대진대학교,대진대학교 행복기숙사,http://place.map.kakao.com/1050507238,103.0,mid
st_18391,회암사지박물관,이디야커피 양주회암사지박물관점,http://place.map.kakao.com/1862819625,0.0,high
st_18393,"쉼, 어묵 그리고 한잔 술 덕이점","쉼,어묵그리고한잔술 일산덕이점",http://place.map.kakao.com/1873206213,0.0,high
st_18394,문촌마을12단지 상가,리버피아노교습소,http://place.map.kakao.com/582741809,31.0,mid
st_18395,와인당,와인당,http://place.map.kakao.com/1546299703,1.0,high
st_18396,행복한체험캠핑장,행복한체험캠핑장,http://place.map.kakao.com/1502728806,0.0,high
st_18398,아이데코,위니드밥 아이테코점,http://place.map.kakao.com/1588531261,0.0,mid
st_18399,고인돌수석민속관,고인돌수석,http://place.map.kakao.com/707178338,14.0,high
st_18400,피엔제이환경자원,피엔제이환경자원,http://place.map.kakao.com/19779496,1.0,high
st_18401,스텔라떡볶이 경기광명철산점,스텔라떡볶이 경기광명철산점,http://place.map.kakao.com/423013562,0.0,high
st_18402,권광로188번길(나혜석거리),88포장마차 나혜석거리점,http://place.map.kakao.com/152601212,162.0,mid
st_18403,우림WCITY,우림WCITY,http://place.map.kakao.com/17232578,14.0,high
st_18404,브릿지타워 사거리,,,,low
st_18405,춘천경찰서,춘천경찰서 전기차충전소,http://place.map.kakao.com/974802021,22.0,high
st_18406,삼도천터널,원박리폐터널,http://place.map.kakao.com/269081801,10.0,mid
st_18407,반야사,반야사,http://place.map.kakao.com/21275620,100.0,mid
st_18777,앰배서더 서울 풀만,앰배서더서울풀만 연회장,http://place.map.kakao.com/2055302279,2.0,high
st_18778,1955 그로서리아,앰배서더서울풀만 1955그로서리아,http://place.map.kakao.com/1960871004,55.0,high
st_18779,운경고택,운경고택,http://place.map.kakao.com/578458681,43.0,high
st_18780,벽초지수목원,벽초지수목원 주차장,http://place.map.kakao.com/18118804,10.0,high
st_18781,쁘띠프랑스,쁘띠프랑스 리조트,http://place.map.kakao.com/1032505156,4.0,high
st_18783,문경새재 오픈세트장,문경새재오픈세트장,http://place.map.kakao.com/24974663,77.0,high
st_18784,고산정 나루터,고산정 나루터,http://place.map.kakao.com/723680905,452.0,mid
st_18785,오봉산 마당바위,오봉산 마당바위,http://place.map.kakao.com/1067488701,134.0,mid
st_18788,봉원고가차도,봉원고가차도,http://place.map.kakao.com/1052124628,127.0,mid
st_18790,"여의동로(여의도중,고등학교쪽)",,,,low
st_18791,한양아파트 E동쪽,,,,low
st_18792,현대타운빌라10동,,,,low
st_18793,소월로,흑해,http://place.map.kakao.com/784668420,96.0,mid
st_18794,장문로49길,디에이치한남아파트 (예정),http://place.map.kakao.com/356751216,74.0,mid
st_18795,한남동,,,,low
st_18796,염천교수제화거리,염천교수제화거리,http://place.map.kakao.com/27532745,9.0,high
st_18797,서울스퀘어,아티제 서울스퀘어점,http://place.map.kakao.com/711603257,0.0,high
st_18798,상오빌딩,상오빌딩,http://place.map.kakao.com/23882085,0.0,high
st_18799,효자로,온지음,http://place.map.kakao.com/27050439,95.0,mid
st_18800,창덕궁1길,돌담집,http://place.map.kakao.com/12052631,12.0,mid
st_18802,아지오(폐업),,,,low
st_18803,삼양로173길,행운부동산공인중개사,http://place.map.kakao.com/8161733,0.0,mid
st_18804,삼양로173길(2),,,209.0,low
st_18806,송현공원로,송현근린공원 향적사,http://place.map.kakao.com/8607121,72.0,high
st_18808,우현로67번길,오슬로,http://place.map.kakao.com/1240793885,2.0,mid
st_18809,현대맨션4동,현대맨션1차 4동,http://place.map.kakao.com/27502529,90.0,high
st_18811,우만주공4단지아파트,주공4단지아파트,http://place.map.kakao.com/13324065,108.0,mid
st_18812,서원대학교 다정관기숙사,서원대학교 다정관기숙사,http://place.map.kakao.com/17579643,33.0,high
st_18813,서산동부시장,서산동부전통시장,http://place.map.kakao.com/25775375,23.0,high
st_18814,연무고등학교,연무고등학교,http://place.map.kakao.com/8012798,90.0,high
st_18815,빈해원,빈해원,http://place.map.kakao.com/11053604,5.0,high
st_18816,수정약국앞,,,,low
st_18817,성일설비사앞,,,,low
st_18818,민방위대피소앞 정류소,,,,low
st_18819,전북대학교병원,무인민원발급창구 전북대병원,http://place.map.kakao.com/1379021305,9.0,high
st_18820,흥국생명 정류장,,,,low
st_18821,흥국금융가족빌딩,흥국생명빌딩,http://place.map.kakao.com/24831277,6.0,high
st_18822,굿모닝정형외과앞,,,,low
st_18823,봉구스밥버거앞,,,,low
st_18824,충경로,투루카 더시티호텔 주차장,http://place.map.kakao.com/835762864,19.0,mid
st_18825,팔달로 예술회관 정류장,,,,low
st_18826,팔달로(1),,,436.0,low
st_18827,팔달로(2),전주한옥마을 소리울,http://place.map.kakao.com/20197943,34.0,mid
st_18828,칠보중학교,칠보중학교,http://place.map.kakao.com/8096850,59.0,high
st_18829,대성고등학교(폐교),대성고등학교 (폐교),http://place.map.kakao.com/26175220,0.0,high
st_18830,전남대학교,전남대학교 친환경농업연구센터,http://place.map.kakao.com/19711830,0.0,high
st_18831,광주극장,광주극장,http://place.map.kakao.com/8202797,62.0,high
st_18832,벌교버스공용터미널,벌교버스공용터미널,http://place.map.kakao.com/18166683,2.0,high
st_18833,장환마을,장환마을,http://place.map.kakao.com/21218424,350.0,mid
st_18834,청심국제해양청소년수련원,청심국제해양청소년수련원,http://place.map.kakao.com/2143411729,10.0,high
st_18835,주교좌계산대성당,,,,low
st_18836,호민저수지,,,,low
st_18837,중앙미용실,,,,low
st_18838,가실성당,가실성당,http://place.map.kakao.com/24007514,1.0,high
st_18839,운문사,운문사 대웅보전,http://place.map.kakao.com/12753980,3.0,high
st_18840,성남이로46번길,연동떡방앗간,http://place.map.kakao.com/21338653,26.0,mid
st_18841,제주해양경찰서,제주해양경찰서,http://place.map.kakao.com/8067792,1.0,high
st_18842,제주목 관아,제주목 관아 홍화각,http://place.map.kakao.com/17574742,2.0,high
st_18843,제주지방법원,무인민원발급창구 제주지방법원,http://place.map.kakao.com/201710474,0.0,high
st_18844,제원3차아파트,제원3차아파트,http://place.map.kakao.com/17201594,35.0,high
st_18845,오라동메밀밭,메밀밭주차장,http://place.map.kakao.com/524112283,193.0,mid
st_18846,광령리(추정),,,,low
st_18847,한림수협위판장,한림수협 수산물시장,http://place.map.kakao.com/1500115481,183.0,mid
st_18848,한림항,롯데ATM 세븐일레븐 제주한림항,http://place.map.kakao.com/1419088496,92.0,high
st_18849,제주한림주공아파트,제주 한림주공아파트 전기차충전소,http://place.map.kakao.com/1091155491,0.0,high
st_18850,해녀박물관,해녀박물관 후생복지회,http://place.map.kakao.com/21457254,0.0,high
st_18851,해맞이해안로(토끼섬입구쪽),,,,low
st_18852,성산일출봉,성산일출봉 정상전망대,http://place.map.kakao.com/1762278118,29.0,high
st_18853,서귀포칼호텔,롯데ATM 제주은행 서귀칼호텔,http://place.map.kakao.com/1257419585,224.0,mid
st_18854,칠십리로,백주산보,http://place.map.kakao.com/75691032,58.0,mid
st_18855,현대맨션1차 105동,현대맨션1차 105동,http://place.map.kakao.com/27491654,38.0,high
st_18857,바람부는언덕,바람부는언덕,http://place.map.kakao.com/1121489607,1.0,high
st_19047,데이터복구연구소,,,,low
st_19048,NC백화점,한샘 NC 강서점,http://place.map.kakao.com/629474648,0.0,high
st_19049,하계2치안센터,하계1치안센터 개방화장실,http://place.map.kakao.com/26333777,457.0,mid
st_19050,서울노원경찰서,노원경찰서 경무과 개방화장실,http://place.map.kakao.com/26336281,66.0,high
st_19051,인덕대학앞,한솥도시락 인덕대앞점,http://place.map.kakao.com/11634921,278.0,mid
st_19052,동작대교전망대앞,,,,low
st_19053,성산동집,,,103.0,low
st_19054,새누리어린이공원,새누리어린이공원,http://place.map.kakao.com/22895628,4.0,high
st_19055,JTBC,jtbc미디어텍,http://place.map.kakao.com/84822567,0.0,high
st_19056,YTN&CJ사이,,,,low
st_19059,MBC앞,,,,low
st_19060,중앙공인중개사사무소,중앙공인중개사사무소,http://place.map.kakao.com/11147529,272.0,mid
st_19062,카나,,,,low
st_19063,힐하우스,힐하우스,http://place.map.kakao.com/1232224311,0.0,high
st_19064,해담는다리,해담는다리,http://place.map.kakao.com/11971404,30.0,high
st_19065,연희주택,연희빌라,http://place.map.kakao.com/1264213138,20.0,high
st_19066,첼시하우스,첼시하우스,http://place.map.kakao.com/902139023,0.0,high
st_19067,연희하이츠빌라,연희하이츠빌라,http://place.map.kakao.com/38644923,0.0,high
st_19069,원진성형외과,원진성형외과의원,http://place.map.kakao.com/13593640,3.0,high
st_19070,오목공원,오목공원 나무마을,http://place.map.kakao.com/1826173255,0.0,high
st_19072,KDB산업은행앞,,,,low
st_19073,이마트여의도점앞,,,,low
st_19074,산호아파트C동,산호아파트 C동,http://place.map.kakao.com/26695847,158.0,mid
st_19076,단군성전앞,,,,low
st_19077,신세계백화점,살로몬 신세계백화점본점,http://place.map.kakao.com/504509273,0.0,high
st_19692,서울식당,고기집념 마곡서울식물원점,http://place.map.kakao.com/1281785189,0.0,mid
st_19693,커피베이,커피베이,http://place.map.kakao.com/651653866,0.0,high
st_19694,인생한의원,인생한의원,http://place.map.kakao.com/12895705,0.0,high
st_19696,구룡근린공원,구룡근린공원,http://place.map.kakao.com/19927414,7.0,high
st_19697,어기어차,,,,low
st_19698,서울책보고,서울책보고,http://place.map.kakao.com/397552947,99.0,high
st_19699,잠실롯데백화점,살롱드샬롯 롯데백화점 잠실점,http://place.map.kakao.com/130873935,258.0,mid
st_19701,마포대교,마포대교교차로,http://place.map.kakao.com/10359345,260.0,mid
st_19703,버틀러스테이블,,,,low
st_19704,호텔세느장,,,,low
st_19705,이음더플레이스,이음더플레이스,http://place.map.kakao.com/1253619891,18.0,high
st_19706,코리아게스트하우스(복정우물),,,,low
st_19707,커피인뜨락,,,,low
st_19708,안국역4번출구,안국역 3호선 4번출구,http://place.map.kakao.com/7989664,44.0,high
st_19709,창화당 대학로점,,,,low
st_19710,골목구석,,,,low
st_19711,정독도서관앞,,,,low
st_19712,광희문,광희문,http://place.map.kakao.com/8194106,16.0,high
st_19713,혜민당,혜민당,http://place.map.kakao.com/346424300,0.0,high
st_19714,서브웨이,써브웨이 정동점,http://place.map.kakao.com/1162348740,8.0,high
st_19856,오렌지힐,,,,low
st_19857,달링(the fab),,,,low
st_19858,제이큐브빌딩,더스포이드,http://place.map.kakao.com/26932950,2.0,mid
st_19859,롯데시네마,자몽미디어센터 롯데시네마 건대점,http://place.map.kakao.com/1840084531,89.0,high
st_19860,장수갈매기,장수갈매기 본점,http://place.map.kakao.com/25044283,4.0,high
st_19861,누리꿈스퀘어.MBC,프레드커피하우스 상암MBC점,http://place.map.kakao.com/1065531569,61.0,mid
st_19862,누리꿈스퀘어 서쪽,,,,low
st_19863,patternETHIOPIA,,,,low
st_19864,CU 서교로점,CU 서교로점,http://place.map.kakao.com/9629603,11.0,high
st_19865,상암중고등학교입구버정,,,,low
st_19866,동진아파트,동진,http://place.map.kakao.com/7847948,11.0,high
st_19989,보라매공원,보라매공원 관리사무소,http://place.map.kakao.com/7892033,1.0,high
st_19990,성심한의원,성심한의원,http://place.map.kakao.com/7949404,2.0,high
st_19991,금성하이츠빌라,금성하이츠빌라,http://place.map.kakao.com/973834020,0.0,high
st_19992,후암동 플레이트B/영주교회,,,,low
st_19993,다리밑,,,,low
st_19994,선린인터넷고교,선린인터넷고등학교,http://place.map.kakao.com/7947833,49.0,high
st_19995,포맨인테리어,포맨목공인테리어,http://place.map.kakao.com/19237760,0.0,high
st_19996,인더라인25,인더라인25,http://place.map.kakao.com/14732557,1.0,high
st_19997,우미우가,,,,low
st_19998,다나약국,다나약국,http://place.map.kakao.com/13512390,2.0,high
st_19999,이화벽화마을/이화동마을박물관,이화동마을박물관,http://place.map.kakao.com/2044540762,39.0,high
st_20000,508샵,오공팔샵,http://place.map.kakao.com/26324362,3.0,mid
st_20001,낙산공원,낙산공원 주차장,http://place.map.kakao.com/970517516,41.0,high
st_20002,라비두스,라비두스,http://place.map.kakao.com/768355207,10.0,high
