place_name,place_address,orig_lat,orig_lng,naver_place_id,naver_url,naver_lat,naver_lng,match_confidence,matched_name,matched_address,verification_status,mismatch_flag,mismatch_reason
마곡중앙로(1),서울 강서구 마곡중앙10로 10,37.563497,126.830233,,,,,failed,,,not_matched,false,
마곡중앙로(2),서울 강서구 마곡동 721-7,37.558059,126.826650,,,,,failed,,,not_matched,false,
마곡중앙로(3),서울 강서구 마곡중앙로 168,37.568432,126.828720,,,,,failed,,,not_matched,false,
월드컵북로(5단지앞),서울 마포구 상암동 1715,37.579999,126.887548,,,,,failed,,,not_matched,false,
MBC,서울 마포구 성암로 267,37.581123,126.890989,11582966,https://map.naver.com/p/entry/place/11582966,37.5810495,126.8904967,high,상암동MBC신사옥,서울 마포구 성암로 267 서울 마포구 상암동 1603,verified,false,
누리꿈스퀘어,서울 마포구 월드컵북로 396,37.579428,126.889783,32528619,https://map.naver.com/p/entry/place/32528619,37.5793707,126.8899532,high,누리꿈스퀘어빌딩,서울 마포구 월드컵북로 396 서울 마포구 상암동 1605,verified,false,
당산철교,서울 영등포구 여의도동 80-3,37.539915,126.907842,18999540,https://map.naver.com/p/entry/place/18999540,37.5406275,126.9075996,high,당산철교,서울 영등포구 여의도동,verified,false,
서강대교,서울 영등포구 여의도동 83-1,37.535855,126.924794,18999808,https://map.naver.com/p/entry/place/18999808,37.5378529,126.9255699,high,서강대교,서울 영등포구 여의도동,verified,false,
마포대교,서울 영등포구 여의도동 85-2,37.532429,126.935734,34522486,https://map.naver.com/p/entry/place/34522486,37.5331166,126.9360771,mid,영화[어벤져스2]촬영지(마포대교),서울 영등포구 여의도동 85-2,verified,false,
여의대로,서울 영등포구 여의도동 2-11,37.525698,126.924241,,,,,failed,,,not_matched,false,
IFC,서울 영등포구 국제금융로 10,37.525178,126.924877,21423942,https://map.naver.com/p/entry/place/21423942,37.5251912,126.9258013,high,IFC몰,서울 영등포구 국제금융로 10 IFC몰 B1 서울 영등포구 여의도동 23,verified,false,
스위치22 여의도점,서울 영등포구 여의대로 108,37.525191,126.929113,,,,,failed,,,not_matched,false,
국제금융로,서울 영등포구 여의도동 2-2,37.525493,126.927362,19000062,https://map.naver.com/p/entry/place/19000062,37.523875,126.9252,high,국제금융로2길,서울 영등포구 여의도동,verified,false,
고척스카이돔,서울 구로구 경인로 430,37.498213,126.867089,18967604,https://map.naver.com/p/entry/place/18967604,37.4982105,126.8672613,high,고척스카이돔,서울 구로구 경인로 430 서울 구로구 고척동 63-6,verified,false,
고려대학교 구로병원,서울 구로구 구로동로 148,37.491150,126.884511,18958178,https://map.naver.com/p/entry/place/18958178,37.4918949,126.8844654,high,고려대학교구로병원 본관,서울 구로구 구로동로 148 서울 구로구 구로동 80,verified,false,
올림픽대로,서울 영등포구 여의도동 87-5,37.517397,126.945660,,,,,failed,,,not_matched,false,
노량대교,서울 동작구 본동 477,37.515777,126.953220,19028473,https://map.naver.com/p/entry/place/19028473,37.5147687,126.954494,high,노량대교,서울 동작구 본동,verified,false,
노들로,서울 동작구 노량진동 320-1,37.515580,126.936599,,,,,failed,,,not_matched,false,
강변북로,서울 용산구 이촌동 375,37.521994,126.960328,,,,,failed,,,not_matched,false,
동작대교,서울 용산구 이촌동 385,37.509920,126.981704,18726869,https://map.naver.com/p/entry/place/18726869,37.510825,126.9819963,high,동작대교,서울 용산구 이촌동,verified,false,
녹트,서울 용산구 올림픽대로 2085-96,37.508032,126.984552,1020828516,https://map.naver.com/p/entry/place/1020828516,37.5070431,126.9845639,high,녹트,서울 용산구 올림픽대로 2085-96 THE RIVER 2층 서울 용산구 용산동6가 451,verified,false,
국립서울현충원,서울 동작구 동작동 212-6,37.502144,126.974274,11620310,https://map.naver.com/p/entry/place/11620310,37.5027957,126.9748176,high,국립서울현충원,서울 동작구 서울 동작구 동작동 212-6,verified,false,
국립중앙박물관,서울 용산구 서빙고로 137,37.524702,126.977740,11620570,https://map.naver.com/p/entry/place/11620570,37.5240867,126.980388,high,국립중앙박물관,서울 용산구 서빙고로 137 국립중앙박물관 서울 용산구 용산동6가 168-6,verified,false,
르가드더메인한남,서울 용산구 한남대로10길 16,37.531551,127.009903,,,,,failed,,,not_matched,false,
그랜드하얏트 서울,서울 용산구 소월로 322,37.539763,126.996241,11555954,https://map.naver.com/p/entry/place/11555954,37.5396013,126.997452,high,그랜드 하얏트 서울,서울 용산구 소월로 322 서울 용산구 한남동 747-7,verified,false,
나라약국,서울 용산구 청파로47길 7,37.544706,126.970224,1400757933,https://map.naver.com/p/entry/place/1400757933,37.5447529,126.9701618,high,나라약국,서울 용산구 청파로47길 7 청파새마을금고 서울 용산구 청파동3가 21-9,verified,false,
청춘식당(폐업),서울 용산구 청파로 289,37.545381,126.970195,,,,,failed,,,precheck:closed_place_name,false,
신세계백화점 본점,서울 중구 소공로 63,37.560919,126.980979,1105054687,https://map.naver.com/p/entry/place/1105054687,37.5609695,126.9811547,mid,신세계백화점 본점본관,서울 중구 소공로 63 서울 중구 충무로1가 52-5,verified,false,
대한민국역사박물관,서울 종로구 세종대로 198,37.573714,126.978339,18664755,https://map.naver.com/p/entry/place/18664755,37.5739235,126.9778133,high,대한민국역사박물관,서울 종로구 세종대로 198 대한민국역사박물관 서울 종로구 세종로 82-1,verified,false,
경복궁,서울 종로구 사직로 161,37.575904,126.976842,11571707,https://map.naver.com/p/entry/place/11571707,37.5788408,126.9770162,mid,경복궁,서울 종로구 사직로 161 경복궁 서울 종로구 세종로 1-1,verified,false,
"경복궁,국립민속박물관 정류장(01540)",서울 종로구 세종로 1-61,37.580109,126.979842,,,,,failed,,,not_matched,false,
삼청로,서울 종로구 세종로 3,37.577935,126.979542,,,,,failed,,,not_matched,false,
서울경찰청,서울 종로구 사직로8길 31,37.574946,126.971980,11640195,https://map.naver.com/p/entry/place/11640195,37.5750598,126.9720724,high,서울경찰청,서울 종로구 사직로8길 31 서울경찰청 서울 종로구 내자동 201-11,verified,false,
서순라길,서울 종로구 서순라길 51,37.572815,126.993120,1970513330,https://map.naver.com/p/entry/place/1970513330,37.5728155,126.993122,mid,픽닷 서순라길점,서울 종로구 서순라길 51 1층 서울 종로구 봉익동 12-6,verified,false,
종묘,서울 종로구 종로 157,37.573134,126.994864,11620940,https://map.naver.com/p/entry/place/11620940,37.5758018,126.9939555,mid,종묘,서울 종로구 종로 157 서울 종로구 훈정동 1-2,verified,false,
써브웨이 종암점,서울 성북구 종암로 110,37.600095,127.034338,1235687792,https://map.naver.com/p/entry/place/1235687792,37.6001807,127.034252,high,써브웨이 종암점,서울 성북구 종암로 110 서울 성북구 종암동 3-1192,verified,false,
경희대학교,서울 동대문구 경희대로 26,37.593949,127.054891,12064583,https://map.naver.com/p/entry/place/12064583,37.5941567,127.0537205,high,경희대학교 치과대학,서울 동대문구 경희대로 26 서울 동대문구 회기동 36-8,verified,false,
성신여자대학교 운정그린캠퍼스,서울 강북구 도봉로76가길 55,37.632038,127.027124,20592046,https://map.naver.com/p/entry/place/20592046,37.6322546,127.0275732,high,성신여자대학교 운정그린캠퍼스,서울 강북구 도봉로76가길 55 성신여자대학교운정그린캠퍼스 서울 강북구 미아동 147,verified,false,
응봉산,서울 성동구 금호동4가 1540,37.547091,127.029190,11491502,https://map.naver.com/p/entry/place/11491502,37.5478269,127.029725,mid,응봉산,서울 성동구 금호동4가 1540,verified,false,
청담대교,서울 광진구 자양동 824,37.526286,127.064885,18830462,https://map.naver.com/p/entry/place/18830462,37.5262008,127.0642655,high,청담대교,서울 광진구 자양동,verified,false,
캐틀앤비(폐업),서울 서초구 양재천로 131,37.478802,127.041977,,,,,failed,,,precheck:closed_place_name,false,
시티악기,서울 서초구 남부순환로323길 25,37.482212,127.013503,11736501,https://map.naver.com/p/entry/place/11736501,37.4822175,127.0135994,high,시티악기,서울 서초구 남부순환로323길 25 시티악기 서울 서초구 서초동 1451-72,verified,false,
잠수교,서울 서초구 반포동 649,37.512545,126.996906,18762982,https://map.naver.com/p/entry/place/18762982,37.5145083,126.9965328,high,잠수교,서울 서초구 반포동,verified,false,
서초대로,서울 서초구 서초대로 347,37.495671,127.019253,,,,,failed,,,not_matched,false,
럭셔리판다,서울 강남구 논현로152길 33,37.521720,127.030809,1332411868,https://map.naver.com/p/entry/place/1332411868,37.5216878,127.030865,high,럭셔리판다,서울 강남구 논현로152길 33 서울 강남구 신사동 589-20,verified,false,
0914 도산공원 플래그십 스토어,서울 강남구 도산대로45길 15,37.523231,127.035117,37213622,https://map.naver.com/p/entry/place/37213622,37.5232725,127.0351688,high,0914 도산공원 플래그십 스토어,"서울 강남구 도산대로45길 15 1, 2층 서울 강남구 신사동 631-35",verified,false,
CGV청담씨네시티,서울 강남구 도산대로 323,37.522897,127.037016,20574013,https://map.naver.com/p/entry/place/20574013,37.5228611,127.0370619,high,CGV 청담씨네시티,서울 강남구 도산대로 323 씨네시티빌딩 서울 강남구 신사동 651-21,verified,false,
테헤란로,서울 강남구 테헤란로 201,37.501311,127.037178,,,,,failed,,,not_matched,false,
조선팰리스 강남,서울 강남구 테헤란로 231,37.502881,127.041357,1384506674,https://map.naver.com/p/entry/place/1384506674,37.5029272,127.0411011,high,조선 팰리스 서울 강남,서울 강남구 테헤란로 231 센터필드타워 웨스트동 서울 강남구 역삼동 676,verified,false,
제이에스티나빌딩,서울 송파구 양재대로62길 53,37.495607,127.121295,20621371,https://map.naver.com/p/entry/place/20621371,37.495614,127.121248,high,제이에스티나빌딩,서울 송파구 양재대로62길 53 서울 송파구 가락동 77-1,verified,false,
웰킵스타워,서울 강동구 고덕비즈밸리로 54,37.567539,127.158593,1212866420,https://map.naver.com/p/entry/place/1212866420,37.5674657,127.1585089,high,웰킵스타워,서울 강동구 고덕비즈밸리로 54 서울 강동구 고덕동 353-11,verified,false,
온수리성공회,인천 강화군 길상면 온수길38번길 14,37.640518,126.489703,1458075421,https://map.naver.com/p/entry/place/1458075421,37.6406458,126.4903633,high,온수리성공회,인천 강화군 길상면 온수길38번길 14 대한성공회 온수리교회 인천 강화군 길상면 온수리 505-3,verified,false,
파라다이스시티호텔,인천 영종구 영종해안남로321번길 186,37.437412,126.455555,304210835,https://map.naver.com/p/entry/place/304210835,37.4372949,126.455732,high,파라다이스시티,인천 영종구 영종해안남로321번길 186 인천 영종구 운서동 2874,verified,false,
인천문학경기장,인천 미추홀구 매소홀로 618,37.435082,126.690760,34959771,https://map.naver.com/p/entry/place/34959771,37.4352191,126.6907208,high,인천문학경기장,인천 미추홀구 매소홀로 618 인천 미추홀구 문학동 482,verified,false,
써브웨이 인천송도8공구점,인천 연수구 랜드마크로 20,37.416075,126.624537,2094711028,https://map.naver.com/p/entry/place/2094711028,37.4150729,126.6256539,high,써브웨이 인천송도8공구점,"인천 연수구 랜드마크로 20 111동 1층 155호, 156호 인천 연수구 송도동 312-1",verified,false,
경원재 바이 워커힐,인천 연수구 테크노파크로 200,37.392287,126.637858,36516845,https://map.naver.com/p/entry/place/36516845,37.391937,126.6375339,high,경원재 바이 워커힐,인천 연수구 테크노파크로 200 인천 연수구 송도동 24-9,verified,false,
오크우드프리미어 인천 파노라믹65,인천 연수구 컨벤시아대로 165,37.389141,126.644443,37402265,https://map.naver.com/p/entry/place/37402265,37.3893365,126.6442061,high,오크우드프리미어 인천 파노라믹65,인천 연수구 컨벤시아대로 165 오크우드 프리미어 호텔 65층 인천 연수구 송도동 6-10,verified,false,
라운지25,인천 연수구 센트럴로 232,37.397422,126.636641,2047120364,https://map.naver.com/p/entry/place/2047120364,37.396624,126.6372389,mid,라운지25 본점,인천 연수구 센트럴로 232 E동 1층 183호~187호 글로벌레인보우유치원 맞은편 인천 연수구 송도동 23-3,verified,false,
양주한국병원,경기 양주시 화합로 1489,37.838900,127.072898,1265137259,https://map.naver.com/p/entry/place/1265137259,37.8388895,127.0728597,high,양주한국병원장례문화원,경기 양주시 화합로 1489 B2층 경기 양주시 고암동 92-21,verified,false,
모터리,경기 양주시 고암길 154-54,37.832312,127.074778,1744024371,https://map.naver.com/p/entry/place/1744024371,37.8323122,127.0748239,high,모터리,경기 양주시 고암길 154-54 경기 양주시 고암동 586-5,verified,false,
조이마당스튜디오,경기 파주시 파주읍 봉서산로 245,37.833300,126.803485,1741339375,https://map.naver.com/p/entry/place/1741339375,37.8332971,126.8034965,high,조이마당스튜디오,경기 파주시 파주읍 봉서산로 245 경기 파주시 파주읍 봉암리 3-1,verified,false,
로케이션 이음,경기 파주시 탄현면 새오리로286번길 48-70,37.804057,126.693139,,,,,failed,,,not_matched,false,
얼반웍스 스튜디오,경기 고양시 덕양구 호원길 3-2,37.585967,126.875599,,,,,failed,,,not_matched,false,
오르다온,경기 양평군 서종면 송골길 233,37.561228,127.411124,840722465,https://map.naver.com/p/entry/place/840722465,37.5611516,127.4110621,high,오르다온,경기 양평군 서종면 송골길 233 경기 양평군 서종면 서후리 529-34,verified,false,
하남돼지집 본점,경기 하남시 미사강변중앙로 43,37.550956,127.192867,35720246,https://map.naver.com/p/entry/place/35720246,37.5509999,127.1930366,high,하남돼지집 본점,경기 하남시 미사강변중앙로 43 1층 경기 하남시 풍산동 591,verified,false,
화서문,경기 수원시 팔달구 장안동 331,37.286608,127.013903,19802092,https://map.naver.com/p/entry/place/19802092,37.2855288,127.0096638,mid,화서문,경기 수원시 팔달구 장안동 334,verified,false,
보바스기념병원,경기 성남시 분당구 대왕판교로 155-8,37.357434,127.100004,11492281,https://map.naver.com/p/entry/place/11492281,37.3559525,127.0982562,high,보바스기념병원,경기 성남시 분당구 대왕판교로 155-7 보바스기념병원 경기 성남시 분당구 금곡동 310-8,verified,false,
경희대학교 국제캠퍼스,경기 용인시 기흥구 덕영대로 1732,37.239800,127.081199,19294047,https://map.naver.com/p/entry/place/19294047,37.238678,127.0818706,high,경희대학교 국제캠퍼스천문대,경기 용인시 기흥구 덕영대로 1732 경기 용인시 기흥구 서천동 1,verified,false,
용인대장금파크,경기 용인시 처인구 백암면 용천드라마길 25,37.119444,127.337089,13523487,https://map.naver.com/p/entry/place/13523487,37.1214426,127.3369462,high,용인대장금파크,경기 용인시 처인구 백암면 용천드라마길 25 경기 용인시 처인구 백암면 용천리 778-1,verified,false,
광주경찰서,경기 광주시 포돌이로 135,37.408779,127.239425,11642394,https://map.naver.com/p/entry/place/11642394,37.4083013,127.239563,high,광주경찰서,경기 광주시 포돌이로 135 경기 광주시 탄벌동 541-2,verified,false,
선향재 한옥 스튜디오,경기 광주시 새말길329번길 17,37.382781,127.176182,,,,,failed,,,not_matched,false,
당남리섬,경기 여주시 대신면 천서리 545-5,37.395258,127.542649,1219235396,https://map.naver.com/p/entry/place/1219235396,37.3959242,127.54256,high,당남리섬,경기 여주시 대신면 경기 여주시 대신면 천서리 700-2,verified,false,
마임비전빌리지,경기 여주시 세종대왕면 용은길 28,37.290669,127.540148,13320432,https://map.naver.com/p/entry/place/13320432,37.290674,127.5391925,high,마임비전빌리지,경기 여주시 세종대왕면 용은길 28 경기 여주시 세종대왕면 용은리 443-3,verified,false,
세트장(치악산드림랜드부지),강원 원주시 소초면 학곡리 223-3,37.431877,128.062776,,,,,failed,,,not_matched,false,
뮤지엄산,강원 원주시 지정면 오크밸리2길 260,37.415333,127.823409,1676988333,https://map.naver.com/p/entry/place/1676988333,37.4155602,127.8235701,high,뮤지엄산,강원 원주시 지정면 오크밸리2길 260 뮤지엄산 강원 원주시 지정면 월송리 999-13,verified,false,
더한옥헤리티지,강원 영월군 남면 문개실길 37-150,37.200539,128.429215,1559825941,https://map.naver.com/p/entry/place/1559825941,37.198912,128.425772,mid,더한옥헤리티지,강원 영월군 남면 문개실길 37-200 강원 영월군 남면 북쌍리 산35,verified,false,
우암산로,충북 청주시 상당구 수동 81-394,36.646072,127.495808,,,,,failed,,,not_matched,false,
수암골전망대,충북 청주시 상당구 수동 81-245,36.645746,127.495439,36351895,https://map.naver.com/p/entry/place/36351895,36.6458622,127.4955327,high,수암골전망대,충북 청주시 상당구 수동 81-245,verified,false,
청남대,충북 청주시 상당구 문의면 청남대길 646,36.462249,127.490095,13118260,https://map.naver.com/p/entry/place/13118260,36.4652855,127.4948685,mid,청남대,충북 청주시 상당구 문의면 청남대길 646 청남대관리사업소 충북 청주시 상당구 문의면 신대리 산26-1,verified,false,
백제문화단지,충남 부여군 규암면 백제문로 455,36.307572,126.908495,12019039,https://map.naver.com/p/entry/place/12019039,36.3065371,126.9067627,high,백제문화단지,충남 부여군 규암면 백제문로 455 백제문화단지 충남 부여군 규암면 합정리 138,verified,false,
아원고택,전북 완주군 소양면 송광수만로 516-7,35.903569,127.244688,35085458,https://map.naver.com/p/entry/place/35085458,35.903554,127.2446048,high,아원,전북 완주군 소양면 송광수만로 516-7 전북 완주군 소양면 대흥리 356,verified,false,
소양고택,전북 완주군 소양면 송광수만로 472-23,35.903680,127.243089,35957546,https://map.naver.com/p/entry/place/35957546,35.9035492,127.243347,high,소양고택,전북 완주군 소양면 송광수만로 472-23 전북 완주군 소양면 대흥리 371,verified,false,
광한루원,전북 남원시 요천로 1447,35.404132,127.380504,12292865,https://map.naver.com/p/entry/place/12292865,35.4032843,127.3795144,high,광한루원,전북 남원시 요천로 1447 전북 남원시 천거동 187-1,verified,false,
경상북도청,경북 안동시 풍천면 도청대로 455,36.576121,128.505723,11556002,https://map.naver.com/p/entry/place/11556002,36.5759477,128.5056461,high,경상북도청,경북 안동시 풍천면 도청대로 455 경북 안동시 풍천면 갈전리 1155,verified,false,
마성오픈세트장,경북 문경시 마성면 가은로 311-18,36.650819,128.079457,2066426562,https://map.naver.com/p/entry/place/2066426562,36.6508191,128.0794575,high,마성오픈세트장,경북 문경시 마성면 가은로 311-18 경북 문경시 마성면 하내리 590-5,verified,false,
예천진호국제양궁장,경북 예천군 예천읍 양궁장길 38,36.634632,128.468367,15919298,https://map.naver.com/p/entry/place/15919298,36.6345849,128.4678546,high,예천진호국제양궁장,경북 예천군 예천읍 양궁장길 38 경북 예천군 예천읍 청복리 150,verified,false,
오릉,경북 경주시 탑동 392-2,35.820904,129.209200,15743468,https://map.naver.com/p/entry/place/15743468,35.8194371,129.2104955,mid,오릉네거리,경북 경주시 탑동,verified,false,
이순신대로(1),부산 중구 중앙동4가 113,35.108100,129.043770,,,,,failed,,,not_matched,false,
이순신대로(2),부산 중구 중앙동4가 104,35.105630,129.041126,,,,,failed,,,not_matched,false,
센텀서로(1),부산 해운대구 센텀7로 12,35.174001,129.125535,,,,,failed,,,not_matched,false,
센텀서로(2),부산 해운대구 수영강변대로 140,35.172729,129.125609,,,,,failed,,,not_matched,false,
케이엔엔타워,부산 해운대구 센텀서로 30,35.172059,129.128433,,,,,failed,,,not_matched,false,
부산요트투어,부산 해운대구 해운대해변로 52,35.162498,129.138079,1512448515,https://map.naver.com/p/entry/place/1512448515,35.1613824,129.1389867,high,부산요트투어 요트타다,부산 해운대구 해운대해변로 52 요트타다 부산 해운대구 우동 1393,verified,false,
무진정,경남 함안군 함안면 괴산4길 25,35.255420,128.422748,20108366,https://map.naver.com/p/entry/place/20108366,35.2554596,128.4237032,high,무진정,경남 함안군 함안면 경남 함안군 함안면 괴산리,verified,false,
파랑새어린이집,서울 서대문구 통일로39다길 8,37.587157,126.942653,18281928,https://map.naver.com/p/entry/place/18281928,37.5871483,126.9426368,high,파랑새어린이집,서울 서대문구 통일로39다길 8 서울 서대문구 홍제동 312-128,verified,false,
청자모텔,서울 서대문구 통일로37나길 21,37.586903,126.943327,1243847645,https://map.naver.com/p/entry/place/1243847645,37.5869239,126.9433269,high,청자모텔,서울 서대문구 통일로37나길 21 서울 서대문구 홍제1동 313-44,verified,false,
"연세로,문화의거리 정류장(13324)",서울 서대문구 연세로 6-1,37.556135,126.937056,,,,,failed,,,not_matched,false,
동해해물탕 골목,서울 서대문구 연세로 9-5,37.556339,126.936448,,,,,failed,,,not_matched,false,
연세로5가길,서울 서대문구 연세로5가길 8-6,37.557505,126.936438,,,,,failed,,,not_matched,false,
연세로7안길,서울 서대문구 연세로7안길 6,37.557977,126.936401,,,,,failed,,,not_matched,false,
연세로4길,서울 서대문구 연세로4길 6,37.556920,126.937355,,,,,failed,,,not_matched,false,
연세로4길(2),서울 서대문구 창천동 18-65,37.557176,126.937633,,,,,failed,,,not_matched,false,
르바게트메종(폐업),서울 서대문구 명물길 28,37.558008,126.938317,,,,,failed,,,precheck:closed_place_name,false,
이노와이즈신촌,서울 서대문구 연세로4길 22,37.557148,126.938155,1860429932,https://map.naver.com/p/entry/place/1860429932,37.5571789,126.9381931,high,이노와이즈신촌,서울 서대문구 연세로4길 22 서울 서대문구 창천동 13-51,verified,false,
필더필딩,서울 서대문구 연세로4길 40,37.557859,126.938886,,,,,failed,,,not_matched,false,
인생네컷 신촌점(폐업),서울 서대문구 명물길 46,37.558539,126.939088,,,,,failed,,,precheck:closed_place_name,false,
가치,서울 마포구 새창로6길 18,37.541278,126.952651,1385774018,https://map.naver.com/p/entry/place/1385774018,37.5412673,126.9526366,high,가치,서울 마포구 새창로6길 18 지1층 서울 마포구 도화동 184-10,verified,false,
호텔나루서울 엠겔러리,서울 마포구 마포대로 8,37.537307,126.944273,1923905766,https://map.naver.com/p/entry/place/1923905766,37.5374497,126.9442803,high,호텔 나루 서울 엠갤러리,서울 마포구 마포대로 8 호텔 나루 서울 엠갤러리 서울 마포구 마포동 450,verified,false,
보라매역부근,서울 영등포구 여의대방로 145,37.500210,126.919990,,,,,failed,,,not_matched,false,
서울공업고등학교,서울 동작구 대방동1길 46,37.501901,126.922363,19717728,https://map.naver.com/p/entry/place/19717728,37.5016013,126.9222662,high,서울공업고등학교,서울 동작구 대방동1길 46 서울공업고등학교 서울 동작구 대방동 390-5,verified,false,
완성빌라,서울 종로구 세검정로7나길 42-4,37.603229,126.959058,18686939,https://map.naver.com/p/entry/place/18686939,37.6035644,126.9589268,mid,완성주택빌라,서울 종로구 세검정로7나길 42-4 서울 종로구 신영동 213-1,verified,false,
바이온,서울 광진구 구의강변로 47,37.535094,127.091648,31420438,https://map.naver.com/p/entry/place/31420438,35.8923901,128.6140946,low,바이온,대구 북구 경대로17길 47 테크노빌딩 506호 대구 북구 복현동 573-13,verified,false,
인천제2시립노인전문병원,인천 계양구 드림로 852,37.574852,126.729059,13239913,https://map.naver.com/p/entry/place/13239913,37.5748307,126.7291203,high,인천제2시립노인전문병원,인천 계양구 드림로 852 인천 계양구 갈현동 77-1,verified,false,
삼산경찰서,인천 부평구 굴포로 104,37.511012,126.732241,12234069,https://map.naver.com/p/entry/place/12234069,37.5111329,126.7324201,high,인천삼산경찰서,인천 부평구 굴포로 104 삼산경찰서 인천 부평구 삼산동 441-1,verified,false,
더쿠스,인천 미추홀구 경인남길30번길 65,37.451723,126.658128,37799438,https://map.naver.com/p/entry/place/37799438,37.4517416,126.6581399,high,더쿠스,인천 미추홀구 경인남길30번길 65 대동빌딩 지하1층 인천 미추홀구 용현동 182-21,verified,false,
우인아크리움빌2오피스텔,경기 고양시 일산동구 무궁화로 7-63,37.663798,126.764712,18350346,https://map.naver.com/p/entry/place/18350346,37.6638667,126.7644799,high,우인아크리움빌2오피스텔,경기 고양시 일산동구 무궁화로 7-63 경기 고양시 일산동구 장항동 746,verified,false,
명동찌개마을 라페스타점,경기 고양시 일산동구 고봉로 26-14,37.664012,126.765379,38501819,https://map.naver.com/p/entry/place/38501819,37.6641481,126.7654735,high,명동찌개마을 라페스타점,경기 고양시 일산동구 고봉로 26-14 양우로데오랜드 A동 경기 고양시 일산동구 장항동 740-1,verified,false,
도래울파크뷰,경기 고양시 덕양구 도래울로 16,37.627315,126.867547,33410362,https://map.naver.com/p/entry/place/33410362,37.6270083,126.8685991,high,도래울파크뷰,경기 고양시 덕양구 도래울로 16 경기 고양시 덕양구 도내동 1103,verified,false,
스포츠아일랜드 수영장,경기 수원시 팔달구 창룡대로210번길 41,37.290107,127.035027,1982896759,https://map.naver.com/p/entry/place/1982896759,37.2902112,127.0352404,high,스포츠아일랜드 수영장,경기 수원시 팔달구 창룡대로210번길 41 1층 수영장 경기 수원시 팔달구 우만동 산5-1,verified,false,
천주교용인공원묘지,경기 용인시 처인구 모현읍 오산로 154-62,37.321104,127.146527,19283031,https://map.naver.com/p/entry/place/19283031,37.2332305,127.1716242,low,천주교용인성당공원묘원,경기 용인시 처인구 삼가동 453-1,verified,false,
잣절공원 배드민턴장,서울 구로구 고척로21나길 103,37.501996,126.839723,1942825571,https://map.naver.com/p/entry/place/1942825571,37.5020492,126.8376873,high,매봉산 잣절공원배드민턴장,서울 구로구 고척로21나길 103 서울 구로구 개봉동 45-2,verified,false,
경인자동차 공업사 앞,서울 구로구 경인로 536,37.501317,126.877829,,,,,failed,,,not_matched,false,
미래에코지식산업센터 앞,서울 구로구 경인로53길 32,37.502858,126.876204,,,,,failed,,,not_matched,false,
루하스사우나,서울 은평구 통일로 1022,37.633802,126.917739,37564357,https://map.naver.com/p/entry/place/37564357,37.6338023,126.9177389,high,루하스사우나,"서울 은평구 통일로 1022 지하1층 B109, B110, B111, 지하2층 B201호 서울 은평구 진관동 100-1",verified,false,
YTN본사,서울 마포구 상암산로 76,37.579194,126.892315,,,,,failed,,,not_matched,false,
공덕역주차장,서울 마포구 독막로 319,,,1279886639,https://map.naver.com/p/entry/place/1279886639,37.5416775,126.9540834,mid,나이스파크 공항철도 공덕역 주차장,서울 마포구 새창로 37 서울 마포구 도화동 1-402,verified,false,
지미 스모크하우스,서울 종로구 서순라길 117,37.575520,126.991397,1199497420,https://map.naver.com/p/entry/place/1199497420,37.5755213,126.991404,high,지미 스모크하우스,서울 종로구 서순라길 117 1층 서울 종로구 권농동 171-15,verified,false,
느티나무설렁탕,서울 중구 퇴계로71길 38,37.566473,127.012869,18091104,https://map.naver.com/p/entry/place/18091104,37.5664814,127.0128862,high,느티나무설렁탕,서울 중구 퇴계로71길 38 서울 중구 신당동 251-131,verified,false,
콤콤오락실 열정도점,서울 용산구 백범로87길 51,37.539559,126.969281,,,,,failed,,,not_matched,false,
위드피아노 사당점,서울 동작구 남부순환로 2073,37.476962,126.979294,36901084,https://map.naver.com/p/entry/place/36901084,37.4769751,126.9793094,high,위드피아노 사당점,서울 동작구 남부순환로 2073 진영빌딩 1층 서울 동작구 사당동 1044-24,verified,false,
하마천경로당,서울 송파구 성내천로23길 12,37.501287,127.145647,18889375,https://map.naver.com/p/entry/place/18889375,37.501742,127.145438,high,하마천경로당,서울 송파구 성내천로23길 12 서울 송파구 마천2동 11,verified,false,
벌말교,인천 계양구 평동 24-5,37.583847,126.771368,20421539,https://map.naver.com/p/entry/place/20421539,37.5835918,126.7715442,high,벌말교,인천 계양구 평동,verified,false,
명품세탁 넘버원,인천 서해구 청라커낼로319번길 3-15,37.536463,126.643505,35689210,https://map.naver.com/p/entry/place/35689210,37.5365074,126.6434698,high,명품세탁 넘버원,인천 서해구 청라커낼로319번길 3-15 인천 서해구 청라동 144-17,verified,false,
카페비투,인천 서해구 청라커낼로319번길 3-25,37.536844,126.642848,1750175559,https://map.naver.com/p/entry/place/1750175559,37.5368866,126.642852,high,카페 비투,인천 서해구 청라커낼로319번길 3-25 1층 인천 서해구 청라동 145-11,verified,false,
은행나무집 영양탕,인천 계양구 장제로 955-10,37.551484,126.742931,16658975,https://map.naver.com/p/entry/place/16658975,37.5515034,126.7428942,high,은행나무집영양탕,인천 계양구 장제로 955-10 인천 계양구 방축동 129-1,verified,false,
산곡6구역,인천 부평구 길주로341번길 29,,,,,,,failed,,,not_matched,false,
동부빌딩,인천 부평구 장제로 138,37.497089,126.731047,16875312,https://map.naver.com/p/entry/place/16875312,37.4973815,126.730876,high,동부빌딩,인천 부평구 장제로 138 인천 부평구 부평동 132-5,verified,false,
두끼 인천삼산점,인천 부평구 충선로209번길 13,37.507872,126.735615,1639094138,https://map.naver.com/p/entry/place/1639094138,37.5078833,126.7356106,high,두끼 인천삼산점,인천 부평구 충선로209번길 13 인천 부평구 삼산동 460-3,verified,false,
송현방앗간 앞,인천 제물포구 쌍우물로 32,37.481886,126.632103,,,,,failed,,,not_matched,false,
신한진빌라,인천 제물포구 화도진로88번길 57,37.481542,126.631980,16584889,https://map.naver.com/p/entry/place/16584889,37.4814975,126.6319216,high,신한진빌라,인천 제물포구 화도진로88번길 57 인천 제물포구 화수동 278-4,verified,false,
용현동 집,인천 미추홀구 수봉로128번길 34,37.457046,126.661860,,,,,failed,,,not_matched,false,
수봉남로,인천 미추홀구 수봉남로18번길 81-59,37.457053,126.659785,,,,,failed,,,not_matched,false,
인천미추홀경찰서 학동지구대,인천 미추홀구 인하로 150-1,37.448944,126.664617,35896309,https://map.naver.com/p/entry/place/35896309,37.439927,126.6746829,mid,인천미추홀경찰서 학동지구대,인천 미추홀구 학익소로63번길 92 인천 미추홀구 학익동 52-19,verified,false,
명문숯불갈비,인천 연수구 능허대로 239,37.415201,126.652116,16499826,https://map.naver.com/p/entry/place/16499826,37.415119,126.652121,mid,명문숯불갈비 송도본점,인천 연수구 능허대로 239 인천 연수구 옥련동 557-3,verified,false,
송도랜드마크씨티1호근린공원,인천 연수구 송도동 330-1,37.412257,126.632712,1658902513,https://map.naver.com/p/entry/place/1658902513,37.4072954,126.6105816,mid,랜드마크시티18호근린공원,인천 연수구 랜드마크로 194 인천 연수구 송도동 308-2,verified,false,
송도센트럴파크호텔,인천 연수구 테크노파크로 193,37.390514,126.637403,19398065,https://map.naver.com/p/entry/place/19398065,37.3906387,126.6375923,high,송도센트럴파크호텔,인천 연수구 테크노파크로 193 인천 연수구 송도동 38,verified,false,
더샵센트럴파크1,인천 연수구 센트럴로 232,37.397422,126.636641,31664743,https://map.naver.com/p/entry/place/31664743,37.3967313,126.6371126,high,송도더샵센트럴파크1몰,인천 연수구 센트럴로 232 인천 연수구 송도동 23-3,verified,false,
더샵센트럴파크2,인천 연수구 센트럴로 194,37.393786,126.641874,32350363,https://map.naver.com/p/entry/place/32350363,37.3944473,126.6405635,high,송도더샵센트럴파크2몰,인천 연수구 센트럴로 194 인천 연수구 송도동 23-4,verified,false,
송도컨벤시아 사거리,인천 연수구 센트럴로 123,37.388143,126.645553,,,,,failed,,,not_matched,false,
트리플스트리트,인천 연수구 송도과학로16번길 33-3,37.379792,126.660955,1345889238,https://map.naver.com/p/entry/place/1345889238,37.3796414,126.6606631,mid,죠죠 트리플스트리트점,인천 연수구 송도과학로16번길 33-3 121b-2호 인천 연수구 송도동 176-1,verified,false,
송도국제대로,인천 연수구 송도미래로 10,37.369465,126.645694,,,,,failed,,,not_matched,false,
서정대학교 서정관,경기 양주시 은현면 화합로 1049-56,,,1857181220,https://map.naver.com/p/entry/place/1857181220,37.8571717,127.0375426,mid,서정대학교서정관,경기 양주시 은현면 화합로 1049-56 경기 양주시 은현면 용암리 681-1,verified,false,
의정부성모병원,경기 의정부시 천보로 271,37.758651,127.077951,1121471417,https://map.naver.com/p/entry/place/1121471417,37.7587045,127.0777625,mid,테이블비 의정부성모병원점,경기 의정부시 천보로 271 경기 의정부시 금오동 65-1,verified,false,
남포동집,경기 파주시 법원읍 술이홀로1698번길 8,37.912446,126.895047,1483882823,https://map.naver.com/p/entry/place/1483882823,37.912473,126.895066,high,남포동집,경기 파주시 법원읍 술이홀로1698번길 8 경기 파주시 법원읍 웅담리 355-17,verified,false,
헤이리사거리,경기 파주시 탄현면 법흥리 1647,37.782980,126.693432,,,,,failed,,,not_matched,false,
오눈오네,경기 파주시 문발로 137,37.706730,126.685959,1863243891,https://map.naver.com/p/entry/place/1863243891,37.7067394,126.6859419,high,오눈오네,경기 파주시 문발로 137 경기 파주시 문발동 530-3,verified,false,
파주행복요양원,경기 파주시 광탄면 양지말길 89,37.750243,126.859072,36366942,https://map.naver.com/p/entry/place/36366942,37.8009102,126.9568829,low,양주행복마을요양원,경기 양주시 백석읍 월암로 72-5 양주행복마을 요양원 경기 양주시 백석읍 홍죽리 449-1,verified,false,
한길육교,경기 파주시 와동동 1471-1,37.726366,126.765203,,,,,failed,,,not_matched,false,
초롱유치원,경기 고양시 일산서구 송포로 292-24,37.689424,126.726989,18425185,https://map.naver.com/p/entry/place/18425185,37.6894347,126.7266877,high,초롱유치원,경기 고양시 일산서구 송포로 292-24 초롱유치원 경기 고양시 일산서구 가좌동 157-5,verified,false,
일산호수공원선인장전시관,경기 고양시 일산동구 호수로 731,37.664447,126.760442,1014015652,https://map.naver.com/p/entry/place/1014015652,37.6570866,126.7612189,mid,호수공원(선인장전시관),경기 고양시 일산동구 장항동,verified,false,
소노캄 고양 웨스트타워,경기 고양시 일산동구 태극로 18,37.662564,126.750200,1812691028,https://map.naver.com/p/entry/place/1812691028,37.6625944,126.7500977,high,소노캄고양웨스트타워,경기 고양시 일산동구 태극로 18 소노캄고양웨스트타워 경기 고양시 일산동구 장항동 1755,verified,false,
이케아 고양점,경기 고양시 덕양구 권율대로 420,37.629589,126.863124,1794094842,https://map.naver.com/p/entry/place/1794094842,37.6291507,126.8627207,high,이케아 고양점,경기 고양시 덕양구 권율대로 420 이케아 고양점 경기 고양시 덕양구 도내동 1003,verified,false,
리븐델게스트하우스,경기 가평군 청평면 고재길 262-46,37.702623,127.516678,,,,,failed,,,not_matched,false,
벚꽃마을 세종그라시아 옆,경기 부천시 상이로 46,37.493981,126.744771,,,,,failed,,,not_matched,false,
오정경찰서,경기 부천시 소사로 631,37.514576,126.800459,4709749867,https://map.naver.com/p/entry/place/4709749867,37.5145714,126.8003902,high,부천오정경찰서,경기 부천시 오정구 소사로 631 부천오정경찰서 경기 부천시 오정구 여월동 304,verified,false,
안산소방서,경기 안산시 단원구 화랑로 407,37.321736,126.832959,11566077,https://map.naver.com/p/entry/place/11566077,37.3219658,126.8330221,high,안산소방서,경기 안산시 단원구 화랑로 407 안산소방서(고잔119안전센터) 경기 안산시 단원구 고잔동 515-1,verified,false,
더헤븐CC,경기 안산시 단원구 대선로 466,37.229053,126.565323,1015024769,https://map.naver.com/p/entry/place/1015024769,37.2289563,126.5655212,high,더헤븐CC,경기 안산시 단원구 대선로 466 더헤븐CC 경기 안산시 단원구 대부남동 1369,verified,false,
대왕판교로,경기 성남시 분당구 대왕판교로 660,37.400466,127.106813,,,,,failed,,,not_matched,false,
행궁동 비원,경기 수원시 팔달구 신풍로63번길 3-1,37.286622,127.013572,1736497628,https://map.naver.com/p/entry/place/1736497628,37.2866651,127.0135982,high,행궁동 비원,경기 수원시 팔달구 신풍로63번길 3-1 지하1층 경기 수원시 팔달구 장안동 53-8,verified,false,
고덕두레 어린이 공원,경기 평택시 고덕동 1894-5,37.057118,127.046693,1309785987,https://map.naver.com/p/entry/place/1309785987,37.0571588,127.0467045,high,고덕두레어린이공원,경기 평택시 고덕동,verified,false,
금강랜드,전북 군산시 성산면 철새로 53,36.016129,126.758044,1377819538,https://map.naver.com/p/entry/place/1377819538,36.0164377,126.7582,high,금강랜드키즈카페,전북 군산시 성산면 철새로 53 전북 군산시 성산면 성덕리 430-17,verified,false,
익산교도소 세트장,전북 익산시 성당면 함낭로 207,36.069431,126.930601,37471479,https://map.naver.com/p/entry/place/37471479,36.0695673,126.9315194,high,익산 교도소 세트장,전북 익산시 성당면 함낭로 207 전북 익산시 성당면 와초리 154-4,verified,false,
사비나미술관,서울 은평구 진관1로 93,37.630070,126.929299,11620364,https://map.naver.com/p/entry/place/11620364,37.6301285,126.9292757,high,사비나미술관,서울 은평구 진관1로 93 사비나미술관 서울 은평구 진관동 99-8,verified,false,
국회의사당,서울 영등포구 의사당대로 1,37.532912,126.916404,11583151,https://map.naver.com/p/entry/place/11583151,37.5319169,126.9142029,high,국회의사당,서울 영등포구 의사당대로 1 서울 영등포구 여의도동 1,verified,false,
용산국제업무지구,서울 용산구 청파로 56-20,37.530263,126.955523,1250273456,https://map.naver.com/p/entry/place/1250273456,37.5290538,126.9589431,mid,용산국제업무지구도시개발사업,서울 용산구 한강로3가,verified,false,
대원정사 주차장,서울 용산구 두텁바위로60길 49,37.549249,126.983355,1807937173,https://map.naver.com/p/entry/place/1807937173,37.5489344,126.983687,high,대원정사옥상주차장,서울 용산구 두텁바위로60길 49 대원정사 서울 용산구 후암동 358-17,verified,false,
볼보자동차 동대문전시장,서울 동대문구 천호대로 373,37.562443,127.060509,580094810,https://map.naver.com/p/entry/place/580094810,37.5623945,127.060486,mid,천하자동차 볼보 동대문전시장,서울 동대문구 천호대로 373 서울 동대문구 장안동 414-6,verified,false,
북서울꿈의숲,서울 강북구 월계로 173,37.620254,127.044325,13293207,https://map.naver.com/p/entry/place/13293207,37.6233355,127.0407343,mid,북서울꿈의숲,서울 강북구 월계로 173 서울 강북구 번동 90,verified,false,
성지펜션,인천 강화군 양도면 강화남로721번길 61,37.659864,126.416682,1029086336,https://map.naver.com/p/entry/place/1029086336,37.6598804,126.4166818,high,성지펜션,인천 강화군 양도면 강화남로721번길 61 인천 강화군 양도면 하일리 334-1,verified,false,
서인천25시야구센터,인천 서해구 봉수대로501번길 32,37.520958,126.658630,549677964,https://map.naver.com/p/entry/place/549677964,37.5208755,126.6586144,high,서인천25시야구센터,인천 서해구 봉수대로501번길 32 인천 서해구 원창동 55-6,verified,false,
동남아파트 상가동,인천 연수구 먼우금로 19,37.400723,126.667433,16940443,https://map.naver.com/p/entry/place/16940443,37.533504,126.7406689,low,도두리마을동남아파트상가,인천 계양구 도두리로 58 인천 계양구 작전동 912-4,verified,false,
뜨인돌 출판사,경기 파주시 회동길 337-9,37.716113,126.691625,12439984,https://map.naver.com/p/entry/place/12439984,37.7161712,126.6916007,high,뜨인돌,경기 파주시 회동길 337-9 경기 파주시 서패동 471-2,verified,false,
성모의원,경기 가평군 가평읍 가화로 75,37.826492,127.514923,13233409,https://map.naver.com/p/entry/place/13233409,37.8265083,127.5148874,high,성모의원,경기 가평군 가평읍 가화로 75 성모의원 경기 가평군 가평읍 대곡리 232,verified,false,
HJ매그놀리아국제병원,경기 가평군 설악면 미사리로 267-177,37.691138,127.521375,11701810,https://map.naver.com/p/entry/place/11701810,37.6911374,127.5210901,high,HJ매그놀리아국제병원,경기 가평군 설악면 미사리로 267-177 경기 가평군 설악면 송산리 426-10,verified,false,
흥덕U타워,경기 용인시 기흥구 흥덕중앙로 120,37.274890,127.080097,21628106,https://map.naver.com/p/entry/place/21628106,37.2746488,127.0805703,high,흥덕U타워,경기 용인시 기흥구 흥덕중앙로 120 경기 용인시 기흥구 영덕동 1029,verified,false,
의림여관,강원 춘천시 신동면 의암1길 132,37.835154,127.692935,1676997352,https://map.naver.com/p/entry/place/1676997352,37.8351638,127.6928543,high,의림여관,강원 춘천시 신동면 의암1길 132 의림여관 강원 춘천시 신동면 의암리 28,verified,false,
애막골성당,강원 춘천시 세실로 100-29,37.866611,127.761422,,,,,failed,,,not_matched,false,
남부상가아파트,충북 청주시 서원구 구룡산로405번길 54,36.620523,127.489973,17778257,https://map.naver.com/p/entry/place/17778257,36.620474,127.489975,high,남부상가아파트,충북 청주시 서원구 구룡산로405번길 54 충북 청주시 서원구 모충동 88-4,verified,false,
DDMC,서울 마포구 매봉산로 75,37.578452,126.892899,34348724,https://map.naver.com/p/entry/place/34348724,37.5785028,126.8929061,high,DDMC,서울 마포구 매봉산로 75 동아디지털미디어센터 2층 DDMC관리단 서울 마포구 상암동 1610,verified,false,
마포소금구이,서울 마포구 와우산로32길 36,37.554688,126.932164,82850318,https://map.naver.com/p/entry/place/82850318,37.554693,126.9320861,high,마포소금구이,서울 마포구 와우산로32길 32 서울 마포구 창전동 1-30,verified,false,
대성정밀,서울 구로구 경인로55길 61,37.504458,126.875885,1554203348,https://map.naver.com/p/entry/place/1554203348,37.5115661,126.8921331,low,대성정밀,서울 영등포구 경인로77가길 15 서울 영등포구 문래동2가 30-1,verified,false,
세검정초등학교 정류장(01133),서울 종로구 세검정로 267,37.602373,126.961002,,,,,failed,,,not_matched,false,
세검정초등학교 정류장(01144),서울 종로구 신영동 124-1,37.602459,126.961287,,,,,failed,,,not_matched,false,
평창사 세탁,서울 종로구 평창30길 21,37.611765,126.974779,,,,,failed,,,not_matched,false,
동문열쇠건물,서울 종로구 창신길 25,37.572852,127.010638,,,,,failed,,,not_matched,false,
정릉로8길,서울 성북구 정릉로8길 50,37.608830,126.997812,,,,,failed,,,not_matched,false,
강북해병대전우회,서울 강북구 삼양로170길 62,37.663038,127.013447,18618790,https://map.naver.com/p/entry/place/18618790,37.6629985,127.0134007,mid,해병대강북전우회,서울 강북구 삼양로170길 62 서울 강북구 우이동 산104,verified,false,
대진고등학교,서울 노원구 공릉로62가길 47,37.637807,127.076090,12164205,https://map.naver.com/p/entry/place/12164205,37.6380147,127.0748112,high,대진고등학교,서울 노원구 공릉로62가길 47 대진고등학교 서울 노원구 하계동 55,verified,false,
대웅빌딩,서울 노원구 한글비석로 273,37.652171,127.077219,18654915,https://map.naver.com/p/entry/place/18654915,37.652191,127.077195,high,대웅빌딩,서울 노원구 한글비석로 273 서울 노원구 중계동 359-8,verified,false,
서울과학기술대학교 창학관,서울 노원구 공릉로 232,37.633079,127.076795,18640585,https://map.naver.com/p/entry/place/18640585,37.6322193,127.0794165,high,서울과학기술대학교창학관,서울 노원구 공릉로 232 서울 노원구 공릉동 172,verified,false,
아난티 앳 강남,서울 강남구 논현로 734,37.517547,127.029534,1398321943,https://map.naver.com/p/entry/place/1398321943,37.5175678,127.0296104,high,아난티 앳 강남,서울 강남구 논현로 734 아난티 앳 강남 서울 강남구 논현동 74-6,verified,false,
미카도스시 둔촌포레온점,서울 강동구 양재대로 1360,37.527476,127.137046,2036668570,https://map.naver.com/p/entry/place/2036668570,37.5274745,127.1370449,high,미카도스시 둔촌포레온점,서울 강동구 양재대로 1360 스테이션 5동 지하1층 B116호 서울 강동구 둔촌동 170-1,verified,false,
길주로,인천 부평구 길주로 382,37.508342,126.704393,,,,,failed,,,not_matched,false,
백산인력,인천 부평구 길주로 384,37.508303,126.704695,13474055,https://map.naver.com/p/entry/place/13474055,37.5083069,126.7047067,high,백산인력,인천 부평구 길주로 384 인천 부평구 산곡동 101-17,verified,false,
개항로통닭,인천 제물포구 참외전로 164,37.472910,126.634584,1257879903,https://map.naver.com/p/entry/place/1257879903,37.4729807,126.6346294,high,개항로통닭,인천 제물포구 참외전로 164 개항로통닭 인천 제물포구 경동 84-1,verified,false,
제물포시장,인천 미추홀구 숭의동 27-58,37.463082,126.657342,1975261105,https://map.naver.com/p/entry/place/1975261105,37.4631047,126.6573578,high,제물포시장,인천 미추홀구 숭의동 27-58,verified,false,
동남태권도장,인천 연수구 먼우금로 19,37.400723,126.667433,1502931374,https://map.naver.com/p/entry/place/1502931374,37.4005407,126.6691945,high,동남태권도장,인천 연수구 먼우금로 19 동남아파트 상가 3층 동남태권도장 인천 연수구 동춘동 943,verified,false,
송도국제대로,인천 연수구 송도동 13-8,37.368599,126.639920,,,,,failed,,,not_matched,false,
남계로,경기 연천군 군남면 남계리 1161-9,38.008316,127.016888,,,,,failed,,,not_matched,false,
남계대교,경기 연천군 전곡읍 마포리 산 40,38.007356,127.003143,37549893,https://map.naver.com/p/entry/place/37549893,38.0048348,127.0127672,mid,남계대교,경기 연천군 군남면 남계리,verified,false,
행복로,경기 의정부시 행복로 10,37.739623,127.048698,,,,,failed,,,not_matched,false,
아이요안경원,경기 의정부시 태평로99번길 26,37.741504,127.050187,18549815,https://map.naver.com/p/entry/place/18549815,37.7414184,127.0500796,high,아이요안경원,경기 의정부시 태평로99번길 26 1층 아이요 안경원 경기 의정부시 의정부동 155-9,verified,false,
크리스찬메모리얼파크,경기 파주시 조리읍 홀작로 164,37.780754,126.830439,31098670,https://map.naver.com/p/entry/place/31098670,37.7807595,126.8304511,high,크리스찬메모리얼파크,경기 파주시 조리읍 홀작로 164 크리스찬메모리얼파크 경기 파주시 조리읍 오산리 30-1,verified,false,
광탄셀프주유소,경기 파주시 광탄면 혜음로 1178,37.786245,126.845244,13203543,https://map.naver.com/p/entry/place/13203543,37.7863513,126.8451155,high,SK엔크린 광탄셀프주유소,경기 파주시 광탄면 혜음로 1178 광탄주유소 경기 파주시 광탄면 신산리 352-5,verified,false,
새한오토바이,경기 파주시 광탄면 혜음로 1163,37.784850,126.845458,38549053,https://map.naver.com/p/entry/place/38549053,37.7848411,126.8454747,high,새한오토바이,경기 파주시 광탄면 혜음로 1163 경기 파주시 광탄면 신산리 355-4,verified,false,
혜음로,경기 파주시 광탄면 신산리 373-2,37.782124,126.846988,,,,,failed,,,not_matched,false,
등원로,경기 파주시 광탄면 신산리 582-4,37.781776,126.843221,,,,,failed,,,not_matched,false,
옥계동 정류장(31600),경기 파주시 광탄면 용미리 460-3,37.744764,126.873439,,,,,failed,,,not_matched,false,
팔송로(1),경기 파주시 탄현면 성동리 647,37.778940,126.683289,,,,,failed,,,not_matched,false,
팔송로(2),경기 파주시 탄현면 성동리 692-18,37.773075,126.682921,,,,,failed,,,not_matched,false,
문발초등학교앞,경기 파주시 노을빛로 16,37.726944,126.706823,,,,,failed,,,not_matched,false,
파주출판도시 자유로휴게소,경기 파주시 자유로 2210,37.699548,126.684271,34356956,https://map.naver.com/p/entry/place/34356956,37.6994155,126.6841775,high,파주출판도시 자유로휴게소,경기 파주시 자유로 2210 경기 파주시 문발동 495-122,verified,false,
목동동집,경기 파주시 산내로123번길 6-12,37.725842,126.735437,,,,,failed,,,not_matched,false,
SBS일산제작센터,경기 고양시 일산서구 일현로 111,37.696804,126.762572,19057319,https://map.naver.com/p/entry/place/19057319,37.6968552,126.7656989,mid,SBS일산제작센터삼거리,경기 고양시 일산서구 탄현동,verified,false,
얼반웍스스튜디오,경기 고양시 덕양구 호원길 3-2,37.585967,126.875599,,,,,failed,,,not_matched,false,
덕은로,경기 고양시 덕양구 덕은로 36,37.586855,126.876168,,,,,failed,,,not_matched,false,
진주1차아파트,경기 남양주시 오남읍 진건오남로 631,37.690159,127.211337,19537672,https://map.naver.com/p/entry/place/19537672,37.688782,127.2120212,high,진주1차아파트,경기 남양주시 오남읍 진건오남로 617 경기 남양주시 오남읍 오남리 683-5,verified,false,
포유포레,경기 남양주시 화도읍 북한강로1191번길 30,37.620220,127.342497,1544089810,https://map.naver.com/p/entry/place/1544089810,37.6201955,127.3424616,high,포유포레,경기 남양주시 화도읍 북한강로1191번길 30 경기 남양주시 화도읍 금남리 633,verified,false,
북한강로,경기 남양주시 화도읍 금남리 674-4,37.615749,127.343034,,,,,failed,,,not_matched,false,
가평 백둔리,경기 가평군 북면 백둔로 483,37.903650,127.455327,1116253640,https://map.naver.com/p/entry/place/1116253640,37.8976701,127.4951162,low,세븐일레븐 가평백둔리점,경기 가평군 북면 백둔로 81 경기 가평군 북면 백둔리 15-1,verified,false,
에덴시아펜션,경기 가평군 북면 백둔로650번길 205-10,37.916142,127.440167,2099191283,https://map.naver.com/p/entry/place/2099191283,37.9161476,127.4401473,high,에덴시아펜션,경기 가평군 북면 백둔로650번길 205-10 경기 가평군 북면 백둔리 716-3,verified,false,
풀바리,경기 가평군 청평면 북한강로1556번길 29-4,37.658717,127.384201,19152569,https://map.naver.com/p/entry/place/19152569,37.6587924,127.3834137,high,풀바리,경기 가평군 청평면 북한강로1556번길 29-4 경기 가평군 청평면 삼회리 583,verified,false,
북한강변,경기 가평군 청평면 삼회리 601-4,37.662820,127.379367,19148557,https://map.naver.com/p/entry/place/19148557,37.78175,127.5278165,low,북한강변로,경기 가평군 가평읍 금대리,verified,false,
북한강로,경기 양평군 서종면 문호리 산 151-326,37.583298,127.340107,,,,,failed,,,not_matched,false,
수대울길,경기 양평군 서종면 수대울길 20,37.587416,127.345298,,,,,failed,,,not_matched,false,
북한강로,경기 양평군 서종면 북한강로 577,37.591596,127.344678,,,,,failed,,,not_matched,false,
원미로149번길,경기 부천시 원미구 원미로149번길 23,37.496066,126.789740,,,,,failed,,,not_matched,false,
원미지구대,경기 부천시 원미구 원미로149번길 4,37.496174,126.790867,18772751,https://map.naver.com/p/entry/place/18772751,37.4961489,126.7908597,high,원미지구대,경기 부천시 원미구 원미로149번길 4 경기 부천시 원미구 원미동 57,verified,false,
원미로155번길,경기 부천시 원미구 원미로155번길 28,37.496826,126.790338,,,,,failed,,,not_matched,false,
대한특공무술,경기 부천시 원미구 원미로155번길 37-1,37.496672,126.789846,1677325876,https://map.naver.com/p/entry/place/1677325876,37.4589947,126.7194763,low,대한특공무술,인천 남동구 호구포로 857 인천 남동구 구월동 1248-44,verified,false,
심곡본동집,경기 부천시 소사구 성무로 40,37.479397,126.784513,32435759,https://map.naver.com/p/entry/place/32435759,37.4800033,126.7815309,low,족발애 심곡본동점,경기 부천시 소사구 성주로 241-2 1층 경기 부천시 소사구 심곡본동 688-22,verified,false,
정왕역2번출구,경기 시흥시 정왕동 2325-3,37.352065,126.742606,,,,,failed,,,not_matched,false,
더헤븐 리조트,경기 안산시 단원구 잘푸리길 47,37.232010,126.561078,1045284999,https://map.naver.com/p/entry/place/1045284999,37.2315111,126.5608781,high,더헤븐 리조트,경기 안산시 단원구 잘푸리길 47 더헤븐 리조트 경기 안산시 단원구 대부남동 1374,verified,false,
민들레어린이집,경기 안양시 동안구 관악대로339번길 52-19,37.405828,126.962227,18652188,https://map.naver.com/p/entry/place/18652188,37.4057929,126.9621732,high,민들레어린이집,경기 안양시 동안구 관악대로339번길 52-19 민들레어린이집 경기 안양시 동안구 관양동 1418-23,verified,false,
부림공원,경기 안양시 동안구 관양동 1471,37.403495,126.969716,36143019,https://map.naver.com/p/entry/place/36143019,37.40349,126.9697099,high,부림공원,경기 안양시 동안구 관악대로418번길 19-6 경기 안양시 동안구 관양동 1471,verified,false,
신세대상가앞,경기 안양시 동안구 관평로182번길 48,37.393750,126.962945,,,,,failed,,,not_matched,false,
롯데프리미엄아울렛 의왕점,경기 의왕시 바라산로 1,37.375817,127.010277,1100377182,https://map.naver.com/p/entry/place/1100377182,37.3761396,127.0095213,high,롯데프리미엄아울렛 의왕점,"경기 의왕시 바라산로 1 , 1층 경기 의왕시 학의동 1039",verified,false,
세람저축은행 본점,경기 이천시 중리천로 50,37.279928,127.443266,12181460,https://map.naver.com/p/entry/place/12181460,37.2799586,127.4432445,high,세람저축은행 본점,경기 이천시 중리천로 50 경기 이천시 중리동 194-7,verified,false,
여주성당,경기 여주시 우암로 5,37.297825,127.633967,13143505,https://map.naver.com/p/entry/place/13143505,37.2980811,127.6341496,high,여주성당,경기 여주시 우암로 5 경기 여주시 하동 215-5,verified,false,
신현동집,경기 광주시 새말길329번길 19,37.383046,127.176213,,,,,failed,,,not_matched,false,
명동타운 정류장(32092),경기 이천시 중리천로 58,37.279645,127.444159,,,,,failed,,,not_matched,false,
인제스피디움 호텔,강원 인제군 기린면 상하답로 130,38.002723,128.295159,32779150,https://map.naver.com/p/entry/place/32779150,38.0026931,128.2951054,high,인제스피디움,강원 인제군 기린면 상하답로 130 인제스피디움 강원 인제군 기린면 북리 1500,verified,false,
기린면집,강원 인제군 기린면 상하답로 175-20,38.008841,128.294807,1212395129,https://map.naver.com/p/entry/place/1212395129,36.6328914,127.4900477,low,기린면방,충북 청주시 상당구 남사로 133-18 A동 1층. 충북 청주시 상당구 남문로2가 9-17,verified,false,
고성 폐리조트,강원 고성군 간성읍 흘리령길 52,38.264866,128.377077,,,,,failed,,,not_matched,false,
설악금강대교로,강원 속초시 청호로 121-15,38.200396,128.594000,,,,,failed,,,not_matched,false,
가톨릭관동대학교 양양캠퍼스(폐교),강원 양양군 양양읍 거마천로 120,38.082743,128.598345,13488026,https://map.naver.com/p/entry/place/13488026,38.0816771,128.5970857,high,가톨릭관동대학교 양양캠퍼스(폐교),강원 양양군 양양읍 거마천로 120 강원 양양군 양양읍 임천리 산7,verified,false,
녹원갈비,강원 양양군 양양읍 거마천로 60,38.077640,128.604561,294091298,https://map.naver.com/p/entry/place/294091298,38.0775737,128.6046402,high,녹원갈비,강원 양양군 양양읍 거마천로 60 녹원갈비 강원 양양군 양양읍 임천리 284-1,verified,false,
선사유적로,강원 양양군 손양면 가평리 산 2-2,38.097124,128.653926,,,,,failed,,,not_matched,false,
본아미,전북 정읍시 연지3길 113,35.569849,126.845302,1103454640,https://map.naver.com/p/entry/place/1103454640,35.5698669,126.8453501,high,본아미,전북 정읍시 연지3길 113 101호 본아미 전북 정읍시 연지동 256-1,verified,false,
내장산문화광장,전북 정읍시 내장산로 390,35.525595,126.896148,21547574,https://map.naver.com/p/entry/place/21547574,35.524902,126.8958598,high,내장산문화광장,전북 정읍시 내장산로 390 전북 정읍시 부전동 1004,verified,false,
내장호반로(1),전북 정읍시 내장동 산 232-2,35.507688,126.906414,,,,,failed,,,not_matched,false,
내장호반로(2),전북 정읍시 내장동 156-1,35.504552,126.910961,,,,,failed,,,not_matched,false,
캐슬라콘티넨탈,전남광주 순천시 왕지로 331,34.981647,127.553124,17315212,https://map.naver.com/p/entry/place/17315212,34.9816662,127.5531111,high,캐슬라콘티넨탈,전남광주 순천시 왕지로 331 전남광주 순천시 왕지동 1-1,verified,false,
항만9로,전남광주 광양시 중동 1816-7,34.922045,127.691714,,,,,failed,,,not_matched,false,
항만9로(2),전남광주 광양시 중동 1816-6,34.921612,127.692777,,,,,failed,,,not_matched,false,
이화석재무역,전남광주 광양시 중동 1816-5,34.922580,127.692664,16692697,https://map.naver.com/p/entry/place/16692697,34.9231596,127.69235,high,이화석재무역,전남광주 광양시 항만10로 23 전남광주 광양시 중동 1816-1,verified,false,
호텔리베라 거제,경남 거제시 일운면 거제대로 2190,34.811441,128.704190,35566234,https://map.naver.com/p/entry/place/35566234,34.8113725,128.7041825,high,호텔리베라 거제,경남 거제시 일운면 거제대로 2190 호텔리베라거제 경남 거제시 일운면 와현리 622,verified,false,
옥화마을,경남 거제시 일운면 옥림리 587-4,34.848122,128.720905,1799022493,https://map.naver.com/p/entry/place/1799022493,34.8500555,128.7206136,high,옥화마을회관,경남 거제시 일운면 옥림4길 11 경남 거제시 일운면 옥림리 246-1,verified,false,
소낭구펜션,경남 거제시 일운면 마전1길 83,34.851386,128.724796,11860211,https://map.naver.com/p/entry/place/11860211,34.8514008,128.7248069,high,소낭구펜션,경남 거제시 일운면 마전1길 83 소낭구 경남 거제시 일운면 옥림리 146-7,verified,false,
캄보디아 프놈펜,"Preah Monivong Blvd (93), Phnom Penh 120101",,,1225758037,https://map.naver.com/p/entry/place/1225758037,37.4767027,126.7517005,low,캄보디아 정보,인천 부평구 무네미로 453 인천 부평구 구산동 354-3,verified,false,
소셜베뉴 라움,서울 강남구 언주로 564,37.508391,127.039775,,,,,failed,,,not_matched,false,
동아디지털미디어센터,서울 마포구 매봉산로 75,37.578452,126.892899,,,,,failed,,,not_matched,false,
커피베이,서울 마포구 매봉산로2길 15,37.578527,126.894978,36250831,https://map.naver.com/p/entry/place/36250831,37.5839845,126.9113189,low,커피베이 증가점,서울 서대문구 증가로 262 서울 서대문구 북가좌동 342-13,verified,false,
가온문화공원,서울 마포구 상암동 1594,37.581846,126.887624,18808738,https://map.naver.com/p/entry/place/18808738,37.5819667,126.8875874,high,가온문화공원,서울 마포구 상암동 1594,verified,false,
가온문화공원,서울 마포구 상암동 1702,37.581567,126.888044,18808738,https://map.naver.com/p/entry/place/18808738,37.5819667,126.8875874,high,가온문화공원,서울 마포구 상암동 1594,verified,false,
고려빌딩,서울 마포구 성암로13길 47,37.576111,126.897725,18808210,https://map.naver.com/p/entry/place/18808210,37.5760667,126.897775,high,고려빌딩,서울 마포구 성암로13길 47 서울 마포구 상암동 1286,verified,false,
미스사이공,서울 마포구 성암로13길 64,37.575450,126.897800,37913368,https://map.naver.com/p/entry/place/37913368,37.5754706,126.8978244,mid,미스사이공 상암DMC점,서울 마포구 성암로13길 64 서울 마포구 상암동 1525,verified,false,
히메시야 서교직영점,서울 마포구 와우산로29마길 7,37.555624,126.926790,976759642,https://map.naver.com/p/entry/place/976759642,37.5556736,126.9267982,high,히메시야 서교점,서울 마포구 와우산로29마길 7 지층 히메시야 서울 마포구 서교동 333-29,verified,false,
김가네,서울 마포구 월드컵로34길 7,37.565061,126.903055,982789282,https://map.naver.com/p/entry/place/982789282,37.5651175,126.9031831,low,김가네 마포구청역점,서울 마포구 월드컵로34길 7 상암스위트포레 1층 102호 서울 마포구 성산동 591-5,verified,false,
다루마,서울 마포구 월드컵북로44길 73,37.577515,126.893659,1169117443,https://map.naver.com/p/entry/place/1169117443,37.5631234,126.9548862,low,다루마,서울 서대문구 북아현로 67 서울 서대문구 북아현동 180-24,verified,false,
세븐일레븐,서울 마포구 월드컵북로60길 13,37.582344,126.884671,18807182,https://map.naver.com/p/entry/place/18807182,37.58285,126.8854875,mid,세븐일레븐 상암DMC빌점,서울 마포구 월드컵북로60길 13 상암동DMC빌상가 104호 서울 마포구 상암동 1584 DMC빌상가 104호,verified,false,
투썸플레이스,서울 마포구 월드컵북로60길 17,37.583385,126.885992,21066561,https://map.naver.com/p/entry/place/21066561,37.5831067,126.8857677,mid,투썸플레이스 상암우리센터점,서울 마포구 월드컵북로60길 17 우리금융상암센터 서울 마포구 상암동 1585,verified,false,
이랜드크루즈,서울 영등포구 여의동로 290,37.525814,126.938410,11591016,https://map.naver.com/p/entry/place/11591016,37.5249147,126.9379665,high,여의도 이랜드크루즈,서울 영등포구 여의동로 290 이크루즈 매표소 서울 영등포구 여의도동 85-5,verified,false,
국립현대미술관 서울관,서울 종로구 삼청동 삼청로 30,37.578744,126.980033,19691123,https://map.naver.com/p/entry/place/19691123,37.5787817,126.9800492,high,국립현대미술관 서울,서울 종로구 삼청로 30 서울 종로구 소격동 165,verified,false,
의외의조합,서울 중구 동호로17길 121,37.553801,127.004644,,,,,failed,,,not_matched,false,
아이티고시원,서울 영등포구 시흥대로 629,37.488637,126.905662,,,,,failed,,,not_matched,false,
자매근린공원,서울 영등포구 여의도동 56,37.517529,126.930460,19903930,https://map.naver.com/p/entry/place/19903930,37.5612,129.101175,low,자매도시공원,강원 동해시 발한동 377-11,verified,false,
여의도한강공원,서울 영등포구 여의도동 86-7,37.521193,126.941899,20349390,https://map.naver.com/p/entry/place/20349390,37.520465,126.9424463,high,여의도 한강공원민속놀이마당,서울 영등포구 여의도동,verified,false,
동작대교,서울 용산구 이촌동 387,37.506875,126.981703,18726869,https://map.naver.com/p/entry/place/18726869,37.510825,126.9819963,mid,동작대교,서울 용산구 이촌동,verified,false,
철도건널목,서울 용산구 이촌로29길 25,37.524830,126.960232,1306605742,https://map.naver.com/p/entry/place/1306605742,37.524651,126.9600188,mid,드라마[나의아저씨철도건널목]촬영지,서울 용산구 한강대로7길 23-15 서울 용산구 한강로3가 40-1007,verified,false,
중화원,서울 은평구 통일로66길 10-16,37.609954,126.931714,18662530,https://map.naver.com/p/entry/place/18662530,37.609958,126.9317413,high,중화원,서울 은평구 통일로66길 10-16 1층 서울 은평구 불광동 281-128,verified,false,
별장아파트,서울 중구 퇴계로12길 88,37.555719,126.981821,18692306,https://map.naver.com/p/entry/place/18692306,37.5557009,126.9817788,high,별장아파트,서울 중구 퇴계로12길 88 서울 중구 회현동1가 147-20,verified,false,
백범광장버정,서울 중구 퇴계로8길 94,37.555829,126.980114,,,,,failed,,,not_matched,false,
태평양물산 본사,서울 구로구 디지털로31길 12,37.485176,126.894870,17356627,https://map.naver.com/p/entry/place/17356627,36.8783361,127.1380515,low,태평양물산,충남 천안시 서북구 직산읍 부송1길 36-14 충남 천안시 서북구 직산읍 부송리 72-12,verified,false,
양화로횟집,서울 마포구 양화로1길 21,37.549595,126.910457,37487030,https://map.naver.com/p/entry/place/37487030,37.5493848,126.9105364,high,양화로횟집,서울 마포구 양화로1길 21 서울 마포구 합정동 392-3,verified,false,
노란코끼리,서울 마포구 양화로1길 31,37.550152,126.910284,38781475,https://map.naver.com/p/entry/place/38781475,37.5501435,126.9102715,high,노란코끼리,서울 마포구 양화로1길 31 1층 서울 마포구 합정동 392-1,verified,false,
한솔빌리지,서울 마포구 연남로3길 62,37.560015,126.919521,18799331,https://map.naver.com/p/entry/place/18799331,37.5600083,126.9194875,high,한솔빌리지,서울 마포구 연남로3길 62 서울 마포구 연남동 562-40,verified,false,
아웃닭 이대점,서울 서대문구 이화여대5길 16,37.558439,126.944794,37842189,https://map.naver.com/p/entry/place/37842189,37.5584325,126.9447861,high,아웃닭 이대점,서울 서대문구 이화여대5길 16 1층 outdark 이대점 서울 서대문구 대현동 56-141,verified,false,
파크준오피스텔 뒷골목,서울 서대문구 이화여대3길 14,37.558132,126.944966,,,,,failed,,,not_matched,false,
늘푸른식당,서울 마포구 굴레방로9길 3,37.556783,126.955524,19877442,https://map.naver.com/p/entry/place/19877442,37.5568895,126.9555238,high,늘푸른식당,서울 마포구 굴레방로9길 3 1층 늘푸른식당 서울 마포구 아현동 327-1,verified,false,
아현시장,서울 마포구 굴레방로9길 8-9,37.556899,126.955069,38337661,https://map.naver.com/p/entry/place/38337661,37.5565917,126.954675,high,아현시장,"서울 마포구 굴레방로9길 19 17, 서울 마포구 아현동 327-11",verified,false,
갤러리단정,서울 종로구 북촌로5가길 8-7,37.580232,126.982441,1572207232,https://map.naver.com/p/entry/place/1572207232,37.5802092,126.9824545,high,갤러리단정,서울 종로구 북촌로5가길 8-7 1층 서울 종로구 화동 102,verified,false,
알로프트 서울명동 루프탑,서울 중구 남대문로 56,37.562285,126.981923,,,,,failed,,,not_matched,false,
배터지는날,서울 용산구 원효로48길 11,37.534440,126.960899,,,,,failed,,,not_matched,false,
디얼유네일,서울 동작구 상도로62길 105,37.498388,126.951137,1115434535,https://map.naver.com/p/entry/place/1115434535,37.4984403,126.9511556,high,디얼유네일,서울 동작구 상도로62길 105 1층 디얼유 네일샵 서울 동작구 상도동 469,verified,false,
짜장나라,서울 동작구 상도로50길 10,37.498371,126.950873,17191002,https://map.naver.com/p/entry/place/17191002,35.2148944,127.4635327,low,짜장나라,전남광주 구례군 구례읍 동편제길 7-10 전남광주 구례군 구례읍 봉북리 1437-13,verified,false,
엘리에나호텔,서울 강남구 논현로 645,37.511113,127.031413,1242320507,https://map.naver.com/p/entry/place/1242320507,37.5111132,127.0314126,high,엘리에나호텔웨딩,서울 강남구 논현로 645 서울 강남구 논현동 152,verified,false,
프리데카 라운지,서울 강남구 도산대로57길 8 b1,37.524138,127.041443,,,,,failed,,,not_matched,false,
하우스오브에이미,서울 강남구 선릉로152길 25,37.524480,127.041692,1278823001,https://map.naver.com/p/entry/place/1278823001,37.5244882,127.0417182,mid,하우스오브에이미 청담본점,서울 강남구 선릉로152길 25 위빌딩 3층 서울 강남구 청담동 89-8,verified,false,
데싱디바,서울 강남구 압구정로46길 35,37.526271,127.036286,13447890,https://map.naver.com/p/entry/place/13447890,37.526631,127.0340512,mid,데싱디바,서울 강남구 언주로168길 5 2층 서울 강남구 신사동 635-4,verified,false,
그랜드 인터컨티넨탈 서울 파르나스,서울 강남구 테헤란로 521,37.509192,127.060807,11583199,https://map.naver.com/p/entry/place/11583199,37.5092023,127.0611197,high,그랜드 인터컨티넨탈 서울 파르나스,서울 강남구 테헤란로 521 그랜드 인터컨티넨탈 서울 파르나스 서울 강남구 삼성동 159-8,verified,false,
아레카라운지,인천 미추홀구 미추홀대로734번길 29 5층,37.463123,126.682019,,,,,failed,,,not_matched,false,
인하대학교,인천 미추홀구 용현동 253,,,12809058,https://map.naver.com/p/entry/place/12809058,37.449597,126.6545534,mid,인하대학교 박물관,인천 미추홀구 용현동 253,verified,false,
bbrick,인천 남동구 문화서로28번길 19-12,37.448175,126.697432,1702914540,https://map.naver.com/p/entry/place/1702914540,35.1922708,128.8103662,low,B brick,경남 김해시 장유로334번길 75 더파크 에비뉴 상가 2층 비브릭 경남 김해시 삼문동 1266,verified,false,
참숯황소막창구이,인천 연수구 독배로 53,37.425481,126.644377,13034667,https://map.naver.com/p/entry/place/13034667,37.4254859,126.6443929,high,참숯황소막창구이,인천 연수구 독배로 53 영인빌딩 인천 연수구 옥련동 195-2,verified,false,
브니엘카페,경기 고양시 덕양구 원흥1로 46-15,37.650735,126.870410,1765517200,https://map.naver.com/p/entry/place/1765517200,37.6506937,126.870399,high,브니엘 카페,경기 고양시 덕양구 원흥1로 46-15 1층 브니엘카페 경기 고양시 덕양구 원흥동 621-2,verified,false,
조이마당(촬영장 스튜디오),경기 파주시 파주읍 봉서산로 245,37.833300,126.803485,,,,,failed,,,not_matched,false,
자유로통일리그 성동구장,경기 파주시 탄현면 성동리 709,37.780179,126.689867,,,,,failed,,,not_matched,false,
너에게 반하다,경기 파주시 가재울로93번길 14,37.731632,126.747255,1656761776,https://map.naver.com/p/entry/place/1656761776,37.7316466,126.7472179,high,너에게반하다,경기 파주시 가재울로93번길 14 1층 경기 파주시 목동동 752-4,verified,false,
읍천리382 동패동점,경기 파주시 와석순환로192번길 14-13,37.715207,126.740628,1261974654,https://map.naver.com/p/entry/place/1261974654,37.7152063,126.740628,high,읍천리382 동패동점,경기 파주시 와석순환로192번길 14-13 101호 경기 파주시 동패동 1822-4,verified,false,
디플랫(폐점),경기 파주시 회동길 446,37.720239,126.694585,,,,,failed,,,not_matched,false,
아쿠아플라넷 일산,경기 고양시 일산서구 한류월드로 282,37.663837,126.755610,34590112,https://map.naver.com/p/entry/place/34590112,37.663938,126.7555543,high,아쿠아플라넷 일산,경기 고양시 일산서구 한류월드로 282 아쿠아플라넷 일산 경기 고양시 일산서구 대화동 2606-1,verified,false,
칠봉산낚시터,경기 양주시 천보산로 201,37.856897,127.098573,13563444,https://map.naver.com/p/entry/place/13563444,37.8568308,127.0982943,high,칠봉산낚시터,경기 양주시 천보산로 201 경기 양주시 회암동 203,verified,false,
고기동 단독주택,경기 용인시 수지구 이종무로140번길 36-6,37.362267,127.040931,,,,,failed,,,not_matched,false,
명주병원,경기 용인시 처인구 금령로39번길 8-6,37.235396,127.201080,1803093497,https://map.naver.com/p/entry/place/1803093497,37.166448,127.1278889,low,명주한의원,경기 화성시 동탄구 동탄순환대로10길 88 3625동 2층 211호~213호 경기 화성시 동탄구 산척동 745,verified,false,
수원KT위즈파크,경기 수원시 장안구 경수대로 893,37.297843,127.011348,13491582,https://map.naver.com/p/entry/place/13491582,37.300096,127.0096587,high,수원KT위즈파크,경기 수원시 장안구 경수대로 893 수원종합운동장(주경기장) 경기 수원시 장안구 조원동 775,verified,false,
중흥에스클래스 더테라스리버파크1차,경기 화성시 동탄구 동탄기흥로353번길 76,37.191355,127.085068,,,,,failed,,,not_matched,false,
오크밸리 피에트분하우스,강원 원주시 지정면 오크밸리1길 95,37.433770,127.820810,,,,,failed,,,not_matched,false,
미래농원,대구 북구 호국로 300-22,35.929979,128.600747,1087305383,https://map.naver.com/p/entry/place/1087305383,35.9300152,128.9088697,low,미래농원,경북 영천시 금호읍 관정2길 18-14 경북 영천시 금호읍 관정리 456-5,verified,false,
계성중학교,대구 중구 달성로 35,35.867936,128.580250,11619139,https://map.naver.com/p/entry/place/11619139,35.867239,128.5811516,high,계성중학교,대구 중구 달성로 35 대구 중구 대신동 277-1,verified,false,
호남농약사,전남광주통합특별시 보성군 득량면 예당중앙길 4-1,34.778882,127.199825,1206891225,https://map.naver.com/p/entry/place/1206891225,35.1539906,126.9013473,low,호남농약사,전남광주 서구 경열로 146-1 전남광주 서구 양동 263-8,verified,false,
신흥떡방앗간,전남광주통합특별시 보성군 득량면 예당중앙길 14-7,34.778041,127.200089,17414475,https://map.naver.com/p/entry/place/17414475,34.7780531,127.2000954,high,신흥떡방앗간,전남광주 보성군 득량면 예당중앙길 14-7 전남광주 보성군 득량면 예당리 442-21,verified,false,
영주종합터미널,경북 영주시 대학로 352,36.827065,128.605765,11566441,https://map.naver.com/p/entry/place/11566441,36.8270797,128.6057812,mid,영주종합터미널,경북 영주시 가흥동 703-3,verified,false,
한성목욕탕,경북 예천군 예천읍 맛고을길 47,36.656492,128.453796,15918345,https://map.naver.com/p/entry/place/15918345,36.6565153,128.4537749,high,한성목욕탕,경북 예천군 예천읍 맛고을길 47 경북 예천군 예천읍 노하리 72-2,verified,false,
까막고무신,경북 안동시 대안로 135-1,36.565159,128.727808,15356522,https://map.naver.com/p/entry/place/15356522,36.5651117,128.7278054,high,까막고무신,경북 안동시 대안로 135-1 경북 안동시 남문동 222-31,verified,false,
양지공인중개사,경북 안동시 풍산읍 풍산중앙길 102,36.579603,128.571921,36427563,https://map.naver.com/p/entry/place/36427563,36.5796939,128.5718927,high,양지공인중개사사무소,경북 안동시 풍산읍 풍산중앙길 102 경북 안동시 풍산읍 안교리 122-3,verified,false,
부부온누리약국,경북 안동시 풍산읍 풍산중앙길 117,36.579400,128.573650,13258509,https://map.naver.com/p/entry/place/13258509,36.5792789,128.573615,high,부부온누리약국,경북 안동시 풍산읍 풍산중앙길 117 경북 안동시 풍산읍 안교리 83-1,verified,false,
중앙농약종묘사,경북 안동시 풍산읍 장터3길 3,36.578318,128.574879,15553426,https://map.naver.com/p/entry/place/15553426,34.9762863,128.325109,low,중앙농약종묘사,경남 고성군 고성읍 중앙로25번길 58 경남 고성군 고성읍 동외리 290-3,verified,false,
풍산읍 골목,경북 안동시 풍산읍 풍산중앙길 151-1,36.578119,128.577074,,,,,failed,,,not_matched,false,
구남연식품,경북 상주시 중앙시장길 40,36.414908,128.161973,1883311365,https://map.naver.com/p/entry/place/1883311365,36.4149216,128.1619654,high,구남연식품,경북 상주시 중앙시장길 40 경북 상주시 남성동 1-119,verified,false,
신세계양품/은장상회,경북 상주시 중앙시장길 50,36.415424,128.162140,,,,,failed,,,not_matched,false,
울진항수산,경북 울진군 울진읍 현내항길 252-8,36.989612,129.414282,37365842,https://map.naver.com/p/entry/place/37365842,36.9897194,129.4143658,high,울진항수산,경북 울진군 울진읍 현내항길 252-8 경북 울진군 울진읍 연지리 183,verified,false,
소말뚝 포항본점,경북 포항시 북구 새천년대로 1033-11,36.061398,129.369267,1285430098,https://map.naver.com/p/entry/place/1285430098,36.0614112,129.3692681,high,소말뚝 포항본점,경북 포항시 북구 새천년대로 1033-11 1층 경북 포항시 북구 창포동 629-6,verified,false,
포항 북구 두호동,경북 포항시 북구 해안로 231,36.063565,129.387996,,,,,failed,,,not_matched,false,
군위휴게소,경북 군위군 군위읍 경북대로 4082,36.264415,128.576167,13281483,https://map.naver.com/p/entry/place/13281483,36.2653856,128.5769567,high,군위휴게소(춘천방향),대구 군위군 군위읍 경북대로 4082 대구 군위군 군위읍 오곡리 339,verified,false,
한밤마을,경북 군위군 부계면 한밤2길 10,36.056134,128.654131,20066358,https://map.naver.com/p/entry/place/20066358,36.0591761,128.6534501,mid,한밤마을 돌담길,대구 군위군 부계면 대율리 862-3,verified,false,
대율1리 정류소,경북 군위군 부계면 한티로 2150-1,36.060470,128.655382,,,,,failed,,,not_matched,false,
예주가,경북 군위군 부계면 한밤8길 11,36.061359,128.654758,1811441181,https://map.naver.com/p/entry/place/1811441181,36.0612872,128.6552946,high,예주가,대구 군위군 부계면 한티로 2157 주차장 안쪽 대구 군위군 부계면 대율리 666-1,verified,false,
산성치안센터,경북 군위군 산성면 산성가음로 706,36.126129,128.695665,15568801,https://map.naver.com/p/entry/place/15568801,36.1261867,128.6956877,high,산성치안센터,대구 군위군 산성면 산성가음로 706 대구 군위군 산성면 화본리 856-3,verified,false,
구미여자상업고,경북 구미시 형곡로38길 9-14,36.107569,128.342144,11594905,https://map.naver.com/p/entry/place/11594905,36.1068348,128.3412728,high,구미여자상업고등학교,경북 구미시 형곡로38길 9-14 경북 구미시 형곡동 198,verified,false,
커뮤니케이션센터,대구광역시 동구 동내동 1120,35.878561,128.736471,13121851,https://map.naver.com/p/entry/place/13121851,35.8491035,128.6522404,low,본커뮤니케이션 코칭센터,대구 수성구 만촌동 881,verified,false,
소소밀밀,경북 경주시 능남길 15,35.823401,129.185491,1181171240,https://map.naver.com/p/entry/place/1181171240,35.8234013,129.1854915,high,소소밀밀 북카페,경북 경주시 능남길 15 주2동 경북 경주시 서악동 795,verified,false,
솔빛인테리어,인천 제물포구 제물량로341번길 29,37.482359,126.619465,37272609,https://map.naver.com/p/entry/place/37272609,37.4780582,126.6350359,low,이데코인테리어 본점,인천 제물포구 솔빛로 21 인천 제물포구 송현동 154,verified,false,
대원슈퍼,인천 제물포구 제물량로341번길 37,37.482580,126.619338,16502587,https://map.naver.com/p/entry/place/16502587,37.424279,126.6934702,low,대원슈퍼,인천 연수구 비류대로529번길 24 인천 연수구 선학동 371,verified,false,
만석동집,인천 제물포구 제물량로341번길 43,37.482798,126.619095,2077504854,https://map.naver.com/p/entry/place/2077504854,37.5336073,126.6557308,low,만석동철판집 청라점,"인천 서해구 청라에메랄드로 99 지하1층 27, 28, 29호 만석동철판집 청라점 인천 서해구 청라동 165-12",verified,false,
만석어린이공원,인천 제물포구 제물량로341번길 55,37.483419,126.619020,16584186,https://map.naver.com/p/entry/place/16584186,37.4832068,126.6195962,mid,만석어린이공원,인천 제물포구 인천 제물포구 만석동,verified,false,
전주식당,인천 제물포구 화도진로43번길 3,37.476218,126.633451,1673025616,https://map.naver.com/p/entry/place/1673025616,37.4862246,126.664701,low,전주식당,인천 서해구 염곡로14번길 3 1층 전주식당 인천 서해구 가좌동 585-75,verified,false,
송현근린공원,인천 제물포구 안송로103번길 13,37.480053,126.642368,19588978,https://map.naver.com/p/entry/place/19588978,37.4785662,126.6398566,mid,송현근린공원,인천 제물포구 송현공원로 75-21 인천 제물포구 송현동 23-62,verified,false,
송현동집,인천 제물포구 안송로95번길 12-13,37.479936,126.642531,,,,,failed,,,not_matched,false,
대전슈퍼,인천 제물포구 안송로 70,37.478311,126.642848,16586559,https://map.naver.com/p/entry/place/16586559,37.4783244,126.6428658,high,대전슈퍼,인천 제물포구 안송로 70 인천 제물포구 송림동 53-68,verified,false,
새마을금고,인천 제물포구 솔빛로91번길 7,37.476498,126.643409,1383607646,https://map.naver.com/p/entry/place/1383607646,37.476503,126.643398,mid,무더위쉼터 송림새마을금고로타리지점,인천 제물포구 솔빛로91번길 7 (새마을금고) 인천 제물포구 송림동 55-22,verified,false,
숭의동집1,인천 미추홀구 우각로152번길 6,,,,,,,failed,,,not_matched,false,
숭의동집2,인천 미추홀구 우각로152번길 18,,,1245123515,https://map.naver.com/p/entry/place/1245123515,37.4593296,126.6433378,low,숭의동커피,인천 미추홀구 인주대로45번길 2 1층 인천 미추홀구 숭의동 331-63,verified,false,
송림동집,인천 제물포구 우각로147번길 16-1,,,1768313803,https://map.naver.com/p/entry/place/1768313803,37.4795652,126.6468497,low,송림동뒷고기,인천 제물포구 인중로680번길 11 1층 인천 제물포구 송림동 32-114,verified,false,
한촌설렁탕,인천 미추홀구 소성로 166-1 1층,37.441620,126.666764,1505722249,https://map.naver.com/p/entry/place/1505722249,37.4697172,126.6632326,low,한촌설렁탕 인천도화점,인천 미추홀구 숙골로87번길 5 204동 1층 1-48호 인천 미추홀구 도화동 1002,verified,false,
명인빌딩,인천 미추홀구 소성로185번길 28,37.442159,126.669780,1115634262,https://map.naver.com/p/entry/place/1115634262,37.4421613,126.6698411,high,명인빌딩,인천 미추홀구 소성로185번길 28 인천 미추홀구 학익동 240-1,verified,false,
너없는이곳너없는하루,인천 미추홀구 학익소로 62,37.442138,126.670209,1148788983,https://map.naver.com/p/entry/place/1148788983,37.4421464,126.6701808,high,"너없는이곳, 너없는하루",인천 미추홀구 학익소로 62 인천 미추홀구 학익동 240-46,verified,false,
미니스톱,인천 미추홀구 학익소로 63,37.441969,126.670662,,,,,failed,,,not_matched,false,
연안아파트상가,인천 제물포구 축항대로 234,37.448420,126.620055,1007099122,https://map.naver.com/p/entry/place/1007099122,37.4494398,126.6210218,high,연안아파트상가,인천 제물포구 축항대로 234 인천 제물포구 항동7가 91-2,verified,false,
무지개약국,인천 연수구 새말로 31,37.422442,126.675010,13240998,https://map.naver.com/p/entry/place/13240998,37.4224331,126.6749562,high,무지개약국,인천 연수구 새말로 31 인천 연수구 연수동 539-11,verified,false,
사당,서울 동작구 동작대로1길 30,37.477367,126.979706,1246315922,https://map.naver.com/p/entry/place/1246315922,37.4774866,126.980839,mid,사당 시시비비,서울 동작구 사당로30길 163 2층 서울 동작구 사당동 1042-6,verified,false,
진대감,서울 마포구 마포대로12길 54,37.546624,126.954481,13114967,https://map.naver.com/p/entry/place/13114967,37.5466313,126.9544398,low,진대감 마포점,서울 마포구 마포대로12길 54 1층 서울 마포구 공덕동 249-62,verified,false,
신덕맨션,서울 마포구 만리재옛길 30,37.546768,126.956559,18767104,https://map.naver.com/p/entry/place/18767104,37.5465546,126.9560441,high,신덕맨션,서울 마포구 만리재옛길 30 서울 마포구 신공덕동 6-3,verified,false,
청기와생고기,서울 서대문구 충정로6길 57,37.562357,126.967820,21037828,https://map.naver.com/p/entry/place/21037828,37.5623446,126.9678027,high,청기와 생고기,서울 서대문구 충정로6길 57 서울 서대문구 미근동 91,verified,false,
서소문아파트,서울 서대문구 충정로6길 59,37.562783,126.968082,18206685,https://map.naver.com/p/entry/place/18206685,37.5628131,126.9681342,high,서소문아파트관리소,서울 서대문구 충정로6길 59 서울 서대문구 미근동 215,verified,false,
한국야쿠르트 본사,서울 서초구 강남대로 577,37.513251,127.019823,,,,,failed,,,not_matched,false,
신정네거리역,서울 양천구 신정동 1092,37.519899,126.853067,1127635500,https://map.naver.com/p/entry/place/1127635500,37.5200208,126.8529996,high,신정네거리역 스마트도서관,서울 양천구 서울 양천구 신정동 1092,verified,false,
서울 영등포구,서울 영등포구 신길동 23-2,37.517697,126.916997,4628977856,https://map.naver.com/p/entry/place/4628977856,37.5293033,126.8975992,mid,모토벨로 서울영등포구청점,서울 영등포구 당산로35길 4-13 서울 영등포구 당산동4가 59,verified,false,
갈월동지하차도,서울 용산구 갈월동 69-62,37.545004,126.971701,18715092,https://map.naver.com/p/entry/place/18715092,37.5449802,126.9711124,high,갈월동지하차도,서울 용산구 갈월동,verified,false,
서울 용산구,서울 용산구 새창로 102-1,37.538146,126.959757,1327719560,https://map.naver.com/p/entry/place/1327719560,37.5605901,126.9811901,low,만나플러스 서울용산구회현지사,서울 용산구 보광로 72-6 201호 서울 용산구 보광동 238-30,verified,false,
본죽,서울 용산구 새창로 108-1,37.537717,126.960019,1873662106,https://map.naver.com/p/entry/place/1873662106,37.5379536,126.9598719,low,본죽&비빔밥cafe 용문동점,서울 용산구 새창로 106 서울 용산구 용문동 28-24,verified,false,
풍전아파트 (Pungjeon Apt),서울 용산구 원효로4가 112-3,37.532388,126.953591,,,,,failed,,,not_matched,false,
한강대교,서울 용산구 이촌동 302-11,37.519476,126.959949,18726054,https://map.naver.com/p/entry/place/18726054,37.5175183,126.9588201,high,한강대교,서울 용산구 이촌동,verified,false,
서강껍데기3호점,서울 용산구 이촌로 9,37.530799,126.954854,12907119,https://map.naver.com/p/entry/place/12907119,37.530858,126.954875,mid,서강껍데기 이촌점,서울 용산구 이촌로 9 서울 용산구 한강로3가 30,verified,false,
카페에스크,서울 용산구 이촌로29길 11,37.524423,126.959524,,,,,failed,,,not_matched,false,
틴타입스튜디오,서울 용산구 이촌로29길 29,37.524916,126.960344,,,,,failed,,,not_matched,false,
쌍대포소금구이,서울 용산구 청파로 291,37.545584,126.970012,11711391,https://map.naver.com/p/entry/place/11711391,37.5455826,126.9701676,mid,쌍대포소금구이 본점,서울 용산구 청파로 291 서울 용산구 청파동2가 95,verified,false,
숙대입구역,서울 용산구 한강대로 286-1,37.543869,126.972703,2034020540,https://map.naver.com/p/entry/place/2034020540,37.5438339,126.9726016,mid,뼈탄집 숙대입구역점,서울 용산구 한강대로 286-1 1층 서울 용산구 남영동 25-3,verified,false,
시온,서울 용산구 한강대로7길 13,37.524326,126.962119,691438308,https://map.naver.com/p/entry/place/691438308,37.5243284,126.9621821,high,시온,서울 용산구 한강대로7길 13 서울 용산구 한강로3가 40-339,verified,false,
꼬꼬닭,서울 용산구 한강대로7길 39,37.525138,126.961051,37555760,https://map.naver.com/p/entry/place/37555760,37.5601975,126.9721015,low,꼬꼬닭치킨,서울 중구 칠패로 27 서울 중구 순화동 151,verified,false,
철도건널목,서울 용산구 한강로3가 40-45,37.524885,126.960442,1306605742,https://map.naver.com/p/entry/place/1306605742,37.524651,126.9600188,mid,드라마[나의아저씨철도건널목]촬영지,서울 용산구 한강대로7길 23-15 서울 용산구 한강로3가 40-1007,verified,false,
청기와양복점,서울 은평구 통일로 697,37.608161,126.931646,20212268,https://map.naver.com/p/entry/place/20212268,37.6081524,126.9317149,high,청기와양복점,서울 은평구 통일로 697 불광역 3번출구 도보 114m 5분거리 서울 은평구 녹번동 117-112,verified,false,
남영빌딩,서울 은평구 통일로 697,37.608161,126.931646,18657837,https://map.naver.com/p/entry/place/18657837,37.6081545,126.9316373,high,남영빌딩,서울 은평구 통일로 697 서울 은평구 녹번동 117-112,verified,false,
서울 은평구,서울 은평구 통일로 699,37.608381,126.931469,1025603482,https://map.naver.com/p/entry/place/1025603482,37.5933637,126.9039904,mid,서울 은평구 베이스볼클럽,서울 은평구 은평터널로7길 6 4층 은평구 베이스볼클럽 서울 은평구 신사동 300-88,verified,false,
낙산공원,서울 종로구 낙산3길 7-9,37.580278,127.006483,13299765,https://map.naver.com/p/entry/place/13299765,37.5804769,127.0075869,mid,낙산공원,서울 종로구 낙산길 41 서울 종로구 동숭동 산2-10,verified,false,
외교부 부근,서울 종로구 도렴동 82-6,37.573124,126.974620,11639935,https://map.naver.com/p/entry/place/11639935,37.5738846,126.9749352,high,외교부,서울 종로구 사직로8길 60 서울 종로구 도렴동 95-1,verified,false,
낙산공원,서울 종로구 동숭동 50-117,37.582140,127.006786,13299765,https://map.naver.com/p/entry/place/13299765,37.5804769,127.0075869,high,낙산공원,서울 종로구 낙산길 41 서울 종로구 동숭동 산2-10,verified,false,
미니스톱,서울 종로구 새문안로5가길 3-1,37.572486,126.974266,,,,,failed,,,not_matched,false,
서울 도렴동,서울 종로구 새문안로5길 31,37.572977,126.974351,,,,,failed,,,not_matched,false,
센터포인트빌딩,서울 종로구 새문안로5길 31,37.572977,126.974351,33343088,https://map.naver.com/p/entry/place/33343088,37.573077,126.974405,mid,센터포인트광화문빌딩,서울 종로구 새문안로5길 31 서울 종로구 도렴동 65,verified,false,
광화문광장,서울 종로구 세종로 81-3,37.572236,126.975934,13349962,https://map.naver.com/p/entry/place/13349962,37.5740533,126.9768908,high,광화문광장,서울 종로구 세종대로 175 서울 종로구 세종로 81-3,verified,false,
생각공장데시앙플렉스,서울 성동구 아차산로17길 49,37.546768,127.065279,1438242288,https://map.naver.com/p/entry/place/1438242288,37.5467906,127.0653001,high,생각공장데시앙플렉스,서울 성동구 아차산로17길 49 서울 성동구 성수동2가 280-6,verified,false,
소피텔 앰배서더 서울 라티튜드32,서울 송파구 잠실로 209,37.513865,127.106100,1168197639,https://map.naver.com/p/entry/place/1168197639,37.5135795,127.1062558,high,소피텔 앰배서더 서울 라티튜드32,서울 송파구 잠실로 209 소피텔 앰배서더 서울 호텔 & 서비스드 레지던스 32층 서울 송파구 신천동 29-1,verified,false,
쌀통닭 신천점,서울 송파구 올림픽로10길 13,37.510531,127.081285,37411826,https://map.naver.com/p/entry/place/37411826,37.510382,127.0829233,mid,쌀통닭 신천점,서울 송파구 올림픽로12길 14 2층 서울 송파구 잠실동 188-7,verified,false,
낙토,인천 강화군 선원면 연동로99번길 43,37.702014,126.507843,1084409571,https://map.naver.com/p/entry/place/1084409571,37.7020147,126.5078421,high,낙토,인천 강화군 선원면 연동로99번길 43 1층 인천 강화군 선원면 연리 388-24,verified,false,
검단소방서,인천 검단구 원당대로 736,37.593634,126.682478,1542184253,https://map.naver.com/p/entry/place/1542184253,37.5937413,126.6828465,high,인천검단소방서,인천 검단구 원당대로 736 인천 검단구 당하동 1329,verified,false,
해빛 고양고갯마루쉼터,경기 고양시 덕양구 보광로 379,37.747098,126.912186,1744980785,https://map.naver.com/p/entry/place/1744980785,37.7471144,126.9122104,mid,해빛 고양고갯마루쉼터점,경기 고양시 덕양구 보광로 379 경기 고양시 덕양구 벽제동 4-4,verified,false,
참사랑어린이집,경기 고양시 덕양구 원당로125번길 40-12,,,32207070,https://map.naver.com/p/entry/place/32207070,37.7329485,126.7574974,low,참사랑어린이집,경기 파주시 금바위로 100 가람마을 3단지 301동 103호 경기 파주시 와동동 240,verified,false,
대당빌라,경기 고양시 덕양구 원당로135번길 53,,,18689092,https://map.naver.com/p/entry/place/18689092,37.5969885,126.911777,low,대당빌라,서울 은평구 은평로2길 14 서울 은평구 신사동 29-65,verified,false,
다락고개추어탕,경기 고양시 덕양구 대덕로 64-7,37.592360,126.874983,19045838,https://map.naver.com/p/entry/place/19045838,37.5923473,126.8750572,high,다락고개추어탕,경기 고양시 덕양구 대덕로 64-7 경기 고양시 덕양구 덕은동 17-9,verified,false,
솔트베이드라이빙레인지,경기 시흥시 마유로 987,37.391106,126.777321,1762262169,https://map.naver.com/p/entry/place/1762262169,37.3918001,126.7747377,high,솔트베이 드라이빙레인지,경기 시흥시 마유로 987 솔트베이 골프 연습장 경기 시흥시 장곡동 855,verified,false,
장군제2셀프주유소,경기 포천시 영북면 호국로 3428,38.042682,127.267342,,,,,failed,,,not_matched,false,
돌담병원,경기 포천시 영북면 산정호수로 771,38.071780,127.323278,1499436056,https://map.naver.com/p/entry/place/1499436056,38.0718536,127.3234002,high,산정호수 돌담병원,경기 포천시 영북면 산정호수로 771 경기 포천시 영북면 산정리 204-1,verified,false,
산정호수 둘레길,경기 포천시 영북면 산정리 205-1,38.072003,127.321836,,,,,failed,,,not_matched,false,
카페라로사 앞,경기 동두천시 벌마들로 59,37.902109,127.040022,,,,,failed,,,not_matched,false,
의정부지방법원,경기 의정부시 녹양로34번길 23,37.754863,127.034084,11628090,https://map.naver.com/p/entry/place/11628090,37.7548853,127.0341133,high,의정부지방법원,경기 의정부시 녹양로34번길 23 의정부지방법원 경기 의정부시 가능동 364,verified,false,
스테이564,경기 남양주시 불암로 59,37.646324,127.109676,1257242237,https://map.naver.com/p/entry/place/1257242237,37.6463257,127.1096726,high,스테이564,경기 남양주시 불암로 59 스테이564 경기 남양주시 별내동 564,verified,false,
양평버스터미널,경기 양평군 양평읍 시민로 91,37.491035,127.501865,13323498,https://map.naver.com/p/entry/place/13323498,37.4910883,127.5018227,high,양평버스터미널,경기 양평군 양평읍 시민로 91 경기 양평군 양평읍 공흥리 484-2,verified,false,
현대꽃화원,경기 가평군 가평읍 오리나무길 25,37.825321,127.514095,18819861,https://map.naver.com/p/entry/place/18819861,37.5516167,127.092175,low,현대꽃화원,서울 광진구 자양로 292 서울 광진구 구의동 47-10,verified,false,
알펜시아스키점프센터,강원 평창군 대관령면 스포츠파크길 135,37.663402,128.682380,1402129658,https://map.naver.com/p/entry/place/1402129658,37.6628002,128.6811334,high,알펜시아 스키점프 센터,"강원 평창군 대관령면 스포츠파크길 135 , 3층 강원 평창군 대관령면 수하리 240-19",verified,false,
인터컨티넨탈 알펜시아 평창리조트,강원 평창군 대관령면 솔봉로 325,37.659254,128.684011,30827182,https://map.naver.com/p/entry/place/30827182,37.65825,128.6696249,mid,인터컨티넨탈 알펜시아 평창 리조트,강원 평창군 대관령면 솔봉로 325 강원 평창군 대관령면 용산리 425,verified,false,
문화8구역(재개발지역),대전 중구 천근로69번길 72,,,,,,,failed,,,not_matched,false,
메이필드호텔,서울 강서구 방화대로 94,37.547896,126.819507,12219887,https://map.naver.com/p/entry/place/12219887,37.5471992,126.8191229,high,메이필드호텔,서울 강서구 방화대로 94 서울 강서구 외발산동 426,verified,false,
YES24 강서NC점,"서울 강서구 강서로56길 17 8,9층",37.559976256836194,126.8405121622669,1223279330,https://map.naver.com/p/entry/place/1223279330,37.5597838,126.8401345,high,YES24 강서NC점,"서울 강서구 강서로56길 17 NC백화점 강서점 8층, 9층 서울 강서구 등촌동 689",verified,false,
바디프로짐 가양점,서울 강서구 화곡로68길 3,37.559584,126.854738,1361992477,https://map.naver.com/p/entry/place/1361992477,37.5595837,126.8547378,mid,바디프로짐 PT 헬스 가양점,서울 강서구 화곡로68길 3 영스퀘어 7층 바디프로짐 가양점 서울 강서구 등촌동 628-6,verified,false,
YTN 옥상정원,서울 마포구 상암산로 76,37.579194,126.892315,,,,,failed,,,not_matched,false,
CJ ENM 구내식당,서울 마포구 상암산로 66,37.578396,126.891522,,,,,failed,,,not_matched,false,
"상암DMC푸르지오시티, S-City",서울 마포구 월드컵북로54길 25,37.582093,126.888985,,,,,failed,,,not_matched,false,
비엔나커피하우스 상암팬엔터점,서울 마포구 월드컵북로58길 10,37.581600,126.887076,,,,,failed,,,not_matched,false,
월드컵북로60길,서울 마포구 월드컵북로60길 24,37.582947,126.887174,,,,,failed,,,not_matched,false,
야식포차,서울 서대문구 성산로 337,37.565969,126.927816,1818524900,https://map.naver.com/p/entry/place/1818524900,37.5659709,126.9278349,high,야식포차,서울 서대문구 성산로 337 서울 서대문구 연희동 192-40,verified,false,
마포소금구이,서울 마포구 와우산로32길 32,37.554661,126.932046,82850318,https://map.naver.com/p/entry/place/82850318,37.554693,126.9320861,high,마포소금구이,서울 마포구 와우산로32길 32 서울 마포구 창전동 1-30,verified,false,
W락볼링장,서울 마포구 양화로 104 지하1층,37.552781,126.919240,1253508688,https://map.naver.com/p/entry/place/1253508688,37.3579515,126.9315636,low,J락 볼링장,경기 군포시 번영로 489 6층 경기 군포시 산본동 1142-7,verified,false,
T12,서울 마포구 와우산로19길 15,37.551171,126.922279,31564613,https://map.naver.com/p/entry/place/31564613,37.5511735,126.9222841,high,T12,서울 마포구 와우산로19길 15 지하 서울 마포구 서교동 363-22,verified,false,
미래하이빌,서울 마포구 토정로11길 19,37.545788,126.925474,1173489252,https://map.naver.com/p/entry/place/1173489252,37.5457996,126.9254705,high,미래하이빌,서울 마포구 토정로11길 19 상수동빌딩 서울 마포구 상수동 262-11,verified,false,
상수나루소공원,서울 마포구 상수동 402-2,37.545965,126.926340,,,,,failed,,,not_matched,false,
채그로,서울 마포구 마포대로4다길 31,37.535652,126.944269,1432332591,https://map.naver.com/p/entry/place/1432332591,37.5356886,126.9442193,high,채그로,서울 마포구 마포대로4다길 31 8층 채그로카페 서울 마포구 마포동 388-5,verified,false,
문래동 골목,서울 영등포구 도림로131길 18,37.514138,126.893859,,,,,failed,,,not_matched,false,
일흥정공 앞,서울 영등포구 경인로77길 38,37.514059,126.890347,,,,,failed,,,not_matched,false,
서강대교,서울 영등포구 여의도동 83-2,37.538561,126.925698,18999808,https://map.naver.com/p/entry/place/18999808,37.5378529,126.9255699,high,서강대교,서울 영등포구 여의도동,verified,false,
씨티플라자 앞,서울 영등포구 국제금융로2길 17,37.524063,126.926031,,,,,failed,,,not_matched,false,
콘래드서울,서울 영등포구 국제금융로 10,37.525178,126.924877,21202909,https://map.naver.com/p/entry/place/21202909,37.5255723,126.9266143,high,콘래드 서울 호텔,서울 영등포구 국제금융로 10 서울 국제금융 센터 서울 영등포구 여의도동 23,verified,false,
IFC몰,서울 영등포구 국제금융로 10,37.525178,126.924877,21423942,https://map.naver.com/p/entry/place/21423942,37.5251912,126.9258013,high,IFC몰,서울 영등포구 국제금융로 10 IFC몰 B1 서울 영등포구 여의도동 23,verified,false,
여의대로 IFC쪽,서울 영등포구 국제금융로 10,37.525178,126.924877,,,,,failed,,,not_matched,false,
마호가니 여의도점,서울 영등포구 여의대로 66,37.524540,126.923718,556684551,https://map.naver.com/p/entry/place/556684551,37.5247677,126.9237325,high,마호가니 여의도점,서울 영등포구 여의대로 66 iM증권빌딩 1층 서울 영등포구 여의도동 23-3,verified,false,
서울로인 여의도점,서울 영등포구 국제금융로8길 2,37.522016,126.930049,1720342718,https://map.naver.com/p/entry/place/1720342718,37.5218052,126.9256512,mid,서울로인 여의도점,서울 영등포구 여의나루로 50 한국교직원공제회관 지하1층 9호 서울 영등포구 여의도동 35-3,verified,false,
롯데캐슬아이비아파트 앞,서울 영등포구 국제금융로 86,37.520206,126.931800,,,,,failed,,,not_matched,false,
노량진근린공원,서울 동작구 본동 486,37.509522,126.955617,1144129423,https://map.naver.com/p/entry/place/1144129423,37.5094778,126.9556216,high,노량진근린공원,서울 동작구 본동 486,verified,false,
노들섬,서울 용산구 양녕로 445,37.517664,126.958036,1640249712,https://map.naver.com/p/entry/place/1640249712,37.5176704,126.9580519,high,노들섬,서울 용산구 양녕로 445 서울 용산구 이촌동 302-146,verified,false,
땡땡거리꼬꼬닭,서울 용산구 한강대로21가길 61,37.525290,126.961135,,,,,failed,,,not_matched,false,
모아시스템 앞,서울 용산구 새창로49길 7,37.533944,126.962981,,,,,failed,,,not_matched,false,
새창로49길 지하도,서울 용산구 새창로 156,37.533756,126.962464,,,,,failed,,,not_matched,false,
아베크부,서울 용산구 회나무로13가길 23-6,37.541171,126.990886,,,,,failed,,,not_matched,false,
서울로 PH,서울 중구 만리재로 211,37.556308,126.968160,1149204793,https://map.naver.com/p/entry/place/1149204793,37.5563082,126.9681596,high,서울로 PH,서울 중구 만리재로 211 11층 1호 서울 중구 만리동1가 33-1,verified,false,
만리재로,서울 중구 만리재로 209-1,37.556114,126.968231,,,,,failed,,,not_matched,false,
르메르디앙 서울명동,서울 중구 명동8나길 38,37.561709,126.982675,1225476647,https://map.naver.com/p/entry/place/1225476647,37.5618184,126.98268,high,르메르디앙 서울 명동,서울 중구 명동8나길 38 르메르디앙 서울 명동 서울 중구 충무로1가 21-17,verified,false,
에스헤어앞,서울 중구 퇴계로44길 8,37.561566,126.997218,,,,,failed,,,not_matched,false,
우리안치킨,서울 중구 퇴계로44길 5,37.561591,126.997413,38521924,https://map.naver.com/p/entry/place/38521924,37.561578,126.997422,high,우리안치킨,서울 중구 퇴계로44길 5 우리안치킨 서울 중구 충무로5가 88-5,verified,false,
한국의집,서울 중구 퇴계로36길 10,37.560223,126.994498,11715055,https://map.naver.com/p/entry/place/11715055,37.5602265,126.9945123,high,한국의집,서울 중구 퇴계로36길 10 한국의집 서울 중구 필동2가 80-2,verified,false,
들국화떡볶이,서울 중구 퇴계로76길 61,37.562551,127.014742,1205962375,https://map.naver.com/p/entry/place/1205962375,37.5625312,127.0147365,high,들국화떡볶이,서울 중구 퇴계로76길 61 신당동 서울 중구 301-12,verified,false,
마호가니 광화문 케이스퀘어시티점,서울 중구 청계천로 24,37.568516,126.980210,1371876716,https://map.naver.com/p/entry/place/1371876716,37.568654,126.9800339,high,마호가니 광화문 케이스퀘어시티점,서울 중구 청계천로 24 서울 중구 다동 39,verified,false,
을지로입구역2번출구 앞,서울 중구 을지로 35,37.566492,126.981866,,,,,failed,,,not_matched,false,
청계천 광통교,서울 종로구 서린동 1-11,37.569104,126.982466,18666283,https://map.naver.com/p/entry/place/18666283,37.5689916,126.9809874,high,광통교,서울 종로구 서린동,verified,false,
심산애,서울 종로구 자하문로1길 33,37.576479,126.970393,19851623,https://map.naver.com/p/entry/place/19851623,37.576502,126.9703915,high,심산애,서울 종로구 자하문로1길 33 서울 종로구 필운동 205-1,verified,false,
청운공원,서울 종로구 청운동 7-6,37.589346,126.965217,18661800,https://map.naver.com/p/entry/place/18661800,37.5912352,126.9664187,high,청운공원,서울 종로구 청운동 3-55,verified,false,
미쉬매쉬,서울 종로구 창덕궁길 47,37.579658,126.989144,,,,,failed,,,not_matched,false,
오공팔샵,서울 종로구 낙산성곽서1길 15,37.577656,127.007989,,,,,failed,,,not_matched,false,
서울시립대학교 자작마루,서울 동대문구 서울시립대로 163,37.582578,127.059988,13284302,https://map.naver.com/p/entry/place/13284302,37.5828917,127.05765,mid,서울시립대학교 자작마루,서울 동대문구 전농동 90,verified,false,
서울시립대학교 대강당앞,서울 동대문구 서울시립대로 163,37.582578,127.059988,,,,,failed,,,not_matched,false,
비스타워커힐서울,서울 광진구 워커힐로 177,37.558629,127.111707,695321679,https://map.naver.com/p/entry/place/695321679,37.5542813,127.1111669,mid,비스타 워커힐 서울,서울 광진구 워커힐로 177 비스타 워커힐 서울 서울 광진구 광장동 22-1,verified,false,
파크캐슬9,서울 광진구 천호대로116길 94,37.552651,127.081408,1672218433,https://map.naver.com/p/entry/place/1672218433,37.5526762,127.0814278,high,파크캐슬9,서울 광진구 천호대로116길 94 서울 광진구 능동 173,verified,false,
서울가정법원,서울 서초구 강남대로 193,37.481245,127.036190,11628095,https://map.naver.com/p/entry/place/11628095,37.4813943,127.036069,high,서울가정법원,서울 서초구 강남대로 193 서울가정행정법원청사 서울 서초구 양재동 25-3,verified,false,
빌라 디 메트로시티,서울 강남구 가로수길 33,37.520169,127.022848,,,,,failed,,,not_matched,false,
머스트잇,서울 강남구 압구정로 148,37.525202,127.025056,1635765483,https://map.naver.com/p/entry/place/1635765483,37.5252027,127.0250702,high,머스트잇빌딩,서울 강남구 압구정로 148 머스트잇빌딩 서울 강남구 신사동 574-2,verified,false,
잠원한강공원 제1주차장,서울 강남구 압구정동 386,37.527293,127.018867,,,,,failed,,,not_matched,false,
29펍 4호점,서울 강남구 강남대로110길 14,37.503751,127.026057,,,,,failed,,,not_matched,false,
엘빈에비뉴,서울 강남구 강남대로92길 13,37.499046,127.028463,1642763510,https://map.naver.com/p/entry/place/1642763510,37.4989587,127.028492,high,엘빈에비뉴 라운지바,"서울 강남구 강남대로92길 13 지하1층, 2층 서울 강남구 역삼동 819-9",verified,false,
복싱인사이드짐 역삼직영점,서울 강남구 역삼로 159 지하2층,37.495205,127.036419,45201046,https://map.naver.com/p/entry/place/45201046,37.4952287,127.0364296,high,복싱인사이드짐 역삼점,서울 강남구 역삼로 159 지하2층 서울 강남구 역삼동 748-16,verified,false,
미엘,서울 강남구 도산대로67길 13-12,37.525272,127.043620,13158130,https://map.naver.com/p/entry/place/13158130,37.5253408,127.0442194,high,미엘 청담,서울 강남구 도산대로67길 19 1층 미엘 서울 강남구 청담동 94-6,verified,false,
청담초등학교앞 버스정류장,서울 강남구 압구정로 440,37.526389,127.045109,,,,,failed,,,not_matched,false,
구찌 청담 플래그십,서울 강남구 압구정로 462,37.525069,127.046526,31013563,https://map.naver.com/p/entry/place/31013563,37.5250866,127.0466009,high,구찌 청담 플래그십,서울 강남구 압구정로 462 구찌 청담 플래그십 서울 강남구 청담동 99-15,verified,false,
도산공원.호림아트센터앞 정류장,서울 강남구 언주로 805,37.522156,127.033172,,,,,failed,,,not_matched,false,
오르시아,서울 강남구 영동대로 644,37.519357,127.058025,1440212400,https://map.naver.com/p/entry/place/1440212400,37.5193808,127.0579529,high,오르시아 청담,서울 강남구 영동대로 644 원일빌딩 1층 오르시아 서울 강남구 삼성동 78-3,verified,false,
청담나인,"서울 강남구 삼성로 634 B1, B2",37.516638,127.051864,1465309007,https://map.naver.com/p/entry/place/1465309007,37.5165617,127.0517546,high,청담나인,"서울 강남구 삼성로 634 B1, B2, 10F 서울 강남구 삼성동 65-5",verified,false,
애브뉴준오,서울 강남구 삼성로 728,37.520738,127.049558,11889172,https://map.naver.com/p/entry/place/11889172,37.5207349,127.0495325,high,애브뉴준오,서울 강남구 삼성로 728 준오헤어 청담동 사옥 서울 강남구 청담동 63-14 준오헤어 사옥,verified,false,
삼성리,서울 강남구 봉은사로86길 28,37.511592,127.056763,38158483,https://map.naver.com/p/entry/place/38158483,36.7733361,127.8432657,low,삼성리,충북 괴산군 칠성면 외사리,verified,false,
마쯔가제,서울 강남구 테헤란로87길 46 3층,37.510982,127.058206,11843409,https://map.naver.com/p/entry/place/11843409,37.5109817,127.0580898,high,마쯔가제,서울 강남구 테헤란로87길 46 호텔오크우드프리미어 3층 서울 강남구 삼성동 159,verified,false,
아셈타워,서울 강남구 영동대로 517,37.513110,127.059758,1654459721,https://map.naver.com/p/entry/place/1654459721,37.5131101,127.059758,mid,하나은행365 아셈타워 지하1층 ATM,서울 강남구 영동대로 517 서울 강남구 삼성동 159,verified,false,
강동경희대학교의대병원,서울 강동구 동남로 892,37.552046,127.157085,1120648592,https://map.naver.com/p/entry/place/1120648592,37.5525125,127.1570646,high,강동경희대학교의대병원별관,서울 강동구 동남로 892 강동경희대학교병원 서울 강동구 상일동 149,verified,false,
OSK마트 효성점,인천 계양구 봉오대로 571,37.530969,126.712720,956631596,https://map.naver.com/p/entry/place/956631596,37.5310533,126.7125365,high,OSK마트 효성점,인천 계양구 봉오대로 571 인천 계양구 효성동 15-27,verified,false,
일리카페 롯데백화점인천점,인천 미추홀구 연남로 35 2층,37.442506,126.701519,,,,,failed,,,not_matched,false,
롯데백화점 인천점 3층,인천 미추홀구 연남로 35,37.442506,126.701519,1110340200,https://map.naver.com/p/entry/place/1110340200,37.4423397,126.7013931,mid,롯데백화점 인천점,"인천 미추홀구 연남로 35 , 1층 인천 미추홀구 관교동 15",verified,false,
롯데백화점 인천점 문화센터,인천 미추홀구 연남로 35 5층,37.442506,126.701519,1473304830,https://map.naver.com/p/entry/place/1473304830,37.4425062,126.7015186,mid,롯데백화점 문화센터 인천점,인천 미추홀구 연남로 35 롯데백화점 인천터미널점 5층 문화센터 인천 미추홀구 관교동 15,verified,false,
화적연,경기 포천시 영북면 자일리 산 115-2,38.116319,127.266354,18338274,https://map.naver.com/p/entry/place/18338274,38.1151413,127.26252,mid,화적연,경기 포천시 영북면 북원로248번길 31-23 경기 포천시 영북면 자일리 산115-2,verified,false,
폐공장,경기 파주시 광탄면 혜음로 1400,37.805407,126.851121,,,,,failed,,,not_matched,false,
GS25 출판행복도시점,경기 파주시 문발로 415,37.729729,126.691443,425457139,https://map.naver.com/p/entry/place/425457139,37.7296612,126.6915298,high,GS25 출판행복도시점,"경기 파주시 문발로 415 102,103호 경기 파주시 신촌동 740-5",verified,false,
미메시스아트뮤지엄,경기 파주시 문발로 253,37.716649,126.689097,32520738,https://map.naver.com/p/entry/place/32520738,37.7167323,126.6888927,high,미메시스 아트 뮤지엄,경기 파주시 문발로 253 경기 파주시 문발동 499-3,verified,false,
이채사거리,경기 파주시 문발로 220,37.713855,126.687803,,,,,failed,,,not_matched,false,
지혜의숲,경기 파주시 회동길 145,37.708550,126.686834,34178163,https://map.naver.com/p/entry/place/34178163,37.7086723,126.6867275,high,지혜의숲,경기 파주시 회동길 145 경기 파주시 문발동 524-3,verified,false,
마을촌,경기 파주시 탄현면 방촌로 1025,37.825103,126.734228,37559133,https://map.naver.com/p/entry/place/37559133,37.825069,126.73416,high,마을촌,경기 파주시 탄현면 방촌로 1025 경기 파주시 탄현면 금승리 493-3,verified,false,
CJ ENM 스튜디오센터,경기 파주시 탄현면 소리개길 20,37.788297,126.707032,1648095582,https://map.naver.com/p/entry/place/1648095582,37.7879456,126.7050061,high,CJENM스튜디오센터,경기 파주시 탄현면 소리개길 20 경기 파주시 탄현면 법흥리 1778,verified,false,
통일로추모공원,경기 파주시 조리읍 명봉산로114번길 84,37.739614,126.848503,36929844,https://map.naver.com/p/entry/place/36929844,37.7396172,126.8485344,high,통일로추모공원,경기 파주시 조리읍 명봉산로114번길 84 통일로추모공원 경기 파주시 조리읍 장곡리 598-196,verified,false,
교하정,경기 파주시 교하로 1290,37.748774,126.736998,1608892323,https://map.naver.com/p/entry/place/1608892323,37.7623941,126.7431413,mid,교하정 국궁장,경기 파주시 하지석길 165-75 경기 파주시 하지석동 326-3,verified,false,
삼성아파트 102동,경기 고양시 일산서구 고봉로 351-17,37.690389,126.776023,1049310913,https://map.naver.com/p/entry/place/1049310913,37.5350037,126.9490852,low,리버힐삼성아파트102동,서울 용산구 청암동,verified,false,
한류월드로,경기 고양시 일산서구 한류월드로 300,37.664554,126.754527,1530246997,https://map.naver.com/p/entry/place/1530246997,37.664554,126.7545265,mid,한류월드로 동방웰빙푸드,경기 고양시 일산서구 한류월드로 300 경기 고양시 일산서구 대화동 2606,verified,false,
원마운트 스노우파크,경기 고양시 일산서구 한류월드로 300,37.664554,126.754527,32397843,https://map.naver.com/p/entry/place/32397843,37.6645742,126.7545356,high,원마운트 스노우파크,경기 고양시 일산서구 한류월드로 300 경기 고양시 일산서구 대화동 2606,verified,false,
일산호수공원,경기 고양시 일산동구 호수로 595,37.653639,126.768814,325967348,https://map.naver.com/p/entry/place/325967348,37.6538929,126.7686867,high,호수공원,경기 고양시 일산동구 호수로 595 경기 고양시 일산동구 장항동 906,verified,false,
화신프라자 앞,경기 고양시 일산동구 일산로 71,37.644588,126.789383,,,,,failed,,,not_matched,false,
키딩,경기 고양시 일산동구 일산로380번길 15,37.669459,126.782236,1442754911,https://map.naver.com/p/entry/place/1442754911,37.5550038,126.9671823,low,아유키딩미,서울 중구 만리재로 193 서울 중구 만리동1가 62-7,verified,false,
오르비제빌리지,경기 고양시 일산동구 애니골길 15-46,37.671516,126.789761,19423160,https://map.naver.com/p/entry/place/19423160,37.671638,126.789457,high,오르비제,경기 고양시 일산동구 애니골길 15-46 경기 고양시 일산동구 풍동 1127-13,verified,false,
일산수목장,경기 고양시 일산동구 지영동 산 44,37.706721,126.827670,1851681262,https://map.naver.com/p/entry/place/1851681262,37.7085131,126.8297457,high,일산숲수목장,경기 고양시 일산동구 지영로194번길 133-20 일산숲수목장 경기 고양시 일산동구 지영동 353-3,verified,false,
대양물류보관창고,경기 고양시 덕양구 통일로1031번길 458,37.717817,126.844998,35069824,https://map.naver.com/p/entry/place/35069824,37.717884,126.8451684,high,대양물류보관창고,경기 고양시 덕양구 통일로1031번길 458 경기 고양시 덕양구 내유동 401-4,verified,false,
순성당,경기 고양시 덕양구 호국로812번길 15,37.657743,126.838793,1632263247,https://map.naver.com/p/entry/place/1632263247,37.655779,126.8365647,mid,순성당,경기 고양시 덕양구 호국로 778-20 원당성빌딩 경기 고양시 덕양구 성사동 701-11,verified,false,
갈현냉면집,경기 고양시 덕양구 용두로 57,37.622883,126.887886,18669014,https://map.naver.com/p/entry/place/18669014,37.6228925,126.8878654,high,갈현냉면집,경기 고양시 덕양구 용두로 57 경기 고양시 덕양구 용두동 349,verified,false,
디오름,경기 고양시 덕양구 용두로47번길 136-10,37.625339,126.891705,2050658069,https://map.naver.com/p/entry/place/2050658069,37.6252889,126.8917606,high,디오름,경기 고양시 덕양구 용두로47번길 136-10 디오름 경기 고양시 덕양구 용두동 361-141,verified,false,
노스토스,경기 가평군 북면 오목골길 39-106,37.911965,127.492437,1917519111,https://map.naver.com/p/entry/place/1917519111,37.911919,127.4924359,high,노스토스,경기 가평군 북면 오목골길 39-106 노스토스 경기 가평군 북면 도대리 75-4,verified,false,
조종농협웨딩홀,경기 가평군 조종면 청군로 1311-14,37.820536,127.343646,1075909826,https://map.naver.com/p/entry/place/1075909826,37.8206151,127.3444875,high,조종농협웨딩홀(지하1층) 대피소,경기 가평군 조종면 청군로 1311-14 경기 가평군 조종면 현리 340,verified,false,
가평북중학교,경기 가평군 북면 석장모루길 13,37.879346,127.548121,11618387,https://map.naver.com/p/entry/place/11618387,37.879224,127.548063,high,가평북중학교,경기 가평군 북면 석장모루길 13 가평농어촌현대화시범학교 경기 가평군 북면 이곡리 13-45,verified,false,
청평호,경기 가평군 설악면 회곡리,37.698203,127.444773,13491627,https://map.naver.com/p/entry/place/13491627,37.7066802,127.4867475,low,청평호,경기 가평군 설악면 회곡리,verified,false,
정부과천청사 2주차장옆도로,경기 과천시 중앙동 64,37.423376,126.982455,,,,,failed,,,not_matched,false,
성남시의료원,경기 성남시 수정구 수정로171번길 10,37.444985,127.139058,19216462,https://map.naver.com/p/entry/place/19216462,37.445108,127.1391704,high,성남시의료원,경기 성남시 수정구 수정로171번길 10 경기 성남시 수정구 태평동 3309,verified,false,
수원대학교 학군단앞 연못,경기 화성시 효행구 봉담읍 와우안길 17,37.210110,126.979532,,,,,failed,,,not_matched,false,
봄파머스가든,경기 양평군 강상면 강남로 729-46,37.497645,127.460259,33675561,https://map.naver.com/p/entry/place/33675561,37.4980974,127.459913,high,봄파머스가든,경기 양평군 강상면 강남로 729-46 봄파머스가든 경기 양평군 강상면 병산리 244-14,verified,false,
양평수목원 캠핑장,경기 양평군 지평면 옥현리 1503-1,37.449806,127.613845,32862772,https://map.naver.com/p/entry/place/32862772,37.4491472,127.6135224,high,양평수목원캠핑장,경기 양평군 지평면 옥현리 1503-1,verified,false,
홍천경찰서,강원 홍천군 홍천읍 홍천로 651,37.706762,127.908476,1913658627,https://map.naver.com/p/entry/place/1913658627,37.7070021,127.9078822,high,홍천경찰서,강원 홍천군 홍천읍 홍천로 651 강원 홍천군 홍천읍 태학리 309,verified,false,
블루더카페,충남 천안시 서북구 동서대로 53,36.825726,127.129273,1884560683,https://map.naver.com/p/entry/place/1884560683,36.8257295,127.1292798,high,블루더카페,충남 천안시 서북구 동서대로 53 블루더카페(1층) 충남 천안시 서북구 두정동 629,verified,false,
애양원 토플하우스,전남광주통합특별시 여수시 율촌면 도성길 7-1,34.842656,127.627326,,,,,failed,,,not_matched,false,
계성학교 핸더슨관,대구 중구 달성로 35,35.867936,128.580250,16157514,https://map.naver.com/p/entry/place/16157514,35.8675018,128.5807034,mid,계성학교핸더슨관,대구 중구 대신동,verified,false,
대청동 집,부산 중구 망양로331번길 3,35.107274,129.029399,,,,,failed,,,not_matched,false,
중구종합사회복지관 앞,부산 중구 망양로314번길 2-6,35.105606,129.028487,,,,,failed,,,not_matched,false,
중리항방파제등대,부산 영도구 중리남로 2-15,35.068113,129.065705,1667514736,https://map.naver.com/p/entry/place/1667514736,35.0680242,129.0655924,high,중리항방파제등대,부산 영도구 중리남로 2-15 부산 영도구 동삼동 639-2,verified,false,
옥천횟집,부산 영도구 중리남로 2-21,35.067763,129.065989,16389907,https://map.naver.com/p/entry/place/16389907,35.0677872,129.0659186,high,옥천횟집,부산 영도구 중리남로 2-21 부산 영도구 동삼동 640-2,verified,false,
다대포해수욕장,부산 사하구 다대동,35.060278,128.967656,13491855,https://map.naver.com/p/entry/place/13491855,35.0471271,128.9632342,mid,다대포해수욕장,부산 사하구 다대동,verified,false,
법기수원지,경남 양산시 동면 법기로 198-13,35.348254,129.107974,15662044,https://map.naver.com/p/entry/place/15662044,35.3480162,129.1063435,high,법기수원지,경남 양산시 동면 법기로 198-13 경남 양산시 동면 법기리 332,verified,false,
에디스키친,경남 김해시 대청계곡길 46,35.185530,128.788678,951397744,https://map.naver.com/p/entry/place/951397744,37.392374,126.6471847,low,더 에디스 키친,인천 연수구 해돋이로 107 더샵 퍼스트월드 오피스텔 B동 503호 인천 연수구 송도1동 4-1,verified,false,
옹달샘 합정감자탕,서울 마포구 독막로2길 9,37.548169,126.914809,37648635,https://map.naver.com/p/entry/place/37648635,37.5481535,126.9147584,high,옹달샘 합정감자탕,서울 마포구 독막로2길 9 서울 마포구 합정동 364-25,verified,false,
양화대교,서울 마포구 합정동 351-4,37.543565,126.903803,18790569,https://map.naver.com/p/entry/place/18790569,37.5441779,126.905103,high,양화대교,서울 마포구 합정동,verified,false,
마포대교아래,서울 영등포구 여의도동 84,37.530000,126.929941,18999832,https://map.naver.com/p/entry/place/18999832,37.5340684,126.9375033,mid,마포대교,서울 영등포구 여의도동,verified,false,
여의도공원,서울 영등포구 여의도동 2,37.525536,126.921593,11622428,https://map.naver.com/p/entry/place/11622428,37.526129,126.922377,high,여의도공원,서울 영등포구 여의공원로 68 서울 영등포구 여의도동 2,verified,false,
여의도IFC,서울 영등포구 국제금융로 10,37.525178,126.924877,1591620827,https://map.naver.com/p/entry/place/1591620827,37.5248506,126.9255781,mid,차알 여의도 IFC몰점,서울 영등포구 국제금융로 10 IFC몰 L3층 서울 영등포구 여의도동 23,verified,false,
여의도환승센터(3번승강장),서울 영등포구 여의대로 122-2,,,,,,,failed,,,not_matched,false,
더현대서울 정류장,서울 영등포구 여의대로 108,37.525191,126.929113,,,,,failed,,,not_matched,false,
더현대서울 YPHAUS라운지,서울 영등포구 여의대로 108,37.525191,126.929113,,,,,failed,,,not_matched,false,
더현대서울,서울 영등포구 여의대로 108,37.525191,126.929113,1228105086,https://map.naver.com/p/entry/place/1228105086,37.5257375,126.9288033,high,더라멘워 더현대서울,서울 영등포구 여의대로 108 더현대 서울 B1층 서울 영등포구 여의도동 22,verified,false,
페어몬트 앰배서더 서울 마리포사 앤 M29,서울 영등포구 여의대로 108,37.525191,126.929113,,,,,failed,,,not_matched,false,
미림분식,서울 관악구 호암로 553,37.467074,126.931347,2091670944,https://map.naver.com/p/entry/place/2091670944,37.467074,126.9313657,high,미림분식,서울 관악구 호암로 553 서울 관악구 신림동 298-3,verified,false,
더리버 옆,서울 용산구 용산동6가 451-1,37.506691,126.984900,,,,,failed,,,not_matched,false,
동작대교 아래,서울 용산구 용산동6가 452-1,37.515324,126.983151,18726869,https://map.naver.com/p/entry/place/18726869,37.510825,126.9819963,mid,동작대교,서울 용산구 이촌동,verified,false,
서울드래곤시티 랑데부,서울 용산구 청파로20길 95,37.532168,126.960884,,,,,failed,,,not_matched,false,
데이터세이브 용산지점,서울 용산구 청파로 77,37.533664,126.960642,1384862017,https://map.naver.com/p/entry/place/1384862017,37.5336957,126.9609988,low,데이터세이브 USB외장하드복구센터 서울용산점,서울 용산구 청파로 77 원효전자상가 6동 1층 52호 서울 용산구 한강로3가 16-20,verified,false,
용산전자상가 제4공영주차장,서울 용산구 원효로3가 50-2,37.534030,126.960921,21185829,https://map.naver.com/p/entry/place/21185829,37.5339975,126.960749,mid,용산전자상가4 공영 주차장,서울 용산구 원효로3가 50-1,verified,false,
회나무식당,서울 용산구 녹사평대로 238-1,37.538883,126.987229,1912787093,https://map.naver.com/p/entry/place/1912787093,37.5388564,126.9872151,high,회나무식당,서울 용산구 녹사평대로 238-1 서울 용산구 이태원동 650,verified,false,
몬드리안서울 이태원,서울 용산구 장문로 23,37.528566,126.993107,1720353933,https://map.naver.com/p/entry/place/1720353933,37.5285648,126.9931163,high,몬드리안 서울 이태원,서울 용산구 장문로 23 서울 용산구 이태원동 22-76,verified,false,
그랜드하얏트서울 테니스장,서울 용산구 소월로 322,37.539763,126.996241,1165856628,https://map.naver.com/p/entry/place/1165856628,37.5391661,126.9990151,high,그랜드 하얏트 서울테니스장,서울 용산구 소월로 322 서울 용산구 한남동 747-7,verified,false,
BBM야구장,서울 용산구 한강대로81길 32,37.542113,126.971532,1766446782,https://map.naver.com/p/entry/place/1766446782,37.5420866,126.9714761,high,BBM야구장,서울 용산구 한강대로81길 32 서울 용산구 갈월동 93-36,verified,false,
소파로,서울 중구 남창동 202-11,37.556168,126.979023,,,,,failed,,,not_matched,false,
CU뉴명동YWCA점,서울 중구 명동11길 8-2,37.564458,126.985949,1640170790,https://map.naver.com/p/entry/place/1640170790,37.5644217,126.9862498,mid,CU 뉴명동YWCA점,서울 중구 명동길 73 B1층 107호 서울 중구 명동1가 1-3,verified,false,
앰배서더서울풀만 클럽앰배서더라운지,서울 중구 동호로 287,37.560599,127.002136,,,,,failed,,,not_matched,false,
옥토버훼스트 종로점,서울 종로구 종로5길 13,37.571033,126.980465,,,,,failed,,,not_matched,false,
광통교,서울 종로구 서린동 1-11,37.569104,126.982466,18666283,https://map.naver.com/p/entry/place/18666283,37.5689916,126.9809874,high,광통교,서울 종로구 서린동,verified,false,
아키라백,서울 종로구 새문안로 97 12층,37.570698,126.975398,1135500385,https://map.naver.com/p/entry/place/1135500385,37.5706979,126.9753951,mid,포시즌스 호텔 서울 아키라 백,서울 종로구 새문안로 97 12층 서울 종로구 당주동 30,verified,false,
찰스H,서울 종로구 새문안로 97 LL층,37.570698,126.975398,37402393,https://map.naver.com/p/entry/place/37402393,37.5706026,126.9753639,mid,포시즌스 호텔 서울 찰스 H.,서울 종로구 새문안로 97 LL층 서울 종로구 당주동 30,verified,false,
우리옛돌박물관,서울 성북구 대사관로13길 66,37.600897,126.990134,37275568,https://map.naver.com/p/entry/place/37275568,37.6009504,126.990056,high,우리옛돌박물관,서울 성북구 대사관로13길 66 서울 성북구 성북동 330-605,verified,false,
우리옛돌박물관앞,서울 성북구 대사관로13길 77,37.600526,126.989737,,,,,failed,,,not_matched,false,
서울면남초등학교,서울 중랑구 면목로30나길 38,37.577260,127.087666,11891397,https://map.naver.com/p/entry/place/11891397,37.5770523,127.0882218,high,면남초등학교,서울 중랑구 면목로30나길 38 서울 중랑구 면목동 583-15,verified,false,
아차산 지하차도 옆,서울 광진구 광장동 399-12,37.546693,127.099554,,,,,failed,,,not_matched,false,
아차산어울림정원,서울 광진구 워커힐로 127,37.551897,127.101246,12082220,https://map.naver.com/p/entry/place/12082220,37.5517141,127.1010031,high,아차산 어울림정원,서울 광진구 워커힐로 127 서울 광진구 광장동 5-117,verified,false,
그랜드워커힐 애스톤하우스,서울 광진구 워커힐로 177,37.558629,127.111707,1473977395,https://map.naver.com/p/entry/place/1473977395,37.5598902,127.1132471,low,그랜드 워커힐 서울 애스톤하우스,경기 구리시 아차산로 1 워커힐호텔 경기 구리시 아천동 310-1,verified,false,
써브웨이 사당역점,서울 서초구 동작대로 24,37.478662,126.982152,1689341545,https://map.naver.com/p/entry/place/1689341545,37.4786822,126.9820978,high,써브웨이 사당역점,서울 서초구 동작대로 24 1층 서울 서초구 방배동 443-3,verified,false,
모트32서울,서울 서초구 신반포로 176,37.503935,127.002413,2004185363,https://map.naver.com/p/entry/place/2004185363,37.5008707,127.1088682,low,갤러리모트828서울,서울 송파구 송파대로37길 30-1 지층 서울 송파구 석촌동 297-32,verified,false,
볼트1932,서울 강남구 압구정로 152,37.525565,127.026049,1579029973,https://map.naver.com/p/entry/place/1579029973,37.5255661,127.0260696,high,볼트1932 압구정센터,서울 강남구 압구정로 152 극동타워A동 7층 서울 강남구 신사동 575,verified,false,
메가커피 역삼GFC점,서울 강남구 논현로 429,37.499141,127.037418,1130155923,https://map.naver.com/p/entry/place/1130155923,37.4992077,127.0374481,high,메가MGC커피 역삼GFC점,서울 강남구 논현로 429 서울 강남구 역삼동 738-9,verified,false,
더채플앳논현(CG),서울 강남구 논현로 549,37.505123,127.034426,,,,,failed,,,not_matched,false,
메가MGC커피 석촌호수사거리점,서울 송파구 송파대로 474,37.508553,127.104623,1114899576,https://map.naver.com/p/entry/place/1114899576,37.5085188,127.1046078,high,메가MGC커피 석촌호수사거리점,서울 송파구 송파대로 474 서울 송파구 송파동 7-7,verified,false,
오크우드 프리미어 인천,인천 연수구 컨벤시아대로 165,37.389141,126.644443,35162649,https://map.naver.com/p/entry/place/35162649,37.389219,126.6445051,high,오크우드프리미어 인천,인천 연수구 컨벤시아대로 165 오크우드 프리미어 인천 인천 연수구 송도동 6-10,verified,false,
의정부효자초등학교,경기 의정부시 부용로204번길 16,37.750245,127.078107,1733294603,https://map.naver.com/p/entry/place/1733294603,37.7504128,127.0780151,high,의정부효자초등학교 급식실,경기 의정부시 부용로204번길 16 경기 의정부시 신곡동 784-1,verified,false,
깔끔이슈퍼,경기 파주시 적성면 국사로 61,37.950639,126.890250,19315731,https://map.naver.com/p/entry/place/19315731,37.9504376,126.8904899,high,깔끔이슈퍼,경기 파주시 적성면 국사로 57 경기 파주시 적성면 식현리 152-6,verified,false,
식현1리,경기 파주시 적성면 국사로54번길 59,37.950656,126.894225,19187923,https://map.naver.com/p/entry/place/19187923,37.94999,126.894821,high,노인회식현1리,경기 파주시 적성면 국사로54번길 72 경기 파주시 적성면 식현리 244-1,verified,false,
식현1리 마을회관,경기 파주시 적성면 국사로54번길 72,37.950028,126.894844,19315738,https://map.naver.com/p/entry/place/19315738,37.9500057,126.8948058,high,식현1리마을회관,경기 파주시 적성면 국사로54번길 72 경기 파주시 적성면 식현리 244-1,verified,false,
예담원 장례식장,경기 파주시 문산읍 화석정로 31,37.876606,126.804543,36923924,https://map.naver.com/p/entry/place/36923924,37.8760699,126.8038569,high,예담장례식장,경기 파주시 문산읍 화석정로 31 경기 파주시 문산읍 선유리 337-1,verified,false,
블라썸,경기 파주시 가람로21번길 46,37.736152,126.752498,1746984806,https://map.naver.com/p/entry/place/1746984806,37.7361571,126.7524899,mid,운정 블라썸 꽃집,경기 파주시 가람로21번길 46 1층 경기 파주시 와동동 1658-1,verified,false,
더스테이지,경기 파주시 문발로 330,37.722314,126.692038,1333613078,https://map.naver.com/p/entry/place/1333613078,37.722326,126.6920814,high,더스테이지,경기 파주시 문발로 330 경기 파주시 문발동 636-1,verified,false,
써브웨이 파주야당역점,경기 파주시 경의로 1080,37.713811,126.759953,1803979593,https://map.naver.com/p/entry/place/1803979593,37.7136979,126.7602099,high,써브웨이 파주야당역점,경기 파주시 경의로 1080 102호 경기 파주시 야당동 1070,verified,false,
서강빌딩,경기 고양시 일산서구 강성로 239,37.675718,126.750334,32528312,https://map.naver.com/p/entry/place/32528312,37.6757095,126.7503569,high,서강빌딩,경기 고양시 일산서구 강성로 239 경기 고양시 일산서구 대화동 2198-1,verified,false,
소노캄고양 웨스트타워,경기 고양시 일산동구 태극로 18,37.662564,126.750200,1812691028,https://map.naver.com/p/entry/place/1812691028,37.6625944,126.7500977,high,소노캄고양웨스트타워,경기 고양시 일산동구 태극로 18 소노캄고양웨스트타워 경기 고양시 일산동구 장항동 1755,verified,false,
백합칼국수&보쌈,경기 고양시 일산동구 강촌로12번길 8-6,37.645284,126.777914,1212343333,https://map.naver.com/p/entry/place/1212343333,37.6452707,126.7779654,high,백합칼국수&보쌈,경기 고양시 일산동구 강촌로12번길 8-6 1층 경기 고양시 일산동구 백석동 1458-1,verified,false,
강화대교,경기 김포시 월곶면 성동리,37.746106,126.537462,19106759,https://map.naver.com/p/entry/place/19106759,37.7335576,126.5236626,mid,강화대교,경기 김포시 월곶면 성동리,verified,false,
하남돼지집 풍산 직영점,경기 하남시 미사강변중앙로 43,37.550956,127.192867,35720246,https://map.naver.com/p/entry/place/35720246,37.5509999,127.1930366,mid,하남돼지집 본점,경기 하남시 미사강변중앙로 43 1층 경기 하남시 풍산동 591,verified,false,
소전미술관,경기 시흥시 소래산길 41,37.451968,126.785501,11620372,https://map.naver.com/p/entry/place/11620372,37.4519795,126.7854851,high,소전미술관,경기 시흥시 소래산길 41 소전미술관 경기 시흥시 대야동 420-106,verified,false,
동우여자고등학교,경기 수원시 장안구 장안로 426-1,37.319874,126.982389,12032064,https://map.naver.com/p/entry/place/12032064,37.3191209,126.9829372,high,동우여자고등학교,경기 수원시 장안구 장안로 426-1 동우여자고등학교 경기 수원시 장안구 이목동 240,verified,false,
일월수목원,경기 수원시 장안구 일월로 61,37.287781,126.976476,1751677198,https://map.naver.com/p/entry/place/1751677198,37.2883577,126.9760421,high,일월수목원,경기 수원시 장안구 일월로 61 일월수목원 경기 수원시 장안구 천천동 430,verified,false,
송지호해수욕장,강원 고성군 죽왕면 오호리 8,38.329695,128.526805,13491067,https://map.naver.com/p/entry/place/13491067,38.330814,128.527875,high,송지호해수욕장,강원 고성군 죽왕면,verified,false,
오호항,강원 고성군 죽왕면 심층수길 40-15,38.327144,128.529911,37781643,https://map.naver.com/p/entry/place/37781643,38.3254048,128.529286,high,오호항,강원 고성군 죽왕면 오호리,verified,false,
만항재,강원 정선군 고한읍 고한리 산 216-37,37.150774,128.900589,848294587,https://map.naver.com/p/entry/place/848294587,37.1487091,128.8994813,high,만항재,강원 정선군 고한읍 고한리 산216-37,verified,false,
오송생명로,충북 청주시 흥덕구 오송읍 오송생명로 186,36.631115,127.329616,,,,,failed,,,not_matched,false,
오송생명1로(프레스티지바이오로직스앞),충북 청주시 흥덕구 오송읍 오송생명1로 197,36.637413,127.322180,,,,,failed,,,not_matched,false,
베스티안병원,충북 청주시 흥덕구 오송읍 오송생명1로 191,36.636429,127.321641,1885165055,https://map.naver.com/p/entry/place/1885165055,36.6364891,127.3216461,high,베스티안병원,충북 청주시 흥덕구 오송읍 오송생명1로 191 충북 청주시 흥덕구 오송읍 연제리 682-1,verified,false,
건지마을 풍경포인트,충북 충주시 동량면 조동리 824-1,37.024237,127.974395,,,,,failed,,,not_matched,false,
괴산휴게소(양평방향),충북 괴산군 중부내륙고속도로 204,36.831822,127.960203,13279451,https://map.naver.com/p/entry/place/13279451,36.8318886,127.9601446,high,괴산휴게소(양평방향),충북 괴산군 장연면 중부내륙고속도로 204 충북 괴산군 장연면 오가리 293-2,verified,false,
내응새마을회관,충북 괴산군 연풍면 유상3길 6,36.782383,127.981667,17836868,https://map.naver.com/p/entry/place/17836868,36.7823992,127.9816344,high,내응새마을회관,충북 괴산군 연풍면 유상3길 6 충북 괴산군 연풍면 유하리 64-1,verified,false,
연풍순교성지,충북 괴산군 연풍면 중앙로홍문2길 14,36.763874,127.993876,12950355,https://map.naver.com/p/entry/place/12950355,36.7623622,127.996273,high,연풍순교성지주차장,충북 괴산군 연풍면 삼풍리 257-1,verified,false,
인포 정육점식당,충북 옥천군 안내면 현리길 86-1,36.393906,127.659741,,,,,failed,,,not_matched,false,
왕지3길 신안농원쪽,충남 천안시 서북구 성환읍 왕지3길 50,36.910877,127.096541,,,,,failed,,,not_matched,false,
왕지3길 정부지원농산물간이집하장 쪽,충남 천안시 서북구 성환읍 왕지3길 100,36.913849,127.095814,,,,,failed,,,not_matched,false,
이화동길33번길쪽,충남 아산시 둔포면 신왕리 279,36.915931,127.090237,,,,,failed,,,not_matched,false,
이화동길33번길쪽(2),충남 아산시 둔포면 신왕리 130-2,36.911182,127.093110,,,,,failed,,,not_matched,false,
이화동길33번길쪽(3),충남 아산시 둔포면 신왕리 산 3-1,36.909125,127.091079,,,,,failed,,,not_matched,false,
왕림리,충남 천안시 서북구 성환읍 왕림리 592,36.909354,127.093468,,,,,failed,,,not_matched,false,
장항송림산림욕장,충남 서천군 장항읍 송림리 산 65,36.015445,126.666501,1821763446,https://map.naver.com/p/entry/place/1821763446,36.0139785,126.6668679,low,장항송림자연휴양림 제4주차장,충남 서천군 장항읍 충남 서천군 장항읍 송림리 774-1,verified,false,
서천유스호스텔,충남 서천군 장항읍 장항산단로34번길 72-40,36.022092,126.666230,35493577,https://map.naver.com/p/entry/place/35493577,36.022028,126.6662347,high,서천유스호스텔,충남 서천군 장항읍 장항산단로34번길 72-40 충남 서천군 장항읍 송림리 762-85,verified,false,
성일복지원,충남 서천군 장항읍 장항산단로34번길 70,36.022229,126.667273,13064009,https://map.naver.com/p/entry/place/13064009,36.0224286,126.667041,high,성일복지원,충남 서천군 장항읍 장항산단로34번길 70 성일복지원 충남 서천군 장항읍 송림리 762-1,verified,false,
익산교도소세트장,전북 익산시 성당면 함낭로 207,36.069431,126.930601,37471479,https://map.naver.com/p/entry/place/37471479,36.0695673,126.9315194,high,익산 교도소 세트장,전북 익산시 성당면 함낭로 207 전북 익산시 성당면 와초리 154-4,verified,false,
용연길 다리,경북 문경시 문경읍 용연리 437-1,36.777196,128.169364,,,,,failed,,,not_matched,false,
용연길 다리지나서,경북 문경시 문경읍 용연리 702,36.777244,128.168099,,,,,failed,,,not_matched,false,
용연리(1),경북 문경시 문경읍 용연길 80,36.776670,128.171891,,,,,failed,,,precheck:enumerated_area_name,false,
용연리삼거리,경북 문경시 문경읍 용연리 252-2,36.776147,128.172518,,,,,failed,,,not_matched,false,
용연리(2),경북 문경시 문경읍 용연길 91,36.777024,128.173095,,,,,failed,,,precheck:enumerated_area_name,false,
용연리(2-2),경북 문경시 문경읍 용연길 101,36.777005,128.174206,,,,,failed,,,precheck:enumerated_area_name,false,
용연리(3),경북 문경시 문경읍 용연안길 16-2,36.776596,128.173790,,,,,failed,,,precheck:enumerated_area_name,false,
용연리(4),경북 문경시 문경읍 용연리 280,36.776377,128.174191,,,,,failed,,,precheck:enumerated_area_name,false,
용연리(5),경북 문경시 문경읍 용연안길 22,36.776309,128.174579,,,,,failed,,,precheck:enumerated_area_name,false,
용연리(6),경북 문경시 문경읍 용연길 107,36.776955,128.175033,,,,,failed,,,precheck:enumerated_area_name,false,
용연리(7),경북 문경시 문경읍 용연길 111,36.777090,128.175793,,,,,failed,,,precheck:enumerated_area_name,false,
용연리(8),경북 문경시 문경읍 용연길 145,36.776319,128.178998,,,,,failed,,,precheck:enumerated_area_name,false,
위만리(1),경북 문경시 산양면 위만리 86,36.640644,128.301311,,,,,failed,,,precheck:enumerated_area_name,false,
위만리(2),경북 문경시 산양면 위만리 440,36.639557,128.301240,,,,,failed,,,precheck:enumerated_area_name,false,
위만리(3),경북 문경시 산양면 위만길 26,36.638083,128.301996,,,,,failed,,,precheck:enumerated_area_name,false,
위만리(4),경북 문경시 산양면 위만길 1,36.636177,128.302561,,,,,failed,,,precheck:enumerated_area_name,false,
위만리(5),경북 문경시 산양면 위만리 산 30,36.636697,128.300762,,,,,failed,,,precheck:enumerated_area_name,false,
문경활공랜드,경북 문경시 문경읍 활공장길 80,36.736299,128.153851,11537074,https://map.naver.com/p/entry/place/11537074,36.7362999,128.1538421,high,문경활공랜드,경북 문경시 문경읍 활공장길 80 문경활공랜드 경북 문경시 문경읍 고요리 437-3,verified,false,
문경맛집순대,경북 문경시 문경읍 주흘1길 15,36.735610,128.105937,1616275672,https://map.naver.com/p/entry/place/1616275672,36.7356167,128.1061214,high,문경맛집순대,경북 문경시 문경읍 주흘1길 15 경북 문경시 문경읍 하리 102,verified,false,
문희로,경북 문경시 문경읍 문희로 24,36.734423,128.108664,,,,,failed,,,not_matched,false,
유월의가드니아,경북 문경시 문경읍 온천5길 1,36.731414,128.109548,1215577002,https://map.naver.com/p/entry/place/1215577002,36.7314142,128.1095481,high,유월의가드니아,"경북 문경시 문경읍 온천5길 1 , 1층 경북 문경시 문경읍 하리 364-6 1층",verified,false,
봉득교,경북 문경시 마성면 신현리 244-23,36.669446,128.123698,15402117,https://map.naver.com/p/entry/place/15402117,36.6693145,128.1233356,high,봉득교,경북 문경시 마성면 신현리,verified,false,
문경에코월드,경북 문경시 가은읍 왕능길 114,36.655268,128.059185,11783969,https://map.naver.com/p/entry/place/11783969,36.6551017,128.0592992,high,문경 에코월드,경북 문경시 가은읍 왕능길 114 경북 문경시 가은읍 왕능리 480-4,verified,false,
잉카마야박물관캠핑장,경북 문경시 가은읍 전곡길 13-10,36.611853,128.025019,36873816,https://map.naver.com/p/entry/place/36873816,36.6116423,128.0250224,high,잉카마야박물관캠핑장,경북 문경시 가은읍 전곡길 13-10 경북 문경시 가은읍 전곡리 288-2,verified,false,
구랑리철로자전거,경북 문경시 마성면 구랑로 20,36.661025,128.099308,33244399,https://map.naver.com/p/entry/place/33244399,36.6609923,128.0994559,high,구랑리철로자전거,경북 문경시 마성면 구랑로 20 구랑리역 경북 문경시 마성면 하내리 262-1,verified,false,
장군복싱클럽,경북 문경시 중앙10길 9,36.598650,128.203010,1091182801,https://map.naver.com/p/entry/place/1091182801,36.5986503,128.2030103,high,장군복싱클럽,경북 문경시 중앙10길 9 문희타워3층 경북 문경시 점촌동 54-8,verified,false,
엘포리캠핑장,경북 포항시 북구 기계면 학야길215번길 49,36.049141,129.198911,35887230,https://map.naver.com/p/entry/place/35887230,36.0452119,129.1992691,low,엘포리글램핑,경북 포항시 북구 기계면 학야길215번길 49 경북 포항시 북구 기계면 학야리 749-2,verified,false,
사유원,대구 군위군 부계면 치산효령로 1150,36.095558,128.686011,1491443249,https://map.naver.com/p/entry/place/1491443249,36.0956061,128.6860953,high,사유원,대구 군위군 부계면 치산효령로 1150 사유원 제1주차장 치허문 대구 군위군 부계면 창평리 산59-1,verified,false,
더현대대구,대구 중구 달구벌대로 2077,35.866630,128.590626,1859082879,https://map.naver.com/p/entry/place/1859082879,35.866631,128.5911081,high,레고 더현대 대구,대구 중구 달구벌대로 2077 더현대 대구 지하2층 대구 중구 계산동2가 200,verified,false,
Fonte de Neptuno,"Rathausstraße 1, 10178 Berlin, 독일",,,,,,,failed,,,not_matched,false,
Botanischer Duftgarten,"Am Duftgarten 1, 32791 Lage, 독일",,,,,,,failed,,,not_matched,false,
Schloss Sanssouci(상수시궁전),"Maulbeerallee, 14469 Potsdam, 독일",,,,,,,failed,,,not_matched,false,
Charité Campus Benjamin Franklin,"Hindenburgdamm 30, 12203 Berlin, 독일",,,,,,,failed,,,not_matched,false,
Berliner Dom(베를린 돔),"Am Lustgarten, 10178 Berlin, 독일",,,,,,,failed,,,not_matched,false,
Frankfurt (Main) Platz der Republik,"60329 Innenstadt I, 독일",,,,,,,failed,,,not_matched,false,
마인강 옆,"Mainkai 35a, 60311 Frankfurt am Main, 독일",,,,,,,failed,,,not_matched,false,
Eiserner Steg(아이젤너 다리),"Eiserner Steg, 60311 Frankfurt am Main, 독일",,,,,,,failed,,,not_matched,false,
아이젤너 다리 앞,"Mainkai 36, 60311 Frankfurt am Main, 독일",,,,,,,failed,,,not_matched,false,
Mainuferpark süden,"Unnamed Road,60594, Frankfurt am Main, 독일",,,,,,,failed,,,not_matched,false,
Meral Imbiss,"Schaumainkai 35, 60594 Frankfurt am Main, 독일",,,,,,,failed,,,not_matched,false,
Nikolassee,14129 베를린 독일,,,,,,,failed,,,not_matched,false,
Nervenzentrum Potsdam,"Otto-Braun-Platz 1, 14467 Potsdam, 독일",,,,,,,failed,,,not_matched,false,
Deutschherrnbrücke,"Deutschherrnbrücke, 60314 Frankfurt am Main, 독일",,,,,,,failed,,,not_matched,false,
Mayfarthstraße,"Eytelweinstraße 1, 60314 Frankfurt am Main, 독일",,,,,,,failed,,,not_matched,false,
Goethestraße,"Goethestraße 2, 60313 Frankfurt am Main, 독일",,,,,,,failed,,,not_matched,false,
Faber-Castell Flagship Store Frankfurt,"Steinweg 12, 60313 Frankfurt am Main, 독일",,,,,,,failed,,,not_matched,false,
AMRIT Restaurant Schoneberg,"Winterfeldtstraße 40, 10781 Berlin, 독일",,,,,,,failed,,,not_matched,false,
Winterfeldtstraße,"Winterfeldtstraße 40, 10781 Berlin, 독일",,,,,,,failed,,,not_matched,false,
Wochenmarkt Winterfeldtplatz,"Winterfeldtplatz, Berlin, 독일",,,,,,,failed,,,not_matched,false,
Spreebogen,"10117 Berlin, 독일",,,,,,,failed,,,not_matched,false,
Rooftop terrace at Hotel de Rome,"Behrenstraße 37, 10117 Berlin, 독일",,,,,,,failed,,,not_matched,false,
Oberbaumbrücke,"10243 베를린-Friedrichshain-Kreuzberg, 독일",,,,,,,failed,,,not_matched,false,
Alter St.-Matthäus-Kirchhof,"Großgörschenstraße 12, 10829 Berlin, 독일",,,,,,,failed,,,not_matched,false,
James-Simon-Park,"Burgstraße 28, 10178 Berlin, 독일",,,,,,,failed,,,not_matched,false,
샤리테병원,"Charitépl. 1, 10117 Berlin, 독일",,,,,,,failed,,,not_matched,false,
월도프 아스토리아 베를린,"Hardenbergstraße 28, 10623 Berlin, 독일",,,,,,,failed,,,not_matched,false,
Dircksenstraße 136-132,"Dircksenstraße 136, 10178 Berlin, 독일",,,,,,,failed,,,not_matched,false,
Glienicker Brücke,"Königstraße, 14467 Berlin, 독일",,,,,,,failed,,,not_matched,false,
디와이피엔에프 마곡사옥,서울 강서구 마곡중앙8로7길 39,37.564404,126.838941,1339558110,https://map.naver.com/p/entry/place/1339558110,37.5643774,126.8389412,high,디와이피엔에프 마곡사옥,서울 강서구 마곡중앙8로7길 39 서울 강서구 마곡동 785-5,verified,false,
신정중앙로19길,서울 양천구 신정중앙로19길 8,37.527193,126.861766,,,,,failed,,,not_matched,false,
여의대로,서울 영등포구 여의도동 23-4,37.524235,126.923360,,,,,failed,,,not_matched,false,
다소유,서울 영등포구 영중로 97,37.525009,126.905151,37005784,https://map.naver.com/p/entry/place/37005784,37.5250122,126.9051585,high,다소유,서울 영등포구 영중로 97 2층 서울 영등포구 영등포동7가 70-1,verified,false,
신설동1억해장국267,서울 동대문구 난계로26길 7,37.572311,127.023940,,,,,failed,,,not_matched,false,
도래집,서울 동대문구 경희대로1가길 3,37.591988,127.051231,2013967959,https://map.naver.com/p/entry/place/2013967959,37.4947287,126.5476975,low,도래집밥,인천 영종구 운중로 130 인천 영종구 중산동 1457-4,verified,false,
GS25장위화랑점,서울 성북구 돌곶이로27길 59-7,37.610566,127.053100,1492657883,https://map.naver.com/p/entry/place/1492657883,37.6104668,127.0530871,high,GS25 장위화랑점,서울 성북구 돌곶이로27길 59-7 1층 서울 성북구 장위동 66-242,verified,false,
뵈르뵈르 성수본점,서울 성동구 연무장7길 8,37.543302,127.054591,,,,,failed,,,not_matched,false,
덕성여자대학교,서울 도봉구 삼양로144길 33,37.652470,127.015835,11591538,https://map.naver.com/p/entry/place/11591538,37.6515353,127.0166028,high,덕성여자대학교,서울 도봉구 삼양로144길 33 덕성여대 서울 도봉구 쌍문동 419,verified,false,
마방로10길,서울 서초구 마방로10길 34-5,37.475775,127.044166,,,,,failed,,,not_matched,false,
언남11길,서울 서초구 언남11길 34-13,37.475981,127.043589,,,,,failed,,,not_matched,false,
남부순환로358길,서울 서초구 남부순환로 2640-11,37.484615,127.039644,,,,,failed,,,not_matched,false,
이화빌딩,서울 서초구 강남대로34길 69,37.484107,127.039654,18748976,https://map.naver.com/p/entry/place/18748976,37.484113,127.0396691,high,이화빌딩,서울 서초구 강남대로34길 69 서울 서초구 양재동 8-21,verified,false,
강남대로34길,서울 서초구 강남대로34길 53,37.483969,127.038794,,,,,failed,,,not_matched,false,
메가커피 양재말죽거리점앞,서울 서초구 남부순환로356길 33,37.483560,127.038220,,,,,failed,,,not_matched,false,
서초중앙로31길,서울 서초구 서초중앙로31길 18,37.499667,127.010334,,,,,failed,,,not_matched,false,
쏠살롱,서울 서초구 서초중앙로31길 14,37.499685,127.010707,719466724,https://map.naver.com/p/entry/place/719466724,37.5025435,127.035357,low,서울살롱,서울 강남구 테헤란로25길 30 서울 강남구 역삼동 641-17,verified,false,
신반포로,서울 서초구 신반포로 213,37.507271,127.007271,19585706,https://map.naver.com/p/entry/place/19585706,37.50465,127,mid,신반포로,서울 서초구 반포동,verified,false,
고속터미널역,서울 서초구 신반포로 지하 188,37.504927,127.004950,13479417,https://map.naver.com/p/entry/place/13479417,37.5049055,127.0049753,high,고속터미널역 3호선,"서울 서초구 신반포로 188 , B2층 서울 서초구 반포동 19-11",verified,false,
강남대로,서울 서초구 강남대로 565,37.512224,127.020313,,,,,failed,,,not_matched,false,
강남역사거리,서울 강남구 역삼동,37.495367,127.033065,18782881,https://map.naver.com/p/entry/place/18782881,37.4979345,127.0275875,low,강남역사거리,서울 서초구 서초동,verified,false,
파라디이스시티 새라새,인천 영종구 영종해안남로321번길 186,37.437412,126.455555,,,,,failed,,,not_matched,false,
진궁 운중점,경기 성남시 분당구 운중로125번길 3-5,37.392606,127.076855,20332485,https://map.naver.com/p/entry/place/20332485,37.3925842,127.0768584,high,진궁 운중점,경기 성남시 분당구 운중로125번길 3-5 1층 경기 성남시 분당구 운중동 978-2,verified,false,
정림치안센터,대전 서구 정림동로 8-5,36.304209,127.366685,16136206,https://map.naver.com/p/entry/place/16136206,36.3042012,127.3666941,high,정림치안센터,대전 서구 정림동로 8-5 대전 서구 정림동 637-1,verified,false,
부안영상테마파크,전북 부안군 변산면 격포로 309-64,35.621797,126.485367,1096343920,https://map.naver.com/p/entry/place/1096343920,35.6217859,126.4853751,high,부안영상테마파크,전북 부안군 변산면 격포로 309-64 전북 부안군 변산면 격포리 374,verified,false,
인생네컷 연남점,서울 마포구 양화로23길 34,37.559813,126.924909,1279621970,https://map.naver.com/p/entry/place/1279621970,37.5598273,126.9248469,high,인생네컷 연남점,서울 마포구 양화로23길 34 1층 서울 마포구 동교동 148-11,verified,false,
콘래드서울 37그릴앤바,서울 영등포구 국제금융로 10,37.525178,126.924877,,,,,failed,,,not_matched,false,
이데아빌딩,서울 동작구 노량진로 146,37.513266,126.942168,19020049,https://map.naver.com/p/entry/place/19020049,37.513382,126.942218,high,이데아빌딩,서울 동작구 노량진동 노량진로 146 이데아빌딩 서울 동작구 노량진동 72-22,verified,false,
남산타워,서울 용산구 남산공원길 105,37.551123,126.987868,1066834125,https://map.naver.com/p/entry/place/1066834125,37.5510548,126.9878822,high,리치웰남산타워,서울 용산구 남산공원길 105 5층 전망대 입구 서울 용산구 용산동2가 산1-3,verified,false,
마인드카페 심리상담센터 용산점,서울 용산구 장문로 23,37.528566,126.993107,1677118576,https://map.naver.com/p/entry/place/1677118576,37.5285648,126.9931163,high,마인드카페 심리상담센터 용산점,서울 용산구 장문로 23 지하1층 101호 MINDCAFE 서울 용산구 이태원동 22-76,verified,false,
서진빌딩2,서울 종로구 돈화문로 55,37.573452,126.991067,1109431512,https://map.naver.com/p/entry/place/1109431512,37.5734809,126.9910673,high,서진빌딩2,서울 종로구 돈화문로 55 서울 종로구 묘동 153-1,verified,false,
하나로마트 창동점,서울 도봉구 마들로11길 20,37.655111,127.050831,13534059,https://map.naver.com/p/entry/place/13534059,37.6550936,127.0513758,high,하나로마트 창동점,서울 도봉구 마들로11길 20 서울 도봉구 창동 1-10,verified,false,
금호정든치과의원,서울 성동구 독서당로 302,37.547571,127.022702,1649843401,https://map.naver.com/p/entry/place/1649843401,37.5479371,127.0225509,high,금호정든치과의원,서울 성동구 독서당로 302 대도빌딩 3층 04호 서울 성동구 금호동4가 548-1,verified,false,
세종대학교,서울 광진구 능동로 209,37.551609,127.073184,18837171,https://map.naver.com/p/entry/place/18837171,37.5503453,127.0732749,high,세종대학교광개토관,서울 광진구 능동로 209 서울 광진구 군자동 98,verified,false,
갯마을(폐업),서울 광진구 아차산로 443,37.538927,127.091655,,,,,failed,,,precheck:closed_place_name,false,
삼원가든,서울 강남구 언주로 835,37.524930,127.032530,11718583,https://map.naver.com/p/entry/place/11718583,37.5248889,127.0325812,high,삼원가든,서울 강남구 언주로 835 서울 강남구 신사동 623-5,verified,false,
KB골든라이프 플러스센터,서울 강남구 언주로 849,37.526219,127.032966,2145883151,https://map.naver.com/p/entry/place/2145883151,37.5262509,127.0328831,high,KB골든라이프플러스센터 압구정,서울 강남구 언주로 849 서울 강남구 신사동 622-3,verified,false,
BLUEMENT,서울 강남구 선릉로153길 26,37.524901,127.037357,,,,,failed,,,not_matched,false,
인천공항,인천 영종구 공항로 272,37.458351,126.427700,16583531,https://map.naver.com/p/entry/place/16583531,37.4488179,126.4242999,mid,인천공항 전망대,인천 영종구 공항서로 279 인천 영종구 남북동 34-9,verified,false,
인스파이어리조트,인천 영종구 공항문화로 127,37.465530,126.389118,1134447143,https://map.naver.com/p/entry/place/1134447143,37.4655446,126.389622,mid,스타벅스 인스파이어리조트점,인천 영종구 공항문화로 127 (운서동) 인천 영종구 운서동 2955-74,verified,false,
윤숙이네감자탕,경기 파주시 적성면 청송로 1050,37.955535,126.921385,32209813,https://map.naver.com/p/entry/place/32209813,37.9555247,126.9213538,high,윤숙이네감자탕,경기 파주시 적성면 청송로 1050 경기 파주시 적성면 구읍리 641-4,verified,false,
쉴낙원 파주운정장례식장,경기 파주시 하늘채길 35,37.756113,126.752723,1498991590,https://map.naver.com/p/entry/place/1498991590,37.7560668,126.7527307,high,쉴낙원 파주운정장례식장,경기 파주시 하늘채길 35 경기 파주시 하지석동 148-2,verified,false,
삼회리집,경기 가평군 청평면 북한강로1556번길 29-4,37.658717,127.384201,,,,,failed,,,not_matched,false,
불암사 입구,경기 남양주시 불암산로 190,37.658874,127.100659,,,,,failed,,,not_matched,false,
맥스복싱짐,경기 용인시 처인구 중부대로1299번길 10,37.237005,127.189651,34856147,https://map.naver.com/p/entry/place/34856147,37.2370132,127.1896647,high,맥스복싱짐,경기 용인시 처인구 중부대로1299번길 10 2층 경기 용인시 처인구 역북동 428,verified,false,
수연목서,경기 여주시 산북면 주어로 58,37.408140,127.439058,1670970008,https://map.naver.com/p/entry/place/1670970008,37.408149,127.4390776,high,수연목서,경기 여주시 산북면 주어로 58 경기 여주시 산북면 주어리 292,verified,false,
안성추모공원,경기 안성시 보개면 북가현리 산49-1,,,21393162,https://map.naver.com/p/entry/place/21393162,37.0983654,127.3461999,mid,안성추모공원,경기 안성시 보개면 북가현리 산49-1,verified,false,
음촌경로당,경기 안성시 삼죽면 음촌길 63,37.080244,127.354148,37133255,https://map.naver.com/p/entry/place/37133255,37.0802711,127.3541175,high,음촌경로당,경기 안성시 삼죽면 음촌길 63 경기 안성시 삼죽면 배태리 240,verified,false,
세이지우드CC 홍천,강원 홍천군 두촌면 광석로 898-160,37.886006,128.118714,20340046,https://map.naver.com/p/entry/place/20340046,37.8859653,128.1186712,high,세이지우드CC 홍천,강원 홍천군 두촌면 광석로 898-160 강원 홍천군 두촌면 괘석리 산25,verified,false,
치킨플러스(폐업),강원 홍천군 홍천읍 송학로3길 25,37.684813,127.873521,,,,,failed,,,precheck:closed_place_name,false,
별마로천문대,강원 영월군 영월읍 천문대길 397,37.199435,128.485729,11840286,https://map.naver.com/p/entry/place/11840286,37.1983559,128.4866465,high,별마로천문대,강원 영월군 영월읍 천문대길 397 강원 영월군 영월읍 영흥리 154-7,verified,false,
시곡리(1),충북 제천시 송학면 시곡리 1117-7,37.188275,128.263963,,,,,failed,,,precheck:enumerated_area_name,false,
시곡리(2),충북 제천시 송학면 시곡리 1403-61,37.186788,128.264183,,,,,failed,,,precheck:enumerated_area_name,false,
시곡3리새마을회관,충북 제천시 송학면 선돌로2길 12,37.189091,128.290682,,,,,failed,,,not_matched,false,
의림지파크랜드,충북 제천시 의림지로 24,37.175462,128.208685,17621475,https://map.naver.com/p/entry/place/17621475,37.1750946,128.2085403,high,의림지파크랜드,충북 제천시 의림지로 30 충북 제천시 모산동 233-4,verified,false,
의림지 관광안내소쪽,충북 제천시 모산동 238-33,37.173700,128.208361,,,,,failed,,,not_matched,false,
의림지,충북 제천시 모산동 241,37.173135,128.210616,34581389,https://map.naver.com/p/entry/place/34581389,37.1713527,128.2089123,mid,의림지소나무숲,충북 제천시 모산동 241,verified,false,
왕오락실 제천점,충북 제천시 죽하로11안길 24,37.158156,128.224165,1815711962,https://map.naver.com/p/entry/place/1815711962,37.1581734,128.2240852,high,왕오락실 제천점,충북 제천시 죽하로11안길 24 1층 충북 제천시 장락동 543-3,verified,false,
뜰906,충북 제천시 죽하로11안길 14,37.157370,128.223800,,,,,failed,,,not_matched,false,
소연미용실,충북 제천시 내제로 276,37.146144,128.216192,19360348,https://map.naver.com/p/entry/place/19360348,37.146149,128.216204,high,소연미용실,충북 제천시 내제로 276 충북 제천시 청전동 87-14,verified,false,
의림대로사거리,충북 제천시 칠성로 76,37.143055,128.212975,,,,,failed,,,not_matched,false,
이디야커피 제천의림점,충북 제천시 칠성로 74,37.143131,128.212804,1413068498,https://map.naver.com/p/entry/place/1413068498,37.1431862,128.2128374,high,이디야커피 제천의림점,충북 제천시 칠성로 74 1층 충북 제천시 의림동 7-11,verified,false,
명륜로13길,충북 제천시 명륜로13길,37.142213,128.212183,,,,,failed,,,not_matched,false,
풍양로13길,충북 제천시 풍양로13길 6-1,37.137736,128.211351,,,,,failed,,,not_matched,false,
풍양로 횡단보도,충북 제천시 풍양로 100-1,37.137323,128.210760,,,,,failed,,,not_matched,false,
제천역,충북 제천시 의림대로 1,37.128879,128.204290,11636737,https://map.naver.com/p/entry/place/11636737,37.1278716,128.2054533,mid,제천역 (고속철도),충북 제천시 의림대로 1 충북 제천시 영천동 1381-1,verified,false,
물태리주차장,충북 제천시 청풍면 물태리 299,36.998709,128.166119,,,,,failed,,,not_matched,false,
월악산중기,충북 제천시 덕산면 약초로 69,36.911138,128.164554,1260425588,https://map.naver.com/p/entry/place/1260425588,36.9111351,128.1645703,high,월악산중기,충북 제천시 덕산면 약초로 69 충북 제천시 덕산면 도전리 800-12,verified,false,
짱구네슈퍼,충북 옥천군 청산면 지전1길 39,36.347263,127.792006,2008198424,https://map.naver.com/p/entry/place/2008198424,36.3472627,127.79201,high,짱구네슈퍼,충북 옥천군 청산면 지전1길 39 짱구네슈퍼 충북 옥천군 청산면 지전리 50-1,verified,false,
부라다오피스텔,대전 동구 대전천동로 528,36.328253,127.431491,1452291337,https://map.naver.com/p/entry/place/1452291337,36.3282312,127.4314827,high,부라다오피스텔,대전 동구 대전천동로 528 부라다오피스텔 대전 동구 원동 62-4,verified,false,
한내여자중학교,충남 보령시 옥마로 200,36.349665,126.623722,12398302,https://map.naver.com/p/entry/place/12398302,36.3489319,126.623763,high,한내여자중학교,충남 보령시 옥마로 200 충남 보령시 동대동 4-1,verified,false,
공주중앙신협 본점,충남 공주시 무령로 212,36.456367,127.123407,17417605,https://map.naver.com/p/entry/place/17417605,36.456374,127.123408,high,공주중앙신협본점,충남 공주시 무령로 212 충남 공주시 중동 147-102,verified,false,
공주산성시장입구,충남 공주시 무령로 211,36.456718,127.123385,,,,,failed,,,not_matched,false,
대통교,충남 공주시 감영길 15,36.452968,127.123008,17694341,https://map.naver.com/p/entry/place/17694341,36.4527915,127.1232305,mid,대통교,충남 공주시 중동,verified,false,
고마스토리,충남 공주시 감영길 21,36.453046,127.123796,1436188417,https://map.naver.com/p/entry/place/1436188417,36.4529302,127.1235154,mid,하솜공방&고마스토리무인샵,충남 공주시 감영길 19 1층 충남 공주시 중동 196-1,verified,false,
제민천1길,충남 공주시 제민천1길 55,36.450879,127.123259,,,,,failed,,,not_matched,false,
봉황교앞,충남 공주시 제민천1길 31,36.448924,127.122077,,,,,failed,,,not_matched,false,
BohoX,55 Sheikh Mohammed bin Rashid Blvd - Burj Khalifa - Dubai - 아랍에미리트,,,,,,,failed,,,not_matched,false,
Jumeirah Burj Al Arab,Umm Suqeim Third - Umm Suqeim 3 - Dubai - 아랍에미리트,,,,,,,failed,,,not_matched,false,
Bab Al Yam,Umm Suqeim Third - Umm Suqeim 3 - Dubai - 아랍에미리트,,,,,,,failed,,,not_matched,false,
Jumeira St,873 Jumeira St - Umm Suqeim - Umm Suqeim 3 - Dubai - 아랍에미리트,,,,,,,failed,,,not_matched,false,
미래의 박물관,Sheikh Zayed Rd - Trade Centre - Trade Centre 2 - Dubai - 아랍에미리트,,,,,,,failed,,,not_matched,false,
Terra Solis Dubai Desert Destination,Dubai Heritage Vision Exit - 29 Jebel Ali - Lehbab Rd - Dubai - 아랍에미리트,,,,,,,failed,,,not_matched,false,
Souk Al Seef by Dubai Retail,7873+RP9 7873 + RP9 - Al Seef St - Umm Hurair First - Al Hamriya - Dubai - 아랍에미리트,,,,,,,failed,,,not_matched,false,
두바이몰,Burj Khalifa - Dubai - 아랍에미리트,,,1220747277,https://map.naver.com/p/entry/place/1220747277,37.5701125,126.9997071,mid,두바이,서울 종로구 창경궁로 88 (예지동) 2층1552(예지동 광장시장) 서울 종로구 예지동 2-1 2층1552( 광장시장),verified,false,
Trade Centre 2,Trade Center Second - Trade Centre 2 - 두바이 - 아랍에미리트,,,,,,,failed,,,not_matched,false,
팔라초 베르사체 두바이,Al Jadaf - Jaddaf Waterfront - Dubai - 아랍에미리트,,,,,,,failed,,,not_matched,false,
DTCM Parking,"Sheikh Zayed Road One Central, World Trade Center Level 3,The Offices 3 - Dubai - 아랍에미리트",,,,,,,failed,,,not_matched,false,
MAZMi Coffee & More,"Creekside, Behind Dubai Museum، Bur Dubai - Dubai - 아랍에미리트",,,,,,,failed,,,not_matched,false,
합천영상테마파크,경남 합천군 용주면 합천호수로 757,35.548407,128.072840,13291032,https://map.naver.com/p/entry/place/13291032,35.5484071,128.0728405,high,합천영상테마파크,경남 합천군 용주면 합천호수로 757 경남 합천군 용주면 가호리 256-5,verified,false,
자도르 본점,경기 안산시 단원구 광덕대로 161,37.310996,126.829110,,,,,failed,,,not_matched,false,
수원지방검찰정 안산지청,경기 안산시 단원구 광덕서로 73,37.311026,126.826107,11631985,https://map.naver.com/p/entry/place/11631985,37.3108248,126.8263626,high,수원지방검찰청 안산지청,경기 안산시 단원구 광덕서로 73 경기 안산시 단원구 고잔동 711,verified,false,
어린이대공원 정문,서울 광진구 능동로 216,37.552012,127.078770,2042283900,https://map.naver.com/p/entry/place/2042283900,37.5512914,127.0760465,mid,컴포즈커피 어린이대공원정문점,서울 광진구 능동로 237 1층 서울 광진구 군자동 249,verified,false,
뚝섬유원지역,서울 광진구 자양동 854-3,37.532755,127.067478,1283169838,https://map.naver.com/p/entry/place/1283169838,37.5327798,127.0678928,mid,본 죽&비빔밥 뚝섬유원지역점,서울 광진구 능동로 18 124호 서울 광진구 자양동 855,verified,false,
건대입구역,서울 광진구 화양동 4-20,37.540671,127.071415,20536606,https://map.naver.com/p/entry/place/20536606,37.5407981,127.0710666,high,건대입구역 7호선,"서울 광진구 능동로 110 , B2층 서울 광진구 화양동 4-20",verified,false,
도화치안센터,서울 마포구 도화길 40,37.541287,126.950206,1728720582,https://map.naver.com/p/entry/place/1728720582,37.4670737,126.6567463,low,도화2치안센터,인천 미추홀구 숙골로43번길 158-29 인천 미추홀구 도화동 81-11,verified,false,
가온문화공원앞,서울 마포구 상암동 1594,37.581846,126.887624,,,,,failed,,,not_matched,false,
mbc몰프라자앞,서울 마포구 상암동 1604,37.580255,126.891804,,,,,failed,,,not_matched,false,
강통족발,서울 마포구 월드컵로 143,37.560482,126.905632,1192574034,https://map.naver.com/p/entry/place/1192574034,37.5605301,126.905796,high,강통족발,서울 마포구 월드컵로 143 서울 마포구 망원동 477-4,verified,false,
신촌토끼굴,서울 서대문구 대신동 143-28,37.560396,126.940886,38521547,https://map.naver.com/p/entry/place/38521547,37.5481914,126.9186879,low,토끼굴,서울 마포구 독막로7길 6 2층 서울 마포구 합정동 410-12,verified,false,
서브웨이,서울 서초구 강남대로 535,37.509609,127.021599,13468141,https://map.naver.com/p/entry/place/13468141,37.5095859,127.0215676,low,써브웨이 코리아,서울 서초구 강남대로 535 프린스타워15층 서울 서초구 반포1동 707-11,verified,false,
SBS,서울 양천구 목동서로 161,37.529190,126.873747,11626678,https://map.naver.com/p/entry/place/11626678,37.5293514,126.873752,high,SBS,서울 양천구 목동서로 161 SBS 방송센터 서울 양천구 목동 920,verified,false,
원효대교,서울 영등포구 여의동로 252,37.522837,126.941575,18999644,https://map.naver.com/p/entry/place/18999644,37.5271,126.9457887,mid,원효대교,서울 영등포구 여의도동,verified,false,
롯데백화점어린이집,서울 종로구 북촌로5길 11,37.579250,126.984267,13379732,https://map.naver.com/p/entry/place/13379732,37.5848023,126.9710828,low,무궁화어린이집,서울 종로구 자하문로28길 8 무궁화 어린이집 서울 종로구 궁정동 4-11,verified,false,
덕성여고앞,서울 종로구 안국동 27-4,37.577844,126.982509,,,,,failed,,,not_matched,false,
꽃집(보틀),서울 종로구 윤보선길 28,37.577352,126.983976,,,,,failed,,,not_matched,false,
포유인포텍,서울 종로구 윤보선길 31,37.577380,126.983707,18276117,https://map.naver.com/p/entry/place/18276117,37.5566968,127.2066444,low,포유인포텍,경기 하남시 미사대로 550 현대지식산업센터1차 9층 901~904호 경기 하남시 덕풍동 833-1,verified,false,
윤보선생가,서울 종로구 윤보선길 62,37.579235,126.983701,18670902,https://map.naver.com/p/entry/place/18670902,37.578971,126.9837521,low,안국동윤보선가,서울 종로구 윤보선길 62 서울 종로구 안국동 8-1,verified,false,
북촌손만두(벽화),서울 종로구 율곡로3길 64,37.578454,126.982249,36868292,https://map.naver.com/p/entry/place/36868292,37.5785403,126.9822957,low,북촌손만두 삼청동점,서울 종로구 율곡로3길 66-2 1층 북촌손만두 서울 종로구 안국동 17-19,verified,false,
월하보이,서울 종로구 화동 118-2,37.579521,126.983577,1823569155,https://map.naver.com/p/entry/place/1823569155,37.5795145,126.9835596,high,월하보이,서울 종로구 북촌로5길 26 1층 월하보이 서울 종로구 화동 118-2,verified,false,
개화동집,서울 강서구 개화동로7길 18-5,37.580050,126.800571,1246427156,https://map.naver.com/p/entry/place/1246427156,37.5784693,126.7977476,low,개화역분식집,서울 강서구 개화동로8길 38 서울 강서구 개화동 388-1,verified,false,
대방건설빌딩앞,서울 강서구 공항대로 248,37.558404,126.834894,,,,,failed,,,not_matched,false,
상암DMC푸르지오시티,서울 마포구 월드컵북로54길 25,37.582093,126.888985,37240961,https://map.naver.com/p/entry/place/37240961,37.5820732,126.8889695,high,상암DMC푸르지오시티,서울 마포구 월드컵북로54길 25 서울 마포구 상암동 1596,verified,false,
미니스톱,서울 마포구 새창로 7,37.542480,126.950924,,,,,failed,,,not_matched,false,
신세계이발,서울 마포구 마포대로24길 23,37.553780,126.959899,1791174117,https://map.naver.com/p/entry/place/1791174117,37.5538042,126.9598195,high,신세계이발,서울 마포구 마포대로24길 23 서울 마포구 아현동 749-1,verified,false,
일리카페 시그니처타워점,서울 중구 청계천로 100,37.567473,126.988113,1769821354,https://map.naver.com/p/entry/place/1769821354,37.567661,126.9887576,high,일리카페 시그니처타워점,서울 중구 청계천로 100 1층 서울 중구 수표동 99,verified,false,
반얀트리 클럽 앤 스파 서울,서울 중구 장충단로 60,37.550071,127.000497,13401813,https://map.naver.com/p/entry/place/13401813,37.5507903,127.0008636,high,반얀트리 클럽 앤 스파 서울,서울 중구 장충단로 60 서울 중구 장충동2가 201,verified,false,
파고다기원,서울 종로구 돈화문로11길 41,37.572395,126.989077,,,,,failed,,,not_matched,false,
정주빌딩,서울 종로구 종로39길 53,37.572957,127.004231,1731506518,https://map.naver.com/p/entry/place/1731506518,37.5729791,127.004265,high,정주빌딩,서울 종로구 종로39길 53 서울 종로구 효제동 160-1,verified,false,
진담황태국,서울 종로구 종로41가길 12-13,37.572861,127.005252,,,,,failed,,,not_matched,false,
평창동집,서울 종로구 평창35길 13,37.614020,126.972947,2091187716,https://map.naver.com/p/entry/place/2091187716,37.6104692,126.9707545,low,평창동의봄,서울 종로구 평창20길 41 1층 서울 종로구 평창동 512-7,verified,false,
로쏘,서울 종로구 삼청로 81-12,37.582872,126.981262,13183655,https://map.naver.com/p/entry/place/13183655,37.582906,126.981228,high,카페로쏘,서울 종로구 삼청로 81-12 카페로쏘 서울 종로구 팔판동 40-1,verified,false,
납청놋전,서울 종로구 인사동10길 5,37.574125,126.985310,2010041106,https://map.naver.com/p/entry/place/2010041106,37.5741275,126.9853765,high,납청놋전,서울 종로구 인사동10길 5 1층 서울 종로구 관훈동 31,verified,false,
서울시립대 창공관,서울 동대문구 서울시립대로 163,37.582578,127.059988,18850827,https://map.naver.com/p/entry/place/18850827,37.5846007,127.0607754,high,서울시립대학교창공관,서울 동대문구 서울시립대로 163 서울 동대문구 전농동 694,verified,false,
준오헤어 노원사거리점,서울 노원구 동일로 1413,37.654769,127.060019,1518997092,https://map.naver.com/p/entry/place/1518997092,37.6547926,127.0601047,high,준오헤어 노원사거리점,서울 노원구 동일로 1413 남성빌딩 3층 준오헤어 노원 사거리점 서울 노원구 상계동 712,verified,false,
김밥천국,서울 성동구 마장로 223,37.566433,127.034689,17897283,https://map.naver.com/p/entry/place/17897283,37.5663749,127.0347889,mid,김밥천국 마장점,서울 성동구 마장로 223 서울 성동구 마장동 533-6,verified,false,
태릉설렁탕,서울 중랑구 공릉로 65,37.616462,127.079321,18204552,https://map.naver.com/p/entry/place/18204552,37.6164954,127.0792389,low,태능설렁탕 본점,서울 중랑구 공릉로 65 1층 태릉설렁탕 서울 중랑구 묵동 162-1,verified,false,
세빛섬 맞은편,서울 용산구 서빙고동 287-4,37.517620,126.992304,,,,,failed,,,not_matched,false,
파시0914,서울 강남구 도산대로45길 15,37.523231,127.035117,,,,,failed,,,not_matched,false,
이타닉가든,서울 강남구 테헤란로 231,37.502881,127.041357,1464664976,https://map.naver.com/p/entry/place/1464664976,37.502967,127.0410206,high,조선 팰리스 이타닉 가든,서울 강남구 테헤란로 231 조선 팰리스 36층 서울 강남구 역삼동 676,verified,false,
종합운동장역 물품보관함A,서울 송파구 올림픽로 지하 23,37.510969,127.073356,,,,,failed,,,not_matched,false,
모던눌랑 라이브,서울 송파구 잠실로 209,37.513865,127.106100,1237824591,https://map.naver.com/p/entry/place/1237824591,37.513871,127.1063644,low,모던눌랑 잠실점,서울 송파구 잠실로 209 KT송파빌딩 호텔동 B1 서울 송파구 신천동 29-1,verified,false,
에이치비지니스파크,서울 송파구 법원로11길 25,37.484888,127.116322,1032521461,https://map.naver.com/p/entry/place/1032521461,37.4849481,127.1162277,high,에이치비지니스파크관리단,서울 송파구 법원로11길 25 서울 송파구 문정동 645,verified,false,
광진교,서울 강동구 천호동 527-2,37.545146,127.112688,18923632,https://map.naver.com/p/entry/place/18923632,37.5446318,127.1135644,high,광진교,서울 강동구 천호동,verified,false,
교보문고 천호점,서울 강동구 올림픽로 664,37.540555,127.124976,1932344306,https://map.naver.com/p/entry/place/1932344306,37.5408928,127.1246094,high,교보문고 천호점,서울 강동구 올림픽로 664 대우한강베네시티 지하 1층 서울 강동구 천호동 425-5,verified,false,
멍때림,인천 강화군 화도면 해안남로 1970-34,37.607207,126.410105,1749255733,https://map.naver.com/p/entry/place/1749255733,37.6072219,126.4101212,high,멍때림,인천 강화군 화도면 해안남로 1970-34 인천 강화군 화도면 흥왕리 895-4,verified,false,
수정교회,인천 검단구 불로로 64,37.613968,126.679045,20243260,https://map.naver.com/p/entry/place/20243260,37.6139539,126.6790239,mid,수정성결교회,인천 검단구 불로로 64 인천 검단구 불로동 416-4,verified,false,
서해아파트,인천 검단구 검단로487번길 44,37.605807,126.661099,16990399,https://map.naver.com/p/entry/place/16990399,37.6058009,126.661804,high,서해아파트,인천 검단구 검단로487번길 44 인천 검단구 마전동 925,verified,false,
공촌4교,인천 서해구 로봇랜드로 473,37.545785,126.609552,38379622,https://map.naver.com/p/entry/place/38379622,37.5418319,126.6117954,mid,공촌4교,인천 서해구 인천 서해구 청라동,verified,false,
청라호수공원(청라원),인천 서해구 크리스탈로 59,37.530563,126.636323,,,,,failed,,,not_matched,false,
청라호수공원 창조숲근처,인천 서해구 크리스탈로 59,37.530563,126.636323,,,,,failed,,,not_matched,false,
한신더휴캐널파크아파트 1106동,인천 검단구 이음3로 125,37.590202,126.704964,,,,,failed,,,not_matched,false,
모아미래도엘리트파크 807동,인천 검단구 서로3로 50,37.584059,126.706921,,,,,failed,,,not_matched,false,
송림동 주택,인천 제물포구 안송로39번길 30,37.477256,126.640861,20743052,https://map.naver.com/p/entry/place/20743052,37.4786175,126.6430746,low,송림1-2동주택재개발,인천 제물포구 인천 제물포구 송림동,verified,false,
현대슈퍼,인천 부평구 화랑로59번길 4,37.489311,126.702287,30991315,https://map.naver.com/p/entry/place/30991315,37.4893019,126.7022987,high,나들가게 현대슈퍼,인천 부평구 화랑로59번길 4 인천 부평구 산곡동 370-199,verified,false,
송도32호공원,인천 연수구 송도동 80-12,37.386765,126.621729,1007704714,https://map.naver.com/p/entry/place/1007704714,37.389324,126.6244479,mid,송도32호공원,인천 연수구 송도동 80-3,verified,false,
효창티앤티,경기 시흥시 옥구천서로 9,37.330253,126.702098,450522282,https://map.naver.com/p/entry/place/450522282,37.3300728,126.7020414,high,효창티앤티,경기 시흥시 옥구천서로 9 (주)효창T&T 404호 경기 시흥시 정왕3동 1700-3 주효창T&T 404호,verified,false,
시흥 거북섬,경기 시흥시 정왕동 2726,37.321601,126.678112,1059547629,https://map.naver.com/p/entry/place/1059547629,37.3251335,126.676227,mid,노랑통닭 시흥거북섬점,경기 시흥시 거북섬둘레길 7 오뷰코스타 1층 노랑통닭 경기 시흥시 정왕동 2707-1,verified,false,
부천원미경찰서,경기 부천시 조마루로311번길 84,37.502463,126.777337,11642400,https://map.naver.com/p/entry/place/11642400,37.5022541,126.7774092,high,부천원미경찰서,경기 부천시 원미구 조마루로311번길 84 경기 부천시 원미구 중동 1105,verified,false,
2398스튜디오,경기 파주시 회동길 37-9,37.705740,126.684309,,,,,failed,,,not_matched,false,
아이스타일카페,경기 파주시 회동길 160,37.709250,126.687534,1451939924,https://map.naver.com/p/entry/place/1451939924,37.709202,126.6873625,high,아이스타일카페,경기 파주시 회동길 160 경기 파주시 문발동 513-14,verified,false,
한마음약국,경기 파주시 경의로 1821,37.768344,126.777298,19520224,https://map.naver.com/p/entry/place/19520224,37.7682349,126.7773129,high,한마음약국,경기 파주시 경의로 1821 한마음클리닉센터 1층 경기 파주시 아동동 298-2,verified,false,
광장부동산,경기 파주시 가람로21번길 22,37.735053,126.752446,1339094744,https://map.naver.com/p/entry/place/1339094744,37.6626461,126.830704,low,광장부동산,경기 고양시 덕양구 마상로57번길 12 경기 고양시 덕양구 주교동 307-4,verified,false,
도란도란,경기 파주시 청암로17번길 33,37.728664,126.736416,1092767680,https://map.naver.com/p/entry/place/1092767680,37.7286669,126.7364836,high,도란도란,경기 파주시 청암로17번길 33 현대메디칼프라자빌딩 1층 도란도란 경기 파주시 목동동 933,verified,false,
송림메디컬프라자,경기 파주시 와석순환로515번길 61,37.726982,126.763188,,,,,failed,,,not_matched,false,
삼마교회,경기 파주시 와석순환로 100,37.712224,126.749024,18365605,https://map.naver.com/p/entry/place/18365605,37.7123082,126.7490389,high,순복음삼마교회,경기 파주시 와석순환로 100 경기 파주시 야당동 1003,verified,false,
선경중화요리,경기 파주시 조리읍 통일로 331,37.744481,126.807839,1934482830,https://map.naver.com/p/entry/place/1934482830,37.744628,126.8078778,high,선경중화요리,경기 파주시 조리읍 통일로 331 1층 경기 파주시 조리읍 봉일천리 207,verified,false,
세양스파랜드,경기 파주시 조리읍 통일로 317,37.743724,126.808912,,,,,failed,,,not_matched,false,
장군순대국,경기 파주시 광탄면 혜음로 908,37.766474,126.857252,19186242,https://map.naver.com/p/entry/place/19186242,37.7664758,126.8572532,high,장군순대국,경기 파주시 광탄면 혜음로 908 경기 파주시 광탄면 분수리 403,verified,false,
보광사,경기 파주시 광탄면 보광로474번길 87,37.755575,126.920565,11688413,https://map.naver.com/p/entry/place/11688413,37.7535765,126.9191706,high,보광사,경기 파주시 광탄면 보광로474번길 87 경기 파주시 광탄면 영장리 13,verified,false,
천수천왕굿당,경기 양주시 남면 삼육사로327번길 305,37.916959,126.986096,12877846,https://map.naver.com/p/entry/place/12877846,37.9171947,126.9858024,high,천수천왕 굿당,경기 양주시 남면 삼육사로327번길 305 경기 양주시 남면 황방리 423,verified,false,
큰길장례문화원,경기 양주시 광적면 부흥로 955-13,37.810208,126.995500,1408733380,https://map.naver.com/p/entry/place/1408733380,37.810208,126.9954996,high,큰길장례문화원,경기 양주시 광적면 부흥로 955-13 경기 양주시 광적면 가납리 495-2,verified,false,
통진휴게소,경기 김포시 월곶면 김포대로 2857-41,37.717685,126.535742,,,,,failed,,,not_matched,false,
금광테크노벨리,경기 김포시 태장로 765,37.639845,126.682262,1179834958,https://map.naver.com/p/entry/place/1179834958,37.6397893,126.6818276,mid,금광테크노밸리,경기 김포시 태장로 765 경기 김포시 장기동 2008-1,verified,false,
오달통분식,경기 김포시 북변중로65번길 56,37.624678,126.710582,18572868,https://map.naver.com/p/entry/place/18572868,37.6246909,126.7105704,high,오달통분식,경기 김포시 북변중로65번길 56 경기 김포시 북변동 411-9,verified,false,
사우프라자,경기 김포시 사우중로 82,37.621723,126.721183,31630674,https://map.naver.com/p/entry/place/31630674,37.6217059,126.7211709,high,사우프라자,경기 김포시 사우중로 82 경기 김포시 사우동 875,verified,false,
하나투어 세주여행사,경기 김포시 사우중로 27,37.617953,126.717541,12779619,https://map.naver.com/p/entry/place/12779619,37.617907,126.7175379,high,하나투어 세주여행사,경기 김포시 사우중로 27 한성빌딩 1층 하나투어-세주여행사 경기 김포시 사우동 246-5,verified,false,
오플라워,경기 김포시 장릉로 123,37.615856,126.716768,1422687645,https://map.naver.com/p/entry/place/1422687645,37.6158563,126.7167282,high,오플라워,경기 김포시 장릉로 123 1층 오플라워 경기 김포시 사우동 256-11,verified,false,
아라MTB,경기 김포시 고촌읍 아라육로58번길 105,37.593830,126.789276,35463976,https://map.naver.com/p/entry/place/35463976,37.5937914,126.7892086,high,아라MTB,경기 김포시 고촌읍 아라육로58번길 105 아라우스빌딩 1층 101호 경기 김포시 고촌읍 전호리 706,verified,false,
도촌마을회관,경기 고양시 일산서구 곳산길 8,37.669181,126.698752,19060924,https://map.naver.com/p/entry/place/19060924,37.6691429,126.6987,high,도촌마을회관,경기 고양시 일산서구 곳산길 8 경기 고양시 일산서구 법곳동 1206-9,verified,false,
일산시장,경기 고양시 일산서구 일청로8번길 9,37.685282,126.770533,13472004,https://map.naver.com/p/entry/place/13472004,37.6856312,126.7708515,mid,일산시장,경기 고양시 일산서구 일청로12번길 9 경기 고양시 일산서구 일산동 617-20,verified,false,
조은의류매장,경기 고양시 일산서구 원일로73번길 6,37.686547,126.770573,21143312,https://map.naver.com/p/entry/place/21143312,37.6864473,126.7707237,high,조은의류매장,경기 고양시 일산서구 원일로73번길 6 경기 고양시 일산서구 일산동 596-3,verified,false,
오정부동산,경기 고양시 일산동구 성석로 183,37.693524,126.797191,1176078618,https://map.naver.com/p/entry/place/1176078618,37.5265992,126.7843367,low,도연부동산,경기 부천시 오정구 오정로212번길 27 경기 부천시 오정구 오정동 579-3,verified,false,
납작소갈비살,경기 고양시 일산동구 무궁화로 32-21,37.662034,126.769420,37889976,https://map.naver.com/p/entry/place/37889976,37.6621145,126.7693194,high,납작 소갈비살,경기 고양시 일산동구 무궁화로 32-21 로데오메탈릭 타워 103호 경기 고양시 일산동구 장항동 776-1,verified,false,
능곡로39번길,경기 고양시 덕양구 능곡로39번길,37.623420,126.823466,,,,,failed,,,not_matched,false,
아름세탁소,경기 고양시 덕양구 능곡로39번길 13,37.623404,126.823369,19434850,https://map.naver.com/p/entry/place/19434850,37.6234418,126.8233635,high,아름세탁소,경기 고양시 덕양구 능곡로39번길 13 경기 고양시 덕양구 토당동 362-67,verified,false,
능곡고등학교 후문,경기 고양시 덕양구 지도로80번길 14-7,37.624296,126.825542,19040648,https://map.naver.com/p/entry/place/19040648,37.6241278,126.8257986,mid,능곡고등학교후문,경기 고양시 덕양구 토당동,verified,false,
워시테리아 원흥점,경기 고양시 덕양구 도래울2로 31,37.629131,126.872507,,,,,failed,,,not_matched,false,
위프라임트윈타워,경기 고양시 덕양구 으뜸로 130,37.579453,126.870613,1135309483,https://map.naver.com/p/entry/place/1135309483,37.5794582,126.8706296,high,위프라임트윈타워,경기 고양시 덕양구 으뜸로 130 경기 고양시 덕양구 덕은동 716,verified,false,
연리지로,경기 고양시 일산동구 장항동 1808-2,37.657535,126.758798,,,,,failed,,,not_matched,false,
남양중앙로,경기 화성시 만세구 남양읍 남양리 2393,37.207780,126.836912,,,,,failed,,,not_matched,false,
의정부역 행복로,경기 의정부시 행복로 5,37.739435,127.047989,,,,,failed,,,not_matched,false,
알마호텔,경기 포천시 소흘읍 광릉수목원로 684,37.772673,127.161316,1143265686,https://map.naver.com/p/entry/place/1143265686,37.7726768,127.1613063,high,알마호텔,경기 포천시 소흘읍 광릉수목원로 684 알마호텔 경기 포천시 소흘읍 직동리 364-3,verified,false,
새암분식,경기 남양주시 진건읍 사릉로402번길 5,37.656645,127.179728,20016083,https://map.naver.com/p/entry/place/20016083,37.6566288,127.179772,high,새암분식,경기 남양주시 진건읍 사릉로402번길 5 경기 남양주시 진건읍 용정리 786-50,verified,false,
오남저수지 다송쪽,경기 남양주시 오남읍 진건오남로690번길 121,37.697358,127.222578,,,,,failed,,,not_matched,false,
한강 구리사암대교,경기 구리시 아천동 1,37.571817,127.129118,,,,,failed,,,not_matched,false,
경기하남경찰서,경기 하남시 검단로 27,37.522672,127.224643,13092831,https://map.naver.com/p/entry/place/13092831,37.5231622,127.2244894,high,경기하남경찰서,경기 하남시 검단로 27 경기 하남시 하산곡동 594,verified,false,
쿠피커피,경기 성남시 수정구 위례순환로4길 12,37.469047,127.148824,1079692250,https://map.naver.com/p/entry/place/1079692250,37.4690822,127.1488334,high,쿠피커피,경기 성남시 수정구 위례순환로4길 12 1층 경기 성남시 수정구 창곡동 525-4,verified,false,
분당추모공원 휴,경기 광주시 오포로 211-49,37.354840,127.181993,1286769488,https://map.naver.com/p/entry/place/1286769488,37.354902,127.1820281,high,분당추모공원 휴,경기 광주시 오포로 211-49 분당추모공원 휴 경기 광주시 능평동 6-3,verified,false,
에덴파라다이스호텔,경기 이천시 마장면 서이천로 449-79,37.261442,127.394528,151818813,https://map.naver.com/p/entry/place/151818813,37.2615547,127.3945742,high,에덴파라다이스호텔,경기 이천시 마장면 서이천로 449-79 경기 이천시 마장면 목리 417-4,verified,false,
수지위너스 풋볼아카데미,경기 용인시 수지구 심곡로 12-8,37.304984,127.075888,1394419945,https://map.naver.com/p/entry/place/1394419945,37.3049839,127.075888,high,수지위너스풋볼아카데미,경기 용인시 수지구 심곡로 12-8 수지위너스풋볼아카데미 경기 용인시 수지구 상현동 345-5,verified,false,
고급주택,경기 화성시 만세구 남양읍 활초리 231-11,37.181297,126.828678,1197203654,https://map.naver.com/p/entry/place/1197203654,37.533675,127.0067829,low,고급주택공인중개사사무소,서울 용산구 한남대로 57 205호 서울 용산구 한남동 76-6,verified,false,
화성인더스트리,경기 오산시 세남로 72,37.196877,127.036564,13141773,https://map.naver.com/p/entry/place/13141773,37.0781505,126.9384105,low,화성인더스트리,경기 화성시 만세구 양감면 은행나무로 211-38 1동 경기 화성시 만세구 양감면 신왕리 796-4,verified,false,
명지령계곡펜션,강원 화천군 사내면 명지령로 228,38.080302,127.550706,30820608,https://map.naver.com/p/entry/place/30820608,38.0802586,127.5506207,mid,명지령계곡펜션 사창리 행복점,강원 화천군 사내면 명지령로 228 화천펜션 명지령계곡펜션 사창리 행복점 강원 화천군 사내면 용담리 526-1,verified,false,
엘리시안강촌리조트,강원 춘천시 남산면 북한강변길 688,37.830056,127.578782,11555876,https://map.naver.com/p/entry/place/11555876,37.821469,127.5902626,mid,엘리시안 강촌,강원 춘천시 남산면 북한강변길 688 엘리시안 강촌 강원 춘천시 남산면 백양리 29-1,verified,false,
홍천블루마운틴cc,강원 홍천군 두촌면 광석로 898-160,37.886006,128.118714,,,,,failed,,,not_matched,false,
소돌항 등대,강원 강릉시 주문진읍 주문리 791-35,37.904174,128.831346,,,,,failed,,,not_matched,false,
here365 팬션,강원 강릉시 주문진읍 해안로 1855,37.897293,128.834414,15696739,https://map.naver.com/p/entry/place/15696739,37.897315,128.83445,high,here 365,강원 강릉시 주문진읍 해안로 1855 강원 강릉시 주문진읍 주문리 222-3,verified,false,
연곡솔향기캠핑장,강원 강릉시 연곡면 해안로 1282,37.859904,128.852059,35413658,https://map.naver.com/p/entry/place/35413658,37.859909,128.8520827,high,연곡해변솔향기캠핑장,강원 강릉시 연곡면 해안로 1282 강원 강릉시 연곡면 동덕리 99-3,verified,false,
원일씽크공장,충북 청주시 상당구 남사로 102,36.631835,127.486371,21737842,https://map.naver.com/p/entry/place/21737842,36.6318249,127.4864072,high,원일씽크공장,충북 청주시 상당구 남사로 102 충북 청주시 상당구 남주동 193-6,verified,false,
청주중앙공원,충북 청주시 상당구 남사로 117,36.632975,127.487779,19707842,https://map.naver.com/p/entry/place/19707842,36.6326646,127.4876219,high,청주중앙공원,충북 청주시 상당구 남사로 117 충북 청주시 상당구 남문로2가 92-6,verified,false,
중원타워,충북 청주시 상당구 호미로 3,36.613596,127.516419,1105485435,https://map.naver.com/p/entry/place/1105485435,35.2604231,129.222337,low,중원타워,부산 기장군 일광읍 해빛5로 29 부산 기장군 일광읍 삼성리 808-4,verified,false,
청주교대,충북 청주시 서원구 청남로 2065,36.615429,127.484009,21829244,https://map.naver.com/p/entry/place/21829244,36.6157884,127.4826618,mid,청주교대 교육역사관,충북 청주시 서원구 청남로 2065 청주교육대학교 도서관 3층 교육역사관 전시실 충북 청주시 서원구 수곡동 135-1,verified,false,
용화사,충북 청주시 서원구 무심서로 565,36.641883,127.482044,12810340,https://map.naver.com/p/entry/place/12810340,36.6418708,127.4820306,high,용화사,충북 청주시 서원구 무심서로 565 용화사 충북 청주시 서원구 사직동 216-1,verified,false,
Studio with,충북 청주시 흥덕구 송화로166번길 40-1,36.663641,127.453166,,,,,failed,,,not_matched,false,
영산장례식장,충남 아산시 염치읍 곡교리길10번길 33-25,36.806623,126.979490,21530078,https://map.naver.com/p/entry/place/21530078,35.4419798,128.5196921,low,영산요양병원장례식장,경남 창녕군 영산면 영산도천로 430 경남 창녕군 영산면 죽사리 1456-26,verified,false,
토속정,충남 논산시 중앙로492번길 28-1,36.206894,127.086183,17353335,https://map.naver.com/p/entry/place/17353335,36.2079519,127.0400967,low,토속정,충남 논산시 성동면 성동로357번길 1 충남 논산시 성동면 원남리 386-48,verified,false,
논산여자상업고등학교,충남 논산시 시민로 197,36.184828,127.095928,12413113,https://map.naver.com/p/entry/place/12413113,36.183777,127.0955808,high,논산여자상업고등학교,충남 논산시 시민로 197 논산여상 충남 논산시 강산동 53,verified,false,
솔빛초등학교,세종 반곡2길 21,36.495874,127.312351,1789004255,https://map.naver.com/p/entry/place/1789004255,36.4958586,127.3124643,mid,솔빛초등학교,세종 반곡2길 21 솔빛초등학교 세종 반곡동 42-22,verified,false,
세종호수공원,세종 연기면 세종리 114-380,,,32449504,https://map.naver.com/p/entry/place/32449504,36.4991657,127.270145,mid,세종호수공원,세종 다솜로 216 세종 세종동 1201,verified,false,
새나루마을12단지 1202동쪽,세종 집현북로 52,36.501640,127.325130,,,,,failed,,,not_matched,false,
인베이지,세종 집현동로 77,36.491092,127.325357,1005137633,https://map.naver.com/p/entry/place/1005137633,36.4908073,127.3251446,mid,인베이지,"세종 집현동로 77 1층 120호,121호,122호 세종 집현동 1129",verified,false,
장흥교도소,전남광주통합특별시 장흥군 장흥읍 원도리 191,34.687303,126.913304,,,,,failed,,,not_matched,false,
아그레아블,서울 강남구 역삼로 110,,,2057977393,https://map.naver.com/p/entry/place/2057977393,37.5092218,127.0362797,mid,아그레아블,서울 강남구 언주로113길 13 4층 서울 강남구 논현동 232-4,verified,false,
파리바게트,서울 마포구 와우산로 99,37.553185,126.924585,1835667418,https://map.naver.com/p/entry/place/1835667418,37.5435269,126.9519475,mid,파리바게트 공덕역사점,서울 마포구 백범로 200 공덕역사 내 1023호 서울 마포구 공덕동 439,verified,false,
여의도한강공원,서울 영등포구 여의동로 252,37.522837,126.941575,18999096,https://map.naver.com/p/entry/place/18999096,37.5229462,126.9414949,high,여의도한강공원오리배타는곳,서울 영등포구 여의도동 여의동로 252 서울 영등포구 여의도동 86,verified,false,
북촌진곰탕,서울 종로구 북촌로 137-2,37.587213,126.982871,,,,,failed,,,not_matched,false,
세종문화회관,서울 종로구 세종대로 175,37.571848,126.976168,11576170,https://map.naver.com/p/entry/place/11576170,37.5722464,126.9757647,high,세종문화회관,"서울 종로구 세종대로 175 , 1층 서울 종로구 세종로 81-3",verified,false,
광화문광장,서울 종로구 세종로 1-68,37.572432,126.976902,18664678,https://map.naver.com/p/entry/place/18664678,37.5716015,126.9769737,high,광화문광장해치마당,서울 종로구 세종대로 172 서울 종로구 세종로 1-68,verified,false,
한국은행화폐박물관,서울 중구 남대문로 39,37.562515,126.979724,11620672,https://map.naver.com/p/entry/place/11620672,37.5620607,126.9805214,high,한국은행 화폐박물관,서울 중구 남대문로 39 한국은행 서울 중구 남대문로3가 110,verified,false,
인천아트플랫폼,인천 제물포구 제물량로218번길 3,37.472789,126.620609,13315483,https://map.naver.com/p/entry/place/13315483,37.4727405,126.6200491,high,인천아트플랫폼,인천 제물포구 제물량로218번길 3 인천아트플랫폼 인천 제물포구 해안동1가 1-5,verified,false,
카페 화요일,인천 제물포구 신포로23번길 80,37.473191,126.621360,37145744,https://map.naver.com/p/entry/place/37145744,37.4071443,126.9724068,low,카페화요일,경기 안양시 동안구 동편로27번길 26-12 카페화요일 경기 안양시 동안구 관양동 1717-3,verified,false,
순보석,인천 제물포구 신포로 27,37.471420,126.624939,16341070,https://map.naver.com/p/entry/place/16341070,37.4713958,126.6249951,high,순보석,인천 제물포구 신포로 27 인천 제물포구 중앙동4가 1-8,verified,false,
제물포구락부,인천 제물포구 신포동 자유공원남로 25,37.474581,126.622669,37657966,https://map.naver.com/p/entry/place/37657966,37.4746443,126.6225275,high,구 제물포구락부,인천 제물포구 자유공원남로 25 제물포구락부 인천 제물포구 송학동1가 11-1,verified,false,
인천 자유공원,인천 제물포구 자유공원남로 51,37.475097,126.624385,1724343541,https://map.naver.com/p/entry/place/1724343541,37.475139,126.6229175,mid,자유공원,인천 제물포구 인천 제물포구 송학동1가,verified,false,
인천 중구 전동,인천 제물포구 전동로6번길 2-7,37.476265,126.626805,13240865,https://map.naver.com/p/entry/place/13240865,37.4780116,126.6281598,low,중앙약국 인천중구점,인천 제물포구 참외전로72번길 9-2 인천 제물포구 전동 9-50,verified,false,
송현근린공원,인천 제물포구 솔빛로54번길 1,37.476661,126.639488,38329186,https://map.naver.com/p/entry/place/38329186,37.4772703,126.6396261,mid,송현근린공원또랑,인천 제물포구 송림동,verified,false,
송현근린공원 앞,인천 제물포구 송림동 182-159,,,,,,,failed,,,not_matched,false,
한미서점,인천 제물포구 금곡로 7-1,37.472682,126.636558,94964607,https://map.naver.com/p/entry/place/94964607,37.4726427,126.6366427,high,한미서점,인천 제물포구 금곡로 9 인천 제물포구 금곡동 14-4,verified,false,
배다리 헌책방 거리,인천 제물포구 금곡로 5-1,37.472691,126.636362,,,,,failed,,,not_matched,false,
서흥초등학교 버스정류장,인천 제물포구 인중로 672,37.480230,126.646336,,,,,failed,,,not_matched,false,
송림휴먼시아,인천 제물포구 인중로716번길 8-10,,,1482426595,https://map.naver.com/p/entry/place/1482426595,37.4810017,126.6519866,mid,CU 송림휴먼시아점,인천 제물포구 송향로 25 인천 제물포구 송림동 341,verified,false,
금벨세탁,인천 제물포구 인중로716번길 1,,,1967449480,https://map.naver.com/p/entry/place/1967449480,37.4769851,126.6591362,low,금벨세탁소,인천 미추홀구 염전로168번길 28 C동 101호 인천 미추홀구 도화동 985-4,verified,false,
파랑새 피아노학원,인천 제물포구 인중로716번길 6,,,20926690,https://map.naver.com/p/entry/place/20926690,37.6223821,127.0797544,low,파랑새피아노학원,서울 노원구 공릉로34길 10-2 평보빌딩 2층 서울 노원구 공릉동 240-94,verified,false,
인천의료원,인천 제물포구 방축로 217,37.478797,126.668656,1419942206,https://map.naver.com/p/entry/place/1419942206,37.4787428,126.66875,high,인천의료원어린이집,인천 제물포구 방축로 217 인천 제물포구 송림동 318-1,verified,false,
인천의료원 앞 횡단보도,인천 제물포구 방축로 217,37.478797,126.668656,,,,,failed,,,not_matched,false,
투모로우시티 앞,인천 연수구 컨벤시아대로 204,37.388540,126.639957,,,,,failed,,,not_matched,false,
인천대입구역,인천 연수구 인천타워대로 155,37.386046,126.639389,1163221869,https://map.naver.com/p/entry/place/1163221869,37.3859539,126.6395916,mid,인천대입구역매점,인천 연수구 인천타워대로 155 인천 연수구 송도동 48,verified,false,
스마트밸리 지식산업센터,인천 연수구 송도미래로 30,37.366641,126.647280,16634518,https://map.naver.com/p/entry/place/16634518,37.3668853,126.6484429,high,송도스마트밸리지식산업센터,인천 연수구 송도미래로 30 인천 연수구 송도동 214,verified,false,
미추홀타워,인천 연수구 송도동 갯벌로 12,37.382542,126.655842,16633739,https://map.naver.com/p/entry/place/16633739,37.3818979,126.6533406,high,미추홀타워,인천 연수구 갯벌로 12 인천 연수구 송도동 7-50,verified,false,
테크노어린이공원,인천 연수구 송도동 7-32,37.385445,126.651047,848365509,https://map.naver.com/p/entry/place/848365509,37.3854503,126.650991,mid,테크노공원,인천 연수구 송도동,verified,false,
아이즈빌아울렛 앞 청수사거리,인천 부평구 청천동 386-2,37.521332,126.704220,,,,,failed,,,not_matched,false,
홈누리마트 부개점,인천 부평구 수변로57번길 9,,,,,,,failed,,,not_matched,false,
미광세탁소,서울 강남구 선릉로115길 27,37.511665,127.040779,37253433,https://map.naver.com/p/entry/place/37253433,37.5117191,127.0408034,high,미광세탁소,서울 강남구 선릉로115길 27 미광세탁소 서울 강남구 논현동 270,verified,false,
BBQ,서울 강남구 일원로9길 8,37.489388,127.082185,11798820,https://map.naver.com/p/entry/place/11798820,37.4894202,127.0821406,low,BBQ치킨 대청점,서울 강남구 일원로9길 8 1층 서울 강남구 일원동 687-2,verified,false,
달콤커피,서울 강남구 테헤란로 611,,,2058830391,https://map.naver.com/p/entry/place/2058830391,37.530753,127.1192196,low,달콤커피 송파점,"서울 송파구 올림픽로49길 13 101호, 201호 서울 송파구 풍납동 338-8",verified,false,
간데메공원,서울 동대문구 서울시립대로2길 59,37.572781,127.049064,13448171,https://map.naver.com/p/entry/place/13448171,37.5732436,127.0488644,high,간데메공원,서울 동대문구 답십리동 서울시립대로2길 59 간데메공원 서울 동대문구 답십리동 471,verified,false,
환일고등학교,서울 마포구 환일길 48,37.554091,126.960892,12002109,https://map.naver.com/p/entry/place/12002109,37.553758,126.9625889,low,환일고등학교,서울 중구 환일길 47 서울 중구 만리동2가 218-2,verified,false,
신촌설렁탕앞,서울 서대문구 대신동 143-24,37.560454,126.941431,,,,,failed,,,not_matched,false,
토끼굴,서울 서대문구 신촌동 81-19,37.560241,126.941720,38521547,https://map.naver.com/p/entry/place/38521547,37.5481914,126.9186879,low,토끼굴,서울 마포구 독막로7길 6 2층 서울 마포구 합정동 410-12,verified,false,
베스킨라빈스,서울 서초구 강남대로 331,37.492626,127.029588,12971391,https://map.naver.com/p/entry/place/12971391,37.4825243,127.0043292,mid,배스킨라빈스 서초,서울 서초구 효령로 186 서울 서초구 방배동 1001-31,verified,false,
옹근달,서울 성동구 성수이로7길 41-1,37.542735,127.052984,1737425169,https://map.naver.com/p/entry/place/1737425169,37.4566031,126.7279963,low,옹근달양조장,인천 남동구 만경로12번길 13 1층 옹근달 우리술아카데미 인천 남동구 만수동 879-16,verified,false,
용답역다리,서울 성동구 용답길 86,37.562005,127.050729,,,,,failed,,,not_matched,false,
홍익대부속중고등학교입구,서울 성북구 성북로 66,37.593393,127.001707,,,,,failed,,,not_matched,false,
서브웨이,서울 영등포구 국회대로62길 25,37.526320,126.917717,1544099414,https://map.naver.com/p/entry/place/1544099414,37.4922453,126.9087302,low,서브웨이 대림삼거리점,서울 영등포구 시흥대로 681 서울 영등포구 대림동 952-19,verified,false,
국회의사당옆길,서울 영등포구 의사당대로 1,37.532912,126.916404,,,,,failed,,,not_matched,false,
재래식소금구이홍돈,서울 용산구 원효로48길 11-7,37.534605,126.961080,,,,,failed,,,not_matched,false,
퍼스트루머,서울 종로구 계동길 125,37.582935,126.986776,,,,,failed,,,not_matched,false,
개뿔,서울 종로구 낙산성곽서1길 26,37.578178,127.008047,92673530,https://map.naver.com/p/entry/place/92673530,37.5781805,127.0080744,high,개뿔,"서울 종로구 낙산성곽서1길 26 까페 개뿔 1,2층 서울 종로구 이화동 9-443",verified,false,
메밀향그집,서울 종로구 대학로11길 18,37.582372,127.000663,31751937,https://map.naver.com/p/entry/place/31751937,37.5823739,127.0006657,mid,메밀향그집 혜화본점,서울 종로구 대학로11길 18 메밀향그집 혜화본점 서울 종로구 명륜4가 72-3,verified,false,
메밀향그집맞은편,서울 종로구 명륜4가 103-12,37.582202,127.000917,,,,,failed,,,not_matched,false,
커피방앗간앞,서울 종로구 북촌로5가길 8-11,37.580326,126.982479,,,,,failed,,,not_matched,false,
광화문,서울 종로구 사직로 161,37.575904,126.976842,13161322,https://map.naver.com/p/entry/place/13161322,37.5760259,126.9768428,mid,광화문,서울 종로구 효자로 12 국립고궁박물관 서울 종로구 세종로 1-57,verified,false,
운현궁양관,서울 종로구 삼일대로 460,37.576667,126.988199,18668636,https://map.naver.com/p/entry/place/18668636,37.5761611,126.9877519,high,운현궁양관,서울 종로구 삼일대로 460 서울 종로구 운니동 114-7,verified,false,
감고당길,서울 종로구 안국동 175-91,37.576612,126.982685,,,,,failed,,,not_matched,false,
덕성여고앞,서울 종로구 안국동 177-2,37.577418,126.982538,,,,,failed,,,not_matched,false,
북촌사진관앞,서울 종로구 윤보선길 65,37.578837,126.983084,,,,,failed,,,not_matched,false,
스튜디오호세앞,서울 종로구 윤보선길 69,37.579087,126.983195,,,,,failed,,,not_matched,false,
푸드떼옆,서울 종로구 율곡로1길 40-31,37.577787,126.981358,,,,,failed,,,not_matched,false,
자작나무이야기,서울 종로구 율곡로1길 74-15,37.578674,126.981840,33938068,https://map.naver.com/p/entry/place/33938068,37.5787061,126.9818522,high,자작나무이야기,서울 종로구 율곡로1길 74-15 자작나무이야기 서울 종로구 소격동 157-4,verified,false,
이니스프리앞,서울 종로구 율곡로3길 73,37.578822,126.982036,,,,,failed,,,not_matched,false,
피케이엠북스앞,서울 종로구 율곡로3길 74-1,37.579013,126.982258,,,,,failed,,,not_matched,false,
솔트24앞,서울 종로구 율곡로3길 75,37.578981,126.982068,,,,,failed,,,not_matched,false,
인사동,서울 종로구 인사동길 53-2,37.574792,126.983791,13542782,https://map.naver.com/p/entry/place/13542782,37.5739818,126.9849358,mid,인사동문화의거리,서울 종로구 인사동,verified,false,
서울중앙고,서울 종로구 창덕궁길 166,37.583144,126.986744,12111891,https://map.naver.com/p/entry/place/12111891,37.5841193,126.9868655,low,중앙고등학교,서울 종로구 창덕궁길 164 서울 종로구 계동 1,verified,false,
달커피앞,서울 종로구 창신6가길 48,37.576082,127.012801,,,,,failed,,,not_matched,false,
산마루놀이터주차장,서울 종로구 창신동 23-348,37.575984,127.012368,,,,,failed,,,not_matched,false,
창신동골목,서울 종로구 창신동 23-407,37.576378,127.012880,,,,,failed,,,not_matched,false,
창신동집,서울 종로구 창신동 23-660,37.575972,127.011990,1356711721,https://map.naver.com/p/entry/place/1356711721,37.5736458,127.0104215,mid,창신동 홍어집,서울 종로구 창신4길 1 창신동) 서울 종로구 창신동 651-3 ),verified,false,
BBQ,서울 종로구 청계천로 81,37.568534,126.986587,1131767076,https://map.naver.com/p/entry/place/1131767076,37.5690863,126.9859293,low,BBQ치킨 종로종각점,서울 종로구 종로12길 21 평구빌딩 서울 종로구 관철동 12-15,verified,false,
갤러리원,서울 종로구 팔판길 1-12,37.582686,126.980467,1733391396,https://map.naver.com/p/entry/place/1733391396,37.6054153,127.0519029,low,갤러리원,서울 성북구 화랑로18길 73-3 서울 성북구 석관동 340-288,verified,false,
한국은행앞,서울 중구 남대문로 39,37.562515,126.979724,1903004766,https://map.naver.com/p/entry/place/1903004766,37.561656,126.980097,mid,한국은행앞지하보도 대피소,서울 중구 남대문로 39 서울 중구 남대문로3가 110,verified,false,
덕수궁돌담길,서울 중구 덕수궁길 116,37.567558,126.973424,,,,,failed,,,not_matched,false,
용인대장금테마파크,경기 용인시 처인구 백암면 용천드라마길 25,37.119444,127.337089,13523487,https://map.naver.com/p/entry/place/13523487,37.1214426,127.3369462,high,용인대장금파크,경기 용인시 처인구 백암면 용천드라마길 25 경기 용인시 처인구 백암면 용천리 778-1,verified,false,
부소담악,충북 옥천군 군북면 추소리 759,36.348408,127.565380,34581450,https://map.naver.com/p/entry/place/34581450,36.3514511,127.5647868,mid,부소담악,충북 옥천군 군북면 추소리 759,verified,false,
개심사,충남 서산시 운산면 개심사로 321-86,36.746900,126.589969,13094398,https://map.naver.com/p/entry/place/13094398,36.7464921,126.5901204,high,개심사,충남 서산시 운산면 개심사로 321-86 충남 서산시 운산면 신창리 1,verified,false,
도솔암,전남광주 해남군 송지면 마봉송종길 355-300,34.353112,126.565092,19827975,https://map.naver.com/p/entry/place/19827975,34.3531072,126.5650763,high,도솔암,전남광주 해남군 송지면 전남광주 해남군 송지면 마봉리 61-1,verified,false,
문경새재 조곡관,경북 문경시 문경읍 상초리 산 42-36,36.789279,128.066445,15393964,https://map.naver.com/p/entry/place/15393964,36.7893446,128.065685,mid,문경새재 제2관문 조곡관,경북 문경시 문경읍 새재로 1304 경북 문경시 문경읍 상초리 산42-1,verified,false,
옥산서원,경북 경주시 안강읍 옥산서원길 216-27,36.011659,129.163336,13101807,https://map.naver.com/p/entry/place/13101807,36.0116972,129.1633343,high,옥산서원,경북 경주시 안강읍 옥산서원길 216-27 경북 경주시 안강읍 옥산리 7,verified,false,
남사예담촌,경남 산청군 단성면 지리산대로2897번길 10,35.274209,127.936354,12382126,https://map.naver.com/p/entry/place/12382126,35.2744414,127.936335,high,남사예담촌,경남 산청군 단성면 지리산대로2897번길 10 경남 산청군 단성면 남사리 281-1,verified,false,
완재정,경남 밀양시 부북면 위양로 273-36,35.546597,128.716759,34897954,https://map.naver.com/p/entry/place/34897954,35.5465703,128.716775,mid,위양안동권씨문중 완재정,경남 밀양시 부북면 위양로 273-36 경남 밀양시 부북면 위양리 296,verified,false,
연세대학교 신촌캠퍼스,서울 서대문구 연세로 50,37.566051,126.943916,11591604,https://map.naver.com/p/entry/place/11591604,37.5671131,126.9390292,mid,연세대학교 신촌캠퍼스,서울 서대문구 연세로 50 서울 서대문구 신촌동 134,verified,false,
투비앤 아나운서아카데미,서울 서대문구 이화여대2길 6,37.557283,126.946264,13471382,https://map.naver.com/p/entry/place/13471382,37.5573251,126.9462737,high,투비앤 아나운서 아카데미 학원,서울 서대문구 이화여대2길 6 투비앤 빌딩 2층~5층 서울 서대문구 대현동 45-38,verified,false,
타로café썸(폐업),서울 서대문구 연세로5나길 6,37.557047,126.935907,,,,,failed,,,precheck:closed_place_name,false,
연남동주막(이전),서울 마포구 월드컵북로6길 56,37.559097,126.921430,1988636142,https://map.naver.com/p/entry/place/1988636142,37.5585625,126.9188571,mid,연남동주막,서울 마포구 동교로23길 64 가야빌딩 1층 서울 마포구 연남동 570-1,verified,false,
PIT COFFEE(폐업),서울 마포구 월드컵북로6길 52,37.559022,126.921235,,,,,failed,,,precheck:closed_place_name,false,
월드컵북로,서울 마포구 월드컵북로 22,37.556896,126.920022,19685729,https://map.naver.com/p/entry/place/19685729,37.5646354,126.9138677,mid,월드컵북로22길,서울 마포구 성산동,verified,false,
버바나(폐업),서울 마포구 월드컵북로6길 88,37.560088,126.922760,,,,,failed,,,precheck:closed_place_name,false,
마가렛연남,서울 마포구 성미산로29길 10,37.564590,126.922806,1493242469,https://map.naver.com/p/entry/place/1493242469,37.5645929,126.9228116,high,마가렛 연남,서울 마포구 성미산로29길 10 1층 서울 마포구 연남동 240-49,verified,false,
대환영,서울 마포구 성미산로29안길 17,37.565299,126.923123,37562428,https://map.naver.com/p/entry/place/37562428,37.5652793,126.9231229,high,대환영,서울 마포구 성미산로29안길 17 1층 서울 마포구 연남동 241-18,verified,false,
플러피도넛(폐업),서울 마포구 성미산로 163,37.564917,126.924266,,,,,failed,,,precheck:closed_place_name,false,
성미산로,서울 마포구 성미산로 161-6,37.565102,126.924139,,,,,failed,,,not_matched,false,
교동마을짬뽕순두부(폐업),서울 마포구 서강로13길 43,37.554501,126.931913,,,,,failed,,,precheck:closed_place_name,false,
카페요호(폐업),서울 마포구 잔다리로 88,37.555238,126.915824,,,,,failed,,,precheck:closed_place_name,false,
한진빌딩,서울 마포구 독막로7길 60,37.550304,126.920256,18772054,https://map.naver.com/p/entry/place/18772054,37.5480478,126.9460276,mid,한진빌딩,서울 마포구 숭문4길 15 서울 마포구 염리동 105-11,verified,false,
벌툰 인더스트리얼 홍대본점,서울 마포구 독막로7길 63,37.550603,126.920078,61864949,https://map.naver.com/p/entry/place/61864949,37.5506014,126.9201006,high,벌툰 인더스트리얼 홍대본점,서울 마포구 독막로7길 63 서울 마포구 서교동 395-18,verified,false,
카페 한,서울 마포구 성지길 32,37.547355,126.913062,1938027464,https://map.naver.com/p/entry/place/1938027464,37.5500999,126.93,mid,인테리어카페한,서울 마포구 창전동,verified,false,
독막로,서울 마포구 독막로 75,37.547958,126.921786,,,,,failed,,,not_matched,false,
바비레드 홍대점(폐업),서울 마포구 독막로15길 21-2,37.548779,126.921922,,,,,failed,,,precheck:closed_place_name,false,
홍대레드로드,서울 마포구 잔다리로 16,37.550902,126.921471,1803390740,https://map.naver.com/p/entry/place/1803390740,37.5494388,126.9206294,mid,GS25 홍대레드로드점,서울 마포구 어울마당로 47 1층 서울 마포구 서교동 403-16,verified,false,
상수역4번출구앞,서울 마포구 독막로 84,37.547589,126.922628,,,,,failed,,,not_matched,false,
얼반스퀘어,서울 마포구 독막로8길 15,37.547223,126.918287,1815710088,https://map.naver.com/p/entry/place/1815710088,37.5592489,127.0334085,low,어반스퀘어,서울 성동구 행당로17길 9 3F 서울 성동구 행당동 309-9,verified,false,
사심가득(폐업),서울 마포구 백범로24길 11-3,37.545900,126.945023,,,,,failed,,,precheck:closed_place_name,false,
여의도광장,서울 영등포구 여의대방로65길 6,37.519190,126.930533,1055401895,https://map.naver.com/p/entry/place/1055401895,37.5191849,126.9305358,high,여의도광장,서울 영등포구 여의대방로65길 6 센터빌딩 B1 서울 영등포구 여의도동 44-36,verified,false,
두텁바위로40길,서울 용산구 두텁바위로40길 3,37.547312,126.981996,,,,,failed,,,not_matched,false,
삼청동주민센터 정류장,서울 종로구 삼청동 80,37.583956,126.981825,,,,,failed,,,not_matched,false,
북촌사진관,서울 종로구 윤보선길 65,37.578837,126.983084,1058683842,https://map.naver.com/p/entry/place/1058683842,37.5788467,126.9831431,high,북촌사진관,서울 종로구 윤보선길 65 지하층 서울 종로구 안국동 17-1,verified,false,
감고당길,서울 종로구 송현동 34-2,37.577935,126.982329,,,,,failed,,,not_matched,false,
가배도 삼청(폐업),서울 종로구 북촌로5길 56-8,37.579895,126.982180,,,,,failed,,,precheck:closed_place_name,false,
북촌로4길,서울 종로구 북촌로4길 28,37.579244,126.986629,,,,,failed,,,not_matched,false,
이자카야 곤조(폐업),서울 종로구 대명1길 7,37.583129,127.001009,,,,,failed,,,precheck:closed_place_name,false,
카페 플로체(폐업),인천 미추홀구 경원대로 825,37.456353,126.689076,,,,,failed,,,precheck:closed_place_name,false,
호야분식(폐업),경기 고양시 일산동구 일산로441번길 18,37.672651,126.777018,,,,,failed,,,precheck:closed_place_name,false,
일산로441번길,경기 고양시 일산동구 일산로441번길 22,37.672496,126.776925,,,,,failed,,,not_matched,false,
철산주공8단지(재개발),경기 광명시 철산동 235,37.482576,126.869846,,,,,failed,,,not_matched,false,
모세로,경기 광명시 철산동 508,37.479135,126.868431,,,,,failed,,,not_matched,false,
오름,경기 수원시 팔달구 행궁로 41-1,37.278946,127.015271,17020866,https://map.naver.com/p/entry/place/17020866,33.3545712,126.3058394,low,금오름,제주 제주시 한림읍 금악리 산1-1,verified,false,
경기대학교 수원캠퍼스,경기 수원시 영통구 광교산로 154-42,37.300240,127.040109,11591483,https://map.naver.com/p/entry/place/11591483,37.3005585,127.0347398,mid,경기대학교 수원캠퍼스,경기 수원시 영통구 광교산로 154-42 경기 수원시 영통구 이의동 산94-6,verified,false,
우아한빛(폐업),충남 천안시 서북구 불당28길 25,36.811180,127.101920,,,,,failed,,,precheck:closed_place_name,false,
상명대학교 천안캠퍼스,충남 천안시 동남구 상명대길 31,36.831307,127.180993,11591566,https://map.naver.com/p/entry/place/11591566,36.8334468,127.1791465,high,상명대학교 천안캠퍼스,충남 천안시 동남구 상명대길 31 충남 천안시 동남구 안서동 300,verified,false,
호서대학교 아산캠퍼스,충남 아산시 배방읍 호서로79번길 20,36.734463,127.077107,11591687,https://map.naver.com/p/entry/place/11591687,36.7363588,127.0750253,high,호서대학교 아산캠퍼스,충남 아산시 배방읍 호서로79번길 20 호서대학교 충남 아산시 배방읍 세출리 165,verified,false,
명륜4길,전북 전주시 덕진구 명륜4길 11,35.842919,127.126366,,,,,failed,,,not_matched,false,
전북대학교 전주캠퍼스,전북 전주시 덕진구 백제대로 567,35.841138,127.131589,11591627,https://map.naver.com/p/entry/place/11591627,35.8462574,127.1320049,mid,전북대학교 전주캠퍼스,전북 전주시 덕진구 백제대로 567 전북대학교 전주캠퍼스 전북 전주시 덕진구 금암동 663,verified,false,
아로미마실,전북 전주시 덕진구 백제대로 567,35.841138,127.131589,1883899392,https://map.naver.com/p/entry/place/1883899392,35.8443867,127.1304281,mid,아로미마실,전북 전주시 덕진구 백제대로 567 전북 전주시 덕진구 금암동 663,verified,false,
만개부엌(폐업),전북 전주시 완산구 전주객사2길 75,35.820053,127.139620,,,,,failed,,,precheck:closed_place_name,false,
카페 울라봉,경남 통영시 동문로 51,34.846518,128.429012,31036863,https://map.naver.com/p/entry/place/31036863,34.8465455,128.4289842,high,카페 울라봉,경남 통영시 동문로 51 1층 경남 통영시 정량동 1219-1,verified,false,
동피랑전망대/동포루,경남 통영시 태평동 449-11,34.845686,128.427617,,,,,failed,,,not_matched,false,
동피랑벽화마을,경남 통영시 동피랑2길 23-5,34.845588,128.427415,13491714,https://map.naver.com/p/entry/place/13491714,34.8456851,128.4277537,mid,동피랑 벽화마을,경남 통영시 동피랑1길 6-18 경남 통영시 동호동 118-1,verified,false,
빠담빠담 점빵,경남 통영시 동피랑1길 6-14,34.845347,128.427668,1587108185,https://map.naver.com/p/entry/place/1587108185,34.8453471,128.4276683,high,빠담빠담 점빵,경남 통영시 동피랑1길 6-14 경남 통영시 동호동 118,verified,false,
미수동방파제,경남 통영시 미수해안로 53-1,34.830571,128.404455,37824316,https://map.naver.com/p/entry/place/37824316,34.830163,128.403487,mid,미수동방파제,경남 통영시 미수동,verified,false,
바닷가 이솝아저씨네집,경남 거제시 남부면 남부해안로 48,34.732958,128.609141,21844797,https://map.naver.com/p/entry/place/21844797,34.73294,128.60917,high,바닷가 이솝아저씨네집,경남 거제시 남부면 남부해안로 48 경남 거제시 남부면 저구리 96-4,verified,false,
바다여행펜션앞,경남 거제시 남부면 저구2길 29,34.731570,128.607679,21112275,https://map.naver.com/p/entry/place/21112275,34.7315387,128.607703,high,바다여행펜션,경남 거제시 남부면 저구2길 29 경남 거제시 남부면 저구리 20-1,verified,false,
개화동집,서울 강서구 개화동로13길 26-16,37.577540,126.802477,1246427156,https://map.naver.com/p/entry/place/1246427156,37.5784693,126.7977476,low,개화역분식집,서울 강서구 개화동로8길 38 서울 강서구 개화동 388-1,verified,false,
애플돈까스,서울 은평구 증산서길 70,37.582687,126.905927,37282020,https://map.naver.com/p/entry/place/37282020,37.5826885,126.905875,high,애플돈까스,서울 은평구 증산서길 70 서울 은평구 증산동 185-18,verified,false,
연희홍연아파트 정류장(13207),서울 서대문구 연희동 729-1,37.578036,126.932418,,,,,failed,,,not_matched,false,
홍제천로,서울 서대문구 연희동 729-1,37.578036,126.932418,,,,,failed,,,not_matched,false,
블룸팔레트,서울 마포구 월드컵북로60길 13,37.582344,126.884671,1353611948,https://map.naver.com/p/entry/place/1353611948,37.5828934,126.885335,high,블룸팔레트,서울 마포구 월드컵북로60길 13 DMC빌 1층 103호 서울 마포구 상암동 1584,verified,false,
세븐일레븐 연남숲길점,서울 마포구 성미산로23길 16-5,37.564495,126.921408,1766564139,https://map.naver.com/p/entry/place/1766564139,37.5644724,126.9213699,high,세븐일레븐 연남숲길점,서울 마포구 성미산로23길 16-5 B101호 서울 마포구 연남동 246-19,verified,false,
책방 곱셈,서울 마포구 성미산로29길 33,37.565341,126.921804,1448758549,https://map.naver.com/p/entry/place/1448758549,37.5653189,126.9218669,high,책방 곱셈,서울 마포구 성미산로29길 33 1층 서울 마포구 연남동 245-44,verified,false,
경의선숲길,서울 마포구 서강로13길 43,37.554501,126.931913,,,,,failed,,,not_matched,false,
장터순대국,서울 구로구 구로동로20길 17,37.488883,126.885543,1507388967,https://map.naver.com/p/entry/place/1507388967,37.4888381,126.8853532,high,장터순대국,서울 구로구 구로동로20길 17 서울 구로구 구로동 735-175,verified,false,
타올종합상사,서울 구로구 구로동로20길 5,37.488923,126.884951,1505503408,https://map.naver.com/p/entry/place/1505503408,37.4889383,126.8849626,high,타올종합상사,서울 구로구 구로동로20길 5 서울 구로구 구로동 735-19,verified,false,
본동집,서울 동작구 노량진로26길 16-19,37.510709,126.954202,1616432922,https://map.naver.com/p/entry/place/1616432922,35.1480123,129.0303282,low,본동집,부산 부산진구 가야공원로63번길 5 부산 부산진구 가야동 507-1,verified,false,
올림픽대로,서울 동작구 본동 479,37.512916,126.959349,,,,,failed,,,not_matched,false,
야구연습장,서울 관악구 관악로 172,37.480513,126.952949,38506672,https://map.naver.com/p/entry/place/38506672,37.4706399,126.934817,mid,야구연습장,서울 관악구 호암로26길 21 서울 관악구 신림동 1514-4,verified,false,
묘우블랙,서울 용산구 독서당로29길 6,37.536802,127.011615,1226071726,https://map.naver.com/p/entry/place/1226071726,37.5367838,127.0115872,mid,묘우블랙 한남점,서울 용산구 독서당로29길 6 2층 서울 용산구 한남동 60-76,verified,false,
블루앤피플여행사,서울 용산구 이촌로29길 18,37.524503,126.959931,19952225,https://map.naver.com/p/entry/place/19952225,37.524509,126.9599208,high,블루앤피플 여행사,서울 용산구 이촌로29길 18 서울 용산구 한강로3가 40-386,verified,false,
골드리아 종로본점,서울 종로구 돈화문로 50,37.572971,126.991633,12139528,https://map.naver.com/p/entry/place/12139528,37.5729712,126.9916327,high,골드리아 종로본점,서울 종로구 돈화문로 50 골드리아빌딩 서울 종로구 묘동 103,verified,false,
재능교육 JCC크리에이티브센터,서울 종로구 창경궁로35길 45,37.587947,127.002141,37207950,https://map.naver.com/p/entry/place/37207950,37.5879606,127.0021618,high,JCC크리에이티브센터,서울 종로구 창경궁로35길 45 서울 종로구 혜화동 22-65,verified,false,
서울여자대학교,서울 노원구 화랑로 621,37.627382,127.091621,11591580,https://map.naver.com/p/entry/place/11591580,37.6280329,127.0904235,high,서울여자대학교,서울 노원구 화랑로 621 서울여자대학교 서울 노원구 공릉동 126,verified,false,
반포한강공원,서울 서초구 반포동 115-5,37.509646,126.995132,13416963,https://map.naver.com/p/entry/place/13416963,37.5100172,126.995032,high,반포 한강공원,서울 서초구 신반포로11길 40 한강공원 반포 안내센터 서울 서초구 반포동 115-5,verified,false,
잠원한강공원,서울 강남구 압구정동 386,37.527293,127.018867,18847954,https://map.naver.com/p/entry/place/18847954,37.525625,127.0167199,high,잠원한강공원축구장,서울 강남구 올림픽대로 2395 서울 강남구 압구정동 386,verified,false,
잠실중학교 정류장(24131),서울 송파구 올림픽로35길 125,37.516298,127.100468,,,,,failed,,,not_matched,false,
예래원,경기 동두천시 탑신로 668,37.911160,127.138048,11721022,https://map.naver.com/p/entry/place/11721022,37.9106999,127.1380904,high,예래원,경기 동두천시 탑신로 668 경기 동두천시 탑동동 산1,verified,false,
맘마농가식자재마트,경기 고양시 일산동구 고일로 16,37.672380,126.804362,700903296,https://map.naver.com/p/entry/place/700903296,37.8919236,127.201548,low,농가마트,경기 포천시 군내면 호국로 1543 1층 경기 포천시 군내면 구읍리 700,verified,false,
무궁화로,경기 고양시 일산동구 무궁화로 42-28,37.662231,126.769747,,,,,failed,,,not_matched,false,
소사본3동성당,경기 부천시 소사구 소사본동 은성로67번길 55,37.477615,126.798034,13141973,https://map.naver.com/p/entry/place/13141973,37.4777363,126.7981183,high,소사본3동성당,경기 부천시 소사구 소사본동 은성로67번길 55 경기 부천시 소사구 소사본동 136-6,verified,false,
GS25 뉴상동디아뜨점,경기 부천시 원미구 길주로77번길 19-45,37.507675,126.749402,1850442740,https://map.naver.com/p/entry/place/1850442740,37.5079577,126.7495865,high,GS25 뉴상동디아뜨점,경기 부천시 원미구 길주로77번길 19-45 경기 부천시 원미구 상동 530-1,verified,false,
금오름,제주 제주시 한림읍 금악리 산 1-1,33.355696,126.305586,17020866,https://map.naver.com/p/entry/place/17020866,33.3545712,126.3058394,high,금오름,제주 제주시 한림읍 금악리 산1-1,verified,false,
서귀포KAL호텔,제주 서귀포시 칠십리로 242,33.244325,126.580794,32840017,https://map.naver.com/p/entry/place/32840017,33.2464926,126.5817289,high,서귀포KAL호텔 살레,제주 서귀포시 칠십리로 242 B1 층 제주 서귀포시 토평동 486-3,verified,false,
허니문하우스,제주 서귀포시 칠십리로 228-13,33.244162,126.578868,1649804520,https://map.naver.com/p/entry/place/1649804520,33.2441685,126.5788648,high,허니문하우스,제주 서귀포시 칠십리로 228-13 제주 서귀포시 토평동 511,verified,false,
백석초등학교 옆길,서울 강서구 화곡로66길 186-17,37.553380,126.862879,,,,,failed,,,not_matched,false,
우리풍천장어숯불꼼장어,서울 영등포구 당산로47길 7,37.535104,126.901830,12948738,https://map.naver.com/p/entry/place/12948738,36.3278301,127.3994842,low,우리풍천장어숯불꼼장어 대전본점,대전 중구 수침로 94 대전 중구 태평동 257-15,verified,false,
신송센터빌딩,서울 영등포구 여의나루로 57,37.523046,126.925616,19000977,https://map.naver.com/p/entry/place/19000977,37.523015,126.9256276,high,신송센터빌딩,서울 영등포구 여의나루로 57 서울 영등포구 여의도동 25-12,verified,false,
태양사,서울 영등포구 영등포로 248,37.518864,126.908763,1075071374,https://map.naver.com/p/entry/place/1075071374,37.5189386,126.9089183,high,태양사,서울 영등포구 영등포로 248 대흥빌딩 1층 서울 영등포구 영등포동3가 3-4,verified,false,
도적,서울 마포구 어울마당로5길 3,37.548803,126.920176,18748647,https://map.naver.com/p/entry/place/18748647,37.5588062,126.9379872,low,소도적,서울 서대문구 명물길 27-13 1층 서울 서대문구 창천동 46-7,verified,false,
썰스데이파티 이태원점,서울 용산구 이태원로27길 6,37.535027,126.995615,37322069,https://map.naver.com/p/entry/place/37322069,37.5349333,126.9917852,mid,썰스데이파티 이태원점,서울 용산구 이태원로19길 9 1층 서울 용산구 이태원동 168-1,verified,false,
던킨 북창점 앞,서울 중구 남대문로1길 60,37.563675,126.977790,,,,,failed,,,not_matched,false,
우성빌딩,서울 중구 세종대로18길 16,37.563520,126.978019,18690398,https://map.naver.com/p/entry/place/18690398,37.5636021,126.9780215,high,우성빌딩,서울 중구 세종대로18길 16 서울 중구 북창동 35,verified,false,
호텔토마스 명동,서울 중구 세종대로16길 26,37.563141,126.978376,1638612987,https://map.naver.com/p/entry/place/1638612987,37.5632493,126.9783066,high,호텔토마스명동,서울 중구 세종대로16길 26 서울 중구 북창동 12-1,verified,false,
을지다방,서울 중구 을지로 124-1,37.566120,126.991680,20927082,https://map.naver.com/p/entry/place/20927082,37.5661653,126.9917799,high,을지다방,서울 중구 을지로 124-1 2층 서울 중구 을지로3가 315-3,verified,false,
으뜸부동산 앞,서울 성북구 성북로 46,37.591941,127.003233,,,,,failed,,,not_matched,false,
대도빌라,서울 성북구 장위로16길 36-3,37.612497,127.041008,1968250652,https://map.naver.com/p/entry/place/1968250652,37.6124902,127.0410019,high,대도빌라,서울 성북구 장위로16길 36-3 서울 성북구 장위동 231-156,verified,false,
춘천골닭갈비,서울 광진구 면목로 105,37.562993,127.079521,1840778141,https://map.naver.com/p/entry/place/1840778141,37.5489061,127.0710071,mid,춘천골닭갈비,서울 광진구 군자로 70 나동 1층 105호 서울 광진구 군자동 362-1,verified,false,
J모텔,서울 강북구 도봉로 32,37.611847,127.030709,18598819,https://map.naver.com/p/entry/place/18598819,37.611707,127.0310379,high,J모텔,서울 강북구 도봉로 32 동주빌딩 서울 강북구 미아동 36-5,verified,false,
덕수콜택시,서울 중랑구 겸재로27길 57,37.589745,127.084251,31814538,https://map.naver.com/p/entry/place/31814538,37.5897504,127.0842571,high,덕수콜택시,서울 중랑구 겸재로27길 57 서울 중랑구 면목동 138-25,verified,false,
레몬비 노원점,서울 노원구 상계로3길 16,37.656981,127.062485,1383863365,https://map.naver.com/p/entry/place/1383863365,37.630041,127.0684004,low,레몬비 공릉점,서울 노원구 섬밭로 152 라이프2단지상가 서울 노원구 공릉동 708,verified,false,
아울렛마트 귤현점,인천 계양구 굴재방터길 42,37.566666,126.749284,,,,,failed,,,not_matched,false,
신세계약국 앞,인천 제물포구 참외전로 134-1,37.474421,126.631924,,,,,failed,,,not_matched,false,
길고시텔,인천 제물포구 우현로90번길 19-13,37.474348,126.631363,38368018,https://map.naver.com/p/entry/place/38368018,37.4743417,126.6313854,high,길고시텔,인천 제물포구 우현로90번길 19-13 인천 제물포구 인현동 26-1,verified,false,
송림성결교회,인천 제물포구 금송로 79,,,1757097951,https://map.naver.com/p/entry/place/1757097951,37.4761623,126.667461,low,송림교회,인천 미추홀구 송림로 309 인천 미추홀구 도화동 754-1,verified,false,
탐앤탐스 인천주안점,인천 미추홀구 석바위로 90,37.460719,126.683164,,,,,failed,,,not_matched,false,
용현학익 2-2블록 도시개발구역,인천 미추홀구 용현동 604-7,37.445331,126.644475,1355903455,https://map.naver.com/p/entry/place/1355903455,37.4456974,126.6468292,high,용현학익2-2블록인하대역도시개발구역,인천 미추홀구 용현동,verified,false,
장미아파트,인천 미추홀구 소성로 72,37.445181,126.657569,16599235,https://map.naver.com/p/entry/place/16599235,37.4453837,126.6570779,high,장미아파트,인천 미추홀구 소성로 72 인천 미추홀구 학익동 413-1,verified,false,
간석3치안센터,인천 남동구 백범로 340,37.464950,126.712836,16477619,https://map.naver.com/p/entry/place/16477619,37.4649571,126.7128665,high,간석3치안센터,인천 남동구 백범로 340 인천 남동구 간석동 119-7,verified,false,
루이스클럽,인천 남동구 석촌로 41,37.464296,126.708787,,,,,failed,,,not_matched,false,
클럽거리,인천 남동구 남동대로922번길 21,37.464858,126.709417,,,,,failed,,,not_matched,false,
가와지공원,경기 고양시 일산서구 대화동 2113,37.680109,126.755841,,,,,failed,,,not_matched,false,
TGI 롯데백화점 일산점,경기 고양시 일산동구 중앙로 1283,37.660472,126.772126,,,,,failed,,,not_matched,false,
대장2교 굴다리,경기 고양시 덕양구 토당동 703-12,37.620513,126.800233,,,,,failed,,,not_matched,false,
장암저수지,경기 포천시 이동면 장암리 2,38.028181,127.395521,18336500,https://map.naver.com/p/entry/place/18336500,38.027917,127.3957,high,장암저수지,경기 포천시 이동면 장암리,verified,false,
에덴요양병원,경기 남양주시 수동면 비룡로1782번길 160,37.770398,127.289836,11547558,https://map.naver.com/p/entry/place/11547558,37.7705673,127.2902994,high,에덴요양병원,경기 남양주시 수동면 비룡로1782번길 160 경기 남양주시 수동면 내방리 380,verified,false,
그린미아2차,경기 과천시 장군마을4길 6-26,37.461999,127.033745,18603851,https://map.naver.com/p/entry/place/18603851,37.6276247,127.0172532,low,그린빌라2차,서울 강북구 삼양로65길 14 서울 강북구 미아동 791-1073,verified,false,
금정역 7번출구쪽,경기 군포시 군포로 759,37.372842,126.942367,,,,,failed,,,not_matched,false,
또와유 금정점,경기 군포시 당산로 149,37.364289,126.943555,38231794,https://map.naver.com/p/entry/place/38231794,37.364356,126.9435509,high,또와유 금정점,경기 군포시 당산로 149 경기 군포시 금정동 738-4,verified,false,
도운모텔,경기 군포시 금산로6번길 32,37.363937,126.942888,19006356,https://map.naver.com/p/entry/place/19006356,37.3639534,126.9429294,high,도운모텔,경기 군포시 금산로6번길 32 경기 군포시 금정동 738-1,verified,false,
수원중소유통 공동도매물류센터,경기 수원시 권선구 세화로 222,37.272383,126.995762,19204349,https://map.naver.com/p/entry/place/19204349,37.2725461,126.9956261,high,수원시중소유통공동도매물류센터,경기 수원시 권선구 세화로 222 경기 수원시 권선구 서둔동 9-3,verified,false,
마트킹 구성점,경기 용인시 기흥구 용구대로 2426,37.302953,127.106580,1892523769,https://map.naver.com/p/entry/place/1892523769,37.3029094,127.106468,mid,마트킹 용인시구성점,경기 용인시 기흥구 용구대로 2426 경기 용인시 기흥구 마북동 553,verified,false,
모가네가마솥돼지국밥,경기 안성시 미양면 안성맞춤대로 342,36.952530,127.242683,36221818,https://map.naver.com/p/entry/place/36221818,36.952655,127.242694,high,모가네가마솥돼지국밥,경기 안성시 미양면 안성맞춤대로 342 경기 안성시 미양면 양변리 259,verified,false,
준코 평택역점,경기 평택시 평택2로 6,36.992147,127.087543,36424622,https://map.naver.com/p/entry/place/36424622,36.9921415,127.0875488,high,준코 평택역점,경기 평택시 평택2로 6 산천빌딩 지하1층 경기 평택시 평택동 46-9,verified,false,
오타쿠 헤어,강원 춘천시 퇴계로 213,37.856589,127.742325,19391955,https://map.naver.com/p/entry/place/19391955,37.856588,127.742227,high,오타쿠헤어,강원 춘천시 퇴계로 213 드림디포 2층 강원 춘천시 석사동 796-14,verified,false,
천안서북경찰서,충남 천안시 서북구 번영로 705,36.857275,127.137207,13046905,https://map.naver.com/p/entry/place/13046905,36.8578158,127.1369204,high,충남천안서북경찰서,충남 천안시 서북구 번영로 705 충남 천안시 서북구 업성동 174-1,verified,false,
스타나이트클럽 사거리,충남 천안시 서북구 성정공원1길 21,36.827628,127.139070,,,,,failed,,,not_matched,false,
37.5룸,충남 천안시 서북구 성정공원2길 23,36.827549,127.142782,423172868,https://map.naver.com/p/entry/place/423172868,34.7540733,127.7050567,low,37.5 룸소주방,전남광주 여수시 여문문화길 20 전남광주 여수시 문수동 115-5,verified,false,
대봉치안센터,대구 중구 명륜로 152,35.860325,128.600571,15995984,https://map.naver.com/p/entry/place/15995984,35.8603396,128.6005458,high,대봉치안센터,대구 중구 명륜로 152 대구 중구 대봉동 88-12,verified,false,
목포 중앙성결교회,전남광주통합특별시 목포시 목포진길 5,34.785801,126.383711,15018496,https://map.naver.com/p/entry/place/15018496,34.7857873,126.3836915,low,기독교대한성결교회 목포중앙교회,전남광주 목포시 목포진길 5 전남광주 목포시 중앙동1가 6-4,verified,false,
목포 유동로 주택,전남광주통합특별시 목포시 유동로42번길 19,34.785850,126.382852,,,,,failed,,,not_matched,false,
달맞이공원 놀이터,전남광주통합특별시 목포시 상동 1119-1,34.795490,126.427082,1802722732,https://map.naver.com/p/entry/place/1802722732,37.5534851,127.0104698,low,놀이터,서울 중구 다산로10길 8 서울 중구 신당동 368-69,verified,false,
폐교회,경북 포항시 북구 흥해읍 초곡리 104-48,36.102829,129.333053,1531065090,https://map.naver.com/p/entry/place/1531065090,36.7941374,127.7733449,low,폐교회,충북 괴산군 문광면 괴산로송평길 105-13 충북 괴산군 문광면 송평리 산3-5,verified,false,
짱떡볶이,부산 해운대구 우동3로11번길 10,35.167505,129.162535,1258517120,https://map.naver.com/p/entry/place/1258517120,35.1675129,129.162543,high,짱떡볶이,부산 해운대구 우동3로11번길 10 짱떡볶이 부산 해운대구 우동 198-16,verified,false,
해운대중학교,부산 해운대구 우동2로30번길 99,35.171774,129.161962,12179427,https://map.naver.com/p/entry/place/12179427,35.17224,129.1616682,high,해운대중학교,부산 해운대구 우동2로30번길 99 해운대중학교 부산 해운대구 우동 278-13,verified,false,
목동 SBS 옥상정원,서울 양천구 목동서로 161,37.529190,126.873747,,,,,failed,,,not_matched,false,
월드컵북로58길,서울 마포구 월드컵북로58길 15,37.582358,126.886699,,,,,failed,,,not_matched,false,
구룡근린공원,서울 마포구 상암동 313-3,,,18808116,https://map.naver.com/p/entry/place/18808116,37.5829426,126.8835424,mid,구룡근린공원,서울 마포구 월드컵북로 456 서울 마포구 상암동 1583,verified,false,
난지한강공원,서울 마포구 상암동 482-220,37.563267,126.883204,18808345,https://map.naver.com/p/entry/place/18808345,37.5631658,126.8830956,high,난지한강공원잔디마당,서울 마포구 서울 마포구 상암동 482-220,verified,false,
낙원주택,서울 마포구 와우산로35길 53,37.556446,126.927924,18783908,https://map.naver.com/p/entry/place/18783908,37.55645,126.9279625,high,낙원주택,서울 마포구 와우산로35길 53 서울 마포구 서교동 330-1,verified,false,
더바지라운지 앤 웨이크,서울 영등포구 여의도동 80-2,37.536141,126.908800,,,,,failed,,,not_matched,false,
KDB산업은행,서울 영등포구 은행로 14,37.527122,126.920832,1066473301,https://map.naver.com/p/entry/place/1066473301,37.5271196,126.9209388,high,KDB산업은행본점 구내식당,서울 영등포구 은행로 14 서울 영등포구 여의도동 16-3,verified,false,
세경금속,서울 영등포구 도림로126길 1,37.513979,126.896507,11703867,https://map.naver.com/p/entry/place/11703867,37.5139581,126.8965827,high,세경금속,서울 영등포구 도림로126길 1 서울 영등포구 문래동3가 54-34,verified,false,
전문건설회관,서울 동작구 보라매로5길 15,37.492176,126.924271,1717370763,https://map.naver.com/p/entry/place/1717370763,37.4921758,126.9242714,high,전문건설회관빌딩,서울 동작구 신대방동 보라매로5길 15 서울 동작구 신대방동 395-70,verified,false,
노들섬,서울 용산구 이촌동 377-1,37.516618,126.958917,1640249712,https://map.naver.com/p/entry/place/1640249712,37.5176704,126.9580519,high,노들섬,서울 용산구 양녕로 445 서울 용산구 이촌동 302-146,verified,false,
이촌한강공원 4주차장,서울 용산구 양녕로 495,37.521365,126.960795,35022566,https://map.naver.com/p/entry/place/35022566,37.5214759,126.9597679,high,이촌 한강공원4주차장,서울 용산구 양녕로 495 서울 용산구 이촌동 376,verified,false,
서강껍데기 이촌점,서울 용산구 이촌로 9,37.530799,126.954854,12907119,https://map.naver.com/p/entry/place/12907119,37.530858,126.954875,high,서강껍데기 이촌점,서울 용산구 이촌로 9 서울 용산구 한강로3가 30,verified,false,
숙대입구역2번출구,서울 용산구 한강대로 304,37.545426,126.972320,,,,,failed,,,not_matched,false,
동작대교,서울 용산구 이촌동 356,37.508118,126.979582,18726869,https://map.naver.com/p/entry/place/18726869,37.510825,126.9819963,mid,동작대교,서울 용산구 이촌동,verified,false,
비타카페 남산스퀘어,서울 중구 퇴계로 173,37.561826,126.991059,,,,,failed,,,not_matched,false,
성진CNC벤딩,서울 중구 창경궁로5길 29,37.566919,126.996355,36314226,https://map.naver.com/p/entry/place/36314226,37.5669521,126.9963582,high,성진CNC벤딩,서울 중구 창경궁로5길 29 서울 중구 을지로4가 33,verified,false,
대화기공,서울 중구 창경궁로5다길 13,37.567523,126.996398,12307234,https://map.naver.com/p/entry/place/12307234,37.3446503,126.7087464,low,대화기공,경기 시흥시 협력로 177 경기 시흥시 정왕3동 1239-10,verified,false,
한성전업사,서울 중구 청계천로 170,37.568408,126.996443,20911933,https://map.naver.com/p/entry/place/20911933,37.5687036,126.9983933,high,한성전업사,서울 중구 청계천로 186-1 1층 한성전업사 서울 중구 주교동 98-1,verified,false,
대림상가3층,서울 중구 을지로 157 대림상가3층,37.567146,126.995451,,,,,failed,,,not_matched,false,
창경궁로34길,서울 종로구 창경궁로 266,37.584790,127.000837,,,,,failed,,,not_matched,false,
서울의료원,서울 중랑구 신내로 156,37.613091,127.099187,33179382,https://map.naver.com/p/entry/place/33179382,37.6132923,127.0974983,high,서울의료원어린이집,서울 중랑구 신내로 156 서울의료원 서울 중랑구 신내동 316,verified,false,
서울숲 거울연못,서울 성동구 성수동1가 720,37.545462,127.039330,18785647,https://map.naver.com/p/entry/place/18785647,37.5442393,127.0410469,mid,서울숲거울연못,서울 성동구 서울 성동구 성수동1가,verified,false,
니온밸리코리아,서울 성동구 성수일로6길 3,37.545675,127.050809,1575114871,https://map.naver.com/p/entry/place/1575114871,37.5456756,127.0508254,high,니온밸리코리아,서울 성동구 성수일로6길 3 지시코별관빌딩 3층 서울 성동구 성수동2가 301-80,verified,false,
뚝섬한강공원,서울 광진구 자양동 435,37.527862,127.073807,11491876,https://map.naver.com/p/entry/place/11491876,37.5292295,127.0707439,mid,뚝섬,서울 광진구 자양동 435,verified,false,
유니버설아트센터,서울 광진구 천호대로 664,37.550980,127.087095,18810818,https://map.naver.com/p/entry/place/18810818,37.5513161,127.0877514,mid,유니버설아트센터입구,서울 광진구 능동,verified,false,
청계산입구역,서울 서초구 청계산로 지하 179,37.448368,127.054632,20543614,https://map.naver.com/p/entry/place/20543614,37.4482647,127.0546969,high,청계산입구역 신분당선,서울 서초구 청계산로 179 서울 서초구 신원동 270-25,verified,false,
엘빈에비뉴라운지,서울 강남구 강남대로92길 13,37.499046,127.028463,1642763510,https://map.naver.com/p/entry/place/1642763510,37.4989587,127.028492,high,엘빈에비뉴 라운지바,"서울 강남구 강남대로92길 13 지하1층, 2층 서울 강남구 역삼동 819-9",verified,false,
논현로,서울 강남구 논현로 635,37.510231,127.032197,,,,,failed,,,not_matched,false,
도산대로,서울 강남구 청담동 50-2,37.524202,127.050103,,,,,failed,,,not_matched,false,
모던바 호,서울 강남구 삼성로95길 24,37.507698,127.053738,11592765,https://map.naver.com/p/entry/place/11592765,37.5076547,127.0536855,high,모던바 호,서울 강남구 삼성로95길 24 지하1층 서울 강남구 삼성동 130-9,verified,false,
한양화로 삼성동본점,서울 강남구 봉은사로 632,37.514755,127.064507,,,,,failed,,,not_matched,false,
소피텔 앰배서더 서울 레지던스,서울 송파구 잠실로 209,37.513865,127.106100,1374313303,https://map.naver.com/p/entry/place/1374313303,37.513717,127.1064138,mid,소피텔 앰배서더 서울 호텔 & 서비스드 레지던스,서울 송파구 잠실로 209 소피텔 앰배서더 서울 호텔 서울 송파구 신천동 29-1,verified,false,
강남교회,인천 강화군 화도면 해안남로1170번길 20,37.611160,126.454175,16642466,https://map.naver.com/p/entry/place/16642466,37.6111743,126.454314,high,강남교회,인천 강화군 화도면 해안남로1170번길 20 인천 강화군 화도면 사기리 361,verified,false,
경원재앰배세더 인천 앞,인천 연수구 테크노파크로 200,37.392287,126.637858,,,,,failed,,,not_matched,false,
G타워,인천 연수구 아트센터대로 175,37.395748,126.633795,19453537,https://map.naver.com/p/entry/place/19453537,37.3960863,126.6341499,high,G타워,인천 연수구 아트센터대로 175 인천 연수구 송도동 24-4,verified,false,
광탄성당,경기 파주시 광탄면 심궁로 76-38,37.778093,126.859039,13454019,https://map.naver.com/p/entry/place/13454019,37.7781678,126.8591557,high,광탄성당,경기 파주시 광탄면 심궁로 76-38 경기 파주시 광탄면 신산리 77,verified,false,
육전국밥,경기 파주시 경의로 997-15,37.706535,126.758688,1967505532,https://map.naver.com/p/entry/place/1967505532,37.555792,126.9204368,low,육전국밥 서교점,서울 마포구 월드컵북로 9-1 1층 서울 마포구 서교동 351-1,verified,false,
SBS 일산제작센터,경기 고양시 일산서구 일현로 111,37.696804,126.762572,19057319,https://map.naver.com/p/entry/place/19057319,37.6968552,126.7656989,mid,SBS일산제작센터삼거리,경기 고양시 일산서구 탄현동,verified,false,
일산호수공원가로수길,경기 고양시 일산서구 주엽로 80,37.666063,126.756436,1716156877,https://map.naver.com/p/entry/place/1716156877,37.6661937,126.7564067,high,일산호수공원가로수길,경기 고양시 일산서구 주엽로 80 경기 고양시 일산서구 대화동 1050-185,verified,false,
킨텍스원시티,경기 고양시 일산동구 월드고양로 21,37.661358,126.748910,1749920499,https://map.naver.com/p/entry/place/1749920499,37.6612867,126.7485385,mid,CU 킨텍스원시티점,경기 고양시 일산동구 월드고양로 21 (장항동) 경기 고양시 일산동구 장항동 1762,verified,false,
밤가시버거 일산,경기 고양시 일산동구 일산로372번길 46,37.669082,126.784621,1387446120,https://map.naver.com/p/entry/place/1387446120,37.6690889,126.7846463,high,밤가시버거 일산,경기 고양시 일산동구 일산로372번길 46 경기 고양시 일산동구 정발산동 1350-4,verified,false,
남산옥,경기 고양시 덕양구 삼원로 83,37.638178,126.874959,1938489624,https://map.naver.com/p/entry/place/1938489624,37.6385562,126.874865,high,남산옥,"경기 고양시 덕양구 삼원로 83 101호,102호 경기 고양시 덕양구 원흥동 706",verified,false,
거풍스튜디오,경기 남양주시 별내면 청학로54번길 247,37.722912,127.136661,1464260745,https://map.naver.com/p/entry/place/1464260745,37.7228084,127.136441,high,거풍스튜디오,경기 남양주시 별내면 청학로54번길 247 경기 남양주시 별내면 용암리 338,verified,false,
양평 폐휴게소,경기 양평군 청운면 설악로 412,37.575475,127.747474,13503689,https://map.naver.com/p/entry/place/13503689,37.4969173,127.5259984,low,양평백운봉휴게소,경기 양평군 양평읍 경강로 2227 경기 양평군 양평읍 백안리 343-4,verified,false,
분당메모리얼파크,경기 성남시 분당구 새나리로 79,37.403590,127.163966,12388718,https://map.naver.com/p/entry/place/12388718,37.4034318,127.1639352,high,분당메모리얼파크,경기 성남시 분당구 새나리로 79 경기 성남시 분당구 야탑동 6,verified,false,
대원주유소,강원 화천군 사내면 포화로 1022,38.060638,127.514956,13309883,https://map.naver.com/p/entry/place/13309883,38.060577,127.514744,high,GS칼텍스 대원주유소,강원 화천군 사내면 포화로 1022 강원 화천군 사내면 사창리 870-1,verified,false,
자작도해수욕장,강원 고성군 죽왕면 문암진리,38.303749,128.544221,1238940361,https://map.naver.com/p/entry/place/1238940361,38.3094558,128.5417938,mid,강원고성 자작도해수욕장 주차장 전기차충전소,강원 고성군 죽왕면 문암진리 581-2,verified,false,
무릉계곡,강원 동해시 삼화동 산 267-3,37.464043,129.018192,21274258,https://map.naver.com/p/entry/place/21274258,37.4633249,129.0197639,high,무릉계곡입구,강원 동해시 삼화동,verified,false,
단양클레이사격장,충북 단양군 단양읍 노동장현로 207-17,36.962980,128.392429,,,,,failed,,,not_matched,false,
보타닉파크웨딩,서울 강서구 마곡중앙5로 6,37.567314,126.827555,94306527,https://map.naver.com/p/entry/place/94306527,37.5670371,126.8275778,high,보타닉파크웨딩,서울 강서구 마곡중앙5로 6 보타닉푸르지오시티 L층(로비층) 서울 강서구 마곡동 760,verified,false,
월드컵북로58길,서울 마포구 상암동 1701,37.582117,126.887873,,,,,failed,,,not_matched,false,
대신아파트,서울 영등포구 도신로60길 7,37.511156,126.917586,19011703,https://map.naver.com/p/entry/place/19011703,37.5112083,126.9174289,high,대신아파트,서울 영등포구 도신로60길 7 서울 영등포구 신길동 116-15,verified,false,
레스케이프 마크 다모르,서울 중구 퇴계로 67,37.559732,126.979523,1873443872,https://map.naver.com/p/entry/place/1873443872,37.5597339,126.9795465,high,레스케이프 마크 다모르,서울 중구 퇴계로 67 레스케이프 호텔 26층 서울 중구 회현동1가 210,verified,false,
레스케이프 라망 시크레,서울 중구 퇴계로 67,37.559732,126.979523,1282957326,https://map.naver.com/p/entry/place/1282957326,37.5596664,126.9795418,high,레스케이프 라망 시크레,서울 중구 퇴계로 67 레스케이프 호텔 26층 서울 중구 회현동1가 210,verified,false,
마들원,서울 노원구 공릉로62길 27-11,37.636415,127.071297,1353963866,https://map.naver.com/p/entry/place/1353963866,37.6364246,127.071305,high,마들원,서울 노원구 공릉로62길 27-11 서울 노원구 하계동 180-1,verified,false,
미루지항,인천 강화군 화도면 여차리 1002-1,37.594294,126.411658,1627304853,https://map.naver.com/p/entry/place/1627304853,37.5932697,126.411722,high,미루지항,인천 강화군 화도면 여차리 1002-2,verified,false,
CU 영종밀레시티점,인천 영종구 영종대로27번길 9,37.496438,126.480589,1610209888,https://map.naver.com/p/entry/place/1610209888,37.495123,126.4817181,high,CU 영종밀레시티점,"인천 영종구 영종대로27번길 9 (운서동) 창보밀레시티연립주택 1층 101, 102호 인천 영종구 운서동 2747-5",verified,false,
햇내로(1),인천 영종구 운서동 3047-1,37.497796,126.501968,,,,,failed,,,not_matched,false,
햇내로(2),인천 영종구 운서동 665-1,37.501645,126.501586,,,,,failed,,,not_matched,false,
영종순환로,인천 영종구 운북동 1329-4,37.507331,126.499252,,,,,failed,,,not_matched,false,
신도시북로,인천 영종구 운서동 2743-2,37.500906,126.487609,,,,,failed,,,not_matched,false,
한미서점,인천 제물포구 금곡로 9,37.472682,126.636655,94964607,https://map.naver.com/p/entry/place/94964607,37.4726427,126.6366427,high,한미서점,인천 제물포구 금곡로 9 인천 제물포구 금곡동 14-4,verified,false,
엔드테라스 파주점,경기 파주시 오도로 91,37.747759,126.719388,1696419624,https://map.naver.com/p/entry/place/1696419624,37.7477373,126.7195189,high,앤드테라스 파주점,경기 파주시 오도로 91 앤드테라스 경기 파주시 오도동 216-1,verified,false,
템스커피,경기 파주시 회동길 508,37.722852,126.693683,1182617857,https://map.naver.com/p/entry/place/1182617857,37.7227988,126.6937556,high,템스커피,경기 파주시 회동길 508 1층 101호 경기 파주시 문발동 627-3,verified,false,
GS25 후곡마을3단지점,경기 고양시 일산서구 후곡로 60,37.682319,126.766488,1071385524,https://map.naver.com/p/entry/place/1071385524,37.6803951,126.766907,high,GS25 후곡마을3단지점,경기 고양시 일산서구 후곡로 60 101호 (1-5호) 후곡마을3단지아파트 경기 고양시 일산서구 일산동 1069,verified,false,
수변공원,경기 고양시 일산동구 연리지로 17-2,37.657898,126.758320,1173871248,https://map.naver.com/p/entry/place/1173871248,37.6595344,126.7545597,mid,수변공원,경기 고양시 일산동구 연리지로 17-2 경기 고양시 일산동구 장항동 1798-1,verified,false,
저지클럽,경기 고양시 일산동구 일산로330번길 3,37.664998,126.784304,1492343390,https://map.naver.com/p/entry/place/1492343390,37.6650034,126.7843346,high,저지클럽,경기 고양시 일산동구 일산로330번길 3 101호 경기 고양시 일산동구 마두동 851-4,verified,false,
하나로마트 부천농협 본점,경기 부천시 원미구 신흥로 187,37.500425,126.776449,13373487,https://map.naver.com/p/entry/place/13373487,37.5004255,126.7765483,high,하나로마트 부천농협 본점,경기 부천시 원미구 신흥로 187 1층 경기 부천시 원미구 중동 1132,verified,false,
벚꽃마을,경기 부천시 원미구 상이로 46,37.493981,126.744771,32421675,https://map.naver.com/p/entry/place/32421675,37.4927525,126.7448956,mid,벚꽃마을세종경로당,경기 부천시 원미구 상이로 46 경기 부천시 원미구 상동 591,verified,false,
수원시립박물관,경기 수원시 팔달구 정조로 833,37.282705,127.015825,,,,,failed,,,not_matched,false,
수원화성박물관,경기 수원시 팔달구 창룡대로 21,37.282675,127.019002,13093608,https://map.naver.com/p/entry/place/13093608,37.2826896,127.018934,high,수원화성박물관,경기 수원시 팔달구 창룡대로 21 수원화성박물관 경기 수원시 팔달구 매향동 49,verified,false,
하산운동집,경기 성남시 분당구 두밀로123번길 66,37.375356,127.077946,,,,,failed,,,not_matched,false,
오산종합병원,경기 오산시 북삼미로 175,37.190936,127.061473,1514638854,https://map.naver.com/p/entry/place/1514638854,37.1909362,127.061473,high,오산종합병원,경기 오산시 북삼미로 175 경기 오산시 외삼미동 641,verified,false,
인터불고엑스코,대구 북구 유통단지로 80,35.906999,128.611286,13449869,https://map.naver.com/p/entry/place/13449869,35.906773,128.6111996,high,인터불고 엑스코 호텔,대구 북구 유통단지로 80 인터불고 엑스코 호텔 대구 북구 산격동 1674,verified,false,
엑스코로,대구 북구 산격동 1673,35.906752,128.612039,,,,,failed,,,not_matched,false,
계명대학교 성서캠퍼스,대구 달서구 달구벌대로 1095,35.855906,128.484579,12174294,https://map.naver.com/p/entry/place/12174294,35.8567399,128.489875,mid,계명대학교 성서캠퍼스행소박물관,대구 달서구 달구벌대로 1095 대구 달서구 신당동 1000-2,verified,false,
계명대학교 대명캠퍼스,대구 남구 명덕로 104,35.855523,128.579316,11591497,https://map.naver.com/p/entry/place/11591497,35.8542149,128.580525,high,계명대학교 대명캠퍼스,대구 남구 명덕로 104 대구 남구 대명동 2139-12,verified,false,
마곡중앙로,서울 강서구 마곡동 767-2,37.565948,126.826968,,,,,failed,,,not_matched,false,
놋다리문화공원,서울 강서구 마곡동 790-6,37.561973,126.836314,,,,,failed,,,not_matched,false,
월드컵북로(4단지앞),서울 마포구 상암동 1715,37.579999,126.887548,,,,,failed,,,not_matched,false,
켄싱턴호텔 여의도 뉴욕뉴욕,서울 영등포구 국회대로76길 16,37.530289,126.921969,32800178,https://map.naver.com/p/entry/place/32800178,37.5303474,126.9218654,high,켄싱턴호텔 여의도 뉴욕뉴욕,서울 영등포구 국회대로76길 16 켄싱턴호텔 여의도 1층 서울 영등포구 여의도동 13-3,verified,false,
의사당대로,서울 영등포구 의사당대로 26,37.526537,126.918107,,,,,failed,,,not_matched,false,
파리바게뜨 KBS여의도점,서울 영등포구 의사당대로 26,37.526537,126.918107,1601729330,https://map.naver.com/p/entry/place/1601729330,37.5267189,126.9181811,high,파리바게뜨 KBS여의도점,서울 영등포구 의사당대로 26 서울 영등포구 여의도동 17-9,verified,false,
여의도한강공원,서울 영등포구 여의도동 70-1,37.519089,126.942306,20349390,https://map.naver.com/p/entry/place/20349390,37.520465,126.9424463,high,여의도 한강공원민속놀이마당,서울 영등포구 여의도동,verified,false,
여의도한강공원,서울 영등포구 한강남자전거길 1451,37.530849,126.927746,13416869,https://map.naver.com/p/entry/place/13416869,37.5263232,126.9348268,mid,여의도 한강공원,서울 영등포구 여의동로 330 한강사업본부 여의도안내센터 서울 영등포구 여의도동 8,verified,false,
한강에서만난인어공주,서울 영등포구 한강남자전거길 1451,37.530849,126.927746,64502938,https://map.naver.com/p/entry/place/64502938,37.5313613,126.9298732,high,한강에서만난인어공주,서울 영등포구 한강남자전거길 1451 서울 영등포구 여의도동 84-9,verified,false,
영문빌딩,서울 영등포구 경인로77길 14,37.513006,126.892913,19006091,https://map.naver.com/p/entry/place/19006091,37.5129833,126.892875,high,영문빌딩,서울 영등포구 경인로77길 14 서울 영등포구 문래동2가 40-6,verified,false,
GS25 문래승호점,서울 영등포구 경인로77길 14,37.513006,126.892913,1565095274,https://map.naver.com/p/entry/place/1565095274,37.5129396,126.8927723,high,GS25 문래승호점,서울 영등포구 경인로77길 14 영문빌딩 1층 서울 영등포구 문래동2가 40-6,verified,false,
경인로74길,서울 영등포구 문래동1가 86-1,37.510086,126.893308,,,,,failed,,,not_matched,false,
대림동 우리시장,서울 영등포구 도림로64길 16-1,37.496458,126.905085,21856772,https://map.naver.com/p/entry/place/21856772,37.4969942,126.9047967,mid,우리시장,서울 영등포구 대림동 906-83,verified,false,
아울렛DC백화점,서울 금천구 독산로85길 22,37.472599,126.901819,1721350164,https://map.naver.com/p/entry/place/1721350164,37.4725956,126.9018095,high,아울렛DC백화점,서울 금천구 독산로85길 22 서울 금천구 독산동 989-11,verified,false,
현충로 육교,서울 동작구 흑석동 172-5,37.511529,126.960900,,,,,failed,,,not_matched,false,
르다,서울 용산구 올림픽대로 2085-96,37.508032,126.984552,1128610537,https://map.naver.com/p/entry/place/1128610537,37.5070362,126.9846176,high,르다,서울 용산구 올림픽대로 2085-96 THE RIVER 3층 서울 용산구 용산동6가 451,verified,false,
리버힐스파 웰니스센터,서울 용산구 유엔빌리지3길 183,37.536761,127.014257,1605948446,https://map.naver.com/p/entry/place/1605948446,37.5367352,127.0141338,high,리버힐스파 웰니스센터,서울 용산구 유엔빌리지3길 183 서울 용산구 한남동 777-3,verified,false,
아이파크몰 용산점,서울 용산구 한강대로23길 55,37.529772,126.964742,1791636481,https://map.naver.com/p/entry/place/1791636481,37.5294246,126.9651668,high,아이파크몰 용산점,서울 용산구 한강대로23길 55 서울 용산구 한강로3가 40-999,verified,false,
용산아이파크몰 달주차장,서울 용산구 한강대로23길 55,37.529772,126.964742,35940224,https://map.naver.com/p/entry/place/35940224,37.5297718,126.9647414,mid,아이파크몰 용산점 달 주차장,서울 용산구 한강대로23길 55 용산역 서울 용산구 한강로3가 40-999,verified,false,
열정갈비 본점,서울 용산구 백범로90라길 31,37.538734,126.969046,1076482643,https://map.naver.com/p/entry/place/1076482643,37.5387534,126.9690521,high,열정갈비 본점,서울 용산구 백범로90라길 31 1층 서울 용산구 원효로1가 121-69,verified,false,
남산타워,서울 용산구 용산동2가 산 1-3,37.548943,126.989404,1066834125,https://map.naver.com/p/entry/place/1066834125,37.5510548,126.9878822,mid,리치웰남산타워,서울 용산구 남산공원길 105 5층 전망대 입구 서울 용산구 용산동2가 산1-3,verified,false,
숭례문,서울 중구 세종대로 40,37.559928,126.975360,13491509,https://map.naver.com/p/entry/place/13491509,37.5599757,126.9753562,high,숭례문,서울 중구 세종대로 40 서울 중구 남대문로4가 29,verified,false,
덕수궁,서울 중구 세종대로 99,37.566087,126.973726,11571730,https://map.naver.com/p/entry/place/11571730,37.5660945,126.9749148,high,덕수궁,서울 중구 세종대로 99 덕수궁 서울 중구 정동 5-1,verified,false,
덕수궁돌담길,서울 중구 정동 34-22,37.564836,126.974531,,,,,failed,,,not_matched,false,
스테이트타워 남산,서울 중구 퇴계로 100,37.560207,126.982926,18692890,https://map.naver.com/p/entry/place/18692890,37.56025,126.9829249,high,스테이트타워남산,서울 중구 퇴계로 100 서울 중구 회현동2가 88,verified,false,
남산케이블카,서울 중구 소파로 83,37.556925,126.984078,11635171,https://map.naver.com/p/entry/place/11635171,37.5569427,126.9840884,high,남산케이블카,서울 중구 소파로 83 서울 중구 회현동1가 산1-19,verified,false,
삼순이계단,서울 중구 소파로 46,37.554549,126.981283,,,,,failed,,,not_matched,false,
어글리베이커스베이글 신당 본점,서울 중구 다산로40길 17,37.564028,127.017085,1420573437,https://map.naver.com/p/entry/place/1420573437,37.5640288,127.0171013,high,어글리베이커스베이글 신당 본점,서울 중구 다산로40길 17 서울 중구 신당동 112-6,verified,false,
종로12길,서울 종로구 청계천로 71,37.568783,126.985500,,,,,failed,,,not_matched,false,
장통교,서울 중구 삼각동 6,37.567922,126.985295,18689049,https://map.naver.com/p/entry/place/18689049,37.5683787,126.9856544,high,장통교,서울 중구 삼각동,verified,false,
청계천,서울 종로구 관철동 164-2,37.568526,126.985323,1451704655,https://map.naver.com/p/entry/place/1451704655,37.5686938,126.9856226,high,청계천 휴,서울 종로구 청계천로 71 청계천 휴 서울 종로구 관철동 32-4,verified,false,
서울역사박물관,서울 종로구 새문안로 55,37.570497,126.971075,11784657,https://map.naver.com/p/entry/place/11784657,37.5701433,126.9704375,high,서울역사박물관,서울 종로구 새문안로 55 서울역사박물관 서울 종로구 신문로2가 2-1,verified,false,
세종대로 사거리,서울 종로구 세종로 1-78,37.569760,126.977024,,,,,failed,,,not_matched,false,
KT광화문빌딩,서울 종로구 세종대로 178,37.572151,126.977792,31064234,https://map.naver.com/p/entry/place/31064234,37.57214,126.9779409,high,KT광화문빌딩West,서울 종로구 세종대로 178 서울 종로구 세종로 100,verified,false,
편안한집,서울 종로구 북촌로 133,37.587321,126.983323,1294110943,https://map.naver.com/p/entry/place/1294110943,37.587303,126.9833492,high,편안한집,서울 종로구 북촌로 133 서울 종로구 삼청동 27-3,verified,false,
창덕궁,서울 종로구 율곡로 99,37.578870,126.989710,12261493,https://map.naver.com/p/entry/place/12261493,37.5826041,126.9919376,mid,창덕궁,서울 종로구 율곡로 99 서울 종로구 와룡동 2-71,verified,false,
이노88타워,서울 종로구 율곡로 88,37.576808,126.988924,18668699,https://map.naver.com/p/entry/place/18668699,37.5768338,126.9889575,high,이노88 타워,서울 종로구 율곡로 88 서울 종로구 운니동 98-5,verified,false,
서순라길,서울 종로구 서순라길 149,37.576834,126.991586,,,,,failed,,,not_matched,false,
약령중앙로,서울 동대문구 약령중앙로 23-2,37.580501,127.036869,,,,,failed,,,not_matched,false,
인생한의원,서울 동대문구 약령동길 27,37.579569,127.037742,1898385498,https://map.naver.com/p/entry/place/1898385498,37.5795492,127.0377464,high,인생한의원,서울 동대문구 약령동길 27 서울 동대문구 제기동 1119-2,verified,false,
약령중앙로4길,서울 동대문구 약령동길 38,37.579942,127.037971,,,,,failed,,,not_matched,false,
그랜드 워커힐 서울 더파빌리온,서울 광진구 워커힐로 177,37.558629,127.111707,37093032,https://map.naver.com/p/entry/place/37093032,37.555169,127.1107738,mid,그랜드 워커힐 서울 더파빌리온,서울 광진구 워커힐로 177 그랜드 워커힐 서울 1층 로비 서울 광진구 광장동 22-1,verified,false,
달공칠 에비뉴,서울 성동구 독서당로 202,37.542968,127.013357,,,,,failed,,,not_matched,false,
벨레어 청담,서울 강남구 선릉로152길 30,37.524177,127.041921,1198957819,https://map.naver.com/p/entry/place/1198957819,37.5241815,127.0419409,high,벨레어 청담,서울 강남구 선릉로152길 30 5층 서울 강남구 청담동 91-3,verified,false,
오프닝,서울 강남구 도산대로34길 22,37.518882,127.031019,1376459277,https://map.naver.com/p/entry/place/1376459277,37.518891,127.0310895,high,오프닝,서울 강남구 도산대로34길 22 빌딩 모노폴 지하1층 서울 강남구 논현동 67-27,verified,false,
브링턴,서울 강남구 학동로42길 21,37.514138,127.036603,1169056797,https://map.naver.com/p/entry/place/1169056797,37.5142148,127.0365399,high,브링턴,"서울 강남구 학동로42길 21 1층 102호 (논현동, 규우빌딩) 서울 강남구 논현동 247 1층 102호 (, 규우빌딩)",verified,false,
파크 하얏트 서울,서울 강남구 테헤란로 606,37.508734,127.064282,11728211,https://map.naver.com/p/entry/place/11728211,37.5086243,127.0641468,high,파크 하얏트 서울,서울 강남구 테헤란로 606 서울 강남구 대치동 995-14,verified,false,
파크 하얏트 서울 더 팀버 하우스,서울 강남구 테헤란로 606,37.508734,127.064282,13411432,https://map.naver.com/p/entry/place/13411432,37.5086243,127.0641468,high,파크 하얏트 서울 더 팀버 하우스,서울 강남구 테헤란로 606 파크 하얏트 서울 더 팀버 하우스 서울 강남구 대치동 995-14,verified,false,
메종 드 플래터 스타시티서울 레스토랑,서울 강동구 구천면로 140,37.542278,127.120514,267802526,https://map.naver.com/p/entry/place/267802526,37.5422758,127.1204648,high,메종 드 플래터 스타시티서울 레스토랑,서울 강동구 구천면로 140 스타시티빌딩 7층 서울 강동구 천호동 469-1,verified,false,
인천공항 2터미널,인천 영종구 운서동 2868,37.468432,126.437521,2145066041,https://map.naver.com/p/entry/place/2145066041,37.4689039,126.4377125,high,냅존동편인천공항2터미널,"인천 영종구 제2터미널대로 446 , 4층 인천 영종구 운서동 2868",verified,false,
파라다이스시티 아트파라디소,인천 영종구 영종해안남로321번길 186,37.437412,126.455555,1340510096,https://map.naver.com/p/entry/place/1340510096,37.4370084,126.4578186,mid,아트파라디소,인천 영종구 영종해안남로321번길 186 아트파라디소 인천 영종구 운서동 2874,verified,false,
네스트호텔,인천 영종구 영종해안남로 19-5,37.424562,126.425382,32622112,https://map.naver.com/p/entry/place/32622112,37.4248966,126.4280242,high,네스트호텔,인천 영종구 영종해안남로 19-5 인천 영종구 운서동 2877,verified,false,
인천시민애집,인천 제물포구 신포로39번길 74,37.474391,126.622547,1090327649,https://map.naver.com/p/entry/place/1090327649,37.4743043,126.6227728,high,인천시민애집,인천 제물포구 신포로39번길 74 인천 제물포구 송학동1가 2-2,verified,false,
서울이엔지 삼월주유소,인천 서해구 경제로 70,37.536008,126.626313,1604788586,https://map.naver.com/p/entry/place/1604788586,37.5360403,126.6265612,high,GS칼텍스 서울이엔지 삼월주유소,인천 서해구 경제로 70 인천 서해구 청라동 92-18,verified,false,
하얀김,인천 계양구 계산로111번길 7,37.538094,126.724357,1683149670,https://map.naver.com/p/entry/place/1683149670,37.5381119,126.7243838,high,하얀김,인천 계양구 계산로111번길 7 하얀김 인천 계양구 계산동 967-6,verified,false,
계산시장입구,인천 계양구 계산시장길 24,37.540602,126.724622,,,,,failed,,,not_matched,false,
계산시장,인천 계양구 계산시장길 24,37.540602,126.724622,1270254700,https://map.naver.com/p/entry/place/1270254700,37.5404328,126.7246537,mid,계산시장 하림 옛날통닭,인천 계양구 계산시장길 22 하림옛날통닭 인천 계양구 계산동 959-7,verified,false,
히든가든,인천 연수구 넘말로79번길 58,37.429570,126.694259,,,,,failed,,,not_matched,false,
인천타워대로,인천 연수구 송도동 29-14,37.398930,126.631971,,,,,failed,,,not_matched,false,
컨벤시아대로,인천 연수구 해돋이로 130,37.393620,126.649681,,,,,failed,,,not_matched,false,
샤머니짐 송도점,인천 연수구 컨벤시아대로 81,37.394942,126.650165,1040543457,https://map.naver.com/p/entry/place/1040543457,37.3949506,126.6501747,high,샤머니짐 송도점,인천 연수구 컨벤시아대로 81 드림시티 7층 인천 연수구 송도동 3-2,verified,false,
센트럴로,인천 연수구 센트럴로 194,37.393786,126.641874,,,,,failed,,,not_matched,false,
MBC문화동산,경기 양주시 만송로 394-104,37.790206,127.102776,12443516,https://map.naver.com/p/entry/place/12443516,37.7915758,127.1021749,mid,MBC 문화동산,경기 양주시 삼숭동 208-1,verified,false,
명가,경기 양주시 장흥면 일영로 365-5,37.677418,126.922301,20773102,https://map.naver.com/p/entry/place/20773102,37.6771123,126.9225416,high,명가,경기 양주시 장흥면 일영로 363 경기 양주시 장흥면 삼하리 142-2,verified,false,
홍원연수원,경기 파주시 조리읍 삼릉로 53,37.741229,126.826947,12090122,https://map.naver.com/p/entry/place/12090122,37.7410031,126.8266785,high,홍원연수원,경기 파주시 조리읍 삼릉로 53 경기 파주시 조리읍 봉일천리 64-36,verified,false,
이마트 파주운정점,경기 파주시 한울로 123,37.710389,126.745102,20015345,https://map.naver.com/p/entry/place/20015345,37.7103966,126.7448344,high,이마트 파주운정점,경기 파주시 한울로 123 경기 파주시 동패동 1763,verified,false,
가평대교,경기 가평군 설악면 사룡리 산 140,37.707281,127.490481,1940812920,https://map.naver.com/p/entry/place/1940812920,37.7051883,127.4957824,mid,가평대교,경기 가평군 설악면 사룡리,verified,false,
아난티코드,경기 가평군 설악면 유명로 1007-90,37.624105,127.480109,37525274,https://map.naver.com/p/entry/place/37525274,37.6255759,127.4800034,high,아난티 코드,경기 가평군 설악면 유명로 1007-90 경기 가평군 설악면 방일리 653-4,verified,false,
화성행궁,경기 수원시 팔달구 정조로 825,37.281882,127.014394,31169145,https://map.naver.com/p/entry/place/31169145,37.2818785,127.0137602,high,화성행궁,경기 수원시 팔달구 정조로 825 경기 수원시 팔달구 남창동 6-2,verified,false,
메종디탈리,경기 성남시 수정구 설개로 39,37.419607,127.107741,1950859773,https://map.naver.com/p/entry/place/1950859773,37.4196542,127.1076838,high,메종디탈리,경기 성남시 수정구 설개로 39 경기 성남시 수정구 시흥동 63-5,verified,false,
느린마을양조장 야탑점,경기 성남시 분당구 장미로92번길 12,37.412730,127.130701,1831837569,https://map.naver.com/p/entry/place/1831837569,37.4127372,127.1307201,high,느린마을양조장 야탑점,경기 성남시 분당구 장미로92번길 12 지하1층 경기 성남시 분당구 야탑동 376-7,verified,false,
새말길329번길,경기 광주시 새말길329번길 19,37.383046,127.176213,,,,,failed,,,not_matched,false,
BTS버스정류장,강원 강릉시 주문진읍 향호리 8-39,37.912408,128.817104,1154013651,https://map.naver.com/p/entry/place/1154013651,37.9123611,128.8170946,high,bts 버스정류장,강원 강릉시 주문진읍 강원 강릉시 주문진읍 향호리 8-39,verified,false,
향호해변,강원 강릉시 주문진읍 향호리,37.903776,128.782778,15698326,https://map.naver.com/p/entry/place/15698326,37.912332,128.8176,low,향호해변,강원 강릉시 주문진읍 향호리,verified,false,
경포생태저류지,강원 강릉시 죽헌동 784,37.781732,128.882443,1346656418,https://map.naver.com/p/entry/place/1346656418,37.7805947,128.885129,high,경포생태저류지,강원 강릉시 죽헌동 745,verified,false,
콩두부한식(재개발),충북 청주시 서원구 충렬로 47-2,36.632664,127.474739,,,,,failed,,,not_matched,false,
신두리해수욕장,충남 태안군 원북면 신두리 1414-18,36.839961,126.189211,13491967,https://map.naver.com/p/entry/place/13491967,36.8399884,126.1892452,high,신두리해수욕장,충남 태안군 원북면 신두해변길 199 충남 태안군 원북면 신두리 1414-53,verified,false,
마도 해안절벽,충남 태안군 근흥면 신진도리 산11,36.683561,126.129123,,,,,failed,,,not_matched,false,
홍산현관아,충남 부여군 홍산면 동헌로 38,36.215270,126.755106,17741644,https://map.naver.com/p/entry/place/17741644,36.2150379,126.754868,high,홍산현관아,충남 부여군 홍산면 충남 부여군 홍산면 남촌리,verified,false,
전주향교,전북 전주시 완산구 향교길 139,35.812178,127.157227,13208787,https://map.naver.com/p/entry/place/13208787,35.8125189,127.1572064,high,전주향교,전북 전주시 완산구 향교길 139 전주향교 전북 전주시 완산구 교동 26-3,verified,false,
도청리쉼터,전북 부안군 변산면 도청리 산 26-34,35.586590,126.492359,1657317992,https://map.naver.com/p/entry/place/1657317992,35.5870532,126.4920223,high,도청리쉼터,전북 부안군 변산면 도청리 산26-34,verified,false,
요천로(광한루원앞),전북 남원시 요천로 1447,35.404132,127.380504,,,,,failed,,,not_matched,false,
대산동한주종택,경북 성주군 월항면 한개2길 43,35.930215,128.328461,15499971,https://map.naver.com/p/entry/place/15499971,35.9304723,128.3283299,high,대산동한주종택,경북 성주군 월항면 대산리,verified,false,
제주대학교병원,제주 제주시 아란13길 15,33.467209,126.545201,11624035,https://map.naver.com/p/entry/place/11624035,33.4671105,126.5452108,high,제주대학교병원,제주 제주시 아란13길 15 제주대학병원 제주 제주시 아라일동 1753-3,verified,false,
엠버퓨어힐 호텔&리조트 제주,제주 제주시 1100로 2671-30,33.424198,126.488001,1529286684,https://map.naver.com/p/entry/place/1529286684,33.4264501,126.4873406,high,엠버퓨어힐 호텔&리조트 제주,제주 제주시 1100로 2671-30 제주 제주시 노형동 산13,verified,false,
엠버리조트,제주 제주시 1100로 2671-51,33.423691,126.489455,,,,,failed,,,not_matched,false,
산굼부리 주차장,제주 제주시 조천읍 비자림로 768,33.434874,126.688504,17036891,https://map.naver.com/p/entry/place/17036891,33.4350762,126.6894249,mid,산굼부리분화구소형주차장,제주 제주시 조천읍 교래리 산38-2,verified,false,
산굼부리,제주 제주시 조천읍 비자림로 768,33.434874,126.688504,11491425,https://map.naver.com/p/entry/place/11491425,33.4342179,126.6887629,high,산굼부리,제주 제주시 조천읍 비자림로 768 제주 제주시 조천읍 교래리 342-2,verified,false,
신창풍차해안도로,제주 제주시 한경면 신창리 1481-22,33.343728,126.169516,,,,,failed,,,not_matched,false,
토끼섬,제주 제주시 구좌읍 하도리 산 85,33.523982,126.902719,13491625,https://map.naver.com/p/entry/place/13491625,33.5239512,126.9028626,high,토끼섬,제주 제주시 구좌읍 하도리,verified,false,
굴동포구,제주 제주시 구좌읍 하도리 385-12,33.522083,126.898861,21811978,https://map.naver.com/p/entry/place/21811978,33.5228728,126.8976176,high,굴동포구,제주 제주시 구좌읍 하도리 385-12,verified,false,
성읍녹차동굴,제주 서귀포시 표선면 성읍리 2192,33.381613,126.786882,2144980249,https://map.naver.com/p/entry/place/2144980249,33.3814054,126.7842748,high,성읍녹차동굴,제주 서귀포시 표선면 성읍리 2270,verified,false,
개화동집,서울 강서구 개화동로13길 26-10,37.577737,126.802347,,,,,failed,,,not_matched,false,
호남식당,서울 동대문구 경동시장로8길 32,37.580900,127.042512,2054994138,https://map.naver.com/p/entry/place/2054994138,37.5805817,127.0423368,mid,호남식당,서울 동대문구 홍릉로1가길 6 서울 동대문구 제기동 632-23,verified,false,
성아해물생선,서울 동대문구 왕산로33길 28,37.580581,127.041927,,,,,failed,,,not_matched,false,
SBS프리즘타워,서울 마포구 상암산로 82,37.579716,126.892774,18809476,https://map.naver.com/p/entry/place/18809476,37.5797906,126.8930901,high,SBS프리즘타워,서울 마포구 상암산로 82 SBS 프리즘 타워 서울 마포구 상암동 1607-1,verified,false,
샛강다리,서울 영등포구 여의도동 39,37.518721,126.919386,,,,,failed,,,not_matched,false,
서울마리나 클럽&요트,서울 영등포구 여의서로 160,37.534815,126.911584,,,,,failed,,,not_matched,false,
후암동집,서울 용산구 두텁바위로60길 78,37.548117,126.983904,,,,,failed,,,not_matched,false,
코끼리문방구,서울 은평구 연서로41길 11,37.625947,126.927656,1757636225,https://map.naver.com/p/entry/place/1757636225,37.625977,126.9276631,high,코끼리문방구,서울 은평구 연서로41길 11 서울 은평구 불광동 91-5,verified,false,
덕수궁 돌담길,서울 중구 정동 34-22,37.564836,126.974531,,,,,failed,,,not_matched,false,
문화교통,서울 중랑구 신내로4길 10,37.600737,127.097549,1962706533,https://map.naver.com/p/entry/place/1962706533,37.6006469,127.0971844,high,문화교통,서울 중랑구 신내로4길 10 서울 중랑구 신내동 494-19,verified,false,
신내동집,서울 중랑구 신내로4길 14,37.600869,127.097202,,,,,failed,,,not_matched,false,
소망김밥,서울 강서구 강서로 429,37.564003,126.839511,,,,,failed,,,not_matched,false,
생오리숯불구이(폐업),서울 은평구 증산로11길 14,37.587594,126.911092,,,,,failed,,,precheck:closed_place_name,false,
야끼니꾸요이땅,서울 은평구 응암로13길 11,37.589258,126.915923,1201349439,https://map.naver.com/p/entry/place/1201349439,37.5893276,126.9159573,high,야끼니꾸요이땅,서울 은평구 응암로13길 11 1층 야끼니꾸 요이땅 서울 은평구 응암동 599-1,verified,false,
증산동집,서울 은평구 증산로13가길 9-12,37.588809,126.909202,,,,,failed,,,not_matched,false,
매봉산로(월드컵파크3단지쪽),서울 마포구 상암동 1718,37.575118,126.890284,,,,,failed,,,not_matched,false,
성산자동차검사소,서울 마포구 월드컵로 220,37.567362,126.900670,1822479154,https://map.naver.com/p/entry/place/1822479154,37.5672752,126.9006165,high,성산자동차검사소구내식당,서울 마포구 월드컵로 220 서울 마포구 성산동 369-2,verified,false,
카페베이지크,서울 서대문구 연희로15길 31,37.568793,126.930229,1344278935,https://map.naver.com/p/entry/place/1344278935,37.5687928,126.9302286,high,카페 베이지크,서울 서대문구 연희로15길 31 2층 서울 서대문구 연희동 124-44,verified,false,
계림빌딩앞,서울 서대문구 연세로5가길 1,37.557051,126.936097,,,,,failed,,,not_matched,false,
명물길,서울 서대문구 창천동 31-94,37.557834,126.937579,,,,,failed,,,not_matched,false,
한강산책로(서울마리나리조트쪽),서울 영등포구 여의도동 81-8,37.534924,126.913194,,,,,failed,,,not_matched,false,
에프케이아이타워앞 택시정류장,서울 영등포구 여의대로 24,37.522180,126.919917,,,,,failed,,,not_matched,false,
원대구탕,서울 용산구 한강대로62가길 8,37.534694,126.974222,11560556,https://map.naver.com/p/entry/place/11560556,37.5346178,126.9742263,high,원대구탕,서울 용산구 한강대로62가길 8 원대구탕 서울 용산구 한강로1가 142-4,verified,false,
그린코너,서울 용산구 한강대로11길 26,37.525627,126.962367,,,,,failed,,,not_matched,false,
한강대로7길,서울 용산구 한강대로7길 30-39,37.525577,126.961936,,,,,failed,,,not_matched,false,
서울드래곤시티,서울 용산구 청파로20길 95,37.532168,126.960884,1433721445,https://map.naver.com/p/entry/place/1433721445,37.5318181,126.9627637,high,서울드래곤시티,서울 용산구 청파로20길 95 서울드래곤시티 서울 용산구 한강로3가 40-969,verified,false,
새창로49길,서울 용산구 새창로49길 3,37.533852,126.962881,,,,,failed,,,not_matched,false,
꾸띠자르당,서울 용산구 보광로 122-1,37.533734,126.994384,36868396,https://map.naver.com/p/entry/place/36868396,37.5337084,126.9942892,high,꾸띠자르당,"서울 용산구 보광로 122-1 1,2층 꾸띠자르당 서울 용산구 이태원동 131-34",verified,false,
뚝섬로,서울 용산구 한남동 773-17,37.537170,127.015638,,,,,failed,,,not_matched,false,
모노맨션 동국대점,서울 중구 서애로 13,37.561005,126.998076,1670315312,https://map.naver.com/p/entry/place/1670315312,37.5610426,126.9980508,high,모노맨션 동국대점,서울 중구 서애로 13 모노맨션 동국대점 서울 중구 필동3가 18-16,verified,false,
세종대로,서울 중구 태평로2가 17-3,37.565334,126.977698,,,,,failed,,,not_matched,false,
알유스포츠 계동점,서울 종로구 창덕궁길 19,37.578233,126.988566,1646234305,https://map.naver.com/p/entry/place/1646234305,37.578198,126.9882365,high,알유스포츠 계동점,서울 종로구 창덕궁길 19 알유스포츠 계동점 서울 종로구 원서동 181,verified,false,
선운각,서울 강북구 삼양로173길 223,37.655516,126.998709,1534254210,https://map.naver.com/p/entry/place/1534254210,37.6556724,126.9998787,high,선운각,서울 강북구 삼양로173길 223 선운각 서울 강북구 우이동 260-6,verified,false,
화랑대 철도공원,서울 노원구 공릉동 29-4,37.624492,127.093103,1030128396,https://map.naver.com/p/entry/place/1030128396,37.6244509,127.0930898,high,노원구 화랑대 철도공원,서울 노원구 화랑로 608 (공릉동) 야외 서울 노원구 공릉동 29-4,verified,false,
독서당로62가길,서울 성동구 독서당로62가길 66,37.548445,127.031698,,,,,failed,,,not_matched,false,
제일인력개발,서울 성동구 광나루로 337,37.548512,127.067235,36873843,https://map.naver.com/p/entry/place/36873843,37.5485253,127.0672094,high,제일인력개발,서울 성동구 광나루로 337 3층 서울 성동구 송정동 79-2,verified,false,
LIE SANGBONG,서울 강남구 도산대로 451,37.524371,127.045729,12009801,https://map.naver.com/p/entry/place/12009801,37.5243034,127.0457403,high,LIE SANGBONG,서울 강남구 도산대로 451 LIE SANGBONG 서울 강남구 청담동 97-6,verified,false,
하이테이블 차병원사거리점,서울 강남구 논현로 604,37.507648,127.034040,,,,,failed,,,not_matched,false,
대진디자인고등학교,서울 강남구 광평로39길 93,37.490428,127.095979,12003585,https://map.naver.com/p/entry/place/12003585,37.4904475,127.0962121,high,대진디자인고등학교,서울 강남구 광평로39길 93 대진디자인고등학교 서울 강남구 수서동 733,verified,false,
인천서구 장애인종합복지관,인천 검단구 드림로 284-8,37.583409,126.671091,12374405,https://map.naver.com/p/entry/place/12374405,37.5835494,126.6709178,high,인천서구 장애인종합복지관,인천 검단구 드림로 284-8 인천 검단구 백석동 86-15,verified,false,
원창로,인천 서해구 원창로 92,37.517593,126.659320,,,,,failed,,,not_matched,false,
인천서구견인보관소,인천 서해구 경명대로 265,37.557984,126.638841,38495383,https://map.naver.com/p/entry/place/38495383,37.5579233,126.638834,mid,인천광역시서해구견인보관소,인천 서해구 경명대로 265 인천 서해구 경서동 374-10,verified,false,
인천서구가족센터,인천 서해구 경명대로693번길 6,37.552568,126.685839,34761223,https://map.naver.com/p/entry/place/34761223,37.5525541,126.6859064,high,인천서구가족센터,인천 서해구 경명대로693번길 6 인천서구가족센터 인천 서해구 공촌동 305,verified,false,
영종대로(1),인천 영종구 은하수로 104,37.495091,126.571850,,,,,failed,,,not_matched,false,
영종대로(2),인천 영종구 중산동 1994,37.491401,126.568626,,,,,failed,,,not_matched,false,
은하수로75번길,인천 영종구 중산동 2000,37.490236,126.570693,,,,,failed,,,not_matched,false,
자연대로,인천 영종구 자연대로 47,37.488696,126.559048,,,,,failed,,,not_matched,false,
문테라스,인천 제물포구 월미로 219,37.476417,126.600017,1502626949,https://map.naver.com/p/entry/place/1502626949,37.4764105,126.6000086,high,문테라스,인천 제물포구 월미로 219 1~3층 인천 제물포구 북성동1가 98-234,verified,false,
어촌로,인천 제물포구 만석동 36-11,37.481961,126.621212,,,,,failed,,,not_matched,false,
인하대학교,인천 미추홀구 인하로 100,37.451482,126.651351,11591624,https://map.naver.com/p/entry/place/11591624,37.4507292,126.6538126,high,인하대학교용현캠퍼스,인천 미추홀구 인하로 100 인천 미추홀구 용현동 88-21,verified,false,
만수주공3단지,인천 남동구 백범로124번길 16,37.456154,126.735809,1651794732,https://map.naver.com/p/entry/place/1651794732,37.4550255,126.7350097,high,만수주공3단지아파트,인천 남동구 백범로124번길 16 인천 남동구 만수동 46,verified,false,
더엘엑스 솔라가드 프리미엄 논현동 본점,인천 남동구 에코중앙로150번길 19,37.390391,126.726358,1258466981,https://map.naver.com/p/entry/place/1258466981,37.3902657,126.7262677,high,더엘엑스 솔라가드 프리미엄 논현동 본점,인천 남동구 에코중앙로150번길 19 인천 남동구 논현동 767-10,verified,false,
테크노파크로,인천 연수구 송도동 78-1,37.388277,126.637944,,,,,failed,,,not_matched,false,
블리스버거 연천점,경기 연천군 군남면 청정로 2281,38.029914,127.039053,1060887485,https://map.naver.com/p/entry/place/1060887485,38.0299096,127.0390967,high,블리스버거 연천점,경기 연천군 군남면 청정로 2281 군남교회 경기 연천군 군남면 황지리 346-2,verified,false,
두리랜드,경기 양주시 장흥면 권율로 120,37.724634,126.950163,13001939,https://map.naver.com/p/entry/place/13001939,37.7250601,126.9505301,high,두리랜드,경기 양주시 장흥면 권율로 120 경기 양주시 장흥면 일영리 44-18,verified,false,
의정부버스터미널,경기 의정부시 동일로 640,37.745212,127.055078,13034103,https://map.naver.com/p/entry/place/13034103,37.7450762,127.0551374,high,의정부시외버스터미널,경기 의정부시 동일로 640 경기 의정부시 금오동 369-21,verified,false,
이비가짬뽕 의정부용현점,경기 의정부시 시민로 440,37.732099,127.081490,36812805,https://map.naver.com/p/entry/place/36812805,37.7321046,127.0815143,high,이비가짬뽕 의정부용현점,경기 의정부시 시민로 440 경기 의정부시 용현동 211,verified,false,
효자그린빌,경기 파주시 탄현면 여치길 77,37.770161,126.701842,19312646,https://map.naver.com/p/entry/place/19312646,37.7711642,126.7023343,high,효자그린빌,경기 파주시 탄현면 여치길 77 경기 파주시 탄현면 법흥리 1566,verified,false,
로터스 공식 서비스센터,경기 고양시 일산서구 덕이로 40,37.689982,126.755086,1663958767,https://map.naver.com/p/entry/place/1663958767,37.6901751,126.7554199,high,로터스 공식 서비스센터,경기 고양시 일산서구 덕이로 40 경기 고양시 일산서구 덕이동 450-2,verified,false,
바버샵 웰던 맨즈헤어,경기 고양시 일산동구 중앙로1275번길 38-31,37.660480,126.769588,1102477746,https://map.naver.com/p/entry/place/1102477746,37.6606238,126.7696745,high,바버샵 웰던 맨즈헤어,경기 고양시 일산동구 중앙로1275번길 38-31 라페스타A동 1층 108호 경기 고양시 일산동구 장항동 766,verified,false,
긴자 일산점,경기 고양시 일산동구 무궁화로 359,37.677814,126.799135,1109542684,https://map.naver.com/p/entry/place/1109542684,37.6777313,126.7990355,high,긴자 일산점,경기 고양시 일산동구 무궁화로 359 3층 긴자 일산점 경기 고양시 일산동구 식사동 833-14,verified,false,
일상피트니스 삼송역점,경기 고양시 덕양구 통일로214번길 6,37.654926,126.898426,1164472236,https://map.naver.com/p/entry/place/1164472236,37.6549256,126.8984264,high,일상피트니스 PT 삼송역점,경기 고양시 덕양구 통일로214번길 6 일상피트니스 경기 고양시 덕양구 지축동 766-172,verified,false,
삼송마을LH16단지아파트,경기 고양시 덕양구 세솔로 149,37.651587,126.883270,31690161,https://map.naver.com/p/entry/place/31690161,37.6528445,126.8832253,mid,LH삼송마을16단지아파트,경기 고양시 덕양구 세솔로 149 경기 고양시 덕양구 원흥동 677,verified,false,
오엘크루 행신점,경기 고양시 덕양구 행신로 266,37.618766,126.844688,1551980359,https://map.naver.com/p/entry/place/1551980359,37.6187633,126.8446622,mid,여성전용 힙업 그룹PT 오엘크루 행신점,경기 고양시 덕양구 행신로 266 6층 경기 고양시 덕양구 행신동 1081-2,verified,false,
피스키스 뮤직스튜디오,경기 고양시 덕양구 삼원로 83,37.638178,126.874959,1969728360,https://map.naver.com/p/entry/place/1969728360,37.6381784,126.8749594,high,피스키스 뮤직 스튜디오,경기 고양시 덕양구 삼원로 83 817호 경기 고양시 덕양구 원흥동 706,verified,false,
바그 서오릉 직영점,경기 고양시 덕양구 용두로121번길 110,37.624467,126.891436,1873174157,https://map.naver.com/p/entry/place/1873174157,37.6244674,126.8914356,mid,바그 수제버거 서오릉 직영점,경기 고양시 덕양구 용두로121번길 110 2층 경기 고양시 덕양구 용두동 361-231,verified,false,
강매석교공원 주차장,경기 고양시 덕양구 강매동 652-6,37.598034,126.834360,,,,,failed,,,not_matched,false,
더작심스터디카페 김포걸포점,경기 김포시 걸포2로 33,37.633280,126.703673,1473193001,https://map.naver.com/p/entry/place/1473193001,37.6332939,126.7036917,high,더작심스터디카페 김포걸포점,경기 김포시 걸포2로 33 SH1012Tower 7층 경기 김포시 걸포동 1602,verified,false,
서울여성병원 부천점,경기 부천시 원미구 길주로 84,37.505255,126.751596,37294155,https://map.naver.com/p/entry/place/37294155,37.5052657,126.751629,mid,서울여성병원부천 난임클리닉,경기 부천시 원미구 길주로 84 경기 부천시 원미구 상동 544-2,verified,false,
이비가짬뽕 부천까치울역점,경기 부천시 오정구 까치로74번길 27,37.512707,126.808309,37057240,https://map.naver.com/p/entry/place/37057240,37.5127002,126.8083369,high,이비가짬뽕 부천까치울역점,경기 부천시 오정구 까치로74번길 27 경기 부천시 오정구 작동 111-22,verified,false,
암사대교아래,경기 구리시 아천동 1,37.571817,127.129118,,,,,failed,,,not_matched,false,
늘푸른자연학교,경기 여주시 점동면 성주로 946,37.184514,127.683019,1784968491,https://map.naver.com/p/entry/place/1784968491,37.1845223,127.6829976,high,늘푸른자연학교,경기 여주시 점동면 성주로 946 경기 여주시 점동면 당진리 262-1,verified,false,
대성사,경기 여주시 금사면 외평리 454,37.390513,127.510803,2028530613,https://map.naver.com/p/entry/place/2028530613,37.390512,127.510802,high,대성사,경기 여주시 금사면 외평리 454,verified,false,
안성장례식장(폐업),경기 안성시 능길 35-1,36.996291,127.256759,,,,,failed,,,precheck:closed_place_name,false,
춘천대교,강원 춘천시 근화동 609,37.887001,127.710017,1315884072,https://map.naver.com/p/entry/place/1315884072,37.8885431,127.7088403,high,춘천대교,강원 춘천시 근화동,verified,false,
돌모루하우스낚시터,강원 원주시 소초면 흥양리 1649-3,37.381691,127.975049,13432628,https://map.naver.com/p/entry/place/13432628,37.3816806,127.9750227,high,돌모루하우스낚시터,강원 원주시 소초면 흥양리 1649-3,verified,false,
폐리조트,강원 고성군 간성읍 흘리령길 52,38.264866,128.377077,,,,,failed,,,not_matched,false,
부남해변,강원 삼척시 근덕면 부남리 84,37.361138,129.251464,19596946,https://map.naver.com/p/entry/place/19596946,37.3585792,129.24915,mid,부남해변길,강원 삼척시 근덕면 부남리,verified,false,
정북동 토성,충북 청주시 청원구 정북동 353-2,36.688887,127.455351,20054897,https://map.naver.com/p/entry/place/20054897,36.6888929,127.4554374,high,정북동 토성,충북 청주시 청원구 정북동 353-2,verified,false,
대전대학교 맥센터,대전 동구 용운동 41,36.336514,127.462884,16247354,https://map.naver.com/p/entry/place/16247354,36.3359746,127.4629825,high,대전대학교맥센터,대전 동구 용운동 41,verified,false,
디오토몰,대전 유성구 복용동로 35,36.338398,127.320332,1015012436,https://map.naver.com/p/entry/place/1015012436,36.3383978,127.3203322,high,디오토몰,대전 유성구 복용동로 35 대전 유성구 복용동 236,verified,false,
수청중앙로,충남 당진시 수청동 2281,36.893514,126.651092,,,,,failed,,,not_matched,false,
오토메카 부설주차장,충남 천안시 서북구 2공단4로 40-6,36.849225,127.121460,,,,,failed,,,not_matched,false,
천안G1비즈캠퍼스,충남 천안시 서북구 2공단4로 40-11,36.848678,127.122085,1928017565,https://map.naver.com/p/entry/place/1928017565,36.8489117,127.122223,mid,천안G1비즈캠퍼스부동산관리,충남 천안시 서북구 성성동 336-4,verified,false,
천안교도소,충남 천안시 서북구 성거읍 상고1길 127,,,36831874,https://map.naver.com/p/entry/place/36831874,36.8584991,127.1625565,mid,천안교도소앞삼거리,충남 천안시 서북구 신당동,verified,false,
서혜원,충남 태안군 이원면 발전로 939,36.897411,126.278031,20665309,https://map.naver.com/p/entry/place/20665309,36.897409,126.2780135,high,서혜원,충남 태안군 이원면 발전로 939 충남 태안군 이원면 관리 1058-1,verified,false,
세종충남대학교병원,세종 보듬7로 20,36.519513,127.257943,1574399219,https://map.naver.com/p/entry/place/1574399219,36.5195068,127.2580882,mid,세종충남대학교병원,세종 보듬7로 20 세종 도담동 407,verified,false,
군산초등학교,전북 군산시 중앙로 170,35.987985,126.712544,693979155,https://map.naver.com/p/entry/place/693979155,35.9876787,126.7128283,high,군산초등학교(구),전북 군산시 중앙로 170 군산초등학교 전북 군산시 중앙로1가 13-1,verified,false,
월명로,전북 군산시 수송동 52-21,35.955734,126.715652,,,,,failed,,,not_matched,false,
전북특별자치도종합사격장,전북 임실군 청웅면 청운로 168-46,35.587008,127.192941,13338277,https://map.naver.com/p/entry/place/13338277,35.5859843,127.192892,high,전북특별자치도종합사격장,전북 임실군 청웅면 청운로 168-46 전북 임실군 청웅면 구고리 946-1,verified,false,
청웅저수지,전북 임실군 청웅면 두복리 산 86-8,35.581109,127.187592,17652552,https://map.naver.com/p/entry/place/17652552,35.5808749,127.188775,high,청웅저수지,전북 임실군 청웅면 두복리 산86-4,verified,false,
창제리,전북 김제시 광활면 창제리 1097-2,35.823470,126.709603,19640551,https://map.naver.com/p/entry/place/19640551,35.8379383,126.7143517,low,창제2길,전북 김제시 광활면 창제리,verified,false,
천사대교,전남광주통합특별시 신안군 암태면 당사리 산 129,34.874935,126.183176,35966737,https://map.naver.com/p/entry/place/35966737,34.8604486,126.1903723,mid,천사대교,전남광주 신안군 암태면 당사리,verified,false,
자은고교여객선터미널,전남광주통합특별시 신안군 자은면 중부로 3627-49,34.918003,126.089323,1265975708,https://map.naver.com/p/entry/place/1265975708,34.9179943,126.0893117,high,자은고교여객선터미널,전남광주 신안군 자은면 전남광주 신안군 자은면 한운리 1-11,verified,false,
자은고교선착장,전남광주통합특별시 신안군 자은면 한운리,34.920776,126.069272,1722834928,https://map.naver.com/p/entry/place/1722834928,34.9179932,126.090628,mid,자은선착장,전남광주 신안군 자은면 전남광주 신안군 자은면 한운리 1-7,verified,false,
한운길,전남광주통합특별시 신안군 자은면 한운리 307-11,34.922196,126.075198,,,,,failed,,,not_matched,false,
둔장어촌체험휴양마을,전남광주통합특별시 신안군 자은면 둔장길 47-47,34.915617,126.057917,,,,,failed,,,not_matched,false,
사월포길,전남광주통합특별시 신안군 자은면 고장리 426-6,34.916159,126.039810,,,,,failed,,,not_matched,false,
송공여객선터미널,전남광주통합특별시 신안군 압해읍 압해로 1846-1,34.848498,126.226893,17451892,https://map.naver.com/p/entry/place/17451892,34.848512,126.2269297,high,송공여객선터미널,전남광주 신안군 압해읍 압해로 1836 전남광주 신안군 압해읍 송공리 718-23,verified,false,
로또분식,부산 서구 망양로175번길 13-12,35.115159,129.024900,37947833,https://map.naver.com/p/entry/place/37947833,35.1151588,129.0248944,high,로또분식,부산 서구 망양로175번길 13-12 부산 서구 동대신동2가 79-141,verified,false,
부산항연안여객터미널,부산 중구 충장대로 24,35.102896,129.041471,13315812,https://map.naver.com/p/entry/place/13315812,35.1026501,129.0419879,high,부산항 연안여객터미널,부산 중구 충장대로 24 부산 중구 중앙동4가 15-3,verified,false,
반도보라할인마트,부산 영도구 해안산책길 20,35.083075,129.040193,16740775,https://map.naver.com/p/entry/place/16740775,35.08317,129.040158,high,반도보라할인마트,부산 영도구 해안산책길 20 부산 영도구 영선동4가 186-46,verified,false,
신선중학교,부산 영도구 복지관길 40,35.080318,129.045851,12005971,https://map.naver.com/p/entry/place/12005971,35.0806739,129.0453817,high,신선중학교,부산 영도구 복지관길 40 신선중학교 부산 영도구 신선동3가 110-1,verified,false,
흰여울길,부산 영도구 흰여울길 53,35.079260,129.044231,,,,,failed,,,not_matched,false,
흰여울마을 해안산책로,부산 영도구 영선동4가 605-6,35.079741,129.042816,,,,,failed,,,not_matched,false,
감지해변,부산 영도구 동삼동 1052-3,35.059829,129.077588,13490865,https://map.naver.com/p/entry/place/13490865,35.0606586,129.0770167,high,감지해변,부산 영도구 동삼동,verified,false,
해양힐링로,부산 영도구 동삼동 산33-6,35.063930,129.068286,,,,,failed,,,not_matched,false,
미나토카시이도로,"2-chōme-1 Minatokashii, Higashi Ward, Fukuoka, 813-0019 일본",,,,,,,failed,,,not_matched,false,
하카타항국제터미널 주차장,"14 Okihamamachi, Hakata Ward, Fukuoka, 812-0031 일본",,,,,,,failed,,,not_matched,false,
C.Sビル,"Fukuoka, Chuo Ward, Daimyo, 2 Chome-1-57",,,,,,,failed,,,not_matched,false,
多門ビル,"3-chōme-4 Nakasu, Hakata Ward, Fukuoka, 810-0801 일본",,,,,,,failed,,,not_matched,false,
多門通り,"Fukuoka, Hakata Ward, Nakasu, 3 Chome-3-8",,,,,,,failed,,,not_matched,false,
강변한신코아아파트,서울 마포구 마포대로4다길 18,37.536326,126.943912,,,,,failed,,,not_matched,false,
多門Build’83,"3-chōme-3 Nakasu, Hakata Ward, Fukuoka",,,,,,,failed,,,not_matched,false,
パパヒロヤ 中洲のドラッグストア,"Fukuoka, Hakata Ward, Nakasu, 2 Chome-5-18 20ラインビル 1階",,,,,,,failed,,,not_matched,false,
ラインビル,"2-chōme-5 Nakasu, Hakata Ward, Fukuoka",,,,,,,failed,,,not_matched,false,
Nakagawa St,"2 Chome-3-11 Nakasu, Hakata Ward, Fukuoka, 810-0801 일본",,,,,,,failed,,,not_matched,false,
大丸別荘,"1 Chome-20-1 Yumachi, Chikushino, Fukuoka 818-0058 일본",,,,,,,failed,,,not_matched,false,
ブラザーズジム,"4 Chome-3-12 Nabeshima, Saga, 849-0937 일본",,,,,,,failed,,,not_matched,false,
照葉浅部クリニック,"2 Chome-2-7 Kashiiteriha, Higashi Ward, Fukuoka",,,,,,,failed,,,not_matched,false,
Kashiiteriha St,"7-chōme-1 Kashiiteriha, Higashi Ward, Fukuoka",,,,,,,failed,,,not_matched,false,
はかた近代ビル,"1-chōme-1 Hakataekihigashi, Hakata Ward, Fukuoka",,,,,,,failed,,,not_matched,false,
高橋ビル옆주차장,"2-chōme-5-7 Ropponmatsu, Chuo Ward, Fukuoka",,,,,,,failed,,,not_matched,false,
タイムスペース 今泉第9,"1 Chome-18-45 Imaizumi, Chuo Ward, Fukuoka",,,,,,,failed,,,not_matched,false,
高祖神社,"1240 Takasu, Itoshima, Fukuoka",,,,,,,failed,,,not_matched,false,
宝来軒,"20-21 Shinmachi, Tagawa, Fukuoka",,,,,,,failed,,,not_matched,false,
후쿠오카 컨벤션 센터앞 주차장,"2-2 Sekijomachi, Hakata Ward, Fukuoka",,,,,,,failed,,,not_matched,false,
児童会館通り,"1 Chome-16-12 Imaizumi, Chuo Ward, Fukuoka",,,,,,,failed,,,not_matched,false,
金田駅,"후쿠오카현 Tagawa District, 후쿠치마치 가나다",,,,,,,failed,,,not_matched,false,
唐津市歴史民俗資料館,"7181 Kaigandori, Karatsu, Saga",,,,,,,failed,,,not_matched,false,
ベスト電器みすず庵共同ビル,"1 Chome-9-1 Tenjin, Chuo Ward, Fukuoka",,,,,,,failed,,,not_matched,false,
연남부동산,서울 마포구 성미산로 167-1,37.564443,126.924817,,,,,failed,,,not_matched,false,
은행어린이공원,서울 마포구 성미산로29길 17-3,37.564630,126.922417,18799220,https://map.naver.com/p/entry/place/18799220,37.5646342,126.9222894,mid,은행나무어린이공원,서울 마포구 연남동,verified,false,
연남동집,서울 마포구 성미산로29길 4,37.564404,126.922953,,,,,failed,,,not_matched,false,
신흥아파트3차,서울 마포구 성미산로29길 45,37.566004,126.921670,,,,,failed,,,not_matched,false,
레드문516,서울 마포구 월드컵북로 94,37.562037,126.915063,,,,,failed,,,not_matched,false,
동림아파트,서울 서대문구 포방터2길 59,37.596906,126.951059,18756478,https://map.naver.com/p/entry/place/18756478,37.596907,126.951013,high,동림아파트,서울 서대문구 포방터2길 59 서울 서대문구 홍은동 8-476,verified,false,
새마을금고,서울 은평구 진흥로 77,37.603945,126.921272,13406034,https://map.naver.com/p/entry/place/13406034,37.5978383,126.910852,mid,은평새마을금고,서울 은평구 은평로 26 은평새마을금고 서울 은평구 신사동 29-11,verified,false,
청계상가,서울 중구 청계천로 160,37.567980,126.995365,18701553,https://map.naver.com/p/entry/place/18701553,37.5674264,126.9954689,high,청계상가,서울 중구 청계천로 160 서울 중구 산림동 207-1,verified,false,
불광천,서울 은평구 증산로 315,37.585070,126.910467,18682357,https://map.naver.com/p/entry/place/18682357,37.5981787,126.9159888,mid,불광천,서울 은평구 응암동,verified,false,
연남동,서울 마포구 성미산로26길 29,37.562606,126.923178,,,,,failed,,,not_matched,false,
동교로41길,서울 마포구 동교로41길 31,37.563648,126.923197,,,,,failed,,,not_matched,false,
양천문화회관,서울 양천구 목동서로 367,37.516521,126.863340,13284161,https://map.naver.com/p/entry/place/13284161,37.51629,126.86326,high,양천문화회관,서울 양천구 목동서로 367 양천문화회관 서울 양천구 신정동 322,verified,false,
해운빌딩,서울 용산구 한강대로15길 19-19,37.525345,126.962825,18725247,https://map.naver.com/p/entry/place/18725247,37.5253405,126.9628366,high,해운빌딩,서울 용산구 한강대로15길 19-19 서울 용산구 한강로3가 40-642,verified,false,
김포관상어공판장,서울 종로구 종로44길 69,37.570810,127.014195,1095601461,https://map.naver.com/p/entry/place/1095601461,37.5707991,127.0141679,high,김포관상어공판장,서울 종로구 종로44길 69 1층 서울 종로구 창신동 413-1,verified,false,
후니네,서울 종로구 청계천로 331,37.570113,127.014774,1015090532,https://map.naver.com/p/entry/place/1015090532,37.5701651,127.0144073,high,후니네,서울 종로구 청계천로 331 동대문상가.일신파워빌딩 서울 종로구 창신동 436-64,verified,false,
이마트24 덕성여대후문점(폐업),서울 도봉구 우이천로 446-3,37.653196,127.017120,,,,,failed,,,precheck:closed_place_name,false,
동아운수 우이동영업소,서울 강북구 삼양로 648,37.660943,127.013721,,,,,failed,,,not_matched,false,
대한민국 국가정보원,서울 서초구 내곡동,37.458246,127.076917,,,,,failed,,,not_matched,false,
인천공항 D주차장,인천 영종구 운서동 2851,37.447841,126.452570,,,,,failed,,,not_matched,false,
자유공원남로,인천 제물포구 자유공원남로 35,37.474230,126.623417,,,,,failed,,,not_matched,false,
고양시립 백석도서관,경기 고양시 일산동구 일산로 118,37.647218,126.793628,11592053,https://map.naver.com/p/entry/place/11592053,37.647238,126.7937877,high,고양시립 백석도서관(2027년 3월 예정),경기 고양시 일산동구 일산로 118 경기 고양시 일산동구 백석동 1231,verified,false,
통일로,경기 고양시 덕양구 통일로 937-81,37.699714,126.852988,,,,,failed,,,not_matched,false,
반도유스퀘어,경기 고양시 덕양구 삼송로 12,37.649617,126.875531,38495248,https://map.naver.com/p/entry/place/38495248,37.6496413,126.8755192,high,반도유스퀘어,경기 고양시 덕양구 삼송로 12 경기 고양시 덕양구 원흥동 629-1,verified,false,
진주종합상가,경기 남양주시 오남읍 진건오남로 629-1,37.689270,127.211729,18201577,https://map.naver.com/p/entry/place/18201577,37.6893719,127.2117828,high,진주종합상가,경기 남양주시 오남읍 진건오남로 629-1 경기 남양주시 오남읍 오남리 683-7,verified,false,
원미종합시장,경기 부천시 원미구 원미동 93,37.494468,126.790016,13305268,https://map.naver.com/p/entry/place/13305268,37.4936774,126.7901842,high,원미종합시장,경기 부천시 원미구 조종로49번길 21-3 경기 부천시 원미구 원미동 97-12,verified,false,
천안슈퍼,경기 광명시 가림로201번길 13,,,,,,,failed,,,not_matched,false,
평촌청솔학원,경기 안양시 동안구 평촌대로 121,37.382884,126.959739,20991988,https://map.naver.com/p/entry/place/20991988,37.3829299,126.9597806,high,평촌청솔학원,경기 안양시 동안구 평촌대로 121 문원빌딩 경기 안양시 동안구 호계동 1065-3,verified,false,
오성치킨,경기 군포시 금재로 8,37.361768,126.941923,1772373976,https://map.naver.com/p/entry/place/1772373976,37.3620081,126.9417115,high,오성치킨,경기 군포시 금재로 4 경기 군포시 금정동 744-1,verified,false,
성남국빈관나이트,경기 성남시 중원구 산성대로 176-7,37.435882,127.139391,,,,,failed,,,not_matched,false,
죽백초등학교,경기 평택시 죽백1길 41,37.013627,127.137523,12313377,https://map.naver.com/p/entry/place/12313377,37.0136079,127.13755,high,죽백초등학교,경기 평택시 죽백1길 41 경기 평택시 죽백동 36-2,verified,false,
세명대학교 학술정보원,충북 제천시 세명로 65,37.173842,128.196159,,,,,failed,,,not_matched,false,
플러스모텔,충북 충주시 삼원로 47,36.972590,127.917803,17523160,https://map.naver.com/p/entry/place/17523160,36.9725759,127.9177725,high,플러스모텔,충북 충주시 삼원로 47 충북 충주시 봉방동 236-2,verified,false,
서현장로교회,충북 충주시 삼원로 53,36.972766,127.918150,1060174206,https://map.naver.com/p/entry/place/1060174206,36.9726916,127.9183599,high,서현장로교회,충북 충주시 삼원로 53 충북 충주시 봉방동 236,verified,false,
주공아파트,충북 청주시 서원구 쌍샘로 84,36.626869,127.474396,,,,,failed,,,not_matched,false,
(구)홍성여자고등학교,충남 홍성군 홍성읍 도청대로93번길 13-17,36.612559,126.660718,1973139843,https://map.naver.com/p/entry/place/1973139843,36.613872,126.6609847,high,홍성여자고등학교(구),충남 홍성군 홍성읍 도청대로93번길 13-17 충남 홍성군 홍성읍 소향리 3-2,verified,false,
남장로(상가동앞),충남 홍성군 홍성읍 문화로72번길 72,36.590139,126.665287,,,,,failed,,,not_matched,false,
광천버스터미널,충남 홍성군 광천읍 광천로273번길 15,36.499172,126.623923,17633342,https://map.naver.com/p/entry/place/17633342,36.4990262,126.6239874,high,광천버스터미널,충남 홍성군 광천읍 광천로273번길 15 11 충남 홍성군 광천읍 광천리 225-4,verified,false,
유진식당,충남 홍성군 광천읍 광천로273번길 19,36.499404,126.623846,17402846,https://map.naver.com/p/entry/place/17402846,36.499301,126.6238686,high,유진식당,충남 홍성군 광천읍 광천로273번길 19 충남 홍성군 광천읍 광천리 225-4,verified,false,
넙티로 철도건널목,충남 보령시 청소면 진죽리 393-7,36.444664,126.590054,,,,,failed,,,not_matched,false,
대청로(1),충남 보령시 작은오랏1길 3,36.348073,126.604561,,,,,failed,,,not_matched,false,
대청로(2),충남 보령시 큰오랏1길 36,36.349474,126.606004,,,,,failed,,,not_matched,false,
청보초등학교,충남 보령시 청라면 대청로 759,36.388766,126.656464,12175857,https://map.naver.com/p/entry/place/12175857,36.3895489,126.6565249,high,청보초등학교,충남 보령시 청라면 대청로 759 충남 보령시 청라면 내현리 636,verified,false,
동대사거리,충남 보령시 동대동 1958,36.348748,126.604305,,,,,failed,,,not_matched,false,
동대지구대,충남 보령시 신설1길 53,36.350713,126.605686,1282315312,https://map.naver.com/p/entry/place/1282315312,36.3507444,126.6056992,high,동대지구대,충남 보령시 신설1길 53 충남 보령시 동대동 1160,verified,false,
주공사거리,충남 보령시 명천동 1021,36.345304,126.601411,,,,,failed,,,not_matched,false,
승평동길,전남광주통합특별시 순천시 승주읍 승평동길 61,35.020078,127.376663,,,,,failed,,,not_matched,false,
흥부체육관,경북 울진군 북면 부구리 886-2,37.097084,129.357694,1475242899,https://map.naver.com/p/entry/place/1475242899,37.0970063,129.3577043,high,흥부체육관,경북 울진군 북면 경북 울진군 북면 부구리 886-2,verified,false,
당교로,경북 문경시 당교로 188-1,36.584636,128.183791,,,,,failed,,,not_matched,false,
당교로(2),경북 문경시 당교로 212,36.585129,128.186411,,,,,failed,,,not_matched,false,
코모도호텔 경주,경북 경주시 보문로 422,35.844387,129.285143,11656160,https://map.naver.com/p/entry/place/11656160,35.8444176,129.2852572,high,코모도호텔 경주,경북 경주시 보문로 422 코모도호텔 경북 경주시 신평동 410-2,verified,false,
우암로61번길,부산 남구 우암로61번길 16,35.116202,129.080498,,,,,failed,,,not_matched,false,
양지골로169번길,부산 남구 양지골로169번길 56,35.115989,129.082802,,,,,failed,,,not_matched,false,
홍곡로,부산 남구 감만동 173-29,35.116307,129.083244,,,,,failed,,,not_matched,false,
까치익스프레스앞,부산 남구 홍곡로 38,35.116268,129.083437,,,,,failed,,,not_matched,false,
이원아파트 사거리,부산 남구 양지골로 192,35.116851,129.085954,,,,,failed,,,not_matched,false,
홍곡로(2),부산 남구 홍곡로 142,35.118193,129.087017,,,,,failed,,,not_matched,false,
솔개다리 정류장,부산 남구 무민사로 30,35.112671,129.081862,,,,,failed,,,not_matched,false,
우암로26번길,부산 남구 우암로26번길 14,35.113131,129.082816,,,,,failed,,,not_matched,false,
양지골로55번길,부산 남구 양지골로55번길 56,35.113623,129.084086,,,,,failed,,,not_matched,false,
우암로26번길(2),부산 남구 우암로26번길 46,35.113887,129.084152,,,,,failed,,,not_matched,false,
양다방,부산 영도구 대평로 49,35.092836,129.032731,16733798,https://map.naver.com/p/entry/place/16733798,35.0928412,129.0327541,high,양다방,부산 영도구 대평로 49 부산 영도구 대평동2가 71-3,verified,false,
쏭타이치앙마이 마곡직영점,서울 강서구 마곡동로 62,37.560554,126.833890,1096993436,https://map.naver.com/p/entry/place/1096993436,37.560645,126.8339513,high,쏭타이치앙마이 마곡직영점,서울 강서구 마곡동로 62 마곡사이언스타워 1층 117호 서울 강서구 마곡동 796-3,verified,false,
덕산중학교.두산위브아파트 정류장(12499),서울 은평구 신사동 292-5,37.599993,126.904841,,,,,failed,,,not_matched,false,
증산서길,서울 은평구 증산로13길 10,37.588157,126.911775,,,,,failed,,,not_matched,false,
증산동 골목,서울 은평구 증산서길 153-2,37.588441,126.911735,,,,,failed,,,not_matched,false,
안짱,서울 서대문구 통일로39길 32,37.587875,126.942640,1336106729,https://map.naver.com/p/entry/place/1336106729,37.5878184,126.9427588,high,안짱,서울 서대문구 통일로39길 32 1층 안짱 서울 서대문구 홍제동 308-209,verified,false,
광산맨션,서울 서대문구 모래내로 455,37.585609,126.945280,18742665,https://map.naver.com/p/entry/place/18742665,37.5856202,126.9452647,high,광산맨션아파트,서울 서대문구 모래내로 455 서울 서대문구 홍제동 157-68,verified,false,
스위스그랜드호텔,서울 서대문구 연희로 353,37.589378,126.935518,11635169,https://map.naver.com/p/entry/place/11635169,37.5890146,126.9340625,high,스위스 그랜드 호텔,서울 서대문구 연희로 353 서울 서대문구 홍은동 201-1,verified,false,
담솥 신촌점,서울 서대문구 연세로4길 1,37.557072,126.937140,1554115552,https://map.naver.com/p/entry/place/1554115552,37.557092,126.9370739,high,담솥 신촌점,서울 서대문구 연세로4길 1 지하1층 서울 서대문구 창천동 18-10,verified,false,
데스툴 연희,서울 서대문구 연희로25길 98,37.569553,126.931826,1304262793,https://map.naver.com/p/entry/place/1304262793,37.5695541,126.9318126,high,데스툴 연희,서울 서대문구 연희로25길 98 2층 (연희동) 서울 서대문구 연희동 90-16,verified,false,
홍대채움공인중개사사무소,서울 마포구 연남로 89,37.566715,126.917888,1406200505,https://map.naver.com/p/entry/place/1406200505,37.5666979,126.9180368,high,홍대채움공인중개사사무소,서울 마포구 연남로 89 유일헤리지움 102동 101호 서울 마포구 연남동 361-16,verified,false,
준무 연남,서울 마포구 동교로38길 6,37.561651,126.924692,,,,,failed,,,not_matched,false,
브라운 프론트 도어,서울 마포구 포은로 94,37.555420,126.905184,1084559006,https://map.naver.com/p/entry/place/1084559006,37.5554193,126.9051959,high,브라운 프론트 도어,서울 마포구 포은로 94 그레이스빌딩 1층 101호 서울 마포구 망원동 403-12,verified,false,
미스터리브루잉컴퍼니,서울 마포구 독막로 311,37.543999,126.947478,1027233132,https://map.naver.com/p/entry/place/1027233132,37.5440084,126.9472621,high,미스터리브루잉컴퍼니,서울 마포구 독막로 311 1층 서울 마포구 염리동 168-9,verified,false,
여의대로(LG트윈타워앞),서울 영등포구 여의대로 122-2,,,,,,,failed,,,not_matched,false,
원효대교,서울 영등포구 여의도동 87-2,37.525226,126.947053,18999644,https://map.naver.com/p/entry/place/18999644,37.5271,126.9457887,high,원효대교,서울 영등포구 여의도동,verified,false,
맨홀커피,서울 영등포구 영신로 247,37.530483,126.902813,1027199496,https://map.naver.com/p/entry/place/1027199496,37.5292718,126.903915,high,맨홀커피,서울 영등포구 영신로 247 B동상가 지하1층 서울 영등포구 당산동5가 43,verified,false,
JK아트컨벤션,서울 영등포구 문래로 164,37.517794,126.900077,1897374821,https://map.naver.com/p/entry/place/1897374821,37.5176294,126.8997884,high,JK아트컨벤션,서울 영등포구 문래로 164 SK리더스뷰 4층 JK아트컨벤션 서울 영등포구 문래동3가 55-16,verified,false,
다이어메이커 문래,서울 영등포구 도림로 440-23,37.515254,126.894697,1015733949,https://map.naver.com/p/entry/place/1015733949,37.5152737,126.894661,high,다이어메이커 문래,서울 영등포구 도림로 440-23 1층 다이어메이커 서울 영등포구 문래동3가 58-5,verified,false,
비닐하우스,서울 영등포구 도림로128가길 13-8,37.514259,126.897682,38008282,https://map.naver.com/p/entry/place/38008282,37.51423,126.8976875,high,비닐하우스,서울 영등포구 도림로128가길 13-8 1층 서울 영등포구 문래동3가 54-39,verified,false,
테이블스 영등포구청점,서울 영등포구 당산로 83,37.522058,126.895287,1258887209,https://map.naver.com/p/entry/place/1258887209,37.5220256,126.8953811,high,테이블스 영등포구청점,서울 영등포구 당산로 83 101호 서울 영등포구 당산동2가 165,verified,false,
강변북로,서울 용산구 청암동 170-1,37.534082,126.945925,,,,,failed,,,not_matched,false,
더큐어링,서울 동작구 서달로14길 12,37.507935,126.963713,1610742473,https://map.naver.com/p/entry/place/1610742473,37.5079393,126.963691,high,더큐어링,서울 동작구 서달로14길 12 2층 더 큐어링 서울 동작구 흑석동 50-47,verified,false,
서빙고초등학교 정류장,서울 용산구 서빙고로51길 17,37.521253,126.990591,,,,,failed,,,not_matched,false,
서울역(15번출구쪽),서울 용산구 청파로 378,37.549118,126.970484,,,,,failed,,,not_matched,false,
퇴계로20길,서울 중구 남산동2가 24-2,37.558032,126.987031,,,,,failed,,,not_matched,false,
필로소피라운지,서울 중구 충무로 21-21,37.563302,126.991946,1011944036,https://map.naver.com/p/entry/place/1011944036,37.5633088,126.991958,high,필로소피라운지,서울 중구 충무로 21-21 1층 서울 중구 초동 53-6,verified,false,
을지로(1),서울 중구 을지로2가 9-7,37.566045,126.983664,1050262682,https://map.naver.com/p/entry/place/1050262682,37.5661186,126.9839888,mid,을지로킹전자담배,서울 중구 을지로 58 을지로입구지하쇼핑센터 4호 서울 중구 을지로2가 9-7,verified,false,
을지로(2),서울 중구 을지로2가 17,37.566571,126.984513,,,,,failed,,,not_matched,false,
을지로5길,서울 중구 을지로2가 17,37.566571,126.984513,,,,,failed,,,not_matched,false,
SK텔레콤빌딩앞 택시정류장,서울 중구 을지로 65,37.566488,126.985128,,,,,failed,,,not_matched,false,
명동11길,서울 중구 을지로2가 185-1,37.565699,126.985894,,,,,failed,,,not_matched,false,
은행회관,서울 중구 명동11길 19,37.565022,126.985460,18693705,https://map.naver.com/p/entry/place/18693705,37.5650104,126.9854458,high,은행회관빌딩,서울 중구 명동11길 19 서울 중구 명동1가 4-1,verified,false,
명동고로케,서울 중구 명동11길 9,37.564456,126.985827,1724255561,https://map.naver.com/p/entry/place/1724255561,37.5644908,126.9858159,high,삐사감김밥 명동고로케,"서울 중구 명동11길 9 1층, 2층 삐사감김밥 명동고로케 서울 중구 명동1가 6-1",verified,false,
을지로2가교차로,서울 중구 을지로2가,37.565861,126.984004,,,,,failed,,,not_matched,false,
시그니쳐타워,서울 중구 청계천로 100,37.567473,126.988113,30860158,https://map.naver.com/p/entry/place/30860158,37.5676513,126.9884451,high,시그니쳐타워,서울 중구 청계천로 100 시그니쳐타워 서울 중구 수표동 99,verified,false,
센트로폴리스,서울 종로구 우정국로 26,37.571681,126.983530,1798338550,https://map.naver.com/p/entry/place/1798338550,37.5714727,126.9835374,high,센트로폴리스,서울 종로구 우정국로 26 서울 종로구 공평동 17,verified,false,
광통교,서울 중구 다동 17,37.568829,126.981176,18666283,https://map.naver.com/p/entry/place/18666283,37.5689916,126.9809874,low,광통교,서울 종로구 서린동,verified,false,
서린동.SK서린빌딩 정류장,서울 종로구 종로 26,37.569691,126.980304,,,,,failed,,,not_matched,false,
한화빌딩앞,서울 중구 수하동 68-4,37.568033,126.985953,,,,,failed,,,not_matched,false,
청계천한빛광장,서울 중구 삼각동 118,37.568008,126.985135,18689116,https://map.naver.com/p/entry/place/18689116,37.568054,126.9850789,mid,청계천한빛공원,서울 중구 남대문로10길 51 서울 중구 삼각동 118,verified,false,
디디피,서울 중구 을지로 281,37.568045,127.010890,1204978694,https://map.naver.com/p/entry/place/1204978694,37.5673112,127.0121117,mid,디디피드림랩,서울 중구 마장로 22 서울 중구 신당동 251-7,verified,false,
신당역1번출구,서울 중구 황학동 756,37.566931,127.018506,,,,,failed,,,not_matched,false,
퇴계로83길,서울 중구 퇴계로83길 14,37.566324,127.018657,,,,,failed,,,not_matched,false,
모아주방설비,서울 중구 마장로 108,37.568006,127.021630,,,,,failed,,,not_matched,false,
어글리베이커스베이글 신당본점,서울 중구 다산로40길 17,37.564028,127.017085,1420573437,https://map.naver.com/p/entry/place/1420573437,37.5640288,127.0171013,high,어글리베이커스베이글 신당 본점,서울 중구 다산로40길 17 서울 중구 신당동 112-6,verified,false,
교보문고 광화문점,서울 종로구 종로 1,37.570986,126.977983,12183349,https://map.naver.com/p/entry/place/12183349,37.5708965,126.9781271,high,교보문고 광화문점,서울 종로구 종로 1 교보생명빌딩 지하1층 서울 종로구 종로1가 1,verified,false,
청진공원,서울 종로구 청진동 146-3,37.571402,126.979896,861852058,https://map.naver.com/p/entry/place/861852058,37.5713723,126.9797912,high,청진공원,서울 종로구 청진동 146-3,verified,false,
북촌로5길,서울 종로구 북촌로5길 19-7,37.579139,126.984217,,,,,failed,,,not_matched,false,
티테라피,서울 종로구 윤보선길 74,37.579168,126.983552,17929286,https://map.naver.com/p/entry/place/17929286,37.5791784,126.9835596,high,티테라피,서울 종로구 윤보선길 74 서울 종로구 안국동 6-1,verified,false,
감고당길(1),서울 종로구 율곡로3길 64,37.578454,126.982249,,,,,failed,,,not_matched,false,
감고당길(2),서울 종로구 율곡로3길 78,37.579119,126.982258,,,,,failed,,,not_matched,false,
북촌5가길,서울 종로구 북촌로5가길 12,37.580151,126.982191,,,,,failed,,,not_matched,false,
북촌여행,서울 종로구 북촌로5가길 28,37.580785,126.981800,1208857779,https://map.naver.com/p/entry/place/1208857779,37.5807514,126.9818065,high,북촌여행,서울 종로구 북촌로5가길 28 서울 종로구 화동 83-2,verified,false,
진닭강정 앞,서울 종로구 익선동 166-96,37.573265,126.989783,,,,,failed,,,not_matched,false,
포토이즘박스 익선동점 앞,서울 종로구 돈화문로11나길 27,37.573989,126.990173,,,,,failed,,,not_matched,false,
청수당 베이커리,서울 종로구 돈화문로11나길 31-9,37.573881,126.989784,1262377225,https://map.naver.com/p/entry/place/1262377225,37.5738608,126.9897441,high,청수당 베이커리,서울 종로구 돈화문로11나길 31-9 서울 종로구 익선동 144,verified,false,
온지심 옆,서울 종로구 돈화문로11다길 17,37.573135,126.990467,,,,,failed,,,not_matched,false,
아트몬스터 익선동점 앞,서울 종로구 돈화문로11다길 30,37.573606,126.990456,,,,,failed,,,not_matched,false,
빻 앞,서울 종로구 돈화문로11다길 40,37.573799,126.989955,,,,,failed,,,not_matched,false,
아씨방앗간 앞,서울 종로구 돈화문로11다길 47,37.573702,126.989563,,,,,failed,,,not_matched,false,
뜰안 앞,서울 종로구 수표로28길 17-35,37.573682,126.989415,,,,,failed,,,not_matched,false,
익선슈팅클럽 앞,서울 종로구 수표로28길 21-13,37.573439,126.989714,,,,,failed,,,not_matched,false,
낙원역 앞,서울 종로구 수표로28길 33-5,37.573359,126.990122,,,,,failed,,,not_matched,false,
치즈인더스트리 앞(폐업),서울 종로구 수표로28길 33-7,37.573429,126.990109,,,,,failed,,,precheck:closed_place_name,false,
에일당 앞,서울 종로구 수표로28길 33-9,37.573514,126.990086,,,,,failed,,,not_matched,false,
통돼지집 앞,서울 종로구 수표로28길 44,37.573226,126.990687,,,,,failed,,,not_matched,false,
마전교지하쇼핑센터(대신사),서울 종로구 동호로 398,37.569939,127.002288,31312465,https://map.naver.com/p/entry/place/31312465,37.570112,127.001902,mid,대신사 마전교지하쇼핑센터점,서울 종로구 동호로 398 마전교지하쇼핑센터 11 서울 종로구 종로5가 332-18,verified,false,
이화동벽화마을,서울 종로구 이화동 9-441,37.578087,127.007999,13519224,https://map.naver.com/p/entry/place/13519224,37.5780674,127.0071351,mid,이화마을,서울 종로구 이화장길 70-11 서울 종로구 동숭동 199-10,verified,false,
티틸 CAFE+BAR,서울 강북구 노해로 42,37.639177,127.022955,,,,,failed,,,not_matched,false,
미즐카페엠,서울 강북구 4.19로 107,37.643558,127.003795,1446201981,https://map.naver.com/p/entry/place/1446201981,37.6436116,127.0037966,high,미즐카페엠,서울 강북구 4.19로 107 서울 강북구 수유동 535-11,verified,false,
이설함흥냉면 수유본점,서울 강북구 4.19로 42,37.647336,127.009662,32876175,https://map.naver.com/p/entry/place/32876175,37.6473378,127.0096772,mid,이설면옥 수유본점,서울 강북구 4.19로 42 이설면옥 수유본점 서울 강북구 수유동 568-14,verified,false,
어메이징브루잉컴퍼니,서울 성동구 성수일로4길 4,37.542853,127.049366,,,,,failed,,,not_matched,false,
클래식 해례커피,서울 성동구 연무장길 28-20,37.542832,127.052248,1870682567,https://map.naver.com/p/entry/place/1870682567,37.5428124,127.052368,mid,클래식 해례커피 성수본점,서울 성동구 연무장길 28-20 1층 서울 성동구 성수동2가 310-62,verified,false,
C156,서울 광진구 동일로 156,37.546037,127.066568,1026811578,https://map.naver.com/p/entry/place/1026811578,37.5460367,127.0665684,high,C156,서울 광진구 동일로 156 에이치 에비뉴 호텔 지하1층 C156레스토랑 서울 광진구 화양동 24-15,verified,false,
성수낙낙,서울 성동구 아차산로17길 48,37.546394,127.065889,1672012091,https://map.naver.com/p/entry/place/1672012091,37.5468068,127.0660848,high,성수낙낙,서울 성동구 아차산로17길 48 서울 성동구 성수동2가 280,verified,false,
커먼그라운드,서울 광진구 아차산로 200,37.541057,127.065669,36469804,https://map.naver.com/p/entry/place/36469804,37.5413847,127.0655807,high,커먼그라운드,서울 광진구 아차산로 200 서울 광진구 자양동 17-1,verified,false,
쎈느 건국,서울 광진구 아차산로 207,37.541519,127.066734,1552792341,https://map.naver.com/p/entry/place/1552792341,37.5414925,127.0666926,high,쎈느 건국,서울 광진구 아차산로 207 1층 서울 광진구 화양동 48-5,verified,false,
시립서울천문대,서울 광진구 구천면로 2,37.546319,127.106555,34321220,https://map.naver.com/p/entry/place/34321220,37.546287,127.1060085,high,시립서울천문대,서울 광진구 구천면로 2 서울 광진구 광장동 313-3,verified,false,
삼육대학교,서울 노원구 화랑로 815,37.643357,127.108850,11591563,https://map.naver.com/p/entry/place/11591563,37.6429793,127.1042696,mid,삼육대학교,서울 노원구 화랑로 815 삼육대학교 서울 노원구 공릉동 26-21,verified,false,
반포한강공원,서울 서초구 반포동 649-1,37.512227,126.997815,18762864,https://map.naver.com/p/entry/place/18762864,37.5114399,126.9975119,high,반포 한강공원달빛광장,서울 서초구 서울 서초구 반포동,verified,false,
GS25 한강반포2호점,서울 서초구 신반포로11길 40,37.507694,126.992731,,,,,failed,,,not_matched,false,
서울중앙지방법원,서울 서초구 서초중앙로 157,37.498276,127.011123,1366160733,https://map.naver.com/p/entry/place/1366160733,37.4980062,127.012256,high,서울중앙지방법원 개방화장실,서울 서초구 서초중앙로 157 서울 서초구 서초동 1701-1,verified,false,
선샤인호텔,서울 강남구 도산대로 205,37.520504,127.028780,,,,,failed,,,not_matched,false,
세로수길,서울 강남구 강남대로158길 45,37.520082,127.022136,,,,,failed,,,not_matched,false,
스노우폭스 플라워 가로수길점,서울 강남구 도산대로11길 43,37.520217,127.022124,1186418002,https://map.naver.com/p/entry/place/1186418002,37.5202526,127.0221963,high,스노우폭스 플라워 가로수길점,서울 강남구 도산대로11길 43 1층 서울 강남구 신사동 519-15,verified,false,
고디바 가로수길 플래그십,서울 강남구 가로수길 46,37.521018,127.023018,,,,,failed,,,not_matched,false,
인천공항,인천 영종구 제2터미널대로 446,37.469249,126.433209,,,,,failed,,,not_matched,false,
브라운핸즈 개항로,인천 제물포구 개항로 73-1,37.471959,126.630785,1633352559,https://map.naver.com/p/entry/place/1633352559,37.4719841,126.6307935,high,브라운핸즈 개항로,인천 제물포구 개항로 73-1 브라운핸즈개항로 인천 제물포구 경동 232-10,verified,false,
샛별팬시문구,인천 미추홀구 인주대로238번길 12,37.453006,126.662669,16592055,https://map.naver.com/p/entry/place/16592055,37.4530129,126.662692,high,샛별팬시문구,인천 미추홀구 인주대로238번길 12 인천 미추홀구 용현동 99-47,verified,false,
다이스웍스 양주 본점,경기 양주시 삼숭로108번길 101,37.806596,127.103249,1314671879,https://map.naver.com/p/entry/place/1314671879,37.8066609,127.103272,high,다이스웍스 양주 본점,경기 양주시 삼숭로108번길 101 DICE WORKS 경기 양주시 삼숭동 150,verified,false,
가톨릭대학교 의정부성모병원,경기 의정부시 천보로 271,37.758651,127.077951,11686906,https://map.naver.com/p/entry/place/11686906,37.7587045,127.0777625,high,가톨릭대학교 의정부성모병원,경기 의정부시 천보로 271 가톨릭대학교 의정부성모병원 경기 의정부시 금오동 65-1,verified,false,
의정부시 장애인복지회관,경기 의정부시 용민로 160,37.743833,127.092244,,,,,failed,,,not_matched,false,
오디디,경기 파주시 연다산길 15,37.741888,126.724336,1502989942,https://map.naver.com/p/entry/place/1502989942,37.7418616,126.7243438,high,오디디,"경기 파주시 연다산길 15 오디디카페 2층,3층 경기 파주시 오도동 142-5",verified,false,
백금당,경기 파주시 가람로21번길 61-9 1층,37.736588,126.751746,1402283510,https://map.naver.com/p/entry/place/1402283510,37.7365963,126.7517374,high,백금당,경기 파주시 가람로21번길 61-9 1층 경기 파주시 와동동 1638-2,verified,false,
일산서구청소년수련관,경기 고양시 일산서구 일산로 586,37.679909,126.763607,2074412281,https://map.naver.com/p/entry/place/2074412281,37.6798847,126.7636858,high,일산서구청소년수련관,경기 고양시 일산서구 일산로 586 일산서구청소년수련관 경기 고양시 일산서구 일산동 1053,verified,false,
일산 한류월드 유보라 더 스마트,경기 고양시 일산동구 태극로 11,37.662957,126.751378,705810281,https://map.naver.com/p/entry/place/705810281,37.66356,126.751603,high,일산한류월드유보라 더스마트,경기 고양시 일산동구 태극로 11 경기 고양시 일산동구 장항동 1758-1,verified,false,
달맞이농원,경기 고양시 덕양구 봉산로 258,37.615456,126.894316,1301796616,https://map.naver.com/p/entry/place/1301796616,37.6154664,126.8943392,high,달맞이농원,경기 고양시 덕양구 봉산로 258 경기 고양시 덕양구 용두동 40-4,verified,false,
업힐로드,경기 고양시 덕양구 꽃내음2길 20,37.602779,126.891111,1305135209,https://map.naver.com/p/entry/place/1305135209,37.6027899,126.8911124,high,업힐로드,경기 고양시 덕양구 꽃내음2길 20 1층 경기 고양시 덕양구 향동동 459,verified,false,
안산버스터미널,경기 안산시 상록구 항가울로 410,37.316839,126.846299,11567230,https://map.naver.com/p/entry/place/11567230,37.3168355,126.8462524,high,안산버스터미널,경기 안산시 상록구 항가울로 410 경기 안산시 상록구 성포동 590,verified,false,
수원버스터미널,경기 수원시 권선구 경수대로 270,37.250514,127.019639,11562241,https://map.naver.com/p/entry/place/11562241,37.2513342,127.01996,high,수원버스터미널,경기 수원시 권선구 경수대로 270 경기 수원시 권선구 권선동 1189,verified,false,
수원역지하상가,경기 수원시 팔달구 덕영대로 911,37.267408,127.000666,19431377,https://map.naver.com/p/entry/place/19431377,37.2674404,127.0005997,high,수원역지하도상가,경기 수원시 팔달구 덕영대로 911 수원역지하도상가 경기 수원시 팔달구 매산로1가 27-1,verified,false,
SRC노인전문병원,경기 광주시 초월읍 경수길 25,37.419481,127.287076,37057005,https://map.naver.com/p/entry/place/37057005,37.4188128,127.2873254,high,SRC노인전문병원,경기 광주시 초월읍 경수길 25 SRC병원 경기 광주시 초월읍 지월리 729-6,verified,false,
진성스파르타기숙학원,경기 광주시 초월읍 양지길 105,37.412294,127.320988,1920065576,https://map.naver.com/p/entry/place/1920065576,37.4122888,127.3210281,high,진성스파르타기숙학원,경기 광주시 초월읍 양지길 105 진성스파르타기숙학원 경기 광주시 초월읍 무갑리 520-19,verified,false,
당진우리병원,충남 당진시 서부로 254,36.894880,126.623886,,,,,failed,,,not_matched,false,
가야산주차장,충남 예산군 덕산면 가야산로 401,36.714466,126.630495,17657153,https://map.naver.com/p/entry/place/17657153,36.7144414,126.6312751,high,가야산주차장,충남 예산군 덕산면 상가리 298-1,verified,false,
가야산,충남 예산군 덕산면 상가리 산5-93,36.704638,126.610059,17593914,https://map.naver.com/p/entry/place/17593914,36.7043274,126.609428,high,가야산,충남 예산군 덕산면 상가리 산5-93,verified,false,
가루실딸기,충남 예산군 덕산면 가루실안길 20-33,36.664691,126.642884,,,,,failed,,,not_matched,false,
대천요양원,충남 보령시 성주면 성주산로 367,36.337447,126.650079,1287873639,https://map.naver.com/p/entry/place/1287873639,36.3374999,126.650075,high,대천요양원,충남 보령시 성주면 성주산로 367 충남 보령시 성주면 성주리 247-14,verified,false,
보령종합경기장,충남 보령시 남포면 보령남로 343,36.314358,126.605550,11622988,https://map.naver.com/p/entry/place/11622988,36.3144195,126.6065087,high,보령종합경기장,충남 보령시 남포면 보령남로 343 대천종합경기장 충남 보령시 남포면 창동리 342,verified,false,
남포면집,충남 보령시 남포면 창동3길 31-26,36.318229,126.606569,,,,,failed,,,not_matched,false,
창동1리 노인회관,충남 보령시 남포면 창동3길 42,36.317295,126.607744,17717224,https://map.naver.com/p/entry/place/17717224,36.3172852,126.60773,high,창동1리노인회관,충남 보령시 남포면 창동3길 42 충남 보령시 남포면 창동리 641-9,verified,false,
창동1길,충남 보령시 남포면 창동1길 80-22,36.319718,126.608646,,,,,failed,,,not_matched,false,
창동3길,충남 보령시 남포면 창동리 640-6,36.316679,126.609242,,,,,failed,,,not_matched,false,
자연애마트 부여점,충남 부여군 부여읍 성왕로 298,36.283186,126.920214,238062154,https://map.naver.com/p/entry/place/238062154,36.2833441,126.9202265,high,자연애마트 부여점,충남 부여군 부여읍 쌍북리 571-2,verified,false,
상월면 농장,충남 논산시 상월면 석종로 30-19,36.313178,127.176488,,,,,failed,,,not_matched,false,
고부천길,전북 부안군 백산면 평교리 604-2,35.702710,126.780576,,,,,failed,,,not_matched,false,
백산고등학교,전북 부안군 백산면 백산로 379,35.708085,126.791003,11555731,https://map.naver.com/p/entry/place/11555731,35.7079973,126.789945,high,백산고등학교,전북 부안군 백산면 백산로 379 전북 부안군 백산면 오곡리 547-5,verified,false,
아산초등학교,전북 고창군 아산면 영모정길 45,35.483333,126.605492,12180922,https://map.naver.com/p/entry/place/12180922,35.4833652,126.6055628,high,아산초등학교,전북 고창군 아산면 영모정길 45 전북 고창군 아산면 반암리 1081,verified,false,
수북초등학교,전남광주통합특별시 담양군 수북면 추성1로 714,35.301367,126.930311,12006500,https://map.naver.com/p/entry/place/12006500,35.3012497,126.9301866,high,수북초등학교,전남광주 담양군 수북면 추성1로 714 수북초등학교 전남광주 담양군 수북면 수북리 161,verified,false,
문화마을 정류장,전남광주통합특별시 담양군 수북면 풍수리 1077-1,35.303417,126.935595,,,,,failed,,,not_matched,false,
추성1로,전남광주통합특별시 담양군 수북면 풍수리 1183-1,35.304744,126.938760,,,,,failed,,,not_matched,false,
순천드라마촬영장,전남광주통합특별시 순천시 비례골길 24,34.958109,127.537803,13346461,https://map.naver.com/p/entry/place/13346461,34.9580633,127.5385421,high,순천드라마촬영장,전남광주 순천시 비례골길 24 전남광주 순천시 조례동 22,verified,false,
가은고등학교,경북 문경시 가은읍 가은로 205,36.645475,128.071165,11556940,https://map.naver.com/p/entry/place/11556940,36.6456962,128.0715117,high,가은고등학교,경북 문경시 가은읍 가은로 205 가은중학교.가은고등학교 경북 문경시 가은읍 왕능리 218,verified,false,
뉴욕증권거래소,"11 Wall St, New York, NY 10005 미국",,,,,,,failed,,,not_matched,false,
Empire Fulton Ferry State Park,"1 Water St, Brooklyn, NY 11201 미국",,,,,,,failed,,,not_matched,false,
타임즈스퀘어,"165 W 46th St Suite 901, New York, NY 10036 미국",,,12967315,https://map.naver.com/p/entry/place/12967315,37.517163,126.9029652,mid,타임스퀘어,서울 영등포구 영중로 15 타임스퀘어 서울 영등포구 영등포동4가 442,verified,false,
우리마트,서울 강서구 개화2길 3-11,37.583808,126.798952,18954240,https://map.naver.com/p/entry/place/18954240,37.5838116,126.7989821,high,우리마트,서울 강서구 개화2길 3-11 서울 강서구 개화동 376-47,verified,false,
숯불불타는닭발,서울 강서구 등촌로3길 27,37.531256,126.862215,1911616211,https://map.naver.com/p/entry/place/1911616211,37.531253,126.8622299,high,숯불불타는닭발,서울 강서구 등촌로3길 27 서울 강서구 화곡동 784-24,verified,false,
팬엔터테인먼트 사옥,서울 마포구 월드컵북로58길 10,37.581600,126.887076,,,,,failed,,,not_matched,false,
CU성산진영점,서울 마포구 월드컵북로 78,37.560837,126.916147,,,,,failed,,,not_matched,false,
엠플레이그라운드 앞,서울 마포구 어울마당로 132,37.555832,126.924667,,,,,failed,,,not_matched,false,
세븐틴벌스데이,서울 마포구 독막로7길 56,37.550160,126.920227,1458616800,https://map.naver.com/p/entry/place/1458616800,37.5501791,126.9201415,high,세븐틴벌스데이,서울 마포구 독막로7길 56 지하 서울 마포구 서교동 404-6,verified,false,
삼양 앞,서울 마포구 독막로9길 43,37.550158,126.920520,,,,,failed,,,not_matched,false,
참신한약국,서울 마포구 어울마당로 62,37.550601,126.921429,1959382535,https://map.naver.com/p/entry/place/1959382535,37.5506454,126.9214705,high,홍대참신한약국,서울 마포구 어울마당로 62 1층 홍대참신한약국 서울 마포구 서교동 407-22,verified,false,
정든집,서울 마포구 잔다리로 20-13,37.551422,126.920733,,,,,failed,,,not_matched,false,
판자집,서울 서대문구 연세로2길 29,37.556347,126.938510,20844153,https://map.naver.com/p/entry/place/20844153,37.5563471,126.9385164,high,판자집,서울 서대문구 연세로2길 29 서울 서대문구 창천동 29-18,verified,false,
한강대로7길,서울 용산구 한강대로7길 30-12,37.525224,126.961841,,,,,failed,,,not_matched,false,
새창로49길 지하도,서울 용산구 새창로 157-1,37.533786,126.962792,,,,,failed,,,not_matched,false,
정인케이블 앞,서울 용산구 새창로 153-3,37.534161,126.962680,,,,,failed,,,not_matched,false,
고바우,서울 용산구 이촌로 34,37.528818,126.954325,11712504,https://map.naver.com/p/entry/place/11712504,37.528626,126.954378,mid,고바우,서울 용산구 이촌로2가길 25 서울 용산구 이촌동 210-10,verified,false,
남산육교,서울 중구 남창동 217-1,37.556603,126.976441,,,,,failed,,,not_matched,false,
남대문시장4길,서울 중구 남대문시장4길 2-4,37.559972,126.977211,,,,,failed,,,not_matched,false,
남대문시장7길,서울 중구 남대문시장길 7,37.560116,126.976417,,,,,failed,,,not_matched,false,
허리케인박 떡볶이닭발,서울 중구 퇴계로76길 58,37.562785,127.014693,1976264529,https://map.naver.com/p/entry/place/1976264529,37.5627815,127.0146969,mid,신당동 허리케인박 떡볶이,서울 중구 퇴계로76길 58 1층 서울 중구 신당동 302-28,verified,false,
마로니에공원,서울 종로구 대학로 104,37.580334,127.002515,11622409,https://map.naver.com/p/entry/place/11622409,37.5802294,127.0027886,high,마로니에공원,서울 종로구 대학로 104 서울 종로구 동숭동 1-124,verified,false,
낙산길,서울 종로구 동숭동 50-129,37.579827,127.006723,,,,,failed,,,not_matched,false,
치킨쌀롱,서울 성북구 혜화로 82-1,37.592675,126.998769,1467577785,https://map.naver.com/p/entry/place/1467577785,37.5926677,126.9987868,high,치킨쌀롱,서울 성북구 혜화로 82-1 2층 치킨쌀롱 서울 성북구 성북동 124-14,verified,false,
멍텅구리즉석떡볶이,서울 노원구 공릉로51길 14-2,37.628876,127.076382,13547499,https://map.naver.com/p/entry/place/13547499,37.6287896,127.0764439,mid,멍텅구리즉석떡볶이 공릉점,서울 노원구 공릉로51길 14-2 우림고시원 서울 노원구 공릉동 439-2,verified,false,
할아버지공장,서울 성동구 성수이로7가길 9,37.541169,127.054965,,,,,failed,,,not_matched,false,
유니버셜아트센터,서울 광진구 천호대로 664,37.550980,127.087095,18810818,https://map.naver.com/p/entry/place/18810818,37.5513161,127.0877514,mid,유니버설아트센터입구,서울 광진구 능동,verified,false,
잠실철교,서울 송파구 신천동 254,37.528802,127.099779,18850773,https://map.naver.com/p/entry/place/18850773,37.5286196,127.0988654,high,잠실철교,서울 송파구 신천동,verified,false,
대명벨리온 앞,서울 송파구 법원로 127,37.486316,127.118783,,,,,failed,,,not_matched,false,
배재고등학교,서울 강동구 고덕로 227,37.555056,127.150161,11556747,https://map.naver.com/p/entry/place/11556747,37.5561082,127.15085,high,배재고등학교,"서울 강동구 고덕로 227 배재중,고등학교 서울 강동구 고덕동 313",verified,false,
성지초등학교,인천 계양구 아나지로247번길 8,37.526439,126.720162,11557555,https://map.naver.com/p/entry/place/11557555,37.5265863,126.7199933,high,성지초등학교,인천 계양구 아나지로247번길 8 인천 계양구 작전동 448-2,verified,false,
서운체육공원 매점,인천 계양구 봉오대로 855,37.532463,126.743887,1506737000,https://map.naver.com/p/entry/place/1506737000,37.5320425,126.7441275,mid,서운체육공원농구장,인천 계양구 봉오대로 855 인천 계양구 서운동 207,verified,false,
대광그린빌라,인천 부평구 마곡로13번길 19,,,,,,,failed,,,not_matched,false,
웨스턴스테이크,인천 부평구 부평대로32번길 2,37.494239,126.723194,16508313,https://map.naver.com/p/entry/place/16508313,37.4942363,126.7231948,high,웨스턴스테이크,인천 부평구 부평대로32번길 2 인천 부평구 부평동 212-77,verified,false,
아트센터인천,인천 연수구 아트센터대로 222,37.393982,126.626783,1815627851,https://map.naver.com/p/entry/place/1815627851,37.3934862,126.626308,high,아트센터인천,인천 연수구 아트센터대로 222 인천 연수구 송도동 80-8,verified,false,
인천문화예술회관 야외공연장,인천 남동구 예술로 125,37.445625,126.699420,13413115,https://map.naver.com/p/entry/place/13413115,37.4456334,126.6995113,high,인천문화예술회관야외공연장,인천 남동구 예술로 125 인천 남동구 구월동 1408-2,verified,false,
인하대학교 본관,인천 미추홀구 인하로 100,37.451482,126.651351,16592205,https://map.naver.com/p/entry/place/16592205,37.4493536,126.654341,mid,인하대학교용현캠퍼스본관,인천 미추홀구 인하로 100 인천 미추홀구 용현동 253,verified,false,
신성루,인천 제물포구 우현로 19-14,37.469773,126.626413,11732834,https://map.naver.com/p/entry/place/11732834,37.4697601,126.6264156,high,신성루,인천 제물포구 우현로 19-14 신성루 (골목에 전용 주차장 보유) 인천 제물포구 신생동 9-12,verified,false,
동두천 문화극장,경기 동두천시 동광로 66,37.908301,127.055819,18985766,https://map.naver.com/p/entry/place/18985766,37.9083406,127.0557359,high,문화극장,경기 동두천시 동광로 66 경기 동두천시 생연동 616-2,verified,false,
화적연,경기 포천시 영북면 자일리,38.100964,127.288107,18338274,https://map.naver.com/p/entry/place/18338274,38.1151413,127.26252,mid,화적연,경기 포천시 영북면 북원로248번길 31-23 경기 포천시 영북면 자일리 산115-2,verified,false,
경기미래교육 파주캠퍼스,경기 파주시 탄현면 얼음실로 40,37.784450,126.702630,19312713,https://map.naver.com/p/entry/place/19312713,37.7846779,126.702033,high,경기미래교육 파주캠퍼스전시장,경기 파주시 탄현면 얼음실로 40 경기 파주시 탄현면 법흥리 1779,verified,false,
캔모아 금촌점,경기 파주시 문화로 87-1,37.762109,126.774866,19747931,https://map.naver.com/p/entry/place/19747931,37.7621221,126.7748972,high,캔모아 금촌점,경기 파주시 문화로 87-1 2층 캔모아 경기 파주시 금촌동 67,verified,false,
엠아이 폴리스 스튜디오,경기 고양시 일산서구 송산로 502,37.688830,126.734028,1999291381,https://map.naver.com/p/entry/place/1999291381,37.6888191,126.7340359,high,엠아이 폴리스 스튜디오,경기 고양시 일산서구 송산로 502 2층 경기 고양시 일산서구 덕이동 937-34,verified,false,
진밭국수 1호점,경기 고양시 일산동구 진밭로 11,37.699831,126.799476,31621852,https://map.naver.com/p/entry/place/31621852,37.6998257,126.7995307,high,진밭국수 1호점,경기 고양시 일산동구 진밭로 11 경기 고양시 일산동구 성석동 601-3,verified,false,
효자동 저택,경기 고양시 덕양구 북한산로553번길 60,37.672045,126.953595,,,,,failed,,,not_matched,false,
한강신도시 호수공원,경기 김포시 마산동 617-2,37.646737,126.636211,1041233100,https://map.naver.com/p/entry/place/1041233100,37.6458533,126.6342944,high,한강신도시호수공원,경기 김포시 마산동,verified,false,
하남경찰서,경기 하남시 검단로 27,37.522672,127.224643,13092831,https://map.naver.com/p/entry/place/13092831,37.5231622,127.2244894,high,경기하남경찰서,경기 하남시 검단로 27 경기 하남시 하산곡동 594,verified,false,
용문청소년수련원,경기 양평군 용문면 덕촌길 125,37.506343,127.597093,33684874,https://map.naver.com/p/entry/place/33684874,37.5060188,127.5967653,high,용문청소년수련원,경기 양평군 용문면 덕촌길 125 경기 양평군 용문면 덕촌리 287-2,verified,false,
운중동 저택,경기 성남시 분당구 운중로165번길 14-6,37.392447,127.081886,,,,,failed,,,not_matched,false,
구미동 주택가,경기 성남시 분당구 구미로192번길 32,37.341559,127.127606,,,,,failed,,,not_matched,false,
양지파인빌 A동,경기 용인시 처인구 양지면 은이로 191-10,37.213970,127.279320,,,,,failed,,,not_matched,false,
평택중앙시장,경기 평택시 중앙시장로25번길 10-1,37.080699,127.053081,1709426975,https://map.naver.com/p/entry/place/1709426975,37.0796366,127.0520703,mid,중앙시장,경기 평택시 신장로 24 경기 평택시 신장동 295-9,verified,false,
서정리 장례식장,경기 평택시 정암로 78-14,37.055151,127.063528,1992752188,https://map.naver.com/p/entry/place/1992752188,37.0550507,127.0626823,high,서정리장례식장,경기 평택시 정암로 78-14 경기 평택시 이충동 410,verified,false,
남이섬,강원 춘천시 남산면 남이섬길 1,37.790125,127.526129,11491866,https://map.naver.com/p/entry/place/11491866,37.7900782,127.5262228,high,남이섬,강원 춘천시 남산면 남이섬길 1 강원 춘천시 남산면 방하리 197,verified,false,
미술관 자작나무숲,강원 횡성군 우천면 한우로두곡5길 186,37.492768,128.050057,11664574,https://map.naver.com/p/entry/place/11664574,37.4927659,128.0496392,high,미술관 자작나무숲,강원 횡성군 우천면 한우로두곡5길 186 강원 횡성군 우천면 두곡리 5,verified,false,
양양국제공항,강원 양양군 손양면 공항로 201,38.058894,128.662743,11576985,https://map.naver.com/p/entry/place/11576985,38.058708,128.663113,high,양양국제공항,강원 양양군 손양면 공항로 201 양양국제공항 강원 양양군 손양면 동호리 545,verified,false,
명주동,강원 강릉시 명주동,37.750478,128.890673,1107672729,https://map.naver.com/p/entry/place/1107672729,37.7499402,128.8911069,high,카페명주동,강원 강릉시 경강로 2026 1층 강원 강릉시 명주동 61-3,verified,false,
오월커피,강원 강릉시 경강로2046번길 11-2,37.750790,128.893149,,,,,failed,,,not_matched,false,
명주배롱,강원 강릉시 경강로2046번길 10,37.750848,128.892862,13320528,https://map.naver.com/p/entry/place/13320528,37.7508325,128.8928642,high,명주배롱,강원 강릉시 경강로2046번길 10 명주배롱 강원 강릉시 남문동 118-1,verified,false,
봉봉방앗간,강원 강릉시 경강로2024번길 17-1,37.751037,128.892444,21889371,https://map.naver.com/p/entry/place/21889371,37.7510341,128.8924329,high,봉봉방앗간,강원 강릉시 경강로2024번길 17-1 강원 강릉시 명주동 28-2,verified,false,
충청남도 관사촌,대전 중구 보문로205번길 35,36.321514,127.422254,16261740,https://map.naver.com/p/entry/place/16261740,36.3211826,127.4220615,mid,충청남도관사촌,대전 중구 대흥동,verified,false,
증평역,충북 증평군 증평읍 역전로 92,36.777936,127.582294,1847965492,https://map.naver.com/p/entry/place/1847965492,36.778493,127.5830374,high,증평역출구,충북 증평군 증평읍 신동리,verified,false,
기타매장퀸악기점,충북 청주시 상당구 사직대로 338,36.636356,127.485096,21286409,https://map.naver.com/p/entry/place/21286409,36.6363912,127.4852901,high,기타매장 퀸악기점,충북 청주시 상당구 사직대로 338 충북 청주시 상당구 서문동 159-5,verified,false,
공주 메타세콰이어숲길,충남 공주시 의당면 청룡리905-1,36.493131,127.135168,,,,,failed,,,not_matched,false,
제민천,충남 공주시 감영길 20,36.452707,127.123477,19467703,https://map.naver.com/p/entry/place/19467703,36.454994,127.1229053,mid,제민천3길,충남 공주시 반죽동,verified,false,
약령길,충남 공주시 약령길,36.449707,127.121645,,,,,failed,,,not_matched,false,
장대1길 골목,충남 공주시 장대1길,36.450045,127.121188,,,,,failed,,,not_matched,false,
봉황재 한옥,충남 공주시 큰샘3길 8,36.450776,127.120028,1331657707,https://map.naver.com/p/entry/place/1331657707,36.4507737,127.1200033,high,봉황재 한옥,충남 공주시 큰샘3길 8 충남 공주시 봉황동 180,verified,false,
벼락 앞,전북 전주시 덕진구 명륜4길 18-3,35.843296,127.127470,,,,,failed,,,not_matched,false,
세븐일레븐 전북대점 앞,전북 전주시 덕진구 명륜4길 18,35.843296,127.127013,,,,,failed,,,not_matched,false,
렌즈타운 전북대점,전북 전주시 덕진구 명륜4길 20,35.843480,127.127206,1348995278,https://map.naver.com/p/entry/place/1348995278,35.8434675,127.1271109,high,렌즈타운 전북대점,전북 전주시 덕진구 명륜4길 20 전북 전주시 덕진구 덕진동1가 1314-170,verified,false,
배스킨라빈스 전북대,전북 전주시 덕진구 명륜4길 22,35.843601,127.127319,1418232234,https://map.naver.com/p/entry/place/1418232234,35.8436192,127.127315,mid,배스킨라빈스 전북대점,전북 전주시 덕진구 명륜4길 22 1층 전북 전주시 덕진구 금암동 1312-29,verified,false,
전북대 앞,전북 전주시 덕진구 덕진동1가 664-2,35.843887,127.127321,,,,,failed,,,not_matched,false,
화본역,대구 군위군 산성면 산성가음로 711-9,36.126651,128.694885,1409556046,https://map.naver.com/p/entry/place/1409556046,36.1269075,128.6949151,high,화본역출구,대구 군위군 산성면 화본리,verified,false,
이월드,대구 달서구 두류공원로 200,35.854855,128.564821,11556649,https://map.naver.com/p/entry/place/11556649,35.8530292,128.5657599,high,이월드,대구 달서구 두류공원로 200 이월드 대구 달서구 두류동 산302-11,verified,false,
맥문동솔숲,경북 상주시 화북면 상오리 산 44,36.544240,127.922391,,,,,failed,,,not_matched,false,
영리해수욕장,경북 영덕군 병곡면 고래불로 330,36.592917,129.409183,36072469,https://map.naver.com/p/entry/place/36072469,36.5925367,129.4100289,high,영리해수욕장,경북 영덕군 병곡면 고래불로 330 경북 영덕군 병곡면 영리 155-6,verified,false,
근화여자고등학교,경북 경주시 승삼2길 55,35.870585,129.227317,11556601,https://map.naver.com/p/entry/place/11556601,35.871882,129.2275299,high,근화여자고등학교,경북 경주시 승삼2길 55 근화여자고등학교/근화여자중학교 경북 경주시 용강동 870,verified,false,
토모루,경남 거제시 거제중앙로 1898-13,34.888212,128.624750,,,,,failed,,,not_matched,false,
여차몽돌해수욕장,경남 거제시 남부면 여차길 22,34.714131,128.626892,13491016,https://map.naver.com/p/entry/place/13491016,34.713804,128.6255493,high,여차몽돌해수욕장,경남 거제시 남부면 다포리,verified,false,
신선대,경남 거제시 남부면 갈곶리,34.740631,128.672022,15849214,https://map.naver.com/p/entry/place/15849214,34.7379442,128.6625034,mid,신선대,경남 거제시 남부면 경남 거제시 남부면 갈곶리 산21-23,verified,false,
워싱턴스트리트,"40-58 Washington St, Brooklyn, NY 11201 미국",,,,,,,failed,,,not_matched,false,
브루클린 교,10038 New York 미국,,,,,,,failed,,,not_matched,false,
루카511,서울 강남구 압구정로73길 22,37.527370,127.046826,,,,,failed,,,not_matched,false,
비손빌딩,서울 강남구 언주로 733,37.520525,127.033871,1158190333,https://map.naver.com/p/entry/place/1158190333,37.5205246,127.0338709,high,비손빌딩,서울 강남구 언주로 733 서울 강남구 논현동 63-7,verified,false,
이즈타워,서울 강남구 테헤란로 101,37.498623,127.028066,18782830,https://map.naver.com/p/entry/place/18782830,37.4986211,127.0280297,high,이즈타워,서울 강남구 테헤란로 101 이즈타워 서울 강남구 역삼동 821,verified,false,
복성각,서울 서대문구 명물1길 24,37.558475,126.937400,35624223,https://map.naver.com/p/entry/place/35624223,37.5585311,126.9373559,high,복성각,서울 서대문구 명물1길 24 서울 서대문구 창천동 31-8,verified,false,
거화빌딩,서울 서대문구 신촌로 73,37.556307,126.934520,31391611,https://map.naver.com/p/entry/place/31391611,37.572602,126.935074,mid,거화빌딩,서울 서대문구 연희로 173 서울 서대문구 연희동 81-1,verified,false,
만화카페,서울 서대문구 창천동 50-6,37.558589,126.937741,,,,,failed,,,not_matched,false,
부띠끄모나코,서울 서초구 서초동 1316-5,37.497540,127.024480,37609936,https://map.naver.com/p/entry/place/37609936,37.4973404,127.0242668,mid,부띠크모나코,서울 서초구 서초대로 397 서울 서초구 서초동 1316-5,verified,false,
오목집,서울 양천구 목동서로 155,37.529996,126.875072,,,,,failed,,,not_matched,false,
목동트라팰리스이스턴에비뉴,서울 양천구 오목로 299,37.526084,126.870355,18827755,https://map.naver.com/p/entry/place/18827755,37.52609,126.8710839,high,목동트라팰리스이스턴에비뉴,서울 양천구 오목로 299 목동트라팰리스 서울 양천구 목동 962 트라팰리스,verified,false,
한국전령공사 남서울지역옆,서울 영등포구 문래동3가 72-1,37.520278,126.894300,,,,,failed,,,not_matched,false,
한국전령공사 남서울지역,서울 영등포구 문래동3가 80-1,37.520166,126.892859,,,,,failed,,,not_matched,false,
남산,서울 용산구 남산공원길 105,37.551123,126.987868,,,,,failed,,,not_matched,false,
학림다방,서울 종로구 대학로 119 2층,37.581930,127.001677,11716359,https://map.naver.com/p/entry/place/11716359,37.5819499,127.0016561,high,학림,서울 종로구 대학로 119 2층 학림카페 서울 종로구 명륜4가 94-2,verified,false,
북촌한옥마을/담소정,서울 종로구 북촌로9길 16-2,37.581386,126.984334,,,,,failed,,,not_matched,false,
세종대로 횡단보도,서울 종로구 세종로 1-68,37.572432,126.976902,,,,,failed,,,not_matched,false,
원서공원,서울 종로구 원서동 206-4,,,18671803,https://map.naver.com/p/entry/place/18671803,37.5781749,126.9886124,mid,원서공원,서울 종로구 창덕궁길 19 서울 종로구 원서동 181,verified,false,
서울시립미술관,서울 중구 서소문동 37,37.564309,126.974441,12125053,https://map.naver.com/p/entry/place/12125053,37.5642066,126.9737733,high,서울시립미술관,서울 중구 덕수궁길 61 서울 중구 서소문동 37,verified,false,
유림면,서울 중구 서소문로 139-1,37.564244,126.976098,11725657,https://map.naver.com/p/entry/place/11725657,37.5642371,126.9760935,high,유림면,서울 중구 서소문로 139-1 서울 중구 서소문동 16,verified,false,
국립극장,서울 중구 장충단로 59,37.551995,126.999267,11621552,https://map.naver.com/p/entry/place/11621552,37.5526708,126.9996175,high,국립극장,서울 중구 장충단로 59 서울 중구 장충동2가 산14-67,verified,false,
홍제유연,서울 서대문구 통일로 484 지하,37.591574,126.943076,,,,,failed,,,not_matched,false,
킨트헤어,서울 마포구 와우산로 83,37.551939,126.923292,1423434315,https://map.naver.com/p/entry/place/1423434315,37.5519001,126.9233232,high,킨트헤어,서울 마포구 와우산로 83 2층 서울 마포구 서교동 362-1,verified,false,
여의도IFC몰,서울 영등포구 국제금융로 10,37.525178,126.924877,1235320735,https://map.naver.com/p/entry/place/1235320735,37.5245755,126.9255938,high,송옥 여의도IFC몰,서울 영등포구 국제금융로 10 IFC몰 지하 3층 L333호 서울 영등포구 여의도동 23,verified,false,
소월로(어반클리프쪽),서울 용산구 후암동 406-97,37.547688,126.984415,,,,,failed,,,not_matched,false,
금세기빌딩,서울 중구 무교로 6,37.566481,126.979470,18688414,https://map.naver.com/p/entry/place/18688414,37.5664101,126.9794838,mid,금세기빌딩(2030년01월예정),서울 중구 무교로 6 서울 중구 을지로1가 16,verified,false,
"을지로입구역3,4번출구쪽",서울 중구 을지로2가 1-1,37.566261,126.983223,,,,,failed,,,not_matched,false,
삼풍상가,서울 중구 인현동2가 120-22,37.564310,126.995747,18702144,https://map.naver.com/p/entry/place/18702144,37.5656688,126.9955823,mid,삼풍상가,서울 중구 을지로 158 서울 중구 을지로4가 310-68,verified,false,
동대문디자인플라자,서울 중구 을지로 281,37.568045,127.010890,18063223,https://map.naver.com/p/entry/place/18063223,37.5675465,127.0099323,high,동대문디자인플라자,서울 중구 을지로 281 서울 중구 을지로7가 143,verified,false,
청와대,서울 종로구 청와대로 1,37.586476,126.974937,,,,,failed,,,not_matched,false,
평창40길,서울 종로구 평창동 411-5,37.615235,126.979673,,,,,failed,,,not_matched,false,
평창7길,서울 종로구 평창7길 89,37.615855,126.980099,,,,,failed,,,not_matched,false,
이엔갤러리,서울 종로구 평창길 224,37.613195,126.970808,603799070,https://map.naver.com/p/entry/place/603799070,37.6131653,126.9707769,high,이엔갤러리,서울 종로구 평창길 224 서울 종로구 평창동 495-19,verified,false,
경희대학교 서울캠퍼스,서울 동대문구 경희대로 26,37.593949,127.054891,11591494,https://map.naver.com/p/entry/place/11591494,37.5964494,127.0525009,mid,경희대학교 서울캠퍼스,서울 동대문구 경희대로 26 서울 동대문구 회기동 1-5,verified,false,
노보텔 앰배서더 서울강남,서울 강남구 봉은사로 130,37.505281,127.028919,11559924,https://map.naver.com/p/entry/place/11559924,37.50539,127.0290022,high,노보텔 앰배서더 서울 강남,서울 강남구 봉은사로 130 서울 강남구 역삼동 603,verified,false,
강남대로,서울 강남구 강남대로 446,37.502390,127.025949,,,,,failed,,,not_matched,false,
윤빌딩,서울 서초구 서초대로74길 3,37.497225,127.026201,872490450,https://map.naver.com/p/entry/place/872490450,37.5129948,127.0188229,mid,윤빌딩,서울 서초구 강남대로95길 19-15 서울 서초구 잠원동 29-22,verified,false,
청담나들목,서울 강남구 청담동 139-36,37.521859,127.062183,19459763,https://map.naver.com/p/entry/place/19459763,37.5217067,127.0621193,mid,청담나들목,서울 강남구 삼성동,verified,false,
코엑스(아셈타워쪽),서울 강남구 영동대로 511,37.510357,127.061024,,,,,failed,,,not_matched,false,
광명역,경기 광명시 광명역로 21,37.416364,126.884877,19685223,https://map.naver.com/p/entry/place/19685223,37.420017,126.8880026,mid,광명역로,경기 광명시 일직동,verified,false,
효원공원 월화원,경기 수원시 팔달구 동수원로 399,37.264906,127.039457,13447998,https://map.naver.com/p/entry/place/13447998,37.2651597,127.0379325,high,효원공원월화원,경기 수원시 팔달구 동수원로 399 경기 수원시 팔달구 인계동 1117,verified,false,
세이지우드 홍천,강원 홍천군 두촌면 광석로 898-160,37.886006,128.118714,1194921077,https://map.naver.com/p/entry/place/1194921077,37.8859653,128.1186712,high,세이지우드 홍천,강원 홍천군 두촌면 광석로 898-160 강원 홍천군 두촌면 괘석리 산25,verified,false,
국립대전현충원,대전 유성구 현충원로 251,36.369463,127.302591,12382008,https://map.naver.com/p/entry/place/12382008,36.3673138,127.2972097,mid,국립대전현충원,대전 유성구 현충원로 251 대전 유성구 갑동 3,verified,false,
대전둔산경찰서,대전 서구 한밭대로 733,36.358337,127.380230,11642559,https://map.naver.com/p/entry/place/11642559,36.3583003,127.3804376,high,대전둔산경찰서,대전 서구 한밭대로 733 둔산경찰서 대전 서구 둔산동 950,verified,false,
온빛자연휴양림,충남 논산시 벌곡면 황룡재로 480-113,36.202817,127.252532,1540136642,https://map.naver.com/p/entry/place/1540136642,36.2061037,127.251549,mid,온빛자연휴양림,충남 논산시 벌곡면 황룡재로 480-113 충남 논산시 벌곡면 한삼천리 311-6,verified,false,
국립5.18민주묘지,전남광주통합특별시 북구 민주로 200,35.235766,126.939254,11663875,https://map.naver.com/p/entry/place/11663875,35.2362248,126.9388359,high,국립5.18민주묘지,전남광주 북구 민주로 200 전남광주 북구 운정동 563,verified,false,
광주송정역,전남광주통합특별시 광산구 상무대로 201,35.137243,126.790683,4711608993,https://map.naver.com/p/entry/place/4711608993,35.137394,126.791038,high,광주송정역광장,전남광주 광산구 상무대로 201 전남광주 광산구 송정동 1003-1,verified,false,
기림사,경북 경주시 문무대왕면 기림로 437-17,35.838313,129.399194,12123342,https://map.naver.com/p/entry/place/12123342,35.8376728,129.4031154,mid,기림사,경북 경주시 문무대왕면 기림로 437-17 경북 경주시 문무대왕면 호암리 417,verified,false,
양지골로,부산 남구 양지골로 200,35.117213,129.085831,,,,,failed,,,not_matched,false,
중앙디엔씨,부산 남구 이기대공원로 57-170,35.131468,129.120672,1143794104,https://map.naver.com/p/entry/place/1143794104,35.1314892,129.120681,high,중앙디엔씨,부산 남구 이기대공원로 57-170 부산 남구 용호동 5-4,verified,false,
동남빌딩,서울 노원구 노해로77길 14-7,37.654946,127.059555,1692181520,https://map.naver.com/p/entry/place/1692181520,37.6549462,127.0595549,high,동남빌딩,서울 노원구 노해로77길 14-7 서울 노원구 상계동 710-2,verified,false,
본동집,서울 동작구 노량진로32길 78,37.510437,126.956576,,,,,failed,,,not_matched,false,
마포경찰서옆,서울 마포구 마포대로 173,37.549902,126.954456,,,,,failed,,,not_matched,false,
반포대교,서울 서초구 반포동 649,37.512545,126.996906,2011720089,https://map.naver.com/p/entry/place/2011720089,37.5117832,126.9979669,mid,PINK AREA: 반포대교,서울 서초구 반포동 649-1,verified,false,
5500012카페,서울 성북구 장월로 23,37.608229,127.047155,,,,,failed,,,not_matched,false,
동방그린빌라,서울 성북구 장월로11길 53-10,37.612091,127.046649,1212688098,https://map.naver.com/p/entry/place/1212688098,37.6120919,127.0466494,high,동방그린빌라,서울 성북구 장월로11길 53-10 서울 성북구 장위동 233-504,verified,false,
성북구집,서울 성북구 장월로6길 11,37.609206,127.047940,,,,,failed,,,not_matched,false,
승진슈퍼,서울 성북구 장월로6길 38,37.609740,127.048728,19408172,https://map.naver.com/p/entry/place/19408172,37.6097167,127.0487638,high,승진슈퍼,서울 성북구 장월로6길 38 서울 성북구 장위동 68-409,verified,false,
창신빌라5차,서울 성북구 장월로9길 21,37.611748,127.047442,,,,,failed,,,not_matched,false,
아리따움,서울 성북구 종암로 100,37.599071,127.034729,,,,,failed,,,not_matched,false,
오거리감자탕,서울 성북구 종암로21길 95,37.602285,127.031452,13563683,https://map.naver.com/p/entry/place/13563683,37.6022998,127.0314566,high,오거리감자탕홍어식당,서울 성북구 종암로21길 95 1층 서울 성북구 종암동 81-104,verified,false,
더사보르,서울 성북구 화랑로19길 20-1,37.607657,127.049468,,,,,failed,,,not_matched,false,
시져지카페,서울 성북구 화랑로32길 59,37.607972,127.057708,,,,,failed,,,not_matched,false,
여의도한강공원,서울 영등포구 여의도동 84-4,37.528173,126.932511,13416869,https://map.naver.com/p/entry/place/13416869,37.5263232,126.9348268,high,여의도 한강공원,서울 영등포구 여의동로 330 한강사업본부 여의도안내센터 서울 영등포구 여의도동 8,verified,false,
원조자원대구탕,서울 용산구 한강대로62가길 6,37.534706,126.974104,,,,,failed,,,not_matched,false,
신광사,서울 종로구 종로 176,37.570456,126.997080,20940441,https://map.naver.com/p/entry/place/20940441,37.57115,127.001017,mid,신광사,서울 종로구 종로 209 서울 종로구 종로5가 98-3,verified,false,
자유공원,인천 제물포구 자유공원남로 25,37.474581,126.622669,1724343541,https://map.naver.com/p/entry/place/1724343541,37.475139,126.6229175,mid,자유공원,인천 제물포구 인천 제물포구 송학동1가,verified,false,
청담드메르,서울 강남구 도산대로 452,37.523630,127.045734,,,,,failed,,,not_matched,false,
서울집,서울 금천구 시흥대로122길 24,37.469214,126.899528,,,,,failed,,,not_matched,false,
샤론미용실앞,서울 마포구 망원로11길 27-10,37.558854,126.906106,,,,,failed,,,not_matched,false,
참농,서울 마포구 망원로11길 29,37.558961,126.906323,1523206211,https://map.naver.com/p/entry/place/1523206211,37.5588555,126.9065131,mid,참농,서울 마포구 월드컵로25길 26 서울 마포구 망원동 517,verified,false,
돈치킨,서울 마포구 방울내로11길 14,37.561456,126.904520,,,,,failed,,,not_matched,false,
LA갈비,서울 마포구 방울내로11길 35,37.562163,126.903558,,,,,failed,,,not_matched,false,
틈,서울 마포구 와우산로3길 46,37.545735,126.920435,20601626,https://map.naver.com/p/entry/place/20601626,37.545751,126.9204299,high,틈,서울 마포구 와우산로3길 46 틈 와인&스테이크 서울 마포구 당인동 25-29,verified,false,
이태리타올,서울 마포구 와우산로3길 47,37.545542,126.920441,,,,,failed,,,not_matched,false,
CU 마포망원점,서울 마포구 월드컵로31길 11,37.561549,126.904100,18796024,https://map.naver.com/p/entry/place/18796024,37.5615873,126.9041015,high,CU 마포망원점,서울 마포구 월드컵로31길 11 서울 마포구 망원동 473-2,verified,false,
몽마르뜨언덕위 은하수다방,서울 마포구 토정로 33-1,37.545772,126.914711,,,,,failed,,,not_matched,false,
연남장,서울 서대문구 연희로5길 22,37.564330,126.927585,1760425180,https://map.naver.com/p/entry/place/1760425180,37.5642995,126.9276208,high,연남장,서울 서대문구 연희로5길 22 1층 연남장 서울 서대문구 연희동 218-15,verified,false,
캐틀앤비,서울 서초구 양재천로 131,37.478802,127.041977,,,,,failed,,,not_matched,false,
에리트빌딩,서울 영등포구 여의대방로65길 12,37.519629,126.930032,18999226,https://map.naver.com/p/entry/place/18999226,37.5196157,126.9299899,high,에리트빌딩,서울 영등포구 여의도동 여의대방로65길 12 서울 영등포구 여의도동 44-32,verified,false,
더리버,서울 용산구 용산동6가 451,37.508030,126.985240,1989625705,https://map.naver.com/p/entry/place/1989625705,37.5071007,126.9846684,mid,더리버,서울 용산구 올림픽대로 2085-96 THE RIVER 서울 용산구 용산동6가 451,verified,false,
동작대교,서울 용산구 이촌동 357,37.506881,126.979593,18726869,https://map.naver.com/p/entry/place/18726869,37.510825,126.9819963,mid,동작대교,서울 용산구 이촌동,verified,false,
감고당길,서울 종로구 송현동 57-1,37.576267,126.982816,,,,,failed,,,not_matched,false,
서울공예박물관앞,서울 종로구 율곡로3길 4,37.576611,126.983261,,,,,failed,,,not_matched,false,
포레나 영등포 센트럴,서울 영등포구 국회대로50길 20,37.523821,126.905669,1841470805,https://map.naver.com/p/entry/place/1841470805,37.5236015,126.9056744,high,포레나영등포센트럴아파트,서울 영등포구 국회대로50길 20 서울 영등포구 영등포동7가 208,verified,false,
히든바이크,서울 영등포구 도림로141다길 20,37.515052,126.890370,1611141770,https://map.naver.com/p/entry/place/1611141770,37.5150544,126.89038,high,히든바이크,서울 영등포구 도림로141다길 20 서울 영등포구 문래동4가 23-6,verified,false,
코트야드 메리어트 서울 타임스퀘어,서울 영등포구 영중로 15,37.517233,126.903716,13217405,https://map.naver.com/p/entry/place/13217405,37.5176349,126.9042801,high,코트야드 메리어트 서울 타임스퀘어,서울 영등포구 영중로 15 타임스퀘어 서울 영등포구 영등포동4가 442,verified,false,
피자쏭앞,서울 양천구 오목로38길 36,37.521938,126.856536,,,,,failed,,,not_matched,false,
매그놀리아,서울 용산구 대사관로 65,37.533447,127.005451,,,,,failed,,,not_matched,false,
그랜드센트럴,서울 중구 세종대로 14,37.557839,126.974415,1010752889,https://map.naver.com/p/entry/place/1010752889,37.5578627,126.9744234,high,그랜드센트럴,서울 중구 세종대로 14 서울 중구 남대문로5가 831,verified,false,
충무로,서울 중구 충무로 39-1,37.564769,126.992619,1948933041,https://map.naver.com/p/entry/place/1948933041,37.5625745,126.9912615,mid,바오서울 충무로,서울 중구 퇴계로27길 31 1층 1호 서울 중구 충무로3가 58-21,verified,false,
충무로5길,서울 중구 을지로3가 320-2,37.565432,126.991376,,,,,failed,,,not_matched,false,
섹터커피 을지로점,서울 중구 마른내로 43,37.564543,126.992643,1133940349,https://map.naver.com/p/entry/place/1133940349,37.564526,126.9926866,high,섹터커피 을지로점,서울 중구 마른내로 43 1층 서울 중구 초동 19-3,verified,false,
고려대학교 안암병원,서울 성북구 고려대로 73,37.587377,127.026249,1035886628,https://map.naver.com/p/entry/place/1035886628,37.5870663,127.0264851,high,고려대학교 안암병원본관,서울 성북구 고려대로 73 고려대병원 서울 성북구 안암동5가 126-1,verified,false,
천호대로91길,서울 동대문구 장한로2길 63,37.561840,127.068807,,,,,failed,,,not_matched,false,
"한강(동호대교,성수대교사이)",서울 성동구 옥수동 488,37.539603,127.026970,,,,,failed,,,not_matched,false,
영동대교,서울 성동구 성수동2가 825,37.529806,127.055189,18827072,https://map.naver.com/p/entry/place/18827072,37.5302893,127.0573088,mid,영동대교,서울 성동구 성수동2가,verified,false,
골든슬럼버,서울 서초구 서래로8길 3,37.498731,126.998756,1864207501,https://map.naver.com/p/entry/place/1864207501,37.4987365,126.9987732,high,골든슬럼버,서울 서초구 서래로8길 3 2층 서울 서초구 반포동 92-11,verified,false,
삼성로146길,서울 강남구 삼성로 760,37.522771,127.048424,,,,,failed,,,not_matched,false,
호텔엔트라 강남,서울 강남구 도산대로 508,37.524025,127.048469,38703748,https://map.naver.com/p/entry/place/38703748,37.5240505,127.0484962,high,호텔엔트라,서울 강남구 도산대로 508 서울 강남구 청담동 48-3,verified,false,
알로하복싱짐 삼성점,서울 강남구 봉은사로 466,37.511965,127.050694,1322751371,https://map.naver.com/p/entry/place/1322751371,37.5118976,127.0507254,high,알로하복싱짐 삼성점,서울 강남구 봉은사로 466 B1층 서울 강남구 삼성동 116,verified,false,
청라동집,인천 서해구 청라동 77-24,37.540152,126.631322,,,,,failed,,,not_matched,false,
청라한내로,인천 서해구 청라동 76-7,37.540368,126.628286,,,,,failed,,,not_matched,false,
한내삼거리,인천 서해구 청라동 8-138,37.541786,126.626040,,,,,failed,,,not_matched,false,
청라한내로162번길,인천 서해구 청라한내로162번길 7,37.539831,126.629048,,,,,failed,,,not_matched,false,
구움다방(폐업),인천 서해구 청라커낼로223번길 4-3,37.528757,126.644137,,,,,failed,,,precheck:closed_place_name,false,
연희삼성아파트,인천 서해구 용두산로13번길 12,37.544309,126.670892,16965559,https://map.naver.com/p/entry/place/16965559,37.5446757,126.6703861,high,연희삼성아파트,인천 서해구 용두산로13번길 12 인천 서해구 심곡동 330-1,verified,false,
로뎀요양병원,인천 미추홀구 주안로 211,37.463680,126.693369,33252309,https://map.naver.com/p/entry/place/33252309,37.463683,126.6933827,high,로뎀요양병원,인천 미추홀구 주안로 211 인천 미추홀구 주안동 296,verified,false,
인천보훈병원,인천 미추홀구 인주대로 138,37.455738,126.652442,1232377045,https://map.naver.com/p/entry/place/1232377045,37.4558221,126.6524512,high,보훈공단 인천보훈병원,인천 미추홀구 인주대로 138 인천 미추홀구 용현동 450-5,verified,false,
트레이더스홀세일클럽 일산점,경기 고양시 일산서구 킨텍스로 171,37.661583,126.744065,37365883,https://map.naver.com/p/entry/place/37365883,37.6616009,126.7440212,high,트레이더스 홀세일 클럽 일산점,경기 고양시 일산서구 킨텍스로 171 경기 고양시 일산서구 대화동 2703,verified,false,
모던복싱클럽 도래울점,경기 고양시 덕양구 도래울로 105,37.635078,126.871471,1733567061,https://map.naver.com/p/entry/place/1733567061,37.6350427,126.8714485,high,모던복싱클럽 도래울점,경기 고양시 덕양구 도래울로 105 아카메디 3층 모던복싱클럽 도래울점 경기 고양시 덕양구 도내동 957,verified,false,
삼송로(1),경기 고양시 덕양구 삼송동 394,37.651869,126.887236,,,,,failed,,,not_matched,false,
삼송로(2),경기 고양시 덕양구 원흥동 58-16,37.649727,126.877916,,,,,failed,,,not_matched,false,
삼송로(3),경기 고양시 덕양구 삼송동 387,37.650353,126.881826,,,,,failed,,,not_matched,false,
장미아파트,경기 남양주시 진접읍 장현로147번길 13,37.722452,127.185899,,,,,failed,,,not_matched,false,
천광카센타,경기 남양주시 화도읍 수레로 1193,37.643691,127.302947,,,,,failed,,,not_matched,false,
부천프라자,경기 부천시 오정구 원종로 64,37.523782,126.807001,19468439,https://map.naver.com/p/entry/place/19468439,37.5237771,126.8070051,high,부천프라자,경기 부천시 오정구 원종로 64 경기 부천시 오정구 원종동 313-10,verified,false,
브리드인,경기 안양시 만안구 석수로 10,37.409435,126.911292,1064830024,https://map.naver.com/p/entry/place/1064830024,37.4094221,126.9113178,high,브리드인,경기 안양시 만안구 석수로 10 1층 브리드인카페 경기 안양시 만안구 석수동 313-17,verified,false,
소사이어티 카페,경기 안양시 만안구 장내로139번길 56-6,37.400036,126.921669,998520576,https://map.naver.com/p/entry/place/998520576,37.4000355,126.9216701,high,소사이어티카페,경기 안양시 만안구 장내로139번길 56-6 1층 경기 안양시 만안구 안양동 674-70,verified,false,
AXIS금정,경기 성남시 중원구 산성대로 398,37.447305,127.158394,2146893632,https://map.naver.com/p/entry/place/2146893632,37.4472723,127.1584374,high,AXIS금정,경기 성남시 중원구 산성대로 398 AXIS 금광 경기 성남시 중원구 금광동 4465,verified,false,
자혜로(1),경기 성남시 중원구 자혜로 3,37.450766,127.160037,,,,,failed,,,not_matched,false,
자혜로(2),경기 성남시 중원구 금빛로 101,37.450707,127.165736,,,,,failed,,,not_matched,false,
산성대로372번길,경기 성남시 중원구 광명로 299,37.444662,127.159375,,,,,failed,,,not_matched,false,
광명로,경기 성남시 중원구 광명로 365,37.446675,127.166230,,,,,failed,,,not_matched,false,
단대오거리,경기 성남시 중원구 희망로 448,37.444902,127.157293,1381003535,https://map.naver.com/p/entry/place/1381003535,37.4449646,127.1574079,high,베이커리단대오거리역,경기 성남시 중원구 희망로 448 경기 성남시 중원구 금광동 1,verified,false,
산성대로,경기 성남시 수정구 산성대로 539,37.458973,127.164595,19217967,https://map.naver.com/p/entry/place/19217967,37.4596561,127.1637256,mid,산성대로539번길,경기 성남시 수정구 양지동,verified,false,
공원로,경기 성남시 수정구 공원로 391,37.445899,127.145647,34144770,https://map.naver.com/p/entry/place/34144770,37.445089,127.1451756,mid,공원로391번길,경기 성남시 수정구 신흥동,verified,false,
판교역로,경기 성남시 분당구 판교역로 235,37.402048,127.108691,,,,,failed,,,not_matched,false,
시럽,경기 이천시 대월면 대산로288번길 75,37.249591,127.474945,1044489864,https://map.naver.com/p/entry/place/1044489864,37.2495534,127.4749788,high,카페시럽,경기 이천시 대산로288번길 75 아미가든쇼핑센타 경기 이천시 대월면 대흥리 1-6,verified,false,
심재훈 동물병원,경기 평택시 탄현로 310-1,37.080089,127.055196,17906785,https://map.naver.com/p/entry/place/17906785,37.080075,127.055175,high,심재훈동물병원,경기 평택시 탄현로 310-1 경기 평택시 지산동 766-4,verified,false,
탄현로(1),경기 평택시 탄현로 315-1,37.080637,127.055226,,,,,failed,,,not_matched,false,
탄현로(2),경기 평택시 탄현로 262,37.075883,127.055454,,,,,failed,,,not_matched,false,
우성세라믹스공업,경기 평택시 포승읍 서둔물길 30-34,36.994008,126.894149,18974210,https://map.naver.com/p/entry/place/18974210,36.9942191,126.8940071,high,우성세라믹스공업,경기 평택시 포승읍 서둔물길 30-34 경기 평택시 포승읍 석정리 369-6,verified,false,
밀리언그라운드 홍천,강원 홍천군 홍천읍 독골길 52-16,37.609662,127.864071,,,,,failed,,,not_matched,false,
원주세브란스기독병원,강원 원주시 일산로 20,37.349117,127.946726,11686887,https://map.naver.com/p/entry/place/11686887,37.347815,127.945738,high,원주세브란스기독병원,강원 원주시 일산로 20 강원 원주시 일산동 162-33,verified,false,
청주국제공항,충북 청주시 청원구 내수읍 오창대로 980 5-4,,,11576967,https://map.naver.com/p/entry/place/11576967,36.7219837,127.4959887,mid,청주국제공항,충북 청주시 청원구 내수읍 오창대로 980 5-4 충북 청주시 청원구 내수읍 입상리 79-9,verified,false,
금송,충북 청주시 청원구 율봉로 134,36.667784,127.483815,,,,,failed,,,not_matched,false,
대전광역시청,대전 서구 둔산로 100,36.350385,127.384633,11627823,https://map.naver.com/p/entry/place/11627823,36.3505,127.3848334,high,대전광역시청,대전 서구 둔산로 100 대전 서구 둔산동 1420,verified,false,
서대전지구대,대전 중구 중앙로 14,36.322531,127.414007,16122938,https://map.naver.com/p/entry/place/16122938,36.3224527,127.414043,high,서대전지구대,대전 중구 중앙로 14 대전 중구 문화동 1-4,verified,false,
군산체육관,전북 군산시 월명안길 8-2,35.984188,126.707504,32675527,https://map.naver.com/p/entry/place/32675527,35.9842836,126.7073035,high,군산체육관,전북 군산시 월명안길 8-4 전북 군산시 월명동 22-17,verified,false,
옛장흥교도소,전남광주통합특별시 장흥군 장흥읍 원도리 191,34.687303,126.913304,,,,,failed,,,not_matched,false,
김천 폐대학,경북 김천시 어모면 옥율리 산 27-1,36.175127,128.109025,,,,,failed,,,not_matched,false,
울프강 스테이크하우스 청담점,서울 강남구 선릉로152길 21,37.524497,127.041463,36449091,https://map.naver.com/p/entry/place/36449091,37.5244206,127.0414091,mid,울프강 스테이크하우스,서울 강남구 선릉로152길 21 영인빌딩 1층 서울 강남구 청담동 89-6,verified,false,
아크레도 청담점,서울 강남구 압구정로 410,37.527214,127.041632,1677754795,https://map.naver.com/p/entry/place/1677754795,37.5230216,127.0422013,mid,아크레도 청담점,서울 강남구 도산대로 420 B1 서울 강남구 청담동 3,verified,false,
청담역3번출구,서울 강남구 학동로 518,37.519558,127.055567,,,,,failed,,,not_matched,false,
스타시티서울레스토랑,서울 강동구 구천면로 140,37.542278,127.120514,267802526,https://map.naver.com/p/entry/place/267802526,37.5422758,127.1204648,high,메종 드 플래터 스타시티서울 레스토랑,서울 강동구 구천면로 140 스타시티빌딩 7층 서울 강동구 천호동 469-1,verified,false,
BBQ(이대점),서울 서대문구 이화여대5길 35,37.558131,126.943763,1501792671,https://map.naver.com/p/entry/place/1501792671,37.5580309,126.9438185,mid,BBQ치킨 이대점,서울 서대문구 이화여대5길 35 지웰 1층 115호 서울 서대문구 대현동 37-32,verified,false,
에브라임안경,서울 성동구 왕십리로 110,37.547460,127.044776,,,,,failed,,,not_matched,false,
제네시스비비큐,서울 송파구 중대로 64,37.491494,127.116019,1145251435,https://map.naver.com/p/entry/place/1145251435,37.4915011,127.1160347,mid,제너시스비비큐글로벌,서울 송파구 중대로 64 서울 송파구 문정동 150-25,verified,false,
써브웨이 독립문점,서울 종로구 송월길 155,37.571727,126.961626,1261053877,https://map.naver.com/p/entry/place/1261053877,37.5717527,126.9610573,high,써브웨이 독립문점,서울 종로구 송월길 155 경희궁자이4단지 상가 1층 4104-4106호 서울 종로구 교북동 126,verified,false,
할머니북어탕,경기 고양시 덕양구 토당로 66-15,37.621622,126.819101,13531508,https://map.naver.com/p/entry/place/13531508,37.6217251,126.8190884,mid,능곡할머니북어탕 본점,경기 고양시 덕양구 토당로 66-15 1층 경기 고양시 덕양구 토당동 330-6,verified,false,
엠코헤리츠,경기 성남시 분당구 정자일로 132,37.361848,127.106560,36652649,https://map.naver.com/p/entry/place/36652649,37.3618698,127.1065977,mid,정자역엠코헤리츠4단지,경기 성남시 분당구 정자일로 132 경기 성남시 분당구 정자동 166-3,verified,false,
엔젤리너스,경기 수원시 팔달구 권광로 187,37.264251,127.032472,,,,,failed,,,not_matched,false,
모다백화점(부평점),인천 부평구 부평문화로 35,37.493540,126.719574,1880213878,https://map.naver.com/p/entry/place/1880213878,37.4935399,126.7195744,mid,예작 모다백화점부평점,인천 부평구 부평문화로 35 인천 부평구 부평동 70-127,verified,false,
공원장,인천 미추홀구 인주대로211번길 49-26,37.457280,126.661549,16408342,https://map.naver.com/p/entry/place/16408342,37.4572952,126.6615712,high,공원장,인천 미추홀구 인주대로211번길 49-26 인천 미추홀구 용현동 55-260,verified,false,
신제물포구락부스튜디오,인천 미추홀구 석정로 200,37.467626,126.657471,1462138545,https://map.naver.com/p/entry/place/1462138545,37.4676344,126.6574925,high,신제물포구락부,인천 미추홀구 석정로 200 지하1층 인천 미추홀구 도화동 85-2,verified,false,
롯데백화점,인천 미추홀구 연남로 35,37.442506,126.701519,1110340200,https://map.naver.com/p/entry/place/1110340200,37.4423397,126.7013931,mid,롯데백화점 인천점,"인천 미추홀구 연남로 35 , 1층 인천 미추홀구 관교동 15",verified,false,
영림홈앤리빙 인천갤러리,인천 남동구 아암대로 1085,37.387258,126.688843,1919660245,https://map.naver.com/p/entry/place/1919660245,37.3872654,126.6884292,high,영림홈앤리빙 인천,인천 남동구 아암대로 1085 인천 남동구 고잔동 712-10,verified,false,
예전,인천 제물포구 월미문화로 43-2,37.474394,126.597639,12414494,https://map.naver.com/p/entry/place/12414494,37.4744481,126.5975316,high,예전,인천 제물포구 월미문화로 43-2 인천 제물포구 북성동1가 98-444,verified,false,
홍예문,인천 제물포구 내동 217-15,37.473435,126.626963,19793161,https://map.naver.com/p/entry/place/19793161,37.4746811,126.6263001,mid,홍예문,인천 제물포구 인천 제물포구 송학동3가 8,verified,false,
일광전구라이트하우스,인천 제물포구 참외전로174번길 8-1,37.472105,126.635059,1443615127,https://map.naver.com/p/entry/place/1443615127,37.4720714,126.6351889,high,일광전구 라이트하우스,인천 제물포구 참외전로174번길 8-1 (인천광역시 중구 경동 51-1) 인천 제물포구 경동 51-1 인천 중구 51-1,verified,false,
버스정류장,인천 제물포구 화도진로 88,37.479418,126.630347,,,,,failed,,,not_matched,false,
샛골설렁탕,인천 제물포구 금곡로82번길 14,37.472649,126.644415,1101267362,https://map.naver.com/p/entry/place/1101267362,37.4726095,126.6443757,high,샛골설렁탕,인천 제물포구 금곡로82번길 14 인천 제물포구 송림동 68-9,verified,false,
웰빙쌈밥앤칡불냉면,인천 남동구 남동대로799번길 44,37.454125,126.705721,,,,,failed,,,not_matched,false,
서브웨이,인천 남동구 구월남로 153,37.453343,126.706584,,,,,failed,,,not_matched,false,
송도아울렛,인천 연수구 송도과학로16번길 33-3,37.379792,126.660955,38218972,https://map.naver.com/p/entry/place/38218972,37.380592,126.6575318,mid,아디다스 송도 아울렛,"인천 연수구 송도국제대로 123 , 1층 인천 연수구 송도동 168-1",verified,false,
서래갈매기,서울 강남구 강남대로96길 17,37.500136,127.028390,,,,,failed,,,not_matched,false,
피자알볼로,서울 강남구 역삼로 148,37.494520,127.035588,1467708077,https://map.naver.com/p/entry/place/1467708077,37.4946303,127.0356117,mid,피자알볼로 역삼직영점,서울 강남구 역삼로 148 굿잡빌딩 1층 서울 강남구 역삼동 789-2,verified,false,
대성관,서울 동작구 여의대방로 204-1,,,,,,,failed,,,not_matched,false,
엔젤리너스,서울 영등포구 여의도동 61-5,37.519410,126.938626,1027042933,https://map.naver.com/p/entry/place/1027042933,37.5161726,126.9081366,mid,엔젤리너스 롯데시네마영등포점,서울 영등포구 경인로 846 영등포 민자역사 시네마동 3층 서울 영등포구 영등포동 618-496,verified,false,
한강대교,서울 용산구 양녕로 446,37.517364,126.959268,18726054,https://map.naver.com/p/entry/place/18726054,37.5175183,126.9588201,mid,한강대교,서울 용산구 이촌동,verified,false,
노들견우카페,서울 용산구 이촌동 361-1,37.520546,126.962485,,,,,failed,,,not_matched,false,
후암동집,서울 용산구 후암로28마길 30,37.550410,126.980801,,,,,failed,,,not_matched,false,
코스모스분식,서울 은평구 연서로15길 2,37.610544,126.916572,32708936,https://map.naver.com/p/entry/place/32708936,37.6105424,126.9165959,high,코스모스분식,서울 은평구 연서로15길 2 서울 은평구 구산동 1-16,verified,false,
상암카이저팰리스클래식아파트,서울 마포구 월드컵북로47길 37,37.573526,126.890284,,,,,failed,,,not_matched,false,
우리기술빌딩,서울 마포구 월드컵북로56길 9,37.581385,126.887440,,,,,failed,,,not_matched,false,
가온문화공원 앞,서울 마포구 월드컵북로56길 19,37.582343,126.888366,,,,,failed,,,not_matched,false,
알페로,서울 마포구 홍익로5길 32,37.553782,126.920571,1146200514,https://map.naver.com/p/entry/place/1146200514,37.5537823,126.9205714,high,알페로 홍대,서울 마포구 홍익로5길 32 2층 알페로 서울 마포구 서교동 354-10,verified,false,
"한강(양화대교,서강대교사이)",서울 영등포구 여의도동 81-7,37.540607,126.913257,,,,,failed,,,not_matched,false,
성산로22길,서울 서대문구 성산로22길 22,37.559882,126.934044,,,,,failed,,,not_matched,false,
티앙팡 오후의 홍차,서울 서대문구 이화여대길 34,37.558453,126.945944,11570104,https://map.naver.com/p/entry/place/11570104,37.5584482,126.9460515,high,티앙팡 오후의 홍차,서울 서대문구 이화여대길 34 2층 서울 서대문구 대현동 54-4,verified,false,
FF,서울 마포구 와우산로17길 12,37.550274,126.922321,20917624,https://map.naver.com/p/entry/place/20917624,37.5502453,126.9222876,high,FF,서울 마포구 와우산로17길 12 서울 마포구 서교동 407-8,verified,false,
메머드익스프레스 홍대정문점 앞,서울 마포구 와우산로18길 38,37.551924,126.924000,,,,,failed,,,not_matched,false,
TYPE 한강점,서울 마포구 토정로 128,37.544937,126.925338,1619195092,https://map.naver.com/p/entry/place/1619195092,37.5449567,126.9253568,high,TYPE 한강점,서울 마포구 토정로 128 서강8경빌딩 5층 TYPE HANGANG 서울 마포구 상수동 356-6,verified,false,
카페로드,서울 금천구 범안로 1152,37.466359,126.889851,,,,,failed,,,not_matched,false,
밤노을,서울 용산구 이촌로29길 25,37.524830,126.960232,1308137382,https://map.naver.com/p/entry/place/1308137382,37.5248286,126.9602196,high,밤노을,서울 용산구 이촌로29길 25 서울 용산구 한강로3가 40-37,verified,false,
레스케이프호텔 마크다모르,서울 중구 퇴계로 67,37.559732,126.979523,,,,,failed,,,not_matched,false,
커피한약방,서울 중구 삼일대로12길 16-6,37.566570,126.988608,1614417324,https://map.naver.com/p/entry/place/1614417324,37.5665774,126.9886173,high,커피한약방,서울 중구 삼일대로12길 16-6 서울 중구 을지로2가 101-34,verified,false,
남도분식 익선점,서울 종로구 수표로28길 33,37.573149,126.990076,1129603411,https://map.naver.com/p/entry/place/1129603411,37.5731697,126.9901014,high,남도분식 익선점,서울 종로구 수표로28길 33 남도분식 서울 종로구 익선동 166-29,verified,false,
쇠고집,서울 종로구 인사동3길 5-2,37.571849,126.986401,849152244,https://map.naver.com/p/entry/place/849152244,37.5718605,126.9864496,high,쇠고집,서울 종로구 인사동3길 5-2 서울 종로구 인사동 141-2,verified,false,
복정우물앞,서울 종로구 삼청로4길 12-1,37.582135,126.982030,,,,,failed,,,not_matched,false,
중앙고등학교,서울 종로구 창덕궁길 164,37.583788,126.987473,12111891,https://map.naver.com/p/entry/place/12111891,37.5841193,126.9868655,high,중앙고등학교,서울 종로구 창덕궁길 164 서울 종로구 계동 1,verified,false,
고려사이버대학교인촌관,서울 종로구 창덕궁길 164,37.583788,126.987473,1127058786,https://map.naver.com/p/entry/place/1127058786,37.5860412,126.9876322,high,고려사이버대학교인촌관,서울 종로구 창덕궁길 164 서울 종로구 원서동 1-2,verified,false,
삼일대로32길,서울 종로구 삼일대로32길 31-8,37.575703,126.988730,,,,,failed,,,not_matched,false,
CU종로신영점,서울 종로구 세검정로6길 104,37.601632,126.961795,17998185,https://map.naver.com/p/entry/place/17998185,37.6016608,126.9617513,high,CU 종로신영점,서울 종로구 세검정로6길 104 (신영동) 서울 종로구 신영동 105-30,verified,false,
서울시립대학교 인문학관,서울 동대문구 서울시립대로 163,37.582578,127.059988,18851572,https://map.naver.com/p/entry/place/18851572,37.5837675,127.0611504,high,서울시립대학교인문학관,서울 동대문구 서울시립대로 163 서울 동대문구 전농동 694,verified,false,
구포국수,서울 성북구 성북로 52-1,37.592519,127.002784,1151328168,https://map.naver.com/p/entry/place/1151328168,37.5924937,127.0027807,high,성북동구포국수,서울 성북구 성북로 52-1 구포국수 서울 성북구 성북동 170-41,verified,false,
성북천,서울 성북구 보문로36길 16,37.590913,127.015019,19406054,https://map.naver.com/p/entry/place/19406054,37.5900987,127.0170125,mid,성북천,서울 성북구 동선동2가,verified,false,
정릉풍림아이원아파트 125동,서울 성북구 솔샘로25길 28,37.618577,127.006962,1062322496,https://map.naver.com/p/entry/place/1062322496,37.6163768,127.0096858,mid,정릉풍림아이원아파트125동,서울 성북구 정릉동,verified,false,
에픽에스프레소더커피바,서울 성동구 무학로 33,37.569164,127.026348,36835997,https://map.naver.com/p/entry/place/36835997,37.5675358,127.0269587,high,에픽에스프레소더커피바,서울 성동구 무학로 33 텐즈힐 상가 152동 b105호 서울 성동구 하왕십리동 1066,verified,false,
상상플래닛,서울 성동구 뚝섬로13길 38,37.541410,127.058233,1446112716,https://map.naver.com/p/entry/place/1446112716,37.5414102,127.0582333,high,KT&G 상상플래닛,서울 성동구 뚝섬로13길 38 KT&G상상플래닛 서울 성동구 성수동2가 271-11,verified,false,
인천강화경찰서,인천 강화군 강화읍 동문안길 17,37.747710,126.486327,11642507,https://map.naver.com/p/entry/place/11642507,37.7477675,126.4866597,high,인천강화경찰서,인천 강화군 강화읍 동문안길 17 인천강화경찰서 인천 강화군 강화읍 관청리 437,verified,false,
계약주식동네포차,인천 계양구 서운로 45-1,37.529796,126.743711,,,,,failed,,,not_matched,false,
인스파이어 엔터테인먼트 리조트,인천 영종구 공항문화로 127,37.465530,126.389118,1351366993,https://map.naver.com/p/entry/place/1351366993,37.4656042,126.3897638,high,인스파이어 엔터테인먼트 리조트,인천 영종구 공항문화로 127 인천 영종구 운서동 2955-74,verified,false,
그랜드하얏트인천,인천 영종구 영종해안남로321번길 208,37.440430,126.457532,1035494747,https://map.naver.com/p/entry/place/1035494747,37.4405294,126.4575405,high,그랜드 하얏트 인천,인천 영종구 영종해안남로321번길 208 인천 영종구 운서동 2850-1,verified,false,
CU학익현광점,인천 미추홀구 한나루로357번길 105-49,37.437966,126.655323,1498201451,https://map.naver.com/p/entry/place/1498201451,37.4379405,126.655261,high,CU 학익현광점,인천 미추홀구 한나루로357번길 105-41 (학익동) 인천 미추홀구 학익동 710-1,verified,false,
꽃게담다by블루베리팜 송도점,인천 연수구 앵고개로101번길 34-19,37.414950,126.656675,1514921666,https://map.naver.com/p/entry/place/1514921666,37.4149555,126.6566958,high,꽃게담다by블루베리팜 송도점,인천 연수구 앵고개로101번길 34-19 1층 꽃게담다by블루베리팜 송도점 인천 연수구 동춘동 809-8,verified,false,
시향,경기 양주시 은현면 평화로1889번길 101-9,37.857977,127.049361,2085441371,https://map.naver.com/p/entry/place/2085441371,37.3911445,126.9500534,low,시향,경기 안양시 동안구 시민대로 171 906호 경기 안양시 동안구 비산동 1108,verified,false,
부흥로,경기 양주시 만송동 712,37.799537,127.084296,,,,,failed,,,not_matched,false,
흑사당,경기 파주시 탄현면 헤이리마을길 37-10,37.787496,126.697652,1924106591,https://map.naver.com/p/entry/place/1924106591,37.7875083,126.6976347,high,흑사당,경기 파주시 탄현면 헤이리마을길 37-10 흑사당 경기 파주시 탄현면 법흥리 1652-259,verified,false,
로스팅하우스 커피탄생,경기 파주시 탄현면 헤이리마을길 37-17,37.787788,126.697147,1588547736,https://map.naver.com/p/entry/place/1588547736,37.787785,126.697158,high,로스팅하우스 커피탄생,경기 파주시 탄현면 헤이리마을길 37-17 1층 경기 파주시 탄현면 법흥리 1652-265,verified,false,
문학사상,경기 파주시 회동길 363-8,37.716881,126.692521,,,,,failed,,,not_matched,false,
은행프라자,경기 고양시 일산서구 산현로17번길 23,37.690511,126.763393,19057522,https://map.naver.com/p/entry/place/19057522,37.6905095,126.7633969,high,은행프라자,경기 고양시 일산서구 산현로17번길 23 경기 고양시 일산서구 탄현동 1576-2,verified,false,
르팽드파크23,경기 고양시 일산서구 주엽로 80,37.666063,126.756436,,,,,failed,,,not_matched,false,
경희대학교 평화복지대학원,경기 남양주시 진접읍 광릉수목원로 195,37.749780,127.186460,11557237,https://map.naver.com/p/entry/place/11557237,37.7492492,127.1865274,high,경희대학교 평화복지대학원,경기 남양주시 진접읍 광릉수목원로 195 경기 남양주시 진접읍 부평리 258-5,verified,false,
한채당,경기 하남시 미사동로 38,37.570823,127.201554,12039603,https://map.naver.com/p/entry/place/12039603,37.5706351,127.2016396,high,한채당,경기 하남시 미사동로 38 경기 하남시 미사동 297,verified,false,
가르텐비어 광명철산점,경기 광명시 오리로856번길 14,37.475080,126.868482,20736290,https://map.naver.com/p/entry/place/20736290,37.4751202,126.8684499,high,가르텐비어 광명철산점,경기 광명시 오리로856번길 14 4층 경기 광명시 철산동 408,verified,false,
올림픽수영장,경기 안산시 단원구 적금로 202,37.326286,126.828189,31786855,https://map.naver.com/p/entry/place/31786855,37.521036,127.126926,low,올림픽수영장,서울 송파구 올림픽로 424 올림픽수영장 서울 송파구 방이동 88,verified,false,
평촌한림대성심병원,경기 안양시 동안구 관평로170번길 22,37.391651,126.961972,1600201526,https://map.naver.com/p/entry/place/1600201526,37.3917575,126.9620529,mid,본우리반상 평촌한림대성심병원점,경기 안양시 동안구 관평로170번길 22 한림대성심병원 지하1층 본우리반상 경기 안양시 동안구 평촌동 896,verified,false,
땅콩카페,경기 수원시 팔달구 화서문로 26,37.284790,127.010991,38350069,https://map.naver.com/p/entry/place/38350069,37.2848269,127.0110236,high,땅콩카페,경기 수원시 팔달구 화서문로 26 경기 수원시 팔달구 신풍동 115,verified,false,
행궁호두,경기 수원시 팔달구 화서문로32번길 13,37.284518,127.011943,1299461731,https://map.naver.com/p/entry/place/1299461731,37.2845227,127.0119502,high,행궁호두,경기 수원시 팔달구 화서문로32번길 13 1층 경기 수원시 팔달구 신풍동 65-2,verified,false,
행궁동주민센터앞,경기 수원시 팔달구 신풍로23번길 40,37.284050,127.012648,,,,,failed,,,not_matched,false,
몽테드,경기 수원시 팔달구 화서문로48번길 14,37.284771,127.013617,1086154896,https://map.naver.com/p/entry/place/1086154896,37.2847706,127.0136136,high,몽테드,경기 수원시 팔달구 화서문로48번길 14 1층 경기 수원시 팔달구 신풍동 145-1,verified,false,
신풍연립앞,경기 수원시 팔달구 신풍로39번길 6,37.284629,127.013993,,,,,failed,,,not_matched,false,
화홍마트,경기 수원시 팔달구 정조로886번길 21,37.287272,127.016422,1512479502,https://map.naver.com/p/entry/place/1512479502,37.2872595,127.0165125,high,화홍마트,경기 수원시 팔달구 정조로886번길 21 경기 수원시 팔달구 북수동 25-14,verified,false,
못골시장,경기 수원시 팔달구 수원천로258번길 10-12,37.276028,127.020773,13304679,https://map.naver.com/p/entry/place/13304679,37.2760299,127.0207584,high,못골시장,경기 수원시 팔달구 수원천로258번길 10-12 경기 수원시 팔달구 지동 387-1,verified,false,
K3마트앞,경기 수원시 장안구 경수대로743번길 96-2,37.288296,127.019281,,,,,failed,,,not_matched,false,
수원천로392번길,경기 수원시 장안구 연무동 189-11,37.288456,127.018812,,,,,failed,,,not_matched,false,
경수대로743번길,경기 수원시 장안구 경수대로743번길 64,37.288033,127.020964,,,,,failed,,,not_matched,false,
용연,경기 수원시 장안구 연무동 190,37.287864,127.018377,1691624179,https://map.naver.com/p/entry/place/1691624179,37.2879133,127.0183956,high,용연,경기 수원시 장안구 연무동,verified,false,
화홍문앞,경기 수원시 팔달구 북수동 25-36,37.287339,127.017147,,,,,failed,,,not_matched,false,
수원천,경기 수원시 팔달구 북수동 419,37.284638,127.017841,19469939,https://map.naver.com/p/entry/place/19469939,37.2766313,127.0193479,mid,수원천,경기 수원시 팔달구 지동,verified,false,
화홍문근처,경기 수원시 장안구 영화동 135-1,37.287732,127.017331,19802086,https://map.naver.com/p/entry/place/19802086,37.2875447,127.0176347,low,화홍문,경기 수원시 팔달구 북수동,verified,false,
북동포루가는길,경기 수원시 장안구 영화동 135-3,37.288155,127.017035,,,,,failed,,,not_matched,false,
권육회,경기 수원시 영통구 월드컵로193번길 31,37.277794,127.044871,31237937,https://map.naver.com/p/entry/place/31237937,37.2777917,127.0448146,high,권육회,경기 수원시 영통구 월드컵로193번길 31 1층 경기 수원시 영통구 원천동 29-58,verified,false,
카페베네 망포역점,경기 수원시 영통구 덕영대로 1543,37.246298,127.059712,20370073,https://map.naver.com/p/entry/place/20370073,37.2463333,127.0597388,high,카페베네 망포역점,경기 수원시 영통구 덕영대로 1543 경기 수원시 영통구 영통동 976-13,verified,false,
설빙 수원망포역점,경기 수원시 영통구 영통로214번길 41,37.246697,127.059473,1936122929,https://map.naver.com/p/entry/place/1936122929,37.2466214,127.0595473,high,설빙 수원망포역점,경기 수원시 영통구 영통로214번길 41 토야플라자 204호 경기 수원시 영통구 영통동 974-1,verified,false,
동탄호수공원,경기 화성시 동탄구 동탄순환대로1길 122,37.172038,127.102106,1007485620,https://map.naver.com/p/entry/place/1007485620,37.1720846,127.1010707,high,동탄호수공원창포원,경기 화성시 동탄구 동탄순환대로1길 122 경기 화성시 동탄구 송동 727,verified,false,
수원대학교,경기 화성시 효행구 봉담읍 와우안길 17,37.210110,126.979532,11591593,https://map.naver.com/p/entry/place/11591593,37.2087424,126.9765718,mid,수원대학교,경기 화성시 효행구 봉담읍 와우안길 17 수원대학교 경기 화성시 효행구 봉담읍 와우리 1-37,verified,false,
아야진해수욕장,강원 고성군 토성면 아야진리,38.276421,128.548190,13491425,https://map.naver.com/p/entry/place/13491425,38.2758723,128.5533854,mid,아야진해수욕장,강원 고성군 토성면,verified,false,
삼원슈퍼,강원 고성군 토성면 아야진옛길 31,38.270499,128.555270,19202659,https://map.naver.com/p/entry/place/19202659,37.2534038,127.013807,low,삼원슈퍼,경기 수원시 권선구 세지로5번길 20 경기 수원시 권선구 세류동 1005-39,verified,false,
아야진소길,강원 고성군 토성면 아야진소길 29,38.270344,128.554876,,,,,failed,,,not_matched,false,
아야진항,강원 고성군 토성면 아야진리 56-43,38.271070,128.558297,36072139,https://map.naver.com/p/entry/place/36072139,38.2717706,128.5559468,high,아야진항,강원 고성군 토성면 아야진해변길 70 강원 고성군 토성면 아야진리 49-3,verified,false,
스테이해돋 앞바다,강원 고성군 토성면 아야진리 56-26,38.270209,128.557249,,,,,failed,,,not_matched,false,
바다민박,강원 강릉시 해안로 710-3,37.818642,128.891075,12910298,https://map.naver.com/p/entry/place/12910298,37.8184152,128.8913286,mid,바다민박,강원 강릉시 강원 강릉시 안현동 841-14,verified,false,
충남대학교 대덕캠퍼스,대전 유성구 대학로 99,36.368328,127.341662,11591645,https://map.naver.com/p/entry/place/11591645,36.366638,127.3457442,mid,충남대학교 대덕캠퍼스,대전 유성구 대학로 99 대전 유성구 궁동 220,verified,false,
마도길(2),충남 태안군 근흥면 신진도리 233-20,36.680997,126.127413,,,,,failed,,,not_matched,false,
마도길,충남 태안군 근흥면 마도길 154-1,36.685586,126.135281,,,,,failed,,,not_matched,false,
신진부두,충남 태안군 근흥면 신진부두길 122,36.682108,126.134925,,,,,failed,,,not_matched,false,
삽교호놀이동산,충남 당진시 신평면 삽교천3길 15,36.890001,126.822395,12973592,https://map.naver.com/p/entry/place/12973592,36.8902475,126.8221257,high,삽교호놀이동산,충남 당진시 신평면 삽교천3길 15 삽교호놀이동산 충남 당진시 신평면 운정리 208-1,verified,false,
CGV 천안,충남 천안시 동남구 명동길 47,36.807690,127.148376,12257947,https://map.naver.com/p/entry/place/12257947,36.8077749,127.1483375,high,CGV 천안,충남 천안시 동남구 명동길 47 오렌지씨네스타 충남 천안시 동남구 대흥동 102-10,verified,false,
금강교,충남 공주시 신관동 553,36.468926,127.127094,17695366,https://map.naver.com/p/entry/place/17695366,36.4677123,127.1252458,mid,금강교,충남 공주시 금성동,verified,false,
금강공원길,충남 공주시 금강공원길 5,36.466075,127.123044,,,,,failed,,,not_matched,false,
임실역,전북 임실군 임실읍 춘향로 2932,35.633128,127.289316,1334339691,https://map.naver.com/p/entry/place/1334339691,35.6328148,127.2898162,high,임실역출구,전북 임실군 임실읍 두곡리,verified,false,
무등산편백자연휴양림,전남광주통합특별시 화순군 이서면 안양산로 685,35.093545,127.026778,1390009123,https://map.naver.com/p/entry/place/1390009123,35.094605,127.0263388,high,무등산편백자연휴양림,전남광주 화순군 이서면 안심리,verified,false,
김천실내수영장,경북 김천시 운동장길 1,36.139694,128.086502,1692489680,https://map.naver.com/p/entry/place/1692489680,36.139699,128.086503,mid,김천실내수영장2층서편 공중화장실,경북 김천시 운동장길 1 경북 김천시 삼락동 488-1,verified,false,
동일슈퍼,인천 제물포구 월미로 26-1,37.476503,126.615399,16884204,https://map.naver.com/p/entry/place/16884204,37.4984753,126.7326423,low,동일슈퍼,인천 부평구 부흥로365번길 10 인천 부평구 부평동 115-1,verified,false,
서니구락부,인천 제물포구 신포로23번길 80,37.473191,126.621360,38353640,https://map.naver.com/p/entry/place/38353640,37.4732606,126.6213116,high,서니구락부,인천 제물포구 신포로23번길 80 인천 제물포구 중앙동2가 23,verified,false,
압구정나들목,서울 강남구 압구정동 495,37.529440,127.041260,19459770,https://map.naver.com/p/entry/place/19459770,37.5306292,127.0424693,high,압구정나들목,서울 강남구 압구정동,verified,false,
마포진짜원조최대포본점,서울 마포구 마포대로 112-4,37.544561,126.951975,2012527100,https://map.naver.com/p/entry/place/2012527100,37.5476246,126.9430548,mid,마포진짜원조최대포 본점,서울 마포구 백범로 105 서울 마포구 대흥동 183,verified,false,
오동근린공원,서울 성북구 화랑로13가길 100,37.610647,127.040413,18606502,https://map.naver.com/p/entry/place/18606502,37.6327957,127.0317269,low,오동근린공원,서울 강북구 번동 산12,verified,false,
새창로49길,서울 용산구 새창로 157-1,37.533786,126.962792,,,,,failed,,,not_matched,false,
삼부조명,서울 용산구 청파로 101,37.533463,126.962168,17107227,https://map.naver.com/p/entry/place/17107227,34.953806,127.5333059,low,삼부전기조명,전남광주 순천시 백연길 90 전남광주 순천시 조례동 1830-3,verified,false,
화신유통,서울 용산구 청파로 91,37.533363,126.961387,1773803890,https://map.naver.com/p/entry/place/1773803890,37.5333202,126.9612671,high,화신유통,서울 용산구 청파로 91 서울 용산구 신계동 43-22,verified,false,
교보빌딩앞,서울 종로구 종로 1,37.570986,126.977983,,,,,failed,,,not_matched,false,
보신각터,서울 종로구 종로 54,37.569767,126.983678,,,,,failed,,,not_matched,false,
효자분식,서울 종로구 필운대로 108-2,37.583853,126.969085,18661927,https://map.naver.com/p/entry/place/18661927,37.583857,126.9691,high,효자분식,서울 종로구 필운대로 108-2 서울 종로구 신교동 10,verified,false,
강변북로,서울 성동구 금호동4가 1523-2,37.543740,127.024430,,,,,failed,,,not_matched,false,
"반포대교,잠수교",서울 서초구 반포동 647,37.514552,126.997949,18762982,https://map.naver.com/p/entry/place/18762982,37.5145083,126.9965328,mid,잠수교,서울 서초구 반포동,verified,false,
코엑스교차로,서울 강남구 삼성동,37.514323,127.062831,,,,,failed,,,not_matched,false,
잠실종합운동장,서울 송파구 올림픽로 25,37.516199,127.075941,11622958,https://map.naver.com/p/entry/place/11622958,37.5148022,127.0736261,high,잠실종합운동장,서울 송파구 올림픽로 25 서울종합운동장 서울 송파구 잠실동 10,verified,false,
부천아트벙커 B39,경기 부천시 삼작로 53,37.521900,126.767661,1340333088,https://map.naver.com/p/entry/place/1340333088,37.5218952,126.7676575,high,부천아트벙커B39,경기 부천시 오정구 삼작로 53 부천아트벙커 B39 경기 부천시 오정구 삼정동 363-4,verified,false,
비엔나커피 센트럴,서울 마포구 월드컵북로58길 10,37.581600,126.887076,1239305721,https://map.naver.com/p/entry/place/1239305721,37.581641,126.8871223,high,비엔나커피 센트럴,"서울 마포구 월드컵북로58길 10 1층 101호, 102호 서울 마포구 상암동 1592",verified,false,
아이오유,서울 용산구 원효로1길 16,37.535164,126.945625,37549429,https://map.naver.com/p/entry/place/37549429,37.5351873,126.9456425,high,레스토랑 아이오유,서울 용산구 원효로1길 16 서울 용산구 청암동 164,verified,false,
한림연예에술고등학교,서울 송파구 충민로 172,37.485109,127.133354,12986085,https://map.naver.com/p/entry/place/12986085,37.485225,127.1336044,high,한림연예예술고등학교,서울 송파구 충민로 172 한림연예예술고교 서울 송파구 장지동 850,verified,false,
월미도,인천 제물포구 월미문화로 23-1,37.476277,126.598057,13491282,https://map.naver.com/p/entry/place/13491282,37.4735825,126.5992643,mid,월미도,인천 제물포구 북성동1가 98-352,verified,false,
그랜드마트앞,인천 제물포구 송림동 168-15,37.476669,126.640384,,,,,failed,,,not_matched,false,
송림로61번길,인천 제물포구 송림로61번길 32,37.476132,126.640510,,,,,failed,,,not_matched,false,
고려빌라,인천 제물포구 솔빛로73번길 22,37.477331,126.641699,16588515,https://map.naver.com/p/entry/place/16588515,37.4773072,126.6416853,high,고려빌라,인천 제물포구 솔빛로73번길 22 인천 제물포구 송림동 142-2,verified,false,
인천대중예술고등학교,인천 미추홀구 석정로 165,37.473964,126.651979,1877224201,https://map.naver.com/p/entry/place/1877224201,37.4748542,126.6521421,high,인천대중예술고등학교,인천 미추홀구 석정로 165 인천 미추홀구 도화동 20-6,verified,false,
서화어린이공원,인천 미추홀구 도화동 1003-2,37.474667,126.662125,1794795567,https://map.naver.com/p/entry/place/1794795567,37.4747593,126.662146,high,서화어린이공원,인천 미추홀구 도화동,verified,false,
약산길,경기 고양시 일산동구 약산길 10-5,37.679757,126.792334,,,,,failed,,,not_matched,false,
라몬테이탈리아노,경기 고양시 일산동구 연리지로 51,37.659927,126.754904,,,,,failed,,,not_matched,false,
아이스걸크림보이 일산점,경기 고양시 일산동구 정발산로 24,37.655896,126.772039,1252610781,https://map.naver.com/p/entry/place/1252610781,37.6562492,126.7712457,high,아이스걸크림보이 일산점,경기 고양시 일산동구 정발산로 24 웨스턴돔1 웨스턴타워1 1층 제A-175호 경기 고양시 일산동구 장항동 868,verified,false,
교보문고 일산점,경기 고양시 일산동구 중앙로 1036,37.643135,126.789797,37870445,https://map.naver.com/p/entry/place/37870445,37.6439093,126.7898005,high,교보문고 일산점,경기 고양시 일산동구 중앙로 1036 고양종합터미널 지하 1층 경기 고양시 일산동구 백석동 1242,verified,false,
블랙롤스,경기 고양시 일산동구 위시티1로 6-47,37.674001,126.807366,1925361343,https://map.naver.com/p/entry/place/1925361343,37.6740891,126.8073513,high,블랙롤스,경기 고양시 일산동구 위시티1로 6-47 1층 블랙롤스 경기 고양시 일산동구 식사동 1586-2,verified,false,
메트로타워 예미지,경기 김포시 솔터로 22,37.645429,126.630858,1613242025,https://map.naver.com/p/entry/place/1613242025,37.6448942,126.6304728,high,김포한강신도시메트로타워예미지,경기 김포시 솔터로 22 경기 김포시 구래동 6886-4,verified,false,
김해본가뒷고기,경기 부천시 원미구 부일로205번길 47,37.490826,126.753115,1334557759,https://map.naver.com/p/entry/place/1334557759,37.4909382,126.7532211,high,김해본가뒷고기,경기 부천시 원미구 부일로205번길 47 경기 부천시 원미구 상동 403,verified,false,
레미안부천어반비스타,경기 부천시 소사구 중동로 19,37.481475,126.762581,727600959,https://map.naver.com/p/entry/place/727600959,37.4812226,126.7630185,mid,래미안어반비스타,경기 부천시 소사구 중동로 19 경기 부천시 소사구 송내동 720,verified,false,
거북섬로,경기 시흥시 거북섬로 163,37.320671,126.683844,,,,,failed,,,not_matched,false,
카페 웨이브 시흥거북섬점,경기 시흥시 거북섬둘레길 28,37.324657,126.678566,,,,,failed,,,not_matched,false,
위례 지웰푸르지오앞,경기 하남시 위례대로 220,37.481718,127.148160,,,,,failed,,,not_matched,false,
성남외국어고등학교,경기 성남시 분당구 대왕판교로385번길 28,37.378605,127.096569,12006431,https://map.naver.com/p/entry/place/12006431,37.378455,127.0966851,high,성남외국어고등학교,경기 성남시 분당구 대왕판교로385번길 28 경기 성남시 분당구 백현동 376-1,verified,false,
단국대학교 죽전캠퍼스 법정관,경기 용인시 수지구 죽전로 152,37.321194,127.132536,,,,,failed,,,not_matched,false,
삼진제약 마곡연구센터,서울 강서구 마곡중앙10로 90,37.563135,126.837887,1858900433,https://map.naver.com/p/entry/place/1858900433,37.5632058,126.8379266,high,삼진제약 연구센터,서울 강서구 마곡중앙10로 90 삼진제약 주식회사 연구센터 서울 강서구 마곡동 792,verified,false,
해피베어데이 합정 본점,서울 마포구 양화로12길 16-6,37.551704,126.918203,1345745893,https://map.naver.com/p/entry/place/1345745893,37.5516905,126.9181793,high,해피베어데이 합정 본점,서울 마포구 양화로12길 16-6 1층 서울 마포구 서교동 395-141,verified,false,
여의도환승센터 횡단보도,서울 영등포구 여의도동 2-11,37.525698,126.924241,,,,,failed,,,not_matched,false,
여의도한강공원,서울 영등포구 여의도동 84-9,37.531247,126.928686,35386965,https://map.naver.com/p/entry/place/35386965,37.5304379,126.9307123,high,여의도한강공원서울색공원,서울 영등포구 여의도동 84,verified,false,
여의나루로,서울 영등포구 여의나루로 60,37.522300,126.926225,,,,,failed,,,not_matched,false,
부국증권사거리,서울 영등포구 국제금융로6길 17,37.521837,126.928150,,,,,failed,,,not_matched,false,
여의나루로2길,서울 영등포구 여의도동 3-7,37.519546,126.923832,,,,,failed,,,not_matched,false,
대륭포스트타워8차,서울 구로구 디지털로26길 43,37.481007,126.894422,1355204862,https://map.naver.com/p/entry/place/1355204862,37.4810536,126.8944847,high,대륭포스트타워8차,서울 구로구 디지털로26길 43 서울 구로구 구로동 235-3,verified,false,
동작대교,서울 서초구 반포동 1333-1,37.505771,126.982899,18726869,https://map.naver.com/p/entry/place/18726869,37.510825,126.9819963,low,동작대교,서울 용산구 이촌동,verified,false,
이태원지하차도,서울 용산구 용산동2가 7-116,37.536418,126.986647,18713770,https://map.naver.com/p/entry/place/18713770,37.5346351,126.9872567,mid,이태원지하차도,서울 용산구 용산동2가,verified,false,
몬드리안 서울이태원,서울 용산구 장문로 23,37.528566,126.993107,1720353933,https://map.naver.com/p/entry/place/1720353933,37.5285648,126.9931163,high,몬드리안 서울 이태원,서울 용산구 장문로 23 서울 용산구 이태원동 22-76,verified,false,
클리프 서울,서울 용산구 두텁바위로38길 29-17,37.547414,126.983935,1167750133,https://map.naver.com/p/entry/place/1167750133,37.5474159,126.9839493,high,클리프 서울,서울 용산구 두텁바위로38길 29-17 1층 서울 용산구 후암동 406-56,verified,false,
"서울 중구,종로일대",서울 중구 명동길 74,37.563676,126.986776,,,,,failed,,,not_matched,false,
긴자료코 신사본점,서울 서초구 강남대로101길 34,37.517369,127.017913,1429837581,https://map.naver.com/p/entry/place/1429837581,37.51736,127.0179017,high,긴자료코 신사본점,서울 서초구 강남대로101길 34 1층 긴자료코 신사본점 서울 서초구 잠원동 8-9,verified,false,
중앙대학교사범대학부속고등학교,서울 강남구 선릉로 207,37.491843,127.051690,12002069,https://map.naver.com/p/entry/place/12002069,37.4919212,127.0520679,high,중앙대학교사범대학부속고등학교,서울 강남구 선릉로 207 중대부속고교 서울 강남구 도곡동 산21,verified,false,
종합운동장역,서울 송파구 올림픽로 지하 23,37.510969,127.073356,13479407,https://map.naver.com/p/entry/place/13479407,37.5110588,127.0737908,high,종합운동장역 2호선,"서울 송파구 올림픽로 23 , B1층 서울 송파구 잠실동 122",verified,false,
종합운동장역2번출구,서울 송파구 잠실동 51,37.510929,127.074727,,,,,failed,,,not_matched,false,
종합운동장역1번출구,서울 송파구 잠실동 51,37.510929,127.074727,,,,,failed,,,not_matched,false,
잠실새내역,서울 송파구 올림픽로 지하 140,37.511592,127.086375,13479291,https://map.naver.com/p/entry/place/13479291,37.5115735,127.086893,high,잠실새내역 2호선,서울 송파구 올림픽로 140 서울 송파구 잠실동 33,verified,false,
메종 드 플래터 스타스티서울 레스토랑,서울 강동구 구천면로 140,37.542278,127.120514,,,,,failed,,,not_matched,false,
삼양라운드힐,강원 평창군 대관령면 횡계리 산1-136,37.736190,128.731515,32649979,https://map.naver.com/p/entry/place/32649979,37.737487,128.725422,mid,대관령 삼양라운드힐초원의산책,강원 평창군 대관령면 횡계리 산1-136,verified,false,
삽교호놀이공원,충남 당진시 신평면 삽교천3길 15,36.890001,126.822395,12973592,https://map.naver.com/p/entry/place/12973592,36.8902475,126.8221257,mid,삽교호놀이동산,충남 당진시 신평면 삽교천3길 15 삽교호놀이동산 충남 당진시 신평면 운정리 208-1,verified,false,
삽교호바다공원,충남 당진시 신평면 삽교천3길 57,36.891828,126.822607,1284502822,https://map.naver.com/p/entry/place/1284502822,36.8916418,126.8231773,high,삽교호바다공원,충남 당진시 신평면 삽교천3길 79 충남 당진시 신평면 운정리 197-3,verified,false,
새마을로3599번길,경북 포항시 북구 죽장면 새마을로 3619-7,36.161222,129.094786,,,,,failed,,,not_matched,false,
신일철물상회,경북 포항시 북구 죽장면 새마을로 3619-5,36.161239,129.094874,2145243862,https://map.naver.com/p/entry/place/2145243862,36.1612567,129.0948689,high,신일철물상회,경북 포항시 북구 죽장면 새마을로 3619-5 경북 포항시 북구 죽장면 입암리 858-224,verified,false,
선류산장,경북 포항시 북구 죽장면 수석봉길 145,36.137690,129.071982,11590493,https://map.naver.com/p/entry/place/11590493,36.1376902,129.0719819,high,선류산장,경북 포항시 북구 죽장면 수석봉길 145 경북 포항시 북구 죽장면 지동리 784-1,verified,false,
부부산약초달임방,경북 포항시 북구 송라면 보경로 469,36.246021,129.319202,36232665,https://map.naver.com/p/entry/place/36232665,36.2460442,129.3192159,high,부부산약초달임방,경북 포항시 북구 송라면 보경로 469 경북 포항시 북구 송라면 중산리 539-10,verified,false,
화진해수욕장,경북 포항시 북구 송라면 동해대로3218번길 50,36.252518,129.373060,13491982,https://map.naver.com/p/entry/place/13491982,36.250503,129.374819,high,화진해수욕장,경북 포항시 북구 송라면,verified,false,
해안로2626번길,경북 포항시 북구 송라면 해안로2626번길 47,36.222247,129.385403,,,,,failed,,,not_matched,false,
월포역,경북 포항시 북구 청하면 월포로 137,36.204109,129.366943,1181865356,https://map.naver.com/p/entry/place/1181865356,36.2039494,129.3668776,mid,월포역1번출구,경북 포항시 북구 청하면 월포리,verified,false,
청하로192번길,경북 포항시 북구 청하면 청하로192번길 5-8,36.196749,129.340174,,,,,failed,,,not_matched,false,
청하로175번길(1),경북 포항시 북구 청하면 청하로151번길 20-22,36.194139,129.337253,,,,,failed,,,not_matched,false,
청하로175번길(2),경북 포항시 북구 청하면 미남리 428-3,36.194378,129.336137,,,,,failed,,,not_matched,false,
청하중학교,경북 포항시 북구 청하면 청하로151번길 26,36.194654,129.335806,12178461,https://map.naver.com/p/entry/place/12178461,36.1944966,129.3349979,high,청하중학교,경북 포항시 북구 청하면 청하로151번길 26 청하중학교 경북 포항시 북구 청하면 덕성리 384-1,verified,false,
월포다리,경북 포항시 북구 청하면 해안로 2452,36.207978,129.372839,902298032,https://map.naver.com/p/entry/place/902298032,36.2075491,129.3727721,high,월포다리,경북 포항시 북구 청하면 월포리,verified,false,
곡강초등학교,경북 포항시 북구 흥해읍 칠포로 7,36.130686,129.348777,12099597,https://map.naver.com/p/entry/place/12099597,36.130687,129.3487985,high,곡강초등학교,경북 포항시 북구 흥해읍 칠포로 7 곡강초등학교 경북 포항시 북구 흥해읍 용천리 1203,verified,false,
사방기념공원,경북 포항시 북구 흥해읍 해안로 1801,36.164753,129.395637,13451468,https://map.naver.com/p/entry/place/13451468,36.1651166,129.3952592,high,사방기념공원,경북 포항시 북구 흥해읍 해안로 1801 경북 포항시 북구 흥해읍 오도리 502,verified,false,
해안로,경북 포항시 북구 흥해읍 해안로 1773,36.161119,129.397249,,,,,failed,,,not_matched,false,
칠포항,경북 포항시 북구 흥해읍 칠포리,36.145511,129.386812,37784120,https://map.naver.com/p/entry/place/37784120,36.1431067,129.3963956,mid,칠포항,경북 포항시 북구 흥해읍 칠포리,verified,false,
기계파출소,경북 포항시 북구 기계면 기계로 92-11,36.071012,129.206537,15194624,https://map.naver.com/p/entry/place/15194624,36.0710043,129.2065512,high,기계파출소,경북 포항시 북구 기계면 기계로 92-11 기계파출소 경북 포항시 북구 기계면 현내리 314,verified,false,
새마을발상지길113번길,경북 포항시 북구 기계면 문성리 702-4,36.064291,129.196407,,,,,failed,,,not_matched,false,
해안로(2),경북 포항시 북구 환호동 산 65-3,36.063808,129.396833,,,,,failed,,,not_matched,false,
해안로(3),경북 포항시 북구 환호동 478-2,36.071613,129.404767,,,,,failed,,,not_matched,false,
해안로(4),경북 포항시 북구 환호동 480-3,36.072502,129.408072,,,,,failed,,,not_matched,false,
낭만짚불구이 포항영일대점,경북 포항시 북구 해안로 67-1,36.054824,129.377028,1030505839,https://map.naver.com/p/entry/place/1030505839,36.0548013,129.3771247,high,낭만짚불구이 포항영일대점,경북 포항시 북구 해안로 67-1 1층 경북 포항시 북구 항구동 17-111,verified,false,
고바우식당,경북 포항시 북구 중앙상가5길 15,36.039935,129.364349,15134654,https://map.naver.com/p/entry/place/15134654,36.0399017,129.3643403,high,고바우식당,경북 포항시 북구 중앙상가5길 15 고바우식당 경북 포항시 북구 신흥동 827-9,verified,false,
청포도다방(폐업),경북 포항시 북구 중앙로298번길 14-6,36.039164,129.367615,,,,,failed,,,precheck:closed_place_name,false,
죽도시장(1),경북 포항시 북구 죽도시장3길 4-2,36.035343,129.366137,38331676,https://map.naver.com/p/entry/place/38331676,36.0350818,129.3685716,mid,죽도시장,경북 포항시 북구 죽도시장길 28 경북 포항시 북구 죽도동 582-4,verified,false,
죽도시장(2),경북 포항시 북구 죽도시장길 13,36.035182,129.366823,13095575,https://map.naver.com/p/entry/place/13095575,36.0358177,129.3671688,mid,죽도시장,경북 포항시 북구 죽도시장13길 13 포항수산종합어시장 경북 포항시 북구 죽도동 1-22,verified,false,
죽도시장(3),경북 포항시 북구 죽도시장1길 19,36.035917,129.367258,13095575,https://map.naver.com/p/entry/place/13095575,36.0358177,129.3671688,mid,죽도시장,경북 포항시 북구 죽도시장13길 13 포항수산종합어시장 경북 포항시 북구 죽도동 1-22,verified,false,
시장칼국수,경북 포항시 북구 죽도시장11길 3,36.035546,129.368039,17251404,https://map.naver.com/p/entry/place/17251404,36.781825,126.4564465,low,시장칼국수,충남 서산시 시장5로 15 건물 D동 33호 충남 서산시 동문동 900-3,verified,false,
책방수북,경북 포항시 북구 장량로174번길 6-15,36.081007,129.398665,1266557628,https://map.naver.com/p/entry/place/1266557628,36.0810477,129.3986433,high,책방수북,경북 포항시 북구 장량로174번길 6-15 1층 경북 포항시 북구 양덕동 1507-1,verified,false,
건널목,경북 포항시 북구 두호로6번길 5-7,36.060020,129.377531,1941342410,https://map.naver.com/p/entry/place/1941342410,36.0600739,129.3775105,high,건널목,경북 포항시 북구 두호로6번길 5-7 경북 포항시 북구 두호동 1032-4,verified,false,
서동로,경북 포항시 북구 신흥동 678-28,36.041173,129.362238,,,,,failed,,,not_matched,false,
포항동물병원,경북 포항시 북구 용당로 19-1,36.030430,129.356912,15133617,https://map.naver.com/p/entry/place/15133617,36.0303994,129.3569571,high,포항동물병원,경북 포항시 북구 용당로 19-1 경북 포항시 북구 용흥동 144-8,verified,false,
써브웨이 포항남부디티점,경북 포항시 북구 새천년대로 526,36.021417,129.350653,1309380734,https://map.naver.com/p/entry/place/1309380734,36.0214185,129.3506515,high,써브웨이 포항남부디티점,경북 포항시 북구 새천년대로 526 경북 포항시 북구 죽도동 647-5,verified,false,
대신로30번길,경북 포항시 북구 대신로30번길 10-2,36.046701,129.369141,,,,,failed,,,not_matched,false,
북부시장,경북 포항시 북구 대신동 63-16,36.046635,129.368921,1454199837,https://map.naver.com/p/entry/place/1454199837,36.0470671,129.3701686,mid,북부시장사거리,경북 포항시 북구 동빈1가,verified,false,
예가참숯불구이,경북 포항시 북구 칠성천길 78,36.035123,129.362579,1294093901,https://map.naver.com/p/entry/place/1294093901,36.0351148,129.3625625,high,예가참숯불구이,경북 포항시 북구 칠성천길 78 경북 포항시 북구 죽도동 159-29,verified,false,
송도해수욕장 여신상,경북 포항시 남구 송도동 378-438,36.035984,129.379708,35609309,https://map.naver.com/p/entry/place/35609309,36.0347799,129.3806839,high,포항송도해수욕장여신상,경북 포항시 남구 송도동 378-438,verified,false,
희망대로,경북 포항시 남구 희망대로 1171-1,36.034051,129.380538,,,,,failed,,,not_matched,false,
포항운하관,경북 포항시 남구 희망대로 1040,36.023915,129.377628,38003027,https://map.naver.com/p/entry/place/38003027,36.0237278,129.3776013,high,포항운하관,경북 포항시 남구 희망대로 1040 물관리센터 3층 경북 포항시 남구 송도동 222,verified,false,
대해웰빙마트,경북 포항시 남구 문예로 139,36.018242,129.369197,15673385,https://map.naver.com/p/entry/place/15673385,36.018123,129.369094,high,대해웰빙마트,경북 포항시 남구 문예로 139 경북 포항시 남구 해도동 81-19,verified,false,
포항터미널,경북 포항시 남구 중흥로 85,36.013434,129.349478,11655008,https://map.naver.com/p/entry/place/11655008,36.0134924,129.3497142,high,포항터미널,경북 포항시 남구 중흥로 85 경북 포항시 남구 상도동 579-13,verified,false,
포항공대 메타세콰이어,경북 포항시 남구 청암로 77,36.010588,129.321301,,,,,failed,,,not_matched,false,
철길숲,경북 포항시 남구 효자동 197-1,36.010445,129.338668,1895226536,https://map.naver.com/p/entry/place/1895226536,36.0126731,129.3413065,mid,포항 철길숲,경북 포항시 남구 대잠동 171-5,verified,false,
유강유치원,경북 포항시 남구 연일읍 유강길9번길 60,36.005964,129.315115,15690456,https://map.naver.com/p/entry/place/15690456,36.0059642,129.3151041,high,유강유치원,경북 포항시 남구 연일읍 유강길9번길 60 경북 포항시 남구 연일읍 유강리 581-13,verified,false,
시골밥상,경북 포항시 남구 동해면 호미로 3178,35.991879,129.454642,15116617,https://map.naver.com/p/entry/place/15116617,35.991879,129.4546421,high,시골밥상,경북 포항시 남구 동해면 호미로 3178 시골밥상 경북 포항시 남구 동해면 임곡리 762-1,verified,false,
호미로,경북 포항시 남구 호미곶면 대동배리 산 26-8,36.065666,129.537282,,,,,failed,,,not_matched,false,
호미곶해맞이광장,경북 포항시 남구 호미곶면 대보리 234-20,36.076783,129.569607,13491076,https://map.naver.com/p/entry/place/13491076,36.0767699,129.56787,high,호미곶해맞이광장,경북 포항시 남구 호미곶면 대보리,verified,false,
해맞이로46번길(1),경북 포항시 남구 호미곶면 해맞이로46번길 34,36.066166,129.571229,,,,,failed,,,not_matched,false,
해맞이로46번길,경북 포항시 남구 호미곶면 대보리 53-7,36.065274,129.572191,,,,,failed,,,not_matched,false,
해맞이로46번길(3),경북 포항시 남구 호미곶면 강사리 772-17,36.059221,129.575807,,,,,failed,,,not_matched,false,
일출로,경북 포항시 남구 호미곶면 일출로596번길 5,36.042110,129.579657,,,,,failed,,,not_matched,false,
땅끝황토펜션야영장,경북 포항시 남구 구룡포읍 땅끝마을길 72,36.019322,129.581737,30868387,https://map.naver.com/p/entry/place/30868387,36.0193089,129.581738,low,땅끝황토펜션오토캠핑,경북 포항시 남구 구룡포읍 땅끝마을길 72 경북 포항시 남구 구룡포읍 석병리 666-46,verified,false,
구평리집,경북 포항시 남구 구룡포읍 동해안로4260번길 18,35.946377,129.538566,1799981345,https://map.naver.com/p/entry/place/1799981345,35.008889,127.9733524,low,구평리옐로우문,경남 사천시 서포면 구송로 13 구평리 옐로우문 경남 사천시 서포면 구평리 874-3,verified,false,
구평보건소 정류장(285034),경북 포항시 남구 구룡포읍 동해안로4260번길 3,35.946620,129.536878,,,,,failed,,,not_matched,false,
석병리집(1),경북 포항시 남구 구룡포읍 일출로328번길 48-4,36.023068,129.578396,,,,,failed,,,not_matched,false,
석병1리방파제,경북 포항시 남구 구룡포읍 석병리 745-1,36.012834,129.578951,37825293,https://map.naver.com/p/entry/place/37825293,36.0122004,129.5790042,high,석병1리방파제,경북 포항시 남구 구룡포읍 석병리,verified,false,
석병리집(2),경북 포항시 남구 구룡포읍 일출로204번길 17,36.013067,129.578212,,,,,failed,,,not_matched,false,
구룡포길,경북 포항시 남구 구룡포읍 구룡포리 393,35.991690,129.560376,,,,,failed,,,not_matched,false,
구룡포길계단(동백꽃필무렵),경북 포항시 남구 구룡포읍 구룡포리 384-1,35.991110,129.560590,,,,,failed,,,not_matched,false,
구룡포생활문화센터,경북 포항시 남구 구룡포읍 용주로7번길 30,,,1861175681,https://map.naver.com/p/entry/place/1861175681,35.9917781,129.5612101,mid,구룡포생활문화센터 아라예술촌,경북 포항시 남구 구룡포읍 용주로7번길 30 경북 포항시 남구 구룡포읍 구룡포리 381-1,verified,false,
아라회대게,경북 포항시 남구 구룡포읍 호미로 261,35.991218,129.558861,1000571945,https://map.naver.com/p/entry/place/1000571945,35.9912184,129.5588609,high,아라회대게,경북 포항시 남구 구룡포읍 호미로 261 경북 포항시 남구 구룡포읍 구룡포리 947-4,verified,false,
호미로,경북 포항시 남구 구룡포읍 구룡포리 954-32,35.990759,129.559408,,,,,failed,,,not_matched,false,
장기읍성,경북 포항시 남구 장기면 읍성길 106,35.897052,129.486487,20054624,https://map.naver.com/p/entry/place/20054624,35.8960821,129.48885,high,영일장기읍성,경북 포항시 남구 장기면 읍내리 156,verified,false,
신창해수욕장,경북 포항시 남구 장기면 신창리,35.888480,129.524297,19901275,https://map.naver.com/p/entry/place/19901275,35.890563,129.524931,high,신창해수욕장,경북 포항시 남구 장기면 경북 포항시 남구 장기면 신창리,verified,false,
신창방파제,경북 포항시 남구 장기면 신창리 888-2,35.886323,129.528591,37825257,https://map.naver.com/p/entry/place/37825257,35.8862981,129.5294749,high,신창방파제,경북 포항시 남구 장기면 양포리,verified,false,
동해안로3261번길,경북 포항시 남구 장기면 동해안로 3261,35.878168,129.516681,,,,,failed,,,not_matched,false,
양포삼거리생아구탕,경북 포항시 남구 장기면 동해안로 3259,35.877862,129.516610,32129996,https://map.naver.com/p/entry/place/32129996,35.8778579,129.5166169,high,양포삼거리생아구탕,경북 포항시 남구 장기면 동해안로 3259 양포 삼거리 생아구탕 경북 포항시 남구 장기면 양포리 294-28,verified,false,
양포항길,경북 포항시 남구 장기면 양포항길 54,35.881619,129.519448,,,,,failed,,,not_matched,false,
구룡포수협 장기지점,경북 포항시 남구 장기면 양포항길 57,35.882220,129.519596,15117238,https://map.naver.com/p/entry/place/15117238,35.88222,129.5195956,high,구룡포수협 장기지점,경북 포항시 남구 장기면 양포항길 57 경북 포항시 남구 장기면 양포리 9-1,verified,false,
계원리 등대,경북 포항시 남구 장기면 계원리 1-2,35.870555,129.533516,,,,,failed,,,not_matched,false,
개화동집,서울 강서구 개화동로7길 26-11,37.580080,126.801035,1246427156,https://map.naver.com/p/entry/place/1246427156,37.5784693,126.7977476,low,개화역분식집,서울 강서구 개화동로8길 38 서울 강서구 개화동 388-1,verified,false,
상암DMC홍보관.YTN,서울 마포구 상암동 1715,37.579999,126.887548,,,,,failed,,,not_matched,false,
히브루스,서울 마포구 서강로 144,37.554486,126.936628,1932099596,https://map.naver.com/p/entry/place/1932099596,37.5544818,126.9385313,mid,히브루스,서울 마포구 신촌로20길 19 서울 마포구 노고산동 33-22,verified,false,
콜린,서울 마포구 어울마당로 45,37.549224,126.920419,38276438,https://map.naver.com/p/entry/place/38276438,37.549231,126.9204345,high,콜린,서울 마포구 어울마당로 45 1~2층 서울 마포구 서교동 403-13,verified,false,
신촌설렁탕,서울 서대문구 성산로 494-30,37.560609,126.941377,1072172944,https://map.naver.com/p/entry/place/1072172944,37.5577365,126.9371621,mid,신촌설렁탕,서울 서대문구 연세로 24 서울 서대문구 창천동 31-36,verified,false,
바이젠하우스,서울 서초구 방배동 443-5,37.478508,126.982098,36717913,https://map.naver.com/p/entry/place/36717913,37.4783977,126.9821542,mid,바이젠하우스 방배1호점,서울 서초구 동작대로 22 삼미빌딩 서울 서초구 방배동 443-5,verified,false,
아크로리버파크107동,서울 서초구 신반포로15길 19,37.506252,126.992673,1765089195,https://map.naver.com/p/entry/place/1765089195,37.5059285,126.994456,mid,아크로리버파크아파트107동,서울 서초구 반포동,verified,false,
봄봄,서울 성동구 성수동2가 314-20,37.543529,127.054562,1204894618,https://map.naver.com/p/entry/place/1204894618,37.7948877,127.0787013,low,봄봄,경기 양주시 고읍남로 20-5 RG세원프라자2 경기 양주시 광사동 653,verified,false,
쉐프조,서울 영등포구 문래로 98,37.519252,126.892722,1084761608,https://map.naver.com/p/entry/place/1084761608,37.510992,127.3994585,low,쉐프조김밥,경기 양평군 양서면 경강로 1015 1층 경기 양평군 양서면 국수리 340-3,verified,false,
대우트럼프월드II,서울 영등포구 여의도동 48,37.517425,126.927065,19001110,https://map.naver.com/p/entry/place/19001110,37.5175453,126.9273174,low,대우트럼프월드2차아파트,서울 영등포구 여의도동 여의동로 97 서울 영등포구 여의도동 48,verified,false,
희망디젤,서울 영등포구 영등포동2가 94-135,37.522132,126.912550,32107627,https://map.naver.com/p/entry/place/32107627,37.522163,126.91241,mid,희망디젤,서울 영등포구 버드나루로12가길 39 서울 영등포구 영등포동2가 94-135,verified,false,
하남돼지/코엑스점,서울 강남구 테헤란로81길 53,37.510575,127.055624,36667301,https://map.naver.com/p/entry/place/36667301,37.4979577,127.0530875,low,하남돼지집 한티점,서울 강남구 선릉로64길 9 대성빌딩 서울 강남구 대치동 922-21,verified,false,
이대서울병원,서울 강서구 공항대로 260,37.557263,126.836267,1300011982,https://map.naver.com/p/entry/place/1300011982,37.5574083,126.8362805,high,이대서울병원본관,서울 강서구 공항대로 260 이화의대부속서울병원 서울 강서구 마곡동 808,verified,false,
병원1층/파리크라상,서울 강서구 공항대로 260,37.557263,126.836267,,,,,failed,,,not_matched,false,
수노래방,서울 마포구 어울마당로 67,37.551157,126.921103,17855489,https://map.naver.com/p/entry/place/17855489,37.5907128,127.1479727,low,럭셔리수노래방,경기 구리시 이문안로 150 경기 구리시 토평동 965-5,verified,false,
에그드랍강남본점,서울 서초구 강남대로55길 24,37.495672,127.025554,1023881187,https://map.naver.com/p/entry/place/1023881187,37.4955887,127.0256118,high,에그드랍 강남본점,서울 서초구 강남대로55길 24 1층 서울 서초구 서초동 1321-9,verified,false,
보나베띠/여의도점,서울 영등포구 은행로 30,37.528200,126.922656,,,,,failed,,,not_matched,false,
노원경찰서,서울 노원구 노원로 283,37.641975,127.070799,11642480,https://map.naver.com/p/entry/place/11642480,37.6423349,127.0714083,high,서울노원경찰서,서울 노원구 노원로 283 노원경찰서 서울 노원구 하계동 250,verified,false,
GS25 중계에이스점,서울 노원구 덕릉로 699,37.660129,127.075210,,,,,failed,,,not_matched,false,
미증유옆,서울 마포구 상암동 2-65,37.578285,126.896040,,,,,failed,,,not_matched,false,
서브웨이,서울 마포구 와우산로 44,37.548326,126.923213,,,,,failed,,,not_matched,false,
그문화다방,서울 마포구 와우산로3길 49,37.545491,126.920313,12907660,https://map.naver.com/p/entry/place/12907660,37.5455259,126.920324,high,그문화다방,서울 마포구 와우산로3길 49 1층 서울 마포구 당인동 28-9,verified,false,
물빛광장,서울 영등포구 여의도동 84-9,37.531247,126.928686,20349393,https://map.naver.com/p/entry/place/20349393,37.5307108,126.9288227,high,여의도물빛광장,서울 영등포구 한강남자전거길 1451 한강르네상스 여의도3호 매점 서울 영등포구 여의도동 84-9,verified,false,
CU맞은편,서울 은평구 갈현로 326,37.625540,126.918099,,,,,failed,,,not_matched,false,
은영슈퍼,서울 은평구 증산로13길 32,37.588228,126.909425,19101696,https://map.naver.com/p/entry/place/19101696,37.6526552,126.6251786,low,은영슈퍼,경기 김포시 양촌읍 양곡1로2번길 55 경기 김포시 양촌읍 구래리 426-3,verified,false,
동양상가,서울 종로구 돈화문로6나길 11,37.571308,126.993299,19414863,https://map.naver.com/p/entry/place/19414863,37.5713167,126.9933139,high,동양상가,서울 종로구 돈화문로6나길 11 서울 종로구 봉익동 150,verified,false,
다미보석,서울 종로구 돈화문로6나길 41,37.572175,126.992385,13152639,https://map.naver.com/p/entry/place/13152639,37.5722,126.992375,high,다미보석,서울 종로구 돈화문로6나길 41 서울 종로구 봉익동 123,verified,false,
다음코리아,서울 종로구 서순라길 17-9,37.571816,126.993344,17933792,https://map.naver.com/p/entry/place/17933792,37.5718463,126.9932604,high,다음코리아,서울 종로구 서순라길 17-13 서울 종로구 봉익동 114,verified,false,
전진사,서울 종로구 서순라길 25,37.571850,126.993704,17934236,https://map.naver.com/p/entry/place/17934236,37.571884,126.9937059,high,전진사,서울 종로구 서순라길 25 서울 종로구 봉익동 51,verified,false,
광화문역,서울 종로구 세종로 215,37.569383,126.976567,21406441,https://map.naver.com/p/entry/place/21406441,37.5697822,126.9766291,mid,광화문역(세종문화회관)6번출구,서울 종로구 서울 종로구 세종로,verified,false,
전일모터스,서울 종로구 율곡로 269,37.573435,127.007358,1690040970,https://map.naver.com/p/entry/place/1690040970,35.8574587,127.1075949,low,전일모터스,전북 전주시 덕진구 신복천변3길 14 전북 전주시 덕진구 팔복동1가 156,verified,false,
남산육교,서울 중구 퇴계로 34,37.557309,126.976586,,,,,failed,,,not_matched,false,
헬로양꼬치,서울 마포구 동교동 201-20,37.556695,126.921386,37793619,https://map.naver.com/p/entry/place/37793619,37.5566804,126.9214771,mid,헬로양꼬치 홍대점,서울 마포구 동교로 179 1번출구 서울 마포구 동교동 201-20,verified,false,
은평신협 본점,서울 은평구 증산로 371,37.589538,126.912885,18128184,https://map.naver.com/p/entry/place/18128184,37.589538,126.912885,high,은평신협본점,서울 은평구 증산로 371 서울 은평구 신사동 338-4,verified,false,
망원동월드컵시장,서울 마포구 망원로7길 23,37.558572,126.905183,13305267,https://map.naver.com/p/entry/place/13305267,37.5583881,126.905436,mid,망원월드컵시장,서울 마포구 망원동 480-8,verified,false,
명다방,서울 서대문구 통일로 107-15,37.564448,126.967153,18206573,https://map.naver.com/p/entry/place/18206573,37.5644552,126.9671546,high,명다방,서울 서대문구 통일로 107-15 서울 서대문구 미근동 31-2,verified,false,
더세인트41,서울 구로구 경인로 662,37.508123,126.888213,,,,,failed,,,not_matched,false,
이촌한강공원 2주차장,서울 용산구 용산동6가 452-1,37.515324,126.983151,35977218,https://map.naver.com/p/entry/place/35977218,37.5155728,126.9831053,mid,이촌 한강공원2주차장,서울 용산구 서울 용산구 용산동6가 452-1,verified,false,
서강껍데기,서울 용산구 이촌로 9,37.530799,126.954854,12907119,https://map.naver.com/p/entry/place/12907119,37.530858,126.954875,mid,서강껍데기 이촌점,서울 용산구 이촌로 9 서울 용산구 한강로3가 30,verified,false,
세종대로,서울 종로구 세종로 1-68,37.572432,126.976902,,,,,failed,,,not_matched,false,
청계천로,서울 종로구 창신동 436-91,37.569895,127.011088,,,,,failed,,,not_matched,false,
동대문신발상가,서울 종로구 청계천로 307,37.570071,127.011949,1407266705,https://map.naver.com/p/entry/place/1407266705,37.5700486,127.0120429,high,동대문신발상가 B동 개방화장실,서울 종로구 청계천로 307 서울 종로구 창신동 436-78,verified,false,
동대문신발도매상가 b동,서울 종로구 청계천로 307,37.570071,127.011949,13304112,https://map.naver.com/p/entry/place/13304112,37.5700768,127.0121179,high,동대문신발도매상가B동,서울 종로구 청계천로 307 서울 종로구 창신동 436-78,verified,false,
청계천,서울 종로구 창신동 436-91,37.569895,127.011088,13491093,https://map.naver.com/p/entry/place/13491093,37.5696512,127.0056375,mid,청계천,서울 종로구 창신동,verified,false,
맑은내다리,서울 종로구 창신동 436-89,37.569825,127.013521,18681030,https://map.naver.com/p/entry/place/18681030,37.569775,127.0124125,high,맑은내다리,서울 종로구 창신동,verified,false,
강남대로,서울 서초구 강남대로 403,37.498458,127.026816,,,,,failed,,,not_matched,false,
에그드랍 강남본점,서울 서초구 강남대로55길 24,37.495672,127.025554,1023881187,https://map.naver.com/p/entry/place/1023881187,37.4955887,127.0256118,high,에그드랍 강남본점,서울 서초구 강남대로55길 24 1층 서울 서초구 서초동 1321-9,verified,false,
조선팰리스 서울 강남,서울 강남구 테헤란로 231,37.502881,127.041357,1384506674,https://map.naver.com/p/entry/place/1384506674,37.5029272,127.0411011,high,조선 팰리스 서울 강남,서울 강남구 테헤란로 231 센터필드타워 웨스트동 서울 강남구 역삼동 676,verified,false,
센터필드,서울 강남구 테헤란로 231,37.502881,127.041357,2093404620,https://map.naver.com/p/entry/place/2093404620,37.5028813,127.0413566,high,폼서울 센터필드,서울 강남구 테헤란로 231 B1층 WG21호 서울 강남구 역삼동 676,verified,false,
테헤란로,서울 강남구 역삼동 804,37.501249,127.038332,,,,,failed,,,not_matched,false,
필경재,서울 강남구 광평로 205,37.484906,127.095107,2076099857,https://map.naver.com/p/entry/place/2076099857,37.4849404,127.0951824,high,필경재,서울 강남구 광평로 205 서울 강남구 수서동 739-1,verified,false,
긴자 송도유원지점,인천 연수구 청량로120번길 10,37.418720,126.655182,302060774,https://map.naver.com/p/entry/place/302060774,37.4185234,126.655158,high,긴자 송도유원지점,인천 연수구 청량로120번길 10 인천 연수구 옥련동 573,verified,false,
스카이캐슬,경기 가평군 북면 화악산로 136-91,37.892130,127.561171,1848558509,https://map.naver.com/p/entry/place/1848558509,37.8921394,127.5611473,high,스카이캐슬,경기 가평군 북면 화악산로 136-91 경기 가평군 북면 목동리 688-4,verified,false,
리븐델하우스,경기 가평군 청평면 고재길 262-46,37.702623,127.516678,,,,,failed,,,not_matched,false,
아난티코드,경기 가평군 설악면 유명로 961-34,37.620120,127.482404,37525274,https://map.naver.com/p/entry/place/37525274,37.6255759,127.4800034,mid,아난티 코드,경기 가평군 설악면 유명로 1007-90 경기 가평군 설악면 방일리 653-4,verified,false,
문화유통북스,경기 파주시 평화로342번길 120,37.775543,126.749308,11857268,https://map.naver.com/p/entry/place/11857268,37.775754,126.7491123,high,문화유통북스,경기 파주시 평화로342번길 120 경기 파주시 검산동 113-2,verified,false,
홍삼스파 참숯가마 사우나,경기 파주시 탄현면 장릉로 5,37.773890,126.717179,37130051,https://map.naver.com/p/entry/place/37130051,37.7738991,126.7172828,high,홍삼스파 참숯가마 사우나,경기 파주시 탄현면 장릉로 5 경기 파주시 탄현면 갈현리 654-8,verified,false,
두찜 파주금촌점,경기 파주시 중앙로 268-1,37.760101,126.777647,1907118435,https://map.naver.com/p/entry/place/1907118435,37.7600974,126.7776719,high,두찜 파주금촌점,경기 파주시 중앙로 268-1 1층(금촌동) 경기 파주시 금촌동 768-12 1층(),verified,false,
애스톤하우스,경기 구리시 아차산로 1,37.559965,127.113277,1473977395,https://map.naver.com/p/entry/place/1473977395,37.5598902,127.1132471,mid,그랜드 워커힐 서울 애스톤하우스,경기 구리시 아차산로 1 워커힐호텔 경기 구리시 아천동 310-1,verified,false,
안산와스타디움,경기 안산시 단원구 화랑로 260,37.319478,126.816492,13410693,https://map.naver.com/p/entry/place/13410693,37.3193337,126.8188177,high,안산와스타디움,경기 안산시 단원구 화랑로 260 안산 와스타디움 경기 안산시 단원구 초지동 666,verified,false,
롯데인재개발원 오산캠퍼스,경기 오산시 경기동로186번길 8,37.156916,127.090915,1612583652,https://map.naver.com/p/entry/place/1612583652,37.1570122,127.0911582,high,롯데인재개발원 오산캠퍼스,경기 오산시 경기동로186번길 8 경기 오산시 부산동 88,verified,false,
경기동로186번길,경기 오산시 부산동 790,37.156967,127.092250,,,,,failed,,,not_matched,false,
춘천시종합경기장,강원 춘천시 스포츠타운길 136,37.855221,127.693260,,,,,failed,,,not_matched,false,
스포츠타운길,강원 춘천시 송암동 693-1,37.855246,127.688243,,,,,failed,,,not_matched,false,
인제스피디움,강원 인제군 기린면 상하답로 130,38.002723,128.295159,32779150,https://map.naver.com/p/entry/place/32779150,38.0026931,128.2951054,high,인제스피디움,강원 인제군 기린면 상하답로 130 인제스피디움 강원 인제군 기린면 북리 1500,verified,false,
켄싱턴호텔 설악,강원 속초시 설악산로 998,38.172627,128.500247,11555552,https://map.naver.com/p/entry/place/11555552,38.1732553,128.4983901,high,켄싱턴호텔 설악,강원 속초시 설악산로 998 강원 속초시 설악동 106-1,verified,false,
대전외국인학교,대전 유성구 용산2로 77,36.416382,127.398548,12844247,https://map.naver.com/p/entry/place/12844247,36.4163116,127.3989604,high,대전외국인학교,대전 유성구 용산2로 77 대전 유성구 용산동 709,verified,false,
연풍순교성지,충북 괴산군 연풍면 중앙로괴정1길 14,36.762477,127.994450,12950355,https://map.naver.com/p/entry/place/12950355,36.7623622,127.996273,high,연풍순교성지주차장,충북 괴산군 연풍면 삼풍리 257-1,verified,false,
너울횟집,충남 태안군 소원면 만리포2길 2,36.785548,126.132654,31004670,https://map.naver.com/p/entry/place/31004670,36.7855888,126.1326251,high,너울횟집,충남 태안군 소원면 만리포2길 2 충남 태안군 소원면 모항리 1324-38,verified,false,
황등석산,전북 익산시 황등면 황등리 452-5,36.003862,126.946280,1813223762,https://map.naver.com/p/entry/place/1813223762,36.0009272,126.9459179,mid,추억담카페 아가페정원 황등석산카페,전북 익산시 황등면 황등5길 13 추억담카페 전북 익산시 황등면 황등리 349-9,verified,false,
브레스커피웍스,경북 경주시 보불로 204-8,35.803336,129.313192,2055627551,https://map.naver.com/p/entry/place/2055627551,35.8031849,129.3130409,high,브레스커피웍스,경북 경주시 보불로 204-8 브레스커피웍스 경북 경주시 하동 193,verified,false,
Gardens by the Bay East,"11 Rhu Cross,싱가포르 437440",,,,,,,failed,,,not_matched,false,
이노시뮬레이션,서울 강서구 마곡중앙8로7길 5,37.561499,126.838065,1215882268,https://map.naver.com/p/entry/place/1215882268,37.5614996,126.8381034,high,이노시뮬레이션,서울 강서구 마곡중앙8로7길 5 서울 강서구 마곡동 792-10,verified,false,
마곡중앙14로,서울 강서구 마곡중앙14로 22,37.568866,126.830044,,,,,failed,,,not_matched,false,
제넥신,서울 강서구 마곡중앙로 172,37.569102,126.829036,36324723,https://map.naver.com/p/entry/place/36324723,37.5691022,126.8290361,high,제넥신,서울 강서구 마곡중앙로 172 바이오이노베이션파크 서울 강서구 마곡동 762-5,verified,false,
대상 마곡연구소,서울 강서구 마곡중앙로 178,37.569682,126.829146,1206088872,https://map.naver.com/p/entry/place/1206088872,37.5696484,126.8289256,high,대상마곡연구소,서울 강서구 마곡중앙로 178 서울 강서구 마곡동 762-4,verified,false,
LG사이언스파크 정류장(16108),서울 강서구 마곡중앙10로 30,37.563403,126.831230,,,,,failed,,,not_matched,false,
증산동집(1),서울 은평구 증산로13가길 12-7,37.589226,126.910226,,,,,failed,,,not_matched,false,
증산동집(2),서울 은평구 증산로13가길 12-9,37.589213,126.910343,,,,,failed,,,not_matched,false,
증산로13가길(1),서울 은평구 증산동 131-167,37.588847,126.910019,,,,,failed,,,not_matched,false,
증산로13가길(2),서울 은평구 증산로13가길 13,37.589036,126.909660,18691368,https://map.naver.com/p/entry/place/18691368,37.5886222,126.9103367,mid,증산로13가길,서울 은평구 증산동,verified,false,
증산로13가길(3),서울 은평구 증산로13가길 16-1,37.589105,126.909373,,,,,failed,,,not_matched,false,
엄마손떡볶이,서울 서대문구 증가로10길 37,37.578968,126.924174,13018229,https://map.naver.com/p/entry/place/13018229,37.578934,126.9241615,high,엄마손떡볶이,서울 서대문구 증가로10길 37 서울 서대문구 남가좌동 324-46,verified,false,
희우정로,서울 마포구 희우정로15길 1,37.553794,126.902079,,,,,failed,,,not_matched,false,
광신빌딩,서울 서대문구 신촌로 93,37.555689,126.936568,18777110,https://map.naver.com/p/entry/place/18777110,37.5450662,126.931795,low,광신빌딩,서울 마포구 창전로 30 서울 마포구 구수동 68-25,verified,false,
서강로,서울 마포구 노고산동 112-12,37.553245,126.933709,,,,,failed,,,not_matched,false,
경의선숲길,서울 마포구 창전동 1-33,37.553408,126.933737,,,,,failed,,,not_matched,false,
슈치쿠,서울 영등포구 63로 50,37.519664,126.939909,11679247,https://map.naver.com/p/entry/place/11679247,37.5198158,126.9403139,high,슈치쿠,서울 영등포구 63로 50 58층 서울 영등포구 여의도동 60,verified,false,
타임스퀘어,서울 영등포구 영중로 15,37.517233,126.903716,12967315,https://map.naver.com/p/entry/place/12967315,37.517163,126.9029652,high,타임스퀘어,서울 영등포구 영중로 15 타임스퀘어 서울 영등포구 영등포동4가 442,verified,false,
영등포역 육교,서울 영등포구 영등포동 618-499,37.513605,126.904079,,,,,failed,,,not_matched,false,
경인로94길,서울 영등포구 경인로94길 9-7,37.514519,126.903322,,,,,failed,,,not_matched,false,
행운다방,서울 영등포구 도림로133길 9,37.513499,126.894527,1029804585,https://map.naver.com/p/entry/place/1029804585,37.5135056,126.8945366,high,행운다방,서울 영등포구 도림로133길 9 2층 서울 영등포구 문래동2가 14-84,verified,false,
세운나다방,서울 중구 을지로 157,37.567146,126.995451,18079684,https://map.naver.com/p/entry/place/18079684,37.5667643,126.9955284,high,세운나다방,"서울 중구 을지로 157 대림상가 464-4호, 4층 세운나다방 서울 중구 산림동 207-2",verified,false,
두가헌,서울 종로구 삼청로 14,37.577320,126.979833,33315120,https://map.naver.com/p/entry/place/33315120,37.5771142,126.9802619,mid,두가헌 레스토랑,서울 종로구 삼청로 14 서울 종로구 사간동 80,verified,false,
경희초등학교,서울 동대문구 경희대로 26,37.593949,127.054891,11617551,https://map.naver.com/p/entry/place/11617551,37.5949662,127.0492512,mid,경희초등학교,서울 동대문구 경희대로 26 경희초등학교 서울 동대문구 회기동 1-5,verified,false,
매봉18길,서울 성동구 금호동2가 산 9-14,37.551542,127.017195,,,,,failed,,,not_matched,false,
잠수교북단,서울 용산구 서빙고동 287-4,37.517620,126.992304,18732486,https://map.naver.com/p/entry/place/18732486,37.5197103,126.9940903,high,잠수교북단고가차도,서울 용산구 서빙고동,verified,false,
안다즈 서울 강남,서울 강남구 논현로 854,37.525322,127.028865,1848029285,https://map.naver.com/p/entry/place/1848029285,37.5255774,127.0289046,high,안다즈 서울강남,서울 강남구 논현로 854 서울 강남구 신사동 603,verified,false,
압구정로,서울 강남구 청담동 145,37.526108,127.046215,,,,,failed,,,not_matched,false,
도산대로,서울 강남구 도산대로 322,37.522216,127.037175,,,,,failed,,,not_matched,false,
인천공항,인천 영종구 운서동 2868,37.468432,126.437521,1062788713,https://map.naver.com/p/entry/place/1062788713,37.7665098,128.8766456,low,인천공항,강원 강릉시 교동광장로100번길 20 강원 강릉시 교동 1870-1,verified,false,
영종순환로,인천 영종구 운북동 1367-3,37.526414,126.507413,,,,,failed,,,not_matched,false,
너와집노래방,인천 제물포구 차이나타운로52번길 11,37.474967,126.617978,19398385,https://map.naver.com/p/entry/place/19398385,37.4749838,126.6180007,high,너와집노래방,인천 제물포구 차이나타운로52번길 11 인천 제물포구 선린동 40-1,verified,false,
차이나타운로,인천 제물포구 차이나타운로 56-19,37.474854,126.617928,,,,,failed,,,not_matched,false,
제물량로,인천 제물포구 제물량로 258,37.474791,126.617831,,,,,failed,,,not_matched,false,
용일시장,인천 미추홀구 인주대로174번길 25,37.454928,126.657378,13345666,https://map.naver.com/p/entry/place/13345666,37.4548078,126.6572434,mid,용일시장,인천 미추홀구 인주대로 178 인천 미추홀구 용현동 139-1,verified,false,
경인상가,인천 미추홀구 경인로 392,37.458034,126.683160,32430824,https://map.naver.com/p/entry/place/32430824,37.4580117,126.6835057,mid,경인종합상가,인천 미추홀구 경인로 392 인천 미추홀구 주안동 431-1,verified,false,
송도센트럴파크,인천 연수구 센트럴로 217,37.394709,126.637887,2146285981,https://map.naver.com/p/entry/place/2146285981,37.3953738,126.6369816,high,송도 센트럴파크,인천 연수구 센트럴로 217 인천 연수구 송도동 24-8,verified,false,
다운데어,경기 파주시 탄현면 헤이리마을길 55-34,37.788748,126.696201,1866061235,https://map.naver.com/p/entry/place/1866061235,37.7887476,126.6962006,high,다운데어,경기 파주시 탄현면 헤이리마을길 55-34 경기 파주시 탄현면 법흥리 1652-178,verified,false,
도담터스튜디오,경기 파주시 장터고개길 40-40,37.774041,126.734812,,,,,failed,,,not_matched,false,
월드고양로,경기 고양시 일산동구 월드고양로 138-1,37.656316,126.759736,,,,,failed,,,not_matched,false,
신도공영주차장,경기 고양시 덕양구 지축동 766-11,37.656063,126.899794,21154634,https://map.naver.com/p/entry/place/21154634,37.6560655,126.8997942,high,신도공영주차장,경기 고양시 덕양구 지축동 766-11,verified,false,
드메인,경기 고양시 덕양구 충장로282번길 40,37.638817,126.839280,1531292995,https://map.naver.com/p/entry/place/1531292995,37.6388358,126.8392842,high,드메인,경기 고양시 덕양구 충장로282번길 40 1층 경기 고양시 덕양구 화정동 131-5,verified,false,
청심평화월드센터,경기 가평군 설악면 미사리로 258,37.683825,127.520422,30976147,https://map.naver.com/p/entry/place/30976147,37.6837401,127.5205073,high,청심평화월드센터,경기 가평군 설악면 미사리로 258 청심평화월드센터 경기 가평군 설악면 송산리 584,verified,false,
가평 자라섬,경기 가평군 가평읍 달전리 25-2,37.817962,127.527073,1381273770,https://map.naver.com/p/entry/place/1381273770,37.81411,127.5107976,mid,자라섬,경기 가평군 가평읍 달전리,verified,false,
부천대학교,경기 부천시 소사구 소사로 56,37.463872,126.802934,1857337336,https://map.naver.com/p/entry/place/1857337336,37.4634405,126.8036873,high,부천대학교 소사캠퍼스,경기 부천시 소사구 소사로 56 경기 부천시 소사구 계수동 791,verified,false,
관악성당,경기 안양시 만안구 경수대로1140번길 24,37.414572,126.920303,13142323,https://map.naver.com/p/entry/place/13142323,37.4145622,126.920347,high,천주교 관악성당,경기 안양시 만안구 경수대로1140번길 24 관악성당 경기 안양시 만안구 안양동 18-114,verified,false,
힌터하우스,경기 안양시 만안구 예술공원로 237,37.418960,126.931602,1957870362,https://map.naver.com/p/entry/place/1957870362,37.4189564,126.931582,high,힌터하우스,경기 안양시 만안구 예술공원로 237 1층 경기 안양시 만안구 석수동 839-2,verified,false,
한양대학교 에리카캠퍼스,경기 안산시 상록구 한양대학로 55,37.298005,126.834494,1084625804,https://map.naver.com/p/entry/place/1084625804,37.295426,126.8353161,mid,아이엔지 한양대학교 에리카캠퍼스점,경기 안산시 상록구 한양대학로 55 경기 안산시 상록구 사동 1271,verified,false,
우봉집 위례,경기 성남시 수정구 위례서일로1길 8-6,37.466104,127.137852,1498574534,https://map.naver.com/p/entry/place/1498574534,37.4660887,127.1378472,high,우봉집 위례,경기 성남시 수정구 위례서일로1길 8-6 1층 경기 성남시 수정구 창곡동 551-2,verified,false,
사랑마트,경기 성남시 수정구 태평로108번길 8-1,37.450273,127.138547,19216617,https://map.naver.com/p/entry/place/19216617,37.450275,127.1385375,high,사랑마트,경기 성남시 수정구 태평로108번길 8-1 경기 성남시 수정구 태평동 329,verified,false,
코오롱 린든 그로브,경기 성남시 수정구 대왕판교로 801,37.411190,127.096911,19218911,https://map.naver.com/p/entry/place/19218911,37.4113533,127.0990877,high,코오롱린든그로브,경기 성남시 수정구 대왕판교로 801 경기 성남시 수정구 시흥동 320,verified,false,
자하연 분당,경기 광주시 대명대길 57,37.359269,127.170810,37993425,https://map.naver.com/p/entry/place/37993425,37.3606392,127.1740207,mid,자하연분당,경기 광주시 대명대길 57 경기 광주시 능평동 385,verified,false,
세븐일레븐 봉담푸른점,경기 화성시 효행구 봉담읍 장등1길 3-9,37.222403,126.944994,1937380640,https://map.naver.com/p/entry/place/1937380640,37.2224028,126.9449961,high,세븐일레븐 봉담푸른점,경기 화성시 효행구 봉담읍 장등1길 3-9 경기 화성시 효행구 봉담읍 상리 627-6,verified,false,
장안대학교,경기 화성시 효행구 봉담읍 삼천병마로 1182,37.213287,126.944482,11591353,https://map.naver.com/p/entry/place/11591353,37.213094,126.9475689,high,장안대학교,경기 화성시 효행구 봉담읍 삼천병마로 1182 경기 화성시 효행구 봉담읍 상리 460,verified,false,
서일여자고등학교,대전 서구 구봉산북로 22,36.294300,127.323546,12018623,https://map.naver.com/p/entry/place/12018623,36.2937058,127.3238604,high,서일여자고등학교,대전 서구 구봉산북로 22 대전 서구 관저동 1980,verified,false,
광한루주차장,전북 남원시 천거동 187-1,35.402155,127.379731,37526210,https://map.naver.com/p/entry/place/37526210,35.4018034,127.3782789,high,광한루원주차장,전북 남원시 광한서로 12 전북 남원시 천거동 110-1,verified,false,
켄싱턴리조트 지리산남원,전북 남원시 소리길 66,35.402437,127.385183,21012194,https://map.naver.com/p/entry/place/21012194,35.402057,127.3849,high,켄싱턴리조트 지리산남원,전북 남원시 소리길 66 켄싱턴리조트 지리산남원 전북 남원시 어현동 37-122,verified,false,
카페게이트 남원점,전북 남원시 소리길 66,35.402437,127.385183,1696977601,https://map.naver.com/p/entry/place/1696977601,35.402057,127.3849,high,카페게이트 남원점,전북 남원시 소리길 66 켄싱턴리조트 1층 전북 남원시 어현동 37-122,verified,false,
천개의향나무숲,전남광주통합특별시 구례군 광의면 천변길 12,35.226738,127.460313,1206961145,https://map.naver.com/p/entry/place/1206961145,35.2267458,127.4603165,high,천개의향나무숲,전남광주 구례군 광의면 천변길 12 전남광주 구례군 광의면 지천리 528-1,verified,false,
우장산힐스테이트,서울 강서구 강서로52길 34,37.557508,126.839764,18947809,https://map.naver.com/p/entry/place/18947809,37.5572881,126.8393968,mid,우장산힐스테이트아파트북문,서울 강서구 내발산동,verified,false,
전주콩나물국밥,서울 마포구 독막로 35,37.548313,126.917484,20272174,https://map.naver.com/p/entry/place/20272174,37.548279,126.917489,mid,비사벌전주콩나물국밥 합정점,서울 마포구 독막로 35 서울 마포구 합정동 412-14,verified,false,
샛별빌라,서울 마포구 독막로19길 20-15,37.548686,126.925586,15902141,https://map.naver.com/p/entry/place/15902141,36.427823,129.0551884,low,샛별빌라,경북 청송군 청송읍 금곡2길 15-1 경북 청송군 청송읍 금곡리 891-7,verified,false,
인시즌,서울 마포구 성미산로29길 16,37.564851,126.922600,34203560,https://map.naver.com/p/entry/place/34203560,37.5670966,126.929608,low,인시즌,서울 서대문구 연희맛로 23 1층 2호 서울 서대문구 연희동 131-1,verified,false,
은행나무어린이공원,서울 마포구 성미산로29길 17-3,37.564630,126.922417,18799220,https://map.naver.com/p/entry/place/18799220,37.5646342,126.9222894,mid,은행나무어린이공원,서울 마포구 연남동,verified,false,
그대와인,서울 마포구 어울마당로5길 52,37.550084,126.917981,,,,,failed,,,not_matched,false,
산울림소극장버정,서울 마포구 와우산로 150-1,37.554348,126.929917,,,,,failed,,,not_matched,false,
자연인들,서울 마포구 와우산로22길 34,37.551024,126.924189,,,,,failed,,,not_matched,false,
포토바이,서울 마포구 와우산로27길 50,37.555053,126.925897,21643120,https://map.naver.com/p/entry/place/21643120,37.5550417,126.9258365,high,포토바이 홍대,서울 마포구 와우산로27길 50 서울 마포구 서교동 332-13,verified,false,
곤밥,서울 마포구 토정로 105,37.545218,126.922584,35788326,https://map.naver.com/p/entry/place/35788326,37.5452213,126.9225812,high,곤밥,서울 마포구 토정로 105 1층 서울 마포구 상수동 339-9,verified,false,
호미화방,서울 마포구 홍익로3길 20,37.553516,126.921715,36175030,https://map.naver.com/p/entry/place/36175030,37.5532647,126.9216889,high,호미화방,"서울 마포구 홍익로3길 20 서교프라자 1층,2층 서울 마포구 서교동 357-1",verified,false,
수금속,서울 영등포구 도림로126길 7-1,37.514061,126.897079,1445796993,https://map.naver.com/p/entry/place/1445796993,37.5140454,126.8971011,high,수금속,서울 영등포구 도림로126길 7-1 서울 영등포구 문래동3가 54-36,verified,false,
데이즈쇼룸,서울 용산구 대사관로5길 29,37.535524,127.000128,2046386654,https://map.naver.com/p/entry/place/2046386654,36.8107255,127.1040631,low,어몽데이즈,충남 천안시 서북구 불당30길 42 1층 102호 충남 천안시 서북구 불당동 1762,verified,false,
이태원국민은행,서울 용산구 보광로 127,37.534084,126.993719,32840266,https://map.naver.com/p/entry/place/32840266,37.5384402,126.9879518,low,KB국민은행,서울 용산구 회나무로 4 서울 용산구 이태원동 293-2,verified,false,
버들골이야기,서울 용산구 보광로59길 14-1,37.534058,126.993229,1736045813,https://map.naver.com/p/entry/place/1736045813,37.5340312,126.9932143,mid,버들골이야기 이태원점,서울 용산구 보광로59길 14-1 1층 서울 용산구 이태원동 128-10,verified,false,
한담곱창,서울 용산구 새창로 209,37.530675,126.967008,1120176559,https://map.naver.com/p/entry/place/1120176559,37.5306171,126.9670219,low,한담곱창 용산본점,서울 용산구 새창로 209 1층 한담곱창 서울 용산구 한강로2가 2-194,verified,false,
소월로계단,서울 용산구 소월로 168,37.547958,126.984237,,,,,failed,,,not_matched,false,
빈티지샵,서울 용산구 우사단로10길 114,37.531309,127.001269,1500165857,https://map.naver.com/p/entry/place/1500165857,37.5610214,126.98339,low,그린빈티지,서울 중구 명동2길 57 지하 1층 서울 중구 충무로1가 24-28,verified,false,
현대카드뮤직라이브러리,서울 용산구 이태원로 246,37.536636,127.000702,36665677,https://map.naver.com/p/entry/place/36665677,37.5366943,127.0006742,high,현대카드 뮤직 라이브러리,서울 용산구 이태원로 246 서울 용산구 한남동 683-132,verified,false,
우리동네키움센터,서울 용산구 이태원로36길 7,,,1500523723,https://map.naver.com/p/entry/place/1500523723,37.5099198,126.9590894,low,흑석꿈우리동네키움센터,서울 동작구 흑석로13길 25 3층 서울 동작구 흑석동 341-2,verified,false,
미미옥,서울 용산구 한강대로15길 27,37.526283,126.962951,1565282758,https://map.naver.com/p/entry/place/1565282758,37.5262852,126.9630047,low,미미옥 신용산점,서울 용산구 한강대로15길 27 서울 용산구 한강로3가 40-463,verified,false,
골목집화로구이/한대포,서울 용산구 한강대로39길 12-12,37.531194,126.968697,,,,,failed,,,not_matched,false,
어항로,서울 용산구 한강대로52길 17-4,37.532122,126.972338,,,,,failed,,,not_matched,false,
신용산지하차도,서울 용산구 한강로2가 2-367,37.531144,126.966259,18725880,https://map.naver.com/p/entry/place/18725880,37.5313215,126.9659146,mid,신용산지하차도,서울 용산구 한강로3가,verified,false,
신월동쓰리팝PC방,서울 양천구 곰달래로 48,37.529865,126.838204,,,,,failed,,,not_matched,false,
CU신월하나점(폐업),서울 양천구 곰달래로 46,37.529795,126.837911,,,,,failed,,,precheck:closed_place_name,false,
한성상가,서울 구로구 경인로55길 51,37.503773,126.876244,1652799689,https://map.naver.com/p/entry/place/1652799689,37.5037714,126.8762427,high,한성상가,서울 구로구 경인로55길 51 한성상가 서울 구로구 구로동 609-1,verified,false,
미래산업 잭,서울 구로구 신도림로15길 21-9,37.510096,126.880474,1468148335,https://map.naver.com/p/entry/place/1468148335,37.5099274,126.8807159,high,미래산업잭,서울 구로구 신도림로15길 21-9 서울 구로구 신도림동 295-5,verified,false,
삼진기업주변,서울 구로구 신도림로15길 20,37.509704,126.881466,,,,,failed,,,not_matched,false,
헤이피피 홍대점,서울 마포구 와우산로17길 19-11,37.549666,126.921696,,,,,failed,,,not_matched,false,
클럽엑스엑스2,서울 마포구 와우산로17길 10,37.550321,126.922492,1353578765,https://map.naver.com/p/entry/place/1353578765,37.5502566,126.9224943,high,클럽엑스엑스2,서울 마포구 와우산로17길 10 . 지하1층(서교동) 서울 마포구 서교동 407-6 . 지하1층(),verified,false,
어울마당로,서울 마포구 서교동 365-28,37.551328,126.921372,,,,,failed,,,not_matched,false,
영등포경찰서,서울 영등포구 국회대로 608,37.525989,126.901193,11642496,https://map.naver.com/p/entry/place/11642496,37.5258475,126.9009425,high,서울영등포경찰서,서울 영등포구 국회대로 608 서울 영등포구 당산동3가 2-11,verified,false,
영등포경찰서앞,서울 영등포구 국회대로 608,37.525989,126.901193,,,,,failed,,,not_matched,false,
이앤비하이코,서울 영등포구 버드나루로8길 12,37.523604,126.911854,387905571,https://map.naver.com/p/entry/place/387905571,37.6136625,126.6221546,low,이앤비하이코,경기 김포시 양촌읍 황금로127번길 107 경기 김포시 양촌읍 학운리 3044,verified,false,
영등포로,서울 영등포구 영등포로 379-1,37.513964,126.920433,,,,,failed,,,not_matched,false,
밤동산지하보도,서울 영등포구 신길동 5-8,37.514628,126.922259,,,,,failed,,,not_matched,false,
영등포로67가길,서울 영등포구 영등포로79길 9,37.514607,126.921223,,,,,failed,,,not_matched,false,
영등포로79가길,서울 영등포구 영등포로79가길 12,37.514639,126.920191,,,,,failed,,,not_matched,false,
이레아키빌,서울 영등포구 영등포로86길 28,37.510645,126.922512,19011236,https://map.naver.com/p/entry/place/19011236,37.5105668,126.9224909,high,이레아키빌,서울 영등포구 영등포로86길 28-1 서울 영등포구 신길동 454-3,verified,false,
쓰리팝PC카페대방점,서울 동작구 등용로 123,37.512143,126.931722,,,,,failed,,,not_matched,false,
노량진로26길,서울 동작구 노량진로26길 57,37.510114,126.955479,,,,,failed,,,not_matched,false,
문배동이안아파트앞 정류장,서울 용산구 청파로 205-6,37.538227,126.970348,,,,,failed,,,not_matched,false,
멕시칸치킨 효창중앙점,서울 용산구 효창원로69길 5,37.541453,126.961555,11801206,https://map.naver.com/p/entry/place/11801206,37.54145,126.961664,high,멕시칸치킨 효창중앙점,서울 용산구 효창원로69길 5 지상1층 서울 용산구 효창동 5-364,verified,false,
효창원로69길,서울 용산구 효창원로69길 15,37.541854,126.961261,,,,,failed,,,not_matched,false,
중랑천 농구장,서울 도봉구 도봉동 2-6,37.691006,127.049630,,,,,failed,,,not_matched,false,
중대로 횡단보도,서울 송파구 중대로 192,37.498902,127.126295,,,,,failed,,,not_matched,false,
송파사회복지관.성요셉성당 정류장,서울 송파구 문정로 221,37.498225,127.140635,,,,,failed,,,not_matched,false,
거마로7길,서울 송파구 거마로7길 44,37.497752,127.141487,,,,,failed,,,not_matched,false,
인천공항,인천 영종구 공항로 271,37.447671,126.452172,1062788713,https://map.naver.com/p/entry/place/1062788713,37.7665098,128.8766456,low,인천공항,강원 강릉시 교동광장로100번길 20 강원 강릉시 교동 1870-1,verified,false,
인천하늘고등학교,인천 영종구 영종대로277번길 117,37.495432,126.507240,13439821,https://map.naver.com/p/entry/place/13439821,37.4949381,126.5070428,high,인천하늘고등학교,인천 영종구 영종대로277번길 117 인천 영종구 운서동 569,verified,false,
송도트리플스트리트,인천 연수구 송도과학로16번길 33-2,37.380445,126.660232,1136743109,https://map.naver.com/p/entry/place/1136743109,37.380445,126.6602319,high,미도인 송도트리플스트리트,인천 연수구 송도과학로16번길 33-2 송도트리플스트리트 B동 지하3층 B308b호 인천 연수구 송도동 174-3,verified,false,
성사교회,경기 고양시 덕양구 충장로350번길 99,37.642573,126.844642,19932306,https://map.naver.com/p/entry/place/19932306,37.6547181,126.8333105,mid,성사교회,경기 고양시 덕양구 호국로 755 보훈회관 경기 고양시 덕양구 성사동 740-3,verified,false,
뉴대성병원,경기 부천시 원미구 심곡1동 110-6,37.492375,126.784188,13240324,https://map.naver.com/p/entry/place/13240324,37.4925712,126.784169,mid,뉴대성병원,경기 부천시 원미구 부천로 91 경기 부천시 원미구 심곡동 110-6,verified,false,
로얄볼링장,경기 하남시 신장로 179,37.541097,127.199540,13513086,https://map.naver.com/p/entry/place/13513086,37.541086,127.1996986,high,로얄볼링장,경기 하남시 신장로 179 무학프라자 지하1층 로얄볼링센타 경기 하남시 덕풍동 358-1,verified,false,
이디야커피 하남덕풍초교점,경기 하남시 신장로 200,37.542985,127.199146,1622584730,https://map.naver.com/p/entry/place/1622584730,37.5430703,127.1990627,high,이디야커피 하남덕풍초교점,경기 하남시 신장로 200 1층 경기 하남시 덕풍동 340-30,verified,false,
대전시민천문대 주차장,대전 유성구 과학로 213-48,36.381622,127.353662,,,,,failed,,,not_matched,false,
한남대학교,대전 대덕구 한남로 70,36.355151,127.422469,11591667,https://map.naver.com/p/entry/place/11591667,36.3541173,127.4217991,high,한남대학교,대전 대덕구 한남로 70 한남대학교 대전 대덕구 오정동 133,verified,false,
우송대학교 동캠퍼스,대전 동구 백룡로 59,36.337029,127.453586,390143681,https://map.naver.com/p/entry/place/390143681,36.3367383,127.4532927,mid,우송대학교 동캠퍼스,대전 동구 대전 동구 자양동 112-5,verified,false,
오랑1길 육교,대전 서구 대신2길 49,36.311264,127.379756,,,,,failed,,,not_matched,false,
육교앞,대전 서구 대신2길 49,36.311264,127.379756,,,,,failed,,,not_matched,false,
대전대신고등학교,대전 서구 오량1길 98,36.308959,127.380049,12018595,https://map.naver.com/p/entry/place/12018595,36.3093302,127.3809827,high,대전대신고등학교,대전 서구 오량1길 98 대전 서구 복수동 283-1,verified,false,
다원레스토랑,서울 강서구 공항대로65길 1-5,37.550390,126.867060,18327700,https://map.naver.com/p/entry/place/18327700,37.550449,126.867054,high,다원레스토랑,서울 강서구 공항대로65길 1-5 서울 강서구 염창동 272-8,verified,false,
뱅센느,서울 서대문구 연희로11길 41,37.568242,126.929206,13119742,https://map.naver.com/p/entry/place/13119742,37.5683333,126.9292,high,뱅센느,서울 서대문구 연희로11길 41 뱅센느 서울 서대문구 연희동 129-1,verified,false,
대포막창,서울 마포구 양화로6길 57-5,37.548945,126.917471,1019592431,https://map.naver.com/p/entry/place/1019592431,37.5489074,126.917508,high,대포막창,서울 마포구 양화로6길 57-5 서울 마포구 서교동 396-58,verified,false,
서울마리나뒤쪽,서울 영등포구 여의도동 81-10,37.535716,126.911166,,,,,failed,,,not_matched,false,
글래드여의도,서울 영등포구 의사당대로 16,37.527409,126.917265,35877451,https://map.naver.com/p/entry/place/35877451,37.5275159,126.9173126,high,글래드 여의도,서울 영등포구 의사당대로 16 서울 영등포구 여의도동 17-5,verified,false,
미켈레커피 여의도점,서울 영등포구 의사당대로 38,37.526108,126.918710,1181507992,https://map.naver.com/p/entry/place/1181507992,37.5253687,126.9191593,high,미켈레커피 여의도점,서울 영등포구 의사당대로 38 더샵아일랜드파크 101동 107~108호 미켈레커피 서울 영등포구 여의도동 17,verified,false,
여의도일대&마포대교,서울 영등포구 여의도동 85-2,37.532429,126.935734,18999832,https://map.naver.com/p/entry/place/18999832,37.5340684,126.9375033,mid,마포대교,서울 영등포구 여의도동,verified,false,
여의도순복음교회 제2교육관,서울 영등포구 국회대로76길 25,37.530100,126.923668,19000203,https://map.naver.com/p/entry/place/19000203,37.5300641,126.9236778,high,여의도순복음교회제2교육관빌딩,서울 영등포구 국회대로76길 25 서울 영등포구 여의도동 11-17,verified,false,
엄마손감자탕,서울 영등포구 은행로 3,37.527512,126.919666,32355161,https://map.naver.com/p/entry/place/32355161,37.5275014,126.919576,high,엄마손감자탕,서울 영등포구 은행로 3 익스콘벤처빌딩 B103호 서울 영등포구 여의도동 15-24,verified,false,
국회앞 지하보도,서울 영등포구 은행로 14,37.527122,126.920832,1047792239,https://map.naver.com/p/entry/place/1047792239,37.5259912,126.919157,mid,여의도국회앞지하보도 지하1층 대피소,서울 영등포구 의사당대로 38 서울 영등포구 여의도동 17,verified,false,
정우빌딩앞,서울 영등포구 은행로 29,37.529082,126.921889,,,,,failed,,,not_matched,false,
한국수출입은행본점 옆,서울 영등포구 은행로 38,37.528637,126.923399,,,,,failed,,,not_matched,false,
백원,서울 영등포구 여의공원로 101,37.529272,126.924893,34678208,https://map.naver.com/p/entry/place/34678208,37.5292503,126.9249077,mid,백원중식당,서울 영등포구 여의공원로 101 CCMM빌딩 12F 서울 영등포구 여의도동 12,verified,false,
여의공원로,서울 영등포구 여의공원로 111,37.529797,126.925781,,,,,failed,,,not_matched,false,
대오빌딩앞,서울 영등포구 여의나루로 53-1,37.522702,126.924994,,,,,failed,,,not_matched,false,
여의주,서울 영등포구 국제금융로6길 33,37.520791,126.926912,18583585,https://map.naver.com/p/entry/place/18583585,37.5207631,126.9269444,high,여의주,서울 영등포구 국제금융로6길 33 여의도백화점 B1 서울 영등포구 여의도동 36-2,verified,false,
리버타워 맞은편,서울 영등포구 63로 36,37.519421,126.938610,,,,,failed,,,not_matched,false,
장미의집,서울 영등포구 국제금융로7길 32,37.523309,126.933882,18581814,https://map.naver.com/p/entry/place/18581814,37.5238899,126.934014,high,장미의집,서울 영등포구 국제금융로7길 32 상가 2층 서울 영등포구 여의도동 40,verified,false,
여의도따로국밥,서울 영등포구 여의대방로69길 28,37.521399,126.930233,19882405,https://map.naver.com/p/entry/place/19882405,37.5214737,126.9301308,high,여의도따로국밥,서울 영등포구 여의대방로69길 28 유성빌딩 서울 영등포구 여의도동 43-1,verified,false,
서글렁탕,서울 영등포구 여의대방로 394,37.519391,126.932766,11678468,https://map.naver.com/p/entry/place/11678468,37.519423,126.932988,high,서글렁탕,서울 영등포구 여의대방로 394 우정빌딩 서울 영등포구 여의도동 53,verified,false,
여의도한강공원(오리배),서울 영등포구 여의동로 252,37.522837,126.941575,18999096,https://map.naver.com/p/entry/place/18999096,37.5229462,126.9414949,high,여의도한강공원오리배타는곳,서울 영등포구 여의도동 여의동로 252 서울 영등포구 여의도동 86,verified,false,
덕원,서울 영등포구 버드나루로6길 6,37.522294,126.912035,430541247,https://map.naver.com/p/entry/place/430541247,37.2352361,127.1996823,low,덕원,경기 용인시 처인구 금령로27번길 6-6 경기 용인시 처인구 김량장동 323-13,verified,false,
한강대교 아래,서울 용산구 이촌동 376,37.521176,126.960181,18726054,https://map.naver.com/p/entry/place/18726054,37.5175183,126.9588201,mid,한강대교,서울 용산구 이촌동,verified,false,
서호교 아래,서울 용산구 이촌동 321-1,37.527948,126.952434,,,,,failed,,,not_matched,false,
이촌한강공원,서울 용산구 이촌동 389-1,37.523923,126.954094,1968177148,https://map.naver.com/p/entry/place/1968177148,37.5219923,126.9574987,mid,이촌 한강공원 농구장,서울 용산구 이촌동,verified,false,
홍돈 용산점,서울 용산구 원효로2가 93-3,37.534583,126.961050,11726453,https://map.naver.com/p/entry/place/11726453,37.5345989,126.9610795,mid,홍돈 용산,서울 용산구 원효로2가 93-3,verified,false,
서울스퀘어,서울 중구 한강대로 416,37.555504,126.973751,18025073,https://map.naver.com/p/entry/place/18025073,37.555778,126.9736722,high,서울스퀘어,서울 중구 한강대로 416 서울스퀘어 서울 중구 남대문로5가 541,verified,false,
남대문시장 E동,서울 중구 남대문시장4길 21,37.559186,126.977654,,,,,failed,,,not_matched,false,
남대문시장2길,서울 중구 남창동 51-8,37.559119,126.976516,,,,,failed,,,not_matched,false,
명동예술극장,서울 중구 명동길 35,37.564041,126.984202,13097297,https://map.naver.com/p/entry/place/13097297,37.563906,126.9842803,high,국립극단 명동예술극장,서울 중구 명동길 35 서울 중구 명동1가 54,verified,false,
로얄호텔서울,서울 중구 명동길 61,37.564386,126.985864,1908598567,https://map.naver.com/p/entry/place/1908598567,37.564289,126.9856145,high,로얄호텔서울,서울 중구 명동길 61 서울 중구 명동1가 6-3,verified,false,
약현성당,서울 중구 청파로 447-1,37.559193,126.966980,1003653399,https://map.naver.com/p/entry/place/1003653399,37.5591524,126.9675093,high,중림동약현성당,서울 중구 청파로 447-1 서울 중구 중림동 149-2,verified,false,
설가온,서울 종로구 세종대로 175,37.571848,126.976168,36444929,https://map.naver.com/p/entry/place/36444929,37.5726222,126.9759463,high,설가온,서울 종로구 세종대로 175 세종문화회관 지하1층 설가온 서울 종로구 세종로 81-3,verified,false,
노들집,서울 종로구 돈화문로11다길 14,37.572979,126.990765,35831942,https://map.naver.com/p/entry/place/35831942,37.5729833,126.9907723,high,노들집,서울 종로구 돈화문로11다길 14 서울 종로구 돈의동 9,verified,false,
경성의복,서울 종로구 삼일대로30길 56,37.574335,126.990804,1975804748,https://map.naver.com/p/entry/place/1975804748,37.6830692,126.7570806,low,경성의복,경기 고양시 일산서구 웅비로 4-15 1층 경기 고양시 일산서구 대화동 2028-10,verified,false,
종로,서울 종로구 종로 146-1,37.570242,126.993809,1336489945,https://map.naver.com/p/entry/place/1336489945,37.572733,126.990395,mid,뉴욕포차 종로,서울 종로구 돈화문로11길 18 2층 서울 종로구 돈의동 44-1,verified,false,
종로24길,서울 종로구 종로 150,37.570253,126.994235,,,,,failed,,,not_matched,false,
남도식당,서울 종로구 수표로20길 18,37.569883,126.990462,1196432181,https://map.naver.com/p/entry/place/1196432181,37.5698586,126.9904292,high,남도식당,서울 종로구 수표로20길 18 서울 종로구 관수동 38-2,verified,false,
서울보증보험,서울 종로구 김상옥로 29,37.573646,127.000602,1765093211,https://map.naver.com/p/entry/place/1765093211,37.573686,127.0007739,high,서울보증보험빌딩,서울 종로구 김상옥로 29 서울 종로구 연지동 136-74,verified,false,
자하문로2길,서울 종로구 통의동 37-4,37.576557,126.972822,,,,,failed,,,not_matched,false,
윤보선길,서울 종로구 윤보선길 21,37.576978,126.983938,,,,,failed,,,not_matched,false,
이화벽화마을,서울 종로구 율곡로19길 68-48,37.577372,127.007872,13519224,https://map.naver.com/p/entry/place/13519224,37.5780674,127.0071351,mid,이화마을,서울 종로구 이화장길 70-11 서울 종로구 동숭동 199-10,verified,false,
딱지치기,서울 종로구 대학로 127-6,37.582599,127.001337,11480529,https://map.naver.com/p/entry/place/11480529,37.5826032,127.001341,high,딱지치기,서울 종로구 대학로 127-6 1층딱지치기 서울 종로구 명륜4가 28-2,verified,false,
해바라기어린이공원,서울 노원구 하계동 277,37.634864,127.071286,18642251,https://map.naver.com/p/entry/place/18642251,37.6348296,127.0714979,high,해바라기어린이공원,서울 노원구 하계동,verified,false,
성덕정17길,서울 성동구 성덕정17길 8-1,37.538039,127.055354,,,,,failed,,,not_matched,false,
밤과음악사이건대입구점,서울 광진구 아차산로 235,37.540613,127.069530,37691346,https://map.naver.com/p/entry/place/37691346,37.5406156,127.0695398,high,밤과음악사이건대입구점,서울 광진구 아차산로 235 지하1층 서울 광진구 화양동 7-12,verified,false,
더리버사이드호텔,서울 서초구 강남대로107길 6,37.518569,127.018084,13325006,https://map.naver.com/p/entry/place/13325006,37.5187346,127.0180824,high,더 리버사이드 호텔,서울 서초구 강남대로107길 6 서울 서초구 잠원동 6-1,verified,false,
붓처스컷 도산,서울 강남구 언주로 837,37.525255,127.032753,1729721060,https://map.naver.com/p/entry/place/1729721060,37.5252554,127.0327528,mid,붓처스컷 도산점,"서울 강남구 언주로 837 지하 1, 지상1,2층 서울 강남구 신사동 623-4",verified,false,
로리스 더 프라임 립,서울 서초구 서초대로 411,37.498108,127.025923,33562781,https://map.naver.com/p/entry/place/33562781,37.4982546,127.0260065,high,로리스 더 프라임 립,서울 서초구 서초대로 411 GT TOWER 3층 서울 서초구 서초동 1317-23,verified,false,
동화마을슈퍼,인천 제물포구 자유공원로 101,37.477769,126.622773,19407292,https://map.naver.com/p/entry/place/19407292,37.4777664,126.6227799,high,동화마을슈퍼,인천 제물포구 자유공원로 103 인천 제물포구 송월동3가 3-142,verified,false,
장천리보도육교,인천 제물포구 유동 3-25,37.470308,126.638953,,,,,failed,,,not_matched,false,
양주장례문화원,경기 양주시 평화로1357번길 8,37.812501,127.044545,18087579,https://map.naver.com/p/entry/place/18087579,37.8125093,127.0445393,high,양주장례문화원,경기 양주시 평화로1357번길 8 경기 양주시 덕계동 723,verified,false,
의정부시외버스터미널,경기 의정부시 동일로 640,37.745212,127.055078,13034103,https://map.naver.com/p/entry/place/13034103,37.7450762,127.0551374,high,의정부시외버스터미널,경기 의정부시 동일로 640 경기 의정부시 금오동 369-21,verified,false,
두원공과대학교,경기 파주시 파주읍 주라위길 159,37.816901,126.800710,19177839,https://map.naver.com/p/entry/place/19177839,37.8157699,126.8016829,high,두원공과대학교 파주캠퍼스,경기 파주시 파주읍 주라위길 159 두원공과대학 경기 파주시 파주읍 봉암리 214-20,verified,false,
용상사,경기 파주시 월롱면 용상골길 403,37.798224,126.766278,12215861,https://map.naver.com/p/entry/place/12215861,37.7982233,126.7662457,high,용상사,"경기 파주시 월롱면 용상골길 403 (덕은리, 268-1) 월롱산 용상사 경기 파주시 월롱면 덕은리 268-1 덕은리, 268-1 월롱산 용상사",verified,false,
금촌동골목,경기 파주시 황골로 46-7,37.754932,126.774088,,,,,failed,,,not_matched,false,
장촌공원,경기 고양시 일산서구 중앙로 1525,37.674020,126.751507,19058785,https://map.naver.com/p/entry/place/19058785,37.6733951,126.7524404,high,장촌공원,경기 고양시 일산서구 중앙로 1525 경기 고양시 일산서구 대화동 2241,verified,false,
법원공무원교육원,경기 고양시 일산동구 호수로 523,37.649036,126.771122,11643070,https://map.naver.com/p/entry/place/11643070,37.6491392,126.7713439,high,법원공무원교육원,경기 고양시 일산동구 호수로 523 법원공무원교육원청사 경기 고양시 일산동구 장항동 904,verified,false,
바람개비 레스토랑,경기 고양시 덕양구 동헌로9번길 8,37.704898,126.859169,1784836203,https://map.naver.com/p/entry/place/1784836203,37.7048951,126.8591916,high,바람개비 레스토랑,경기 고양시 덕양구 동헌로9번길 8 경기 고양시 덕양구 관산동 539-1,verified,false,
상동아크로텔오피스텔,경기 부천시 원미구 부일로205번길 54,37.490834,126.753631,19258115,https://map.naver.com/p/entry/place/19258115,37.4908939,126.7535892,high,상동아크로텔,경기 부천시 원미구 부일로205번길 54 경기 부천시 원미구 상동 402-1,verified,false,
협동산업공단,경기 남양주시 의안로260번길 46-18,37.649026,127.247822,1626105668,https://map.naver.com/p/entry/place/1626105668,36.7346215,127.4214816,low,오창협동화공단,충북 청주시 청원구 두릉유리로 796-26 충북 청주시 청원구 오창읍 성산리 27-1,verified,false,
캔모아 용인점,경기 용인시 처인구 금령로 99,37.235743,127.207486,11712472,https://map.naver.com/p/entry/place/11712472,37.2357631,127.2074153,high,캔모아 용인점,경기 용인시 처인구 금령로 99 경기 용인시 처인구 김량장동 130-6,verified,false,
책마을 광주점,경기 광주시 중앙로145번길 25,37.412380,127.254569,38427490,https://map.naver.com/p/entry/place/38427490,37.4123296,127.2544666,high,책마을광주점,경기 광주시 중앙로145번길 25 경기 광주시 경안동 83-10,verified,false,
서정리장례식장,경기 평택시 정암로 78-14,37.055151,127.063528,1992752188,https://map.naver.com/p/entry/place/1992752188,37.0550507,127.0626823,high,서정리장례식장,경기 평택시 정암로 78-14 경기 평택시 이충동 410,verified,false,
한라생활공조관,대전 대덕구 대덕대로1448번길 70,36.444473,127.409122,,,,,failed,,,not_matched,false,
진복식당,전북 부안군 줄포면 줄포중앙로 62,35.591305,126.679158,2073113983,https://map.naver.com/p/entry/place/2073113983,35.591309,126.6791599,high,진복식당,전북 부안군 줄포면 줄포중앙로 62 진복식당 전북 부안군 줄포면 줄포리 382-14,verified,false,
블루쇼 파스타 연남,서울 마포구 성미산로23길 46,37.565352,126.920512,1642547181,https://map.naver.com/p/entry/place/1642547181,37.5653576,126.9205056,high,블루쇼파스타 연남,서울 마포구 성미산로23길 46 1층 서울 마포구 연남동 246-4,verified,false,
명륜진사갈비 마포성산점,서울 마포구 성미산로 4,37.558003,126.908916,1157418204,https://map.naver.com/p/entry/place/1157418204,37.5580011,126.9089096,high,명륜진사갈비 마포성산점,서울 마포구 성미산로 4 1층 서울 마포구 성산동 292-2,verified,false,
서울역11번출구 정류장,서울 용산구 동자동 12-1,37.553606,126.973790,,,,,failed,,,not_matched,false,
세종대로12길,서울 중구 태평로2가 71,37.561872,126.976668,,,,,failed,,,not_matched,false,
서대문역 주변,서울 종로구 송월길 99,37.570861,126.962352,,,,,failed,,,not_matched,false,
광화문 주변,서울 종로구 사직로 161,37.575904,126.976842,,,,,failed,,,not_matched,false,
이디야 낙원동점앞,서울 종로구 삼일대로 436-1,37.573602,126.988019,,,,,failed,,,not_matched,false,
삼일대로,서울 종로구 경운동 2-5,37.574948,126.987102,,,,,failed,,,not_matched,false,
서순라길,서울 종로구 서순라길 131,37.576108,126.991379,,,,,failed,,,not_matched,false,
CU 종로가회점,서울 종로구 북촌로 52,37.581540,126.985263,18671250,https://map.naver.com/p/entry/place/18671250,37.5814692,126.9852343,high,CU 종로가회점,서울 종로구 북촌로 52 서울 종로구 가회동 28,verified,false,
바이젠하우스 방배1호점,서울 서초구 동작대로 22,37.478397,126.982203,36717913,https://map.naver.com/p/entry/place/36717913,37.4783977,126.9821542,high,바이젠하우스 방배1호점,서울 서초구 동작대로 22 삼미빌딩 서울 서초구 방배동 443-5,verified,false,
모던눌랑 센트럴시티점,서울 서초구 사평대로 205,37.504492,127.007845,37086581,https://map.naver.com/p/entry/place/37086581,37.5040494,127.0068044,high,모던눌랑 센트럴시티점,서울 서초구 사평대로 205 서울 서초구 반포동 118-3,verified,false,
아니다파르크,서울 강남구 선릉로 629,37.512706,127.042601,1106927754,https://map.naver.com/p/entry/place/1106927754,37.5127069,127.0427338,high,아니다파르크,서울 강남구 선릉로 629 A동 1층 서울 강남구 논현동 267-15,verified,false,
준오헤어 문정역테라타워점,서울 송파구 송파대로 201,37.487739,127.120686,1683573292,https://map.naver.com/p/entry/place/1683573292,37.487968,127.1207485,high,준오헤어 문정역테라타워점,"서울 송파구 송파대로 201 송파테라타워2 B동 2층 201호, 202 서울 송파구 문정동 642",verified,false,
멜랑말랑 범계,경기 안양시 동안구 평촌대로217번길 25,37.390438,126.954462,1937935306,https://map.naver.com/p/entry/place/1937935306,37.3904884,126.9543772,high,멜랑말랑 범계,경기 안양시 동안구 평촌대로217번길 25 지하1층 경기 안양시 동안구 호계동 1049-2,verified,false,
써브웨이 서판교점,경기 성남시 분당구 운중로 142,37.391230,127.078835,1786616997,https://map.naver.com/p/entry/place/1786616997,37.3913238,127.0787409,high,써브웨이 서판교점,경기 성남시 분당구 운중로 142 경기 성남시 분당구 운중동 940,verified,false,
삼거마을 삼성래미안1차,경기 용인시 기흥구 마북동 629,37.299042,127.111543,19296524,https://map.naver.com/p/entry/place/19296524,37.2989749,127.1094999,high,삼거마을삼성래미안1차아파트후문,경기 용인시 기흥구 마북동,verified,false,
용인 동백호수공원,경기 용인시 기흥구 중동,37.268293,127.158732,1366621893,https://map.naver.com/p/entry/place/1366621893,37.2750983,127.150387,mid,동백호수공원,경기 용인시 기흥구 중동,verified,false,
용인세브란스병원,경기 용인시 기흥구 동백죽전대로 363,37.270775,127.148187,1044850374,https://map.naver.com/p/entry/place/1044850374,37.2708875,127.1482161,high,용인세브란스병원본관,경기 용인시 기흥구 동백죽전대로 363 경기 용인시 기흥구 중동 1151,verified,false,
헤이더그린,서울 강서구 대장로 58,37.542451,126.794225,1818927143,https://map.naver.com/p/entry/place/1818927143,37.542469,126.7942684,high,헤이더그린,서울 강서구 대장로 58 서울 강서구 오쇠동 115-11,verified,false,
다이어메이커 상암,서울 마포구 성암로13길 25,37.576982,126.896967,1389610786,https://map.naver.com/p/entry/place/1389610786,37.5769439,126.8970946,high,다이어메이커 상암,서울 마포구 성암로13길 25 1층 101호 서울 마포구 상암동 1293,verified,false,
동교로29길,서울 마포구 동교로39길 11,37.561702,126.923615,,,,,failed,,,not_matched,false,
키스튜디오,서울 서대문구 연희로26나길 4-9,37.573334,126.937543,1287247688,https://map.naver.com/p/entry/place/1287247688,37.5733485,126.937562,high,키스튜디오,서울 서대문구 연희로26나길 4-9 서울 서대문구 연희동 73-16,verified,false,
NGT빌딩,서울 마포구 양화로3길 73,37.552178,126.910678,1270693434,https://map.naver.com/p/entry/place/1270693434,37.552212,126.9106711,high,NGT빌딩,서울 마포구 양화로3길 73 서울 마포구 합정동 429-17,verified,false,
NGT빌딩 옆골목,서울 마포구 합정동 429-66,37.552073,126.910519,,,,,failed,,,not_matched,false,
제일크리닝,서울 마포구 월드컵북로7길 52,37.557748,126.915261,666252158,https://map.naver.com/p/entry/place/666252158,37.4846354,126.9522447,low,제일크리닝,서울 관악구 중앙길 45 서울 관악구 봉천동 49-11,verified,false,
성산로22길,서울 서대문구 창천동 89-19,37.560172,126.933821,,,,,failed,,,not_matched,false,
여의도한강공원,서울 영등포구 여의서로 62,37.531865,126.923225,1938938473,https://map.naver.com/p/entry/place/1938938473,37.5320778,126.923212,mid,여의도한강공원 배달존4,서울 영등포구 서울 영등포구 여의도동,verified,false,
여의도한강공원,서울 영등포구 여의도동 85,37.525213,126.936318,36339482,https://map.naver.com/p/entry/place/36339482,37.5246025,126.9369476,high,여의도한강공원자전거대여소,서울 영등포구 여의도동 85,verified,false,
콘래드호텔,서울 영등포구 국제금융로 10,37.525178,126.924877,21202909,https://map.naver.com/p/entry/place/21202909,37.5255723,126.9266143,mid,콘래드 서울 호텔,서울 영등포구 국제금융로 10 서울 국제금융 센터 서울 영등포구 여의도동 23,verified,false,
남산공원길,서울 중구 예장동 산 5-6,37.553948,126.989914,,,,,failed,,,not_matched,false,
충현슈퍼 앞,서울 중구 동호로17길 105,37.554305,127.005092,,,,,failed,,,not_matched,false,
백범광장,서울 중구 남창동 205-4,37.555678,126.977501,1823335987,https://map.naver.com/p/entry/place/1823335987,37.5559307,126.9771657,high,백범광장,서울 중구 남창동,verified,false,
혜화경찰서,서울 종로구 창경궁로 112-16,37.571768,126.999273,37308573,https://map.naver.com/p/entry/place/37308573,37.5725354,126.9985028,mid,GS25 혜화경찰서점,서울 종로구 창경궁로 112-11 재림빌딩 서울 종로구 인의동 28-36,verified,false,
감고당길 + 윤보선길,서울 종로구 안국동 177-1,37.577327,126.982752,,,,,failed,,,not_matched,false,
보뜨 플라워앞,서울 종로구 윤보선길 28,37.577352,126.983976,,,,,failed,,,not_matched,false,
소허당앞,서울 종로구 윤보선길 51,37.578308,126.983414,,,,,failed,,,not_matched,false,
삼청로2길,서울 종로구 삼청로2길 37-1,37.580089,126.981369,,,,,failed,,,not_matched,false,
북촌로5길,서울 종로구 북촌로5길 78,37.580079,126.980669,,,,,failed,,,not_matched,false,
팔판길,서울 종로구 팔판길 1-14,37.582734,126.980368,,,,,failed,,,not_matched,false,
북촌로12길,서울 종로구 북촌로12길 24-1,37.582438,126.985847,,,,,failed,,,not_matched,false,
창덕궁길,서울 종로구 창덕궁길 45,37.579553,126.989150,,,,,failed,,,not_matched,false,
볼링장 정류장,서울 종로구 창덕궁1길 13,37.579111,126.988428,,,,,failed,,,not_matched,false,
하우애니,서울 종로구 계동길 73-1,37.580561,126.986689,37775838,https://map.naver.com/p/entry/place/37775838,37.5805652,126.9867002,high,하우애니,서울 종로구 계동길 73-1 1층 하우애니 서울 종로구 계동 78-2,verified,false,
왕짱구식당,서울 종로구 계동길 83,37.581091,126.986679,13391023,https://map.naver.com/p/entry/place/13391023,37.8769402,127.7357684,low,왕짱구,강원 춘천시 춘천로 195 1층 왕짱구 강원 춘천시 효자동 641-3,verified,false,
수연홈마트,서울 종로구 계동길 99,37.581700,126.986628,1570926418,https://map.naver.com/p/entry/place/1570926418,37.5817718,126.986728,high,수연홈마트,서울 종로구 계동길 99 서울 종로구 계동 65-1,verified,false,
풍년식품 앞,서울 종로구 창덕궁길 127,37.582885,126.988875,,,,,failed,,,not_matched,false,
창덕궁로5길,서울 종로구 창덕궁5길 9,37.583359,126.989108,,,,,failed,,,not_matched,false,
궁중음식연구원,서울 종로구 창덕궁5길 16,37.583614,126.989222,12844159,https://map.naver.com/p/entry/place/12844159,37.5836208,126.9892652,high,궁중음식연구원,서울 종로구 창덕궁5길 16 조선왕조궁중음식전수관 서울 종로구 원서동 34,verified,false,
라파지블,서울 종로구 옥인3길 2,37.581051,126.966409,37609752,https://map.naver.com/p/entry/place/37609752,37.5810403,126.9664558,high,라파지블,서울 종로구 옥인3길 2 La Paisible 서울 종로구 누상동 16-3,verified,false,
윤동주문학관잎,서울 종로구 창의문로 119,37.592097,126.967069,,,,,failed,,,not_matched,false,
한양도성 백악구간(와룡공원쪽),서울 종로구 삼청동,37.584998,126.981758,,,,,failed,,,not_matched,false,
북악산,서울 종로구 삼청동 산 2-27,37.590802,126.976954,13491526,https://map.naver.com/p/entry/place/13491526,37.5929992,126.9737295,mid,북악산,서울 종로구 부암동,verified,false,
한국문예회관 골목,서울 종로구 대학로8길 7,37.581186,127.003000,,,,,failed,,,not_matched,false,
낙산길,서울 종로구 동숭동 50-134,37.579152,127.006857,,,,,failed,,,not_matched,false,
마로화적,서울 종로구 성균관로16길 5,37.589718,126.998558,1331146467,https://map.naver.com/p/entry/place/1331146467,37.5897226,126.9985699,high,마로화적,서울 종로구 성균관로16길 5 서울 종로구 명륜1가 31-7,verified,false,
신전떡볶이 회기점,서울 동대문구 회기로16길 4,37.591145,127.051432,1093008578,https://map.naver.com/p/entry/place/1093008578,37.5911579,127.0514724,high,신전떡볶이 회기점,서울 동대문구 회기로16길 4 1층 신전떡볶이 회기점 서울 동대문구 회기동 105-15,verified,false,
삼선교로4길,서울 성북구 삼선교로4길 63,37.584913,127.007276,,,,,failed,,,not_matched,false,
구포국수앞,서울 성북구 성북로12길 2,37.592684,127.002653,,,,,failed,,,not_matched,false,
오동근린공원(월곡산),서울 성북구 상월곡동 산 1-1,37.609858,127.044371,,,,,failed,,,not_matched,false,
삼양로141길(1),서울 강북구 삼양로141길 14,37.650233,127.012397,,,,,failed,,,not_matched,false,
우이동 주택,서울 강북구 삼양로141길 30,37.650024,127.011463,1091771317,https://map.naver.com/p/entry/place/1091771317,37.6613852,127.0129583,low,동광주택,서울 강북구 삼양로169길 6-4 서울 강북구 우이동 21-37,verified,false,
삼양로141길(2),서울 강북구 삼양로141길 55,37.649097,127.011049,,,,,failed,,,not_matched,false,
서울과학기술대학교 무궁관,서울 노원구 노원로 75,37.628607,127.083018,18641281,https://map.naver.com/p/entry/place/18641281,37.6306361,127.0814755,mid,서울과학기술대학교무궁관,서울 노원구 공릉로 232 서울 노원구 공릉동 172,verified,false,
건영스파밸리,서울 노원구 섬밭로 258,37.639110,127.064915,11677855,https://map.naver.com/p/entry/place/11677855,37.6388763,127.0648461,high,건영스파밸리,서울 노원구 섬밭로 258 건영백화점 7층 서울 노원구 중계동 506-1,verified,false,
고반식당 수락산점,서울 노원구 동일로242길 66,37.674334,127.058770,,,,,failed,,,not_matched,false,
메가박스 성수,서울 성동구 왕십리로 50,37.541900,127.044976,2084553165,https://map.naver.com/p/entry/place/2084553165,37.5418864,127.0449128,mid,PINK AREA: 메가박스 성수,서울 성동구 왕십리로 50 서울 성동구 성수동1가 656-335,verified,false,
서래섬,서울 서초구 반포동 137-41,,,11491893,https://map.naver.com/p/entry/place/11491893,37.5078864,126.989497,mid,서래섬,서울 서초구 반포동,verified,false,
보위그,서울 서초구 양재천로31길 1,37.480073,127.043157,1102412967,https://map.naver.com/p/entry/place/1102412967,37.4801008,127.0432035,high,보위그,서울 서초구 양재천로31길 1 보위그 애견유치원 서울 서초구 양재동 86-5,verified,false,
마제스티 타바론 티 라운지,서울 강남구 도산대로 327,37.523120,127.037599,,,,,failed,,,not_matched,false,
개포로116길,서울 강남구 개포로116길 19,37.493025,127.081850,,,,,failed,,,not_matched,false,
"중동빌딩, 마루공원 주차장앞",서울 강남구 개포로 638,37.494351,127.082380,,,,,failed,,,not_matched,false,
동막해수욕장,인천 강화군 화도면 동막리 7-3,37.593263,126.456610,1613557688,https://map.naver.com/p/entry/place/1613557688,37.5939671,126.4560517,high,동막해수욕장 모텔 그린,인천 강화군 화도면 해안남로 1502 인천 강화군 화도면 동막리 61-2,verified,false,
인하대학교 하이데거의숲,인천 미추홀구 소성로 71,37.447533,126.659507,20605498,https://map.naver.com/p/entry/place/20605498,37.4483226,126.6551175,mid,인하대학교용현캠퍼스하이데거의숲,인천 미추홀구 소성로 71 인천 미추홀구 학익동 336-1,verified,false,
투썸플레이스 송도센트럴파크점,인천 연수구 센트럴로 194 A동,37.393786,126.641874,34168925,https://map.naver.com/p/entry/place/34168925,37.3923296,126.6456761,mid,투썸플레이스 송도센트럴파크점,"인천 연수구 컨벤시아대로 126 1층 116호, 117호 인천 연수구 송도동 22-22",verified,false,
조선왕가,경기 연천군 연천읍 현문로 339-10,38.063551,127.101477,1759788784,https://map.naver.com/p/entry/place/1759788784,38.0635452,127.101457,high,조선왕가,경기 연천군 연천읍 현문로 339-10 조선왕가 경기 연천군 연천읍 고문리 420-1,verified,false,
문화극장,경기 동두천시 동광로 66,37.908301,127.055819,18985766,https://map.naver.com/p/entry/place/18985766,37.9083406,127.0557359,high,문화극장,경기 동두천시 동광로 66 경기 동두천시 생연동 616-2,verified,false,
금강헬스,경기 의정부시 흥선로 92,37.742440,127.036939,19238571,https://map.naver.com/p/entry/place/19238571,37.7424496,127.0369207,mid,금강남녀헬스,경기 의정부시 흥선로 92 경기 의정부시 가능동 743-20,verified,false,
만화속으로,경기 의정부시 평화로542번길 7,37.740528,127.048005,32350091,https://map.naver.com/p/entry/place/32350091,37.740512,127.0480309,high,만화속으로,경기 의정부시 평화로542번길 7 경기 의정부시 의정부동 198-7,verified,false,
아나키아,경기 의정부시 잔돌길 22,37.728518,127.113721,1630613493,https://map.naver.com/p/entry/place/1630613493,37.7285343,127.1137231,high,아나키아,경기 의정부시 잔돌길 22 경기 의정부시 산곡동 668,verified,false,
고양체육관 수영장,경기 고양시 일산서구 중앙로 1601,37.676387,126.742073,20601912,https://map.naver.com/p/entry/place/20601912,37.6741493,126.7414917,high,고양체육관수영장,경기 고양시 일산서구 중앙로 1601 경기 고양시 일산서구 대화동 2320,verified,false,
세븐일레븐 대화새말공원점,경기 고양시 일산서구 일산로636번길 37-33,37.683837,126.758361,363461588,https://map.naver.com/p/entry/place/363461588,37.6838962,126.7583904,high,세븐일레븐 대화새말공원점,경기 고양시 일산서구 일산로636번길 37-33 대화동 경기 고양시 일산서구 2015,verified,false,
일산로636번길,경기 고양시 일산서구 일산로636번길 37-7,37.683381,126.759388,,,,,failed,,,not_matched,false,
청아체육관,경기 고양시 일산동구 은마길79번길 73,37.717143,126.804172,1295322107,https://map.naver.com/p/entry/place/1295322107,37.7171425,126.8041714,high,청아체육관,경기 고양시 일산동구 은마길79번길 73 경기 고양시 일산동구 설문동 530-100,verified,false,
소노캄고양,경기 고양시 일산동구 태극로 20,37.661926,126.750808,31403330,https://map.naver.com/p/entry/place/31403330,37.6619267,126.7507528,high,소노캄 고양,경기 고양시 일산동구 태극로 20 소노캄 고양 경기 고양시 일산동구 장항동 1756,verified,false,
능안어린이공원,경기 고양시 일산동구 마두동 958,37.659918,126.783307,18781494,https://map.naver.com/p/entry/place/18781494,37.4544062,127.0656634,low,능안어린이공원,서울 서초구 내곡동,verified,false,
수정부동산,경기 고양시 일산동구 일산로372번길 63,37.669624,126.785298,1637833929,https://map.naver.com/p/entry/place/1637833929,36.1051929,128.4263247,low,수정부동산,경북 구미시 여헌로 40-13 경북 구미시 인의동 1023,verified,false,
한담,경기 고양시 일산동구 백석로71번길 20-3,37.647727,126.785217,1306408691,https://map.naver.com/p/entry/place/1306408691,37.6477315,126.7852441,high,한담,경기 고양시 일산동구 백석로71번길 20-3 1층 경기 고양시 일산동구 백석동 1208-3,verified,false,
문수골힐링캠핑장,경기 김포시 월곶면 문수산로 104-107,37.740537,126.535323,,,,,failed,,,not_matched,false,
경기미래교육 양평캠퍼스,경기 양평군 용문면 연수로 209,37.499530,127.575604,12830894,https://map.naver.com/p/entry/place/12830894,37.4986399,127.576787,high,경기미래교육 양평캠퍼스,경기 양평군 용문면 연수로 209 경기 양평군 용문면 다문리 453-8,verified,false,
더블트리 바이 힐튼 서울 판교 닉스,경기 성남시 분당구 백현로 26,37.380365,127.104382,1123940342,https://map.naver.com/p/entry/place/1123940342,37.3804631,127.1040291,mid,더블트리 바이 힐튼 서울 판교 루프탑 레스토랑 & 바,경기 성남시 분당구 백현로 26 경기 성남시 분당구 정자동 3-2,verified,false,
고반식당 미금역점,경기 성남시 분당구 성남대로172번길 24,37.350885,127.111507,1406425561,https://map.naver.com/p/entry/place/1406425561,37.350739,127.1116505,high,고반식당 미금역점,경기 성남시 분당구 성남대로172번길 24 1층 115-4호 경기 성남시 분당구 금곡동 150,verified,false,
르디투어 광교,경기 수원시 영통구 웰빙타운로36번길 46-234,37.312120,127.054940,1019428259,https://map.naver.com/p/entry/place/1019428259,37.3121419,127.0549605,high,르디투어 광교,경기 수원시 영통구 웰빙타운로36번길 46-234 1~3층 경기 수원시 영통구 이의동 1222-2,verified,false,
아너스톤,경기 용인시 처인구 모현읍 새래로 158-33,37.298748,127.254984,1159967083,https://map.naver.com/p/entry/place/1159967083,37.298113,127.2547113,high,아너스톤 봉안당,경기 용인시 처인구 모현읍 새래로 158-33 아너스톤 봉안당 경기 용인시 처인구 모현읍 초부리 692-2,verified,false,
빌라드파넬,경기 용인시 처인구 백암면 박곡로 192,37.174571,127.395702,1003773037,https://map.naver.com/p/entry/place/1003773037,37.1745712,127.3957022,high,빌라드파넬,경기 용인시 처인구 백암면 박곡로 192 경기 용인시 처인구 백암면 박곡리 379-1,verified,false,
석남사,경기 안성시 금광면 상촌새말길 3-120,36.939802,127.307124,11663928,https://map.naver.com/p/entry/place/11663928,36.9399309,127.306529,high,석남사,경기 안성시 금광면 상촌새말길 3-120 경기 안성시 금광면 상중리 508,verified,false,
송지호해수욕장,강원 고성군 죽왕면 심층수길 49,38.328271,128.527811,13491067,https://map.naver.com/p/entry/place/13491067,38.330814,128.527875,high,송지호해수욕장,강원 고성군 죽왕면,verified,false,
해변슈퍼,강원 고성군 죽왕면 심층수길 40-3,38.327559,128.528587,1273979325,https://map.naver.com/p/entry/place/1273979325,38.3275306,128.5285352,high,해변슈퍼,강원 고성군 죽왕면 심층수길 40-3 강원 고성군 죽왕면 오호리 29-1,verified,false,
소노펠리체 델피노,강원 고성군 토성면 미시령옛길 1153,38.213116,128.493440,1539283468,https://map.naver.com/p/entry/place/1539283468,38.2093678,128.4967113,mid,소노펠리체 델피노,강원 고성군 토성면 미시령옛길 1153 강원 고성군 토성면 원암리 403-1,verified,false,
설악산소공원,강원 속초시 설악동,38.166461,128.467815,15101407,https://map.naver.com/p/entry/place/15101407,38.1725269,128.4936637,mid,설악산소공원,강원 속초시 설악산로 1055 강원 속초시 설악동 산27,verified,false,
강릉대관령휴게소,강원 강릉시 성산면 영동고속도로 232,37.757332,128.806609,11671395,https://map.naver.com/p/entry/place/11671395,37.7572914,128.8064727,high,강릉대관령휴게소(강릉방향),강원 강릉시 성산면 영동고속도로 232 강원 강릉시 성산면 보광리 151,verified,false,
헌화로,강원 강릉시 강동면 헌화로,37.658759,129.056623,15702641,https://map.naver.com/p/entry/place/15702641,37.6642362,129.0546221,mid,헌화로,강원 강릉시 강동면 심곡리,verified,false,
구와우마을,강원 태백시 구와우길 38-20,37.206921,128.989700,13548365,https://map.naver.com/p/entry/place/13548365,37.2081429,128.9875125,mid,구와우마을,강원 태백시 황지동 287-22,verified,false,
내수국민체육센터,충북 청주시 청원구 내수읍 청암로 91-4,36.725554,127.540253,17805499,https://map.naver.com/p/entry/place/17805499,36.7255549,127.5402581,high,내수국민체육센터,충북 청주시 청원구 내수읍 청암로 91-4 충북 청주시 청원구 내수읍 학평리 141-28,verified,false,
오송생명로,충북 청주시 흥덕구 오송읍 오송생명로 123,36.635404,127.324632,,,,,failed,,,not_matched,false,
오송프라자,충북 청주시 흥덕구 오송읍 오송생명로 186,36.631115,127.329616,31833847,https://map.naver.com/p/entry/place/31833847,36.6311517,127.3296218,high,오송프라자빌딩,충북 청주시 흥덕구 오송읍 오송생명로 186 충북 청주시 흥덕구 오송읍 연제리 715,verified,false,
청주서부소방서,충북 청주시 흥덕구 가경로 143,36.627264,127.437042,12456162,https://map.naver.com/p/entry/place/12456162,36.62729,127.4369499,high,청주서부소방서,충북 청주시 흥덕구 가경로 143 청주서부소방서 충북 청주시 흥덕구 가경동 1508-2,verified,false,
뒤웅박고을,세종 전동면 배일길 90-43,36.675713,127.259323,13272841,https://map.naver.com/p/entry/place/13272841,36.6757959,127.2589308,mid,뒤웅박고을,세종 전동면 배일길 90-43 세종 전동면 청송리 3,verified,false,
동부로73번길,대전 동구 동부로73번길 108,36.326448,127.458763,,,,,failed,,,not_matched,false,
문충사옆길,대전 동구 동부로85번길 57,36.324703,127.460495,,,,,failed,,,not_matched,false,
용운동 집,대전 동구 새울로91번길 32-3,36.326682,127.459676,,,,,failed,,,not_matched,false,
실비식당,충남 천안시 서북구 쌍용14길 53,36.796803,127.121629,1148509940,https://map.naver.com/p/entry/place/1148509940,37.2265592,126.9721289,low,실비식당,경기 화성시 효행구 효행로 237 1층 일부 경기 화성시 효행구 기안동 335-8,verified,false,
수화림,충남 서산시 해미면 일락골길 368-10,36.724028,126.578917,13007999,https://map.naver.com/p/entry/place/13007999,36.7241173,126.5789875,high,수화림,충남 서산시 해미면 일락골길 368-10 수화림 충남 서산시 해미면 황락리 13-50,verified,false,
월미도테마파크,인천 제물포구 월미문화로 81,37.471461,126.596296,,,,,failed,,,not_matched,false,
스와로브스키,서울 강남구 가로수길 59,37.521890,127.022521,1392486059,https://map.naver.com/p/entry/place/1392486059,37.5254402,127.0359915,mid,카페 스와로브스키,서울 강남구 언주로164길 30 3층 서울 강남구 신사동 647,verified,false,
에이바우트커피 역삼,서울 강남구 논현로 319,37.493786,127.039877,,,,,failed,,,not_matched,false,
로얄라운지,서울 강남구 논현로 709,37.515291,127.029788,1612307192,https://map.naver.com/p/entry/place/1612307192,37.5152862,127.0298074,high,로얄라운지 욕실 쇼룸,서울 강남구 논현로 709 B1 로얄라운지 바스 쇼룸 서울 강남구 논현동 36-8,verified,false,
시몬스갤러리,서울 강남구 논현로 741,37.518006,127.028546,18836411,https://map.naver.com/p/entry/place/18836411,37.5180085,127.0285657,mid,시몬스 직영갤러리 논현점,서울 강남구 논현로 741 서울 강남구 논현동 8-15,verified,false,
파티오나인,서울 강남구 논현로 742,37.518284,127.029223,33534985,https://map.naver.com/p/entry/place/33534985,37.5182879,127.0292407,high,파티오나인,서울 강남구 논현로 742 서울 강남구 논현동 66-24,verified,false,
우리은행버정,서울 강남구 도산대로 513,37.524794,127.049471,,,,,failed,,,not_matched,false,
위드뷰티살롱,서울 강남구 도산대로70길 16,37.522564,127.045129,,,,,failed,,,not_matched,false,
어바웃복싱,서울 강남구 압구정로 336,37.528023,127.038478,37691009,https://map.naver.com/p/entry/place/37691009,37.5280199,127.0385417,high,어바웃복싱,서울 강남구 압구정로 336 지하1층 서울 강남구 신사동 661,verified,false,
글렌페딕,서울 강남구 압구정로50길 14,37.527429,127.037876,,,,,failed,,,not_matched,false,
압구정곱떡,서울 강남구 압구정로50길 28,37.526648,127.037303,,,,,failed,,,not_matched,false,
에이바우트커피 강남대치점,서울 강남구 역삼로 415,37.501289,127.052396,,,,,failed,,,not_matched,false,
멍텅구리,서울 노원구 공릉로51길 14-2,37.628876,127.076382,32424005,https://map.naver.com/p/entry/place/32424005,37.4980394,127.0342995,low,멍텅구리,서울 강남구 논현로85길 47 서울 강남구 역삼동 741-11,verified,false,
하노,서울 마포구 동교로41길 32,37.563782,126.923564,1960563577,https://map.naver.com/p/entry/place/1960563577,37.5637769,126.9235094,high,하노,서울 마포구 동교로41길 32 1층 서울 마포구 연남동 239-44,verified,false,
동아디지털미디어센터옆,서울 마포구 상암동 1708,37.578320,126.893551,,,,,failed,,,not_matched,false,
월드컵파크3단지,서울 마포구 상암동 1731-9,37.573684,126.886743,18807688,https://map.naver.com/p/entry/place/18807688,37.573075,126.8880875,high,월드컵파크3단지삼거리,서울 마포구 상암동,verified,false,
서부면허시험장,서울 마포구 상암동 478-13,37.577573,126.880420,32063793,https://map.naver.com/p/entry/place/32063793,35.6224496,128.0397349,low,서부경남 조종면허 시험장,경남 합천군 봉산면 서부로 4270-8 경남 합천군 봉산면 김봉리 519-8,verified,false,
파쿠모리앞,서울 마포구 어울마당로 132-1,37.555804,126.924804,,,,,failed,,,not_matched,false,
은행골앞,서울 마포구 어울마당로 143-1,37.556561,126.925782,,,,,failed,,,not_matched,false,
땡초,서울 마포구 어울마당로 151,37.556780,126.926616,20733190,https://map.naver.com/p/entry/place/20733190,37.5070697,126.9586773,low,땡초,서울 동작구 흑석로 81 서울 동작구 흑석동 195-17,verified,false,
수노래방럭셔리,서울 마포구 어울마당로 67,37.551157,126.921103,11728400,https://map.naver.com/p/entry/place/11728400,37.5511038,126.921105,low,수노래연습장 럭셔리 홍대점,서울 마포구 어울마당로 67 서울 마포구 서교동 367-39,verified,false,
공룡슈퍼,서울 마포구 와우산로17길 10,37.550321,126.922492,1733499573,https://map.naver.com/p/entry/place/1733499573,37.467566,126.6020822,low,공룡슈퍼,인천 제물포구 월미로 338 인천 제물포구 북성동1가 102-28,verified,false,
홍대수노래방본점,서울 마포구 와우산로21길 37,37.552279,126.921797,,,,,failed,,,not_matched,false,
춘지본가,서울 마포구 와우산로25길 28,37.554583,126.926143,1224610531,https://map.naver.com/p/entry/place/1224610531,37.534678,126.9745862,low,춘지본가 삼각지점,서울 용산구 한강대로62가길 14 서울 용산구 용산동3가 1-19,verified,false,
핑크버스,서울 마포구 와우산로27길 31,37.554392,126.926684,1445188653,https://map.naver.com/p/entry/place/1445188653,37.554375,126.9266315,high,핑크버스,서울 마포구 와우산로27길 31 서울 마포구 서교동 339-1,verified,false,
착한구두,서울 마포구 와우산로27길 56,37.555157,126.925723,1364441868,https://map.naver.com/p/entry/place/1364441868,37.554734,126.9203014,mid,착한구두 본사,서울 마포구 양화로 125 경남관광빌딩 5층 서울 마포구 서교동 353-5,verified,false,
마리네일홍대점,서울 마포구 와우산로29다길 14,37.554993,126.927543,543422637,https://map.naver.com/p/entry/place/543422637,37.5547018,126.9282953,mid,마리네일 푸스케어 홍대점,서울 마포구 와우산로29나길 11 2층 마리네일 푸스케어 홍대점 서울 마포구 서교동 336-22,verified,false,
츄,서울 마포구 와우산로29다길 20,37.554796,126.927275,2037047984,https://map.naver.com/p/entry/place/2037047984,36.3280399,127.4241371,low,츄,대전 중구 중앙로 145 B 가14호 대전 중구 대흥동 630,verified,false,
대현문화공원,서울 서대문구 대현동 146,37.557676,126.945487,38259356,https://map.naver.com/p/entry/place/38259356,37.5577031,126.9454931,high,대현문화공원,서울 서대문구 대현동 146,verified,false,
모모커피마카롱,서울 서대문구 이화여대길 22,37.557821,126.946000,,,,,failed,,,not_matched,false,
더샘이대점,서울 서대문구 이화여대길 63,37.559065,126.944927,37615637,https://map.naver.com/p/entry/place/37615637,37.5537498,126.922325,low,더샘 홍대점,서울 마포구 어울마당로 98-1 서울 마포구 서교동 358-9,verified,false,
네이처리퍼블릭,서울 서대문구 이화여대길 83,37.559051,126.943753,1945531607,https://map.naver.com/p/entry/place/1945531607,37.5815293,126.9849146,low,네이처리퍼블릭 북촌점,서울 종로구 북촌로 51-1 서울 종로구 가회동 30-9,verified,false,
미니스톱,서울 영등포구 여의도동 2,37.525536,126.921593,,,,,failed,,,not_matched,false,
숙대옆길,서울 용산구 청파동2가 134-6,37.545515,126.963342,,,,,failed,,,not_matched,false,
효창공원,서울 용산구 효창원로 177-18,37.544957,126.962291,13491304,https://map.naver.com/p/entry/place/13491304,37.5452339,126.95993,mid,효창공원,서울 용산구 효창동,verified,false,
중앙중버정,서울 종로구 계동 1-27,37.586251,126.985678,,,,,failed,,,not_matched,false,
닌옆골목1,서울 종로구 계동길 116,37.582509,126.986909,,,,,failed,,,not_matched,false,
닌옆골목2,서울 종로구 계동길 117,37.582537,126.986771,,,,,failed,,,not_matched,false,
닌,서울 종로구 계동길 122-1,37.582772,126.986907,13476466,https://map.naver.com/p/entry/place/13476466,37.5792798,126.9878449,mid,닌,서울 종로구 창덕궁1길 23 1층 서울 종로구 계동 140-81,verified,false,
KFC 대학로점,서울 종로구 대학로 120,37.581876,127.002293,1992211813,https://map.naver.com/p/entry/place/1992211813,37.5818404,127.0022702,high,KFC 대학로점,서울 종로구 대학로 120 서울 종로구 동숭동 1-27,verified,false,
가비아노,서울 종로구 대학로 122,37.582189,127.002250,11609743,https://map.naver.com/p/entry/place/11609743,37.5820417,127.0022811,high,가비아노,서울 종로구 대학로 122 흥사단 본부 서울 종로구 동숭동 1-28,verified,false,
CGV,서울 종로구 돈화문로5가길 1,37.571028,126.991230,37332955,https://map.naver.com/p/entry/place/37332955,37.5710523,126.9913004,mid,CGV 피카디리1958,서울 종로구 돈화문로5가길 1 피카디리플러스 서울 종로구 돈의동 137,verified,false,
위드메이트,서울 종로구 동숭2길 3,37.580834,127.004448,1359525449,https://map.naver.com/p/entry/place/1359525449,37.5811019,127.0043702,high,위드메이트,서울 종로구 동숭2길 3 서울 종로구 동숭동 130-29,verified,false,
커피한약방 혜화점,서울 종로구 동숭2길 9,37.580889,127.004817,1109664581,https://map.naver.com/p/entry/place/1109664581,37.5808972,127.0048342,high,커피한약방 혜화점,서울 종로구 동숭2길 9 1층 서울 종로구 동숭동 130-17,verified,false,
감사원버정,서울 종로구 북촌로 109,37.586217,126.985011,,,,,failed,,,not_matched,false,
가회동골목,서울 종로구 북촌로 46-3,37.580960,126.985806,,,,,failed,,,not_matched,false,
회화당,서울 종로구 북촌로11길 33,37.582250,126.983503,1238677233,https://map.naver.com/p/entry/place/1238677233,37.5822555,126.9835127,high,회화당,서울 종로구 북촌로11길 33 서울 종로구 가회동 33-13,verified,false,
북촌한옥청,서울 종로구 북촌로12길 29-1,37.582737,126.985645,1072136893,https://map.naver.com/p/entry/place/1072136893,37.5827654,126.985652,high,북촌한옥청,서울 종로구 북촌로12길 29-1 서울 종로구 가회동 11-32,verified,false,
소쇼,서울 종로구 북촌로6길 32-4,37.580205,126.986371,,,,,failed,,,not_matched,false,
청계천옆,서울 종로구 서린동 161,37.569370,126.978059,,,,,failed,,,not_matched,false,
경복궁.국립민속박물관맞은편,서울 종로구 소격동 57-2,37.580221,126.980092,,,,,failed,,,not_matched,false,
익선동콤콤오락실,서울 종로구 수표로28길 23-6,37.573073,126.989988,1269075560,https://map.naver.com/p/entry/place/1269075560,37.5728229,126.9898261,low,새서울 콤콤오락실,"서울 종로구 돈화문로11길 28-5 1, 2층 서울 종로구 낙원동 122",verified,false,
남도분식,서울 종로구 수표로28길 33,37.573149,126.990076,1129603411,https://map.naver.com/p/entry/place/1129603411,37.5731697,126.9901014,mid,남도분식 익선점,서울 종로구 수표로28길 33 남도분식 서울 종로구 익선동 166-29,verified,false,
별궁식당,서울 종로구 윤보선길 19-16,37.577246,126.983603,15384675,https://map.naver.com/p/entry/place/15384675,35.7512096,127.8308824,low,별궁식당,경남 거창군 위천면 원학길 383 경남 거창군 위천면 장기리 418-18,verified,false,
Y&아니마,서울 종로구 윤보선길 31,37.577380,126.983707,,,,,failed,,,not_matched,false,
소허당,서울 종로구 윤보선길 51,37.578308,126.983414,2090588269,https://map.naver.com/p/entry/place/2090588269,37.5783171,126.9833928,high,소허당,서울 종로구 윤보선길 51 서울 종로구 안국동 28,verified,false,
북촌세븐,서울 종로구 윤보선길 78,37.579275,126.983683,,,,,failed,,,not_matched,false,
GS25 종로안국점,서울 종로구 율곡로 61,37.576938,126.985928,1088352119,https://map.naver.com/p/entry/place/1088352119,37.5769921,126.9859557,mid,GS25 종로안국점,서울 종로구 북촌로 1 서울 종로구 재동 106-4,verified,false,
덕성여고앞,서울 종로구 율곡로3길 64,37.578454,126.982249,,,,,failed,,,not_matched,false,
효성빌라,서울 종로구 자하문로35길 22,37.588961,126.966898,18661385,https://map.naver.com/p/entry/place/18661385,37.588924,126.966938,high,효성빌라,서울 종로구 자하문로35길 22 서울 종로구 청운동 8-4,verified,false,
윤동주시인문학관앞,서울 종로구 창의문로 119,37.592097,126.967069,,,,,failed,,,not_matched,false,
청운공원,서울 종로구 청운동 6-1,37.588608,126.965729,18661800,https://map.naver.com/p/entry/place/18661800,37.5912352,126.9664187,high,청운공원,서울 종로구 청운동 3-55,verified,false,
세븐일레븐,서울 종로구 평창11길 17,37.606965,126.965958,1748284448,https://map.naver.com/p/entry/place/1748284448,37.6069657,126.9660626,mid,세븐일레븐 평창점,서울 종로구 평창11길 17 서울 종로구 평창동 343-1,verified,false,
평창동집,서울 종로구 평창11길 51,37.609946,126.966073,1047148125,https://map.naver.com/p/entry/place/1047148125,37.6062514,126.9665947,low,평창동김밥,서울 종로구 평창11길 7 서울 종로구 평창동 339,verified,false,
지리산흑돼지,서울 중구 명동10길 19-27,37.563172,126.985836,1912302700,https://map.naver.com/p/entry/place/1912302700,37.5745588,127.0223447,low,지리산흑돼지,서울 종로구 난계로29길 14 서울 종로구 숭인동 1375,verified,false,
장군보쌈,서울 중구 명동10길 7-6,37.563344,126.985558,1225783261,https://map.naver.com/p/entry/place/1225783261,37.5673236,126.9797048,mid,장군보쌈,서울 중구 무교로 16 서울 중구 무교동 19,verified,false,
충무김밥,서울 중구 명동2가 33-4,37.563424,126.985093,11699378,https://map.naver.com/p/entry/place/11699378,37.5631379,126.9851971,mid,명동충무김밥,서울 중구 명동10길 16 서울 중구 명동2가 32-11,verified,false,
명동올리브영,서울 중구 명동8길 3,37.563546,126.985117,1556113627,https://map.naver.com/p/entry/place/1556113627,37.563095,126.9845607,low,올리브영 명동점,"서울 중구 명동8길 14 (51-9,16) 1,2,5층지하1층 서울 중구 명동2가 51-3 51-9,16 1,2,5층지하1층",verified,false,
명동에그드랍,서울 중구 명동8길 8-10,37.563372,126.984101,,,,,failed,,,not_matched,false,
손기정체육공원,서울 중구 손기정로 101,37.555479,126.964816,13351604,https://map.naver.com/p/entry/place/13351604,37.5560189,126.9652701,high,손기정체육공원,서울 중구 손기정로 101-4 손기정공원 서울 중구 만리동2가 6-1,verified,false,
홍대공차,서울 마포구 어울마당로 114,37.554836,126.923220,,,,,failed,,,not_matched,false,
홍익숯불갈비소금구이,서울 마포구 어울마당로 146-1,37.556260,126.926243,,,,,failed,,,not_matched,false,
그린클라우드,서울 마포구 와우산로 138,37.553572,126.928993,295247725,https://map.naver.com/p/entry/place/295247725,35.1535637,129.0613381,low,그린클라우드 서면점,부산 부산진구 중앙대로680번길 39 3층 그린클라우드 부산 부산진구 부전동 220-16,verified,false,
천하,서울 마포구 와우산로14길 4,37.550062,126.923372,1093788498,https://map.naver.com/p/entry/place/1093788498,37.5199917,126.9024277,low,천하,서울 영등포구 영등포로34길 3 2층 서울 영등포구 영등포동4가 149,verified,false,
홍대벽화거리,서울 마포구 와우산로22길 34,37.551024,126.924189,,,,,failed,,,not_matched,false,
몬스터치즈떡볶이,서울 마포구 와우산로29길 57,37.555849,126.926997,,,,,failed,,,not_matched,false,
오두막,서울 마포구 와우산로29바길 11-4,37.555613,126.926164,19338056,https://map.naver.com/p/entry/place/19338056,35.2196009,128.584673,low,오두막,경남 창원시 마산합포구 산호북1길 74 초등학원 경남 창원시 마산합포구 산호동 11-68,verified,false,
신발가게,서울 마포구 홍익로 7,37.553248,126.923499,,,,,failed,,,not_matched,false,
신촌던킨,서울 서대문구 명물길 34,37.558206,126.938508,,,,,failed,,,not_matched,false,
순두부랑생선구이앞,서울 서대문구 명물길 54,37.558807,126.939328,,,,,failed,,,not_matched,false,
신촌메인길(뽕잎사랑),서울 서대문구 연세로 30,37.558269,126.937133,,,,,failed,,,not_matched,false,
아웃백,서울 서대문구 연세로12길 33,37.559120,126.938863,11849155,https://map.naver.com/p/entry/place/11849155,37.5591344,126.938844,low,아웃백스테이크하우스 신촌점,서울 서대문구 연세로12길 33 서울 서대문구 창천동 2-6,verified,false,
부엉이돈까스앞,서울 서대문구 연세로4길 62,37.558505,126.939760,,,,,failed,,,not_matched,false,
응봉산,서울 성동구 응봉동 267,37.548236,127.029980,11491502,https://map.naver.com/p/entry/place/11491502,37.5478269,127.029725,mid,응봉산,서울 성동구 금호동4가 1540,verified,false,
작은마을,서울 성북구 정릉로6길 35,37.610220,126.994588,38276149,https://map.naver.com/p/entry/place/38276149,37.5028566,127.0245532,low,작은마을,서울 서초구 강남대로 455 강남태영데시앙루브 서울 서초구 서초동 1303-35,verified,false,
이태원부군당역사공원,서울 용산구 녹사평대로40다길 33,37.535838,126.989706,36996544,https://map.naver.com/p/entry/place/36996544,37.5360524,126.9896495,high,이태원부군당역사공원,서울 용산구 녹사평대로40다길 33 서울 용산구 이태원동 191-3,verified,false,
솔티핫티,서울 용산구 이태원로55길 45,37.537864,126.998922,,,,,failed,,,not_matched,false,
일화부동산,서울 은평구 증산서길 143,37.587568,126.911321,,,,,failed,,,not_matched,false,
창경궁옆놀이터,서울 종로구 성균관로5길 29,37.584554,126.995722,,,,,failed,,,not_matched,false,
서소문미술관앞,서울 중구 정동 6-1,37.565776,126.972580,,,,,failed,,,not_matched,false,
명보아트홀 앞 사거리,서울 중구 초동 25-3,37.564456,126.993032,,,,,failed,,,not_matched,false,
남양주종합촬영소,경기 남양주시 조안면 북한강로855번길 138,37.604003,127.322516,11863440,https://map.naver.com/p/entry/place/11863440,37.6046345,127.3214505,high,남양주종합촬영소,경기 남양주시 조안면 북한강로855번길 138 남양주종합촬영소 경기 남양주시 조안면 삼봉리 92,verified,false,
고석정,강원 철원군 동송읍 장흥리 725-13,38.184941,127.287923,1465442453,https://map.naver.com/p/entry/place/1465442453,38.1873556,127.2892792,high,고석정,강원 철원군 동송읍 장흥리,verified,false,
무릉계곡,강원 동해시 삼화로 584,37.463571,129.014510,11491159,https://map.naver.com/p/entry/place/11491159,37.46216,129.012875,high,무릉계곡,강원 동해시 삼화로 584 삼화사 강원 동해시 삼화동 860-1,verified,false,
온달관광지,충북 단양군 영춘면 온달로 23,37.062955,128.492923,13476484,https://map.naver.com/p/entry/place/13476484,37.0631996,128.4914946,high,온달관광지,충북 단양군 영춘면 온달로 23 충북 단양군 영춘면 하리 147,verified,false,
바람의화원 세트장,충북 괴산군 청천면 송문로덕평1길 44-18,36.726845,127.805010,,,,,failed,,,not_matched,false,
삼봉해수욕장,충남 태안군 안면읍 삼봉길 209-3,36.571517,126.315084,13491041,https://map.naver.com/p/entry/place/13491041,36.5697951,126.3158189,high,삼봉해수욕장,충남 태안군 안면읍 창기리,verified,false,
부여 가림성 느티나무,충남 부여군 임천면 성흥로97번길 167,36.195384,126.899628,,,,,failed,,,not_matched,false,
수선루,전북 진안군 마령면 강정리 산 57,35.744436,127.342226,20103186,https://map.naver.com/p/entry/place/20103186,35.7460934,127.3451224,mid,수선루,전북 진안군 마령면 강정리 산57,verified,false,
부용대,경북 안동시 풍천면 광덕솔밭길 72,36.544780,128.518179,13537288,https://map.naver.com/p/entry/place/13537288,36.5428991,128.5160756,high,부용대,경북 안동시 풍천면 광덕리 산23-3,verified,false,
안동하회마을,경북 안동시 풍천면 하회리 1176-1,36.538915,128.518432,1153202495,https://map.naver.com/p/entry/place/1153202495,36.54071,128.5161916,high,안동하회마을 만송정 숲,경북 안동시 풍천면 하회리 1164-1,verified,false,
안동군자마을,경북 안동시 와룡면 군자리길 29,36.673732,128.802175,19908975,https://map.naver.com/p/entry/place/19908975,36.6731339,128.8003017,high,안동군자마을입구,경북 안동시 와룡면 오천리,verified,false,
서동요테마파크,충남 부여군 충화면 충신로 616,36.145250,126.823663,19493854,https://map.naver.com/p/entry/place/19493854,36.1453019,126.8235304,high,서동요테마파크,충남 부여군 충화면 충신로 616 충남 부여군 충화면 가화리 270,verified,false,
사이버고시원,인천 미추홀구 석정로150번길 43,37.467541,126.654352,11483233,https://map.naver.com/p/entry/place/11483233,37.5940969,127.0778032,low,사이버고시텔,서울 중랑구 망우로 226 3층 서울 중랑구 상봉동 128-45,verified,false,
대한병원,서울 강북구 도봉로 301,37.635470,127.022673,213598836,https://map.naver.com/p/entry/place/213598836,35.2036961,129.0671316,low,대한병원,부산 동래구 아시아드대로 224 부산 동래구 온천동 1412-8,verified,false,
휴먼안경보청기,서울 강북구 삼양로 579,37.654697,127.012711,13222492,https://map.naver.com/p/entry/place/13222492,37.6486821,127.0525715,low,휴먼,서울 도봉구 노해로70길 81 1층 휴먼 안경 & 휴먼 보청기 서울 도봉구 창동 33-3,verified,false,
한일유엔아이아파트,서울 노원구 노원로28길 62,37.654614,127.071284,18650200,https://map.naver.com/p/entry/place/18650200,37.6545156,127.0709971,high,한일유앤아이아파트,서울 노원구 노원로28길 62 서울 노원구 상계동 1309,verified,false,
민지미용실,서울 노원구 한글비석로36길 86,37.664569,127.073677,1734012682,https://map.naver.com/p/entry/place/1734012682,36.6334989,127.448758,low,민지미용실,충북 청주시 흥덕구 내수동로12번길 6 충북 청주시 흥덕구 복대동 162-4,verified,false,
뽀꼬팡,서울 도봉구 덕릉로60가길 59,37.637161,127.038719,1439337073,https://map.naver.com/p/entry/place/1439337073,37.6558819,127.0606797,low,뽀꼬팡,서울 노원구 동일로 1426 미도빌딩 서울 노원구 상계동 693,verified,false,
기업은행ATM,서울 도봉구 마들로 727-1,37.675157,127.047243,1106487636,https://map.naver.com/p/entry/place/1106487636,37.67515,127.04724,mid,기업은행 도봉동 무인 ATM,서울 도봉구 마들로 727-1 서울 도봉구 도봉동 625-203,verified,false,
팔도건어물,서울 도봉구 삼양로154길 36,37.655563,127.015268,1598580383,https://map.naver.com/p/entry/place/1598580383,37.6555846,127.0152612,high,팔도건어물,서울 도봉구 삼양로154길 36 1층 서울 도봉구 쌍문동 495-69,verified,false,
씨유쌍문우이천점,서울 도봉구 우이천로39길 11,37.649775,127.020039,,,,,failed,,,not_matched,false,
쌍문동집,서울 도봉구 우이천로48길 30-7,37.655858,127.017632,17954533,https://map.naver.com/p/entry/place/17954533,37.6467001,127.0330377,mid,쌍문동호남집,서울 도봉구 도봉로109길 6 1층 서울 도봉구 쌍문동 96-41,verified,false,
도봉중앙교회,서울 도봉구 우이천로48길 9,37.655942,127.016266,18001098,https://map.naver.com/p/entry/place/18001098,37.6625039,127.0325779,mid,중앙교회,서울 도봉구 방학로 176 서울 도봉구 방학2동 668-5,verified,false,
힐링호프,서울 마포구 큰우물로 41,37.543134,126.943456,1035368490,https://map.naver.com/p/entry/place/1035368490,37.5351809,126.8377227,low,힐링호프,서울 강서구 가로공원로76길 43 서울 강서구 화곡동 370-77,verified,false,
양재시민의숲역(양재방향4-4),서울 서초구 매헌로 지하 116,37.469979,127.038326,,,,,failed,,,not_matched,false,
빌리엔젤,서울 영등포구 국제금융로2길 24,37.524305,126.924840,37387550,https://map.naver.com/p/entry/place/37387550,37.4785974,126.8849008,low,빌리엔젤마리오아울렛,서울 금천구 벚꽃로 266 마리오아울렛 3관 6층 서울 금천구 가산동 60-20,verified,false,
한림대한강성심병원,서울 영등포구 버드나루로7길 12,37.523177,126.909692,11686900,https://map.naver.com/p/entry/place/11686900,37.5231702,126.9096812,high,한림대학교한강성심병원,서울 영등포구 버드나루로7길 12 서울 영등포구 영등포동7가 94-200,verified,false,
배스킨라빈스,서울 영등포구 신길로 71,37.499097,126.908201,1280629154,https://map.naver.com/p/entry/place/1280629154,37.4991625,126.9082612,high,배스킨라빈스 신풍역,서울 영등포구 신길로 71 서울 영등포구 신길동 445-11,verified,false,
여의도역5번출구,서울 영등포구 여의나루로 42,37.521470,126.924971,,,,,failed,,,not_matched,false,
신한금융투자,서울 영등포구 여의대로 70,37.524839,126.924185,19566286,https://map.naver.com/p/entry/place/19566286,37.5215212,126.9228725,low,신한투자증권,서울 영등포구 의사당대로 96 TP타워 30~41층 서울 영등포구 여의도동 27-2,verified,false,
여의상류IC,서울 영등포구 여의도동 70,37.518060,126.942637,19000627,https://map.naver.com/p/entry/place/19000627,37.5171317,126.9406352,high,여의상류IC교차로,서울 영등포구 여의도동,verified,false,
세븐일레븐,서울 영등포구 여의서로 43,37.530730,126.924843,13379283,https://map.naver.com/p/entry/place/13379283,37.5307872,126.9249484,mid,세븐일레븐 여의점,서울 영등포구 여의도동 여의서로 43 202호 서울 영등포구 여의도동 11-11,verified,false,
상봉터미널,서울 중랑구 상봉로 117,,,1898591128,https://map.naver.com/p/entry/place/1898591128,37.5927903,127.093122,mid,서울상봉터미널인근도심공공주택복합사업,서울 중랑구 상봉로 77 서울 중랑구 면목동 89-37,verified,false,
비단길현대시장(호남수산),서울 금천구 독산로39길 34,37.458249,126.903590,,,,,failed,,,not_matched,false,
신도림로11다길,서울 구로구 신도림동 291-176,37.508897,126.876798,,,,,failed,,,not_matched,false,
경일워터젯,서울 구로구 구로중앙로42길 60,37.509236,126.876928,21727202,https://map.naver.com/p/entry/place/21727202,37.509268,126.8769721,high,경일워터젯,서울 구로구 구로중앙로42길 60 서울 구로구 신도림동 291-78,verified,false,
보성금형사,서울 구로구 신도림로5길 51,37.508909,126.877184,,,,,failed,,,not_matched,false,
풍아산업앞,서울 구로구 신도림로11다길 22-13,37.508708,126.877072,,,,,failed,,,not_matched,false,
가온문화공원 사거리,서울 마포구 상암동 1594,37.581846,126.887624,,,,,failed,,,not_matched,false,
월드컵북로60길,서울 마포구 월드컵북로58길 15,37.582358,126.886699,,,,,failed,,,not_matched,false,
성암로,서울 마포구 상암동 1695-1,37.583764,126.886354,,,,,failed,,,not_matched,false,
양화로,서울 마포구 양화로 129,37.555061,126.920694,,,,,failed,,,not_matched,false,
연세안경앞,서울 마포구 신촌로16길 4,37.555506,126.934817,,,,,failed,,,not_matched,false,
산장앞,서울 마포구 와우산로18길 10,37.550619,126.923604,,,,,failed,,,not_matched,false,
엔비,서울 마포구 와우산로 72,37.550873,126.923407,31314378,https://map.naver.com/p/entry/place/31314378,37.5179643,126.9055665,low,엔비,서울 영등포구 경인로 843 영등포로터리지하쇼핑센터 97-1 서울 영등포구 영등포동3가 33,verified,false,
이태원로,서울 용산구 한남동 727-64,37.540242,127.002332,,,,,failed,,,not_matched,false,
한강진역,서울 용산구 이태원로 지하 287,37.540295,127.001748,21406382,https://map.naver.com/p/entry/place/21406382,37.5402202,127.0016796,mid,한강진역1번출구,서울 용산구 한남동,verified,false,
버티고개역,서울 중구 다산로 지하 38,37.548042,127.007085,1587576205,https://map.naver.com/p/entry/place/1587576205,37.547845,127.0070833,mid,버티고개역3번출구,서울 중구 신당동,verified,false,
23번지 남산돈까스본점 옆건물,서울 중구 퇴계로6길 46-5,37.556252,126.979393,,,,,failed,,,not_matched,false,
금성루,서울 중구 충무로2길 25,37.562547,126.994604,18042185,https://map.naver.com/p/entry/place/18042185,37.562519,126.9946069,high,금성루,서울 중구 충무로2길 25 서울 중구 충무로4가 15-28,verified,false,
충무로,서울 중구 충무로 51,37.565791,126.992498,2034304765,https://map.naver.com/p/entry/place/2034304765,37.561794,126.9923288,mid,충무로한양집,서울 중구 퇴계로31길 14 1층 서울 중구 충무로3가 51-8,verified,false,
을지로,서울 중구 을지로 156,37.566326,126.995242,,,,,failed,,,not_matched,false,
약수역,서울 중구 다산로 지하 122,37.554560,127.010823,18704405,https://map.naver.com/p/entry/place/18704405,37.5550847,127.0106445,mid,약수역사거리,서울 중구 신당동,verified,false,
청구역,서울 중구 청구로 지하 77,37.560294,127.013806,18705012,https://map.naver.com/p/entry/place/18705012,37.5602761,127.0137909,mid,청구역사거리,서울 중구 신당동,verified,false,
종각역,서울 종로구 종로 지하 55,37.570214,126.983240,13479323,https://map.naver.com/p/entry/place/13479323,37.5701803,126.9830713,high,종각역 1호선,"서울 종로구 종로 55 , B1층 서울 종로구 종로1가 54",verified,false,
뚜레쥬르 종로점,서울 종로구 종로 62,37.569934,126.984287,1025986376,https://map.naver.com/p/entry/place/1025986376,37.5717867,126.9805862,mid,뚜레쥬르 종로구청점,서울 종로구 종로5길 34 서울 종로구 청진동 18,verified,false,
탑골공원,서울 종로구 종로 99,37.570613,126.988059,1633146093,https://map.naver.com/p/entry/place/1633146093,37.5710899,126.9883358,high,탑골공원,서울 종로구 종로 99 탑골공원 서울 종로구 종로2가 38-1,verified,false,
종로슈퍼,서울 종로구 돈화문로10길 14,37.572512,126.992438,33880470,https://map.naver.com/p/entry/place/33880470,37.5725195,126.9924482,high,나들가게 종로슈퍼,서울 종로구 돈화문로10길 14 서울 종로구 봉익동 18-3,verified,false,
종로구,서울 종로구 대학로 57,37.576559,127.001450,11613502,https://map.naver.com/p/entry/place/11613502,37.5746984,126.9796445,mid,종로구청,"서울 종로구 종로1길 50 케이트윈타워B동 5,6,10,11,12,13층 서울 종로구 중학동 19",verified,false,
필운대로,서울 종로구 필운대로 35-1,37.579125,126.968652,,,,,failed,,,not_matched,false,
옥인파출소,서울 종로구 자하문로17길 24,37.581473,126.969426,37468408,https://map.naver.com/p/entry/place/37468408,37.5814491,126.9694478,high,옥인파출소,서울 종로구 자하문로17길 24 서울 종로구 옥인동 45-16,verified,false,
삼육빌딩,서울 동대문구 왕산로9길 24,37.578246,127.027836,1451049161,https://map.naver.com/p/entry/place/1451049161,37.5783095,127.0280231,mid,삼육빌딩 작업실,"서울 동대문구 왕산로11길 21-1 3,4층 서울 동대문구 용두동 233-1",verified,false,
답십리역1번출구,서울 동대문구 답십리동 496-11,37.567848,127.051686,,,,,failed,,,not_matched,false,
장한평역,서울 동대문구 천호대로 지하 405,37.561503,127.064421,13479493,https://map.naver.com/p/entry/place/13479493,37.5614836,127.0646562,high,장한평역 5호선,"서울 동대문구 천호대로 405 , B2층 서울 동대문구 장안동 416-6",verified,false,
서울강북경찰서,서울 강북구 오패산로 406,37.637170,127.027042,11642488,https://map.naver.com/p/entry/place/11642488,37.6374119,127.0273396,high,서울강북경찰서,서울 강북구 오패산로 406 서울강북경찰서 서울 강북구 번동 415-15,verified,false,
도봉산역3번출구,서울 도봉구 도봉동 44-9,37.688106,127.046343,,,,,failed,,,not_matched,false,
노원역,서울 노원구 상계로 69-1,37.656268,127.063030,13479294,https://map.naver.com/p/entry/place/13479294,37.6563829,127.0634845,high,노원역 4호선,"서울 노원구 상계로 69-1 , 2층 서울 노원구 상계동 602-5",verified,false,
옥수역1번출구,서울 성동구 옥수동 401-1,37.542192,127.017077,,,,,failed,,,not_matched,false,
어린이대공원역3번출구,서울 광진구 화양동 169-1,37.547041,127.074525,,,,,failed,,,not_matched,false,
탄천주차장,서울 송파구 잠실동 1168-3,37.515233,127.068803,1540666624,https://map.naver.com/p/entry/place/1540666624,37.5086403,127.0683938,low,탄천 공영 주차장,서울 강남구 서울 강남구 대치동 78-25,verified,false,
이삭렌트카 천호점,서울 송파구 올림픽로 603,37.535645,127.121941,787364281,https://map.naver.com/p/entry/place/787364281,37.5356234,127.1219776,high,이삭렌트카 천호점,서울 송파구 올림픽로 603 이삭빌딩 1층 서울 송파구 풍납동 481-2,verified,false,
카프리모텔,경기 구리시 체육관로172번길 15,37.600007,127.136957,11733066,https://map.naver.com/p/entry/place/11733066,37.6000257,127.1369457,high,카프리모텔,경기 구리시 체육관로172번길 15 카프리모텔 경기 구리시 수택동 370-12,verified,false,
서울랜드,경기 과천시 광명로 181,37.436547,127.024045,11583237,https://map.naver.com/p/entry/place/11583237,37.4338452,127.0190443,mid,서울랜드,경기 과천시 광명로 181 경기 과천시 막계동 33,verified,false,
여의도순복음분당교회,경기 성남시 분당구 불정로 64,37.359494,127.111762,13486953,https://map.naver.com/p/entry/place/13486953,37.3595382,127.1116518,high,여의도순복음분당교회,경기 성남시 분당구 불정로 64 경기 성남시 분당구 정자동 205,verified,false,
천주교공원묘지,경기 용인시 처인구 모현읍 오산로 154-62,37.321104,127.146527,18294808,https://map.naver.com/p/entry/place/18294808,37.813223,127.0292229,low,천주교공원묘지,경기 양주시 경기 양주시 산북동 산73,verified,false,
선창회마차,충남 태안군 근흥면 마도길 154-1,36.685586,126.135281,17679149,https://map.naver.com/p/entry/place/17679149,36.6856147,126.135293,high,선창회마차,충남 태안군 근흥면 마도길 154-1 선창회마차 충남 태안군 근흥면 신진도리 182-9,verified,false,
다대다포항,경남 거제시 남부면 다포리 214-3,34.730371,128.623741,32812401,https://map.naver.com/p/entry/place/32812401,34.7333079,128.6237275,mid,다대다포항,경남 거제시 남부면 다대리,verified,false,
IBK기업은행365,서울 강서구 양천로 698,37.549888,126.873321,18926243,https://map.naver.com/p/entry/place/18926243,37.549332,126.877271,mid,IBK기업은행365,서울 강서구 양천로 731 서울 강서구 염창동 258-1,verified,false,
양양공항,강원 양양군 손양면 공항로 201,38.058894,128.662743,1001816975,https://map.naver.com/p/entry/place/1001816975,38.0587416,128.6629026,high,양양공항기상실,강원 양양군 손양면 공항로 201 강원 양양군 손양면 동호리 545,verified,false,
천안외국인교도소,충남 천안시 서북구 성거읍 상고1길 127,,,,,,,failed,,,not_matched,false,
모항항수산물직판장,충남 태안군 소원면 모항항길 122-42,36.776384,126.132817,33003007,https://map.naver.com/p/entry/place/33003007,36.776522,126.132604,high,모항항수산물직판장,충남 태안군 소원면 모항항길 122-44 충남 태안군 소원면 모항리 495-24,verified,false,
다포항,경남 거제시 남부면 다포리 214-3,34.730371,128.623741,15849017,https://map.naver.com/p/entry/place/15849017,34.7301449,128.6245128,high,다포항,경남 거제시 남부면 다포4길 40 경남 거제시 남부면 다포리 214-3,verified,false,
LA집,"1025 Marview Ave, Los Angeles, CA 90026 미국",,,,,,,failed,,,not_matched,false,
LA골목,"214 W 7th St, Los Angeles, CA 90014 미국",,,,,,,failed,,,not_matched,false,
차돌그릴 마곡,서울 강서구 마곡중앙6로 16,37.560402,126.829006,1629147912,https://map.naver.com/p/entry/place/1629147912,37.5603239,126.8293867,high,차돌그릴 마곡,서울 강서구 마곡중앙6로 16 지엠지타워 123호 서울 강서구 마곡동 773-2,verified,false,
마곡역4번출구 정류장(16387),서울 강서구 공항대로 190,37.559042,126.828637,,,,,failed,,,not_matched,false,
마곡중앙6로,서울 강서구 강서로 391,37.560545,126.838428,,,,,failed,,,not_matched,false,
마곡중앙8로7길(1),서울 강서구 마곡동 792-12,37.562080,126.837998,,,,,failed,,,not_matched,false,
마곡중앙8로7길(2),서울 강서구 강서로 419,37.562985,126.839209,,,,,failed,,,not_matched,false,
밀화당 강서직영점(폐업),서울 강서구 공항대로 236,37.558541,126.833754,,,,,failed,,,precheck:closed_place_name,false,
마곡동로,서울 강서구 공항대로 236,37.558541,126.833754,,,,,failed,,,not_matched,false,
매하,서울 은평구 통일로66길 11,37.610826,126.931329,1954046404,https://map.naver.com/p/entry/place/1954046404,37.6108299,126.9313511,high,매하,서울 은평구 통일로66길 11 1층 매하 서울 은평구 불광동 281-52,verified,false,
난지한강공원,서울 마포구 상암동 487-254,37.559876,126.888434,18808726,https://map.naver.com/p/entry/place/18808726,37.559703,126.8893917,high,난지한강공원거울분수,서울 마포구 상암동 1536-1,verified,false,
연희로11가길,서울 서대문구 연희로11가길 35,37.566812,126.928195,,,,,failed,,,not_matched,false,
WWL스튜디오,서울 서대문구 연희로27다길 10-15,37.571361,126.931096,,,,,failed,,,not_matched,false,
락휴코인노래연습장 홍대본점,서울 마포구 어울마당로 74,37.551560,126.921632,1717273081,https://map.naver.com/p/entry/place/1717273081,37.5516167,126.9215602,high,락휴코인노래연습장 홍대본점,"서울 마포구 어울마당로 74 지하 1,2층 서울 마포구 서교동 364-17",verified,false,
합정역,서울 마포구 양화로 55,37.550115,126.914638,1324950049,https://map.naver.com/p/entry/place/1324950049,37.5501151,126.9146382,high,니꺼야합정역,서울 마포구 양화로 55 지하 서울 마포구 서교동 393,verified,false,
서강팔경,서울 마포구 토정로 128,37.544937,126.925338,13353285,https://map.naver.com/p/entry/place/13353285,37.5449714,126.9253999,high,서강팔경,"서울 마포구 토정로 128 프렌치룸레스토랑8층, 홀 다이닝바9층 서울 마포구 상수동 356-6",verified,false,
한강,서울 영등포구 여의도동 85-2,37.532429,126.935734,13491889,https://map.naver.com/p/entry/place/13491889,37.535914,126.9294637,mid,한강,서울 영등포구 여의동로 300-2 서울 영등포구 여의도동 8,verified,false,
시선 당산역점(폐점),서울 영등포구 양평로 53,37.534319,126.900417,,,,,failed,,,not_matched,false,
현대백화점 목동점,서울 양천구 목동동로 257,37.527322,126.874619,1923989068,https://map.naver.com/p/entry/place/1923989068,37.5272736,126.8751111,mid,현대백화점 목동점별관,서울 양천구 목동동로 257 현대하이페리온 서울 양천구 목동 916,verified,false,
맷돌로만 구로점,서울 구로구 디지털로31길 38-21,37.486524,126.893713,1224120412,https://map.naver.com/p/entry/place/1224120412,37.4866874,126.8940244,high,맷돌로만 구로점,서울 구로구 디지털로31길 38-21 107호 맷돌로만 구로점 서울 구로구 구로동 197-33,verified,false,
98도씨국밥 보라매점,서울 동작구 보라매로5길 43,37.491431,126.923417,,,,,failed,,,not_matched,false,
프레임676,서울 동작구 시흥대로 676,37.491701,126.909158,,,,,failed,,,not_matched,false,
삼각지 고가차도,서울 용산구 한강로1가 78-6,37.537139,126.971062,18722198,https://map.naver.com/p/entry/place/18722198,37.5370837,126.9695027,mid,삼각지고가차도,서울 용산구 문배동,verified,false,
한국SGI용산문화회관,서울 용산구 백범로90길 82,37.537578,126.969330,18150116,https://map.naver.com/p/entry/place/18150116,37.5375832,126.969325,high,한국SGI 용산문화회관,서울 용산구 백범로90길 82 한국SGI용산문화회관 서울 용산구 문배동 11-15,verified,false,
백범로90길,서울 용산구 백범로 341,37.537981,126.967988,,,,,failed,,,not_matched,false,
지오베르크,서울 용산구 백범로 346,37.537408,126.967311,18722447,https://map.naver.com/p/entry/place/18722447,37.5374152,126.9672678,high,용산지오베르크,서울 용산구 백범로 346 서울 용산구 문배동 17-1,verified,false,
백범로90다길,서울 용산구 문배동 31-2,37.536135,126.969723,,,,,failed,,,not_matched,false,
효창공원앞역 4번출구,서울 용산구 용문동 5-99,37.538755,126.962501,,,,,failed,,,not_matched,false,
백범로,서울 용산구 백범로 320,37.538295,126.964454,,,,,failed,,,not_matched,false,
소월로,서울 용산구 이태원동 262-73,37.545311,126.990353,,,,,failed,,,not_matched,false,
만리재 비스트로,서울 중구 만리재로 201,37.555607,126.967833,1044477499,https://map.naver.com/p/entry/place/1044477499,37.5555955,126.9678453,high,만리재 비스트로,서울 중구 만리재로 201 서울 중구 만리동1가 62-11,verified,false,
만리199,서울 중구 만리재로 199,37.555465,126.967712,2056824233,https://map.naver.com/p/entry/place/2056824233,37.5554733,126.9677284,mid,루프탑 파티룸 만리199,서울 중구 만리재로 199 4층 서울 중구 만리동1가 62-19,verified,false,
서소문로11길,서울 중구 정동 34-29,37.565078,126.972897,,,,,failed,,,not_matched,false,
서애로,서울 중구 필동3가 29-6,37.559640,126.996303,,,,,failed,,,not_matched,false,
필동로,서울 중구 필동로 25,37.559330,126.996376,,,,,failed,,,not_matched,false,
세종대로23길,서울 종로구 세종로 81-13,37.571671,126.975935,,,,,failed,,,not_matched,false,
GS25 계동중앙점,서울 종로구 계동길 61,37.580043,126.986558,1322948319,https://map.naver.com/p/entry/place/1322948319,37.5800237,126.9866454,high,GS25 계동중앙점,서울 종로구 계동길 61 1층 (계동 86) 서울 종로구 계동 86 1층 ( 86),verified,false,
계동길,서울 종로구 계동길 89,37.581297,126.986653,,,,,failed,,,not_matched,false,
부암동돈가스집1979,서울 종로구 백석동길 5,37.592805,126.965640,1217374207,https://map.naver.com/p/entry/place/1217374207,37.5928521,126.965656,high,부암동돈가스집1979,서울 종로구 백석동길 5 1층 서울 종로구 부암동 258-4,verified,false,
서울과학기술대학교,서울 노원구 공릉로 232,37.633079,127.076795,11591577,https://map.naver.com/p/entry/place/11591577,37.6316217,127.0783723,high,서울과학기술대학교,서울 노원구 공릉로 232 서울 노원구 공릉동 172,verified,false,
전풍호텔 경양식당 본점,서울 성동구 무학봉28길 7,37.562202,127.033075,1039507395,https://map.naver.com/p/entry/place/1039507395,37.5621735,127.033022,high,전풍호텔 경양식당 본점,서울 성동구 무학봉28길 7 1층 전풍호텔 경양식당 서울 성동구 하왕십리동 966-17,verified,false,
메가박스 성수점(폐점),서울 성동구 왕십리로 50,37.541900,127.044976,,,,,failed,,,not_matched,false,
코엑스몰,서울 강남구 영동대로 513,37.511824,127.059159,11576171,https://map.naver.com/p/entry/place/11576171,37.511662,127.0594274,high,코엑스,"서울 강남구 영동대로 513 , B1층 서울 강남구 삼성동 159",verified,false,
클로리스 코엑스몰(폐업),서울 강남구 영동대로 513,37.511824,127.059159,,,,,failed,,,precheck:closed_place_name,false,
불타는조개구이 을왕리점,인천 제물포구 을왕로13번길 9,37.445701,126.373411,13482935,https://map.naver.com/p/entry/place/13482935,37.445694,126.3734145,low,불타는조개구이 을왕리점,인천 영종구 을왕로13번길 9 1층 불타는조개구이 을왕리점 인천 영종구 을왕동 717-13,verified,false,
상차이 청라점,인천 서해구 청라라임로 85,37.534674,126.652609,33958042,https://map.naver.com/p/entry/place/33958042,37.5356717,126.652899,high,상차이청라점,인천 서해구 청라라임로 85 린스트라우스 C동 2층 211호 인천 서해구 청라동 160-1,verified,false,
선학국제빙상경기장,인천 연수구 경원대로 526,37.430903,126.701848,1408070623,https://map.naver.com/p/entry/place/1408070623,37.4309078,126.7018293,high,선학국제빙상경기장,인천 연수구 경원대로 526 (선학동) 선학국제빙상경기장 인천 연수구 선학동 426 선학국제빙상경기장,verified,false,
송도 센트럴파크,인천 연수구 송도동 24-5,37.392205,126.640702,20118926,https://map.naver.com/p/entry/place/20118926,37.3913127,126.6406007,high,송도 센트럴파크,인천 연수구 컨벤시아대로 160 인천 연수구 송도동 24-5,verified,false,
숲길정원,경기 양주시 장흥면 일영로 346-26,37.675479,126.923736,1280949783,https://map.naver.com/p/entry/place/1280949783,37.6754789,126.923736,high,숲길정원,경기 양주시 장흥면 일영로 346-26 경기 양주시 장흥면 삼하리 150-1,verified,false,
서계 박세당 사랑채,경기 의정부시 동일로128번길 36,37.700279,127.057573,20111921,https://map.naver.com/p/entry/place/20111921,37.6996417,127.0577,mid,서계박세당사랑채,경기 의정부시 장암동,verified,false,
헤이리마을,경기 파주시 탄현면 헤이리마을길 29,37.787471,126.697181,2041887255,https://map.naver.com/p/entry/place/2041887255,37.7889688,126.6964013,mid,버블독스 파주헤이리마을점,경기 파주시 탄현면 헤이리마을길 59-29 1~2층 경기 파주시 탄현면 법흥리 1652-174,verified,false,
CU 일산대화공원점,경기 고양시 일산서구 강성로214번길 7-15,37.675349,126.752496,36921017,https://map.naver.com/p/entry/place/36921017,37.6753572,126.7525175,high,CU 일산대화공원점,경기 고양시 일산서구 강성로214번길 7-15 (대화동) 경기 고양시 일산서구 대화동 2175,verified,false,
고봉로,경기 고양시 일산동구 고봉로 26-14,37.664012,126.765379,,,,,failed,,,not_matched,false,
지느러미,경기 고양시 일산동구 중앙로1261번길 59,37.657116,126.770396,18346256,https://map.naver.com/p/entry/place/18346256,37.6571149,126.7704075,high,지느러미,경기 고양시 일산동구 중앙로1261번길 59 로얄프라자3 경기 고양시 일산동구 장항동 864-1,verified,false,
일산호수공원,경기 고양시 일산동구 호수로 543-2,37.650898,126.771275,19049611,https://map.naver.com/p/entry/place/19049611,37.6502083,126.7707971,high,일산호수공원폭포광장,경기 고양시 일산동구 호수로 543-2 경기 고양시 일산동구 장항동 905,verified,false,
37.5 일산식사점,경기 고양시 일산동구 고양대로1021번길 39,37.674239,126.808434,1463764498,https://map.naver.com/p/entry/place/1463764498,37.6742626,126.8084362,high,37.5 일산식사점,경기 고양시 일산동구 고양대로1021번길 39 세림프라자 2층 경기 고양시 일산동구 식사동 1581-7,verified,false,
놀숲 부천중동점,경기 부천시 원미구 석천로177번길 29,37.503260,126.761381,1825798706,https://map.naver.com/p/entry/place/1825798706,37.5032504,126.7614046,high,놀숲 부천중동점,경기 부천시 원미구 석천로177번길 29 경기 부천시 원미구 중동 1162,verified,false,
신양수대교,경기 양평군 양서면 용담리 629-2,37.537932,127.322099,19159730,https://map.naver.com/p/entry/place/19159730,37.5349269,127.3103328,mid,신양수대교,경기 양평군 양서면 양수리,verified,false,
빌리드지디 안산,경기 안산시 단원구 광덕4로 140,37.314931,126.827921,34291584,https://map.naver.com/p/entry/place/34291584,37.31492,126.8278728,mid,빌라드지디 안산,경기 안산시 단원구 광덕4로 140 경기 안산시 단원구 고잔동 703,verified,false,
파미어스몰,경기 성남시 수정구 창업로 18,37.413434,127.098395,1928897372,https://map.naver.com/p/entry/place/1928897372,37.4132613,127.098085,high,파미어스몰,경기 성남시 수정구 창업로 18 경기 성남시 수정구 시흥동 322,verified,false,
어울 어린이공원,경기 성남시 분당구 삼평동 676-3,37.401636,127.112200,34787482,https://map.naver.com/p/entry/place/34787482,35.3274135,129.1799437,low,어울어린이공원,부산 기장군 정관읍 용수리,verified,false,
서현170,경기 성남시 분당구 서현로 170,37.388989,127.122531,1805021832,https://map.naver.com/p/entry/place/1805021832,37.3889964,127.1225147,high,서현170,경기 성남시 분당구 서현로 170 풍림아이원플러스오피스텔 상가동 2층 222호 경기 성남시 분당구 서현동 255-1,verified,false,
성남대로287번길,경기 성남시 분당구 정자동 186-3,37.361679,127.106540,,,,,failed,,,not_matched,false,
꽃집 테라스공일오,경기 성남시 중원구 여수울로15번길 4-9,37.419189,127.131543,35156688,https://map.naver.com/p/entry/place/35156688,37.4191605,127.1315131,high,꽃집 테라스공일오,경기 성남시 중원구 여수울로15번길 4-9 102호 경기 성남시 중원구 여수동 431,verified,false,
탑스텐리조트 동강시스타,강원 영월군 영월읍 삼옥리 산111,37.216872,128.517542,12378895,https://map.naver.com/p/entry/place/12378895,37.2183408,128.51775,high,탑스텐리조트동강시스타,강원 영월군 영월읍 사지막길 160 강원 영월군 영월읍 삼옥리 108,verified,false,
별마로천문대,강원 영월군 영월읍 영흥리 154-3,37.198309,128.486859,11840286,https://map.naver.com/p/entry/place/11840286,37.1983559,128.4866465,high,별마로천문대,강원 영월군 영월읍 천문대길 397 강원 영월군 영월읍 영흥리 154-7,verified,false,
부산타워,부산 중구 용두산길 37-30,35.101154,129.032335,20058995,https://map.naver.com/p/entry/place/20058995,35.101077,129.0323422,high,부산타워,부산 중구 용두산길 37-30 부산 중구 광복동2가 1-2,verified,false,
샘라이언스,부산 해운대구 해운대해변로298번길 24,35.160202,129.166579,36928787,https://map.naver.com/p/entry/place/36928787,35.1599199,129.1669425,high,샘라이언스,부산 해운대구 해운대해변로298번길 24 팔레드시즈 부산 해운대구 중동 1124-2,verified,false,
해운대,부산 해운대구 해운대해변로298번길 24,35.160202,129.166579,13491921,https://map.naver.com/p/entry/place/13491921,35.1589787,129.1623152,mid,해운대,부산 해운대구 우동,verified,false,
그랜드 조선 부산,부산 해운대구 해운대해변로 292,35.160066,129.163128,1016404332,https://map.naver.com/p/entry/place/1016404332,35.159937,129.1631825,high,그랜드 조선 부산,부산 해운대구 해운대해변로 292 부산 해운대구 중동 1405-16,verified,false,
그랜드 조선 부산앞,부산 해운대구 해운대해변로 292,35.160066,129.163128,,,,,failed,,,not_matched,false,
누리마루 APEC 하우스,부산 해운대구 동백로 116,35.152342,129.151362,13129139,https://map.naver.com/p/entry/place/13129139,35.1523659,129.1513416,high,누리마루APEC하우스,부산 해운대구 동백로 116 누리마루APEC하우스 부산 해운대구 우동 714-1,verified,false,
벡스코 구름다리,부산 해운대구 APEC로 55,35.169064,129.136018,,,,,failed,,,not_matched,false,
광안대교,부산 수영구 민락동 113-52,35.152641,129.128988,1032552989,https://map.naver.com/p/entry/place/1032552989,35.1533775,129.1254448,mid,광안대교집,"부산 수영구 광안해변로284번길 38 3층 313호, 314호 부산 수영구 민락동 181-169",verified,false,
제주 드림타워 스카이뷰 라운지 38,제주 제주시 노연로 12,33.485262,126.481459,1551899769,https://map.naver.com/p/entry/place/1551899769,33.4852622,126.4814594,high,제주 드림타워 스카이뷰 라운지 38,제주 제주시 노연로 12 제주 드림타워 38층 스카이뷰 라운지 38 제주 제주시 노형동 925,verified,false,
그랜드 하얏트 제주,제주 제주시 노연로 12,33.485262,126.481459,1919264399,https://map.naver.com/p/entry/place/1919264399,33.485208,126.4813265,high,그랜드 하얏트 제주,제주 제주시 노연로 12 그랜드 하얏트 제주 제주 드림타워 복합리조트 제주 제주시 노형동 925,verified,false,
넌나에포차,제주 제주시 은남4길 30,33.486518,126.492608,1457193247,https://map.naver.com/p/entry/place/1457193247,33.486468,126.4925858,high,넌나에포차,제주 제주시 은남4길 30 1층 제주 제주시 연동 283-15,verified,false,
제주 도원가든,제주 제주시 1100로 3001,33.454601,126.486264,1229647538,https://map.naver.com/p/entry/place/1229647538,33.4546779,126.4862648,high,제주 도원가든,제주 제주시 1100로 3001 1층 제주도원가든 제주 제주시 노형동 286-1,verified,false,
오드랑베이커리 앤 카페 신촌점,제주 제주시 조천읍 조천우회로 104,33.524888,126.620576,1979714369,https://map.naver.com/p/entry/place/1979714369,33.5249027,126.6205701,high,오드랑베이커리 앤 카페 신촌점,제주 제주시 조천읍 조천우회로 104 제주 제주시 조천읍 신촌리 1615-2,verified,false,
김녕해수욕장,제주 제주시 구좌읍 해맞이해안로 7-6,33.557107,126.759839,13491485,https://map.naver.com/p/entry/place/13491485,33.5577826,126.7594902,high,김녕해수욕장,제주 제주시 구좌읍 김녕리,verified,false,
구좌체육관,제주 제주시 구좌읍 김녕로 209,33.555154,126.762752,17033124,https://map.naver.com/p/entry/place/17033124,33.5562159,126.7608695,high,구좌체육관,제주 제주시 구좌읍 김녕로 209 제주 제주시 구좌읍 김녕리 497-1,verified,false,
천미천,제주 제주시 구좌읍 송당리 2657,33.433685,126.751977,17030777,https://map.naver.com/p/entry/place/17030777,33.4362045,126.7468308,mid,천미천,제주 제주시 구좌읍 송당리,verified,false,
ICC 제주국제컴벤션센터,제주 서귀포시 중문관광로 224,33.241290,126.424443,,,,,failed,,,not_matched,false,
보롬왓,제주 서귀포시 표선면 번영로 2350-104,33.413496,126.752495,38780397,https://map.naver.com/p/entry/place/38780397,33.4134956,126.7524947,high,보롬왓,제주 서귀포시 표선면 번영로 2350-104 제주 서귀포시 표선면 성읍리 3229-4,verified,false,
NUSTAR Resort & Casino,"Kawit Island, Cebu City, 6000 Cebu, 필리핀",,,,,,,failed,,,not_matched,false,
샹그릴라 비치사이드,"Punta Engaño Rd, Lapu-Lapu City, Cebu, 6015 Cebu, 필리핀",,,,,,,failed,,,not_matched,false,
Docking Bridge,"824C+6CV Golf Helipad at Shangri-La's Mactan Resort and Spa - Cebu, Lapu-Lapu, Cebu, 필리핀",,,,,,,failed,,,not_matched,false,
The Ocean Pavilion at Shangri-La’s Mactan Resort,"824C+576, Road, Lapu-Lapu, Cebu, 필리핀",,,,,,,failed,,,not_matched,false,
Fiddler’s Cebu,"F. Ramos St, Cebu City, 6000 Cebu, 필리핀",,,,,,,failed,,,not_matched,false,
Bluewater Garden,"72P2+MFR, Maribago, Lapu-Lapu, Cebu, 필리핀",,,,,,,failed,,,not_matched,false,
Oyster Bar,"Buyong Rd, Lapu-Lapu, 6015 Cebu, 필리핀",,,,,,,failed,,,not_matched,false,
The Old Angler House,"1 Punta Engaño Rd, Punta Engaño, Cebu, 6016 Cebu, 필리핀",,,,,,,failed,,,not_matched,false,
국회대로76길 여의도순복음교회 앞,서울 영등포구 국회대로76길 15,37.530965,126.923189,,,,,failed,,,not_matched,false,
콘래드서울 아트리오,서울 영등포구 국제금융로 10,37.525178,126.924877,37260382,https://map.naver.com/p/entry/place/37260382,37.5254319,126.9266838,high,콘래드 서울 아트리오,서울 영등포구 국제금융로 10 콘래드 서울 2층 서울 영등포구 여의도동 23,verified,false,
플러스준스튜디오 용산,서울 용산구 한강대로98가길 7,37.548000,126.973249,,,,,failed,,,not_matched,false,
어반클리프,서울 용산구 신흥로20길 43,37.547398,126.984058,2087343638,https://map.naver.com/p/entry/place/2087343638,37.5473846,126.9840582,mid,어반클리프 URBAN CLIFF,서울 용산구 신흥로20길 43 1층 서울 용산구 후암동 406-99,verified,false,
더플레이스다이닝,서울 용산구 남산공원길 105,37.551123,126.987868,18127510,https://map.naver.com/p/entry/place/18127510,37.5510763,126.9881069,high,더플레이스다이닝,서울 용산구 남산공원길 105 N서울타워 T2층 서울 용산구 용산동2가 산1-3,verified,false,
농협종로지점,서울 종로구 우정국로 38,37.572352,126.983465,20762550,https://map.naver.com/p/entry/place/20762550,37.5704473,126.9805555,low,NH농협은행 종로1가지점,서울 종로구 종로5길 7 Tower 8 서울 종로구 청진동 128,verified,false,
두사라 신사점,서울 강남구 강남대로154길 13,37.517801,127.020312,32383071,https://map.naver.com/p/entry/place/32383071,37.5177799,127.0203432,high,두사라 신사점,서울 강남구 강남대로154길 13 1층 서울 강남구 신사동 511-17,verified,false,
오중석스튜디오,서울 강남구 봉은사로16길 31,37.504282,127.029131,30814940,https://map.naver.com/p/entry/place/30814940,37.5044349,127.029284,low,오중석웨딩스튜디오forwedding,서울 강남구 봉은사로16길 31 서울 강남구 역삼동 614-7,verified,false,
구스아일랜드 브루하우스,서울 강남구 역삼로 118,37.493432,127.032180,505375149,https://map.naver.com/p/entry/place/505375149,37.493496,127.0319708,high,구스아일랜드 브루하우스,서울 강남구 역삼로 118 서울 강남구 역삼동 833,verified,false,
인천공항 제2여객터미널,인천 영종구 제2터미널대로 446,37.469249,126.433209,1666812463,https://map.naver.com/p/entry/place/1666812463,37.4671477,126.4330423,high,남해 인천공항제2여객터미널,인천 영종구 제2터미널대로 446 인천 영종구 운서동 2868,verified,false,
일백집서울포차 구월점,인천 남동구 인하로 497-23,37.444537,126.701708,1384702621,https://map.naver.com/p/entry/place/1384702621,37.4445417,126.7017149,high,일백집서울포차 구월점,인천 남동구 인하로 497-23 반도프라자 301호 일백집서울포차 구월점 인천 남동구 구월동 1466-1,verified,false,
톤앤무드스튜디오 파주점,경기 파주시 장터고개길 87,37.776112,126.732425,1358132410,https://map.naver.com/p/entry/place/1358132410,37.6988263,126.7310172,low,톤앤무드스튜디오,경기 고양시 일산서구 덕산로243번길 58-41 경기 고양시 일산서구 덕이동 1241-6,verified,false,
마두동 전원주택(1),경기 고양시 일산동구 정발산로166번길 20-6,37.661341,126.784249,1299878465,https://map.naver.com/p/entry/place/1299878465,37.6583366,126.781892,low,일산마두비버리힐즈전원주택단지,경기 고양시 일산동구 경기 고양시 일산동구 마두동 1034,verified,false,
마두동 전원주택(2),경기 고양시 일산동구 일산로285번길 34-7,37.660925,126.783845,1299878465,https://map.naver.com/p/entry/place/1299878465,37.6583366,126.781892,low,일산마두비버리힐즈전원주택단지,경기 고양시 일산동구 경기 고양시 일산동구 마두동 1034,verified,false,
청담초밥 일산점,경기 고양시 일산동구 백마로213번길 12,37.654867,126.773956,1205296629,https://map.naver.com/p/entry/place/1205296629,37.6547579,126.7741515,high,청담초밥 일산점,경기 고양시 일산동구 백마로213번길 12 경기 고양시 일산동구 장항동 852-1,verified,false,
포코포코 삼송점,경기 고양시 덕양구 삼원로 18,37.644102,126.876380,597090097,https://map.naver.com/p/entry/place/597090097,37.6440709,126.8764064,high,포코포코 삼송점,경기 고양시 덕양구 삼원로 18 1층 경기 고양시 덕양구 삼송동 354-9,verified,false,
천안역,충남 천안시 동남구 대흥로 239,36.812321,127.146822,11636755,https://map.naver.com/p/entry/place/11636755,36.8102415,127.1464289,high,천안역 경부선,충남 천안시 동남구 대흥로 239 충남 천안시 동남구 대흥동 57-1,verified,false,
신창풍차해안,제주 제주시 한경면 신창리 1314,33.344068,126.175438,13481087,https://map.naver.com/p/entry/place/13481087,33.3453012,126.1775194,high,신창 풍차해안,제주 제주시 한경면 신창리 1290-3,verified,false,
혼디인2714 감귤체험카페,제주 제주시 한경면 고조로 402,33.324463,126.215299,1686631473,https://map.naver.com/p/entry/place/1686631473,33.3244548,126.2151694,high,혼디인2714 감귤체험카페,제주 제주시 한경면 고조로 402 제주 제주시 한경면 조수리 2714,verified,false,
금능어촌계복지회관,제주 제주시 한림읍 금능7길 22,33.389929,126.227797,16866600,https://map.naver.com/p/entry/place/16866600,33.3898875,126.2277989,high,금능어촌계복지회관,제주 제주시 한림읍 금능7길 22 제주 제주시 한림읍 금능리 1494-3,verified,false,
한서치안센터,제주 제주시 한림읍 한림로 252,33.388112,126.234243,16866159,https://map.naver.com/p/entry/place/16866159,33.3882826,126.2340926,high,한서치안센터,제주 제주시 한림읍 한림로 252 제주 제주시 한림읍 협재리 2697-3,verified,false,
한림고등학교,제주 제주시 한림읍 월계로 74,33.397751,126.258320,11555743,https://map.naver.com/p/entry/place/11555743,33.3981646,126.2582428,high,한림고등학교,제주 제주시 한림읍 월계로 74 제주 제주시 한림읍 옹포리 777,verified,false,
명월국민학교,제주 제주시 한림읍 명월로 48,33.388903,126.264849,1950641061,https://map.naver.com/p/entry/place/1950641061,33.386703,126.2659104,low,명월민박,제주 제주시 한림읍 명월로4길 5 제주 제주시 한림읍 명월리 1719-1,verified,false,
캠퍼트리 호텔앤리조트,제주 제주시 해안마을서4길 100,33.450554,126.450801,417528935,https://map.naver.com/p/entry/place/417528935,33.453045,126.448895,mid,캠퍼트리 호텔앤리조트,제주 제주시 해안마을서4길 100 제주 제주시 해안동 2502,verified,false,
이호테우등대,제주 제주시 이호일동 375-43,33.501383,126.453233,1387008142,https://map.naver.com/p/entry/place/1387008142,33.5018516,126.4520607,mid,이호테우 빨강말등대,제주 제주시 이호일동 375-43,verified,false,
도두봉,제주 제주시 도두일동 산 2,33.507139,126.468483,13481038,https://map.naver.com/p/entry/place/13481038,33.507985,126.4683496,high,도두봉,제주 제주시 도두항길 4-17 제주 제주시 도두일동 산2,verified,false,
제주국제공항,제주 제주시 공항로 2,33.505936,126.495951,11576965,https://map.naver.com/p/entry/place/11576965,33.5069233,126.4929933,high,제주국제공항,제주 제주시 공항로 2 제주국제공항 제주 제주시 용담이동 2002,verified,false,
제주지방기상청,제주 제주시 만덕로6길 32,33.513929,126.529372,11614054,https://map.naver.com/p/entry/place/11614054,33.5139122,126.5293661,high,제주지방기상청,제주 제주시 일도일동 만덕로6길 32 제주 제주시 일도일동 1186,verified,false,
관음사,제주 제주시 산록북로 660,33.421720,126.558751,13337736,https://map.naver.com/p/entry/place/13337736,33.4237162,126.5584659,high,관음사,제주 제주시 산록북로 660 제주 제주시 아라일동 387,verified,false,
와흘메밀마을,제주 제주시 조천읍 남조로 2455,33.482783,126.650069,1899079851,https://map.naver.com/p/entry/place/1899079851,33.4827871,126.6501203,high,와흘메밀마을협의회,제주 제주시 조천읍 남조로 2455 제주 제주시 조천읍 와흘리 362-16,verified,false,
아프리카게스트하우스,제주 제주시 조천읍 신흥로2길 33,33.548983,126.651672,37383321,https://map.naver.com/p/entry/place/37383321,33.5489768,126.6516736,high,아프리카 게스트하우스,제주 제주시 조천읍 신흥로2길 33 제주 제주시 조천읍 신흥리 62-1,verified,false,
대풍미락 함덕본점,제주 제주시 조천읍 조함해안로 446,33.545417,126.662041,19867519,https://map.naver.com/p/entry/place/19867519,33.5454582,126.6620624,high,대풍미락 함덕본점,제주 제주시 조천읍 조함해안로 446 제주 제주시 조천읍 함덕리 1028,verified,false,
신한당약국,제주 제주시 조천읍 신북로 530,33.541502,126.666362,13177407,https://map.naver.com/p/entry/place/13177407,33.541533,126.666462,high,신한당약국,제주 제주시 조천읍 신북로 530 제주 제주시 조천읍 함덕리 1277-2,verified,false,
김녕바닷길,제주 제주시 구좌읍 김녕로1길 51-6,33.558080,126.748841,,,,,failed,,,not_matched,false,
세기알해변,제주 제주시 구좌읍 김녕로17길 37-7,33.558855,126.753788,1901531110,https://map.naver.com/p/entry/place/1901531110,33.5579426,126.7555313,high,세기알 해변,제주 제주시 구좌읍 김녕리 1200-5,verified,false,
올레길20코스,제주 제주시 구좌읍 김녕리 1200-5,33.557706,126.756298,30893055,https://map.naver.com/p/entry/place/30893055,33.5542499,126.8054499,low,제주올레길20코스,제주 제주시 구좌읍 행원동길 22 제주 제주시 구좌읍 행원리 768,verified,false,
돌담넘어당근,제주 제주시 구좌읍 대수길 22,33.536480,126.838270,1024217023,https://map.naver.com/p/entry/place/1024217023,33.5364818,126.8382698,low,돌담너머당근,제주 제주시 구좌읍 대수길 22 제주 제주시 구좌읍 평대리 2033-6,verified,false,
해맞이해안로,제주 제주시 구좌읍 월정리 1400-36,33.563992,126.775990,,,,,failed,,,not_matched,false,
구좌읍사무소,제주 제주시 일주동로 3116,33.522139,126.851886,12884356,https://map.naver.com/p/entry/place/12884356,33.522567,126.8520369,high,구좌읍사무소,제주 제주시 구좌읍 일주동로 3116 제주 제주시 구좌읍 세화리 1561-7,verified,false,
일주동로,제주 제주시 구좌읍 일주동로 3121,33.523004,126.853060,,,,,failed,,,not_matched,false,
세화크리스탈모텔,제주 제주시 구좌읍 세화1길 15,33.524923,126.854166,820001317,https://map.naver.com/p/entry/place/820001317,33.5249475,126.8541576,high,세화크리스탈모텔,제주 제주시 구좌읍 세화1길 15 제주 제주시 구좌읍 세화리 3648-1,verified,false,
별방진,제주 제주시 구좌읍 하도3길 108-15,33.526598,126.882483,20059158,https://map.naver.com/p/entry/place/20059158,33.5262975,126.8842922,high,별방진,제주 제주시 구좌읍 하도리 3354,verified,false,
종달어촌계,제주 제주시 구좌읍 종달논길 32,33.493700,126.901157,16880764,https://map.naver.com/p/entry/place/16880764,33.4936954,126.9011477,high,종달어촌계,제주 제주시 구좌읍 종달논길 32 제주 제주시 구좌읍 종달리 958-2,verified,false,
종달논길,제주 제주시 구좌읍 종달논길 48,33.492766,126.900095,,,,,failed,,,not_matched,false,
비밀의숲,제주 제주시 구좌읍 송당리 2173,33.453713,126.755313,1104457165,https://map.naver.com/p/entry/place/1104457165,33.4541839,126.7556064,high,비밀의숲,제주 제주시 구좌읍 송당리 2173,verified,false,
시흥리,제주 서귀포시 성산읍 시흥상동로68번길 10,33.476142,126.898027,1998255367,https://map.naver.com/p/entry/place/1998255367,33.4772372,126.8959117,high,시흥리정류장,제주 서귀포시 성산읍 시흥리,verified,false,
제주해양동물박물관,제주 서귀포시 성산읍 서성일로 689-21,33.429486,126.855127,1189851220,https://map.naver.com/p/entry/place/1189851220,33.4293498,126.8551372,high,제주해양동물박물관,제주 서귀포시 성산읍 서성일로 689-21 제주 서귀포시 성산읍 수산리 3233,verified,false,
성산포우체국,제주 서귀포시 성산읍 성산중앙로 42,33.463393,126.933803,13306285,https://map.naver.com/p/entry/place/13306285,33.4632771,126.933864,high,성산포우체국,제주 서귀포시 성산읍 성산중앙로 42 성산포우체국 제주 서귀포시 성산읍 성산리 195,verified,false,
오조포구 앞,제주 서귀포시 성산읍 오조리,33.461343,126.906686,,,,,failed,,,not_matched,false,
내수면둑방길,제주 서귀포시 성산읍 고성리 272,33.454938,126.924313,,,,,failed,,,not_matched,false,
서퀴피안 베이커리,제주 서귀포시 성산읍 신양로122번길 17,33.435254,126.921975,,,,,failed,,,not_matched,false,
도댓불,제주 서귀포시 성산읍 환해장성로 531,33.403939,126.903187,,,,,failed,,,not_matched,false,
온평리포구,제주 서귀포시 성산읍 온평포구로 63,33.402485,126.902571,17079517,https://map.naver.com/p/entry/place/17079517,33.4016738,126.9028299,high,온평리포구,제주 서귀포시 성산읍 온평리 1112-1,verified,false,
지환이네수산물,제주 서귀포시 성산읍 신산리 1130-17,33.376000,126.876542,1698199053,https://map.naver.com/p/entry/place/1698199053,33.3818096,126.8800351,low,신산포구 지환이네,제주 서귀포시 성산읍 환해장성로111번길 4 제주 서귀포시 성산읍 신산리 561-1,verified,false,
귤창고,제주 서귀포시 성산읍 삼달신풍로4번길 29,33.365786,126.838429,1725695405,https://map.naver.com/p/entry/place/1725695405,33.5460959,126.7925765,low,귤창고,제주 제주시 구좌읍 일주동로 2500-71 귤밭 제주 제주시 구좌읍 행원리 2462,verified,false,
삼달하동로31번길,제주 서귀포시 성산읍 삼달하동로31번길 23,33.369461,126.872249,,,,,failed,,,not_matched,false,
해안가,제주 서귀포시 성산읍 삼달리 1-14,33.366980,126.871344,1326975621,https://map.naver.com/p/entry/place/1326975621,36.1627005,129.3981728,low,해안가펜션,경북 포항시 북구 흥해읍 해안로1774번길 17 경북 포항시 북구 흥해읍 오도리 105-1,verified,false,
해녀의집,제주 서귀포시 성산읍 삼달하동로32번길 3,33.366216,126.871769,20123074,https://map.naver.com/p/entry/place/20123074,33.4628449,126.9386722,low,해녀의집,제주 서귀포시 성산읍 성산리,verified,false,
삼달하동로32번길,제주 서귀포시 성산읍 삼달하동로32번길 16,33.366860,126.870235,,,,,failed,,,not_matched,false,
덴드리,제주 서귀포시 성산읍 삼달로 28-1,33.369614,126.866050,1936722645,https://map.naver.com/p/entry/place/1936722645,33.3698882,126.8660799,high,덴드리,제주 서귀포시 성산읍 삼달로 28-1 덴드리 제주 서귀포시 성산읍 삼달리 115-11,verified,false,
제주자연사랑미술관,제주 서귀포시 표선면 가시로613번길 46,33.355650,126.771933,12127496,https://map.naver.com/p/entry/place/12127496,33.3554384,126.7716919,high,자연사랑미술관,제주 서귀포시 표선면 가시로613번길 46 제주 서귀포시 표선면 가시리 1924,verified,false,
해비치CC클럽하우스,제주 서귀포시 남원읍 원님로399번길 319,33.362310,126.721898,21274577,https://map.naver.com/p/entry/place/21274577,33.3583571,126.713525,mid,부영CC클럽하우스,제주 서귀포시 남원읍 남조로 960 제주 서귀포시 남원읍 수망리 628-11,verified,false,
망장포,제주 서귀포시 남원읍 하례리,33.282782,126.619242,17074584,https://map.naver.com/p/entry/place/17074584,33.2614437,126.6365767,mid,망장포,제주 서귀포시 남원읍 하례리,verified,false,
법환동 해변,제주 서귀포시 최영로 20-1,33.233436,126.512731,,,,,failed,,,not_matched,false,
한마음식당,제주 서귀포시 태평로335번길 25,33.247027,126.559743,20259715,https://map.naver.com/p/entry/place/20259715,33.2470626,126.5597259,high,한마음식당,제주 서귀포시 태평로335번길 25 제주 서귀포시 서귀동 315-7,verified,false,
롯데호텔 제주,제주 서귀포시 중문관광로72번길 35,33.248600,126.410330,11583214,https://map.naver.com/p/entry/place/11583214,33.2486873,126.4105139,high,롯데호텔 제주,제주 서귀포시 중문관광로72번길 35 롯데호텔 제주 제주 서귀포시 색달동 2812-4,verified,false,
일주서로,제주 서귀포시 일주서로 157,33.249924,126.490788,,,,,failed,,,not_matched,false,
군산오름,제주 서귀포시 안덕면 창천리 산 3-1,33.251597,126.367481,17082282,https://map.naver.com/p/entry/place/17082282,33.2531143,126.3702238,mid,군산오름,제주 서귀포시 안덕면 창천리 564,verified,false,
제주신화월드 S BAR,제주 서귀포시 안덕면 신화역사로304번길 38,33.304973,126.316352,1921326988,https://map.naver.com/p/entry/place/1921326988,33.307081,126.3174041,high,제주신화월드 S BAR,제주 서귀포시 안덕면 신화역사로304번길 38 신화쇼핑스트리트 제주 서귀포시 안덕면 서광리 산24,verified,false,
제주신화월드 호텔앤리조트,제주 서귀포시 안덕면 신화역사로304번길 38,33.304973,126.316352,1497292200,https://map.naver.com/p/entry/place/1497292200,33.3053827,126.3173903,high,랜딩관 제주신화월드 호텔 앤 리조트,제주 서귀포시 안덕면 신화역사로304번길 38 랜딩관 제주 서귀포시 안덕면 서광리 산24,verified,false,
신화가든,제주 서귀포시 안덕면 서광리 산 24-8,33.298961,126.317334,1393106021,https://map.naver.com/p/entry/place/1393106021,35.2279569,128.7657668,low,신화가든,경남 김해시 진례면 서부로 884 신화가든 경남 김해시 진례면 신월리 31,verified,false,
신도포구,제주 서귀포시 대정읍 노을해안로 744,33.277939,126.170915,17069149,https://map.naver.com/p/entry/place/17069149,33.2770615,126.1699534,high,신도포구,제주 서귀포시 대정읍 신도리,verified,false,
가파도,제주 서귀포시 대정읍 가파리 502-3,33.166692,126.269837,13491177,https://map.naver.com/p/entry/place/13491177,33.1710713,126.2686471,mid,가파도,제주 서귀포시 대정읍 가파리,verified,false,
뿔소라공원,제주 서귀포시 대정읍 신도리 3125-5,33.273647,126.172013,,,,,failed,,,not_matched,false,
유인원,제주 서귀포시 대정읍 무영로254번길 17,33.282561,126.224219,1339748332,https://map.naver.com/p/entry/place/1339748332,33.282557,126.2242208,high,유인원,제주 서귀포시 대정읍 무영로254번길 17 제주 서귀포시 대정읍 무릉리 933-14,verified,false,
일과2리경로당,제주 서귀포시 대정읍 서림로 18,33.246868,126.223995,16939845,https://map.naver.com/p/entry/place/16939845,33.2468745,126.2240426,high,일과2리경로당,제주 서귀포시 대정읍 서림로 18 제주 서귀포시 대정읍 일과리 1513-1,verified,false,
디팰리스오피스텔,서울 종로구 새문안로2길 10,37.568703,126.971984,1196713550,https://map.naver.com/p/entry/place/1196713550,35.8488224,127.0804529,low,디팰리스오피스텔,전북 전주시 덕진구 만성북로 51-5 전북 전주시 덕진구 만성동 1345-8,verified,false,
대학로9길,서울 종로구 대학로9길 33,37.581847,127.000185,,,,,failed,,,not_matched,false,
멘츠루 대학로점,서울 종로구 창경궁로26길 39,37.582009,126.999790,1613242699,https://map.naver.com/p/entry/place/1613242699,37.5820066,126.9998393,high,멘츠루 대학로점,서울 종로구 창경궁로26길 39 1층 멘츠루 서울 종로구 명륜4가 154-3,verified,false,
L65호텔 웨딩컨벤션,서울 동대문구 왕산로 200,37.579890,127.046161,13171608,https://map.naver.com/p/entry/place/13171608,37.5798857,127.0461585,high,L65호텔웨딩컨벤션,서울 동대문구 왕산로 200 청량리역 롯데캐슬스카이-L65 타워동 6층 서울 동대문구 전농동 620-47,verified,false,
백작바이피렌체 청담본점,서울 강남구 삼성로 715,37.519658,127.049404,12014076,https://map.naver.com/p/entry/place/12014076,37.519678,127.0494692,high,백작바이피렌체 청담본점,서울 강남구 삼성로 715 제동빌딩 1층 서울 강남구 청담동 47-1,verified,false,
청라동집,인천 서해구 비즈니스로182번길 17-7,37.540022,126.623878,,,,,failed,,,not_matched,false,
청라4교,인천 서해구 청라동 92-31,37.532924,126.627540,31253683,https://map.naver.com/p/entry/place/31253683,37.5329684,126.6275707,high,청라4교,인천 서해구 인천 서해구 청라동,verified,false,
청라대로,인천 서해구 청라동 106-4,37.536019,126.631909,,,,,failed,,,not_matched,false,
청라창해문화공원,인천 서해구 청라동 155-19,37.532972,126.642623,,,,,failed,,,not_matched,false,
솔빛로,인천 서해구 솔빛로 82,37.525421,126.630106,,,,,failed,,,not_matched,false,
청라힐스테이트 정류장(42987),인천 서해구 청라한내로 7,37.525620,126.628093,,,,,failed,,,not_matched,false,
솔빛로 횡단보도,인천 서해구 청라동 103-20,37.525446,126.629396,,,,,failed,,,not_matched,false,
포시즌키친 청라점,인천 서해구 옥빛로15번길 8,37.524684,126.632373,1043332306,https://map.naver.com/p/entry/place/1043332306,37.5246943,126.6323741,high,포시즌키친 청라점,인천 서해구 옥빛로15번길 8 1층 101호 인천 서해구 청라동 105-132,verified,false,
더바타타(폐업),인천 서해구 옥빛로15번길 6,37.524597,126.632003,,,,,failed,,,precheck:closed_place_name,false,
믿담,인천 검단구 푸른로15번길 6,37.524189,126.630644,1098742624,https://map.naver.com/p/entry/place/1098742624,37.5241923,126.6306424,low,믿담,인천 서해구 푸른로15번길 6 1층 인천 서해구 청라동 105-120,verified,false,
낭만주택앞,인천 검단구 푸른로15번길 16,37.524397,126.631353,,,,,failed,,,not_matched,false,
페이지37,인천 서해구 청라에메랄드로41번길 13,37.529058,126.655077,1575997705,https://map.naver.com/p/entry/place/1575997705,37.5291104,126.655091,high,페이지37,인천 서해구 청라에메랄드로41번길 13 1층 101호 인천 서해구 청라동 189-11,verified,false,
한마음병원,인천 계양구 계양대로 51,37.528361,126.722058,11559148,https://map.naver.com/p/entry/place/11559148,37.5283776,126.7221248,high,한마음병원,인천 계양구 계양대로 51 한마음병원 인천 계양구 작전동 865-35,verified,false,
메가박스 인천학익점,인천 미추홀구 학익로80번길 11,37.440225,126.646394,1597897675,https://map.naver.com/p/entry/place/1597897675,37.4416082,126.6488694,high,메가박스 인천학익점,인천 미추홀구 학익로80번길 11 시티오씨엘 3단지 지하 1층,verified,false,
아르도레,인천 연수구 신송로 160,37.398018,126.649196,1397846821,https://map.naver.com/p/entry/place/1397846821,37.3980251,126.6491938,high,아르도레,"인천 연수구 신송로 160 1층 107호, 108호 인천 연수구 송도동 20-17",verified,false,
호수1교,인천 연수구 송도동 31,37.394779,126.631760,16634329,https://map.naver.com/p/entry/place/16634329,37.3948753,126.6339298,high,호수1교,인천 연수구 송도동,verified,false,
센트럴파크,인천 연수구 송도동 31,37.394779,126.631760,1343536566,https://map.naver.com/p/entry/place/1343536566,37.3848607,126.6427434,mid,센트럴파크,인천 연수구 하모니로138번길 11 인천 연수구 송도동 8-20,verified,false,
송도 아트포레 푸르지오시티,인천 연수구 인천타워대로 257,37.393762,126.633308,37114317,https://map.naver.com/p/entry/place/37114317,37.3936436,126.6321228,high,송도아트포레푸르지오시티,인천 연수구 인천타워대로 257 인천 연수구 송도동 84-2,verified,false,
호야네케이크앞,인천 연수구 송도동 85,37.393191,126.630756,,,,,failed,,,not_matched,false,
인천도시역사관 앞,인천 연수구 인천타워대로 238,37.392813,126.635889,,,,,failed,,,not_matched,false,
컨벤시아대로,인천 연수구 컨벤시아대로 177,37.388314,126.643324,,,,,failed,,,not_matched,false,
센트럴로,인천 연수구 센트럴로 232,37.397422,126.636641,,,,,failed,,,not_matched,false,
국립세계문자박물관앞 횡단보도,인천 연수구 센트럴로 217,37.394709,126.637887,,,,,failed,,,not_matched,false,
인천타워대로,인천 연수구 인천타워대로 185,37.387932,126.637184,,,,,failed,,,not_matched,false,
밥상편지 송도점,인천 연수구 하모니로 124,37.385662,126.645167,1154902162,https://map.naver.com/p/entry/place/1154902162,37.3856476,126.6451373,high,밥상편지 송도점,인천 연수구 하모니로 124 3층 인천 연수구 송도동 8-19,verified,false,
트리플스트리트B동,인천 연수구 송도과학로16번길 33-2,37.380445,126.660232,38242823,https://map.naver.com/p/entry/place/38242823,37.3804524,126.6602357,high,트리플스트리트B동,인천 연수구 송도과학로16번길 33-2 인천 연수구 송도동 174-3,verified,false,
트리플스트리트D동,인천 연수구 송도과학로16번길 33-4,37.378661,126.662842,38242831,https://map.naver.com/p/entry/place/38242831,37.3786389,126.6628749,high,트리플스트리트D동,인천 연수구 송도과학로16번길 33-4 인천 연수구 송도동 176-5,verified,false,
AIT센터,인천 연수구 송도과학로 80,37.379653,126.665958,1478106821,https://map.naver.com/p/entry/place/1478106821,37.3798877,126.6661553,high,송도AIT센터,인천 연수구 송도과학로 80 인천 연수구 송도동 172-6,verified,false,
대광철물,경기 연천군 신서면 도대로7번길 59,38.184521,127.106429,19145901,https://map.naver.com/p/entry/place/19145901,38.1846004,127.1064433,high,대광철물상회,경기 연천군 신서면 도대로7번길 57 경기 연천군 신서면 도신리 290-28,verified,false,
니지모리스튜디오,경기 동두천시 천보산로 567-12,37.879202,127.092002,1823829611,https://map.naver.com/p/entry/place/1823829611,37.8792025,127.0920022,high,니지모리스튜디오,경기 동두천시 천보산로 567-12 니지모리스튜디오 경기 동두천시 탑동동 885-12,verified,false,
와석순환로,경기 파주시 와석순환로 417,37.723412,126.751783,,,,,failed,,,not_matched,false,
킨텍스,경기 고양시 일산서구 킨텍스로 217-59,37.664695,126.742064,11853778,https://map.naver.com/p/entry/place/11853778,37.669119,126.7460896,mid,킨텍스,"경기 고양시 일산서구 킨텍스로 217-60 , 1층 경기 고양시 일산서구 대화동 2600",verified,false,
펫워크,경기 고양시 일산서구 주엽로 80,37.666063,126.756436,1565751324,https://map.naver.com/p/entry/place/1565751324,37.6664306,126.755899,high,펫워크,"경기 고양시 일산서구 주엽로 80 고양호수공원 가로수길 상가 A동 1층 131호,132호 경기 고양시 일산서구 대화동 1050-185",verified,false,
한류월드로,경기 고양시 일산동구 장항동 1871,37.662320,126.752903,,,,,failed,,,not_matched,false,
라피아노,경기 김포시 모담공원로28번길 46-42,37.650002,126.686827,593195449,https://map.naver.com/p/entry/place/593195449,37.6502404,126.686065,high,운양역라피아노,경기 김포시 모담공원로28번길 46-34 라피아노 경기 김포시 운양동 1341-45,verified,false,
오이도로(CG),경기 시흥시 오이도로 143,37.348014,126.688911,,,,,failed,,,not_matched,false,
오이도횟집,경기 시흥시 오이도로 127,37.348045,126.690174,11589151,https://map.naver.com/p/entry/place/11589151,37.3480529,126.690188,high,오이도횟집,경기 시흥시 오이도로 127 오이도횟집 경기 시흥시 정왕동 1972-5,verified,false,
칠링더데이,경기 수원시 팔달구 화서문로41번길 15-14,37.286168,127.011809,1637762924,https://map.naver.com/p/entry/place/1637762924,37.2861586,127.0116909,high,칠링더데이,경기 수원시 팔달구 화서문로41번길 15-14 1층 경기 수원시 팔달구 장안동 103-3,verified,false,
화서문로,경기 수원시 팔달구 화서문로42번길 1,37.285142,127.012721,,,,,failed,,,not_matched,false,
빌리브하남 오피스텔,경기 하남시 덕풍서로 80,37.553550,127.205966,1602880267,https://map.naver.com/p/entry/place/1602880267,37.5534793,127.2056891,high,빌리브하남,경기 하남시 덕풍서로 80 경기 하남시 덕풍동 735,verified,false,
GS25 동탄타워점,경기 화성시 동탄구 동탄첨단산업1로 27,37.210865,127.089446,1782577631,https://map.naver.com/p/entry/place/1782577631,37.2109757,127.0895601,high,GS25 동탄타워점,경기 화성시 동탄구 동탄첨단산업1로 27 A동 2호 (영천동 281) 경기 화성시 동탄구 영천동 823-6,verified,false,
세븐일레븐 동탄반도유보라점,경기 화성시 동탄구 동탄광역환승로 73,37.202886,127.090020,2065484097,https://map.naver.com/p/entry/place/2065484097,37.2030919,127.0915861,high,세븐일레븐 동탄반도유보라점,경기 화성시 동탄구 동탄광역환승로 73 경기 화성시 동탄구 오산동 973,verified,false,
제이드가든,강원 춘천시 남산면 햇골길 80,37.832747,127.542141,19928010,https://map.naver.com/p/entry/place/19928010,37.8324653,127.5423521,high,제이드가든,강원 춘천시 남산면 햇골길 80 강원 춘천시 남산면 서천리 412,verified,false,
스카이어드벤처,충북 충주시 앙성면 단암길 19-1,37.193752,127.743557,1819027550,https://map.naver.com/p/entry/place/1819027550,37.2672544,127.0307433,low,스카이어드벤처,경기 수원시 팔달구 인계로 120 경기 수원시 팔달구 인계동 1035-5,verified,false,
아난티 코브,부산 기장군 기장읍 기장해안로 268-31,35.200164,129.228896,41332596,https://map.naver.com/p/entry/place/41332596,35.1994595,129.2286584,high,아난티 코브,부산 기장군 기장읍 기장해안로 268-31 부산 기장군 기장읍 시랑리 704,verified,false,
기장해안로,부산 해운대구 송정동 288-52,35.181302,129.205806,,,,,failed,,,not_matched,false,
루아앤티그리,부산 해운대구 청사포로67번길 99,35.162361,129.192430,1212481537,https://map.naver.com/p/entry/place/1212481537,35.1622983,129.1916549,high,루아앤티그리,부산 해운대구 청사포로67번길 99 루아앤티그리 부산 해운대구 중동 505-3,verified,false,
마린시티1로(1),부산 해운대구 마린시티1로 147,35.156488,129.147493,,,,,failed,,,not_matched,false,
마린시티1로(2),부산 해운대구 마린시티3로 37,35.155449,129.146607,,,,,failed,,,not_matched,false,
부산역,부산 동구 중앙대로 206,35.117605,129.045060,13479631,https://map.naver.com/p/entry/place/13479631,35.1151869,129.0416007,mid,부산역 (고속철도),"부산 동구 중앙대로 206 , 1층 부산 동구 초량동 1187-1",verified,false,
보수동 책방골목,부산 중구 대청로 63-1,35.103208,129.027035,12848261,https://map.naver.com/p/entry/place/12848261,35.1034349,129.0265654,high,보수동책방골목,부산 중구 대청로 67-1 부산 중구 보수동1가 136-9,verified,false,
카페385,부산 영도구 태종로 539,35.084266,129.076290,1346620537,https://map.naver.com/p/entry/place/1346620537,35.0844856,129.0763138,high,카페 385,부산 영도구 태종로 539 부산 영도구 동삼동 176-2,verified,false,
레드펄스 부산점,부산 영도구 해양로117번길 1,35.094734,129.067323,538826275,https://map.naver.com/p/entry/place/538826275,35.0946875,129.0672799,high,레드펄스 부산점,부산 영도구 해양로117번길 1 부산 영도구 청학동 1-103,verified,false,
계단위푸른집,부산 사하구 감내1로243번길 3,35.098215,129.009686,842218179,https://map.naver.com/p/entry/place/842218179,35.0982186,129.0096611,high,계단위푸른집,부산 사하구 감내1로243번길 3 계단위푸른집 부산 사하구 감천동 2-89,verified,false,
감내1로,부산 사하구 감내1로 249,35.097869,129.010010,,,,,failed,,,not_matched,false,
감천문화마을 골목,부산 사하구 감천동 산 96-3,35.097272,129.009831,,,,,failed,,,not_matched,false,
감천문화마을,부산 사하구 감내2로 142,35.098337,129.008810,21884707,https://map.naver.com/p/entry/place/21884707,35.0986415,129.0104393,high,감천문화마을,부산 사하구 감내2로 203 감천문화마을안내센터 부산 사하구 감천동 1-14,verified,false,
브라운핸즈 도곡점,서울 강남구 논현로26길 48,37.483948,127.046075,35546295,https://map.naver.com/p/entry/place/35546295,37.4839525,127.0460932,high,브라운핸즈 도곡점,서울 강남구 논현로26길 48 서울 강남구 도곡동 458,verified,false,
뮈렌,서울 강남구 봉은사로2길 31 2층,37.502610,127.026544,1766925177,https://map.naver.com/p/entry/place/1766925177,35.1859905,128.0858634,low,카페 뮈렌,경남 진주시 망경로297번길 8 경남 진주시 강남동 117-4,verified,false,
맥도날드,서울 광진구 아차산로 376,37.536433,127.084487,1467839439,https://map.naver.com/p/entry/place/1467839439,37.5572815,127.0419096,low,맥도날드 한양대,서울 성동구 왕십리로 227 서울 성동구 행당동 31-7,verified,false,
성공회대,서울 구로구 항동 1-1,37.487431,126.826108,11591586,https://map.naver.com/p/entry/place/11591586,37.4877973,126.8255597,high,성공회대학교,서울 구로구 연동로 320 서울 구로구 항동 1-1,verified,false,
최규하대통령가옥,서울 마포구 동교로15길 10,37.555341,126.914923,18782279,https://map.naver.com/p/entry/place/18782279,37.5552807,126.9149516,mid,서교동최규하대통령가옥,서울 마포구 서교동,verified,false,
한국기원,서울 성동구 홍익동 315,37.566180,127.033011,1557342062,https://map.naver.com/p/entry/place/1557342062,37.5662594,127.0327232,high,한국기원 신관,서울 성동구 마장로 208 서울 성동구 홍익동 315-1,verified,false,
내마음의풍차,서울 성북구 종암로 107,37.599690,127.033897,1261657500,https://map.naver.com/p/entry/place/1261657500,37.599738,127.033896,high,내마음의 풍차,서울 성북구 종암로 107 (종암동) 지하1층 서울 성북구 종암동 87-3 지하1층,verified,false,
경찰병원,서울 송파구 송이로 123,37.496415,127.123487,19512687,https://map.naver.com/p/entry/place/19512687,37.4963836,127.1235089,high,경찰병원,서울 송파구 송이로 123 국립경찰병원 서울 송파구 가락동 58,verified,false,
공군회관,서울 영등포구 여의대방로 259,37.510246,126.924133,20941499,https://map.naver.com/p/entry/place/20941499,37.510084,126.9246525,low,CU 공군회관점,"서울 동작구 알마타길 6 (대방동, 신동아파밀리에하늘마루아파트) 106호 서울 동작구 대방동 354-1 신동아파밀리에하늘마루아파트 106호",verified,false,
앙카라공원,서울 영등포구 여의도동 56,37.517529,126.930460,19699938,https://map.naver.com/p/entry/place/19699938,37.5177329,126.9302894,high,앙카라공원,서울 영등포구 여의대방로 372-1 서울 영등포구 여의도동 56,verified,false,
후암동 골목,서울 용산구 한강대로102다길 33,37.548117,126.974960,,,,,failed,,,not_matched,false,
후암동 골목,서울 용산구 한강대로102다길 34,37.547908,126.974759,,,,,failed,,,not_matched,false,
코스모스,서울 은평구 구산동 1-16,37.610551,126.916580,32708936,https://map.naver.com/p/entry/place/32708936,37.6105424,126.9165959,high,코스모스분식,서울 은평구 연서로15길 2 서울 은평구 구산동 1-16,verified,false,
혜화칼국수,서울 종로구 혜화동 84-3,37.586565,127.001516,11678822,https://map.naver.com/p/entry/place/11678822,37.5865774,127.001542,high,혜화칼국수,서울 종로구 창경궁로35길 13 서울 종로구 혜화동 84-3,verified,false,
서부트럭터미널,서울 양천구 신정로 167,37.509345,126.841884,1246996332,https://map.naver.com/p/entry/place/1246996332,37.5093497,126.841895,high,서부트럭터미널,서울 양천구 신정로 167 서울 양천구 신정동 1315,verified,false,
여의도환승센터,서울 영등포구 여의도동 2-11,37.525698,126.924241,34975485,https://map.naver.com/p/entry/place/34975485,37.5259892,126.9240591,high,여의도환승센터,서울 영등포구 여의도동,verified,false,
위플168,서울 용산구 원효로 7,37.534714,126.945260,1211440775,https://map.naver.com/p/entry/place/1211440775,37.5347272,126.9452536,high,위플168,서울 용산구 원효로 7 4층 서울 용산구 청암동 168-24,verified,false,
서강대교 북단,서울 마포구 신정동,37.543162,126.930333,18780221,https://map.naver.com/p/entry/place/18780221,37.5430333,126.9306,high,서강대교북단교차로,서울 마포구 신정동,verified,false,
서교가든숯불갈비,서울 마포구 잔다리로 83,37.554685,126.915772,1972741636,https://map.naver.com/p/entry/place/1972741636,37.5546859,126.9157823,high,서교가든숯불갈비,서울 마포구 잔다리로 83 1층 서울 마포구 서교동 466-20,verified,false,
네버마인드,서울 마포구 동교로22길 14,37.555102,126.918812,2000625045,https://map.naver.com/p/entry/place/2000625045,37.5601363,126.9209577,mid,네버마인드,서울 마포구 동교로27길 53 지하1층 서울 마포구 연남동 565-15,verified,false,
에일크루,서울 마포구 와우산로37길 7,37.555896,126.930456,1244023937,https://map.naver.com/p/entry/place/1244023937,37.5243116,126.8940058,low,에일크루브루잉 양조장,서울 영등포구 양산로 96 산경물산 A46호 에일크루브루잉 서울 영등포구 당산동2가 47-4,verified,false,
홍제천길,서울 서대문구 홍제동 266-271,37.592085,126.944680,,,,,failed,,,not_matched,false,
스위스그랜드호텔 수영장,서울 서대문구 연희로 353,37.589378,126.935518,20316340,https://map.naver.com/p/entry/place/20316340,37.5891537,126.9341966,high,스위스 그랜드 호텔수영장,서울 서대문구 연희로 353 서울 서대문구 홍은동 201-1,verified,false,
원일아파트,서울 서대문구 통일로 476,37.590740,126.942412,31397378,https://map.naver.com/p/entry/place/31397378,37.590801,126.9424339,high,원일아파트,서울 서대문구 통일로 476 서울 서대문구 홍제동 294-36,verified,false,
유진상가,서울 서대문구 통일로 484,37.591574,126.943076,13305205,https://map.naver.com/p/entry/place/13305205,37.5914542,126.9425376,high,유진상가,서울 서대문구 통일로 484 서울 서대문구 홍제동 294-46,verified,false,
세검초등학교 정류장,서울 종로구 진흥로 497,37.604316,126.961513,,,,,failed,,,not_matched,false,
평창동 집,서울 종로구 평창11길 51,37.609946,126.966073,2091187716,https://map.naver.com/p/entry/place/2091187716,37.6104692,126.9707545,low,평창동의봄,서울 종로구 평창20길 41 1층 서울 종로구 평창동 512-7,verified,false,
청계천,서울 종로구 서린동 148,37.569266,126.978991,13491093,https://map.naver.com/p/entry/place/13491093,37.5696512,127.0056375,mid,청계천,서울 종로구 창신동,verified,false,
무교로,서울 중구 무교로 32,37.568766,126.979562,,,,,failed,,,not_matched,false,
장통교,서울 중구 남대문로10길 51,37.568064,126.985387,18689049,https://map.naver.com/p/entry/place/18689049,37.5683787,126.9856544,mid,장통교,서울 중구 삼각동,verified,false,
미레에셋센터원,서울 중구 을지로5길 26,37.567340,126.985209,36462427,https://map.naver.com/p/entry/place/36462427,37.5673083,126.9850957,mid,미래에셋센터원,서울 중구 을지로5길 26 서울 중구 수하동 67,verified,false,
한화빌딩,서울 중구 청계천로 86,37.567521,126.986527,18689239,https://map.naver.com/p/entry/place/18689239,37.5674605,126.9865371,high,한화빌딩,서울 중구 청계천로 86 한화빌딩 서울 중구 장교동 1,verified,false,
미니스톱 앞,서울 종로구 청계천로 61,37.568981,126.984314,,,,,failed,,,not_matched,false,
공평동꼼장어 직영 1호점,서울 종로구 청계천로 63,37.568874,126.984560,1606944626,https://map.naver.com/p/entry/place/1606944626,37.5692954,126.984537,mid,공평동꼼장어 직영 1호점,서울 종로구 삼일대로17길 52 2층 서울 종로구 관철동 19-20,verified,false,
리플린,서울 종로구 북촌로4길 2,37.578969,126.985381,1541722263,https://map.naver.com/p/entry/place/1541722263,37.5814719,126.9807753,mid,리플린,서울 종로구 삼청로 63-1 1층 서울 종로구 팔판동 156,verified,false,
재동초앞 삼거리,서울 종로구 재동 23,37.579419,126.985452,,,,,failed,,,not_matched,false,
더블컵커피,서울 종로구 창덕궁1길 35,37.579269,126.987226,,,,,failed,,,not_matched,false,
곳 게스트하우스,서울 종로구 계동길 52-11,37.579701,126.987316,21593025,https://map.naver.com/p/entry/place/21593025,35.8419238,129.2160192,low,경주 바람곳 게스트하우스,경북 경주시 원효로 137 경북 경주시 황오동 287,verified,false,
카비네,서울 종로구 북촌로6길 30,37.580272,126.986413,1124847990,https://map.naver.com/p/entry/place/1124847990,37.5802564,126.9864659,high,카비네,서울 종로구 북촌로6길 30 3층 서울 종로구 계동 93-1,verified,false,
더한옥,서울 종로구 계동길 75,37.580660,126.986695,33118794,https://map.naver.com/p/entry/place/33118794,37.5806586,126.9866977,high,더한옥,서울 종로구 계동길 75 서울 종로구 계동 78-1,verified,false,
비담,서울 종로구 북촌로8길 5,37.581070,126.985458,2092654370,https://map.naver.com/p/entry/place/2092654370,37.2590405,127.0176954,low,비담,경기 수원시 권선구 세지로 81 1층 1호 경기 수원시 권선구 세류동 854-12,verified,false,
촌,서울 종로구 인사동14길 19,37.574990,126.985113,2097657708,https://map.naver.com/p/entry/place/2097657708,37.5050522,127.022335,low,촌,서울 서초구 사평대로55길 21-2 1동 201호 서울 서초구 반포동 739-19,verified,false,
누리,서울 종로구 인사동14길 23,37.575013,126.985248,1983584598,https://map.naver.com/p/entry/place/1983584598,37.5749811,126.9852423,mid,누리 한식 수제 반찬,서울 종로구 인사동14길 23 서울 종로구 관훈동 84-12,verified,false,
인사동그집 골목,서울 종로구 인사동12길 3,37.574465,126.984650,,,,,failed,,,not_matched,false,
성지빌딩,서울 종로구 인사동길 39,37.573798,126.984950,1220266825,https://map.naver.com/p/entry/place/1220266825,37.5638047,126.9989935,low,성지빌딩,서울 중구 퇴계로45길 27 서울 중구 예관동 70-21,verified,false,
세운상가 3층,서울 중구 을지로 157,37.567146,126.995451,,,,,failed,,,not_matched,false,
이화벽화마을,서울 종로구 이화동 9-244,37.576893,127.007621,13519224,https://map.naver.com/p/entry/place/13519224,37.5780674,127.0071351,mid,이화마을,서울 종로구 이화장길 70-11 서울 종로구 동숭동 199-10,verified,false,
파란마트,서울 강북구 삼양로173길 53,37.662161,127.009759,18618847,https://map.naver.com/p/entry/place/18618847,37.6621759,127.0097657,high,파란마트,서울 강북구 삼양로173길 53 서울 강북구 우이동 158-2,verified,false,
삼광빌라,서울 강북구 삼양로173길 69,37.661912,127.008849,18617997,https://map.naver.com/p/entry/place/18617997,37.6619338,127.0090111,high,삼광빌라,서울 강북구 삼양로173길 65 서울 강북구 우이동 154-89,verified,false,
영등포고 뒷골목,서울 동작구 등용로4길 81-10,,,,,,,failed,,,not_matched,false,
한강대교,서울 동작구 본동 475,37.514435,126.957156,18726054,https://map.naver.com/p/entry/place/18726054,37.5175183,126.9588201,low,한강대교,서울 용산구 이촌동,verified,false,
큰길타워빌딩 앞,서울 강남구 테헤란로 223,37.502400,127.040673,,,,,failed,,,not_matched,false,
파르나스타워,서울 강남구 테헤란로 521,37.509192,127.060807,34354706,https://map.naver.com/p/entry/place/34354706,37.5096482,127.0612026,high,파르나스타워,서울 강남구 테헤란로 521 서울 강남구 삼성동 159-8,verified,false,
프리데카 라운지,서울 강남구 도산대로57길 8,37.524138,127.041443,,,,,failed,,,not_matched,false,
조이그라이슨 도산,서울 강남구 언주로168길 20,37.526073,127.035148,1170845881,https://map.naver.com/p/entry/place/1170845881,37.5261536,127.0352254,high,조이그라이슨 도산,서울 강남구 언주로168길 20 서울 강남구 신사동 645-10,verified,false,
롯데월드,서울 송파구 올림픽로 240,37.511310,127.098142,1770803178,https://map.naver.com/p/entry/place/1770803178,37.5112722,127.0983067,high,롯데월드몰,서울 송파구 올림픽로 240 서울 송파구 잠실동 40-1,verified,false,
파라다이스시티,인천 영종구 영종해안남로321번길 186,37.437412,126.455555,304210835,https://map.naver.com/p/entry/place/304210835,37.4372949,126.455732,high,파라다이스시티,인천 영종구 영종해안남로321번길 186 인천 영종구 운서동 2874,verified,false,
양주시립민복진미술관,경기 양주시 장흥면 권율로 192,37.731155,126.949330,1401368469,https://map.naver.com/p/entry/place/1401368469,37.7311548,126.9493295,high,양주시립민복진미술관,경기 양주시 장흥면 권율로 192 양주시립민복진미술관 경기 양주시 장흥면 석현리 394,verified,false,
직천 낚시터,경기 파주시 법원읍 만월로 537-29,37.896213,126.923353,19307423,https://map.naver.com/p/entry/place/19307423,37.896198,126.9233278,mid,직천낚시터매점,경기 파주시 법원읍 만월로 537-29 경기 파주시 법원읍 직천리 462,verified,false,
문발동 집,경기 파주시 유채꽃길 72,37.722294,126.704879,,,,,failed,,,not_matched,false,
교하로,경기 파주시 동패동 1833,37.715182,126.739050,,,,,failed,,,not_matched,false,
퍼스트가든 그린하우스,경기 파주시 탑삭골길 260,37.732645,126.794974,1236083807,https://map.naver.com/p/entry/place/1236083807,37.7323632,126.793101,high,퍼스트가든그린하우스,경기 파주시 탑삭골길 260 경기 파주시 상지석동 1086-2,verified,false,
와석순환로/가온지하차도,경기 파주시 와석순환로172번길 7-25,37.714750,126.740192,,,,,failed,,,not_matched,false,
청아공원,경기 고양시 일산동구 은마길 129,37.719010,126.806058,11709085,https://map.naver.com/p/entry/place/11709085,37.7193594,126.8056991,high,청아공원,경기 고양시 일산동구 은마길 129 경기 고양시 일산동구 설문동 478-11,verified,false,
GS25 정발산공원점,경기 고양시 일산동구 일산로463번길 51-1,37.672207,126.774400,38344559,https://map.naver.com/p/entry/place/38344559,37.6721965,126.7744041,high,GS25 정발산공원점,경기 고양시 일산동구 일산로463번길 51-1 1층 경기 고양시 일산동구 정발산동 1161,verified,false,
까멜,경기 고양시 일산동구 중앙로1261번길 17,37.658020,126.772808,1448209989,https://map.naver.com/p/entry/place/1448209989,37.6703649,126.7496994,low,까멜리아,경기 고양시 일산서구 호수로838번길 7-6 경기 고양시 일산서구 대화동 2292-7,verified,false,
다온프라자,경기 김포시 김포한강9로 80,37.644123,126.626053,1934764970,https://map.naver.com/p/entry/place/1934764970,37.6440685,126.6260668,high,다온프라자,경기 김포시 김포한강9로 80 경기 김포시 구래동 6883-8,verified,false,
한강어린이15공원,경기 김포시 운양동 1315-1,37.651106,126.690711,991082504,https://map.naver.com/p/entry/place/991082504,37.6508241,126.6910749,high,한강어린이15공원,경기 김포시 운양동,verified,false,
소화묘원,경기 남양주시 조안면 다산로 363,37.531554,127.279256,21542433,https://map.naver.com/p/entry/place/21542433,37.5320917,127.28205,mid,천주교신당동성당소화묘원,경기 남양주시 조안면 다산로 363 경기 남양주시 조안면 능내리 산10,verified,false,
더힐하우스,경기 양평군 강하면 강남로 489,37.505707,127.438220,11556918,https://map.naver.com/p/entry/place/11556918,37.5056142,127.4400055,high,더힐하우스,경기 양평군 강하면 강남로 489 경기 양평군 강하면 전수리 17-3,verified,false,
수원전통문화관 옆골목,경기 수원시 팔달구 정조로 893,37.287551,127.014492,,,,,failed,,,not_matched,false,
조이너스 시화점,경기 시흥시 중심상가로 199,37.344011,126.737242,1240515220,https://map.naver.com/p/entry/place/1240515220,37.3439851,126.7371735,high,조이너스 시화점,경기 시흥시 중심상가로 199 지성빌딩 경기 시흥시 정왕동 1737-21,verified,false,
그린오브,경기 성남시 분당구 미금로 48 2층,37.337755,127.116506,1452503682,https://map.naver.com/p/entry/place/1452503682,37.3378416,127.1166397,high,그린오브,경기 성남시 분당구 미금로 48 오성프라자 2층 204호 경기 성남시 분당구 구미동 205-1,verified,false,
더스윙블랙 용인보정점,경기 용인시 기흥구 죽전로 2,37.320215,127.108971,,,,,failed,,,not_matched,false,
용구대로,경기 용인시 기흥구 죽현로 8-22,37.319771,127.108965,,,,,failed,,,not_matched,false,
정원생활,경기 용인시 처인구 백암면 백원로 436,37.159677,127.361619,1734591490,https://map.naver.com/p/entry/place/1734591490,37.5248845,126.961954,low,정원생활문화연구소,서울 용산구 한강대로7길 22-6 (한강로3가) 102-2호 서울 용산구 한강로3가 40-316 102-2호,verified,false,
마임비전빌리지 스테이지풀,경기 여주시 세종대왕면 용은리 444-6,37.289690,127.539340,19322052,https://map.naver.com/p/entry/place/19322052,37.2893059,127.539009,high,마임비전빌리지스테이지풀,경기 여주시 세종대왕면 용은리 444-6,verified,false,
마임비전빌리지 돌담가든,경기 여주시 세종대왕면 용은리 444-6,37.289690,127.539340,,,,,failed,,,not_matched,false,
마임비전빌리지 흙집돌집,경기 여주시 세종대왕면 용은리 444-6,37.289690,127.539340,,,,,failed,,,not_matched,false,
세이지우드 홍천,강원 홍천군 두촌면 광석로 898-87,37.885094,128.110062,1194921077,https://map.naver.com/p/entry/place/1194921077,37.8859653,128.1186712,mid,세이지우드 홍천,강원 홍천군 두촌면 광석로 898-160 강원 홍천군 두촌면 괘석리 산25,verified,false,
별별별장,강원 강릉시 하남길 197-18,37.807994,128.886227,1548264552,https://map.naver.com/p/entry/place/1548264552,37.8079914,128.8862236,high,별별별장,강원 강릉시 하남길 197-18 1층 강원 강릉시 안현동 400,verified,false,
충주호리조트,충북 충주시 동량면 호반로 675-20,37.033721,128.040923,31454508,https://map.naver.com/p/entry/place/31454508,36.9895752,128.1953712,low,CU ES충주호리조트점,충북 제천시 수산면 옥순봉로 1248 (능강리) 충북 제천시 수산면 능강리 200-10 능강리,verified,false,
한국테크노링,충남 태안군 남면 기업도시로 1298,36.648080,126.343596,1825296071,https://map.naver.com/p/entry/place/1825296071,36.6485544,126.3382148,mid,한국테크노링,충남 태안군 남면 기업도시로 1298 한국타이어앤테크놀로지 주행시험장 한국테크노링 충남 태안군 남면 양잠리 1275,verified,false,
피스플라워팜,충남 아산시 배방읍 중리길 46,36.742748,127.046949,,,,,failed,,,not_matched,false,
채석강,전북 부안군 변산면 격포리,35.632873,126.473262,4199996923,https://map.naver.com/p/entry/place/4199996923,35.6239996,126.4664019,mid,채석강,전북 부안군 변산면 전북 부안군 변산면 격포리 301-1,verified,false,
고창 메밀밭,전북 고창군 공음면 학원농장길 242-9,35.381047,126.541246,,,,,failed,,,not_matched,false,
옥룡암 대웅전,경북 경주시 탑골길 36,35.815356,129.233247,,,,,failed,,,not_matched,false,
진하해수욕장,울산 울주군 서생면 진하리,35.380871,129.344979,317507758,https://map.naver.com/p/entry/place/317507758,35.3810089,129.3445945,high,진하해수욕장입구,울산 울주군 서생면 진하리,verified,false,
명선도,울산 울주군 서생면 진하리,35.380871,129.344979,16613224,https://map.naver.com/p/entry/place/16613224,35.3858391,129.3505923,mid,명선도,울산 울주군 서생면 진하리 산60,verified,false,
나사리식당,울산 울주군 서생면 나사해안길 15,35.356414,129.335645,1510318845,https://map.naver.com/p/entry/place/1510318845,35.3564135,129.335645,high,나사리식당,울산 울주군 서생면 나사해안길 15 1~2층 울산 울주군 서생면 나사리 317-11,verified,false,
나사등대,울산 울주군 서생면 나사리,35.361483,129.337013,1210794613,https://map.naver.com/p/entry/place/1210794613,35.355882,129.3395843,mid,나사방사제등대,울산 울주군 서생면 나사리 306-29,verified,false,
산청동의보감촌,경남 산청군 금서면 동의보감로555번길 45-6,35.441066,127.829359,19584978,https://map.naver.com/p/entry/place/19584978,35.4407972,127.8287956,high,동의보감촌,경남 산청군 금서면 동의보감로555번길 61 동의보감촌 경남 산청군 금서면 특리 1300-25,verified,false,
무진,경남 함안군 함안면 함안대로 257,35.254910,128.423314,1046772381,https://map.naver.com/p/entry/place/1046772381,35.2549146,128.4233207,high,무진,경남 함안군 함안면 함안대로 257 무진 경남 함안군 함안면 괴산리 541-2,verified,false,
창원한마음병원,경남 창원시 의창구 용동로57번길 8,35.237963,128.698677,1827250027,https://map.naver.com/p/entry/place/1827250027,35.2379183,128.6990592,high,창원한마음병원,경남 창원시 의창구 용동로57번길 8 경남 창원시 의창구 사림동 164-1,verified,false,
소소주점,경기 고양시 일산서구 강성로232번길 8-10,37.675609,126.751944,1162931649,https://map.naver.com/p/entry/place/1162931649,37.6756143,126.7520208,high,소소주점,경기 고양시 일산서구 강성로232번길 8-10 1층 경기 고양시 일산서구 대화동 2186-3,verified,false,
카자구루마,경기 수원시 팔달구 신풍로23번길 61,37.283716,127.011557,,,,,failed,,,not_matched,false,
인천골목,인천 제물포구 송현공원로 92,37.480248,126.642351,,,,,failed,,,not_matched,false,
오복수퍼,서울 마포구 환일1길 16,37.557102,126.960830,1089235323,https://map.naver.com/p/entry/place/1089235323,37.5571173,126.9608099,high,오복수퍼,서울 마포구 환일1길 16 서울 마포구 아현동 714,verified,false,
더리버,서울 서초구 반포동 1338,37.506183,126.986919,1989625705,https://map.naver.com/p/entry/place/1989625705,37.5071007,126.9846684,low,더리버,서울 용산구 올림픽대로 2085-96 THE RIVER 서울 용산구 용산동6가 451,verified,false,
덕수궁돌담길,서울 중구 서소문동 37-4,37.564811,126.974575,,,,,failed,,,not_matched,false,
금호대우아파트203동,서울 성동구 독서당로 272,37.545330,127.017925,18782629,https://map.naver.com/p/entry/place/18782629,37.546066,127.020388,mid,금호동대우아파트,서울 성동구 독서당로 272 서울 성동구 금호동4가 800,verified,false,
외환은행빌딩,서울 중구 서소문로 110,37.562669,126.973564,,,,,failed,,,not_matched,false,
교대이층집 상암점,서울 마포구 월드컵북로48길 19,37.577092,126.894710,1273062221,https://map.naver.com/p/entry/place/1273062221,37.5771111,126.8947437,high,교대이층집 상암점,서울 마포구 월드컵북로48길 19 상암 빌딩 2층 서울 마포구 상암동 15-29,verified,false,
커피빈 앞,서울 마포구 성암로 301,37.582469,126.887938,,,,,failed,,,not_matched,false,
합정역스퀘어리버뷰어피스텔,서울 마포구 양화로 13,37.548844,126.910554,,,,,failed,,,not_matched,false,
미원빌딩,서울 영등포구 국제금융로 70,37.521495,126.930678,18999160,https://map.naver.com/p/entry/place/18999160,37.5215736,126.9306649,high,미원빌딩,서울 영등포구 국제금융로 70 서울 영등포구 여의도동 43,verified,false,
어도횟집,서울 서대문구 충정로6안길 4,37.562488,126.967627,1374751660,https://map.naver.com/p/entry/place/1374751660,37.5624918,126.9676424,high,어도횟집,서울 서대문구 충정로6안길 4 서울 서대문구 미근동 90-14,verified,false,
본동 집,서울 동작구 노량진로32길 70,37.510888,126.956789,1616432922,https://map.naver.com/p/entry/place/1616432922,35.1480123,129.0303282,low,본동집,부산 부산진구 가야공원로63번길 5 부산 부산진구 가야동 507-1,verified,false,
북파크라운지,서울 용산구 이태원로 294,37.540869,127.002485,1174718905,https://map.naver.com/p/entry/place/1174718905,37.5409711,127.0024193,high,북파크라운지,서울 용산구 이태원로 294 블루스퀘어 3층 북파크라운지 서울 용산구 한남동 727-56,verified,false,
종각역4번출구,서울 종로구 종로2가 84-11,37.569929,126.987728,,,,,failed,,,not_matched,false,
동대문종합시장,서울 종로구 종로 266,37.570706,127.007329,11739103,https://map.naver.com/p/entry/place/11739103,37.5704758,127.0077586,high,동대문종합시장,서울 종로구 종로 266 서울 종로구 종로6가 262-1,verified,false,
신설동종합시장 우성빌딩,서울 종로구 종로66길 50,37.572643,127.021779,,,,,failed,,,not_matched,false,
서울시립대 경농관 앞,서울 동대문구 서울시립대로 163,37.582578,127.059988,,,,,failed,,,not_matched,false,
녹천역,서울 도봉구 덕릉로 376,37.645696,127.050920,21406364,https://map.naver.com/p/entry/place/21406364,37.6459668,127.0509677,mid,녹천역2번출구,서울 도봉구 창동,verified,false,
테헤란로,서울 강남구 테헤란로 517,37.508615,127.059765,,,,,failed,,,not_matched,false,
산곡동,인천 부평구 마장로307번길 36,,,18305176,https://map.naver.com/p/entry/place/18305176,37.8591904,127.0257125,low,산곡동,경기 양주시 은현면 선암리,verified,false,
인천차이나타운,인천 제물포구 차이나타운로 41,37.475632,126.619851,37430622,https://map.naver.com/p/entry/place/37430622,37.4770774,126.6190026,mid,빽다방 인천차이나타운점,인천 제물포구 차이나타운로 24-2 인천 제물포구 북성동2가 8-25,verified,false,
인천배다리 헌책방거리,인천 제물포구 금곡로 10,37.472427,126.636875,21301859,https://map.naver.com/p/entry/place/21301859,37.4724783,126.6374248,high,배다리헌책방거리,인천 제물포구 금곡로 18-10 인천 제물포구 금곡동 20-11,verified,false,
아로이카,인천 제물포구 신포로15번길 22-1,37.471287,126.623347,1824772401,https://map.naver.com/p/entry/place/1824772401,37.4712754,126.6232741,high,아로이카,인천 제물포구 신포로15번길 22-1 1층 인천 제물포구 중앙동4가 8-9,verified,false,
신명여고,인천 남동구 용천로205번길 42,37.469230,126.713018,12009393,https://map.naver.com/p/entry/place/12009393,37.4694948,126.7131325,low,신명여자고등학교,인천 남동구 용천로205번길 42 인천 남동구 간석동 산26-1,verified,false,
현대프리미엄아울렛 송도점,인천 연수구 송도국제대로 123,37.381629,126.657917,35439053,https://map.naver.com/p/entry/place/35439053,37.3816187,126.6578438,high,현대프리미엄아울렛 송도점,인천 연수구 송도국제대로 123 현대프리미엄아울렛 송도점 인천 연수구 송도동 168-1,verified,false,
의정부공업고등학교,경기 의정부시 가능로 57,37.748292,127.037663,37871174,https://map.naver.com/p/entry/place/37871174,37.7474371,127.0375635,high,의정부공업고등학교농구장,경기 의정부시 가능로 57 경기 의정부시 가능동 652,verified,false,
아일랜드캐슬 그랜드볼룸,경기 의정부시 장곡로 22,37.706993,127.053385,,,,,failed,,,not_matched,false,
아다마스253,경기 파주시 탄현면 헤이리마을길 47,37.787763,126.698008,31148701,https://map.naver.com/p/entry/place/31148701,37.7877882,126.6980231,mid,아다마스253 Brunchcafe,경기 파주시 탄현면 헤이리마을길 47 경기 파주시 탄현면 법흥리 1652-253,verified,false,
시장거리길,경기 파주시 파주읍 시장거리길 54,37.831605,126.817929,,,,,failed,,,not_matched,false,
팜스프링아파트 상가,경기 파주시 송화로 11,37.771888,126.777143,1445647010,https://map.naver.com/p/entry/place/1445647010,37.7718893,126.7771448,low,KB국민은행 팜스프링아파트 종합상가 ATM,경기 파주시 송화로 11 (야동동) 상가 1층 경기 파주시 아동동 283-10 야동동 상가 1층,verified,false,
운정역,경기 파주시 운정역길 368,37.725401,126.767156,19688872,https://map.naver.com/p/entry/place/19688872,37.7291786,126.7692762,mid,운정역길,경기 파주시 상지석동,verified,false,
고양종합터미널,경기 고양시 일산동구 중앙로 1036,37.643135,126.789797,21336976,https://map.naver.com/p/entry/place/21336976,37.642978,126.7898736,high,고양종합터미널,경기 고양시 일산동구 중앙로 1036 경기 고양시 일산동구 백석동 1242,verified,false,
미그웨치 앞,경기 고양시 덕양구 화신로272번길 42,37.632778,126.831927,,,,,failed,,,not_matched,false,
진솔그린프라자 앞,경기 고양시 덕양구 화신로260번길 37,37.632486,126.832531,,,,,failed,,,not_matched,false,
백양빌딩,경기 고양시 덕양구 화신로260번길 31,37.632137,126.832455,1532433524,https://map.naver.com/p/entry/place/1532433524,37.632097,126.8324998,high,백양빌딩,경기 고양시 덕양구 화신로260번길 31 경기 고양시 덕양구 화정동 979-2,verified,false,
아쿠아필드 고양,경기 고양시 덕양구 고양대로 1955,37.646977,126.894778,1555184750,https://map.naver.com/p/entry/place/1555184750,37.6480044,126.8966537,high,아쿠아필드 고양,경기 고양시 덕양구 고양대로 1955 스타필드 고양 4층 경기 고양시 덕양구 동산동 370,verified,false,
GS25 김포아라점,경기 김포시 고촌읍 아라육로58번길 105,37.593830,126.789276,,,,,failed,,,not_matched,false,
워커힐애스턴하우스,경기 구리시 아차산로 1,37.559965,127.113277,1473977395,https://map.naver.com/p/entry/place/1473977395,37.5598902,127.1132471,low,그랜드 워커힐 서울 애스톤하우스,경기 구리시 아차산로 1 워커힐호텔 경기 구리시 아천동 310-1,verified,false,
양평추모공원 더포레,경기 양평군 청운면 벗고갯길 45-20,37.509374,127.733677,1973276297,https://map.naver.com/p/entry/place/1973276297,37.5093743,127.7336768,high,양평추모공원더포레,경기 양평군 청운면 벗고갯길 45-20 양평추모공원 더포레 경기 양평군 청운면 가현리 9-3,verified,false,
석현전원마을 주택,경기 용인시 기흥구 석현로 39,37.271137,127.078923,19295662,https://map.naver.com/p/entry/place/19295662,37.269547,127.0804109,mid,석현전원마을,경기 용인시 기흥구 경기 용인시 기흥구 영덕동 1064-5,verified,false,
평택역1번출구,경기 평택시 평택로 51,36.991897,127.083289,,,,,failed,,,not_matched,false,
더체어펜션,강원 홍천군 서면 모곡강변길 151,37.699177,127.607305,1613655945,https://map.naver.com/p/entry/place/1613655945,37.6992166,127.6072685,low,더체어 풀빌라,강원 홍천군 서면 모곡강변길 151 강원 홍천군 서면 모곡리 516,verified,false,
신남방파제,강원 삼척시 원덕읍 갈남리,37.270409,129.323271,37805107,https://map.naver.com/p/entry/place/37805107,37.2656038,129.328736,mid,신남방파제,강원 삼척시 원덕읍 갈남리,verified,false,
제천경찰서,충북 제천시 용두대로 27,37.134134,128.197956,11642573,https://map.naver.com/p/entry/place/11642573,37.1341237,128.1980875,high,충북제천경찰서,충북 제천시 용두대로 27 충북 제천시 하소동 194,verified,false,
스카이다이빙센터 충주,충북 충주시 앙성면 단암길 19-1,37.193752,127.743557,1293099837,https://map.naver.com/p/entry/place/1293099837,37.1937544,127.7435656,high,스카이다이빙센터 충주,충북 충주시 앙성면 단암길 19 충북 충주시 앙성면 단암리 411-2,verified,false,
보령청보리밭,충남 보령시 천북면 천광로 73-1,36.479940,126.531048,2007884151,https://map.naver.com/p/entry/place/2007884151,36.4799405,126.5310432,low,카페천북청보리밭,충남 보령시 천북면 천광로 73-1 청보리밭 주차장 충남 보령시 천북면 하만리 176-12,verified,false,
마크원에비뉴,세종 국세청로 32,36.486420,127.261966,288301230,https://map.naver.com/p/entry/place/288301230,36.486458,127.2619952,mid,마크원애비뉴,세종 국세청로 32 세종 나성동 815,verified,false,
태조로,전북 전주시 완산구 태조로 33,35.814222,127.151027,,,,,failed,,,not_matched,false,
태조로(2),전북 전주시 완산구 태조로 31,35.814255,127.151260,,,,,failed,,,not_matched,false,
경기전길,전북 전주시 완산구 경기전길 89,35.815487,127.151135,,,,,failed,,,not_matched,false,
최명희길,전북 전주시 완산구 최명희길 17-5,35.816105,127.152710,,,,,failed,,,not_matched,false,
경주 오봉산 마당바위,경북 경주시 서면 천촌리 산 56,35.852592,129.048088,,,,,failed,,,not_matched,false,
태화강국가정원,울산 중구 태화동 107,35.550078,129.299077,20771493,https://map.naver.com/p/entry/place/20771493,35.5498063,129.2984513,high,태화강 국가정원만남의광장,울산 중구 태화동,verified,false,
울산대교,울산 남구 매암동 139-60,35.509863,129.384165,16580435,https://map.naver.com/p/entry/place/16580435,35.5117174,129.391178,mid,울산대교,울산 남구 매암동,verified,false,
이순신대로,부산 동구 초량동 1232-1,,,,,,,failed,,,not_matched,false,
센텀서로,부산 해운대구 센텀중앙로 55,35.173046,129.127655,,,,,failed,,,not_matched,false,
센턴시티사거리,부산 해운대구 센텀서로 20,35.171321,129.128981,,,,,failed,,,not_matched,false,
퀸스파크청담점,서울 강남구 압구정로60길 22,37.525984,127.041610,38733965,https://map.naver.com/p/entry/place/38733965,37.5259917,127.0416499,mid,퀸즈파크 청담점,서울 강남구 압구정로60길 22 서울 강남구 청담동 83-18,verified,false,
오토바이사고거리,서울 마포구 성암로 13길 36,37.576566,126.897119,,,,,failed,,,not_matched,false,
장가포차(만만코코로),서울 마포구 양화로16길 34,37.552888,126.921357,,,,,failed,,,not_matched,false,
코다차야,서울 마포구 와우산로 48,37.548556,126.923441,38729146,https://map.naver.com/p/entry/place/38729146,37.5238874,127.023084,low,코다차야 본점,서울 강남구 압구정로14길 6 서울 강남구 신사동 548-4,verified,false,
아빠식당(마포소금구이),서울 마포구 와우산로32길 38-2,37.554614,126.932240,,,,,failed,,,not_matched,false,
잠수교(반포대교),서울 서초구 반포동 649-1,37.512227,126.997815,18762982,https://map.naver.com/p/entry/place/18762982,37.5145083,126.9965328,mid,잠수교,서울 서초구 반포동,verified,false,
녹사평육교,서울 용산구 녹사평대로 40길,37.534538,126.987680,,,,,failed,,,not_matched,false,
써스티몽크맞은편,서울 용산구 녹사평대로 40길 52,37.534355,126.988574,,,,,failed,,,not_matched,false,
화장실,서울 용산구 녹사평대로 40길 56,37.534321,126.988870,1300789898,https://map.naver.com/p/entry/place/1300789898,37.5343165,126.9888248,mid,이태원1공중화장실,서울 용산구 녹사평대로40길 56 서울 용산구 이태원동 34-114,verified,false,
단밤1호점,서울 용산구 녹사평대로 40길 59,37.534476,126.989097,1965919597,https://map.naver.com/p/entry/place/1965919597,37.2768116,127.0365537,low,수원 루프탑 파티룸 단밤1호점,경기 수원시 팔달구 중부대로 188 3층 경기 수원시 팔달구 인계동 167-3,verified,false,
디펜스거리,서울 용산구 녹사평대로 40나길 1,37.534597,126.987983,,,,,failed,,,not_matched,false,
노리테이블,서울 용산구 녹사평대로 40나길 1,37.534597,126.987983,,,,,failed,,,not_matched,false,
마루쿠식당/조이의공간,서울 용산구 녹사평대로 46길 31,37.537503,126.988484,,,,,failed,,,not_matched,false,
수아네집(뉴일무이),서울 용산구 두텁바위로 40길 28-16,37.547497,126.983871,,,,,failed,,,not_matched,false,
G게스트하우스,서울 용산구 보광로 60길 14-38,37.533228,126.994960,34842719,https://map.naver.com/p/entry/place/34842719,37.5332455,126.9949699,mid,G게스트하우스,서울 용산구 보광로60길 14-38 리셉션 (B1) 서울 용산구 이태원동 131-11,verified,false,
단밤2호점(오리올),서울 용산구 신흥로20길 43,37.547398,126.984058,,,,,failed,,,not_matched,false,
꿀밤포차,서울 용산구 우사단로 14길 3 2층,37.534118,126.995866,1307069181,https://map.naver.com/p/entry/place/1307069181,37.2523773,127.0296502,low,꿀밤포차,경기 수원시 권선구 권중로76번길 8 경기 수원시 권선구 권선동 1259-6,verified,false,
이태원거리(세계음식문화거리),서울 용산구 이태원동 108-3,37.535021,126.994592,38338135,https://map.naver.com/p/entry/place/38338135,37.5350214,126.9945982,high,이태원세계음식문화거리,서울 용산구 이태원동 108-3,verified,false,
천사의날개,서울 용산구 이태원동 116-18,37.535010,126.992331,1319421001,https://map.naver.com/p/entry/place/1319421001,38.0748887,128.621482,low,천사의날개,강원 양양군 양양읍 양양로 71 강원 양양군 양양읍 남문리 80,verified,false,
싸대기골목,서울 용산구 이태원로 143-13,37.534595,126.989260,,,,,failed,,,not_matched,false,
라운지클럽(펌킨),서울 용산구 이태원로 179,37.534814,126.993735,1180352947,https://map.naver.com/p/entry/place/1180352947,37.5341629,126.9957499,low,이태원코끼리라운지클럽,서울 용산구 이태원동 우사단로 46 서울 용산구 이태원동 126-15,verified,false,
더파이니스트,서울 용산구 회나무로 41,37.539835,126.991167,,,,,failed,,,not_matched,false,
놀이터(창의어린이공원),서울 용산구 회나무로6길 11-8,37.538406,126.989035,,,,,failed,,,not_matched,false,
단밤회식장소(더부스 광화문),서울 종로구 청계천로 11,37.569484,126.978868,,,,,failed,,,not_matched,false,
백범광장공원,서울 중구 남창동 205-4,37.555678,126.977501,1982441579,https://map.naver.com/p/entry/place/1982441579,37.5554799,126.9787219,mid,백범광장공원,서울 중구 남산공원길 649 서울 중구 회현동1가 산1-2,verified,false,
장가본사/스테이트타워남산,서울 중구 퇴계로 100,37.560207,126.982926,,,,,failed,,,not_matched,false,
광명신우연립,경기 광명시 가림로215번길 19,,,1224076681,https://map.naver.com/p/entry/place/1224076681,37.4803923,126.8570183,mid,신우연립,경기 광명시 광명로928번길 18-18 경기 광명시 광명동 136-7,verified,false,
동아미디어센터,서울 마포구 매봉산로 75,37.578452,126.892899,18666364,https://map.naver.com/p/entry/place/18666364,37.5695604,126.9778384,low,동아미디어센터,서울 종로구 청계천로 1 서울 종로구 서린동 159-1,verified,false,
마포소금구이,서울 마포구 와우산로32길 38,37.554685,126.932282,82850318,https://map.naver.com/p/entry/place/82850318,37.554693,126.9320861,high,마포소금구이,서울 마포구 와우산로32길 32 서울 마포구 창전동 1-30,verified,false,
에이미,서울 마포구 와우산로27길 62,37.555330,126.925427,1194343957,https://map.naver.com/p/entry/place/1194343957,37.5164625,126.9066588,low,에이미,서울 영등포구 경인로 843 38호 서울 영등포구 영등포동3가 33,verified,false,
성갤러리,서울 마포구 와우산로 124,37.553218,126.927232,1058938870,https://map.naver.com/p/entry/place/1058938870,37.5937556,126.9961652,low,사만다성갤러리,서울 성북구 성북로 120 서울 성북구 성북동 97-21,verified,false,
기계회관본관앞 횡단보도,서울 영등포구 은행로 37,37.529453,126.922618,,,,,failed,,,not_matched,false,
녹사평육교,서울 용산구 용산동2가 7-83,37.535361,126.986781,,,,,failed,,,not_matched,false,
서울루덴스,서울 용산구 회나무로 69,37.540427,126.994252,32481253,https://map.naver.com/p/entry/place/32481253,37.5404115,126.9942995,high,서울루덴스,서울 용산구 회나무로 69 2F 서울 용산구 이태원동 5-12,verified,false,
동자아파트,서울 용산구 한강대로104마길 30,37.551091,126.975164,18716098,https://map.naver.com/p/entry/place/18716098,37.5511357,126.9749586,high,동자아파트,서울 용산구 한강대로104마길 30 서울 용산구 동자동 19-8,verified,false,
서울로7017,서울 중구 퇴계로 18,37.556561,126.975157,35756931,https://map.naver.com/p/entry/place/35756931,37.5565284,126.9732427,mid,서울로7017,서울 중구 청파로 432 서울 중구 봉래동2가 122-14,verified,false,
숭의여대,서울 중구 소파로2길 10,37.557853,126.987482,36782684,https://map.naver.com/p/entry/place/36782684,37.5582464,126.9871019,mid,알파 숭의여대점,서울 중구 소파로 121 알파 숭의여대점 서울 중구 남산동2가 24-19,verified,false,
바캉스커피,서울 중구 남대문로9길 12 9층,37.566866,126.981745,1105473067,https://map.naver.com/p/entry/place/1105473067,37.5668689,126.9817523,high,바캉스커피,서울 중구 남대문로9길 12 9층(생활맥주건물) 서울 중구 다동 117,verified,false,
세운대림상가,서울 중구 을지로 157,37.567146,126.995451,18701555,https://map.naver.com/p/entry/place/18701555,37.5670369,126.9954788,high,세운대림상가,서울 중구 을지로 157 서울 중구 산림동 207-2,verified,false,
광화문역5번출구,서울 종로구 세종대로 152,37.569868,126.977657,,,,,failed,,,not_matched,false,
보칼리노,서울 종로구 새문안로 97 2층,37.570698,126.975398,38623401,https://map.naver.com/p/entry/place/38623401,37.570699,126.9754535,mid,포시즌스 호텔 서울 보칼리노,서울 종로구 새문안로 97 2층 서울 종로구 당주동 30,verified,false,
서대문형무소,서울 서대문구 통일로 251,37.574609,126.955612,12384776,https://map.naver.com/p/entry/place/12384776,37.5742887,126.9562269,high,서대문형무소역사관,서울 서대문구 통일로 251 서대문형무소역사관 서울 서대문구 현저동 101,verified,false,
평창동집,서울 종로구 평창6길 91,37.617623,126.977039,2091187716,https://map.naver.com/p/entry/place/2091187716,37.6104692,126.9707545,low,평창동의봄,서울 종로구 평창20길 41 1층 서울 종로구 평창동 512-7,verified,false,
충현슈퍼,서울 중구 동호로17길 105,37.554305,127.005092,18707251,https://map.naver.com/p/entry/place/18707251,37.5543085,127.0050772,mid,충현수퍼,서울 중구 동호로17길 105 서울 중구 신당동 432-376,verified,false,
반얀트리 페스타,서울 중구 장충단로 60,37.550071,127.000497,31658766,https://map.naver.com/p/entry/place/31658766,37.5501832,127.0021991,mid,반얀트리클럽&스파서울페스타,서울 중구 장충단로 60 서울 중구 장충동2가 201-3,verified,false,
그옛날 즉석짜장,서울 동대문구 고산자로60길 49,37.590694,127.038041,18847436,https://map.naver.com/p/entry/place/18847436,37.5906936,127.0380407,high,그옛날에즉석짜장,서울 동대문구 고산자로60길 49 서울 동대문구 제기동 1145-6,verified,false,
신답역,서울 성동구 천호대로 232,37.569991,127.046820,13479404,https://map.naver.com/p/entry/place/13479404,37.5698003,127.0470953,high,신답역 2호선,서울 성동구 천호대로 232 서울 성동구 용답동 129-2,verified,false,
아베크청담,서울 강남구 선릉로 823,37.525636,127.039343,1846214116,https://map.naver.com/p/entry/place/1846214116,37.5258541,127.0392088,high,아베크 청담,서울 강남구 선릉로 823 한양타운빌딩 1층 서울 강남구 신사동 665-1,verified,false,
MCM,서울 강남구 압구정로 412,37.527148,127.041883,11776798,https://map.naver.com/p/entry/place/11776798,37.5271437,127.0418735,mid,MCM HAUS,서울 강남구 압구정로 412 MCM HAUS 서울 강남구 청담동 78-12,verified,false,
올리브빌딩,서울 강남구 선릉로152길 37,37.524645,127.042679,18810076,https://map.naver.com/p/entry/place/18810076,37.5246994,127.0427504,high,올리브빌딩,서울 강남구 선릉로152길 37 청담동 올리브빌딩 서울 강남구 청담동 90-19 올리브빌딩,verified,false,
오크밸리리조트,강원 원주시 지정면 오크밸리1길 66,37.434324,127.817513,1808810497,https://map.naver.com/p/entry/place/1808810497,37.4343237,127.8175128,high,오크밸리리조트 풀스넥,강원 원주시 지정면 오크밸리1길 66 강원 원주시 지정면 월송리 1061,verified,false,
안동추억박물관,경북 안동시 와룡면 장수골길 17,36.641233,128.771109,1234627339,https://map.naver.com/p/entry/place/1234627339,36.6412332,128.7711091,high,안동추억박물관,경북 안동시 와룡면 장수골길 17 경북 안동시 와룡면 지내리 산25,verified,false,
울산 대바위공원,울산 울주군 서생면 진하리 57-22,35.377213,129.344821,36610550,https://map.naver.com/p/entry/place/36610550,35.377367,129.3448239,high,대바위공원,울산 울주군 서생면 진하리 57-22,verified,false,
골프존파크,경남 양산시 물금읍 메기로 190,35.310962,129.011129,37821167,https://map.naver.com/p/entry/place/37821167,35.3115184,129.0070456,mid,물금MG스크린 골프존파크,경남 양산시 물금읍 야리로 106 MG프라자 5층 501호 경남 양산시 물금읍 가촌리 1301-1,verified,false,
영상산업센터,부산 해운대구 센텀서로 39,35.172286,129.126629,1366966737,https://map.naver.com/p/entry/place/1366966737,35.1723704,129.1266626,high,영상산업센터,부산 해운대구 센텀서로 39 영상산업센터 부산 해운대구 우동 1466-2,verified,false,
월드컵북로,서울 마포구 상암동 1715,37.579999,126.887548,34522296,https://map.naver.com/p/entry/place/34522296,37.5800962,126.8874047,mid,영화[어벤져스2]촬영지(상암동DMC월드컵북로),서울 마포구 상암동 1715,verified,false,
누리꿈스퀘어 옆길,서울 마포구 상암동 1705,37.580289,126.890547,,,,,failed,,,not_matched,false,
월드컵북로44길(1),서울 마포구 월드컵북로44길 39,37.576491,126.895022,,,,,failed,,,not_matched,false,
월드컵북로44길(2),서울 마포구 월드컵북로44길 50,37.576904,126.894893,,,,,failed,,,not_matched,false,
월드컵북로44길(3),서울 마포구 월드컵북로44길 68,37.577531,126.894124,,,,,failed,,,not_matched,false,
월드컵북로44길(4),서울 마포구 월드컵북로44길 76-10,37.577957,126.894001,,,,,failed,,,not_matched,false,
매봉산로,서울 마포구 상암동 1708-2,37.578149,126.894173,,,,,failed,,,not_matched,false,
YTN뉴스퀘어.CJE&M정류장앞(14628),서울 마포구 상암산로 66,37.578396,126.891522,,,,,failed,,,not_matched,false,
오야스시(폐업),서울 마포구 월드컵북로 338,37.576203,126.894408,,,,,failed,,,precheck:closed_place_name,false,
콘래드 서울,서울 영등포구 국제금융로 10,37.525178,126.924877,21202909,https://map.naver.com/p/entry/place/21202909,37.5255723,126.9266143,high,콘래드 서울 호텔,서울 영등포구 국제금융로 10 서울 국제금융 센터 서울 영등포구 여의도동 23,verified,false,
구로유통상가,서울 구로구 경인로54길 4,37.500594,126.878082,18961408,https://map.naver.com/p/entry/place/18961408,37.5029003,126.8766955,mid,신구로상가,서울 구로구 경인로55길 31 신구로상가 서울 구로구 구로동 610-8,verified,false,
GS25 대륭포스트점,서울 구로구 디지털로 306,37.485923,126.897336,18957397,https://map.naver.com/p/entry/place/18957397,37.4860295,126.8969784,high,GS25 대륭포스트점,서울 구로구 디지털로 306 대륭포스트타워2 서울 구로구 구로동 182-13,verified,false,
노들섬 정류장(03340),서울 용산구 이촌동 304-16,37.517420,126.958574,,,,,failed,,,not_matched,false,
청파로(원효전자상가앞),서울 용산구 한강로3가 16-19,37.533290,126.960983,,,,,failed,,,not_matched,false,
원효전자상가(1),서울 용산구 원효로3가 51-46,37.533727,126.959639,18145473,https://map.naver.com/p/entry/place/18145473,37.5336944,126.9598782,mid,원효전자상가,서울 용산구 청파로 83 원효전자상가 서울 용산구 한강로3가 16-20,verified,false,
원효전자상가(2),서울 용산구 원효로3가 51-29,37.533674,126.960274,11609215,https://map.naver.com/p/entry/place/11609215,37.5336534,126.9606482,mid,원효전자상가,서울 용산구 청파로 77 서울 용산구 한강로3가 16-20,verified,false,
새창로42길,서울 용산구 새창로42길 8,37.534516,126.961594,,,,,failed,,,not_matched,false,
청파로(전자랜드앞),서울 용산구 한강로3가 16-46,37.532831,126.961039,,,,,failed,,,not_matched,false,
원효로,서울 용산구 원효로 147,37.534715,126.959448,,,,,failed,,,not_matched,false,
신흥시장(르몽블랑앞),서울 용산구 신흥로 99-4,37.544909,126.984857,,,,,failed,,,not_matched,false,
서소문역사공원,서울 중구 칠패로 5,37.560568,126.968867,37581712,https://map.naver.com/p/entry/place/37581712,37.5605912,126.9694305,high,서소문역사공원,서울 중구 칠패로 5 서소문공원 서울 중구 의주로2가 16-4,verified,false,
명동일대,서울 중구 명동8길 27,37.562531,126.985167,,,,,failed,,,not_matched,false,
중부공원여가센터 앞 터널,서울 중구 삼일대로 231,37.555624,126.992200,,,,,failed,,,not_matched,false,
삼영기계상사(폐업),서울 중구 을지로36길 35,37.565063,127.001905,,,,,failed,,,precheck:closed_place_name,false,
도산공원 정류장(23162),서울 강남구 언주로 812,37.522962,127.033873,,,,,failed,,,not_matched,false,
언주로,서울 강남구 언주로 710-2,37.517007,127.035594,,,,,failed,,,not_matched,false,
도곡로,서울 강남구 도곡로 458,37.498340,127.060454,,,,,failed,,,not_matched,false,
할리스 송파거여역점,서울 송파구 오금로 513,37.493224,127.145879,1910733002,https://map.naver.com/p/entry/place/1910733002,37.4931381,127.1459402,high,할리스 송파거여역점,서울 송파구 오금로 513 할리스 송파거여역점 1층 서울 송파구 거여동 37,verified,false,
SK텔레콤 미래대리점 위례직영점,서울 송파구 위례광장로 290,37.474970,127.142846,255701553,https://map.naver.com/p/entry/place/255701553,37.475147,127.1424942,high,SK텔레콤 미래대리점 위례직영점,서울 송파구 위례광장로 290 상가동 1층 118호 서울 송파구 장지동 896,verified,false,
백령할인마트,인천 옹진군 영흥면 영흥로 164-10,37.258326,126.493990,1224036785,https://map.naver.com/p/entry/place/1224036785,37.2583804,126.4940001,high,백령할인마트,인천 옹진군 영흥면 영흥로 164-10 백령할인마트 인천 옹진군 영흥면 내리 8-31,verified,false,
영흥북로35번길(1),인천 옹진군 영흥면 영흥북로35번길 39,37.257968,126.499530,,,,,failed,,,not_matched,false,
영흥북로35번길(2),인천 옹진군 영흥면 내리 5-51,37.258428,126.499844,,,,,failed,,,not_matched,false,
영흥북로,인천 옹진군 영흥면 영흥북로 47,37.257036,126.500568,,,,,failed,,,not_matched,false,
통큰칼국수,인천 옹진군 영흥면 영흥북로 55-3,37.257516,126.500557,1018973623,https://map.naver.com/p/entry/place/1018973623,37.257468,126.5005308,high,통큰칼국수,인천 옹진군 영흥면 영흥북로 55-3 통큰칼국수 인천 옹진군 영흥면 내리 5-37,verified,false,
인천 서구청,인천 서해구 서곶로 307,37.545035,126.675598,1851406111,https://map.naver.com/p/entry/place/1851406111,37.545449,126.675994,high,인천서구청 위생과,인천 서해구 서곶로 307 인천 서해구 심곡동 244,verified,false,
명인빌딩앞,경기 파주시 가온로 284,37.725649,126.757987,,,,,failed,,,not_matched,false,
디팩토리세차장,경기 파주시 금바위로 5,37.724674,126.758091,1061224514,https://map.naver.com/p/entry/place/1061224514,37.7247691,126.7578071,high,디팩토리,경기 파주시 금바위로 5 경기 파주시 와동동 1373,verified,false,
임마누엘카센터,경기 파주시 조리읍 송비말길 87,37.744219,126.804779,19182946,https://map.naver.com/p/entry/place/19182946,37.7442096,126.8047,mid,임마누엘카센타,경기 파주시 조리읍 송비말길 87 경기 파주시 조리읍 봉일천리 176-2,verified,false,
기석무역,경기 파주시 조리읍 명봉산로114번길 30,37.737327,126.847152,1745125461,https://map.naver.com/p/entry/place/1745125461,37.6899415,126.8190466,low,기석무역,경기 고양시 일산동구 견달산로 267 기석빈티지몰 경기 고양시 일산동구 식사동 1140,verified,false,
미래로,경기 고양시 일산서구 대화동 121-23,37.687206,126.743502,,,,,failed,,,not_matched,false,
고양대로,경기 고양시 일산서구 대화동 2514,37.669794,126.740875,,,,,failed,,,not_matched,false,
송포로,경기 고양시 일산서구 대화동 1966-15,37.676956,126.727216,,,,,failed,,,not_matched,false,
대화프라자,경기 고양시 일산서구 일산로 529,37.676948,126.768823,36762229,https://map.naver.com/p/entry/place/36762229,37.6769067,126.768818,high,대화프라자,경기 고양시 일산서구 일산로 529 경기 고양시 일산서구 일산동 1083-1,verified,false,
평안도찹쌀순대 전문점,경기 고양시 덕양구 화중로104번길 24,37.636096,126.832563,33911237,https://map.naver.com/p/entry/place/33911237,37.6521085,126.7767263,low,평안도찹쌀순대전문점,경기 고양시 일산동구 장백로 194 위너스21 경기 고양시 일산동구 장항동 893-1,verified,false,
해두리치킨 능곡점,경기 고양시 덕양구 지도로35번길 10,37.620561,126.824005,2045310562,https://map.naver.com/p/entry/place/2045310562,37.6205752,126.8239678,mid,해두리치킨 고양능곡점,경기 고양시 덕양구 지도로35번길 10 1층 6호 경기 고양시 덕양구 토당동 864-4,verified,false,
진미상가,경기 고양시 덕양구 행당로11번길 5,37.620121,126.825930,783209866,https://map.naver.com/p/entry/place/783209866,36.1096872,128.4015984,low,미진상가,경북 구미시 3공단1로 303-32 경북 구미시 임수동 388-6,verified,false,
행당로,경기 고양시 덕양구 행당로 24-12,37.618999,126.826869,,,,,failed,,,not_matched,false,
행신로 횡단보도,경기 고양시 덕양구 행신동 653-2,37.618821,126.829138,,,,,failed,,,not_matched,false,
풀잎사랑화원,경기 고양시 덕양구 행신로 31,37.613327,126.821975,13110758,https://map.naver.com/p/entry/place/13110758,37.6132941,126.8219632,high,풀잎사랑화원,경기 고양시 덕양구 행신로 31 풀잎사랑화원 경기 고양시 덕양구 행주내동 656-1,verified,false,
강매로,경기 고양시 덕양구 강매동 650-1,37.598452,126.832419,,,,,failed,,,not_matched,false,
고양휴게소(서울방향),경기 고양시 덕양구 수원문산고속도로 51,37.631169,126.849512,1025679055,https://map.naver.com/p/entry/place/1025679055,37.6309661,126.8499557,high,고양휴게소(서울방향),경기 고양시 덕양구 수원문산고속도로 51 경기 고양시 덕양구 성사동 95-1,verified,false,
아라마리나,경기 김포시 고촌읍 아라육로270번길 73,37.599295,126.789157,518033977,https://map.naver.com/p/entry/place/518033977,37.5994204,126.7892757,high,아라마리나,경기 김포시 고촌읍 아라육로270번길 73 아라마린센터 경기 김포시 고촌읍 전호리 774,verified,false,
아라육로152번길,경기 김포시 고촌읍 아라육로152번길 100,37.597237,126.785234,,,,,failed,,,not_matched,false,
원미구청,경기 부천시 원미구 부천로136번길 27,37.496734,126.787510,38279677,https://map.naver.com/p/entry/place/38279677,37.496601,126.7871156,high,원미구청,경기 부천시 원미구 부천로136번길 27 경기 부천시 원미구 원미동 71,verified,false,
세움프라자,경기 남양주시 다산중앙로19번길 9,37.614597,127.154537,1822655025,https://map.naver.com/p/entry/place/1822655025,37.6146131,127.1545162,high,세움프라자,경기 남양주시 다산중앙로19번길 9 경기 남양주시 다산동 6147,verified,false,
다산순환로,경기 남양주시 다산동 6273-2,37.615140,127.151427,,,,,failed,,,not_matched,false,
다산중앙로(1),경기 남양주시 다산중앙로 119,37.623835,127.153009,,,,,failed,,,not_matched,false,
다산중앙로(2),경기 남양주시 다산중앙로 132,37.625554,127.153316,,,,,failed,,,not_matched,false,
칼리오페,경기 용인시 처인구 성산로170번길 23-1,37.248140,127.192837,1991652381,https://map.naver.com/p/entry/place/1991652381,37.2480687,127.1927523,high,칼리오페,경기 용인시 처인구 성산로170번길 23-1 칼리오페 경기 용인시 처인구 역북동 89-29,verified,false,
법륜사,경기 용인시 처인구 원삼면 농촌파크로 126,37.169640,127.298505,13337329,https://map.naver.com/p/entry/place/13337329,37.1696629,127.2984941,high,법륜사,경기 용인시 처인구 원삼면 농촌파크로 126 법륜사 경기 용인시 처인구 원삼면 고당리 243-2,verified,false,
아마빌리스,경기 광주시 머루숯길81번길 35,37.366662,127.154853,36399088,https://map.naver.com/p/entry/place/36399088,37.5463042,126.8615049,low,아마빌리스,서울 강서구 등촌로39나길 20 서울 강서구 등촌동 524-1,verified,false,
평화로,강원 춘천시 근화동 590-9,37.886014,127.714901,,,,,failed,,,not_matched,false,
올라,강원 춘천시 중앙로77번길 39-1,37.877610,127.729331,1981662541,https://map.naver.com/p/entry/place/1981662541,37.5603698,126.9796027,low,올라,서울 중구 남대문시장10길 2 메사빌딩 2층 13호 서울 중구 회현동1가 204,verified,false,
중앙로77번길,강원 춘천시 중앙로77번길 41,37.877665,127.729414,,,,,failed,,,not_matched,false,
구스타프케이크,강원 춘천시 춘천로151번길 21-2,37.877547,127.729532,1444161751,https://map.naver.com/p/entry/place/1444161751,37.8775469,127.7294623,high,구스타프케이크,강원 춘천시 춘천로151번길 21-2 1층 104호 강원 춘천시 운교동 170,verified,false,
인제 스피디움,강원 인제군 기린면 상하답로 130,38.002723,128.295159,32779150,https://map.naver.com/p/entry/place/32779150,38.0026931,128.2951054,high,인제스피디움,강원 인제군 기린면 상하답로 130 인제스피디움 강원 인제군 기린면 북리 1500,verified,false,
(구)광주교도소,전남광주통합특별시 북구 문흥동 88-1,35.187161,126.930272,,,,,failed,,,not_matched,false,
장흥교도소,전남광주통합특별시 장흥군 용산면 장흥대로 2667,,,,,,,failed,,,not_matched,false,
쌍용양회 문경공장,경북 문경시 신기로 250,36.639022,128.176465,1062639529,https://map.naver.com/p/entry/place/1062639529,36.6399899,128.1777568,high,쌍용양회문경공장,경북 문경시 신기로 250 경북 문경시 신기동 34-6,verified,false,
나래하우스,부산 기장군 일광읍 이동길 15,35.271855,129.244193,1764841818,https://map.naver.com/p/entry/place/1764841818,35.2718686,129.2441902,high,나래하우스,부산 기장군 일광읍 이동길 15 부산 기장군 일광읍 이천리 264-1,verified,false,
일광로,부산 기장군 일광읍 일광로 236,35.271951,129.244157,,,,,failed,,,not_matched,false,
은성횟집,부산 기장군 일광읍 일광로 210-41,35.268510,129.243820,16877732,https://map.naver.com/p/entry/place/16877732,35.268621,129.2437373,high,은성횟집,부산 기장군 일광읍 일광로 210-41 은성 부산 기장군 일광읍 이천리 291-1,verified,false,
마린시티1로,부산 해운대구 마린시티3로 51,35.154057,129.145834,,,,,failed,,,not_matched,false,
누리마루APCE하우스,부산 해운대구 동백로 116,35.152342,129.151362,13129139,https://map.naver.com/p/entry/place/13129139,35.1523659,129.1513416,high,누리마루APEC하우스,부산 해운대구 동백로 116 누리마루APEC하우스 부산 해운대구 우동 714-1,verified,false,
해운대,부산 해운대구 우동,35.172727,129.148400,13491921,https://map.naver.com/p/entry/place/13491921,35.1589787,129.1623152,mid,해운대,부산 해운대구 우동,verified,false,
봉래나루로,부산 영도구 봉래나루로 182,35.096494,129.043673,,,,,failed,,,not_matched,false,
푸른수목원,서울 구로구 항동 96-4,37.4839833354275,126.82541340864,32581850,https://map.naver.com/p/entry/place/32581850,37.4837811,126.8250223,high,푸른수목원,서울 구로구 서해안로 2117 서울 구로구 항동 91-2,verified,false,
성산로22길 지하도,서울 서대문구 창천동 84-88,37.559496,126.934396,,,,,failed,,,not_matched,false,
산울림피아노,경기 의정부시 호국로1291번길 10,37.744365,127.047661,19437921,https://map.naver.com/p/entry/place/19437921,37.7442796,127.0477202,high,산울림피아노,경기 의정부시 호국로1291번길 10 경기 의정부시 의정부동 221-25,verified,false,
임진강역,경기 파주시 문산읍 임진각로 115,37.888566,126.746995,1558952589,https://map.naver.com/p/entry/place/1558952589,37.8888248,126.7469685,high,임진강역,경기 파주시 문산읍 마정리,verified,false,
파머스테이블,경기 파주시 탄현면 헤이리마을길 59-77,37.790312,126.695502,13033423,https://map.naver.com/p/entry/place/13033423,37.7902965,126.6955013,high,파머스테이블,경기 파주시 탄현면 헤이리마을길 59-77 1층 파머스테이블 경기 파주시 탄현면 법흥리 1652-143,verified,false,
파주 롯데프리미엄아울렛,경기 파주시 탄현면 필승로 200,37.769351,126.695385,1579049821,https://map.naver.com/p/entry/place/1579049821,37.7699616,126.6957933,low,노르디스크 파주프리미엄아울렛점,경기 파주시 탄현면 필승로 200 파주프리미엄아울렛 B1 노르디스크 경기 파주시 탄현면 법흥리 1790-8,verified,false,
유승앙브와즈101동 정류장,경기 파주시 탄현면 법흥리 1761-2,37.771976,126.699151,,,,,failed,,,not_matched,false,
상해,경기 파주시 교하로863번길 54,37.726376,126.701149,19873452,https://map.naver.com/p/entry/place/19873452,37.7262779,126.700918,high,상해,경기 파주시 교하로863번길 54 경기 파주시 문발동 79-3,verified,false,
흔커피바,경기 파주시 청암로48번길 16-9,37.732930,126.736583,1834885023,https://map.naver.com/p/entry/place/1834885023,37.7329304,126.7365826,high,흔커피바,경기 파주시 청암로48번길 16-9 1층 경기 파주시 목동동 893-2,verified,false,
디앤베이지,경기 파주시 책향기로 243,37.720245,126.715256,1548675472,https://map.naver.com/p/entry/place/1548675472,37.7203054,126.71532,high,디앤베이지,경기 파주시 책향기로 243 102호 디앤베이지 경기 파주시 동패동 1737-4,verified,false,
카페 엘레노 파주운정점,경기 파주시 산내로 112,37.726936,126.737102,1468839085,https://map.naver.com/p/entry/place/1468839085,37.7269653,126.7370466,high,카페 엘레노 파주운정점,경기 파주시 산내로 112 1층 카페 엘레노 경기 파주시 목동동 975,verified,false,
활자마을 정류장,경기 파주시 신촌동 736-2,37.731162,126.690952,,,,,failed,,,not_matched,false,
파주출판단지 근린공원,경기 파주시 문발동 496-1,37.719589,126.688272,36144621,https://map.naver.com/p/entry/place/36144621,37.7194299,126.6881999,high,파주출판단지근린공원,경기 파주시 직지길 469 경기 파주시 문발동 496-1,verified,false,
라이브러리스테이 지지향,경기 파주시 회동길 145,37.708550,126.686834,12847574,https://map.naver.com/p/entry/place/12847574,37.7086722,126.6867274,high,라이브러리스테이 지지향,경기 파주시 회동길 145 아시아출판문화정보센터 1F 경기 파주시 문발동 524-3,verified,false,
출판도시야외무대,경기 파주시 회동길 37-16,37.706365,126.685534,1563580545,https://map.naver.com/p/entry/place/1563580545,37.7063563,126.6855356,high,출판도시야외무대,경기 파주시 회동길 37-16 경기 파주시 문발동 528-1,verified,false,
밀밭베이커리 금촌 본점,경기 파주시 번영로 20,37.758042,126.771091,32201397,https://map.naver.com/p/entry/place/32201397,37.7578536,126.7709585,high,밀밭베이커리 금촌 본점,경기 파주시 번영로 20 1층 밀밭베이커리 경기 파주시 금촌동 944-31,verified,false,
복술,경기 파주시 번영로 20,37.758042,126.771091,15681837,https://map.naver.com/p/entry/place/15681837,37.3362124,127.866285,low,복술1교,강원 원주시 흥업면 사제리,verified,false,
INO프라자,경기 파주시 번영로 20,37.758042,126.771091,,,,,failed,,,not_matched,false,
금릉역 중앙광장,경기 파주시 금촌동 986-3,37.751669,126.766256,,,,,failed,,,not_matched,false,
토르타앳더코너,경기 파주시 청암로48번길 8-17,37.732485,126.736276,,,,,failed,,,not_matched,false,
운정호수공원,경기 파주시 와동동 1416,37.720203,126.762186,844357801,https://map.naver.com/p/entry/place/844357801,37.7194241,126.7582216,mid,운정호수공원,경기 파주시 경의로 1151 경기 파주시 와동동 1412,verified,false,
소노캄고양 옆길,경기 고양시 일산동구 장항동 1768,37.661951,126.750214,,,,,failed,,,not_matched,false,
이도옥설렁탕,경기 고양시 일산서구 강성로 256,37.677034,126.748643,37615870,https://map.naver.com/p/entry/place/37615870,37.6766245,126.7496594,high,이도옥설렁탕,경기 고양시 일산서구 강성로 256 성저마을2단지아파트 경기 고양시 일산서구 대화동 2209,verified,false,
롯데리아 일산마두점,경기 고양시 일산동구 일산로 239,37.657333,126.787945,11825201,https://map.naver.com/p/entry/place/11825201,37.6572928,126.7881071,high,롯데리아 일산마두점,경기 고양시 일산동구 일산로 239 경기 고양시 일산동구 마두동 752,verified,false,
옥천파출소,경기 양평군 옥천면 옥천길 27,37.518392,127.456960,18913393,https://map.naver.com/p/entry/place/18913393,37.5183858,127.4569618,high,옥천파출소,경기 양평군 옥천면 옥천길 27 경기 양평군 옥천면 옥천리 746-2,verified,false,
강변로,경기 여주시 강변로 82,37.299265,127.634935,,,,,failed,,,not_matched,false,
로프,경기 여주시 가남읍 가남로 270-6,37.214926,127.581507,1064901582,https://map.naver.com/p/entry/place/1064901582,37.2149083,127.5814811,high,로프,경기 여주시 가남읍 가남로 270-6 로프 경기 여주시 가남읍 양귀리 158-9,verified,false,
제물량로(인천아트플랫폼쪽),인천 제물포구 제물량로218번길 3,37.472789,126.620609,,,,,failed,,,not_matched,false,
경화,인천 제물포구 제물량로232번안길 23,37.472983,126.620782,32124384,https://map.naver.com/p/entry/place/32124384,37.473435,126.620428,mid,경화,인천 제물포구 중앙동1가,verified,false,
관동오리진,인천 제물포구 신포로27번길 96,37.473832,126.620708,37812674,https://map.naver.com/p/entry/place/37812674,37.4737841,126.620671,high,관동오리진,인천 제물포구 신포로27번길 96 인천 제물포구 관동1가 14-3,verified,false,
사주일기,인천 제물포구 자유공원남로 1,37.473762,126.620848,1811107613,https://map.naver.com/p/entry/place/1811107613,37.3970484,126.6312895,low,사주일기,인천 연수구 인천타워대로 301 송도센텀하이브 A동 2827호 인천 연수구 송도동 30-6,verified,false,
카페 나인티플러스,인천 제물포구 신포로23번길 80-1,37.473276,126.621046,2062204314,https://map.naver.com/p/entry/place/2062204314,37.4769743,126.6284256,mid,카페 나인티플러스,인천 제물포구 참외전로72번길 22-7 1층 인천 제물포구 전동 15-9,verified,false,
제물량로335번길,인천 제물포구 제물량로335번길 57,37.482460,126.618255,,,,,failed,,,not_matched,false,
만석부두로6번길,인천 제물포구 만석부두로6번길 14-1,37.487808,126.622751,,,,,failed,,,not_matched,false,
홍예문아파트,인천 제물포구 송학로 51,37.474509,126.625852,38355407,https://map.naver.com/p/entry/place/38355407,37.4746644,126.62594,high,홍예문아파트,인천 제물포구 송학로 51 인천 제물포구 송학동2가 1-1,verified,false,
맥아더장군동상 앞 계단,인천 제물포구 송학동1가 1-1,37.474661,126.623441,,,,,failed,,,not_matched,false,
수봉하이츠빌라,인천 미추홀구 수봉남로18번길 81-59,37.457053,126.659785,16596012,https://map.naver.com/p/entry/place/16596012,37.4570111,126.659968,high,수봉하이츠빌라,인천 미추홀구 수봉남로18번길 81-59 인천 미추홀구 용현동 61-76,verified,false,
송도콩나물해장국,인천 연수구 청량로113번길 15,37.417493,126.654113,16497597,https://map.naver.com/p/entry/place/16497597,37.4175334,126.6540746,high,송도콩나물해장국,인천 연수구 청량로113번길 15 송도콩나물해장국 인천 연수구 옥련동 569,verified,false,
강화경찰서,인천 강화군 동문안길 17,37.747710,126.486327,11642507,https://map.naver.com/p/entry/place/11642507,37.7477675,126.4866597,high,인천강화경찰서,인천 강화군 강화읍 동문안길 17 인천강화경찰서 인천 강화군 강화읍 관청리 437,verified,false,
해명초등학교,인천 강화군 삼산면 삼산남로 345,37.668700,126.362707,11557889,https://map.naver.com/p/entry/place/11557889,37.6681579,126.3621358,high,해명초등학교,인천 강화군 삼산면 삼산남로 345 해명초등학교 인천 강화군 삼산면 매음리 77-4,verified,false,
강촌레일파크,강원 춘천시 남산면 서백길 57,37.842745,127.550947,1832283314,https://map.naver.com/p/entry/place/1832283314,37.8426895,127.5505577,mid,강촌레일파크경강레일바이크입구,강원 춘천시 남산면 서천리,verified,false,
제민천,충남 공주시 제민천3길 48,36.452583,127.123506,19467703,https://map.naver.com/p/entry/place/19467703,36.454994,127.1229053,mid,제민천3길,충남 공주시 반죽동,verified,false,
경주톨게이트,경북 경주시 율동 502-12,35.810752,129.191820,15263217,https://map.naver.com/p/entry/place/15263217,35.8101361,129.1905165,high,경주톨게이트,경북 경주시 율동,verified,false,
화랑의언덕,경북 경주시 산내면 내일리 산261-2,35.767325,129.089873,1838298326,https://map.naver.com/p/entry/place/1838298326,35.7689151,129.0910703,high,화랑의언덕,경북 경주시 산내면 내일리 산261-2,verified,false,
빛누리정원,경북 경주시 황성동 982-1,35.864226,129.208090,,,,,failed,,,not_matched,false,
성건주공아파트,경북 경주시 한빛길20번길 43,35.854712,129.203609,15740887,https://map.naver.com/p/entry/place/15740887,35.8551404,129.2038249,mid,성건주공아파트,경북 경주시 동대로 21 경북 경주시 성건동 585,verified,false,
한빛어린이공원,경북 경주시 성건동 692,35.853715,129.204214,1846853452,https://map.naver.com/p/entry/place/1846853452,35.814259,128.544958,low,한빛어린이공원,대구 달서구 상인동,verified,false,
경주읍성,경북 경주시 동문로 31,35.847276,129.213881,1981648180,https://map.naver.com/p/entry/place/1981648180,35.8464404,129.213725,mid,경주읍성,경북 경주시 동부동,verified,false,
문천교,경북 경주시 황남동 507,35.826641,129.210645,15743360,https://map.naver.com/p/entry/place/15743360,35.8259967,129.2099729,high,문천교,경북 경주시 황남동,verified,false,
경주오릉 남천 산책길,경북 경주시 탑동 904-112,35.824787,129.206755,,,,,failed,,,not_matched,false,
스테이플레도,경북 경주시 진현로1길 27,35.783816,129.325639,1493900530,https://map.naver.com/p/entry/place/1493900530,35.7838161,129.3256396,high,스테이플레도,경북 경주시 진현로1길 27 스테이플레도 경북 경주시 진현동 611-97,verified,false,
한국수력원자력주식회사,경북 경주시 문무대왕면 불국로 1655,35.795102,129.389180,11869988,https://map.naver.com/p/entry/place/11869988,35.7940592,129.3913186,mid,한국수력원자력본사,경북 경주시 문무대왕면 불국로 1655 경북 경주시 문무대왕면 장항리 1270,verified,false,
동해안로,경북 경주시 감포읍 동해안로 2546,35.828610,129.512134,,,,,failed,,,not_matched,false,
감포항,경북 경주시 감포읍,35.807379,129.501640,21323669,https://map.naver.com/p/entry/place/21323669,35.806714,129.5055655,mid,감포항,경북 경주시 감포읍 감포리,verified,false,
해원푸른빌라,경북 경주시 감포읍 동해안로 2288-14,35.808719,129.501315,15758738,https://map.naver.com/p/entry/place/15758738,35.8088833,129.5012375,high,해원푸른빌라,경북 경주시 감포읍 동해안로 2288-20 경북 경주시 감포읍 감포리 35-6,verified,false,
아르볼,경북 경주시 감포읍 감포안길 10-1,35.805274,129.501736,1639547176,https://map.naver.com/p/entry/place/1639547176,35.8052658,129.5017721,high,아르볼,경북 경주시 감포읍 감포안길 10-1 경북 경주시 감포읍 감포리 383-13,verified,false,
나정감포모래해변,경북 경주시 감포읍 동해안로 1915,35.778940,129.492726,13491730,https://map.naver.com/p/entry/place/13491730,35.7836413,129.491341,mid,나정고운모래해변,경북 경주시 감포읍,verified,false,
양남성당,경북 경주시 양남면 양남항구길 103-4,35.697206,129.475057,13145726,https://map.naver.com/p/entry/place/13145726,35.6973429,129.474975,high,양남성당,경북 경주시 양남면 양남항구길 103-4 경북 경주시 양남면 읍천리 53-1,verified,false,
양남항구길,경북 경주시 양남면 양남항구길 61-1,35.694406,129.475075,,,,,failed,,,not_matched,false,
읍천항,경북 경주시 양남면 양남항구길 27-2,35.692054,129.473609,1807014154,https://map.naver.com/p/entry/place/1807014154,35.692396,129.4746419,high,읍천항,경북 경주시 양남면 양남항구길 46 경북 경주시 양남면 읍천리 195-19,verified,false,
읍천항 등대,경북 경주시 양남면 읍천리 195-18,35.690303,129.475411,2142086183,https://map.naver.com/p/entry/place/2142086183,35.6902711,129.4762748,mid,읍천항남방파제등대,경북 경주시 양남면 경북 경주시 양남면 읍천리 195-4,verified,false,
읍천맛집,경북 경주시 양남면 동해안로 474,35.685080,129.472800,1455149515,https://map.naver.com/p/entry/place/1455149515,35.685089,129.4727887,high,읍천맛집,경북 경주시 양남면 동해안로 474 경북 경주시 양남면 읍천리 409-1,verified,false,
하서해안공원,경북 경주시 양남면 하서리 1516-4,35.672133,129.463888,1748955616,https://map.naver.com/p/entry/place/1748955616,35.6721752,129.4638391,high,하서해안공원,경북 경주시 양남면 하서리 1516-4,verified,false,
이스트앵글,경북 경주시 양남면 해변공원길 4,35.669021,129.464818,1022625699,https://map.naver.com/p/entry/place/1022625699,35.6690425,129.4648089,high,카페 이스트앵글,경북 경주시 양남면 해변공원길 4 카페 이스트앵글 경북 경주시 양남면 수렴리 9,verified,false,
행암동종점 정류장,경남 창원시 진해구 행암동 153-4,35.115968,128.701137,,,,,failed,,,not_matched,false,
웨스틴조선 부산,부산 해운대구 동백로 67,35.155993,129.154043,11565526,https://map.naver.com/p/entry/place/11565526,35.1558164,129.1540569,high,웨스틴 조선 부산,부산 해운대구 동백로 67 웨스틴 조선 부산 부산 해운대구 우동 737,verified,false,
광안리해수욕장,부산 수영구 광안해변로 219,35.153773,129.118520,11491655,https://map.naver.com/p/entry/place/11491655,35.154121,129.1201409,high,광안리해수욕장,부산 수영구 광안해변로 219 부산 수영구 광안동 192-20,verified,false,
마곡중앙2로,서울 강서구 마곡동 801-14,37.557333,126.834089,,,,,failed,,,not_matched,false,
페어몬트 앰배서더 서울 M29,서울 영등포구 여의대로 108,37.525191,126.929113,1560221240,https://map.naver.com/p/entry/place/1560221240,37.5252226,126.9290824,high,페어몬트 앰배서더 서울 M29,서울 영등포구 여의대로 108 페어몬트 앰배서더 서울 호텔 서울 영등포구 여의도동 22,verified,false,
유진빌딩,서울 영등포구 국제금융로 24,37.524631,126.927487,36996125,https://map.naver.com/p/entry/place/36996125,37.5246428,126.9275158,high,유진빌딩,서울 영등포구 여의도동 국제금융로 24 서울 영등포구 여의도동 24-3,verified,false,
반도아이비밸리,서울 금천구 가산디지털1로 204,37.483503,126.881038,1865407802,https://map.naver.com/p/entry/place/1865407802,37.4834278,126.8807449,high,가산역반도아이비밸리,서울 금천구 가산디지털1로 204 서울 금천구 가산동 470-1,verified,false,
용산역,서울 용산구 한강대로23길 55,37.529772,126.964742,13543849,https://map.naver.com/p/entry/place/13543849,37.529662,126.9644553,high,용산역 1호선,"서울 용산구 한강대로23길 55 , 1층 서울 용산구 한강로3가 40-999",verified,false,
우정국로,서울 종로구 관훈동 151-2,37.574744,126.982956,,,,,failed,,,not_matched,false,
삼흥빌딩,서울 서초구 사평대로 373,37.504601,127.023933,18766091,https://map.naver.com/p/entry/place/18766091,37.5046194,127.0239812,high,삼흥빌딩,서울 서초구 사평대로 373 서울 서초구 반포동 748-16,verified,false,
몬테소리빌딩,서울 서초구 강남대로 399,37.498267,127.026842,1786348060,https://map.naver.com/p/entry/place/1786348060,37.4902639,126.7835014,low,한국몬테소리빌딩,경기 부천시 원미구 장말로 373 경기 부천시 원미구 심곡동 365-1,verified,false,
대각빌딩,서울 서초구 서초대로78길 5,37.497259,127.027374,18772593,https://map.naver.com/p/entry/place/18772593,37.4972554,127.0273934,high,대각빌딩,서울 서초구 서초대로78길 5 서울 서초구 서초동 1319-5,verified,false,
미진프라자,서울 강남구 강남대로 390,37.497840,127.028579,18783809,https://map.naver.com/p/entry/place/18783809,37.497901,127.028709,high,미진프라자빌딩,서울 강남구 강남대로 390 미진프라자 서울 강남구 역삼동 825,verified,false,
강남역사거리,서울 강남구 테헤란로 101,37.498623,127.028066,,,,,failed,,,not_matched,false,
강남대로,서울 강남구 강남대로 442,37.502086,127.026070,,,,,failed,,,not_matched,false,
코엑스 컨퍼런스룸,서울 강남구 영동대로 513,37.511824,127.059159,13412849,https://map.naver.com/p/entry/place/13412849,37.5109916,127.0604483,high,코엑스 컨퍼런스룸,서울 강남구 영동대로 513 코엑스 4F 서울 강남구 삼성동 159,verified,false,
롯데타워,서울 송파구 올림픽로 300,37.513713,127.104302,19038041,https://map.naver.com/p/entry/place/19038041,37.490759,126.923174,low,롯데타워,서울 동작구 신대방동 보라매로5길 51 서울 동작구 신대방동 395-67,verified,false,
청라대로(분수광장삼거리),인천 서해구 청라동 106-4,37.536019,126.631909,,,,,failed,,,not_matched,false,
시옌 구월점,인천 남동구 인주대로 560,37.449832,126.699084,155248925,https://map.naver.com/p/entry/place/155248925,37.4498458,126.6991419,mid,시옌,인천 남동구 인주대로 560 시옌 인천 남동구 구월동 1123-4,verified,false,
호국로550번길(1),경기 양주시 장흥면 울대리 423-8,37.716598,126.979028,,,,,failed,,,not_matched,false,
호국로550번길(2),경기 양주시 장흥면 호국로550번길 157,37.714409,126.981680,,,,,failed,,,not_matched,false,
송추계곡입구,경기 양주시 장흥면 울대리 469,37.713574,126.983254,,,,,failed,,,not_matched,false,
중앙 119구조본부 수도권 119특수구조대,경기 남양주시 덕송3로 45,37.672488,127.108330,,,,,failed,,,not_matched,false,
미사테스타타워,경기 하남시 미사강변서로 25,37.552660,127.182808,1999190498,https://map.naver.com/p/entry/place/1999190498,37.5526871,127.1828011,high,미사테스타타워,경기 하남시 미사강변서로 25 미사테스타타워 10층 65호 경기 하남시 풍산동 489,verified,false,
판교역로,경기 성남시 분당구 삼평동 641-2,37.397154,127.109672,,,,,failed,,,not_matched,false,
정통춘천닭갈비 안산점,경기 안산시 상록구 송호3길 4,37.312139,126.846351,1088097910,https://map.naver.com/p/entry/place/1088097910,37.1966936,126.8230147,low,정통춘천닭갈비명가,경기 화성시 만세구 남양읍 남양로621번길 24 1층 전체호 경기 화성시 만세구 남양읍 남양리 2317-4,verified,false,
가톨릭관동대학교 양양캠퍼스,강원 양양군 양양읍 거마천로 120,38.082743,128.598345,13488026,https://map.naver.com/p/entry/place/13488026,38.0816771,128.5970857,high,가톨릭관동대학교 양양캠퍼스(폐교),강원 양양군 양양읍 거마천로 120 강원 양양군 양양읍 임천리 산7,verified,false,
오성첨단의료산업진흥재단,충북 청주시 흥덕구 오송읍 오송생명로 123,36.635404,127.324632,,,,,failed,,,not_matched,false,
신성대학교 국제회의실,충남 당진시 정미면 대학로 1,36.853709,126.593769,,,,,failed,,,not_matched,false,
우석대학교 대학본부,전북 완주군 삼례읍 삼례로 443,35.911576,127.067812,17604370,https://map.naver.com/p/entry/place/17604370,35.9105643,127.066708,high,우석대학교대학본부,전북 완주군 삼례읍 삼례로 443 전북 완주군 삼례읍 후정리 490,verified,false,
찐우,서울 마포구 월드컵북로48길 38,37.577344,126.895627,1887346574,https://map.naver.com/p/entry/place/1887346574,37.5773257,126.895716,high,찐우,서울 마포구 월드컵북로48길 38 1층 찐우 서울 마포구 상암동 14-3,verified,false,
투썸플레이스 상암MBC점,서울 마포구 성암로 267,37.581123,126.890989,1502939350,https://map.naver.com/p/entry/place/1502939350,37.5811234,126.890989,high,투썸플레이스 상암MBC점,서울 마포구 성암로 267 문화방송 1층 서울 마포구 상암동 1603,verified,false,
저스티나,서울 마포구 양화진2길 31,37.547728,126.910881,1580543297,https://map.naver.com/p/entry/place/1580543297,37.5478995,126.9107936,high,저스티나,서울 마포구 양화진2길 31 저스티나 1층 서울 마포구 합정동 379-4,verified,false,
별밤,서울 마포구 어울마당로 39,37.548758,126.920303,38010032,https://map.naver.com/p/entry/place/38010032,37.5487482,126.9203028,high,별밤,서울 마포구 어울마당로 39 서울 마포구 서교동 402-18,verified,false,
더링크호텔 서울,서울 구로구 경인로 610,37.505326,126.883810,1104015712,https://map.naver.com/p/entry/place/1104015712,37.5054332,126.8839722,low,나라한복 더링크호텔,서울 구로구 경인로 610 3층일부 서울 구로구 신도림동 413-9,verified,false,
에이알센트레,서울 금천구 벚꽃로 286,37.480394,126.884121,1754840420,https://map.naver.com/p/entry/place/1754840420,37.4803344,126.8841305,mid,에이알센트레 스쿼시/필라테스,서울 금천구 벚꽃로 286 리더스타워 1층 AR centre 서울 금천구 가산동 60-15,verified,false,
여의도 IFC,서울 영등포구 국제금융로 10,37.525178,126.924877,1591620827,https://map.naver.com/p/entry/place/1591620827,37.5248506,126.9255781,mid,차알 여의도 IFC몰점,서울 영등포구 국제금융로 10 IFC몰 L3층 서울 영등포구 여의도동 23,verified,false,
여의도 국회의사당,서울 영등포구 의사당대로 1,37.532912,126.916404,11583151,https://map.naver.com/p/entry/place/11583151,37.5319169,126.9142029,high,국회의사당,서울 영등포구 의사당대로 1 서울 영등포구 여의도동 1,verified,false,
국립서울현충원,서울 동작구 현충로 210,37.499824,126.978408,19030350,https://map.naver.com/p/entry/place/19030350,37.5036228,126.974068,mid,국립서울현충원청사,서울 동작구 현충로 210 국립서울현충원 서울 동작구 동작동 산42-6,verified,false,
숭례문(남대문),서울 중구 세종대로 40,37.559928,126.975360,13491509,https://map.naver.com/p/entry/place/13491509,37.5599757,126.9753562,high,숭례문,서울 중구 세종대로 40 서울 중구 남대문로4가 29,verified,false,
전국은행협회,서울 중구 명동11길 19,37.565022,126.985460,1808448216,https://map.naver.com/p/entry/place/1808448216,37.565024,126.9854774,mid,전국은행연합회,서울 중구 명동11길 19 서울 중구 명동1가 4-1,verified,false,
평창동집,서울 종로구 평창동 489-8,37.613706,126.970751,1047148125,https://map.naver.com/p/entry/place/1047148125,37.6062514,126.9665947,low,평창동김밥,서울 종로구 평창11길 7 서울 종로구 평창동 339,verified,false,
이앤갤러리,서울 종로구 평창길 224,37.613195,126.970808,603799070,https://map.naver.com/p/entry/place/603799070,37.6131653,126.9707769,mid,이엔갤러리,서울 종로구 평창길 224 서울 종로구 평창동 495-19,verified,false,
반포한강공원,서울 서초구 한강남자전거길 2262,37.512842,127.002294,18758113,https://map.naver.com/p/entry/place/18758113,37.5125014,127.0002012,mid,반포 한강공원피크닉장,서울 서초구 잠원동,verified,false,
강남역 주변,서울 서초구 서초대로74길 11,37.496633,127.026914,,,,,failed,,,not_matched,false,
테헤란로,서울 강남구 테헤란로 317,37.503974,127.045763,,,,,failed,,,not_matched,false,
강남대로,서울 강남구 강남대로 562,37.512173,127.021251,,,,,failed,,,not_matched,false,
긴자료코 강남본점,서울 강남구 압구정로 224,37.528563,127.032148,1252135839,https://map.naver.com/p/entry/place/1252135839,37.5286964,127.03233,high,긴자료코 강남본점,서울 강남구 압구정로 224 우미빌딩 1층 101호 서울 강남구 신사동 616-2,verified,false,
하이파킹 청담디자이너크럽 주차장,서울 강남구 선릉로152길 11,37.524298,127.040431,1276684758,https://map.naver.com/p/entry/place/1276684758,37.5243878,127.0403181,mid,투루파킹 청담디자이너크럽 주차장,서울 강남구 선릉로 818 서울 강남구 청담동 85-4,verified,false,
삼성해맞이공원,서울 강남구 삼성동 82,37.519842,127.062019,1213220888,https://map.naver.com/p/entry/place/1213220888,37.5197623,127.0620585,high,삼성해맞이공원,서울 강남구 영동대로128길 39 서울 강남구 삼성동 82,verified,false,
딘트 청담본점,서울 강남구 삼성로 734,37.521114,127.049362,38751163,https://map.naver.com/p/entry/place/38751163,37.5210762,127.0493266,high,딘트 청담본점,서울 강남구 삼성로 734 D734 B1~1층 서울 강남구 청담동 63-4,verified,false,
강남구수어통역센터,서울 강남구 학동로 343,37.517481,127.040620,1916559285,https://map.naver.com/p/entry/place/1916559285,37.5175457,127.0407623,high,강남구수어통역센터,서울 강남구 학동로 343 더피나클강남 지하2층 서울 강남구 논현동 119,verified,false,
라움아트센터,서울 강남구 언주로 564,37.508391,127.039775,19847263,https://map.naver.com/p/entry/place/19847263,37.5081005,127.0397224,high,라움아트센터,서울 강남구 언주로 564 라움아트센터 서울 강남구 역삼동 680-1,verified,false,
선릉역사거리,서울 강남구 테헤란로 지하 340,37.504503,127.048942,,,,,failed,,,not_matched,false,
삼성역주변,서울 강남구 테헤란로 지하 538,37.508862,127.063073,,,,,failed,,,not_matched,false,
동막2교 삼거리,경기 연천군 연천읍 동막리 246-5,38.090404,127.110735,,,,,failed,,,not_matched,false,
속초수산,경기 양주시 독바위로 32,37.838375,127.062516,1285118328,https://map.naver.com/p/entry/place/1285118328,37.8383839,127.062539,high,속초수산,경기 양주시 독바위로 32 경기 양주시 덕정동 283-5,verified,false,
경기도의료원 파주병원,경기 파주시 중앙로 207,37.754880,126.779636,12911305,https://map.naver.com/p/entry/place/12911305,37.7550649,126.7801502,high,경기도의료원 파주병원,경기 파주시 중앙로 207 경기도립의료원파주병원 경기 파주시 금촌동 798,verified,false,
일산벨라시타,경기 고양시 일산동구 강송로 33,37.644071,126.792801,1778761196,https://map.naver.com/p/entry/place/1778761196,37.6420594,126.7914711,mid,힙포 일산벨라시타점,경기 고양시 일산동구 강송로 33 벨라시타 본동 2층 2201호 경기 고양시 일산동구 백석동 1237,verified,false,
중앙로,경기 양평군 양평읍 중앙로 112,37.493324,127.501279,,,,,failed,,,not_matched,false,
안양동안경찰서,경기 안양시 동안구 동안로159번길 43,37.391209,126.948866,21629177,https://map.naver.com/p/entry/place/21629177,37.3914995,126.9484963,high,안양동안경찰서별관,경기 안양시 동안구 동안로159번길 43 경기 안양시 동안구 비산동 1105,verified,false,
동안로159번길,경기 안양시 동안구 동안로159번길 26,37.392194,126.948619,,,,,failed,,,not_matched,false,
방아머리로,경기 안산시 단원구 사근여길 23,37.283403,126.572855,,,,,failed,,,not_matched,false,
네모,경기 성남시 수정구 창업로 17,37.412013,127.097830,1029907154,https://map.naver.com/p/entry/place/1029907154,37.7365193,127.0500054,low,네모,경기 의정부시 시민로132번길 29 1층 네모 경기 의정부시 의정부동 134-17,verified,false,
분당수지 U타워,경기 용인시 수지구 신수로 767,37.338255,127.101362,,,,,failed,,,not_matched,false,
타짜도르,경기 화성시 동탄구 동탄기흥로520번가길 29,37.208968,127.094365,1736392308,https://map.naver.com/p/entry/place/1736392308,37.2089683,127.0943648,high,타짜도르,경기 화성시 동탄구 동탄기흥로520번가길 29 1층 경기 화성시 동탄구 영천동 793-5,verified,false,
성녀 루이제의 집,경기 화성시 효행구 정남면 서봉로921번길 45,37.156409,126.961399,1021960120,https://map.naver.com/p/entry/place/1021960120,37.1566571,126.9604,high,성녀루이제의집,경기 화성시 효행구 정남면 서봉로921번길 45 경기 화성시 효행구 정남면 문학리 586-2,verified,false,
세븐일레븐 평택고덕산업단지점,경기 평택시 고덕면 고덕여염11길 14,,,1587768212,https://map.naver.com/p/entry/place/1587768212,37.0446084,127.0527707,mid,세븐일레븐 평택고덕산업단지점,경기 평택시 고덕여염11길 14 1동 1층 1호 경기 평택시 고덕동 2059-1,verified,false,
청기와타운 송도점,인천 연수구 앵고개로 80,37.411649,126.654751,1102005491,https://map.naver.com/p/entry/place/1102005491,37.4117975,126.6546041,high,청기와타운 송도점,"인천 연수구 앵고개로 80 1층 102, 103, 104, 105, 107, 108호",verified,false,
쉐라톤그랜드인천호텔 유에,인천 연수구 컨벤시아대로 153,37.390225,126.645426,31098488,https://map.naver.com/p/entry/place/31098488,37.3902289,126.6454789,high,쉐라톤그랜드인천호텔 유에,인천 연수구 컨벤시아대로 153 쉐라톤 그랜드 인천 호텔 4층 인천 연수구 송도동 6-9,verified,false,
라이크홈메디컬센터,인천 연수구 인천타워대로132번길 34,37.386364,126.643945,1361357263,https://map.naver.com/p/entry/place/1361357263,37.3863999,126.6439833,high,라이크홈메디컬센터,인천 연수구 인천타워대로132번길 34 인천 연수구 송도동 8-2,verified,false,
태평성대 경상감영공원,경북 상주시 삼백로 323,36.421428,128.179431,36482633,https://map.naver.com/p/entry/place/36482633,36.4212327,128.1802112,high,태평성대경상감영공원,경북 상주시 삼백로 323 경북 상주시 복룡동 165-9,verified,false,
경천섬공원,경북 상주시 중동면 오상리,36.432128,128.260010,1165558222,https://map.naver.com/p/entry/place/1165558222,36.4395483,128.2593419,mid,경천섬공원,경북 상주시 중동면 오상리 968-1,verified,false,
비봉산 전망대,경북 상주시 중동면 오상리,36.432128,128.260010,20038009,https://map.naver.com/p/entry/place/20038009,37.0088065,128.143142,low,비봉산,충북 제천시 청풍면 문화재길 166-1 충북 제천시 청풍면 광의리 산7-4,verified,false,
백두대간생태교육센터,경북 상주시 공성면 웅산로 705,36.280222,128.043633,19728616,https://map.naver.com/p/entry/place/19728616,36.280131,128.0435769,high,백두대간생태교육센터,경북 상주시 공성면 웅산로 705 경북 상주시 공성면 우하리 524,verified,false,
대구이월드,대구 달서구 두류공원로 200,35.854855,128.564821,769515371,https://map.naver.com/p/entry/place/769515371,35.8540742,128.5647169,mid,할리스 대구이월드점,대구 달서구 두류공원로 200 대구 달서구 두류동 산302-11,verified,false,
83타워,대구 달서구 두류공원로 200,35.854855,128.564821,16370069,https://map.naver.com/p/entry/place/16370069,35.8527285,128.566894,mid,83타워,대구 달서구 두류공원로 200 83타워 대구 달서구 두류동 산302-11,verified,false,
어반정글,제주 제주시 조천읍 일주동로 1611,33.552903,126.704296,1049817746,https://map.naver.com/p/entry/place/1049817746,37.7019325,126.7237616,low,어반정글,경기 고양시 일산서구 송포로447번길 105-8 경기 고양시 일산서구 가좌동 16-2,verified,false,
사려니숲길,제주 서귀포시 남원읍 수망리,33.336523,126.710233,,,,,failed,,,not_matched,false,
성일아파트301동,인천 부평구 수변로52번길 6,37.490400,126.741736,1020609512,https://map.naver.com/p/entry/place/1020609512,37.4909,126.7414381,mid,성일아파트301동,인천 부평구 부개동,verified,false,
중앙자유시장,경기 부천시 부천로47번길 9,37.488371,126.782367,16584474,https://map.naver.com/p/entry/place/16584474,37.4801346,126.6283249,low,화수자유시장,인천 제물포구 운교로13번길 5 인천 제물포구 화수동 287-106,verified,false,
김밥천국,경기 부천시 호현로 495,37.481743,126.792507,2089130550,https://map.naver.com/p/entry/place/2089130550,37.4707386,126.7956598,mid,김밥천국,경기 부천시 소사구 소사로 141 경기 부천시 소사구 소사본동 231-4,verified,false,
재궁치안센터,경기 군포시 오금로 77,37.355606,126.935695,,,,,failed,,,not_matched,false,
마라탕,서울 종로구 성균관로 15-2,37.584104,126.997430,2091831481,https://map.naver.com/p/entry/place/2091831481,37.5837566,127.0022923,mid,79마라탕,서울 종로구 대학로14길 10 2층 서울 종로구 혜화동 190-1,verified,false,
치즈밥있슈 성균관대점,서울 종로구 성균관로5가길 1-6,37.584079,126.997140,,,,,failed,,,not_matched,false,
연남타코 골목,서울 마포구 성미산로29안길 18,37.565179,126.923228,,,,,failed,,,not_matched,false,
한솔빌라,서울 마포구 성미산로29안길 6,37.564911,126.922727,18800878,https://map.naver.com/p/entry/place/18800878,37.5649362,126.9227069,high,한솔빌라,서울 마포구 성미산로29안길 6 서울 마포구 연남동 240-55,verified,false,
망원2치안센터,서울 마포구 월드컵로31길 18,37.561628,126.903752,18369961,https://map.naver.com/p/entry/place/18369961,37.5616285,126.9037438,high,망원2치안센터,서울 마포구 월드컵로31길 18 망원2파출소 서울 마포구 망원동 471-22,verified,false,
디벙크,서울 마포구 성지1길 30,37.547902,126.915120,1141833339,https://map.naver.com/p/entry/place/1141833339,37.547935,126.915129,high,디벙크,서울 마포구 성지1길 30 더보이드빌딩 지하1층 서울 마포구 합정동 366-1,verified,false,
연세로4길,서울 서대문구 연세로4길 39,37.557934,126.938665,,,,,failed,,,not_matched,false,
신촌골목,서울 서대문구 연세로4길 46-3,37.557980,126.939193,,,,,failed,,,not_matched,false,
마포경찰서,서울 마포구 마포대로 183,37.550829,126.954018,11642483,https://map.naver.com/p/entry/place/11642483,37.5510174,126.9539447,high,서울마포경찰서,서울 마포구 마포대로 183 서울 마포구 아현동 618-1,verified,false,
마포대로,서울 마포구 마포대로 180,37.550190,126.955541,,,,,failed,,,not_matched,false,
CU공덕미네뜨점,서울 마포구 만리재로 111,37.550076,126.960338,2081950893,https://map.naver.com/p/entry/place/2081950893,37.5500518,126.9603764,high,CU 공덕미네뜨점,서울 마포구 만리재로 111 2층 201호 서울 마포구 공덕동 29-5,verified,false,
터치더스카이,서울 영등포구 여의도동 60,37.519834,126.940072,11845747,https://map.naver.com/p/entry/place/11845747,37.5198158,126.9403139,high,터치더스카이,서울 영등포구 63로 50 한화금융센터_63_58층 서울 영등포구 여의도동 60,verified,false,
노들섬,서울 용산구 이촌동 383-1,37.517430,126.956886,1640249712,https://map.naver.com/p/entry/place/1640249712,37.5176704,126.9580519,high,노들섬,서울 용산구 양녕로 445 서울 용산구 이촌동 302-146,verified,false,
서울로PH,서울 중구 만리재로 211,37.556308,126.968160,1149204793,https://map.naver.com/p/entry/place/1149204793,37.5563082,126.9681596,high,서울로 PH,서울 중구 만리재로 211 11층 1호 서울 중구 만리동1가 33-1,verified,false,
정동길,서울 중구 정동길 46,37.565183,126.972450,,,,,failed,,,not_matched,false,
업텐션 약수점,서울 중구 다산로 145,37.556790,127.011511,1000615800,https://map.naver.com/p/entry/place/1000615800,37.5568,127.011556,high,업텐션 약수점,서울 중구 다산로 145 102호 서울 중구 신당동 370-59,verified,false,
엠버서더서울풀만 남산룸,서울 중구 동호로 287,37.560599,127.002136,,,,,failed,,,not_matched,false,
보안책방,서울 종로구 효자로 33,37.579118,126.973630,1782716432,https://map.naver.com/p/entry/place/1782716432,37.5789903,126.9736438,high,보안책방,서울 종로구 효자로 33 2층 서울 종로구 통의동 2-1,verified,false,
열린송현녹지광장,서울 종로구 송현동 48-9,37.576660,126.981401,1253283640,https://map.naver.com/p/entry/place/1253283640,37.576452,126.981683,high,열린송현 녹지광장,서울 종로구 송현동 48-9,verified,false,
홈코리안퀴진,서울 종로구 삼청로 22-9,37.577873,126.980231,1979117769,https://map.naver.com/p/entry/place/1979117769,37.5778524,126.9802214,high,홈코리안퀴진,서울 종로구 삼청로 22-9 1층 서울 종로구 사간동 60,verified,false,
평창30길,서울 종로구 평창30길 66,37.613255,126.972478,,,,,failed,,,not_matched,false,
카페낙타,서울 종로구 낙산5길 51,37.578256,127.011597,1184081029,https://map.naver.com/p/entry/place/1184081029,37.5782559,127.0115967,mid,채석장전망대 카페낙타,서울 종로구 낙산5길 51 서울 종로구 창신동 23-322,verified,false,
삼성철물,서울 동대문구 한천로 439,37.599872,127.067401,1176819744,https://map.naver.com/p/entry/place/1176819744,37.5103229,127.0534738,low,삼성철물,서울 강남구 삼성로103길 12 서울 강남구 삼성동 121-38,verified,false,
정릉골,서울 성북구 솔샘로15가길 50-4,37.614133,127.002732,1158302572,https://map.naver.com/p/entry/place/1158302572,37.6094931,127.0079248,mid,정릉골,서울 성북구 솔샘로6마길 1 1층 정릉로 서울 성북구 정릉동 351,verified,false,
쌍문이안아파트,서울 도봉구 시루봉로 8,37.651093,127.029297,18622056,https://map.naver.com/p/entry/place/18622056,37.6515612,127.0288148,high,쌍문이안아파트,서울 도봉구 시루봉로 8 서울 도봉구 쌍문동 730,verified,false,
고기반햄반김치찌개&김치찜 상봉본점,서울 중랑구 상봉로 76,37.592605,127.093583,1143069254,https://map.naver.com/p/entry/place/1143069254,37.5925912,127.0935624,high,고기반햄반김치찌개&김치찜 상봉본점,서울 중랑구 상봉로 76 1층 고기반햄반김치찌개&김치찜 서울 중랑구 망우동 477-56,verified,false,
서울면북초등학교 옆길,서울 중랑구 망우동 산 69-485,37.593967,127.104113,,,,,failed,,,not_matched,false,
엠무브골프연습장&카페,서울 중랑구 용마공원로9길 44,37.593282,127.103648,1084969010,https://map.naver.com/p/entry/place/1084969010,37.5929965,127.103743,high,엠무브골프연습장&카페,서울 중랑구 용마공원로9길 44 MMOVE골프연습장&카페 서울 중랑구 망우동 118-1,verified,false,
디토,서울 서초구 명달로 94,37.485684,127.004330,1216994650,https://map.naver.com/p/entry/place/1216994650,37.4857964,127.0042404,high,디토,서울 서초구 명달로 94 서울 서초구 서초동 1516-2,verified,false,
모퉁이우 하이테이블,서울 강남구 도산대로 150,37.517974,127.025180,,,,,failed,,,not_matched,false,
CH캐롤리나헤레라 서울점,서울 강남구 압구정로 451,37.526066,127.046639,824191037,https://map.naver.com/p/entry/place/824191037,37.5640983,126.9814123,low,CH캐롤리나헤레라 롯데백화점 본점 에비뉴엘,서울 중구 남대문로 73 롯데백화점 본점 에비뉴엘 3층 서울 중구 남대문로2가 130,verified,false,
기욤 청담점,서울 강남구 선릉로152길 17,37.524371,127.041029,13093133,https://map.naver.com/p/entry/place/13093133,37.52435,127.0409469,high,기욤 청담점,서울 강남구 선릉로152길 17 서울 강남구 청담동 88-37,verified,false,
글로본빌딩앞,서울 강남구 도산대로 331,37.523296,127.038121,,,,,failed,,,not_matched,false,
브루주아,서울 강남구 논현로132길 40,37.515532,127.033723,1625925593,https://map.naver.com/p/entry/place/1625925593,37.5155321,127.0337229,high,브루주아,서울 강남구 논현로132길 40 1층 서울 강남구 논현동 89-7,verified,false,
SJ쿤스트할레,서울 강남구 언주로148길 5,37.520509,127.034917,36601325,https://map.naver.com/p/entry/place/36601325,37.5205228,127.0349452,low,에스제이쿤스트할레,서울 강남구 언주로148길 5 서울 강남구 논현동 97-22,verified,false,
파크하얏트 서울 더라운지,서울 강남구 테헤란로 606,37.508734,127.064282,19873420,https://map.naver.com/p/entry/place/19873420,37.5085907,127.0641793,high,파크 하얏트 서울 더 라운지,서울 강남구 테헤란로 606 파크 하얏트 서울 24층 서울 강남구 대치동 995-14,verified,false,
보노보노 삼성점,서울 강남구 테헤란로 508,37.506817,127.057978,11684863,https://map.naver.com/p/entry/place/11684863,37.5069045,127.0582101,high,보노보노 삼성점,서울 강남구 테헤란로 508 해성2빌딩 지하1층 서울 강남구 대치동 942-10,verified,false,
트레이드타워,서울 강남구 영동대로 511,37.510357,127.061024,1805379559,https://map.naver.com/p/entry/place/1805379559,37.5103371,127.0609787,high,트레이드타워,"서울 강남구 영동대로 511 , B1층 서울 강남구 삼성동 159-1",verified,false,
모던눌랑 잠실점,서울 송파구 잠실로 209,37.513865,127.106100,1237824591,https://map.naver.com/p/entry/place/1237824591,37.513871,127.1063644,high,모던눌랑 잠실점,서울 송파구 잠실로 209 KT송파빌딩 호텔동 B1 서울 송파구 신천동 29-1,verified,false,
하버파크호텔,인천 제물포구 제물량로 217,37.472105,126.619632,13140461,https://map.naver.com/p/entry/place/13140461,37.47212,126.619617,high,하버파크호텔,인천 제물포구 제물량로 217 인천 제물포구 항동3가 5,verified,false,
제물량로,인천 제물포구 제물량로 401,37.484034,126.626355,,,,,failed,,,not_matched,false,
이집트경양식,인천 제물포구 우현로67번길 13,37.473755,126.629277,686603615,https://map.naver.com/p/entry/place/686603615,37.4737452,126.629291,mid,이집트경양식 동인천 본점,인천 제물포구 우현로67번길 13 이집트경양식 인천 제물포구 내동 26-1,verified,false,
위켄드라운지,인천 제물포구 송학로 63,37.474859,126.624787,,,,,failed,,,not_matched,false,
인천석정초등학교,인천 남동구 석정로539번길 32,37.466936,126.695822,12008353,https://map.naver.com/p/entry/place/12008353,37.4674994,126.6962925,high,석정초등학교,인천 남동구 석정로539번길 32 인천 남동구 간석동 614-5,verified,false,
트라이보올,인천 연수구 인천타워대로 250,37.394114,126.635029,33706774,https://map.naver.com/p/entry/place/33706774,37.3941816,126.6349799,mid,트라이보울,인천 연수구 인천타워대로 250 트라이보울 인천 연수구 송도동 24-6,verified,false,
24시 진선소고기국밥회천직영점,경기 양주시 회천중앙로 217,37.817605,127.051548,1104362348,https://map.naver.com/p/entry/place/1104362348,37.8176081,127.0515168,high,24시 진선소고기국밥회천직영점,경기 양주시 회천중앙로 217 경기 양주시 덕계동 883-3,verified,false,
카페 종이와 나무,경기 파주시 회동길 445-1,37.720396,126.693857,38514842,https://map.naver.com/p/entry/place/38514842,37.7203586,126.6938575,high,카페 종이와 나무,경기 파주시 회동길 445-1 A동 101호 경기 파주시 문발동 638-4,verified,false,
여명양평해장국전문,경기 고양시 일산서구 덕산로 315,37.696734,126.737675,37053461,https://map.naver.com/p/entry/place/37053461,37.6967379,126.7377195,high,여명양평해장국전문,경기 고양시 일산서구 덕산로 315 여명양평해장국 경기 고양시 일산서구 덕이동 1052-4,verified,false,
킨텍스로 육교,경기 고양시 일산서구 대화동 2607-2,37.666726,126.746459,,,,,failed,,,not_matched,false,
강선마을15단지보성아파트,경기 고양시 일산서구 강선로 30,37.666854,126.763133,19056387,https://map.naver.com/p/entry/place/19056387,37.6664525,126.7631335,high,강선마을15단지보성아파트,경기 고양시 일산서구 강선로 30 경기 고양시 일산서구 주엽동 84,verified,false,
노브랜드버거 일산라페스타점,경기 고양시 일산동구 중앙로1275번길 56,37.659252,126.769874,,,,,failed,,,not_matched,false,
엔담,경기 고양시 덕양구 신도3길 110,37.650076,126.890062,1045055830,https://map.naver.com/p/entry/place/1045055830,37.6500734,126.8900783,high,카페 엔담,경기 고양시 덕양구 신도3길 110 1층 경기 고양시 덕양구 삼송동 128-51,verified,false,
파파이스 화정역점,경기 고양시 덕양구 화신로272번길 57,37.633543,126.831449,,,,,failed,,,not_matched,false,
조가네갑오징어 삼송점,경기 고양시 덕양구 통일로 69,37.646174,126.907338,,,,,failed,,,not_matched,false,
고구려대장간마을 절벽,경기 구리시 우미내길 41,37.560808,127.110949,,,,,failed,,,not_matched,false,
영락경로원,경기 하남시 안터로 55-1,37.546301,127.185195,1118083366,https://map.naver.com/p/entry/place/1118083366,37.5463677,127.1847853,high,영락경로원,경기 하남시 안터로 55-1 경기 하남시 풍산동 산33,verified,false,
화랑공원 8호교,경기 성남시 분당구 대왕판교로 609,37.397084,127.106227,,,,,failed,,,not_matched,false,
미사강변대로,경기 하남시 선동 442,37.574771,127.180829,,,,,failed,,,not_matched,false,
덕풍중학교,경기 하남시 덕풍북로71번길 10,37.553698,127.199225,13282197,https://map.naver.com/p/entry/place/13282197,37.5536694,127.1993312,high,덕풍중학교,경기 하남시 덕풍북로71번길 10 덕풍중학교 경기 하남시 덕풍동 760,verified,false,
성안교회,경기 하남시 조정대로 103,37.552474,127.189851,11840551,https://map.naver.com/p/entry/place/11840551,37.5525094,127.1899252,high,성안교회,경기 하남시 조정대로 103 성안교회 경기 하남시 풍산동 533,verified,false,
공도초등학교,경기 안성시 공도읍 공도1로 9,37.000136,127.167203,11617778,https://map.naver.com/p/entry/place/11617778,36.999898,127.1676556,high,공도초등학교,경기 안성시 공도읍 공도1로 9 공도초등학교 경기 안성시 공도읍 용두리 187-1,verified,false,
히든캠프,경기 안성시 죽산면 용설호수길 170-1,37.055325,127.447248,1716024992,https://map.naver.com/p/entry/place/1716024992,37.0554054,127.4478214,high,히든캠프,경기 안성시 죽산면 용설호수길 170-1 경기 안성시 죽산면 용설리 516-7,verified,false,
벨라45컨트리클럽,강원 횡성군 서원면 창촌리 산132,37.471477,127.859580,1853615582,https://map.naver.com/p/entry/place/1853615582,37.4778296,127.8561667,mid,벨라45 컨트리클럽,강원 횡성군 서원면 창촌리 산132,verified,false,
항구마차,강원 강릉시 옥계면 금진리 149-3,37.649138,129.047316,,,,,failed,,,not_matched,false,
양양주택,강원 양양군 강현면 용호길 24-9,38.130256,128.619799,20468118,https://map.naver.com/p/entry/place/20468118,37.9977946,128.6426545,low,양양목조주택,강원 양양군 현북면 남대천로 1228-3 강원 양양군 현북면 장리 161-3,verified,false,
휴휴암,강원 양양군 광진2길 3-16,37.961052,128.767348,13502101,https://map.naver.com/p/entry/place/13502101,37.9610557,128.7673614,high,휴휴암,강원 양양군 현남면 광진2길 3-16 강원 양양군 현남면 광진리 1,verified,false,
춘천지방법원 강릉지원,강원 강릉시 동해대로 3288-18,37.785347,128.877084,15351716,https://map.naver.com/p/entry/place/15351716,37.7852678,128.8771756,high,춘천지방법원 강릉지원,강원 강릉시 동해대로 3288-18 춘천지방법원강릉지원 강원 강릉시 난곡동 117-1,verified,false,
헌화로,강원 강릉시 옥계면 금진리 1048,37.656424,129.055384,,,,,failed,,,not_matched,false,
도째비골 스카이밸리,강원 동해시 묵호진동 2-109,37.555255,129.119131,1507627146,https://map.naver.com/p/entry/place/1507627146,37.5552513,129.1191164,high,도째비골 스카이밸리,강원 동해시 묵호진동 2-109,verified,false,
무릉별유천지,강원 동해시 이기로 97,37.475990,129.033051,1253560861,https://map.naver.com/p/entry/place/1253560861,37.4759555,129.0330428,high,무릉별유천지,강원 동해시 이기로 97 무릉별유천지 제2주차장 강원 동해시 삼화동 762-6,verified,false,
삼척로,강원 삼척시 원덕읍 갈남리 30-10,37.280391,129.323391,,,,,failed,,,not_matched,false,
갈남 정류장,강원 삼척시 원덕읍 갈남리 102-7,37.280780,129.322907,,,,,failed,,,not_matched,false,
갈남길,강원 삼척시 원덕읍 갈남길 90,37.278906,129.325800,,,,,failed,,,not_matched,false,
갈남리 집,강원 삼척시 원덕읍 갈남길 49-103,37.280987,129.323409,,,,,failed,,,not_matched,false,
갈남해수욕장,강원 삼척시 원덕읍 갈남리,37.270409,129.323271,13491233,https://map.naver.com/p/entry/place/13491233,37.2643674,129.3272578,mid,신남해수욕장,강원 삼척시 원덕읍 갈남리,verified,false,
갈남항,강원 삼척시 원덕읍 갈남리 99-20,37.280719,129.325093,15112925,https://map.naver.com/p/entry/place/15112925,37.2809062,129.3249912,high,갈남항,강원 삼척시 원덕읍 갈남리 99-20,verified,false,
대전고등법원,대전 서구 둔산중로78번길 45,36.354475,127.389258,11538173,https://map.naver.com/p/entry/place/11538173,36.3544304,127.38926,high,대전고등법원,대전 서구 둔산중로78번길 45 대전지방법원 대전 서구 둔산동 1390,verified,false,
안도르,대전 중구 선화로 148,36.331399,127.423300,21107023,https://map.naver.com/p/entry/place/21107023,36.331354,127.4233939,high,안도르,대전 중구 선화로 148 대전 중구 은행동 21,verified,false,
태평동 주택,대전 중구 계백로1653번길 123,36.325282,127.401572,21071099,https://map.naver.com/p/entry/place/21071099,37.4471133,127.1315627,low,태평3주택재개발,경기 성남시 수정구 태평동,verified,false,
미르마을 공인중개사,대전 중구 선화로22번길 25,36.324071,127.414492,16085916,https://map.naver.com/p/entry/place/16085916,36.3251609,127.412636,high,미르마을공인중개사사무소,대전 중구 선화로22번길 25 대전 중구 용두동 39,verified,false,
솔랑시울길,대전 동구 솔랑시울길 38,36.335798,127.434590,,,,,failed,,,not_matched,false,
정은사앞,대전 동구 솔랑시울길 44,36.335546,127.434539,,,,,failed,,,not_matched,false,
대동침례교회,대전 동구 동대전로110번길 53,36.331221,127.447535,1543793767,https://map.naver.com/p/entry/place/1543793767,36.3312565,127.4474788,high,대동침례교회,대전 동구 동대전로110번길 53 대전 동구 대동 59-6,verified,false,
동대전로104번길,대전 동구 동대전로104번길 33-18,36.331089,127.447269,,,,,failed,,,not_matched,false,
성요셉공원,충북 청주시 상당구 가덕면 시동리 산 13-4,36.567685,127.579162,17808599,https://map.naver.com/p/entry/place/17808599,36.5686754,127.5771541,high,성요셉공원,충북 청주시 상당구 가덕면 충북 청주시 상당구 가덕면 시동리 산13-4,verified,false,
마곡중앙로 횡단보도,서울 강서구 마곡동 756-4,37.570726,126.827907,,,,,failed,,,not_matched,false,
상암MBC주변,서울 마포구 상암동 1705,37.580289,126.890547,,,,,failed,,,not_matched,false,
홍대입구역 사거리,서울 마포구 양화로 136,37.554695,126.921532,,,,,failed,,,not_matched,false,
여의도한강공원,서울 영등포구 여의도동 84,37.530000,126.929941,35386965,https://map.naver.com/p/entry/place/35386965,37.5304379,126.9307123,high,여의도한강공원서울색공원,서울 영등포구 여의도동 84,verified,false,
정우빌딩,서울 영등포구 은행로 29,37.529082,126.921889,18999952,https://map.naver.com/p/entry/place/18999952,37.5290475,126.9218903,high,정우빌딩,서울 영등포구 은행로 29 서울 영등포구 여의도동 13-25,verified,false,
CU 삼청점,서울 종로구 삼청로 68,37.581577,126.981332,1116530305,https://map.naver.com/p/entry/place/1116530305,37.5815397,126.9812962,high,CU 삼청점,서울 종로구 삼청로 68 서울 종로구 화동 61,verified,false,
제기동집,서울 동대문구 약령시로11길 28,37.584165,127.035935,,,,,failed,,,not_matched,false,
분식을품다 본점,서울 서초구 강남대로47길 30,37.488573,127.030017,1791530852,https://map.naver.com/p/entry/place/1791530852,37.4885978,127.0300668,high,분식을품다 본점,서울 서초구 강남대로47길 30 102호 분식을품다 서울 서초구 서초동 1341-9,verified,false,
부띠끄아지트,서울 서초구 서초대로 397,37.497434,127.024517,,,,,failed,,,not_matched,false,
도산대로30길,서울 강남구 도산대로 210,37.519838,127.029765,,,,,failed,,,not_matched,false,
본부케,서울 강남구 강남대로106길 11,37.503051,127.026526,1591467110,https://map.naver.com/p/entry/place/1591467110,37.5030417,127.0266124,high,본부케,서울 강남구 강남대로106길 11 1층 본부케 서울 강남구 역삼동 810-10,verified,false,
동서빌딩,서울 강남구 도곡로 448,37.498110,127.059548,18825320,https://map.naver.com/p/entry/place/18825320,37.4981545,127.0596168,high,동서빌딩,서울 강남구 도곡로 448 서울 강남구 대치동 1021-2,verified,false,
청담어학원,서울 강남구 도곡로 456,37.498346,127.060301,37240747,https://map.naver.com/p/entry/place/37240747,37.498338,127.0602536,high,청담어학원 대치브랜치,서울 강남구 도곡로 456 서울 강남구 대치동 1021-12,verified,false,
대치스카이공인중개사무소,서울 강남구 남부순환로 2917,37.493167,127.059165,1462965111,https://map.naver.com/p/entry/place/1462965111,37.4929763,127.0592928,high,대치스카이공인중개사사무소,서울 강남구 남부순환로 2917 청실종합상가 120-나호 서울 강남구 대치동 626,verified,false,
드리우니,인천 강화군 길상면 마니산로 106,37.638543,126.480710,1563961038,https://map.naver.com/p/entry/place/1563961038,37.6385431,126.4807099,high,드리우니,인천 강화군 길상면 마니산로 106 인천 강화군 길상면 온수리 406-108,verified,false,
금별맥주 청라수변점,인천 서해구 중봉대로586번길 9-11,37.532623,126.651182,1693362795,https://map.naver.com/p/entry/place/1693362795,37.5326638,126.6511862,high,금별맥주 청라수변점,"인천 서해구 중봉대로586번길 9-11 , B18,19호 인천 서해구 청라동 162-16 B18,19호",verified,false,
드롭탑 인천계양점,인천 계양구 오조산로57번길 7,37.535843,126.737870,20614927,https://map.naver.com/p/entry/place/20614927,37.5359325,126.7377586,high,드롭탑 인천계양점,인천 계양구 오조산로57번길 7 성림 프라자 1층 3호 인천 계양구 계산동 1080-8,verified,false,
햇내로안길,인천 영종구 햇내로안길 24,37.495980,126.499238,,,,,failed,,,not_matched,false,
인중로,인천 제물포구 항동1가 5-40,37.475811,126.616094,,,,,failed,,,not_matched,false,
차이나 짱나라,인천 제물포구 차이나타운로 31,37.476468,126.619425,1045985742,https://map.naver.com/p/entry/place/1045985742,37.4764972,126.6194122,high,차이나짱나라,인천 제물포구 차이나타운로 31 인천 제물포구 북성동3가 3-50,verified,false,
파라다이스인천,인천 제물포구 제물량로 257,37.474268,126.616782,1529905351,https://map.naver.com/p/entry/place/1529905351,37.4761307,126.6430709,mid,파라다이스,인천 제물포구 솔빛로 86 인천 제물포구 송림동 56-44,verified,false,
태양악기사,인천 미추홀구 경인로 120,37.465934,126.655905,1385736001,https://map.naver.com/p/entry/place/1385736001,37.4660271,126.6558506,high,태양악기사,인천 미추홀구 경인로 120 인천 미추홀구 숭의동 60-5,verified,false,
수봉안로85번길,인천 미추홀구 숭의동 8-39,37.459805,126.660515,,,,,failed,,,not_matched,false,
CU 전곡팔미점,경기 연천군 전곡읍 전곡로196번길 20,38.029640,127.067649,1816932315,https://map.naver.com/p/entry/place/1816932315,38.0296169,127.0676379,high,CU 전곡팔미점,경기 연천군 전곡읍 전곡로196번길 20 (전곡리) 경기 연천군 전곡읍 전곡리 456-43 전곡리,verified,false,
은전로 지하도,경기 연천군 전곡읍 은대리 574-3,38.027915,127.065641,,,,,failed,,,not_matched,false,
교하중앙공원,경기 파주시 숲속노을로 256,37.723320,126.712302,19309118,https://map.naver.com/p/entry/place/19309118,37.7235095,126.7145917,high,교하중앙공원,경기 파주시 숲속노을로 256 경기 파주시 동패동 1692,verified,false,
왕산공원,경기 고양시 일산서구 성저로 24-2,37.682189,126.751567,19057637,https://map.naver.com/p/entry/place/19057637,37.6820013,126.751625,high,왕산공원,경기 고양시 일산서구 성저로 24-2 경기 고양시 일산서구 대화동 2092,verified,false,
KT 브로 라페스타점,경기 고양시 일산동구 무궁화로 32-12,37.662117,126.768038,,,,,failed,,,not_matched,false,
순이네한식부페,경기 김포시 대곶면 율마로 144,37.663977,126.597179,1266881339,https://map.naver.com/p/entry/place/1266881339,37.6640079,126.5971735,high,순이네한식부페,경기 김포시 율마로 144 경기 김포시 대곶면 거물대리 442-8,verified,false,
블루버드로스터스 하이테크시티점,경기 안양시 동안구 흥안대로 457-27,37.394603,126.973612,1545574415,https://map.naver.com/p/entry/place/1545574415,37.3947464,126.9739748,high,블루버드로스터스 하이테크시티점,경기 안양시 동안구 흥안대로 457-27 108-109호 경기 안양시 동안구 관양동 911,verified,false,
장안로385번길 횡단보도,경기 수원시 장안구 이목동 307-2,37.313882,126.983333,,,,,failed,,,not_matched,false,
GS25 수원이목점,경기 수원시 장안구 장안로 422,37.317476,126.982145,36209797,https://map.naver.com/p/entry/place/36209797,37.3174551,126.9820897,high,GS25 수원이목점,"경기 수원시 장안구 장안로 422 105,6호 경기 수원시 장안구 이목동 241-6",verified,false,
동원동우고등학교,경기 수원시 장안구 장안로 426-1,37.319874,126.982389,12032068,https://map.naver.com/p/entry/place/12032068,37.3198486,126.982328,high,동원동우고등학교,경기 수원시 장안구 장안로 426-1 경기 수원시 장안구 이목동 240,verified,false,
삼일고등학교,경기 수원시 팔달구 매향동 12-2,37.286339,127.019667,12032111,https://map.naver.com/p/entry/place/12032111,37.2864087,127.0196458,high,삼일고등학교,경기 수원시 팔달구 수원천로392번길 44-28 삼일고 경기 수원시 팔달구 매향동 10-22,verified,false,
수원컨벤션센터,경기 수원시 영통구 광교중앙로 140,37.285829,127.059447,1269127432,https://map.naver.com/p/entry/place/1269127432,37.2858727,127.0592378,high,수원컨벤션센터,경기 수원시 영통구 광교중앙로 140 경기 수원시 영통구 하동 1017,verified,false,
크라운호프 광교아브뉴프랑점,경기 수원시 영통구 센트럴타운로 85,37.291568,127.050471,1069546611,https://map.naver.com/p/entry/place/1069546611,37.2914775,127.0499453,high,크라운호프 광교아브뉴프랑점,"경기 수원시 영통구 센트럴타운로 85 1층 C127-2호, C128호 경기 수원시 영통구 이의동 1332",verified,false,
본오프라자,경기 안산시 상록구 용신로 384,37.301401,126.864730,19001166,https://map.naver.com/p/entry/place/19001166,37.3013827,126.8647036,high,본오프라자,경기 안산시 상록구 용신로 384 경기 안산시 상록구 본오동 873-2,verified,false,
은석주차장,대전 중구 목척3길 13,36.330694,127.424847,1055747512,https://map.naver.com/p/entry/place/1055747512,37.5811447,126.9357471,low,은석주차장,서울 서대문구 모래내로 352-3 서울 서대문구 홍은동 274-83,verified,false,
아이스크림스토리 유성점,대전 유성구 유성대로668번길 81,36.352365,127.334183,1140875784,https://map.naver.com/p/entry/place/1140875784,36.352286,127.3341123,mid,아이스크림스토리 대전유성점,대전 유성구 유성대로668번길 81 1층 대전 유성구 구암동 596-6,verified,false,
대전예술고등학교,대전 유성구 월드컵대로308번길 33,36.346954,127.333560,12139496,https://map.naver.com/p/entry/place/12139496,36.3464705,127.332603,high,대전예술고등학교,대전 유성구 월드컵대로308번길 33 대전예술고등학교 대전 유성구 상대동 214,verified,false,
월드컵대로308번길,대전 유성구 월드컵대로308번길 20,36.347594,127.334036,,,,,failed,,,not_matched,false,
새롬고등학교,세종 새롬서로 68,36.486593,127.249126,1768474285,https://map.naver.com/p/entry/place/1768474285,36.4865673,127.2491305,mid,새롬고등학교,세종 새롬서로 68 세종 새롬동 596,verified,false,
세종정부청사 교육부,세종 갈매로 408,36.499117,127.265539,18664889,https://map.naver.com/p/entry/place/18664889,37.5751172,126.975134,low,정부서울청사교육부,서울 종로구 세종대로 209 서울 종로구 세종로 77-6,verified,false,
나성로,세종 나성로 38,36.483475,127.263766,,,,,failed,,,not_matched,false,
도시상징광장,세종 나성동 840,36.485360,127.262459,1864219181,https://map.naver.com/p/entry/place/1864219181,36.4860956,127.2641053,mid,도시상징광장,세종 어울누리로 30 세종 나성동 248,verified,false,
더센트럴 사거리,세종 나성로 96,36.487879,127.261003,,,,,failed,,,not_matched,false,
전주공업고등학교,전북 전주시 덕진구 여산로 101,35.862352,127.075370,12153200,https://map.naver.com/p/entry/place/12153200,35.8628687,127.0752209,high,전주공업고등학교,전북 전주시 덕진구 여산로 101 전북 전주시 덕진구 여의동 548-2,verified,false,
옛 장흥교도소,전남광주통합특별시 장흥군 장흥읍 원도리 191,34.687303,126.913304,,,,,failed,,,not_matched,false,
상주활공장,경북 상주시 중동면 회상리 산 76-2,36.464776,128.274474,2146681674,https://map.naver.com/p/entry/place/2146681674,36.5104044,128.2504989,low,국사봉 활공장,경북 상주시 함창읍 경북 상주시 함창읍 하갈리 33,verified,false,
원화여자고등학교,대구 달서구 당산로30길 30,35.848360,128.549155,12017567,https://map.naver.com/p/entry/place/12017567,35.8479168,128.5490049,high,원화여자고등학교,"대구 달서구 당산로30길 30 원화여자고등학교,원화중학교 대구 달서구 성당동 670-30",verified,false,
GS25 호산공단점,대구 달서구 성서공단로11길 74,35.841813,128.488283,21456207,https://map.naver.com/p/entry/place/21456207,35.841883,128.4882749,high,GS25 호산공단점,대구 달서구 성서공단로11길 74 대구 달서구 호산동 713,verified,false,
대구상원고등학교,대구 달서구 월배로 241,35.821685,128.539405,12318500,https://map.naver.com/p/entry/place/12318500,35.8220499,128.538087,high,대구상원고등학교,대구 달서구 월배로 241 대구 달서구 상인동 1,verified,false,
대구이현초등학교,대구 서구 국채보상로37길 35,35.873486,128.550400,11556310,https://map.naver.com/p/entry/place/11556310,35.8735134,128.5503854,high,이현초등학교,대구 서구 국채보상로37길 35 대구 서구 평리동 1500,verified,false,
압구정퀴즈노스,서울 강남구 압구정로 144,37.524972,127.024585,13150293,https://map.naver.com/p/entry/place/13150293,37.5249333,127.024475,low,퀴즈노스 압구정점,서울 강남구 압구정로 144 한주빌딩 1F 서울 강남구 신사동 574,verified,false,
장수족발,서울 마포구 만리재로 19,37.544795,126.953258,19891092,https://map.naver.com/p/entry/place/19891092,37.5447799,126.9532349,high,장수족발,서울 마포구 만리재로 19 서울 마포구 공덕동 256-10,verified,false,
한국거래소앞버정,서울 영등포구 여의나루로 76,37.522912,126.928041,,,,,failed,,,not_matched,false,
베라피자,서울 용산구 이태원로 272,37.538712,127.002075,,,,,failed,,,not_matched,false,
삼청동고디바,서울 종로구 삼청로 112,37.585387,126.982190,,,,,failed,,,not_matched,false,
도원장,서울 은평구 가좌로7나길 4-1,37.585607,126.919154,18679432,https://map.naver.com/p/entry/place/18679432,37.5856531,126.9191743,high,도원장,서울 은평구 가좌로7나길 4-1 서울 은평구 응암동 732-20,verified,false,
북가좌파출소,서울 서대문구 응암로1길 13,37.581323,126.910567,18269718,https://map.naver.com/p/entry/place/18269718,37.5812868,126.910591,high,북가좌파출소,서울 서대문구 응암로1길 13 서울 서대문구 북가좌동 310-2,verified,false,
연희상가아파트,서울 서대문구 증가로 61,37.573001,126.928107,18752067,https://map.naver.com/p/entry/place/18752067,37.5729821,126.928075,high,연희상가아파트,서울 서대문구 증가로 61 서울 서대문구 연희동 188-41,verified,false,
연희상가아파트옆 놀이터,서울 서대문구 연희동 188-42,37.572912,126.927734,,,,,failed,,,not_matched,false,
마포월드컵공영주차장,서울 마포구 상암동 1625,37.574892,126.898887,2142041324,https://map.naver.com/p/entry/place/2142041324,37.5749509,126.8989092,mid,마포월드컵제2시간제공영주차장,서울 마포구 서울 마포구 상암동 1625,verified,false,
월드컵북로58길,서울 마포구 상암동 1594,37.581846,126.887624,,,,,failed,,,not_matched,false,
상암산로,서울 마포구 상암산로 76,37.579194,126.892315,,,,,failed,,,not_matched,false,
CJ ENM 엔터테인먼트,서울 마포구 상암산로 66,37.578396,126.891522,35597631,https://map.naver.com/p/entry/place/35597631,37.5786756,126.8916082,mid,CJ ENM,서울 마포구 상암산로 66 CJ E&M CENTER 서울 마포구 상암동 1606,verified,false,
브레드캐스트,서울 마포구 상암산로 66,37.578396,126.891522,1878944107,https://map.naver.com/p/entry/place/1878944107,37.5789462,126.8917733,high,브레드캐스트,서울 마포구 상암산로 66 서울 마포구 상암동 1606,verified,false,
DDMC앞,서울 마포구 매봉산로 75,37.578452,126.892899,,,,,failed,,,not_matched,false,
상암파출소앞,서울 마포구 매봉산로 76,37.578281,126.893845,,,,,failed,,,not_matched,false,
빠레트,서울 마포구 동교로 273,37.563875,126.925847,38781158,https://map.naver.com/p/entry/place/38781158,37.5638705,126.9258965,high,빠레트,서울 마포구 동교로 273 1층 서울 마포구 연남동 225-33,verified,false,
카페 오로라,서울 마포구 와우산로 139,37.553972,126.928752,1964222429,https://map.naver.com/p/entry/place/1964222429,37.5539809,126.9288062,high,카페 오로라,서울 마포구 와우산로 139 B1 ~ 1F 서울 마포구 서교동 337-36,verified,false,
와우산로27길,서울 마포구 와우산로27길 68,37.555471,126.925139,,,,,failed,,,not_matched,false,
양화로,서울 마포구 양화로 148,37.555618,126.922661,,,,,failed,,,not_matched,false,
코너136,서울 마포구 양화로 136,37.554695,126.921532,1447708025,https://map.naver.com/p/entry/place/1447708025,37.5547245,126.9215418,high,코너136,서울 마포구 양화로 136 서울 마포구 서교동 354-3,verified,false,
월드컵로 횡단보도,서울 마포구 서교동 489,37.551675,126.913144,,,,,failed,,,not_matched,false,
월드컵로5길,서울 마포구 월드컵로5길 8,37.551902,126.911913,,,,,failed,,,not_matched,false,
47625커피,서울 마포구 월드컵로10길 9,37.554674,126.912238,,,,,failed,,,not_matched,false,
녹사평대로,서울 용산구 서빙고동 158-4,37.520721,126.994056,,,,,failed,,,not_matched,false,
푸시풋살룬,서울 용산구 대사관로31길 7-6,37.533906,127.005565,1242103499,https://map.naver.com/p/entry/place/1242103499,37.5339065,127.0055654,high,푸시풋살룬,서울 용산구 대사관로31길 7-6 지하 1층 서울 용산구 한남동 657-189,verified,false,
엘비비 쇼룸,서울 용산구 이태원로55길 45,37.537864,126.998922,,,,,failed,,,not_matched,false,
한강대로62길,서울 용산구 한강대로62길 50,37.532703,126.973382,,,,,failed,,,not_matched,false,
서빙고로,서울 용산구 서빙고로 4-2,37.525950,126.965375,,,,,failed,,,not_matched,false,
새창로,서울 용산구 새창로 157-1,37.533786,126.962792,,,,,failed,,,not_matched,false,
새창로50길,서울 용산구 새창로46길 11,37.533737,126.962356,,,,,failed,,,not_matched,false,
충정로 육교,서울 서대문구 충정로2가 164-2,37.563635,126.964992,,,,,failed,,,not_matched,false,
충정로,서울 서대문구 충정로3가 227-16,37.562379,126.964729,,,,,failed,,,not_matched,false,
평안교회,서울 중구 서소문로 89-11,37.562844,126.970779,37704438,https://map.naver.com/p/entry/place/37704438,37.5628677,126.9707952,high,평안교회,서울 중구 서소문로 89-11 서울 중구 순화동 6-9,verified,false,
신세계백화점,서울 중구 충무로1가 52-4,37.560800,126.981612,12134149,https://map.naver.com/p/entry/place/12134149,37.5609578,126.9811163,mid,신세계백화점 본점 더 리저브,"서울 중구 소공로 63 , 1층 서울 중구 충무로1가 52-5",verified,false,
소공로 횡단보도,서울 중구 소공로 지하 58,37.560667,126.981848,,,,,failed,,,not_matched,false,
퇴계로 횡단보도,서울 중구 회현동2가 1-1,37.560543,126.982682,,,,,failed,,,not_matched,false,
스테이트타워남산앞,서울 중구 퇴계로 100,37.560207,126.982926,,,,,failed,,,not_matched,false,
소공로(남산오르미쪽),서울 중구 회현동2가 49-11,37.557048,126.983252,,,,,failed,,,not_matched,false,
팜시티,서울 종로구 경희궁3길 3-5,37.572954,126.968095,1824359351,https://map.naver.com/p/entry/place/1824359351,37.573021,126.9681054,high,팜시티 테이블,서울 종로구 경희궁3길 3-5 1층 서울 종로구 신문로2가 1-348,verified,false,
리제로 서울,서울 종로구 경희궁3길 3-5,37.572954,126.968095,1755310639,https://map.naver.com/p/entry/place/1755310639,37.5729523,126.9680821,high,리제로 서울,서울 종로구 경희궁3길 3-5 3층 서울 종로구 신문로2가 1-348,verified,false,
창덕궁길,서울 종로구 계동 2-21,37.583067,126.987523,,,,,failed,,,not_matched,false,
장군뽈따구,서울 동대문구 망우로16길 5,37.589662,127.061816,1519069792,https://map.naver.com/p/entry/place/1519069792,37.5896405,127.0617582,high,장군뽈따구,서울 동대문구 망우로16길 5 장군뽈따구 서울 동대문구 휘경동 276-48,verified,false,
삼육서울병원추모관,서울 동대문구 망우로 82,37.586212,127.063553,18118711,https://map.naver.com/p/entry/place/18118711,37.5881449,127.0637289,high,삼육서울병원추모관,서울 동대문구 망우로 82 서울 동대문구 휘경동 29-1,verified,false,
보타닉 청담,서울 강남구 도산대로57길 13-2,37.524713,127.041138,1073991448,https://map.naver.com/p/entry/place/1073991448,37.5247347,127.041162,high,보타닉 청담,서울 강남구 도산대로57길 13-2 보타닉청담 서울 강남구 청담동 88-30,verified,false,
미미미가든,서울 강남구 도산대로 417,37.523811,127.041118,1142373052,https://map.naver.com/p/entry/place/1142373052,37.5237865,127.0411889,high,미미미가든,서울 강남구 도산대로 417 1F-B2F 서울 강남구 청담동 87-11,verified,false,
메종바카라서울,서울 강남구 도산대로 313,37.522477,127.035540,37441892,https://map.naver.com/p/entry/place/37441892,37.5224823,127.0355543,high,메종바카라서울,서울 강남구 도산대로 313 서울 강남구 신사동 630-31,verified,false,
에르메스 메종 도산,서울 강남구 도산대로45길 7,37.522786,127.035345,18834405,https://map.naver.com/p/entry/place/18834405,37.5227624,127.035296,high,에르메스 메종 도산,서울 강남구 도산대로45길 7 서울 강남구 신사동 630-26,verified,false,
테헤란로,서울 강남구 삼성동 172-66,37.507409,127.058026,,,,,failed,,,not_matched,false,
삼성역주변,서울 강남구 테헤란로 521,37.509192,127.060807,,,,,failed,,,not_matched,false,
파크하얏트 서울,서울 강남구 테헤란로 606,37.508734,127.064282,11728211,https://map.naver.com/p/entry/place/11728211,37.5086243,127.0641468,high,파크 하얏트 서울,서울 강남구 테헤란로 606 서울 강남구 대치동 995-14,verified,false,
이여곰탕 역삼점,서울 강남구 논현로85길 23,37.498786,127.036106,1750508359,https://map.naver.com/p/entry/place/1750508359,37.498857,127.0360313,high,이여곰탕 역삼점,서울 강남구 논현로85길 23 영원빌딩 1층 서울 강남구 역삼동 739-5,verified,false,
강남대로,서울 강남구 강남대로 422,37.500394,127.026985,,,,,failed,,,not_matched,false,
부띠크 모나코,서울 서초구 서초대로 397,37.497434,127.024517,37609936,https://map.naver.com/p/entry/place/37609936,37.4973404,127.0242668,high,부띠크모나코,서울 서초구 서초대로 397 서울 서초구 서초동 1316-5,verified,false,
국제성모병원 장례식장,인천 서해구 심곡로100번길 25,37.542331,126.683608,,,,,failed,,,not_matched,false,
크로마클럽,인천 영종구 영종해안남로321번길 186,37.437412,126.455555,1614589323,https://map.naver.com/p/entry/place/1614589323,37.4361679,126.4579606,low,클럽 크로마,인천 영종구 영종해안남로321번길 186 파라다이스시티 크로마 인천 영종구 운서동 2874,verified,false,
선녀바위해수욕장,인천 영종구 을왕동 678-188,37.439992,126.378659,19828325,https://map.naver.com/p/entry/place/19828325,37.4382374,126.37931,high,선녀바위,인천 영종구 인천 영종구 을왕동,verified,false,
연안아파트 상가,인천 제물포구 축항대로 234,37.448420,126.620055,1007099122,https://map.naver.com/p/entry/place/1007099122,37.4494398,126.6210218,high,연안아파트상가,인천 제물포구 축항대로 234 인천 제물포구 항동7가 91-2,verified,false,
세이브모텔,인천 제물포구 연안부두로21번길 11-7,37.455843,126.604528,12755119,https://map.naver.com/p/entry/place/12755119,37.4558332,126.604609,high,세이브모텔,인천 제물포구 연안부두로21번길 11-7 인천 제물포구 항동7가 27-205,verified,false,
일해냉동,인천 제물포구 연안부두로 24-1,37.456231,126.602813,1925942033,https://map.naver.com/p/entry/place/1925942033,37.4561371,126.6027956,high,일해냉동,인천 제물포구 연안부두로 24-1 인천 제물포구 항동7가 60,verified,false,
인천내동교회,인천 제물포구 개항로45번길 21-32,37.473809,126.627522,16358042,https://map.naver.com/p/entry/place/16358042,37.4737378,126.6272394,high,대한성공회 인천내동교회,인천 제물포구 개항로45번길 21-32 인천 제물포구 내동 3,verified,false,
도성사,경기 포천시 화현면 화동로 548-47,37.914210,127.312158,12200324,https://map.naver.com/p/entry/place/12200324,37.9142621,127.3169363,mid,도성사,경기 포천시 화현면 화동로 548-47 경기 포천시 화현면 화현리 443-15,verified,false,
단궁,경기 양주시 백석읍 권율로 875,37.776207,126.958577,31650595,https://map.naver.com/p/entry/place/31650595,37.7760757,126.9591347,high,단궁,경기 양주시 백석읍 권율로 875 단궁 경기 양주시 백석읍 기산리 182-2,verified,false,
파주리조트골프클럽,경기 파주시 교하로 1097-33,37.740867,126.718390,1807811329,https://map.naver.com/p/entry/place/1807811329,37.7407081,126.7185802,high,파주리조트골프클럽,경기 파주시 교하로 1097-33 경기 파주시 연다산동 42-2,verified,false,
파파살롱,경기 파주시 책향기로 423,37.724923,126.718930,35708446,https://map.naver.com/p/entry/place/35708446,37.7248933,126.7188882,high,파파살롱,경기 파주시 책향기로 423 두손비채 127호 경기 파주시 동패동 1701,verified,false,
고향옥얼큰순대국 운정역점,경기 파주시 경의로1240번길 31,37.728234,126.762742,1708355223,https://map.naver.com/p/entry/place/1708355223,37.7281613,126.7626671,high,고향옥얼큰순대국 운정역점,경기 파주시 경의로1240번길 31 104~106호 경기 파주시 와동동 1464-1,verified,false,
막퍼주는집,경기 고양시 일산서구 일청로 27,37.686782,126.771003,20332622,https://map.naver.com/p/entry/place/20332622,37.6865811,126.770855,high,막퍼주는집,경기 고양시 일산서구 일청로 27 경기 고양시 일산서구 일산동 591-1,verified,false,
명품텔레콤,경기 고양시 일산서구 일중로 59,37.684993,126.775195,37695450,https://map.naver.com/p/entry/place/37695450,37.6851,126.7752393,high,명품텔레콤,경기 고양시 일산서구 일중로 59 1층 106호 일부 경기 고양시 일산서구 일산동 554-4,verified,false,
세븐일레븐 일산강선마을1단지점,경기 고양시 일산서구 대산로 102,37.673705,126.766070,1256858644,https://map.naver.com/p/entry/place/1256858644,37.6736698,126.7661258,high,세븐일레븐 일산강선마을1단지점,경기 고양시 일산서구 대산로 102 경기 고양시 일산서구 주엽동 36,verified,false,
파스쿠찌 라페스타점,경기 고양시 일산동구 중앙로1275번길 60-14,37.659546,126.769655,1262404068,https://map.naver.com/p/entry/place/1262404068,37.6596553,126.7694562,high,파스쿠찌 라페스타점,경기 고양시 일산동구 중앙로1275번길 60-14 1층 경기 고양시 일산동구 장항동 769,verified,false,
설문동집,경기 고양시 일산동구 고봉로770번길 45-22,37.722988,126.795541,1748821070,https://map.naver.com/p/entry/place/1748821070,37.7268001,126.7999751,low,설문가,경기 고양시 일산동구 고봉로 836 경기 고양시 일산동구 설문동 582-3,verified,false,
양평해장국 원흥역점,경기 고양시 덕양구 삼송로 12,37.649617,126.875531,1119026682,https://map.naver.com/p/entry/place/1119026682,37.6493996,126.8757297,high,양평해장국 원흥역점,경기 고양시 덕양구 삼송로 12 반도유스퀘어 빌딩 1층 118호 경기 고양시 덕양구 원흥동 629-1,verified,false,
세이지우드 홍천,강원 홍천군 두촌면 괘석리 708,37.885934,128.110921,1194921077,https://map.naver.com/p/entry/place/1194921077,37.8859653,128.1186712,mid,세이지우드 홍천,강원 홍천군 두촌면 광석로 898-160 강원 홍천군 두촌면 괘석리 산25,verified,false,
충남공주경찰서,충남 공주시 백제문화로 2148-15,36.455778,127.109846,11642553,https://map.naver.com/p/entry/place/11642553,36.4563246,127.1105707,high,충남공주경찰서,충남 공주시 백제문화로 2148-15 충남 공주시 웅진동 242-12,verified,false,
담양레이나cc,전남광주통합특별시 담양군 담양읍 깊은실길 169,35.310312,127.017272,12032425,https://map.naver.com/p/entry/place/12032425,35.3095839,127.0189827,high,담양레이나CC,전남광주 담양군 담양읍 깊은실길 169 전남광주 담양군 담양읍 학동리 산79,verified,false,
영화의전당,부산 해운대구 수영강변대로 120,35.171037,129.127085,20410180,https://map.naver.com/p/entry/place/20410180,35.1708347,129.1269361,high,영화의전당,부산 해운대구 수영강변대로 120 영화의전당 부산 해운대구 우동 1467,verified,false,
서대문복싱클럽,서울 서대문구 통일로 189-1,37.570350,126.961866,1093561993,https://map.naver.com/p/entry/place/1093561993,37.5702814,126.9618644,high,서대문복싱클럽,서울 서대문구 통일로 189-1 4층 서울 서대문구 영천동 323,verified,false,
세븐일레븐 신촌원룸점,서울 서대문구 성산로22길 22,37.559882,126.934044,1550123924,https://map.naver.com/p/entry/place/1550123924,37.559884,126.934062,high,세븐일레븐 신촌원룸점,서울 서대문구 성산로22길 22 서울 서대문구 창천동 89-27,verified,false,
세븐일레븐 여의도공원3호점,서울 영등포구 여의공원로 68,37.526809,126.922284,2091552670,https://map.naver.com/p/entry/place/2091552670,37.5258771,126.9209698,high,세븐일레븐 여의도공원3호점,서울 영등포구 여의공원로 68 3호 편의점 서울 영등포구 여의도동 2,verified,false,
신송센타빌딩,서울 영등포구 여의나루로 57,37.523046,126.925616,19000977,https://map.naver.com/p/entry/place/19000977,37.523015,126.9256276,mid,신송센터빌딩,서울 영등포구 여의나루로 57 서울 영등포구 여의도동 25-12,verified,false,
시흥3동주민센터,서울 금천구 시흥대로18길 40,37.440259,126.905802,11813459,https://map.naver.com/p/entry/place/11813459,37.4403095,126.9057945,high,시흥3동 주민센터,서울 금천구 시흥대로18길 40 시흥3동주민센터 서울 금천구 시흥동 956-3,verified,false,
노량진로26길,서울 동작구 노량진로26길 61,37.509905,126.955589,,,,,failed,,,not_matched,false,
노량대교 아래,서울 동작구 흑석동 1-4,37.510207,126.964167,19028473,https://map.naver.com/p/entry/place/19028473,37.5147687,126.954494,mid,노량대교,서울 동작구 본동,verified,false,
녹사평역,서울 용산구 녹사평대로 지하 195,37.534831,126.987028,1218585542,https://map.naver.com/p/entry/place/1218585542,37.5349641,126.9868758,high,녹사평역 대피소,서울 용산구 녹사평대로 195 서울 용산구 용산동4가 4,verified,false,
덕산주차장 골목,서울 용산구 효창원로110길 4,37.551542,126.963708,,,,,failed,,,not_matched,false,
건국빌딩,서울 종로구 인사동4길 17,37.573836,126.986543,1732221375,https://map.naver.com/p/entry/place/1732221375,37.5735102,126.9872995,mid,건국빌딩,서울 종로구 삼일대로 437 서울 종로구 낙원동 280-4,verified,false,
동대문역,서울 종로구 종로 지하 302,37.571778,127.011167,13479334,https://map.naver.com/p/entry/place/13479334,37.5717669,127.0110854,high,동대문역 1호선,"서울 종로구 종로 302 , B1층 서울 종로구 창신동 497-1",verified,false,
창신소통공작소,서울 종로구 창신6가길 47,37.576205,127.012395,38218780,https://map.naver.com/p/entry/place/38218780,37.5762006,127.0123955,high,창신소통공작소,서울 종로구 창신6가길 47 서울 종로구 창신동 23-313,verified,false,
한신한진아파트209동,서울 성북구 성북로4길 52,37.594473,127.012706,1634307113,https://map.naver.com/p/entry/place/1634307113,37.5961756,127.0120568,mid,한신한진아파트209동,서울 성북구 돈암동,verified,false,
월곡역교차로 육교,서울 성북구 종암동 1-73,37.600018,127.040689,,,,,failed,,,not_matched,false,
보광사,서울 강북구 삼양로145길 176,37.649928,127.003461,287197191,https://map.naver.com/p/entry/place/287197191,37.649902,127.0034791,high,보광사,서울 강북구 삼양로145길 176 서울 강북구 우이동 76-19,verified,false,
백사마을(1),서울 노원구 중계로2길 84,37.643409,127.083550,17747194,https://map.naver.com/p/entry/place/17747194,36.0473434,126.6555815,low,백사마을회관,충남 서천군 마서면 옥남길220번길 8 백사마을회관 충남 서천군 마서면 남전리 580-2,verified,false,
백사마을(2),서울 노원구 중계로2라길 9,,,17747194,https://map.naver.com/p/entry/place/17747194,36.0473434,126.6555815,low,백사마을회관,충남 서천군 마서면 옥남길220번길 8 백사마을회관 충남 서천군 마서면 남전리 580-2,verified,false,
백사마을(3),서울 노원구 중계로2길 32,,,17747194,https://map.naver.com/p/entry/place/17747194,36.0473434,126.6555815,low,백사마을회관,충남 서천군 마서면 옥남길220번길 8 백사마을회관 충남 서천군 마서면 남전리 580-2,verified,false,
로우포레스트(폐업),서울 성동구 서울숲길 38,37.547891,127.041677,,,,,failed,,,precheck:closed_place_name,false,
강남역사거리,서울 서초구 강남대로 399,37.498267,127.026842,,,,,failed,,,not_matched,false,
포포인츠 바이쉐라톤 서울강남,서울 강남구 도산대로 203,37.520304,127.028520,1146070872,https://map.naver.com/p/entry/place/1146070872,37.5203178,127.0284974,high,포포인츠 바이 쉐라톤 서울 강남,서울 강남구 도산대로 203 서울 강남구 신사동 587-21,verified,false,
더채플앳논현,서울 강남구 논현로 549,37.505123,127.034426,1106412731,https://map.naver.com/p/entry/place/1106412731,37.5050847,127.0343736,high,더채플앳논현,서울 강남구 논현로 549 서울 강남구 역삼동 607-21,verified,false,
검암역로열파크씨티푸르지오,인천 검단구 한들로 33,37.578766,126.664596,1910860852,https://map.naver.com/p/entry/place/1910860852,37.5794483,126.6663086,high,검암역로열파크씨티푸르지오1단지아파트,인천 검단구 한들로 33 인천 검단구 백석동,verified,false,
에어조이,인천 영종구 공항로424번길 36,37.439931,126.457794,16581093,https://map.naver.com/p/entry/place/16581093,37.4396179,126.4583896,high,에어조이쇼핑몰,인천 영종구 공항로424번길 36 인천 영종구 운서동 2850-2,verified,false,
파라다이스시티 크로마,인천 영종구 영종해안남로321번길 186,37.437412,126.455555,1023544735,https://map.naver.com/p/entry/place/1023544735,37.4362958,126.4580844,high,파라다이스시티크로마,인천 영종구 영종해안남로321번길 186 인천 영종구 운서동 2874,verified,false,
보산새마을금고 본점,경기 동두천시 평화로 2546,37.915060,127.057760,13405040,https://map.naver.com/p/entry/place/13405040,37.9150102,127.0579665,high,보산새마을금고 본점,경기 동두천시 평화로 2546 경기 동두천시 보산동 365-4,verified,false,
취선향,경기 파주시 구름다리길 83-1,37.704851,126.764223,2042671807,https://map.naver.com/p/entry/place/2042671807,37.7048545,126.7642189,high,취선향 별관,경기 파주시 구름다리길 83-1 1층 경기 파주시 야당동 146-7,verified,false,
노만주의,경기 고양시 덕양구 호국로1539번길 9-9,37.688648,126.900021,1724990484,https://map.naver.com/p/entry/place/1724990484,37.6884102,126.8993603,high,노만주의,경기 고양시 덕양구 호국로1539번길 9-9 노만주의 경기 고양시 덕양구 대자동 84-6,verified,false,
수원대학교(학군단앞연못쪽),경기 화성시 효행구 봉담읍 와우리 2-4,37.207019,126.975338,,,,,failed,,,not_matched,false,
운천주공아파트(재개발),충북 청주시 흥덕구 1순환로501번길 15,36.649458,127.468966,,,,,failed,,,not_matched,false,
비룡동관로,충북 보은군 속리산면 삼가리 산 26-5,36.493007,127.846930,,,,,failed,,,not_matched,false,
선샤인스튜디오,충남 논산시 연무읍 봉황로 90,36.102558,127.104296,1546566762,https://map.naver.com/p/entry/place/1546566762,36.102558,127.1042955,high,선샤인스튜디오,충남 논산시 연무읍 봉황로 90 충남 논산시 연무읍 황화정리 859-55,verified,false,
진용로,전북 진안군 용담면 월계리 산 49-2,35.941968,127.505692,,,,,failed,,,not_matched,false,
용담대교,전북 진안군 용담면 수천리 529-6,35.933829,127.485035,17623574,https://map.naver.com/p/entry/place/17623574,35.9335089,127.4848971,high,용담대교,전북 진안군 용담면 수천리,verified,false,
용담호사진문화관,전북 진안군 정천면 진용로 1911,35.916067,127.487625,33239580,https://map.naver.com/p/entry/place/33239580,35.9160926,127.4876645,high,용담호사진문화관,전북 진안군 정천면 진용로 1911 용담호쉼터 전북 진안군 정천면 모정리 331-4,verified,false,
줄포리,전북 부안군 줄포면 줄포1길 16,35.589512,126.675307,241244945,https://map.naver.com/p/entry/place/241244945,35.5961878,126.6792268,mid,줄포리주민자치센터,전북 부안군 줄포면 선돌로 1377-7 전북 부안군 줄포면 장동리 940-7,verified,false,
남부안농협 줄포지점,전북 부안군 줄포면 줄포7길 3,35.588703,126.678422,13407225,https://map.naver.com/p/entry/place/13407225,35.5913106,126.6787841,high,남부안농협 줄포지점,전북 부안군 줄포면 줄포중앙로 59 전북 부안군 줄포면 줄포리 382-24,verified,false,
삼성마트,전북 부안군 줄포면 줄포중앙로 29,35.588601,126.677989,16711270,https://map.naver.com/p/entry/place/16711270,35.5886107,126.6780633,high,삼성마트,전북 부안군 줄포면 줄포중앙로 29-1 전북 부안군 줄포면 줄포리 725-5,verified,false,
제일대학교 승주캠퍼스,전남광주통합특별시 순천시 승주읍 승평길 21,35.020081,127.374820,,,,,failed,,,not_matched,false,
비건식당 공간녹음,서울 강서구 공항대로 227,37.559600,126.832686,1168107573,https://map.naver.com/p/entry/place/1168107573,37.5595897,126.8328647,high,공간녹음,서울 강서구 공항대로 227 403호 마곡센트럴타워 1차 서울 강서구 마곡동 774-4,verified,false,
월드컵북로58길,서울 마포구 상암동 1703,37.581613,126.888848,,,,,failed,,,not_matched,false,
우리기술사옥 정류장(14605),서울 마포구 월드컵북로56길 19,37.582343,126.888366,,,,,failed,,,not_matched,false,
매봉산로,서울 마포구 상암동 1722,37.576254,126.890678,,,,,failed,,,not_matched,false,
양화로,서울 마포구 양화로 16,37.548239,126.911124,19471552,https://map.naver.com/p/entry/place/19471552,37.5531301,126.9206826,mid,양화로16길,서울 마포구 서교동,verified,false,
어반플랜트 합정,서울 마포구 독막로6길 35,37.546487,126.917099,1593016664,https://map.naver.com/p/entry/place/1593016664,37.5464712,126.9170914,high,어반플랜트 합정,서울 마포구 독막로6길 35 어반플랜트 합정 서울 마포구 합정동 360-3,verified,false,
경인로74길,서울 영등포구 경인로76길 14,37.510560,126.894241,,,,,failed,,,not_matched,false,
노량진역,서울 동작구 노량진로 151,37.515802,126.948358,1377586972,https://map.naver.com/p/entry/place/1377586972,37.5140271,126.9430469,mid,KFC 노량진역,서울 동작구 노량진로 151 서울 동작구 노량진동 67-2,verified,false,
노량진역앞 횡단보도,서울 동작구 노량진동 67-3,37.513728,126.942748,,,,,failed,,,not_matched,false,
노량진컵밥거리,서울 동작구 노량진로 174,37.513502,126.945307,,,,,failed,,,not_matched,false,
만리재비스트로,서울 중구 만리재로 201,37.555607,126.967833,1044477499,https://map.naver.com/p/entry/place/1044477499,37.5555955,126.9678453,high,만리재 비스트로,서울 중구 만리재로 201 서울 중구 만리동1가 62-11,verified,false,
코블러,서울 종로구 사직로12길 16,37.575301,126.970904,613946890,https://map.naver.com/p/entry/place/613946890,37.575314,126.9709248,high,코블러,서울 종로구 사직로12길 16 단독1층 서울 종로구 내자동 157,verified,false,
오무사,서울 종로구 필운대로9길 1,37.582182,126.967556,954741961,https://map.naver.com/p/entry/place/954741961,37.5821636,126.9675692,high,오무사,서울 종로구 필운대로9길 1 서울 종로구 옥인동 47-56,verified,false,
서울숲2번출입구 정류장(04868),서울 성동구 성수동1가 685-703,37.544482,127.043075,,,,,failed,,,not_matched,false,
트리마제,서울 성동구 왕십리로 16,37.539258,127.044672,18785682,https://map.naver.com/p/entry/place/18785682,37.5388896,127.0449449,high,서울숲트리마제,서울 성동구 왕십리로 16 서울 성동구 성수동1가 718,verified,false,
까사그랑데 센트로,서울 광진구 능동로 87,37.539122,127.069634,1396499968,https://map.naver.com/p/entry/place/1396499968,37.539181,127.0696464,high,까사그랑데 센트로,서울 광진구 능동로 87 건대입구역자이엘라 6층 서울 광진구 자양동 2-2,verified,false,
광진어린이공연장,서울 광진구 능동로 400,37.565058,127.084457,1138394336,https://map.naver.com/p/entry/place/1138394336,37.5654567,127.0845855,high,광진어린이공연장,서울 광진구 능동로 400 보건복지행정타운 별관 4층 서울 광진구 중곡동 30-80,verified,false,
버드맨,서울 강남구 가로수길 55-4,37.521705,127.022455,1252053139,https://map.naver.com/p/entry/place/1252053139,37.5217098,127.0224644,high,버드맨,서울 강남구 가로수길 55-4 지하1층 버드맨 서울 강남구 신사동 533-14,verified,false,
헤리티크뉴욕,서울 강남구 도산대로45길 16-9,37.523653,127.036053,32779659,https://map.naver.com/p/entry/place/32779659,37.5236507,127.0360652,high,헤리티크뉴욕,서울 강남구 도산대로45길 16-9 서울 강남구 신사동 650-7,verified,false,
영동대교,서울 강남구 청담동 340,37.526627,127.058018,806087730,https://map.naver.com/p/entry/place/806087730,37.5261629,127.0552463,mid,영동대교분기점,서울 강남구 청담동,verified,false,
영동대로,서울 강남구 청담동 77-4,37.523282,127.055286,,,,,failed,,,not_matched,false,
센터필드 교차로,서울 강남구 역삼동 804,37.501249,127.038332,,,,,failed,,,not_matched,false,
서울상록회관.한국기술센터 정류장(23277),서울 강남구 테헤란로 305,37.503341,127.043781,,,,,failed,,,not_matched,false,
이네스이든/스텔라드마리에,서울 강남구 봉은사로29길 35,37.509598,127.033567,,,,,failed,,,not_matched,false,
물푸레시골집,인천 강화군 강화읍 해안북로611번길 9,37.781243,126.499319,1025744790,https://map.naver.com/p/entry/place/1025744790,37.7812717,126.4993238,high,물푸레시골집,인천 강화군 강화읍 해안북로611번길 9 인천 강화군 강화읍 대산리 60,verified,false,
드림파크 야생화단지,인천 서해구 자원순환로 170,37.573007,126.647735,16953983,https://map.naver.com/p/entry/place/16953983,37.5759144,126.6556909,low,드림파크 야생화단지,인천 검단구 자원순환로 170 드림파크 야생화공원 인천 검단구 백석동 58,verified,false,
신현동 회화나무,인천 서해구 신현동 131-7,37.516542,126.667473,16969744,https://map.naver.com/p/entry/place/16969744,37.516573,126.6674428,high,인천신현동회화나무,인천 서해구 인천 서해구 신현동 131-7,verified,false,
마리아유치원,인천 계양구 임학서로42번길 17,37.546794,126.733867,12175769,https://map.naver.com/p/entry/place/12175769,37.5467935,126.7338852,high,마리아유치원,인천 계양구 임학서로42번길 17 인천 계양구 임학동 33-3,verified,false,
삼목선창장,인천 영종구 운서동 2508-30,37.499438,126.452512,38300930,https://map.naver.com/p/entry/place/38300930,37.499917,126.4524999,mid,삼목선착장,인천 영종구 운서동,verified,false,
복성동집,인천 제물포구 자유공원서로 27,37.476763,126.620476,,,,,failed,,,not_matched,false,
자유공원 광장,인천 제물포구 자유공원남로 25,37.474581,126.622669,,,,,failed,,,not_matched,false,
신나는부동산,인천 제물포구 참외전로33번길 2,37.479868,126.623887,1422521280,https://map.naver.com/p/entry/place/1422521280,37.600689,128.3191855,low,신나는세상,강원 평창군 봉평면 무이리,verified,false,
용현동집,인천 미추홀구 수봉남로18번길 81-31,37.456605,126.660529,2050874287,https://map.naver.com/p/entry/place/2050874287,37.4515442,126.6368853,low,용현동닭곰탕,인천 미추홀구 낙섬중로35번길 7 1층 인천 미추홀구 용현동 621-171,verified,false,
용현동골목,인천 미추홀구 용현동 61-81,37.456795,126.660465,,,,,failed,,,not_matched,false,
센트럴로,인천 연수구 송도동 67,37.394555,126.639622,,,,,failed,,,not_matched,false,
인천타워대로,인천 연수구 송도동 29-15,37.397575,126.632822,,,,,failed,,,not_matched,false,
롯데프리미엄아울렛 파주점,경기 파주시 문발로 284,37.718093,126.692549,34217248,https://map.naver.com/p/entry/place/34217248,37.7183014,126.6928261,mid,금강롯데프리미엄아울렛파주점,"경기 파주시 문발로 284 , 2층 경기 파주시 문발동 644",verified,false,
산남동집,경기 파주시 산남로157번길 114,37.700942,126.704617,,,,,failed,,,not_matched,false,
대한검도회 운정검도관,경기 파주시 와석순환로 78,37.711039,126.750810,31032685,https://map.naver.com/p/entry/place/31032685,37.7110375,126.7508054,high,대한검도회 운정검도관,경기 파주시 와석순환로 78 한강프라자 502호 운정검도관 경기 파주시 야당동 1006-3,verified,false,
헤리티지실버케어 파주,경기 파주시 광탄면 양지말길 89,37.750243,126.859072,1503081938,https://map.naver.com/p/entry/place/1503081938,37.750241,126.8591747,high,헤리티지실버케어 파주,경기 파주시 광탄면 양지말길 89 경기 파주시 광탄면 용미리 750-12,verified,false,
킨텍스 제2전시장,경기 고양시 일산서구 킨텍스로 217-59,37.664695,126.742064,19057849,https://map.naver.com/p/entry/place/19057849,37.664641,126.7418022,high,킨텍스제2전시장,"경기 고양시 일산서구 킨텍스로 217-59 , 1층 경기 고양시 일산서구 대화동 2700",verified,false,
킨텍스로,경기 고양시 일산서구 대화동 2601-1,37.666831,126.747023,,,,,failed,,,not_matched,false,
아소산,경기 고양시 일산동구 정발산로 128,37.659203,126.782642,1051990327,https://map.naver.com/p/entry/place/1051990327,37.7267211,127.1056857,low,아소산,경기 의정부시 문화로 38 근린생활시설샵1동 1층 상가7호 경기 의정부시 산곡동 733,verified,false,
제주하영,경기 고양시 일산동구 동국로 157,37.684998,126.806052,38704657,https://map.naver.com/p/entry/place/38704657,37.6850006,126.8060182,mid,제주하영 본점,경기 고양시 일산동구 동국로 157 1층 경기 고양시 일산동구 식사동 735,verified,false,
시골집,경기 고양시 덕양구 서정로 75,37.619454,126.856448,21153471,https://map.naver.com/p/entry/place/21153471,37.6194288,126.8565502,high,시골집,경기 고양시 덕양구 서정로 75 경기 고양시 덕양구 도내동 770-14,verified,false,
방아머리로,경기 안산시 단원구 대부북동,37.261435,126.574361,1280587154,https://map.naver.com/p/entry/place/1280587154,37.2836881,126.5763239,mid,방아머리로,경기 안산시 단원구 대부북동,verified,false,
스튜디오 산책,경기 이천시 이섭대천로 1304-1,37.285870,127.449397,21004321,https://map.naver.com/p/entry/place/21004321,37.2859894,127.4493149,high,스튜디오산책,경기 이천시 이섭대천로 1304-1 경기 이천시 창전동 444,verified,false,
인터불고엑스코 그랑파티오,대구 북구 유통단지로 80,35.906999,128.611286,1271639035,https://map.naver.com/p/entry/place/1271639035,35.9069177,128.6111469,high,인터불고엑스코 그랑파티오,대구 북구 유통단지로 80 2층 대구 북구 산격동 1674,verified,false,
아난티 앳 부산 빌라쥬,부산 기장군 기장읍 기장해안로 267-7,35.198661,129.221108,1690814519,https://map.naver.com/p/entry/place/1690814519,35.1981166,129.221377,high,아난티 앳 부산 빌라쥬,부산 기장군 기장읍 기장해안로 267-7 부산 기장군 기장읍 시랑리 733,verified,false,
중앙병원,제주 제주시 월랑로 91,33.492321,126.470481,32092092,https://map.naver.com/p/entry/place/32092092,33.4923145,126.4705427,high,중앙병원,제주 제주시 월랑로 91 중앙병원 제주 제주시 이호이동 22,verified,false,
돌하루방 미술관,제주 제주시 조천읍 북촌서1길 70,33.538848,126.688812,10983870,https://map.naver.com/p/entry/place/10983870,33.5388536,126.6888142,mid,돌하르방미술관,제주 제주시 조천읍 북촌서1길 70 제주 제주시 조천읍 북촌리 976,verified,false,
한도교,제주 서귀포시 성산읍 성산리 400-18,33.465481,126.931938,17076495,https://map.naver.com/p/entry/place/17076495,33.4687683,126.9269648,mid,한도교,제주 서귀포시 성산읍 오조리,verified,false,
한도로,제주 서귀포시 성산읍 오조리 2-5,33.468735,126.922899,,,,,failed,,,not_matched,false,
일출로,제주 서귀포시 성산읍 고성리 264-15,33.456427,126.926589,,,,,failed,,,not_matched,false,
신천목장,제주 서귀포시 성산읍 신천리 5,33.354824,126.866835,979637191,https://map.naver.com/p/entry/place/979637191,33.3553616,126.8657117,high,신천목장,제주 서귀포시 성산읍 제주 서귀포시 성산읍 신천리 5,verified,false,
제주올레길3코스,제주 서귀포시 성산읍 신천동로 124,33.348944,126.862827,19932834,https://map.naver.com/p/entry/place/19932834,33.3713681,126.860754,mid,제주올레길3-A코스,제주 서귀포시 성산읍 삼달리 17-1,verified,false,
녹산로,제주 서귀포시 표선면 녹산로 332,33.382077,126.741642,,,,,failed,,,not_matched,false,
해비치 호텔 리조트 제주,제주 서귀포시 표선면 민속해안로 537,33.322599,126.843978,10970369,https://map.naver.com/p/entry/place/10970369,33.3214847,126.8447337,high,해비치 호텔&리조트 제주,제주 서귀포시 표선면 민속해안로 537 해비치 호텔&리조트 제주 제주 서귀포시 표선면 표선리 40-69,verified,false,
중문관광로110번길 횡단보도,제주 서귀포시 색달동 2864-20,33.249869,126.414365,,,,,failed,,,not_matched,false,
예래해안로,제주 서귀포시 하예동 532-1,33.235703,126.386707,,,,,failed,,,not_matched,false,
카페루시아 본점,제주 서귀포시 안덕면 난드르로 49-17,33.235221,126.363080,37153676,https://map.naver.com/p/entry/place/37153676,33.2352213,126.36308,high,카페루시아 본점,제주 서귀포시 안덕면 난드르로 49-17 제주 서귀포시 안덕면 창천리 840-1,verified,false,
행운맨션,경기 성남시 중원구 희망로375번길 22,,,19222787,https://map.naver.com/p/entry/place/19222787,37.4363406,127.1617861,mid,행운맨션,경기 성남시 중원구 둔촌대로401번길 34 경기 성남시 중원구 상대원동 1664-2,verified,false,
섬강 수변공원,강원 원주시 부론면 흥호리 664,37.249050,127.753757,,,,,failed,,,not_matched,false,
제천서울병원,충북 제천시 숭문로 57,37.138737,128.206441,12027688,https://map.naver.com/p/entry/place/12027688,37.1386109,128.2062355,high,제천서울병원,충북 제천시 숭문로 57 충북 제천시 서부동 177,verified,false,
황간초등학교,충북 영동군 황간면 남성1길 25,36.226594,127.912768,11891915,https://map.naver.com/p/entry/place/11891915,36.227396,127.9130288,high,황간초등학교,충북 영동군 황간면 남성1길 25 황간초등학교 충북 영동군 황간면 남성리 164-1,verified,false,
놀뫼시민장례원,충남 논산시 원댕이길 12,36.178957,127.096437,17336999,https://map.naver.com/p/entry/place/17336999,36.1789493,127.0964481,high,놀뫼시민장례원,충남 논산시 원댕이길 12 충남 논산시 내동 497,verified,false,
상관반점,전북 완주군 상관면 신리로 45,35.766972,127.211372,,,,,failed,,,not_matched,false,
올드문래,서울 영등포구 도림로 433-6,37.513937,126.894268,481624431,https://map.naver.com/p/entry/place/481624431,37.5139396,126.8942772,high,올드문래,서울 영등포구 도림로 433-6 서울 영등포구 문래동2가 14-28,verified,false,
남도분식 타임스퀘어점,서울 영등포구 영중로 15,37.517233,126.903716,1230573443,https://map.naver.com/p/entry/place/1230573443,37.5172289,126.9038956,high,남도분식 타임스퀘어점,서울 영등포구 영중로 15 타임스퀘어 서울 영등포구 영등포동4가 442,verified,false,
한국수출입은행빌딩 옆,서울 영등포구 은행로 38,37.528637,126.923399,,,,,failed,,,not_matched,false,
서강대교,서울 영등포구 여의도동,37.526785,126.930167,18999808,https://map.naver.com/p/entry/place/18999808,37.5378529,126.9255699,mid,서강대교,서울 영등포구 여의도동,verified,false,
이마트24 한강파라다이스점,서울 영등포구 여의도동 여의동로 252,37.522837,126.941575,1892891066,https://map.naver.com/p/entry/place/1892891066,37.5227795,126.9416533,high,이마트24 한강파라다이스점,서울 영등포구 여의도동 여의동로 252 서울 영등포구 여의도동 86,verified,false,
식이네,서울 마포구 와우산로32길 38,37.554685,126.932282,1277766083,https://map.naver.com/p/entry/place/1277766083,37.5547104,126.9321815,high,식이네,서울 마포구 와우산로32길 38 1층 식이네 서울 마포구 서교동 9-1,verified,false,
몬드리안 서울 이태원,서울 용산구 장문로 23,37.528566,126.993107,1720353933,https://map.naver.com/p/entry/place/1720353933,37.5285648,126.9931163,high,몬드리안 서울 이태원,서울 용산구 장문로 23 서울 용산구 이태원동 22-76,verified,false,
그랜드 하얏트 서울,서울 용산구 소월로 322,37.539763,126.996241,11555954,https://map.naver.com/p/entry/place/11555954,37.5396013,126.997452,high,그랜드 하얏트 서울,서울 용산구 소월로 322 서울 용산구 한남동 747-7,verified,false,
퐁퐁플라워 건대센터,서울 광진구 아차산로 272 B1층,37.538558,127.072996,1055504112,https://map.naver.com/p/entry/place/1055504112,37.5384905,127.0732054,high,퐁퐁플라워 건대센터,서울 광진구 아차산로 272 건대스타시티몰 B2층 서울 광진구 자양동 227-7,verified,false,
더 스테이크 하우스 피어 79,서울 서초구 잠원동 121-9,37.519048,127.008065,,,,,failed,,,not_matched,false,
데블스도어 그래머시 센트럴,서울 서초구 사평대로 205,37.504492,127.007845,36022164,https://map.naver.com/p/entry/place/36022164,37.5050013,127.0091359,low,데블스도어 센트럴시티점,서울 서초구 사평대로 205 데블스도어 서울 서초구 반포동 118-3,verified,false,
빌라드지디 청담,서울 강남구 학동로 519,37.520188,127.055456,1234779295,https://map.naver.com/p/entry/place/1234779295,37.5201494,127.0554705,high,빌라드지디 청담,서울 강남구 학동로 519 서울 강남구 청담동 73-4,verified,false,
플레르다솔,서울 송파구 삼전로 85,37.506251,127.089347,1241257286,https://map.naver.com/p/entry/place/1241257286,37.50619,127.0893035,mid,플레르다솔 잠실점,서울 송파구 삼전로 85 플레르다솔 잠실점 서울 송파구 잠실동 252-6,verified,false,
MCM 롯데면세점 월드타워점,서울 송파구 올림픽로 300 에비뉴엘동 9F,37.513713,127.104302,1280516888,https://map.naver.com/p/entry/place/1280516888,37.5124468,127.1019264,high,MCM 롯데면세점 월드타워점,서울 송파구 올림픽로 300 롯데월드몰 에비뉴엘동 9F 서울 송파구 신천동 29,verified,false,
그랜드하얏트 인천 육교,인천 영종구 영종해안남로321번길 190,37.439781,126.456086,,,,,failed,,,not_matched,false,
뻘다방,인천 옹진군 영흥면 선재로 55,37.234190,126.531275,36643073,https://map.naver.com/p/entry/place/36643073,37.2341562,126.5312557,high,뻘다방,인천 옹진군 영흥면 선재로 55 인천 옹진군 영흥면 선재리 148-2,verified,false,
포시즌스튜디오,경기 연천군 군남면 황지로 240-3,38.048280,127.042982,1477133062,https://map.naver.com/p/entry/place/1477133062,38.0482623,127.0429819,high,포시즌 스튜디오,경기 연천군 군남면 황지로 240-3 포시즌 스튜디오 경기 연천군 군남면 황지리 214,verified,false,
단스튜디오,경기 양주시 백석읍 권율로 879-9,37.776761,126.958030,1245221174,https://map.naver.com/p/entry/place/1245221174,37.7767532,126.9580549,high,단스튜디오,경기 양주시 백석읍 권율로 879-9 경기 양주시 백석읍 기산리 182-9,verified,false,
홍삼스파 참숯가마 사우나,경기 파주시 탄현면 갈현리 654-7,37.774349,126.716589,37130051,https://map.naver.com/p/entry/place/37130051,37.7738991,126.7172828,high,홍삼스파 참숯가마 사우나,경기 파주시 탄현면 장릉로 5 경기 파주시 탄현면 갈현리 654-8,verified,false,
킨텍스로,경기 고양시 일산서구 대화동 2607-2,37.666726,126.746459,,,,,failed,,,not_matched,false,
웨스턴빌리프,경기 고양시 일산동구 정발산로 24 3차 9층,,,757968614,https://map.naver.com/p/entry/place/757968614,37.6550408,126.7731051,mid,웨스턴빌리프 웨딩홀,경기 고양시 일산동구 정발산로 24 B동주차장 웨스턴타워3차 9층 경기 고양시 일산동구 장항동 868,verified,false,
GS25 지축명성점,경기 고양시 덕양구 삼송로 299,37.652841,126.907316,1615855954,https://map.naver.com/p/entry/place/1615855954,37.6527858,126.9073334,high,GS25 지축명성점,경기 고양시 덕양구 삼송로 299 경기 고양시 덕양구 지축동 724-28,verified,false,
사랑의전원마을,경기 고양시 덕양구 통일로214번안길 12-5,37.655722,126.899936,19407636,https://map.naver.com/p/entry/place/19407636,37.656025,126.8997889,mid,사랑의전원마을,경기 고양시 덕양구 경기 고양시 덕양구 지축동 766-11,verified,false,
에어로피스,경기 김포시 대곶면 천호로 210,37.616094,126.572525,20264319,https://map.naver.com/p/entry/place/20264319,37.6182202,126.5757877,mid,에어로피스,경기 김포시 대곶면 대벽리 662-1,verified,false,
라베니체,경기 김포시 김포한강4로 12,37.640515,126.678877,1225381670,https://map.naver.com/p/entry/place/1225381670,37.6405163,126.6788768,high,라베니체5차,경기 김포시 김포한강4로 12 경기 김포시 장기동 2029-6,verified,false,
고베하우스,경기 안양시 동안구 관평로176번길 10,37.392735,126.961132,37191584,https://map.naver.com/p/entry/place/37191584,37.3927508,126.9611313,mid,고베하우스 평촌점,경기 안양시 동안구 관평로176번길 10 경기 안양시 동안구 관양동 1605-1,verified,false,
우주공원.코스맥스 정류장,경기 성남시 분당구 판교로 255,37.403742,127.103047,,,,,failed,,,not_matched,false,
넥슨 정류장,경기 성남시 분당구 판교로256번길 19,37.401276,127.103148,,,,,failed,,,not_matched,false,
피아제 현대백화점 판교점,경기 성남시 분당구 판교역로146번길 20,37.392794,127.112017,,,,,failed,,,not_matched,false,
광주공원묘원,경기 광주시 매산동 산 30-5,37.345825,127.269182,37446160,https://map.naver.com/p/entry/place/37446160,37.3457585,127.2740739,mid,광주공원묘원,경기 광주시 경기 광주시 매산동 산17-1,verified,false,
탄도항,경기 안산시 단원구 선감동 717-5,37.193091,126.645630,33949223,https://map.naver.com/p/entry/place/33949223,37.1925845,126.6450238,high,탄도항,경기 안산시 단원구 선감동 717-5,verified,false,
초가시골밥상,경기 양평군 옥천면 옥천길 5,37.517682,127.454741,,,,,failed,,,not_matched,false,
유주별장,경기 양평군 단월면 통골길 24,37.605429,127.680515,1353262623,https://map.naver.com/p/entry/place/1353262623,37.6054292,127.6805151,high,유주별장,경기 양평군 단월면 통골길 24 유주별장 경기 양평군 단월면 명성리 54-20,verified,false,
메이폴하우스,경기 양평군 단월면 통골길 97,37.600081,127.678213,1042200209,https://map.naver.com/p/entry/place/1042200209,37.6000912,127.6782132,high,메이폴하우스펜션,경기 양평군 단월면 통골길 97 경기 양평군 단월면 명성리 88-3,verified,false,
버섯집,경기 양평군 단월면 통골길 103,37.599216,127.677875,803195143,https://map.naver.com/p/entry/place/803195143,37.4760805,127.3778812,low,버섯집,경기 광주시 퇴촌면 정영로 884 경기 광주시 퇴촌면 영동리 242-1,verified,false,
타샤의아침,경기 양평군 용문면 연수로458번길 44,37.516255,127.565500,715966044,https://map.naver.com/p/entry/place/715966044,37.5162741,127.565513,high,타샤의 아침,경기 양평군 용문면 연수리 428,verified,false,
춘천 세종호텔,강원 춘천시 봉의산길 31,37.886625,127.731542,11583215,https://map.naver.com/p/entry/place/11583215,37.8866782,127.7314795,high,춘천세종호텔,강원 춘천시 봉의산길 31 강원 춘천시 봉의동 15-3,verified,false,
봉의산길,강원 춘천시 봉의산길 45,37.886084,127.733206,,,,,failed,,,not_matched,false,
풀내음,강원 춘천시 신북읍 상천3길 36,37.933525,127.789158,15117394,https://map.naver.com/p/entry/place/15117394,37.9335566,127.7891256,high,풀내음,강원 춘천시 신북읍 상천3길 36 강원 춘천시 신북읍 천전리 215-4,verified,false,
정선아리랑시장,강원 정선군 정선읍 봉양7길 39,37.380387,128.665231,458660611,https://map.naver.com/p/entry/place/458660611,37.3806607,128.6654358,high,정선아리랑시장동문,강원 정선군 정선읍 봉양리,verified,false,
쏠비치양양,강원 양양군 손양면 선사유적로 678,38.088232,128.666280,12276263,https://map.naver.com/p/entry/place/12276263,38.086995,128.6655974,high,쏠비치 양양,강원 양양군 손양면 선사유적로 678 강원 양양군 손양면 오산리 23-4,verified,false,
마마티라,강원 삼척시 수로부인길 453,37.470261,129.164529,1711463158,https://map.naver.com/p/entry/place/1711463158,37.4732015,129.165299,mid,쏠비치삼척 마마티라,강원 삼척시 수로부인길 453 강원 삼척시 갈천동 225,verified,false,
지경 그곳,경북 포항시 북구 송라면 동해대로3378번길 66,36.266802,129.375664,1054190642,https://map.naver.com/p/entry/place/1054190642,36.2667907,129.3758626,high,지경 그곳,경북 포항시 북구 송라면 동해대로3378번길 66 (구)경상북도 포항시 북구 송라면 지경리 36 경북 포항시 북구 송라면 지경리 36 구경상북도 포항시 북구 지경리 36,verified,false,
솔향바다가든 애월,제주 제주시 애월읍 일주서로 6113,33.456653,126.309049,,,,,failed,,,not_matched,false,
파르나스호텔 제주,제주 서귀포시 중문관광로72번길 100,33.244169,126.405574,1995490141,https://map.naver.com/p/entry/place/1995490141,33.2446439,126.4059707,high,파르나스 호텔 제주,제주 서귀포시 중문관광로72번길 100 제주 서귀포시 색달동 3039-1,verified,false,
소노캄제주,제주 서귀포시 표선면 일주동로 6347-17,33.306013,126.792895,1761913049,https://map.naver.com/p/entry/place/1761913049,33.3056141,126.79199,high,소노캄 제주,제주 서귀포시 표선면 일주동로 6347-17 제주 서귀포시 표선면 토산리 17,verified,false,
가파도,제주 서귀포시 대정읍 가파리 276,33.169755,126.271183,13491177,https://map.naver.com/p/entry/place/13491177,33.1710713,126.2686471,high,가파도,제주 서귀포시 대정읍 가파리,verified,false,
가파도 집,제주 서귀포시 대정읍 가파로67번길 88,33.172823,126.269823,1780973176,https://map.naver.com/p/entry/place/1780973176,33.16958,126.2704322,low,가파도봄날에,제주 서귀포시 대정읍 가파로67번길 47-2 1층 제주 서귀포시 대정읍 가파리 463-1,verified,false,
애쉬리지 하우스,"Ashridge House, Berkhamsted HP4 1NS 영국",,,,,,,failed,,,not_matched,false,
런던아이,"Victoria Embankment, London SW1A 2JH 영국",,,13100224,https://map.naver.com/p/entry/place/13100224,37.5606897,127.0820737,mid,런던아이,서울 광진구 능동로44길 10 서울 광진구 중곡2동 47-25,verified,false,
웨스트민스터교,"Westminster Bridge, London SW1A 2JH 영국",,,,,,,failed,,,not_matched,false,
런던 메리어트 호텔,"County Hall, Westminster Bridge Rd, London SE1 7PB 영국",,,,,,,failed,,,not_matched,false,
소피텔 런던 세인트 제임스,"6 Waterloo Pl, St. James's, London SW1Y 4AN 영국",,,,,,,failed,,,not_matched,false,
리젠트 스트리트,"176 Regent St., London W1B 5TJ 영국",,,,,,,failed,,,not_matched,false,
피커딜리 서커스,"Piccadilly Circus, London WIJ 9HP 영국",,,,,,,failed,,,not_matched,false,
아룬 사원,"158 Thanon Wang Doem, Wat Arun, Bangkok Yai, Bangkok",,,,,,,failed,,,not_matched,false,
반야트리 방콕,"21/100 S Sathon Rd, Thung Maha Mek, Sathon, Bangkok",,,,,,,failed,,,not_matched,false,
산펫 프라삿 궁전,"296, Sukhumvit Road, Bang Pu Mai, Mueang Samut Prakan District, Samut Prakan",,,,,,,failed,,,not_matched,false,
시리 살라,28/8 Soi Charan Sanitwong 34 Arun Amarin Bangkok Noi Bangkok,,,,,,,failed,,,not_matched,false,
쿤댕 꾸어이짭 유안,"68 Phra Athit Rd, Khwaeng Chana Songkhram, Khet Phra Nakhon, Krung Thep Maha Nakhon",,,,,,,failed,,,not_matched,false,
Saphan Han 다리,"4 592 Chakkraphet Rd, Wang Burapha Phirom, Phra Nakhon, Bangkok",,,,,,,failed,,,not_matched,false,
크렁옹앙 보행자거리,"PGV3+Q4M, Wang Burapha Phirom, Phra Nakhon, Bangkok",,,,,,,failed,,,not_matched,false,
아이콘시암,"299 Charoen Nakhon 5 Alley, Khlong Ton Sai, Khlong San, Bangkok",,,,,,,failed,,,not_matched,false,
살라 림 남,"597 Charoen Nakhon Rd, Khlong Ton Sai, Khlong San, Bangkok",,,,,,,failed,,,not_matched,false,
로하 쁘라삿,"2 Ratchadamnoen Klang Rd, Wat Bowon Niwet, Phra Nakhon, Bangkok",,,,,,,failed,,,not_matched,false,
논현에코셀프세차장,인천 남동구 청능대로 548,37.399661,126.719947,,,,,failed,,,not_matched,false,
선진플라워,인천 제물포구 우현로39번길 23,37.471109,126.625379,,,,,failed,,,not_matched,false,
선릉양조장족발,서울 강남구 선릉로 563,37.508852,127.044213,,,,,failed,,,not_matched,false,
포포크,서울 마포구 성미산로29길 23,37.564995,126.922109,,,,,failed,,,not_matched,false,
산장,서울 마포구 와우산로 42,37.548236,126.923194,13101696,https://map.naver.com/p/entry/place/13101696,37.5506501,126.9235267,mid,산장,서울 마포구 와우산로18길 10 1층 서울 마포구 서교동 360-22,verified,false,
닭날다,서울 마포구 와우산로18길 22,37.551112,126.924119,36395673,https://map.naver.com/p/entry/place/36395673,37.5534554,126.9117552,mid,닭날다,서울 마포구 월드컵로 45-1 서울 마포구 합정동 427-7,verified,false,
홍대달동네,서울 마포구 와우산로29길 60,37.556155,126.927014,38464609,https://map.naver.com/p/entry/place/38464609,37.5561336,126.9269835,high,홍대 달동네,서울 마포구 와우산로29길 60 지층 서울 마포구 서교동 330-13,verified,false,
서브웨이,서울 마포구 월드컵북로 361,37.577110,126.891404,34087754,https://map.naver.com/p/entry/place/34087754,37.5771983,126.8915227,low,써브웨이 상암점,서울 마포구 월드컵북로 361 DMC 이안상암2단지 서울 마포구 상암동 1653,verified,false,
서울 양재동 달콤커피,서울 서초구 강남대로27길 7-21,37.478251,127.038086,,,,,failed,,,not_matched,false,
서울성모병원,서울 서초구 반포대로 222,37.502394,127.005861,18762622,https://map.naver.com/p/entry/place/18762622,37.502033,127.0035167,mid,서울성모병원사거리,서울 서초구 반포동,verified,false,
엔터식스 한양대점,서울 성동구 왕십리로 241,37.557169,127.040105,13496755,https://map.naver.com/p/entry/place/13496755,37.5595096,127.0409083,low,카모메 한양대점,서울 성동구 마조로 17 1층 4호 서울 성동구 행당동 19-54,verified,false,
여의도지하차도버정,서울 영등포구 의사당대로 83,37.523367,126.923451,,,,,failed,,,not_matched,false,
용산2가동주민센터,서울 용산구 신흥로 90,37.546113,126.985584,11813733,https://map.naver.com/p/entry/place/11813733,37.5461327,126.9855776,mid,용산2가동 주민센터,서울 용산구 서울 용산구 용산동2가,verified,false,
종로3가역앞,서울 종로구 수표로 127,37.572477,126.988530,,,,,failed,,,not_matched,false,
연희숲속쉼터,서울 서대문구 연희동 2-75,37.5893782439197,126.935518414726,1965720669,https://map.naver.com/p/entry/place/1965720669,37.5802993,126.9390247,mid,연희숲속쉼터,서울 서대문구 연희동,verified,false,
북아현치안센터,서울 서대문구 북아현로 59-1,37.562460,126.955374,18281682,https://map.naver.com/p/entry/place/18281682,37.5624807,126.9553749,high,북아현치안센터,서울 서대문구 북아현로 59-1 서울 서대문구 북아현동 176-53,verified,false,
새문순대국,서울 마포구 대흥로 163-1,37.553658,126.945732,31392994,https://map.naver.com/p/entry/place/31392994,37.553649,126.945737,high,새문순대국,서울 마포구 대흥로 163-1 서울 마포구 대흥동 18-9,verified,false,
대오빌딩,서울 영등포구 여의나루로 53-1,37.522702,126.924994,19000358,https://map.naver.com/p/entry/place/19000358,37.522673,126.9249809,high,대오빌딩,서울 영등포구 여의나루로 53-1 서울 영등포구 여의도동 26-5,verified,false,
본동철물종합설비,서울 동작구 노량진로26길 19,37.511597,126.954567,19028277,https://map.naver.com/p/entry/place/19028277,37.5115954,126.9545706,high,본동철물종합설비,서울 동작구 노량진로26길 19 서울 동작구 본동 48-45,verified,false,
우슬재옆 계단,서울 동작구 서달로14길 19,37.507961,126.964144,,,,,failed,,,not_matched,false,
마포최대포숯불갈매기돼지갈비,서울 동작구 서달로14길 11,37.508070,126.963845,1162284911,https://map.naver.com/p/entry/place/1162284911,37.5080372,126.9638198,high,마포최대포숯불갈매기돼지갈비,서울 동작구 서달로14길 11 서울 동작구 흑석동 6-21,verified,false,
양평감자탕,서울 동작구 서달로15길 16,37.508591,126.962368,20861461,https://map.naver.com/p/entry/place/20861461,37.5085769,126.9623717,high,양평감자탕,서울 동작구 서달로15길 16 서울 동작구 흑석동 106-7,verified,false,
원효전자상가뒤,서울 용산구 신계동 43-18,37.533575,126.960987,,,,,failed,,,not_matched,false,
제이알펍,서울 용산구 보광로 127,37.534084,126.993719,1436458595,https://map.naver.com/p/entry/place/1436458595,36.8331405,127.1436177,low,제이알펍,충남 천안시 서북구 두정로 240 2층 제이알펍 충남 천안시 서북구 두정동 1498,verified,false,
공간두두,서울 중구 퇴계로8길 71,37.556721,126.980426,,,,,failed,,,not_matched,false,
충무로역7번출구앞,서울 중구 충무로 2,37.561601,126.993476,,,,,failed,,,not_matched,false,
국민기획,서울 중구 을지로18길 21,37.565441,126.994629,19502764,https://map.naver.com/p/entry/place/19502764,37.5376223,126.8275228,low,국민기획,서울 양천구 남부순환로 329 서울 양천구 신월동 52-10,verified,false,
청계상가,서울 중구 산림동 264-5,37.567628,126.995673,18701553,https://map.naver.com/p/entry/place/18701553,37.5674264,126.9954689,high,청계상가,서울 중구 청계천로 160 서울 중구 산림동 207-1,verified,false,
청계5가지하쇼핑센터,서울 중구 동호로 384,37.568964,127.002091,18700850,https://map.naver.com/p/entry/place/18700850,37.569071,127.0020836,high,청계5가지하쇼핑센터,서울 중구 동호로 384 청계5가지하쇼핑센터 서울 중구 방산동 4-10,verified,false,
종로2가교차로,서울 종로구 종로2가,37.570889,126.988250,,,,,failed,,,not_matched,false,
종로3가역12번출구앞,서울 종로구 종로 138,37.570204,126.992855,,,,,failed,,,not_matched,false,
경일의료기,서울 종로구 종로 140,37.570162,126.993103,17945466,https://map.naver.com/p/entry/place/17945466,37.570212,126.993125,high,경일의료기,서울 종로구 종로 140 서울 종로구 종로3가 147,verified,false,
종로22길,서울 종로구 종로22길 12,37.569771,126.993207,,,,,failed,,,not_matched,false,
한성전자,서울 종로구 종로22길 14-1,37.569627,126.993217,19418464,https://map.naver.com/p/entry/place/19418464,37.569659,126.993233,high,한성전자,서울 종로구 종로22길 14-1 서울 종로구 장사동 51,verified,false,
돈화문로4길,서울 종로구 돈화문로4길 23,37.570118,126.993560,,,,,failed,,,not_matched,false,
동대문 밀리오레,서울 중구 장충단로 263,37.568116,127.008473,1521869791,https://map.naver.com/p/entry/place/1521869791,37.5683245,127.0083181,high,동대문밀리오레관리단,서울 중구 장충단로 263 서울 중구 을지로6가 18-185,verified,false,
수진사,서울 종로구 창신길 54,37.574046,127.010716,36883016,https://map.naver.com/p/entry/place/36883016,37.5740554,127.0107315,high,수진사,서울 종로구 창신길 54 2층 서울 종로구 창신동 583-83,verified,false,
태광상사,서울 종로구 숭인동 206-4,37.572589,127.021253,37441626,https://map.naver.com/p/entry/place/37441626,37.5726234,127.0210851,high,태광상사,서울 종로구 난계로25길 36-1 서울 종로구 숭인동 206-5,verified,false,
신설종합시장,서울 종로구 난계로25길 46,37.572480,127.020543,17985003,https://map.naver.com/p/entry/place/17985003,37.5724614,127.020511,high,신설종합시장,서울 종로구 난계로25길 46 신설종합시장 서울 종로구 숭인동 206-6,verified,false,
해동꽃조경,서울 성북구 성북로 50-2,37.592340,127.002918,31396107,https://map.naver.com/p/entry/place/31396107,37.5923342,127.0029511,high,해동꽃조경,서울 성북구 성북로 50-2 서울 성북구 성북동 173-29,verified,false,
수도학원,서울 동대문구 보문로 6,37.576143,127.023526,18025204,https://map.naver.com/p/entry/place/18025204,37.5761033,127.0235189,high,수도학원,서울 동대문구 보문로 6 서울 동대문구 신설동 131-50,verified,false,
고려대학교,서울 성북구 안암로 145,37.588703,127.031698,11591498,https://map.naver.com/p/entry/place/11591498,37.5899103,127.0318122,high,고려대학교 서울캠퍼스,서울 성북구 안암로 145 서울 성북구 안암동5가 1-2,verified,false,
고산자로58길,서울 동대문구 고산자로58길 22,37.588890,127.038079,,,,,failed,,,not_matched,false,
고산자로56길,서울 동대문구 고산자로56길 13-1,37.588414,127.037937,,,,,failed,,,not_matched,false,
정릉동집,서울 성북구 보국문로29나길 28,37.614632,127.002185,1845439640,https://map.naver.com/p/entry/place/1845439640,37.6086929,127.0071386,low,정릉동커피,서울 성북구 솔샘로6길 36-16 B01호 정릉동커피 서울 성북구 정릉동 372-30 B01호 커피,verified,false,
월곡산,서울 성북구 상월곡동 장월로3길 47,37.609175,127.045475,1168523648,https://map.naver.com/p/entry/place/1168523648,37.6100087,127.0443442,high,월곡산,서울 성북구 상월곡동 장월로3길 47 서울 성북구 상월곡동 산1-1,verified,false,
서울고속버스터미널,서울 서초구 신반포로 194,37.506436,127.006834,1173901494,https://map.naver.com/p/entry/place/1173901494,37.5063784,127.0076787,mid,약천 서울고속버스터미널점,서울 서초구 신반포로 194 고속버스터미널 1층 51호 서울 서초구 반포동 19-4,verified,false,
통일연구원,서울 서초구 반포대로 217,37.499497,127.003336,31863331,https://map.naver.com/p/entry/place/31863331,37.4993084,127.0029419,high,통일연구원,서울 서초구 반포대로 217 서울 서초구 반포동 520-3,verified,false,
효령로31길,서울 서초구 효령로31길 36,37.482758,126.996092,,,,,failed,,,not_matched,false,
엘루크방배서리풀,서울 서초구 효령로31길 31,37.482605,126.995758,1133760120,https://map.naver.com/p/entry/place/1133760120,37.4828872,126.9957246,high,엘루크방배서리풀,서울 서초구 효령로31길 31 서울 서초구 방배동 3284,verified,false,
현대14차아파트,서울 강남구 압구정로29길 57,37.531234,127.026937,18847605,https://map.naver.com/p/entry/place/18847605,37.5307771,127.0262497,high,압구정현대14차아파트,서울 강남구 압구정동 압구정로29길 57 서울 강남구 압구정동 447,verified,false,
금강아케이드,서울 강남구 압구정로29길 68,37.532536,127.029187,18848206,https://map.naver.com/p/entry/place/18848206,37.5325186,127.0291549,high,금강아케이드,서울 강남구 압구정동 압구정로29길 68 서울 강남구 압구정동 455,verified,false,
노블발렌티 삼성점,서울 강남구 봉은사로 637,37.515328,127.064839,12390329,https://map.naver.com/p/entry/place/12390329,37.5153463,127.0648868,high,노블발렌티 삼성점,서울 강남구 봉은사로 637 서울 강남구 삼성동 109-6,verified,false,
수도전기공업고등학교,서울 강남구 개포로 410,37.484938,127.064479,12081907,https://map.naver.com/p/entry/place/12081907,37.4856143,127.0635654,high,수도전기공업고등학교,서울 강남구 개포로 410 수도전기공업고등학교 서울 강남구 개포동 155,verified,false,
천호대교,서울 송파구 풍납동 47-68,37.541974,127.115494,18851515,https://map.naver.com/p/entry/place/18851515,37.5427832,127.1125061,high,천호대교,서울 송파구 풍납동,verified,false,
경인항인천컨테이너부두,인천 서해구 거첨로 295,37.566544,126.597712,32024023,https://map.naver.com/p/entry/place/32024023,37.56605,126.59733,low,경인항인천컨테이너부두,인천 검단구 인천 검단구 오류동,verified,false,
부평구의회,인천 부평구 부평대로 168,37.507068,126.721856,11643550,https://map.naver.com/p/entry/place/11643550,37.5067312,126.7224736,high,인천광역시 부평구의회,인천 부평구 부평대로 168 인천 부평구 부평4동 879,verified,false,
제주로지스틱스 서울지점,인천 제물포구 서해대로 306,37.453958,126.629013,,,,,failed,,,not_matched,false,
인천역,인천 제물포구 제물량로 269,37.476595,126.617090,1109621647,https://map.naver.com/p/entry/place/1109621647,37.4757376,126.6172525,mid,인천역,인천 제물포구 인천 제물포구 북성동1가,verified,false,
홍예문아파트앞,인천 제물포구 송학로 51,37.474509,126.625852,,,,,failed,,,not_matched,false,
우현로62길,인천 제물포구 경동 208-12,37.472160,126.630966,,,,,failed,,,not_matched,false,
디와이,인천 남동구 남동서로362번길 36,37.418339,126.703873,12093543,https://map.naver.com/p/entry/place/12093543,37.4182202,126.7043067,high,디와이,인천 남동구 남동서로362번길 36 인천 남동구 남촌동 616-4,verified,false,
남동공단 산업용품상가,인천 남동구 은청로 4-7,37.406946,126.693402,16871607,https://map.naver.com/p/entry/place/16871607,37.4069048,126.6934907,high,남동산단산업용품상가,인천 남동구 은청로 4-7 인천 남동구 고잔동 630,verified,false,
포천우체국,경기 포천시 중앙로 159,37.900000,127.205391,12144454,https://map.naver.com/p/entry/place/12144454,37.8998819,127.2055,high,포천우체국,경기 포천시 중앙로 159 포천우체국 경기 포천시 신읍동 202-12,verified,false,
강변로,경기 동두천시 강변로702번길 13-39,37.931253,127.049917,,,,,failed,,,not_matched,false,
안흥교,경기 동두천시 동두천동 511-1,37.928867,127.049348,18990289,https://map.naver.com/p/entry/place/18990289,37.9292227,127.0492047,high,안흥교,경기 동두천시 동두천동,verified,false,
동두천큰시장,경기 동두천시 큰시장로 60-8,37.900609,127.051292,18984818,https://map.naver.com/p/entry/place/18984818,37.9006228,127.0513567,high,동두천큰시장,경기 동두천시 큰시장로 52 경기 동두천시 생연동 698-1,verified,false,
킨텍스로 횡단보도,경기 고양시 일산서구 주엽동 141,37.678556,126.757576,,,,,failed,,,not_matched,false,
롯데백화점 일산점,경기 고양시 일산동구 중앙로 1283,37.660472,126.772126,12133972,https://map.naver.com/p/entry/place/12133972,37.660478,126.7721024,high,롯데백화점 일산점,경기 고양시 일산동구 중앙로 1283 롯데백화점일산점 경기 고양시 일산동구 장항동 784,verified,false,
정발산역 육교,경기 고양시 일산동구 장항동 1487-2,37.659733,126.772983,,,,,failed,,,not_matched,false,
문촌마을15단지부영아파트,경기 고양시 일산서구 주엽로 123,37.670669,126.757005,19056829,https://map.naver.com/p/entry/place/19056829,37.6707652,126.7564696,high,문촌마을15단지부영아파트,경기 고양시 일산서구 주엽로 123 경기 고양시 일산서구 주엽동 135,verified,false,
한국한공대역,경기 고양시 덕양구 화랑로 53,37.603314,126.868385,,,,,failed,,,not_matched,false,
양평 폐공장,경기 양평군 옥천면 경강로 1447,37.512223,127.444836,,,,,failed,,,not_matched,false,
동아육운,경기 용인시 처인구 모현읍 포은대로 1068,37.335262,127.164325,12971519,https://map.naver.com/p/entry/place/12971519,37.3341896,127.1627064,high,동아육운,경기 용인시 처인구 모현읍 포은대로 1068 경기 용인시 처인구 모현읍 오산리 13-6,verified,false,
더포레,경기 화성시 만세구 향남읍 두렁바위길 49-13,37.128122,126.895075,1671051717,https://map.naver.com/p/entry/place/1671051717,37.1281221,126.8950749,high,더포레,경기 화성시 만세구 향남읍 두렁바위길 49-13 경기 화성시 만세구 향남읍 제암리 334-6,verified,false,
안성주물,경기 안성시 보개면 보개원삼로 362-107,37.039285,127.297645,12041898,https://map.naver.com/p/entry/place/12041898,37.039214,127.2971068,high,안성주물,경기 안성시 보개면 보개원삼로 362-107 경기 안성시 보개면 기좌리 89-20,verified,false,
MBC 원주문화방송,강원 원주시 학성길 67,37.354219,127.939615,11626674,https://map.naver.com/p/entry/place/11626674,37.3542422,127.9395968,high,MBC 원주문화방송,강원 원주시 학성길 67 강원 원주시 학성동 1023-70,verified,false,
헌화로,강원 강릉시 강동면 헌화로 641,37.664800,129.053101,,,,,failed,,,not_matched,false,
부남해변,강원 삼척시 근덕면 부남리,37.360593,129.244224,19596946,https://map.naver.com/p/entry/place/19596946,37.3585792,129.24915,mid,부남해변길,강원 삼척시 근덕면 부남리,verified,false,
세일제화,부산 금정구 반송로 476-15,35.215593,129.116079,1378438475,https://map.naver.com/p/entry/place/1378438475,35.2153227,129.1161724,high,세일제화,부산 금정구 반송로 476-15 부산 금정구 금사동 116-2,verified,false,
미포방파제,부산 해운대구 달맞이길62번길 50-1,35.157795,129.172102,37825363,https://map.naver.com/p/entry/place/37825363,35.1576899,129.1712349,mid,미포방파제,부산 해운대구 중동,verified,false,
송정항서방파제,부산 해운대구 송정동 288-56,35.180130,129.207271,,,,,failed,,,not_matched,false,
영도,부산 영도구,35.091240,129.067889,36072682,https://map.naver.com/p/entry/place/36072682,35.0805433,129.0639264,mid,영도,부산 영도구 동삼동,verified,false,
대평남로,부산 영도구 대평남로 72,35.094009,129.032151,,,,,failed,,,not_matched,false,
혜인선박,부산 영도구 대평남로51번길 8-5,35.092033,129.031673,16369149,https://map.naver.com/p/entry/place/16369149,35.0920311,129.0316616,high,혜인선박,부산 영도구 대평남로51번길 8-5 부산 영도구 대평동2가 11,verified,false,
남부민동,부산 서구 남부민동,35.086549,129.022250,1640957341,https://map.naver.com/p/entry/place/1640957341,35.0932327,129.0226157,mid,서구남부민동흥아아파트,부산 서구 남부민1동 33-3,verified,false,
송도해수욕장,부산 서구 암남동 135-5,35.075786,129.016767,13491649,https://map.naver.com/p/entry/place/13491649,35.0759052,129.0175547,high,부산송도해수욕장,부산 서구 암남동,verified,false,
부산감천항 수산물시장,부산 서구 원양로 35,35.058838,129.010176,949123946,https://map.naver.com/p/entry/place/949123946,35.0585195,129.0105397,high,부산감천항수산물시장,부산 서구 원양로 35 시장회관동 8층 부산 서구 암남동 761,verified,false,
부산시수협 다대위판장,부산 사하구 다대동로8번길 40,35.055600,128.972428,16668743,https://map.naver.com/p/entry/place/16668743,35.0557175,128.9726707,high,부산시수협 다대위판장,부산 사하구 다대동로8번길 40 부산 사하구 다대동 798-1,verified,false,
더 페닌슐라 방콕,"333 Charoen Nakhon Rd, Khlong Ton Sai, Khlong San, Bangkok 10600 태국",,,,,,,failed,,,not_matched,false,
Abandoned Mansion,"41 Soi Sukhumvit 14, Klongtoey, Bangkok 10110 태국",,,,,,,failed,,,not_matched,false,
방콕차이나타운(1),"591 Maitri Chit Rd, Pom Prap, Pom Prap Sattru Phai, Bangkok 10100 태국",,,,,,,failed,,,not_matched,false,
방콕차이나타운(2),"683 Maitri Chit Rd, Pom Prap, Pom Prap Sattru Phai, Bangkok 10100 태국",,,,,,,failed,,,not_matched,false,
방콕차이나타운(3),"25, 27 Soi Rammaitree, Pom Prap, Pom Prap Sattru Phai, Bangkok 10100 태국",,,,,,,failed,,,not_matched,false,
방콕차이나타운(4),"462, 2 Maitri Chit Rd, Pom Prap, Pom Prap Sattru Phai, Bangkok 10100 태국",,,,,,,failed,,,not_matched,false,
595 Mittraphan Rd,"664 ถ. เจริญกรุง Samphanthawong, Bangkok 10100 태국",,,,,,,failed,,,not_matched,false,
103 Rama IV Rd,"52-54 Rama IV Rd, Talat Noi, Samphanthawong, Bangkok 10100 태국",,,,,,,failed,,,not_matched,false,
126 Rama IV Rd,"122 Rama IV Rd, Talat Noi, Samphanthawong, Bangkok 10100 태국",,,,,,,failed,,,not_matched,false,
Laem Chabang Port,"Sukhumvit Rd., Tungsukla, Sriracha 20230, 20230 태국",,,,,,,failed,,,not_matched,false,
차트리움 호텔 리버사이드 방콕,"28 ถ. เจริญกรุง Wat Phraya Krai, Bang Kho Laem, Bangkok 10120 태국",,,,,,,failed,,,not_matched,false,
Minburi Criminal Court,"47 Sihaburanukit Rd, Min Buri, Bangkok 10510 태국",,,,,,,failed,,,not_matched,false,
담넌싸두억 수상시장,"Damnoen Saduak, Damnoen Saduak District, Ratchaburi 70130 태국",,,,,,,failed,,,not_matched,false,
Thetsaban Bang Pu 74 Alley,"200 22 หมู่ 1 Thetsaban Bang Pu 74 Alley, Bang Pu Mai, Mueang Samut Prakan District, Samut Prakan 10280 태국",,,,,,,failed,,,not_matched,false,
전자회관,서울 마포구 월드컵북로54길 11,37.580888,126.888390,18808156,https://map.naver.com/p/entry/place/18808156,37.5809958,126.8883682,high,전자회관,서울 마포구 월드컵북로54길 11 전자회관 서울 마포구 상암동 1599,verified,false,
난지한강공원,서울 마포구 상암동 495-72,37.567777,126.875024,13416975,https://map.naver.com/p/entry/place/13416975,37.5672573,126.8744074,high,난지 한강공원,서울 마포구 한강난지로 162 한강공원 난지안내센터 서울 마포구 상암동 487-116,verified,false,
양화로,서울 마포구 양화로 86,37.551908,126.917619,,,,,failed,,,not_matched,false,
하얀공간 합정,서울 마포구 성지길 40,37.546913,126.912693,,,,,failed,,,not_matched,false,
도화소어린이공원,서울 마포구 토정로37길 22,37.541049,126.945355,18767865,https://map.naver.com/p/entry/place/18767865,37.5411832,126.9455471,mid,도화소어린이공원,서울 마포구 도화동,verified,false,
유플러스 일상의틈 도화동 마포점,서울 마포구 마포대로 67,37.541829,126.948306,1935830157,https://map.naver.com/p/entry/place/1935830157,37.541808,126.9484883,high,LG유플러스 일상의틈 도화동 마포점,서울 마포구 마포대로 67 애비뉴67 101호(도화동) 서울 마포구 도화동 573 애비뉴67 101호,verified,false,
노량진로6길,서울 동작구 노량진로6길 45,37.510940,126.935984,,,,,failed,,,not_matched,false,
레이어스스튜디오,서울 용산구 원효로1가 129-20,37.538954,126.967924,1527700442,https://map.naver.com/p/entry/place/1527700442,37.4824066,127.0129693,low,어썸클래식스튜디오,서울 서초구 효령로52길 42 B1 서울 서초구 서초동 1451-42,verified,false,
대동유통,서울 중구 을지로30길 43,37.565253,126.999064,18701028,https://map.naver.com/p/entry/place/18701028,37.5652719,126.9990596,high,대동유통,서울 중구 을지로30길 43 서울 중구 오장동 14-20,verified,false,
중부건어물시장,서울 중구 을지로32길 34,37.565291,127.000076,13346743,https://map.naver.com/p/entry/place/13346743,36.3313237,127.4292323,low,중부건어물시장,대전 동구 대전로813번길 54 중동 30-3 판매시설 (건어물유통(주)) 대전 동구 중동 30-3 30-3 판매시설 (건어물유통(주)),verified,false,
60계치킨 서울회기점,서울 동대문구 회기로 154,37.591005,127.053250,1177547176,https://map.naver.com/p/entry/place/1177547176,37.5910282,127.0532757,high,60계치킨 서울회기점,서울 동대문구 회기로 154 서울 동대문구 회기동 45-106,verified,false,
숭인시장,서울 강북구 도봉로 45,37.613144,127.029453,18597766,https://map.naver.com/p/entry/place/18597766,37.6131776,127.0292235,high,숭인시장,서울 강북구 도봉로 45 숭인시장 서울 강북구 미아동 60-5,verified,false,
강동대로,서울 송파구 풍납동 468-5,37.528581,127.108157,,,,,failed,,,not_matched,false,
광진교,서울 강동구 천호동 522-10,37.544668,127.114038,18923632,https://map.naver.com/p/entry/place/18923632,37.5446318,127.1135644,high,광진교,서울 강동구 천호동,verified,false,
일신자동차매매단지,인천 부평구 무네미로 521,37.482863,126.752241,16562771,https://map.naver.com/p/entry/place/16562771,37.482727,126.7522102,high,일신자동차매매단지,인천 부평구 무네미로 521 인천 부평구 구산동 7-4,verified,false,
배다리사거리,인천 제물포구 금곡동 12-1,37.472860,126.635721,,,,,failed,,,not_matched,false,
배다리지하도상가,인천 제물포구 송림로 4,37.472910,126.636096,1849117746,https://map.naver.com/p/entry/place/1849117746,37.4731215,126.6364325,high,배다리지하도상가,인천 제물포구 송림로 4 인천 제물포구 금곡동 10-1,verified,false,
재인폭포,경기 연천군 연천읍 부곡리 산 235,38.069195,127.147776,36252786,https://map.naver.com/p/entry/place/36252786,38.0746582,127.142075,mid,재인폭포화장실,경기 연천군 연천읍 부곡리 산235,verified,false,
대진대학교,경기 포천시 호국로 1007,37.873810,127.157554,11591537,https://map.naver.com/p/entry/place/11591537,37.8734346,127.1573987,high,대진대학교,경기 포천시 호국로 1007 경기 포천시 선단동 11-1,verified,false,
회암사지박물관,경기 양주시 회암사길 11,37.841226,127.102981,18299205,https://map.naver.com/p/entry/place/18299205,37.8412002,127.1028835,high,양주시립회암사지박물관,경기 양주시 회암사길 11 경기 양주시 율정동 299-1,verified,false,
"쉼, 어묵 그리고 한잔 술 덕이점",경기 고양시 일산서구 하이파크3로 23-3,37.693478,126.753335,1614340530,https://map.naver.com/p/entry/place/1614340530,37.6935096,126.7533949,mid,"쉼, 어묵 그리고 한잔 술 일산덕이점",경기 고양시 일산서구 하이파크3로 23-3 1층 경기 고양시 일산서구 덕이동 403-8,verified,false,
문촌마을12단지 상가,경기 고양시 일산서구 중앙로 1493,37.672544,126.754006,,,,,failed,,,not_matched,false,
와인당,경기 고양시 일산동구 고봉로 32-20,37.664055,126.766103,1552813249,https://map.naver.com/p/entry/place/1552813249,37.6639571,126.7661385,high,와인당,경기 고양시 일산동구 고봉로 32-20 m3빌딩 203호 경기 고양시 일산동구 장항동 736-3,verified,false,
행복한체험캠핑장,경기 김포시 금포로 1196,37.651237,126.700999,1718144774,https://map.naver.com/p/entry/place/1718144774,37.6512549,126.7010575,mid,행복한체험캠핑장 매점,경기 김포시 금포로 1196 경기 김포시 운양동 48-1,verified,false,
아이데코,경기 하남시 조정대로 150,37.553526,127.194669,18781606,https://map.naver.com/p/entry/place/18781606,37.4634003,127.0842961,low,아이데코,서울 서초구 헌인릉1길 31 아이데코 서울 서초구 내곡동 1-2809,verified,false,
고인돌수석민속관,경기 광명시 광명로 651,37.458590,126.844432,1698590911,https://map.naver.com/p/entry/place/1698590911,37.4586982,126.8445374,mid,고인돌민속관,경기 광명시 광명로 651 경기 광명시 광명동 650-3,verified,false,
피엔제이환경자원,경기 광명시 가학로 201,37.407464,126.863517,,,,,failed,,,not_matched,false,
스텔라떡볶이 경기광명철산점,경기 광명시 시청로 122-1,37.486619,126.866839,1892783162,https://map.naver.com/p/entry/place/1892783162,37.4866268,126.8668523,high,스텔라떡볶이 경기광명철산점,경기 광명시 시청로 122-1 101호 경기 광명시 철산동 90-2,verified,false,
권광로188번길(나혜석거리),경기 수원시 팔달구 인계로166번길 48-17,37.264371,127.033731,,,,,failed,,,not_matched,false,
우림WCITY,경기 성남시 분당구 판교로255번길 9-22,37.404024,127.100090,1347791686,https://map.naver.com/p/entry/place/1347791686,37.40373,127.0999049,high,우림WCITY,경기 성남시 분당구 판교로255번길 9-22 경기 성남시 분당구 삼평동 618,verified,false,
브릿지타워 사거리,경기 성남시 분당구 판교로227번길 6,37.403035,127.099241,,,,,failed,,,not_matched,false,
춘천경찰서,강원 춘천시 춘천로 61,37.870300,127.724263,11642384,https://map.naver.com/p/entry/place/11642384,37.8703558,127.7235447,high,강원춘천경찰서,강원 춘천시 춘천로 61 강원 춘천시 효자동 590-1,verified,false,
삼도천터널,충북 제천시 봉양읍 원박리 산 99-2,37.123454,128.089279,,,,,failed,,,not_matched,false,
반야사,충남 논산시 가야곡면 삼전길 104,36.110265,127.172934,1091680783,https://map.naver.com/p/entry/place/1091680783,36.1110853,127.173493,high,반야사,충남 논산시 가야곡면 삼전길 104 충남 논산시 가야곡면 삼전리 산18,verified,false,
홍지문길,서울 서대문구 홍은동 5-98,37.596499,126.954649,,,,,failed,,,not_matched,false,
연안리버빌 골목(추정),서울 서대문구 홍지문2길 18,37.596470,126.955631,,,,,failed,,,not_matched,false,
홍지문길 놀이터,서울 서대문구 홍은동 5-93,37.596300,126.955458,,,,,failed,,,not_matched,false,
홍지문2길(좌우반전),서울 서대문구 홍지문2길 31,37.597084,126.956016,,,,,failed,,,not_matched,false,
개미마을,서울 서대문구 세검정로4길 127,37.590748,126.953255,33997144,https://map.naver.com/p/entry/place/33997144,37.590929,126.9525597,high,홍제동 개미마을,서울 서대문구 세검정로4길 100-22 서울 서대문구 홍제동 9-81,verified,false,
월드컵북로(상암고앞),서울 마포구 상암동 1715,37.579999,126.887548,,,,,failed,,,not_matched,false,
난지한강공원,서울 마포구 상암동 482-271,37.567201,126.873687,13416975,https://map.naver.com/p/entry/place/13416975,37.5672573,126.8744074,high,난지 한강공원,서울 마포구 한강난지로 162 한강공원 난지안내센터 서울 마포구 상암동 487-116,verified,false,
호텔 나루 서울 레스토랑 부아쟁,서울 마포구 마포대로 8,37.537307,126.944273,1033152992,https://map.naver.com/p/entry/place/1033152992,37.5372116,126.9442439,high,호텔 나루 서울 레스토랑 부아쟁,서울 마포구 마포대로 8 호텔 나루 서울 엠갤러리 22층 서울 마포구 마포동 450,verified,false,
국회의사당,서울 영등포구 여의도동 의사당대로 1,37.532912,126.916404,11583151,https://map.naver.com/p/entry/place/11583151,37.5319169,126.9142029,high,국회의사당,서울 영등포구 의사당대로 1 서울 영등포구 여의도동 1,verified,false,
의사당대로,서울 영등포구 여의도동 1-6,37.527392,126.918559,,,,,failed,,,not_matched,false,
여의도공원,서울 영등포구 여의공원로 68,37.526809,126.922284,11622428,https://map.naver.com/p/entry/place/11622428,37.526129,126.922377,high,여의도공원,서울 영등포구 여의공원로 68 서울 영등포구 여의도동 2,verified,false,
브라이튼여의도아파트,서울 영등포구 국제금융로 39,37.524292,126.929339,1398031256,https://map.naver.com/p/entry/place/1398031256,37.5243285,126.9303157,mid,브라이튼여의도상가,서울 영등포구 국제금융로 39 서울 영등포구 여의도동 31,verified,false,
대륭포스트타워7차,서울 구로구 디지털로33길 48,37.487258,126.894505,19867712,https://map.naver.com/p/entry/place/19867712,37.4872488,126.8945428,high,대륭포스트타워7차,서울 구로구 디지털로33길 48 서울 구로구 구로동 170-10,verified,false,
영등포고등학교,서울 동작구 등용로8길 5-13,37.509058,126.934734,12002640,https://map.naver.com/p/entry/place/12002640,37.5084935,126.934045,high,영등포고등학교,서울 동작구 등용로8길 5-13 영등포고등학교 서울 동작구 대방동 13-2,verified,false,
노량진로26길,서울 동작구 노량진로26길 16-6,37.511439,126.954078,,,,,failed,,,not_matched,false,
용양봉저정공원,서울 동작구 본동 산 3-9,37.511800,126.958588,19028678,https://map.naver.com/p/entry/place/19028678,37.5117765,126.9584177,high,용양봉저정공원,서울 동작구 서울 동작구 본동 산3-9,verified,false,
노량진로32길(1),서울 동작구 본동 17-2,37.510895,126.957099,,,,,failed,,,not_matched,false,
노량진로30길,서울 동작구 노량진로32길 68,37.510936,126.956697,,,,,failed,,,not_matched,false,
노량진로32길,서울 동작구 노량진로26길 65,37.509778,126.955607,,,,,failed,,,not_matched,false,
용산역 달주차장,서울 용산구 한강대로23길 55,37.529772,126.964742,35940224,https://map.naver.com/p/entry/place/35940224,37.5297718,126.9647414,low,아이파크몰 용산점 달 주차장,서울 용산구 한강대로23길 55 용산역 서울 용산구 한강로3가 40-999,verified,false,
백빈건널목,서울 용산구 한강로3가 40-1007,37.525674,126.959175,2145624674,https://map.naver.com/p/entry/place/2145624674,37.5251157,126.960784,mid,백빈건널목,서울 용산구 한강대로7길 23-15 서울 용산구 한강로3가 40-1007,verified,false,
기찻길주점(폐업),서울 용산구 이촌로29길 35,37.525094,126.960618,,,,,failed,,,precheck:closed_place_name,false,
세종대로,서울 중구 남대문로5가 84-15,37.557467,126.972984,,,,,failed,,,not_matched,false,
센트레빌아스테리움서울,서울 용산구 동자동 49,37.551355,126.973002,36267388,https://map.naver.com/p/entry/place/36267388,37.5513775,126.9736403,high,센트레빌아스테리움서울아파트,서울 용산구 한강대로 372 서울 용산구 동자동 45,verified,false,
서울역앞,서울 중구 한강대로 405,37.554728,126.969526,,,,,failed,,,not_matched,false,
남산공원,서울 중구 남창동 205-4,37.555678,126.977501,19469224,https://map.naver.com/p/entry/place/19469224,37.5558975,126.9771879,high,남산공원입구,서울 중구 남창동,verified,false,
KT 광화문 빌딩 West,서울 종로구 세종대로 178,37.572151,126.977792,31064234,https://map.naver.com/p/entry/place/31064234,37.57214,126.9779409,high,KT광화문빌딩West,서울 종로구 세종대로 178 서울 종로구 세종로 100,verified,false,
필운대로,서울 종로구 필운대로 15,37.577583,126.969237,,,,,failed,,,not_matched,false,
"부암동주민센터,무계원 정류장(01138)",서울 종로구 창의문로 145,37.592411,126.964065,,,,,failed,,,not_matched,false,
대도식당 왕십리본점,서울 성동구 무학로12길 3,37.567415,127.030657,11679517,https://map.naver.com/p/entry/place/11679517,37.5672761,127.0306583,high,대도식당 왕십리본점,서울 성동구 무학로12길 3 서울 성동구 홍익동 431,verified,false,
아차산지하차도,서울 광진구 광장동 399-12,37.546693,127.099554,1873805850,https://map.naver.com/p/entry/place/1873805850,37.5473849,127.0975501,mid,아차산지하차도,서울 광진구 서울 광진구 구의동,verified,false,
아차산로,서울 광진구 아차산로 546,37.542926,127.101957,,,,,failed,,,not_matched,false,
자양로,서울 광진구 자양로 112,37.537669,127.083668,,,,,failed,,,not_matched,false,
곱창이야기 강변점,서울 광진구 구의강변로7길 3,37.538085,127.093315,36473277,https://map.naver.com/p/entry/place/36473277,37.5381153,127.0933457,high,곱창이야기 강변점,서울 광진구 구의강변로7길 3 윤성빌 서울 광진구 구의동 217-26,verified,false,
비스타워커힐,서울 광진구 워커힐로 177,37.558629,127.111707,695321679,https://map.naver.com/p/entry/place/695321679,37.5542813,127.1111669,mid,비스타 워커힐 서울,서울 광진구 워커힐로 177 비스타 워커힐 서울 서울 광진구 광장동 22-1,verified,false,
한강공원서래섬나들목 진출입로1,서울 서초구 반포동 1338,37.506183,126.986919,,,,,failed,,,not_matched,false,
역삼역사거리,서울 강남구 테헤란로 152,37.500024,127.036509,,,,,failed,,,not_matched,false,
역삼빌딩,서울 강남구 테헤란로 205,37.501624,127.038393,254603085,https://map.naver.com/p/entry/place/254603085,37.5034666,127.0396055,mid,역삼빌딩,서울 강남구 언주로93길 30 서울 강남구 역삼동 672-37,verified,false,
브그즈트컬렉션,서울 강남구 테헤란로 231,37.502881,127.041357,,,,,failed,,,not_matched,false,
선릉역사거리,서울 강남구 테헤란로 401,37.504970,127.049146,,,,,failed,,,not_matched,false,
올림픽대교,서울 송파구 신천동 253,37.532435,127.105384,18850712,https://map.naver.com/p/entry/place/18850712,37.5338557,127.1040524,high,올림픽대교,서울 송파구 신천동,verified,false,
천호대교,서울 송파구 풍납동 383,37.541432,127.112078,18851515,https://map.naver.com/p/entry/place/18851515,37.5427832,127.1125061,high,천호대교,서울 송파구 풍납동,verified,false,
시옌,인천 남동구 인주대로 560,37.449832,126.699084,155248925,https://map.naver.com/p/entry/place/155248925,37.4498458,126.6991419,high,시옌,인천 남동구 인주대로 560 시옌 인천 남동구 구월동 1123-4,verified,false,
CU 만수사랑점,인천 남동구 구월말로103번길 25,37.458176,126.723878,1556925096,https://map.naver.com/p/entry/place/1556925096,37.4582328,126.7238639,high,CU 만수사랑점,인천 남동구 구월말로103번길 25 (만수동) 우정상가 인천 남동구 만수동 903 우정상가,verified,false,
대림자원,인천 남동구 용천로4번길 43-6,37.449870,126.716771,16826046,https://map.naver.com/p/entry/place/16826046,37.4498782,126.7168019,high,대림자원,인천 남동구 용천로4번길 43-6 대림자원 인천 남동구 구월동 1230-11,verified,false,
복개동로 주차장,인천 남동구 복개동로 48,37.452101,126.726099,35914996,https://map.naver.com/p/entry/place/35914996,37.4531315,126.7255026,low,만수복개천2 공영 주차장,인천 남동구 복개동로 68 인천 남동구 만수동 920-2,verified,false,
장승백이전통시장,인천 남동구 장승로 17,37.446238,126.734861,13345708,https://map.naver.com/p/entry/place/13345708,37.4460879,126.735784,mid,장승백이 전통시장,인천 남동구 만수동 1109-4,verified,false,
역무선방파제등대,인천 제물포구 연안동 82-11,37.454453,126.591264,1028668896,https://map.naver.com/p/entry/place/1028668896,37.45445,126.5912448,mid,인천항역무선방파제등대,인천 제물포구 인천 제물포구 항동7가 82-11,verified,false,
위크엔드 라운지,인천 제물포구 송학로 63,37.474859,126.624787,,,,,failed,,,not_matched,false,
중앙옥,인천 제물포구 신포로15번길 34-1,37.471575,126.622846,16340716,https://map.naver.com/p/entry/place/16340716,37.4716057,126.6228083,high,중앙옥,인천 제물포구 신포로15번길 34-1 인천 제물포구 중앙동3가 4-34,verified,false,
동국빌리지,인천 제물포구 신포로35번길 54,37.473293,126.623607,16573819,https://map.naver.com/p/entry/place/16573819,37.4734,126.6235803,mid,동국빌리지,인천 제물포구 인천 제물포구 송학동2가 16-4,verified,false,
해양센타,인천 제물포구 연안부두로 16,37.456571,126.603669,16573024,https://map.naver.com/p/entry/place/16573024,37.4563582,126.6035196,low,인천해양센터,인천 제물포구 연안부두로 16 인천 제물포구 항동7가 60,verified,false,
인항파출소 만석출장소,인천 제물포구 만석부두로 43,37.491393,126.621406,36205838,https://map.naver.com/p/entry/place/36205838,37.4913972,126.6213622,high,인항파출소 만석출장소,인천 제물포구 만석부두로 43 인천 제물포구 만석동 2-407,verified,false,
송현근린공원 인라인스케이트장,인천 제물포구 송현동 23-62,37.479560,126.640565,,,,,failed,,,not_matched,false,
현대시장입구,인천 제물포구 샛골로 162,37.476863,126.644985,,,,,failed,,,not_matched,false,
현대시장,인천 제물포구 송림동 50-97,37.477150,126.645343,13345643,https://map.naver.com/p/entry/place/13345643,37.4768884,126.6460078,high,현대시장,인천 제물포구 인천 제물포구 송림동 30,verified,false,
또와분식,인천 제물포구 송림로99번길 21,37.477244,126.645522,1710653989,https://map.naver.com/p/entry/place/1710653989,37.4772225,126.6455132,high,또와분식,인천 제물포구 송림로99번길 21 인천 제물포구 송림동 50-153,verified,false,
친구네포차,인천 미추홀구 인주대로 184,37.455320,126.657223,1743142922,https://map.naver.com/p/entry/place/1743142922,37.4553508,126.6572447,high,친구네포차,인천 미추홀구 인주대로 184 인천 미추홀구 용현동 139-4,verified,false,
로지모텔,인천 미추홀구 주안중로 32,37.461261,126.683020,37253503,https://map.naver.com/p/entry/place/37253503,37.461248,126.6828385,high,로지,인천 미추홀구 주안중로 32 인천 미추홀구 주안동 92-2,verified,false,
인형문구완구,인천 미추홀구 경인로354번길 54,37.456063,126.679003,1669638169,https://map.naver.com/p/entry/place/1669638169,37.4560728,126.6790352,high,인형문구완구,인천 미추홀구 경인로354번길 54 인천 미추홀구 주안동 498-1,verified,false,
알짜마트,인천 미추홀구 경인로 51,37.464716,126.648611,1171689757,https://map.naver.com/p/entry/place/1171689757,37.4647065,126.6486359,mid,알짜마트 숭의점,인천 미추홀구 경인로 51 인천 미추홀구 숭의동 129-62,verified,false,
신영아트빌,인천 미추홀구 독정안길 55-4,37.459563,126.655144,1185990894,https://map.naver.com/p/entry/place/1185990894,37.6398376,127.0413006,low,신영아트빌,서울 도봉구 덕릉로60나길 22-4 서울 도봉구 창동 448-18,verified,false,
대승주택,인천 미추홀구 독정안길 55-5,37.459419,126.655325,504001440,https://map.naver.com/p/entry/place/504001440,37.4593997,126.6553297,high,대승주택,인천 미추홀구 독정안길 55-5 인천 미추홀구 숭의동 248-219,verified,false,
용현시민유통,인천 미추홀구 독정이로16번길 14,37.457882,126.655239,13531811,https://map.naver.com/p/entry/place/13531811,37.4578773,126.6552101,high,용현시민유통,인천 미추홀구 독정이로16번길 14 인천 미추홀구 용현동 454-41,verified,false,
신안물류,경기 양주시 백석읍 고릉말로 117-10,37.795581,126.994597,1965778649,https://map.naver.com/p/entry/place/1965778649,37.4377784,126.6182768,low,신안물류,인천 제물포구 서해대로 106 인천 제물포구 신흥동3가 60-2,verified,false,
파리바게뜨 덕계역점,경기 양주시 회천중앙로 248,37.819666,127.053551,1667663999,https://map.naver.com/p/entry/place/1667663999,37.8196897,127.0534051,high,파리바게뜨 덕계역점,"경기 양주시 회천중앙로 248 102호,103호,104호 경기 양주시 덕계동 892",verified,false,
회천중앙로,경기 양주시 회천중앙로 236,37.818900,127.053053,,,,,failed,,,not_matched,false,
덕계로,경기 양주시 덕계동 899,37.818570,127.053075,,,,,failed,,,not_matched,false,
호맥 양주옥정점,경기 양주시 옥정동로7나길 15,37.820210,127.093394,1509333645,https://map.naver.com/p/entry/place/1509333645,37.8203307,127.0934386,high,호맥 양주옥정점,경기 양주시 옥정동로7나길 15 폴리프라자1 110호 경기 양주시 옥정동 966-2,verified,false,
공간채향,경기 파주시 광탄면 소령원길 92,37.775586,126.905169,1112776434,https://map.naver.com/p/entry/place/1112776434,37.7756015,126.9050914,high,공간채향,경기 파주시 광탄면 소령원길 92 1F 경기 파주시 광탄면 영장리 261-2,verified,false,
애룡저수지,경기 파주시 법원읍 애룡길 182,37.827482,126.857441,19307277,https://map.naver.com/p/entry/place/19307277,37.825651,126.8581257,low,애룡호수,경기 파주시 법원읍 삼방리,verified,false,
화이트블럭,경기 파주시 탄현면 헤이리마을길 72,37.788893,126.699402,40643831,https://map.naver.com/p/entry/place/40643831,37.7889046,126.6994137,high,카페 화이트블럭,경기 파주시 탄현면 헤이리마을길 72 아트센터 화이트블럭 1층 경기 파주시 탄현면 법흥리 1652-237,verified,false,
에델바움 카페 파주점,경기 파주시 산남로 5-64,37.707136,126.689310,1338351045,https://map.naver.com/p/entry/place/1338351045,37.7071363,126.6893096,high,에델바움 카페 파주점,경기 파주시 산남로 5-64 1층 경기 파주시 산남동 368-14,verified,false,
문발로,경기 파주시 문발로 137,37.706730,126.685959,,,,,failed,,,not_matched,false,
하우스 오브 컨티뉴,경기 파주시 송학말길 34-3,37.706265,126.763208,1967596764,https://map.naver.com/p/entry/place/1967596764,37.7059526,126.7629096,high,하우스 오브 컨티뉴,경기 파주시 송학말길 34-3 경기 파주시 야당동 147-8,verified,false,
주엽로,경기 고양시 일산서구 한류월드로 300,37.664554,126.754527,,,,,failed,,,not_matched,false,
킨텍스로,경기 고양시 일산서구 대화동 2729,37.663567,126.744277,,,,,failed,,,not_matched,false,
한류월드로(1),경기 고양시 일산동구 장항동 1763-1,37.659004,126.759880,,,,,failed,,,not_matched,false,
한류월드로(2),경기 고양시 일산동구 장항동 1770,37.662279,126.754509,19048856,https://map.naver.com/p/entry/place/19048856,37.6477061,126.7564178,mid,한류월드로,경기 고양시 일산동구 장항동,verified,false,
월드고양로,경기 고양시 일산동구 장항동 1811,37.661036,126.748350,,,,,failed,,,not_matched,false,
MBC드림센터,경기 고양시 일산동구 호수로 596,37.655528,126.770475,1086187603,https://map.naver.com/p/entry/place/1086187603,37.6556172,126.7706286,high,MBC드림센터,경기 고양시 일산동구 호수로 596 엠비씨드림센터 경기 고양시 일산동구 장항동 869,verified,false,
베베,경기 고양시 일산동구 무궁화로 31-17,37.663236,126.766951,1312025767,https://map.naver.com/p/entry/place/1312025767,37.6633586,126.7670066,high,베베,경기 고양시 일산동구 무궁화로 31-17 1층 102~105호 경기 고양시 일산동구 장항동 735,verified,false,
고양관광정보센터,경기 고양시 일산동구 중앙로 1271-1,37.659487,126.772699,1078496267,https://map.naver.com/p/entry/place/1078496267,37.659555,126.7728171,high,고양관광정보센터,경기 고양시 일산동구 중앙로 1271-1 고양관광정보센터 경기 고양시 일산동구 장항동 845,verified,false,
중앙로 육교,경기 고양시 일산동구 중앙로 1271-1,37.659487,126.772699,,,,,failed,,,not_matched,false,
무봉리토종순대국 일산라페스타점,경기 고양시 일산동구 무궁화로 20-38,37.660339,126.767749,31083293,https://map.naver.com/p/entry/place/31083293,37.6600606,126.7674432,high,무봉리토종순대국 일산라페스타점,경기 고양시 일산동구 무궁화로 20-38 경기 고양시 일산동구 장항동 757,verified,false,
카페앤,경기 고양시 일산동구 무궁화로 25-3,37.662459,126.766939,1884108421,https://map.naver.com/p/entry/place/1884108421,37.6623924,126.7670483,high,카페앤,경기 고양시 일산동구 무궁화로 25-3 1층 카페앤 경기 고양시 일산동구 장항동 741-3,verified,false,
무궁화로,경기 고양시 일산동구 무궁화로 11,37.661898,126.765754,20973429,https://map.naver.com/p/entry/place/20973429,37.6715184,126.7826346,mid,무궁화로,경기 고양시 일산동구 정발산동,verified,false,
청담한식 식사점,경기 고양시 일산동구 무궁화로 370,37.677235,126.800610,1066752508,https://map.naver.com/p/entry/place/1066752508,37.677244,126.8006104,high,청담한식 식사점,"경기 고양시 일산동구 무궁화로 370 1, 2층 경기 고양시 일산동구 식사동 832-7",verified,false,
주인,경기 고양시 일산동구 중앙로 1123,37.647146,126.781429,1392897489,https://map.naver.com/p/entry/place/1392897489,37.6477268,126.7813346,high,주인,"경기 고양시 일산동구 중앙로 1123 상가동 127,128호 주인 경기 고양시 일산동구 백석동 1351",verified,false,
고양시청로,경기 고양시 덕양구 고양시청로 18,37.657612,126.831714,,,,,failed,,,not_matched,false,
힐스테이트 라피아노 삼송,경기 고양시 덕양구 오금로 193,37.662944,126.915576,1978240352,https://map.naver.com/p/entry/place/1978240352,37.6635027,126.9166311,high,힐스테이트라피아노삼송1단지1블록아파트,경기 고양시 덕양구 오금로 193 경기 고양시 덕양구 오금동 648,verified,false,
강마루,경기 고양시 덕양구 행주산성로 99,37.600058,126.820607,19866733,https://map.naver.com/p/entry/place/19866733,37.600072,126.8207886,high,강마루,경기 고양시 덕양구 행주산성로 99 강마루 경기 고양시 덕양구 행주외동 103,verified,false,
옛날국밥&갈비한판,경기 고양시 덕양구 지도로49번길 7-21,37.620948,126.823098,38509860,https://map.naver.com/p/entry/place/38509860,37.6209398,126.8230906,high,옛날국밥&갈비한판,경기 고양시 덕양구 지도로49번길 7-21 경기 고양시 덕양구 토당동 386-4,verified,false,
한국항공대학교,경기 고양시 덕양구 항공대학로 76,37.599016,126.864173,11591665,https://map.naver.com/p/entry/place/11591665,37.5997399,126.8644887,high,한국항공대학교,경기 고양시 덕양구 항공대학로 76 경기 고양시 덕양구 현천동 188-8,verified,false,
구해줘 부동산,경기 고양시 덕양구 청초로 10,37.580692,126.857160,1796383030,https://map.naver.com/p/entry/place/1796383030,37.5802382,126.8581272,high,구해줘 부동산중개,경기 고양시 덕양구 청초로 10 지엘메트로시티한강 1층 DD123 경기 고양시 덕양구 덕은동 692,verified,false,
부환복집,경기 김포시 양촌읍 누산로 12,37.664106,126.660378,11678604,https://map.naver.com/p/entry/place/11678604,37.6636658,126.6607563,high,부환복집,경기 김포시 양촌읍 누산로 12 부환복집 경기 김포시 양촌읍 누산리 211,verified,false,
무궁화공원묘원,경기 양평군 서종면 도장리 산26,37.616848,127.390967,666515786,https://map.naver.com/p/entry/place/666515786,37.6174542,127.3905927,high,무궁화공원묘원,경기 양평군 서종면 도장리 산26,verified,false,
라센트라,경기 용인시 처인구 이동읍 기흥단지로 579-1,37.221219,127.151722,1953972467,https://map.naver.com/p/entry/place/1953972467,37.2245931,127.1562279,mid,라센트라,경기 용인시 처인구 이동읍 기흥단지로 579 경기 용인시 처인구 이동읍 서리 784-7,verified,false,
블루포트 장안대학교점,경기 화성시 효행구 봉담읍 삼천병마로 1182,37.213287,126.944482,1122795491,https://map.naver.com/p/entry/place/1122795491,37.2137032,126.948035,mid,블루포트 장안대학교점,경기 화성시 효행구 봉담읍 경기 화성시 효행구 봉담읍 상리,verified,false,
운보의집,충북 청주시 청원구 내수읍 형동2길 92-41,36.691933,127.565063,11797270,https://map.naver.com/p/entry/place/11797270,36.6921914,127.565099,high,운보의 집,충북 청주시 청원구 내수읍 형동2길 92-41 충북 청주시 청원구 내수읍 형동리 393-1,verified,false,
선문대학교 아산캠퍼스,충남 아산시 탕정면 선문로221번길 70,36.801040,127.075732,17556832,https://map.naver.com/p/entry/place/17556832,36.8003098,127.0748796,high,선문대학교 아산캠퍼스본관,충남 아산시 탕정면 선문로221번길 70 충남 아산시 탕정면 갈산리 100,verified,false,
선문대학교 천안캠퍼스,충남 천안시 동남구 천안대로 277,36.774793,127.163598,11617708,https://map.naver.com/p/entry/place/11617708,36.7723629,127.1640866,high,선문대학교 천안캠퍼스,충남 천안시 동남구 천안대로 277 선문대학교천안캠퍼스 충남 천안시 동남구 삼룡동 381-7,verified,false,
천안시청,충남 천안시 서북구 번영로 156,36.816130,127.113047,11627797,https://map.naver.com/p/entry/place/11627797,36.8150268,127.1138062,high,천안시청,충남 천안시 서북구 번영로 156 천안시청 충남 천안시 서북구 불당동 234-1,verified,false,
망양로689번길,부산 동구 망양로689번길 3,35.127308,129.040694,,,,,failed,,,not_matched,false,
앰배서더 서울 풀만,서울 중구 동호로 287,37.560599,127.002136,1786001796,https://map.naver.com/p/entry/place/1786001796,37.5602516,127.0022372,high,앰배서더 서울 풀만 호텔,서울 중구 동호로 287 앰배서더 서울 풀만 호텔 서울 중구 장충동2가 186-54,verified,false,
1955 그로서리아,서울 중구 동호로 287,37.560599,127.002136,1216812929,https://map.naver.com/p/entry/place/1216812929,37.5602762,127.0023153,mid,앰배서더 서울 풀만 호텔 1955 그로서리아,서울 중구 동호로 287 앰배서더 서울 풀만 호텔 1층 서울 중구 장충동2가 186-54,verified,false,
운경고택,서울 종로구 인왕산로 7,37.574873,126.966336,1481885338,https://map.naver.com/p/entry/place/1481885338,37.5750499,126.9668068,high,운경고택,서울 종로구 인왕산로 7 운경고택 서울 종로구 사직동 1-57,verified,false,
벽초지수목원,경기 파주시 광탄면 부흥로 242,37.801426,126.874055,11631797,https://map.naver.com/p/entry/place/11631797,37.8005109,126.8754409,high,벽초지수목원,경기 파주시 광탄면 부흥로 242 경기 파주시 광탄면 창만리 1353,verified,false,
쁘띠프랑스,경기 가평군 청평면 호반로 1063,37.715028,127.490720,12913212,https://map.naver.com/p/entry/place/12913212,37.715629,127.49058,high,쁘띠프랑스,경기 가평군 청평면 호반로 1063 경기 가평군 청평면 고성리 616-2,verified,false,
문경새재 오픈세트장,경북 문경시 문경읍 새재로 1037,36.770713,128.073952,37844946,https://map.naver.com/p/entry/place/37844946,36.7714697,128.0740046,high,문경새재 오픈세트장,경북 문경시 문경읍 상초리 84-2,verified,false,
고산정 나루터,경북 안동시 도산면 가송리 901,36.770887,128.890758,,,,,failed,,,not_matched,false,
오봉산 마당바위,경북 경주시 서면 천촌리 산 56,35.852592,129.048088,,,,,failed,,,not_matched,false,
봉원고가차도,서울 서대문구 대신동 143-14,37.564091,126.945045,18745267,https://map.naver.com/p/entry/place/18745267,37.5660459,126.9465074,high,봉원고가차도,서울 서대문구 대신동,verified,false,
"여의동로(여의도중,고등학교쪽)",서울 영등포구 여의도동 8-1,37.531167,126.924232,,,,,failed,,,not_matched,false,
한양아파트 E동쪽,서울 영등포구 여의도동 4-2,37.520982,126.931782,,,,,failed,,,not_matched,false,
현대타운빌라10동,서울 구로구 오류로 62-15,37.489455,126.841347,1108815327,https://map.naver.com/p/entry/place/1108815327,37.5463833,126.9196,low,현대타운10동,서울 마포구 당인동,verified,false,
소월로,서울 용산구 용산동2가 1-1237,37.546252,126.986290,,,,,failed,,,not_matched,false,
장문로49길,서울 용산구 장문로49길 75,37.530188,127.003948,,,,,failed,,,not_matched,false,
한남동,서울 서대문구 연희동,37.573910,126.935231,15604093,https://map.naver.com/p/entry/place/15604093,35.442301,127.74415,low,한남동,경남 함양군 휴천면 남호리,verified,false,
염천교수제화거리,서울 중구 칠패로 10-1,37.559281,126.969915,,,,,failed,,,not_matched,false,
상오빌딩,서울 중구 퇴계로41길 29,37.563080,126.995476,18695074,https://map.naver.com/p/entry/place/18695074,37.5630515,126.995448,high,상오빌딩,서울 중구 퇴계로41길 29 서울 중구 인현동2가 183-9,verified,false,
효자로,서울 종로구 창성동 6,37.581341,126.973600,,,,,failed,,,not_matched,false,
창덕궁1길,서울 종로구 계동 140-6,37.579420,126.988001,,,,,failed,,,not_matched,false,
아지오(폐업),서울 종로구 인사동11길 23,37.573678,126.983428,,,,,failed,,,precheck:closed_place_name,false,
삼양로173길,서울 강북구 삼양로173길 38,37.662708,127.010388,,,,,failed,,,not_matched,false,
삼양로173길(2),서울 강북구 삼양로173길 55,37.662054,127.009458,,,,,failed,,,not_matched,false,
송현공원로,인천 제물포구 송현동 22-127,37.479069,126.642107,,,,,failed,,,not_matched,false,
우현로67번길,인천 제물포구 우현로67번길 19,37.474073,126.629138,,,,,failed,,,not_matched,false,
현대맨션4동,경기 안양시 동안구 관악대로287번길 114,37.408261,126.956059,1829063013,https://map.naver.com/p/entry/place/1829063013,37.4077335,126.9552758,high,관양동현대맨션4동,경기 안양시 동안구 관악대로287번길 114 경기 안양시 동안구 관양동 1395,verified,false,
우만주공4단지아파트,경기 수원시 팔달구 창룡대로 194,37.291777,127.029780,19209853,https://map.naver.com/p/entry/place/19209853,37.2917378,127.0303529,high,우만주공4단지아파트,경기 수원시 팔달구 창룡대로 194 경기 수원시 팔달구 우만동 300,verified,false,
서원대학교 다정관기숙사,충북 청주시 서원구 모충동 산44-7,36.624745,127.480404,17778319,https://map.naver.com/p/entry/place/17778319,36.6250165,127.4802077,high,서원대학교다정관기숙사,충북 청주시 서원구 무심서로 377-3 충북 청주시 서원구 모충동 231,verified,false,
서산동부시장,충남 서산시 시장3길 7-6,36.782606,126.455815,13346519,https://map.naver.com/p/entry/place/13346519,36.7823722,126.455736,mid,서산동부전통시장,충남 서산시 시장3길 7-2 충남 서산시 동문동 900-1,verified,false,
연무고등학교,충남 논산시 연무읍 동안로887번길 5,36.135365,127.104633,12047579,https://map.naver.com/p/entry/place/12047579,36.1345851,127.1042001,high,연무고등학교,충남 논산시 연무읍 동안로887번길 5 연무고등학교 충남 논산시 연무읍 동산리 879,verified,false,
빈해원,전북 군산시 동령길 57,35.988867,126.713944,19985662,https://map.naver.com/p/entry/place/19985662,35.9889339,126.7138796,high,빈해원,전북 군산시 동령길 57 전북 군산시 장미동 21-5,verified,false,
수정약국앞,전북 군산시 대학로 10,35.988759,126.712603,,,,,failed,,,not_matched,false,
성일설비사앞,전북 군산시 대학로 11-1,35.988426,126.712821,,,,,failed,,,not_matched,false,
민방위대피소앞 정류소,전북 군산시 중앙로1가 25-10,35.987593,126.712072,,,,,failed,,,not_matched,false,
전북대학교병원,전북 전주시 덕진구 건지로 20,35.847966,127.141060,11663381,https://map.naver.com/p/entry/place/11663381,35.8470973,127.1411625,high,전북대학교병원,전북 전주시 덕진구 건지로 20 전북 전주시 덕진구 금암동 634-18,verified,false,
흥국생명 정류장,전북 전주시 덕진구 팔달로 299,35.828217,127.141720,,,,,failed,,,not_matched,false,
흥국금융가족빌딩,전북 전주시 완산구 팔달로 295,35.827926,127.142074,32668783,https://map.naver.com/p/entry/place/32668783,35.984553,126.716075,low,흥국금융가족빌딩,전북 군산시 중앙로 124 전북 군산시 중앙로2가 14,verified,false,
굿모닝정형외과앞,전북 전주시 완산구 팔달로 291,35.827560,127.142316,,,,,failed,,,not_matched,false,
봉구스밥버거앞,전북 전주시 완산구 경원동3가 65-4,35.819194,127.146669,,,,,failed,,,not_matched,false,
충경로,전북 전주시 완산구 충경로 65,35.818910,127.146531,,,,,failed,,,not_matched,false,
팔달로 예술회관 정류장,전북 전주시 완산구 팔달로 163,35.817346,127.146929,,,,,failed,,,not_matched,false,
팔달로(1),전북 전주시 완산구 팔달로 147-2,35.815676,127.147663,,,,,failed,,,not_matched,false,
팔달로(2),전북 전주시 완산구 팔달로 140,35.814987,127.148420,,,,,failed,,,not_matched,false,
칠보중학교,전북 정읍시 칠보면 검단1길 53,35.613028,126.993360,12042973,https://map.naver.com/p/entry/place/12042973,35.6129723,126.9939351,high,칠보중학교,전북 정읍시 칠보면 검단1길 53 전북 정읍시 칠보면 와우리 711-1,verified,false,
대성고등학교(폐교),전북 고창군 대산면 고산성로 17,35.338636,126.602297,21724214,https://map.naver.com/p/entry/place/21724214,35.3386226,126.6022667,high,대성고등학교(폐교),전북 고창군 대산면 고산성로 17 전북 고창군 대산면 매산리 1157-1,verified,false,
전남대학교,전남광주통합특별시 북구 용봉로 77,35.173918,126.911235,11591626,https://map.naver.com/p/entry/place/11591626,35.1778193,126.9080453,mid,전남대학교 광주캠퍼스,전남광주 북구 용봉로 77 전남광주 북구 용봉동 300,verified,false,
광주극장,전남광주통합특별시 동구 충장로5가 62-2,35.150479,126.912433,11830496,https://map.naver.com/p/entry/place/11830496,35.1498538,126.9123795,mid,광주극장,전남광주 동구 충장로46번길 10 광주극장 전남광주 동구 충장로5가 62-9,verified,false,
벌교버스공용터미널,전남광주통합특별시 보성군 벌교읍 조정래길 2-8,34.848261,127.351101,11566579,https://map.naver.com/p/entry/place/11566579,34.8482606,127.3507709,mid,벌교공용버스터미널,전남광주 보성군 벌교읍 조정래길 2-8 전남광주 보성군 벌교읍 회정리 432,verified,false,
장환마을,전남광주통합특별시 장흥군 관산읍 고마장환길 542,34.568162,127.005139,17038600,https://map.naver.com/p/entry/place/17038600,34.5658387,126.9990282,mid,장환마을회관,전남광주 장흥군 관산읍 고마장환길 446 전남광주 장흥군 관산읍 고마리 934-2,verified,false,
청심국제해양청소년수련원,전남광주통합특별시 여수시 화양면 장수로 183-5,34.645598,127.610366,1564589819,https://map.naver.com/p/entry/place/1564589819,34.6455954,127.6103666,high,청심국제해양청소년수련원,전남광주 여수시 화양면 장수로 183-5 청심국제해양청소년수련원 전남광주 여수시 화양면 장수리 1484,verified,false,
주교좌계산대성당,대구 중구 서성로 10,35.873323,128.587063,12197472,https://map.naver.com/p/entry/place/12197472,35.8679331,128.5878604,mid,천주교대구대교구 주교좌계산대성당,대구 중구 서성로 10 대구 중구 계산동2가 71-1,verified,false,
호민저수지,경북 안동시 풍천면 가곡리 964,36.565548,128.513834,37784280,https://map.naver.com/p/entry/place/37784280,36.5658734,128.510969,high,호민저수지,경북 안동시 풍천면 갈전리,verified,false,
중앙미용실,경북 안동시 일직면 중앙통길 10,36.475061,128.659795,15054670,https://map.naver.com/p/entry/place/15054670,37.8895992,127.725306,low,중앙미용실,강원 춘천시 소양로 184-1 강원 춘천시 소양로1가 95-10,verified,false,
가실성당,경북 칠곡군 왜관읍 가실1길 1,35.936619,128.405353,13144504,https://map.naver.com/p/entry/place/13144504,35.936765,128.4051858,high,가실성당,경북 칠곡군 왜관읍 가실1길 1 경북 칠곡군 왜관읍 낙산리 615,verified,false,
운문사,경북 청도군 운문면 운문사길 264,35.661720,128.960380,12758643,https://map.naver.com/p/entry/place/12758643,35.6615105,128.9603953,high,운문사,경북 청도군 운문면 운문사길 264 운문사 경북 청도군 운문면 신원리 1789,verified,false,
성남이로46번길,부산 동구 성남이로46번길 10-2,35.133346,129.057258,,,,,failed,,,not_matched,false,
제주해양경찰서,제주 제주시 임항로 154,33.519981,126.540243,11637786,https://map.naver.com/p/entry/place/11637786,33.5201154,126.5402492,high,제주해양경찰서,제주 제주시 임항로 154 제주해양경찰서 제주 제주시 건입동 908,verified,false,
제주목 관아,제주 제주시 관덕로 25,33.514002,126.521804,13345161,https://map.naver.com/p/entry/place/13345161,33.5140021,126.5218052,high,제주목 관아,제주 제주시 관덕로 25 제주 제주시 삼도이동 1045-1,verified,false,
제주지방법원,제주 제주시 남광북5길 3,33.494096,126.535622,11548156,https://map.naver.com/p/entry/place/11548156,33.4942365,126.5355238,high,제주지방법원,제주 제주시 남광북5길 3 제주 제주시 이도이동 950-1,verified,false,
제원3차아파트,제주 제주시 신광로6길 38,33.488135,126.486299,17012078,https://map.naver.com/p/entry/place/17012078,33.4881277,126.4860126,high,제원3차아파트,제주 제주시 신광로6길 38 제주 제주시 연동 251-38,verified,false,
오라동메밀밭,제주 제주시 오라이동 산76,33.427159,126.505784,1661243752,https://map.naver.com/p/entry/place/1661243752,33.4269449,126.5057071,high,오라동메밀밭,제주 제주시 오라이동 산76,verified,false,
광령리(추정),제주 제주시 애월읍 광령리 산 173-2,33.410986,126.444048,,,,,failed,,,not_matched,false,
한림수협위판장,제주 제주시 한림읍 한림해안로 141-4,33.416118,126.261498,32028178,https://map.naver.com/p/entry/place/32028178,33.415967,126.25993,high,한림수협위판장,제주 제주시 한림읍 한림해안로 141-11 제주 제주시 한림읍 한림리 1328-61,verified,false,
한림항,제주 제주시 한림읍 한림해안로 149-1,33.416241,126.262106,17020008,https://map.naver.com/p/entry/place/17020008,33.4162299,126.2629427,high,한림항교,제주 제주시 한림읍 한림리,verified,false,
제주한림주공아파트,제주 제주시 한림읍 대림4길 20,33.418943,126.265916,16858907,https://map.naver.com/p/entry/place/16858907,33.4196638,126.2661524,high,제주한림주공아파트관리사무소,제주 제주시 한림읍 대림4길 20 제주 제주시 한림읍 대림리 1885,verified,false,
해녀박물관,제주 제주시 구좌읍 해녀박물관길 26,33.523610,126.863426,17031391,https://map.naver.com/p/entry/place/17031391,33.5228299,126.8625934,high,해녀박물관길,제주 제주시 구좌읍 상도리,verified,false,
해맞이해안로(토끼섬입구쪽),제주 제주시 구좌읍 하도리 385-12,33.522083,126.898861,,,,,failed,,,not_matched,false,
성산일출봉,제주 서귀포시 성산읍 성산리 78,33.459165,126.939440,11491438,https://map.naver.com/p/entry/place/11491438,33.4588827,126.9408234,high,성산일출봉,제주 서귀포시 성산읍 성산리 1,verified,false,
서귀포칼호텔,제주 서귀포시 칠십리로 242,33.244325,126.580794,11611026,https://map.naver.com/p/entry/place/11611026,33.246501,126.58175,high,서귀포칼호텔,제주 서귀포시 칠십리로 242 제주 서귀포시 토평동 486-3,verified,false,
칠십리로,제주 서귀포시 보목동 1236-8,33.244202,126.594173,,,,,failed,,,not_matched,false,
현대맨션1차 105동,제주 서귀포시 신서귀로 10,33.249431,126.511773,1178456794,https://map.naver.com/p/entry/place/1178456794,33.2493788,126.5113803,mid,서호현대1차맨션105동,제주 서귀포시 법환동,verified,false,
바람부는언덕,제주 서귀포시 대정읍 최남단해안로 548-98,33.198275,126.294070,1313349505,https://map.naver.com/p/entry/place/1313349505,33.1982757,126.2940796,high,바람부는언덕,제주 서귀포시 대정읍 최남단해안로 548-98 제주 서귀포시 대정읍 상모리 239,verified,false,
데이터복구연구소,서울 강남구 언주로133길 28,37.516118,127.032732,1367658916,https://map.naver.com/p/entry/place/1367658916,37.4121284,127.1336254,low,데이터복구연구소,경기 성남시 분당구 매화로 51 경기 성남시 분당구 야탑동 382-3,verified,false,
NC백화점,서울 강서구 등촌동 689,37.559963,126.840350,18926668,https://map.naver.com/p/entry/place/18926668,37.5599572,126.8405062,mid,NC백화점 강서점,서울 강서구 강서로56길 17 NC백화점 강서점 서울 강서구 등촌동 689,verified,false,
하계2치안센터,서울 노원구 공릉로55길 96,37.631944,127.067548,37215787,https://map.naver.com/p/entry/place/37215787,37.6319697,127.0675308,high,하계2치안센터,서울 노원구 공릉로55길 96 서울 노원구 하계동 273-1,verified,false,
서울노원경찰서,서울 노원구 노원로 283,37.641975,127.070799,11642480,https://map.naver.com/p/entry/place/11642480,37.6423349,127.0714083,high,서울노원경찰서,서울 노원구 노원로 283 노원경찰서 서울 노원구 하계동 250,verified,false,
인덕대학앞,서울 노원구 월계동 648,37.631086,127.055057,,,,,failed,,,not_matched,false,
동작대교전망대앞,서울 동작구 동작대로 335,37.506037,126.980046,,,,,failed,,,not_matched,false,
성산동집,서울 마포구 동교로23길 102,37.559887,126.917756,11606946,https://map.naver.com/p/entry/place/11606946,37.565664,126.9099587,mid,성산동 칼국수집,서울 마포구 모래내로 63 성산동 칼국수집 서울 마포구 성산동 200-204 칼국수집,verified,false,
새누리어린이공원,서울 마포구 상암동 1619,37.575495,126.898151,18809453,https://map.naver.com/p/entry/place/18809453,37.5755333,126.8982,high,새누리어린이공원,서울 마포구 상암동,verified,false,
JTBC,서울 마포구 상암동 1651,37.577028,126.890088,31040949,https://map.naver.com/p/entry/place/31040949,37.576614,126.8896932,high,JTBC,서울 마포구 상암산로 38 서울 마포구 상암동 1650,verified,false,
YTN&CJ사이,서울 마포구 상암산로 66,37.578396,126.891522,,,,,failed,,,not_matched,false,
MBC앞,서울 마포구 성암로 267,37.581123,126.890989,,,,,failed,,,not_matched,false,
중앙공인중개사사무소,서울 마포구 양화로7길 20,37.551768,126.914878,2045231240,https://map.naver.com/p/entry/place/2045231240,37.5539425,126.913352,mid,중앙공인중개사사무소,서울 마포구 동교로12안길 16 1층 서울 마포구 서교동 484-3,verified,false,
카나,서울 마포구 토정로 303,37.540615,126.942836,37683307,https://map.naver.com/p/entry/place/37683307,37.4822943,127.0383766,low,카나,서울 서초구 남부순환로356길 62 서울 서초구 양재동 10-58,verified,false,
힐하우스,서울 서대문구 북아현로22마길 47,37.565189,126.956408,1746186121,https://map.naver.com/p/entry/place/1746186121,37.5651891,126.9564076,high,힐하우스,서울 서대문구 북아현로22마길 47 서울 서대문구 북아현동 1-324,verified,false,
해담는다리,서울 서대문구 불광천길 159,37.582332,126.909083,18759291,https://map.naver.com/p/entry/place/18759291,37.5824085,126.9087506,mid,해담는다리,서울 서대문구 북가좌동,verified,false,
연희주택,서울 서대문구 연희동 541-16,37.569514,126.920189,18750424,https://map.naver.com/p/entry/place/18750424,37.569107,126.919598,high,연희주택,서울 서대문구 홍제천로 16-40 서울 서대문구 연희동 541-40,verified,false,
첼시하우스,서울 서대문구 증가로2길 39,37.572638,126.929337,1783554474,https://map.naver.com/p/entry/place/1783554474,37.5726769,126.9293621,high,첼시하우스,서울 서대문구 증가로2길 39 서울 서대문구 연희동 103-3,verified,false,
연희하이츠빌라,서울 서대문구 증가로2길 56-56,37.573487,126.930736,18749861,https://map.naver.com/p/entry/place/18749861,37.5734999,126.9307884,high,연희하이츠빌라,서울 서대문구 증가로2길 56-56 서울 서대문구 연희동 200-49,verified,false,
만물슈퍼옆,서울 서대문구 홍제천로2길 54-4,,,,,,,failed,,,not_matched,false,
원진성형외과,서울 서초구 강남대로 419,37.499801,127.026211,11887873,https://map.naver.com/p/entry/place/11887873,37.4998653,127.0262161,high,원진성형외과의원,서울 서초구 강남대로 419 파고다빌딩 17F 서울 서초구 서초동 1306-6,verified,false,
오목공원,서울 양천구 목동서로 159-2,37.527588,126.873640,13542584,https://map.naver.com/p/entry/place/13542584,37.5277914,126.8732897,high,오목공원,서울 양천구 목동서로 159-2 서울 양천구 목동 921,verified,false,
KDB산업은행앞,서울 영등포구 여의도동 1-6,37.527392,126.918559,,,,,failed,,,not_matched,false,
이마트여의도점앞,서울 영등포구 여의도동 47,37.518172,126.926054,,,,,failed,,,not_matched,false,
산호아파트C동,서울 용산구 원효로 64,37.532797,126.950924,1368883722,https://map.naver.com/p/entry/place/1368883722,37.5331389,126.9491752,low,산호아파트C동,서울 용산구 원효로4가,mismatch,true,address_mismatch
단군성전앞,서울 종로구 인왕산로 22,37.576099,126.965730,,,,,failed,,,not_matched,false,
신세계백화점,서울 중구 소공로 63,37.560919,126.980979,1105054687,https://map.naver.com/p/entry/place/1105054687,37.5609695,126.9811547,mid,신세계백화점 본점본관,서울 중구 소공로 63 서울 중구 충무로1가 52-5,verified,false,
서울식당,서울 강서구 마곡중앙6로 66,37.559915,126.834361,1073865760,https://map.naver.com/p/entry/place/1073865760,37.5148693,126.9368431,low,서울식당,서울 동작구 노량진동 13-6,verified,false,
커피베이,서울 금천구 벚꽃로 254,37.477763,126.885493,36250831,https://map.naver.com/p/entry/place/36250831,37.5839845,126.9113189,low,커피베이 증가점,서울 서대문구 증가로 262 서울 서대문구 북가좌동 342-13,verified,false,
구룡근린공원,서울 마포구 상암동 1583,37.583023,126.883694,18808116,https://map.naver.com/p/entry/place/18808116,37.5829426,126.8835424,high,구룡근린공원,서울 마포구 월드컵북로 456 서울 마포구 상암동 1583,verified,false,
어기어차,서울 마포구 월드컵북로 351,37.576540,126.892930,,,,,failed,,,not_matched,false,
서울책보고,서울 송파구 신천동 14,37.522392,127.102982,1236619811,https://map.naver.com/p/entry/place/1236619811,37.522188,127.1037921,high,서울책보고,서울 송파구 오금로 1 서울책보고 서울 송파구 신천동 14,verified,false,
잠실롯데백화점,서울 송파구 올림픽로 300,37.513713,127.104302,1816452175,https://map.naver.com/p/entry/place/1816452175,37.5121487,127.0993579,mid,마끼에 잠실롯데백화점,서울 송파구 올림픽로 240 롯데백화점잠실점 9층 서울 송파구 잠실동 40-1,verified,false,
마포대교,서울 영등포구 여의도동 84-10,37.529902,126.932221,18999832,https://map.naver.com/p/entry/place/18999832,37.5340684,126.9375033,mid,마포대교,서울 영등포구 여의도동,verified,false,
피자알볼로 문래직영점,서울 영등포구 영등포로12길 3,,,32754434,https://map.naver.com/p/entry/place/32754434,37.5164202,126.8866101,mid,피자알볼로 문래점,서울 영등포구 선유로3길 10 하우스디비즈 101호 서울 영등포구 문래동5가 10,verified,false,
버틀러스테이블,서울 용산구 백범로87길 48-1,37.539351,126.969309,,,,,failed,,,not_matched,false,
호텔세느장,서울 종로구 돈화문로11길 28-5,37.572818,126.989821,,,,,failed,,,not_matched,false,
이음더플레이스,서울 종로구 북촌로11나길 21,37.582015,126.982402,1139777754,https://map.naver.com/p/entry/place/1139777754,37.5819372,126.9822469,mid,이음 더 플레이스,서울 종로구 북촌로5나길 30 서울 종로구 삼청동 35-231,verified,false,
코리아게스트하우스(복정우물),서울 종로구 삼청로4길 12-1,37.582135,126.982030,,,,,failed,,,not_matched,false,
커피인뜨락,서울 종로구 삼청로5길 11,37.582525,126.981119,,,,,failed,,,not_matched,false,
안국역4번출구,서울 종로구 율곡로 64,37.576863,126.986907,,,,,failed,,,not_matched,false,
창화당 대학로점,서울 종로구 창경궁로26길 39,37.582009,126.999790,,,,,failed,,,not_matched,false,
골목구석,서울 종로구 팔판동 118,37.583120,126.980435,1018779391,https://map.naver.com/p/entry/place/1018779391,37.1640422,127.3112014,low,골목집,경기 용인시 처인구 원삼면 문촌로1번길 7 1층 경기 용인시 처인구 원삼면 고당리 33-10,verified,false,
정독도서관앞,서울 종로구 화동 2,37.580782,126.982757,,,,,failed,,,not_matched,false,
광희문,서울 중구 광희동2가 106,37.564264,127.009895,19796534,https://map.naver.com/p/entry/place/19796534,37.5643526,127.0100059,mid,광희문,서울 중구 광희동2가,verified,false,
혜민당,서울 중구 삼일대로12길 16-9,37.566478,126.988611,86196000,https://map.naver.com/p/entry/place/86196000,37.5664739,126.9886056,high,혜민당,서울 중구 삼일대로12길 16-9 서울 중구 을지로2가 101-37,verified,false,
서브웨이,서울 중구 새문안로 30,37.567824,126.969106,1463413439,https://map.naver.com/p/entry/place/1463413439,37.5678208,126.9690223,low,써브웨이 정동점,서울 중구 새문안로 30 서울 중구 충정로1가 51-7,verified,false,
오렌지힐,서울 강남구 대치동 903-30,37.503166,127.058187,1361146178,https://map.naver.com/p/entry/place/1361146178,37.4160507,126.9942527,low,오렌지힐,경기 과천시 구리안로 83 경기 과천시 문원동 488-4,verified,false,
달링(the fab),서울 강남구 언주로126길 25,37.513964,127.037541,,,,,failed,,,not_matched,false,
제이큐브빌딩,서울 강남구 학동로44길 29,37.513798,127.037857,18778844,https://map.naver.com/p/entry/place/18778844,37.4809188,127.0116758,low,제이큐브빌딩,서울 서초구 남부순환로319길 14 서울 서초구 서초동 1464-10,verified,false,
롯데시네마,서울 광진구 자양동 227-7,37.537803,127.072632,12248169,https://map.naver.com/p/entry/place/12248169,37.5387525,127.0725003,mid,롯데시네마 건대입구점,서울 광진구 아차산로 272 더샵스타시티 서울 광진구 자양동 227-7,verified,false,
장수갈매기,서울 마포구 도화동 182-11,37.541664,126.950707,11824283,https://map.naver.com/p/entry/place/11824283,37.5417388,126.9507161,mid,장수갈매기 본점,서울 마포구 도화길 46 서울 마포구 도화동 182-11,verified,false,
누리꿈스퀘어.MBC,서울 마포구 상암동 1605,37.579406,126.890419,,,,,failed,,,not_matched,false,
누리꿈스퀘어 서쪽,서울 마포구 상암동 1605,37.579406,126.890419,,,,,failed,,,not_matched,false,
patternETHIOPIA,서울 마포구 서교동 325-16,37.555145,126.930608,,,,,failed,,,not_matched,false,
CU 서교로점,서울 마포구 서교동 446-42,37.555891,126.919114,18350141,https://map.naver.com/p/entry/place/18350141,37.5557714,126.919244,high,CU 서교로점,서울 마포구 동교로 157 (서교동) 1층 서울 마포구 서교동 446-42 1층,verified,false,
상암중고등학교입구버정,서울 마포구 월드컵북로 424,37.581095,126.886871,,,,,failed,,,not_matched,false,
동진아파트,서울 서대문구 연희동 141-34,37.577503,126.936699,18912199,https://map.naver.com/p/entry/place/18912199,37.5950237,127.0362,low,동진아파트,서울 성북구 종암로 54 서울 성북구 종암동 10-178,verified,false,
보라매공원,서울 동작구 여의대방로20길33,37.494892,126.919491,21251978,https://map.naver.com/p/entry/place/21251978,37.4943071,126.9200434,mid,보라매공원에어파크,서울 동작구 신대방동,verified,false,
성심한의원,서울 마포구 숭문길 182,37.554523,126.946655,19516933,https://map.naver.com/p/entry/place/19516933,37.55451,126.946611,high,성심한의원,서울 마포구 숭문길 182 서울 마포구 염리동 10-132,verified,false,
금성하이츠빌라,서울 용산구 두텁바위로 102,37.547961,126.982606,18712744,https://map.naver.com/p/entry/place/18712744,37.5479666,126.982575,high,금성하이츠빌라,서울 용산구 두텁바위로 102 서울 용산구 후암동 402-3,verified,false,
후암동 플레이트B/영주교회,서울 용산구 두텁바위로 89,37.547247,126.981534,,,,,failed,,,not_matched,false,
다리밑,서울 용산구 두텁바위로58길 2,37.549758,126.981889,1812801365,https://map.naver.com/p/entry/place/1812801365,37.3017108,126.8581867,low,다리밑깡통집,경기 안산시 상록구 용신로 328 경기 안산시 상록구 사동 1247-1,verified,false,
선린인터넷고교,서울 용산구 청파동3가 131-2,37.542531,126.966705,12112180,https://map.naver.com/p/entry/place/12112180,37.5428137,126.9670559,mid,선린인터넷고등학교,서울 용산구 원효로97길 33-4 서울 용산구 청파동3가 131-2,verified,false,
포맨인테리어,서울 용산구 한강대로 347,37.549386,126.971472,1211909108,https://map.naver.com/p/entry/place/1211909108,37.5493856,126.971472,high,포맨인테리어,서울 용산구 한강대로 347 서울 용산구 동자동 43-157,verified,false,
인더라인25,서울 용산구 한강대로 349-1,37.549475,126.971508,1953494037,https://map.naver.com/p/entry/place/1953494037,37.5494841,126.9715206,high,인더라인25,서울 용산구 한강대로 349-1 (동자동) 인더라인25 편의점 서울 용산구 동자동 43-153 인더라인25 편의점,verified,false,
우미우가,서울 용산구 한강대로104길 50,37.550312,126.974878,,,,,failed,,,not_matched,false,
다나약국,서울 용산구 후암동 105-69,37.549788,126.977277,19531040,https://map.naver.com/p/entry/place/19531040,37.5497916,126.9772875,high,다나약국,서울 용산구 후암로 43-2 1층 서울 용산구 후암동 105-69,verified,false,
이화벽화마을/이화동마을박물관,서울 종로구 낙산성곽서1길 12,37.577539,127.008128,,,,,failed,,,not_matched,false,
508샵,서울 종로구 낙산성곽서1길 15,37.577656,127.007989,36357912,https://map.naver.com/p/entry/place/36357912,37.5776678,127.0080402,low,508shop,서울 종로구 낙산성곽서1길 15 서울 종로구 이화동 9-86,verified,false,
낙산공원,서울 종로구 동숭동 산 2-32,37.580331,127.008107,13299765,https://map.naver.com/p/entry/place/13299765,37.5804769,127.0075869,high,낙산공원,서울 종로구 낙산길 41 서울 종로구 동숭동 산2-10,verified,false,
라비두스,서울 중구 필동3가 62-11,37.556603,126.996303,32982104,https://map.naver.com/p/entry/place/32982104,37.5567261,126.996335,mid,라비두스,서울 중구 필동로5길 7 서울 중구 필동3가 62-11,verified,false,
부천 까치울 부대(옛 61사단 177연대),경기도 부천시 오정구 작동,37.513291343602,126.815988741765,,,,,failed,,,not_matched,false,
부산 충무시설(광안동 지하벙커),부산광역시 수영구 광안동,35.1582894962252,129.109517930175,,,,,failed,,,not_matched,false,
영도구 영선미니아파트,부산광역시 영도구,35.0912398945932,129.06788880232,16740598,https://map.naver.com/p/entry/place/16740598,35.0793538,129.045985,mid,미니아파트,부산 영도구 향토길 14 부산 영도구 영선동4가 1578,verified,false,
사창리터미널,강원특별자치도 화천군 사내면 사창리,38.0759057789129,127.516290127639,1080501769,https://map.naver.com/p/entry/place/1080501769,38.0715448,127.5229309,mid,세븐일레븐 사창리터미널점,강원 화천군 사내면 사내로 10-13 강원 화천군 사내면 사창리 420-1,verified,false,
울산대학교,울산광역시 남구 대학로 93,35.54183711963,129.257425346502,11591612,https://map.naver.com/p/entry/place/11591612,35.5437482,129.2561333,high,울산대학교,울산 남구 대학로 93 울산대학교 울산 남구 무거동 665,verified,false,
청하공진시장,경상북도 포항시 북구 청하면 청하로200번길 6,36.1970562908719,129.339877192623,1381706551,https://map.naver.com/p/entry/place/1381706551,36.1970671,129.3397749,high,청하공진시장,경북 포항시 북구 청하면 청하로200번길 6 경북 포항시 북구 청하면 미남리 382-3,verified,false,
오윤카페(한낮에 커피 달밤에 맥주),경상북도 포항시 북구 청하면 청하로200번길 6,36.1970562908719,129.339877192623,,,,,failed,,,not_matched,false,
청호철물,경상북도 포항시 북구 청하면 청하로200번길 6,36.1970562908719,129.339877192623,1381680339,https://map.naver.com/p/entry/place/1381680339,35.1850503,128.2239629,low,청호종합철물,경남 진주시 진성면 동부로 1331 경남 진주시 진성면 상촌리 233,verified,false,
보라슈퍼,경상북도 포항시 북구 청하면 청하로200번길 6,36.1970562908719,129.339877192623,17546675,https://map.naver.com/p/entry/place/17546675,36.759866,127.019833,low,보라슈퍼,충남 아산시 온주길26번길 24 충남 아산시 읍내동 138-43,verified,false,
공진시장 오징어 동상,경상북도 포항시 북구 청하면 청하로200번길 6,36.1970562908719,129.339877192623,,,,,failed,,,not_matched,false,
윤치과(청진3리어민복지회관),경상북도 포항시 북구 청하면 청진리 청진3리어민복지회관,36.1705099890383,129.396975394872,,,,,failed,,,not_matched,false,
목은봉,,,,,,,,failed,,,not_matched,false,
이가리 닻 전망대,경상북도 포항시 북구 청하면 이가리,36.18319704275,129.378664301227,1994273574,https://map.naver.com/p/entry/place/1994273574,36.1878368,129.3790049,mid,이가리 닻 전망대,경북 포항시 북구 청하면 이가리 산67-3,verified,false,
카페1703,,,,1487945533,https://map.naver.com/p/entry/place/1487945533,36.2560233,129.3732978,mid,카페1703,경북 포항시 북구 송라면 동해대로 3290 경북 포항시 북구 송라면 지경리 299,verified,false,
구룡포항 언덕(전망 계단),,,,,,,,failed,,,not_matched,false,
구룡포공원(구룡 조형물),,,,,,,,failed,,,not_matched,false,
석병1리 방파제,,,,37825293,https://map.naver.com/p/entry/place/37825293,36.0122004,129.5790042,mid,석병1리방파제,경북 포항시 남구 구룡포읍 석병리,verified,false,
청진리 마을회관,,,,15731746,https://map.naver.com/p/entry/place/15731746,36.1749846,129.3944125,mid,청진2리마을회관,경북 포항시 북구 청하면 해안로1922번길 22 경북 포항시 북구 청하면 청진리 262,verified,false,
구룡포해수욕장,,,,13490912,https://map.naver.com/p/entry/place/13490912,35.9972845,129.5663875,mid,구룡포해수욕장,경북 포항시 남구 구룡포읍,verified,false,
홍환해수욕장,,,,21656470,https://map.naver.com/p/entry/place/21656470,36.0236167,129.499575,mid,흥환간이해수욕장,경북 포항시 남구 동해면 흥환리,verified,false,
월포해수욕장,,,,13491120,https://map.naver.com/p/entry/place/13491120,36.2014936,129.3716299,mid,월포해수욕장,경북 포항시 북구 청하면 월포리,verified,false,
곤륜산 활공장,경상북도 포항시 북구 흥해읍 칠포리 914-5,36.1367168847819,129.386762727513,,,,,failed,,,not_matched,false,
포천 아트밸리,경기도 포천시 신북면 아트밸리로 234,37.9234466506997,127.236500949033,13221909,https://map.naver.com/p/entry/place/13221909,37.9232113,127.2372231,high,포천아트밸리,경기 포천시 신북면 아트밸리로 234 경기 포천시 신북면 기지리 282,verified,false,
월화원(수원 효원공원),경기도 수원시 팔달구 동수원로 399,37.2649062083029,127.039457090913,13491854,https://map.naver.com/p/entry/place/13491854,37.2642749,127.0382624,mid,효원공원,경기 수원시 팔달구 동수원로 397 경기 수원시 팔달구 인계동 1117,verified,false,
강릉 선교장,강원특별자치도 강릉시 운정길 63,37.7873054456205,128.8845298873,11687693,https://map.naver.com/p/entry/place/11687693,37.7866796,128.8851259,high,강릉선교장,강원 강릉시 운정길 63 선교장 강원 강릉시 운정동 431,verified,false,
단양 온달관광지,충청북도 단양군 영춘면 온달로 23,37.0629552611025,128.492923305038,13476484,https://map.naver.com/p/entry/place/13476484,37.0631996,128.4914946,high,온달관광지,충북 단양군 영춘면 온달로 23 충북 단양군 영춘면 하리 147,verified,false,
백제문화단지,충청남도 부여군 규암면 백제문로 455,36.3075715788732,126.908494592976,12019039,https://map.naver.com/p/entry/place/12019039,36.3065371,126.9067627,high,백제문화단지,충남 부여군 규암면 백제문로 455 백제문화단지 충남 부여군 규암면 합정리 138,verified,false,
서동요테마파크,충청남도 부여군 충화면 천신로 616,,,19493854,https://map.naver.com/p/entry/place/19493854,36.1453019,126.8235304,mid,서동요테마파크,충남 부여군 충화면 충신로 616 충남 부여군 충화면 가화리 270,verified,false,
밀양 위양지(위양못),경상남도 밀양시 부북면 위양리 279-2,35.5467190304711,128.717502064325,,,,,failed,,,not_matched,false,
광한루,전라북도 남원시 요천로 1447,35.4041318359584,127.38050354021,12292865,https://map.naver.com/p/entry/place/12292865,35.4032843,127.3795144,high,광한루원,전북 남원시 요천로 1447 전북 남원시 천거동 187-1,verified,false,
나주영상테마파크,전라남도 나주시 공산면 덕음로 450,,,,,,,failed,,,not_matched,false,
화순 만연사,전라남도 화순군 화순읍 진각로 367,35.0830992019912,126.984422306116,11664049,https://map.naver.com/p/entry/place/11664049,35.0831262,126.9846619,high,만연사,전남광주 화순군 화순읍 진각로 367 만연사 전남광주 화순군 화순읍 동구리 179,verified,false,
영월 요선암·요선정,강원특별자치도 영월군 무릉도원면 도원운학로 13-39,37.2972765094039,128.26189595029,,,,,failed,,,not_matched,false,
구례 사성암,전라남도 구례군 문척면 사성암길 303,35.1801334135705,127.480605665028,13322411,https://map.naver.com/p/entry/place/13322411,35.1801005,127.4806127,high,사성암,전남광주 구례군 문척면 사성암길 303 전남광주 구례군 문척면 죽마리 산7-1,verified,false,
경산 반곡지,경상북도 경산시 남산면 반곡리 246,35.7804593618526,128.806655040703,1625508165,https://map.naver.com/p/entry/place/1625508165,35.7804524,128.8067392,high,반곡지,경북 경산시 남산면 반곡리 246,verified,false,
사천중학교,강원특별자치도 강릉시 사천면 석교골말길 8,37.8281322902103,128.845779329628,12054927,https://map.naver.com/p/entry/place/12054927,37.8281225,128.8457045,high,사천중학교,강원 강릉시 사천면 석교골말길 8 강원 강릉시 사천면 석교리 234,verified,false,
보리나라 학원농장,전북특별자치도 고창군 공음면 학원농장길 150,35.37539053097195,126.54323017579813,1968609119,https://map.naver.com/p/entry/place/1968609119,35.3754435,126.5425884,high,보리나라 학원농장입구,전북 고창군 공음면 예전리,verified,false,
워시엔조이 세탁소,충남 천안시 동남구 통정6로 30,36.77426597909,127.137334291881,37804171,https://map.naver.com/p/entry/place/37804171,37.5467974,127.0703156,low,워시엔조이 화양점,서울 광진구 능동로17길 55 서울 광진구 화양동 132-64,verified,false,
1913송정역시장,광주 광산구 송정동 986-3,35.13616389018537,126.79176678104224,1168880801,https://map.naver.com/p/entry/place/1168880801,35.1362231,126.79178,high,1913송정역시장입구,전남광주 광산구 전남광주 광산구 송정동,verified,false,
양구 거리,"74-29 Samyeong-gil, Yanggu, Gangwon-do",,,,,,,failed,,,not_matched,false,
돔베이커리,강원특별자치도 강릉시 하평길 50,37.7699105222999,128.914100649586,15318913,https://map.naver.com/p/entry/place/15318913,37.769944,128.914143,high,돔베이커리,강원 강릉시 하평길 50 강원 강릉시 포남동 1187-16,verified,false,
주문진해변,강원특별자치도 강릉시 주문진읍 향호리 8-35,37.9111195197386,128.818780222834,36254579,https://map.naver.com/p/entry/place/36254579,37.9110352,128.8184584,high,주문진해변공중화장실,강원 강릉시 주문진읍 주문북로 210 강원 강릉시 주문진읍 향호리 8-17,verified,false,
팜랜드,경기 안성시 공도읍 대신두길 28,36.99131661871017,127.19351655765155,1448952286,https://map.naver.com/p/entry/place/1448952286,35.8869033,127.0614689,low,팜랜드,전북 전주시 덕진구 화전동 96-10,verified,false,
광안리해수욕장,부산 수영구 광안해변로 219,35.1531932736837,129.118976093583,11491655,https://map.naver.com/p/entry/place/11491655,35.154121,129.1201409,high,광안리해수욕장,부산 수영구 광안해변로 219 부산 수영구 광안동 192-20,verified,false,
강릉고등학교,강원특별자치도 강릉시 강릉대로587번길 68,37.7880660291926,128.917974362897,12445524,https://map.naver.com/p/entry/place/12445524,37.7882216,128.9178524,high,강릉고등학교,강원 강릉시 강릉대로587번길 68 강릉고등학교 강원 강릉시 초당동 57-2,verified,false,
오정동 선교사촌(한남대학교 선교사촌),대전 대덕구 한남로 70,127.42550540929,36.3545067444102,,,,,failed,,,not_matched,false,
남이섬,강원특별자치도 춘천시 남산면 남이섬길 1,127.52521014329739,37.79144074509299,11491866,https://map.naver.com/p/entry/place/11491866,37.7900782,127.5262228,low,남이섬,강원 춘천시 남산면 남이섬길 1 강원 춘천시 남산면 방하리 197,verified,false,
서산버드랜드(천수만 철새도래지),충남 서산시 부석면 천수만로 655-73,126.378401358524,36.6310953015444,1286962141,https://map.naver.com/p/entry/place/1286962141,36.6311862,126.3784546,low,서산버드랜드,충남 서산시 부석면 천수만로 655-73 충남 서산시 부석면 창리 149-56,verified,false,
국립산림과학원,서울 동대문구 회기로 57,127.04391992943849,37.593339617077156,11622462,https://map.naver.com/p/entry/place/11622462,37.5933388,127.0440392,low,국립산림과학원,서울 동대문구 회기로 57 서울 동대문구 청량리동 207,verified,false,
불은초등학교,인천 강화군 불은면 불은남로544번길 9,126.487059220143,37.6834065540609,12312484,https://map.naver.com/p/entry/place/12312484,37.6835187,126.4871849,low,불은초등학교,인천 강화군 불은면 불은남로544번길 9 인천 강화군 불은면 두운리 572,verified,false,
삼척항,강원특별자치도 삼척시 정상동,129.190686803117,37.4355783508,13218358,https://map.naver.com/p/entry/place/13218358,37.4360346,129.1891,low,삼척항,강원 삼척시 삼척항길 196 강원 삼척시 정하동 48-19,verified,false,
롯데콘서트홀,서울 송파구 올림픽로 300,127.10500067293846,37.513989875871125,37892033,https://map.naver.com/p/entry/place/37892033,37.513497,127.1041742,low,롯데콘서트홀,서울 송파구 올림픽로 300 롯데월드몰 8층 롯데콘서트홀 서울 송파구 신천동 29,verified,false,
무릉계곡관광지,강원특별자치도 동해시 삼화로 538,129.01937723543205,37.463467444794226,11491159,https://map.naver.com/p/entry/place/11491159,37.46216,129.012875,low,무릉계곡,강원 동해시 삼화로 584 삼화사 강원 동해시 삼화동 860-1,verified,false,
삼화사,강원특별자치도 동해시 삼화로 584,129.0142262988823,37.463564398828034,12138644,https://map.naver.com/p/entry/place/12138644,37.4636295,129.0138392,low,삼화사,강원 동해시 삼화로 584 삼화사 강원 동해시 삼화동 860-10,verified,false,
약천사,제주특별자치도 서귀포시 이어도로 293-28,126.449458505086,33.2462362179287,12374138,https://map.naver.com/p/entry/place/12374138,33.2453842,126.4495449,low,약천사,제주 서귀포시 이어도로 293-28 제주 서귀포시 대포동 1165,verified,false,
대방동 아파트 단지,서울 동작구 여의대방로44길 47,37.5099235104732,126.930418625519,18735656,https://map.naver.com/p/entry/place/18735656,37.5129359,126.9306714,mid,대방현대아파트단지노인정,서울 동작구 등용로 127 서울 동작구 대방동 502,verified,false,
정릉동 마을(구동 지구 촬영지),서울 성북구 보국문로29마길 12,37.6143101367766,126.999644355728,1629358496,https://map.naver.com/p/entry/place/1629358496,37.6177567,127.0043005,low,정릉예술인마을,서울 성북구 보국문로30길 24 서울 성북구 정릉동 794-11,verified,false,
본이 할머니 집,서울 성북구 보국문로29마길 24,37.6139187466038,126.999460873293,,,,,failed,,,not_matched,false,
정바름(정재훈)의 집,서울 성북구 보국문로29바길 6,37.6145081634441,126.998376490921,,,,,failed,,,not_matched,false,
서울방배경찰서,서울 서초구 방배천로 54,37.4813549867658,126.982858178461,1661161649,https://map.naver.com/p/entry/place/1661161649,37.4815786,126.9830179,high,서울방배경찰서(2026년예정),서울 서초구 방배천로 54 서울 서초구 방배동 455-10,verified,false,
성남시청,경기 성남시 중원구 성남대로 997,37.4200218720325,127.126586301128,11627831,https://map.naver.com/p/entry/place/11627831,37.4200267,127.1267772,high,성남시청,경기 성남시 중원구 성남대로 997 경기 성남시 중원구 여수동 200,verified,false,
인천함찬종합병원,인천 남동구 논현로 72,37.4010623210134,126.714686842521,,,,,failed,,,not_matched,false,
응급센터 촬영 세트장,경기 파주시 탄현면 새오리로286번길 48-70,37.8040570125946,126.693139276293,,,,,failed,,,not_matched,false,
조이매드 스튜디오,경기 파주시 파주읍 봉서산로 245,37.833299848007,126.803485371702,,,,,failed,,,not_matched,false,
구 장흥교도소,전남 장흥군 장흥읍 원도리 191,34.6873032505802,126.91330421771,,,,,failed,,,not_matched,false,
고양시 장항동 촬영지,경기 고양시 일산동구 장항동 652-33,37.6502782897011,126.756021654171,,,,,failed,,,not_matched,false,
부산해양경찰서 (경찰서 세트),부산광역시 영도구 해양로 293,35.082284528292,129.077327872729,,,,,failed,,,not_matched,false,
깡깡이예술마을,부산광역시 영도구 대평북로 36,35.093176660642,129.034170207797,1407134527,https://map.naver.com/p/entry/place/1407134527,35.0931669,129.0341925,high,깡깡이예술마을안내센터,부산 영도구 대평북로 36 부산 영도구 대평동2가 208,verified,false,
부산대교,부산광역시 영도구 대교동,35.0924257352017,129.03831524531,19997782,https://map.naver.com/p/entry/place/19997782,35.0963172,129.0387721,low,부산대교,부산 중구 중앙동7가,verified,false,
해동용궁사,부산광역시 기장군 기장읍 용궁길 86,35.1882392674714,129.223245860198,11737443,https://map.naver.com/p/entry/place/11737443,35.1885552,129.2232272,high,해동용궁사,부산 기장군 기장읍 용궁길 86 해동용궁사 부산 기장군 기장읍 시랑리 416-3,verified,false,
을지로4가 공중전화 골목,서울특별시 중구 을지로4가 77,37.5671035267047,126.997687168469,,,,,failed,,,not_matched,false,
산림동 골목,서울특별시 중구 산림동 25,37.567495363617,126.997390933977,,,,,failed,,,not_matched,false,
세운전자상가,서울특별시 종로구 청계천로 159,37.5692814302828,126.995239727442,13304079,https://map.naver.com/p/entry/place/13304079,37.5692296,126.9952691,mid,세운상가,서울 종로구 청계천로 159 서울 종로구 장사동 116-4,verified,false,
돈화문로 고깃집,서울특별시 종로구 돈화문로11가길 9,37.5730714920731,126.991027766147,,,,,failed,,,not_matched,false,
글로리호텔,충남 논산시 연무읍 봉황로 90,36.1025580132223,127.104295525413,1566122911,https://map.naver.com/p/entry/place/1566122911,36.1033275,127.105014,mid,선샤인스튜디오글로리호텔,충남 논산시 연무읍 봉황로 90 충남 논산시 연무읍 황화정리 859-55,verified,false,
홍예문(홍예교),충남 논산시 연무읍 봉황로 90,36.1025580132223,127.104295525413,,,,,failed,,,not_matched,false,
화월루,충남 논산시 연무읍 봉황로 90,36.1025580132223,127.104295525413,,,,,failed,,,not_matched,false,
애신의 집,충남 논산시 연무읍 봉황로 90,36.1025580132223,127.104295525413,,,,,failed,,,not_matched,false,
한약방,충남 논산시 연무읍 봉황로 90,36.1025580132223,127.104295525413,17280390,https://map.naver.com/p/entry/place/17280390,36.0591484,127.0844065,low,여산한약방,전북 익산시 여산면 가람로 384-1 전북 익산시 여산면 여산리 418-9,verified,false,
한성전기,충남 논산시 연무읍 봉황로 90,36.1025580132223,127.104295525413,2052894071,https://map.naver.com/p/entry/place/2052894071,35.1704666,126.8869014,low,한성전기,전남광주 북구 무등로 19 전남광주 북구 운암동 417-8,verified,false,
대안문,충남 논산시 연무읍 봉황로 90,36.1025580132223,127.104295525413,,,,,failed,,,not_matched,false,
원수부(양품점),충남 논산시 연무읍 봉황로 90,36.1025580132223,127.104295525413,,,,,failed,,,not_matched,false,
동매집,충남 논산시 연무읍 봉황로 90,36.1025580132223,127.104295525413,,,,,failed,,,not_matched,false,
불란셔제빵소,충남 논산시 연무읍 봉황로 90,36.1025580132223,127.104295525413,,,,,failed,,,not_matched,false,
해드리오,충남 논산시 연무읍 봉황로 90,36.1025580132223,127.104295525413,1733298395,https://map.naver.com/p/entry/place/1733298395,36.1660747,127.0174298,low,해드리오,충남 논산시 강경읍 금백로 169 101동 1층 101호 충남 논산시 강경읍 동흥리 101,verified,false,
경의선,충남 논산시 연무읍 봉황로 90,36.1025580132223,127.104295525413,38258804,https://map.naver.com/p/entry/place/38258804,37.5445517,126.9477684,low,경의선광장,서울 마포구 백범로28길 17 서울 마포구 염리동 169-12,verified,false,
김희성 신문사,충남 논산시 연무읍 봉황로 90,36.1025580132223,127.104295525413,,,,,failed,,,not_matched,false,
마당집,충남 논산시 연무읍 봉황로 90,36.1025580132223,127.104295525413,1368537016,https://map.naver.com/p/entry/place/1368537016,36.0575922,129.3780079,low,마당집,경북 포항시 북구 해안로 99 마당집 경북 포항시 북구 두호동 681,verified,false,
전당포,충남 논산시 연무읍 봉황로 90,36.1025580132223,127.104295525413,1780479553,https://map.naver.com/p/entry/place/1780479553,37.5707578,126.9922948,low,전당포,서울 종로구 돈화문로 24 서울 종로구 종로3가 26-4,verified,false,
학인당,전라북도 전주시 완산구 향교길 45,35.8121476560019,127.151843827487,12045336,https://map.naver.com/p/entry/place/12045336,35.8117869,127.1518312,high,학인당,전북 전주시 완산구 향교길 45 전주 인재고택 학인당 전북 전주시 완산구 교동 105-4,verified,false,
부안영상테마파크,전북특별자치도 부안군 변산면 격포로 309-64,35.6217966399436,126.485366697404,1096343920,https://map.naver.com/p/entry/place/1096343920,35.6217859,126.4853751,high,부안영상테마파크,전북 부안군 변산면 격포로 309-64 전북 부안군 변산면 격포리 374,verified,false,
세운상가(세운청계상가),서울 종로구 청계천로 159,37.569138,126.995237,,,,,failed,,,not_matched,false,
서대문형무소역사관,서울 서대문구 통일로 251,37.574609,126.955612,12384776,https://map.naver.com/p/entry/place/12384776,37.5742887,126.9562269,high,서대문형무소역사관,서울 서대문구 통일로 251 서대문형무소역사관 서울 서대문구 현저동 101,verified,false,
IFC서울,서울 영등포구 국제금융로 10,37.525006,126.925874,950906101,https://map.naver.com/p/entry/place/950906101,37.5252647,126.9258166,high,IFC서울,서울 영등포구 국제금융로 10 서울 영등포구 여의도동 23-1,verified,false,
콘래드 서울 호텔,서울 영등포구 국제금융로 10,37.525419,126.926744,21202909,https://map.naver.com/p/entry/place/21202909,37.5255723,126.9266143,high,콘래드 서울 호텔,서울 영등포구 국제금융로 10 서울 국제금융 센터 서울 영등포구 여의도동 23,verified,false,
대구오페라하우스,대구 북구 호암로 15,35.883533,128.592213,11639861,https://map.naver.com/p/entry/place/11639861,35.8834653,128.5922332,high,대구오페라하우스,대구 북구 호암로 15 대구오페라하우스 대구 북구 칠성동2가 727,verified,false,
서울로7017,서울 중구 남대문로5가 84-15,37.557109,126.975414,,,,,failed,,,not_matched,false,
노들섬,서울 용산구 양녕로 445,37.517660,126.958034,1640249712,https://map.naver.com/p/entry/place/1640249712,37.5176704,126.9580519,high,노들섬,서울 용산구 양녕로 445 서울 용산구 이촌동 302-146,verified,false,
파크 하얏트 서울,서울 강남구 테헤란로 606,37.508732,127.064283,11728211,https://map.naver.com/p/entry/place/11728211,37.5086243,127.0641468,high,파크 하얏트 서울,서울 강남구 테헤란로 606 서울 강남구 대치동 995-14,verified,false,
벽초지수목원,경기 파주시 광탄면 부흥로 242,37.800770,126.874258,11631797,https://map.naver.com/p/entry/place/11631797,37.8005109,126.8754409,high,벽초지수목원,경기 파주시 광탄면 부흥로 242 경기 파주시 광탄면 창만리 1353,verified,false,
강촌레일파크(김유정레일바이크),강원 춘천시 신동면 김유정로 1383,37.815773,127.712332,20579322,https://map.naver.com/p/entry/place/20579322,37.8156589,127.7121307,high,김유정 레일바이크,강원 춘천시 신동면 김유정로 1383 강원 춘천시 신동면 증리 323-2,verified,false,
아난티 클럽 서울(아난티코드GC),경기 가평군 설악면 유명로 961-34,37.620089,127.482353,,,,,failed,,,not_matched,false,
블룸비스타 호텔앤컨퍼런스(구 현대블룸비스타),경기 양평군 강하면 강남로 316,37.500371,127.421925,32991034,https://map.naver.com/p/entry/place/32991034,37.5000855,127.4226241,high,블룸비스타호텔앤컨퍼런스,경기 양평군 강하면 강남로 316 경기 양평군 강하면 전수리 1235,verified,false,
동대문디자인플라자(DDP),서울 중구 을지로 281,37.567184,127.009911,18063223,https://map.naver.com/p/entry/place/18063223,37.5675465,127.0099323,high,동대문디자인플라자,서울 중구 을지로 281 서울 중구 을지로7가 143,verified,false,
한국은행 화폐박물관,서울 중구 남대문로 39,37.562098,126.980523,11620672,https://map.naver.com/p/entry/place/11620672,37.5620607,126.9805214,high,한국은행 화폐박물관,서울 중구 남대문로 39 한국은행 서울 중구 남대문로3가 110,verified,false,
청계천(서린동),서울 종로구 서린동,37.569147,126.978647,1520270577,https://map.naver.com/p/entry/place/1520270577,37.5681943,126.9865237,low,청계천,서울 중구 장교동,verified,false,
신세계센트럴시티,서울 서초구 신반포로 176,37.504683,127.004131,1809568314,https://map.naver.com/p/entry/place/1809568314,37.5046739,127.003832,high,팥붕슈붕 신세계 센트럴시티,서울 서초구 신반포로 176 신세계 센트럴시티 승차홈 5번 앞 매장 서울 서초구 반포동 19-3,verified,false,
그랜드 머큐어 앰배서더 호텔 앤 레지던스 서울 용산(구 서울드래곤시티),서울 용산구 청파로20길 95,37.532175,126.960940,958174664,https://map.naver.com/p/entry/place/958174664,37.5321766,126.9608485,high,그랜드 머큐어 앰배서더 호텔 앤 레지던스 서울 용산,서울 용산구 청파로20길 95 서울 용산구 한강로3가 40-969,verified,false,
선문대학교 천안캠퍼스,충남 천안시 동남구 천안대로 277,36.770451,127.164254,17633154,https://map.naver.com/p/entry/place/17633154,36.7704944,127.1642756,high,선문대학교천안캠퍼스본관,충남 천안시 동남구 천안대로 277 충남 천안시 동남구 삼룡동 381-7,verified,false,
석파랑,서울 종로구 자하문로 309,37.599283,126.958651,1223747691,https://map.naver.com/p/entry/place/1223747691,37.5993859,126.9584105,high,석파랑,서울 종로구 자하문로 307 서울 종로구 홍지동 133-3,verified,false,
포시즌스 호텔 서울,서울 종로구 새문안로 97,37.570682,126.975405,36908458,https://map.naver.com/p/entry/place/36908458,37.5706892,126.975235,high,포시즌스 호텔 서울,서울 종로구 새문안로 97 서울 종로구 당주동 30,verified,false,
레스케이프 호텔,서울 중구 퇴계로 67,37.559988,126.979511,1409372557,https://map.naver.com/p/entry/place/1409372557,37.560132,126.9794417,high,레스케이프 호텔,서울 중구 퇴계로 67 서울 중구 회현동1가 210,verified,false,
인천국제공항,인천 영종구 공항로 272,37.449168,126.450920,1325418181,https://map.naver.com/p/entry/place/1325418181,37.4502703,126.4539558,mid,공차 인천국제공항6호점,인천 영종구 공항로 272 제1여객터미널 3층 인천 영종구 운서동 2840,verified,false,
문경새재오픈세트장,경상북도 문경시 문경읍 새재로 932,36.7616034289935,128.076989152595,37844946,https://map.naver.com/p/entry/place/37844946,36.7714697,128.0740046,mid,문경새재 오픈세트장,경북 문경시 문경읍 상초리 84-2,verified,false,
전주향교,전라북도 전주시 완산구 향교길 139,35.812177597872,127.157226774295,13208787,https://map.naver.com/p/entry/place/13208787,35.8125189,127.1572064,high,전주향교,전북 전주시 완산구 향교길 139 전주향교 전북 전주시 완산구 교동 26-3,verified,false,
전주한옥마을,전라북도 전주시 완산구 기린대로 99,35.8182133310179,127.153608497904,13208779,https://map.naver.com/p/entry/place/13208779,35.8183156,127.1536061,high,전주 한옥마을,전북 전주시 완산구 기린대로 99 전북 전주시 완산구 남노송동 100-1,verified,false,
남원 광한루원,전라북도 남원시 요천로 1447,35.4041318359584,127.38050354021,12292865,https://map.naver.com/p/entry/place/12292865,35.4032843,127.3795144,high,광한루원,전북 남원시 요천로 1447 전북 남원시 천거동 187-1,verified,false,
통영 세병관,경상남도 통영시 세병로 27,34.8471548606626,128.423489026299,11663868,https://map.naver.com/p/entry/place/11663868,34.8477196,128.4231212,high,세병관,경남 통영시 세병로 27 경남 통영시 문화동 62,verified,false,
나주향교,전라남도 나주시 금계동,35.0306021119211,126.714371815349,13523524,https://map.naver.com/p/entry/place/13523524,35.0340282,126.7114764,mid,나주향교,전남광주 나주시 향교길 38 전남광주 나주시 교동 32-3,verified,false,
창덕궁(낙선재·인정전),서울특별시 종로구 율곡로 99,37.5788697347103,126.989710338876,,,,,failed,,,not_matched,false,
경복궁(근정전·경회루),서울특별시 종로구 사직로 161,37.5759040910202,126.976842133821,,,,,failed,,,not_matched,false,
덕수궁,서울특별시 중구 세종대로 99,37.5660868250943,126.973725785222,11571730,https://map.naver.com/p/entry/place/11571730,37.5660945,126.9749148,high,덕수궁,서울 중구 세종대로 99 덕수궁 서울 중구 정동 5-1,verified,false,
용인대장금파크,경기도 용인시 처인구 백암면 용천리,37.123487100611,127.356224010357,13523487,https://map.naver.com/p/entry/place/13523487,37.1214426,127.3369462,mid,용인대장금파크,경기 용인시 처인구 백암면 용천드라마길 25 경기 용인시 처인구 백암면 용천리 778-1,verified,false,
행복한유치원,경기 안산시 단원구 보배4길 10,37.3307635935104,126.829373449263,36189028,https://map.naver.com/p/entry/place/36189028,37.3307646,126.8293663,high,행복한유치원,경기 안산시 단원구 보배4길 10 경기 안산시 단원구 고잔동 614,verified,false,
독일약국,서울 마포구 도화4길 19 지원빌딩 1층,37.5410675293711,126.951023454276,19532484,https://map.naver.com/p/entry/place/19532484,37.5410332,126.9509249,high,독일약국,서울 마포구 도화4길 19 지원빌딩 1층 독일약국 서울 마포구 도화동 195-3,verified,false,
백희성 차지원 집,서울 종로구 팔판길 13,37.5825613346848,126.980738496133,,,,,failed,,,not_matched,false,
안산단원경찰서,경기 안산시 단원구 화랑로 373,37.3219505315136,126.829573552814,11642407,https://map.naver.com/p/entry/place/11642407,37.3217333,126.8291625,high,안산단원경찰서,경기 안산시 단원구 화랑로 373 경기 안산시 단원구 고잔동 514,verified,false,
북경원,서울 은평구 갈현로 271,37.6210376126716,126.916327380736,37483298,https://map.naver.com/p/entry/place/37483298,37.6210114,126.9164134,high,북경원,서울 은평구 갈현로 271 서울 은평구 갈현동 434-10,verified,false,
세운교,서울 종로구 장사동 156-8,37.5686754395166,126.995732949522,18672652,https://map.naver.com/p/entry/place/18672652,37.5685833,126.9953499,high,세운교,서울 종로구 장사동,verified,false,
용산꿈나무종합타운,서울 용산구 백범로 329,37.5389037956572,126.965012154483,1952570117,https://map.naver.com/p/entry/place/1952570117,37.5388141,126.9652772,high,용산꿈나무종합타운,서울 용산구 백범로 329 서울 용산구 원효로1가 25,verified,false,
자하슈퍼(은하수슈퍼),서울 종로구 자하문로42길 57,37.6002505491153,126.962806271568,,,,,failed,,,not_matched,false,
GVO 안산본점,경기 안산시 상록구 석호공원로 73,37.3015879070542,126.851452156862,1939127057,https://map.naver.com/p/entry/place/1939127057,37.3015916,126.8514408,high,GVO 안산본점,경기 안산시 상록구 석호공원로 73 GVO 경기 안산시 상록구 사동 1204-7,verified,false,
북촌로5나길,서울 종로구 북촌로5나길 3-21,37.5819311037697,126.981968269619,,,,,failed,,,not_matched,false,
고성 알프스리조트,강원 고성군 간성읍 흘리 106-28,38.2630887484813,128.377542340169,,,,,failed,,,not_matched,false,
양도슈퍼,인천 강화군 강화남로 718-20,37.6630124193948,126.421281374059,16643355,https://map.naver.com/p/entry/place/16643355,37.6628587,126.4212053,high,양도슈퍼,인천 강화군 양도면 강화남로 718-20 인천 강화군 양도면 하일리 183-6,verified,false,
길정YB낚시터,인천 강화군 양도면 고려왕릉로 210-21,37.661811414336,126.467170839876,13432892,https://map.naver.com/p/entry/place/13432892,37.6617986,126.4672287,high,길정YB낚시터,인천 강화군 양도면 고려왕릉로 210-21 인천 강화군 양도면 길정리 403-1,verified,false,
도해수집,서울 중구 서소문로 89-11,37.5628437172621,126.97077858004,,,,,failed,,,not_matched,false,
원미상가아파트,경기 부천시 원미구 조마루로398번길 56,37.4952873485307,126.787159611052,19249955,https://map.naver.com/p/entry/place/19249955,37.495278,126.7872718,high,원미상가아파트,경기 부천시 원미구 조마루로398번길 56 경기 부천시 원미구 원미동 89-1,verified,false,
인천중앙공원,인천 남동구 예술로 125,37.4456245378907,126.699420040481,16822107,https://map.naver.com/p/entry/place/16822107,37.44603,126.6996768,high,중앙공원,인천 남동구 예술로 125 인천 남동구 구월동 1408-2,verified,false,
가온문화공원,서울 마포구 상암동 1594,37.5818462852626,126.887624489057,18808738,https://map.naver.com/p/entry/place/18808738,37.5819667,126.8875874,high,가온문화공원,서울 마포구 상암동 1594,verified,false,
돼지각시와 연탄불,경기 수원시 영통구 동수원로507번길 15,,,12078896,https://map.naver.com/p/entry/place/12078896,37.2734569,127.0455315,mid,돼지각시와연탄불,경기 수원시 영통구 동수원로507번길 15 경기 수원시 영통구 매탄동 101-12,verified,false,
이촌2동 육교,서울 용산구 이촌로2가길 122,37.5254656474891,126.954478744002,,,,,failed,,,not_matched,false,
박샘다비드조소학원,서울 강남구 선릉로82길 5 캥거루빌딩,37.5026172372113,127.050479425828,1107207789,https://map.naver.com/p/entry/place/1107207789,37.5025612,127.0504761,high,박샘 다비드 조소학원,"서울 강남구 선릉로82길 5 캥거루빌딩 2층,3층 서울 강남구 대치동 897-4",verified,false,
할리스커피,경기 양주시 광사동 654-2,37.7954335648233,127.079909836072,1046442475,https://map.naver.com/p/entry/place/1046442475,37.5635493,126.9691683,low,할리스 본사,서울 중구 통일로 92 KG타워 9층 서울 중구 순화동 1-170,verified,false,
스텝백 골목,서울 종로구 수표로 132,37.5728090878462,126.98854612223,,,,,failed,,,not_matched,false,
평해옥,서울 종로구 낙원동 삼일대로26길 17,37.5733988267483,126.988941667722,1093173644,https://map.naver.com/p/entry/place/1093173644,37.5734036,126.988957,high,평해옥,서울 종로구 삼일대로26길 17 서울 종로구 낙원동 80-2,verified,false,
헤이리 가드너스,경기 파주시 탄현면 헤이리마을길 59-52,37.7896168119528,126.696192765943,1862799200,https://map.naver.com/p/entry/place/1862799200,37.7896811,126.6961084,high,가드너스,경기 파주시 탄현면 헤이리마을길 59-52 가드너스 경기 파주시 탄현면 법흥리 1652-116,verified,false,
구로기계공구상가,서울 구로구 경인로 577,37.5040744764923,126.880912215582,18957070,https://map.naver.com/p/entry/place/18957070,37.5041672,126.8798441,mid,구로기계공구상가B-D블럭,서울 구로구 구로중앙로 198 서울 구로구 구로동 606-1,verified,false,
익산 구 농촌진흥원 폐가,전북특별자치도 익산시,,,,,,,failed,,,not_matched,false,
"제일병원(충무로, 폐업)",서울 중구 충무로 일대,,,,,,,failed,,,not_matched,false,
의정부경찰서,경기 의정부시 호국로 1265,127.044326754764,37.7444428561207,11642415,https://map.naver.com/p/entry/place/11642415,37.7444262,127.044325,low,의정부경찰서,경기 의정부시 호국로 1265 의정부경찰서 경기 의정부시 의정부동 420,verified,false,
KBS 본관,서울 영등포구 여의공원로 13,126.91704732872681,37.52480864061534,19001145,https://map.naver.com/p/entry/place/19001145,37.5249816,126.9169394,low,KBS본관,서울 영등포구 여의공원로 13 서울 영등포구 여의도동 18,verified,false,
하나증권빌딩(구 하나금융투자빌딩),서울 영등포구 의사당대로 82,126.921908279976,37.5227504615294,4422209070,https://map.naver.com/p/entry/place/4422209070,37.5227595,126.9219648,low,하나증권빌딩,서울 영등포구 의사당대로 82 하나증권빌딩 서울 영등포구 여의도동 27-3,verified,false,
한국지역정보개발원,서울 마포구 성암로 301,126.887937156123,37.5824691687483,12789991,https://map.naver.com/p/entry/place/12789991,37.5824891,126.8879494,low,한국지역정보개발원,서울 마포구 성암로 301 한국지역정보개발원(KLID Tower) 서울 마포구 상암동 1595,verified,false,
한국지역정보개발원 버스정류장 일대,서울 마포구 월드컵북로58길 20,,,,,,,failed,,,not_matched,false,
영등포역,서울 영등포구 경인로 846,126.9078782908411,37.515682796141235,11636677,https://map.naver.com/p/entry/place/11636677,37.5158126,126.9076046,low,영등포역 1호선,"서울 영등포구 경인로 846 , B1층 서울 영등포구 영등포동 618-496",verified,false,
법원로12길 일대(문정동),서울 송파구 법원로12길,,,,,,,failed,,,not_matched,false,
경희대학교 국제캠퍼스 중앙도서관,경기 용인시 기흥구 덕영대로 1732,127.079711519692,37.2410027970193,4773434659,https://map.naver.com/p/entry/place/4773434659,37.2410625,127.0797677,low,경희대학교 국제캠퍼스중앙도서관,경기 용인시 기흥구 덕영대로 1732 경희대학교국제캠퍼스 경기 용인시 기흥구 하갈동 1-1,verified,false,
제물포시장,인천 미추홀구 숭의동 27-57,126.657172192085,37.4632486061443,1975261105,https://map.naver.com/p/entry/place/1975261105,37.4631047,126.6573578,low,제물포시장,인천 미추홀구 숭의동 27-58,verified,false,
대전정보문화산업진흥원 인근 실내스튜디오,대전 유성구 대덕대로512번길 20,127.3794605573082,36.37827165814569,,,,,failed,,,not_matched,false,
허균·허난설헌 기념공원,강원 강릉시 난설헌로193번길 1-29,37.7910301468257,128.909552420373,1130774967,https://map.naver.com/p/entry/place/1130774967,37.7916917,128.90965,high,허균.허난설헌기념공원,강원 강릉시 난설헌로193번길 1-16 강원 강릉시 초당동 475-3,verified,false,
궁남지,충청남도 부여군 부여읍 동남리 152-1,36.271819292326,126.913187020415,13302613,https://map.naver.com/p/entry/place/13302613,36.2696838,126.9124007,high,궁남지,충남 부여군 부여읍 동남리,verified,false,
선교장,강원 강릉시 운정길 63,37.7873054456205,128.8845298873,11687693,https://map.naver.com/p/entry/place/11687693,37.7866796,128.8851259,high,강릉선교장,강원 강릉시 운정길 63 선교장 강원 강릉시 운정동 431,verified,false,
광한루원,전북 남원시 요천로 1447,35.4041318359584,127.38050354021,12292865,https://map.naver.com/p/entry/place/12292865,35.4032843,127.3795144,high,광한루원,전북 남원시 요천로 1447 전북 남원시 천거동 187-1,verified,false,
문경새재 오픈세트장,경북 문경시 문경읍 새재로 932,36.7616034289935,128.076989152595,37844946,https://map.naver.com/p/entry/place/37844946,36.7714697,128.0740046,mid,문경새재 오픈세트장,경북 문경시 문경읍 상초리 84-2,verified,false,
병산서원,경북 안동시 풍천면 병산길 386,36.5403022642502,128.552787482737,12904928,https://map.naver.com/p/entry/place/12904928,36.5404249,128.5527249,high,안동병산서원,경북 안동시 풍천면 병산길 386 경북 안동시 풍천면 병산리 31,verified,false,
안동 군자마을,경북 안동시 와룡면 오천리 산27-1,36.6732587288722,128.802392180429,19908975,https://map.naver.com/p/entry/place/19908975,36.6731339,128.8003017,high,안동군자마을입구,경북 안동시 와룡면 오천리,verified,false,
경상남도수목원,경남 진주시 이반성면 수목원로 386,35.1571982460115,128.295736047431,1053180210,https://map.naver.com/p/entry/place/1053180210,35.1585155,128.295644,high,경상남도 수목원,경남 진주시 이반성면 수목원로 386 경남 수목원 경남 진주시 이반성면 대천리 482-1,verified,false,
지신정,경상남도 진주시 지수면 승산리 260,35.2377059973846,128.267747558214,884691960,https://map.naver.com/p/entry/place/884691960,38.5012757,128.4246858,low,지심정,강원 고성군 현내면 한나루로 154 강원 고성군 현내면 대진리 96-4,verified,false,
용인대장금파크,경기도 용인시 처인구 백암면 용천드라마길 25,37.1194440425504,127.337088732809,13523487,https://map.naver.com/p/entry/place/13523487,37.1214426,127.3369462,high,용인대장금파크,경기 용인시 처인구 백암면 용천드라마길 25 경기 용인시 처인구 백암면 용천리 778-1,verified,false,
창경궁,서울 종로구 창경궁로 185,37.579417,126.995200,11571740,https://map.naver.com/p/entry/place/11571740,37.5794952,126.994142,high,창경궁,서울 종로구 창경궁로 185 창경궁 서울 종로구 와룡동 2-1,verified,false,
창덕궁,서울 종로구 율곡로 99,37.579647,126.991000,12261493,https://map.naver.com/p/entry/place/12261493,37.5826041,126.9919376,mid,창덕궁,서울 종로구 율곡로 99 서울 종로구 와룡동 2-71,verified,false,
경복궁,서울 종로구 사직로 161,37.577613,126.976898,11571707,https://map.naver.com/p/entry/place/11571707,37.5788408,126.9770162,high,경복궁,서울 종로구 사직로 161 경복궁 서울 종로구 세종로 1-1,verified,false,
문경새재 제1관문 주흘관,경북 문경시 문경읍 상초리 521,36.768441,128.075218,,,,,failed,,,not_matched,false,
문경새재 제2관문 조곡관,경북 문경시 문경읍 상초리 산42-36,36.789583,128.065686,15393964,https://map.naver.com/p/entry/place/15393964,36.7893446,128.065685,high,문경새재 제2관문 조곡관,경북 문경시 문경읍 새재로 1304 경북 문경시 문경읍 상초리 산42-1,verified,false,
문경새재 오픈세트장,경북 문경시 문경읍 새재로 1037,36.771400,128.074072,37844946,https://map.naver.com/p/entry/place/37844946,36.7714697,128.0740046,high,문경새재 오픈세트장,경북 문경시 문경읍 상초리 84-2,verified,false,
부안영상테마파크,전북 부안군 변산면 격포로 309-64,35.621807,126.485383,1096343920,https://map.naver.com/p/entry/place/1096343920,35.6217859,126.4853751,high,부안영상테마파크,전북 부안군 변산면 격포로 309-64 전북 부안군 변산면 격포리 374,verified,false,
화성행궁,경기 수원시 팔달구 정조로 825,37.281914,127.014041,31169145,https://map.naver.com/p/entry/place/31169145,37.2818785,127.0137602,high,화성행궁,경기 수원시 팔달구 정조로 825 경기 수원시 팔달구 남창동 6-2,verified,false,
원대리자작나무숲,강원 인제군 인제읍 원대리 산75-22,37.988191,128.198988,2034132718,https://map.naver.com/p/entry/place/2034132718,38.0344063,128.2156232,low,하늘내린 막국수 인제 내린천 원대리 자작나무숲 맛집,강원 인제군 인제읍 내린천로 6082-8 1층 강원 인제군 인제읍 고사리 235-6,verified,false,
내연산 12폭포,경북 포항시 북구 송라면 중산리 산97,36.252360,129.311061,15732870,https://map.naver.com/p/entry/place/15732870,36.2603886,129.3016435,mid,연산폭포,경북 포항시 북구 송라면 중산리,verified,false,
황매산,경남 합천군 가회면 둔내리 산219,35.494292,127.974661,13491543,https://map.naver.com/p/entry/place/13491543,35.494233,127.9745981,mid,황매산,경남 합천군 가회면 둔내리 산219,mismatch,true,address_mismatch
비둘기낭폭포(한탄강),경기 포천시 영북면 대회산리 415-2,38.079883,127.217035,,,,,failed,,,not_matched,false,
안동 하회마을 부용대,경북 안동시 풍천면 광덕솔밭길 72,36.542852,128.516615,13537288,https://map.naver.com/p/entry/place/13537288,36.5428991,128.5160756,mid,부용대,경북 안동시 풍천면 광덕리 산23-3,verified,false,
전주한옥마을,전북 전주시 완산구 풍남동3가 63-1,35.814777,127.152557,13208779,https://map.naver.com/p/entry/place/13208779,35.8183156,127.1536061,mid,전주 한옥마을,전북 전주시 완산구 기린대로 99 전북 전주시 완산구 남노송동 100-1,verified,false,
남양주종합촬영소,경기 남양주시 조안면 북한강로855번길 138,37.604002,127.322515,11863440,https://map.naver.com/p/entry/place/11863440,37.6046345,127.3214505,high,남양주종합촬영소,경기 남양주시 조안면 북한강로855번길 138 남양주종합촬영소 경기 남양주시 조안면 삼봉리 92,verified,false,
순천드라마촬영장,전남 순천시 비례골길 24,34.957084,127.538034,13346461,https://map.naver.com/p/entry/place/13346461,34.9580633,127.5385421,high,순천드라마촬영장,전남광주 순천시 비례골길 24 전남광주 순천시 조례동 22,verified,false,
화암동굴,강원 정선군 화암면 화암리 산213-1,37.349007,128.794188,20259866,https://map.naver.com/p/entry/place/20259866,37.350933,128.79085,mid,화암동굴,강원 정선군 화암면 화암리 산248,verified,false,
헤이리예술마을,경기 파주시 탄현면 헤이리마을길 70-21,37.788041,126.699304,13491296,https://map.naver.com/p/entry/place/13491296,37.788012,126.6993006,high,헤이리 예술마을,경기 파주시 탄현면 헤이리마을길 70-21 헤이리 갈대광장 경기 파주시 탄현면 법흥리 1652-239,verified,false,
e편한세상 옥정 더 퍼스트,경기 양주시 옥정서로1길 60,37.815549833007715,127.08491345597332,639866834,https://map.naver.com/p/entry/place/639866834,37.8156074,127.0851938,high,e편한세상옥정더퍼스트,경기 양주시 옥정서로1길 60 경기 양주시 옥정동 936,verified,false,
백운동원림,전남 강진군 성전면 월하안운길 100-63,34.742034,126.699875,2142628691,https://map.naver.com/p/entry/place/2142628691,34.7420527,126.699913,high,백운동원림안내소,전남광주 강진군 성전면 월하안운길 100-63 전남광주 강진군 성전면 월하리 546,verified,false,
농월정,경남 함양군 안의면 농월정길 9-13,35.623894,127.778435,1866622973,https://map.naver.com/p/entry/place/1866622973,35.6238968,127.7784451,high,농월정,경남 함양군 안의면 농월정길 9-13 경남 함양군 안의면 월림리 산92,verified,false,
성흥산성(가림성),충남 부여군 임천면 성흥로97번길 167,36.197690,126.899638,20054345,https://map.naver.com/p/entry/place/20054345,36.1985232,126.8965203,low,부여 성흥산성,충남 부여군 임천면 군사리 산7-10,verified,false,
용머리해안,제주 서귀포시 안덕면 사계리 112-3,33.231660,126.314724,1395039246,https://map.naver.com/p/entry/place/1395039246,33.2315042,126.3149836,high,용머리해안,제주 서귀포시 안덕면 사계리 112-3,verified,false,
권금성,강원 속초시 설악동 산41,38.163655,128.484969,19494153,https://map.naver.com/p/entry/place/19494153,38.1639661,128.4851273,high,권금성,강원 속초시 설악산로 1085-3 강원 속초시 설악동 산41,verified,false,
가산수피아,경북 칠곡군 가산면 학하들안2길 105,36.086109,128.485044,38716372,https://map.naver.com/p/entry/place/38716372,36.0861103,128.4850442,high,가산수피아,경북 칠곡군 가산면 학하들안2길 105 경북 칠곡군 가산면 학하리 1206-5,verified,false,
아침고요수목원,경기 가평군 상면 수목원로 427,37.743004,127.351661,11622274,https://map.naver.com/p/entry/place/11622274,37.7427259,127.352525,high,아침고요수목원,경기 가평군 상면 수목원로 432 경기 가평군 상면 행현리 623-3,verified,false,
세연정,전남 완도군 보길면 부황길 57,34.162479,126.555944,17177072,https://map.naver.com/p/entry/place/17177072,34.163007,126.554712,high,세연정슈퍼,전남광주 완도군 보길면 부황길 72 전남광주 완도군 보길면 부황리 202-11,verified,false,
고석정,강원 철원군 동송읍 장흥리 725-13,38.185262,127.287954,1465442453,https://map.naver.com/p/entry/place/1465442453,38.1873556,127.2892792,high,고석정,강원 철원군 동송읍 장흥리,verified,false,
수옥폭포,충북 괴산군 연풍면 원풍리 산86-1,36.807013,128.028917,13491593,https://map.naver.com/p/entry/place/13491593,36.80705,128.028725,high,수옥폭포,충북 괴산군 연풍면 원풍리,verified,false,
몰운대,강원 정선군 화암면 몰운리 산43,37.316523,128.809684,19816212,https://map.naver.com/p/entry/place/19816212,37.3152917,128.8084589,high,몰운대,강원 정선군 화암면 몰운리 산43,verified,false,
파도리해변(해안동굴 인근),충남 태안군 소원면 파도리,36.738981,126.133582,,,,,failed,,,not_matched,false,
포천아트밸리,경기 포천시 신북면 아트밸리로 234,37.923174,127.237246,13221909,https://map.naver.com/p/entry/place/13221909,37.9232113,127.2372231,high,포천아트밸리,경기 포천시 신북면 아트밸리로 234 경기 포천시 신북면 기지리 282,verified,false,
쌍산재,전남 구례군 마산면 장수길 3-2,35.215754,127.498043,11823419,https://map.naver.com/p/entry/place/11823419,35.2157392,127.498023,high,쌍산재,전남광주 구례군 마산면 장수길 3-2 쌍산재 전남광주 구례군 마산면 사도리 632,verified,false,
계명대학교 성서캠퍼스,대구 달서구 달구벌대로 1095,35.855868,128.484537,16414172,https://map.naver.com/p/entry/place/16414172,35.8563229,128.4849685,high,계명대학교 성서캠퍼스의양관,대구 달서구 달구벌대로 1095 대구 달서구 신당동 1000-2,verified,false,
문경 선유동계곡,경북 문경시 가은읍 완장리,36.669582,127.976055,13491961,https://map.naver.com/p/entry/place/13491961,36.6712595,127.971675,mid,문경선유동계곡,경북 문경시 가은읍 완장리,verified,false,
무수천,제주 제주시 애월읍 광령리,33.461053,126.447644,13491633,https://map.naver.com/p/entry/place/13491633,33.4618867,126.4477854,high,무수천,제주 제주시 애월읍 광령리,verified,false,
마성 오픈세트장,경북 문경시 마성면 가은로 311-18,36.650822,128.079454,2066426562,https://map.naver.com/p/entry/place/2066426562,36.6508191,128.0794575,high,마성오픈세트장,경북 문경시 마성면 가은로 311-18 경북 문경시 마성면 하내리 590-5,verified,false,
바람의화원 오픈세트장,충북 괴산군 청천면 덕평리 산38-2,36.729875,127.799710,,,,,failed,,,not_matched,false,
경희대학교 평화의전당,서울 동대문구 경희대로 26,37.5986824730534,127.052773814646,13281132,https://map.naver.com/p/entry/place/13281132,37.5986917,127.0527474,mid,경희대학교서울캠퍼스평화의전당,서울 동대문구 경희대로 26 서울 동대문구 회기동 1-5,verified,false,
수영만 요트경기장,부산 해운대구 해운대해변로 84,35.16026170107591,129.14127264196568,,,,,failed,,,not_matched,false,
캐틀앤비 양재천점,서울 서초구 양재천로 131,37.4787997290078,127.041976048942,,,,,failed,,,not_matched,false,
합천영상테마파크,경남 합천군 용주면 합천호수로 757,35.54875124468043,128.0718460684288,13291032,https://map.naver.com/p/entry/place/13291032,35.5484071,128.0728405,high,합천영상테마파크,경남 합천군 용주면 합천호수로 757 경남 합천군 용주면 가호리 256-5,verified,false,
호텔 나루 서울 엠갤러리,서울 마포구 마포대로 8,,,1923905766,https://map.naver.com/p/entry/place/1923905766,37.5374497,126.9442803,mid,호텔 나루 서울 엠갤러리,서울 마포구 마포대로 8 호텔 나루 서울 엠갤러리 서울 마포구 마포동 450,verified,false,
송도 트리플스트리트,인천 연수구 송도과학로16번길 33-1,,,1764383386,https://map.naver.com/p/entry/place/1764383386,37.3800351,126.6605756,mid,트리플스트리트,인천 연수구 송도과학로16번길 33-1 인천 연수구 송도동 170-1,verified,false,
와동육교,경기 파주시 와동동 1471-1,,,,,,,failed,,,not_matched,false,
서울중앙지방법원,서울 서초구 서초중앙로 157,,,1366160733,https://map.naver.com/p/entry/place/1366160733,37.4980062,127.012256,mid,서울중앙지방법원 개방화장실,서울 서초구 서초중앙로 157 서울 서초구 서초동 1701-1,verified,false,
오크우드 프리미어 인천,인천 연수구 컨벤시아대로 165,,,35162649,https://map.naver.com/p/entry/place/35162649,37.389219,126.6445051,mid,오크우드프리미어 인천,인천 연수구 컨벤시아대로 165 오크우드 프리미어 인천 인천 연수구 송도동 6-10,verified,false,
헤이리마을 사거리,경기 파주시 탄현면 헤이리마을길 일대,,,,,,,failed,,,not_matched,false,
고양 선인장전시관,경기 고양시 일산동구 호수로 731,,,1014015652,https://map.naver.com/p/entry/place/1014015652,37.6570866,126.7612189,low,호수공원(선인장전시관),경기 고양시 일산동구 장항동,verified,false,
벚꽃마을 세종그라시아 앞 공원,경기 부천시 원미구 상이로 46 일대,,,,,,,failed,,,not_matched,false,
가톨릭대학교 의정부성모병원,경기 의정부시 천보로 271,,,11686906,https://map.naver.com/p/entry/place/11686906,37.7587045,127.0777625,mid,가톨릭대학교 의정부성모병원,경기 의정부시 천보로 271 가톨릭대학교 의정부성모병원 경기 의정부시 금오동 65-1,verified,false,
경희대 국제캠퍼스,경기 용인시 기흥구 덕영대로 1732,,,1585602073,https://map.naver.com/p/entry/place/1585602073,37.2461309,127.0767193,mid,뉴욕버거 경희대 국제캠퍼스점,경기 용인시 기흥구 덕영대로 1732 경희대 우정원 1층 푸드코트 내 경기 용인시 기흥구 서천동 1,verified,false,
안국빌딩,서울 종로구 율곡로 33,,,19468899,https://map.naver.com/p/entry/place/19468899,37.5759219,126.983388,mid,안국빌딩,서울 종로구 율곡로 33 서울 종로구 안국동 175-87,verified,false,
동호대교,서울 성동구 옥수동 487,,,18783095,https://map.naver.com/p/entry/place/18783095,37.5361223,127.0212191,mid,동호대교,서울 성동구 옥수동,verified,false,
콘래드 서울,서울 영등포구 국제금융로 10,,,21202909,https://map.naver.com/p/entry/place/21202909,37.5255723,126.9266143,mid,콘래드 서울 호텔,서울 영등포구 국제금융로 10 서울 국제금융 센터 서울 영등포구 여의도동 23,verified,false,
팔현캠프,경기 남양주시 오남읍 팔현로 175번길 310-60,,,13418485,https://map.naver.com/p/entry/place/13418485,37.6987001,127.2568979,mid,팔현캠프,경기 남양주시 오남읍 팔현로175번길 264 경기 남양주시 오남읍 팔현리 20,verified,false,
남산 일대,서울 용산구 용산동2가 산 1-11,,,,,,,failed,,,not_matched,false,
그랑시티 시그니처타워,경기 안산시 상록구 해양3로 15,,,1627294611,https://map.naver.com/p/entry/place/1627294611,37.2857613,126.8281224,mid,그랑시티 시그니처타워,경기 안산시 상록구 해양3로 15 경기 안산시 상록구 사동 1639-20,verified,false,
월드컵북로44길,서울 마포구 상암동 35-7,,,,,,,failed,,,not_matched,false,
월드컵북로48길,서울 마포구 상암동 36-28,,,,,,,failed,,,not_matched,false,
국회대로76길,서울 영등포구 여의도동 11-17,,,,,,,failed,,,not_matched,false,
왕십리로5길,서울 성동구 성수동1가 685-201,,,,,,,failed,,,not_matched,false,
송도라마다호텔,인천 연수구 능허대로267번길 29,,,11555545,https://map.naver.com/p/entry/place/11555545,37.4142032,126.6554124,mid,라마다 송도호텔,인천 연수구 능허대로267번길 29 인천 연수구 동춘동 812-1,verified,false,
스포츠타운길,강원 춘천시 삼천동 290-2,,,,,,,failed,,,not_matched,false,
가평성모병원,경기 가평군 가평읍 가화로 75,,,13233409,https://map.naver.com/p/entry/place/13233409,37.8265083,127.5148874,low,성모의원,경기 가평군 가평읍 가화로 75 성모의원 경기 가평군 가평읍 대곡리 232,verified,false,
군축교,강원 인제군 남면 남전리 704-2,,,15136311,https://map.naver.com/p/entry/place/15136311,38.0389146,128.1539463,mid,군축교,강원 인제군 남면 남전리,verified,false,
소양강 인제대교 앞,강원 인제군 남면 남전리 707-1,,,,,,,failed,,,not_matched,false,
성신여대 운정그린캠퍼스,서울 강북구 도봉로76가길 55,,,1995380768,https://map.naver.com/p/entry/place/1995380768,37.6322547,127.0275733,mid,더베이크 성신여대 운정그린캠퍼스점,서울 강북구 도봉로76가길 55 P동 10층 서울 강북구 미아동 147,verified,false,
세검정초등학교 버스정류장,서울 종로구 신영동 124-1,37.6024593796465,126.961287355465,,,,,failed,,,not_matched,false,
산본제일병원,경기 군포시 산본로 374,37.3636596397959,126.931147114043,11525836,https://map.naver.com/p/entry/place/11525836,37.3636652,126.9311607,high,산본제일병원,경기 군포시 산본로 374 산본제일병원 경기 군포시 산본동 1097-4,verified,false,
로미코리아 클래식카 차고,경기 파주시 탄현면 요풍길 68-23,37.7831437838105,126.684234016398,,,,,failed,,,not_matched,false,
거제도 근포땅굴,경남 거제시 남부면 근포3길 42-14,34.7228836813022,128.590211070941,1777930528,https://map.naver.com/p/entry/place/1777930528,34.7228936,128.5902243,high,근포땅굴,경남 거제시 남부면 근포3길 42-14 경남 거제시 남부면 저구리 450-1,verified,false,
거제 한옥펜션 소낭구,경남 거제시 일운면 서이말길 113,,,,,,,failed,,,not_matched,false,
에버랜드,경기도 용인시 처인구 포곡읍 에버랜드로 199,,,11574457,https://map.naver.com/p/entry/place/11574457,37.2933272,127.2013221,mid,에버랜드,경기 용인시 처인구 포곡읍 에버랜드로 199 경기 용인시 처인구 포곡읍 전대리 310,verified,false,
한탄강 하늘다리,경기도 포천시 영북면 비둘기낭길 207,,,1114984881,https://map.naver.com/p/entry/place/1114984881,38.0902223,127.2737558,mid,한탄강하늘다리,경기 포천시 영북면 운천리,verified,false,
지혜의숲,경기도 파주시 회동길 145,,,34178163,https://map.naver.com/p/entry/place/34178163,37.7086723,126.6867275,mid,지혜의숲,경기 파주시 회동길 145 경기 파주시 문발동 524-3,verified,false,
보정동 카페거리,경기도 용인시 기흥구 보정동 1344,,,,,,,failed,,,not_matched,false,
3·1만세운동길 계단,대구광역시 중구 동산동 261,,,,,,,failed,,,not_matched,false,
제부도 워터워크,경기도 화성시 서신면 제부리 190-198,,,,,,,failed,,,not_matched,false,
메디테리움 의학박물관,경기 파주시 회동길 338,,,1354573927,https://map.naver.com/p/entry/place/1354573927,37.7156096,126.6919271,mid,메디테리움 의학박물관,경기 파주시 회동길 338 경기 파주시 서패동 474-1,verified,false,
성신여자대학교 운정그린캠퍼스,서울 강북구 도봉로76가길 55,,,1804541411,https://map.naver.com/p/entry/place/1804541411,37.6322547,127.0275733,mid,성신여자대학교 운정그린캠퍼스,서울 강북구 도봉로76가길 55 서울 강북구 미아동 147,verified,false,
아침고요수목원,경기 가평군 상면 수목원로 432,,,11622274,https://map.naver.com/p/entry/place/11622274,37.7427259,127.352525,mid,아침고요수목원,경기 가평군 상면 수목원로 432 경기 가평군 상면 행현리 623-3,verified,false,
인천국제공항,인천 영종구 공항로 272,,,1609342642,https://map.naver.com/p/entry/place/1609342642,37.4411124,126.461462,mid,인천국제공항,인천 영종구 공항로424번길 47 인천 영종구 운서동 2850,verified,false,
합천영상테마파크,경남 합천군 용주면 합천호수로 757,,,13291032,https://map.naver.com/p/entry/place/13291032,35.5484071,128.0728405,mid,합천영상테마파크,경남 합천군 용주면 합천호수로 757 경남 합천군 용주면 가호리 256-5,verified,false,
당진문예의전당,충남 당진시 무수동2길 25-21,,,13282039,https://map.naver.com/p/entry/place/13282039,36.8905275,126.638037,mid,당진문예의전당,충남 당진시 무수동2길 25-21 충남 당진시 읍내동 1062,verified,false,
무원마을 버스정류장,경기 고양시 덕양구 행신동 무원마을단독주택단지,,,,,,,failed,,,not_matched,false,
비맨션,경기 부천시 소사구 소사동로 205,,,2081676435,https://map.naver.com/p/entry/place/2081676435,37.4798489,126.8150822,mid,카페비맨션,경기 부천시 소사구 소사동로 205 3층 경기 부천시 소사구 괴안동 248-2,verified,false,
서강대교,서울 영등포구 여의도동 83-1,,,18999808,https://map.naver.com/p/entry/place/18999808,37.5378529,126.9255699,mid,서강대교,서울 영등포구 여의도동,verified,false,
스위스 그랜드 호텔,서울 서대문구 연희로 353,,,11635169,https://map.naver.com/p/entry/place/11635169,37.5890146,126.9340625,mid,스위스 그랜드 호텔,서울 서대문구 연희로 353 서울 서대문구 홍은동 201-1,verified,false,
에어플레인모드,서울 서대문구 연세로4길 36,,,1237443583,https://map.naver.com/p/entry/place/1237443583,37.5577072,126.9386878,mid,에어플레인모드,서울 서대문구 연세로4길 36 2층 서울 서대문구 창천동 13-36,verified,false,
웅진플레이도시,경기 부천시 원미구 조마루로 2,,,13294864,https://map.naver.com/p/entry/place/13294864,37.4999701,126.7442353,mid,웅진플레이도시,경기 부천시 원미구 조마루로 2 경기 부천시 원미구 상동 572-1,verified,false,
이촌로29길 철도건널목,서울 용산구 이촌로29길 25,,,,,,,failed,,,not_matched,false,
잉글랜드돈까스,인천 제물포구 우현로90번길 7,,,11671277,https://map.naver.com/p/entry/place/11671277,37.4741645,126.6310486,mid,잉글랜드 경양식돈까스,인천 제물포구 우현로90번길 7 혜성빌딩 2층 인천 제물포구 인현동 26-8,verified,false,
중계마을,서울 노원구 중계본동 104-3,,,17111001,https://map.naver.com/p/entry/place/17111001,34.9124487,126.6205625,low,중계마을,전남광주 영암군 시종면 전남광주 영암군 시종면 월악리,verified,false,
백범광장 버스정류장,서울 중구 퇴계로8길 94,,,,,,,failed,,,not_matched,false,
알로프트 서울 명동,서울 중구 남대문로 56,,,560390129,https://map.naver.com/p/entry/place/560390129,37.5623071,126.9819084,mid,알로프트 바이 메리어트 서울 명동,서울 중구 남대문로 56 서울 중구 명동2가 104,verified,false,
미래농원 MRNW,대구 북구 호국로 300-22,,,1818837708,https://map.naver.com/p/entry/place/1818837708,35.9299561,128.6007754,mid,mrnw,대구 북구 호국로 300-22 주차장은 일방 통행길쪽 대구 북구 서변동 495-9,verified,false,
상주중앙시장,경북 상주시 중앙시장길 40-50 일대,,,13347428,https://map.naver.com/p/entry/place/13347428,36.4136439,128.161378,mid,상주중앙시장,경북 상주시 중앙시장길 1-7 경북 상주시 남성동 86-3,verified,false,
두호동 해안로,경북 포항시 북구 해안로 231,,,,,,,failed,,,not_matched,false,
한밤마을 돌담길,대구 군위군 부계면 한밤2길 10 일대,,,,,,,failed,,,not_matched,false,
소소밀밀 서악점,경북 경주시 능남길 15,,,910373277,https://map.naver.com/p/entry/place/910373277,35.8374934,129.2107872,mid,소소밀밀 그림책서점,경북 경주시 포석로1092번길 16 소소밀밀 경북 경주시 황남동 251-2,verified,false,
백빈건널목(삼각지 철길건널목),서울 용산구 한강로3가 40-1007,37.525112,126.960790,,,,,failed,,,not_matched,false,
정희네(정희의 집·편의점),인천 제물포구 제물량로341번길 43,37.482798,126.619095,,,,,failed,,,not_matched,false,
국립중앙도서관,서울 서초구 반포대로 201,37.497423,127.003227,11591186,https://map.naver.com/p/entry/place/11591186,37.4974297,127.0031015,high,국립중앙도서관,서울 서초구 반포대로 201 서울 서초구 반포동 산60-1,verified,false,
팔달공원,경기 수원시 팔달구 팔달산로 108,37.277604,127.010365,13197662,https://map.naver.com/p/entry/place/13197662,37.277575,127.010738,mid,팔달공원,경기 수원시 팔달구 고등동 42-140,verified,false,
운현궁,서울 종로구 삼일대로 464,37.576226,126.987086,11619094,https://map.naver.com/p/entry/place/11619094,37.5761249,126.98705,high,운현궁,서울 종로구 삼일대로 464 운현궁 서울 종로구 운니동 114-10,verified,false,
세종문화회관,서울 종로구 세종대로 175,37.572595,126.975779,11576170,https://map.naver.com/p/entry/place/11576170,37.5722464,126.9757647,high,세종문화회관,"서울 종로구 세종대로 175 , 1층 서울 종로구 세종로 81-3",verified,false,
정수사(강화),인천 강화군 화도면 해안남로1258번길 142,37.607782,126.445604,16563662,https://map.naver.com/p/entry/place/16563662,37.6078094,126.4456081,high,정수사,인천 강화군 화도면 해안남로1258번길 142 인천 강화군 화도면 사기리 467-3,verified,false,
동호대교,서울 성동구 옥수동 487,37.536324,127.021159,18783095,https://map.naver.com/p/entry/place/18783095,37.5361223,127.0212191,high,동호대교,서울 성동구 옥수동,verified,false,
국제성모병원 장례식장,인천 서구 심곡동 291,37.542743,126.684097,,,,,failed,,,not_matched,false,
돌담 권역외상센터 세트장,경기 포천시 영북면 산정리(산정호수 일대),38.071161,127.320868,,,,,failed,,,not_matched,false,
청계천,서울특별시 종로구 서린동 148,37.5691469686793,126.978647068151,13491093,https://map.naver.com/p/entry/place/13491093,37.5696512,127.0056375,mid,청계천,서울 종로구 창신동,verified,false,
IFC서울,서울특별시 영등포구 국제금융로 10,37.5250055230105,126.925874436207,950906101,https://map.naver.com/p/entry/place/950906101,37.5252647,126.9258166,high,IFC서울,서울 영등포구 국제금융로 10 서울 영등포구 여의도동 23-1,verified,false,
29펍 Tokyo Elegant 4호점,서울특별시 강남구 강남대로110길 14,37.50375500787789,127.02606620105381,1899240326,https://map.naver.com/p/entry/place/1899240326,37.5038353,127.0260056,mid,29펍 신논현역점 TOKYO Elegant,서울 강남구 강남대로110길 14 지하1층 서울 강남구 역삼동 810-18,verified,false,
그랜드 워커힐 서울 애스톤하우스,경기 구리시 아차산로 1,37.5599296185078,127.113284244788,1473977395,https://map.naver.com/p/entry/place/1473977395,37.5598902,127.1132471,high,그랜드 워커힐 서울 애스톤하우스,경기 구리시 아차산로 1 워커힐호텔 경기 구리시 아천동 310-1,verified,false,
배팅연습장(남영역),서울 용산구 한강대로81길 32,37.5421127466826,126.971532239389,,,,,failed,,,not_matched,false,
용연리마을(용두리),경북 문경시 문경읍 용연길 97-6,36.7772112014644,128.174225238258,,,,,failed,,,not_matched,false,
문경철로자전거 구랑리역,경북 문경시 마성면 구랑로 20,36.66098884453637,128.09932042498332,,,,,failed,,,not_matched,false,
가람마루 전망대(건지마을 전망대),충북 충주시 동량면 조동리 산 180-14,37.00885851709,127.991836410816,,,,,failed,,,not_matched,false,
문경새재도립공원,경북 문경시 문경읍 새재로 932,36.7619075850083,128.07668565475,11491525,https://map.naver.com/p/entry/place/11491525,36.762714,128.075545,high,문경새재도립공원,경북 문경시 문경읍 새재로 932 경북 문경시 문경읍 상초리 288-1,verified,false,
봉천사,경북 문경시 호계면 봉서2길 201,36.6296057601921,128.227393139077,920908787,https://map.naver.com/p/entry/place/920908787,36.6296113,128.2273878,high,봉천사,경북 문경시 호계면 봉서2길 201 경북 문경시 호계면 봉서리 37-7,verified,false,
국립중앙박물관,서울 용산구 서빙고로 137,,,11620570,https://map.naver.com/p/entry/place/11620570,37.5240867,126.980388,mid,국립중앙박물관,서울 용산구 서빙고로 137 국립중앙박물관 서울 용산구 용산동6가 168-6,verified,false,
파라다이스시티 아트파라디소 새라새,인천 중구 영종해안남로321번길 186,,,,,,,failed,,,not_matched,false,
논현역 교차로,서울 서초구 잠원동 37-12,,,,,,,failed,,,not_matched,false,
순복음강남교회,서울 강남구 역삼로8길 12,,,12034730,https://map.naver.com/p/entry/place/12034730,37.4933127,127.0334431,mid,순복음강남교회,서울 강남구 역삼로8길 12 순복음강남교회 서울 강남구 역삼동 833-6,verified,false,
뵈르뵈르,서울 성동구 연무장7길 6,,,2061739383,https://map.naver.com/p/entry/place/2061739383,35.1497535,129.1125266,low,뵈르뵈르 광안점,부산 수영구 남천바다로 15 1층 부산 수영구 광안동 188-6,verified,false,
바우뫼로41길,서울 서초구 양재동 7-1,,,,,,,failed,,,not_matched,false,
마방로6길,서울 서초구 마방로6길 7-63,,,,,,,failed,,,not_matched,false,
웨이브앤샌드,서울 서초구 언남11길 34-2,,,1307597869,https://map.naver.com/p/entry/place/1307597869,37.4760177,127.0436362,mid,웨이브앤샌드,서울 서초구 언남11길 34-13 1층 웨이브앤샌드 서울 서초구 양재동 267-5,verified,false,
선고리 마을길,충북 제천시 덕산면 선고리 1708,36.8938676221144,128.19714266242,,,,,failed,,,not_matched,false,
서동요테마파크,충남 부여군 충화면 가화리 281-3,36.1444664598795,126.823866371031,19493854,https://map.naver.com/p/entry/place/19493854,36.1453019,126.8235304,high,서동요테마파크,충남 부여군 충화면 충신로 616 충남 부여군 충화면 가화리 270,verified,false,
옛 호서극장,충남 공주시 중동 199,36.4530620024972,127.12381627041,,,,,failed,,,not_matched,false,
미술관 자작나무숲,강원 횡성군 우천면 두곡리 5,37.4927626005527,128.050002973568,11664574,https://map.naver.com/p/entry/place/11664574,37.4927659,128.0496392,high,미술관 자작나무숲,강원 횡성군 우천면 한우로두곡5길 186 강원 횡성군 우천면 두곡리 5,verified,false,
감영길,충남 공주시 반죽동 170-1,36.4528542938369,127.12284734673,,,,,failed,,,not_matched,false,
세이지우드 홍천,강원 홍천군 두촌면 괘석리 산 25,37.8860055264791,128.118713519224,1194921077,https://map.naver.com/p/entry/place/1194921077,37.8859653,128.1186712,high,세이지우드 홍천,강원 홍천군 두촌면 광석로 898-160 강원 홍천군 두촌면 괘석리 산25,verified,false,
불암산 애기봉,경기 남양주시 별내동 산 237-1,37.6648726372514,127.09893328882,1660042405,https://map.naver.com/p/entry/place/1660042405,37.660829,127.1018198,mid,애기봉,경기 남양주시 식송1로 236-88 경기 남양주시 별내동 산237-1,verified,false,
콘래드37그릴앤바,서울 영등포구 여의도동 23,37.5249785804442,126.925298305571,,,,,failed,,,not_matched,false,
서울타워,서울 용산구 용산동2가 산 1-3,37.5489431139548,126.989404159753,11662870,https://map.naver.com/p/entry/place/11662870,37.5512168,126.9882475,mid,N서울타워,서울 용산구 남산공원길 105 서울 용산구 용산동2가 산1-3,verified,false,
뮤지엄 산 명상관,강원 원주시 지정면 월송리 999-13,37.4181979617707,127.823234544294,1676988333,https://map.naver.com/p/entry/place/1676988333,37.4155602,127.8235701,high,뮤지엄산,강원 원주시 지정면 오크밸리2길 260 뮤지엄산 강원 원주시 지정면 월송리 999-13,verified,false,
인천국제공항 제1여객터미널,인천 중구 운서동 2851,37.4478413047644,126.452569722753,11577227,https://map.naver.com/p/entry/place/11577227,37.4493294,126.4508231,low,인천국제공항 제1여객터미널,인천 영종구 공항로 271 인천국제공항역 인천 영종구 운서동 2851,verified,false,
인스파이어 엔터테인먼트 리조트,인천 중구 운서동 2955-74,37.465436913645,126.387985373465,1351366993,https://map.naver.com/p/entry/place/1351366993,37.4656042,126.3897638,low,인스파이어 엔터테인먼트 리조트,인천 영종구 공항문화로 127 인천 영종구 운서동 2955-74,verified,false,
공지로 촬영 지점,강원 춘천시 공지로 387,,,,,,,failed,,,not_matched,false,
서울마포경찰서 월드컵지구대,서울 마포구 월드컵북로30길 24,,,32053302,https://map.naver.com/p/entry/place/32053302,37.5687465,126.9091061,mid,월드컵지구대,서울 마포구 월드컵북로30길 24 월드컵지구대 서울 마포구 성산동 602,verified,false,
꿈의숲아트센터,서울 강북구 월계로 173,,,13220399,https://map.naver.com/p/entry/place/13220399,37.6214823,127.0385372,mid,북서울꿈의숲아트센터,서울 강북구 월계로 173 서울 강북구 번동 90,verified,false,
가천대 길병원,인천 남동구 남동대로774번길 21,,,11559098,https://map.naver.com/p/entry/place/11559098,37.452171,126.7092258,mid,가천대 길병원,인천 남동구 남동대로774번길 21 인천 남동구 구월동 1198,verified,false,
WE ARE YOUNG 벽화,서울 종로구 율곡로3길 64,,,,,,,failed,,,not_matched,false,
덕성여자고등학교,서울 종로구 율곡로3길 50,,,12002126,https://map.naver.com/p/entry/place/12002126,37.5776753,126.9829957,mid,덕성여자고등학교,서울 종로구 율곡로3길 50 덕성여자고등학교 서울 종로구 안국동 37-1,verified,false,
북촌마을안내소,서울 종로구 북촌로5길 48,,,1371037124,https://map.naver.com/p/entry/place/1371037124,37.5795515,126.983188,mid,북촌마을안내소,서울 종로구 북촌로5길 48 서울 종로구 화동 2,verified,false,
일산문화공원,경기 고양시 일산동구 중앙로 1271-4,,,19056741,https://map.naver.com/p/entry/place/19056741,37.6753867,126.7648142,low,문화공원,경기 고양시 일산서구 주엽동 77,verified,false,
서울어린이대공원 정문,서울 광진구 능동로 216,,,1297007567,https://map.naver.com/p/entry/place/1297007567,37.5490653,127.0770668,mid,이마트24 서울어린이대공원정문점,서울 광진구 능동로 238 서울 광진구 능동 18,verified,false,
자양역 옛 뚝섬유원지역,서울 광진구 능동로 10,,,,,,,failed,,,not_matched,false,
성보고등학교 정문,서울 관악구 남부순환로156길 39,,,18726759,https://map.naver.com/p/entry/place/18726759,37.481031,126.9205636,mid,성보고등학교정문,서울 관악구 신림동,verified,false,
고양종합터미널,경기 고양시 일산동구 중앙로 1036,,,21336976,https://map.naver.com/p/entry/place/21336976,37.642978,126.7898736,mid,고양종합터미널,경기 고양시 일산동구 중앙로 1036 경기 고양시 일산동구 백석동 1242,verified,false,
여의도환승센터,서울 영등포구 여의도동 2-11,,,34975485,https://map.naver.com/p/entry/place/34975485,37.5259892,126.9240591,mid,여의도환승센터,서울 영등포구 여의도동,verified,false,
스탠포드호텔 서울,서울 마포구 월드컵북로58길 15,,,634033964,https://map.naver.com/p/entry/place/634033964,37.5823364,126.8866529,mid,스탠포드호텔 서울 웨딩,서울 마포구 월드컵북로58길 15 2층 서울 마포구 상암동 1587,verified,false,
수원지방법원 안산지원,경기 안산시 단원구 광덕서로 75,,,11668387,https://map.naver.com/p/entry/place/11668387,37.3119166,126.8264251,mid,수원지방법원 안산지원,경기 안산시 단원구 광덕서로 75 수원지방법원안산지원청사 경기 안산시 단원구 고잔동 711,verified,false,
상동호수공원,경기 부천시 원미구 조마루로 15,,,1685397216,https://map.naver.com/p/entry/place/1685397216,37.5024716,126.7453352,mid,상동호수공원매점,경기 부천시 원미구 상동,verified,false,
서울영등포경찰서,서울 영등포구 국회대로 608,,,11642496,https://map.naver.com/p/entry/place/11642496,37.5258475,126.9009425,mid,서울영등포경찰서,서울 영등포구 국회대로 608 서울 영등포구 당산동3가 2-11,verified,false,
건국대학교 청심대,서울 광진구 능동로 120,,,18834266,https://map.naver.com/p/entry/place/18834266,37.542412,127.0768533,mid,건국대학교 서울캠퍼스청심대,서울 광진구 능동로 120 서울 광진구 화양동 1,verified,false,
서울특별시 보라매병원,서울 동작구 보라매로5길 20,,,11814778,https://map.naver.com/p/entry/place/11814778,37.4934413,126.9239058,mid,서울특별시보라매병원,서울 동작구 보라매로5길 20 서울특별시보라매병원 서울 동작구 신대방동 425,verified,false,
YTN 뉴스퀘어,서울 마포구 상암산로 76,,,11626729,https://map.naver.com/p/entry/place/11626729,37.5792102,126.8924972,mid,YTN뉴스퀘어,서울 마포구 상암산로 76 서울 마포구 상암동 1607,verified,false,
서울의료원,서울 중랑구 신내로 156,,,33179382,https://map.naver.com/p/entry/place/33179382,37.6132923,127.0974983,mid,서울의료원어린이집,서울 중랑구 신내로 156 서울의료원 서울 중랑구 신내동 316,verified,false,
안성팜랜드,경기 안성시 공도읍 대신두길 28,,,1055355360,https://map.naver.com/p/entry/place/1055355360,36.992092,127.1943758,mid,해빛 안성팜랜드점,경기 안성시 공도읍 대신두길 28 경기 안성시 공도읍 신두리 451,verified,false,
서대문형무소역사관,서울 서대문구 통일로 251,,,12384776,https://map.naver.com/p/entry/place/12384776,37.5742887,126.9562269,mid,서대문형무소역사관,서울 서대문구 통일로 251 서대문형무소역사관 서울 서대문구 현저동 101,verified,false,
삼척해수욕장,강원 삼척시 갈천동 14-22,,,11491725,https://map.naver.com/p/entry/place/11491725,37.4683792,129.16873,mid,삼척해수욕장,강원 삼척시 갈천동,verified,false,
청주교육대학교,충청북도 청주시 서원구 청남로 2065,36.616043,127.484972,11591640,https://map.naver.com/p/entry/place/11591640,36.6164054,127.4850571,high,청주교육대학교,충북 청주시 서원구 청남로 2065 청주교육대학교 충북 청주시 서원구 수곡동 135-1,verified,false,
세이지우드 홍천,강원특별자치도 홍천군 두촌면 광석로 898-160,37.885966,128.118672,1194921077,https://map.naver.com/p/entry/place/1194921077,37.8859653,128.1186712,high,세이지우드 홍천,강원 홍천군 두촌면 광석로 898-160 강원 홍천군 두촌면 괘석리 산25,verified,false,
엘리시안강촌 스키장,강원특별자치도 춘천시 남산면 북한강변길 688,37.819615,127.588232,15648643,https://map.naver.com/p/entry/place/15648643,37.8167312,127.5879198,mid,엘리시안강촌스키장,강원 춘천시 남산면 북한강변길 688 강원 춘천시 남산면 백양리 29-1,verified,false,
의정부 행복로,경기도 의정부시 행복로 12,37.739750,127.048839,2095358405,https://map.naver.com/p/entry/place/2095358405,37.7397875,127.0487427,mid,맘스터치 의정부 행복로점,경기 의정부시 행복로 12 2층 경기 의정부시 의정부동 179-16,verified,false,
오산 드라마세트장,경기도 오산시 내삼미동 240,,,1152797204,https://map.naver.com/p/entry/place/1152797204,37.1801075,127.0628546,low,오산시청 드라마세트장관광안내소,경기 오산시 북삼미로 42 어서오산 휴센터 1층 경기 오산시 내삼미동 269-4,verified,false,
사성암,전라남도 구례군 문척면 사성암길 303,,,13322411,https://map.naver.com/p/entry/place/13322411,35.1801005,127.4806127,mid,사성암,전남광주 구례군 문척면 사성암길 303 전남광주 구례군 문척면 죽마리 산7-1,verified,false,
아홉산숲,부산광역시 기장군 철마면 미동길 37-1,,,36513659,https://map.naver.com/p/entry/place/36513659,35.287641,129.17092,mid,아홉산숲,부산 기장군 철마면 미동길 31 부산 기장군 철마면 웅천리 480,verified,false,
동백섬,부산광역시 해운대구 우동 710-1,,,11491874,https://map.naver.com/p/entry/place/11491874,35.1539199,129.152185,mid,동백섬,부산 해운대구 우동 710-1,verified,false,
마린시티 영화의 거리,부산광역시 해운대구 마린시티1로 91,,,,,,,failed,,,not_matched,false,
벡스코,부산광역시 해운대구 APEC로 55,,,1775509069,https://map.naver.com/p/entry/place/1775509069,37.5640096,126.806737,low,벡스코,서울 강서구 개화동로27가길 4 서울 강서구 방화동 620-209,verified,false,
수영만요트경기장,부산광역시 해운대구 해운대해변로 84,,,,,,,failed,,,not_matched,false,
다대포해수욕장,부산광역시 사하구 몰운대1길 14,,,13491855,https://map.naver.com/p/entry/place/13491855,35.0471271,128.9632342,mid,다대포해수욕장,부산 사하구 다대동,verified,false,
부산외국어대학교 남산동캠퍼스,부산광역시 금정구 금샘로485번길 65,,,11591561,https://map.naver.com/p/entry/place/11591561,35.2670499,129.07905,mid,부산외국어대학교,부산 금정구 금샘로485번길 65 부산외국어대학교 부산 금정구 남산동 857-1,verified,false,
국립부산국악원,부산광역시 부산진구 국악로 2,,,13111142,https://map.naver.com/p/entry/place/13111142,35.1714921,129.0542705,mid,국립부산국악원,부산 부산진구 국악로 2 국립부산국악원 부산 부산진구 연지동 219-2,verified,false,
이기대공원,부산광역시 남구 용호동 산25,,,13338933,https://map.naver.com/p/entry/place/13338933,35.1155515,129.1232661,mid,이기대공원,부산 남구 용호동 산122,verified,false,
충무동 새벽시장,부산광역시 서구 해안새벽시장길 68,,,35150267,https://map.naver.com/p/entry/place/35150267,35.093299,129.0247793,mid,충무동새벽시장,부산 서구 해안새벽시장길 68 부산 서구 남부민동 684,verified,false,
부산광역시 교통정보서비스센터,부산광역시 연제구 고분로 221,,,13479035,https://map.naver.com/p/entry/place/13479035,35.1849286,129.1057592,mid,교통정보서비스센터,부산 연제구 고분로 221 부산 연제구 연산동 243-6,verified,false,
주문진방파제,강원특별자치도 강릉시 주문진읍 교항리,37.8798554564007,128.834204251177,15696330,https://map.naver.com/p/entry/place/15696330,37.8876911,128.8331207,mid,주문진방파제,강원 강릉시 주문진읍 주문리,verified,false,
경포대,강원특별자치도 강릉시 경포로 365,37.7950741626953,128.896636344738,11663850,https://map.naver.com/p/entry/place/11663850,37.7950602,128.8966038,high,경포대,강원 강릉시 경포로 365 강원 강릉시 저동 94,verified,false,
전등사,인천 강화군 길상면 전등사로 37-41,37.6321456856267,126.484778944969,11664022,https://map.naver.com/p/entry/place/11664022,37.631976,126.4846851,high,전등사,인천 강화군 길상면 전등사로 37-41 인천 강화군 길상면 온수리 635,verified,false,
송도센트럴파크,인천 연수구 송도동 24-5,37.393063959939425,126.63862968940775,20118926,https://map.naver.com/p/entry/place/20118926,37.3913127,126.6406007,high,송도 센트럴파크,인천 연수구 컨벤시아대로 160 인천 연수구 송도동 24-5,verified,false,
나주영상테마파크 너와저잣거리,전남 나주시 공산면 신곡리 1042,,,,,,,failed,,,not_matched,false,
사근용답간인도교,서울 성동구 사근동 235-1,37.5624925499828,127.050036387802,2146316710,https://map.naver.com/p/entry/place/2146316710,37.5625048,127.0500806,high,사근용답간인도교,서울 성동구 서울 성동구 사근동,verified,false,
북촌한옥마을,서울 종로구 북촌로 53,37.581768153833444,126.98481245064092,13034552,https://map.naver.com/p/entry/place/13034552,37.581354,126.9850839,mid,북촌 한옥마을,서울 종로구 계동길 37 서울 종로구 계동 105,verified,false,
건국대학교(일감호),서울 광진구 능동로 120,37.543536094587516,127.07741635877292,,,,,failed,,,not_matched,false,
월정사,강원특별자치도 평창군 진부면 오대산로 374-8,37.73175082498766,128.59212296344094,11663919,https://map.naver.com/p/entry/place/11663919,37.731845,128.592601,high,월정사,강원 평창군 진부면 오대산로 374-8 월정사 강원 평창군 진부면 동산리 63-1,verified,false,
삼청동거리,서울 종로구 팔판동 67-1,37.5820641053666,126.981482777468,,,,,failed,,,not_matched,false,
반포한강공원,서울 서초구 반포동 115-5,37.51081992690844,126.99716104081192,13416963,https://map.naver.com/p/entry/place/13416963,37.5100172,126.995032,high,반포 한강공원,서울 서초구 신반포로11길 40 한강공원 반포 안내센터 서울 서초구 반포동 115-5,verified,false,
인천국제공항 제1여객터미널,인천 영종구 공항로 272,37.44917416578355,126.45092032325644,11577227,https://map.naver.com/p/entry/place/11577227,37.4493294,126.4508231,high,인천국제공항 제1여객터미널,인천 영종구 공항로 271 인천국제공항역 인천 영종구 운서동 2851,verified,false,
강릉중앙시장,강원특별자치도 강릉시 금성로 21,37.754025117657804,128.8986237900098,1443344345,https://map.naver.com/p/entry/place/1443344345,37.7539977,128.8986328,high,강릉중앙시장번영회,강원 강릉시 금성로 21 강원 강릉시 성남동 50,verified,false,
강릉월화거리,강원특별자치도 강릉시 경강로 2111,37.755909823698,128.897496501722,1287320440,https://map.naver.com/p/entry/place/1287320440,37.7560515,128.8973036,high,월화거리,강원 강릉시 경강로 2111 강원 강릉시 임당동 106-1,verified,false,
호서대학교 아산캠퍼스 세출소류지,충남 아산시 배방읍 호서로79번길 20,36.7354919411134,127.074101992493,,,,,failed,,,not_matched,false,
부안영상테마파크,전북 부안군 변산면 격포로 309-64,35.6217966399436,126.485366697404,1096343920,https://map.naver.com/p/entry/place/1096343920,35.6217859,126.4853751,high,부안영상테마파크,전북 부안군 변산면 격포로 309-64 전북 부안군 변산면 격포리 374,verified,false,
용인대장금파크,경기 용인시 처인구 백암면 용천드라마길 25,37.1194440425504,127.337088732809,13523487,https://map.naver.com/p/entry/place/13523487,37.1214426,127.3369462,high,용인대장금파크,경기 용인시 처인구 백암면 용천드라마길 25 경기 용인시 처인구 백암면 용천리 778-1,verified,false,
도봉산,서울 도봉구 도봉산길 92-1,37.6949273722736,127.015080208308,13491821,https://map.naver.com/p/entry/place/13491821,37.6988562,127.0154918,mid,도봉산,서울 도봉구 도봉동,verified,false,
경기전,전북 전주시 완산구 태조로 44,35.8149865196345,127.150208050981,17450388,https://map.naver.com/p/entry/place/17450388,35.8140596,127.1511577,mid,경기전길,전북 전주시 완산구 교동,verified,false,
경주 오릉,경북 경주시 포석로 907,35.8231949525119,129.208290562502,20098998,https://map.naver.com/p/entry/place/20098998,35.8234594,129.2088209,mid,경주 오릉,경북 경주시 탑동 67-1,verified,false,
학원농장,전북 고창군 공음면 학원농장길 142,35.3753953270893,126.543330621694,17682347,https://map.naver.com/p/entry/place/17682347,35.3755192,126.542922,high,학원농장식당,전북 고창군 공음면 학원농장길 142 전북 고창군 공음면 예전리 469-4,verified,false,
문경새재 오픈세트장,경북 문경시 문경읍 새재로 1037,36.7711781142953,128.073971379538,37844946,https://map.naver.com/p/entry/place/37844946,36.7714697,128.0740046,high,문경새재 오픈세트장,경북 문경시 문경읍 상초리 84-2,verified,false,
옥산천,경북 경주시 안강읍 옥산리,36.0112341831224,129.162919976058,,,,,failed,,,not_matched,false,
문경새재 제2관문 조곡관,경북 문경시 문경읍 상초리,36.7892787839213,128.066444897621,15393964,https://map.naver.com/p/entry/place/15393964,36.7893446,128.065685,high,문경새재 제2관문 조곡관,경북 문경시 문경읍 새재로 1304 경북 문경시 문경읍 상초리 산42-1,verified,false,
세운 대림상가아파트,서울특별시 중구 을지로 157,37.5671458986322,126.995451191045,1420632263,https://map.naver.com/p/entry/place/1420632263,37.563902,126.9957425,low,신성상가아파트,서울 중구 마른내로 72 인현상가 서울 중구 인현동2가 192-30,verified,false,
T.G.I.프라이데이스 롯데백화점 일산점,경기도 고양시 일산동구 중앙로 1283,37.6604717553584,126.77212625922,,,,,failed,,,not_matched,false,
장암저수지(국망봉자연휴양림),경기도 포천시 이동면 장암리,38.0519146282801,127.358962835717,,,,,failed,,,not_matched,false,
던킨도너츠(남대문로1길),서울특별시 중구 남대문로1길 60,37.5636747018255,126.977790455377,,,,,failed,,,not_matched,false,
SMC신라메디컬의원,서울특별시 강남구 언주로 517,37.5042815416175,127.04154245088,,,,,failed,,,not_matched,false,
청계천,서울 종로구 서린동 148,37.569147,126.978647,13491093,https://map.naver.com/p/entry/place/13491093,37.5696512,127.0056375,mid,청계천,서울 종로구 창신동,verified,false,
서울어린이대공원,서울 광진구 능동로 216,37.549977,127.080235,11796387,https://map.naver.com/p/entry/place/11796387,37.5498986,127.0809212,high,서울어린이대공원,서울 광진구 능동로 216 서울 광진구 능동 18,verified,false,
성신여자대학교 미아운정그린캠퍼스,서울 강북구 도봉로76가길 55,37.632019,127.027229,,,,,failed,,,not_matched,false,
일산호수공원,경기 고양시 일산동구 호수로 595,37.656136,126.764142,1644398830,https://map.naver.com/p/entry/place/1644398830,37.6591853,126.7610008,mid,일산호수공원,경기 고양시 일산동구 호수로 731 경기 고양시 일산동구 장항동 906,verified,false,
오크밸리리조트,강원특별자치도 원주시 지정면 오크밸리1길 66,37.434470,127.817561,1808810497,https://map.naver.com/p/entry/place/1808810497,37.4343237,127.8175128,high,오크밸리리조트 풀스넥,강원 원주시 지정면 오크밸리1길 66 강원 원주시 지정면 월송리 1061,verified,false,
거풍아트랜드스케이프센터,경기 남양주시 별내면 청학로247번길 54,,,,,,,failed,,,not_matched,false,
앤드테라스 파주점,경기 파주시 오도동 216-1,37.7477883870008,126.719335225738,1696419624,https://map.naver.com/p/entry/place/1696419624,37.7477373,126.7195189,high,앤드테라스 파주점,경기 파주시 오도로 91 앤드테라스 경기 파주시 오도동 216-1,verified,false,
수원시립미술관,경기 수원시 팔달구 신풍동 238-1,37.2826953944131,127.015754773892,36513873,https://map.naver.com/p/entry/place/36513873,37.2826678,127.0158193,high,수원시립미술관,경기 수원시 팔달구 정조로 833 경기 수원시 팔달구 신풍동 238-1,verified,false,
삼성본병원,경기 오산시 외삼미동 641,37.1910866493677,127.061580541752,1105479475,https://map.naver.com/p/entry/place/1105479475,37.1909363,127.0614731,high,삼성본병원,경기 오산시 북삼미로 175 경기 오산시 외삼미동 641,verified,false,
한국지도자아카데미,경기 시흥시 목감동 산8-1,37.4000728525756,126.870746884722,404134353,https://map.naver.com/p/entry/place/404134353,37.3997487,126.8708375,high,한국지도자아카데미,경기 시흥시 동서로 1262 경기 시흥시 목감동 산8-1,verified,false,
로케이션 어스,경기 파주시 축현리 283-41,37.8032540637756,126.730281078278,1745214290,https://map.naver.com/p/entry/place/1745214290,37.761547,126.8088471,low,로케이션어스,경기 파주시 조리읍 등원로91번길 11 1층 경기 파주시 조리읍 등원리 7-3,verified,false,
코리아나호텔,서울 중구 세종대로 135,37.5683019063811,126.97664583425,11583201,https://map.naver.com/p/entry/place/11583201,37.5683348,126.9765839,high,코리아나 호텔,서울 중구 세종대로 135 코리아나호텔 서울 중구 태평로1가 61-1,verified,false,
일민미술관,서울 종로구 세종대로 152,37.5697955938153,126.977665029004,11620339,https://map.naver.com/p/entry/place/11620339,37.569836,126.9776958,high,일민미술관,서울 종로구 세종대로 152 일민미술관 서울 종로구 세종로 139-8,verified,false,
한국프레스센터,서울 중구 세종대로 124,37.567418716091,126.97787106804,18688129,https://map.naver.com/p/entry/place/18688129,37.5675592,126.9778959,high,한국프레스센터,서울 중구 세종대로 124 서울 중구 태평로1가 25,verified,false,
정부서울청사,서울 종로구 세종대로 209,37.57494148278842,126.97514065344677,1210541820,https://map.naver.com/p/entry/place/1210541820,37.5749805,126.9751708,high,정부서울청사 본관,서울 종로구 세종대로 209 서울 종로구 세종로 77-6,verified,false,
인천국제공항 제2여객터미널,인천 중구 제2터미널대로 444,37.4684322176904,126.437520618366,1559888035,https://map.naver.com/p/entry/place/1559888035,37.4689748,126.4333961,low,인천국제공항 제2여객터미널,"인천 영종구 제2터미널대로 446 , 3층 인천 영종구 운서동 2868",verified,false,
제주 비밀의 숲,제주특별자치도 제주시 구좌읍 비자림로 1741-212,33.4537132534714,126.755312777251,1104457165,https://map.naver.com/p/entry/place/1104457165,33.4541839,126.7556064,high,비밀의숲,제주 제주시 구좌읍 송당리 2173,verified,false,
남산중앙교회 인근 주택(도기·고은의 집),서울 용산구 두텁바위로60길 74,37.54829689626989,126.98368196074098,,,,,failed,,,not_matched,false,
의정부지방검찰청,경기 의정부시 녹양로34번길 23,37.7549192994141,127.0334347204,11631977,https://map.naver.com/p/entry/place/11631977,37.7549021,127.0334107,high,의정부지방검찰청,경기 의정부시 녹양로34번길 23 의정부지방검찰청 경기 의정부시 가능동 364,verified,false,
매일절임식품,충남 홍성군 광천읍 옹암3길 28,36.4835336461388,126.6187981241,17406130,https://map.naver.com/p/entry/place/17406130,36.483749,126.6188132,high,매일절임식품,충남 홍성군 광천읍 옹암3길 28 충남 홍성군 광천읍 옹암리 566,verified,false,
도당고등학교,경기 부천시 원미구 삼작로256번길 53-3,37.5187235692492,126.790609890504,11556594,https://map.naver.com/p/entry/place/11556594,37.5187474,126.7907299,high,도당고등학교,경기 부천시 원미구 삼작로256번길 53-3 경기 부천시 원미구 도당동 64,verified,false,
신거북시장,인천 서해구 거북로 117,37.50337633098291,126.67490970106154,1814113760,https://map.naver.com/p/entry/place/1814113760,37.5033305,126.674942,high,신거북시장,인천 서해구 거북로 117 인천 서해구 석남동 548-7,verified,false,
SBS 일산제작센터,경기 고양시 일산서구 일현로 111,37.6969422138387,126.763699383734,19057319,https://map.naver.com/p/entry/place/19057319,37.6968552,126.7656989,mid,SBS일산제작센터삼거리,경기 고양시 일산서구 탄현동,verified,false,
레스케이프 서울 명동,서울 중구 퇴계로 67,37.560012794944306,126.97935591995754,1409372557,https://map.naver.com/p/entry/place/1409372557,37.560132,126.9794417,low,레스케이프 호텔,서울 중구 퇴계로 67 서울 중구 회현동1가 210,verified,false,
대진대학교,경기 포천시 호국로 1007,37.870684661337016,127.15612168310325,18319335,https://map.naver.com/p/entry/place/18319335,37.8695079,127.1584817,high,대진대학교본관,경기 포천시 호국로 1007 경기 포천시 선단동 산11-1,verified,false,
쌍용반점,전북특별자치도 군산시 내항2길 121,35.9930687889244,126.710237237643,13569585,https://map.naver.com/p/entry/place/13569585,35.9931093,126.710245,high,쌍용반점,전북 군산시 내항2길 121 전북 군산시 금동 1-69,verified,false,
비응항,전북특별자치도 군산시 비응로 6,35.9352610809149,126.526361755521,17501860,https://map.naver.com/p/entry/place/17501860,35.9346263,126.5261749,mid,비응항,전북 군산시 비응도동 91,verified,false,
월드컵대교,서울 마포구 상암동 1541,37.5567091981514,126.885514182887,18809568,https://map.naver.com/p/entry/place/18809568,37.5553747,126.8848905,high,월드컵대교,서울 마포구 상암동,verified,false,
만석부두,인천 제물포구 만석동 2-407,37.4915995052787,126.622264886915,16584236,https://map.naver.com/p/entry/place/16584236,37.4883715,126.6222991,mid,만석부두로,인천 제물포구 인천 제물포구 만석동,verified,false,
BMW드라이빙센터,인천 영종구 공항동로 136,37.46198748697042,126.48704970606595,1121258946,https://map.naver.com/p/entry/place/1121258946,37.4623831,126.4854498,high,BMW 드라이빙센터,인천 영종구 공항동로 136 인천 영종구 운서동 3194,verified,false,
나로우주센터 우주과학관,전남광주통합특별시 고흥군 봉래면 하반로 490,34.453408084334384,127.51774103712972,13575668,https://map.naver.com/p/entry/place/13575668,34.4534885,127.5178306,high,나로우주센터 우주과학관,전남광주 고흥군 봉래면 하반로 490 우주과학관 전남광주 고흥군 봉래면 예내리 480,verified,false,
청라호수공원,인천 서해구 청라동 106-2,37.53249042934526,126.63427992472252,21713419,https://map.naver.com/p/entry/place/21713419,37.5308403,126.6338643,high,청라호수공원,인천 서해구 크리스탈로 59 인천 서해구 청라동 106-2,verified,false,
더작심 김포걸포점,경기 김포시 걸포2로 33,37.63328050797935,126.70367336738157,1473193001,https://map.naver.com/p/entry/place/1473193001,37.6332939,126.7036917,mid,더작심스터디카페 김포걸포점,경기 김포시 걸포2로 33 SH1012Tower 7층 경기 김포시 걸포동 1602,verified,false,
상암 프리즘타워,서울 마포구 상암동 1607-1,37.5797103213346,126.892781019504,1073987001,https://map.naver.com/p/entry/place/1073987001,37.5796932,126.8928442,low,커피빈 상암SBS프리즘타워점,서울 마포구 상암산로 82 SBS 프리즘 타워 1층 로비 서울 마포구 상암동 1607-1,verified,false,
주원산업(부지),전남 진도군 군내면 녹진리 1224-15,34.5800197232029,126.279741097591,,,,,failed,,,not_matched,false,
두꺼비생태문화관 인근(산남동),충북 청주시 서원구 원흥로 81,36.6136644309564,127.468632614108,21082774,https://map.naver.com/p/entry/place/21082774,36.613662,127.4686321,high,두꺼비생태문화관,충북 청주시 서원구 원흥로 81 충북 청주시 서원구 산남동 593,verified,false,
성안길,충북 청주시 상당구 북문로1가 210-1,36.6358512548562,127.48901399655,,,,,failed,,,not_matched,false,
아쿠아플라넷 일산,경기 고양시 일산서구 한류월드로 282,37.6637875549962,126.755485560508,34590112,https://map.naver.com/p/entry/place/34590112,37.663938,126.7555543,high,아쿠아플라넷 일산,경기 고양시 일산서구 한류월드로 282 아쿠아플라넷 일산 경기 고양시 일산서구 대화동 2606-1,verified,false,
동대문시장,서울 종로구 종로36길 12,37.5703476126083,127.00381243794,13491436,https://map.naver.com/p/entry/place/13491436,37.570357,127.0038244,high,동대문시장,서울 종로구 종로36길 12 서울 종로구 종로5가 321-1,verified,false,
원효아파트,서울 용산구 원효로2가 94-2,37.5350244616566,126.961576811432,18719506,https://map.naver.com/p/entry/place/18719506,37.5350224,126.961374,mid,원효아파트,서울 용산구 원효로 166 서울 용산구 원효로2가 94-2,verified,false,
남산서울타워,서울 용산구 용산동2가 산 1-3,37.5489431139548,126.989404159753,1358285526,https://map.naver.com/p/entry/place/1358285526,37.5512919,126.9881611,mid,돈룩업 남산서울타워,서울 용산구 남산공원길 105 남산서울타워 T4 서울 용산구 용산동2가 산1-3,verified,false,
남산케이블카(남산돈까스 간판 위치),서울 중구 회현동1가 산 1-19,37.5565696462715,126.984090642873,,,,,failed,,,not_matched,false,
인천국제공항 제1교통센터,인천 영종구 운서동 2851,37.4478413047644,126.452569722753,2143894044,https://map.naver.com/p/entry/place/2143894044,37.4473823,126.4526054,mid,인천국제공항 제1여객터미널교통센터,인천 영종구 공항로 271 인천국제공항역 인천 영종구 운서동 2851,verified,false,
서울마리나,서울 영등포구 여의도동 81-8,37.5349235751575,126.913193926769,38719986,https://map.naver.com/p/entry/place/38719986,37.5347983,126.9116093,high,서울마리나건설,서울 영등포구 여의서로 160 서울 영등포구 여의도동 81-8,verified,false,
부산항연안여객터미널,부산 중구 중앙동4가 15-3,35.1056703382935,129.039485285364,13315812,https://map.naver.com/p/entry/place/13315812,35.1026501,129.0419879,mid,부산항 연안여객터미널,부산 중구 충장대로 24 부산 중구 중앙동4가 15-3,verified,false,
세명대학교,충북 제천시 신월동 579,37.1776398711202,128.195545183914,11591590,https://map.naver.com/p/entry/place/11591590,37.1810509,128.1968369,mid,세명대학교,충북 제천시 세명로 65 세명대학교 충북 제천시 신월동 579,verified,false,
부산외국어대학교,부산 금정구 남산동 857-1,35.2671760251776,129.079156495424,11591561,https://map.naver.com/p/entry/place/11591561,35.2670499,129.07905,high,부산외국어대학교,부산 금정구 금샘로485번길 65 부산외국어대학교 부산 금정구 남산동 857-1,verified,false,
연희동,서울 서대문구 연희동 541-49,37.5696255114262,126.92022290945,,,,,failed,,,not_matched,false,
영메이슨 도예 스튜디오,서울 마포구 연남동 257-3,37.5625955422966,126.923151575736,1673647076,https://map.naver.com/p/entry/place/1673647076,37.562658,126.9232026,high,영메이슨 도예 스튜디오,서울 마포구 성미산로26길 29 1층 서울 마포구 연남동 257-3,verified,false,
창동리 농로,충남 보령시 남포면 창동리 421,,,,,,,failed,,,not_matched,false,
문화마을 버스정류장,전남 담양군 수북면 풍수리 1077-1,,,,,,,failed,,,not_matched,false,
서울중앙지법,서울 서초구 서초중앙로 157,,,11628521,https://map.naver.com/p/entry/place/11628521,37.5643815,126.9730304,low,서울중앙지방법원 중부등기소,서울 중구 서소문로11길 34 중부등기소 2층 서울 중구 서소문동 37-8,verified,false,
서울역 서쪽 출구 앞,서울 용산구 동자동 43-234,,,,,,,failed,,,not_matched,false,
을지로,서울 중구 을지로2가 20-2,,,,,,,failed,,,not_matched,false,
서빙고초등학교 버스정류장,서울 용산구 서빙고동 235-1,,,,,,,failed,,,not_matched,false,
동작대교 남단,서울 용산구 이촌동 357,,,19029977,https://map.naver.com/p/entry/place/19029977,37.504833,126.980075,low,동작대교남단,서울 동작구 동작동,verified,false,
을지로7길,서울 중구 수하동 68-4,,,,,,,failed,,,not_matched,false,
전북대학교,전북특별자치도 전주시 덕진구 백제대로 567,35.84572115414923,127.1296051529039,11591627,https://map.naver.com/p/entry/place/11591627,35.8462574,127.1320049,high,전북대학교 전주캠퍼스,전북 전주시 덕진구 백제대로 567 전북대학교 전주캠퍼스 전북 전주시 덕진구 금암동 663,verified,false,
파란대문집,강원특별자치도 강릉시 경강로2024번길 19,37.7511199748724,128.892515992997,31871743,https://map.naver.com/p/entry/place/31871743,37.5947873,126.9638593,low,파란대문,서울 종로구 창의문로 168 1층 서울 종로구 부암동 219-2,verified,false,
거제 엠파크거리,경남 거제시 고현로11길 20,34.8893026804108,128.624666172788,,,,,failed,,,not_matched,false,
공주 금강철교,충남 공주시 신관동 553,36.46832668450109,127.12574921576268,,,,,failed,,,not_matched,false,
홍대 어울마당로,서울 마포구 어울마당로,37.5496832548778,126.920691961345,18791648,https://map.naver.com/p/entry/place/18791648,37.5468416,126.9194538,mid,어울마당로,서울 마포구 합정동,verified,false,
노벨로,서울 영등포구 도림로 456,37.51542513683899,126.89294997375781,1092982335,https://map.naver.com/p/entry/place/1092982335,37.5155039,126.8929397,high,노벨로,서울 영등포구 도림로 456 상가 101동 1층 108호 서울 영등포구 문래동3가 78,verified,false,
서울시립미술관 서소문본관,서울 중구 덕수궁길 61,,,,,,,failed,,,not_matched,false,
현대원서공원,서울 종로구 원서동 181,,,18671803,https://map.naver.com/p/entry/place/18671803,37.5781749,126.9886124,mid,원서공원,서울 종로구 창덕궁길 19 서울 종로구 원서동 181,verified,false,
N서울타워,서울 용산구 남산공원길 105,,,11662870,https://map.naver.com/p/entry/place/11662870,37.5512168,126.9882475,mid,N서울타워,서울 용산구 남산공원길 105 서울 용산구 용산동2가 산1-3,verified,false,
장사도해상공원,경남 통영시 한산면 장사도길 55,,,31874612,https://map.naver.com/p/entry/place/31874612,34.7169289,128.557243,mid,장사도해상공원까멜리아입구,경남 통영시 한산면 매죽리,verified,false,
쁘띠프랑스,경기 가평군 청평면 호반로 1063,,,12913212,https://map.naver.com/p/entry/place/12913212,37.715629,127.49058,mid,쁘띠프랑스,경기 가평군 청평면 호반로 1063 경기 가평군 청평면 고성리 616-2,verified,false,
인천대학교 송도캠퍼스,인천 연수구 아카데미로 119,,,11591623,https://map.naver.com/p/entry/place/11591623,37.3754977,126.6332532,mid,인천대학교 송도캠퍼스,인천 연수구 아카데미로 119 인천 연수구 송도동 12-1,verified,false,
한국민속촌,경기 용인시 기흥구 민속촌로 90,,,11620801,https://map.naver.com/p/entry/place/11620801,37.2594023,127.1205573,mid,한국민속촌,경기 용인시 기흥구 민속촌로 90 한국민속촌 경기 용인시 기흥구 보라동 35,verified,false,
인천시립박물관,인천 연수구 청량로160번길 26,,,1167021416,https://map.naver.com/p/entry/place/1167021416,37.4207501,126.6531617,mid,인천시립박물관,인천 연수구 청량로160번길 26 인천 연수구 옥련동 525,verified,false,
동대문디자인플라자,서울 중구 을지로 281,,,18063223,https://map.naver.com/p/entry/place/18063223,37.5675465,127.0099323,mid,동대문디자인플라자,서울 중구 을지로 281 서울 중구 을지로7가 143,verified,false,
석촌호수,서울 송파구 잠실동 47,,,13491520,https://map.naver.com/p/entry/place/13491520,37.5095249,127.102135,mid,석촌호수,서울 송파구 잠실동,verified,false,
63스퀘어,서울 영등포구 63로 50,,,37471568,https://map.naver.com/p/entry/place/37471568,37.5577966,126.972762,low,비원스퀘어,서울 중구 세종대로 7 서울 중구 남대문로5가 63-20,verified,false,
반포한강공원,서울 서초구 신반포로11길 40,,,13416963,https://map.naver.com/p/entry/place/13416963,37.5100172,126.995032,mid,반포 한강공원,서울 서초구 신반포로11길 40 한강공원 반포 안내센터 서울 서초구 반포동 115-5,verified,false,
광화문광장,서울 종로구 세종대로 175,,,13349962,https://map.naver.com/p/entry/place/13349962,37.5740533,126.9768908,mid,광화문광장,서울 종로구 세종대로 175 서울 종로구 세종로 81-3,verified,false,
경희대학교 평화의전당,서울특별시 동대문구 경희대로 26,37.593949,127.054891,13281132,https://map.naver.com/p/entry/place/13281132,37.5986917,127.0527474,mid,경희대학교서울캠퍼스평화의전당,서울 동대문구 경희대로 26 서울 동대문구 회기동 1-5,verified,false,
인천국제공항 제1여객터미널,인천광역시 중구 공항로 272,37.458351,126.427700,11577227,https://map.naver.com/p/entry/place/11577227,37.4493294,126.4508231,low,인천국제공항 제1여객터미널,인천 영종구 공항로 271 인천국제공항역 인천 영종구 운서동 2851,verified,false,
합천영상테마파크,경상남도 합천군 용주면 합천호수로 757,35.548751,128.071846,13291032,https://map.naver.com/p/entry/place/13291032,35.5484071,128.0728405,high,합천영상테마파크,경남 합천군 용주면 합천호수로 757 경남 합천군 용주면 가호리 256-5,verified,false,
광안대교,부산광역시 수영구 민락동 113-52,35.147470,129.130067,12126649,https://map.naver.com/p/entry/place/12126649,35.14548,129.1282041,mid,광안대교(다이아몬드브릿지),부산 수영구 부산 수영구 민락동,verified,false,
부산항대교,부산광역시 남구 감만동 626-2,35.106115,129.065370,16869953,https://map.naver.com/p/entry/place/16869953,35.1043351,129.0633393,high,부산항대교,부산 남구 감만동,verified,false,
을지로입구역 지하도상가,서울특별시 중구 을지로2가,37.565861,126.984004,18689028,https://map.naver.com/p/entry/place/18689028,37.5661153,126.9842707,low,을지로입구지하쇼핑센터,서울 중구 을지로 58 을지로입구지하쇼핑센터 서울 중구 을지로2가 9-7,verified,false,
성균관대학교,서울특별시 종로구 성균관로 25-2,37.587228,126.993115,745411601,https://map.naver.com/p/entry/place/745411601,37.5879535,126.9921594,high,성균관대학교,서울 종로구 성균관로 25-2 성균관대학교 서울 종로구 명륜3가 53-21,verified,false,
소월로,서울특별시 용산구 소월로,37.546207,126.988687,21168353,https://map.naver.com/p/entry/place/21168353,37.5485475,126.9842382,mid,소월로,서울 용산구 후암동,verified,false,
인하대학교 본관,인천 미추홀구 인하로 100,37.44939909637399,126.65435131686084,16592205,https://map.naver.com/p/entry/place/16592205,37.4493536,126.654341,mid,인하대학교용현캠퍼스본관,인천 미추홀구 인하로 100 인천 미추홀구 용현동 253,verified,false,
인하대학교 정석학술정보관,인천 미추홀구 인하로 100,37.44939181956702,126.65248437808384,11592568,https://map.naver.com/p/entry/place/11592568,37.4494259,126.6524977,mid,인하대학교용현캠퍼스정석학술정보관,인천 미추홀구 인하로 100 인천 미추홀구 용현동 88-21,verified,false,
태화원,인천 중구 차이나타운로59번길 10,37.47402887194698,126.61856842488434,11618762,https://map.naver.com/p/entry/place/11618762,37.4740536,126.6185787,low,태화원,인천 제물포구 차이나타운로59번길 10 인천 제물포구 선린동 22,verified,false,
라마다송도호텔,인천 연수구 능허대로267번길 29,37.41399118488802,126.65530028885652,11555545,https://map.naver.com/p/entry/place/11555545,37.4142032,126.6554124,high,라마다 송도호텔,인천 연수구 능허대로267번길 29 인천 연수구 동춘동 812-1,verified,false,
학익풍림아이원아파트,인천 미추홀구 매소홀로 340,37.44110964747053,126.65863826478837,16600207,https://map.naver.com/p/entry/place/16600207,37.4413136,126.6590781,high,학익동풍림아이원아파트,인천 미추홀구 매소홀로 340 인천 미추홀구 학익동 721,verified,false,
금강약돌참숯찜질방,인천 연수구 능허대로165번길 13,37.4207537816734,126.647519565927,11821581,https://map.naver.com/p/entry/place/11821581,37.4207575,126.6475201,mid,금강약돌,인천 연수구 능허대로165번길 13 인천 연수구 옥련동 510-4,verified,false,
장위전통시장,서울 성북구 장위동 68-185,37.61070051399762,127.05133148312079,35150284,https://map.naver.com/p/entry/place/35150284,37.6112936,127.0510666,high,장위전통시장,서울 성북구 장위로38길 46-1 2층 서울 성북구 장위동 68-88,verified,false,
호텔 라성,경기 안산시 단원구 화랑로 107,37.32698492273387,126.8012504032847,34020873,https://map.naver.com/p/entry/place/34020873,37.3527738,126.7148589,low,라성,경기 시흥시 정왕동 2164-4,verified,false,
경찰청,서울 서대문구 통일로 97,37.56339789088336,126.96756106914329,11737696,https://map.naver.com/p/entry/place/11737696,37.5633647,126.967493,high,경찰청,서울 서대문구 통일로 97 경찰청 서울 서대문구 미근동 209,verified,false,
강화군농업기술센터,인천 강화군 불은면 중앙로 742-2,37.7040039005824,126.435280590463,32126280,https://map.naver.com/p/entry/place/32126280,37.7039564,126.4352133,high,강화군농업기술센터,인천 강화군 불은면 중앙로 742-2 인천 강화군 불은면 삼성리 1027-42,verified,false,
서울고등검찰청,서울 서초구 반포대로 172,37.4952503818107,127.006898030003,11670568,https://map.naver.com/p/entry/place/11670568,37.4953221,127.0069076,high,서울고등검찰청,서울 서초구 반포대로 172 서울 서초구 서초동 1724,verified,false,
수원지방검찰청,경기 수원시 영통구 법조로 91,37.28940187680626,127.06725820775641,11631981,https://map.naver.com/p/entry/place/11631981,37.2896134,127.0675553,high,수원지방검찰청,경기 수원시 영통구 법조로 91 경기 수원시 영통구 하동 991,verified,false,
마들원,서울 노원구 공릉로62길 27-11,37.63641692609326,127.07129493677537,1353963866,https://map.naver.com/p/entry/place/1353963866,37.6364246,127.071305,high,마들원,서울 노원구 공릉로62길 27-11 서울 노원구 하계동 180-1,verified,false,
이강분무교동낙지나라,서울 중랑구 면목로 302,37.57929784782939,127.08731617528564,1181561514,https://map.naver.com/p/entry/place/1181561514,37.579319,127.0872894,mid,이강분무교동낙지나라 본점,서울 중랑구 면목로 302 1층 서울 중랑구 면목동 626-17,verified,false,
임마트,서울 종로구 창신8길 49,37.5780214175567,127.010641506555,20898584,https://map.naver.com/p/entry/place/20898584,37.5780529,127.010641,high,임마트,서울 종로구 창신8길 49 서울 종로구 창신동 23-577,verified,false,
남이섬,강원특별자치도 춘천시 남산면 남이섬길 1,37.79144074509299,127.52521014329739,11491866,https://map.naver.com/p/entry/place/11491866,37.7900782,127.5262228,high,남이섬,강원 춘천시 남산면 남이섬길 1 강원 춘천시 남산면 방하리 197,verified,false,
블루스퀘어,서울 용산구 이태원로 294,37.5408611480276,127.002548167462,20268194,https://map.naver.com/p/entry/place/20268194,37.540617,127.002273,high,블루스퀘어,서울 용산구 이태원로 294 서울 용산구 한남동 727-56,verified,false,
밤가시공원,경기 고양시 일산동구 정발산동 1299,37.669018942899406,126.78280163214589,19048508,https://map.naver.com/p/entry/place/19048508,37.6689346,126.7826249,high,밤가시공원,경기 고양시 일산동구 일산로380번길 20-2 경기 고양시 일산동구 정발산동 1299,verified,false,
카페 산들언덕,대구 수성구 화랑로34길 93,35.8744297212638,128.649866234374,1218159432,https://map.naver.com/p/entry/place/1218159432,35.874434,128.6498264,high,카페산들언덕,대구 수성구 화랑로34길 93 대구 수성구 만촌동 342-15,verified,false,
듀레베이커리 호암점,충북 충주시 중원대로 3250,36.9585297274053,127.924376948812,1273966958,https://map.naver.com/p/entry/place/1273966958,36.9585292,127.9243786,high,듀레베이커리 호암점,충북 충주시 중원대로 3250 1층 충북 충주시 호암동 680,verified,false,
아다마스253,경기 파주시 탄현면 헤이리마을길 47,37.78776823522972,126.6980192529987,31148701,https://map.naver.com/p/entry/place/31148701,37.7877882,126.6980231,mid,아다마스253 Brunchcafe,경기 파주시 탄현면 헤이리마을길 47 경기 파주시 탄현면 법흥리 1652-253,verified,false,
이포보편의점,경기 여주시 금사면 금사로 48,37.405141791438524,127.5359659738788,37149297,https://map.naver.com/p/entry/place/37149297,37.4052006,127.5359369,high,이포보편의점,경기 여주시 금사면 금사로 48 경기 여주시 금사면 외평리 59-7,verified,false,
모로미쿠시 광교카페거리점,경기 수원시 영통구 센트럴파크로127번길 48,37.29472669563087,127.05377426954995,37093123,https://map.naver.com/p/entry/place/37093123,37.2947455,127.0537716,high,모로미쿠시 광교카페거리점,경기 수원시 영통구 센트럴파크로127번길 48 1층 모로미쿠시 경기 수원시 영통구 이의동 1306-10,verified,false,
메가박스 코엑스,서울 강남구 영동대로 513,37.5127460688163,127.05884035234267,12307868,https://map.naver.com/p/entry/place/12307868,37.512613,127.0587435,mid,메가박스 코엑스점,서울 강남구 영동대로 513 코엑스 서울 강남구 삼성동 159,verified,false,
서피비치,강원특별자치도 양양군 현북면 하조대해안길 119,38.027834441415756,128.71728231189653,1048910074,https://map.naver.com/p/entry/place/1048910074,38.0280602,128.7175896,high,서피비치,강원 양양군 현북면 하조대해안길 119 강원 양양군 현북면 중광정리 508,verified,false,
스카이베이호텔 경포,강원특별자치도 강릉시 해안로 476,37.8043103469937,128.907740305833,1200727361,https://map.naver.com/p/entry/place/1200727361,37.8042634,128.9077795,high,스카이베이호텔 경포,강원 강릉시 해안로 476 스카이베이호텔 경포 강원 강릉시 강문동 258-4,verified,false,
고구려대장간마을 주차장,경기 구리시 아천동 40-4,37.5612513479411,127.110465748511,18166934,https://map.naver.com/p/entry/place/18166934,37.5612249,127.1105783,high,구리시고구려대장간마을주차장,경기 구리시 아천동 산46-4,verified,false,
롯데월드 어드벤처,서울 송파구 올림픽로 240,37.51113059993883,127.09811980036908,11583235,https://map.naver.com/p/entry/place/11583235,37.511088,127.0982822,high,롯데월드 어드벤처,"서울 송파구 올림픽로 240 , B1층 서울 송파구 잠실동 40-1",verified,false,
화랑육교,경기 성남시 분당구 삼평동 668-3,37.401614451716185,127.1053202882348,,,,,failed,,,not_matched,false,
은성회관,서울 영등포구 여의대방로65길 12,37.5196200649199,126.930033501093,18581564,https://map.naver.com/p/entry/place/18581564,37.5195915,126.9299858,high,은성회관,서울 영등포구 여의대방로65길 12 에리트빌딩 서울 영등포구 여의도동 44-32,verified,false,
N서울타워,서울 용산구 남산공원길 105,37.5513049702718,126.988230622132,11662870,https://map.naver.com/p/entry/place/11662870,37.5512168,126.9882475,high,N서울타워,서울 용산구 남산공원길 105 서울 용산구 용산동2가 산1-3,verified,false,
영등포시장역,서울 영등포구 양산로 지하 200,37.5221830164968,126.905289623098,13479483,https://map.naver.com/p/entry/place/13479483,37.5227315,126.9050542,high,영등포시장역 5호선,"서울 영등포구 양산로 200 , B2층 서울 영등포구 영등포동5가 62-1",verified,false,
이마트 트레이더스 킨텍스점,경기 고양시 일산서구 킨텍스로 171,37.6616287799794,126.744088625915,1026578227,https://map.naver.com/p/entry/place/1026578227,37.6616152,126.7441865,high,SK브로드밴드 이마트 트레이더스 킨텍스점,경기 고양시 일산서구 킨텍스로 171 지하1층 SK 경기 고양시 일산서구 대화동 2703,verified,false,
별내푸르지오아파트,경기 남양주시 송산로307번길 22,37.6678534692848,127.130249821085,21419357,https://map.naver.com/p/entry/place/21419357,37.6690244,127.1296964,high,별내푸르지오아파트,경기 남양주시 송산로307번길 22 경기 남양주시 별내동 871,verified,false,
포천 한탄강 하늘다리,경기도 포천시 영북면 대회산리 산 42-1,38.084263,127.217991,1991831576,https://map.naver.com/p/entry/place/1991831576,38.0844129,127.2180413,high,포천한탄강하늘다리,"경기 포천시 영북면 비둘기낭길 211 207, 경기 포천시 영북면 대회산리 367",verified,false,
선녀바위해변,인천광역시 중구 을왕동 678-188,37.439476,126.378708,20132725,https://map.naver.com/p/entry/place/20132725,37.4399593,126.3783994,low,선녀바위해변,인천 영종구 을왕동 678-188,verified,false,
한국민속촌,경기도 용인시 기흥구 민속촌로 90,37.259615,127.119801,11620801,https://map.naver.com/p/entry/place/11620801,37.2594023,127.1205573,high,한국민속촌,경기 용인시 기흥구 민속촌로 90 한국민속촌 경기 용인시 기흥구 보라동 35,verified,false,
코모도호텔 부산,부산광역시 중구 중구로 151,35.108959,129.035188,11493710,https://map.naver.com/p/entry/place/11493710,35.1089079,129.035303,high,코모도호텔부산,부산 중구 중구로 151 부산 중구 영주동 742-13,verified,false,
한라산국립공원(어리목),제주특별자치도 제주시 1100로 2070-61,33.392079,126.494612,31390245,https://map.naver.com/p/entry/place/31390245,33.3684921,126.5094037,mid,한라산국립공원어리목탐방로,제주 제주시 애월읍 광령리,verified,false,
별마로천문대,강원특별자치도 영월군 영월읍 영흥리 154-3,37.198329,128.486782,11840286,https://map.naver.com/p/entry/place/11840286,37.1983559,128.4866465,high,별마로천문대,강원 영월군 영월읍 천문대길 397 강원 영월군 영월읍 영흥리 154-7,verified,false,
비내섬,충청북도 충주시 소태면 복탄리 908,37.107632,127.817726,20327269,https://map.naver.com/p/entry/place/20327269,37.1089902,127.8153848,mid,비내섬,충북 충주시 앙성면 조천리 412,verified,false,
탄금호 무지개길,충청북도 충주시 중앙탑면 루암리 642,37.012295,127.869548,1272260499,https://map.naver.com/p/entry/place/1272260499,37.0135725,127.8687644,high,탄금호무지개길,충북 충주시 중앙탑면 충북 충주시 중앙탑면 루암리 642,verified,false,
중앙탑사적공원,충청북도 충주시 중앙탑면 탑정안길 6,37.017117,127.866859,19699930,https://map.naver.com/p/entry/place/19699930,37.0164333,127.866425,high,중앙탑사적공원,충북 충주시 중앙탑면 탑정안길 6 충북 충주시 중앙탑면 탑평리 3,verified,false,
시크릿블루카페(괜찮은병원),강원특별자치도 고성군 토성면 아야진북길 31-6,38.27709750135499,128.55014577164226,,,,,failed,,,not_matched,false,
아야진해변,강원특별자치도 고성군 토성면 아야진리,38.2768350126307,128.553373007462,19597225,https://map.naver.com/p/entry/place/19597225,38.2802872,128.5515118,mid,아야진해변길,강원 고성군 토성면 아야진리,verified,false,
사니다카페(저주받은 성),강원특별자치도 원주시 호저면 칠봉로 109-127,37.406615802077525,127.91449123282918,,,,,failed,,,not_matched,false,
소금산출렁다리,강원특별자치도 원주시 지정면 간현리 산 116-1,37.36866589283165,127.8246811974251,1282630305,https://map.naver.com/p/entry/place/1282630305,37.368684,127.8246226,high,소금산출렁다리,강원 원주시 지정면 소금산길 100 강원 원주시 지정면 간현리 1108-41,verified,false,
의정부미술도서관,경기 의정부시 민락로 248,37.74514581177362,127.10612742019957,1537794602,https://map.naver.com/p/entry/place/1537794602,37.7451649,127.105985,high,의정부미술도서관,경기 의정부시 민락로 248 경기 의정부시 민락동 855,verified,false,
옥정호수공원,경기 양주시 옥정동 864-798,37.8243663744687,127.096877003443,1812884000,https://map.naver.com/p/entry/place/1812884000,37.8230692,127.0966089,high,옥정호수공원,경기 양주시 옥정동로7길 110 경기 양주시 옥정동 1035-1,verified,false,
속초설악한옥펜션,강원특별자치도 속초시 신흥3길 20,38.2022199226675,128.535207929068,15099960,https://map.naver.com/p/entry/place/15099960,38.1651186,128.5511898,low,속초설악한옥펜션,강원 속초시 상도문길 58 강원 속초시 도문동 236-1,verified,false,
상도문 돌담마을,강원특별자치도 속초시 상도문1길 30,38.1651766432137,128.553122375034,15100341,https://map.naver.com/p/entry/place/15100341,38.1640486,128.5540375,mid,상도문돌담마을,강원 속초시 도문동,verified,false,
현대프리미엄아울렛 송도점,인천 연수구 송도국제대로 123,37.38162883007503,126.65791670971504,35439053,https://map.naver.com/p/entry/place/35439053,37.3816187,126.6578438,high,현대프리미엄아울렛 송도점,인천 연수구 송도국제대로 123 현대프리미엄아울렛 송도점 인천 연수구 송도동 168-1,verified,false,
행궁동벽화마을,경기 수원시 팔달구 화서문로 82-6,37.28581656557075,127.01661979365463,36733772,https://map.naver.com/p/entry/place/36733772,37.285537,127.0165972,mid,행궁동벽화마을,경기 수원시 팔달구 화서문로72번길 9-7 경기 수원시 팔달구 북수동 229,verified,false,
수원화성 화홍문,경기 수원시 팔달구 북수동 9000-1,37.28754551327953,127.01762609024438,21167937,https://map.naver.com/p/entry/place/21167937,37.2875333,127.017625,high,수원화성화홍문,경기 수원시 팔달구 북수동,verified,false,
방화수류정,경기 수원시 팔달구 화성성곽길 233,37.28757246777094,127.01813356571698,32745598,https://map.naver.com/p/entry/place/32745598,37.2875749,127.0181472,mid,방화수류정,경기 수원시 팔달구 수원천로392번길 44-6 방화수류정 경기 수원시 팔달구 매향동 151,verified,false,
연무대주차장,경기 수원시 팔달구 매향동 3-17,37.28734446514351,127.02348560317266,1322635118,https://map.naver.com/p/entry/place/1322635118,37.2872676,127.0234601,mid,연무대 공영 주차장,경기 수원시 팔달구 매향동,verified,false,
크로싱 게스트하우스(오목대),전북특별자치도 전주시 완산구 오목대길 5-19,35.813187,127.155359,,,,,failed,,,not_matched,false,
한벽굴(한벽터널),전북특별자치도 전주시 완산구 기린대로 2,35.811887,127.160825,1855906474,https://map.naver.com/p/entry/place/1855906474,35.8120171,127.1607981,low,한벽터널(한벽굴),전북 전주시 완산구 전북 전주시 완산구 교동,verified,false,
소리방앗간(만화방),전북특별자치도 전주시 완산구 서학3길 63,35.808341,127.151738,,,,,failed,,,not_matched,false,
전주고등학교(분수),전북특별자치도 전주시 완산구 관선5길 15,35.820962,127.158065,,,,,failed,,,not_matched,false,
전주한옥마을,전북특별자치도 전주시 완산구 기린대로 99,35.818213,127.153608,13208779,https://map.naver.com/p/entry/place/13208779,35.8183156,127.1536061,high,전주 한옥마을,전북 전주시 완산구 기린대로 99 전북 전주시 완산구 남노송동 100-1,verified,false,
논산여자상업고등학교(태양고),충남 논산시 시민로 197,36.184828,127.095928,,,,,failed,,,not_matched,false,
와룡공원,서울 종로구 와룡공원길 192,37.591169,126.990124,13553388,https://map.naver.com/p/entry/place/13553388,37.5907944,126.9901671,high,와룡공원,서울 종로구 와룡공원길 192 서울 종로구 명륜3가 53-52,verified,false,
애기능생태공원,서울 성북구 장월로3길 93-27,37.610378,127.044374,,,,,failed,,,not_matched,false,
문화살롱 클로드,인천 제물포구 신포로23번길 80,37.473191,126.621360,,,,,failed,,,not_matched,false,
묵호항,강원특별자치도 동해시 발한동 2-69,37.549790,129.111775,21178122,https://map.naver.com/p/entry/place/21178122,37.550463,129.1112878,high,묵호항입구,강원 동해시 발한동,verified,false,
신남해수욕장(방파제),강원특별자치도 삼척시 원덕읍 갈남리,37.264717,129.327072,,,,,failed,,,not_matched,false,
하조대해변,강원특별자치도 양양군 현북면 하륜길 54,38.021819,128.728374,1146764676,https://map.naver.com/p/entry/place/1146764676,38.021533,128.726221,mid,CU 하조대해변점,강원 양양군 현북면 하조대해안길 11 알프스 (하광정리) 알프스 강원 양양군 현북면 하광정리 628-1,verified,false,
춘천대교,강원특별자치도 춘천시 근화동 609,37.887001,127.710017,1315884072,https://map.naver.com/p/entry/place/1315884072,37.8885431,127.7088403,high,춘천대교,강원 춘천시 근화동,verified,false,
동명해변(금진리),강원특별자치도 강릉시 옥계면 금진리 176-2,37.638603,129.043873,,,,,failed,,,not_matched,false,
가애택 오션뷰펜션,강원특별자치도 강릉시 사천면 해안로 720,37.819192,128.890434,,,,,failed,,,not_matched,false,
삼포해수욕장,강원특별자치도 고성군 죽왕면 삼포리,38.315374,128.535097,13444347,https://map.naver.com/p/entry/place/13444347,38.3137166,128.537125,high,삼포해수욕장,강원 고성군 죽왕면 삼포리,verified,false,
수원화성(교동),경기 수원시 팔달구 교동 6-197,37.277301,127.013316,20605511,https://map.naver.com/p/entry/place/20605511,37.2772522,127.0131724,low,수원화성남포루,경기 수원시 팔달구 교동 6-197,verified,false,
동네슈퍼(남고산2길),전북특별자치도 전주시 완산구 남고산2길 21,,,,,,,failed,,,not_matched,false,
삼성역교차로(코엑스 교차로),서울 강남구 삼성동,37.5090533767801,127.06306186049,,,,,failed,,,not_matched,false,
세빛섬,서울 서초구 반포동 649,37.51233177478449,126.99588851601666,35719873,https://map.naver.com/p/entry/place/35719873,37.5124345,126.9959703,high,세빛섬,서울 서초구 올림픽대로 2085-14 세빛섬 서울 서초구 반포동 650,verified,false,
동부산관광단지 센트럴원,부산 기장군 기장읍 동부산관광9로 15,35.19057087438953,129.21720100583423,,,,,failed,,,not_matched,false,
서울대학교병원 암병원,서울 종로구 대학로 101,37.5787787078733,126.997599976339,1200203028,https://map.naver.com/p/entry/place/1200203028,37.5789302,126.9976007,high,서울대학교병원암병원 티카페,서울 종로구 대학로 103 서울 종로구 연건동 28-2,verified,false,
래미안어반비스타아파트,경기 부천시 소사구 중동로 19,37.480921,126.763086,727600959,https://map.naver.com/p/entry/place/727600959,37.4812226,126.7630185,high,래미안어반비스타,경기 부천시 소사구 중동로 19 경기 부천시 소사구 송내동 720,verified,false,
단국대학교 죽전캠퍼스,경기 용인시 수지구 죽전로 152,37.321920,127.126592,11591526,https://map.naver.com/p/entry/place/11591526,37.3207277,127.1276811,high,단국대학교 죽전캠퍼스,경기 용인시 수지구 죽전로 152 단국대학교 경기 용인시 수지구 죽전동 1491,verified,false,
삽교호놀이동산,충남 당진시 신평면 삽교천3길 15,36.890161,126.822144,12973592,https://map.naver.com/p/entry/place/12973592,36.8902475,126.8221257,high,삽교호놀이동산,충남 당진시 신평면 삽교천3길 15 삽교호놀이동산 충남 당진시 신평면 운정리 208-1,verified,false,
포항 죽도시장,경북 포항시 북구 죽도시장13길 13-1,36.036360,129.368390,1112173336,https://map.naver.com/p/entry/place/1112173336,36.0371054,129.3682073,mid,더벤티 포항죽도시장점,경북 포항시 북구 칠성로 57-1 경북 포항시 북구 남빈동 401-2,verified,false,
여의도한강공원 물빛광장,서울 영등포구 여의도동 84-9,37.526711,126.934711,1827444273,https://map.naver.com/p/entry/place/1827444273,37.5315231,126.92696,mid,여의도한강공원물빛무대앞광장,서울 영등포구 서울 영등포구 여의도동,verified,false,
메종 드 플래터 스타시티서울,서울 강동구 구천면로 140,37.542240,127.120458,267802526,https://map.naver.com/p/entry/place/267802526,37.5422758,127.1204648,high,메종 드 플래터 스타시티서울 레스토랑,서울 강동구 구천면로 140 스타시티빌딩 7층 서울 강동구 천호동 469-1,verified,false,
익산교도소세트장,전북특별자치도 익산시 성당면 함낭로 207,,,37471479,https://map.naver.com/p/entry/place/37471479,36.0695673,126.9315194,mid,익산 교도소 세트장,전북 익산시 성당면 함낭로 207 전북 익산시 성당면 와초리 154-4,verified,false,
빠삐용Zip(옛 장흥교도소),전남 장흥군 장흥읍 장흥로 98,,,1363633162,https://map.naver.com/p/entry/place/1363633162,34.6878022,126.9139961,mid,빠삐용zip,전남광주 장흥군 장흥읍 장흥로 98 전남광주 장흥군 장흥읍 원도리 191,verified,false,
지노,경기 파주시 탄현면 새오리로 211-17,,,13534638,https://map.naver.com/p/entry/place/13534638,37.8009086,126.6866299,mid,지노,경기 파주시 탄현면 새오리로 211-17 경기 파주시 탄현면 대동리 94-8,verified,false,
고바우(칼국수집),서울 용산구 이촌로 34,37.528818,126.954325,,,,,failed,,,not_matched,false,
석형 집(밴드연습 장소),서울 서대문구 연희로11바길 24,37.569578,126.927230,,,,,failed,,,not_matched,false,
로사의 집,인천 강화군 화도면 신촌길 77-12,37.624572,126.447107,1692051988,https://map.naver.com/p/entry/place/1692051988,35.8694526,128.5807658,low,로사의집,대구 중구 큰장로28길 28 대구 중구 대신동 115-377,verified,false,
군부대(오음리),강원특별자치도 화천군 간동면 오음리 87-3,38.051909,127.830818,,,,,failed,,,not_matched,false,
용마랜드,서울 광진구 용마산로 127,37.565086,127.085777,13163164,https://map.naver.com/p/entry/place/13163164,37.5949591,127.1053597,low,용마랜드,서울 중랑구 망우로70길 118 용마랜드매표소 서울 중랑구 망우동 산69-1,verified,false,
북악팔각정,서울 종로구 북악산로 267,37.601590,126.980658,11879080,https://map.naver.com/p/entry/place/11879080,37.6015695,126.9806665,high,북악팔각정,서울 종로구 북악산로 267 서울 종로구 평창동 산6-17,verified,false,
서울식물원,서울 강서구 마곡동 737,37.567322,126.823817,1932878505,https://map.naver.com/p/entry/place/1932878505,37.5682071,126.8327466,mid,서울식물원,서울 강서구 마곡동로 161 서울식물원 서울 강서구 마곡동 812,verified,false,
경인미술관,서울 종로구 인사동5길 11,37.572653,126.985658,11620387,https://map.naver.com/p/entry/place/11620387,37.5744512,126.9854624,mid,경인미술관,서울 종로구 인사동10길 11-4 경인미술관 서울 종로구 관훈동 30-1,verified,false,
봉산문화회관,대구 중구 봉산문화길 77,35.863358,128.596552,11639863,https://map.naver.com/p/entry/place/11639863,35.8633263,128.5965631,high,봉산문화회관,대구 중구 봉산문화길 77 봉산문화회관 대구 중구 봉산동 125,verified,false,
쉴낙원 김포장례식장,경기 김포시 승가로58번길 7,37.607145,126.715410,18600219,https://map.naver.com/p/entry/place/18600219,37.607147,126.7154789,high,쉴낙원 김포장례식장,경기 김포시 승가로58번길 7 경기 김포시 풍무동 662-71,verified,false,
덕릉로 698 앞 횡단보도,서울 노원구 덕릉로 698 앞,,,,,,,failed,,,not_matched,false,
중계동 156-29 일대 골목·인도,서울 노원구 중계동 156-29 일대,,,,,,,failed,,,not_matched,false,
문학산 청학동 등산로 입구,인천 연수구 청학동 문학산 일대,,,,,,,failed,,,not_matched,false,
헌화로,강원특별자치도 강릉시 옥계면 헌화로 일대,,,,,,,failed,,,not_matched,false,
옥계해변,강원특별자치도 강릉시 옥계면 금진리 일대,,,13444970,https://map.naver.com/p/entry/place/13444970,37.6287814,129.0492998,mid,옥계해변,강원 강릉시 옥계면 금진리,verified,false,
금진항,강원특별자치도 강릉시 옥계면 금진리 일대,,,36072511,https://map.naver.com/p/entry/place/36072511,37.6521987,129.0515875,mid,금진항,강원 강릉시 옥계면 헌화로 454 강원 강릉시 옥계면 금진리 124-56,verified,false,
정동진,강원특별자치도 강릉시 강동면 정동역길 17,,,13491286,https://map.naver.com/p/entry/place/13491286,37.6925306,129.0317609,mid,정동진,강원 강릉시 강동면 정동진리,verified,false,
가든갤러리 팔당덕소본점,경기 남양주시 강변북로632번길 57-28,,,12017864,https://map.naver.com/p/entry/place/12017864,37.5879091,127.1740914,mid,가든갤러리 팔당덕소본점,경기 남양주시 강변북로632번길 57-28 가든갤러리 경기 남양주시 수석동 143,verified,false,
춘천송암스포츠타운 주경기장,강원 춘천시 스포츠타운길 136,37.8552212445809,127.693259570335,21070781,https://map.naver.com/p/entry/place/21070781,37.8559164,127.6910092,mid,춘천송암스포츠타운주경기장,강원 춘천시 송암동 303,verified,false,
리븐델게스트하우스,경기 가평군 청평면 고성리 21,37.7026023437603,127.516685245256,,,,,failed,,,not_matched,false,
한양대학교 ERICA캠퍼스,경기 안산시 상록구 한양대학로 55,37.297441,126.835597,18998177,https://map.naver.com/p/entry/place/18998177,37.2974573,126.8347428,high,한양대학교 ERICA캠퍼스학생회관,경기 안산시 상록구 한양대학로 55 경기 안산시 상록구 사동 1271,verified,false,
e편한세상 송도,인천 연수구 랜드마크로 113,37.411462722347345,126.61744005941496,37162864,https://map.naver.com/p/entry/place/37162864,37.4114562,126.6170576,high,e편한세상송도,인천 연수구 랜드마크로 113 인천 연수구 송도동 319-1,verified,false,
저스트코타워,서울 강남구 테헤란로 431,37.50662681212177,127.05431382704866,1749966182,https://map.naver.com/p/entry/place/1749966182,37.5065333,127.0542865,high,저스트코타워,서울 강남구 테헤란로 431 서울 강남구 삼성동 143-44,verified,false,
콘코디언빌딩,서울 종로구 새문안로 76,37.5697260865479,126.973145627885,1883968547,https://map.naver.com/p/entry/place/1883968547,37.5697794,126.973177,high,콘코디언빌딩,서울 종로구 새문안로 76 서울 종로구 신문로1가 115,verified,false,
아트센터 인천,인천 연수구 아트센터대로 222,37.39324161171678,126.6262146149416,1815627851,https://map.naver.com/p/entry/place/1815627851,37.3934862,126.626308,high,아트센터인천,인천 연수구 아트센터대로 222 인천 연수구 송도동 80-8,verified,false,
코코에르 밤리단길카페점,경기 고양시 일산동구 일산로380번길 63-38,37.67127591306564,126.78281205657161,1467728562,https://map.naver.com/p/entry/place/1467728562,37.6712938,126.7828156,high,코코에르 밤리단길카페점,경기 고양시 일산동구 일산로380번길 63-38 1층 경기 고양시 일산동구 정발산동 1284-7,verified,false,
노량진로32길 계단길,서울 동작구 노량진로32길 156,37.5098255059797,126.95451844252156,,,,,failed,,,not_matched,false,
노량진 주택(강하리집),서울 동작구 노량진로32길 156,37.5098255059797,126.95451844252156,,,,,failed,,,not_matched,false,
스테이트타워 남산,서울 중구 퇴계로 100,37.5602205973777,126.982945950518,18692890,https://map.naver.com/p/entry/place/18692890,37.56025,126.9829249,high,스테이트타워남산,서울 중구 퇴계로 100 서울 중구 회현동2가 88,verified,false,
도봉산,서울 도봉구 도봉동 산 31,37.69884206393718,127.01545859321786,13491821,https://map.naver.com/p/entry/place/13491821,37.6988562,127.0154918,high,도봉산,서울 도봉구 도봉동,verified,false,
불암산 애기봉,경기 남양주시 식송1로 236-31,37.6608147811049,127.101813930366,1660042405,https://map.naver.com/p/entry/place/1660042405,37.660829,127.1018198,high,애기봉,경기 남양주시 식송1로 236-88 경기 남양주시 별내동 산237-1,verified,false,
양심장어 강남도곡점,서울 강남구 남부순환로 2728,37.4856852489513,127.044410863734,1998444773,https://map.naver.com/p/entry/place/1998444773,37.4856952,127.0444273,high,양심장어 강남도곡점,서울 강남구 남부순환로 2728 1층 102호 양심장어 강남도곡점 서울 강남구 도곡동 411-14,verified,false,
삼양체육과학공원,서울 강북구 미아동 산 108-94,37.6250790500348,127.010911584694,18602975,https://map.naver.com/p/entry/place/18602975,37.6249711,127.0107916,high,삼양체육과학공원,서울 강북구 미아동 산108-94,verified,false,
서울중앙지방법원,서울 서초구 서초중앙로 157,37.4961816229426,127.011919039168,1366160733,https://map.naver.com/p/entry/place/1366160733,37.4980062,127.012256,high,서울중앙지방법원 개방화장실,서울 서초구 서초중앙로 157 서울 서초구 서초동 1701-1,verified,false,
오크우드 프리미어 코엑스센터,서울 강남구 테헤란로87길 46,37.5110453302872,127.05811853031,12309433,https://map.naver.com/p/entry/place/12309433,37.5111636,127.058013,high,오크우드 프리미어 코엑스 센터,"서울 강남구 테헤란로87길 46 , B1층 서울 강남구 삼성동 159",verified,false,
더링크서울 트리뷰트 포트폴리오 호텔,서울 구로구 경인로 610,37.50549207786017,126.88395026004707,1240305191,https://map.naver.com/p/entry/place/1240305191,37.5055747,126.8838421,high,"더링크서울, 트리뷰트포트폴리오 호텔",서울 구로구 경인로 610 더 링크 호텔 서울 구로구 신도림동 413-43,verified,false,
의정부교도소,경기 의정부시 고산동 818,37.7230116521717,127.091434043715,36831780,https://map.naver.com/p/entry/place/36831780,37.7270982,127.0925018,mid,의정부교도소앞삼거리,경기 의정부시 고산동,verified,false,
영화빌딩 경동전기상사 상가건물,경기 파주시 중앙로 237,37.7575319479468,126.778781237907,,,,,failed,,,not_matched,false,
장승백이 상가,인천 남동구 장승로 25,37.445546984972,126.735983958702,1516866289,https://map.naver.com/p/entry/place/1516866289,37.4459739,126.7355496,high,장승백이상가,인천 남동구 장승로 21 인천 남동구 만수동 1080-1,verified,false,
카페 릴리블랑,서울 서초구 양재천로19길 52,37.47762070192781,127.03815636178277,21129690,https://map.naver.com/p/entry/place/21129690,37.4777078,127.0382113,high,카페 릴리블랑,서울 서초구 양재천로19길 52 우리빌딩 1층 서울 서초구 양재동 109,verified,false,
로이터 커피 셸터,서울 중구 필동3가 62-11,37.556603096133,126.996302682436,1590613420,https://map.naver.com/p/entry/place/1590613420,37.5567632,126.9959396,mid,로이터 커피 셸터,서울 중구 필동로 53 라비두스 별관 3층/루프탑 서울 중구 필동3가 62-11,verified,false,
와인컬렉터 삼성점,서울 강남구 삼성동,37.5143225723289,127.062831022499,1505144187,https://map.naver.com/p/entry/place/1505144187,37.5061764,127.0529126,mid,와인컬렉터 삼성점,서울 강남구 테헤란로 423 현대타워 102호 와인컬렉터 삼성점 서울 강남구 삼성동 143-37,verified,false,
여유도예공방,전남 여수시 만성리길 53,,,1478301006,https://map.naver.com/p/entry/place/1478301006,34.7792412,127.7453031,mid,여유도예공방,전남광주 여수시 만성리길 53 전남광주 여수시 만흥동 47-11,verified,false,
삽교호놀이동산,충남 당진시 신평면 삽교천3길 15,,,12973592,https://map.naver.com/p/entry/place/12973592,36.8902475,126.8221257,mid,삽교호놀이동산,충남 당진시 신평면 삽교천3길 15 삽교호놀이동산 충남 당진시 신평면 운정리 208-1,verified,false,
3917마중,전남 나주시 향교길 42-16,,,1848068419,https://map.naver.com/p/entry/place/1848068419,35.0335719,126.7107755,mid,3917마중,전남광주 나주시 향교길 42-16 숙박3917마중 전남광주 나주시 교동 16,verified,false,
울산대학교,울산 남구 대학로 93,,,11591612,https://map.naver.com/p/entry/place/11591612,35.5437482,129.2561333,mid,울산대학교,울산 남구 대학로 93 울산대학교 울산 남구 무거동 665,verified,false,
국립경국대학교 안동캠퍼스,경북 안동시 경동로 1375,,,11591600,https://map.naver.com/p/entry/place/11591600,36.5422432,128.7971386,mid,국립경국대학교 안동캠퍼스,경북 안동시 경동로 1375 경북 안동시 송천동 388,verified,false,
홍대 와우산로27길,서울 마포구 와우산로27길,,,18786938,https://map.naver.com/p/entry/place/18786938,37.5544247,126.9268312,mid,와우산로27길,서울 마포구 서교동,verified,false,
여수서시장,전남 여수시 서교연등천길 43,,,13347610,https://map.naver.com/p/entry/place/13347610,34.7418701,127.7285795,mid,서시장,전남광주 여수시 좌수영로 16-6 (주)서시장-전통시장 전남광주 여수시 서교동 280 주서시장-전통시장,verified,false,
홀통해수욕장,전남 무안군 현경면 홀통길 156,,,13491237,https://map.naver.com/p/entry/place/13491237,35.0622739,126.3374222,mid,홀통해수욕장,전남광주 무안군 현경면 오류리,verified,false,
미미옥 신용산점,서울 용산구 한강대로15길 27,,,1565282758,https://map.naver.com/p/entry/place/1565282758,37.5262852,126.9630047,mid,미미옥 신용산점,서울 용산구 한강대로15길 27 서울 용산구 한강로3가 40-463,verified,false,
미메시스 아트 뮤지엄,경기 파주시 문발로 253,,,32520738,https://map.naver.com/p/entry/place/32520738,37.7167323,126.6888927,mid,미메시스 아트 뮤지엄,경기 파주시 문발로 253 경기 파주시 문발동 499-3,verified,false,
대신고 앞 철길 횡단 육교,대전 서구 도마동 186-24,36.3112690759213,127.379794348247,,,,,failed,,,not_matched,false,
강동경희대병원,서울 강동구 상일동 149,37.5529178560471,127.157130980304,38463117,https://map.naver.com/p/entry/place/38463117,37.5534484,127.1573794,mid,오가다 강동경희대병원점,서울 강동구 동남로 892 서울 강동구 상일동 149,verified,false,
지산빌딩,서울 영등포구 버드나루로8길 12,37.5236042035237,126.911854178991,1334372809,https://map.naver.com/p/entry/place/1334372809,37.5235868,126.9119598,high,지산빌딩,서울 영등포구 버드나루로8길 12 서울 영등포구 영등포동2가 94-20,verified,false,
우송정보대학 동캠퍼스,대전 동구 자양동 17-2,36.3361499130919,127.453420606431,239042985,https://map.naver.com/p/entry/place/239042985,36.3351591,127.4531855,high,우송정보대학동캠퍼스,대전 동구 백룡로 59 대전 동구 자양동 101-17,verified,false,
홍대축제거리,서울 마포구 서교동 365-28,37.5512343122068,126.921348949577,1144279233,https://map.naver.com/p/entry/place/1144279233,37.551271,126.9213549,high,홍대축제거리,서울 마포구 서교동 365-28,verified,false,
인천국제공항 제1교통센터,인천 영종구 공항로 271,37.44774200812161,126.4523739226961,2143894044,https://map.naver.com/p/entry/place/2143894044,37.4473823,126.4526054,mid,인천국제공항 제1여객터미널교통센터,인천 영종구 공항로 271 인천국제공항역 인천 영종구 운서동 2851,verified,false,
농구장(도봉동),서울 도봉구 도봉동 2-6,37.6912149618867,127.049433404842,,,,,failed,,,not_matched,false,
쓰리팝 PC방 대방점,서울 동작구 등용로 123,37.51211660013201,126.93173146874808,687308769,https://map.naver.com/p/entry/place/687308769,37.51213,126.931791,mid,쓰리팝PC방,서울 동작구 등용로 123 지하 1층 서울 동작구 대방동 39-2,verified,false,
CU 공군호텔점,서울 영등포구 신길동 1279,37.5109001498169,126.922936432973,1619912788,https://map.naver.com/p/entry/place/1619912788,37.51089,126.922918,mid,CU 영등포공군호텔점,"서울 영등포구 영등포로86길 23 (신길동, 디에스타운) 디에스타운 서울 영등포구 신길동 1279",verified,false,
한온시스템 생활관(구 한라공조 생활관),대전 대덕구 신일서로 95,36.437211956878,127.411176846136,16117048,https://map.naver.com/p/entry/place/16117048,36.4448469,127.4095174,mid,한온시스템생활관,대전 대덕구 대덕대로1448번길 70 대전 대덕구 신일동 1682-3,verified,false,
종로 윤보선길,서울 종로구 통의동,37.5780584194584,126.972852824323,,,,,failed,,,not_matched,false,
63빌딩,서울 영등포구 63로 50,37.519814891570896,126.94026158444098,12129728,https://map.naver.com/p/entry/place/12129728,37.5198158,126.9403138,high,63빌딩,서울 영등포구 63로 50 63빌딩 서울 영등포구 여의도동 60,verified,false,
책마을 경기광주점,경기 광주시 중앙로145번길 25,37.4123231065302,127.254506984792,38427490,https://map.naver.com/p/entry/place/38427490,37.4123296,127.2544666,mid,책마을광주점,경기 광주시 중앙로145번길 25 경기 광주시 경안동 83-10,verified,false,
종로 일대,서울 종로구 세종로 1-68,,,,,,,failed,,,not_matched,false,
루하스사우나,서울 은평구 통일로 1020,,,37564357,https://map.naver.com/p/entry/place/37564357,37.6338023,126.9177389,mid,루하스사우나,"서울 은평구 통일로 1022 지하1층 B109, B110, B111, 지하2층 B201호 서울 은평구 진관동 100-1",verified,false,
서울역 11번 출구 버스정류장,서울 용산구 동자동 12-1,,,,,,,failed,,,not_matched,false,
지후아타네호,경기 성남시 분당구 판교공원로2길 45,,,19723806,https://map.naver.com/p/entry/place/19723806,37.3901798,127.0931611,mid,지후아타네호,경기 성남시 분당구 판교공원로1길 49 1층 경기 성남시 분당구 판교동 604,verified,false,
대왕판교로644번길,경기 성남시 분당구 삼평동 667-7,,,,,,,failed,,,not_matched,false,
서울여자대학교 50주년기념관,서울 노원구 화랑로 621,,,33134080,https://map.naver.com/p/entry/place/33134080,37.6261454,127.0931736,mid,서울여자대학교50주년기념관,서울 노원구 화랑로 621 서울 노원구 공릉동 126,verified,false,
삼거마을삼성래미안1차아파트,경기 용인시 기흥구 용구대로2394번길 27,,,831296334,https://map.naver.com/p/entry/place/831296334,37.2988676,127.1112756,mid,삼거마을삼성래미안1차아파트,경기 용인시 기흥구 용구대로2394번길 27 경기 용인시 기흥구 마북동 629,verified,false,
낙원상가 앞,서울 종로구 삼일대로 428,,,,,,,failed,,,not_matched,false,
삼일대로30길,서울 종로구 낙원동 10-2,,,,,,,failed,,,not_matched,false,
세종대로,서울 중구 남대문로4가 17-3,,,,,,,failed,,,not_matched,false,
명륜진사갈비 포천시청점,경기 포천시 신북면 중앙로 332,,,1575787819,https://map.naver.com/p/entry/place/1575787819,37.9052912,127.2076596,mid,명륜진사갈비 포천시청점,경기 포천시 신북면 왕방로 324 1층 경기 포천시 신북면 가채리 808-1,verified,false,
오동근린공원 등산로,서울 성북구 상월곡동 산 1-1,,,,,,,failed,,,not_matched,false,
월곡산 애기릉터공원,서울 성북구 상월곡동 산 1-1,,,,,,,failed,,,not_matched,false,
인천국제공항 제1교통센터,인천 중구 공항로 272,,,2143894044,https://map.naver.com/p/entry/place/2143894044,37.4473823,126.4526054,low,인천국제공항 제1여객터미널교통센터,인천 영종구 공항로 271 인천국제공항역 인천 영종구 운서동 2851,verified,false,
월드컵대교,서울 마포구 상암동 1541,,,18809568,https://map.naver.com/p/entry/place/18809568,37.5553747,126.8848905,mid,월드컵대교,서울 마포구 상암동,verified,false,
계동길 카페 탐탐 앞,서울 종로구 계동길 93,,,,,,,failed,,,not_matched,false,
포비 합정점 앞,서울 마포구 양화로3길 66,,,,,,,failed,,,not_matched,false,
한강시민공원 원효대교 남단,서울 영등포구 여의도동 85,,,,,,,failed,,,not_matched,false,
와룡공원길 조망지점,서울 종로구 명륜1가 산 1-3,,,,,,,failed,,,not_matched,false,
청운공원 다목적운동장,서울 종로구 청운동 7-6,,,18661643,https://map.naver.com/p/entry/place/18661643,37.5886646,126.9660608,mid,청운공원다목적운동장,서울 종로구 청운동,verified,false,
윤동주문학관 앞,서울 종로구 창의문로 119,,,,,,,failed,,,not_matched,false,
안산올림픽기념관,경기 안산시 단원구 적금로 202,,,13412810,https://map.naver.com/p/entry/place/13412810,37.3263282,126.8274302,mid,안산올림픽기념관,경기 안산시 단원구 적금로 202 경기 안산시 단원구 고잔동 604,verified,false,
오송호수공원 파크골프장 앞,충북 청주시 흥덕구 오송읍 연제리 883,,,,,,,failed,,,not_matched,false,
송도IBS타워,인천 연수구 센트럴로 263,,,19404009,https://map.naver.com/p/entry/place/19404009,37.3981453,126.6339398,mid,송도IBS타워,인천 연수구 센트럴로 263 인천 연수구 송도동 29-13,verified,false,
윤보선길,서울 종로구 안국동 177-1,,,,,,,failed,,,not_matched,false,
남산공원 전망대(팔각광장),서울 중구 예장동 산 5-6,,,,,,,failed,,,not_matched,false,
남산서울타워,서울 용산구 남산공원길 105,,,1358285526,https://map.naver.com/p/entry/place/1358285526,37.5512919,126.9881611,mid,돈룩업 남산서울타워,서울 용산구 남산공원길 105 남산서울타워 T4 서울 용산구 용산동2가 산1-3,verified,false,
오렌지플래닛,서울 강남구 테헤란로 217,37.5020753178482,127.039772457988,1025075522,https://map.naver.com/p/entry/place/1025075522,37.5021367,127.0398322,high,오렌지플래닛,서울 강남구 테헤란로 217 오렌지플래닛 서울 강남구 역삼동 677-23,verified,false,
서울법원종합청사,서울 서초구 서초중앙로 157,37.4982792627793,127.010919683251,18774481,https://map.naver.com/p/entry/place/18774481,37.4961786,127.0112577,high,서울법원종합청사,서울 서초구 서초중앙로 157 서울고등법원.서울중앙지방법원.회생법원 서울 서초구 서초동 1701-1,verified,false,
콘래드 서울 아트리오,서울 영등포구 국제금융로 10,37.52545659112212,126.92678353913301,37260382,https://map.naver.com/p/entry/place/37260382,37.5254319,126.9266838,high,콘래드 서울 아트리오,서울 영등포구 국제금융로 10 콘래드 서울 2층 서울 영등포구 여의도동 23,verified,false,
독투독(우쭈쭈케어센터 합정점),서울 마포구 월드컵로 44,37.553180933154,126.912410895391,,,,,failed,,,not_matched,false,
달빛애견글램핑,경기 포천시 일동면 사기막길 67-6,37.9650223409047,127.33765622403578,685322953,https://map.naver.com/p/entry/place/685322953,37.9650494,127.3375686,high,달빛애견글램핑 럭셔리수영장,경기 포천시 일동면 사기막길 67-6 경기 포천시 일동면 화대리 167-2,verified,false,
아나키아,경기 의정부시 잔돌길 22,37.72851584538706,127.11371978779302,1630613493,https://map.naver.com/p/entry/place/1630613493,37.7285343,127.1137231,high,아나키아,경기 의정부시 잔돌길 22 경기 의정부시 산곡동 668,verified,false,
위드포레타운하우스,경기 용인시 처인구 포곡읍 백옥대로1922번길 35-17,37.2982727411144,127.237535579537,1601509193,https://map.naver.com/p/entry/place/1601509193,37.298294,127.2376402,high,위드포레타운하우스,경기 용인시 처인구 포곡읍 백옥대로1922번길 35-17 경기 용인시 처인구 포곡읍 삼계리 24-132,verified,false,
훗닭,서울 서대문구 홍제천로 160,37.57730531524892,126.93108898467563,33060785,https://map.naver.com/p/entry/place/33060785,37.577304,126.931094,high,훗닭,서울 서대문구 홍제천로 160 서울 서대문구 연희동 719-4,verified,false,
동막골유황천,경기 연천군 연천읍 동막로25번길 181,38.089434556991904,127.08106633039839,11821194,https://map.naver.com/p/entry/place/11821194,38.0896042,127.0812285,high,동막골유황천,경기 연천군 연천읍 동막로25번길 181 경기 연천군 연천읍 동막리 467,verified,false,
서원밸리컨트리클럽,경기 파주시 광탄면 서원길 333,37.824655201146875,126.89329994677779,19313963,https://map.naver.com/p/entry/place/19313963,37.8246974,126.8932101,low,서원밸리CC 클럽하우스,경기 파주시 광탄면 서원길 333 경기 파주시 광탄면 발랑리 123-1,verified,false,
구스커피앤바,서울 마포구 월드컵로17길 56,37.5549058171353,126.90758331424,1234832125,https://map.naver.com/p/entry/place/1234832125,37.5549473,126.907619,high,구스커피앤바,서울 마포구 월드컵로17길 56 1층 서울 마포구 망원동 57-112,verified,false,
더 링크호텔 서울,서울 구로구 경인로 610,37.5053261553684,126.883810275865,1104015712,https://map.naver.com/p/entry/place/1104015712,37.5054332,126.8839722,low,나라한복 더링크호텔,서울 구로구 경인로 610 3층일부 서울 구로구 신도림동 413-9,verified,false,
송도웰니스센터,인천 연수구 송도동,,,1214292490,https://map.naver.com/p/entry/place/1214292490,37.3866584,126.6116092,mid,송도웰니스 건강검진센터,인천 연수구 랜드마크로360번길 40 304동 1층~2층 인천 연수구 송도동 396-7,verified,false,
연세대학교 신촌캠퍼스 연희관,서울특별시 서대문구 신촌동 134,37.5672843227725,126.939048770499,18745935,https://map.naver.com/p/entry/place/18745935,37.5673466,126.9390616,high,연세대학교 신촌캠퍼스연희관,서울 서대문구 연세로 50 511동 서울 서대문구 신촌동 134,verified,false,
콤콤오락실 익선동점,서울특별시 종로구 익선동 171-1,37.5730625790772,126.989992213529,1269075560,https://map.naver.com/p/entry/place/1269075560,37.5728229,126.9898261,low,새서울 콤콤오락실,"서울 종로구 돈화문로11길 28-5 1, 2층 서울 종로구 낙원동 122",verified,false,
서울중앙고등학교,서울특별시 종로구 창덕궁길 164,37.584025386322,126.98684423018,12111891,https://map.naver.com/p/entry/place/12111891,37.5841193,126.9868655,high,중앙고등학교,서울 종로구 창덕궁길 164 서울 종로구 계동 1,verified,false,
왕자만화방(와이앤아니마),서울특별시 종로구 윤보선길 31,37.5773802560574,126.983707313955,,,,,failed,,,not_matched,false,
국립현대미술관 서울관 앞 도로(삼청로),서울특별시 종로구 삼청로 30,37.5787436166877,126.980032718285,,,,,failed,,,not_matched,false,
감고당길,서울특별시 종로구 송현동 34-2,37.5779809290429,126.982316995538,,,,,failed,,,not_matched,false,
설리 스카이워크,경상남도 남해군 미조면 송정리 산352-4,34.7085894481572,128.022435611668,1362597778,https://map.naver.com/p/entry/place/1362597778,34.7085198,128.0230934,high,설리스카이워크,경남 남해군 미조면 미송로303번길 176 경남 남해군 미조면 송정리 1029-13,verified,false,
상주은모래비치,경상남도 남해군 상주면 상주리,34.7372887059436,128.000888589203,1856329394,https://map.naver.com/p/entry/place/1856329394,34.7213666,127.9878363,mid,상주은모래비치,경남 남해군 상주면 상주로 17-4 경남 남해군 상주면 상주리 2182-2,verified,false,
남해상상양떼목장편백숲,경상남도 남해군 설천면 설천로775번길 364,34.9360461767834,127.88961943347,37851529,https://map.naver.com/p/entry/place/37851529,34.9360899,127.8896143,high,남해 상상양떼목장 편백숲,경남 남해군 설천면 설천로775번길 364 경남 남해군 설천면 문의리 산187-1,verified,false,
용인대학교,경기도 용인시 처인구 용인대학로 134,,,11591609,https://map.naver.com/p/entry/place/11591609,37.2270151,127.1678561,mid,용인대학교,경기 용인시 처인구 용인대학로 134 용인대학교 경기 용인시 처인구 삼가동 470,verified,false,
인하대학교,인천광역시 미추홀구 인하로 100,,,11591624,https://map.naver.com/p/entry/place/11591624,37.4507292,126.6538126,mid,인하대학교용현캠퍼스,인천 미추홀구 인하로 100 인천 미추홀구 용현동 88-21,verified,false,
서울과학기술대학교,서울특별시 노원구 공릉로 232,,,11591577,https://map.naver.com/p/entry/place/11591577,37.6316217,127.0783723,mid,서울과학기술대학교,서울 노원구 공릉로 232 서울 노원구 공릉동 172,verified,false,
삼육대학교,서울특별시 노원구 화랑로 815,,,11591563,https://map.naver.com/p/entry/place/11591563,37.6429793,127.1042696,mid,삼육대학교,서울 노원구 화랑로 815 삼육대학교 서울 노원구 공릉동 26-21,verified,false,
한국체육대학교,서울특별시 송파구 양재대로 1239,,,11591664,https://map.naver.com/p/entry/place/11591664,37.5198884,127.1308625,mid,한국체육대학교,서울 송파구 양재대로 1239 서울 송파구 방이동 88-15,verified,false,
서울시립미술관 서소문본관,서울특별시 중구 덕수궁길 61,,,,,,,failed,,,not_matched,false,
이월드,대구광역시 달서구 두류공원로 200,,,11556649,https://map.naver.com/p/entry/place/11556649,35.8530292,128.5657599,mid,이월드,대구 달서구 두류공원로 200 이월드 대구 달서구 두류동 산302-11,verified,false,
주문진해변,강원특별자치도 강릉시 주문진읍 주문북로 210,,,36491931,https://map.naver.com/p/entry/place/36491931,37.9028783,128.82268,mid,주문진해변교회,강원 강릉시 주문진읍 주문북로 119-7 강원 강릉시 주문진읍 주문리 864-8,verified,false,
응봉산 팔각정,서울특별시 성동구 금호동4가 1540,,,317542230,https://map.naver.com/p/entry/place/317542230,37.5478769,127.0298879,mid,응봉산 팔각정,서울 성동구 응봉동,verified,false,
옥순봉,충청북도 제천시 수산면 괴곡리 산9,,,19501194,https://map.naver.com/p/entry/place/19501194,36.943652,128.236924,mid,옥순봉,충북 제천시 수산면 괴곡리,verified,false,
보리나라 학원농장(청보리밭),전북특별자치도 고창군 공음면 학원농장길 150,35.375391,126.543230,,,,,failed,,,not_matched,false,
상당산성,충북 청주시 상당구 산성동 산 28-2,36.662301,127.541395,13491440,https://map.naver.com/p/entry/place/13491440,36.661732,127.5399,high,상당산성,충북 청주시 상당구 용담.명암.산성동,verified,false,
무등산 증심사 편백숲,전남광주통합특별시 동구 증심사길 177,35.128577,126.969689,,,,,failed,,,not_matched,false,
황매산군립공원,경남 합천군 가회면 둔내리 산 219,35.494292,127.974661,13491543,https://map.naver.com/p/entry/place/13491543,35.494233,127.9745981,low,황매산,경남 합천군 가회면 둔내리 산219,mismatch,true,address_mismatch
무릉계곡관광지,강원특별자치도 동해시 삼화로 538,37.463467,129.019377,11491159,https://map.naver.com/p/entry/place/11491159,37.46216,129.012875,mid,무릉계곡,강원 동해시 삼화로 584 삼화사 강원 동해시 삼화동 860-1,verified,false,
그랜드 워커힐 서울,서울 광진구 워커힐로 177,37.55522778434594,127.11089257243468,11583218,https://map.naver.com/p/entry/place/11583218,37.555169,127.1107738,high,그랜드 워커힐 서울,서울 광진구 워커힐로 177 그랜드워커힐 서울 서울 광진구 광장동 22-1,verified,false,
콘래드 서울,서울 영등포구 국제금융로 10,37.52541872450673,126.92674398135534,21202909,https://map.naver.com/p/entry/place/21202909,37.5255723,126.9266143,high,콘래드 서울 호텔,서울 영등포구 국제금융로 10 서울 국제금융 센터 서울 영등포구 여의도동 23,verified,false,
경희대학교 서울캠퍼스,서울 동대문구 경희대로 26,37.5971656623384,127.05173889409078,1339665176,https://map.naver.com/p/entry/place/1339665176,37.5971625,127.0516827,high,경희대학교 서울캠퍼스본관,서울 동대문구 경희대로 26 서울 동대문구 회기동 1-5,verified,false,
피커스 종로점,서울 종로구 돈화문로5가길 1,37.57091093329,126.991397046749,,,,,failed,,,not_matched,false,
숙명여자대학교 명신관,서울 용산구 청파로47길 100,37.5458975469105,126.963562828318,18717844,https://map.naver.com/p/entry/place/18717844,37.5458093,126.9636153,mid,숙명여자대학교제1캠퍼스명신관,서울 용산구 청파로47길 100 서울 용산구 청파동2가 53-12,verified,false,
아스톤하우스,경기 구리시 아천동,37.5681673219842,127.114324507713,20827209,https://map.naver.com/p/entry/place/20827209,37.587053,127.056445,low,아스톤하우스,서울 동대문구 망우로10길 46 서울 동대문구 휘경동 312-105,verified,false,
롯데백화점 일산점,경기 고양시 일산동구 중앙로 1283,37.66047104881414,126.77213362798275,12133972,https://map.naver.com/p/entry/place/12133972,37.660478,126.7721024,high,롯데백화점 일산점,경기 고양시 일산동구 중앙로 1283 롯데백화점일산점 경기 고양시 일산동구 장항동 784,verified,false,
W스퀘어컨벤션,경기 성남시 분당구 판교역로226번길 16,37.40056452397243,127.11147743565441,36301790,https://map.naver.com/p/entry/place/36301790,37.400489,127.1114764,high,W스퀘어컨벤션,경기 성남시 분당구 판교역로226번길 16 경기 성남시 분당구 삼평동 674,verified,false,
스카이247,경기 하남시 망월동,37.5680994614325,127.189475097868,2048396034,https://map.naver.com/p/entry/place/2048396034,37.5766518,127.1917806,mid,스카이247 비행기 세트장,경기 하남시 미사강변한강로 135 미사강변스카이폴리스 나동 247호 경기 하남시 망월동 834,verified,false,
롯데백화점 중동점,경기 부천시 원미구 길주로 300,37.50256910703231,126.77520420831686,12155637,https://map.naver.com/p/entry/place/12155637,37.5025219,126.7754161,high,롯데백화점 중동점,"경기 부천시 원미구 길주로 300 , 1층 경기 부천시 원미구 중동 1140",verified,false,
오크밸리리조트 피클볼파크,강원특별자치도 원주시 지정면 월송리 1061-16,37.43394946932,127.820008613122,1855252234,https://map.naver.com/p/entry/place/1855252234,37.4338902,127.8199714,mid,오크밸리 피클볼 파크,강원 원주시 지정면 오크밸리1길 66 1층 강원 원주시 지정면 월송리 1061,verified,false,
용인대장금테마파크,경기 용인시 처인구 백암면 용천드라마길 25,37.1211916935391,127.337579430944,13523487,https://map.naver.com/p/entry/place/13523487,37.1214426,127.3369462,high,용인대장금파크,경기 용인시 처인구 백암면 용천드라마길 25 경기 용인시 처인구 백암면 용천리 778-1,verified,false,
월미공원,인천 제물포구 북성동1가 산 125,37.4734712371964,126.603540269676,16578416,https://map.naver.com/p/entry/place/16578416,37.4738791,126.6019733,mid,월미공원정자,인천 제물포구 인천 제물포구 북성동1가 125,verified,false,
클럽디 더플레이어스,강원특별자치도 춘천시 동산면 새술막길 438,37.777435373010945,127.75070136198872,31186343,https://map.naver.com/p/entry/place/31186343,37.776743,127.7484578,high,클럽디 더플레이어스,강원 춘천시 동산면 새술막길 438 강원 춘천시 동산면 군자리 1356,verified,false,
롯데호텔 제주,제주특별자치도 서귀포시 중문관광로72번길 35,33.24859943127331,126.41032986158476,11583214,https://map.naver.com/p/entry/place/11583214,33.2486873,126.4105139,high,롯데호텔 제주,제주 서귀포시 중문관광로72번길 35 롯데호텔 제주 제주 서귀포시 색달동 2812-4,verified,false,
제주신라호텔,제주특별자치도 서귀포시 중문관광로72번길 75,33.24743087763671,126.40804141124566,11583210,https://map.naver.com/p/entry/place/11583210,33.247393,126.40795,high,제주신라호텔,제주 서귀포시 중문관광로72번길 75 제주 서귀포시 색달동 3039-3,verified,false,
신창풍차해안도로,제주특별자치도 제주시 한경면 신창리 1322-1,33.343081026740045,126.17420604655737,,,,,failed,,,not_matched,false,
애월해안도로,제주특별자치도 제주시 애월읍 신엄리 2719-3,33.4781232943703,126.36867872098,,,,,failed,,,not_matched,false,
농암종택,경북 안동시 도산면 가송길 162-133,36.7640813102203,128.884746420384,12045185,https://map.naver.com/p/entry/place/12045185,36.764326,128.8845415,high,농암종택,경북 안동시 도산면 가송길 162-133 경북 안동시 도산면 가송리 612,verified,false,
양재시민의숲역(신분당선 강남방면 승강장),서울 서초구 매헌로 116,37.4701332061395,127.038471341381,,,,,failed,,,not_matched,false,
상봉시외버스터미널,서울 중랑구 상봉로 117,,,,,,,failed,,,not_matched,false,
CU 쌍문우이천점,서울 도봉구 우이천로39길 11,37.64976952734834,127.02005132556158,88142583,https://map.naver.com/p/entry/place/88142583,37.6497765,127.0200528,high,CU 쌍문우이천점,서울 도봉구 우이천로39길 11 서울 도봉구 쌍문동 414-146,verified,false,
혜화역 달고나 상점,서울 종로구 대학로10길 17,37.5820961487244,127.003178474246,,,,,failed,,,not_matched,false,
남산공원 산책로,서울 중구 남산공원길 125-54,37.5524979951415,126.989316855952,,,,,failed,,,not_matched,false,
백운시장,서울 도봉구 삼양로154길 42,37.6557112804272,127.015598103219,1094100292,https://map.naver.com/p/entry/place/1094100292,37.65563,127.0138845,high,백운시장,서울 도봉구 삼양로154길 11 백운시장상인회 사무실 서울 도봉구 쌍문동 507-5,verified,false,
월미도 마이랜드,인천 제물포구 월미로234번길 1,37.474982179180806,126.59898876083552,12764316,https://map.naver.com/p/entry/place/12764316,37.4748513,126.59876,high,마이랜드,인천 제물포구 월미로234번길 7 인천 제물포구 북성동1가 98-332,verified,false,
선갑도,인천 옹진군 자월면 승봉리 산 240,37.0922404328576,126.07921129863,16652043,https://map.naver.com/p/entry/place/16652043,37.0923371,126.0760128,high,선갑도,인천 옹진군 자월면 승봉리 산240,verified,false,
강화 교동초등학교,인천 강화군 교동면 대룡안길 29,37.7836810115014,126.281719814224,13504282,https://map.naver.com/p/entry/place/13504282,37.783534,126.2816007,high,교동초등학교,인천 강화군 교동면 교동동로 485-14 인천 강화군 교동면 대룡리 535,verified,false,
공항철도 공항화물청사역,인천 영종구 공항동로135번길 86,37.459060707641875,126.47751554914322,13479777,https://map.naver.com/p/entry/place/13479777,37.4590672,126.4775041,low,공항화물청사역 공항철도,인천 영종구 공항동로135번길 86 인천 영종구 운서동 2844-7,verified,false,
남산서울타워,서울 용산구 용산동2가 산 1-3,37.55127433407266,126.98820799353979,1358285526,https://map.naver.com/p/entry/place/1358285526,37.5512919,126.9881611,mid,돈룩업 남산서울타워,서울 용산구 남산공원길 105 남산서울타워 T4 서울 용산구 용산동2가 산1-3,verified,false,
동강시스타리조트,강원특별자치도 영월군 영월읍 삼옥리 108,37.2177611843874,128.518742574221,1241348693,https://map.naver.com/p/entry/place/1241348693,37.2183088,128.5177781,high,동강시스타리조트 웨딩홀,강원 영월군 영월읍 삼옥리 106,verified,false,
헤이리예술마을,경기 파주시 탄현면 법흥리 1652-239,37.788040908736896,126.69930440147027,13491296,https://map.naver.com/p/entry/place/13491296,37.788012,126.6993006,high,헤이리 예술마을,경기 파주시 탄현면 헤이리마을길 70-21 헤이리 갈대광장 경기 파주시 탄현면 법흥리 1652-239,verified,false,
해운대해수욕장,부산 해운대구 우동,35.1585232170784,129.159854668484,11491806,https://map.naver.com/p/entry/place/11491806,35.1581445,129.1583542,high,해운대해수욕장,부산 해운대구 우동,verified,false,
김녕해변,제주 제주시 구좌읍 월정리 1400-36,,,13491485,https://map.naver.com/p/entry/place/13491485,33.5577826,126.7594902,low,김녕해수욕장,제주 제주시 구좌읍 김녕리,verified,false,
평대리 팽나무(폭낭),제주 제주시 구좌읍 평대리 2031-20,,,,,,,failed,,,not_matched,false,
광치기해변,제주 서귀포시 성산읍 고성리 224-33,,,38466341,https://map.naver.com/p/entry/place/38466341,33.4511713,126.9243828,mid,광치기해변,제주 서귀포시 성산읍 고성리 224-33,verified,false,
김경숙해바라기농장,제주 제주시 번영로 854-1,,,37746597,https://map.naver.com/p/entry/place/37746597,33.4774112,126.6281482,mid,김경숙해바라기농장,제주 제주시 번영로 854-1 제주 제주시 회천동 391,verified,false,
신창풍차해안도로,제주 제주시 한경면 신창리 1481-23,,,17040007,https://map.naver.com/p/entry/place/17040007,33.3427339,126.172126,mid,신창풍차해안도로,제주 제주시 한경면 신창리 1481-23,verified,false,
스카이다이브 코리아,충북 충주시 앙성면 단암리 125,37.1956542139808,127.746369896893,37001034,https://map.naver.com/p/entry/place/37001034,37.1937508,127.7435642,mid,스카이다이브코리아,충북 충주시 앙성면 단암길 19-1 충북 충주시 앙성면 단암리 412-1,verified,false,
덕수궁 디팰리스,서울 종로구 신문로2가 171,37.5686709353326,126.97200207461,18665871,https://map.naver.com/p/entry/place/18665871,37.5686546,126.9720624,mid,덕수궁디팰리스,서울 종로구 새문안로2길 10 서울 종로구 신문로2가 171,verified,false,
당산철교,서울 영등포구 여의도동 80-3,37.5399148444454,126.907841697488,18999540,https://map.naver.com/p/entry/place/18999540,37.5406275,126.9075996,high,당산철교,서울 영등포구 여의도동,verified,false,
아난티 앳 부산 코브,부산 기장군 기장읍 시랑리 704-1,35.1978556468345,129.228365318805,650968109,https://map.naver.com/p/entry/place/650968109,35.1978188,129.228348,high,아난티 앳 부산 코브,부산 기장군 기장읍 기장해안로 268-32 아난티 앳 부산 코브 부산 기장군 기장읍 시랑리 704-1,verified,false,
메가박스 코엑스,서울 강남구 삼성동 159,37.5125211887102,127.058819250731,12307868,https://map.naver.com/p/entry/place/12307868,37.512613,127.0587435,mid,메가박스 코엑스점,서울 강남구 영동대로 513 코엑스 서울 강남구 삼성동 159,verified,false,
서울역,서울 중구 봉래동2가 122-11,37.55600841335,126.969433231383,2048229374,https://map.naver.com/p/entry/place/2048229374,37.5543111,126.9712102,mid,벤슨 서울역,서울 중구 한강대로 405 커넥트플레이스 3층 서울 중구 봉래동2가 122-11,verified,false,
인천국제공항 제1교통센터,인천 중구 운서동 2851,37.4478413047644,126.452569722753,2143894044,https://map.naver.com/p/entry/place/2143894044,37.4473823,126.4526054,low,인천국제공항 제1여객터미널교통센터,인천 영종구 공항로 271 인천국제공항역 인천 영종구 운서동 2851,verified,false,
왕산마리나길,인천 중구 을왕동 893-68,37.4599164278706,126.36055983674,,,,,failed,,,not_matched,false,
낙산공원,서울특별시 종로구 낙산길 41,37.580570,127.007522,13299765,https://map.naver.com/p/entry/place/13299765,37.5804769,127.0075869,high,낙산공원,서울 종로구 낙산길 41 서울 종로구 동숭동 산2-10,verified,false,
쌍문역,서울특별시 도봉구 도봉로 지하 486-1,37.648543,127.034656,13479449,https://map.naver.com/p/entry/place/13479449,37.6486101,127.034689,high,쌍문역 4호선,"서울 도봉구 도봉로 486-1 , B1층 서울 도봉구 창동 703-4",verified,false,
얄개분식,충청남도 서산시 해미면 읍성마을4길 24-1,36.710647,126.546235,17592939,https://map.naver.com/p/entry/place/17592939,36.7106564,126.5462433,mid,얄개분식브라질떡볶이,충남 서산시 해미면 읍성마을4길 24-1 얄개분식 충남 서산시 해미면 읍내리 197-1,verified,false,
해미읍성,충청남도 서산시 해미면 남문2로 143,36.712655,126.548216,13193481,https://map.naver.com/p/entry/place/13193481,36.7127876,126.5485008,high,서산 해미읍성,충남 서산시 해미면 남문2로 143 충남 서산시 해미면 읍내리 491,verified,false,
동광극장,경기도 동두천시 생연동 585-152,37.908605,127.052288,18018924,https://map.naver.com/p/entry/place/18018924,37.9087705,127.0521042,high,동광극장,경기 동두천시 동광로 33 동광극장 경기 동두천시 생연동 828-2,verified,false,
보리나라 학원농장,전북특별자치도 고창군 공음면 학원농장길 154,,,1968609119,https://map.naver.com/p/entry/place/1968609119,35.3754435,126.5425884,mid,보리나라 학원농장입구,전북 고창군 공음면 예전리,verified,false,
우영김밥(카자구루마),경기도 수원시 팔달구 신풍로23번길 61,,,,,,,failed,,,not_matched,false,
소소바,경기도 고양시 일산서구 강성로232번길 8-10,,,,,,,failed,,,not_matched,false,
울산지방법원,울산광역시 남구 법대로 55,35.539345,129.287506,11628089,https://map.naver.com/p/entry/place/11628089,35.5394268,129.2868579,high,울산지방법원,울산 남구 법대로 55 울산 남구 옥동 1415,verified,false,
장화리 일몰 조망지,인천광역시 강화군 화도면 장화리 1359,37.616024,126.377742,21460978,https://map.naver.com/p/entry/place/21460978,37.6179919,126.3780154,high,장화리일몰조망지,인천 강화군 화도면 장화리 1408,verified,false,
더현대서울,서울특별시 영등포구 여의대로 108,37.525872,126.928446,1916945647,https://map.naver.com/p/entry/place/1916945647,37.5255974,126.9282363,high,더현대서울 식품관,서울 영등포구 여의도동 여의대로 108 서울 영등포구 여의도동 22,verified,false,
창원 북부리 팽나무,경상남도 창원시 의창구 대산면 북부리 102-1,35.349106,128.727538,1723965655,https://map.naver.com/p/entry/place/1723965655,35.3491057,128.7275482,high,창원북부리팽나무,경남 창원시 의창구 대산면 대산북로899번길 62 경남 창원시 의창구 대산면 북부리 102-1,verified,false,
카페 온더데스크,경기도 성남시 분당구 서현로237번길 3,37.385537,127.128173,1675484132,https://map.naver.com/p/entry/place/1675484132,37.3855549,127.1281744,high,카페온더데스크,경기 성남시 분당구 서현로237번길 3 . 1층 경기 성남시 분당구 서현동 85-1,verified,false,
창꼼,제주특별자치도 제주시 조천읍 북촌리 403-9,33.552942,126.700002,1338358803,https://map.naver.com/p/entry/place/1338358803,33.5529455,126.6999476,high,창꼼바위,제주 제주시 조천읍 북촌리 403-9,verified,false,
함덕해수욕장,제주특별자치도 제주시 조천읍 조함해안로 525,33.543062,126.669239,11491805,https://map.naver.com/p/entry/place/11491805,33.5431082,126.6696924,high,함덕해수욕장,제주 제주시 조천읍 조함해안로 525 제주 제주시 조천읍 함덕리 1004-10,verified,false,
관음사,제주특별자치도 제주시 산록북로 660,33.423740,126.558124,13337736,https://map.naver.com/p/entry/place/13337736,33.4237162,126.5584659,high,관음사,제주 제주시 산록북로 660 제주 제주시 아라일동 387,verified,false,
새연교(새섬),제주특별자치도 서귀포시 서홍동 707-4,33.238533,126.558886,,,,,failed,,,not_matched,false,
신남방파제(신남항),강원특별자치도 삼척시 원덕읍 갈남리,37.2661775445771,129.327378866207,,,,,failed,,,not_matched,false,
태화강국가정원 십리대숲,울산 중구 태화동 636,35.54564016727036,129.296551316054,20771500,https://map.naver.com/p/entry/place/20771500,35.5458717,129.2971766,high,태화강 국가정원십리대숲,울산 중구 태화동,verified,false,
경기전(전주한옥마을 일대),전북특별자치도 전주시 완산구 태조로 44,35.81537944320413,127.1497232503336,,,,,failed,,,not_matched,false,
1기 단밤(언덕집소곱창),서울 용산구 녹사평대로 40길 57,37.534472389975,126.988995163791,,,,,failed,,,not_matched,false,
클리프 서울(2기 단밤),서울 용산구 신흥로20길 43,37.547398201331,126.984057964952,,,,,failed,,,not_matched,false,
게우지코지,제주 서귀포시 보목포로 46,33.2392180366622,126.606761567165,72198384,https://map.naver.com/p/entry/place/72198384,33.2437703,126.6185786,mid,게우지코지 펜션,제주 서귀포시 보목포로 179 게우지코지 펜션 제주 서귀포시 하효동 1371,verified,false,
만만코로코로(장가포차),서울 마포구 양화로16길 34,37.5528878290259,126.921357057691,,,,,failed,,,not_matched,false,
한옥카페 선운각,서울 강북구 삼양로173길 223,37.655515620157,126.998708547527,1534254210,https://map.naver.com/p/entry/place/1534254210,37.6556724,126.9998787,mid,선운각,서울 강북구 삼양로173길 223 선운각 서울 강북구 우이동 260-6,verified,false,
수원 일월수목원(일월저수지),경기 수원시 장안구 일월로 61,37.2877810107055,126.976476031701,,,,,failed,,,not_matched,false,
스테이트타워 남산(장가본사),서울 중구 퇴계로 100,37.5602069895052,126.982926486564,,,,,failed,,,not_matched,false,
쌍대포소금구이,서울 용산구 청파로 291,37.5455836506879,126.970011767483,11711391,https://map.naver.com/p/entry/place/11711391,37.5455826,126.9701676,mid,쌍대포소금구이 본점,서울 용산구 청파로 291 서울 용산구 청파동2가 95,verified,false,
예빈산,경기 남양주시 와부읍 팔당리,37.5501588054454,127.252969637051,18209515,https://map.naver.com/p/entry/place/18209515,37.5456456,127.2713497,mid,예빈산,경기 남양주시 와부읍 팔당리,verified,false,
용산구청,서울 용산구 녹사평대로 150,37.5324522944579,126.990478820837,11627899,https://map.naver.com/p/entry/place/11627899,37.532527,126.99049,high,용산구청,서울 용산구 녹사평대로 150 서울 용산구 이태원동 34-87,verified,false,
장자호수공원,경기 구리시 교문동 537,37.5825384280394,127.138798048409,13447007,https://map.naver.com/p/entry/place/13447007,37.5825097,127.1385696,high,장자호수공원,경기 구리시 교문동 537,verified,false,
삼성역 캐논코리아,서울 강남구 테헤란로 607,37.5095109420719,127.064001573733,31012600,https://map.naver.com/p/entry/place/31012600,37.5095475,127.0639742,high,캐논코리아,서울 강남구 테헤란로 607 캐논케이타워 서울 강남구 삼성동 168-12,verified,false,
트리플 스트리트,인천 연수구 송도과학로16번길 33-1,37.3806957155085,126.658783691215,1764383386,https://map.naver.com/p/entry/place/1764383386,37.3800351,126.6605756,high,트리플스트리트,인천 연수구 송도과학로16번길 33-1 인천 연수구 송도동 170-1,verified,false,
지미추 여주프리미엄아울렛점,경기도 여주시 명품로 360,37.241343275192826,127.61248274136896,1563053720,https://map.naver.com/p/entry/place/1563053720,37.2414046,127.6125182,mid,지미추 신세계프리미엄아울렛 여주점,경기 여주시 명품로 360 신세계프리미엄아울렛 여주점 EAST LOW 219호 경기 여주시 상거동 460,verified,false,
동대문디자인플라자,서울 중구 을지로 281,37.566526,127.009224,18063223,https://map.naver.com/p/entry/place/18063223,37.5675465,127.0099323,high,동대문디자인플라자,서울 중구 을지로 281 서울 중구 을지로7가 143,verified,false,
감포 해국길,경북 경주시 감포읍 감포로 119-6,35.8048184547196,129.501882865249,,,,,failed,,,not_matched,false,
나정고운모래해변,경북 경주시 감포읍 동해안로 1915,35.7822895513597,129.491498984723,13491730,https://map.naver.com/p/entry/place/13491730,35.7836413,129.491341,high,나정고운모래해변,경북 경주시 감포읍,verified,false,
자유공원,인천 제물포구 송학동1가 11-1,37.4755030373606,126.621970582675,1724343541,https://map.naver.com/p/entry/place/1724343541,37.475139,126.6229175,mid,자유공원,인천 제물포구 인천 제물포구 송학동1가,verified,false,
의정부중앙초등학교,경기 의정부시 호국로1291번길 17,37.7450797151881,127.046977594827,12063330,https://map.naver.com/p/entry/place/12063330,37.7451081,127.0468847,high,의정부중앙초등학교,경기 의정부시 호국로1291번길 17 중앙초등학교 경기 의정부시 의정부동 224,verified,false,
건양고등학교,충남 논산시 양촌면 황산벌로 486-21,36.1415310158341,127.234269350558,12236273,https://map.naver.com/p/entry/place/12236273,36.1415408,127.2343079,mid,건양대학교병설건양고등학교,충남 논산시 양촌면 황산벌로 486-21 건양고등학교 충남 논산시 양촌면 남산리 269-4,verified,false,
오송첨단의료산업진흥재단,충북 청주시 흥덕구 오송읍 오송생명로 123,36.635404,127.324632,20246737,https://map.naver.com/p/entry/place/20246737,36.6340224,127.3248016,high,오송첨단의료산업진흥재단,충북 청주시 흥덕구 오송읍 오송생명로 123 오송첨단의료산업진흥재단 충북 청주시 흥덕구 오송읍 연제리 679,verified,false,
페어몬트 앰배서더 서울,서울 영등포구 여의도대로 108,37.530015,126.919154,1356389745,https://map.naver.com/p/entry/place/1356389745,37.5252396,126.9290609,mid,페어몬트 앰배서더 서울,서울 영등포구 여의대로 108 페어몬트 앰배서더 서울 호텔 서울 영등포구 여의도동 22,verified,false,
시엔 구월점,인천 남동구 인주대로 560,37.449832,126.699084,,,,,failed,,,not_matched,false,
이엔갤러리,서울 종로구 평창동 495-19,,,603799070,https://map.naver.com/p/entry/place/603799070,37.6131653,126.9707769,mid,이엔갤러리,서울 종로구 평창길 224 서울 종로구 평창동 495-19,verified,false,
이월드,대구 달서구 두류공원로 200,,,11556649,https://map.naver.com/p/entry/place/11556649,35.8530292,128.5657599,mid,이월드,대구 달서구 두류공원로 200 이월드 대구 달서구 두류동 산302-11,verified,false,
숭례문,서울 중구 세종대로 40,,,13491509,https://map.naver.com/p/entry/place/13491509,37.5599757,126.9753562,mid,숭례문,서울 중구 세종대로 40 서울 중구 남대문로4가 29,verified,false,
성희여자고등학교,경북 안동시 강남로 246,36.5515531537569,128.729138973614,11557342,https://map.naver.com/p/entry/place/11557342,36.5515322,128.7289823,high,성희여자고등학교,경북 안동시 강남로 246 성희여자고등학교 경북 안동시 정하동 산102-1,verified,false,
안동탈춤공연장(탈춤공원),경북 안동시 육사로 239,36.5604298676949,128.732629446256,,,,,failed,,,not_matched,false,
목척교,대전 중구 은행동 331,36.3299139841888,127.429202917597,16259006,https://map.naver.com/p/entry/place/16259006,36.3299107,127.429224,low,목척교,대전 동구 중동,verified,false,
문경새재오픈세트장,경북 문경시 문경읍 새재로 1037,36.7713996802656,128.074072026373,37844946,https://map.naver.com/p/entry/place/37844946,36.7714697,128.0740046,high,문경새재 오픈세트장,경북 문경시 문경읍 상초리 84-2,verified,false,
가은오픈세트장,경북 문경시 가은읍 왕능길 112,36.6525908672075,128.064787990459,1260127836,https://map.naver.com/p/entry/place/1260127836,36.6534466,128.0669426,high,가은오픈세트장입구,경북 문경시 가은읍 왕능리,verified,false,
신남해수욕장,강원특별자치도 삼척시 원덕읍 갈남리,37.2647170012813,129.327072402921,13491233,https://map.naver.com/p/entry/place/13491233,37.2643674,129.3272578,high,신남해수욕장,강원 삼척시 원덕읍 갈남리,verified,false,
삽교호놀이공원,충남 당진시 신평면 삽교천3길 15,36.8902283318714,126.822377296393,12973592,https://map.naver.com/p/entry/place/12973592,36.8902475,126.8221257,mid,삽교호놀이동산,충남 당진시 신평면 삽교천3길 15 삽교호놀이동산 충남 당진시 신평면 운정리 208-1,verified,false,
위크엔드 라운지 자유공원점,인천 제물포구 송학로 63,37.4748490028739,126.624827286032,,,,,failed,,,not_matched,false,
더판다,서울 강남구 테헤란로 326,37.5035470555751,127.047033596011,37807568,https://map.naver.com/p/entry/place/37807568,37.50352,127.047,high,더판다,서울 강남구 테헤란로 326 서울 강남구 역삼동 707-27,verified,false,
대전광역시청,대전 서구 둔산로 100,36.3505388993078,127.384834846753,11627823,https://map.naver.com/p/entry/place/11627823,36.3505,127.3848334,high,대전광역시청,대전 서구 둔산로 100 대전 서구 둔산동 1420,verified,false,
마곡중앙로,서울 강서구 마곡중앙로,37.5632523620364,126.827375940145,19686712,https://map.naver.com/p/entry/place/19686712,37.5566341,126.8264878,mid,마곡중앙로,서울 강서구 마곡동,verified,false,
정도리 구계등,전남 완도군 완도읍 정도리 960,,,17170086,https://map.naver.com/p/entry/place/17170086,34.2977373,126.705832,mid,완도정도리구계등,전남광주 완도군 완도읍 정도리 152-1,verified,false,
대천해수욕장,충남 보령시 머드로 123,,,11784288,https://map.naver.com/p/entry/place/11784288,36.3101404,126.5131254,mid,대천해수욕장,충남 보령시 신흑동,verified,false,
계명대학교 동산병원,대구 달서구 달구벌대로 1035,,,21849562,https://map.naver.com/p/entry/place/21849562,35.8540994,128.4802188,mid,계명대학교 동산병원,대구 달서구 달구벌대로 1035 대구 달서구 신당동 1000-2,verified,false,
당머리 참장어거리,전남 여수시 남산남1길 일대,,,,,,,failed,,,not_matched,false,
더스테이힐링파크,경기 가평군 설악면 한서로268번길 157,,,38477833,https://map.naver.com/p/entry/place/38477833,37.6617742,127.5243652,mid,더스테이힐링파크,경기 가평군 설악면 한서로268번길 157 경기 가평군 설악면 위곡리 303-3,verified,false,
알펜시아 리조트,강원특별자치도 평창군 대관령면 솔봉로 325,,,12398587,https://map.naver.com/p/entry/place/12398587,37.6581327,128.6714455,mid,알펜시아리조트,강원 평창군 대관령면 솔봉로 325 강원 평창군 대관령면 용산리 425,verified,false,
서울드래곤시티,서울 용산구 청파로20길 95,,,1433721445,https://map.naver.com/p/entry/place/1433721445,37.5318181,126.9627637,mid,서울드래곤시티,서울 용산구 청파로20길 95 서울드래곤시티 서울 용산구 한강로3가 40-969,verified,false,
자연부여유스호스텔,충남 부여군 외산면 반교동로 6,,,11796530,https://map.naver.com/p/entry/place/11796530,36.2849774,126.7171733,mid,자연부여유스호스텔,충남 부여군 외산면 반교동로 6 자연부여유스호스텔 충남 부여군 외산면 반교리 177-1,verified,false,
나프플리오,그리스 펠로폰네소스주 아르골리스현 나프플리오,,,,,,,failed,,,not_matched,false,
아크로나플리아 성,"Akronafplia Castle, Nafplio 211 00, Greece",,,,,,,failed,,,not_matched,false,
모넴바시아 다리,"Monemvasia 230 70, Greece",,,,,,,failed,,,not_matched,false,
클럽 크로마,인천 중구 영종해안남로321번길 186,37.436467,126.458007,1614589323,https://map.naver.com/p/entry/place/1614589323,37.4361679,126.4579606,low,클럽 크로마,인천 영종구 영종해안남로321번길 186 파라다이스시티 크로마 인천 영종구 운서동 2874,verified,false,
경희대학교 평화의전당,서울 동대문구 경희대로 26,,,13281132,https://map.naver.com/p/entry/place/13281132,37.5986917,127.0527474,mid,경희대학교서울캠퍼스평화의전당,서울 동대문구 경희대로 26 서울 동대문구 회기동 1-5,verified,false,
송월동동화마을,인천 제물포구 송월동3가 17-1,37.47866091520962,126.61967997247474,34590409,https://map.naver.com/p/entry/place/34590409,37.4779369,126.6205644,mid,송월동동화마을,인천 제물포구 인천 제물포구 송월동3가 17-1,verified,false,
시흥갯골생태공원,경기 시흥시 동서로 287,37.3906904238162,126.780983949421,12958532,https://map.naver.com/p/entry/place/12958532,37.3909834,126.7811119,high,갯골생태공원,경기 시흥시 동서로 287 경기 시흥시 장곡동 724-32,verified,false,
제주국제공항,제주특별자치도 제주시 공항로 2,33.50683984835887,126.49272304493574,11576965,https://map.naver.com/p/entry/place/11576965,33.5069233,126.4929933,high,제주국제공항,제주 제주시 공항로 2 제주국제공항 제주 제주시 용담이동 2002,verified,false,
성산일출봉,제주특별자치도 서귀포시 성산읍 성산리 78,33.4591349705437,126.940537521366,11491438,https://map.naver.com/p/entry/place/11491438,33.4588827,126.9408234,high,성산일출봉,제주 서귀포시 성산읍 성산리 1,verified,false,
돌하르방미술관,제주특별자치도 제주시 조천읍 북촌서1길 70,33.53884325550264,126.6888110831401,10983870,https://map.naver.com/p/entry/place/10983870,33.5388536,126.6888142,high,돌하르방미술관,제주 제주시 조천읍 북촌서1길 70 제주 제주시 조천읍 북촌리 976,verified,false,
아난티 코브,부산 기장군 기장읍 기장해안로 268-31,35.2002410464161,129.22901421995851,41332596,https://map.naver.com/p/entry/place/41332596,35.1994595,129.2286584,high,아난티 코브,부산 기장군 기장읍 기장해안로 268-31 부산 기장군 기장읍 시랑리 704,verified,false,
놀뫼시민장례식장,충남 논산시 내동 497,36.178905,127.096871,17336999,https://map.naver.com/p/entry/place/17336999,36.1789493,127.0964481,mid,놀뫼시민장례원,충남 논산시 원댕이길 12 충남 논산시 내동 497,verified,false,
삼방산 얼음골,강원특별자치도 영월군 북면 공기리 산102,37.317295,128.435855,,,,,failed,,,not_matched,false,
삽교호 놀이동산,충남 당진시 신평면 운정리 208-1,36.890103,126.822390,12973592,https://map.naver.com/p/entry/place/12973592,36.8902475,126.8221257,high,삽교호놀이동산,충남 당진시 신평면 삽교천3길 15 삽교호놀이동산 충남 당진시 신평면 운정리 208-1,verified,false,
제원예술대학교,경북 영천시 망정동 산14,35.990748,128.948861,,,,,failed,,,not_matched,false,
새뜰마을,충남 서산시 고북면 사기리 838,36.643148,126.472942,1200847032,https://map.naver.com/p/entry/place/1200847032,35.413255,129.1621719,low,소남새뜰마을운영협의회,경남 양산시 소남2길 14 다정큼나무 1층 경남 양산시 소주동 71,verified,false,
포천아트밸리,경기 포천시 신북면 기지리 282,37.923595,127.236697,13221909,https://map.naver.com/p/entry/place/13221909,37.9232113,127.2372231,high,포천아트밸리,경기 포천시 신북면 아트밸리로 234 경기 포천시 신북면 기지리 282,verified,false,
창경궁로5길 일대,서울 중구 산림동 20,37.567243,126.997327,,,,,failed,,,not_matched,false,
일품양고치,경기 군포시 당동 750-28,37.353602,126.947000,1792994872,https://map.naver.com/p/entry/place/1792994872,37.3536341,126.9471933,mid,일품양꼬치,경기 군포시 군포로534번길 10 경기 군포시 당동 750-28,verified,false,
로케이션 어스,경기 파주시 탄현면 축현리 283-41,37.803254,126.730281,1745214290,https://map.naver.com/p/entry/place/1745214290,37.761547,126.8088471,low,로케이션어스,경기 파주시 조리읍 등원로91번길 11 1층 경기 파주시 조리읍 등원리 7-3,verified,false,
흥호리 세트장,강원특별자치도 원주시 부론면 흥호리 664,37.249050,127.753757,,,,,failed,,,not_matched,false,
그랜드인터컨티넨탈 서울파르나스,서울 강남구 테헤란로 521,37.50919151190288,127.06080669351726,11583199,https://map.naver.com/p/entry/place/11583199,37.5092023,127.0611197,high,그랜드 인터컨티넨탈 서울 파르나스,서울 강남구 테헤란로 521 그랜드 인터컨티넨탈 서울 파르나스 서울 강남구 삼성동 159-8,verified,false,
탄도항(탄도바닷길),경기 안산시 단원구 선감동 717-3,37.19012161013,126.645806950496,,,,,failed,,,not_matched,false,
태양의후예공원(태백 오픈세트장),강원특별자치도 태백시 통동 산 51-3,37.170733,129.038291,,,,,failed,,,not_matched,false,
통리탄탄파크,강원특별자치도 태백시 통골길 116-44,37.160838,129.043257,1478496202,https://map.naver.com/p/entry/place/1478496202,37.1607559,129.0432588,high,통리탄탄파크,강원 태백시 통골길 116-44 강원 태백시 통동 산67-39,verified,false,
삼탄아트마인,강원특별자치도 정선군 고한읍 함백산로 1445-44,37.185017,128.882863,15571251,https://map.naver.com/p/entry/place/15571251,37.1851609,128.8817163,high,삼탄아트마인,강원 정선군 고한읍 함백산로 1445-44 강원 정선군 고한읍 고한리 5-26,verified,false,
월미도,인천 제물포구 북성동1가 125,37.471738,126.599231,13491282,https://map.naver.com/p/entry/place/13491282,37.4735825,126.5992643,mid,월미도,인천 제물포구 북성동1가 98-352,verified,false,
신포국제시장,인천 제물포구 우현로49번길 25,37.471369,126.627094,13345639,https://map.naver.com/p/entry/place/13345639,37.47142,126.6272227,mid,신포국제시장,인천 제물포구 인천 제물포구 신포동 6-6,verified,false,
송도센트럴파크,인천 연수구 송도동 24-5,37.393064,126.638630,20118926,https://map.naver.com/p/entry/place/20118926,37.3913127,126.6406007,high,송도 센트럴파크,인천 연수구 컨벤시아대로 160 인천 연수구 송도동 24-5,verified,false,
충북대학교병원,충북 청주시 서원구 1순환로 776,36.624028,127.461468,1980757661,https://map.naver.com/p/entry/place/1980757661,36.6240938,127.4615324,high,충북대학교병원본관,충북 청주시 서원구 1순환로 776 충북 청주시 서원구 개신동 62,verified,false,
정릉동 주택가,서울 성북구 정릉동,37.618580825547,126.995482832879,,,,,failed,,,not_matched,false,
경동 골목,인천 중구 경동 208-12,37.4721596418204,126.630965730109,,,,,failed,,,not_matched,false,
천호대교,서울 송파구 풍납동 383,37.542724676423795,127.11274901389532,18851515,https://map.naver.com/p/entry/place/18851515,37.5427832,127.1125061,high,천호대교,서울 송파구 풍납동,verified,false,
중부시장,서울 중구 을지로5가 270-37,37.5666261112491,127.000303349922,13304239,https://map.naver.com/p/entry/place/13304239,37.565294,127.0007567,mid,중부시장,서울 중구 을지로32길 33 서울 중구 오장동 145-9,verified,false,
한남대교,서울 강남구 신사동 490,37.52702107996311,127.01305185425754,18829738,https://map.naver.com/p/entry/place/18829738,37.5269059,127.0131597,high,한남대교,서울 강남구 신사동,verified,false,
올림픽대교,서울 송파구 신천동 253,37.53413377380422,127.10376059659,18850712,https://map.naver.com/p/entry/place/18850712,37.5338557,127.1040524,high,올림픽대교,서울 송파구 신천동,verified,false,
신사역,서울 강남구 도산대로 지하 102,37.51643597531432,127.02030856272764,13479435,https://map.naver.com/p/entry/place/13479435,37.5165645,127.0206013,high,신사역 3호선,"서울 강남구 도산대로 102 , B1층 서울 강남구 신사동 667",verified,false,
설악산 울산바위,강원특별자치도 고성군 토성면 원암리 산 1-2,38.19434965992276,128.474262354101,1269399408,https://map.naver.com/p/entry/place/1269399408,38.1943505,128.4742631,high,울산바위,강원 고성군 토성면 원암리,verified,false,
라센트라 골프빌리지,경기 용인시 처인구 이동읍 기흥단지로 579,37.2194071623658,127.154846656677,,,,,failed,,,not_matched,false,
서래섬·반포한강공원 잠수교,서울 서초구 반포동,37.50514467674,127.013359062646,,,,,failed,,,not_matched,false,
호텔나루서울 엠갤러리(레스토랑 부아쟁),서울 마포구 마포대로 8,37.537435984833536,126.94436944325074,,,,,failed,,,not_matched,false,
고산정,경북 안동시 도산면 가송길 177-42,36.7676870297818,128.892122846986,20099479,https://map.naver.com/p/entry/place/20099479,36.7676657,128.892136,high,고산정,경북 안동시 도산면 가송리,verified,false,
담양 존현각,전남 담양군 담양읍 메타세쿼이아로 67,35.3257036878979,127.009406877323,,,,,failed,,,not_matched,false,
경복궁,서울 종로구 사직로 161,37.577613288258206,126.97689786832184,11571707,https://map.naver.com/p/entry/place/11571707,37.5788408,126.9770162,high,경복궁,서울 종로구 사직로 161 경복궁 서울 종로구 세종로 1-1,verified,false,
김녕해수욕장,제주특별자치도 제주시 구좌읍 해맞이해안로 7-6,33.557439,126.759314,13491485,https://map.naver.com/p/entry/place/13491485,33.5577826,126.7594902,high,김녕해수욕장,제주 제주시 구좌읍 김녕리,verified,false,
오라동 메밀꽃밭,제주특별자치도 제주시 오라이동 산 76,33.426905,126.505261,1661243752,https://map.naver.com/p/entry/place/1661243752,33.4269449,126.5057071,high,오라동메밀밭,제주 제주시 오라이동 산76,verified,false,
섭지코지,제주특별자치도 서귀포시 성산읍 섭지코지로 107,33.423938,126.930609,13490878,https://map.naver.com/p/entry/place/13490878,33.4237681,126.93078,high,섭지코지,제주 서귀포시 성산읍 고성리,verified,false,
제주돌문화공원,제주특별자치도 제주시 조천읍 남조로 2023,33.448562,126.660273,13350575,https://map.naver.com/p/entry/place/13350575,33.4488381,126.6610153,high,제주돌문화공원,제주 제주시 조천읍 남조로 2023 제주돌문화공원 제주 제주시 조천읍 교래리 산95,verified,false,
고창 학원농장,전북특별자치도 고창군 공음면 학원농장길 150,35.375391,126.543230,17682347,https://map.naver.com/p/entry/place/17682347,35.3755192,126.542922,low,학원농장식당,전북 고창군 공음면 학원농장길 142 전북 고창군 공음면 예전리 469-4,verified,false,
계산성당(주교좌계산대성당),대구광역시 중구 서성로 10,35.867958,128.587814,12197472,https://map.naver.com/p/entry/place/12197472,35.8679331,128.5878604,low,천주교대구대교구 주교좌계산대성당,대구 중구 서성로 10 대구 중구 계산동2가 71-1,verified,false,
YTN 상암사옥,서울 마포구 상암산로 76,,,35743466,https://map.naver.com/p/entry/place/35743466,37.5791261,126.8923741,low,CU 상암YTN사옥점,서울 마포구 상암산로 76 하(상암동) 서울 마포구 상암동 1607 하(),verified,false,
잠진도 선착장,인천 중구 덕교동 잠진도 일대,,,16583855,https://map.naver.com/p/entry/place/16583855,37.416817,126.415039,low,잠진도선착장,인천 영종구 인천 영종구 덕교동 103-22,verified,false,
청산도 슬로길 1코스 화랑포길,전남 완도군 청산면 당락리 일대,,,,,,,failed,,,not_matched,false,
청산도 서편제길,전남 완도군 청산면 당락리 일대,,,,,,,failed,,,not_matched,false,
청산도 도락리 포구,전남 완도군 청산면 도청리 일대,,,,,,,failed,,,not_matched,false,
신세계백화점 본점 앞,서울 중구 소공로 63 앞,,,,,,,failed,,,not_matched,false,
인제대학교 일산백병원 인근 거리,경기 고양시 일산서구 주화로 170 일대,,,,,,,failed,,,not_matched,false,
원마운트,경기 고양시 일산서구 한류월드로 300,,,13448741,https://map.naver.com/p/entry/place/13448741,37.6645742,126.7545356,mid,원마운트,"경기 고양시 일산서구 한류월드로 300 , 1층 경기 고양시 일산서구 대화동 2606",verified,false,
NC백화점 강서점,서울 강서구 강서로56길 17,,,18926668,https://map.naver.com/p/entry/place/18926668,37.5599572,126.8405062,mid,NC백화점 강서점,서울 강서구 강서로56길 17 NC백화점 강서점 서울 강서구 등촌동 689,verified,false,
반포대교,서울 서초구 반포동 647 일대,,,18764688,https://map.naver.com/p/entry/place/18764688,37.5158497,126.9958922,mid,반포대교,서울 서초구 반포동,verified,false,
목포근대역사관 1관,전남 목포시 영산로29번길 6,,,1281942881,https://map.naver.com/p/entry/place/1281942881,34.7874986,126.3820765,mid,목포근대역사관 1관,전남광주 목포시 영산로29번길 6 목포근대역사관 전남광주 목포시 대의동2가 1-5,verified,false,
파라다이스시티,인천 중구 영종해안남로321번길 186,,,304210835,https://map.naver.com/p/entry/place/304210835,37.4372949,126.455732,low,파라다이스시티,인천 영종구 영종해안남로321번길 186 인천 영종구 운서동 2874,verified,false,
망상해수욕장,강원특별자치도 동해시 동해대로 6270-10,,,11491695,https://map.naver.com/p/entry/place/11491695,37.5922645,129.0896823,mid,망상해수욕장,강원 동해시 동해대로 6270-10 강원 동해시 망상동 393-100,verified,false,
서울대공원,경기 과천시 대공원광장로 102,,,12115604,https://map.naver.com/p/entry/place/12115604,37.4264494,127.0198465,mid,서울대공원,경기 과천시 대공원광장로 102 경기 과천시 막계동 159-1,verified,false,
롯데월드타워,서울 송파구 올림픽로 300,,,35306752,https://map.naver.com/p/entry/place/35306752,37.5125701,127.1025624,mid,롯데월드타워,서울 송파구 올림픽로 300 서울 송파구 신천동 29,verified,false,
서강대교,서울 마포구 신정동 일대,,,18999808,https://map.naver.com/p/entry/place/18999808,37.5378529,126.9255699,low,서강대교,서울 영등포구 여의도동,verified,false,
한양대학교 ERICA캠퍼스,경기 안산시 상록구 한양대학로 55,,,12185512,https://map.naver.com/p/entry/place/12185512,37.295426,126.8353161,mid,한양대학교 ERICA캠퍼스,경기 안산시 상록구 해안로 689 한양대학교 에리카캠퍼스 경기 안산시 상록구 사동 1271,verified,false,
성흥산성 사랑나무,충남 부여군 임천면 군사리 산1-1,,,,,,,failed,,,not_matched,false,
하남종합운동장 앞 보도육교,경기 하남시 아리수로 600 앞,,,,,,,failed,,,not_matched,false,
일산호수공원,경기 고양시 일산동구 호수로 731,,,1644398830,https://map.naver.com/p/entry/place/1644398830,37.6591853,126.7610008,mid,일산호수공원,경기 고양시 일산동구 호수로 731 경기 고양시 일산동구 장항동 906,verified,false,
서울약령시장,서울 동대문구 약령중앙로 일대,,,13304428,https://map.naver.com/p/entry/place/13304428,37.5814812,127.0373322,mid,서울약령시장,서울 동대문구 약령중앙로 10 서울 동대문구 제기동 1126-5,verified,false,
문경새재 오픈세트장,경북 문경시 문경읍 새재로 932,,,37844946,https://map.naver.com/p/entry/place/37844946,36.7714697,128.0740046,mid,문경새재 오픈세트장,경북 문경시 문경읍 상초리 84-2,verified,false,
전곡항,경기 화성시 서신면 전곡항로 5,,,13491438,https://map.naver.com/p/entry/place/13491438,37.1876099,126.6506999,mid,전곡항,경기 화성시 만세구 서신면 전곡리,verified,false,
파라다이스시티 원더박스,인천 중구 영종해안남로321번길 186,,,1903456916,https://map.naver.com/p/entry/place/1903456916,37.4372948,126.455732,low,버거스캔들 파라다이스시티 원더박스점,인천 영종구 영종해안남로321번길 186 인천 영종구 운서동 2874,verified,false,
화성시 우리꽃식물원,경기 화성시 팔탄면 3.1만세로 777-17,,,13208339,https://map.naver.com/p/entry/place/13208339,37.116383,126.8794779,mid,화성시 우리꽃 식물원,경기 화성시 만세구 팔탄면 3.1만세로 777-17 우리꽃식물원 경기 화성시 만세구 팔탄면 매곡리 179-18,verified,false,
샛강 문화다리,서울 영등포구 신길동 1368 일대,,,19994574,https://map.naver.com/p/entry/place/19994574,37.5187612,126.9183975,low,여의도 샛강생태공원문화다리,서울 영등포구 여의도동 39,verified,false,
벽초지수목원,경기 파주시 광탄면 부흥로 242,,,11631797,https://map.naver.com/p/entry/place/11631797,37.8005109,126.8754409,mid,벽초지수목원,경기 파주시 광탄면 부흥로 242 경기 파주시 광탄면 창만리 1353,verified,false,
무릉별유천지 금곡호,강원특별자치도 동해시 삼화로 380,,,,,,,failed,,,not_matched,false,
문화제조창,충북 청주시 청원구 상당로 314,,,1660602723,https://map.naver.com/p/entry/place/1660602723,36.6564383,127.4909154,mid,문화제조창,충북 청주시 청원구 상당로 314 충북 청주시 청원구 내덕동 201-1,verified,false,
수암골 벽화마을,충북 청주시 상당구 수암로 일대,,,13508215,https://map.naver.com/p/entry/place/13508215,36.647334,127.4950614,mid,수암골,충북 청주시 상당구 수암로56번길 13-6 충북 청주시 상당구 수동 81-42,verified,false,
청남대 본관,충북 청주시 상당구 문의면 청남대길 646,,,17810395,https://map.naver.com/p/entry/place/17810395,36.4599093,127.4885146,mid,청남대본관,충북 청주시 상당구 문의면 청남대길 646 충북 청주시 상당구 문의면 신대리 산26-1,verified,false,
청남대 김영삼대통령길,충북 청주시 상당구 문의면 청남대길 646,,,,,,,failed,,,not_matched,false,
운보의 집,충북 청주시 청원구 내수읍 형동2길 92-41,,,11797270,https://map.naver.com/p/entry/place/11797270,36.6921914,127.565099,mid,운보의 집,충북 청주시 청원구 내수읍 형동2길 92-41 충북 청주시 청원구 내수읍 형동리 393-1,verified,false,
성안길,충북 청주시 상당구 북문로1가 일대,,,830674182,https://map.naver.com/p/entry/place/830674182,36.6339924,127.488609,mid,성안길,충북 청주시 상당구 상당로69번길 39 KT청주지사 충북 청주시 상당구 북문로1가 188,verified,false,
국립청주박물관,충북 청주시 상당구 명암로 143,,,11620564,https://map.naver.com/p/entry/place/11620564,36.6497326,127.5119729,mid,국립청주박물관,충북 청주시 상당구 명암로 143 국립청주박물관 충북 청주시 상당구 명암동 87,verified,false,
청주 공항로,충북 청주시 청원구 공항로 일대,,,,,,,failed,,,not_matched,false,
현대프리미엄아울렛 김포점,경기 김포시 고촌읍 아라육로152번길 100,,,33703856,https://map.naver.com/p/entry/place/33703856,37.5993623,126.7855514,mid,현대프리미엄아울렛 김포점,"경기 김포시 고촌읍 아라육로152번길 100 , 1F층 경기 김포시 고촌읍 전호리 654",verified,false,
두텁바위로58길 육교,서울 용산구 두텁바위로58길 2,,,,,,,failed,,,not_matched,false,
대둔산,전북특별자치도 완주군 운주면 산북리 611-34,,,11622376,https://map.naver.com/p/entry/place/11622376,36.1245895,127.3204709,mid,대둔산,전북 완주군 운주면 산북리 611-34,verified,false,
한강대로 철도 굴다리,서울 용산구 한강대로 347,,,,,,,failed,,,not_matched,false,
인천문학경기장 암벽장,인천 미추홀구 매소홀로 618,,,16620787,https://map.naver.com/p/entry/place/16620787,37.4339721,126.6932513,mid,인천문학경기장암벽장,인천 미추홀구 매소홀로 618 인천 미추홀구 문학동 515,verified,false,
하늘공원 메타세쿼이아길,서울 마포구 상암동 482-49,,,18809401,https://map.naver.com/p/entry/place/18809401,37.5654494,126.8831813,mid,하늘공원메타세콰이어길,서울 마포구 서울 마포구 상암동 482-49,verified,false,
대포항 등대,강원특별자치도 속초시 대포동,,,2143908710,https://map.naver.com/p/entry/place/2143908710,38.1699856,128.6116229,mid,대포항동방파제등대,강원 속초시 강원 속초시 대포동 952,verified,false,
쏠비치 양양,강원특별자치도 양양군 손양면 선사유적로 678,,,12276263,https://map.naver.com/p/entry/place/12276263,38.086995,128.6655974,mid,쏠비치 양양,강원 양양군 손양면 선사유적로 678 강원 양양군 손양면 오산리 23-4,verified,false,
난지한강공원,서울 마포구 한강난지로 162,,,13416975,https://map.naver.com/p/entry/place/13416975,37.5672573,126.8744074,mid,난지 한강공원,서울 마포구 한강난지로 162 한강공원 난지안내센터 서울 마포구 상암동 487-116,verified,false,
더화이트베일,서울 서초구 서초중앙로 14,,,12023277,https://map.naver.com/p/entry/place/12023277,37.4838261,127.0179212,mid,더화이트베일,서울 서초구 서초중앙로 14 서울 서초구 서초동 1445-14 서울 서초구 1445-14,verified,false,
여의도 윤중로 벚꽃길,서울 영등포구 여의도동 윤중로 일대,,,,,,,failed,,,not_matched,false,
동화힐링캠프,경기 파주시 파평면 파평산로363번길 32-9,,,35637335,https://map.naver.com/p/entry/place/35637335,37.8908807,126.8403803,mid,동화힐링캠프 글램핑,경기 파주시 파평면 파평산로363번길 32-9 동화힐링캠프 경기 파주시 파평면 두포리 121,verified,false,
홍제동 개미마을,서울특별시 서대문구 세검정로4길 100-58 일대,,,33997144,https://map.naver.com/p/entry/place/33997144,37.590929,126.9525597,mid,홍제동 개미마을,서울 서대문구 세검정로4길 100-22 서울 서대문구 홍제동 9-81,verified,false,
설매재자연휴양림,경기도 양평군 옥천면 용천로 510,,,11491027,https://map.naver.com/p/entry/place/11491027,37.5560589,127.5130609,mid,설매재자연휴양림,경기 양평군 옥천면 용천로 510 설매재자연휴양림 경기 양평군 옥천면 용천리 산29-21,verified,false,
용문사,경기도 양평군 용문면 용문산로 782,,,11663934,https://map.naver.com/p/entry/place/11663934,37.5498423,127.5709011,mid,용문사,경기 양평군 용문면 용문산로 782 용문사 경기 양평군 용문면 신점리 618,verified,false,
고창읍성·맹종죽림,전북특별자치도 고창군 고창읍 모양성로 1,,,,,,,failed,,,not_matched,false,
궁남지,충청남도 부여군 부여읍 궁남로 52,,,13302613,https://map.naver.com/p/entry/place/13302613,36.2696838,126.9124007,mid,궁남지,충남 부여군 부여읍 동남리,verified,false,
문경새재 오픈세트장,경북 문경시 문경읍 새재로 1037,36.7713996802656,128.074072026373,37844946,https://map.naver.com/p/entry/place/37844946,36.7714697,128.0740046,high,문경새재 오픈세트장,경북 문경시 문경읍 상초리 84-2,verified,false,
순천 낙안읍성,전라남도 순천시 낙안면 충민길 30,34.9064012562992,127.341822215838,12153665,https://map.naver.com/p/entry/place/12153665,34.9064463,127.3416564,high,순천 낙안읍성,전남광주 순천시 낙안면 충민길 30 전남광주 순천시 낙안면 동내리 438-1,verified,false,
안동 옥연정사,경북 안동시 풍천면 광덕솔밭길 86,36.543322717758,128.517891129573,13327394,https://map.naver.com/p/entry/place/13327394,36.543475,128.5180625,high,옥연정사,경북 안동시 풍천면 광덕솔밭길 86 경북 안동시 풍천면 광덕리 20,verified,false,
안동 이상루 고택,경북 안동시 서후면 풍산태사로 3193-6,36.6345873481003,128.678331109121,15831419,https://map.naver.com/p/entry/place/15831419,36.6347182,128.6784017,mid,이상루,경북 안동시 서후면 풍산태사로 3193-6 경북 안동시 서후면 태장리 249,verified,false,
남원 광한루원,전북특별자치도 남원시 요천로 1447,35.4041318359584,127.38050354021,12292865,https://map.naver.com/p/entry/place/12292865,35.4032843,127.3795144,high,광한루원,전북 남원시 요천로 1447 전북 남원시 천거동 187-1,verified,false,
전주 경기전,전북특별자치도 전주시 완산구 태조로 44,35.8155189138776,127.150120200082,34648763,https://map.naver.com/p/entry/place/34648763,35.8153334,127.1497901,high,전주경기전,전북 전주시 완산구 태조로 44 전북 전주시 완산구 풍남동3가 91-5,verified,false,
용두산공원,부산 중구 용두산길 37-55,35.10093050445418,129.03244338014895,19663110,https://map.naver.com/p/entry/place/19663110,35.0985861,129.0334821,mid,용두산공원입구,부산 중구 광복동2가,verified,false,
국제시장(꽃분이네),부산 중구 중구로 42,35.1015390291773,129.028072275414,,,,,failed,,,not_matched,false,
초장동 주택가(초장중학교 인근),부산 서구 해돋이로 205,35.0948942830518,129.017890348183,,,,,failed,,,not_matched,false,
태종대,부산 영도구 동삼동 산 29-1,35.05252720661388,129.08777773925445,12079965,https://map.naver.com/p/entry/place/12079965,35.053784,129.086041,high,태종대,부산 영도구 전망로 24 부산 영도구 동삼동 산19-2,verified,false,
천마산 하늘전망대,부산 서구 해돋이로183번길 17-4,35.093573519493,129.017327115156,1922738377,https://map.naver.com/p/entry/place/1922738377,35.0936085,129.0173146,mid,천마산하늘전망대,부산 서구 초장동,verified,false,
돼지쌀슈퍼,서울특별시 마포구 손기정로 32,,,19253780,https://map.naver.com/p/entry/place/19253780,37.5137165,126.7691506,low,돼지슈퍼,경기 부천시 원미구 약대로 44-2 경기 부천시 원미구 약대동 76,verified,false,
기택 동네 계단,서울특별시 마포구 손기정로6길 일대,,,,,,,failed,,,not_matched,false,
자하문터널 계단,서울특별시 종로구 자하문로 219,,,,,,,failed,,,not_matched,false,
스카이피자,서울특별시 동작구 노량진로6길 86,,,1419012806,https://map.naver.com/p/entry/place/1419012806,37.5096054,126.9370713,mid,스카이피자,서울 동작구 노량진로6길 86 서울 동작구 노량진동 297-1,verified,false,
부산데파트,부산광역시 중구 중앙대로 21,,,13346362,https://map.naver.com/p/entry/place/13346362,35.0994746,129.0361398,mid,부산데파트,부산 중구 중앙대로 21 부산데파트 2층 부산 중구 중앙동6가 66-3,verified,false,
자갈치공영주차장,부산광역시 중구 구덕로 93,,,1796386156,https://map.naver.com/p/entry/place/1796386156,35.09656,129.0259265,mid,자갈치공영주차장,부산 중구 구덕로 93 부산 중구 남포동6가 118,verified,false,
부산디자인진흥원,부산광역시 해운대구 센텀동로 57,,,12189741,https://map.naver.com/p/entry/place/12189741,35.1740103,129.1293726,mid,부산디자인진흥원,부산 해운대구 센텀동로 57 부산디자인진흥원 부산 해운대구 우동 1457,verified,false,
새만금간척지·방조제 일대,전북특별자치도 부안군 변산면 새만금로 6 일대,,,,,,,failed,,,not_matched,false,
해찬나래지하차도,인천 영종구 중산동 1974,37.494537571069806,126.55139038529157,38351711,https://map.naver.com/p/entry/place/38351711,37.4945402,126.5513375,high,해찬나래지하차도,인천 영종구 인천 영종구 중산동,verified,false,
인천항 연안부두,인천 제물포구 연안부두로 70,37.4542629372138,126.598542219379,13508319,https://map.naver.com/p/entry/place/13508319,37.4556063,126.6003589,mid,연안부두,인천 제물포구 항동1가,verified,false,
남항유어선부두,인천 제물포구 축항대로 138,37.4545117531653,126.611332311072,16573012,https://map.naver.com/p/entry/place/16573012,37.453694,126.6129601,high,남항유어선부두,인천 제물포구 축항대로 142 인천 제물포구 항동7가 27-171,verified,false,
원앙네거리,대전 서구 관저북로 14,36.3024522696252,127.33839026595,,,,,failed,,,not_matched,false,
NC백화점 광주점,전남광주통합특별시 북구 경열로 249,35.1614852537941,126.90709865253,1671536489,https://map.naver.com/p/entry/place/1671536489,35.1615571,126.9071272,high,콜핑 NC백화점 광주점,전남광주 북구 경열로 249 NC백화점 광주점 6층 콜핑 전남광주 북구 신안동 6-1,verified,false,
국립광주과학관,전남광주통합특별시 북구 첨단과기로 235,35.2299768484916,126.849795108666,13138888,https://map.naver.com/p/entry/place/13138888,35.2299078,126.8498705,high,국립광주과학관,전남광주 북구 첨단과기로 235 전남광주 북구 오룡동 1-6,verified,false,
월곡마트,전남광주통합특별시 광산구 사암로279번길 17,35.1693844103281,126.807998728286,16003319,https://map.naver.com/p/entry/place/16003319,35.1694439,126.8079784,high,월곡마트,전남광주 광산구 사암로279번길 17 전남광주 광산구 월곡동 535-1,verified,false,
국빈장례문화원,전남광주통합특별시 서구 회재로 825,35.1189475746026,126.855573476638,405935165,https://map.naver.com/p/entry/place/405935165,35.1188295,126.8556916,high,국빈장례문화원,전남광주 서구 회재로 825 전남광주 서구 매월동 601-8,verified,false,
테헤란로86길·명진빌딩 앞,서울특별시 강남구 테헤란로86길 10,,,,,,,failed,,,not_matched,false,
춘천경찰서,강원특별자치도 춘천시 춘천로 61,,,11642384,https://map.naver.com/p/entry/place/11642384,37.8703558,127.7235447,mid,강원춘천경찰서,강원 춘천시 춘천로 61 강원 춘천시 효자동 590-1,verified,false,
송도센트럴파크호텔,인천광역시 연수구 테크노파크로 193,,,19398065,https://map.naver.com/p/entry/place/19398065,37.3906387,126.6375923,mid,송도센트럴파크호텔,인천 연수구 테크노파크로 193 인천 연수구 송도동 38,verified,false,
김포 아라마리나,경기도 김포시 고촌읍 아라육로270번길 73,,,518033977,https://map.naver.com/p/entry/place/518033977,37.5994204,126.7892757,mid,아라마리나,경기 김포시 고촌읍 아라육로270번길 73 아라마린센터 경기 김포시 고촌읍 전호리 774,verified,false,
팬시 앤 게임,경기도 안산시 단원구 고잔1길 52,,,1912588531,https://map.naver.com/p/entry/place/1912588531,37.3179881,126.8390615,mid,팬시앤게임,"경기 안산시 단원구 고잔1길 52 102~104, 117, 118, 121~123, 127, 128, 129호 경기 안산시 단원구 고잔동 540-4",verified,false,
한향림도자미술관,경기도 파주시 탄현면 헤이리마을길 82-37,,,1819147398,https://map.naver.com/p/entry/place/1819147398,37.7889114,126.7011765,mid,한향림도자미술관,경기 파주시 탄현면 헤이리마을길 82-37 경기 파주시 탄현면 법흥리 1652-561,verified,false,
한채당,경기도 하남시 미사동로 38,,,12039603,https://map.naver.com/p/entry/place/12039603,37.5706351,127.2016396,mid,한채당,경기 하남시 미사동로 38 경기 하남시 미사동 297,verified,false,
애스턴마틴 서울,서울특별시 강남구 영동대로 326,,,1275517923,https://map.naver.com/p/entry/place/1275517923,37.5037865,127.0664302,mid,애스턴마틴 서울,서울 강남구 영동대로 326 1층 서울 강남구 대치동 1008,verified,false,
부산영화촬영스튜디오,부산 해운대구 해운대해변로 52,35.1625145304193,129.138061617595,12008700,https://map.naver.com/p/entry/place/12008700,35.162711,129.1382149,high,부산영화촬영스튜디오,부산 해운대구 해운대해변로 52 부산 해운대구 우동 1393,verified,false,
부전역,부산 부산진구 부전로 181,35.1646514052361,129.060119800439,232690542,https://map.naver.com/p/entry/place/232690542,35.1645283,129.0601537,mid,부전역 동해선,부산 부산진구 부전동 280-71,verified,false,
부산철도차량정비단,부산 부산진구 신천대로 215,35.159900833179975,129.04606603916332,16791326,https://map.naver.com/p/entry/place/16791326,35.1605813,129.0482787,mid,부산철도차량정비단(고속),부산 부산진구 당감동 861-22,verified,false,
행신역,경기 고양시 덕양구 소원로 102,37.61192587335611,126.83413241404135,13479773,https://map.naver.com/p/entry/place/13479773,37.6121179,126.8343245,mid,행신역 (고속철도),"경기 고양시 덕양구 소원로 102 , 2층 경기 고양시 덕양구 행신동 812",verified,false,
삽교역,충남 예산군 삽교읍 삽교역로 101-14,36.6802901358633,126.751666527959,1520279183,https://map.naver.com/p/entry/place/1520279183,36.6805696,126.7517052,mid,삽교역1번출구,충남 예산군 삽교읍 신가리,verified,false,
청주역,충북 청주시 흥덕구 청주역로 363,36.6471521939553,127.392335249207,17785825,https://map.naver.com/p/entry/place/17785825,36.6466654,127.3934875,mid,청주역사거리,충북 청주시 흥덕구 정봉동,verified,false,
동대구역,대구 동구 동대구로 550,35.8793239931795,128.628393775388,1057704416,https://map.naver.com/p/entry/place/1057704416,35.8797246,128.6274157,high,동대구역광장,대구 동구 동대구로 550 대구 동구 신암동 296,verified,false,
조선대학교 본관,광주광역시 동구 조선대길 146,35.1427338913132,126.934716986664,16267377,https://map.naver.com/p/entry/place/16267377,35.142657,126.934675,mid,조선대학교본관,전남광주 동구 필문대로 309 전남광주 동구 서석동 375,verified,false,
한남대학교 사범대학,대전광역시 대덕구 한남로 70,36.3546464143572,127.420160744257,16108241,https://map.naver.com/p/entry/place/16108241,36.3546786,127.4201834,high,한남대학교사범대학,대전 대덕구 한남로 70 대전 대덕구 오정동 133,verified,false,
한남대학교 탈메이지기념관,대전광역시 대덕구 한남로 70,36.3559275657833,127.422295584977,16106907,https://map.naver.com/p/entry/place/16106907,36.3559363,127.4222839,high,한남대학교탈메이지기념관,대전 대덕구 한남로 70 대전 대덕구 오정동 133,verified,false,
경북대학교 본관,대구광역시 북구 대학로 80,35.890362321551,128.612008472,16339946,https://map.naver.com/p/entry/place/16339946,35.8903819,128.611975,mid,경북대학교 대구캠퍼스본관,대구 북구 대학로 80 대구 북구 산격동 1370-1,verified,false,
오산대학교,경기도 오산시 청학로 45,37.15543880319692,127.06000664815993,11591435,https://map.naver.com/p/entry/place/11591435,37.1558117,127.0610918,high,오산대학교,경기 오산시 청학로 45 경기 오산시 청학동 17,verified,false,
남산교,경상북도 구미시 선산읍 원리 1057-26,36.22530318190029,128.33589510941073,15874768,https://map.naver.com/p/entry/place/15874768,36.225227,128.3358451,high,남산교,경북 구미시 선산읍 원리,verified,false,
문화제조창,충청북도 청주시 청원구 상당로 314,36.65572329097652,127.49241883171571,1272018126,https://map.naver.com/p/entry/place/1272018126,36.6560748,127.4909705,high,문화제조창 본관,충북 청주시 청원구 상당로 314 청주첨단문화산업단지 충북 청주시 청원구 내덕동 201-1,verified,false,
청남대,충청북도 청주시 상당구 문의면 청남대길 646,36.46284607510989,127.49176536339175,17810395,https://map.naver.com/p/entry/place/17810395,36.4599093,127.4885146,mid,청남대본관,충북 청주시 상당구 문의면 청남대길 646 충북 청주시 상당구 문의면 신대리 산26-1,verified,false,
바란도프 스튜디오,"Kříženeckého náměstí 322/5, 152 00 Praha 5, Czech Republic",,,,,,,failed,,,not_matched,false,
힌터툭스 빙하,"Hintertux 794, 6293 Tux, Austria",,,,,,,failed,,,not_matched,false,
구립노원실버카페,서울특별시 노원구 동일로 1229,37.638960500598,127.06634514211,,,,,failed,,,not_matched,false,
청운반점,서울특별시 종로구 자하문로 47-1,37.5802603634986,126.970979516515,2033555683,https://map.naver.com/p/entry/place/2033555683,37.4951588,127.0449546,low,청운반점,"서울 강남구 언주로65길 13 1층 103호, 104호 서울 강남구 역삼동 783-18",verified,false,
고운당,서울특별시 종로구 자하문로8길 20,37.5789410104277,126.972753672512,1844025986,https://map.naver.com/p/entry/place/1844025986,37.5789514,126.9709348,mid,고운당,서울 종로구 자하문로 33-7 서울 종로구 통인동 147-5,verified,false,
금성당,서울특별시 은평구 진관2로 57-23,37.6351344788336,126.925378161529,18693269,https://map.naver.com/p/entry/place/18693269,37.6351687,126.9254346,high,서울금성당,서울 은평구 진관2로 57-23 서울 은평구 진관동 85-1,verified,false,
오동나무집사철탕,서울특별시 송파구 송파대로37길 4-29,37.5011247390826,127.110105802294,,,,,failed,,,not_matched,false,
대명비발디파크 오션월드,강원특별자치도 홍천군 서면 한치골길 262,37.6521031526954,127.687106349987,11795570,https://map.naver.com/p/entry/place/11795570,37.6508569,127.6874206,mid,오션월드,강원 홍천군 서면 한치골길 262 강원 홍천군 서면 팔봉리 1290-2,verified,false,
마천중앙시장,서울특별시 송파구 마천로45길 23,37.4980668029678,127.150686520182,13306073,https://map.naver.com/p/entry/place/13306073,37.49809,127.1503219,high,마천중앙시장,서울 송파구 마천로45길 23 서울 송파구 마천동 140-2,verified,false,
잠실실내체육관(잠실학생체육관),서울특별시 송파구 올림픽로 25,37.5161987797456,127.075940589715,13329654,https://map.naver.com/p/entry/place/13329654,37.5161638,127.0759328,high,잠실실내체육관,서울 송파구 올림픽로 25 서울 송파구 잠실동 10,verified,false,
문경새재 오픈세트장,경상북도 문경시 문경읍 새재로 932,,,37844946,https://map.naver.com/p/entry/place/37844946,36.7714697,128.0740046,mid,문경새재 오픈세트장,경북 문경시 문경읍 상초리 84-2,verified,false,
김룡사,경상북도 문경시 산북면 김용길 372,,,12907577,https://map.naver.com/p/entry/place/12907577,36.7397324,128.2240517,mid,김룡사,경북 문경시 산북면 김용길 372 김룡사 경북 문경시 산북면 김용리 410,verified,false,
문경석탄박물관,경상북도 문경시 가은읍 왕능길 112,,,1630157447,https://map.naver.com/p/entry/place/1630157447,36.6539716,128.0622243,mid,문경석탄박물관,경북 문경시 가은읍 왕능길 112 문경석탄박물관 경북 문경시 가은읍 왕능리 432-5,verified,false,
가은오픈세트장,경상북도 문경시 가은읍 왕능길 112,,,19493888,https://map.naver.com/p/entry/place/19493888,36.6552681,128.0591854,mid,가은오픈세트장,경북 문경시 가은읍 왕능길 114 경북 문경시 가은읍 왕능리 480-4,verified,false,
온달오픈세트장,충청북도 단양군 영춘면 온달로 23,,,19827952,https://map.naver.com/p/entry/place/19827952,37.0628919,128.4917118,mid,온달오픈세트장,충북 단양군 영춘면 온달로 23 온달전시관 충북 단양군 영춘면 하리 147,verified,false,
화암사,강원특별자치도 고성군 토성면 화암사길 100,,,15152472,https://map.naver.com/p/entry/place/15152472,38.2266376,128.4738653,mid,화암사길,강원 고성군 토성면 신평리,verified,false,
대관령 삼양라운드힐,강원특별자치도 평창군 대관령면 꽃밭양지길 708-9,,,13175433,https://map.naver.com/p/entry/place/13175433,37.723936,128.7196692,mid,대관령 삼양라운드힐,강원 평창군 대관령면 꽃밭양지길 708-9 강원 평창군 대관령면 횡계리 704,verified,false,
KNN타워·센텀광장,부산광역시 해운대구 센텀서로 30,,,,,,,failed,,,not_matched,false,
명지국제신도시 일대,부산광역시 강서구 명지국제8로 일대,,,,,,,failed,,,not_matched,false,
기장소방서,부산광역시 기장군 정관읍 용수로 7,,,16886394,https://map.naver.com/p/entry/place/16886394,35.3248634,129.1799686,mid,기장소방서,부산 기장군 정관읍 용수로 7 소방서 부산 기장군 정관읍 용수리 1315,verified,false,
정관도서관,부산광역시 기장군 정관읍 정관중앙로 100,,,36447713,https://map.naver.com/p/entry/place/36447713,35.3252843,129.1814536,mid,정관도서관,부산 기장군 정관읍 정관중앙로 100 부산 기장군 정관읍 방곡리 442,verified,false,
구 부산해사고등학교,부산광역시 영도구 와치로 34,,,,,,,failed,,,not_matched,false,
실미도,인천광역시 영종구 큰무리로 99 앞 실미도,,,11491901,https://map.naver.com/p/entry/place/11491901,37.4010862,126.391699,mid,실미도,인천 영종구 무의동 산361-5,verified,false,
중랑스포츠클라이밍경기장,서울특별시 중랑구 용마산로 250-12,,,37214354,https://map.naver.com/p/entry/place/37214354,37.5733347,127.091217,mid,용마폭포공원중랑스포츠클라이밍경기장,서울 중랑구 면목동,verified,false,
부안영상테마파크,전북특별자치도 부안군 변산면 격포로 309-64,35.621806984022164,126.48538296785699,1096343920,https://map.naver.com/p/entry/place/1096343920,35.6217859,126.4853751,high,부안영상테마파크,전북 부안군 변산면 격포로 309-64 전북 부안군 변산면 격포리 374,verified,false,
남양주종합촬영소,경기 남양주시 조안면 북한강로855번길 138,37.60400191730049,127.32251533951471,11863440,https://map.naver.com/p/entry/place/11863440,37.6046345,127.3214505,high,남양주종합촬영소,경기 남양주시 조안면 북한강로855번길 138 남양주종합촬영소 경기 남양주시 조안면 삼봉리 92,verified,false,
고창읍성,전북특별자치도 고창군 고창읍 읍내리 산 9,35.4297310502044,126.704868949804,13177095,https://map.naver.com/p/entry/place/13177095,35.430144,126.7048634,high,고창읍성,전북 고창군 고창읍 읍내리 125-9,verified,false,
화성행궁,경기 수원시 팔달구 정조로 825,37.2819144990562,127.014041185109,31169145,https://map.naver.com/p/entry/place/31169145,37.2818785,127.0137602,high,화성행궁,경기 수원시 팔달구 정조로 825 경기 수원시 팔달구 남창동 6-2,verified,false,
설매재자연휴양림,경기 양평군 옥천면 용천로 510,37.5562805282585,127.512471009028,11491027,https://map.naver.com/p/entry/place/11491027,37.5560589,127.5130609,high,설매재자연휴양림,경기 양평군 옥천면 용천로 510 설매재자연휴양림 경기 양평군 옥천면 용천리 산29-21,verified,false,
매축지마을 철길·육교,부산광역시 동구 성남로 65-4 일대,,,,,,,failed,,,not_matched,false,
자갈치 건어물시장,부산광역시 중구 자갈치해안로 52 일대,,,13346355,https://map.naver.com/p/entry/place/13346355,35.0972727,129.0348163,low,남포동건어물도매시장,부산 중구 남포동1가 67,verified,false,
영도대교,부산광역시 영도구 태종로 46,,,16898475,https://map.naver.com/p/entry/place/16898475,35.0955856,129.0364624,low,영도대교,부산 중구 중앙동7가,verified,false,
부산국제관광호텔,부산광역시 동구 범일로90번길 17,,,1994994884,https://map.naver.com/p/entry/place/1994994884,35.2568,129.0882,low,국제호텔,부산 금정구 중앙대로1929번길 48-1 부산 금정구 구서동 165-1,verified,false,
대변항,부산광역시 기장군 기장읍 대변로 153 일대,,,13491934,https://map.naver.com/p/entry/place/13491934,35.2239152,129.2289579,mid,대변항,부산 기장군 기장읍 대변리,verified,false,
우암동 산동네,부산광역시 남구 우암동 189 일대,,,,,,,failed,,,not_matched,false,
국제시장,부산광역시 중구 신창동4가 1-2 일대,,,13491723,https://map.naver.com/p/entry/place/13491723,35.1011289,129.0280715,mid,국제시장,부산 중구 신창동4가,verified,false,
용두산공원,부산광역시 중구 용두산길 37-55,,,19663110,https://map.naver.com/p/entry/place/19663110,35.0985861,129.0334821,mid,용두산공원입구,부산 중구 광복동2가,verified,false,
국립아시아문화전당(ACC),광주광역시 동구 문화전당로 38,35.147057304165,126.92003143495,37345732,https://map.naver.com/p/entry/place/37345732,35.1469703,126.9214077,high,국립아시아문화전당ACC시민공원,전남광주 동구 문화전당로 38 전남광주 동구 광산동 113,verified,false,
더 플라자 서울,서울특별시 중구 소공로 119,37.5646641418657,126.978090221167,11635170,https://map.naver.com/p/entry/place/11635170,37.5647565,126.9779269,mid,더 플라자 호텔 서울,서울 중구 소공로 119 서울 중구 태평로2가 23,verified,false,
담양 경상리 느티나무(당산나무),전라남도 담양군 가사문학면 경상리 400,35.15869743610564,127.0443851412743,,,,,failed,,,not_matched,false,
아홉산숲,부산광역시 기장군 철마면 미동길 37-1,35.2870427695427,129.171517582693,36513659,https://map.naver.com/p/entry/place/36513659,35.287641,129.17092,high,아홉산숲,부산 기장군 철마면 미동길 31 부산 기장군 철마면 웅천리 480,verified,false,
대운산자연휴양림,경상남도 양산시 탑골길 270,35.41785088955261,129.2089115402033,13071961,https://map.naver.com/p/entry/place/13071961,35.4167798,129.2095201,high,대운산자연휴양림,경남 양산시 탑골길 270 대운산자연휴양림 경남 양산시 용당동 산66-1,verified,false,
기장도예관광힐링촌,부산광역시 기장군 장안읍 기룡리 산 133,35.3623115672663,129.237835868209,,,,,failed,,,not_matched,false,
한국민속극박물관,충청남도 공주시 의당면 돌모루2길 17-15,36.5022345885703,127.148156312037,13359802,https://map.naver.com/p/entry/place/13359802,36.5018185,127.147672,high,한국민속극박물관,충남 공주시 의당면 돌모루2길 17-15 충남 공주시 의당면 청룡리 357,verified,false,
제주신화빌라스,제주특별자치도 서귀포시 안덕면 신화역사로304번길 139,33.30440505668838,126.32145665440639,1751586050,https://map.naver.com/p/entry/place/1751586050,33.2995117,126.3194205,mid,제주신화빌라스,제주 서귀포시 안덕면 신화역사로304번길 38 신화빌라스 제주 서귀포시 안덕면 서광리 산24,verified,false,
옛 전남도청,광주광역시 동구 문화전당로 38,35.14678355738123,126.91948190778369,1811545342,https://map.naver.com/p/entry/place/1811545342,35.1467343,126.9194204,high,옛 전남도청 별관,전남광주 동구 문화전당로 38 옛 전남도청 별관 전남광주 동구 광산동 113,verified,false,
불광산숲(장안사 인근),부산광역시 기장군 장안읍 장안사로 108 인근,35.37481439794516,129.23286611668468,,,,,failed,,,not_matched,false,
광안대교,부산 수영구 민락동 113-52,35.1474701651617,129.130066851959,12126649,https://map.naver.com/p/entry/place/12126649,35.14548,129.1282041,mid,광안대교(다이아몬드브릿지),부산 수영구 부산 수영구 민락동,verified,false,
다대포해수욕장,부산 사하구 다대동,35.0465263488422,128.962741189119,13491855,https://map.naver.com/p/entry/place/13491855,35.0471271,128.9632342,high,다대포해수욕장,부산 사하구 다대동,verified,false,
부산사직종합운동장 사직야구장,부산 동래구 사직로 45,35.194017568250274,129.06154402103502,13202715,https://map.naver.com/p/entry/place/13202715,35.1931684,129.0615852,high,부산사직종합운동장 사직야구장,부산 동래구 사직로 55-32 부산 동래구 사직동 930-2,verified,false,
해운대미포횟집,부산 해운대구 달맞이길62번길 38,35.1585514907504,129.170973131585,1790829763,https://map.naver.com/p/entry/place/1790829763,35.1585628,129.1709094,high,해운대미포횟집,부산 해운대구 달맞이길62번길 38 2층 204호 부산 해운대구 중동 957-2,verified,false,
해운대 포장마차촌 바다마을,부산 해운대구 달맞이길62번길 38,35.1585008784355,129.171182465021,1592255303,https://map.naver.com/p/entry/place/1592255303,35.1594779,129.1545761,mid,해운대바다마을,부산 해운대구 해운대해변로209번길 8-13 해운대바다마을포차 부산 해운대구 우동 653-8,verified,false,
해운대전통시장,부산 해운대구 구남로41번길 22-1,35.1613986341697,129.16233605367,1188811618,https://map.naver.com/p/entry/place/1188811618,35.1614845,129.1625156,high,해운대전통시장상인회,부산 해운대구 구남로41번길 26-3 부산 해운대구 중동 1394-298,verified,false,
누리마루 APEC하우스,부산 해운대구 동백로 116,35.1523345777828,129.151325936955,13129139,https://map.naver.com/p/entry/place/13129139,35.1523659,129.1513416,high,누리마루APEC하우스,부산 해운대구 동백로 116 누리마루APEC하우스 부산 해운대구 우동 714-1,verified,false,
동백섬,부산 해운대구 우동 708-3,35.1539431141198,129.152289970167,11491874,https://map.naver.com/p/entry/place/11491874,35.1539199,129.152185,high,동백섬,부산 해운대구 우동 710-1,verified,false,
이기대도시자연공원,부산 남구 용호동 산 125-2,35.11658442953258,129.12255030176132,13338933,https://map.naver.com/p/entry/place/13338933,35.1155515,129.1232661,mid,이기대공원,부산 남구 용호동 산122,verified,false,
오륙도,부산 남구 용호동 936,35.09786081865651,129.12405810888256,11491917,https://map.naver.com/p/entry/place/11491917,35.0925959,129.126549,mid,오륙도,부산 남구 용호동 936-941,verified,false,
수영만요트경기장,부산 해운대구 해운대해변로 84,35.16026170107591,129.14127264196568,,,,,failed,,,not_matched,false,
팔레드시즈,부산 해운대구 해운대해변로298번길 24,35.1602233060212,129.166584443581,12936086,https://map.naver.com/p/entry/place/12936086,35.1601997,129.1662712,high,팔레드시즈,부산 해운대구 해운대해변로298번길 24 팔레드시즈 부산 해운대구 중동 1124-2,verified,false,
천관산,전라남도 장흥군 관산읍 칠관로 842-1150 일대,,,11491532,https://map.naver.com/p/entry/place/11491532,34.5316568,126.9197221,mid,천관산,전남광주 장흥군 관산읍 외동리 산51-4,verified,false,
남양주종합촬영소,경기도 남양주시 조안면 북한강로855번길 138,,,11863440,https://map.naver.com/p/entry/place/11863440,37.6046345,127.3214505,mid,남양주종합촬영소,경기 남양주시 조안면 북한강로855번길 138 남양주종합촬영소 경기 남양주시 조안면 삼봉리 92,verified,false,
고양아쿠아스튜디오,경기도 고양시 덕양구 통일로396번길 250,,,21142022,https://map.naver.com/p/entry/place/21142022,37.6742577,126.9003758,mid,고양아쿠아특수촬영스튜디오,경기 고양시 덕양구 통일로396번길 250 경기 고양시 덕양구 오금동 565,verified,false,
