id,place_name,kakao_place_id,kakao_url,kakao_lat,kakao_lng,match_confidence,matched_name,matched_address
st_00021,마곡중앙로(1),,,,,low,,
st_00022,마곡중앙로(2),,,,,low,,
st_00023,마곡중앙로(3),,,,,low,,
st_00024,월드컵북로(5단지앞),,,,,failed,,
st_00025,MBC,20504067,http://place.map.kakao.com/20504067,37.5811785278,126.8903697575,high,MBC상암사옥,서울 마포구 성암로 267
st_00026,누리꿈스퀘어,26562331,http://place.map.kakao.com/26562331,37.5794921091,126.8896612733,high,누리꿈스퀘어,서울 마포구 월드컵북로 396
st_00027,당산철교,1381960885,http://place.map.kakao.com/1381960885,37.5408638894,126.9077545344,high,당산철교,서울 영등포구 여의도동 80-3
st_00028,서강대교,8369237,http://place.map.kakao.com/8369237,37.5373109762,126.9252071423,high,서강대교,서울 영등포구 여의도동 83-1
st_00029,마포대교,7864538,http://place.map.kakao.com/7864538,37.5332302073,126.9356823022,high,마포대교,서울 영등포구 여의도동 85-2
st_00030,여의대로,,,,,low,,
st_00031,IFC,18203409,http://place.map.kakao.com/18203409,37.5250415766,126.9258958947,high,IFC몰,서울 영등포구 국제금융로 10
st_00032,스위치22 여의도점,1125743198,http://place.map.kakao.com/1125743198,37.5270340671,126.9279585535,high,스위치22 여의도점,서울 영등포구 여의대로 108
st_00033,국제금융로,,,,,low,,
st_00034,고척스카이돔,7890664,http://place.map.kakao.com/7890664,37.4982122076,126.8670889679,high,고척스카이돔,서울 구로구 경인로 430
st_00035,고려대학교 구로병원,17570811,http://place.map.kakao.com/17570811,37.4919597876,126.8847853576,high,고려대학교구로병원 본관,서울 구로구 구로동로 148
st_00036,올림픽대로,,,,,failed,,
st_00037,노량대교,,,,,failed,,
st_00038,노들로,,,,,low,,
st_00039,강변북로,,,,,failed,,
st_00040,동작대교,10286428,http://place.map.kakao.com/10286428,37.5106149541,126.9819449476,high,동작대교,서울 용산구 이촌동 385
st_00041,녹트,1224876346,http://place.map.kakao.com/1224876346,37.5071338648,126.9847314485,high,녹트,서울 용산구 올림픽대로 2085-96
st_00042,국립서울현충원,8829033,http://place.map.kakao.com/8829033,37.5025550182,126.9746218244,high,국립서울현충원,서울 동작구 동작동 212-6
st_00043,국립중앙박물관,8830150,http://place.map.kakao.com/8830150,37.5239224936,126.9801871613,high,국립중앙박물관,서울 용산구 서빙고로 137
st_00044,르가드더메인한남,,,,,failed,,
st_00045,그랜드하얏트 서울,18661190,http://place.map.kakao.com/18661190,37.5394447675,126.9970807515,high,그랜드 하얏트 서울,서울 용산구 소월로 322
st_00046,나라약국,1299313786,http://place.map.kakao.com/1299313786,37.5447704459,126.9701581792,high,나라약국,서울 용산구 청파로47길 7
st_00047,청춘식당(폐업),,,,,failed,,
st_00048,신세계백화점 본점,504509273,http://place.map.kakao.com/504509273,37.5609194704,126.9809786944,high,살로몬 신세계백화점본점,서울 중구 소공로 63
st_00049,대한민국역사박물관,15104327,http://place.map.kakao.com/15104327,37.5739869693,126.9778578045,high,대한민국역사박물관,서울 종로구 세종대로 198
st_00050,경복궁,18619553,http://place.map.kakao.com/18619553,37.5776132883,126.9768978683,high,경복궁,서울 종로구 사직로 161
st_00051,"경복궁,국립민속박물관 정류장(01540)",,,,,failed,,
st_00052,삼청로,,,,,low,,
st_00053,서울경찰청,10499532,http://place.map.kakao.com/10499532,37.574814655,126.9720615833,high,서울경찰청,서울 종로구 사직로8길 31
st_00054,서순라길,2088609864,http://place.map.kakao.com/2088609864,37.5728085419,126.9931174628,mid,픽닷 서순라길점,서울 종로구 서순라길 51
st_00055,종묘,8075132,http://place.map.kakao.com/8075132,37.574911512,126.9940002511,high,종묘 정전,서울 종로구 종로 157
st_00056,써브웨이 종암점,1517037264,http://place.map.kakao.com/1517037264,37.6000677936,127.0343346443,high,써브웨이 종암점,서울 성북구 종암로 110
st_00057,경희대학교,13503224,http://place.map.kakao.com/13503224,37.5941142458,127.0532223837,high,경희대학교치과병원,서울 동대문구 경희대로 26
st_00058,성신여자대학교 운정그린캠퍼스,17811289,http://place.map.kakao.com/17811289,37.6319520109,127.0272709943,high,성신여자대학교 운정그린캠퍼스 대강당,서울 강북구 도봉로76가길 55
st_00059,응봉산,10666639,http://place.map.kakao.com/10666639,37.5482528089,127.029834156,high,응봉산,서울 성동구 응봉동
st_00060,청담대교,15150412,http://place.map.kakao.com/15150412,37.5258943676,127.0641077676,high,청담대교,서울 광진구 자양동 824
st_00061,캐틀앤비(폐업),,,,,failed,,
st_00062,시티악기,9226126,http://place.map.kakao.com/9226126,37.482211327,127.0135030908,high,시티악기,서울 서초구 남부순환로323길 25
st_00063,잠수교,17350404,http://place.map.kakao.com/17350404,37.5138923429,126.9968283793,high,잠수교,서울 서초구 반포동 649
st_00064,서초대로,,,,,low,,
st_00065,럭셔리판다,652710203,http://place.map.kakao.com/652710203,37.5217307041,127.0307964451,high,럭셔리판다,서울 강남구 논현로152길 33
st_00066,0914 도산공원 플래그십 스토어,,,,,failed,,
st_00067,CGV청담씨네시티,14718298,http://place.map.kakao.com/14718298,37.5229506731,127.0370323551,high,CGV 청담씨네시티,서울 강남구 도산대로 323
st_00068,테헤란로,8021085,http://place.map.kakao.com/8021085,37.4987738332,127.0314666722,mid,우리은행 테헤란로금융센터,서울 강남구 테헤란로 124
st_00069,조선팰리스 강남,1671545166,http://place.map.kakao.com/1671545166,37.5028748702,127.0413471499,high,조선팰리스 강남,서울 강남구 테헤란로 231
st_00070,제이에스티나빌딩,7864931,http://place.map.kakao.com/7864931,37.4956261505,127.1213471095,high,제이에스티나빌딩,서울 송파구 양재대로62길 53
st_00071,웰킵스타워,1442053313,http://place.map.kakao.com/1442053313,37.567444886,127.158612944,high,웰킵스타워,서울 강동구 고덕비즈밸리로 54
st_00072,온수리성공회,,,,,low,,
st_00073,파라다이스시티호텔,527592042,http://place.map.kakao.com/527592042,37.437245732,126.4557814712,high,파라다이스시티호텔,인천 영종구 영종해안남로321번길 186
st_00074,인천문학경기장,11470762,http://place.map.kakao.com/11470762,37.4361521017,126.6906513611,high,인천문학경기장,인천 미추홀구 매소홀로 618
st_00075,써브웨이 인천송도8공구점,1087751957,http://place.map.kakao.com/1087751957,37.4160821372,126.6238723814,high,써브웨이 인천송도8공구점,인천 연수구 랜드마크로 20
st_00076,경원재 바이 워커힐,26636723,http://place.map.kakao.com/26636723,37.3914752754,126.637684222,high,경원재 바이 워커힐,인천 연수구 테크노파크로 200
st_00077,오크우드프리미어 인천 파노라믹65,492426337,http://place.map.kakao.com/492426337,37.3891398486,126.6442167242,high,오크우드프리미어인천 파노라믹65,인천 연수구 컨벤시아대로 165
st_00078,라운지25,1227723274,http://place.map.kakao.com/1227723274,37.3967753921,126.6369110886,high,라운지25,인천 연수구 센트럴로 232
st_00079,양주한국병원,622095104,http://place.map.kakao.com/622095104,37.8389043542,127.0728912722,high,양주한국병원 장례문화원,경기 양주시 화합로 1489
st_00080,모터리,1149373259,http://place.map.kakao.com/1149373259,37.8323108874,127.0747772763,high,모터리,경기 양주시 고암길 154-54
st_00081,조이마당스튜디오,1470063247,http://place.map.kakao.com/1470063247,37.8332950762,126.8034873155,high,조이마당스튜디오,경기 파주시 파주읍 봉서산로 245
st_00082,로케이션 이음,26169665,http://place.map.kakao.com/26169665,37.804034067,126.6931157526,high,로케이션 이음,경기 파주시 탄현면 새오리로286번길 48-70
st_00083,얼반웍스 스튜디오,2006994958,http://place.map.kakao.com/2006994958,37.5859562616,126.8755944031,high,얼반웍스 스튜디오,경기 고양시 덕양구 호원길 3-2
st_00084,오르다온,703697055,http://place.map.kakao.com/703697055,37.5611823123,127.4109992662,high,오르다온,경기 양평군 서종면 송골길 233
st_00085,하남돼지집 본점,26784268,http://place.map.kakao.com/26784268,37.5509732628,127.1928584141,high,하남돼지집 본점,경기 하남시 미사강변중앙로 43
st_00086,화서문,27511915,http://place.map.kakao.com/27511915,37.2850971854,127.0120841372,mid,화서문점집골목,경기 수원시 팔달구 신풍동 345
st_00087,보바스기념병원,10372942,http://place.map.kakao.com/10372942,37.3561041346,127.0985632784,high,보바스기념병원,경기 성남시 분당구 대왕판교로 155-7
st_00088,경희대학교 국제캠퍼스,25682793,http://place.map.kakao.com/25682793,37.2386982436,127.0818819114,high,경희대학교 국제캠퍼스 천문대,경기 용인시 기흥구 덕영대로 1732
st_00089,용인대장금파크,26923236,http://place.map.kakao.com/26923236,37.1216024818,127.3376127617,high,용인대장금파크 관가,경기 용인시 처인구 백암면 용천드라마길 25
st_00090,광주경찰서,8660454,http://place.map.kakao.com/8660454,37.4082672731,127.2395836909,high,광주경찰서,경기 광주시 포돌이로 135
st_00091,선향재 한옥 스튜디오,487376348,http://place.map.kakao.com/487376348,37.3828074594,127.1763932253,high,선향재 한옥 스튜디오,경기 광주시 새말길329번길 17
st_00092,당남리섬,18095904,http://place.map.kakao.com/18095904,37.395050977,127.5425716892,high,당남리섬,경기 여주시 대신면 천서리 545-5
st_00093,마임비전빌리지,12692014,http://place.map.kakao.com/12692014,37.2901943488,127.5385372244,high,마임비전빌리지,경기 여주시 세종대왕면 용은길 28
st_00094,세트장(치악산드림랜드부지),,,,,failed,,
st_00095,뮤지엄산,21674777,http://place.map.kakao.com/21674777,37.415353343,127.8237130789,high,뮤지엄산,강원특별자치도 원주시 지정면 오크밸리2길 260
st_00096,더한옥헤리티지,1742543299,http://place.map.kakao.com/1742543299,37.1994119382,128.4265862252,high,더한옥헤리티지하우스,강원특별자치도 영월군 남면 문개실길 37-200
st_00097,우암산로,,,,,low,,
st_00098,수암골전망대,26781692,http://place.map.kakao.com/26781692,36.6459384786,127.495554794,high,수암골전망대,충북 청주시 상당구 수동 81-245
st_00099,청남대,8090982,http://place.map.kakao.com/8090982,36.4628460751,127.4917653634,high,청남대,충북 청주시 상당구 문의면 청남대길 646
st_00100,백제문화단지,11447521,http://place.map.kakao.com/11447521,36.3063152681,126.9066735114,high,백제문화단지,충남 부여군 규암면 백제문로 455
st_00101,아원고택,103288568,http://place.map.kakao.com/103288568,35.9035176791,127.2446211432,high,아원고택,전북특별자치도 완주군 소양면 송광수만로 516-7
st_00102,소양고택,26417273,http://place.map.kakao.com/26417273,35.9038193398,127.2434168425,high,소양고택,전북특별자치도 완주군 소양면 송광수만로 472-23
st_00103,광한루원,12772871,http://place.map.kakao.com/12772871,35.4039187842,127.3797813648,high,광한루원,전북특별자치도 남원시 요천로 1447
st_00104,경상북도청,8182376,http://place.map.kakao.com/8182376,36.5759944098,128.5058003373,high,경상북도청,경북 안동시 풍천면 도청대로 455
st_00105,마성오픈세트장,1559185710,http://place.map.kakao.com/1559185710,36.650822476,128.0794536072,high,마성오픈세트장,경북 문경시 마성면 가은로 311-18
st_00106,예천진호국제양궁장,9266203,http://place.map.kakao.com/9266203,36.6345738006,128.4678126447,high,예천진호국제양궁장,경북 예천군 예천읍 양궁장길 38
st_00107,오릉,7973294,http://place.map.kakao.com/7973294,35.8231949525,129.2082905625,high,경주오릉,경북 경주시 포석로 907
st_00108,이순신대로(1),,,,,low,,
st_00109,이순신대로(2),,,,,low,,
st_00110,센텀서로(1),,,,,low,,
st_00111,센텀서로(2),,,,,low,,
st_00112,케이엔엔타워,,,,,low,,
st_00113,부산요트투어,499053210,http://place.map.kakao.com/499053210,35.1608530463,129.1399362429,high,부산요트투어,부산 해운대구 해운대해변로 84
st_00114,무진정,10419725,http://place.map.kakao.com/10419725,35.2554702419,128.4230932708,high,무진정,경남 함안군 함안면 괴산4길 25
st_00471,파랑새어린이집,,,,,failed,,
st_00472,청자모텔,,,,,failed,,
st_00473,"연세로,문화의거리 정류장(13324)",,,,,failed,,
st_00474,동해해물탕 골목,,,,,failed,,
st_00475,연세로5가길,,,,,low,,
st_00476,연세로7안길,,,,,low,,
st_00477,연세로4길,,,,,low,,
st_00478,연세로4길(2),,,,,low,,
st_00479,르바게트메종(폐업),,,,,failed,,
st_00481,필더필딩,,,,,low,,
st_00482,인생네컷 신촌점(폐업),,,,,failed,,
st_00485,보라매역부근,,,,,failed,,
st_00488,바이온,,,,,failed,,
st_01411,경인자동차 공업사 앞,,,,,failed,,
st_01412,미래에코지식산업센터 앞,,,,,failed,,
st_01415,공덕역주차장,,,,,low,,
st_01418,콤콤오락실 열정도점,,,,,failed,,
st_01425,산곡6구역,,,,,failed,,
st_01428,송현방앗간 앞,,,,,failed,,
st_01430,용현동 집,,,,,low,,
st_01431,수봉남로,,,,,low,,
st_01432,인천미추홀경찰서 학동지구대,,,,,failed,,
st_01434,송도랜드마크씨티1호근린공원,,,,,low,,
st_01439,송도컨벤시아 사거리,,,,,low,,
st_01441,송도국제대로,347369662,http://place.map.kakao.com/347369662,37.3740323744,126.6529847523,mid,정관장&동인비 송도국제대로본점,인천 연수구 송도국제대로 261
st_01442,서정대학교 서정관,525486741,http://place.map.kakao.com/525486741,37.8571183817,127.0375102544,high,서정대학교 서정관,경기 양주시 은현면 서정로 27
st_01447,파주행복요양원,,,,,failed,,
st_01448,한길육교,103886338,http://place.map.kakao.com/103886338,37.7270872901,126.7603095194,mid,한길육교,경기 파주시 와동동 1389
st_01450,일산호수공원선인장전시관,11127467,http://place.map.kakao.com/11127467,37.6575035974,126.7613878845,mid,고양시선인장전시관,경기 고양시 일산동구 호수로 595
st_01454,벚꽃마을 세종그라시아 옆,,,,,failed,,
st_01458,대왕판교로,,,,,low,,
st_02514,대성정밀,,,,,failed,,
st_02515,세검정초등학교 정류장(01133),,,,,low,,
st_02516,세검정초등학교 정류장(01144),,,,,low,,
st_02518,동문열쇠건물,,,,,failed,,
st_02519,정릉로8길,,,,,low,,
st_02520,강북해병대전우회,,,,,failed,,
st_02526,길주로,,,,,low,,
st_02531,송도국제대로,,,,,low,,
st_02532,남계로,,,,,low,,
st_02533,남계대교,1325875301,http://place.map.kakao.com/1325875301,38.0037328346,127.0120371623,mid,남계대교,경기 연천군 전곡읍 마포리 산 40
st_02539,새한오토바이,,,,,failed,,
st_02540,혜음로,,,,,low,,
st_02541,등원로,,,,,low,,
st_02542,옥계동 정류장(31600),,,,,failed,,
st_02543,팔송로(1),,,,,failed,,
st_02544,팔송로(2),,,,,failed,,
st_02545,문발초등학교앞,,,,,failed,,
st_02547,목동동집,,,,,low,,
st_02550,덕은로,,,,,low,,
st_02554,가평 백둔리,,,,,low,,
st_02557,북한강변,,,,,failed,,
st_02558,북한강로,,,,,low,,
st_02559,수대울길,,,,,low,,
st_02560,북한강로,,,,,low,,
st_02561,원미로149번길,,,,,low,,
st_02563,원미로155번길,,,,,low,,
st_02564,대한특공무술,,,,,failed,,
st_02565,심곡본동집,,,,,low,,
st_02570,신세대상가앞,,,,,failed,,
st_02574,신현동집,,,,,failed,,
st_02575,명동타운 정류장(32092),,,,,failed,,
st_02577,기린면집,,,,,low,,
st_02578,고성 폐리조트,,,,,failed,,
st_02579,설악금강대교로,,,,,low,,
st_02582,선사유적로,,,,,low,,
st_02585,내장호반로(1),,,,,low,,
st_02586,내장호반로(2),,,,,low,,
st_02587,캐슬라콘티넨탈,,,,,failed,,
st_02588,항만9로,,,,,low,,
st_02589,항만9로(2),,,,,low,,
st_02594,캄보디아 프놈펜,,,,,failed,,
st_02596,동아디지털미디어센터,27094841,http://place.map.kakao.com/27094841,37.5784719654,126.8933443077,high,동아디지털미디어센터 주차장,서울 마포구 매봉산로 75
st_02597,커피베이,,,,,failed,,
st_02604,다루마,,,,,failed,,
st_02801,아이티고시원,,,,,failed,,
st_02802,자매근린공원,,,,,failed,,
st_02805,철도건널목,,,,,failed,,
st_02808,백범광장버정,,,,,failed,,
st_02846,태평양물산 본사,,,,,low,,
st_02851,파크준오피스텔 뒷골목,,,,,failed,,
st_02855,알로프트 서울명동 루프탑,,,,,failed,,
st_02856,배터지는날,,,,,failed,,
st_02858,짜장나라,,,,,failed,,
st_02860,프리데카 라운지,,,,,failed,,
st_02864,아레카라운지,,,,,failed,,
st_02865,인하대학교,11160570,http://place.map.kakao.com/11160570,37.4493990964,126.6543513169,high,인하대학교 용현캠퍼스,인천 미추홀구 인하로 100
st_02866,bbrick,,,,,low,,
st_02867,참숯황소막창구이,,,,,failed,,
st_02869,조이마당(촬영장 스튜디오),,,,,failed,,
st_02873,디플랫(폐점),,,,,failed,,
st_02877,고기동 단독주택,,,,,failed,,
st_02878,명주병원,,,,,failed,,
st_02881,오크밸리 피에트분하우스,,,,,failed,,
st_02882,미래농원,,,,,low,,
st_02884,호남농약사,,,,,failed,,
st_02889,양지공인중개사,,,,,failed,,
st_02890,부부온누리약국,,,,,failed,,
st_02892,풍산읍 골목,,,,,failed,,
st_02893,구남연식품,,,,,failed,,
st_02894,신세계양품/은장상회,,,,,failed,,
st_02895,울진항수산,,,,,failed,,
st_02897,포항 북구 두호동,,,,,low,,
st_02899,한밤마을,25392559,http://place.map.kakao.com/25392559,36.0581112535,128.6515355716,mid,한밤,대구 군위군 부계면 대율리
st_02900,대율1리 정류소,,,,,failed,,
st_02904,커뮤니케이션센터,,,,,low,,
st_02906,솔빛인테리어,,,,,failed,,
st_02907,대원슈퍼,,,,,failed,,
st_02908,만석동집,,,,,low,,
st_02910,전주식당,,,,,failed,,
st_02912,송현동집,,,,,low,,
st_02913,대전슈퍼,,,,,low,,
st_02915,숭의동집1,,,,,failed,,
st_02916,숭의동집2,,,,,failed,,
st_02917,송림동집,,,,,failed,,
st_02918,한촌설렁탕,,,,,failed,,
st_02920,너없는이곳너없는하루,,,,,failed,,
st_02921,미니스톱,,,,,failed,,
st_02923,무지개약국,,,,,failed,,
st_02929,한국야쿠르트 본사,,,,,low,,
st_02931,서울 영등포구,,,,,low,,
st_02933,서울 용산구,,,,,low,,
st_02938,카페에스크,,,,,failed,,
st_02943,꼬꼬닭,,,,,failed,,
st_02944,철도건널목,,,,,failed,,
st_02947,서울 은평구,,,,,low,,
st_02949,외교부 부근,,,,,failed,,
st_02951,미니스톱,,,,,failed,,
st_02952,서울 도렴동,,,,,low,,
st_03416,생각공장데시앙플렉스,1038453872,http://place.map.kakao.com/1038453872,37.54685095,127.0653614211,high,성수생각공장 데시앙플렉스,서울 성동구 아차산로17길 49
st_03417,소피텔 앰배서더 서울 라티튜드32,,,,,failed,,
st_03421,해빛 고양고갯마루쉼터,,,,,failed,,
st_03422,참사랑어린이집,,,,,failed,,
st_03423,대당빌라,,,,,low,,
st_03429,카페라로사 앞,,,,,failed,,
st_03433,현대꽃화원,,,,,failed,,
st_03435,인터컨티넨탈 알펜시아 평창리조트,,,,,failed,,
st_03436,문화8구역(재개발지역),,,,,failed,,
st_03628,YES24 강서NC점,997172079,http://place.map.kakao.com/997172079,37.5599762568,126.8405121623,high,YES24 강서NC점,서울 강서구 강서로56길 17
st_03630,YTN 옥상정원,,,,,failed,,
st_03631,CJ ENM 구내식당,,,,,failed,,
st_03633,비엔나커피하우스 상암팬엔터점,,,,,failed,,
st_03634,월드컵북로60길,,,,,low,,
st_03639,미래하이빌,,,,,failed,,
st_03642,문래동 골목,,,,,failed,,
st_03643,일흥정공 앞,,,,,failed,,
st_03645,씨티플라자 앞,,,,,failed,,
st_03648,여의대로 IFC쪽,,,,,failed,,
st_03650,서울로인 여의도점,104844448,http://place.map.kakao.com/104844448,37.5218050224,126.9256513576,mid,서울로인 여의도점,서울 영등포구 여의나루로 50
st_03651,롯데캐슬아이비아파트 앞,,,,,failed,,
st_03654,땡땡거리꼬꼬닭,,,,,failed,,
st_03655,모아시스템 앞,,,,,failed,,
st_03656,새창로49길 지하도,,,,,failed,,
st_03659,만리재로,26523096,http://place.map.kakao.com/26523096,37.5506288667,126.9612836239,mid,만리재로,서울 마포구 공덕동 4-11
st_03661,에스헤어앞,,,,,failed,,
st_03666,을지로입구역2번출구 앞,,,,,failed,,
st_03673,서울시립대학교 대강당앞,,,,,failed,,
st_03675,파크캐슬9,,,,,failed,,
st_03677,빌라 디 메트로시티,,,,,failed,,
st_03679,잠원한강공원 제1주차장,,,,,failed,,
st_03682,복싱인사이드짐 역삼직영점,,,,,failed,,
st_03684,청담초등학교앞 버스정류장,,,,,failed,,
st_03686,도산공원.호림아트센터앞 정류장,,,,,failed,,
st_03690,삼성리,,,,,failed,,
st_03695,일리카페 롯데백화점인천점,,,,,failed,,
st_03696,롯데백화점 인천점 3층,,,,,low,,
st_03700,폐공장,,,,,failed,,
st_03708,교하정,,,,,low,,
st_03710,한류월드로,26201160,http://place.map.kakao.com/26201160,37.6604673725,126.7585110906,mid,한류월드로,경기 고양시 일산동구 장항동 1763-1
st_03713,화신프라자 앞,,,,,failed,,
st_03716,일산수목장,596087834,http://place.map.kakao.com/596087834,37.7039844152,126.8259430849,mid,일산수목장,경기 고양시 일산동구 지영로 24
st_03723,조종농협웨딩홀,,,,,failed,,
st_03726,청평호,,,,,failed,,
st_03727,정부과천청사 2주차장옆도로,,,,,low,,
st_03729,수원대학교 학군단앞 연못,,,,,failed,,
st_03738,중구종합사회복지관 앞,,,,,failed,,
st_03741,다대포해수욕장,572651120,http://place.map.kakao.com/572651120,35.0574021662,128.9727250148,mid,브라운도트호텔 다대포해수욕장점,부산 사하구 다대동로 45
st_04126,마포대교아래,,,,,failed,,
st_04130,여의도환승센터(3번승강장),,,,,failed,,
st_04131,더현대서울 정류장,,,,,failed,,
st_04132,더현대서울 YPHAUS라운지,,,,,failed,,
st_04134,페어몬트 앰배서더 서울 마리포사 앤 M29,,,,,failed,,
st_04137,더리버 옆,,,,,failed,,
st_04138,동작대교 아래,,,,,failed,,
st_04139,서울드래곤시티 랑데부,,,,,failed,,
st_04145,르가드더메인한남,,,,,failed,,
st_04146,BBM야구장,,,,,failed,,
st_04148,소파로,,,,,low,,
st_04150,앰배서더서울풀만 클럽앰배서더라운지,,,,,failed,,
st_04151,옥토버훼스트 종로점,,,,,failed,,
st_04156,우리옛돌박물관앞,,,,,failed,,
st_04158,아차산 지하차도 옆,,,,,failed,,
st_04165,더채플앳논현(CG),,,,,failed,,
st_04173,예담원 장례식장,,,,,failed,,
st_04176,더스테이지,,,,,failed,,
st_04178,서강빌딩,,,,,failed,,
st_04182,강화대교,,,,,failed,,
st_04192,오송생명로,,,,,low,,
st_04193,오송생명1로(프레스티지바이오로직스앞),,,,,failed,,
st_04199,인포 정육점식당,,,,,failed,,
st_04200,왕지3길 신안농원쪽,,,,,failed,,
st_04201,왕지3길 정부지원농산물간이집하장 쪽,,,,,failed,,
st_04202,이화동길33번길쪽,,,,,failed,,
st_04203,이화동길33번길쪽(2),,,,,failed,,
st_04204,이화동길33번길쪽(3),,,,,failed,,
st_04205,왕림리,,,,,low,,
st_04206,장항송림산림욕장,,,,,low,,
st_04210,용연길 다리,,,,,failed,,
st_04211,용연길 다리지나서,,,,,failed,,
st_04212,용연리(1),25329035,http://place.map.kakao.com/25329035,36.7773064978,128.1758889538,mid,용연,경북 문경시 문경읍 용연리
st_04213,용연리삼거리,,,,,failed,,
st_04214,용연리(2),25329035,http://place.map.kakao.com/25329035,36.7773064978,128.1758889538,high,용연,경북 문경시 문경읍 용연리
st_04215,용연리(2-2),,,,,failed,,
st_04216,용연리(3),25329035,http://place.map.kakao.com/25329035,36.7773064978,128.1758889538,high,용연,경북 문경시 문경읍 용연리
st_04217,용연리(4),25329035,http://place.map.kakao.com/25329035,36.7773064978,128.1758889538,high,용연,경북 문경시 문경읍 용연리
st_04218,용연리(5),25329035,http://place.map.kakao.com/25329035,36.7773064978,128.1758889538,high,용연,경북 문경시 문경읍 용연리
st_04219,용연리(6),25329035,http://place.map.kakao.com/25329035,36.7773064978,128.1758889538,high,용연,경북 문경시 문경읍 용연리
st_04220,용연리(7),25329035,http://place.map.kakao.com/25329035,36.7773064978,128.1758889538,high,용연,경북 문경시 문경읍 용연리
st_04221,용연리(8),25329035,http://place.map.kakao.com/25329035,36.7773064978,128.1758889538,high,용연,경북 문경시 문경읍 용연리
st_04222,위만리(1),25336532,http://place.map.kakao.com/25336532,36.6364730425,128.3029672227,mid,위만,경북 문경시 산양면 위만리
st_04223,위만리(2),25336532,http://place.map.kakao.com/25336532,36.6364730425,128.3029672227,mid,위만,경북 문경시 산양면 위만리
st_04224,위만리(3),25336532,http://place.map.kakao.com/25336532,36.6364730425,128.3029672227,high,위만,경북 문경시 산양면 위만리
st_04225,위만리(4),25336532,http://place.map.kakao.com/25336532,36.6364730425,128.3029672227,high,위만,경북 문경시 산양면 위만리
st_04226,위만리(5),25336532,http://place.map.kakao.com/25336532,36.6364730425,128.3029672227,high,위만,경북 문경시 산양면 위만리
st_04229,문희로,,,,,low,,
st_04237,사유원,1901668504,http://place.map.kakao.com/1901668504,36.0921530061,128.6811606019,mid,사유원,대구 군위군 부계면 치산효령로 1176
st_04239,Fonte de Neptuno,,,,,failed,,
st_04240,Botanischer Duftgarten,,,,,failed,,
st_04241,Schloss Sanssouci(상수시궁전),,,,,failed,,
st_04242,Charité Campus Benjamin Franklin,,,,,failed,,
st_04243,Berliner Dom(베를린 돔),,,,,failed,,
st_04244,Frankfurt (Main) Platz der Republik,,,,,failed,,
st_04245,마인강 옆,,,,,failed,,
st_04246,Eiserner Steg(아이젤너 다리),,,,,failed,,
st_04247,아이젤너 다리 앞,,,,,failed,,
st_04248,Mainuferpark süden,,,,,failed,,
st_04249,Meral Imbiss,,,,,failed,,
st_04250,Nikolassee,,,,,failed,,
st_04251,Nervenzentrum Potsdam,,,,,failed,,
st_04252,Deutschherrnbrücke,,,,,failed,,
st_04253,Mayfarthstraße,,,,,failed,,
st_04254,Goethestraße,,,,,failed,,
st_04255,Faber-Castell Flagship Store Frankfurt,,,,,failed,,
st_04256,AMRIT Restaurant Schoneberg,,,,,failed,,
st_04257,Winterfeldtstraße,,,,,failed,,
st_04258,Wochenmarkt Winterfeldtplatz,,,,,failed,,
st_04259,Spreebogen,,,,,failed,,
st_04260,Rooftop terrace at Hotel de Rome,,,,,failed,,
st_04261,Oberbaumbrücke,,,,,failed,,
st_04262,Alter St.-Matthäus-Kirchhof,,,,,failed,,
st_04263,James-Simon-Park,,,,,failed,,
st_04264,샤리테병원,,,,,failed,,
st_04265,월도프 아스토리아 베를린,,,,,failed,,
st_04266,Dircksenstraße 136-132,,,,,failed,,
st_04267,Glienicker Brücke,,,,,failed,,
st_04280,신정중앙로19길,,,,,low,,
st_04282,여의대로,,,,,low,,
st_04284,신설동1억해장국267,,,,,failed,,
st_04287,뵈르뵈르 성수본점,,,,,failed,,
st_04289,마방로10길,,,,,low,,
st_04290,언남11길,,,,,low,,
st_04291,남부순환로358길,,,,,low,,
st_04293,강남대로34길,,,,,low,,
st_04294,메가커피 양재말죽거리점앞,,,,,failed,,
st_04295,서초중앙로31길,,,,,low,,
st_04299,강남대로,,,,,low,,
st_04300,강남역사거리,8160898,http://place.map.kakao.com/8160898,37.4979521721,127.0276383484,mid,강남역사거리,서울 강남구 역삼동
st_04301,파라디이스시티 새라새,,,,,failed,,
st_04303,진궁 운중점,,,,,failed,,
st_04376,콘래드서울 37그릴앤바,,,,,low,,
st_04385,갯마을(폐업),,,,,failed,,
st_04388,BLUEMENT,,,,,failed,,
st_04391,윤숙이네감자탕,,,,,failed,,
st_04393,삼회리집,,,,,low,,
st_04398,안성추모공원,10845856,http://place.map.kakao.com/10845856,37.0980282098,127.3472181672,high,안성추모공원,경기 안성시 보개면 보삼로 319-34
st_04401,치킨플러스(폐업),,,,,failed,,
st_04403,시곡리(1),,,,,low,,
st_04404,시곡리(2),,,,,low,,
st_04407,의림지 관광안내소쪽,,,,,failed,,
st_04410,뜰906,,,,,failed,,
st_04412,의림대로사거리,,,,,low,,
st_04414,명륜로13길,,,,,low,,
st_04415,풍양로13길,,,,,low,,
st_04416,풍양로 횡단보도,,,,,failed,,
st_04418,물태리주차장,,,,,low,,
st_04419,월악산중기,,,,,low,,
st_04427,제민천1길,,,,,low,,
st_04428,봉황교앞,,,,,failed,,
st_04429,BohoX,,,,,failed,,
st_04430,Jumeirah Burj Al Arab,,,,,failed,,
st_04431,Bab Al Yam,,,,,failed,,
st_04432,Jumeira St,,,,,failed,,
st_04433,미래의 박물관,,,,,failed,,
st_04434,Terra Solis Dubai Desert Destination,,,,,failed,,
st_04435,Souk Al Seef by Dubai Retail,,,,,failed,,
st_04436,두바이몰,,,,,failed,,
st_04437,Trade Centre 2,,,,,failed,,
st_04438,팔라초 베르사체 두바이,,,,,failed,,
st_04439,DTCM Parking,,,,,failed,,
st_04440,MAZMi Coffee & More,,,,,failed,,
st_04939,자도르 본점,,,,,failed,,
st_04940,수원지방검찰정 안산지청,,,,,failed,,
st_04944,도화치안센터,,,,,low,,
st_04945,가온문화공원앞,,,,,failed,,
st_04946,mbc몰프라자앞,,,,,failed,,
st_04953,덕성여고앞,,,,,failed,,
st_04954,꽃집(보틀),,,,,failed,,
st_04955,포유인포텍,,,,,failed,,
st_04956,윤보선생가,,,,,failed,,
st_04957,북촌손만두(벽화),,,,,failed,,
st_05067,개화동집,,,,,low,,
st_05068,대방건설빌딩앞,,,,,failed,,
st_05071,미니스톱,,,,,failed,,
st_05075,파고다기원,,,,,failed,,
st_05076,정주빌딩,,,,,low,,
st_05077,진담황태국,,,,,failed,,
st_05078,평창동집,,,,,low,,
st_05086,세빛섬 맞은편,,,,,failed,,
st_05090,종합운동장역 물품보관함A,,,,,failed,,
st_05091,모던눌랑 라이브,,,,,failed,,
st_05092,에이치비지니스파크,,,,,low,,
st_05098,공촌4교,27401855,http://place.map.kakao.com/27401855,37.5417223681,126.6118058509,mid,공촌4교,인천 서해구 청라동 1-672
st_05099,청라호수공원(청라원),,,,,low,,
st_05100,청라호수공원 창조숲근처,,,,,failed,,
st_05103,송림동 주택,,,,,low,,
st_05105,송도32호공원,,,,,failed,,
st_05109,2398스튜디오,,,,,failed,,
st_05117,세양스파랜드,,,,,failed,,
st_05120,조이마당(촬영장 스튜디오),,,,,failed,,
st_05124,통진휴게소,,,,,failed,,
st_05125,금광테크노벨리,40296335,http://place.map.kakao.com/40296335,37.6397017567,126.6818567559,mid,금광테크노밸리,경기 김포시 태장로 765
st_05127,사우프라자,14970909,http://place.map.kakao.com/14970909,37.6218448967,126.7212874951,high,사우프라자,경기 김포시 사우중로 82
st_05134,오정부동산,,,,,low,,
st_05136,능곡로39번길,,,,,low,,
st_05138,능곡고등학교 후문,,,,,failed,,
st_05139,워시테리아 원흥점,,,,,failed,,
st_05140,위프라임트윈타워,272003997,http://place.map.kakao.com/272003997,37.5795024379,126.87055599,high,위프라임트윈타워,경기 고양시 덕양구 으뜸로 130
st_05141,연리지로,,,,,low,,
st_05142,남양중앙로,,,,,low,,
st_05146,오남저수지 다송쪽,,,,,failed,,
st_05147,한강 구리사암대교,,,,,failed,,
st_05153,고급주택,,,,,failed,,
st_05161,원일씽크공장,,,,,failed,,
st_05163,중원타워,,,,,low,,
st_05166,Studio with,,,,,failed,,
st_05167,영산장례식장,,,,,failed,,
st_05168,토속정,,,,,failed,,
st_05171,세종호수공원,18397976,http://place.map.kakao.com/18397976,36.4980696378,127.2733013065,mid,세종호수공원,세종특별자치시 세종동 1201
st_05172,새나루마을12단지 1202동쪽,,,,,failed,,
st_05174,장흥교도소,,,,,failed,,
st_05175,아그레아블,,,,,failed,,
st_05176,파리바게트,,,,,low,,
st_05178,북촌진곰탕,,,,,failed,,
st_05199,카페 화요일,,,,,failed,,
st_05203,인천 중구 전동,,,,,low,,
st_05205,송현근린공원 앞,,,,,failed,,
st_05208,서흥초등학교 버스정류장,,,,,failed,,
st_05209,송림휴먼시아,,,,,failed,,
st_05210,금벨세탁,,,,,failed,,
st_05211,파랑새 피아노학원,,,,,failed,,
st_05213,인천의료원 앞 횡단보도,,,,,failed,,
st_05214,투모로우시티 앞,,,,,failed,,
st_05216,스마트밸리 지식산업센터,12999188,http://place.map.kakao.com/12999188,37.3666557816,126.648432063,high,스마트밸리 지식산업센터,인천 연수구 송도미래로 30
st_05217,미추홀타워,1091150051,http://place.map.kakao.com/1091150051,37.3817744013,126.6537563961,mid,GS25 미추홀타워점,인천 연수구 갯벌로 12
st_05218,테크노어린이공원,,,,,failed,,
st_05220,홈누리마트 부개점,,,,,failed,,
st_05221,미광세탁소,,,,,low,,
st_05223,달콤커피,,,,,failed,,
st_05226,신촌설렁탕앞,,,,,failed,,
st_05230,용답역다리,,,,,low,,
st_05231,홍익대부속중고등학교입구,,,,,failed,,
st_05233,국회의사당옆길,,,,,low,,
st_05235,퍼스트루머,,,,,failed,,
st_05238,메밀향그집맞은편,,,,,failed,,
st_05239,커피방앗간앞,,,,,failed,,
st_05243,덕성여고앞,,,,,failed,,
st_05244,북촌사진관앞,,,,,failed,,
st_05245,스튜디오호세앞,,,,,failed,,
st_05246,푸드떼옆,,,,,failed,,
st_05248,이니스프리앞,,,,,failed,,
st_05249,피케이엠북스앞,,,,,failed,,
st_05250,솔트24앞,,,,,failed,,
st_05253,달커피앞,,,,,failed,,
st_05254,산마루놀이터주차장,,,,,failed,,
st_05255,창신동골목,,,,,failed,,
st_05256,창신동집,2124718926,http://place.map.kakao.com/2124718926,37.5734298949,127.0112294961,mid,창신집,서울 종로구 종로51길 33
st_05260,덕수궁돌담길,23209304,http://place.map.kakao.com/23209304,37.5649765828,126.9756646289,mid,덕수궁돌담길,서울 중구 세종대로 지하 101
st_05365,타로café썸(폐업),,,,,failed,,
st_05366,연남동주막(이전),2066571743,http://place.map.kakao.com/2066571743,37.5585451334,126.918873985,mid,주막,서울 마포구 동교로23길 64
st_05367,PIT COFFEE(폐업),,,,,failed,,
st_05368,월드컵북로,,,,,low,,
st_05369,버바나(폐업),,,,,failed,,
st_05372,플러피도넛(폐업),,,,,failed,,
st_05373,성미산로,,,,,low,,
st_05374,교동마을짬뽕순두부(폐업),,,,,failed,,
st_05375,카페요호(폐업),,,,,failed,,
st_05379,독막로,,,,,low,,
st_05380,바비레드 홍대점(폐업),,,,,failed,,
st_05382,상수역4번출구앞,,,,,failed,,
st_05383,얼반스퀘어,,,,,failed,,
st_05384,사심가득(폐업),,,,,failed,,
st_05386,두텁바위로40길,,,,,low,,
st_05387,삼청동주민센터 정류장,,,,,low,,
st_05390,가배도 삼청(폐업),,,,,failed,,
st_05391,커피방앗간앞,,,,,failed,,
st_05392,북촌로4길,,,,,low,,
st_05393,이자카야 곤조(폐업),,,,,failed,,
st_05394,카페 플로체(폐업),,,,,failed,,
st_05396,호야분식(폐업),,,,,failed,,
st_05397,일산로441번길,,,,,low,,
st_05398,철산주공8단지(재개발),,,,,failed,,
st_05399,모세로,,,,,low,,
st_05400,오름,2129204021,http://place.map.kakao.com/2129204021,37.2798607858,127.0064498391,mid,빛오름,경기 수원시 팔달구 고화로 117
st_05402,우아한빛(폐업),,,,,failed,,
st_05405,명륜4길,,,,,low,,
st_05407,아로미마실,1629783340,http://place.map.kakao.com/1629783340,35.8443956323,127.1302295146,mid,아로미마실,전북특별자치도 전주시 덕진구 백제대로 567
st_05408,만개부엌(폐업),,,,,failed,,
st_05410,동피랑전망대/동포루,,,,,failed,,
st_05412,빠담빠담 점빵,,,,,failed,,
st_05413,미수동방파제,,,,,low,,
st_05415,바다여행펜션앞,,,,,failed,,
st_05595,개화동집,,,,,low,,
st_05597,연희홍연아파트 정류장(13207),,,,,failed,,
st_05598,홍제천로,,,,,low,,
st_05607,본동집,,,,,low,,
st_05608,올림픽대로,,,,,failed,,
st_05618,잠실중학교 정류장(24131),,,,,low,,
st_05622,맘마농가식자재마트,,,,,failed,,
st_05623,무궁화로,,,,,low,,
st_05906,백석초등학교 옆길,,,,,low,,
st_05907,우리풍천장어숯불꼼장어,,,,,failed,,
st_05909,태양사,,,,,low,,
st_05911,썰스데이파티 이태원점,,,,,failed,,
st_05912,던킨 북창점 앞,,,,,failed,,
st_05916,으뜸부동산 앞,,,,,failed,,
st_05918,춘천골닭갈비,,,,,failed,,
st_05921,레몬비 노원점,,,,,failed,,
st_05922,아울렛마트 귤현점,,,,,failed,,
st_05923,신세계약국 앞,,,,,failed,,
st_05925,송림성결교회,,,,,failed,,
st_05926,탐앤탐스 인천주안점,,,,,failed,,
st_05927,용현학익 2-2블록 도시개발구역,,,,,failed,,
st_05931,클럽거리,,,,,failed,,
st_05933,TGI 롯데백화점 일산점,,,,,failed,,
st_05934,대장2교 굴다리,,,,,failed,,
st_05937,그린미아2차,,,,,failed,,
st_05938,금정역 7번출구쪽,,,,,failed,,
st_05947,스타나이트클럽 사거리,,,,,failed,,
st_05949,대봉치안센터,,,,,failed,,
st_05951,목포 유동로 주택,,,,,low,,
st_05953,폐교회,,,,,failed,,
st_05997,목동 SBS 옥상정원,,,,,failed,,
st_05998,월드컵북로58길,,,,,low,,
st_05999,구룡근린공원,19927414,http://place.map.kakao.com/19927414,37.5830030354,126.8837734403,high,구룡근린공원,서울 마포구 상암동 313-3
st_06002,더바지라운지 앤 웨이크,,,,,failed,,
st_06008,서강껍데기 이촌점,,,,,failed,,
st_06011,르가드더메인한남,,,,,failed,,
st_06013,비타카페 남산스퀘어,,,,,failed,,
st_06015,대화기공,,,,,failed,,
st_06017,대림상가3층,,,,,low,,
st_06018,창경궁로34길,,,,,low,,
st_06028,논현로,26522819,http://place.map.kakao.com/26522819,37.5054574713,127.0347617556,mid,논현로,서울 강남구 역삼동 800-3
st_06029,도산대로,,,,,low,,
st_06031,한양화로 삼성동본점,,,,,failed,,
st_06032,소피텔 앰배서더 서울 라티튜드32,,,,,failed,,
st_06035,경원재앰배세더 인천 앞,,,,,failed,,
st_06045,거풍스튜디오,,,,,failed,,
st_06046,양평 폐휴게소,,,,,failed,,
st_06049,오크밸리 피에트분하우스,,,,,failed,,
st_06051,자작도해수욕장,8056959,http://place.map.kakao.com/8056959,38.3086839105,128.5427295799,mid,자작도해수욕장,강원특별자치도 고성군 죽왕면 문암진리
st_06276,월드컵북로58길,,,,,low,,
st_06279,레스케이프 라망 시크레,,,,,failed,,
st_06283,햇내로(1),,,,,low,,
st_06284,햇내로(2),,,,,low,,
st_06285,영종순환로,,,,,low,,
st_06286,신도시북로,,,,,low,,
st_06296,수원시립박물관,,,,,failed,,
st_06298,하산운동집,,,,,failed,,
st_06299,오산종합병원,,,,,failed,,
st_06370,부안영상테마파크,17151014,http://place.map.kakao.com/17151014,35.621806984,126.4853829679,high,부안영상테마파크,전북특별자치도 부안군 변산면 격포로 309-64
st_06371,마곡중앙로,,,,,low,,
st_06372,놋다리문화공원,1697339525,http://place.map.kakao.com/1697339525,37.562027548,126.8363596256,high,놋다리문화공원,서울 강서구 마곡동 790-6
st_06373,디와이피엔에프 마곡사옥,509230372,http://place.map.kakao.com/509230372,37.5643600566,126.838857082,high,디와이피엔에프 마곡사옥,서울 강서구 마곡중앙8로7길 39
st_06374,월드컵북로(4단지앞),,,,,failed,,
st_06375,서강대교,8369237,http://place.map.kakao.com/8369237,37.5373109762,126.9252071423,high,서강대교,서울 영등포구 여의도동 83-1
st_06376,켄싱턴호텔 여의도 뉴욕뉴욕,11075458,http://place.map.kakao.com/11075458,37.5302973166,126.9220044971,high,켄싱턴호텔 여의도 뉴욕뉴욕,서울 영등포구 국회대로76길 16
st_06377,의사당대로,,,,,low,,
st_06378,파리바게뜨 KBS여의도점,1746182269,http://place.map.kakao.com/1746182269,37.526669105,126.9181890113,high,파리바게뜨 KBS여의도점,서울 영등포구 의사당대로 26
st_06379,여의도IFC,1937697445,http://place.map.kakao.com/1937697445,37.5251355579,126.9249081985,mid,차알 여의도IFC몰점,서울 영등포구 국제금융로 10
st_06380,스위치22 여의도점,1125743198,http://place.map.kakao.com/1125743198,37.5270340671,126.9279585535,high,스위치22 여의도점,서울 영등포구 여의대로 108
st_06381,여의도한강공원,1075952894,http://place.map.kakao.com/1075952894,37.5170278971,126.9347890259,mid,여의도한강공원 5주차장,서울 영등포구 여의도동 63
st_06382,여의도한강공원,27602069,http://place.map.kakao.com/27602069,37.5306972852,126.9275432156,high,여의도한강공원 화장실5,서울 영등포구 여의도동 84-9
st_06383,한강에서만난인어공주,2134859277,http://place.map.kakao.com/2134859277,37.5312607644,126.9296175991,high,한강에서만난인어공주,서울 영등포구 여의도동 84-9
st_06384,영문빌딩,23905095,http://place.map.kakao.com/23905095,37.5129499766,126.8928358756,high,영문빌딩,서울 영등포구 경인로77길 14
st_06385,GS25 문래승호점,1353106016,http://place.map.kakao.com/1353106016,37.5129454244,126.8927838519,high,GS25 문래승호점,서울 영등포구 경인로77길 14
st_06386,경인로74길,,,,,low,,
st_06387,대림동 우리시장,18524709,http://place.map.kakao.com/18524709,37.4972063873,126.9039769297,high,우리시장,서울 영등포구 도림로 212
st_06388,SBS,26518109,http://place.map.kakao.com/26518109,37.5292501016,126.8737766831,high,SBS,서울 양천구 목동서로 161
st_06389,아울렛DC백화점,27584327,http://place.map.kakao.com/27584327,37.4725998929,126.9018288461,high,아울렛DC백화점,서울 금천구 독산로85길 22
st_06390,현충로 육교,,,,,failed,,
st_06391,르다,1285748084,http://place.map.kakao.com/1285748084,37.5071428675,126.9846748964,high,르다,서울 용산구 올림픽대로 2085-96
st_06392,리버힐스파 웰니스센터,685682518,http://place.map.kakao.com/685682518,37.536695901,127.0141827275,high,리버힐스파 웰니스센터,서울 용산구 유엔빌리지3길 183
st_06393,아이파크몰 용산점,7990380,http://place.map.kakao.com/7990380,37.5288166773,126.9645327699,high,아이파크몰 용산점,서울 용산구 한강대로23길 55
st_06394,용산아이파크몰 달주차장,1678245449,http://place.map.kakao.com/1678245449,37.5309773874,126.964896046,mid,아이파크몰 용산점 달주차장,서울 용산구 한강대로23길 55
st_06395,열정갈비 본점,,,,,failed,,
st_06396,남산타워,,,,,low,,
st_06397,반얀트리 클럽 앤 스파 서울,18059533,http://place.map.kakao.com/18059533,37.550698278,127.0011882449,high,반얀트리클럽앤스파서울,서울 중구 장충단로 60
st_06398,숭례문,7813430,http://place.map.kakao.com/7813430,37.5600030089,126.9753131242,high,숭례문,서울 중구 세종대로 40
st_06399,덕수궁,10305191,http://place.map.kakao.com/10305191,37.5655638711,126.974894755,high,덕수궁,서울 중구 세종대로 99
st_06400,덕수궁돌담길,23209304,http://place.map.kakao.com/23209304,37.5649765828,126.9756646289,high,덕수궁돌담길,서울 중구 세종대로 지하 101
st_06401,스테이트타워 남산,15094918,http://place.map.kakao.com/15094918,37.5602205974,126.9829459505,high,스테이트타워 남산,서울 중구 퇴계로 100
st_06402,남산케이블카,8233285,http://place.map.kakao.com/8233285,37.5565807205,126.9840309973,high,남산케이블카,서울 중구 소파로 83
st_06403,삼순이계단,25592530,http://place.map.kakao.com/25592530,37.5545297106,126.981693302,high,삼순이계단,서울 중구 소파로 46
st_06404,어글리베이커스베이글 신당 본점,374404998,http://place.map.kakao.com/374404998,37.5639957686,127.0170854703,high,어글리베이커스베이글 신당 본점,서울 중구 다산로40길 17
st_06405,종로12길,,,,,low,,
st_06406,장통교,12373416,http://place.map.kakao.com/12373416,37.5683794785,126.9856516652,high,장통교,서울 중구 삼각동 6
st_06407,청계천,1334424022,http://place.map.kakao.com/1334424022,37.5687840073,126.9855021721,high,청계천휴,서울 종로구 청계천로 71
st_06408,서울역사박물관,7934135,http://place.map.kakao.com/7934135,37.5705003227,126.9705463668,high,서울역사박물관,서울 종로구 새문안로 55
st_06409,세종대로 사거리,7964738,http://place.map.kakao.com/7964738,37.5702278403,126.9769307125,high,세종대로사거리,서울 종로구 세종로 1-68
st_06410,KT광화문빌딩,18316760,http://place.map.kakao.com/18316760,37.5721291087,126.9778096792,high,KT광화문빌딩 WEST,서울 종로구 세종대로 178
st_06411,편안한집,8578960,http://place.map.kakao.com/8578960,37.5872937462,126.9833383156,high,편안한집,서울 종로구 북촌로 133
st_06412,경복궁,18619553,http://place.map.kakao.com/18619553,37.5776132883,126.9768978683,high,경복궁,서울 종로구 사직로 161
st_06413,창덕궁,10771162,http://place.map.kakao.com/10771162,37.5796469474,126.9909998068,high,창덕궁,서울 종로구 율곡로 99
st_06414,이노88타워,274961893,http://place.map.kakao.com/274961893,37.5768077383,126.9889239564,high,이노88타워 주차장,서울 종로구 율곡로 88
st_06415,서순라길,13087295,http://place.map.kakao.com/13087295,37.5765187347,126.9915277197,high,순라길,서울 종로구 서순라길 141
st_06416,약령중앙로,,,,,low,,
st_06417,인생한의원,12895705,http://place.map.kakao.com/12895705,37.579560168,127.0377407658,high,인생한의원,서울 동대문구 약령동길 27
st_06418,약령중앙로4길,,,,,low,,
st_06419,그랜드 워커힐 서울 더파빌리온,13564451,http://place.map.kakao.com/13564451,37.5551331745,127.1108980909,mid,그랜드워커힐서울 더파빌리온,서울 광진구 워커힐로 177
st_06420,달공칠 에비뉴,,,,,low,,
st_06421,벨레어 청담,770645528,http://place.map.kakao.com/770645528,37.5241771054,127.04192114,high,벨레어 청담,서울 강남구 선릉로152길 30
st_06422,오프닝,2010673091,http://place.map.kakao.com/2010673091,37.5188924867,127.0310181213,high,오프닝,서울 강남구 도산대로34길 22
st_06423,브링턴,2141126963,http://place.map.kakao.com/2141126963,37.5141389953,127.0366027036,high,브링턴,서울 강남구 학동로42길 21
st_06424,파크 하얏트 서울,12392756,http://place.map.kakao.com/12392756,37.5087319608,127.0642831001,high,파크 하얏트 서울,서울 강남구 테헤란로 606
st_06425,파크 하얏트 서울 더 팀버 하우스,7827799,http://place.map.kakao.com/7827799,37.5083968905,127.0640928009,high,파크하얏트 서울 더 팀버하우스,서울 강남구 테헤란로 606
st_06426,메종 드 플래터 스타시티서울 레스토랑,922073072,http://place.map.kakao.com/922073072,37.5422215096,127.1204630484,high,메종 드 플래터 스타 시티서울 레스토랑,서울 강동구 구천면로 140
st_06427,인천공항,27502646,http://place.map.kakao.com/27502646,37.4540777221,126.4178501563,mid,호텔오라 인천공항,인천 영종구 공항서로 345
st_06428,인천공항 2터미널,698163025,http://place.map.kakao.com/698163025,37.4688011263,126.4336431422,mid,인천공항2터미널역 공항철도,인천 영종구 제2터미널대로 444
st_06429,파라다이스시티 아트파라디소,1731956283,http://place.map.kakao.com/1731956283,37.437483378,126.457890481,high,파라다이스시티 아트파라디소,인천 영종구 영종해안남로321번길 186
st_06430,네스트호텔,25492252,http://place.map.kakao.com/25492252,37.4247763705,126.4278505563,high,네스트호텔,인천 영종구 운서동 2877-1
st_06431,인천시민애집,971299818,http://place.map.kakao.com/971299818,37.4742848256,126.6227997241,high,인천시민애집,인천 제물포구 신포로39번길 74
st_06432,서울이엔지 삼월주유소,114268305,http://place.map.kakao.com/114268305,37.5360063891,126.6263087767,high,서울이엔지 삼월주유소,인천 서해구 경제로 70
st_06433,하얀김,403417942,http://place.map.kakao.com/403417942,37.5380923586,126.7243557781,high,하얀김,인천 계양구 계산로111번길 7
st_06434,계산시장입구,16597268,http://place.map.kakao.com/16597268,37.5392756499,126.7248628538,high,계산시장,인천 계양구 계산시장길 10-18
st_06435,계산시장,16597268,http://place.map.kakao.com/16597268,37.5392756499,126.7248628538,high,계산시장,인천 계양구 계산시장길 10-18
st_06436,히든가든,1524707908,http://place.map.kakao.com/1524707908,37.4295705778,126.694258882,high,히든가든,인천 연수구 넘말로79번길 58
st_06437,인천타워대로,,,,,low,,
st_06438,컨벤시아대로,,,,,low,,
st_06439,샤머니짐 송도점,1002831580,http://place.map.kakao.com/1002831580,37.3949421337,126.6501656103,high,샤머니짐 송도점,인천 연수구 컨벤시아대로 81
st_06440,센트럴로,,,,,low,,
st_06441,양주한국병원,622095104,http://place.map.kakao.com/622095104,37.8389043542,127.0728912722,high,양주한국병원 장례문화원,경기 양주시 화합로 1489
st_06442,MBC문화동산,9006546,http://place.map.kakao.com/9006546,37.7914420672,127.1007849245,high,MBC 문화동산,경기 양주시 만송로 394-104
st_06443,명가,10344270,http://place.map.kakao.com/10344270,37.6774256763,126.9224492675,high,명가,경기 양주시 장흥면 일영로 365-5
st_06444,조이마당스튜디오,1470063247,http://place.map.kakao.com/1470063247,37.8332950762,126.8034873155,high,조이마당스튜디오,경기 파주시 파주읍 봉서산로 245
st_06445,홍원연수원,1012687531,http://place.map.kakao.com/1012687531,37.7409541526,126.8266859116,high,홍원연수원,경기 파주시 조리읍 삼릉로 53
st_06446,크리스찬메모리얼파크,15873170,http://place.map.kakao.com/15873170,37.7807534417,126.8304389438,high,크리스찬메모리얼파크,경기 파주시 조리읍 홀작로 164
st_06447,이마트 파주운정점,21540461,http://place.map.kakao.com/21540461,37.7103838358,126.7451031091,high,이마트 파주운정점,경기 파주시 한울로 123
st_06448,SBS 일산제작센터,8060396,http://place.map.kakao.com/8060396,37.6969422138,126.7636993837,high,SBS 일산제작센터,경기 고양시 일산서구 일현로 111
st_06449,일산호수공원,17556368,http://place.map.kakao.com/17556368,37.6550724141,126.767535567,high,일산호수공원 주제광장,경기 고양시 일산동구 호수로 595
st_06450,얼반웍스 스튜디오,2006994958,http://place.map.kakao.com/2006994958,37.5859562616,126.8755944031,high,얼반웍스 스튜디오,경기 고양시 덕양구 호원길 3-2
st_06451,가평대교,2146968579,http://place.map.kakao.com/2146968579,37.7046865905,127.4956455321,mid,가평대교,경기 가평군 설악면 사룡리 산 140
st_06452,아난티코드,27261828,http://place.map.kakao.com/27261828,37.6254927619,127.4802174246,high,아난티 코드,경기 가평군 설악면 유명로 1007-90
st_06453,HJ매그놀리아국제병원,10855164,http://place.map.kakao.com/10855164,37.691139516,127.5213749489,high,HJ매그놀리아국제병원,경기 가평군 설악면 미사리로 267-177
st_06454,화성행궁,8175657,http://place.map.kakao.com/8175657,37.2819144991,127.0140411851,high,화성행궁,경기 수원시 팔달구 정조로 825
st_06455,메종디탈리,843214968,http://place.map.kakao.com/843214968,37.4195884387,127.1078172062,high,메종디탈리,경기 성남시 수정구 설개로 39
st_06456,느린마을양조장 야탑점,712402879,http://place.map.kakao.com/712402879,37.4127302294,127.1307006192,high,느린마을양조장 야탑점,경기 성남시 분당구 장미로92번길 12
st_06457,용인대장금파크,26923236,http://place.map.kakao.com/26923236,37.1216024818,127.3376127617,high,용인대장금파크 관가,경기 용인시 처인구 백암면 용천드라마길 25
st_06458,새말길329번길,,,,,low,,
st_06459,선향재 한옥 스튜디오,487376348,http://place.map.kakao.com/487376348,37.3828074594,127.1763932253,high,선향재 한옥 스튜디오,경기 광주시 새말길329번길 17
st_06460,광주경찰서,8660454,http://place.map.kakao.com/8660454,37.4082672731,127.2395836909,high,광주경찰서,경기 광주시 포돌이로 135
st_06461,더한옥헤리티지,1742543299,http://place.map.kakao.com/1742543299,37.1994119382,128.4265862252,high,더한옥헤리티지하우스,강원특별자치도 영월군 남면 문개실길 37-200
st_06462,BTS버스정류장,1310990190,http://place.map.kakao.com/1310990190,37.9124066163,128.8171018151,high,BTS 버스정류장,강원특별자치도 강릉시 주문진읍 향호리 8-39
st_06463,향호해변,,,,,failed,,
st_06464,경포생태저류지,26452456,http://place.map.kakao.com/26452456,37.7817075418,128.884737853,high,경포생태저류지,강원특별자치도 강릉시 죽헌동 757
st_06465,콩두부한식(재개발),,,,,failed,,
st_06466,신두리해수욕장,25023109,http://place.map.kakao.com/25023109,36.8401339836,126.1892959625,high,신두리해수욕장,충남 태안군 원북면 신두리 1414-18
st_06467,마도 해안절벽,,,,,failed,,
st_06468,홍산현관아,12740907,http://place.map.kakao.com/12740907,36.2149387149,126.7545287425,high,홍산현관아,충남 부여군 홍산면 동헌로 38
st_06469,전주향교,8064969,http://place.map.kakao.com/8064969,35.8127581313,127.1571339783,high,전주향교,전북특별자치도 전주시 완산구 향교길 139
st_06470,도청리쉼터,1305841470,http://place.map.kakao.com/1305841470,35.5869558834,126.4920993138,high,변산도청리쉼터,전북특별자치도 부안군 변산면 도청리 산 26-34
st_06471,요천로(광한루원앞),,,,,failed,,
st_06472,대산동한주종택,12771912,http://place.map.kakao.com/12771912,35.9305127373,128.3283667356,high,대산동한주종택,경북 성주군 월항면 한개2길 43
st_06473,제주대학교병원,8068195,http://place.map.kakao.com/8068195,33.4672735491,126.5452564126,high,제주대학교병원,제주특별자치도 제주시 아란13길 15
st_06474,엠버퓨어힐 호텔&리조트 제주,1730860321,http://place.map.kakao.com/1730860321,33.4264709783,126.4872987048,high,엠버 퓨어힐 호텔 앤 리조트 제주,제주특별자치도 제주시 1100로 2671-30
st_06475,엠버리조트,867149047,http://place.map.kakao.com/867149047,33.4236949726,126.4890525558,high,엠버리조트,제주특별자치도 제주시 1100로 2671-51
st_06476,산굼부리 주차장,18111437,http://place.map.kakao.com/18111437,33.4350430731,126.6896294381,high,산굼부리 주차장,제주특별자치도 제주시 조천읍 비자림로 768
st_06477,산굼부리,27164748,http://place.map.kakao.com/27164748,33.4348779813,126.6885116573,high,산굼부리 매표소,제주특별자치도 제주시 조천읍 비자림로 768
st_06478,신창풍차해안도로,26239274,http://place.map.kakao.com/26239274,33.3430810267,126.1742060466,mid,신창풍차해안도로,제주특별자치도 제주시 한경면 신창리 1322-1
st_06479,토끼섬,8107618,http://place.map.kakao.com/8107618,33.5245963358,126.9025795147,high,토끼섬,제주특별자치도 제주시 구좌읍 해맞이해안로 1852
st_06480,굴동포구,1639620476,http://place.map.kakao.com/1639620476,33.5228342034,126.8976061514,high,굴동포구,제주특별자치도 제주시 구좌읍 하도리 385-12
st_06481,성읍녹차동굴,1714785831,http://place.map.kakao.com/1714785831,33.3816292269,126.7868647622,high,녹차동굴,제주특별자치도 서귀포시 표선면 성읍리 2192
st_06766,개화동집,,,,,low,,
st_06768,성아해물생선,,,,,failed,,
st_06772,서울마리나 클럽&요트,,,,,failed,,
st_06773,후암동집,,,,,low,,
st_06777,신내동집,,,,,low,,
st_06888,소망김밥,,,,,failed,,
st_06890,생오리숯불구이(폐업),,,,,failed,,
st_06892,증산동집,,,,,low,,
st_06894,매봉산로(월드컵파크3단지쪽),,,,,failed,,
st_06898,계림빌딩앞,,,,,failed,,
st_06899,명물길,,,,,low,,
st_06900,한강산책로(서울마리나리조트쪽),,,,,failed,,
st_06902,에프케이아이타워앞 택시정류장,,,,,failed,,
st_06904,그린코너,,,,,failed,,
st_06905,한강대로7길,,,,,low,,
st_06907,새창로49길,,,,,low,,
st_06909,뚝섬로,,,,,low,,
st_06910,후암동집,,,,,low,,
st_06918,독서당로62가길,,,,,low,,
st_06919,생각공장데시앙플렉스,1038453872,http://place.map.kakao.com/1038453872,37.54685095,127.0653614211,high,성수생각공장 데시앙플렉스,서울 성동구 아차산로17길 49
st_06922,LIE SANGBONG,,,,,low,,
st_06923,하이테이블 차병원사거리점,,,,,failed,,
st_06926,원창로,,,,,low,,
st_06930,영종대로(1),,,,,failed,,
st_06931,영종대로(2),,,,,low,,
st_06932,은하수로75번길,,,,,failed,,
st_06933,자연대로,,,,,low,,
st_06935,어촌로,,,,,low,,
st_06939,테크노파크로,,,,,low,,
st_06948,바버샵 웰던 맨즈헤어,,,,,failed,,
st_06960,암사대교아래,,,,,failed,,
st_06963,안성장례식장(폐업),,,,,failed,,
st_06966,폐리조트,,,,,failed,,
st_06971,수청중앙로,,,,,low,,
st_06973,오토메카 부설주차장,,,,,failed,,
st_06975,천안교도소,,,,,failed,,
st_06978,군산초등학교,8201427,http://place.map.kakao.com/8201427,35.9906986892,126.7065863398,mid,군산서초등학교,전북특별자치도 군산시 중앙로 230
st_06979,월명로,,,,,low,,
st_06982,창제리,,,,,low,,
st_06983,천사대교,,,,,failed,,
st_06985,자은고교선착장,,,,,failed,,
st_06986,한운길,,,,,low,,
st_06995,흰여울마을 해안산책로,,,,,failed,,
st_06997,해양힐링로,,,,,low,,
st_06998,미나토카시이도로,,,,,failed,,
st_06999,하카타항국제터미널 주차장,,,,,failed,,
st_07000,C.Sビル,,,,,failed,,
st_07001,多門ビル,,,,,failed,,
st_07002,多門通り,,,,,failed,,
st_07004,多門Build’83,,,,,failed,,
st_07005,パパヒロヤ 中洲のドラッグストア,,,,,failed,,
st_07006,ラインビル,,,,,failed,,
st_07007,Nakagawa St,,,,,failed,,
st_07008,大丸別荘,,,,,failed,,
st_07009,ブラザーズジム,,,,,failed,,
st_07010,照葉浅部クリニック,,,,,failed,,
st_07011,Kashiiteriha St,,,,,failed,,
st_07012,はかた近代ビル,,,,,failed,,
st_07013,高橋ビル옆주차장,,,,,failed,,
st_07014,タイムスペース 今泉第9,,,,,failed,,
st_07015,高祖神社,,,,,failed,,
st_07016,宝来軒,,,,,failed,,
st_07017,후쿠오카 컨벤션 센터앞 주차장,,,,,failed,,
st_07018,児童会館通り,,,,,failed,,
st_07019,金田駅,,,,,failed,,
st_07020,唐津市歴史民俗資料館,,,,,failed,,
st_07021,ベスト電器みすず庵共同ビル,,,,,failed,,
st_07210,신흥아파트3차,,,,,failed,,
st_07211,레드문516,,,,,failed,,
st_07213,새마을금고,27367053,http://place.map.kakao.com/27367053,37.6016161655,126.9300281267,mid,녹번동새마을금고 본점,서울 은평구 은평로 201
st_07214,청계상가,23883388,http://place.map.kakao.com/23883388,37.5678117334,126.995422513,high,청계상가,서울 중구 청계천로 160
st_07217,동교로41길,,,,,low,,
st_07222,이마트24 덕성여대후문점(폐업),,,,,failed,,
st_07224,대한민국 국가정보원,,,,,failed,,
st_07228,통일로,1386345730,http://place.map.kakao.com/1386345730,37.6931895973,126.8580396293,mid,세영TMS 통일로일품주유소,경기 고양시 덕양구 통일로 862
st_07232,천안슈퍼,,,,,failed,,
st_07235,성남국빈관나이트,,,,,failed,,
st_07237,세명대학교 학술정보원,12476182,http://place.map.kakao.com/12476182,37.1803648798,128.1937830806,mid,세명대학교 학술정보원,충북 제천시 세명로 65
st_07241,(구)홍성여자고등학교,,,,,failed,,
st_07242,남장로(상가동앞),,,,,failed,,
st_07245,넙티로 철도건널목,,,,,failed,,
st_07246,대청로(1),,,,,low,,
st_07247,대청로(2),,,,,low,,
st_07252,승평동길,,,,,low,,
st_07254,당교로,,,,,low,,
st_07255,당교로(2),,,,,low,,
st_07257,우암로61번길,,,,,low,,
st_07258,양지골로169번길,,,,,low,,
st_07259,홍곡로,,,,,low,,
st_07260,까치익스프레스앞,,,,,failed,,
st_07261,이원아파트 사거리,,,,,failed,,
st_07262,홍곡로(2),,,,,low,,
st_07263,솔개다리 정류장,,,,,failed,,
st_07264,우암로26번길,,,,,low,,
st_07265,양지골로55번길,,,,,low,,
st_07266,우암로26번길(2),,,,,low,,
st_07373,덕산중학교.두산위브아파트 정류장(12499),,,,,failed,,
st_07374,증산서길,,,,,low,,
st_07375,증산동 골목,,,,,failed,,
st_07382,준무 연남,,,,,failed,,
st_07387,여의대로(LG트윈타워앞),,,,,failed,,
st_07394,강변북로,,,,,low,,
st_07398,서빙고초등학교 정류장,,,,,failed,,
st_07399,서울역(15번출구쪽),,,,,failed,,
st_07400,퇴계로20길,,,,,low,,
st_07402,을지로(1),11836168,http://place.map.kakao.com/11836168,37.565933404,126.9867568612,mid,킨코스코리아 을지로센터,서울 중구 을지로 80-1
st_07403,을지로(2),11836168,http://place.map.kakao.com/11836168,37.565933404,126.9867568612,mid,킨코스코리아 을지로센터,서울 중구 을지로 80-1
st_07405,SK텔레콤빌딩앞 택시정류장,,,,,failed,,
st_07406,명동11길,,,,,low,,
st_07409,을지로2가교차로,15139462,http://place.map.kakao.com/15139462,37.5661281044,126.9875400981,mid,을지로2가교차로,서울 중구 을지로2가
st_07413,서린동.SK서린빌딩 정류장,,,,,failed,,
st_07414,한화빌딩앞,,,,,failed,,
st_07416,디디피,971739341,http://place.map.kakao.com/971739341,37.5637097086,127.0135664567,mid,디디피커스텀,서울 중구 다산로33다길 21
st_07418,퇴계로83길,,,,,low,,
st_07423,북촌로5길,,,,,low,,
st_07425,감고당길(1),24406421,http://place.map.kakao.com/24406421,37.577980929,126.9823169955,high,감고당길,서울 종로구 송현동 34-2
st_07426,감고당길(2),24406421,http://place.map.kakao.com/24406421,37.577980929,126.9823169955,high,감고당길,서울 종로구 송현동 34-2
st_07427,북촌5가길,,,,,failed,,
st_07429,진닭강정 앞,,,,,failed,,
st_07430,포토이즘박스 익선동점 앞,,,,,failed,,
st_07432,온지심 옆,,,,,failed,,
st_07433,아트몬스터 익선동점 앞,,,,,failed,,
st_07434,빻 앞,,,,,failed,,
st_07435,아씨방앗간 앞,,,,,failed,,
st_07436,뜰안 앞,,,,,failed,,
st_07437,익선슈팅클럽 앞,,,,,failed,,
st_07438,낙원역 앞,,,,,failed,,
st_07439,치즈인더스트리 앞(폐업),,,,,failed,,
st_07440,에일당 앞,,,,,failed,,
st_07441,통돼지집 앞,,,,,failed,,
st_07442,마전교지하쇼핑센터(대신사),,,,,failed,,
st_07446,티틸 CAFE+BAR,,,,,failed,,
st_07448,이설함흥냉면 수유본점,,,,,failed,,
st_07450,어메이징브루잉컴퍼니,,,,,failed,,
st_07465,고디바 가로수길 플래그십,,,,,failed,,
st_07485,당진우리병원,,,,,low,,
st_07490,가루실딸기,,,,,low,,
st_07493,남포면집,,,,,low,,
st_07495,창동1길,,,,,low,,
st_07496,창동3길,,,,,low,,
st_07498,상월면 농장,,,,,failed,,
st_07499,고부천길,,,,,failed,,
st_07503,문화마을 정류장,,,,,failed,,
st_07504,추성1로,,,,,low,,
st_07507,뉴욕증권거래소,,,,,failed,,
st_07508,Empire Fulton Ferry State Park,,,,,failed,,
st_07509,타임즈스퀘어,,,,,failed,,
st_07695,팬엔터테인먼트 사옥,,,,,failed,,
st_07698,엠플레이그라운드 앞,,,,,failed,,
st_07700,삼양 앞,,,,,failed,,
st_07701,참신한약국,,,,,failed,,
st_07702,정든집,,,,,failed,,
st_07705,한강대로7길,,,,,low,,
st_07706,새창로49길 지하도,,,,,failed,,
st_07707,정인케이블 앞,,,,,failed,,
st_07711,남대문시장7길,,,,,failed,,
st_07712,허리케인박 떡볶이닭발,,,,,failed,,
st_07717,할아버지공장,,,,,failed,,
st_07720,대명벨리온 앞,,,,,failed,,
st_07723,서운체육공원 매점,,,,,failed,,
st_07724,대광그린빌라,,,,,failed,,
st_07728,인하대학교 본관,11972517,http://place.map.kakao.com/11972517,37.4493503367,126.6543153771,mid,인하대학교 본관1호관,인천 미추홀구 인하로 100
st_07731,화적연,,,,,failed,,
st_07734,엠아이 폴리스 스튜디오,,,,,failed,,
st_07735,진밭국수 1호점,,,,,failed,,
st_07736,효자동 저택,,,,,failed,,
st_07740,운중동 저택,,,,,failed,,
st_07741,구미동 주택가,,,,,failed,,
st_07743,양지파인빌 A동,,,,,failed,,
st_07749,명주동,,,,,low,,
st_07750,오월커피,,,,,failed,,
st_07753,충청남도 관사촌,,,,,failed,,
st_07758,약령길,,,,,failed,,
st_07759,장대1길 골목,,,,,failed,,
st_07761,벼락 앞,,,,,failed,,
st_07762,세븐일레븐 전북대점 앞,,,,,failed,,
st_07765,전북대 앞,,,,,failed,,
st_07771,토모루,,,,,failed,,
st_07773,신선대,10522191,http://place.map.kakao.com/10522191,34.7382272038,128.6627589866,mid,신선대,경남 거제시 남부면 갈곶리
st_07774,워싱턴스트리트,,,,,failed,,
st_07775,브루클린 교,,,,,failed,,
st_08071,이즈타워,21132796,http://place.map.kakao.com/21132796,37.4922277353,127.0290564974,mid,이즈,서울 서초구 사임당로 178
st_08074,거화빌딩,,,,,low,,
st_08075,만화카페,,,,,low,,
st_08079,한국전령공사 남서울지역옆,,,,,failed,,
st_08080,한국전령공사 남서울지역,,,,,failed,,
st_08084,세종대로 횡단보도,,,,,failed,,
st_08085,원서공원,8035658,http://place.map.kakao.com/8035658,37.5782321761,126.9885660086,high,원서공원,서울 종로구 창덕궁길 19
st_08277,소월로(어반클리프쪽),,,,,failed,,
st_08278,금세기빌딩,,,,,low,,
st_08279,"을지로입구역3,4번출구쪽",,,,,failed,,
st_08284,청와대,8167380,http://place.map.kakao.com/8167380,37.5826760997,126.9732338129,mid,청와대 사랑채,서울 종로구 효자로13길 45
st_08285,평창40길,,,,,low,,
st_08286,평창7길,,,,,low,,
st_08291,강남대로,19294146,http://place.map.kakao.com/19294146,37.4950289749,127.0290213963,mid,강남대로,서울 강남구 역삼동 858
st_08292,윤빌딩,,,,,low,,
st_08294,코엑스(아셈타워쪽),,,,,failed,,
st_08308,중앙디엔씨,,,,,failed,,
st_08453,본동집,,,,,low,,
st_08454,마포경찰서옆,,,,,failed,,
st_08456,5500012카페,,,,,failed,,
st_08458,성북구집,,,,,low,,
st_08459,승진슈퍼,,,,,failed,,
st_08461,아리따움,,,,,failed,,
st_08463,더사보르,,,,,failed,,
st_08464,시져지카페,,,,,failed,,
st_08468,신광사,11306896,http://place.map.kakao.com/11306896,37.5711644222,127.0009972668,mid,신광사,서울 종로구 종로 209
st_08623,청담드메르,,,,,failed,,
st_08627,샤론미용실앞,,,,,failed,,
st_08629,돈치킨,,,,,failed,,
st_08630,LA갈비,,,,,low,,
st_08633,이태리타올,,,,,failed,,
st_08635,몽마르뜨언덕위 은하수다방,,,,,failed,,
st_08638,에리트빌딩,10655843,http://place.map.kakao.com/10655843,37.5196993397,126.9300108032,high,에리트빌딩,서울 영등포구 여의대방로65길 12
st_08643,서울공예박물관앞,,,,,failed,,
st_08647,피자쏭앞,,,,,failed,,
st_08651,충무로,,,,,low,,
st_08652,충무로5길,,,,,low,,
st_08655,천호대로91길,,,,,low,,
st_08656,"한강(동호대교,성수대교사이)",,,,,failed,,
st_08659,삼성로146길,,,,,low,,
st_08662,청라동집,,,,,low,,
st_08663,청라한내로,,,,,low,,
st_08665,청라한내로162번길,,,,,low,,
st_08666,구움다방(폐업),,,,,failed,,
st_08673,삼송로(1),,,,,low,,
st_08674,삼송로(2),,,,,low,,
st_08675,삼송로(3),,,,,low,,
st_08677,천광카센타,,,,,failed,,
st_08681,AXIS금정,,,,,failed,,
st_08682,자혜로(1),,,,,low,,
st_08683,자혜로(2),,,,,low,,
st_08684,산성대로372번길,,,,,low,,
st_08685,광명로,,,,,low,,
st_08687,산성대로,,,,,low,,
st_08688,공원로,,,,,low,,
st_08689,판교역로,,,,,low,,
st_08691,심재훈 동물병원,,,,,failed,,
st_08692,탄현로(1),,,,,low,,
st_08693,탄현로(2),,,,,low,,
st_08694,우성세라믹스공업,,,,,failed,,
st_08698,청주국제공항,27465527,http://place.map.kakao.com/27465527,36.7220269514,127.4958562377,high,청주국제공항,충북 청주시 청원구 내수읍 오창대로 980
st_08703,옛장흥교도소,,,,,low,,
st_08704,김천 폐대학,,,,,failed,,
st_08791,아크레도 청담점,1411312080,http://place.map.kakao.com/1411312080,37.5230543586,127.0421954041,mid,아크레도 청담점,서울 강남구 도산대로 420
st_08794,동아디지털미디어센터,27094841,http://place.map.kakao.com/27094841,37.5784719654,126.8933443077,high,동아디지털미디어센터 주차장,서울 마포구 매봉산로 75
st_08797,제네시스비비큐,,,,,low,,
st_08801,엔젤리너스,,,,,low,,
st_08804,신제물포구락부스튜디오,,,,,failed,,
st_08806,영림홈앤리빙 인천갤러리,,,,,failed,,
st_08981,일광전구라이트하우스,,,,,failed,,
st_08982,버스정류장,,,,,failed,,
st_08984,웰빙쌈밥앤칡불냉면,,,,,failed,,
st_08987,서래갈매기,,,,,failed,,
st_08989,대성관,,,,,failed,,
st_08990,엔젤리너스,,,,,failed,,
st_08992,노들견우카페,,,,,failed,,
st_08993,후암동집,,,,,low,,
st_09493,비엔나커피하우스 상암팬엔터점,,,,,failed,,
st_09494,가온문화공원 앞,,,,,failed,,
st_09496,"한강(양화대교,서강대교사이)",,,,,failed,,
st_09497,성산로22길,,,,,low,,
st_09500,메머드익스프레스 홍대정문점 앞,,,,,failed,,
st_09502,카페로드,,,,,failed,,
st_09509,복정우물앞,,,,,failed,,
st_09512,삼일대로32길,,,,,low,,
st_09517,정릉풍림아이원아파트 125동,26725908,http://place.map.kakao.com/26725908,37.6165667957,127.0098110948,mid,정릉풍림아이원아파트 125동,서울 성북구 솔샘로25길 28
st_09518,에픽에스프레소더커피바,,,,,failed,,
st_09521,아크레도 청담점,1411312080,http://place.map.kakao.com/1411312080,37.5230543586,127.0421954041,mid,아크레도 청담점,서울 강남구 도산대로 420
st_09524,계약주식동네포차,,,,,failed,,
st_09530,시향,,,,,failed,,
st_09531,부흥로,,,,,low,,
st_09537,르팽드파크23,,,,,failed,,
st_09545,행궁동주민센터앞,,,,,failed,,
st_09547,신풍연립앞,,,,,failed,,
st_09550,K3마트앞,,,,,failed,,
st_09551,수원천로392번길,,,,,low,,
st_09552,경수대로743번길,,,,,low,,
st_09554,화홍문앞,,,,,failed,,
st_09555,수원천,25727612,http://place.map.kakao.com/25727612,37.2784682669,127.0187763535,mid,수원천,경기 수원시 팔달구 남수동
st_09556,화홍문근처,,,,,failed,,
st_09564,아야진해수욕장,7990660,http://place.map.kakao.com/7990660,38.2768350126,128.5533730075,mid,아야진해수욕장,강원특별자치도 고성군 토성면 아야진리
st_09565,삼원슈퍼,,,,,failed,,
st_09568,스테이해돋 앞바다,,,,,low,,
st_09571,마도 해안절벽,,,,,failed,,
st_09572,마도길(2),,,,,low,,
st_09573,마도길,,,,,low,,
st_09574,신진부두,,,,,failed,,
st_09578,금강공원길,,,,,low,,
st_09581,김천실내수영장,8236829,http://place.map.kakao.com/8236829,36.1442203742,128.0882002738,mid,김천종합스포츠타운 김천실내수영장,경북 김천시 운동장길 1
st_10114,동일슈퍼,,,,,failed,,
st_10117,마포진짜원조최대포본점,14615423,http://place.map.kakao.com/14615423,37.5476184574,126.9430605196,mid,마포진짜원조최대포 본점,서울 마포구 백범로 105
st_10119,새창로49길,,,,,low,,
st_10120,삼부조명,,,,,failed,,
st_10121,화신유통,,,,,failed,,
st_10123,교보빌딩앞,,,,,failed,,
st_10153,강변북로,19294181,http://place.map.kakao.com/19294181,37.5394794951,127.017845895,mid,강변북로,서울 성동구 옥수동 86
st_10214,한림연예에술고등학교,,,,,failed,,
st_10217,그랜드마트앞,,,,,failed,,
st_10218,송림로61번길,,,,,low,,
st_10221,서화어린이공원,,,,,failed,,
st_10231,카페 웨이브 시흥거북섬점,2064237812,http://place.map.kakao.com/2064237812,37.3227233519,126.6827826803,mid,블루웨이브커피 시흥 거북섬점,경기 시흥시 거북섬4길 14
st_10232,위례 지웰푸르지오앞,,,,,failed,,
st_10234,단국대학교 죽전캠퍼스 법정관,,,,,failed,,
st_10276,해피베어데이 합정 본점,,,,,failed,,
st_10278,여의도환승센터 횡단보도,,,,,failed,,
st_10280,여의나루로,,,,,low,,
st_10281,부국증권사거리,,,,,failed,,
st_10282,여의나루로2길,,,,,low,,
st_10283,대륭포스트타워8차,1997414853,http://place.map.kakao.com/1997414853,37.4810530643,126.8944009855,high,대륭포스트타워8차,서울 구로구 디지털로26길 43
st_10288,"서울 중구,종로일대",,,,,failed,,
st_10295,메종 드 플래터 스타스티서울 레스토랑,,,,,failed,,
st_10297,엠아이 폴리스 스튜디오,,,,,failed,,
st_10299,삼양라운드힐,1894798093,http://place.map.kakao.com/1894798093,37.7359259651,128.7245462181,mid,삼양라운드힐 양몰이공연장,강원특별자치도 평창군 대관령면 꽃밭양지길 708-9
st_10302,새마을로3599번길,,,,,low,,
st_10307,해안로2626번길,,,,,low,,
st_10309,청하로192번길,,,,,low,,
st_10310,청하로175번길(1),,,,,low,,
st_10311,청하로175번길(2),,,,,low,,
st_10316,해안로,,,,,low,,
st_10317,칠포항,1579153082,http://place.map.kakao.com/1579153082,36.1432844136,129.3963507841,mid,칠포항,경북 포항시 북구 흥해읍 칠포리
st_10319,새마을발상지길113번길,,,,,failed,,
st_10320,해안로(2),,,,,low,,
st_10321,해안로(3),,,,,low,,
st_10322,해안로(4),,,,,low,,
st_10325,청포도다방(폐업),,,,,failed,,
st_10332,서동로,,,,,low,,
st_10335,대신로30번길,,,,,low,,
st_10339,희망대로,,,,,low,,
st_10343,포항공대 메타세콰이어,,,,,failed,,
st_10347,호미로,,,,,low,,
st_10349,해맞이로46번길(1),,,,,low,,
st_10350,해맞이로46번길,,,,,low,,
st_10351,해맞이로46번길(3),,,,,low,,
st_10352,일출로,,,,,low,,
st_10354,구평리집,,,,,low,,
st_10355,구평보건소 정류장(285034),,,,,failed,,
st_10356,석병리집(1),,,,,failed,,
st_10358,석병리집(2),,,,,failed,,
st_10360,구룡포길계단(동백꽃필무렵),,,,,failed,,
st_10361,구룡포생활문화센터,1789914757,http://place.map.kakao.com/1789914757,35.9917262315,129.561202732,high,구룡포생활문화센터 아라예술촌,경북 포항시 남구 구룡포읍 구룡포리 381-1
st_10363,호미로,,,,,low,,
st_10367,동해안로3261번길,,,,,failed,,
st_10369,양포항길,,,,,low,,
st_10371,계원리 등대,,,,,low,,
st_10445,개화동집,,,,,low,,
st_10447,상암DMC홍보관.YTN,,,,,failed,,
st_10448,히브루스,,,,,failed,,
st_10450,신촌설렁탕,1770798831,http://place.map.kakao.com/1770798831,37.5577165379,126.9371325595,mid,신촌설렁탕 본점,서울 서대문구 연세로 24
st_10453,봄봄,2118223371,http://place.map.kakao.com/2118223371,37.5365557027,127.0593421833,mid,봄봄부동산공인중개사사무소,서울 성동구 성덕정길 143
st_10457,하남돼지/코엑스점,,,,,failed,,
st_10459,병원1층/파리크라상,,,,,failed,,
st_10462,보나베띠/여의도점,,,,,low,,
st_10464,GS25 중계에이스점,,,,,failed,,
st_10465,미증유옆,,,,,failed,,
st_10470,CU맞은편,,,,,failed,,
st_10471,은영슈퍼,,,,,failed,,
st_10474,다음코리아,,,,,failed,,
st_10477,전일모터스,,,,,failed,,
st_10479,헬로양꼬치,,,,,failed,,
st_10839,세종대로,26523146,http://place.map.kakao.com/26523146,37.5661625938,126.9771674005,mid,세종대로,서울 중구 정동 5-8
st_10841,청계천로,26523167,http://place.map.kakao.com/26523167,37.56993062,127.0090103435,high,청계천로,서울 종로구 종로6가 287-7
st_10842,동대문신발상가,27213592,http://place.map.kakao.com/27213592,37.5700959764,127.0134883781,high,동대문신발상가,서울 종로구 청계천로 319
st_10847,강남대로,19294146,http://place.map.kakao.com/19294146,37.4950289749,127.0290213963,mid,강남대로,서울 강남구 역삼동 858
st_10852,테헤란로,8021085,http://place.map.kakao.com/8021085,37.4987738332,127.0314666722,mid,우리은행 테헤란로금융센터,서울 강남구 테헤란로 124
st_10866,경기동로186번길,,,,,low,,
st_10867,춘천시종합경기장,,,,,low,,
st_10878,Gardens by the Bay East,,,,,failed,,
st_11216,마곡중앙14로,,,,,low,,
st_11219,LG사이언스파크 정류장(16108),,,,,failed,,
st_11220,증산동집(1),,,,,low,,
st_11221,증산동집(2),,,,,low,,
st_11222,증산로13가길(1),,,,,low,,
st_11223,증산로13가길(2),,,,,low,,
st_11224,증산로13가길(3),,,,,low,,
st_11227,희우정로,,,,,low,,
st_11229,서강로,,,,,low,,
st_11235,영등포역 육교,,,,,low,,
st_11236,경인로94길,,,,,low,,
st_11241,경희초등학교,8183210,http://place.map.kakao.com/8183210,37.5949323112,127.0491477063,mid,경희초등학교,서울 동대문구 경희대로 26
st_11243,매봉18길,,,,,low,,
st_11250,압구정로,,,,,low,,
st_11251,도산대로,26853687,http://place.map.kakao.com/26853687,37.5220381041,127.0365613129,mid,우리은행 도산대로금융센터,서울 강남구 도산대로 318
st_11253,영종순환로,,,,,low,,
st_11254,너와집노래방,,,,,failed,,
st_11255,차이나타운로,,,,,low,,
st_11256,제물량로,26522940,http://place.map.kakao.com/26522940,37.4701393742,126.6262254404,mid,제물량로,인천 제물포구 신생동 11-53
st_11263,엠아이 폴리스 스튜디오,,,,,failed,,
st_11265,월드고양로,,,,,low,,
st_11277,사랑마트,,,,,failed,,
st_11480,샛별빌라,,,,,failed,,
st_11481,인시즌,1317681153,http://place.map.kakao.com/1317681153,37.5671475587,126.929663081,mid,인시즌,서울 서대문구 연희맛로 23
st_11484,그대와인,,,,,failed,,
st_11485,산울림소극장버정,,,,,failed,,
st_11486,자연인들,,,,,failed,,
st_11489,몽마르뜨언덕위 은하수다방,,,,,failed,,
st_11493,후암동집,,,,,low,,
st_11497,소월로계단,,,,,failed,,
st_11498,빈티지샵,1579035113,http://place.map.kakao.com/1579035113,37.534579375,126.9975221942,mid,빈티지샵 오브하트,서울 용산구 이태원로 212
st_11500,우리동네키움센터,,,,,failed,,
st_11502,골목집화로구이/한대포,,,,,failed,,
st_11606,CU신월하나점(폐업),,,,,failed,,
st_11607,한성상가,20532952,http://place.map.kakao.com/20532952,37.5033942354,126.8765412821,high,한성상가,서울 구로구 경인로55길 51
st_11609,삼진기업주변,,,,,failed,,
st_11610,헤이피피 홍대점,,,,,failed,,
st_11612,어울마당로,,,,,low,,
st_11614,영등포경찰서앞,,,,,failed,,
st_11615,이앤비하이코,10538550,http://place.map.kakao.com/10538550,37.5247045914,126.90794865,mid,이앤비하이코,서울 영등포구 버드나루로11길 12
st_11616,영등포로,,,,,low,,
st_11617,밤동산지하보도,,,,,failed,,
st_11618,영등포로67가길,,,,,low,,
st_11619,영등포로79가길,,,,,low,,
st_11621,쓰리팝PC카페대방점,,,,,failed,,
st_11622,노량진로26길,,,,,low,,
st_11623,문배동이안아파트앞 정류장,,,,,failed,,
st_11625,효창원로69길,,,,,low,,
st_11628,중대로 횡단보도,,,,,failed,,
st_11629,송파사회복지관.성요셉성당 정류장,,,,,failed,,
st_11630,거마로7길,,,,,low,,
st_11639,대전시민천문대 주차장,,,,,low,,
st_11642,오랑1길 육교,,,,,failed,,
st_11643,육교앞,,,,,failed,,
st_11830,다원레스토랑,21233378,http://place.map.kakao.com/21233378,37.5503910024,126.8670710576,high,다원레스토랑,서울 강서구 공항대로65길 1-5
st_11831,스위스그랜드호텔,1610123513,http://place.map.kakao.com/1610123513,37.5888190434,126.9341320182,high,스위스 그랜드 호텔,서울 서대문구 연희로 353
st_11832,뱅센느,15726085,http://place.map.kakao.com/15726085,37.568320381,126.9292046792,high,뱅센느,서울 서대문구 연희로11길 41
st_11833,판자집,8121543,http://place.map.kakao.com/8121543,37.55633152,126.9384918192,high,판자집,서울 서대문구 연세로2길 29
st_11834,대포막창,367223295,http://place.map.kakao.com/367223295,37.5489341176,126.9174675959,high,대포막창,서울 마포구 양화로6길 57-5
st_11835,강변한신코아아파트,8704203,http://place.map.kakao.com/8704203,37.5362996156,126.9439301557,high,강변한신코아아파트,서울 마포구 마포대로4다길 18
st_11836,서울마리나뒤쪽,,,,,failed,,
st_11837,서강대교,8369237,http://place.map.kakao.com/8369237,37.5373109762,126.9252071423,high,서강대교,서울 영등포구 여의도동 83-1
st_11838,국회의사당,18742697,http://place.map.kakao.com/18742697,37.5319082731,126.9141623734,high,국회의사당,서울 영등포구 의사당대로 1
st_11839,글래드여의도,1129396972,http://place.map.kakao.com/1129396972,37.5274090848,126.9172650546,high,글래드 여의도,서울 영등포구 의사당대로 16
st_11840,미켈레커피 여의도점,1842280497,http://place.map.kakao.com/1842280497,37.5253975426,126.9191361493,mid,미켈레커피,서울 영등포구 의사당대로 38
st_11841,켄싱턴호텔 여의도 뉴욕뉴욕,11075458,http://place.map.kakao.com/11075458,37.5302973166,126.9220044971,high,켄싱턴호텔 여의도 뉴욕뉴욕,서울 영등포구 국회대로76길 16
st_11842,여의도일대&마포대교,,,,,failed,,
st_11843,여의도순복음교회 제2교육관,26980245,http://place.map.kakao.com/26980245,37.5301109936,126.9236655135,high,여의도순복음교회 제2교육관,서울 영등포구 국회대로76길 25
st_11844,엄마손감자탕,16094992,http://place.map.kakao.com/16094992,37.5275819185,126.9196451445,high,엄마손감자탕,서울 영등포구 은행로 3
st_11845,국회앞 지하보도,8675994,http://place.map.kakao.com/8675994,37.5248573501,126.9210723371,high,국회앞지하보차도,서울 영등포구 여의도동 2
st_11846,정우빌딩앞,,,,,failed,,
st_11847,한국수출입은행본점 옆,,,,,failed,,
st_11848,백원,9465773,http://place.map.kakao.com/9465773,37.5293047673,126.9253407157,high,백원,서울 영등포구 여의공원로 101
st_11849,여의공원로,11358098,http://place.map.kakao.com/11358098,37.5261349158,126.922348218,mid,여의도공원,서울 영등포구 여의공원로 68
st_11850,대오빌딩앞,,,,,failed,,
st_11851,신송센터빌딩,611071797,http://place.map.kakao.com/611071797,37.5230483823,126.925613924,high,신송센터빌딩,서울 영등포구 여의나루로 57
st_11852,여의주,656458583,http://place.map.kakao.com/656458583,37.5207912806,126.9269125311,high,여의주,서울 영등포구 국제금융로6길 33
st_11853,리버타워 맞은편,,,,,failed,,
st_11854,장미의집,11165764,http://place.map.kakao.com/11165764,37.5238660465,126.9339572575,high,장미의집,서울 영등포구 국제금융로7길 32
st_11855,여의도따로국밥,8271460,http://place.map.kakao.com/8271460,37.521462693,126.9301641332,high,여의도따로국밥,서울 영등포구 여의대방로69길 28
st_11856,서글렁탕,10504261,http://place.map.kakao.com/10504261,37.5194235603,126.9329928752,high,서글렁탕,서울 영등포구 여의대방로 394
st_11857,여의도한강공원(오리배),8592414,http://place.map.kakao.com/8592414,37.522982503,126.941433289,high,여의도한강공원 오리배탑승장,서울 영등포구 여의동로 252
st_11858,여의도한강공원,8592414,http://place.map.kakao.com/8592414,37.522982503,126.941433289,high,여의도한강공원 오리배탑승장,서울 영등포구 여의동로 252
st_11859,덕원,1653115762,http://place.map.kakao.com/1653115762,37.5222894158,126.9120353655,high,덕원식당,서울 영등포구 버드나루로6길 6
st_11860,노들섬,8252248,http://place.map.kakao.com/8252248,37.5176601357,126.9580338659,high,노들섬,서울 용산구 양녕로 445
st_11861,한강대교 아래,,,,,failed,,
st_11862,서호교 아래,,,,,failed,,
st_11863,이촌한강공원,1907155714,http://place.map.kakao.com/1907155714,37.5219784514,126.9574975078,mid,이촌한강공원 농구장,서울 용산구 이촌동 380
st_11864,홍돈 용산점,,,,,low,,
st_11865,대원정사 주차장,1580896060,http://place.map.kakao.com/1580896060,37.5489158648,126.9835550827,high,대원정사 옥상주차장,서울 용산구 두텁바위로60길 49
st_11866,서울스퀘어,8273142,http://place.map.kakao.com/8273142,37.5554616421,126.9737347221,high,서울스퀘어,서울 중구 한강대로 416
st_11867,남대문시장 E동,,,,,low,,
st_11868,남대문시장2길,,,,,low,,
st_11869,명동예술극장,27411611,http://place.map.kakao.com/27411611,37.5640085633,126.9842127737,high,국립극단 명동예술극장,서울 중구 명동길 35
st_11870,로얄호텔서울,24633671,http://place.map.kakao.com/24633671,37.564257416,126.9856026537,high,로얄호텔서울,서울 중구 명동길 61
st_11871,약현성당,9457054,http://place.map.kakao.com/9457054,37.559108223,126.9674791765,high,중림동약현성당,서울 중구 청파로 447-1
st_11872,설가온,13314584,http://place.map.kakao.com/13314584,37.5726206409,126.9757210055,high,설가온,서울 종로구 세종대로 175
st_11873,노들집,,,,,failed,,
st_11874,경성의복,,,,,failed,,
st_11875,종로,,,,,low,,
st_11876,종로24길,,,,,low,,
st_11877,남도식당,1625264046,http://place.map.kakao.com/1625264046,37.5698837266,126.9904599087,high,남도식당,서울 종로구 수표로20길 18
st_11878,서울보증보험,11139570,http://place.map.kakao.com/11139570,37.5736466662,127.0006067568,high,서울보증보험빌딩,서울 종로구 김상옥로 29
st_11879,자하문로2길,,,,,low,,
st_11880,윤보선길,,,,,low,,
st_11881,이화벽화마을,25039734,http://place.map.kakao.com/25039734,37.5779757329,127.0071015032,high,이화동 벽화마을,서울 종로구 이화동 9-413
st_11882,딱지치기,,,,,low,,
st_11883,해바라기어린이공원,25766971,http://place.map.kakao.com/25766971,37.634863634,127.0712843892,high,해바라기어린이공원,서울 노원구 하계동 277
st_11884,성덕정17길,,,,,low,,
st_11885,밤과음악사이건대입구점,18826159,http://place.map.kakao.com/18826159,37.5406280627,127.0695425731,high,밤과음악사이 건대입구점,서울 광진구 아차산로 235
st_11886,더리버사이드호텔,23201274,http://place.map.kakao.com/23201274,37.5185690118,127.018085248,high,더 리버사이드호텔,서울 서초구 강남대로107길 6
st_11887,붓처스컷 도산,1802574770,http://place.map.kakao.com/1802574770,37.5252512908,127.0327697084,high,붓처스컷 도산,서울 강남구 언주로 837
st_11888,볼트1932,582176322,http://place.map.kakao.com/582176322,37.5256250905,127.0259934875,high,볼트1932 압구정센터,서울 강남구 압구정로 152
st_11889,로리스 더 프라임 립,22211960,http://place.map.kakao.com/22211960,37.4980814098,127.0259002531,high,로리스더프라임립,서울 서초구 서초대로 411
st_11890,필경재,8128865,http://place.map.kakao.com/8128865,37.484855998,127.095261021,high,필경재,서울 강남구 광평로 205
st_11891,배재고등학교,7886363,http://place.map.kakao.com/7886363,37.5561538661,127.1508524126,high,배재고등학교,서울 강동구 고덕로 227
st_11892,동화마을슈퍼,988312975,http://place.map.kakao.com/988312975,37.4777689295,126.6227742988,high,동화마을슈퍼,인천 제물포구 자유공원로 101
st_11893,개항로통닭,901296869,http://place.map.kakao.com/901296869,37.472955178,126.634631252,high,개항로통닭,인천 제물포구 참외전로 164
st_11894,장천리보도육교,27276489,http://place.map.kakao.com/27276489,37.470339425,126.6389848862,high,장천리보도육교,인천 제물포구 창영동 179-1
st_11895,송도센트럴파크호텔,24613391,http://place.map.kakao.com/24613391,37.3903632245,126.6376206903,high,송도센트럴파크호텔,인천 연수구 테크노파크로 193
st_11896,양주한국병원,622095104,http://place.map.kakao.com/622095104,37.8389043542,127.0728912722,high,양주한국병원 장례문화원,경기 양주시 화합로 1489
st_11897,양주장례문화원,9249159,http://place.map.kakao.com/9249159,37.8125195598,127.0445718399,high,양주장례문화원,경기 양주시 평화로1357번길 8
st_11898,의정부시외버스터미널,18166736,http://place.map.kakao.com/18166736,37.7452167633,127.0550697692,high,의정부시외버스터미널,경기 의정부시 동일로 640
st_11899,두원공과대학교,8282457,http://place.map.kakao.com/8282457,37.8159312953,126.8009984775,high,두원공과대학교 파주캠퍼스,경기 파주시 파주읍 주라위길 159
st_11900,조이마당스튜디오,1470063247,http://place.map.kakao.com/1470063247,37.8332950762,126.8034873155,high,조이마당스튜디오,경기 파주시 파주읍 봉서산로 245
st_11901,용상사,9900428,http://place.map.kakao.com/9900428,37.7982339538,126.7662610705,high,용상사,경기 파주시 월롱면 용상골길 403
st_11902,광탄성당,12817973,http://place.map.kakao.com/12817973,37.7780594154,126.8590455241,high,광탄성당,경기 파주시 광탄면 심궁로 76-38
st_11903,금촌동골목,,,,,failed,,
st_11904,장촌공원,17384434,http://place.map.kakao.com/17384434,37.6734468364,126.7524114989,high,장촌공원,경기 고양시 일산서구 중앙로 1525
st_11905,법원공무원교육원,7904059,http://place.map.kakao.com/7904059,37.6492020929,126.7714655076,high,법원공무원교육원,경기 고양시 일산동구 호수로 523
st_11906,바람개비 레스토랑,1857118979,http://place.map.kakao.com/1857118979,37.7048982194,126.8591683122,high,바람개비 레스토랑,경기 고양시 덕양구 동헌로9번길 8
st_11907,상동아크로텔오피스텔,7818739,http://place.map.kakao.com/7818739,37.4909590228,126.7536471945,high,상동아크로텔오피스텔,경기 부천시 원미구 부일로205번길 54
st_11908,협동산업공단,27171063,http://place.map.kakao.com/27171063,37.6495090153,127.2478761547,high,협동산업공단,경기 남양주시 의안로260번길 44
st_11909,캔모아 용인점,9457176,http://place.map.kakao.com/9457176,37.2357425321,127.2074892321,high,캔모아 용인점,경기 용인시 처인구 금령로 99
st_11910,책마을 광주점,21133801,http://place.map.kakao.com/21133801,37.4123231065,127.2545069848,high,책마을 광주점,경기 광주시 중앙로145번길 25
st_11911,서정리장례식장,27162345,http://place.map.kakao.com/27162345,37.0551239709,127.0635251995,high,서정리장례식장,경기 평택시 정암로 78-14
st_11912,양양국제공항,7996375,http://place.map.kakao.com/7996375,38.0587708561,128.6628939907,high,양양국제공항,강원특별자치도 양양군 손양면 공항로 201
st_11913,한라생활공조관,,,,,failed,,
st_11914,진복식당,778299727,http://place.map.kakao.com/778299727,35.5913050894,126.6791576721,high,진복,전북특별자치도 부안군 줄포면 줄포중앙로 62
st_11983,서울역11번출구 정류장,,,,,low,,
st_11984,세종대로12길,,,,,low,,
st_11985,서대문역 주변,,,,,failed,,
st_11986,광화문 주변,,,,,failed,,
st_11987,이디야 낙원동점앞,,,,,failed,,
st_11988,삼일대로,,,,,low,,
st_12000,용인 동백호수공원,,,,,low,,
st_12004,동교로29길,,,,,low,,
st_12007,NGT빌딩 옆골목,,,,,failed,,
st_12009,성산로22길,,,,,low,,
st_12013,남산타워,,,,,low,,
st_12015,충현슈퍼 앞,,,,,failed,,
st_12019,감고당길 + 윤보선길,,,,,failed,,
st_12020,보뜨 플라워앞,,,,,failed,,
st_12021,소허당앞,,,,,failed,,
st_12022,삼청로2길,,,,,low,,
st_12023,북촌로5길,,,,,low,,
st_12025,북촌로12길,,,,,low,,
st_12026,창덕궁길,,,,,low,,
st_12027,볼링장 정류장,,,,,failed,,
st_12029,왕짱구식당,,,,,failed,,
st_12031,풍년식품 앞,,,,,failed,,
st_12032,창덕궁로5길,,,,,failed,,
st_12036,윤동주문학관잎,,,,,failed,,
st_12037,한양도성 백악구간(와룡공원쪽),,,,,failed,,
st_12039,한국문예회관 골목,,,,,failed,,
st_12043,삼선교로4길,,,,,low,,
st_12044,구포국수앞,,,,,failed,,
st_12046,삼양로141길(1),,,,,low,,
st_12047,우이동 주택,,,,,low,,
st_12048,삼양로141길(2),,,,,low,,
st_12052,고반식당 수락산점,,,,,failed,,
st_12054,서래섬,7937294,http://place.map.kakao.com/7937294,37.5080210112,126.9899294228,high,서래섬,서울 서초구 반포동 137-41
st_12057,마제스티 타바론 티 라운지,,,,,failed,,
st_12058,개포로116길,,,,,low,,
st_12059,"중동빌딩, 마루공원 주차장앞",,,,,failed,,
st_12061,인하대학교 하이데거의숲,26817399,http://place.map.kakao.com/26817399,37.4482192358,126.6551263509,mid,인하대학교 하이데거의숲,인천 미추홀구 인하로 100
st_12062,투썸플레이스 송도센트럴파크점,444197906,http://place.map.kakao.com/444197906,37.3922591202,126.6456993943,mid,투썸플레이스 인천송도센트럴파크점,인천 연수구 컨벤시아대로 126
st_12066,금강헬스,,,,,failed,,
st_12067,만화속으로,,,,,failed,,
st_12072,일산로636번길,,,,,low,,
st_12076,능안어린이공원,,,,,failed,,
st_12081,더블트리 바이 힐튼 서울 판교 닉스,,,,,failed,,
st_12090,설악산소공원,,,,,failed,,
st_12092,헌화로,9647091,http://place.map.kakao.com/9647091,37.6649469183,129.0527363251,mid,헌화로횟집,강원특별자치도 강릉시 강동면 헌화로 645
st_12095,오송생명로,,,,,low,,
st_12096,오송프라자,14521369,http://place.map.kakao.com/14521369,36.6310749158,127.3296466655,high,오송프라자,충북 청주시 흥덕구 오송읍 오송생명로 186
st_12100,동부로73번길,,,,,low,,
st_12101,문충사옆길,,,,,low,,
st_12102,용운동 집,8020261,http://place.map.kakao.com/8020261,36.3284544035,127.4542313515,mid,용운동열쇠집,대전 동구 백룡로 139
st_12103,실비식당,,,,,failed,,
st_12104,수화림,,,,,failed,,
st_12105,월미도테마파크,,,,,low,,
st_12164,스와로브스키,,,,,failed,,
st_12165,에이바우트커피 역삼,,,,,failed,,
st_12169,우리은행버정,,,,,failed,,
st_12170,위드뷰티살롱,,,,,failed,,
st_12172,글렌페딕,,,,,failed,,
st_12173,압구정곱떡,,,,,failed,,
st_12174,에이바우트커피 강남대치점,,,,,failed,,
st_12177,동아디지털미디어센터옆,,,,,failed,,
st_12180,파쿠모리앞,,,,,failed,,
st_12181,은행골앞,,,,,failed,,
st_12182,땡초,,,,,failed,,
st_12185,공룡슈퍼,,,,,failed,,
st_12186,홍대수노래방본점,,,,,failed,,
st_12187,춘지본가,,,,,failed,,
st_12191,츄,1129234410,http://place.map.kakao.com/1129234410,37.5537313549,126.9219178377,mid,츄피어싱,서울 마포구 홍익로3길 20
st_12192,미래하이빌,,,,,failed,,
st_12194,모모커피마카롱,,,,,failed,,
st_12195,더샘이대점,,,,,failed,,
st_12196,네이처리퍼블릭,19630833,http://place.map.kakao.com/19630833,37.5552663584,126.9369498063,mid,네이처리퍼블릭 신촌역점,서울 마포구 신촌로 지하 90
st_12197,미니스톱,,,,,failed,,
st_12200,숙대옆길,,,,,low,,
st_12202,중앙중버정,,,,,failed,,
st_12203,닌옆골목1,,,,,failed,,
st_12204,닌옆골목2,,,,,failed,,
st_12205,닌,1767666801,http://place.map.kakao.com/1767666801,37.5792718513,126.9878458378,mid,닌,서울 종로구 창덕궁1길 23-1
st_12209,위드메이트,,,,,failed,,
st_12211,감사원버정,,,,,failed,,
st_12212,가회동골목,,,,,failed,,
st_12215,소쇼,,,,,failed,,
st_12216,청계천옆,,,,,failed,,
st_12217,경복궁.국립민속박물관맞은편,,,,,failed,,
st_12221,Y&아니마,,,,,failed,,
st_12223,북촌세븐,,,,,low,,
st_12225,덕성여고앞,,,,,failed,,
st_12227,윤동주시인문학관앞,,,,,failed,,
st_12230,평창동집,,,,,low,,
st_12231,지리산흑돼지,,,,,failed,,
st_12232,장군보쌈,13321945,http://place.map.kakao.com/13321945,37.5673956068,126.9796300697,mid,장군보쌈족발,서울 중구 무교로 16
st_12235,명동에그드랍,,,,,failed,,
st_12386,홍대공차,,,,,low,,
st_12387,홍익숯불갈비소금구이,,,,,failed,,
st_12388,그린클라우드,,,,,failed,,
st_12389,천하,27435143,http://place.map.kakao.com/27435143,37.5572940319,126.9207653827,mid,천하의문타로,서울 마포구 월드컵북로4길 19
st_12391,몬스터치즈떡볶이,,,,,failed,,
st_12392,오두막,1719911479,http://place.map.kakao.com/1719911479,37.5588525418,126.9351826715,mid,펍오두막,서울 서대문구 연세로11길 29
st_12393,신발가게,,,,,low,,
st_12394,신촌던킨,,,,,low,,
st_12395,순두부랑생선구이앞,,,,,failed,,
st_12396,신촌메인길(뽕잎사랑),,,,,failed,,
st_12398,부엉이돈까스앞,,,,,failed,,
st_12400,작은마을,,,,,failed,,
st_12402,솔티핫티,,,,,failed,,
st_12405,창경궁옆놀이터,,,,,low,,
st_12406,서소문미술관앞,,,,,failed,,
st_12429,화적연,,,,,failed,,
st_13171,사이버고시원,,,,,failed,,
st_13173,휴먼안경보청기,,,,,failed,,
st_13175,민지미용실,,,,,failed,,
st_13176,뽀꼬팡,,,,,failed,,
st_13180,쌍문동집,,,,,low,,
st_13182,힐링호프,,,,,failed,,
st_13183,양재시민의숲역(양재방향4-4),,,,,failed,,
st_13188,신한금융투자,,,,,low,,
st_13191,상봉터미널,89452871,http://place.map.kakao.com/89452871,37.5973896447,127.0922246132,mid,유솔 상봉터미널점,서울 중랑구 상봉로 131
st_13192,비단길현대시장(호남수산),,,,,failed,,
st_13193,신도림로11다길,,,,,low,,
st_13196,풍아산업앞,,,,,failed,,
st_13198,가온문화공원 사거리,,,,,low,,
st_13199,월드컵북로60길,,,,,low,,
st_13200,성암로,,,,,low,,
st_13201,양화로,,,,,low,,
st_13202,연세안경앞,,,,,failed,,
st_13203,산장앞,,,,,failed,,
st_13204,엔비,,,,,low,,
st_13205,이태원로,,,,,low,,
st_13208,23번지 남산돈까스본점 옆건물,,,,,low,,
st_13210,충무로,,,,,low,,
st_13215,뚜레쥬르 종로점,1150183579,http://place.map.kakao.com/1150183579,37.5718169603,126.9806329329,mid,뚜레쥬르 종로구청점,서울 종로구 종로5길 34
st_13218,종로구,,,,,low,,
st_13219,필운대로,,,,,low,,
st_13239,신선대,10522191,http://place.map.kakao.com/10522191,34.7382272038,128.6627589866,mid,신선대,경남 거제시 남부면 갈곶리
st_13240,IBK기업은행365,309029890,http://place.map.kakao.com/309029890,37.5493568356,126.8772214486,mid,IBK기업은행365 동아3차아파트,서울 강서구 양천로 731
st_13244,천안외국인교도소,,,,,failed,,
st_13247,LA집,,,,,failed,,
st_13248,LA골목,,,,,failed,,
st_13948,마곡역4번출구 정류장(16387),,,,,failed,,
st_13949,마곡중앙6로,,,,,low,,
st_13951,마곡중앙8로7길(1),,,,,low,,
st_13952,마곡중앙8로7길(2),,,,,low,,
st_13953,밀화당 강서직영점(폐업),,,,,failed,,
st_13954,마곡동로,,,,,low,,
st_13956,월드컵북로(5단지앞),,,,,failed,,
st_13957,월드컵북로58길,,,,,low,,
st_13959,연희로11가길,,,,,low,,
st_13961,락휴코인노래연습장 홍대본점,,,,,failed,,
st_13964,한강,10952963,http://place.map.kakao.com/10952963,37.5263886011,126.9351293171,mid,여의도한강공원,서울 영등포구 여의도동 85
st_13965,시선 당산역점(폐점),,,,,failed,,
st_13968,98도씨국밥 보라매점,2136287030,http://place.map.kakao.com/2136287030,37.4908771965,126.9301971417,mid,98도씨국밥,서울 관악구 당곡2길 22
st_13972,백범로90길,,,,,low,,
st_13974,백범로90다길,,,,,low,,
st_13976,백범로,,,,,low,,
st_13977,소월로,,,,,low,,
st_13980,서소문로11길,,,,,low,,
st_13981,서애로,,,,,low,,
st_13982,필동로,,,,,low,,
st_13983,디디피,971739341,http://place.map.kakao.com/971739341,37.5637097086,127.0135664567,mid,디디피커스텀,서울 중구 다산로33다길 21
st_13984,세종대로23길,,,,,low,,
st_13986,계동길,,,,,low,,
st_13990,전풍호텔 경양식당 본점,,,,,failed,,
st_13991,메가박스 성수점(폐점),,,,,failed,,
st_13994,클로리스 코엑스몰(폐업),,,,,failed,,
st_14008,고봉로,,,,,low,,
st_14014,신양수대교,15154786,http://place.map.kakao.com/15154786,37.5365194094,127.3161972887,mid,신양수대교,경기 양평군 양서면 양수리 767-2
st_14015,빌리드지디 안산,,,,,failed,,
st_14019,성남대로287번길,,,,,failed,,
st_14027,그랜드 조선 부산앞,,,,,failed,,
st_14029,벡스코 구름다리,,,,,failed,,
st_14030,광안대교,170421478,http://place.map.kakao.com/170421478,35.1474701652,129.130066852,mid,광안대교,부산 수영구 민락동 113-52
st_14031,제주 드림타워 스카이뷰 라운지 38,,,,,failed,,
st_14039,ICC 제주국제컴벤션센터,,,,,failed,,
st_14041,NUSTAR Resort & Casino,,,,,failed,,
st_14042,샹그릴라 비치사이드,,,,,failed,,
st_14043,Docking Bridge,,,,,failed,,
st_14044,The Ocean Pavilion at Shangri-La’s Mactan Resort,,,,,failed,,
st_14045,Fiddler’s Cebu,,,,,failed,,
st_14046,Bluewater Garden,,,,,failed,,
st_14047,Oyster Bar,,,,,failed,,
st_14048,The Old Angler House,,,,,failed,,
st_14152,국회대로76길 여의도순복음교회 앞,,,,,failed,,
st_14155,플러스준스튜디오 용산,,,,,failed,,
st_14158,농협종로지점,,,,,low,,
st_14166,마두동 전원주택(1),,,,,failed,,
st_14167,마두동 전원주택(2),,,,,failed,,
st_14177,명월국민학교,,,,,failed,,
st_14191,올레길20코스,,,,,failed,,
st_14193,해맞이해안로,,,,,low,,
st_14195,일주동로,,,,,low,,
st_14204,오조포구 앞,,,,,failed,,
st_14206,서퀴피안 베이커리,,,,,failed,,
st_14209,지환이네수산물,1709156069,http://place.map.kakao.com/1709156069,33.3787816682,126.8791770752,mid,지환이네 수산물,제주특별자치도 서귀포시 성산읍 신산중앙로 31-4
st_14210,귤창고,,,,,failed,,
st_14211,삼달하동로31번길,,,,,low,,
st_14212,해안가,,,,,failed,,
st_14213,해녀의집,,,,,failed,,
st_14217,해비치CC클럽하우스,21483549,http://place.map.kakao.com/21483549,33.3589288829,126.7272940043,mid,해비치CC제주 클럽하우스,제주특별자치도 서귀포시 남원읍 원님로399번길 319
st_14218,망장포,,,,,failed,,
st_14219,법환동 해변,,,,,failed,,
st_14222,일주서로,,,,,low,,
st_14226,신화가든,1779713684,http://place.map.kakao.com/1779713684,33.3019484852,126.316085724,mid,신화가든,제주특별자치도 서귀포시 안덕면 서광리 산 24-8
st_14326,디팰리스오피스텔,1858722588,http://place.map.kakao.com/1858722588,37.5687014421,126.9722268653,high,디팰리스오피스텔,서울 종로구 새문안로2길 10
st_14327,대학로9길,,,,,low,,
st_14328,멘츠루 대학로점,1283568630,http://place.map.kakao.com/1283568630,37.582007894,126.9997882907,high,멘츠루 대학로점,서울 종로구 창경궁로26길 39
st_14329,L65호텔 웨딩컨벤션,1274388923,http://place.map.kakao.com/1274388923,37.5798905431,127.0461615176,high,L65호텔웨딩컨벤션,서울 동대문구 왕산로 200
st_14330,백작바이피렌체 청담본점,877451391,http://place.map.kakao.com/877451391,37.5196583865,127.0494048455,high,백작바이피렌체 청담본점,서울 강남구 삼성로 715
st_14331,인천공항,27502646,http://place.map.kakao.com/27502646,37.4540777221,126.4178501563,mid,호텔오라 인천공항,인천 영종구 공항서로 345
st_14332,청라동집,,,,,low,,
st_14333,청라4교,23581785,http://place.map.kakao.com/23581785,37.532891948,126.6275450827,high,청라4교,인천 서해구 청라동 92-31
st_14334,청라대로,,,,,low,,
st_14335,청라창해문화공원,1063803587,http://place.map.kakao.com/1063803587,37.5329718817,126.6426249546,high,청라창해문화공원,인천 서해구 청라동 155-19
st_14336,솔빛로,,,,,low,,
st_14337,청라힐스테이트 정류장(42987),,,,,failed,,
st_14338,솔빛로 횡단보도,,,,,failed,,
st_14339,포시즌키친 청라점,384873657,http://place.map.kakao.com/384873657,37.5246872718,126.6323699857,high,포시즌키친 청라점,인천 서해구 옥빛로15번길 8
st_14340,더바타타(폐업),,,,,failed,,
st_14341,믿담,818049235,http://place.map.kakao.com/818049235,37.5241917435,126.6306438593,high,믿담,인천 서해구 푸른로15번길 6
st_14342,낭만주택앞,,,,,failed,,
st_14343,페이지37,1185574087,http://place.map.kakao.com/1185574087,37.5290300709,126.655065752,high,페이지37,인천 서해구 청라에메랄드로41번길 13
st_14344,한마음병원,8050411,http://place.map.kakao.com/8050411,37.5283570996,126.7220610847,high,한마음병원,인천 계양구 계양대로 51
st_14345,메가박스 인천학익점,74759074,http://place.map.kakao.com/74759074,37.4417894647,126.6486469815,mid,메가박스 인천학익,인천 미추홀구 학익로80번길 11
st_14346,아르도레,1247954092,http://place.map.kakao.com/1247954092,37.3979841745,126.6493225236,high,아르도레,인천 연수구 신송로 160
st_14347,호수1교,23582176,http://place.map.kakao.com/23582176,37.3946444798,126.6334047107,high,호수1교,인천 연수구 송도동 78
st_14348,센트럴파크,2065426231,http://place.map.kakao.com/2065426231,37.3936593382,126.6335890657,high,센트럴파크 한의원,인천 연수구 인천타워대로 257
st_14349,송도 아트포레 푸르지오시티,1836873434,http://place.map.kakao.com/1836873434,37.3937077719,126.6335176846,high,송도아트포레푸르지오시티오피스텔,인천 연수구 인천타워대로 257
st_14350,호야네케이크앞,,,,,failed,,
st_14351,인천도시역사관 앞,,,,,failed,,
st_14352,컨벤시아대로,,,,,low,,
st_14353,센트럴로,,,,,low,,
st_14354,국립세계문자박물관앞 횡단보도,,,,,failed,,
st_14355,인천타워대로,,,,,low,,
st_14356,밥상편지 송도점,2082710325,http://place.map.kakao.com/2082710325,37.3856611673,126.6451669863,high,밥상편지 송도점,인천 연수구 하모니로 124
st_14357,트리플스트리트B동,1444484749,http://place.map.kakao.com/1444484749,37.3803818886,126.66012862,high,트리플스트리트 B동,인천 연수구 송도과학로16번길 33-2
st_14358,트리플스트리트D동,358711816,http://place.map.kakao.com/358711816,37.3787385332,126.6626832126,high,트리플스트리트 D동,인천 연수구 송도과학로16번길 33-4
st_14359,AIT센터,1583583715,http://place.map.kakao.com/1583583715,37.3797600778,126.6661008881,high,AIT센터,인천 연수구 송도동 172-6
st_14360,대광철물,8842293,http://place.map.kakao.com/8842293,38.1845709856,127.1063759851,high,대광철물,경기 연천군 신서면 도대로7번길 59
st_14361,니지모리스튜디오,1492327825,http://place.map.kakao.com/1492327825,37.8792022193,127.0920019992,high,니지모리스튜디오,경기 동두천시 천보산로 567-12
st_14362,와석순환로,,,,,low,,
st_14363,킨텍스,1917220238,http://place.map.kakao.com/1917220238,37.6689332955,126.7458026012,mid,킨텍스,경기 고양시 일산서구 킨텍스로 217-60
st_14364,펫워크,327058639,http://place.map.kakao.com/327058639,37.6663810142,126.7561344325,high,펫워크,경기 고양시 일산서구 주엽로 80
st_14365,한류월드로,26201160,http://place.map.kakao.com/26201160,37.6604673725,126.7585110906,mid,한류월드로,경기 고양시 일산동구 장항동 1763-1
st_14366,라피아노,1011414668,http://place.map.kakao.com/1011414668,37.6503038932,126.6860042518,high,라피아노,경기 김포시 모담공원로28번길 46-26
st_14367,광명역,8658728,http://place.map.kakao.com/8658728,37.4161962339,126.8846812361,high,광명역,경기 광명시 광명역로 21
st_14368,오이도로(CG),,,,,failed,,
st_14369,오이도횟집,10629693,http://place.map.kakao.com/10629693,37.3480455962,126.6901735243,high,오이도횟집,경기 시흥시 오이도로 127
st_14370,수원KT위즈파크,17577962,http://place.map.kakao.com/17577962,37.2997302533,127.0097720459,high,수원KT위즈파크,경기 수원시 장안구 경수대로 893
st_14371,칠링더데이,348438086,http://place.map.kakao.com/348438086,37.2861397176,127.0117843389,high,칠링더데이,경기 수원시 팔달구 화서문로41번길 15-14
st_14372,화서문로,,,,,low,,
st_14373,빌리브하남 오피스텔,1935496926,http://place.map.kakao.com/1935496926,37.5536908678,127.2055574914,high,빌리브하남오피스텔,경기 하남시 덕풍서로 80
st_14374,GS25 동탄타워점,609512336,http://place.map.kakao.com/609512336,37.2110189591,127.0893538134,high,GS25 동탄타워점,경기 화성시 동탄구 동탄첨단산업1로 27
st_14375,세븐일레븐 동탄반도유보라점,990869031,http://place.map.kakao.com/990869031,37.2030925538,127.0915354156,high,세븐일레븐 동탄반도유보라점,경기 화성시 동탄구 동탄광역환승로 73
st_14376,제이드가든,11209011,http://place.map.kakao.com/11209011,37.8327473089,127.5421410049,high,제이드가든,강원특별자치도 춘천시 남산면 햇골길 80
st_14377,스카이어드벤처,,,,,low,,
st_14378,아난티 코브,1672210391,http://place.map.kakao.com/1672210391,35.2002410464,129.22901422,high,아난티 코브,부산 기장군 기장읍 기장해안로 268-31
st_14379,기장해안로,,,,,low,,
st_14380,루아앤티그리,1943953759,http://place.map.kakao.com/1943953759,35.1623606177,129.1924296198,high,루아앤티그리,부산 해운대구 청사포로67번길 99
st_14381,마린시티1로(1),,,,,low,,
st_14382,마린시티1로(2),,,,,low,,
st_14383,광안대교,170421478,http://place.map.kakao.com/170421478,35.1474701652,129.130066852,mid,광안대교,부산 수영구 민락동 113-52
st_14384,부산역,8329752,http://place.map.kakao.com/8329752,35.1152034062,129.0415498519,mid,부산역,부산 동구 중앙대로 206
st_14385,보수동 책방골목,,,,,failed,,
st_14386,카페385,55207990,http://place.map.kakao.com/55207990,35.0842654116,129.0762902435,high,카페385,부산 영도구 태종로 539
st_14387,레드펄스 부산점,779773709,http://place.map.kakao.com/779773709,35.0946836861,129.0672828224,high,레드펄스 부산점,부산 영도구 해양로117번길 1
st_14388,계단위푸른집,1930492184,http://place.map.kakao.com/1930492184,35.0982028138,129.0096822629,high,계단위푸른집,부산 사하구 감내1로243번길 3
st_14389,감내1로,,,,,low,,
st_14390,감천문화마을 골목,,,,,failed,,
st_14391,감천문화마을,21362956,http://place.map.kakao.com/21362956,35.0974087225,129.0105608047,high,감천문화마을,부산 사하구 감천동 1-17
st_14690,뮈렌,,,,,failed,,
st_14694,그린클라우드,,,,,failed,,
st_14700,후암동 골목,,,,,failed,,
st_14701,후암동 골목,,,,,failed,,
st_14903,서부트럭터미널,15139226,http://place.map.kakao.com/15139226,37.509203653,126.8429354761,high,서부트럭터미널교차로,서울 양천구 신정동 735-5
st_14911,홍제천길,,,,,failed,,
st_14915,유진상가,18524804,http://place.map.kakao.com/18524804,37.5914146427,126.9424440469,high,유진상가,서울 서대문구 통일로 484
st_14916,세검초등학교 정류장,,,,,failed,,
st_14917,평창동 집,,,,,low,,
st_14919,무교로,26523098,http://place.map.kakao.com/26523098,37.5675396951,126.9792225405,high,무교로,서울 중구 무교동 44-1
st_14921,미레에셋센터원,13057692,http://place.map.kakao.com/13057692,37.567383819,126.9851719246,mid,미래에셋센터원빌딩,서울 중구 을지로5길 26
st_14922,한화빌딩,8607111,http://place.map.kakao.com/8607111,37.5675407488,126.9864758613,high,한화빌딩,서울 중구 청계천로 86
st_14923,미니스톱 앞,,,,,failed,,
st_14925,리플린,89203325,http://place.map.kakao.com/89203325,37.5814657309,126.980765157,mid,리플린,서울 종로구 삼청로 63-1
st_14926,재동초앞 삼거리,,,,,failed,,
st_14931,왕짱구식당,,,,,failed,,
st_14932,비담,,,,,failed,,
st_14935,인사동그집 골목,,,,,failed,,
st_14937,세운상가 3층,,,,,low,,
st_14942,영등포고 뒷골목,,,,,failed,,
st_14944,큰길타워빌딩 앞,,,,,failed,,
st_14946,프리데카 라운지,,,,,failed,,
st_14952,조이마당(촬영장 스튜디오),,,,,failed,,
st_14953,문발동 집,,,,,low,,
st_14954,교하로,,,,,low,,
st_14955,퍼스트가든 그린하우스,,,,,failed,,
st_14957,와석순환로/가온지하차도,,,,,failed,,
st_14960,까멜,,,,,failed,,
st_14961,다온프라자,869484480,http://place.map.kakao.com/869484480,37.6441131694,126.6260262092,high,다온프라자,경기 김포시 김포한강9로 80
st_14962,한강어린이15공원,,,,,failed,,
st_14965,수원전통문화관 옆골목,,,,,failed,,
st_14968,더스윙블랙 용인보정점,,,,,failed,,
st_14969,용구대로,,,,,low,,
st_14970,정원생활,,,,,failed,,
st_14971,마임비전빌리지 스테이지풀,,,,,failed,,
st_14972,마임비전빌리지 돌담가든,,,,,failed,,
st_14973,마임비전빌리지 흙집돌집,,,,,failed,,
st_14975,별별별장,,,,,failed,,
st_14976,충주호리조트,,,,,failed,,
st_14977,한국테크노링,1311290003,http://place.map.kakao.com/1311290003,36.6492175628,126.3383812238,mid,한국테크노링,충남 태안군 남면 기업도시로 1298
st_14978,피스플라워팜,,,,,failed,,
st_14979,채석강,1377489336,http://place.map.kakao.com/1377489336,35.6295474119,126.471493279,mid,채석강마트,전북특별자치도 부안군 변산면 변산해변로 25
st_14980,고창 메밀밭,,,,,low,,
st_14983,옥룡암 대웅전,,,,,failed,,
st_14985,명선도,11487047,http://place.map.kakao.com/11487047,35.3860043158,129.3505196568,mid,명선도,울산 울주군 서생면 진하리
st_14987,나사등대,181162029,http://place.map.kakao.com/181162029,35.3559302432,129.3395996936,mid,나사방사제등대,울산 울주군 서생면 나사리
st_15173,카자구루마,,,,,failed,,
st_15174,인천골목,,,,,failed,,
st_15179,금호대우아파트203동,26721765,http://place.map.kakao.com/26721765,37.5466758444,127.0227078365,mid,금호대우아파트(801) 203동,서울 성동구 독서당로 272
st_15180,외환은행빌딩,,,,,failed,,
st_15251,커피빈 앞,,,,,failed,,
st_15252,합정역스퀘어리버뷰어피스텔,,,,,failed,,
st_15258,본동 집,,,,,low,,
st_15261,종각역4번출구,8073430,http://place.map.kakao.com/8073430,37.5700596144,126.9839375636,mid,종각역 1호선 4번출구,서울 종로구 종로2가 84-11
st_15263,신설동종합시장 우성빌딩,,,,,failed,,
st_15264,서울시립대 경농관 앞,,,,,failed,,
st_15268,테헤란로,,,,,low,,
st_15269,산곡동,,,,,failed,,
st_15277,아일랜드캐슬 그랜드볼룸,,,,,low,,
st_15280,시장거리길,,,,,low,,
st_15285,미그웨치 앞,,,,,failed,,
st_15286,진솔그린프라자 앞,,,,,failed,,
st_15289,GS25 김포아라점,,,,,failed,,
st_15292,석현전원마을 주택,,,,,failed,,
st_15295,신남방파제,,,,,failed,,
st_15302,태조로(2),,,,,low,,
st_15304,최명희길,,,,,low,,
st_15305,장흥교도소,,,,,failed,,
st_15309,이순신대로,,,,,low,,
st_15310,센텀서로,,,,,low,,
st_15311,센턴시티사거리,,,,,failed,,
st_15313,오토바이사고거리,,,,,failed,,
st_15314,장가포차(만만코코로),,,,,failed,,
st_15315,코다차야,,,,,failed,,
st_15316,아빠식당(마포소금구이),,,,,failed,,
st_15319,써스티몽크맞은편,,,,,failed,,
st_15321,단밤1호점,,,,,failed,,
st_15322,디펜스거리,,,,,failed,,
st_15323,노리테이블,,,,,failed,,
st_15324,마루쿠식당/조이의공간,,,,,failed,,
st_15325,수아네집(뉴일무이),,,,,failed,,
st_15327,단밤2호점(오리올),,,,,failed,,
st_15329,이태원거리(세계음식문화거리),,,,,failed,,
st_15330,천사의날개,,,,,failed,,
st_15331,싸대기골목,,,,,failed,,
st_15332,라운지클럽(펌킨),,,,,failed,,
st_15333,더파이니스트,,,,,failed,,
st_15334,놀이터(창의어린이공원),,,,,failed,,
st_15335,단밤회식장소(더부스 광화문),,,,,failed,,
st_15336,백범광장공원,,,,,low,,
st_15337,장가본사/스테이트타워남산,,,,,failed,,
st_15665,광명신우연립,,,,,failed,,
st_15669,성갤러리,,,,,failed,,
st_15670,기계회관본관앞 횡단보도,,,,,failed,,
st_15681,평창동집,,,,,low,,
st_15683,반얀트리 페스타,,,,,low,,
st_15687,아크레도 청담점,1411312080,http://place.map.kakao.com/1411312080,37.5230543586,127.0421954041,mid,아크레도 청담점,서울 강남구 도산대로 420
st_15694,영상산업센터,25920403,http://place.map.kakao.com/25920403,35.1724584139,129.1264604362,high,영상산업센터,부산 해운대구 센텀서로 39
st_16034,월드컵북로,,,,,low,,
st_16035,누리꿈스퀘어 옆길,,,,,low,,
st_16036,월드컵북로44길(1),,,,,low,,
st_16037,월드컵북로44길(2),,,,,low,,
st_16038,월드컵북로44길(3),,,,,low,,
st_16039,월드컵북로44길(4),,,,,low,,
st_16040,매봉산로,,,,,low,,
st_16041,YTN뉴스퀘어.CJE&M정류장앞(14628),,,,,failed,,
st_16042,오야스시(폐업),,,,,failed,,
st_16045,구로유통상가,,,,,low,,
st_16047,노들섬 정류장(03340),,,,,failed,,
st_16048,청파로(원효전자상가앞),,,,,failed,,
st_16049,원효전자상가(1),8044902,http://place.map.kakao.com/8044902,37.5336538205,126.9606384492,high,원효전자상가,서울 용산구 청파로 77
st_16050,원효전자상가(2),8044902,http://place.map.kakao.com/8044902,37.5336538205,126.9606384492,high,원효전자상가,서울 용산구 청파로 77
st_16051,새창로42길,,,,,low,,
st_16052,청파로(전자랜드앞),,,,,failed,,
st_16053,원효로,24209528,http://place.map.kakao.com/24209528,37.5340821739,126.9590995057,mid,IBK기업은행 원효로,서울 용산구 원효로 142
st_16054,신흥시장(르몽블랑앞),,,,,failed,,
st_16056,명동일대,,,,,failed,,
st_16057,중부공원여가센터 앞 터널,,,,,low,,
st_16058,삼영기계상사(폐업),,,,,failed,,
st_16059,디디피,971739341,http://place.map.kakao.com/971739341,37.5637097086,127.0135664567,mid,디디피커스텀,서울 중구 다산로33다길 21
st_16060,도산공원 정류장(23162),,,,,low,,
st_16061,언주로,937799472,http://place.map.kakao.com/937799472,37.5160160471,127.0357507424,mid,KB국민은행 언주로,서울 강남구 언주로 706
st_16062,테헤란로,8021085,http://place.map.kakao.com/8021085,37.4987738332,127.0314666722,mid,우리은행 테헤란로금융센터,서울 강남구 테헤란로 124
st_16063,도곡로,26225659,http://place.map.kakao.com/26225659,37.4973689783,127.0562397549,mid,도곡로,서울 강남구 대치동 1026
st_16067,영흥북로35번길(1),,,,,low,,
st_16068,영흥북로35번길(2),,,,,low,,
st_16069,영흥북로,,,,,low,,
st_16075,명인빌딩앞,,,,,failed,,
st_16079,미래로,71823256,http://place.map.kakao.com/71823256,37.6946174582,126.7479191331,mid,블루핸즈 덕이미래로현대서비스,경기 고양시 일산서구 미래로 184-17
st_16080,고양대로,,,,,low,,
st_16081,송포로,,,,,low,,
st_16086,진미상가,,,,,failed,,
st_16087,행당로,,,,,low,,
st_16088,행신로 횡단보도,,,,,failed,,
st_16090,강매로,,,,,low,,
st_16093,아라육로152번길,,,,,low,,
st_16097,다산순환로,,,,,low,,
st_16098,다산중앙로(1),,,,,low,,
st_16099,다산중앙로(2),,,,,low,,
st_16103,아마빌리스,,,,,failed,,
st_16105,평화로,,,,,low,,
st_16106,올라,,,,,failed,,
st_16107,중앙로77번길,,,,,low,,
st_16110,(구)광주교도소,,,,,failed,,
st_16111,장흥교도소,,,,,failed,,
st_16114,일광로,,,,,low,,
st_16117,누리마루APCE하우스,,,,,failed,,
st_16118,해운대,26843534,http://place.map.kakao.com/26843534,35.168486009,129.1441495759,mid,해운대자이2차아파트,부산 해운대구 해운대로469번길 110
st_16119,광안대교,170421478,http://place.map.kakao.com/170421478,35.1474701652,129.130066852,mid,광안대교,부산 수영구 민락동 113-52
st_16120,봉래나루로,,,,,low,,
st_16121,푸른수목원,20002003,http://place.map.kakao.com/20002003,37.4839833354,126.8254134086,high,푸른수목원,서울 구로구 연동로 240
st_16123,성산로22길 지하도,,,,,failed,,
st_16125,산울림피아노,,,,,failed,,
st_16129,파주 롯데프리미엄아울렛,,,,,failed,,
st_16130,유승앙브와즈101동 정류장,,,,,failed,,
st_16135,와석순환로,,,,,low,,
st_16136,활자마을 정류장,,,,,failed,,
st_16141,밀밭베이커리 금촌 본점,,,,,failed,,
st_16142,복술,,,,,failed,,
st_16145,토르타앳더코너,,,,,failed,,
st_16148,소노캄고양 옆길,,,,,low,,
st_16154,제물량로(인천아트플랫폼쪽),,,,,failed,,
st_16157,사주일기,,,,,failed,,
st_16158,카페 나인티플러스,1761585708,http://place.map.kakao.com/1761585708,37.4769767902,126.6284117756,mid,카페나인티플러스,인천 제물포구 참외전로72번길 22-7
st_16161,제물량로335번길,,,,,low,,
st_16162,만석부두로6번길,,,,,low,,
st_16164,맥아더장군동상 앞 계단,,,,,low,,
st_16172,경주톨게이트,,,,,low,,
st_16173,화랑의언덕,130383717,http://place.map.kakao.com/130383717,35.7701770091,129.0891183877,mid,화랑의언덕,경북 경주시 산내면 내일리 산 261-1
st_16177,한빛어린이공원,,,,,failed,,
st_16180,경주오릉 남천 산책길,,,,,failed,,
st_16183,동해안로,,,,,failed,,
st_16187,나정감포모래해변,8223627,http://place.map.kakao.com/8223627,35.7822895514,129.4914989847,mid,나정고운모래해변,경북 경주시 감포읍 동해안로 1915
st_16189,양남항구길,,,,,low,,
st_16195,행암동종점 정류장,,,,,failed,,
st_16352,마곡중앙2로,,,,,low,,
st_16358,우정국로,,,,,low,,
st_16362,대각빌딩,10253457,http://place.map.kakao.com/10253457,37.4972674652,127.027389308,high,대각빌딩,서울 서초구 서초대로78길 5
st_16363,미진프라자,27073112,http://place.map.kakao.com/27073112,37.4978474172,127.0286379933,high,미진프라자,서울 강남구 강남대로 390
st_16370,인하대학교 본관,11972517,http://place.map.kakao.com/11972517,37.4493503367,126.6543153771,mid,인하대학교 본관1호관,인천 미추홀구 인하로 100
st_16372,호국로550번길(1),,,,,low,,
st_16373,호국로550번길(2),,,,,low,,
st_16377,판교역로,,,,,low,,
st_16378,정통춘천닭갈비 안산점,,,,,failed,,
st_16380,오성첨단의료산업진흥재단,,,,,failed,,
st_16382,신성대학교 국제회의실,,,,,failed,,
st_16395,남산타워,,,,,low,,
st_16399,평창동집,,,,,low,,
st_16403,강남역 주변,,,,,failed,,
st_16404,테헤란로,,,,,low,,
st_16405,강남대로,,,,,low,,
st_16407,하이파킹 청담디자이너크럽 주차장,,,,,failed,,
st_16414,삼성역주변,,,,,failed,,
st_16417,동막2교 삼거리,,,,,failed,,
st_16421,목동동집,,,,,low,,
st_16426,중앙로,,,,,low,,
st_16428,동안로159번길,,,,,low,,
st_16429,방아머리로,,,,,failed,,
st_16430,네모,,,,,failed,,
st_16436,세븐일레븐 평택고덕산업단지점,1996226653,http://place.map.kakao.com/1996226653,37.0445974793,127.052774481,mid,세븐일레븐 평택고덕산업단지점,경기 평택시 고덕여염11길 14
st_16441,경천섬공원,21997970,http://place.map.kakao.com/21997970,36.4399243534,128.259711894,mid,경천섬공원,경북 상주시 중동면 오상리
st_16442,비봉산 전망대,,,,,low,,
st_16446,어반정글,,,,,failed,,
st_16447,사려니숲길,,,,,failed,,
st_16449,중앙자유시장,,,,,low,,
st_16450,김밥천국,16161233,http://place.map.kakao.com/16161233,37.4851353845,126.7892880687,mid,김밥천국,경기 부천시 원미구 부일로 531
st_16451,재궁치안센터,,,,,failed,,
st_16453,치즈밥있슈 성균관대점,,,,,failed,,
st_16493,연남타코 골목,,,,,failed,,
st_16494,한솔빌라,,,,,low,,
st_16497,연세로4길,,,,,low,,
st_16498,신촌골목,,,,,failed,,
st_16500,마포대로,,,,,low,,
st_16507,정동길,,,,,low,,
st_16509,엠버서더서울풀만 남산룸,,,,,failed,,
st_16513,평창30길,,,,,low,,
st_16519,고기반햄반김치찌개&김치찜 상봉본점,,,,,failed,,
st_16520,서울면북초등학교 옆길,,,,,low,,
st_16523,모퉁이우 하이테이블,,,,,failed,,
st_16524,CH캐롤리나헤레라 서울점,,,,,failed,,
st_16526,글로본빌딩앞,,,,,failed,,
st_16531,트레이드타워,12795980,http://place.map.kakao.com/12795980,37.510413144,127.0610587783,high,트레이드타워,서울 강남구 영동대로 511
st_16534,제물량로,,,,,low,,
st_16538,트라이보올,,,,,failed,,
st_16540,24시 진선소고기국밥회천직영점,,,,,failed,,
st_16544,여명양평해장국전문,,,,,failed,,
st_16545,킨텍스로 육교,,,,,failed,,
st_16547,노브랜드버거 일산라페스타점,,,,,failed,,
st_16549,파파이스 화정역점,,,,,failed,,
st_16550,조가네갑오징어 삼송점,,,,,failed,,
st_16552,고구려대장간마을 절벽,,,,,failed,,
st_16554,화랑공원 8호교,,,,,failed,,
st_16556,미사강변대로,,,,,low,,
st_16562,벨라45컨트리클럽,1769002908,http://place.map.kakao.com/1769002908,37.4778937585,127.8562800605,mid,벨라45 컨트리클럽,강원특별자치도 횡성군 서원면 서원남로 80
st_16563,항구마차,,,,,failed,,
st_16564,양양주택,,,,,failed,,
st_16567,헌화로,9647091,http://place.map.kakao.com/9647091,37.6649469183,129.0527363251,mid,헌화로횟집,강원특별자치도 강릉시 강동면 헌화로 645
st_16570,삼척로,,,,,low,,
st_16571,갈남 정류장,,,,,failed,,
st_16572,갈남길,,,,,low,,
st_16573,갈남리 집,,,,,low,,
st_16574,갈남해수욕장,8408982,http://place.map.kakao.com/8408982,37.2647170013,129.3270724029,mid,신남해수욕장,강원특별자치도 삼척시 원덕읍 갈남리
st_16578,태평동 주택,,,,,low,,
st_16580,솔랑시울길,,,,,low,,
st_16581,정은사앞,,,,,failed,,
st_16583,동대전로104번길,,,,,low,,
st_16935,마곡중앙로 횡단보도,,,,,failed,,
st_16936,상암MBC주변,,,,,failed,,
st_16943,제기동집,10091522,http://place.map.kakao.com/10091522,37.5853671734,127.0344592248,mid,제기집,서울 동대문구 제기로6길 23
st_16945,분식을품다 본점,,,,,failed,,
st_16946,부띠끄아지트,,,,,failed,,
st_16947,도산대로30길,,,,,low,,
st_16954,금별맥주 청라수변점,,,,,failed,,
st_16956,햇내로안길,,,,,low,,
st_16957,인중로,26523055,http://place.map.kakao.com/26523055,37.4694377623,126.62319034,mid,인중로,인천 제물포구 항동6가 16-1
st_16958,차이나 짱나라,,,,,failed,,
st_16959,파라다이스인천,,,,,failed,,
st_16962,수봉안로85번길,,,,,failed,,
st_16964,은전로 지하도,,,,,failed,,
st_16970,순이네한식부페,,,,,failed,,
st_16971,블루버드로스터스 하이테크시티점,,,,,failed,,
st_16972,장안로385번길 횡단보도,,,,,failed,,
st_16983,월드컵대로308번길,,,,,low,,
st_16987,나성로,,,,,low,,
st_16989,더센트럴 사거리,,,,,failed,,
st_16991,옛 장흥교도소,,,,,low,,
st_17280,한국거래소앞버정,,,,,failed,,
st_17282,삼청동고디바,,,,,failed,,
st_17435,연희상가아파트옆 놀이터,,,,,low,,
st_17437,월드컵북로(5단지앞),,,,,failed,,
st_17438,월드컵북로(4단지앞),,,,,failed,,
st_17439,월드컵북로58길,,,,,low,,
st_17440,상암산로,,,,,low,,
st_17443,DDMC앞,,,,,failed,,
st_17444,상암파출소앞,,,,,failed,,
st_17446,카페 오로라,,,,,low,,
st_17447,와우산로27길,,,,,low,,
st_17448,양화로,,,,,low,,
st_17450,월드컵로 횡단보도,,,,,failed,,
st_17451,월드컵로5길,,,,,low,,
st_17457,녹사평대로,,,,,low,,
st_17459,르가드더메인한남,,,,,failed,,
st_17460,엘비비 쇼룸,,,,,failed,,
st_17463,한강대로62길,,,,,low,,
st_17464,서빙고로,,,,,low,,
st_17465,새창로,,,,,low,,
st_17466,새창로50길,,,,,low,,
st_17467,충정로 육교,,,,,low,,
st_17468,충정로,,,,,low,,
st_17471,소공로 횡단보도,,,,,failed,,
st_17472,퇴계로 횡단보도,,,,,failed,,
st_17473,스테이트타워남산앞,,,,,failed,,
st_17475,소공로(남산오르미쪽),,,,,failed,,
st_17480,창덕궁길,,,,,low,,
st_17490,테헤란로,,,,,low,,
st_17491,삼성역주변,,,,,failed,,
st_17494,강남대로,19294146,http://place.map.kakao.com/19294146,37.4950289749,127.0290213963,mid,강남대로,서울 강남구 역삼동 858
st_17504,도성사,27338232,http://place.map.kakao.com/27338232,37.9141206951,127.3164841254,mid,도성사,경기 포천시 화현면 화동로596번길 90
st_17520,설문동집,,,,,low,,
st_17521,양평해장국 원흥역점,,,,,failed,,
st_17549,노량진로26길,,,,,low,,
st_17551,노량대교 아래,,,,,failed,,
st_17553,새창로49길,,,,,low,,
st_17556,덕산주차장 골목,,,,,failed,,
st_17561,월곡역교차로 육교,,,,,failed,,
st_17563,경희초등학교,8183210,http://place.map.kakao.com/8183210,37.5949323112,127.0491477063,mid,경희초등학교,서울 동대문구 경희대로 26
st_17565,백사마을(1),23181294,http://place.map.kakao.com/23181294,37.6434052637,127.0869651251,mid,백사마을,서울 노원구 중계동
st_17566,백사마을(2),,,,,failed,,
st_17567,백사마을(3),,,,,failed,,
st_17568,로우포레스트(폐업),,,,,failed,,
st_17569,생각공장데시앙플렉스,1038453872,http://place.map.kakao.com/1038453872,37.54685095,127.0653614211,high,성수생각공장 데시앙플렉스,서울 성동구 아차산로17길 49
st_17575,에어조이,,,,,low,,
st_17584,수원대학교(학군단앞연못쪽),,,,,failed,,
st_17586,운천주공아파트(재개발),,,,,failed,,
st_17587,비룡동관로,,,,,failed,,
st_17589,진용로,,,,,low,,
st_17595,제일대학교 승주캠퍼스,,,,,failed,,
st_17815,비건식당 공간녹음,,,,,failed,,
st_17816,월드컵북로58길,,,,,low,,
st_17817,우리기술사옥 정류장(14605),,,,,failed,,
st_17818,SBS프리즘타워,18631221,http://place.map.kakao.com/18631221,37.5797103213,126.8927810195,high,SBS프리즘타워,서울 마포구 상암산로 82
st_17819,매봉산로,,,,,low,,
st_17820,양화로,,,,,low,,
st_17821,어반플랜트 합정,1832117041,http://place.map.kakao.com/1832117041,37.5464867473,126.9170991301,high,어반플랜트 합정,서울 마포구 독막로6길 35
st_17822,스위치22 여의도점,1125743198,http://place.map.kakao.com/1125743198,37.5270340671,126.9279585535,high,스위치22 여의도점,서울 영등포구 여의대로 108
st_17823,여의도광장,1990269508,http://place.map.kakao.com/1990269508,37.5191950882,126.9305361443,high,여의도광장&드레프트K,서울 영등포구 여의대방로65길 6
st_17824,경인로74길,,,,,low,,
st_17825,SBS,26518109,http://place.map.kakao.com/26518109,37.5292501016,126.8737766831,high,SBS,서울 양천구 목동서로 161
st_17826,노량진역,774775056,http://place.map.kakao.com/774775056,37.513573925,126.9408264541,mid,노량진역약국,서울 동작구 노량진로 지하 130
st_17827,노량진역앞 횡단보도,,,,,failed,,
st_17828,노량진컵밥거리,27418138,http://place.map.kakao.com/27418138,37.5136058564,126.9453904228,high,노량진컵밥거리,서울 동작구 노량진로 174
st_17829,동작대교,10286428,http://place.map.kakao.com/10286428,37.5106149541,126.9819449476,high,동작대교,서울 용산구 이촌동 385
st_17830,서울로 PH,1109766017,http://place.map.kakao.com/1109766017,37.5563072061,126.9681526513,high,서울로PH,서울 중구 만리재로 211
st_17831,만리재비스트로,1646052453,http://place.map.kakao.com/1646052453,37.5556079449,126.9678315359,high,만리재비스트로,서울 중구 만리재로 201
st_17832,코블러,2102346140,http://place.map.kakao.com/2102346140,37.5752828921,126.9709022059,high,코블러,서울 종로구 사직로12길 16
st_17833,오무사,1427323184,http://place.map.kakao.com/1427323184,37.5821800307,126.9675574501,high,오무사,서울 종로구 필운대로9길 1
st_17834,선운각,891083645,http://place.map.kakao.com/891083645,37.6557267273,126.9998322784,mid,한옥카페 선운각,서울 강북구 삼양로173길 223
st_17835,서울숲2번출입구 정류장(04868),,,,,failed,,
st_17836,트리마제,24892692,http://place.map.kakao.com/24892692,37.5387425356,127.0447998602,high,트리마제아파트,서울 성동구 왕십리로 16
st_17837,까사그랑데 센트로,67986660,http://place.map.kakao.com/67986660,37.5391215371,127.0696339559,high,까사그랑데 센트로 웨딩홀,서울 광진구 능동로 87
st_17838,광진어린이공연장,1205957562,http://place.map.kakao.com/1205957562,37.5655551643,127.0845802098,high,광진어린이공연장,서울 광진구 능동로 400
st_17839,에그드랍 강남본점,180517209,http://place.map.kakao.com/180517209,37.495579381,127.0255951959,high,에그드랍 강남본점,서울 서초구 강남대로55길 24
st_17840,버드맨,1804213353,http://place.map.kakao.com/1804213353,37.5217055547,127.0224536599,high,버드맨 서울,서울 강남구 가로수길 55-4
st_17841,헤리티크뉴욕,1547838531,http://place.map.kakao.com/1547838531,37.5236537573,127.0360553,high,헤리티크뉴욕,서울 강남구 도산대로45길 16-9
st_17842,영동대교,1361221349,http://place.map.kakao.com/1361221349,37.5261285752,127.0553008725,high,영동대교IC,서울 강남구 청담동 139-28
st_17843,영동대로,,,,,low,,
st_17844,딘트 청담본점,1683026623,http://place.map.kakao.com/1683026623,37.5210703012,127.0493017047,high,딘트 청담본점,서울 강남구 삼성로 734
st_17845,센터필드 교차로,15141339,http://place.map.kakao.com/15141339,37.5025590024,127.0427957031,mid,센터필드교차로,서울 강남구 역삼동 804
st_17846,서울상록회관.한국기술센터 정류장(23277),,,,,failed,,
st_17847,이네스이든/스텔라드마리에,,,,,failed,,
st_17848,라움아트센터,473064062,http://place.map.kakao.com/473064062,37.5084165758,127.0398233251,high,라움아트센터,서울 강남구 언주로 564
st_17849,물푸레시골집,,,,,failed,,
st_17850,드림파크 야생화단지,10370423,http://place.map.kakao.com/10370423,37.5754230346,126.6534889074,mid,드림파크야생화단지,인천 검단구
st_17851,신현동 회화나무,8408863,http://place.map.kakao.com/8408863,37.5165273023,126.6674527384,high,신현동회화나무,인천 서해구 신현동 131-7
st_17852,마리아유치원,,,,,failed,,
st_17853,삼목선창장,,,,,failed,,
st_17854,복성동집,,,,,failed,,
st_17855,동화마을슈퍼,988312975,http://place.map.kakao.com/988312975,37.4777689295,126.6227742988,high,동화마을슈퍼,인천 제물포구 자유공원로 101
st_17856,자유공원,8538273,http://place.map.kakao.com/8538273,37.4755030374,126.6219705827,high,자유공원,인천 제물포구 송학동1가 11-1
st_17857,자유공원 광장,19182840,http://place.map.kakao.com/19182840,37.4751804591,126.6225284212,high,자유공원 광장,인천 제물포구 송학동1가 11-1
st_17858,신나는부동산,18337649,http://place.map.kakao.com/18337649,37.4798520434,126.6239023274,high,신나는부동산,인천 제물포구 참외전로33번길 2
st_17859,용현동집,,,,,low,,
st_17860,용현동골목,,,,,failed,,
st_17861,경원재 바이 워커힐,26636723,http://place.map.kakao.com/26636723,37.3914752754,126.637684222,high,경원재 바이 워커힐,인천 연수구 테크노파크로 200
st_17862,센트럴로,,,,,low,,
st_17863,송도센트럴파크호텔,24613391,http://place.map.kakao.com/24613391,37.3903632245,126.6376206903,high,송도센트럴파크호텔,인천 연수구 테크노파크로 193
st_17864,인천타워대로,,,,,low,,
st_17865,양주한국병원,622095104,http://place.map.kakao.com/622095104,37.8389043542,127.0728912722,high,양주한국병원 장례문화원,경기 양주시 화합로 1489
st_17866,로케이션 이음,26169665,http://place.map.kakao.com/26169665,37.804034067,126.6931157526,high,로케이션 이음,경기 파주시 탄현면 새오리로286번길 48-70
st_17867,도담터스튜디오,1715026822,http://place.map.kakao.com/1715026822,37.774032434,126.7348054683,high,도담터스튜디오,경기 파주시 장터고개길 40-40
st_17868,미메시스아트뮤지엄,13272490,http://place.map.kakao.com/13272490,37.716792732,126.6889188346,high,미메시스 아트 뮤지엄,경기 파주시 문발로 253
st_17869,롯데프리미엄아울렛 파주점,14982479,http://place.map.kakao.com/14982479,37.718115211,126.6926425523,high,롯데프리미엄아울렛 파주점,경기 파주시 문발로 284
st_17870,산남동집,,,,,failed,,
st_17871,대한검도회 운정검도관,,,,,failed,,
st_17872,헤리티지실버케어 파주,1482294935,http://place.map.kakao.com/1482294935,37.750243054,126.8590722065,mid,헤리티지실버케어 파주점,경기 파주시 광탄면 양지말길 89
st_17873,킨텍스 제2전시장,19074906,http://place.map.kakao.com/19074906,37.664471999,126.7418147038,high,킨텍스 제2전시장,경기 고양시 일산서구 킨텍스로 217-59
st_17874,킨텍스로,26114572,http://place.map.kakao.com/26114572,37.6656903769,126.7486063649,high,킨텍스로,경기 고양시 일산서구 대화동 2607-4
st_17875,아소산,11101762,http://place.map.kakao.com/11101762,37.6592024602,126.7826319052,mid,아소산 본점,경기 고양시 일산동구 정발산로 128
st_17876,제주하영,628703817,http://place.map.kakao.com/628703817,37.684993248,126.8060468674,high,제주하영,경기 고양시 일산동구 동국로 157
st_17877,시골집,16569327,http://place.map.kakao.com/16569327,37.6193911152,126.85655917,high,시골집,경기 고양시 덕양구 서정로 75
st_17878,방아머리로,,,,,failed,,
st_17879,스튜디오 산책,16584034,http://place.map.kakao.com/16584034,37.2859821893,127.4493250835,high,스튜디오산책,경기 이천시 이섭대천로 1304-1
st_17880,인터불고엑스코 그랑파티오,419954624,http://place.map.kakao.com/419954624,35.9070035022,128.6112782258,mid,그랑파티오,대구 북구 유통단지로 80
st_17881,아난티 앳 부산 빌라쥬,302024514,http://place.map.kakao.com/302024514,35.1987678492,129.2213112092,high,아난티 앳 부산 빌라쥬,부산 기장군 기장읍 기장해안로 267-7
st_17882,중앙병원,19287081,http://place.map.kakao.com/19287081,33.4922916175,126.4704851884,high,중앙병원,제주특별자치도 제주시 월랑로 91
st_17883,돌하루방 미술관,,,,,failed,,
st_17884,비밀의숲,82389937,http://place.map.kakao.com/82389937,33.4536181828,126.7549266931,high,비밀의숲,제주특별자치도 제주시 구좌읍 송당리 2173
st_17885,한도교,1931727700,http://place.map.kakao.com/1931727700,33.4687497355,126.9270363915,mid,한도교,제주특별자치도 서귀포시 성산읍 성산리 400-18
st_17886,한도로,,,,,low,,
st_17887,일출로,,,,,low,,
st_17888,신천목장,1693319634,http://place.map.kakao.com/1693319634,33.3548273443,126.866831242,high,신천목장,제주특별자치도 서귀포시 성산읍 신천리 5
st_17889,제주올레길3코스,,,,,failed,,
st_17890,녹산로,,,,,low,,
st_17891,해비치 호텔 리조트 제주,16261247,http://place.map.kakao.com/16261247,33.321441417,126.8446724629,high,해비치 호텔&리조트 제주,제주특별자치도 서귀포시 표선면 민속해안로 537
st_17892,중문관광로110번길 횡단보도,,,,,failed,,
st_17893,예래해안로,,,,,low,,
st_17894,카페루시아 본점,1666998566,http://place.map.kakao.com/1666998566,33.2352054355,126.3630701397,high,카페루시아 본점,제주특별자치도 서귀포시 안덕면 난드르로 49-17
st_17932,행운맨션,1952449354,http://place.map.kakao.com/1952449354,37.4363578389,127.1618183517,mid,행운맨션,경기 성남시 중원구 둔촌대로401번길 34
st_17933,섬강 수변공원,,,,,failed,,
st_17937,상관반점,,,,,low,,
st_17954,한국수출입은행빌딩 옆,,,,,failed,,
st_17955,서강대교,15136548,http://place.map.kakao.com/15136548,37.5319585309,126.9216543027,mid,서강대교남단교차로,서울 영등포구 여의도동
st_17966,더 스테이크 하우스 피어 79,,,,,failed,,
st_17967,데블스도어 그래머시 센트럴,,,,,failed,,
st_17971,MCM 롯데면세점 월드타워점,,,,,failed,,
st_17974,그랜드하얏트 인천 육교,,,,,failed,,
st_17980,웨스턴빌리프,386896156,http://place.map.kakao.com/386896156,37.6549949217,126.7730841537,mid,웨스턴빌리프,경기 고양시 일산동구 정발산로 24
st_17985,에어로피스,13929428,http://place.map.kakao.com/13929428,37.6174190279,126.5759692917,mid,에어로피스,경기 김포시 대곶면 천호로 210
st_17988,우주공원.코스맥스 정류장,,,,,failed,,
st_17989,넥슨 정류장,,,,,failed,,
st_17990,피아제 현대백화점 판교점,,,,,failed,,
st_17991,광주공원묘원,8199820,http://place.map.kakao.com/8199820,37.3454098174,127.2753276825,mid,광주공원묘원,경기 광주시 매산동 산 17-1
st_17993,초가시골밥상,,,,,failed,,
st_17995,메이폴하우스,,,,,failed,,
st_17996,버섯집,,,,,failed,,
st_18001,봉의산길,,,,,low,,
st_18003,오크밸리 피에트분하우스,,,,,failed,,
st_18006,마마티라,2015375582,http://place.map.kakao.com/2015375582,37.4731615628,129.1642931671,mid,마마티라 전용주차장,강원특별자치도 삼척시 수로부인길 453
st_18008,솔향바다가든 애월,,,,,failed,,
st_18012,가파도 집,,,,,low,,
st_18013,애쉬리지 하우스,,,,,failed,,
st_18014,런던아이,,,,,failed,,
st_18015,웨스트민스터교,,,,,failed,,
st_18016,런던 메리어트 호텔,,,,,failed,,
st_18017,소피텔 런던 세인트 제임스,,,,,failed,,
st_18018,리젠트 스트리트,,,,,failed,,
st_18019,피커딜리 서커스,,,,,failed,,
st_18020,아룬 사원,,,,,failed,,
st_18021,반야트리 방콕,,,,,failed,,
st_18022,산펫 프라삿 궁전,,,,,failed,,
st_18023,시리 살라,,,,,failed,,
st_18024,쿤댕 꾸어이짭 유안,,,,,failed,,
st_18025,Saphan Han 다리,,,,,failed,,
st_18026,크렁옹앙 보행자거리,,,,,failed,,
st_18027,아이콘시암,,,,,failed,,
st_18028,살라 림 남,,,,,failed,,
st_18029,로하 쁘라삿,,,,,failed,,
st_18058,선진플라워,,,,,failed,,
st_18059,선릉양조장족발,,,,,failed,,
st_18060,포포크,,,,,failed,,
st_18062,닭날다,,,,,failed,,
st_18066,서울 양재동 달콤커피,,,,,failed,,
st_18069,여의도지하차도버정,,,,,failed,,
st_18071,종로3가역앞,,,,,failed,,
st_18073,연희숲속쉼터,,,,,failed,,
st_18077,대오빌딩,10230378,http://place.map.kakao.com/10230378,37.5227199393,126.9248585826,high,대오빌딩,서울 영등포구 여의나루로 53-1
st_18081,노량진역,774775056,http://place.map.kakao.com/774775056,37.513573925,126.9408264541,mid,노량진역약국,서울 동작구 노량진로 지하 130
st_18083,우슬재옆 계단,,,,,low,,
st_18087,원효전자상가뒤,,,,,failed,,
st_18088,제이알펍,,,,,failed,,
st_18089,공간두두,,,,,failed,,
st_18090,충무로역7번출구앞,,,,,failed,,
st_18093,청계5가지하쇼핑센터,,,,,low,,
st_18095,종로3가역12번출구앞,,,,,failed,,
st_18097,종로22길,,,,,low,,
st_18099,돈화문로4길,,,,,low,,
st_18101,수진사,,,,,failed,,
st_18107,고산자로58길,,,,,low,,
st_18108,고산자로56길,,,,,low,,
st_18109,정릉동집,,,,,low,,
st_18113,효령로31길,,,,,low,,
st_18122,경인항인천컨테이너부두,,,,,low,,
st_18126,홍예문아파트앞,,,,,failed,,
st_18128,우현로62길,,,,,failed,,
st_18130,남동공단 산업용품상가,15214897,http://place.map.kakao.com/15214897,37.4069465697,126.6934020679,high,남동공단산업용품상가,인천 남동구 은청로 4-7
st_18132,강변로,,,,,low,,
st_18137,킨텍스로 횡단보도,,,,,failed,,
st_18139,정발산역 육교,,,,,low,,
st_18142,한국한공대역,,,,,failed,,
st_18143,양평 폐공장,,,,,failed,,
st_18149,부남해변,7899940,http://place.map.kakao.com/7899940,37.3621625448,129.2511284087,mid,부남해변,강원특별자치도 삼척시 근덕면 부남리
st_18153,송정항서방파제,,,,,failed,,
st_18155,대평남로,,,,,low,,
st_18156,혜인선박,,,,,failed,,
st_18161,더 페닌슐라 방콕,,,,,failed,,
st_18162,Abandoned Mansion,,,,,failed,,
st_18163,방콕차이나타운(1),,,,,failed,,
st_18164,방콕차이나타운(2),,,,,failed,,
st_18165,방콕차이나타운(3),,,,,failed,,
st_18166,방콕차이나타운(4),,,,,failed,,
st_18167,595 Mittraphan Rd,,,,,failed,,
st_18168,103 Rama IV Rd,,,,,failed,,
st_18169,126 Rama IV Rd,,,,,failed,,
st_18170,Laem Chabang Port,,,,,failed,,
st_18171,차트리움 호텔 리버사이드 방콕,,,,,failed,,
st_18172,Minburi Criminal Court,,,,,failed,,
st_18173,담넌싸두억 수상시장,,,,,failed,,
st_18174,Thetsaban Bang Pu 74 Alley,,,,,failed,,
st_18371,양화로,,,,,low,,
st_18372,하얀공간 합정,,,,,failed,,
st_18376,노량진로6길,,,,,low,,
st_18378,레이어스스튜디오,,,,,failed,,
st_18379,대동유통,1104087314,http://place.map.kakao.com/1104087314,37.5630364194,126.9946033469,mid,대동지류유통,서울 중구 마른내로4가길 31-3
st_18384,강동대로,,,,,low,,
st_18389,재인폭포,8062094,http://place.map.kakao.com/8062094,38.0769325167,127.1433657084,mid,재인폭포,경기 연천군 연천읍 부곡리 산 235
st_18394,문촌마을12단지 상가,,,,,low,,
st_18398,아이데코,,,,,low,,
st_18404,브릿지타워 사거리,,,,,failed,,
st_18406,삼도천터널,,,,,low,,
st_18427,홍지문길,,,,,low,,
st_18428,연안리버빌 골목(추정),,,,,failed,,
st_18429,홍지문길 놀이터,,,,,failed,,
st_18430,홍지문2길(좌우반전),,,,,failed,,
st_18431,개미마을,8678941,http://place.map.kakao.com/8678941,37.590266452,126.9540256914,high,개미마을,서울 서대문구 홍제동
st_18432,월드컵북로(상암고앞),,,,,failed,,
st_18433,월드컵북로(4단지앞),,,,,failed,,
st_18434,YTN본사,9862154,http://place.map.kakao.com/9862154,37.5791413675,126.8923120173,high,YTN 본사,서울 마포구 상암산로 76
st_18435,난지한강공원,8126938,http://place.map.kakao.com/8126938,37.5670399093,126.875607759,high,난지한강공원,서울 마포구 상암동 495-72
st_18436,호텔 나루 서울 레스토랑 부아쟁,1934765521,http://place.map.kakao.com/1934765521,37.5372376933,126.9442179752,high,호텔 나루 서울 레스토랑 부아쟁,서울 마포구 마포대로 8
st_18437,서강대교,8369237,http://place.map.kakao.com/8369237,37.5373109762,126.9252071423,high,서강대교,서울 영등포구 여의도동 83-1
st_18438,국회의사당,18742697,http://place.map.kakao.com/18742697,37.5319082731,126.9141623734,high,국회의사당,서울 영등포구 의사당대로 1
st_18439,의사당대로,,,,,low,,
st_18440,여의도공원,11358098,http://place.map.kakao.com/11358098,37.5261349158,126.922348218,high,여의도공원,서울 영등포구 여의공원로 68
st_18441,브라이튼여의도아파트,506091740,http://place.map.kakao.com/506091740,37.523760238,126.9301450229,high,브라이튼여의도아파트,서울 영등포구 국제금융로 39
st_18442,대륭포스트타워7차,13063611,http://place.map.kakao.com/13063611,37.4872800369,126.8945188599,high,대륭포스트타워7차,서울 구로구 디지털로33길 48
st_18443,영등포고등학교,8010789,http://place.map.kakao.com/8010789,37.5084886009,126.9339233044,high,영등포고등학교,서울 동작구 등용로8길 5-13
st_18444,노량진로26길,,,,,low,,
st_18445,용양봉저정공원,12527129,http://place.map.kakao.com/12527129,37.5119505751,126.9583175698,high,용양봉저정공원,서울 동작구 본동 산 3-9
st_18446,노량진로32길(1),,,,,low,,
st_18447,노량진로30길,,,,,low,,
st_18448,노량진로32길,,,,,low,,
st_18449,녹트,1224876346,http://place.map.kakao.com/1224876346,37.5071338648,126.9847314485,high,녹트,서울 용산구 올림픽대로 2085-96
st_18450,용산역 달주차장,8014275,http://place.map.kakao.com/8014275,37.5300763646,126.9648240618,mid,용산역,서울 용산구 한강대로23길 55
st_18451,백빈건널목,1791374221,http://place.map.kakao.com/1791374221,37.5251123759,126.9607900031,high,백빈건널목,서울 용산구 한강로3가 40-1007
st_18452,기찻길주점(폐업),,,,,failed,,
st_18453,세종대로,,,,,low,,
st_18454,센트레빌아스테리움서울,11738109,http://place.map.kakao.com/11738109,37.5512665708,126.9736230273,high,센트레빌아스테리움서울아파트,서울 용산구 한강대로 372
st_18455,서울역앞,,,,,failed,,
st_18456,남산공원,117988874,http://place.map.kakao.com/117988874,37.5558408041,126.9773199398,high,남산공원,서울 중구 남창동 205-4
st_18457,삼순이계단,25592530,http://place.map.kakao.com/25592530,37.5545297106,126.981693302,high,삼순이계단,서울 중구 소파로 46
st_18458,한국의집,13050574,http://place.map.kakao.com/13050574,37.5602235029,126.9944982919,high,한국의집,서울 중구 퇴계로36길 10
st_18459,KT 광화문 빌딩 West,18316760,http://place.map.kakao.com/18316760,37.5721291087,126.9778096792,high,KT광화문빌딩 WEST,서울 종로구 세종대로 178
st_18460,필운대로,,,,,low,,
st_18461,"부암동주민센터,무계원 정류장(01138)",,,,,failed,,
st_18462,성신여자대학교 운정그린캠퍼스,17811289,http://place.map.kakao.com/17811289,37.6319520109,127.0272709943,high,성신여자대학교 운정그린캠퍼스 대강당,서울 강북구 도봉로76가길 55
st_18463,대도식당 왕십리본점,109959892,http://place.map.kakao.com/109959892,37.5674150077,127.0306567754,high,대도식당 왕십리본점,서울 성동구 무학로12길 3
st_18464,아차산지하차도,278206702,http://place.map.kakao.com/278206702,37.5474912262,127.0972508343,high,아차산지하차도,서울 광진구 구의동 178-10
st_18465,아차산로,,,,,low,,
st_18466,자양로,,,,,low,,
st_18467,곱창이야기 강변점,26643196,http://place.map.kakao.com/26643196,37.5380744443,127.093328241,high,곱창이야기 강변점,서울 광진구 구의강변로7길 3
st_18468,비스타워커힐,261929556,http://place.map.kakao.com/261929556,37.5544643906,127.111157395,mid,비스타워커힐서울 모에기,서울 광진구 워커힐로 177
st_18469,한강공원서래섬나들목 진출입로1,24580373,http://place.map.kakao.com/24580373,37.5062801086,126.9881924546,high,한강공원서래섬나들목 진출입로1,서울 서초구 반포동 1338
st_18470,서래섬,7937294,http://place.map.kakao.com/7937294,37.5080210112,126.9899294228,high,서래섬,서울 서초구 반포동 137-41
st_18471,잠수교,17350404,http://place.map.kakao.com/17350404,37.5138923429,126.9968283793,high,잠수교,서울 서초구 반포동 649
st_18472,반포한강공원,8142957,http://place.map.kakao.com/8142957,37.5108199269,126.9971610408,high,반포한강공원,서울 서초구 반포동 115-5
st_18473,역삼역사거리,,,,,low,,
st_18474,역삼빌딩,722272538,http://place.map.kakao.com/722272538,37.5016252715,127.0383924961,high,역삼빌딩,서울 강남구 테헤란로 205
st_18475,브그즈트컬렉션,,,,,low,,
st_18476,선릉역사거리,1387055292,http://place.map.kakao.com/1387055292,37.5046679113,127.0483601312,mid,바나프레소 선릉역사거리점,서울 강남구 테헤란로 335
st_18477,아셈타워,17807534,http://place.map.kakao.com/17807534,37.5130591232,127.0598257802,high,아셈타워,서울 강남구 영동대로 517
st_18478,트레이드타워,12795980,http://place.map.kakao.com/12795980,37.510413144,127.0610587783,high,트레이드타워,서울 강남구 영동대로 511
st_18479,올림픽대교,8023730,http://place.map.kakao.com/8023730,37.5341337738,127.1037605966,high,올림픽대교,서울 송파구 신천동 253
st_18480,천호대교,8089077,http://place.map.kakao.com/8089077,37.5427246764,127.1127490139,high,천호대교,서울 송파구 풍납동 383
st_18481,시옌,,,,,low,,
st_18482,CU 만수사랑점,665464401,http://place.map.kakao.com/665464401,37.4582082737,126.7238851957,high,CU 만수사랑점,인천 남동구 구월말로103번길 25
st_18483,대림자원,,,,,failed,,
st_18484,복개동로 주차장,,,,,failed,,
st_18485,장승백이전통시장,18524764,http://place.map.kakao.com/18524764,37.4463339969,126.7353698173,high,장승백이전통시장,인천 남동구 만수동 1109-3
st_18486,역무선방파제등대,2041494594,http://place.map.kakao.com/2041494594,37.4544316547,126.5912492522,high,역무선방파제등대,인천 제물포구 항동7가 82-11
st_18487,위크엔드 라운지,765416512,http://place.map.kakao.com/765416512,37.4748490029,126.624827286,mid,위크엔드 라운지 자유공원점,인천 제물포구 송학로 63
st_18488,중앙옥,9426101,http://place.map.kakao.com/9426101,37.4715774641,126.6228495043,high,중앙옥,인천 제물포구 신포로15번길 34-1
st_18489,동국빌리지,1979725880,http://place.map.kakao.com/1979725880,37.473297182,126.6236028116,high,동국빌리지,인천 제물포구 신포로35번길 54
st_18490,해양센타,,,,,low,,
st_18491,인항파출소 만석출장소,26151705,http://place.map.kakao.com/26151705,37.491357233,126.6214508294,high,만석출장소,인천 제물포구 만석부두로 43
st_18492,송현근린공원 인라인스케이트장,839345489,http://place.map.kakao.com/839345489,37.4796151666,126.6407231955,high,송현근린공원 인라인스케이트장,인천 제물포구 송현동 23-62
st_18493,현대시장입구,,,,,failed,,
st_18494,현대시장,18525896,http://place.map.kakao.com/18525896,37.477627764,126.6458676831,high,현대시장,인천 제물포구 송림동 30
st_18495,또와분식,21127608,http://place.map.kakao.com/21127608,37.4772338126,126.6454964614,high,또와분식,인천 제물포구 송림로99번길 21
st_18496,용일시장,233139012,http://place.map.kakao.com/233139012,37.4548986452,126.6573730594,high,용일시장,인천 미추홀구 인주대로174번길 25
st_18497,친구네포차,,,,,failed,,
st_18498,로지모텔,16338243,http://place.map.kakao.com/16338243,37.4612592597,126.6830201061,mid,로지호텔,인천 미추홀구 주안중로 32
st_18499,인형문구완구,27396703,http://place.map.kakao.com/27396703,37.4560659787,126.6790636169,high,인형문구완구,인천 미추홀구 경인로354번길 54
st_18500,알짜마트,565276822,http://place.map.kakao.com/565276822,37.4647155067,126.6486041544,high,알짜마트,인천 미추홀구 경인로 51
st_18501,신영아트빌,466834719,http://place.map.kakao.com/466834719,37.4594175271,126.6546985467,high,신영아트빌,인천 미추홀구 독정안길 63-17
st_18502,대승주택,1773472536,http://place.map.kakao.com/1773472536,37.4594193419,126.6553201921,high,대승주택,인천 미추홀구 독정안길 55-5
st_18503,용현시민유통,10703058,http://place.map.kakao.com/10703058,37.4578801834,126.6552390963,high,용현시민유통,인천 미추홀구 독정이로16번길 14
st_18504,긴자 송도유원지점,65983946,http://place.map.kakao.com/65983946,37.418516565,126.6551575448,high,긴자 송도유원지점,인천 연수구 청량로120번길 10
st_18505,양주한국병원,622095104,http://place.map.kakao.com/622095104,37.8389043542,127.0728912722,high,양주한국병원 장례문화원,경기 양주시 화합로 1489
st_18506,신안물류,27417985,http://place.map.kakao.com/27417985,37.7955718092,126.9946001009,high,신안물류,경기 양주시 백석읍 고릉말로 117-10
st_18507,파리바게뜨 덕계역점,709558785,http://place.map.kakao.com/709558785,37.819628057,127.0533804866,high,파리바게뜨 덕계역점,경기 양주시 회천중앙로 248
st_18508,회천중앙로,,,,,low,,
st_18509,덕계로,,,,,low,,
st_18510,호맥 양주옥정점,677353695,http://place.map.kakao.com/677353695,37.8203382688,127.093443998,high,호맥 양주옥정점,경기 양주시 옥정동로7나길 15
st_18511,공간채향,1658840658,http://place.map.kakao.com/1658840658,37.7755864681,126.90516967,high,공간채향,경기 파주시 광탄면 소령원길 92
st_18512,조이마당스튜디오,1470063247,http://place.map.kakao.com/1470063247,37.8332950762,126.8034873155,high,조이마당스튜디오,경기 파주시 파주읍 봉서산로 245
st_18513,애룡저수지,11972795,http://place.map.kakao.com/11972795,37.8287805868,126.8567091113,high,애룡저수지 관용사,경기 파주시 법원읍 애룡길 179-27
st_18514,화이트블럭,509052757,http://place.map.kakao.com/509052757,37.7888934648,126.6994019867,high,카페화이트블럭,경기 파주시 탄현면 헤이리마을길 72
st_18515,에델바움 카페 파주점,,,,,failed,,
st_18516,문발로,,,,,low,,
st_18517,파주리조트골프클럽,2118402152,http://place.map.kakao.com/2118402152,37.7408617533,126.7185387207,high,PRGC파주리조트골프클럽,경기 파주시 교하로 1097-33
st_18518,하우스 오브 컨티뉴,1581329396,http://place.map.kakao.com/1581329396,37.7059611991,126.7629223021,high,하우스오브컨티뉴,경기 파주시 송학말길 34-3
st_18519,주엽로,,,,,low,,
st_18520,킨텍스로,26114572,http://place.map.kakao.com/26114572,37.6656903769,126.7486063649,mid,킨텍스로,경기 고양시 일산서구 대화동 2607-4
st_18521,한류월드로(1),26201160,http://place.map.kakao.com/26201160,37.6604673725,126.7585110906,high,한류월드로,경기 고양시 일산동구 장항동 1763-1
st_18522,한류월드로(2),26201160,http://place.map.kakao.com/26201160,37.6604673725,126.7585110906,mid,한류월드로,경기 고양시 일산동구 장항동 1763-1
st_18523,월드고양로,,,,,low,,
st_18524,MBC드림센터,8637315,http://place.map.kakao.com/8637315,37.6556387267,126.7705505134,high,MBC드림센터,경기 고양시 일산동구 호수로 596
st_18525,베베,177422074,http://place.map.kakao.com/177422074,37.6632359409,126.7669513621,high,베베,경기 고양시 일산동구 무궁화로 31-17
st_18526,고양관광정보센터,27425203,http://place.map.kakao.com/27425203,37.6594810483,126.7726919751,high,고양관광정보센터,경기 고양시 일산동구 중앙로 1271-1
st_18527,중앙로 육교,,,,,failed,,
st_18528,무봉리토종순대국 일산라페스타점,18595991,http://place.map.kakao.com/18595991,37.6599916281,126.7674658299,high,무봉리토종순대국 일산라페스타점,경기 고양시 일산동구 무궁화로 20-38
st_18529,카페앤,1643835055,http://place.map.kakao.com/1643835055,37.662373774,126.7669869247,high,카페앤,경기 고양시 일산동구 무궁화로 25-3
st_18530,무궁화로,,,,,low,,
st_18531,청담한식 식사점,1194481918,http://place.map.kakao.com/1194481918,37.6772625857,126.8004784458,high,청담한식 식사점,경기 고양시 일산동구 무궁화로 370
st_18532,주인,1966811557,http://place.map.kakao.com/1966811557,37.6476317705,126.7814985079,high,주인,경기 고양시 일산동구 중앙로 1123
st_18533,고양시청로,8186105,http://place.map.kakao.com/8186105,37.6584271376,126.8319777551,high,고양시청,경기 고양시 덕양구 고양시청로 10
st_18534,힐스테이트 라피아노 삼송,317550486,http://place.map.kakao.com/317550486,37.6632688324,126.9162304724,high,힐스테이트라피아노삼송1단지,경기 고양시 덕양구 오금로 193
st_18535,강마루,8152814,http://place.map.kakao.com/8152814,37.6000499565,126.8205936726,high,강마루,경기 고양시 덕양구 행주산성로 99
st_18536,얼반웍스 스튜디오,2006994958,http://place.map.kakao.com/2006994958,37.5859562616,126.8755944031,high,얼반웍스 스튜디오,경기 고양시 덕양구 호원길 3-2
st_18537,옛날국밥&갈비한판,1423133017,http://place.map.kakao.com/1423133017,37.6209639329,126.8231407648,high,옛날국밥&갈비한판,경기 고양시 덕양구 지도로49번길 7-21
st_18538,한국항공대학교,10943201,http://place.map.kakao.com/10943201,37.5990269704,126.8641762443,high,한국항공대학교,경기 고양시 덕양구 항공대학로 76
st_18539,구해줘 부동산,1828862055,http://place.map.kakao.com/1828862055,37.5802313345,126.8580109736,high,구해줘부동산중개,경기 고양시 덕양구 청초로 10
st_18540,부환복집,261892618,http://place.map.kakao.com/261892618,37.6634812104,126.6608050053,high,부환복집,경기 김포시 양촌읍 누산로 12
st_18541,무궁화공원묘원,10417463,http://place.map.kakao.com/10417463,37.6168484573,127.3909674993,high,무궁화공원묘원 수목장,경기 양평군 서종면 도장리 26
st_18542,라센트라,657366708,http://place.map.kakao.com/657366708,37.2215275819,127.151656052,high,라센트라,경기 용인시 처인구 이동읍 기흥단지로 579-1
st_18543,선향재 한옥 스튜디오,487376348,http://place.map.kakao.com/487376348,37.3828074594,127.1763932253,high,선향재 한옥 스튜디오,경기 광주시 새말길329번길 17
st_18544,장안대학교,8072549,http://place.map.kakao.com/8072549,37.213112916,126.94632877,high,장안대학교,경기 화성시 효행구 봉담읍 삼천병마로 1182
st_18545,블루포트 장안대학교점,948315857,http://place.map.kakao.com/948315857,37.2140174312,126.9480383286,mid,블루포트 장안대학교점,경기 화성시 효행구 봉담읍 삼천병마로 1182
st_18546,운보의집,11289362,http://place.map.kakao.com/11289362,36.6922311434,127.5651096568,high,운보의집,충북 청주시 청원구 내수읍 형동2길 92-41
st_18547,선문대학교 아산캠퍼스,17558573,http://place.map.kakao.com/17558573,36.8002341009,127.0749271684,high,선문대학교 아산캠퍼스 본관,충남 아산시 탕정면 선문로221번길 70
st_18548,선문대학교 천안캠퍼스,17568814,http://place.map.kakao.com/17568814,36.7725382233,127.1639183628,high,선문대학교 천안캠퍼스 운동장,충남 천안시 동남구 천안대로 277
st_18549,천안시청,8090721,http://place.map.kakao.com/8090721,36.8150678816,127.1139119726,high,천안시청,충남 천안시 서북구 번영로 156
st_18550,익산교도소세트장,11555705,http://place.map.kakao.com/11555705,36.0694515535,126.9306029888,high,익산 교도소 세트장,전북특별자치도 익산시 성당면 함낭로 207
st_18551,망양로689번길,,,,,low,,
st_18784,고산정 나루터,723680905,http://place.map.kakao.com/723680905,36.766866788,128.8915785909,mid,고산정 나루터,경북 안동시 도산면 가송리 901
st_18787,정든집,,,,,failed,,
st_18790,"여의동로(여의도중,고등학교쪽)",,,,,failed,,
st_18791,한양아파트 E동쪽,,,,,failed,,
st_18792,현대타운빌라10동,,,,,failed,,
st_18793,소월로,,,,,low,,
st_18794,장문로49길,,,,,low,,
st_18795,한남동,,,,,failed,,
st_18799,효자로,,,,,low,,
st_18800,창덕궁1길,,,,,low,,
st_18802,아지오(폐업),,,,,failed,,
st_18803,삼양로173길,,,,,low,,
st_18804,삼양로173길(2),,,,,low,,
st_18808,우현로67번길,,,,,low,,
st_18810,재궁치안센터,,,,,failed,,
st_18816,수정약국앞,,,,,failed,,
st_18817,성일설비사앞,,,,,failed,,
st_18818,민방위대피소앞 정류소,,,,,failed,,
st_18820,흥국생명 정류장,,,,,failed,,
st_18822,굿모닝정형외과앞,,,,,failed,,
st_18823,봉구스밥버거앞,,,,,failed,,
st_18824,충경로,,,,,low,,
st_18825,팔달로 예술회관 정류장,,,,,failed,,
st_18826,팔달로(1),,,,,low,,
st_18827,팔달로(2),,,,,low,,
st_18833,장환마을,21218424,http://place.map.kakao.com/21218424,34.5656718913,127.0027896464,mid,장환마을,전남광주통합특별시 장흥군 관산읍 고마리
st_18835,주교좌계산대성당,12760576,http://place.map.kakao.com/12760576,35.8679578794,128.5878135121,mid,주교좌계산대성당,대구 중구 서성로 10
st_18836,호민저수지,,,,,failed,,
st_18837,중앙미용실,,,,,failed,,
st_18840,성남이로46번길,,,,,low,,
st_18846,광령리(추정),,,,,failed,,
st_18851,해맞이해안로(토끼섬입구쪽),,,,,failed,,
st_18854,칠십리로,,,,,low,,
st_19047,데이터복구연구소,,,,,failed,,
st_19049,하계2치안센터,8127378,http://place.map.kakao.com/8127378,37.633291593,127.0724701802,mid,하계1치안센터,서울 노원구 공릉로 290
st_19052,동작대교전망대앞,,,,,failed,,
st_19053,성산동집,9171132,http://place.map.kakao.com/9171132,37.5656475224,126.9099458776,mid,성산동칼국수집,서울 마포구 모래내로 63
st_19056,YTN&CJ사이,,,,,failed,,
st_19059,MBC앞,,,,,failed,,
st_19062,카나,,,,,failed,,
st_19068,만물슈퍼옆,,,,,failed,,
st_19072,KDB산업은행앞,,,,,failed,,
st_19073,이마트여의도점앞,,,,,failed,,
st_19076,단군성전앞,,,,,failed,,
st_19691,스와로브스키,,,,,failed,,
st_19695,동아디지털미디어센터,27094841,http://place.map.kakao.com/27094841,37.5784719654,126.8933443077,high,동아디지털미디어센터 주차장,서울 마포구 매봉산로 75
st_19697,어기어차,,,,,failed,,
st_19702,피자알볼로 문래직영점,,,,,failed,,
st_19703,버틀러스테이블,,,,,failed,,
st_19704,호텔세느장,,,,,failed,,
st_19706,코리아게스트하우스(복정우물),,,,,failed,,
st_19707,커피인뜨락,,,,,failed,,
st_19709,창화당 대학로점,,,,,failed,,
st_19710,골목구석,,,,,failed,,
st_19711,정독도서관앞,,,,,failed,,
st_19856,오렌지힐,,,,,failed,,
st_19857,달링(the fab),,,,,failed,,
st_19858,제이큐브빌딩,,,,,low,,
st_19862,누리꿈스퀘어 서쪽,,,,,failed,,
st_19863,patternETHIOPIA,,,,,failed,,
st_19865,상암중고등학교입구버정,,,,,failed,,
st_19992,후암동 플레이트B/영주교회,,,,,failed,,
st_19993,다리밑,,,,,failed,,
st_19997,우미우가,,,,,failed,,
st_20000,508샵,,,,,low,,
st_20069,부천 까치울 부대(옛 61사단 177연대),,,,,failed,,
st_20070,부산 충무시설(광안동 지하벙커),,,,,failed,,
st_20071,영도구 영선미니아파트,,,,,failed,,
st_20072,사창리터미널,351175756,http://place.map.kakao.com/351175756,38.0715307789,127.5228532599,mid,세븐일레븐 사창리터미널점,강원특별자치도 화천군 사내면 사내로 10-13
st_20073,울산대학교,11359943,http://place.map.kakao.com/11359943,35.5437883322,129.2570149103,high,울산대학교,울산 남구 대학로 93
st_20074,청하공진시장,18525290,http://place.map.kakao.com/18525290,36.197054213,129.3397715303,high,청하공진시장,경북 포항시 북구 청하면 미남리 382-3
st_20075,오윤카페(한낮에 커피 달밤에 맥주),,,,,failed,,
st_20076,청호철물,903293438,http://place.map.kakao.com/903293438,36.1973929171,129.3400050432,high,청호철물,경북 포항시 북구 청하면 청하로200번길 5-1
st_20077,보라슈퍼,1742781288,http://place.map.kakao.com/1742781288,36.1973083912,129.3397201833,high,보라슈퍼,경북 포항시 북구 청하면 청하로200번길 1
st_20078,공진시장 오징어 동상,,,,,failed,,
st_20079,윤치과(청진3리어민복지회관),,,,,failed,,
st_20080,목은봉,,,,,failed,,
st_20081,이가리 닻 전망대,446522573,http://place.map.kakao.com/446522573,36.1878660302,129.3791089827,mid,이가리 닻전망대,경북 포항시 북구 청하면 이가리 산 67-3
st_20082,카페1703,768374447,http://place.map.kakao.com/768374447,36.2560223333,129.3732980058,mid,카페1703,경북 포항시 북구 송라면 동해대로 3290
st_20083,구룡포항 언덕(전망 계단),,,,,failed,,
st_20084,구룡포공원(구룡 조형물),,,,,low,,
st_20085,석병1리 방파제,718040376,http://place.map.kakao.com/718040376,36.0127422331,129.5790845317,mid,석병1리 방파제,경북 포항시 남구 구룡포읍 석병리 745-1
st_20086,청진리 마을회관,23996142,http://place.map.kakao.com/23996142,36.174979534,129.3944179077,mid,청진2리마을회관,경북 포항시 북구 청하면 해안로1922번길 22
st_20087,구룡포해수욕장,1021301355,http://place.map.kakao.com/1021301355,35.9971250909,129.5660738768,mid,구룡포해수욕장,경북 포항시 남구 구룡포읍 구룡포리 9-16
st_20088,홍환해수욕장,,,,,failed,,
st_20089,월포해수욕장,17408382,http://place.map.kakao.com/17408382,36.201648218,129.3712544823,mid,월포해수욕장,경북 포항시 북구 청하면 해안로2308번길 60
st_20090,곤륜산 활공장,265736642,http://place.map.kakao.com/265736642,36.1350173536,129.3917431193,mid,곤륜산 활공장,경북 포항시 북구 흥해읍 칠포리 산 86
st_20091,포천 아트밸리,11520510,http://place.map.kakao.com/11520510,37.9231741493,127.2372456049,high,포천아트밸리,경기 포천시 신북면 아트밸리로 234
st_20092,월화원(수원 효원공원),,,,,low,,
st_20093,강릉 선교장,26979861,http://place.map.kakao.com/26979861,37.786642566,128.8851742411,high,강릉선교장,강원특별자치도 강릉시 운정길 63
st_20094,단양 온달관광지,8018650,http://place.map.kakao.com/8018650,37.0625557982,128.4911873683,high,온달관광지,충북 단양군 영춘면 온달로 23
st_20095,백제문화단지,11447521,http://place.map.kakao.com/11447521,36.3063152681,126.9066735114,high,백제문화단지,충남 부여군 규암면 백제문로 455
st_20096,서동요테마파크,24883142,http://place.map.kakao.com/24883142,36.1442909139,126.823811763,high,서동요테마파크,충남 부여군 충화면 충신로 616
st_20097,밀양 위양지(위양못),,,,,low,,
st_20098,광한루,12772871,http://place.map.kakao.com/12772871,35.4039187842,127.3797813648,high,광한루원,전북특별자치도 남원시 요천로 1447
st_20099,나주영상테마파크,,,,,failed,,
st_20100,화순 만연사,11085163,http://place.map.kakao.com/11085163,35.0831233052,126.9847098149,high,만연사,전남광주통합특별시 화순군 화순읍 진각로 367
st_20101,영월 요선암·요선정,,,,,failed,,
st_20102,구례 사성암,11490157,http://place.map.kakao.com/11490157,35.1801200692,127.4806295192,high,사성암,전남광주통합특별시 구례군 문척면 사성암길 303
st_20103,경산 반곡지,10408839,http://place.map.kakao.com/10408839,35.7804187636,128.8066042476,high,반곡지,경북 경산시 남산면 반곡리 246
st_20104,사천중학교,7918203,http://place.map.kakao.com/7918203,37.8281322902,128.8457793296,high,사천중학교,강원특별자치도 강릉시 사천면 석교골말길 8
st_20105,보리나라 학원농장,,,,,low,,
st_20106,워시엔조이 세탁소,,,,,low,,
st_20107,1913송정역시장,176940020,http://place.map.kakao.com/176940020,35.1361638902,126.791766781,high,1913송정역시장,전남광주통합특별시 광산구 송정동 986-3
st_20108,양구 거리,,,,,failed,,
st_20109,돔베이커리,9014214,http://place.map.kakao.com/9014214,37.7699438973,128.9140424988,high,돔베이커리카페,강원특별자치도 강릉시 하평길 50
st_20110,주문진해변,8073114,http://place.map.kakao.com/8073114,37.9111195197,128.8187802228,high,주문진해변,강원특별자치도 강릉시 주문진읍 향호리 8-35
st_20111,팜랜드,17202018,http://place.map.kakao.com/17202018,36.9913166187,127.1935165577,mid,농협안성팜랜드,경기 안성시 공도읍 대신두길 28
st_20112,광안리해수욕장,8202423,http://place.map.kakao.com/8202423,35.1531932737,129.1189760936,high,광안리해수욕장,부산 수영구 광안해변로 219
st_20113,강릉고등학교,8150561,http://place.map.kakao.com/8150561,37.7880660292,128.9179743629,high,강릉고등학교,강원특별자치도 강릉시 강릉대로587번길 68
st_20114,오정동 선교사촌(한남대학교 선교사촌),,,,,failed,,
st_20115,남이섬,,,,,failed,,
st_20116,서산버드랜드(천수만 철새도래지),,,,,failed,,
st_20117,국립산림과학원,,,,,failed,,
st_20118,불은초등학교,,,,,failed,,
st_20119,삼척항,,,,,failed,,
st_20120,롯데콘서트홀,,,,,failed,,
st_20121,무릉계곡관광지,,,,,failed,,
st_20122,삼화사,,,,,failed,,
st_20123,약천사,,,,,failed,,
st_20124,대방동 아파트 단지,,,,,low,,
st_20125,정릉동 마을(구동 지구 촬영지),1146630467,http://place.map.kakao.com/1146630467,37.6133441605,127.0069904715,mid,정릉4동새마을문고,서울 성북구 보국문로 106-1
st_20126,본이 할머니 집,,,,,failed,,
st_20127,정바름(정재훈)의 집,,,,,failed,,
st_20128,서울방배경찰서,381663617,http://place.map.kakao.com/381663617,37.4815594475,126.9830090693,high,서울방배경찰서 (2026년 예정),서울 서초구 방배천로 54
st_20129,성남시청,11560806,http://place.map.kakao.com/11560806,37.4199305574,127.1262881351,high,성남시청,경기 성남시 중원구 성남대로 997
st_20130,인천함찬종합병원,,,,,failed,,
st_20131,응급센터 촬영 세트장,,,,,failed,,
st_20132,조이매드 스튜디오,,,,,failed,,
st_20133,구 장흥교도소,,,,,failed,,
st_20134,고양시 장항동 촬영지,,,,,failed,,
st_20135,부산해양경찰서 (경찰서 세트),,,,,failed,,
st_20136,깡깡이예술마을,169956269,http://place.map.kakao.com/169956269,35.0926781464,129.0329446185,high,깡깡이예술마을,부산 영도구 대평동2가
st_20137,부산대교,12525897,http://place.map.kakao.com/12525897,35.096307053,129.0387463032,mid,부산대교,부산 중구 중앙동7가 83
st_20138,해동용궁사,8606230,http://place.map.kakao.com/8606230,35.1884028172,129.2231430744,high,해동용궁사,부산 기장군 기장읍 용궁길 86
st_20139,을지로4가 공중전화 골목,,,,,failed,,
st_20140,산림동 골목,,,,,failed,,
st_20141,세운전자상가,27192181,http://place.map.kakao.com/27192181,37.5691379917,126.9952367935,high,세운전자상가,서울 종로구 청계천로 159
st_20142,돈화문로 고깃집,,,,,low,,
st_20143,글로리호텔,968793637,http://place.map.kakao.com/968793637,36.1033008083,127.1049019755,mid,미스터션샤인스튜디오 글로리호텔,충남 논산시 연무읍 봉황로 90
st_20144,홍예문(홍예교),,,,,failed,,
st_20145,화월루,,,,,failed,,
st_20146,애신의 집,,,,,failed,,
st_20147,한약방,,,,,failed,,
st_20148,한성전기,951548456,http://place.map.kakao.com/951548456,36.1027144811,127.1055119904,mid,미스터션샤인스튜디오 한성전기,충남 논산시 연무읍 봉황로 90
st_20149,대안문,,,,,failed,,
st_20150,원수부(양품점),,,,,failed,,
st_20151,동매집,951574204,http://place.map.kakao.com/951574204,36.1030840191,127.1054680629,mid,미스터션샤인스튜디오 동매집,충남 논산시 연무읍 봉황로 90
st_20152,불란셔제빵소,,,,,failed,,
st_20153,해드리오,,,,,failed,,
st_20154,경의선,,,,,failed,,
st_20155,김희성 신문사,,,,,failed,,
st_20156,마당집,,,,,failed,,
st_20157,전당포,,,,,failed,,
st_20158,학인당,10862964,http://place.map.kakao.com/10862964,35.8121475659,127.1518438273,mid,인재고택 학인당,전북특별자치도 전주시 완산구 향교길 45
st_20159,부안영상테마파크,17151014,http://place.map.kakao.com/17151014,35.621806984,126.4853829679,high,부안영상테마파크,전북특별자치도 부안군 변산면 격포로 309-64
st_20160,세운상가(세운청계상가),23883388,http://place.map.kakao.com/23883388,37.5678117334,126.995422513,mid,청계상가,서울 중구 청계천로 160
st_20161,서대문형무소역사관,7936297,http://place.map.kakao.com/7936297,37.5746086942,126.9556122276,high,서대문형무소역사관,서울 서대문구 통일로 251
st_20162,IFC서울,1352727635,http://place.map.kakao.com/1352727635,37.525005523,126.9258744362,high,IFC서울,서울 영등포구 국제금융로 10
st_20163,콘래드 서울 호텔,18206183,http://place.map.kakao.com/18206183,37.5254187245,126.9267439814,high,콘래드 서울,서울 영등포구 국제금융로 10
st_20164,대구오페라하우스,10241688,http://place.map.kakao.com/10241688,35.8835326633,128.5922126823,high,대구오페라하우스,대구 북구 호암로 15
st_20165,서울로7017,1892446523,http://place.map.kakao.com/1892446523,37.557109027,126.9754136738,high,서울로7017,서울 중구 남대문로5가 84-15
st_20166,노들섬,8252248,http://place.map.kakao.com/8252248,37.5176601357,126.9580338659,high,노들섬,서울 용산구 양녕로 445
st_20167,파크 하얏트 서울,12392756,http://place.map.kakao.com/12392756,37.5087319608,127.0642831001,high,파크 하얏트 서울,서울 강남구 테헤란로 606
st_20168,벽초지수목원,7892614,http://place.map.kakao.com/7892614,37.8007700434,126.8742584919,high,벽초지수목원,경기 파주시 광탄면 부흥로 242
st_20169,두리랜드,18191663,http://place.map.kakao.com/18191663,37.7246337277,126.9501632671,high,두리랜드,경기 양주시 장흥면 권율로 120
st_20170,강촌레일파크(김유정레일바이크),18711877,http://place.map.kakao.com/18711877,37.8157726633,127.7123323259,high,강촌레일파크 김유정레일바이크,강원특별자치도 춘천시 신동면 김유정로 1383
st_20171,아난티 클럽 서울(아난티코드GC),25070222,http://place.map.kakao.com/25070222,37.6200889885,127.4823529224,high,아난티코드GC,경기 가평군 설악면 유명로 961-34
st_20172,블룸비스타 호텔앤컨퍼런스(구 현대블룸비스타),21573522,http://place.map.kakao.com/21573522,37.5003707552,127.4219248957,high,블룸비스타 호텔앤컨퍼런스,경기 양평군 강하면 강남로 316
st_20173,동대문디자인플라자(DDP),25022134,http://place.map.kakao.com/25022134,37.5671843131,127.0099110139,high,동대문디자인플라자,서울 중구 을지로 281
st_20174,한국은행 화폐박물관,8691199,http://place.map.kakao.com/8691199,37.5620978998,126.9805233975,high,한국은행 화폐박물관,서울 중구 남대문로 39
st_20175,청계천(서린동),10849847,http://place.map.kakao.com/10849847,37.5691469687,126.9786470682,high,청계천,서울 종로구 서린동 148
st_20176,신세계센트럴시티,11123169,http://place.map.kakao.com/11123169,37.5046831441,127.0041314219,high,신세계센트럴시티,서울 서초구 신반포로 176
st_20177,그랜드 머큐어 앰배서더 호텔 앤 레지던스 서울 용산(구 서울드래곤시티),59564823,http://place.map.kakao.com/59564823,37.532175378,126.9609401737,high,그랜드 머큐어 앰배서더 호텔 앤 레지던스 서울 용산,서울 용산구 청파로20길 95
st_20178,선문대학교 천안캠퍼스,7946659,http://place.map.kakao.com/7946659,36.7704507749,127.164254426,high,선문대학교 천안캠퍼스,충남 천안시 동남구 천안대로 277
st_20179,석파랑,7943191,http://place.map.kakao.com/7943191,37.5992825834,126.9586505161,high,석파랑,서울 종로구 자하문로 309
st_20180,포시즌스 호텔 서울,22959013,http://place.map.kakao.com/22959013,37.5706816339,126.975404685,high,포시즌스 호텔 서울,서울 종로구 새문안로 97
st_20181,레스케이프 호텔,1657876963,http://place.map.kakao.com/1657876963,37.559988495,126.9795109836,mid,레스케이프호텔 스파바이보떼비알,서울 중구 퇴계로 67
st_20182,인천국제공항,10751028,http://place.map.kakao.com/10751028,37.449167859,126.4509203694,high,인천국제공항,인천 영종구 공항로 272
st_20183,문경새재오픈세트장,,,,,failed,,
st_20184,전주향교,8064969,http://place.map.kakao.com/8064969,35.8127581313,127.1571339783,high,전주향교,전북특별자치도 전주시 완산구 향교길 139
st_20185,전주한옥마을,17371430,http://place.map.kakao.com/17371430,35.8182549187,127.1536480822,high,전주한옥마을 관광안내소,전북특별자치도 전주시 완산구 기린대로 99
st_20186,남원 광한루원,12772871,http://place.map.kakao.com/12772871,35.4039187842,127.3797813648,high,광한루원,전북특별자치도 남원시 요천로 1447
st_20187,통영 세병관,12492140,http://place.map.kakao.com/12492140,34.8477131773,128.4230769596,high,통영세병관,경남 통영시 세병로 27
st_20188,나주향교,11277082,http://place.map.kakao.com/11277082,35.0336760578,126.7114329382,mid,나주향교,전남광주통합특별시 나주시 향교길 38
st_20189,창덕궁(낙선재·인정전),,,,,failed,,
st_20190,경복궁(근정전·경회루),,,,,failed,,
st_20191,덕수궁,10305191,http://place.map.kakao.com/10305191,37.5655638711,126.974894755,high,덕수궁,서울 중구 세종대로 99
st_20192,용인대장금파크,,,,,failed,,
st_20193,행복한유치원,10021324,http://place.map.kakao.com/10021324,37.3307906654,126.8294018225,high,행복한유치원,경기 안산시 단원구 보배4길 10
st_20194,독일약국,8890318,http://place.map.kakao.com/8890318,37.5410276052,126.9509997186,high,독일약국,서울 마포구 도화4길 19
st_20195,백희성 차지원 집,,,,,failed,,
st_20196,안산단원경찰서,7987320,http://place.map.kakao.com/7987320,37.3217980934,126.8292100464,high,안산단원경찰서,경기 안산시 단원구 화랑로 373
st_20197,북경원,13638014,http://place.map.kakao.com/13638014,37.6210379733,126.9163277201,high,북경원,서울 은평구 갈현로 271
st_20198,세운교,2049605203,http://place.map.kakao.com/2049605203,37.568576675,126.9953273838,high,세운교,서울 종로구 장사동 156-8
st_20199,용산꿈나무종합타운,1975933680,http://place.map.kakao.com/1975933680,37.5388252378,126.9653494861,high,용산꿈나무종합타운,서울 용산구 백범로 329
st_20200,자하슈퍼(은하수슈퍼),,,,,failed,,
st_20201,GVO 안산본점,,,,,low,,
st_20202,북촌로5나길,,,,,low,,
st_20203,고성 알프스리조트,,,,,low,,
st_20204,양도슈퍼,23916360,http://place.map.kakao.com/23916360,37.6628317263,126.4211980025,high,양도슈퍼,인천 강화군 양도면 강화남로 710
st_20205,길정YB낚시터,1862293185,http://place.map.kakao.com/1862293185,37.6618166772,126.4671591289,high,길정YB낚시터,인천 강화군 양도면 고려왕릉로 210-21
st_20206,도해수집,,,,,failed,,
st_20207,원미상가아파트,,,,,low,,
st_20208,인천중앙공원,8054295,http://place.map.kakao.com/8054295,37.4517547503,126.7007360013,mid,인천중앙공원 하트분수지구,인천 남동구 구월동 177
st_20209,가온문화공원,26192039,http://place.map.kakao.com/26192039,37.5819148124,126.8876787285,high,가온문화공원,서울 마포구 상암동 1594
st_20210,돼지각시와 연탄불,10282997,http://place.map.kakao.com/10282997,37.2734440104,127.0455238799,mid,돼지각시와연탄불,경기 수원시 영통구 동수원로507번길 15
st_20211,이촌2동 육교,,,,,low,,
st_20212,박샘다비드조소학원,979753091,http://place.map.kakao.com/979753091,37.5026172373,127.0504793127,high,박샘다비드조소학원 강남본원,서울 강남구 선릉로82길 5
st_20213,할리스커피,,,,,failed,,
st_20214,스텝백 골목,,,,,failed,,
st_20215,평해옥,,,,,low,,
st_20216,헤이리 가드너스,2029508575,http://place.map.kakao.com/2029508575,37.7896428874,126.696172451,high,가드너스,경기 파주시 탄현면 헤이리마을길 59-52
st_20217,구로기계공구상가,27464158,http://place.map.kakao.com/27464158,37.5044487687,126.8786250407,high,구로기계공구상가 9동,서울 구로구 구로중앙로 198
st_20218,익산 구 농촌진흥원 폐가,,,,,failed,,
st_20219,"제일병원(충무로, 폐업)",,,,,failed,,
st_20220,의정부경찰서,,,,,failed,,
st_20221,KBS 본관,,,,,failed,,
st_20222,하나증권빌딩(구 하나금융투자빌딩),,,,,failed,,
st_20223,한국지역정보개발원,,,,,failed,,
st_20224,한국지역정보개발원 버스정류장 일대,,,,,failed,,
st_20225,영등포역,,,,,failed,,
st_20226,법원로12길 일대(문정동),,,,,failed,,
st_20227,경희대학교 국제캠퍼스 중앙도서관,,,,,failed,,
st_20228,제물포시장,,,,,failed,,
st_20229,대전정보문화산업진흥원 인근 실내스튜디오,,,,,failed,,
st_20230,허균·허난설헌 기념공원,17344148,http://place.map.kakao.com/17344148,37.7914323558,128.9094977303,high,허균허난설헌기념공원,강원특별자치도 강릉시 난설헌로193번길 1-29
st_20231,궁남지,8196486,http://place.map.kakao.com/8196486,36.2696302885,126.9123128167,high,궁남지,충남 부여군 부여읍 궁남로 52
st_20232,선교장,26979861,http://place.map.kakao.com/26979861,37.786642566,128.8851742411,high,강릉선교장,강원특별자치도 강릉시 운정길 63
st_20233,광한루원,12772871,http://place.map.kakao.com/12772871,35.4039187842,127.3797813648,high,광한루원,전북특별자치도 남원시 요천로 1447
st_20234,문경새재 오픈세트장,,,,,failed,,
st_20235,병산서원,7892417,http://place.map.kakao.com/7892417,36.540575143,128.5526253323,high,병산서원,경북 안동시 풍천면 병산길 386
st_20236,안동 군자마을,14564828,http://place.map.kakao.com/14564828,36.6737452139,128.802282842,high,안동군자마을,경북 안동시 와룡면 군자리길 29
st_20237,경상남도수목원,8181046,http://place.map.kakao.com/8181046,35.1596287493,128.2946976452,high,경상남도수목원,경남 진주시 이반성면 수목원로 386
st_20238,지신정,713557326,http://place.map.kakao.com/713557326,35.2376467645,128.2678010135,high,지신정,경남 진주시 지수면 승산길51번길 22
st_20239,용인대장금파크,26923236,http://place.map.kakao.com/26923236,37.1216024818,127.3376127617,high,용인대장금파크 관가,경기 용인시 처인구 백암면 용천드라마길 25
st_20240,창경궁,11156260,http://place.map.kakao.com/11156260,37.5794165384,126.9951999117,high,창경궁,서울 종로구 창경궁로 185
st_20241,창덕궁,10771162,http://place.map.kakao.com/10771162,37.5796469474,126.9909998068,high,창덕궁,서울 종로구 율곡로 99
st_20242,경복궁,18619553,http://place.map.kakao.com/18619553,37.5776132883,126.9768978683,high,경복궁,서울 종로구 사직로 161
st_20243,문경새재 제1관문 주흘관,8092184,http://place.map.kakao.com/8092184,36.7684410206,128.0752179591,high,문경새재 제1관문 주흘관,경북 문경시 문경읍 상초리 521
st_20244,문경새재 제2관문 조곡관,8064324,http://place.map.kakao.com/8064324,36.7895830297,128.0656859573,high,문경새재 제2관문 조곡관,경북 문경시 문경읍 상초리 산 42-36
st_20245,문경새재 오픈세트장,24974663,http://place.map.kakao.com/24974663,36.7713996803,128.0740720264,high,문경새재오픈세트장,경북 문경시 문경읍 새재로 1037
st_20246,부안영상테마파크,17151014,http://place.map.kakao.com/17151014,35.621806984,126.4853829679,high,부안영상테마파크,전북특별자치도 부안군 변산면 격포로 309-64
st_20247,화성행궁,8175657,http://place.map.kakao.com/8175657,37.2819144991,127.0140411851,high,화성행궁,경기 수원시 팔달구 정조로 825
st_20248,원대리자작나무숲,27301455,http://place.map.kakao.com/27301455,37.9881907932,128.1989876083,high,원대리자작나무숲,강원특별자치도 인제군 인제읍 원대리 산 75-22
st_20249,내연산 12폭포,12411016,http://place.map.kakao.com/12411016,36.2523601522,129.3110614414,high,내연산 12폭포,경북 포항시 북구 송라면 중산리 산 97
st_20250,황매산,10966955,http://place.map.kakao.com/10966955,35.494291654,127.9746614713,high,황매산,경남 합천군 가회면 둔내리 산 219
st_20251,비둘기낭폭포(한탄강),,,,,failed,,
st_20252,안동 하회마을 부용대,7907799,http://place.map.kakao.com/7907799,36.5428515687,128.5166154867,mid,부용대,경북 안동시 풍천면 광덕솔밭길 72
st_20253,전주한옥마을,10731896,http://place.map.kakao.com/10731896,35.8147774433,127.1525570014,high,전주한옥마을,전북특별자치도 전주시 완산구 풍남동3가 63-1
st_20254,남양주종합촬영소,26558038,http://place.map.kakao.com/26558038,37.6040019173,127.3225153395,high,남양주종합촬영소,경기 남양주시 조안면 북한강로855번길 138
st_20255,순천드라마촬영장,27195962,http://place.map.kakao.com/27195962,34.9570842035,127.5380337866,high,순천드라마촬영장,전남광주통합특별시 순천시 비례골길 24
st_20256,화암동굴,15171645,http://place.map.kakao.com/15171645,37.3490065962,128.7941879309,high,화암동굴,강원특별자치도 정선군 화암면 화암리 산 213-1
st_20257,헤이리예술마을,8616522,http://place.map.kakao.com/8616522,37.7880409087,126.6993044015,high,헤이리예술마을,경기 파주시 탄현면 헤이리마을길 70-21
st_20258,e편한세상 옥정 더 퍼스트,1918228394,http://place.map.kakao.com/1918228394,37.815549833,127.084913456,high,e편한세상옥정더퍼스트아파트,경기 양주시 옥정서로1길 60
st_20259,백운동원림,27224691,http://place.map.kakao.com/27224691,34.7420338531,126.6998751425,high,백운동원림,전남광주통합특별시 강진군 성전면 월하안운길 100-63
st_20260,농월정,8225017,http://place.map.kakao.com/8225017,35.6238935518,127.7784347534,high,농월정,경남 함양군 안의면 농월정길 9-13
st_20261,성흥산성(가림성),,,,,low,,
st_20262,용머리해안,10706886,http://place.map.kakao.com/10706886,33.231660291,126.3147237257,high,용머리해안,제주특별자치도 서귀포시 안덕면 사계리 112-3
st_20263,권금성,8216362,http://place.map.kakao.com/8216362,38.1636549515,128.4849692575,high,권금성,강원특별자치도 속초시 설악동 산 41
st_20264,가산수피아,423276923,http://place.map.kakao.com/423276923,36.0861090177,128.4850444716,high,가산수피아,경북 칠곡군 가산면 학하들안2길 105
st_20265,아침고요수목원,25855305,http://place.map.kakao.com/25855305,37.7430040201,127.3516612453,high,아침고요수목원,경기 가평군 상면 수목원로 427
st_20266,세연정,7955008,http://place.map.kakao.com/7955008,34.1624761023,126.5559429151,high,세연정,전남광주통합특별시 완도군 보길면 부황길 57
st_20267,고석정,8176583,http://place.map.kakao.com/8176583,38.1852624916,127.2879542904,high,고석정,강원특별자치도 철원군 동송읍 장흥리 725-13
st_20268,수옥폭포,7966283,http://place.map.kakao.com/7966283,36.8070127409,128.0289173228,high,수옥폭포,충북 괴산군 연풍면 원풍리 산 86-1
st_20269,몰운대,7877661,http://place.map.kakao.com/7877661,37.3165232426,128.8096843521,high,몰운대,강원특별자치도 정선군 화암면 몰운리 산 43
st_20270,파도리해변(해안동굴 인근),,,,,failed,,
st_20271,포천아트밸리,11520510,http://place.map.kakao.com/11520510,37.9231741493,127.2372456049,high,포천아트밸리,경기 포천시 신북면 아트밸리로 234
st_20272,쌍산재,10615696,http://place.map.kakao.com/10615696,35.215753694,127.4980433886,high,쌍산재,전남광주통합특별시 구례군 마산면 장수길 3-2
st_20273,계명대학교 성서캠퍼스,9651837,http://place.map.kakao.com/9651837,35.8558677277,128.4845367857,high,계명대학교 성서캠퍼스,대구 달서구 달구벌대로 1095
st_20274,문경 선유동계곡,7939161,http://place.map.kakao.com/7939161,36.6695816225,127.9760550642,high,선유동계곡,경북 문경시 가은읍 완장리
st_20275,무수천,7878638,http://place.map.kakao.com/7878638,33.46105275,126.4476441308,high,무수천,제주특별자치도 제주시 애월읍 광령리
st_20276,마성 오픈세트장,1559185710,http://place.map.kakao.com/1559185710,36.650822476,128.0794536072,high,마성오픈세트장,경북 문경시 마성면 가은로 311-18
st_20277,바람의화원 오픈세트장,,,,,failed,,
st_20278,경희대학교 평화의전당,17561258,http://place.map.kakao.com/17561258,37.5986824731,127.0527738146,mid,경희대학교 서울캠퍼스 평화의전당,서울 동대문구 경희대로 26
st_20279,수영만 요트경기장,821880371,http://place.map.kakao.com/821880371,35.1602617011,129.141272642,high,수영만요트경기장,부산 해운대구 해운대해변로 84
st_20280,캐틀앤비 양재천점,1125385629,http://place.map.kakao.com/1125385629,37.478799729,127.0419760489,mid,캐틀앤비 양재천점 주차장,서울 서초구 양재천로 131
st_20281,합천영상테마파크,11199854,http://place.map.kakao.com/11199854,35.5487512447,128.0718460684,high,합천영상테마파크,경남 합천군 용주면 합천호수로 757
st_20282,호텔 나루 서울 엠갤러리,1215458894,http://place.map.kakao.com/1215458894,37.5374206796,126.9443943468,mid,호텔나루서울 엠갤러리 주차장,서울 마포구 마포대로 8
st_20283,송도 트리플스트리트,27497408,http://place.map.kakao.com/27497408,37.3799951417,126.6609975037,mid,트리플스트리트,인천 연수구 송도과학로16번길 33-3
st_20284,와동육교,1645807466,http://place.map.kakao.com/1645807466,37.7451917122,126.7686109822,mid,와동육교,경기 파주시 교하동 779-1
st_20285,서울중앙지방법원,8364878,http://place.map.kakao.com/8364878,37.4961816229,127.0119190392,mid,서울중앙지방법원,서울 서초구 서초중앙로 157
st_20286,오크우드 프리미어 인천,24976409,http://place.map.kakao.com/24976409,37.3891434526,126.6442167072,mid,오크우드프리미어 인천,인천 연수구 컨벤시아대로 165
st_20287,헤이리마을 사거리,8613110,http://place.map.kakao.com/8613110,37.7818245514,126.6962453234,mid,헤이리사거리,경기 파주시 탄현면 법흥리
st_20288,고양 선인장전시관,11127467,http://place.map.kakao.com/11127467,37.6575035974,126.7613878845,mid,고양시선인장전시관,경기 고양시 일산동구 호수로 595
st_20289,벚꽃마을 세종그라시아 앞 공원,,,,,failed,,
st_20290,가톨릭대학교 의정부성모병원,16693898,http://place.map.kakao.com/16693898,37.7587076602,127.077785304,mid,가톨릭대학교 의정부성모병원,경기 의정부시 천보로 271
st_20291,경희대 국제캠퍼스,24254845,http://place.map.kakao.com/24254845,37.2429102066,127.0811899551,mid,경희대학교 국제캠퍼스,경기 용인시 기흥구 덕영대로 1732
st_20292,안국빌딩,7987031,http://place.map.kakao.com/7987031,37.5759664769,126.9834993259,mid,안국빌딩,서울 종로구 율곡로 33
st_20293,동호대교,7846269,http://place.map.kakao.com/7846269,37.5363236448,127.0211591438,high,동호대교,서울 성동구 옥수동 487
st_20294,콘래드 서울,18206183,http://place.map.kakao.com/18206183,37.5254187245,126.9267439814,mid,콘래드 서울,서울 영등포구 국제금융로 10
st_20295,팔현캠프,11220301,http://place.map.kakao.com/11220301,37.6991580019,127.2572555395,high,팔현캠프,경기 남양주시 오남읍 팔현로175번길 264
st_20296,남산 일대,,,,,failed,,
st_20297,그랑시티 시그니처타워,1150330701,http://place.map.kakao.com/1150330701,37.2858004148,126.8282911812,mid,그랑시티 시그니처타워,경기 안산시 상록구 해양3로 15
st_20298,월드컵북로44길,,,,,low,,
st_20299,월드컵북로48길,,,,,low,,
st_20300,국회대로76길,,,,,low,,
st_20301,왕십리로5길,,,,,low,,
st_20302,송도라마다호텔,8178578,http://place.map.kakao.com/8178578,37.4139911849,126.6553002889,mid,라마다송도호텔,인천 연수구 능허대로267번길 29
st_20303,스포츠타운길,,,,,low,,
st_20304,가평성모병원,,,,,low,,
st_20305,군축교,8201324,http://place.map.kakao.com/8201324,38.0390229255,128.1540707144,high,군축교,강원특별자치도 인제군 남면 남전리 704-2
st_20306,소양강 인제대교 앞,,,,,failed,,
st_20307,성신여대 운정그린캠퍼스,1704383321,http://place.map.kakao.com/1704383321,37.631948408,127.0272664614,mid,SC제일은행 365코너 성신여대 운정그린캠퍼스,서울 강북구 도봉로76가길 55
st_20308,세검정초등학교 버스정류장,,,,,failed,,
st_20309,산본제일병원,7910932,http://place.map.kakao.com/7910932,37.3636622304,126.9311087309,high,산본제일병원,경기 군포시 산본로 374
st_20310,로미코리아 클래식카 차고,,,,,failed,,
st_20311,거제도 근포땅굴,878703964,http://place.map.kakao.com/878703964,34.7229289553,128.5910853399,high,근포땅굴,경남 거제시 남부면 저구리 423
st_20312,거제 한옥펜션 소낭구,,,,,failed,,
st_20313,에버랜드,784414359,http://place.map.kakao.com/784414359,37.2931011157,127.2021983018,high,에버랜드,경기 용인시 처인구 포곡읍 에버랜드로 199
st_20314,한탄강 하늘다리,1615258606,http://place.map.kakao.com/1615258606,38.0842629608,127.2179913609,high,포천한탄강하늘다리,경기 포천시 영북면 대회산리 산 42-1
st_20315,지혜의숲,514954723,http://place.map.kakao.com/514954723,37.7084774355,126.6867852877,mid,지혜의숲,경기 파주시 회동길 145
st_20316,보정동 카페거리,25036337,http://place.map.kakao.com/25036337,37.3216286487,127.1101005181,high,보정동카페거리,경기 용인시 기흥구 보정동 1344
st_20317,3·1만세운동길 계단,,,,,failed,,
st_20318,제부도 워터워크,420560217,http://place.map.kakao.com/420560217,37.1747033988,126.6554692821,mid,제부도 워터워크,경기 화성시 만세구 서신면 송교리 375-4
st_20319,메디테리움 의학박물관,512130494,http://place.map.kakao.com/512130494,37.7155851697,126.6919067264,mid,메디테리움 의학박물관,경기 파주시 회동길 338
st_20320,성신여자대학교 운정그린캠퍼스,17811289,http://place.map.kakao.com/17811289,37.6319520109,127.0272709943,mid,성신여자대학교 운정그린캠퍼스 대강당,서울 강북구 도봉로76가길 55
st_20321,아침고요수목원,25855305,http://place.map.kakao.com/25855305,37.7430040201,127.3516612453,high,아침고요수목원,경기 가평군 상면 수목원로 427
st_20322,인천국제공항,10751028,http://place.map.kakao.com/10751028,37.449167859,126.4509203694,mid,인천국제공항,인천 영종구 공항로 272
st_20323,합천영상테마파크,11199854,http://place.map.kakao.com/11199854,35.5487512447,128.0718460684,high,합천영상테마파크,경남 합천군 용주면 합천호수로 757
st_20324,당진문예의전당,10257551,http://place.map.kakao.com/10257551,36.8901343048,126.6380738906,mid,당진문예의전당,충남 당진시 무수동2길 25-21
st_20325,무원마을 버스정류장,,,,,failed,,
st_20326,비맨션,1224600110,http://place.map.kakao.com/1224600110,37.4798491123,126.8150826423,mid,카페비맨션,경기 부천시 소사구 소사동로 205
st_20327,서강대교,8369237,http://place.map.kakao.com/8369237,37.5373109762,126.9252071423,high,서강대교,서울 영등포구 여의도동 83-1
st_20328,스위스 그랜드 호텔,1610123513,http://place.map.kakao.com/1610123513,37.5888190434,126.9341320182,mid,스위스 그랜드 호텔,서울 서대문구 연희로 353
st_20329,에어플레인모드,472245030,http://place.map.kakao.com/472245030,37.5577056333,126.938669509,mid,에어플레인모드,서울 서대문구 연세로4길 36
st_20330,웅진플레이도시,17183821,http://place.map.kakao.com/17183821,37.4999380378,126.7441351654,mid,웅진플레이도시,경기 부천시 원미구 조마루로 2
st_20331,이촌로29길 철도건널목,,,,,failed,,
st_20332,잉글랜드돈까스,10746846,http://place.map.kakao.com/10746846,37.474223387,126.6310210393,mid,잉글랜드경양식돈까스,인천 제물포구 우현로90번길 7
st_20333,중계마을,23890368,http://place.map.kakao.com/23890368,37.6426805349,127.0874220346,mid,중계마을복지회관,서울 노원구 중계로6나길 39
st_20334,백범광장 버스정류장,,,,,failed,,
st_20335,알로프트 서울 명동,705470702,http://place.map.kakao.com/705470702,37.5622927355,126.9819087154,mid,알로프트 서울명동 누크,서울 중구 남대문로 56
st_20336,미래농원 MRNW,,,,,failed,,
st_20337,상주중앙시장,18558773,http://place.map.kakao.com/18558773,36.41322081,128.1616194249,mid,상주중앙시장,경북 상주시 중앙시장길 1-7
st_20338,두호동 해안로,,,,,low,,
st_20339,한밤마을 돌담길,18365414,http://place.map.kakao.com/18365414,36.0592600748,128.6550043464,high,군위한밤마을 돌담길,대구 군위군 부계면 한티로 2137-3
st_20340,소소밀밀 서악점,,,,,failed,,
st_20341,백빈건널목(삼각지 철길건널목),,,,,failed,,
st_20342,정희네(정희의 집·편의점),,,,,failed,,
st_20343,국립중앙도서관,8672722,http://place.map.kakao.com/8672722,37.4974228662,127.0032274669,high,국립중앙도서관,서울 서초구 반포대로 201
st_20344,팔달공원,8115691,http://place.map.kakao.com/8115691,37.2776043038,127.010364537,high,팔달공원,경기 수원시 팔달구 팔달산로 108
st_20345,운현궁,8465462,http://place.map.kakao.com/8465462,37.5762264101,126.9870855965,high,운현궁,서울 종로구 삼일대로 464
st_20346,세종문화회관,8373453,http://place.map.kakao.com/8373453,37.5725945239,126.9757787456,high,세종문화회관,서울 종로구 세종대로 175
st_20347,정수사(강화),19182920,http://place.map.kakao.com/19182920,37.607782287,126.4456035356,high,정수사,인천 강화군 화도면 해안남로1258번길 142
st_20348,동호대교,7846269,http://place.map.kakao.com/7846269,37.5363236448,127.0211591438,high,동호대교,서울 성동구 옥수동 487
st_20349,국제성모병원 장례식장,27126806,http://place.map.kakao.com/27126806,37.5427433789,126.6840966523,high,국제성모병원 장례식장,인천 서해구 심곡동 291
st_20350,돌담 권역외상센터 세트장,,,,,failed,,
st_20351,청계천,10849847,http://place.map.kakao.com/10849847,37.5691469687,126.9786470682,high,청계천,서울 종로구 서린동 148
st_20352,IFC서울,1352727635,http://place.map.kakao.com/1352727635,37.525005523,126.9258744362,high,IFC서울,서울 영등포구 국제금융로 10
st_20353,29펍 Tokyo Elegant 4호점,,,,,failed,,
st_20354,그랜드 워커힐 서울 애스톤하우스,25622223,http://place.map.kakao.com/25622223,37.5599296185,127.1132842448,high,그랜드워커힐서울 애스톤하우스,경기 구리시 아차산로 1
st_20355,배팅연습장(남영역),,,,,failed,,
st_20356,용연리마을(용두리),,,,,failed,,
st_20357,문경철로자전거 구랑리역,22026554,http://place.map.kakao.com/22026554,36.6609888445,128.099320425,high,문경철로자전거 구랑리역,경북 문경시 마성면 구랑로 20
st_20358,가람마루 전망대(건지마을 전망대),,,,,failed,,
st_20359,문경새재도립공원,11373883,http://place.map.kakao.com/11373883,36.761907585,128.0766856548,high,문경새재도립공원,경북 문경시 문경읍 새재로 932
st_20360,봉천사,9035169,http://place.map.kakao.com/9035169,36.6296057602,128.2273931391,high,봉천사,경북 문경시 호계면 봉서2길 201
st_20361,국립중앙박물관,8830150,http://place.map.kakao.com/8830150,37.5239224936,126.9801871613,mid,국립중앙박물관,서울 용산구 서빙고로 137
st_20362,파라다이스시티 아트파라디소 새라새,,,,,failed,,
st_20363,논현역 교차로,15144577,http://place.map.kakao.com/15144577,37.5110036336,127.0213770756,mid,논현역교차로,서울 강남구 논현동
st_20364,순복음강남교회,7998770,http://place.map.kakao.com/7998770,37.4932762633,127.0333901092,mid,순복음강남교회,서울 강남구 역삼로8길 12
st_20365,뵈르뵈르,,,,,failed,,
st_20366,바우뫼로41길,,,,,low,,
st_20367,마방로6길,,,,,failed,,
st_20368,웨이브앤샌드,,,,,failed,,
st_20369,선고리 마을길,,,,,failed,,
st_20370,서동요테마파크,24883142,http://place.map.kakao.com/24883142,36.1442909139,126.823811763,high,서동요테마파크,충남 부여군 충화면 충신로 616
st_20371,옛 호서극장,,,,,failed,,
st_20372,미술관 자작나무숲,8320839,http://place.map.kakao.com/8320839,37.4927515383,128.0500514404,high,미술관 자작나무숲,강원특별자치도 횡성군 우천면 한우로두곡5길 186
st_20373,감영길,,,,,low,,
st_20374,세이지우드 홍천,2092950955,http://place.map.kakao.com/2092950955,37.8859664636,128.1186717789,high,세이지우드 홍천,강원특별자치도 홍천군 두촌면 광석로 898-160
st_20375,불암산 애기봉,458106395,http://place.map.kakao.com/458106395,37.6608147811,127.1018139304,mid,애기봉,경기 남양주시 식송1로 236-31
st_20376,콘래드37그릴앤바,,,,,low,,
st_20377,서울타워,1629378951,http://place.map.kakao.com/1629378951,37.5513049703,126.9882306221,high,N서울타워,서울 용산구 남산공원길 105
st_20378,뮤지엄 산 명상관,,,,,failed,,
st_20379,인천국제공항 제1여객터미널,1731865578,http://place.map.kakao.com/1731865578,37.4491741658,126.4509203233,high,인천국제공항 제1여객터미널,인천 영종구 공항로 272
st_20380,인스파이어 엔터테인먼트 리조트,748861854,http://place.map.kakao.com/748861854,37.4655054659,126.3886615609,high,인스파이어 엔터테인먼트 리조트,인천 영종구 공항문화로 127
st_20381,공지로 촬영 지점,,,,,failed,,
st_20382,서울마포경찰서 월드컵지구대,,,,,failed,,
st_20383,꿈의숲아트센터,11696074,http://place.map.kakao.com/11696074,37.6214739817,127.0385865742,mid,꿈의숲아트센터,서울 강북구 월계로 173
st_20384,가천대 길병원,26896190,http://place.map.kakao.com/26896190,37.4518552087,126.7092163746,mid,CU 가천대길병원점,인천 남동구 남동대로774번길 21
st_20385,WE ARE YOUNG 벽화,,,,,failed,,
st_20386,덕성여자고등학교,7837386,http://place.map.kakao.com/7837386,37.5781432376,126.9832045055,mid,덕성여자고등학교,서울 종로구 율곡로3길 50
st_20387,북촌마을안내소,103527547,http://place.map.kakao.com/103527547,37.5795379731,126.9831815503,mid,북촌마을안내소,서울 종로구 북촌로5길 48
st_20388,일산문화공원,281553600,http://place.map.kakao.com/281553600,37.6579280913,126.7700742882,mid,일산문화공원 화장실,경기 고양시 일산동구 장항동 845
st_20389,서울어린이대공원 정문,18164729,http://place.map.kakao.com/18164729,37.5493852002,127.0763066092,mid,서울어린이대공원 정문,서울 광진구 능동로 216
st_20390,자양역 옛 뚝섬유원지역,,,,,failed,,
st_20391,성보고등학교 정문,,,,,failed,,
st_20392,고양종합터미널,18237043,http://place.map.kakao.com/18237043,37.6432752144,126.7897588324,mid,고양종합터미널,경기 고양시 일산동구 중앙로 1036
st_20393,여의도환승센터,27320764,http://place.map.kakao.com/27320764,37.5259956229,126.9242941781,high,여의도환승센터,서울 영등포구 여의도동 2-11
st_20394,스탠포드호텔 서울,21318113,http://place.map.kakao.com/21318113,37.5823679731,126.8866953498,mid,스탠포드호텔 서울,서울 마포구 월드컵북로58길 15
st_20395,수원지방법원 안산지원,7965346,http://place.map.kakao.com/7965346,37.3119222317,126.8263625755,mid,수원지방법원 안산지원,경기 안산시 단원구 광덕서로 75
st_20396,상동호수공원,7923766,http://place.map.kakao.com/7923766,37.5029673925,126.7450521971,mid,상동호수공원,경기 부천시 원미구 조마루로 15
st_20397,서울영등포경찰서,12441003,http://place.map.kakao.com/12441003,37.5258522072,126.9009445799,mid,서울영등포경찰서,서울 영등포구 국회대로 608
st_20398,건국대학교 청심대,17807568,http://place.map.kakao.com/17807568,37.5423931056,127.0768358305,mid,건국대학교 청심대,서울 광진구 능동로 120
st_20399,서울특별시 보라매병원,7891587,http://place.map.kakao.com/7891587,37.4937801332,126.9241740493,mid,서울특별시 보라매병원,서울 동작구 보라매로5길 20
st_20400,YTN 뉴스퀘어,12818617,http://place.map.kakao.com/12818617,37.5790395171,126.8922702767,mid,YTN뉴스퀘어,서울 마포구 상암산로 76
st_20401,서울의료원,12997914,http://place.map.kakao.com/12997914,37.612831519,127.0980471333,mid,서울의료원,서울 중랑구 신내로 156
st_20402,안성팜랜드,17202018,http://place.map.kakao.com/17202018,36.9913166187,127.1935165577,high,농협안성팜랜드,경기 안성시 공도읍 대신두길 28
st_20403,서대문형무소역사관,7936297,http://place.map.kakao.com/7936297,37.5746086942,126.9556122276,mid,서대문형무소역사관,서울 서대문구 통일로 251
st_20404,삼척해수욕장,25460374,http://place.map.kakao.com/25460374,37.4669067222,129.1700044099,mid,투썸플레이스 삼척해수욕장점,강원특별자치도 삼척시 테마타운길 33
st_20405,청주교육대학교,11318531,http://place.map.kakao.com/11318531,36.6160429216,127.4849719628,high,청주교육대학교,충북 청주시 서원구 청남로 2065
st_20406,세이지우드 홍천,2092950955,http://place.map.kakao.com/2092950955,37.8859664636,128.1186717789,high,세이지우드 홍천,강원특별자치도 홍천군 두촌면 광석로 898-160
st_20407,엘리시안강촌 스키장,862972988,http://place.map.kakao.com/862972988,37.8196146908,127.5882321153,high,엘리시안강촌 스키장,강원특별자치도 춘천시 남산면 북한강변길 688
st_20408,의정부 행복로,,,,,low,,
st_20409,오산 드라마세트장,,,,,failed,,
st_20410,사성암,11490157,http://place.map.kakao.com/11490157,35.1801200692,127.4806295192,high,사성암,전남광주통합특별시 구례군 문척면 사성암길 303
st_20411,아홉산숲,2058456587,http://place.map.kakao.com/2058456587,35.2870431654,129.171515615,high,아홉산숲,부산 기장군 철마면 미동길 37-1
st_20412,동백섬,8257954,http://place.map.kakao.com/8257954,35.1539431141,129.1522899702,high,동백섬,부산 해운대구 우동 708-3
st_20413,마린시티 영화의 거리,,,,,failed,,
st_20414,벡스코,17813985,http://place.map.kakao.com/17813985,35.1691716212,129.1362561626,mid,벡스코,부산 해운대구 APEC로 55
st_20415,수영만요트경기장,821880371,http://place.map.kakao.com/821880371,35.1602617011,129.141272642,mid,수영만요트경기장,부산 해운대구 해운대해변로 84
st_20416,다대포해수욕장,14503506,http://place.map.kakao.com/14503506,35.0462878797,128.9681138085,mid,다대포해수욕장 수상구조대,부산 사하구 몰운대1길 14
st_20417,부산외국어대학교 남산동캠퍼스,23525667,http://place.map.kakao.com/23525667,35.2676221855,129.0792663495,mid,부산외국어대학교 남산동캠퍼스,부산 금정구 금샘로485번길 65
st_20418,국립부산국악원,9663960,http://place.map.kakao.com/9663960,35.1712647866,129.0542461181,mid,국립부산국악원,부산 부산진구 국악로 2
st_20419,이기대공원,1203125720,http://place.map.kakao.com/1203125720,35.1227463202,129.1219961815,high,이기대공원 공중화장실,부산 남구 이기대공원로 105
st_20420,충무동 새벽시장,18525064,http://place.map.kakao.com/18525064,35.0931664295,129.0247707082,mid,충무동새벽시장,부산 서구 해안새벽시장길 68
st_20421,부산광역시 교통정보서비스센터,12404102,http://place.map.kakao.com/12404102,35.1849317551,129.1057543956,mid,부산광역시 교통정보서비스센터,부산 연제구 고분로 221
st_20422,주문진방파제,1873746459,http://place.map.kakao.com/1873746459,37.8798554564,128.8342042512,high,주문진방파제,강원특별자치도 강릉시 주문진읍 교항리
st_20423,경포대,10158575,http://place.map.kakao.com/10158575,37.7950741627,128.8966363447,high,경포대,강원특별자치도 강릉시 경포로 365
st_20424,전등사,8063837,http://place.map.kakao.com/8063837,37.6321456856,126.484778945,high,전등사,인천 강화군 길상면 전등사로 37-41
st_20425,송도센트럴파크,13577707,http://place.map.kakao.com/13577707,37.3930639599,126.6386296894,high,송도센트럴파크,인천 연수구 송도동 24-5
st_20426,나주영상테마파크 너와저잣거리,,,,,failed,,
st_20427,사근용답간인도교,24274130,http://place.map.kakao.com/24274130,37.56249255,127.0500363878,high,사근용답간인도교,서울 성동구 사근동 235-1
st_20428,북촌한옥마을,781129546,http://place.map.kakao.com/781129546,37.5817681538,126.9848124506,high,북촌한옥마을,서울 종로구 북촌로 53
st_20429,건국대학교(일감호),17574291,http://place.map.kakao.com/17574291,37.5407427574,127.0763996367,mid,건국대학교 일감호,서울 광진구 능동로 120
st_20430,월정사,8045048,http://place.map.kakao.com/8045048,37.731750825,128.5921229634,high,월정사,강원특별자치도 평창군 진부면 오대산로 374-8
st_20431,삼청동거리,8383806,http://place.map.kakao.com/8383806,37.5820641054,126.9814827775,high,삼청동거리,서울 종로구 팔판동 67-1
st_20432,반포한강공원,8142957,http://place.map.kakao.com/8142957,37.5108199269,126.9971610408,high,반포한강공원,서울 서초구 반포동 115-5
st_20433,인천국제공항 제1여객터미널,1731865578,http://place.map.kakao.com/1731865578,37.4491741658,126.4509203233,high,인천국제공항 제1여객터미널,인천 영종구 공항로 272
st_20434,강릉중앙시장,18525909,http://place.map.kakao.com/18525909,37.7540251177,128.89862379,high,강릉중앙시장,강원특별자치도 강릉시 금성로 21
st_20435,강릉월화거리,2058461010,http://place.map.kakao.com/2058461010,37.7559098237,128.8974965017,high,강릉월화거리,강원특별자치도 강릉시 경강로 2111
st_20436,호서대학교 아산캠퍼스 세출소류지,,,,,failed,,
st_20437,부안영상테마파크,17151014,http://place.map.kakao.com/17151014,35.621806984,126.4853829679,high,부안영상테마파크,전북특별자치도 부안군 변산면 격포로 309-64
st_20438,용인대장금파크,26923236,http://place.map.kakao.com/26923236,37.1216024818,127.3376127617,high,용인대장금파크 관가,경기 용인시 처인구 백암면 용천드라마길 25
st_20439,도봉산,8259558,http://place.map.kakao.com/8259558,37.6988420639,127.0154585932,mid,도봉산,서울 도봉구 도봉동 산 31
st_20440,경기전,10170551,http://place.map.kakao.com/10170551,35.8153794432,127.1497232503,high,경기전,전북특별자치도 전주시 완산구 태조로 44
st_20441,경주 오릉,7973294,http://place.map.kakao.com/7973294,35.8231949525,129.2082905625,high,경주오릉,경북 경주시 포석로 907
st_20442,학원농장,21288786,http://place.map.kakao.com/21288786,35.3754687842,126.5429491147,high,학원농장 식당,전북특별자치도 고창군 공음면 학원농장길 154
st_20443,문경새재 오픈세트장,24974663,http://place.map.kakao.com/24974663,36.7713996803,128.0740720264,high,문경새재오픈세트장,경북 문경시 문경읍 새재로 1037
st_20444,옥산천,,,,,failed,,
st_20445,문경새재 제2관문 조곡관,8064324,http://place.map.kakao.com/8064324,36.7895830297,128.0656859573,high,문경새재 제2관문 조곡관,경북 문경시 문경읍 상초리 산 42-36
st_20446,세운 대림상가아파트,10248140,http://place.map.kakao.com/10248140,37.5675234148,126.9954225306,high,대림상가아파트,서울 중구 을지로 157
st_20447,T.G.I.프라이데이스 롯데백화점 일산점,,,,,failed,,
st_20448,장암저수지(국망봉자연휴양림),,,,,failed,,
st_20449,던킨도너츠(남대문로1길),,,,,low,,
st_20450,SMC신라메디컬의원,,,,,failed,,
st_20451,청계천,10849847,http://place.map.kakao.com/10849847,37.5691469687,126.9786470682,high,청계천,서울 종로구 서린동 148
st_20452,서울어린이대공원,1512054004,http://place.map.kakao.com/1512054004,37.549977255,127.080235172,high,서울어린이대공원,서울 광진구 능동로 216
st_20453,성신여자대학교 미아운정그린캠퍼스,12817755,http://place.map.kakao.com/12817755,37.6320186935,127.0272291016,high,성신여자대학교 미아운정그린캠퍼스,서울 강북구 도봉로76가길 55
st_20454,일산호수공원,26298671,http://place.map.kakao.com/26298671,37.6561360416,126.764141544,high,일산호수공원,경기 고양시 일산동구 호수로 595
st_20455,오크밸리리조트,8024248,http://place.map.kakao.com/8024248,37.4344700769,127.8175613255,high,오크밸리리조트,강원특별자치도 원주시 지정면 오크밸리1길 66
st_20456,거풍아트랜드스케이프센터,,,,,failed,,
st_20457,앤드테라스 파주점,823644344,http://place.map.kakao.com/823644344,37.7476744712,126.7195102788,high,앤드테라스 파주점,경기 파주시 오도로 91
st_20458,수원시립미술관,26935263,http://place.map.kakao.com/26935263,37.2826855567,127.0158771204,high,수원시립미술관,경기 수원시 팔달구 정조로 833
st_20459,삼성본병원,1970356216,http://place.map.kakao.com/1970356216,37.19093875,127.0614774805,high,삼성본병원,경기 오산시 북삼미로 175
st_20460,한국지도자아카데미,10098231,http://place.map.kakao.com/10098231,37.4001678703,126.8706279093,high,한국지도자아카데미,경기 시흥시 동서로 1262
st_20461,로케이션 어스,1999778042,http://place.map.kakao.com/1999778042,37.8030797347,126.7302050661,high,로케이션어스,경기 파주시 탄현면 검산로 423-71
st_20462,코리아나호텔,23121414,http://place.map.kakao.com/23121414,37.5681383728,126.9766313967,high,코리아나호텔,서울 중구 세종대로 135
st_20463,일민미술관,11179476,http://place.map.kakao.com/11179476,37.569881994,126.9776371572,high,일민미술관,서울 종로구 세종대로 152
st_20464,한국프레스센터,11293206,http://place.map.kakao.com/11293206,37.5674187161,126.977871068,high,한국프레스센터,서울 중구 세종대로 124
st_20465,정부서울청사,11160853,http://place.map.kakao.com/11160853,37.5749414828,126.9751406534,high,정부서울청사 본관,서울 종로구 세종대로 209
st_20466,인천국제공항 제2여객터미널,26423394,http://place.map.kakao.com/26423394,37.4677413827,126.4345486713,high,인천국제공항 제2여객터미널,인천 영종구 운서동 2868
st_20467,제주 비밀의 숲,82389937,http://place.map.kakao.com/82389937,33.4536181828,126.7549266931,high,비밀의숲,제주특별자치도 제주시 구좌읍 송당리 2173
st_20468,남산중앙교회 인근 주택(도기·고은의 집),,,,,failed,,
st_20469,의정부지방검찰청,8552924,http://place.map.kakao.com/8552924,37.7549192994,127.0334347204,high,의정부지방검찰청,경기 의정부시 녹양로34번길 23
st_20470,매일절임식품,9022685,http://place.map.kakao.com/9022685,36.4835336461,126.6187981241,high,매일절임식품,충남 홍성군 광천읍 옹암3길 28
st_20471,도당고등학교,7833971,http://place.map.kakao.com/7833971,37.5187235692,126.7906098905,high,도당고등학교,경기 부천시 원미구 삼작로256번길 53-3
st_20472,신거북시장,1137642949,http://place.map.kakao.com/1137642949,37.503376331,126.6749097011,high,신거북시장,인천 서해구 거북로 117
st_20473,SBS 일산제작센터,8060396,http://place.map.kakao.com/8060396,37.6969422138,126.7636993837,high,SBS 일산제작센터,경기 고양시 일산서구 일현로 111
st_20474,레스케이프 서울 명동,1220594086,http://place.map.kakao.com/1220594086,37.5600127949,126.97935592,high,레스케이프 서울 명동,서울 중구 퇴계로 67
st_20475,대진대학교,8267668,http://place.map.kakao.com/8267668,37.8706846613,127.1561216831,high,대진대학교,경기 포천시 호국로 1007
st_20476,쌍용반점,18062985,http://place.map.kakao.com/18062985,35.9930687889,126.7102372376,high,쌍용반점,전북특별자치도 군산시 내항2길 121
st_20477,비응항,266305871,http://place.map.kakao.com/266305871,35.9352610809,126.5263617555,high,비응항,전북특별자치도 군산시 비응로 6
st_20478,월드컵대교,1113513163,http://place.map.kakao.com/1113513163,37.5567091982,126.8855141829,high,월드컵대교,서울 마포구 상암동 1541
st_20479,만석부두,26200278,http://place.map.kakao.com/26200278,37.4915995053,126.6222648869,high,만석부두,인천 제물포구 만석동 2-407
st_20480,BMW드라이빙센터,22874788,http://place.map.kakao.com/22874788,37.461987487,126.4870497061,high,BMW드라이빙센터,인천 영종구 공항동로 136
st_20481,나로우주센터 우주과학관,8194790,http://place.map.kakao.com/8194790,34.4534080843,127.5177410371,high,나로우주센터 우주과학관,전남광주통합특별시 고흥군 봉래면 하반로 490
st_20482,청라호수공원,18475105,http://place.map.kakao.com/18475105,37.5324904293,126.6342799247,high,청라호수공원,인천 서해구 청라동 106-2
st_20483,더작심 김포걸포점,133757065,http://place.map.kakao.com/133757065,37.633280508,126.7036733674,high,더작심 김포걸포점,경기 김포시 걸포2로 33
st_20484,상암 프리즘타워,,,,,low,,
st_20485,주원산업(부지),,,,,failed,,
st_20486,두꺼비생태문화관 인근(산남동),,,,,low,,
st_20487,성안길,19357172,http://place.map.kakao.com/19357172,36.6358512549,127.4890139965,high,성안길,충북 청주시 상당구 북문로1가 210-1
st_20488,아쿠아플라넷 일산,23738256,http://place.map.kakao.com/23738256,37.663787555,126.7554855605,high,아쿠아플라넷 일산,경기 고양시 일산서구 한류월드로 282
st_20489,동대문시장,12721143,http://place.map.kakao.com/12721143,37.5694942076,127.012618935,mid,천주교 동대문시장성당,서울 중구 청계천로 318
st_20490,원효아파트,11506122,http://place.map.kakao.com/11506122,37.5350236257,126.961499875,high,원효아파트,서울 용산구 원효로 166
st_20491,남산서울타워,1717794753,http://place.map.kakao.com/1717794753,37.55112113,126.9878685172,mid,돈룩업 남산서울타워점,서울 용산구 남산공원길 105
st_20492,남산케이블카(남산돈까스 간판 위치),,,,,failed,,
st_20493,인천국제공항 제1교통센터,17561686,http://place.map.kakao.com/17561686,37.4477420081,126.4523739227,high,인천국제공항 제1교통센터,인천 영종구 공항로 271
st_20494,서울마리나,1885413298,http://place.map.kakao.com/1885413298,37.5347443163,126.9113079437,high,서울마리나리조트,서울 영등포구 여의서로 160
st_20495,부산항연안여객터미널,1251071023,http://place.map.kakao.com/1251071023,35.1028780514,129.0414978704,mid,부산항연안여객터미널,부산 중구 충장대로 24
st_20496,세명대학교,17566789,http://place.map.kakao.com/17566789,37.1777026295,128.1976011363,high,세명대학교 청풍학사,충북 제천시 세명로 65
st_20497,부산외국어대학교,23525667,http://place.map.kakao.com/23525667,35.2676221855,129.0792663495,high,부산외국어대학교 남산동캠퍼스,부산 금정구 금샘로485번길 65
st_20498,연희동,,,,,low,,
st_20499,영메이슨 도예 스튜디오,776973053,http://place.map.kakao.com/776973053,37.5626061015,126.9231785027,high,영메이슨도예스튜디오,서울 마포구 성미산로26길 29
st_20500,창동리 농로,,,,,failed,,
st_20501,문화마을 버스정류장,,,,,failed,,
st_20502,서울중앙지법,8364878,http://place.map.kakao.com/8364878,37.4961816229,127.0119190392,mid,서울중앙지방법원,서울 서초구 서초중앙로 157
st_20503,서울역 서쪽 출구 앞,,,,,failed,,
st_20504,을지로,9387801,http://place.map.kakao.com/9387801,37.5663616234,126.989173389,high,을지로전주옥,서울 중구 을지로 101
st_20505,서빙고초등학교 버스정류장,,,,,failed,,
st_20506,동작대교 남단,,,,,failed,,
st_20507,을지로7길,,,,,failed,,
st_20508,전북대학교,11335152,http://place.map.kakao.com/11335152,35.8457211541,127.1296051529,high,전북대학교 전주캠퍼스,전북특별자치도 전주시 덕진구 백제대로 567
st_20509,파란대문집,1409248019,http://place.map.kakao.com/1409248019,37.7511199749,128.892515993,high,파란대문집,강원특별자치도 강릉시 경강로2024번길 19
st_20510,거제 엠파크거리,,,,,failed,,
st_20511,공주 금강철교,,,,,low,,
st_20512,홍대 어울마당로,,,,,low,,
st_20513,노벨로,1064223009,http://place.map.kakao.com/1064223009,37.5154251368,126.8929499738,high,노벨로,서울 영등포구 도림로 456
st_20514,서울시립미술관 서소문본관,10507051,http://place.map.kakao.com/10507051,37.5641057989,126.9736988635,mid,서울시립미술관 서소문본관,서울 중구 덕수궁길 61
st_20515,현대원서공원,727066808,http://place.map.kakao.com/727066808,37.5783646752,126.9891263681,high,현대원서공원 주차장입구,서울 종로구 원서동 181
st_20516,N서울타워,1629378951,http://place.map.kakao.com/1629378951,37.5513049703,126.9882306221,mid,N서울타워,서울 용산구 남산공원길 105
st_20517,장사도해상공원,12937390,http://place.map.kakao.com/12937390,34.7123068489,128.5599558772,high,장사도해상공원 까멜리아,경남 통영시 한산면 장사도길 95
st_20518,쁘띠프랑스,7920064,http://place.map.kakao.com/7920064,37.7149951801,127.4905368231,high,쁘띠프랑스,경기 가평군 청평면 호반로 1063
st_20519,인천대학교 송도캠퍼스,11376334,http://place.map.kakao.com/11376334,37.3768589506,126.6347569451,mid,인천대학교 송도캠퍼스,인천 연수구 아카데미로 119
st_20520,한국민속촌,8135083,http://place.map.kakao.com/8135083,37.2596152254,127.1198007203,mid,한국민속촌,경기 용인시 기흥구 민속촌로 90
st_20521,인천시립박물관,8052890,http://place.map.kakao.com/8052890,37.420759623,126.6531499531,mid,인천광역시립박물관,인천 연수구 청량로160번길 26
st_20522,동대문디자인플라자,25022134,http://place.map.kakao.com/25022134,37.5671843131,127.0099110139,mid,동대문디자인플라자,서울 중구 을지로 281
st_20523,석촌호수,7947003,http://place.map.kakao.com/7947003,37.5076807263,127.099112837,high,석촌호수 서호,서울 송파구 잠실동 47
st_20524,63스퀘어,541663011,http://place.map.kakao.com/541663011,37.5199996228,126.9403123411,mid,63스퀘어,서울 영등포구 63로 50
st_20525,반포한강공원,27601644,http://place.map.kakao.com/27601644,37.5077328949,126.9927253253,mid,반포한강공원 반포안내센터,서울 서초구 신반포로11길 40
st_20526,광화문광장,17556590,http://place.map.kakao.com/17556590,37.571885667,126.9769075615,mid,광화문광장 해치마당,서울 종로구 세종대로 지하 175
st_20527,경희대학교 평화의전당,17561258,http://place.map.kakao.com/17561258,37.5986824731,127.0527738146,mid,경희대학교 서울캠퍼스 평화의전당,서울 동대문구 경희대로 26
st_20528,인천국제공항 제1여객터미널,,,,,failed,,
st_20529,합천영상테마파크,11199854,http://place.map.kakao.com/11199854,35.5487512447,128.0718460684,high,합천영상테마파크,경남 합천군 용주면 합천호수로 757
st_20530,광안대교,170421478,http://place.map.kakao.com/170421478,35.1474701652,129.130066852,high,광안대교,부산 수영구 민락동 113-52
st_20531,부산항대교,24810448,http://place.map.kakao.com/24810448,35.106115186,129.0653695662,high,부산항대교,부산 남구 감만동 626-2
st_20532,을지로입구역 지하도상가,,,,,low,,
st_20533,성균관대학교,13319091,http://place.map.kakao.com/13319091,37.5874353512,126.9945517683,high,성균관대학교 새천년홀,서울 종로구 성균관로 25-2
st_20534,소월로,,,,,low,,
st_20535,인하대학교 본관,11972517,http://place.map.kakao.com/11972517,37.4493503367,126.6543153771,high,인하대학교 본관1호관,인천 미추홀구 인하로 100
st_20536,인하대학교 정석학술정보관,8052975,http://place.map.kakao.com/8052975,37.4493918196,126.6524843781,high,인하대학교 정석학술정보관,인천 미추홀구 인하로 100
st_20537,태화원,9433427,http://place.map.kakao.com/9433427,37.4740288719,126.6185684249,high,태화원,인천 제물포구 차이나타운로59번길 10
st_20538,라마다송도호텔,8178578,http://place.map.kakao.com/8178578,37.4139911849,126.6553002889,high,라마다송도호텔,인천 연수구 능허대로267번길 29
st_20539,학익풍림아이원아파트,11362062,http://place.map.kakao.com/11362062,37.4411096475,126.6586382648,high,학익풍림아이원아파트,인천 미추홀구 매소홀로 340
st_20540,금강약돌참숯찜질방,432559374,http://place.map.kakao.com/432559374,37.4207537817,126.6475195659,high,금강약돌참숯찜질방,인천 연수구 능허대로165번길 13
st_20541,장위전통시장,14918316,http://place.map.kakao.com/14918316,37.610700514,127.0513314831,high,장위전통시장,서울 성북구 장위동 68-185
st_20542,호텔 라성,7856681,http://place.map.kakao.com/7856681,37.3269849227,126.8012504033,high,호텔 라성,경기 안산시 단원구 화랑로 107
st_20543,경찰청,8175350,http://place.map.kakao.com/8175350,37.5633978909,126.9675610691,high,경찰청,서울 서대문구 통일로 97
st_20544,강화군농업기술센터,11046550,http://place.map.kakao.com/11046550,37.7040039006,126.4352805905,high,강화군농업기술센터,인천 강화군 불은면 중앙로 742-2
st_20545,서울고등검찰청,1534525531,http://place.map.kakao.com/1534525531,37.4952503818,127.00689803,high,서울고등검찰청,서울 서초구 반포대로 172
st_20546,수원지방검찰청,10533609,http://place.map.kakao.com/10533609,37.2894018768,127.0672582078,high,수원지방검찰청,경기 수원시 영통구 법조로 91
st_20547,마들원,1394900382,http://place.map.kakao.com/1394900382,37.6364169261,127.0712949368,high,마들원,서울 노원구 공릉로62길 27-11
st_20548,이강분무교동낙지나라,10330814,http://place.map.kakao.com/10330814,37.5792978478,127.0873161753,high,이강분무교동낙지나라,서울 중랑구 면목로 302
st_20549,임마트,27360434,http://place.map.kakao.com/27360434,37.5780214176,127.0106415066,high,임마트,서울 종로구 창신8길 49
st_20550,남이섬,11276521,http://place.map.kakao.com/11276521,37.7914407451,127.5252101433,high,남이섬,강원특별자치도 춘천시 남산면 남이섬길 1
st_20551,블루스퀘어,14529813,http://place.map.kakao.com/14529813,37.540861148,127.0025481675,high,블루스퀘어,서울 용산구 이태원로 294
st_20552,밤가시공원,26886521,http://place.map.kakao.com/26886521,37.6690189429,126.7828016321,high,밤가시공원,경기 고양시 일산동구 정발산동 1299
st_20553,카페 산들언덕,,,,,low,,
st_20554,듀레베이커리 호암점,1212466782,http://place.map.kakao.com/1212466782,36.9585297274,127.9243769488,high,듀레베이커리 호암점,충북 충주시 중원대로 3250
st_20555,아다마스253,18437396,http://place.map.kakao.com/18437396,37.7877682352,126.698019253,high,아다마스253,경기 파주시 탄현면 헤이리마을길 47
st_20556,이포보편의점,19608091,http://place.map.kakao.com/19608091,37.4051417914,127.5359659739,high,이포보편의점,경기 여주시 금사면 금사로 48
st_20557,모로미쿠시 광교카페거리점,27002870,http://place.map.kakao.com/27002870,37.2947266956,127.0537742695,mid,모로미쿠시 광교점,경기 수원시 영통구 센트럴파크로127번길 48
st_20558,메가박스 코엑스,7877178,http://place.map.kakao.com/7877178,37.5127460688,127.0588403523,high,메가박스 코엑스,서울 강남구 영동대로 513
st_20559,서피비치,26911134,http://place.map.kakao.com/26911134,38.0278344414,128.7172823119,high,서피비치,강원특별자치도 양양군 현북면 하조대해안길 119
st_20560,스카이베이호텔 경포,27507368,http://place.map.kakao.com/27507368,37.804310347,128.9077403058,high,스카이베이호텔 경포,강원특별자치도 강릉시 해안로 476
st_20561,고구려대장간마을 주차장,17578329,http://place.map.kakao.com/17578329,37.5612513479,127.1104657485,high,고구려대장간마을 주차장,경기 구리시 아천동 40-4
st_20562,롯데월드 어드벤처,27560699,http://place.map.kakao.com/27560699,37.5111305999,127.0981198004,high,롯데월드 어드벤처,서울 송파구 올림픽로 240
st_20563,화랑육교,27276452,http://place.map.kakao.com/27276452,37.4016144517,127.1053202882,high,화랑육교,경기 성남시 분당구 삼평동 668-3
st_20564,은성회관,8536853,http://place.map.kakao.com/8536853,37.5196200649,126.9300335011,high,은성회관,서울 영등포구 여의대방로65길 12
st_20565,N서울타워,1629378951,http://place.map.kakao.com/1629378951,37.5513049703,126.9882306221,high,N서울타워,서울 용산구 남산공원길 105
st_20566,인천국제공항 제2여객터미널,26423394,http://place.map.kakao.com/26423394,37.4677413827,126.4345486713,high,인천국제공항 제2여객터미널,인천 영종구 운서동 2868
st_20567,영등포시장역,21160665,http://place.map.kakao.com/21160665,37.5227093839,126.905179567,high,영등포시장역 5호선,서울 영등포구 양산로 지하 200
st_20568,이마트 트레이더스 킨텍스점,2111508200,http://place.map.kakao.com/2111508200,37.6616010849,126.7441139945,mid,SK브로드밴드 이마트트레이더스킨텍스점,경기 고양시 일산서구 킨텍스로 171
st_20569,별내푸르지오아파트,21906970,http://place.map.kakao.com/21906970,37.6683005604,127.1289973531,high,별내푸르지오아파트,경기 남양주시 송산로307번길 22
st_20570,포천 한탄강 하늘다리,1615258606,http://place.map.kakao.com/1615258606,38.0842629608,127.2179913609,high,포천한탄강하늘다리,경기 포천시 영북면 대회산리 산 42-1
st_20571,선녀바위해변,12644123,http://place.map.kakao.com/12644123,37.4394759361,126.3787081896,high,선녀바위해변,인천 영종구 을왕동 678-188
st_20572,한국민속촌,8135083,http://place.map.kakao.com/8135083,37.2596152254,127.1198007203,high,한국민속촌,경기 용인시 기흥구 민속촌로 90
st_20573,코모도호텔 부산,8104597,http://place.map.kakao.com/8104597,35.10895896,129.0351880975,high,코모도호텔 부산,부산 중구 중구로 151
st_20574,한라산국립공원(어리목),17169411,http://place.map.kakao.com/17169411,33.3926932545,126.4945372093,high,한라산국립공원 어리목본소,제주특별자치도 제주시 1100로 2070-61
st_20575,별마로천문대,15280358,http://place.map.kakao.com/15280358,37.1983292396,128.4867824914,high,별마로천문대,강원특별자치도 영월군 영월읍 영흥리 154-3
st_20576,비내섬,11495420,http://place.map.kakao.com/11495420,37.1076324524,127.8177258622,high,비내섬,충북 충주시 소태면 복탄리 908
st_20577,탄금호 무지개길,533441543,http://place.map.kakao.com/533441543,37.0122945149,127.8695481885,high,탄금호무지개길,충북 충주시 중앙탑면 루암리 642
st_20578,중앙탑사적공원,17697891,http://place.map.kakao.com/17697891,37.0171167918,127.8668591487,high,중앙탑사적공원,충북 충주시 중앙탑면 탑정안길 6
st_20579,시크릿블루카페(괜찮은병원),,,,,failed,,
st_20580,아야진해변,1805073287,http://place.map.kakao.com/1805073287,38.2772526606,128.552785393,mid,CU 아야진해변점,강원특별자치도 고성군 토성면 아야진해변길 165
st_20581,사니다카페(저주받은 성),,,,,failed,,
st_20582,소금산출렁다리,8114571,http://place.map.kakao.com/8114571,37.3686658928,127.8246811974,high,소금산출렁다리,강원특별자치도 원주시 지정면 간현리 산 116-1
st_20583,의정부미술도서관,996959901,http://place.map.kakao.com/996959901,37.7451458118,127.1061274202,high,의정부미술도서관,경기 의정부시 민락로 248
st_20584,옥정호수공원,1215958576,http://place.map.kakao.com/1215958576,37.8243663745,127.0968770034,high,옥정호수공원,경기 양주시 옥정동 864-798
st_20585,속초설악한옥펜션,,,,,low,,
st_20586,상도문 돌담마을,853690564,http://place.map.kakao.com/853690564,38.1651766432,128.553122375,high,상도문 돌담마을,강원특별자치도 속초시 상도문1길 30
st_20587,현대프리미엄아울렛 송도점,423643023,http://place.map.kakao.com/423643023,37.3816288301,126.6579167097,high,현대프리미엄아울렛 송도점,인천 연수구 송도국제대로 123
st_20588,행궁동벽화마을,26829413,http://place.map.kakao.com/26829413,37.2858165656,127.0166197937,high,행궁동벽화마을,경기 수원시 팔달구 화서문로 82-6
st_20589,수원화성 화홍문,11387143,http://place.map.kakao.com/11387143,37.2875455133,127.0176260902,high,수원화성 화홍문,경기 수원시 팔달구 북수동 9000-1
st_20590,방화수류정,25049860,http://place.map.kakao.com/25049860,37.2875724678,127.0181335657,high,방화수류정,경기 수원시 팔달구 화성성곽길 233
st_20591,연무대주차장,17122359,http://place.map.kakao.com/17122359,37.2873444651,127.0234856032,high,연무대주차장,경기 수원시 팔달구 매향동 3-17
st_20592,크로싱 게스트하우스(오목대),,,,,failed,,
st_20593,한벽굴(한벽터널),,,,,failed,,
st_20594,소리방앗간(만화방),,,,,failed,,
st_20595,전주고등학교(분수),,,,,failed,,
st_20596,전주한옥마을,17371430,http://place.map.kakao.com/17371430,35.8182549187,127.1536480822,high,전주한옥마을 관광안내소,전북특별자치도 전주시 완산구 기린대로 99
st_20597,논산여자상업고등학교(태양고),,,,,failed,,
st_20598,와룡공원,10627174,http://place.map.kakao.com/10627174,37.5911687764,126.9901220392,high,와룡공원,서울 종로구 와룡공원길 192
st_20599,애기능생태공원,,,,,failed,,
st_20600,문화살롱 클로드,,,,,failed,,
st_20601,묵호항,7873573,http://place.map.kakao.com/7873573,37.5497974287,129.1123912563,high,묵호항,강원특별자치도 동해시 임항로 121
st_20602,신남해수욕장(방파제),,,,,failed,,
st_20603,하조대해변,1812698478,http://place.map.kakao.com/1812698478,38.0214864534,128.7262519892,mid,CU 하조대해변점,강원특별자치도 양양군 현북면 하조대해안길 11
st_20604,춘천대교,1686263230,http://place.map.kakao.com/1686263230,37.8884823396,127.7089443755,high,춘천대교,강원특별자치도 춘천시 근화동 609
st_20605,동명해변(금진리),,,,,failed,,
st_20606,가애택 오션뷰펜션,,,,,failed,,
st_20607,삼포해수욕장,11142281,http://place.map.kakao.com/11142281,38.3153743689,128.5350965908,high,삼포해수욕장,강원특별자치도 고성군 죽왕면 삼포리
st_20608,수원화성(교동),,,,,low,,
st_20609,동네슈퍼(남고산2길),,,,,failed,,
st_20610,삼성역교차로(코엑스 교차로),10825880,http://place.map.kakao.com/10825880,37.514035551,127.0603378203,mid,코엑스교차로,서울 강남구 삼성동
st_20611,세빛섬,12322745,http://place.map.kakao.com/12322745,37.5123317748,126.995888516,high,세빛섬,서울 서초구 올림픽대로 2085-14
st_20612,동부산관광단지 센트럴원,,,,,low,,
st_20613,서울대학교병원 암병원,12538183,http://place.map.kakao.com/12538183,37.5787787079,126.9975999763,high,서울대학교병원 암병원,서울 종로구 대학로 101
st_20614,래미안어반비스타아파트,1027182638,http://place.map.kakao.com/1027182638,37.4809212953,126.7630856639,high,래미안어반비스타아파트,경기 부천시 소사구 중동로 19
st_20615,단국대학교 죽전캠퍼스,836611712,http://place.map.kakao.com/836611712,37.321920308,127.1265921601,high,단국대학교 죽전캠퍼스,경기 용인시 수지구 죽전로 152
st_20616,삽교호놀이동산,143538080,http://place.map.kakao.com/143538080,36.8898430387,126.822629479,mid,삽교호놀이동산 은산희귀조각전시관,충남 당진시 신평면 삽교천3길 15
st_20617,포항 죽도시장,19449042,http://place.map.kakao.com/19449042,36.0363465099,129.3683886586,high,죽도시장,경북 포항시 북구 죽도시장13길 13-1
st_20618,여의도한강공원 물빛광장,867818456,http://place.map.kakao.com/867818456,37.5314573841,126.9269813204,mid,여의도한강공원 물빛무대앞광장,서울 영등포구 여의도동 83-6
st_20619,메종 드 플래터 스타시티서울,922073072,http://place.map.kakao.com/922073072,37.5422215096,127.1204630484,high,메종 드 플래터 스타 시티서울 레스토랑,서울 강동구 구천면로 140
st_20620,익산교도소세트장,11555705,http://place.map.kakao.com/11555705,36.0694515535,126.9306029888,high,익산 교도소 세트장,전북특별자치도 익산시 성당면 함낭로 207
st_20621,빠삐용Zip(옛 장흥교도소),,,,,low,,
st_20622,지노,10778615,http://place.map.kakao.com/10778615,37.8009080173,126.6867144496,high,지노,경기 파주시 탄현면 새오리로 211-17
st_20623,고바우(칼국수집),,,,,failed,,
st_20624,석형 집(밴드연습 장소),,,,,failed,,
st_20625,로사의 집,,,,,failed,,
st_20626,군부대(오음리),,,,,failed,,
st_20627,용마랜드,,,,,failed,,
st_20628,북악팔각정,8572077,http://place.map.kakao.com/8572077,37.6015902732,126.980658058,high,북악팔각정,서울 종로구 북악산로 267
st_20629,서울식물원,2034985788,http://place.map.kakao.com/2034985788,37.5681685037,126.8336182532,mid,서울식물원 주제원,서울 강서구 마곡동로 161
st_20630,경인미술관,8199463,http://place.map.kakao.com/8199463,37.5744206257,126.9854422144,high,경인미술관,서울 종로구 인사동10길 11-4
st_20631,봉산문화회관,18526397,http://place.map.kakao.com/18526397,35.8633579558,128.5965515825,high,봉산문화회관,대구 중구 봉산문화길 77
st_20632,쉴낙원 김포장례식장,8227394,http://place.map.kakao.com/8227394,37.6071448008,126.715410253,high,쉴낙원 김포장례식장,경기 김포시 승가로58번길 7
st_20633,덕릉로 698 앞 횡단보도,,,,,failed,,
st_20634,중계동 156-29 일대 골목·인도,,,,,failed,,
st_20635,문학산 청학동 등산로 입구,,,,,low,,
st_20636,헌화로,26952674,http://place.map.kakao.com/26952674,37.6530443111,129.0523677061,high,헌화로슈퍼,강원특별자치도 강릉시 옥계면 헌화로 461
st_20637,옥계해변,8015552,http://place.map.kakao.com/8015552,37.6284000359,129.0495239332,high,옥계해변,강원특별자치도 강릉시 옥계면 금진솔밭길 148-3
st_20638,금진항,11017236,http://place.map.kakao.com/11017236,37.652530463,129.0522855769,high,금진항,강원특별자치도 강릉시 옥계면 금진리 124-52
st_20639,정동진,1995540275,http://place.map.kakao.com/1995540275,37.6914301325,129.0326895737,high,정동진역,강원특별자치도 강릉시 강동면 정동역길 17
st_20640,가든갤러리 팔당덕소본점,8113534,http://place.map.kakao.com/8113534,37.5878576038,127.1740895796,mid,가든갤러리,경기 남양주시 강변북로632번길 57-28
st_20641,춘천송암스포츠타운 주경기장,17124506,http://place.map.kakao.com/17124506,37.855930438,127.6909643136,high,춘천송암스포츠타운 주경기장,강원특별자치도 춘천시 스포츠타운길 136
st_20642,리븐델게스트하우스,1756209832,http://place.map.kakao.com/1756209832,37.7026240837,127.5166791594,high,리븐델게스트하우스,경기 가평군 청평면 고재길 262-46
st_20643,인천국제공항 제1여객터미널,1731865578,http://place.map.kakao.com/1731865578,37.4491741658,126.4509203233,high,인천국제공항 제1여객터미널,인천 영종구 공항로 272
st_20644,한양대학교 ERICA캠퍼스,11318845,http://place.map.kakao.com/11318845,37.2964379196,126.8351660042,high,한양대학교 ERICA캠퍼스,경기 안산시 상록구 한양대학로 55
st_20645,e편한세상 송도,27377253,http://place.map.kakao.com/27377253,37.4114627223,126.6174400594,high,e편한세상송도아파트,인천 연수구 랜드마크로 113
st_20646,저스트코타워,1778408764,http://place.map.kakao.com/1778408764,37.5066268121,127.054313827,high,저스트코타워 주차장,서울 강남구 테헤란로 431
st_20647,콘코디언빌딩,1008489023,http://place.map.kakao.com/1008489023,37.5697260865,126.9731456279,high,콘코디언빌딩,서울 종로구 새문안로 76
st_20648,아트센터 인천,27043248,http://place.map.kakao.com/27043248,37.3932416117,126.6262146149,high,아트센터 인천,인천 연수구 아트센터대로 222
st_20649,코코에르 밤리단길카페점,1651803256,http://place.map.kakao.com/1651803256,37.6712759131,126.7828120566,high,코코에르 밤리단길카페점,경기 고양시 일산동구 일산로380번길 63-38
st_20650,노량진로32길 계단길,,,,,failed,,
st_20651,노량진 주택(강하리집),,,,,failed,,
st_20652,스테이트타워 남산,15094918,http://place.map.kakao.com/15094918,37.5602205974,126.9829459505,high,스테이트타워 남산,서울 중구 퇴계로 100
st_20653,도봉산,8259558,http://place.map.kakao.com/8259558,37.6988420639,127.0154585932,high,도봉산,서울 도봉구 도봉동 산 31
st_20654,불암산 애기봉,458106395,http://place.map.kakao.com/458106395,37.6608147811,127.1018139304,high,애기봉,경기 남양주시 식송1로 236-31
st_20655,양심장어 강남도곡점,1613636106,http://place.map.kakao.com/1613636106,37.485685249,127.0444108637,high,양심장어 강남도곡점,서울 강남구 남부순환로 2728
st_20656,삼양체육과학공원,,,,,failed,,
st_20657,서울중앙지방법원,8364878,http://place.map.kakao.com/8364878,37.4961816229,127.0119190392,high,서울중앙지방법원,서울 서초구 서초중앙로 157
st_20658,오크우드 프리미어 코엑스센터,27169901,http://place.map.kakao.com/27169901,37.5110453303,127.0581185303,high,오크우드프리미어 코엑스센터,서울 강남구 테헤란로87길 46
st_20659,더링크서울 트리뷰트 포트폴리오 호텔,869232764,http://place.map.kakao.com/869232764,37.5054920779,126.88395026,high,더링크서울 트리뷰트포트폴리오호텔,서울 구로구 경인로 610
st_20660,의정부교도소,,,,,failed,,
st_20661,영화빌딩 경동전기상사 상가건물,,,,,failed,,
st_20662,장승백이 상가,24037517,http://place.map.kakao.com/24037517,37.4456619778,126.7358332547,high,장승백이상가,인천 남동구 장승로 25
st_20663,카페 릴리블랑,25044342,http://place.map.kakao.com/25044342,37.4776207019,127.0381563618,high,카페릴리블랑,서울 서초구 양재천로19길 52
st_20664,로이터 커피 셸터,,,,,failed,,
st_20665,와인컬렉터 삼성점,,,,,failed,,
st_20666,여유도예공방,699659853,http://place.map.kakao.com/699659853,34.7792220396,127.7453044879,mid,여유도예공방,전남광주통합특별시 여수시 만성리길 53
st_20667,삽교호놀이동산,143538080,http://place.map.kakao.com/143538080,36.8898430387,126.822629479,mid,삽교호놀이동산 은산희귀조각전시관,충남 당진시 신평면 삽교천3길 15
st_20668,3917마중,849000646,http://place.map.kakao.com/849000646,35.0335789475,126.7107757543,mid,39-17마중,전남광주통합특별시 나주시 향교길 42-16
st_20669,울산대학교,11359943,http://place.map.kakao.com/11359943,35.5437883322,129.2570149103,mid,울산대학교,울산 남구 대학로 93
st_20670,국립경국대학교 안동캠퍼스,1223179296,http://place.map.kakao.com/1223179296,36.542680153,128.7967481633,mid,국립경국대학교 안동캠퍼스,경북 안동시 경동로 1375
st_20671,홍대 와우산로27길,,,,,failed,,
st_20672,여수서시장,,,,,low,,
st_20673,홀통해수욕장,8176367,http://place.map.kakao.com/8176367,35.0618781054,126.336882937,high,홀통해수욕장,전남광주통합특별시 무안군 현경면 오류리 2-1
st_20674,미미옥 신용산점,256180379,http://place.map.kakao.com/256180379,37.5262843768,126.9629524215,mid,미미옥 신용산점,서울 용산구 한강대로15길 27
st_20675,미메시스 아트 뮤지엄,13272490,http://place.map.kakao.com/13272490,37.716792732,126.6889188346,mid,미메시스 아트 뮤지엄,경기 파주시 문발로 253
st_20676,대신고 앞 철길 횡단 육교,,,,,failed,,
st_20677,강동경희대병원,1401782789,http://place.map.kakao.com/1401782789,37.5533227967,127.157849668,high,강동경희대병원 호흡기내과,서울 강동구 동남로 892
st_20678,지산빌딩,,,,,failed,,
st_20679,우송정보대학 동캠퍼스,26499057,http://place.map.kakao.com/26499057,36.3344770729,127.4527760423,high,우송정보대학 동캠퍼스,대전 동구 백룡로 59
st_20680,홍대축제거리,1634364045,http://place.map.kakao.com/1634364045,37.5512343122,126.9213489496,high,홍대축제거리,서울 마포구 서교동 365-28
st_20681,인천국제공항 제1교통센터,17561686,http://place.map.kakao.com/17561686,37.4477420081,126.4523739227,high,인천국제공항 제1교통센터,인천 영종구 공항로 271
st_20682,농구장(도봉동),1181006723,http://place.map.kakao.com/1181006723,37.6912149619,127.0494334048,high,농구장,서울 도봉구 도봉동 2-6
st_20683,쓰리팝 PC방 대방점,30067041,http://place.map.kakao.com/30067041,37.5121166001,126.9317314687,mid,쓰리팝(대방점),서울 동작구 등용로 123
st_20684,CU 공군호텔점,630679080,http://place.map.kakao.com/630679080,37.5108885239,126.9229318076,mid,CU 영등포공군호텔점,서울 영등포구 영등포로86길 23
st_20685,한온시스템 생활관(구 한라공조 생활관),8148994,http://place.map.kakao.com/8148994,36.4447479886,127.4094498425,mid,한온시스템 생활관,대전 대덕구 대덕대로1448번길 70
st_20686,종로 윤보선길,,,,,low,,
st_20687,63빌딩,26406915,http://place.map.kakao.com/26406915,37.5198148916,126.9402615844,high,63빌딩,서울 영등포구 63로 50
st_20688,책마을 경기광주점,21133801,http://place.map.kakao.com/21133801,37.4123231065,127.2545069848,mid,책마을 광주점,경기 광주시 중앙로145번길 25
st_20689,종로 일대,,,,,failed,,
st_20690,루하스사우나,27387876,http://place.map.kakao.com/27387876,37.6341735166,126.9176985625,mid,루하스사우나,서울 은평구 통일로 1030
st_20691,서울역 11번 출구 버스정류장,,,,,failed,,
st_20692,지후아타네호,18533456,http://place.map.kakao.com/18533456,37.390146501,127.0932123034,mid,지후아타네호,경기 성남시 분당구 판교공원로1길 49
st_20693,대왕판교로644번길,,,,,failed,,
st_20694,서울여자대학교 50주년기념관,20348051,http://place.map.kakao.com/20348051,37.6263215436,127.0930533125,mid,서울여자대학교 50주년기념관,서울 노원구 화랑로 621
st_20695,삼거마을삼성래미안1차아파트,7920002,http://place.map.kakao.com/7920002,37.2991301671,127.1116467492,mid,삼거마을삼성래미안1차아파트,경기 용인시 기흥구 용구대로2394번길 27
st_20696,낙원상가 앞,,,,,failed,,
st_20697,삼일대로30길,,,,,low,,
st_20698,세종대로,26523146,http://place.map.kakao.com/26523146,37.5661625938,126.9771674005,mid,세종대로,서울 중구 정동 5-8
st_20699,명륜진사갈비 포천시청점,1004336360,http://place.map.kakao.com/1004336360,37.9052905307,127.207660786,high,명륜진사갈비 포천시청점,경기 포천시 신북면 왕방로 324
st_20700,오동근린공원 등산로,,,,,failed,,
st_20701,월곡산 애기릉터공원,,,,,failed,,
st_20702,인천국제공항 제1교통센터,17561686,http://place.map.kakao.com/17561686,37.4477420081,126.4523739227,mid,인천국제공항 제1교통센터,인천 영종구 공항로 271
st_20703,월드컵대교,1113513163,http://place.map.kakao.com/1113513163,37.5567091982,126.8855141829,high,월드컵대교,서울 마포구 상암동 1541
st_20704,계동길 카페 탐탐 앞,,,,,failed,,
st_20705,포비 합정점 앞,,,,,failed,,
st_20706,한강시민공원 원효대교 남단,,,,,failed,,
st_20707,와룡공원길 조망지점,,,,,failed,,
st_20708,청운공원 다목적운동장,25019237,http://place.map.kakao.com/25019237,37.5885802172,126.9658970803,high,청운공원 다목적운동장,서울 종로구 청운동 7-6
st_20709,윤동주문학관 앞,,,,,failed,,
st_20710,안산올림픽기념관,8001559,http://place.map.kakao.com/8001559,37.3261707784,126.8273317109,mid,안산올림픽기념관,경기 안산시 단원구 적금로 202
st_20711,오송호수공원 파크골프장 앞,,,,,failed,,
st_20712,송도IBS타워,14918475,http://place.map.kakao.com/14918475,37.3980213428,126.6339382595,mid,송도IBS타워,인천 연수구 센트럴로 263
st_20713,윤보선길,,,,,low,,
st_20714,남산공원 전망대(팔각광장),,,,,failed,,
st_20715,남산서울타워,1717794753,http://place.map.kakao.com/1717794753,37.55112113,126.9878685172,mid,돈룩업 남산서울타워점,서울 용산구 남산공원길 105
st_20716,오렌지플래닛,180325615,http://place.map.kakao.com/180325615,37.5020753178,127.039772458,high,오렌지플래닛,서울 강남구 테헤란로 217
st_20717,서울법원종합청사,10498918,http://place.map.kakao.com/10498918,37.4982792628,127.0109196833,high,서울법원 종합청사별관,서울 서초구 서초중앙로 157
st_20718,콘래드 서울 아트리오,27543646,http://place.map.kakao.com/27543646,37.5254565911,126.9267835391,high,콘래드서울 아트리오,서울 영등포구 국제금융로 10
st_20719,독투독(우쭈쭈케어센터 합정점),,,,,failed,,
st_20720,달빛애견글램핑,1252315189,http://place.map.kakao.com/1252315189,37.9650223409,127.337656224,mid,달빛글램핑,경기 포천시 일동면 사기막길 67-6
st_20721,아나키아,1855877702,http://place.map.kakao.com/1855877702,37.7285158454,127.1137197878,high,아나키아,경기 의정부시 잔돌길 22
st_20722,위드포레타운하우스,,,,,failed,,
st_20723,훗닭,19662287,http://place.map.kakao.com/19662287,37.5773053152,126.9310889847,high,훗닭,서울 서대문구 홍제천로 160
st_20724,동막골유황천,14751707,http://place.map.kakao.com/14751707,38.089434557,127.0810663304,high,동막골유황천,경기 연천군 연천읍 동막로25번길 181
st_20725,서원밸리컨트리클럽,,,,,low,,
st_20726,구스커피앤바,1101251149,http://place.map.kakao.com/1101251149,37.5549058171,126.9075833142,high,구스커피앤바,서울 마포구 월드컵로17길 56
st_20727,더 링크호텔 서울,244796073,http://place.map.kakao.com/244796073,37.5053261554,126.8838102759,high,더링크호텔,서울 구로구 경인로 610
st_20728,송도웰니스센터,,,,,low,,
st_20729,연세대학교 신촌캠퍼스 연희관,17557536,http://place.map.kakao.com/17557536,37.5672843228,126.9390487705,mid,연세대학교 연희관,서울 서대문구 연세로 50
st_20730,콤콤오락실 익선동점,,,,,low,,
st_20731,서울중앙고등학교,12447901,http://place.map.kakao.com/12447901,37.5840253863,126.9868442302,high,중앙고등학교,서울 종로구 창덕궁길 164
st_20732,왕자만화방(와이앤아니마),,,,,failed,,
st_20733,국립현대미술관 서울관 앞 도로(삼청로),,,,,failed,,
st_20734,감고당길,24406421,http://place.map.kakao.com/24406421,37.577980929,126.9823169955,high,감고당길,서울 종로구 송현동 34-2
st_20735,설리 스카이워크,1775522259,http://place.map.kakao.com/1775522259,34.7085029225,128.0230683889,high,설리스카이워크,경남 남해군 미조면 미송로303번길 176
st_20736,상주은모래비치,,,,,failed,,
st_20737,남해상상양떼목장편백숲,27606039,http://place.map.kakao.com/27606039,34.9360461768,127.8896194335,high,남해상상양떼목장편백숲,경남 남해군 설천면 설천로775번길 364
st_20738,용인대학교,9279310,http://place.map.kakao.com/9279310,37.2263321964,127.1688031067,mid,용인대학교,경기 용인시 처인구 용인대학로 134
st_20739,인하대학교,11160570,http://place.map.kakao.com/11160570,37.4493990964,126.6543513169,mid,인하대학교 용현캠퍼스,인천 미추홀구 인하로 100
st_20740,서울과학기술대학교,9108449,http://place.map.kakao.com/9108449,37.6318810008,127.0802789639,mid,서울과학기술대학교,서울 노원구 공릉로 232
st_20741,삼육대학교,7927244,http://place.map.kakao.com/7927244,37.6431063094,127.1055288599,mid,삼육대학교,서울 노원구 화랑로 815
st_20742,한국체육대학교,11219441,http://place.map.kakao.com/11219441,37.5201630107,127.1308119907,mid,한국체육대학교,서울 송파구 양재대로 1239
st_20743,서울시립미술관 서소문본관,10507051,http://place.map.kakao.com/10507051,37.5641057989,126.9736988635,mid,서울시립미술관 서소문본관,서울 중구 덕수궁길 61
st_20744,이월드,10821532,http://place.map.kakao.com/10821532,35.8548550531,128.5648212095,mid,이월드,대구 달서구 두류공원로 200
st_20745,주문진해변,8073114,http://place.map.kakao.com/8073114,37.9111195197,128.8187802228,high,주문진해변,강원특별자치도 강릉시 주문진읍 향호리 8-35
st_20746,응봉산 팔각정,24876765,http://place.map.kakao.com/24876765,37.5478203107,127.0299086705,high,응봉산 팔각정,서울 성동구 금호동4가 1540
st_20747,옥순봉,8018786,http://place.map.kakao.com/8018786,36.9436974969,128.2372136442,high,옥순봉,충북 제천시 수산면 괴곡리 산 8
st_20748,보리나라 학원농장(청보리밭),,,,,failed,,
st_20749,상당산성,7923026,http://place.map.kakao.com/7923026,36.6623007044,127.5413954469,high,상당산성,충북 청주시 상당구 산성동 산 28-2
st_20750,무등산 증심사 편백숲,,,,,failed,,
st_20751,황매산군립공원,25019761,http://place.map.kakao.com/25019761,35.4966394918,127.9833202191,mid,황매산군립공원,경남 합천군 가회면 둔내리 산 219
st_20752,무릉계곡관광지,7877800,http://place.map.kakao.com/7877800,37.4634674448,129.0193772354,high,무릉계곡관광지,강원특별자치도 동해시 삼화로 538
st_20753,그랜드 워커힐 서울,24008908,http://place.map.kakao.com/24008908,37.5552277843,127.1108925724,high,그랜드워커힐서울,서울 광진구 워커힐로 177
st_20754,콘래드 서울,18206183,http://place.map.kakao.com/18206183,37.5254187245,126.9267439814,high,콘래드 서울,서울 영등포구 국제금융로 10
st_20755,경희대학교 서울캠퍼스,11038502,http://place.map.kakao.com/11038502,37.5971656623,127.0517388941,high,경희대학교 서울캠퍼스,서울 동대문구 경희대로 26
st_20756,피커스 종로점,1330937676,http://place.map.kakao.com/1330937676,37.5709109333,126.9913970467,high,피커스 종로점,서울 종로구 돈화문로5가길 1
st_20757,숙명여자대학교 명신관,17557557,http://place.map.kakao.com/17557557,37.5458975469,126.9635628283,high,숙명여자대학교 명신관,서울 용산구 청파로47길 100
st_20758,아스톤하우스,,,,,failed,,
st_20759,롯데백화점 일산점,7858515,http://place.map.kakao.com/7858515,37.6604710488,126.772133628,high,롯데백화점 일산점,경기 고양시 일산동구 중앙로 1283
st_20760,W스퀘어컨벤션,26903392,http://place.map.kakao.com/26903392,37.400564524,127.1114774357,high,W스퀘어컨벤션,경기 성남시 분당구 판교역로226번길 16
st_20761,스카이247,,,,,failed,,
st_20762,롯데백화점 중동점,8009211,http://place.map.kakao.com/8009211,37.502569107,126.7752042083,high,롯데백화점 중동점,경기 부천시 원미구 길주로 300
st_20763,오크밸리리조트 피클볼파크,1565734473,http://place.map.kakao.com/1565734473,37.4339494693,127.8200086131,high,오크밸리리조트 피클볼파크,강원특별자치도 원주시 지정면 월송리 1061-16
st_20764,용인대장금테마파크,11344902,http://place.map.kakao.com/11344902,37.1211916935,127.3375794309,high,용인대장금테마파크,경기 용인시 처인구 백암면 용천드라마길 25
st_20765,월미공원,24877789,http://place.map.kakao.com/24877789,37.4734712372,126.6035402697,high,월미공원,인천 제물포구 북성동1가 산 125
st_20766,인하대학교 정석학술정보관,8052975,http://place.map.kakao.com/8052975,37.4493918196,126.6524843781,high,인하대학교 정석학술정보관,인천 미추홀구 인하로 100
st_20767,인천국제공항 제1여객터미널,1731865578,http://place.map.kakao.com/1731865578,37.4491741658,126.4509203233,high,인천국제공항 제1여객터미널,인천 영종구 공항로 272
st_20768,클럽디 더플레이어스,26952881,http://place.map.kakao.com/26952881,37.777435373,127.750701362,high,클럽디 더플레이어스,강원특별자치도 춘천시 동산면 새술막길 438
st_20769,롯데호텔 제주,7862728,http://place.map.kakao.com/7862728,33.2485994313,126.4103298616,high,롯데호텔 제주,제주특별자치도 서귀포시 중문관광로72번길 35
st_20770,제주신라호텔,7967458,http://place.map.kakao.com/7967458,33.2474308776,126.4080414112,high,제주신라호텔,제주특별자치도 서귀포시 중문관광로72번길 75
st_20771,신창풍차해안도로,26239274,http://place.map.kakao.com/26239274,33.3430810267,126.1742060466,high,신창풍차해안도로,제주특별자치도 제주시 한경면 신창리 1322-1
st_20772,애월해안도로,11889968,http://place.map.kakao.com/11889968,33.4781232944,126.368678721,high,애월해안도로,제주특별자치도 제주시 애월읍 신엄리 2719-3
st_20773,농암종택,10272708,http://place.map.kakao.com/10272708,36.7640813102,128.8847464204,high,농암종택,경북 안동시 도산면 가송길 162-133
st_20774,양재시민의숲역(신분당선 강남방면 승강장),,,,,failed,,
st_20775,상봉시외버스터미널,,,,,failed,,
st_20776,CU 쌍문우이천점,1759016691,http://place.map.kakao.com/1759016691,37.6497695273,127.0200513256,high,CU 쌍문우이천점,서울 도봉구 우이천로39길 11
st_20777,혜화역 달고나 상점,,,,,failed,,
st_20778,남산공원 산책로,,,,,failed,,
st_20779,백운시장,18524801,http://place.map.kakao.com/18524801,37.6557112804,127.0155981032,high,백운시장,서울 도봉구 삼양로154길 42
st_20780,월미도 마이랜드,7866176,http://place.map.kakao.com/7866176,37.4749821792,126.5989887608,high,마이랜드,인천 제물포구 월미로234번길 1
st_20781,선갑도,11141954,http://place.map.kakao.com/11141954,37.0922404329,126.0792112986,high,선갑도,인천 옹진군 자월면 승봉리 산 240
st_20782,강화 교동초등학교,11497893,http://place.map.kakao.com/11497893,37.7836810115,126.2817198142,high,교동초등학교,인천 강화군 교동면 대룡안길 29
st_20783,공항철도 공항화물청사역,,,,,low,,
st_20784,남산서울타워,43972424,http://place.map.kakao.com/43972424,37.5511932119,126.9878888756,mid,육첩반상 남산서울타워점,서울 용산구 남산공원길 105
st_20785,동강시스타리조트,,,,,low,,
st_20786,헤이리예술마을,8616522,http://place.map.kakao.com/8616522,37.7880409087,126.6993044015,high,헤이리예술마을,경기 파주시 탄현면 헤이리마을길 70-21
st_20787,해운대해수욕장,7913306,http://place.map.kakao.com/7913306,35.1585232171,129.1598546685,high,해운대해수욕장,부산 해운대구 우동
st_20788,김녕해변,,,,,low,,
st_20789,평대리 팽나무(폭낭),,,,,failed,,
st_20790,광치기해변,13723499,http://place.map.kakao.com/13723499,33.4525208556,126.9241932501,high,광치기해변,제주특별자치도 서귀포시 성산읍 고성리 224-1
st_20791,김경숙해바라기농장,26842880,http://place.map.kakao.com/26842880,33.4773866326,126.627632775,mid,김경숙해바라기농장,제주특별자치도 제주시 번영로 854-1
st_20792,신창풍차해안도로,26239274,http://place.map.kakao.com/26239274,33.3430810267,126.1742060466,high,신창풍차해안도로,제주특별자치도 제주시 한경면 신창리 1322-1
st_20793,스카이다이브 코리아,1836465377,http://place.map.kakao.com/1836465377,37.1937518822,127.7435587677,mid,스카이다이브코리아,충북 충주시 앙성면 단암길 19-1
st_20794,덕수궁 디팰리스,1694211204,http://place.map.kakao.com/1694211204,37.5687031866,126.9719834988,high,덕수궁 디팰리스 전기차충전소,서울 종로구 새문안로2길 10
st_20795,당산철교,1381960885,http://place.map.kakao.com/1381960885,37.5408638894,126.9077545344,high,당산철교,서울 영등포구 여의도동 80-3
st_20796,아난티 앳 부산 코브,27224037,http://place.map.kakao.com/27224037,35.1979296425,129.2282813828,high,아난티 앳 부산 코브,부산 기장군 기장읍 기장해안로 268-32
st_20797,메가박스 코엑스,7877178,http://place.map.kakao.com/7877178,37.5127460688,127.0588403523,high,메가박스 코엑스,서울 강남구 영동대로 513
st_20798,서울역,9113903,http://place.map.kakao.com/9113903,37.5540688873,126.9707033525,high,서울역,서울 중구 한강대로 405
st_20799,인천국제공항 제1교통센터,17561686,http://place.map.kakao.com/17561686,37.4477420081,126.4523739227,high,인천국제공항 제1교통센터,인천 영종구 공항로 271
st_20800,왕산마리나길,22875704,http://place.map.kakao.com/22875704,37.4578646623,126.3578489013,mid,왕산마리나,인천 영종구 왕산마리나길 143
st_20801,낙산공원,8253524,http://place.map.kakao.com/8253524,37.5805696686,127.0075217637,high,낙산공원,서울 종로구 낙산길 41
st_20802,쌍문역,21160598,http://place.map.kakao.com/21160598,37.6485426057,127.0346560976,high,쌍문역 4호선,서울 도봉구 도봉로 지하 486-1
st_20803,얄개분식,584706172,http://place.map.kakao.com/584706172,36.7106470367,126.5462354099,high,얄개분식,충남 서산시 해미면 읍성마을4길 24-1
st_20804,해미읍성,8151963,http://place.map.kakao.com/8151963,36.7126550515,126.5482158501,high,해미읍성,충남 서산시 해미면 남문2로 143
st_20805,동광극장,134620832,http://place.map.kakao.com/134620832,37.908604593,127.052288253,mid,동광극장앞노상공영주차장,경기 동두천시 생연동 585-152
st_20806,보리나라 학원농장,,,,,low,,
st_20807,우영김밥(카자구루마),,,,,failed,,
st_20808,소소바,,,,,failed,,
st_20809,울산지방법원,8461901,http://place.map.kakao.com/8461901,35.5393452185,129.2875060407,high,울산지방법원,울산 남구 법대로 55
st_20810,장화리 일몰 조망지,26414858,http://place.map.kakao.com/26414858,37.6160239623,126.3777416457,high,장화리 일몰 조망지,인천 강화군 화도면 장화리 1359
st_20811,더현대서울,1662602781,http://place.map.kakao.com/1662602781,37.525872071,126.9284461241,high,더현대 서울,서울 영등포구 여의대로 108
st_20812,창원 북부리 팽나무,287391715,http://place.map.kakao.com/287391715,35.3491062321,128.7275381377,high,창원 북부리 팽나무,경남 창원시 의창구 대산면 북부리 102-1
st_20813,카페 온더데스크,2055459555,http://place.map.kakao.com/2055459555,37.3855365809,127.1281726068,high,카페온더데스크,경기 성남시 분당구 서현로237번길 3
st_20814,창꼼,1922453785,http://place.map.kakao.com/1922453785,33.5529420329,126.7000024928,high,창꼼,제주특별자치도 제주시 조천읍 북촌리 403-9
st_20815,함덕해수욕장,8148451,http://place.map.kakao.com/8148451,33.5430615661,126.669238934,high,함덕해수욕장,제주특별자치도 제주시 조천읍 조함해안로 525
st_20816,관음사,8182461,http://place.map.kakao.com/8182461,33.4237402612,126.5581236845,high,관음사,제주특별자치도 제주시 산록북로 660
st_20817,새연교(새섬),26875121,http://place.map.kakao.com/26875121,33.2385325394,126.5588860147,high,새연교,제주특별자치도 서귀포시 서홍동 707-4
st_20818,신남방파제(신남항),,,,,failed,,
st_20819,태화강국가정원 십리대숲,11581806,http://place.map.kakao.com/11581806,35.5456401673,129.2965513161,high,태화강국가정원 십리대숲,울산 중구 태화동 636
st_20820,경기전(전주한옥마을 일대),,,,,failed,,
st_20821,1기 단밤(언덕집소곱창),,,,,failed,,
st_20822,클리프 서울(2기 단밤),,,,,failed,,
st_20823,게우지코지,,,,,failed,,
st_20824,만만코로코로(장가포차),,,,,failed,,
st_20825,한옥카페 선운각,891083645,http://place.map.kakao.com/891083645,37.6557267273,126.9998322784,high,한옥카페 선운각,서울 강북구 삼양로173길 223
st_20826,수원 일월수목원(일월저수지),,,,,failed,,
st_20827,스테이트타워 남산(장가본사),,,,,failed,,
st_20828,쌍대포소금구이,,,,,low,,
st_20829,예빈산,,,,,failed,,
st_20830,용산구청,11986555,http://place.map.kakao.com/11986555,37.5324256326,126.9905755577,high,용산구청,서울 용산구 녹사평대로 150
st_20831,장자호수공원,11312889,http://place.map.kakao.com/11312889,37.5846555426,127.1379080139,high,장자호수공원삼거리,경기 구리시 교문동
st_20832,삼성역 캐논코리아,,,,,low,,
st_20833,트리플 스트리트,27497408,http://place.map.kakao.com/27497408,37.3799951417,126.6609975037,high,트리플스트리트,인천 연수구 송도과학로16번길 33-3
st_20834,지미추 여주프리미엄아울렛점,853010936,http://place.map.kakao.com/853010936,37.2413432752,127.6124827414,high,지미추 여주프리미엄아울렛점,경기 여주시 명품로 360
st_20835,YTN 뉴스퀘어,12818617,http://place.map.kakao.com/12818617,37.5790395171,126.8922702767,mid,YTN뉴스퀘어,서울 마포구 상암산로 76
st_20836,동대문디자인플라자,25022134,http://place.map.kakao.com/25022134,37.5671843131,127.0099110139,high,동대문디자인플라자,서울 중구 을지로 281
st_20837,감포 해국길,2087577487,http://place.map.kakao.com/2087577487,35.8048184547,129.5018828652,high,감포해국길,경북 경주시 감포읍 감포로 119-6
st_20838,나정고운모래해변,8223627,http://place.map.kakao.com/8223627,35.7822895514,129.4914989847,high,나정고운모래해변,경북 경주시 감포읍 동해안로 1915
st_20839,자유공원,8538273,http://place.map.kakao.com/8538273,37.4755030374,126.6219705827,high,자유공원,인천 제물포구 송학동1가 11-1
st_20840,의정부중앙초등학교,8544771,http://place.map.kakao.com/8544771,37.7450797152,127.0469775948,high,의정부중앙초등학교,경기 의정부시 호국로1291번길 17
st_20841,건양고등학교,8173183,http://place.map.kakao.com/8173183,36.1415310158,127.2342693506,high,건양고등학교,충남 논산시 양촌면 황산벌로 486-21
st_20842,오송첨단의료산업진흥재단,886384192,http://place.map.kakao.com/886384192,36.6341660573,127.3249626564,high,오송첨단의료산업진흥재단,충북 청주시 흥덕구 오송읍 오송생명로 123
st_20843,페어몬트 앰배서더 서울,,,,,failed,,
st_20844,시엔 구월점,,,,,failed,,
st_20845,이엔갤러리,1684219944,http://place.map.kakao.com/1684219944,37.6131641514,126.9707606003,high,이엔갤러리,서울 종로구 평창길 224
st_20846,이월드,10821532,http://place.map.kakao.com/10821532,35.8548550531,128.5648212095,mid,이월드,대구 달서구 두류공원로 200
st_20847,숭례문,7813430,http://place.map.kakao.com/7813430,37.5600030089,126.9753131242,mid,숭례문,서울 중구 세종대로 40
st_20848,남산서울타워,1717794753,http://place.map.kakao.com/1717794753,37.55112113,126.9878685172,mid,돈룩업 남산서울타워점,서울 용산구 남산공원길 105
st_20849,성희여자고등학교,8410962,http://place.map.kakao.com/8410962,36.5515531538,128.7291389736,high,성희여자고등학교,경북 안동시 강남로 246
st_20850,안동탈춤공연장(탈춤공원),,,,,low,,
st_20851,목척교,47177233,http://place.map.kakao.com/47177233,36.3299139842,127.4292029176,high,목척교,대전 중구 은행동 331
st_20852,문경새재오픈세트장,24974663,http://place.map.kakao.com/24974663,36.7713996803,128.0740720264,high,문경새재오픈세트장,경북 문경시 문경읍 새재로 1037
st_20853,가은오픈세트장,12711178,http://place.map.kakao.com/12711178,36.6525908672,128.0647879905,high,가은오픈세트장,경북 문경시 가은읍 왕능길 112
st_20854,신남해수욕장,8408982,http://place.map.kakao.com/8408982,37.2647170013,129.3270724029,high,신남해수욕장,강원특별자치도 삼척시 원덕읍 갈남리
st_20855,삽교호놀이공원,15315811,http://place.map.kakao.com/15315811,36.8902283319,126.8223772964,high,삽교호놀이공원,충남 당진시 신평면 삽교천3길 15
st_20856,위크엔드 라운지 자유공원점,765416512,http://place.map.kakao.com/765416512,37.4748490029,126.624827286,high,위크엔드 라운지 자유공원점,인천 제물포구 송학로 63
st_20857,더판다,,,,,failed,,
st_20858,대전광역시청,11305938,http://place.map.kakao.com/11305938,36.3505388993,127.3848348468,high,대전광역시청,대전 서구 둔산로 100
st_20859,마곡중앙로,,,,,low,,
st_20860,정도리 구계등,8210190,http://place.map.kakao.com/8210190,34.2976847671,126.706222218,high,완도정도리구계등,전남광주통합특별시 완도군 완도읍 정도리 151
st_20861,대천해수욕장,24925403,http://place.map.kakao.com/24925403,36.3102317301,126.5134815928,mid,대천해수욕장,충남 보령시 머드로 123
st_20862,계명대학교 동산병원,27600680,http://place.map.kakao.com/27600680,35.8538900333,128.4801263968,mid,계명대학교 동산병원,대구 달서구 달구벌대로 1035
st_20863,당머리 참장어거리,,,,,failed,,
st_20864,더스테이힐링파크,1394026667,http://place.map.kakao.com/1394026667,37.6618177779,127.5243522063,high,더스테이힐링파크,경기 가평군 설악면 한서로268번길 157
st_20865,알펜시아 리조트,17577090,http://place.map.kakao.com/17577090,37.654285302,128.6711074418,high,알펜시아리조트 알파,강원특별자치도 평창군 대관령면 솔봉로 325
st_20866,서울드래곤시티,485944812,http://place.map.kakao.com/485944812,37.5318164677,126.9627641396,mid,서울드래곤시티호텔,서울 용산구 청파로20길 95
st_20867,자연부여유스호스텔,8060513,http://place.map.kakao.com/8060513,36.2849869112,126.717100548,high,자연부여유스호스텔,충남 부여군 외산면 반교동로 6
st_20868,나프플리오,,,,,failed,,
st_20869,아크로나플리아 성,,,,,failed,,
st_20870,모넴바시아 다리,,,,,failed,,
st_20871,클럽 크로마,,,,,low,,
st_20872,경희대학교 평화의전당,17561258,http://place.map.kakao.com/17561258,37.5986824731,127.0527738146,mid,경희대학교 서울캠퍼스 평화의전당,서울 동대문구 경희대로 26
st_20873,송월동동화마을,24912443,http://place.map.kakao.com/24912443,37.4786609152,126.6196799725,high,송월동동화마을,인천 제물포구 송월동3가 17-1
st_20874,인천국제공항 제1여객터미널,1731865578,http://place.map.kakao.com/1731865578,37.4491741658,126.4509203233,high,인천국제공항 제1여객터미널,인천 영종구 공항로 272
st_20875,시흥갯골생태공원,7971967,http://place.map.kakao.com/7971967,37.3906904238,126.7809839494,high,시흥갯골생태공원,경기 시흥시 동서로 287
st_20876,제주국제공항,10808261,http://place.map.kakao.com/10808261,33.5068398484,126.4927230449,high,제주국제공항,제주특별자치도 제주시 공항로 2
st_20877,성산일출봉,25285071,http://place.map.kakao.com/25285071,33.4591349705,126.9405375214,high,성산일출봉,제주특별자치도 서귀포시 성산읍 성산리 78
st_20878,돌하르방미술관,531445637,http://place.map.kakao.com/531445637,33.5388432555,126.6888110831,high,돌하르방미술관,제주특별자치도 제주시 조천읍 북촌서1길 70
st_20879,아난티 코브,1672210391,http://place.map.kakao.com/1672210391,35.2002410464,129.22901422,high,아난티 코브,부산 기장군 기장읍 기장해안로 268-31
st_20880,놀뫼시민장례식장,1598380383,http://place.map.kakao.com/1598380383,36.1789376368,127.0964433194,mid,놀뫼시민장례원,충남 논산시 원댕이길 12
st_20881,삼방산 얼음골,,,,,failed,,
st_20882,삽교호 놀이동산,143538080,http://place.map.kakao.com/143538080,36.8898430387,126.822629479,mid,삽교호놀이동산 은산희귀조각전시관,충남 당진시 신평면 삽교천3길 15
st_20883,제원예술대학교,,,,,failed,,
st_20884,새뜰마을,,,,,failed,,
st_20885,포천아트밸리,11520510,http://place.map.kakao.com/11520510,37.9231741493,127.2372456049,high,포천아트밸리,경기 포천시 신북면 아트밸리로 234
st_20886,창경궁로5길 일대,,,,,failed,,
st_20887,일품양고치,,,,,failed,,
st_20888,로케이션 어스,1999778042,http://place.map.kakao.com/1999778042,37.8030797347,126.7302050661,high,로케이션어스,경기 파주시 탄현면 검산로 423-71
st_20889,흥호리 세트장,,,,,failed,,
st_20890,그랜드인터컨티넨탈 서울파르나스,8161840,http://place.map.kakao.com/8161840,37.5091915119,127.0608066935,high,그랜드인터컨티넨탈 서울파르나스,서울 강남구 테헤란로 521
st_20891,N서울타워,1629378951,http://place.map.kakao.com/1629378951,37.5513049703,126.9882306221,high,N서울타워,서울 용산구 남산공원길 105
st_20892,탄도항(탄도바닷길),,,,,failed,,
st_20893,태양의후예공원(태백 오픈세트장),,,,,failed,,
st_20894,통리탄탄파크,1340119321,http://place.map.kakao.com/1340119321,37.1608380676,129.0432567783,high,통리탄탄파크,강원특별자치도 태백시 통골길 116-44
st_20895,삼탄아트마인,19881841,http://place.map.kakao.com/19881841,37.1850172007,128.8828627979,high,삼탄아트마인,강원특별자치도 정선군 고한읍 함백산로 1445-44
st_20896,월미도,12461589,http://place.map.kakao.com/12461589,37.4717375834,126.5992310576,high,월미도,인천 제물포구 북성동1가 125
st_20897,신포국제시장,18524984,http://place.map.kakao.com/18524984,37.471369289,126.627094291,high,신포국제시장,인천 제물포구 우현로49번길 25
st_20898,송도센트럴파크,13577707,http://place.map.kakao.com/13577707,37.3930639599,126.6386296894,high,송도센트럴파크,인천 연수구 송도동 24-5
st_20899,충북대학교병원,8117067,http://place.map.kakao.com/8117067,36.6240283743,127.4614677521,high,충북대학교병원,충북 청주시 서원구 1순환로 776
st_20900,정릉동 주택가,,,,,failed,,
st_20901,경동 골목,,,,,failed,,
st_20902,천호대교,8089077,http://place.map.kakao.com/8089077,37.5427246764,127.1127490139,high,천호대교,서울 송파구 풍납동 383
st_20903,중부시장,966544243,http://place.map.kakao.com/966544243,37.5666261112,127.0003033499,high,중부시장 1문,서울 중구 을지로5가 270-37
st_20904,반포한강공원,8142957,http://place.map.kakao.com/8142957,37.5108199269,126.9971610408,high,반포한강공원,서울 서초구 반포동 115-5
st_20905,한남대교,8132228,http://place.map.kakao.com/8132228,37.52702108,127.0130518543,high,한남대교,서울 강남구 신사동 490
st_20906,올림픽대교,8023730,http://place.map.kakao.com/8023730,37.5341337738,127.1037605966,high,올림픽대교,서울 송파구 신천동 253
st_20907,신사역,21160633,http://place.map.kakao.com/21160633,37.5164359753,127.0203085627,high,신사역 3호선,서울 강남구 도산대로 지하 102
st_20908,설악산 울산바위,8036325,http://place.map.kakao.com/8036325,38.1943496599,128.4742623541,high,설악산 울산바위,강원특별자치도 고성군 토성면 원암리 산 1-2
st_20909,라센트라 골프빌리지,,,,,failed,,
st_20910,서래섬·반포한강공원 잠수교,,,,,failed,,
st_20911,호텔나루서울 엠갤러리(레스토랑 부아쟁),,,,,failed,,
st_20912,고산정,8193483,http://place.map.kakao.com/8193483,36.7676870298,128.892122847,high,고산정,경북 안동시 도산면 가송길 177-42
st_20913,용인대장금테마파크,11344902,http://place.map.kakao.com/11344902,37.1211916935,127.3375794309,high,용인대장금테마파크,경기 용인시 처인구 백암면 용천드라마길 25
st_20914,담양 존현각,,,,,failed,,
st_20915,경복궁,18619553,http://place.map.kakao.com/18619553,37.5776132883,126.9768978683,high,경복궁,서울 종로구 사직로 161
st_20916,김녕해수욕장,25023085,http://place.map.kakao.com/25023085,33.5574388587,126.7593139888,high,김녕해수욕장,제주특별자치도 제주시 구좌읍 해맞이해안로 7-6
st_20917,오라동 메밀꽃밭,2002781822,http://place.map.kakao.com/2002781822,33.4269045654,126.5052613627,high,메밀꽃밭,제주특별자치도 제주시 오라이동 산 76
st_20918,섭지코지,8413659,http://place.map.kakao.com/8413659,33.4239380656,126.930609241,high,섭지코지,제주특별자치도 서귀포시 성산읍 섭지코지로 107
st_20919,제주돌문화공원,13322621,http://place.map.kakao.com/13322621,33.4485623632,126.6602733039,high,제주돌문화공원,제주특별자치도 제주시 조천읍 남조로 2023
st_20920,고창 학원농장,,,,,low,,
st_20921,계산성당(주교좌계산대성당),,,,,failed,,
st_20922,YTN 상암사옥,,,,,low,,
st_20923,잠진도 선착장,920072660,http://place.map.kakao.com/920072660,37.4169108976,126.4150269618,mid,잠진도선착장,인천 영종구 덕교동 103-21
st_20924,청산도 슬로길 1코스 화랑포길,,,,,failed,,
st_20925,청산도 서편제길,1647543236,http://place.map.kakao.com/1647543236,34.1722045546,126.8623006663,high,서편제길,전남광주통합특별시 완도군 청산면 당락리
st_20926,청산도 도락리 포구,,,,,failed,,
st_20927,신세계백화점 본점 앞,,,,,failed,,
st_20928,인제대학교 일산백병원 인근 거리,,,,,low,,
st_20929,원마운트,12937327,http://place.map.kakao.com/12937327,37.664554098,126.7545264687,mid,원마운트,경기 고양시 일산서구 한류월드로 300
st_20930,NC백화점 강서점,23893436,http://place.map.kakao.com/23893436,37.559975362,126.8405166914,mid,NC백화점 강서점,서울 강서구 강서로56길 17
st_20931,반포대교,15147393,http://place.map.kakao.com/15147393,37.5147672058,126.9964120905,high,반포대교,서울 서초구 반포동 647
st_20932,목포근대역사관 1관,11739604,http://place.map.kakao.com/11739604,34.7875323065,126.3820864651,mid,목포근대역사관 1관,전남광주통합특별시 목포시 영산로29번길 6
st_20933,파라다이스시티,527592042,http://place.map.kakao.com/527592042,37.437245732,126.4557814712,mid,파라다이스시티호텔,인천 영종구 영종해안남로321번길 186
st_20934,망상해수욕장,2083212588,http://place.map.kakao.com/2083212588,37.5928417778,129.0895959735,mid,빵명장 망상해수욕장점,강원특별자치도 동해시 동해대로 6270-13
st_20935,서울대공원,7939405,http://place.map.kakao.com/7939405,37.4364515677,127.0138982536,mid,서울대공원,경기 과천시 대공원광장로 102
st_20936,롯데월드타워,23444676,http://place.map.kakao.com/23444676,37.5126044784,127.1025555866,mid,롯데월드타워,서울 송파구 올림픽로 300
st_20937,서강대교,8369237,http://place.map.kakao.com/8369237,37.5373109762,126.9252071423,mid,서강대교,서울 영등포구 여의도동 83-1
st_20938,한양대학교 ERICA캠퍼스,11318845,http://place.map.kakao.com/11318845,37.2964379196,126.8351660042,mid,한양대학교 ERICA캠퍼스,경기 안산시 상록구 한양대학로 55
st_20939,성흥산성 사랑나무,,,,,low,,
st_20940,하남종합운동장 앞 보도육교,,,,,failed,,
st_20941,일산호수공원,26298671,http://place.map.kakao.com/26298671,37.6561360416,126.764141544,mid,일산호수공원,경기 고양시 일산동구 호수로 595
st_20942,서울약령시장,,,,,failed,,
st_20943,문경새재 오픈세트장,24974663,http://place.map.kakao.com/24974663,36.7713996803,128.0740720264,high,문경새재오픈세트장,경북 문경시 문경읍 새재로 1037
st_20944,전곡항,10734494,http://place.map.kakao.com/10734494,37.1876223429,126.6504394857,high,전곡항,경기 화성시 만세구 서신면 전곡리
st_20945,파라다이스시티 원더박스,633734533,http://place.map.kakao.com/633734533,37.4365796645,126.4573002847,mid,파라다이스시티 원더박스,인천 영종구 영종해안남로321번길 186
st_20946,화성시 우리꽃식물원,11487287,http://place.map.kakao.com/11487287,37.1154331489,126.882871769,high,화성시우리꽃식물원,경기 화성시 만세구 팔탄면 3.1만세로 777-17
st_20947,샛강 문화다리,,,,,failed,,
st_20948,벽초지수목원,7892614,http://place.map.kakao.com/7892614,37.8007700434,126.8742584919,high,벽초지수목원,경기 파주시 광탄면 부흥로 242
st_20949,무릉별유천지 금곡호,,,,,failed,,
st_20950,문화제조창,27158741,http://place.map.kakao.com/27158741,36.655723291,127.4924188317,mid,문화제조창 본관,충북 청주시 청원구 상당로 314
st_20951,수암골 벽화마을,12428602,http://place.map.kakao.com/12428602,36.647336884,127.4942877814,mid,수암골,충북 청주시 상당구 수암로 58
st_20952,청남대 본관,17580884,http://place.map.kakao.com/17580884,36.4598750064,127.4884645222,high,청남대 본관,충북 청주시 상당구 문의면 청남대길 646
st_20953,청남대 김영삼대통령길,,,,,failed,,
st_20954,운보의 집,11289362,http://place.map.kakao.com/11289362,36.6922311434,127.5651096568,high,운보의집,충북 청주시 청원구 내수읍 형동2길 92-41
st_20955,성안길,19357172,http://place.map.kakao.com/19357172,36.6358512549,127.4890139965,high,성안길,충북 청주시 상당구 북문로1가 210-1
st_20956,국립청주박물관,8830152,http://place.map.kakao.com/8830152,36.6497619239,127.511969495,mid,국립청주박물관,충북 청주시 상당구 명암로 143
st_20957,청주 공항로,,,,,low,,
st_20958,현대프리미엄아울렛 김포점,22484033,http://place.map.kakao.com/22484033,37.5972365841,126.7852332876,high,현대프리미엄아울렛 김포점,경기 김포시 고촌읍 아라육로152번길 100
st_20959,두텁바위로58길 육교,,,,,failed,,
st_20960,대둔산,27514897,http://place.map.kakao.com/27514897,36.1245887126,127.320472379,high,대둔산,전북특별자치도 완주군 운주면 산북리 산 15-1
st_20961,한강대로 철도 굴다리,,,,,failed,,
st_20962,인천문학경기장 암벽장,17572807,http://place.map.kakao.com/17572807,37.433978318,126.6932093572,mid,인천문학경기장 인공암벽장,인천 미추홀구 매소홀로 618
st_20963,서울대공원,7939405,http://place.map.kakao.com/7939405,37.4364515677,127.0138982536,mid,서울대공원,경기 과천시 대공원광장로 102
st_20964,하늘공원 메타세쿼이아길,25037568,http://place.map.kakao.com/25037568,37.5653468255,126.8834432025,mid,하늘공원 메타세콰이어길,서울 마포구 상암동 482-49
st_20965,대포항 등대,1772349630,http://place.map.kakao.com/1772349630,38.1699946968,128.6117054414,mid,대포항동방파제등대,강원특별자치도 속초시 대포동 952
st_20966,쏠비치 양양,26953215,http://place.map.kakao.com/26953215,38.0869796341,128.6656711411,high,쏠비치 양양,강원특별자치도 양양군 손양면 선사유적로 678
st_20967,난지한강공원,17561625,http://place.map.kakao.com/17561625,37.5695893876,126.8735931816,mid,난지한강공원 주차장5,서울 마포구 한강난지로 22
st_20968,더화이트베일,11024925,http://place.map.kakao.com/11024925,37.4835883905,127.017864251,mid,더화이트베일,서울 서초구 서초중앙로 14
st_20969,여의도 윤중로 벚꽃길,,,,,low,,
st_20970,동화힐링캠프,24710973,http://place.map.kakao.com/24710973,37.8922018123,126.8410634781,high,동화힐링캠프,경기 파주시 파평면 파평산로363번길 32-9
