work_id,title,title_official,title_en,title_aliases,title_category,title_cast,broadcaster,air_period,air_status,location_count,location_geocoded,region_count,top_region,wikidata_qid,wiki_lang_count,en_wiki_title,en_views_12m,score_global,score_interest,score_data,score_total,rank,is_top100,poster_url,description,kdramamap_url,last_updated
w_0316,오징어게임,오징어 게임,Squid Game,오징어 게임;Squid Game;イカゲーム;魷魚遊戲;Ojing-eo geim;Ojingeo Geim;Round Six;오겜,drama,이정재;박해수,Netflix,2021-09-17 ~ 2021-09-17,방영종료,21,20,2,서울특별시,Q106582931,104,Squid Game,1421155,40.0,37.42,12.64,90.06,1,Y,https://kdramamap.com/wp-content/uploads/kdramamap/posters/%EC%98%A4%EC%A7%95%EC%96%B4%EA%B2%8C%EC%9E%84.webp,,https://kdramamap.com/drama/%ec%98%a4%ec%a7%95%ec%96%b4%ea%b2%8c%ec%9e%84/,2026-07-29
w_0295,여신강림,여신강림,True Beauty,True Beauty;女神降臨;女神降临;Yeosingangrim;Yeosin gangrim;Yeosin gangnim;Yeosingangnim;Yeosin-gangnim,drama,문가영;차은우;황인엽,tvN,2020-12-09 ~ 2021-02-04,방영종료,73,73,1,서울특별시,Q65272745,56,True Beauty (South Korean TV series),435240,40.0,28.49,20.0,88.49,2,Y,https://kdramamap.com/wp-content/uploads/kdramamap/posters/%EC%97%AC%EC%8B%A0%EA%B0%95%EB%A6%BC.webp,,https://kdramamap.com/drama/%ec%97%ac%ec%8b%a0%ea%b0%95%eb%a6%bc/,2026-07-29
w_0317,오징어게임2,오징어 게임,Squid Game,오징어 게임;Squid Game;イカゲーム;魷魚遊戲;Ojing-eo geim;Ojingeo Geim;Round Six;오겜,drama,이정재;이병헌;위하준;임시완,Netflix,2024-12-26 ~ 2024-12-26,방영종료,48,48,5,서울특별시,Q106582931,104,Squid Game season 2,414127,40.0,28.11,20.0,88.11,3,Y,https://kdramamap.com/wp-content/uploads/kdramamap/posters/%EC%98%A4%EC%A7%95%EC%96%B4%EA%B2%8C%EC%9E%842.webp,,https://kdramamap.com/drama/%ec%98%a4%ec%a7%95%ec%96%b4%ea%b2%8c%ec%9e%842/,2026-07-29
w_0118,도깨비,쓸쓸하고 찬란하神 - 도깨비,Guardian: The Lonely and Great God,쓸쓸하고 찬란하神 - 도깨비;Guardian: The Lonely and Great God;トッケビ〜君がくれた愛しい日々〜;鬼怪;Goblin;Goblin: The Lonely and Shining God;Sseul-sseul-ha-go cha-ran-ha-sin-do-ggae-bi;The Lonely Shining Goblin,drama,공유;김고은;이동욱;유인나,tvN,2016-12-02 ~ 2017-01-21,방영종료,63,57,2,서울특별시,Q24859151,54,Guardian: The Lonely and Great God,359788,40.0,27.05,19.52,86.57,4,Y,https://kdramamap.com/wp-content/uploads/kdramamap/posters/%EB%8F%84%EA%B9%A8%EB%B9%84.webp,,https://kdramamap.com/drama/%eb%8f%84%ea%b9%a8%eb%b9%84/,2026-07-29
w_0207,사랑의불시착,사랑의 불시착,Crash Landing on You,사랑의 불시착;Crash Landing on You;愛の不時着;愛的迫降;Crash Landing of Love;Love's Crash Landing;Sa-rang-eui bul-shi-chak,drama,현빈;손예진,tvN,2019-12-14 ~ 2020-02-16,방영종료,17,17,3,서울특별시,Q65258113,57,Crash Landing on You,565545,40.0,30.46,11.38,81.84,5,Y,https://kdramamap.com/wp-content/uploads/kdramamap/posters/%EC%82%AC%EB%9E%91%EC%9D%98%EB%B6%88%EC%8B%9C%EC%B0%A9.webp,,https://kdramamap.com/drama/%ec%82%ac%eb%9e%91%ec%9d%98%eb%b6%88%ec%8b%9c%ec%b0%a9/,2026-07-29
w_0318,오징어게임3,오징어 게임,Squid Game,오징어 게임;Squid Game;イカゲーム;魷魚遊戲;Ojing-eo geim;Ojingeo Geim;Round Six;오겜,drama,이정재;이병헌;임시완;강하늘,Netflix,2025-06-27 ~ 2025-06-27,방영종료,9,6,5,경기도,Q106582931,104,Squid Game season 3,715813,40.0,32.24,6.71,78.95,6,Y,https://kdramamap.com/wp-content/uploads/kdramamap/posters/%EC%98%A4%EC%A7%95%EC%96%B4%EA%B2%8C%EC%9E%843.webp,,https://kdramamap.com/drama/%ec%98%a4%ec%a7%95%ec%96%b4%ea%b2%8c%ec%9e%843/,2026-07-29
w_0385,지금우리학교는,지금 우리 학교는,All of Us Are Dead,지금 우리 학교는;All of Us Are Dead;今、私たちの学校は…;現在我們學校,drama,박지후;윤찬영;조이현;로몬,Netflix,2022-01-28 ~ 2022-01-28,방영종료,6,6,3,경기도,Q96414952,42,All of Us Are Dead,603323,40.0,30.95,7.25,78.2,7,Y,https://kdramamap.com/wp-content/uploads/kdramamap/posters/%EC%A7%80%EA%B8%88%EC%9A%B0%EB%A6%AC%ED%95%99%EA%B5%90%EB%8A%94.webp,,https://kdramamap.com/drama/%ec%a7%80%ea%b8%88%ec%9a%b0%eb%a6%ac%ed%95%99%ea%b5%90%eb%8a%94/,2026-07-29
w_0247,스타트업,스타트업,Start-Up,Start-Up;スタートアップ: 夢の扉;Seutateueob;샌드박스,drama,배수지;남주혁,tvN,2020-10-17 ~ 2020-12-06,방영종료,30,30,2,서울특별시,Q79997521,41,Start-Up (South Korean TV series),176070,40.0,21.65,16.25,77.9,8,Y,https://kdramamap.com/wp-content/uploads/kdramamap/posters/%EC%8A%A4%ED%83%80%ED%8A%B8%EC%97%85.webp,,https://kdramamap.com/drama/%ec%8a%a4%ed%83%80%ed%8a%b8%ec%97%85/,2026-07-29
w_0214,사이코지만괜찮아,사이코지만 괜찮아,It's Okay to Not Be Okay,사이코지만 괜찮아;It's Okay to Not Be Okay;サイコだけど大丈夫;雖然是精神病但沒關係;Psycho But It's Okay,drama,김수현;서예지,tvN,2020-06-20 ~ 2020-08-09,방영종료,17,16,2,인천광역시,Q79997183,51,It's Okay to Not Be Okay,264153,40.0,24.72,11.08,75.8,9,Y,https://kdramamap.com/wp-content/uploads/kdramamap/posters/%EC%82%AC%EC%9D%B4%EC%BD%94%EC%A7%80%EB%A7%8C%EA%B4%9C%EC%B0%AE%EC%95%84.webp,,https://kdramamap.com/drama/%ec%82%ac%ec%9d%b4%ec%bd%94%ec%a7%80%eb%a7%8c%ea%b4%9c%ec%b0%ae%ec%95%84/,2026-07-29
w_0466,호텔델루나,호텔 델루나,Hotel del Luna,호텔 델루나;Hotel del Luna;ホテルデルーナ;德魯納酒店;Hotel delluna,drama,아이유;여진구,tvN,2019-07-13 ~ 2019-09-01,방영종료,24,23,1,서울특별시,Q61981835,43,Hotel del Luna,176091,40.0,21.66,13.79,75.45,10,Y,https://kdramamap.com/wp-content/uploads/kdramamap/posters/%ED%98%B8%ED%85%94%EB%8D%B8%EB%A3%A8%EB%82%98.webp,,https://kdramamap.com/drama/%ed%98%b8%ed%85%94%eb%8d%b8%eb%a3%a8%eb%82%98/,2026-07-29
w_0428,태양의후예,태양의 후예,Descendants of the Sun,태양의 후예;Descendants of the Sun;太陽の末裔;太阳的后裔;Tae-yang-eui hoo-ye;太陽의 後裔;태양의 후에,drama,송중기;송혜교;진구;김지원,KBS2,2016-02-24 ~ 2016-04-14,방영종료,15,15,2,서울특별시,Q18652415,52,Descendants of the Sun,255842,40.0,24.48,10.62,75.1,11,Y,https://kdramamap.com/wp-content/uploads/kdramamap/posters/%ED%83%9C%EC%96%91%EC%9D%98%ED%9B%84%EC%98%88.webp,,https://kdramamap.com/drama/%ed%83%9c%ec%96%91%ec%9d%98%ed%9b%84%ec%98%88/,2026-07-29
w_0444,폭싹 속았수다,폭싹 속았수다,When Life Gives You Tangerines,When Life Gives You Tangerines;おつかれさま;您辛苦了;You Have Done Well,drama,아이유;박보검;문소리;박해준,Netflix,2025-03-07 ~ 2025-03-28,방영종료,72,72,12,서울특별시,Q117353211,19,When Life Gives You Tangerines,965395,19.0,34.5,20.0,73.5,12,Y,https://kdramamap.com/wp-content/uploads/kdramamap/posters/%ED%8F%AD%EC%8B%B9%20%EC%86%8D%EC%95%98%EC%88%98%EB%8B%A4.webp,,https://kdramamap.com/drama/%ed%8f%ad%ec%8b%b9-%ec%86%8d%ec%95%98%ec%88%98%eb%8b%a4/,2026-07-29
w_0187,별에서온그대,별에서 온 그대,My Love from the Star,별에서 온 그대;My Love from the Star;星から来たあなた;來自星星的你;Byeol-e-seo on geu-dae;Byeoreseo on Geudae;Man from the Stars;My Love from Another Star,drama,김수현;전지현,SBS,2013-12-18 ~ 2014-02-27,방영종료,20,19,1,서울특별시,Q14655473,42,My Love from the Star,165515,40.0,21.19,12.25,73.44,13,Y,https://kdramamap.com/wp-content/uploads/kdramamap/posters/%EB%B3%84%EC%97%90%EC%84%9C%EC%98%A8%EA%B7%B8%EB%8C%80.webp,,https://kdramamap.com/drama/%eb%b3%84%ec%97%90%ec%84%9c%ec%98%a8%ea%b7%b8%eb%8c%80/,2026-07-29
w_0394,참교육,참교육,Teach You a Lesson,Teach You a Lesson;鉄槌教師﻿;鐵拳教育;Get Schooled,drama,김무열;이성민;진기주,Netflix,2026-06-05 ~ 2026-06-05,방영종료,63,63,9,서울특별시,Q137844128,16,Teach You a Lesson,1401511,16.0,37.32,20.0,73.32,14,Y,https://kdramamap.com/wp-content/uploads/kdramamap/posters/%EC%B0%B8%EA%B5%90%EC%9C%A1.webp,"《참교육》은 무너진 교권을 바로잡기 위해 교권보호국 소속 인물들이 학교 안팎의 부조리와 맞서는 액션 드라마입니다. 서울·경기·인천·세종 등 전국 각지에서 촬영됐으며, 이 페이지에서 63곳의 촬영지 주소와 지역별 분포, 지도 정보를 확인할 수 있습니다.",https://kdramamap.com/drama/%ec%b0%b8%ea%b5%90%ec%9c%a1/,2026-07-29
w_0098,눈물의여왕,눈물의 여왕,Queen of Tears,눈물의 여왕;Queen of Tears;涙の女王;淚之女王,drama,김수현;김지원,tvN,2024-03-09 ~ 2024-04-28,방영종료,145,115,9,서울특별시,Q116921048,23,Queen of Tears,425169,23.0,28.31,18.97,70.28,15,Y,https://kdramamap.com/wp-content/uploads/kdramamap/posters/%EB%88%88%EB%AC%BC%EC%9D%98%EC%97%AC%EC%99%95.webp,"《눈물의 여왕》은 재벌 3세 홍해인과 용두리 출신 변호사 백현우 부부가 위기를 지나 다시 사랑을 시작하는 로맨스입니다. 서울·경기·인천과 문경 등 국내외 여러 지역에서 촬영됐으며, 이 페이지에서 145곳의 촬영지 주소와 지역별 분포, 지도 정보를 확인할 수 있습니다.",https://kdramamap.com/drama/%eb%88%88%eb%ac%bc%ec%9d%98%ec%97%ac%ec%99%95/,2026-07-29
w_0115,더글로리,더 글로리,The Glory,더 글로리;The Glory;ザ・グローリー～輝かしき復讐～;黑暗榮耀,drama,송혜교;이도현;임지연;염혜란,Netflix,2022-12-30 ~ 2023-03-10,방영종료,108,107,8,경기도,Q113197148,19,The Glory (TV series),590682,19.0,30.79,19.95,69.75,16,Y,https://kdramamap.com/wp-content/uploads/kdramamap/posters/%EB%8D%94%EA%B8%80%EB%A1%9C%EB%A6%AC.webp,"《더 글로리》는 학교폭력으로 삶이 무너진 문동은이 오랜 시간 준비한 복수를 실행하며 가해자들과 맞서는 복수극입니다. 경기·서울·인천을 중심으로 여러 지역에서 촬영됐으며, 이 페이지에서 108곳의 촬영지 주소와 지역별 분포, 지도 정보를 확인할 수 있습니다.",https://kdramamap.com/drama/%eb%8d%94%ea%b8%80%eb%a1%9c%eb%a6%ac/,2026-07-29
w_0003,21세기대군부인,21세기 대군부인,Perfect Crown,21세기 대군부인;Perfect Crown;21世紀の大君夫人;21世紀大君夫人;21st Century Grand Prince’s Wife;Wife of a 21st Century Prince,drama,아이유;변우석,MBC,2026-04-10 ~ 2026-05-16,방영종료,94,94,10,서울특별시,Q131386568,12,Perfect Crown,1394094,12.0,37.28,20.0,69.28,17,Y,https://kdramamap.com/wp-content/uploads/kdramamap/posters/21%EC%84%B8%EA%B8%B0%EB%8C%80%EA%B5%B0%EB%B6%80%EC%9D%B8.webp,,https://kdramamap.com/drama/21%ec%84%b8%ea%b8%b0%eb%8c%80%ea%b5%b0%eb%b6%80%ec%9d%b8/,2026-07-29
w_0061,김비서가왜그럴까,김비서가 왜 그럴까,What's Wrong with Secretary Kim,김비서가 왜 그럴까;What's Wrong with Secretary Kim;キム秘書はいったい、なぜ?;金秘書為何那樣;Why Secretary Kim,drama,박서준;박민영,tvN,2018-06-06 ~ 2018-07-26,방영종료,16,16,1,서울특별시,Q51661554,35,What's Wrong with Secretary Kim,182636,35.0,21.93,11.0,67.93,18,Y,https://kdramamap.com/wp-content/uploads/kdramamap/posters/%EA%B9%80%EB%B9%84%EC%84%9C%EA%B0%80%EC%99%9C%EA%B7%B8%EB%9F%B4%EA%B9%8C.webp,,https://kdramamap.com/drama/%ea%b9%80%eb%b9%84%ec%84%9c%ea%b0%80%ec%99%9c%ea%b7%b8%eb%9f%b4%ea%b9%8c/,2026-07-29
w_0086,내남편과결혼해줘,내 남편과 결혼해줘,Marry My Husband,내 남편과 결혼해줘;Marry My Husband;私の夫と結婚して;和我老公結婚吧,drama,박민영;나인우;이이경;송하윤,tvN,2024-01-01 ~ 2024-02-20,방영종료,117,116,9,서울특별시,Q123181328,21,Marry My Husband,329002,21.0,26.37,19.96,67.33,19,Y,https://kdramamap.com/wp-content/uploads/kdramamap/posters/%EB%82%B4%EB%82%A8%ED%8E%B8%EA%B3%BC%EA%B2%B0%ED%98%BC%ED%95%B4%EC%A4%98.webp,,https://kdramamap.com/drama/%eb%82%b4%eb%82%a8%ed%8e%b8%ea%b3%bc%ea%b2%b0%ed%98%bc%ed%95%b4%ec%a4%98/,2026-07-29
w_0283,약한영웅2,약한영웅 Class 1,Weak Hero Class 1,약한영웅 Class 1;Weak Hero Class 1;弱いヒーロー﻿;弱美男英雄;Weak Hero;Weak Hero Class One;Weak Hero: Class 1;Yakhanyeongung,drama,박지훈;려운,Netflix,2025-04-25 ~ 2025-04-25,방영종료,40,40,4,서울특별시,Q116007300,16,Weak Hero,568938,16.0,30.51,20.0,66.51,20,Y,https://kdramamap.com/wp-content/uploads/kdramamap/posters/%EC%95%BD%ED%95%9C%EC%98%81%EC%9B%852.webp,,https://kdramamap.com/drama/%ec%95%bd%ed%95%9c%ec%98%81%ec%9b%852/,2026-07-29
w_0356,이사랑통역되나요,이 사랑 통역 되나요?,Can This Love Be Translated?,이 사랑 통역 되나요?;Can This Love Be Translated?;恋の通訳、できますか?;愛情怎麼翻譯？,drama,김선호;고윤정,Netflix,2026-01-01 ~ 2026-02-01,방영종료,139,73,7,서울특별시,Q125121395,14,Can This Love Be Translated?,900698,14.0,33.98,17.63,65.6,21,Y,https://kdramamap.com/wp-content/uploads/kdramamap/posters/%EC%9D%B4%EC%82%AC%EB%9E%91%ED%86%B5%EC%97%AD%EB%90%98%EB%82%98%EC%9A%94.webp,"《이 사랑 통역 되나요?》는 다중언어 통역사 주호진이 글로벌 톱스타 차무희의 통역을 맡으며 시작되는 로맨틱 코미디입니다. 서울을 비롯해 일본·이탈리아·캐나다 등 국내외에서 촬영됐으며, 이 페이지에서 139곳의 촬영지 주소와 지역별 분포, 지도 정보를 확인할 수 있습니다.",https://kdramamap.com/drama/%ec%9d%b4%ec%82%ac%eb%9e%91%ed%86%b5%ec%97%ad%eb%90%98%eb%82%98%ec%9a%94/,2026-07-29
w_0060,김부장,김부장,Agent Kim Reactivated,Agent Kim Reactivated;エージェント・キム: リアクティべーティッド﻿;金特務：本色回歸,drama,소지섭;최대훈;윤경호;주상욱,SBS,2026-06-26 ~ 2026-07-25,방영종료,83,82,7,경기도,Q139553270,10,Agent Kim Reactivated,1001169,10.0,34.78,19.94,64.72,22,Y,https://kdramamap.com/wp-content/uploads/kdramamap/posters/%EA%B9%80%EB%B6%80%EC%9E%A5.webp,"평범한 회사원으로 살아가던 김부장이 사라진 딸을 찾기 위해 감춰왔던 과거와 능력을 드러내는 복수 액션 드라마다. 촬영은 경기·인천을 중심으로 강원 양양, 전남 광양 등 여러 지역에서 진행됐다. KDramaMap에서는 총 83곳의 촬영지와 주소, 지역별 분포와 지도를 확인할 수 있다.",https://kdramamap.com/drama/%ea%b9%80%eb%b6%80%ec%9e%a5/,2026-07-29
w_0443,폭군의셰프,폭군의 셰프,"Bon Appétit, Your Majesty","폭군의 셰프;Bon Appétit, Your Majesty;暴君のシェフ;暴君的廚師;Surviving as Yeonsangun's Chef;Surviving as the Tyrant's Chef;The Tyrant's Chef",drama,임윤아;이채민,tvN,2025-08-23 ~ 2025-09-28,방영종료,12,12,6,서울특별시,Q131910461,15,"Bon Appétit, Your Majesty",1975454,15.0,39.91,9.5,64.41,23,Y,https://kdramamap.com/wp-content/uploads/kdramamap/posters/%ED%8F%AD%EA%B5%B0%EC%9D%98%EC%85%B0%ED%94%84.webp,,https://kdramamap.com/drama/%ed%8f%ad%ea%b5%b0%ec%9d%98%ec%85%b0%ed%94%84/,2026-07-29
w_0205,사냥개들2,사냥개들,Bloodhounds,사냥개들;Bloodhounds;ブラッドハウンド;猎犬;Hunting Dogs;Sanyang Gaedeul,drama,우도환;이상이;정지훈,Netflix,2026-04-03 ~ 2026-04-03,방영종료,61,60,9,경기도,Q109767798,16,Bloodhounds (TV series),414741,16.0,28.12,19.92,64.04,24,Y,https://kdramamap.com/wp-content/uploads/kdramamap/posters/%EC%82%AC%EB%83%A5%EA%B0%9C%EB%93%A42.webp,,https://kdramamap.com/drama/%ec%82%ac%eb%83%a5%ea%b0%9c%eb%93%a42/,2026-07-29
w_0293,에스콰이어,에스콰이어: 변호사를 꿈꾸는 변호사들,Beyond the Bar,에스콰이어: 변호사를 꿈꾸는 변호사들;Beyond the Bar;エスクワイア: 弁護士を夢見る弁護士たち﻿;夢想成為律師的律師們;Esquire,drama,이진욱;정채연,JTBC,2025-08-02 ~ 2025-09-07,방영종료,52,52,3,서울특별시,Q134735571,13,Beyond the Bar,575892,13.0,30.6,20.0,63.6,25,Y,https://kdramamap.com/wp-content/uploads/kdramamap/posters/%EC%97%90%EC%8A%A4%EC%BD%B0%EC%9D%B4%EC%96%B4.webp,,https://kdramamap.com/drama/%ec%97%90%ec%8a%a4%ec%bd%b0%ec%9d%b4%ec%96%b4/,2026-07-29
w_0177,반짝이는워터멜론,반짝이는 워터멜론,Twinkling Watermelon,반짝이는 워터멜론;Twinkling Watermelon;輝くウォーターメロン～僕らをつなぐ恋うた～;閃亮的西瓜;Sparkling Watermelon,drama,려운;최현욱;설인아,tvN,2023-09-25 ~ 2023-11-14,방영종료,83,80,11,서울특별시,Q118869205,16,Twinkling Watermelon,382365,16.0,27.51,19.82,63.33,26,Y,https://kdramamap.com/wp-content/uploads/kdramamap/posters/%EB%B0%98%EC%A7%9D%EC%9D%B4%EB%8A%94%EC%9B%8C%ED%84%B0%EB%A9%9C%EB%A1%A0.webp,,https://kdramamap.com/drama/%eb%b0%98%ec%a7%9d%ec%9d%b4%eb%8a%94%ec%9b%8c%ed%84%b0%eb%a9%9c%eb%a1%a0/,2026-07-29
w_0204,사내맞선,사내맞선,Business Proposal,Business Proposal;社内お見合い;社內相親;A Business Proposal,drama,안효섭;김세정,SBS,2022-02-28 ~ 2022-04-05,방영종료,22,22,2,서울특별시,Q108486931,23,Business Proposal,353383,23.0,26.91,13.25,63.16,27,Y,https://kdramamap.com/wp-content/uploads/kdramamap/posters/%EC%82%AC%EB%82%B4%EB%A7%9E%EC%84%A0.webp,,https://kdramamap.com/drama/%ec%82%ac%eb%82%b4%eb%a7%9e%ec%84%a0/,2026-07-29
w_0348,응답하라1988,응답하라 1988,Reply 1988,응답하라 1988;Reply 1988;応答せよ1988;請回答1988;Eung-dab-ha-ra 1988,drama,혜리;박보검;류준열;고경표,tvN,2015-11-06 ~ 2016-01-16,방영종료,15,15,1,서울특별시,Q19657395,26,Reply 1988,330053,26.0,26.4,10.62,63.02,28,Y,https://kdramamap.com/wp-content/uploads/kdramamap/posters/%EC%9D%91%EB%8B%B5%ED%95%98%EB%9D%BC1988.webp,,https://kdramamap.com/drama/%ec%9d%91%eb%8b%b5%ed%95%98%eb%9d%bc1988/,2026-07-29
w_0012,W,더블유,W,더블유;W-二つの世界-;Two Worlds;W - Du gaeui segye;W - Two Worlds,drama,이종석;한효주,MBC,2016-07-20 ~ 2016-09-14,방영종료,21,21,1,서울특별시,Q22774205,32,W (TV series),108887,32.0,18.03,12.88,62.9,29,Y,https://kdramamap.com/wp-content/uploads/kdramamap/posters/w.webp,,https://kdramamap.com/drama/w/,2026-07-29
w_0425,킹더랜드,킹더랜드,King the Land,King the Land;キング・ザ・ランド;歡迎來到王之國,drama,이준호;임윤아,JTBC,2023-06-17 ~ 2023-08-06,방영종료,79,61,6,경기도,Q114243955,18,King the Land,305991,18.0,25.83,18.86,62.69,30,Y,https://kdramamap.com/wp-content/uploads/kdramamap/posters/%ED%82%B9%EB%8D%94%EB%9E%9C%EB%93%9C.webp,,https://kdramamap.com/drama/%ed%82%b9%eb%8d%94%eb%9e%9c%eb%93%9c/,2026-07-29
w_0360,이태원클라쓰,이태원 클라쓰,Itaewon Class,이태원 클라쓰;Itaewon Class;梨泰院クラス;梨泰院CLASS;Itaewon Keullasseu,drama,박서준;김다미;권나라;유재명,JTBC,2020-01-31 ~ 2020-03-21,방영종료,26,26,1,서울특별시,Q65283099,27,Itaewon Class,159929,27.0,20.93,14.75,62.68,31,Y,https://kdramamap.com/wp-content/uploads/kdramamap/posters/%EC%9D%B4%ED%83%9C%EC%9B%90%ED%81%B4%EB%9D%BC%EC%93%B0.webp,,https://kdramamap.com/drama/%ec%9d%b4%ed%83%9c%ec%9b%90%ed%81%b4%eb%9d%bc%ec%93%b0/,2026-07-29
w_0227,선재업고튀어,선재 업고 튀어,Lovely Runner,선재 업고 튀어;Lovely Runner;ソンジェ背負って走れ;背著善宰跑;Lovley-Runner;Runaway with Sun-jae on Piggyback;Sunjae Eobgo Tweeeo,drama,변우석;김혜윤,tvN,2024-04-08 ~ 2024-05-28,방영종료,92,92,9,서울특별시,Q121144610,15,Lovely Runner,372849,15.0,27.32,20.0,62.32,32,Y,https://kdramamap.com/wp-content/uploads/kdramamap/posters/%EC%84%A0%EC%9E%AC%EC%97%85%EA%B3%A0%ED%8A%80%EC%96%B4.webp,"《선재 업고 튀어》는 최애 류선재의 죽음을 막기 위해 임솔이 2008년으로 돌아가 운명을 바꾸려는 청춘 타임슬립 로맨스입니다. 서울·경기·충남 등 전국의 학교와 골목에서 촬영됐으며, 이 페이지에서 92곳의 촬영지 주소와 지역별 분포, 지도 정보를 확인할 수 있습니다.",https://kdramamap.com/drama/%ec%84%a0%ec%9e%ac%ec%97%85%ea%b3%a0%ed%8a%80%ec%96%b4/,2026-07-29
w_0420,키스는괜히해서,키스는 괜히 해서!,Dynamite Kiss,키스는 괜히 해서!;Dynamite Kiss;ダイナマイト・キス;一吻爆炸,drama,장기용;안은진,SBS,2025-11-12 ~ 2025-12-18,방영종료,80,80,6,서울특별시,Q136373942,9,Dynamite Kiss,809854,9.0,33.17,20.0,62.17,33,Y,https://kdramamap.com/wp-content/uploads/kdramamap/posters/%ED%82%A4%EC%8A%A4%EB%8A%94%EA%B4%9C%ED%9E%88%ED%95%B4%EC%84%9C.webp,,https://kdramamap.com/drama/%ed%82%a4%ec%8a%a4%eb%8a%94%ea%b4%9c%ed%9e%88%ed%95%b4%ec%84%9c/,2026-07-29
w_0359,이재곧죽습니다,"이재, 곧 죽습니다",Death's Game,"이재, 곧 죽습니다;Death's Game;もうすぐ死にます;死期將至",drama,서인국;박소담;김지훈;최시원,TVING,2023-12-15 ~ 2024-01-05,방영종료,62,60,12,서울특별시,Q121145295,18,Death's Game,244289,18.0,24.13,19.84,61.97,34,Y,https://kdramamap.com/wp-content/uploads/kdramamap/posters/%EC%9D%B4%EC%9E%AC%EA%B3%A7%EC%A3%BD%EC%8A%B5%EB%8B%88%EB%8B%A4.webp,,https://kdramamap.com/drama/%ec%9d%b4%ec%9e%ac%ea%b3%a7%ec%a3%bd%ec%8a%b5%eb%8b%88%eb%8b%a4/,2026-07-29
w_0147,마이데몬,마이데몬,My Demon,My Demon;マイ・デーモン;與惡魔有約;마이 데몬,drama,김유정;송강,SBS,2023-11-24 ~ 2024-01-20,방영종료,58,57,5,서울특별시,Q120721044,18,My Demon,241105,18.0,24.03,19.91,61.94,35,Y,https://kdramamap.com/wp-content/uploads/kdramamap/posters/%EB%A7%88%EC%9D%B4%EB%8D%B0%EB%AA%AC.webp,,https://kdramamap.com/drama/%eb%a7%88%ec%9d%b4%eb%8d%b0%eb%aa%ac/,2026-07-29
w_0366,일타스캔들,일타 스캔들,Crash Course in Romance,일타 스캔들;Crash Course in Romance;イルタ・スキャンダル -恋は特訓コースで-;頭等緋聞;Ilta Scandal;One Shot Scandal,drama,전도연;정경호,tvN,2023-01-14 ~ 2023-03-05,방영종료,90,86,6,서울특별시,Q113994390,16,Crash Course in Romance,318991,16.0,26.14,19.78,61.92,36,Y,https://kdramamap.com/wp-content/uploads/kdramamap/posters/%EC%9D%BC%ED%83%80%EC%8A%A4%EC%BA%94%EB%93%A4.webp,,https://kdramamap.com/drama/%ec%9d%bc%ed%83%80%ec%8a%a4%ec%ba%94%eb%93%a4/,2026-07-29
w_0336,월간남친,월간남친,Boyfriend on Demand,Boyfriend on Demand;マンスリー彼氏﻿;訂閱男友;Monthly Boyfriend,drama,서인국;지수_1995,Netflix,2026-03-06 ~ 2026-03-06,방영종료,102,94,6,서울특별시,Q132561179,12,Boyfriend on Demand,496626,12.0,29.48,19.61,61.09,37,Y,https://kdramamap.com/wp-content/uploads/kdramamap/posters/%EC%9B%94%EA%B0%84%EB%82%A8%EC%B9%9C.webp,,https://kdramamap.com/drama/%ec%9b%94%ea%b0%84%eb%82%a8%ec%b9%9c/,2026-07-29
w_0377,조각도시,조각도시,The Manipulated,The Manipulated;捏造された都市;操控遊戲,drama,지창욱;도경수;이광수,Disney+,2025-11-05 ~ 2025-12-03,방영종료,87,86,7,서울특별시,Q131302259,9,The Manipulated,674135,9.0,31.79,19.94,60.73,38,Y,https://kdramamap.com/wp-content/uploads/kdramamap/posters/%EC%A1%B0%EA%B0%81%EB%8F%84%EC%8B%9C.webp,,https://kdramamap.com/drama/%ec%a1%b0%ea%b0%81%eb%8f%84%ec%8b%9c/,2026-07-29
w_0367,자백의대가,자백의 대가,The Price of Confession,자백의 대가;The Price of Confession;告白の代価﻿;認罪之罪,drama,전도연;김고은;박해수,Netflix,2025-12-05 ~ 2025-12-05,방영종료,47,44,6,경기도,Q131822507,13,The Price of Confession,405253,13.0,27.95,19.68,60.63,39,Y,https://kdramamap.com/wp-content/uploads/kdramamap/posters/%EC%9E%90%EB%B0%B1%EC%9D%98%EB%8C%80%EA%B0%80.webp,,https://kdramamap.com/drama/%ec%9e%90%eb%b0%b1%ec%9d%98%eb%8c%80%ea%b0%80/,2026-07-29
w_0192,북극성,북극성,Tempest,북극성;Tempest;北極星;暴風圈,drama,전지현;강동원,Disney+,2025-09-10 ~ 2025-10-01,방영종료,37,37,10,서울특별시,Q131724637,9,Tempest (TV series),757688,9.0,32.67,18.88,60.55,40,Y,https://kdramamap.com/wp-content/uploads/kdramamap/posters/%EB%B6%81%EA%B7%B9%EC%84%B1.webp,,https://kdramamap.com/drama/%eb%b6%81%ea%b7%b9%ec%84%b1/,2026-07-29
w_0292,엄마친구아들,엄마친구아들,Love Next Door,Love Next Door;となりのMr.パーフェクト;媽媽朋友的兒子;Mother's Friend's Son,drama,정해인;정소민,tvN,2024-08-17 ~ 2024-10-06,방영종료,104,103,8,서울특별시,Q124326709,17,Love Next Door,222728,17.0,23.43,19.95,60.38,41,Y,https://kdramamap.com/wp-content/uploads/kdramamap/posters/%EC%97%84%EB%A7%88%EC%B9%9C%EA%B5%AC%EC%95%84%EB%93%A4.webp,,https://kdramamap.com/drama/%ec%97%84%eb%a7%88%ec%b9%9c%ea%b5%ac%ec%95%84%eb%93%a4/,2026-07-29
w_0250,스프링피버,스프링 피버,Spring Fever,스프링 피버;Spring Fever;スプリング・フィーバー;春日狂熱,drama,안보현;이주빈,tvN,2026-01-05 ~ 2026-02-10,방영종료,99,98,5,경상북도,Q136527446,11,Spring Fever (TV series),455032,11.0,28.82,19.95,59.77,42,Y,https://kdramamap.com/wp-content/uploads/kdramamap/posters/%EC%8A%A4%ED%94%84%EB%A7%81%ED%94%BC%EB%B2%84.webp,,https://kdramamap.com/drama/%ec%8a%a4%ed%94%84%eb%a7%81%ed%94%bc%eb%b2%84/,2026-07-29
w_0452,피노키오,피노키오,Pinocchio,Pinocchio;ピノキオ;皮諾丘;Pinokio,drama,이종석;박신혜,SBS,2014-11-12 ~ 2015-01-15,방영종료,32,31,1,서울특별시,Q17401474,25,Pinocchio (2014 TV series),97049,25.0,17.16,16.84,59.0,43,Y,https://kdramamap.com/wp-content/uploads/kdramamap/posters/%ED%94%BC%EB%85%B8%ED%82%A4%EC%98%A4.webp,,https://kdramamap.com/drama/%ed%94%bc%eb%85%b8%ed%82%a4%ec%98%a4/,2026-07-29
w_0298,역도요정김복주,역도요정 김복주,Weightlifting Fairy Kim Bok-Joo,역도요정 김복주;Weightlifting Fairy Kim Bok-Joo;力道妖精キム・ボクジュ;舉重妖精金福珠;Yeokdoyojeong Gim Bokju,drama,이성경;남주혁,MBC,2016-11-16 ~ 2017-01-11,방영종료,22,22,1,서울특별시,Q27267642,28,Weightlifting Fairy Kim Bok-joo,102647,28.0,17.58,13.25,58.83,44,Y,https://kdramamap.com/wp-content/uploads/kdramamap/posters/%EC%97%AD%EB%8F%84%EC%9A%94%EC%A0%95%EA%B9%80%EB%B3%B5%EC%A3%BC.webp,,https://kdramamap.com/drama/%ec%97%ad%eb%8f%84%ec%9a%94%ec%a0%95%ea%b9%80%eb%b3%b5%ec%a3%bc/,2026-07-29
w_0357,이상한변호사우영우,이상한 변호사 우영우,Extraordinary Attorney Woo,이상한 변호사 우영우;Extraordinary Attorney Woo;ウ・ヨンウ弁護士は天才肌;奇怪的律師禹英雨;Strange Lawyer Woo Young-woo;Weird Lawyer Woo Young-woo,drama,박은빈;강태오,ENA,2022-06-29 ~ 2022-08-18,방영종료,9,9,3,서울특별시,Q110118400,23,Extraordinary Attorney Woo,372254,23.0,27.31,8.38,58.68,45,Y,https://kdramamap.com/wp-content/uploads/kdramamap/posters/%EC%9D%B4%EC%83%81%ED%95%9C%EB%B3%80%ED%98%B8%EC%82%AC%EC%9A%B0%EC%98%81%EC%9A%B0.webp,,https://kdramamap.com/drama/%ec%9d%b4%ec%83%81%ed%95%9c%eb%b3%80%ed%98%b8%ec%82%ac%ec%9a%b0%ec%98%81%ec%9a%b0/,2026-07-29
w_0184,버터플라이,버터플라이,Butterfly,버터플라이;Butterfly;バタフライ;Butterfly (2025 TV series),drama,김태희;박해수;김지훈,Prime Video,2025-08-13 ~ 2025-09-17,방영종료,37,37,6,서울특별시,Q135726722,6,Butterfly (2025 TV series),860195,6.0,33.63,18.88,58.51,46,Y,https://kdramamap.com/wp-content/uploads/kdramamap/posters/%EB%B2%84%ED%84%B0%ED%94%8C%EB%9D%BC%EC%9D%B4.webp,,https://kdramamap.com/drama/%eb%b2%84%ed%84%b0%ed%94%8c%eb%9d%bc%ec%9d%b4/,2026-07-29
w_0168,무빙,무빙,Moving,Moving;ムービング,drama,류승룡;한효주;조인성;차태현,Disney+,2023-08-09 ~ 2023-09-20,방영종료,53,52,8,부산광역시,Q109317559,12,Moving (South Korean TV series),335273,12.0,26.52,19.91,58.42,47,Y,https://kdramamap.com/wp-content/uploads/kdramamap/posters/%EB%AC%B4%EB%B9%99.webp,,https://kdramamap.com/drama/%eb%ac%b4%eb%b9%99/,2026-07-29
w_0137,레이디두아,레이디 두아,The Art of Sarah,레이디 두아;The Art of Sarah;サラ・キムという女﻿;莎拉的真偽人生;Lady Doir,drama,신혜선;이준혁_1984,Netflix,2026-02-13 ~ 2026-02-13,방영종료,35,34,3,서울특별시,Q131844525,10,The Art of Sarah,560994,10.0,30.4,17.98,58.39,48,Y,https://kdramamap.com/wp-content/uploads/kdramamap/posters/%EB%A0%88%EC%9D%B4%EB%94%94%EB%91%90%EC%95%84.webp,,https://kdramamap.com/drama/%eb%a0%88%ec%9d%b4%eb%94%94%eb%91%90%ec%95%84/,2026-07-29
w_0429,태풍상사,태풍상사,Typhoon Family,Typhoon Family;テプン商事﻿;颱風商社;Typhoon Boss;Typhoon Company;Typhoon Trading Company,drama,이준호;김민하,tvN,2025-10-11 ~ 2025-11-30,방영종료,103,88,5,서울특별시,Q132209543,9,Typhoon Family,505122,9.0,29.61,19.27,57.88,49,Y,https://kdramamap.com/wp-content/uploads/kdramamap/posters/%ED%83%9C%ED%92%8D%EC%83%81%EC%82%AC.webp,,https://kdramamap.com/drama/%ed%83%9c%ed%92%8d%ec%83%81%ec%82%ac/,2026-07-29
w_0261,신이랑법률사무소,신이랑 법률사무소,Phantom Lawyer,신이랑 법률사무소;Phantom Lawyer;シン・イラン法律事務所 〜真実は、あの世からやってくる！？～;神與律師事務所;God and Law Firm;Law Firm of Shin Yi-rang,drama,유연석;이솜,SBS,2026-03-13 ~ 2026-05-02,방영종료,105,105,6,서울특별시,Q136933517,7,Phantom Lawyer,588956,7.0,30.77,20.0,57.77,50,Y,https://kdramamap.com/wp-content/uploads/kdramamap/posters/%EC%8B%A0%EC%9D%B4%EB%9E%91%EB%B2%95%EB%A5%A0%EC%82%AC%EB%AC%B4%EC%86%8C.webp,,https://kdramamap.com/drama/%ec%8b%a0%ec%9d%b4%eb%9e%91%eb%b2%95%eb%a5%a0%ec%82%ac%eb%ac%b4%ec%86%8c/,2026-07-29
w_0327,우주를줄게,우주를 줄게,Our Universe,우주를 줄게;Our Universe;給你宇宙,drama,배인혁;노정의;박서함,tvN,2026-02-04 ~ 2026-03-12,방영종료,80,80,6,서울특별시,Q137668853,6,Our Universe (South Korean TV series),656531,6.0,31.59,20.0,57.59,51,Y,https://kdramamap.com/wp-content/uploads/kdramamap/posters/%EC%9A%B0%EC%A3%BC%EB%A5%BC%EC%A4%84%EA%B2%8C.webp,,https://kdramamap.com/drama/%ec%9a%b0%ec%a3%bc%eb%a5%bc%ec%a4%84%ea%b2%8c/,2026-07-29
w_0254,시그널,시그널,Signal,Signal;シグナル,drama,이제훈;김혜수;조진웅,tvN,2016-01-22 ~ 2016-03-12,방영종료,17,17,1,서울특별시,Q19854621,24,Signal (South Korean TV series),188147,24.0,22.16,11.38,57.53,52,Y,https://kdramamap.com/wp-content/uploads/kdramamap/posters/%EC%8B%9C%EA%B7%B8%EB%84%90.webp,,https://kdramamap.com/drama/%ec%8b%9c%ea%b7%b8%eb%84%90/,2026-07-29
w_0435,트웰브,트웰브,Twelve,Twelve;TWELVE トゥエルブ;十二生肖,drama,마동석;박형식;서인국,KBS2,2025-08-23 ~ 2025-09-14,방영종료,40,40,6,서울특별시,Q130784396,8,Twelve (TV series),483722,8.0,29.28,20.0,57.28,53,Y,https://kdramamap.com/wp-content/uploads/kdramamap/posters/%ED%8A%B8%EC%9B%B0%EB%B8%8C.webp,,https://kdramamap.com/drama/%ed%8a%b8%ec%9b%b0%eb%b8%8c/,2026-07-29
w_0475,힘쎈여자도봉순,힘쎈여자 도봉순,Strong Woman Do Bong-soon,힘쎈여자 도봉순;Strong Woman Do Bong-soon;力の強い女ト・ボンスン;大力女子都奉順;Him-ssen yeo-ja Do Bong-soon;Himssenyeoja Do Bong-soon;Strong Girl Bong-soon,drama,박보영;박형식;지수_1993,JTBC,2017-02-24 ~ 2017-04-15,방영종료,15,15,1,서울특별시,Q27670382,26,Strong Girl Bong-soon,153132,26.0,20.6,10.62,57.23,54,Y,https://kdramamap.com/wp-content/uploads/kdramamap/posters/%ED%9E%98%EC%8E%88%EC%97%AC%EC%9E%90%EB%8F%84%EB%B4%89%EC%88%9C.webp,,https://kdramamap.com/drama/%ed%9e%98%ec%8e%88%ec%97%ac%ec%9e%90%eb%8f%84%eb%b4%89%ec%88%9c/,2026-07-29
w_0433,트리거_넷플릭스,트리거,Trigger,트리거;Trigger;トリガー;槍口彼端,drama,김남길;김영광,Netflix,2025-07-25 ~ 2025-07-25,방영종료,36,36,6,서울특별시,Q130597380,11,Trigger (South Korean TV series),391966,11.0,27.7,18.5,57.2,55,Y,https://kdramamap.com/wp-content/uploads/kdramamap/posters/%ED%8A%B8%EB%A6%AC%EA%B1%B0_%EB%84%B7%ED%94%8C%EB%A6%AD%EC%8A%A4.webp,,https://kdramamap.com/drama/%ed%8a%b8%eb%a6%ac%ea%b1%b0_%eb%84%b7%ed%94%8c%eb%a6%ad%ec%8a%a4/,2026-07-29
w_0245,스위트홈3,스위트홈,Sweet Home,스위트홈;Sweet Home;Sweet Home〜俺と世界の絶望〜,drama,송강;이진욱;이시영;고민시,Netflix,2024-07-19 ~ 2024-07-19,방영종료,14,8,6,경기도,Q65266317,23,Sweet Home (TV series),316183,23.0,26.07,8.11,57.18,56,Y,https://kdramamap.com/wp-content/uploads/kdramamap/posters/%EC%8A%A4%EC%9C%84%ED%8A%B8%ED%99%883.webp,,https://kdramamap.com/drama/%ec%8a%a4%ec%9c%84%ed%8a%b8%ed%99%883/,2026-07-29
w_0355,이번생은처음이라,이번 생은 처음이라,Because This is My First Life,이번 생은 처음이라;Because This is My First Life;この人生は初めてだから;今生是第一次;This Life Is Our First,drama,이민기;정소민,tvN,2017-10-09 ~ 2017-11-28,방영종료,40,39,2,서울특별시,Q39058720,18,Because This Is My First Life,128855,18.0,19.3,19.88,57.17,57,Y,https://kdramamap.com/wp-content/uploads/kdramamap/posters/%EC%9D%B4%EB%B2%88%EC%83%9D%EC%9D%80%EC%B2%98%EC%9D%8C%EC%9D%B4%EB%9D%BC.webp,,https://kdramamap.com/drama/%ec%9d%b4%eb%b2%88%ec%83%9d%ec%9d%80%ec%b2%98%ec%9d%8c%ec%9d%b4%eb%9d%bc/,2026-07-29
w_0372,재벌집막내아들,재벌집 막내아들,Reborn Rich,재벌집 막내아들;Reborn Rich;財閥家の末息子;財閥家的小兒子;Jaebeoljib Maknaeadeul;The Youngest Son of a Conglomerate,drama,송중기;이성민;신현빈,JTBC,2022-11-18 ~ 2022-12-25,방영종료,48,47,6,서울특별시,Q110244733,16,Reborn Rich,166864,16.0,21.25,19.9,57.14,58,Y,https://kdramamap.com/wp-content/uploads/kdramamap/posters/%EC%9E%AC%EB%B2%8C%EC%A7%91%EB%A7%89%EB%82%B4%EC%95%84%EB%93%A4.webp,,https://kdramamap.com/drama/%ec%9e%ac%eb%b2%8c%ec%a7%91%eb%a7%89%eb%82%b4%ec%95%84%eb%93%a4/,2026-07-29
w_0384,지금거신전화는,지금 거신 전화는,When the Phone Rings,지금 거신 전화는;When the Phone Rings;その電話が鳴るとき;現在撥打的電話;The Number You Have Dialed,drama,유연석;채수빈,MBC,2024-11-22 ~ 2025-01-04,방영종료,64,63,6,서울특별시,Q130258195,13,When the Phone Rings,230867,13.0,23.7,19.92,56.62,59,Y,https://kdramamap.com/wp-content/uploads/kdramamap/posters/%EC%A7%80%EA%B8%88%EA%B1%B0%EC%8B%A0%EC%A0%84%ED%99%94%EB%8A%94.webp,,https://kdramamap.com/drama/%ec%a7%80%ea%b8%88%ea%b1%b0%ec%8b%a0%ec%a0%84%ed%99%94%eb%8a%94/,2026-07-29
w_0244,스위트홈2,스위트홈,Sweet Home,스위트홈;Sweet Home;Sweet Home〜俺と世界の絶望〜,drama,송강;이진욱;이시영;고민시,Netflix,2023-12-01 ~ 2023-12-01,방영종료,6,6,2,서울특별시,Q65266317,23,Sweet Home (TV series),316183,23.0,26.07,7.25,56.32,60,Y,https://kdramamap.com/wp-content/uploads/kdramamap/posters/%EC%8A%A4%EC%9C%84%ED%8A%B8%ED%99%882.webp,,https://kdramamap.com/drama/%ec%8a%a4%ec%9c%84%ed%8a%b8%ed%99%882/,2026-07-29
w_0414,캐셔로,캐셔로,Cashero,Cashero;CASHERO 〜ヒーローは現金を持つ〜﻿;現金英雄,drama,이준호;김혜준,Netflix,2025-12-26 ~ 2025-12-26,방영종료,55,53,7,서울특별시,Q132152067,10,Cashero,331412,10.0,26.43,19.82,56.25,61,Y,https://kdramamap.com/wp-content/uploads/kdramamap/posters/%EC%BA%90%EC%85%94%EB%A1%9C.webp,,https://kdramamap.com/drama/%ec%ba%90%ec%85%94%eb%a1%9c/,2026-07-29
w_0341,유미의세포들3,유미의 세포들,Yumi's Cells,유미의 세포들;Yumi's Cells;ユミの細胞たち;柔美的細胞小將;Yu-Mi-ui Sepodeul;Yumi's Cells (K-drama);Yumi's Cells (drama);Yumiui Sepodeul,drama,김고은;김재원,TVING,2026-04-13 ~ 2026-04-13,방영종료,66,66,6,인천광역시,Q107358404,12,Yumi's Cells,243217,12.0,24.09,20.0,56.09,62,Y,https://kdramamap.com/wp-content/uploads/kdramamap/posters/%EC%9C%A0%EB%AF%B8%EC%9D%98%EC%84%B8%ED%8F%AC%EB%93%A43.webp,,https://kdramamap.com/drama/%ec%9c%a0%eb%af%b8%ec%9d%98%ec%84%b8%ed%8f%ac%eb%93%a43/,2026-07-29
w_0338,웰컴투삼달리,웰컴투 삼달리,Welcome to Samdalri,웰컴투 삼달리;Welcome to Samdalri;サムダルリへようこそ;歡迎回到三達里,drama,지창욱;신혜선,JTBC,2023-12-02 ~ 2024-01-21,방영종료,81,81,6,제주특별자치도,Q118611683,15,Welcome to Samdal-ri,162643,15.0,21.06,20.0,56.06,63,Y,https://kdramamap.com/wp-content/uploads/kdramamap/posters/%EC%9B%B0%EC%BB%B4%ED%88%AC%EC%82%BC%EB%8B%AC%EB%A6%AC.webp,,https://kdramamap.com/drama/%ec%9b%b0%ec%bb%b4%ed%88%ac%ec%82%bc%eb%8b%ac%eb%a6%ac/,2026-07-29
w_0289,언더커버미쓰홍,언더커버 미쓰홍,Undercover Miss Hong,언더커버 미쓰홍;Undercover Miss Hong;Missホンは潜入調査中﻿;臥底洪小姐,drama,박신혜;고경표;하윤경,tvN,2026-01-17 ~ 2026-03-08,방영종료,85,85,6,서울특별시,Q136644388,8,Undercover Miss Hong,407216,8.0,27.98,20.0,55.98,64,Y,https://kdramamap.com/wp-content/uploads/kdramamap/posters/%EC%96%B8%EB%8D%94%EC%BB%A4%EB%B2%84%EB%AF%B8%EC%93%B0%ED%99%8D.webp,,https://kdramamap.com/drama/%ec%96%b8%eb%8d%94%ec%bb%a4%eb%b2%84%eb%af%b8%ec%93%b0%ed%99%8d/,2026-07-29
w_0274,아이돌아이,아이돌아이,I Dol I,I Dol I;アイドルアイ;偶像瘋子;Idol Eye;Liar Lawyer,drama,최수영;김재영,ENA,2025-12-22 ~ 2026-01-27,방영종료,75,75,6,서울특별시,Q136532398,6,I Dol I,529219,6.0,29.96,20.0,55.96,65,Y,https://kdramamap.com/wp-content/uploads/kdramamap/posters/%EC%95%84%EC%9D%B4%EB%8F%8C%EC%95%84%EC%9D%B4.webp,,https://kdramamap.com/drama/%ec%95%84%ec%9d%b4%eb%8f%8c%ec%95%84%ec%9d%b4/,2026-07-29
w_0393,찬란한너의계절에,찬란한 너의 계절에,In Your Brilliant Season,찬란한 너의 계절에;In Your Brilliant Season;君がきらめく季節に;在你燦爛的季節,drama,이성경;채종협,MBC,2026-02-20 ~ 2026-04-03,방영종료,129,122,9,서울특별시,Q136890356,8,In Your Radiant Season,420094,8.0,28.22,19.73,55.95,66,Y,https://kdramamap.com/wp-content/uploads/kdramamap/posters/%EC%B0%AC%EB%9E%80%ED%95%9C%EB%84%88%EC%9D%98%EA%B3%84%EC%A0%88%EC%97%90.webp,,https://kdramamap.com/drama/%ec%b0%ac%eb%9e%80%ed%95%9c%eb%84%88%ec%9d%98%ea%b3%84%ec%a0%88%ec%97%90/,2026-07-29
w_0449,프로보노,프로보노,Pro Bono,Pro Bono;プロボノ: アナタの正義救います!﻿;公益律師,drama,정경호;소주연,tvN,2025-12-06 ~ 2026-01-25,방영종료,63,62,4,서울특별시,Q135923528,10,Pro Bono,306558,10.0,25.84,19.92,55.76,67,Y,https://kdramamap.com/wp-content/uploads/kdramamap/posters/%ED%94%84%EB%A1%9C%EB%B3%B4%EB%85%B8.webp,,https://kdramamap.com/drama/%ed%94%84%eb%a1%9c%eb%b3%b4%eb%85%b8/,2026-07-29
w_0401,청춘기록,청춘기록,Record of Youth,Record of Youth;青春の記録;青春紀錄;Chungchungirok;The Moment,drama,박보검;박소담,tvN,2020-09-07 ~ 2020-10-27,방영종료,58,57,1,서울특별시,Q97202879,18,Record of Youth,106119,18.0,17.83,19.91,55.75,68,Y,https://kdramamap.com/wp-content/uploads/kdramamap/posters/%EC%B2%AD%EC%B6%98%EA%B8%B0%EB%A1%9D.webp,,https://kdramamap.com/drama/%ec%b2%ad%ec%b6%98%ea%b8%b0%eb%a1%9d/,2026-07-29
w_0309,오늘도매진했습니다,오늘도 매진했습니다,Sold Out on You,오늘도 매진했습니다;Sold Out on You;本日も完売しました﻿;秒殺愛情;Sold Out Today,drama,안효섭;채원빈,SBS,2026-04-22 ~ 2026-05-28,방영종료,84,83,4,서울특별시,Q137711304,9,Sold Out on You,339435,9.0,26.61,19.94,55.55,69,Y,https://kdramamap.com/wp-content/uploads/kdramamap/posters/%EC%98%A4%EB%8A%98%EB%8F%84%EB%A7%A4%EC%A7%84%ED%96%88%EC%8A%B5%EB%8B%88%EB%8B%A4.webp,,https://kdramamap.com/drama/%ec%98%a4%eb%8a%98%eb%8f%84%eb%a7%a4%ec%a7%84%ed%96%88%ec%8a%b5%eb%8b%88%eb%8b%a4/,2026-07-29
w_0387,지옥2,지옥,Hellbound,지옥;Hellbound;地獄が呼んでいる;地獄;Jiok,drama,김성철;김현주;김신록;문소리,Netflix,2024-10-25 ~ 2024-10-25,방영종료,11,11,5,강원특별자치도,Q100934044,26,Hellbound (TV series),148301,26.0,20.36,9.12,55.48,70,Y,https://kdramamap.com/wp-content/uploads/kdramamap/posters/%EC%A7%80%EC%98%A52.webp,,https://kdramamap.com/drama/%ec%a7%80%ec%98%a52/,2026-07-29
w_0024,견우와선녀,견우와 선녀,Head over Heels,견우와 선녀;Head over Heels;巫女と彦星;牽牛和仙女,drama,조이현;추영우,tvN,2025-06-23 ~ 2025-07-29,방영종료,47,47,7,경기도,Q132518926,12,Head over Heels (South Korean TV series),221348,12.0,23.38,20.0,55.38,71,Y,https://kdramamap.com/wp-content/uploads/kdramamap/posters/%EA%B2%AC%EC%9A%B0%EC%99%80%EC%84%A0%EB%85%80.webp,,https://kdramamap.com/drama/%ea%b2%ac%ec%9a%b0%ec%99%80%ec%84%a0%eb%85%80/,2026-07-29
w_0354,이번생도잘부탁해,이번 생도 잘 부탁해,See You in My 19th Life,이번 생도 잘 부탁해;See You in My 19th Life;生まれ変わってもよろしく;今生也請多指教,drama,신혜선;안보현,tvN,2023-06-17 ~ 2023-07-23,방영종료,90,89,10,서울특별시,Q114863982,15,See You in My 19th Life,149670,15.0,20.43,19.94,55.37,72,Y,https://kdramamap.com/wp-content/uploads/kdramamap/posters/%EC%9D%B4%EB%B2%88%EC%83%9D%EB%8F%84%EC%9E%98%EB%B6%80%ED%83%81%ED%95%B4.webp,,https://kdramamap.com/drama/%ec%9d%b4%eb%b2%88%ec%83%9d%eb%8f%84%ec%9e%98%eb%b6%80%ed%83%81%ed%95%b4/,2026-07-29
w_0242,스물다섯스물하나,스물다섯 스물하나,Twenty-Five Twenty-One,스물다섯 스물하나;Twenty-Five Twenty-One;二十五、二十一;二十五，二十一;Twenty Five Twenty One,drama,김태리;남주혁,tvN,2022-02-12 ~ 2022-04-03,방영종료,12,12,2,서울특별시,Q108809568,21,Twenty-Five Twenty-One,266650,21.0,24.79,9.5,55.29,73,Y,https://kdramamap.com/wp-content/uploads/kdramamap/posters/%EC%8A%A4%EB%AC%BC%EB%8B%A4%EC%84%AF%EC%8A%A4%EB%AC%BC%ED%95%98%EB%82%98.webp,,https://kdramamap.com/drama/%ec%8a%a4%eb%ac%bc%eb%8b%a4%ec%84%af%ec%8a%a4%eb%ac%bc%ed%95%98%eb%82%98/,2026-07-29
w_0378,조립식가족,조립식 가족,Family by Choice,조립식 가족;Family by Choice;組み立て式家族〜僕らの恋の在処〜;重组家庭;A Prefabricated Family;Assembled Family,drama,황인엽;정채연;배현성,JTBC,2024-10-09 ~ 2024-11-27,방영종료,77,76,9,경기도,Q124611032,13,Family by Choice,192966,13.0,22.35,19.94,55.28,74,Y,https://kdramamap.com/wp-content/uploads/kdramamap/posters/%EC%A1%B0%EB%A6%BD%EC%8B%9D%EA%B0%80%EC%A1%B1.webp,,https://kdramamap.com/drama/%ec%a1%b0%eb%a6%bd%ec%8b%9d%ea%b0%80%ec%a1%b1/,2026-07-29
w_0053,기리고,기리고,If Wishes Could Kill,If Wishes Could Kill;キリゴ﻿;Girigo：奪命許願,drama,전소영;강미나;백선호,Netflix,2026-04-24 ~ 2026-04-24,방영종료,11,11,5,서울특별시,Q137836018,15,If Wishes Could Kill,612743,15.0,31.07,9.12,55.19,75,Y,https://kdramamap.com/wp-content/uploads/kdramamap/posters/%EA%B8%B0%EB%A6%AC%EA%B3%A0.webp,,https://kdramamap.com/drama/%ea%b8%b0%eb%a6%ac%ea%b3%a0/,2026-07-29
w_0070,나의아저씨,나의 아저씨,My Mister,나의 아저씨;My Mister;マイ・ディア・ミスター;我的大叔;Azmat Montassaf Al Omr;Challenges at Midlife;My Ahjussi;My Ajussi,drama,이선균;아이유,tvN,2018-03-21 ~ 2018-05-17,방영종료,49,46,2,서울특별시,Q43111245,14,My Mister,168145,14.0,21.31,19.69,55.0,76,Y,https://kdramamap.com/wp-content/uploads/kdramamap/posters/%EB%82%98%EC%9D%98%EC%95%84%EC%A0%80%EC%94%A8.webp,,https://kdramamap.com/drama/%eb%82%98%ec%9d%98%ec%95%84%ec%a0%80%ec%94%a8/,2026-07-29
w_0383,중증외상센터,중증외상센터,The Trauma Code: Heroes on Call,The Trauma Code: Heroes on Call;トラウマコード;外傷重症中心,drama,주지훈;추영우;윤경호,Netflix,2025-01-24 ~ 2025-01-24,방영종료,33,33,7,서울특별시,Q124128670,16,The Trauma Code: Heroes on Call,174673,16.0,21.59,17.38,54.97,77,Y,https://kdramamap.com/wp-content/uploads/kdramamap/posters/%EC%A4%91%EC%A6%9D%EC%99%B8%EC%83%81%EC%84%BC%ED%84%B0.webp,,https://kdramamap.com/drama/%ec%a4%91%ec%a6%9d%ec%99%b8%ec%83%81%ec%84%bc%ed%84%b0/,2026-07-29
w_0468,화유기,화유기,A Korean Odyssey,A Korean Odyssey;花遊記;華遊記;Hwayugi,drama,이승기;차승원;오연서;이홍기,tvN,2017-12-23 ~ 2018-03-04,방영종료,22,22,2,서울특별시,Q41948223,26,A Korean Odyssey,79131,26.0,15.62,13.25,54.87,78,Y,https://kdramamap.com/wp-content/uploads/kdramamap/posters/%ED%99%94%EC%9C%A0%EA%B8%B0.webp,,https://kdramamap.com/drama/%ed%99%94%ec%9c%a0%ea%b8%b0/,2026-07-29
w_0311,오늘부터인간입니다만,오늘부터 인간입니다만,No Tail to Tell,"오늘부터 인간입니다만;No Tail to Tell;今日から""ニンゲン""に転身しました;雖然從今天開始是人類;Human from Today",drama,김혜윤;로몬,SBS,2026-01-16 ~ 2026-02-28,방영종료,99,98,8,서울특별시,Q130241021,10,No Tail to Tell,269553,10.0,24.87,19.95,54.82,79,Y,https://kdramamap.com/wp-content/uploads/kdramamap/posters/%EC%98%A4%EB%8A%98%EB%B6%80%ED%84%B0%EC%9D%B8%EA%B0%84%EC%9E%85%EB%8B%88%EB%8B%A4%EB%A7%8C.webp,,https://kdramamap.com/drama/%ec%98%a4%eb%8a%98%eb%b6%80%ed%84%b0%ec%9d%b8%ea%b0%84%ec%9e%85%eb%8b%88%eb%8b%a4%eb%a7%8c/,2026-07-29
w_0392,착한여자부세미,착한 여자 부세미,Ms. Incognito,착한 여자 부세미;Ms. Incognito;善良的女人夫世美;Good Woman Busemi,drama,전여빈;진영,ENA,2025-09-29 ~ 2025-11-04,방영종료,53,52,8,경기도,Q135458251,8,Ms. Incognito,351351,8.0,26.87,19.91,54.78,80,Y,https://kdramamap.com/wp-content/uploads/kdramamap/posters/%EC%B0%A9%ED%95%9C%EC%97%AC%EC%9E%90%EB%B6%80%EC%84%B8%EB%AF%B8.webp,,https://kdramamap.com/drama/%ec%b0%a9%ed%95%9c%ec%97%ac%ec%9e%90%eb%b6%80%ec%84%b8%eb%af%b8/,2026-07-29
w_0010,S라인,S라인,S Line,S Line,drama,이수혁;이다희;아린,Wavve,2025-07-11 ~ 2025-07-25,방영종료,27,27,3,서울특별시,Q135295160,11,S Line (TV series),436922,11.0,28.52,15.12,54.64,81,Y,https://kdramamap.com/wp-content/uploads/kdramamap/posters/S%EB%9D%BC%EC%9D%B8.webp,,https://kdramamap.com/drama/s%eb%9d%bc%ec%9d%b8/,2026-07-29
w_0078,남자친구,남자친구,Encounter,Encounter;ボーイフレンド;男朋友;Boyfriend;Namjachingoo,drama,송혜교;박보검,tvN,2018-11-28 ~ 2019-01-24,방영종료,20,18,2,서울특별시,Q55547488,23,Encounter (South Korean TV series),133223,23.0,19.55,12.0,54.55,82,Y,https://kdramamap.com/wp-content/uploads/kdramamap/posters/%EB%82%A8%EC%9E%90%EC%B9%9C%EA%B5%AC.webp,,https://kdramamap.com/drama/%eb%82%a8%ec%9e%90%ec%b9%9c%ea%b5%ac/,2026-07-29
w_0284,얄미운사랑,얄미운 사랑,Nice to Not Meet You,얄미운 사랑;Nice to Not Meet You;憎らしい恋;不幸的幸會,drama,이정재;임지연,tvN,2025-11-03 ~ 2025-12-23,방영종료,117,117,5,서울특별시,Q135818774,11,Nice to Not Meet You,224052,11.0,23.47,20.0,54.47,83,Y,https://kdramamap.com/wp-content/uploads/kdramamap/posters/%EC%96%84%EB%AF%B8%EC%9A%B4%EC%82%AC%EB%9E%91.webp,,https://kdramamap.com/drama/%ec%96%84%eb%af%b8%ec%9a%b4%ec%82%ac%eb%9e%91/,2026-07-29
w_0104,닥터슬럼프,닥터 슬럼프,Doctor Slump,닥터 슬럼프;Doctor Slump;ドクタースランプ;低谷医生,drama,박형식;박신혜,JTBC,2024-01-27 ~ 2024-03-17,방영종료,121,120,8,서울특별시,Q117219597,16,Doctor Slump (TV series),114188,16.0,18.39,19.96,54.34,84,Y,https://kdramamap.com/wp-content/uploads/kdramamap/posters/%EB%8B%A5%ED%84%B0%EC%8A%AC%EB%9F%BC%ED%94%84.webp,,https://kdramamap.com/drama/%eb%8b%a5%ed%84%b0%ec%8a%ac%eb%9f%bc%ed%94%84/,2026-07-29
w_0228,세이렌,세이렌,Siren's Kiss,Siren's Kiss;セイレーンのキス;魔女之吻,drama,박민영;위하준,tvN,2026-03-02 ~ 2026-04-07,방영종료,61,61,5,서울특별시,Q137772351,9,Siren's Kiss,275650,9.0,25.04,20.0,54.04,85,Y,https://kdramamap.com/wp-content/uploads/kdramamap/posters/%EC%84%B8%EC%9D%B4%EB%A0%8C.webp,,https://kdramamap.com/drama/%ec%84%b8%ec%9d%b4%eb%a0%8c/,2026-07-29
w_0344,은밀한감사,은밀한 감사,Filing for Love,은밀한 감사;Filing for Love;秘密の監査 -Filing for Love-;秘戀稽核中,drama,신혜선;공명,tvN,2026-04-25 ~ 2026-05-31,방영종료,105,104,6,서울특별시,Q137651959,7,Filing for Love,353320,7.0,26.91,19.95,53.86,86,Y,https://kdramamap.com/wp-content/uploads/kdramamap/posters/%EC%9D%80%EB%B0%80%ED%95%9C%EA%B0%90%EC%82%AC.webp,,https://kdramamap.com/drama/%ec%9d%80%eb%b0%80%ed%95%9c%ea%b0%90%ec%82%ac/,2026-07-29
w_0474,힘쎈여자강남순,힘쎈여자 강남순,Strong Girl Nam-soon,힘쎈여자 강남순;Strong Girl Nam-soon;力の強い女 カン・ナムスン;大力女子姜南順;Strong Women Gang Nam-soon,drama,이유미;김정은;김해숙;옹성우,JTBC,2023-10-07 ~ 2023-11-26,방영종료,120,117,8,서울특별시,Q112307747,13,Strong Girl Nam-soon,160333,13.0,20.95,19.88,53.82,87,Y,https://kdramamap.com/wp-content/uploads/kdramamap/posters/%ED%9E%98%EC%8E%88%EC%97%AC%EC%9E%90%EA%B0%95%EB%82%A8%EC%88%9C.webp,,https://kdramamap.com/drama/%ed%9e%98%ec%8e%88%ec%97%ac%ec%9e%90%ea%b0%95%eb%82%a8%ec%88%9c/,2026-07-29
w_0333,원더풀스,더 원더풀스,The Wonderfools,더 원더풀스;The Wonderfools;ワンダーフールズ﻿;超能路人甲;The Wonder Fools,drama,박은빈;차은우;최대훈;임성재,Netflix,2026-05-15 ~ 2026-05-15,방영종료,14,14,7,서울특별시,Q130748503,11,The Wonderfools,743168,11.0,32.53,10.25,53.78,88,Y,https://kdramamap.com/wp-content/uploads/kdramamap/posters/%EC%9B%90%EB%8D%94%ED%92%80%EC%8A%A4.webp,,https://kdramamap.com/drama/%ec%9b%90%eb%8d%94%ed%92%80%ec%8a%a4/,2026-07-29
w_0055,기생수더그레이,기생수: 더 그레이,Parasyte: The Grey,기생수: 더 그레이;Parasyte: The Grey;寄生獣 -ザ・グレイ-;寄生獸：灰色部隊,drama,전소니;구교환;이정현;권해효,Netflix,2024-04-05 ~ 2024-04-05,방영종료,44,41,10,충청남도,Q124480521,17,Parasyte: The Grey,94244,17.0,16.94,19.66,53.6,89,Y,https://kdramamap.com/wp-content/uploads/kdramamap/posters/%EA%B8%B0%EC%83%9D%EC%88%98%EB%8D%94%EA%B7%B8%EB%A0%88%EC%9D%B4.webp,,https://kdramamap.com/drama/%ea%b8%b0%ec%83%9d%ec%88%98%eb%8d%94%ea%b7%b8%eb%a0%88%ec%9d%b4/,2026-07-29
w_0145,마스크걸,마스크걸,Mask Girl,Mask Girl;マスクガール;假面女郎,drama,고현정;안재홍;염혜란;나나,Netflix,2023-08-18 ~ 2023-08-18,방영종료,50,49,9,서울특별시,Q115517391,14,Mask Girl,135112,14.0,19.66,19.9,53.56,90,Y,https://kdramamap.com/wp-content/uploads/kdramamap/posters/%EB%A7%88%EC%8A%A4%ED%81%AC%EA%B1%B8.webp,,https://kdramamap.com/drama/%eb%a7%88%ec%8a%a4%ed%81%ac%ea%b1%b8/,2026-07-29
w_0304,열혈사제2,열혈사제,The Fiery Priest,열혈사제;The Fiery Priest;熱血司祭;Hot Blooded Priest,drama,김남길;김성균;이하늬,SBS,2024-11-08 ~ 2024-12-27,방영종료,127,124,10,부산광역시,Q58483854,14,The Fiery Priest,129250,14.0,19.32,19.88,53.2,91,Y,https://kdramamap.com/wp-content/uploads/kdramamap/posters/%EC%97%B4%ED%98%88%EC%82%AC%EC%A0%9C2.webp,,https://kdramamap.com/drama/%ec%97%b4%ed%98%88%ec%82%ac%ec%a0%9c2/,2026-07-29
w_0437,판사이한영,판사 이한영,The Judge Returns,판사 이한영;The Judge Returns;法官李漢英,drama,지성;원진아,MBC,2026-01-02 ~ 2026-02-14,방영종료,125,124,7,서울특별시,Q134963260,8,The Judge Returns,282905,8.0,25.23,19.96,53.19,92,Y,https://kdramamap.com/wp-content/uploads/kdramamap/posters/%ED%8C%90%EC%82%AC%EC%9D%B4%ED%95%9C%EC%98%81.webp,,https://kdramamap.com/drama/%ed%8c%90%ec%82%ac%ec%9d%b4%ed%95%9c%ec%98%81/,2026-07-29
w_0441,편의점샛별이,편의점 샛별이,Backstreet Rookie,편의점 샛별이;Backstreet Rookie;コンビニのセッピョル;便利店新星;Convenience Store Saet-byul,drama,지창욱;김유정,SBS,2020-06-19 ~ 2020-08-08,방영종료,53,52,1,서울특별시,Q91091667,15,Backstreet Rookie,109470,15.0,18.07,19.91,52.97,93,Y,https://kdramamap.com/wp-content/uploads/kdramamap/posters/%ED%8E%B8%EC%9D%98%EC%A0%90%EC%83%9B%EB%B3%84%EC%9D%B4.webp,,https://kdramamap.com/drama/%ed%8e%b8%ec%9d%98%ec%a0%90%ec%83%9b%eb%b3%84%ec%9d%b4/,2026-07-29
w_0352,이두나,이두나!,Doona!,이두나!;Doona!;イ・ドゥナ！;我的女神室友斗娜;Doona;Lee Doo Na!;Lee Du Na!,drama,배수지;양세종,Netflix,2023-10-20 ~ 2023-10-20,방영종료,74,71,9,대전광역시,Q114878691,15,Doona!,108345,15.0,17.99,19.8,52.79,94,Y,https://kdramamap.com/wp-content/uploads/kdramamap/posters/%EC%9D%B4%EB%91%90%EB%82%98.webp,,https://kdramamap.com/drama/%ec%9d%b4%eb%91%90%eb%82%98/,2026-07-29
w_0161,모범택시1,모범택시,Taxi Driver,모범택시;Taxi Driver;模範タクシー;模範計程車,drama,이제훈;김의성;표예진,SBS,2021-04-09 ~ 2021-05-29,방영종료,12,12,1,서울특별시,Q104607512,12,Taxi Driver (South Korean TV series),628048,12.0,31.26,9.5,52.76,95,Y,https://kdramamap.com/wp-content/uploads/kdramamap/posters/%EB%AA%A8%EB%B2%94%ED%83%9D%EC%8B%9C1.webp,,https://kdramamap.com/drama/%eb%aa%a8%eb%b2%94%ed%83%9d%ec%8b%9c1/,2026-07-29
w_0368,작은아씨들,작은 아씨들,Little Women,작은 아씨들;Little Women;新・若草物語;小女子;Jak-eun a-ssi-deul,drama,김고은;남지현;박지후,tvN,2022-09-03 ~ 2022-10-09,방영종료,30,29,7,서울특별시,Q110246392,18,Little Women (2022 TV series),116825,18.0,18.56,16.08,52.64,96,Y,https://kdramamap.com/wp-content/uploads/kdramamap/posters/%EC%9E%91%EC%9D%80%EC%95%84%EC%94%A8%EB%93%A4.webp,,https://kdramamap.com/drama/%ec%9e%91%ec%9d%80%ec%95%84%ec%94%a8%eb%93%a4/,2026-07-29
w_0100,뉴토피아,뉴토피아,Newtopia,Newtopia;ニュートピア;流感,drama,박정민;지수_1995,Coupang Play,2025-02-07 ~ 2025-03-21,방영종료,26,26,4,서울특별시,Q123819546,12,Newtopia,308044,12.0,25.88,14.75,52.63,97,Y,https://kdramamap.com/wp-content/uploads/kdramamap/posters/%EB%89%B4%ED%86%A0%ED%94%BC%EC%95%84.webp,,https://kdramamap.com/drama/%eb%89%b4%ed%86%a0%ed%94%bc%ec%95%84/,2026-07-29
w_0457,하이라키,하이라키,Hierarchy,Hierarchy;ヒエラルキー;名校的阶梯,drama,노정의;이채민;김재원,Netflix,2024-06-07 ~ 2024-06-07,방영종료,49,49,8,서울특별시,Q124480568,11,Hierarchy (TV series),174529,11.0,21.59,20.0,52.59,98,Y,https://kdramamap.com/wp-content/uploads/kdramamap/posters/%ED%95%98%EC%9D%B4%EB%9D%BC%ED%82%A4.webp,,https://kdramamap.com/drama/%ed%95%98%ec%9d%b4%eb%9d%bc%ed%82%a4/,2026-07-29
w_0375,정신병동에도아침이와요,정신병동에도 아침이 와요,Daily Dose of Sunshine,정신병동에도 아침이 와요;Daily Dose of Sunshine;今日もあなたに太陽を ～精神科ナースのダイアリー～;精神病房也會迎來清晨;Morning Comes to Psychiatric Wards;Morning Comes to Psychiatric Wards Too,drama,박보영;연우진;장동윤;이정은,Netflix,2023-11-03 ~ 2023-11-03,방영종료,61,61,4,경기도,Q116033324,15,Daily Dose of Sunshine,102403,15.0,17.56,20.0,52.56,99,Y,https://kdramamap.com/wp-content/uploads/kdramamap/posters/%EC%A0%95%EC%8B%A0%EB%B3%91%EB%8F%99%EC%97%90%EB%8F%84%EC%95%84%EC%B9%A8%EC%9D%B4%EC%99%80%EC%9A%94.webp,,https://kdramamap.com/drama/%ec%a0%95%ec%8b%a0%eb%b3%91%eb%8f%99%ec%97%90%eb%8f%84%ec%95%84%ec%b9%a8%ec%9d%b4%ec%99%80%ec%9a%94/,2026-07-29
w_0046,그놈은흑염룡,그놈은 흑염룡,My Dearest Nemesis,그놈은 흑염룡;My Dearest Nemesis;あいつは黒炎竜;那傢伙是黑炎龍;That Man Is Black Salt Dragon,drama,문가영;최현욱,tvN,2025-02-17 ~ 2025-03-24,방영종료,99,99,6,서울특별시,Q127411915,12,My Dearest Nemesis,151546,12.0,20.52,20.0,52.52,100,Y,https://kdramamap.com/wp-content/uploads/kdramamap/posters/%EA%B7%B8%EB%86%88%EC%9D%80%ED%9D%91%EC%97%BC%EB%A3%A1.webp,,https://kdramamap.com/drama/%ea%b7%b8%eb%86%88%ec%9d%80%ed%9d%91%ec%97%bc%eb%a3%a1/,2026-07-29
w_0148,마이유스,마이 유스,My Youth,마이 유스;My Youth;我的青春,drama,송중기;천우희,JTBC,2025-09-05 ~ 2025-10-11,방영종료,108,108,6,서울특별시,Q130213443,8,My Youth,251340,8.0,24.34,20.0,52.34,101,,https://kdramamap.com/wp-content/uploads/kdramamap/posters/%EB%A7%88%EC%9D%B4%EC%9C%A0%EC%8A%A4.webp,,https://kdramamap.com/drama/%eb%a7%88%ec%9d%b4%ec%9c%a0%ec%8a%a4/,2026-07-29
w_0226,선의의 경쟁,선의의 경쟁,Friendly Rivalry,Friendly Rivalry;善意の競争;善意的競爭,drama,혜리;정수빈;강혜원,U+모바일tv,2025-02-10 ~ 2025-03-06,방영종료,46,46,8,서울특별시,Q127800838,12,Friendly Rivalry,146086,12.0,20.24,20.0,52.24,102,,https://kdramamap.com/wp-content/uploads/kdramamap/posters/%EC%84%A0%EC%9D%98%EC%9D%98%EA%B2%BD%EC%9F%81.webp,,https://kdramamap.com/drama/%ec%84%a0%ec%9d%98%ec%9d%98-%ea%b2%bd%ec%9f%81/,2026-07-29
w_0173,미지의서울,미지의 서울,Our Unwritten Seoul,미지의 서울;Our Unwritten Seoul;未知のソウル;未知的首尔;Unknown Seoul,drama,박보영;박진영,tvN,2025-05-24 ~ 2025-06-29,방영종료,139,135,8,서울특별시,Q131393572,10,Our Unwritten Seoul,193641,10.0,22.37,19.86,52.23,103,,https://kdramamap.com/wp-content/uploads/kdramamap/posters/%EB%AF%B8%EC%A7%80%EC%9D%98%EC%84%9C%EC%9A%B8.webp,"《미지의 서울》은 얼굴만 같고 삶은 전혀 다른 쌍둥이 자매가 서로의 인생을 바꿔 살며 자신과 사랑을 찾아가는 성장 로맨스입니다. 서울·경기·충남을 중심으로 촬영됐으며, 이 페이지에서 139곳의 촬영지 주소와 지역별 분포, 지도 정보를 확인할 수 있습니다.",https://kdramamap.com/drama/%eb%af%b8%ec%a7%80%ec%9d%98%ec%84%9c%ec%9a%b8/,2026-07-29
w_0248,스터디그룹,스터디그룹,Study Group,Study Group;流氓讀書會,drama,황민현;한지은;차우민,TVING,2025-01-23 ~ 2025-02-20,방영종료,26,26,3,경기도,Q131429579,12,Study Group (TV series),290645,12.0,25.44,14.75,52.19,104,,https://kdramamap.com/wp-content/uploads/kdramamap/posters/%EC%8A%A4%ED%84%B0%EB%94%94%EA%B7%B8%EB%A3%B9.webp,,https://kdramamap.com/drama/%ec%8a%a4%ed%84%b0%eb%94%94%ea%b7%b8%eb%a3%b9/,2026-07-29
w_0290,언더커버하이스쿨,언더커버 하이스쿨,Undercover High School,언더커버 하이스쿨;Undercover High School;臥底高中,drama,서강준;진기주,MBC,2025-02-21 ~ 2025-03-29,방영종료,66,66,6,서울특별시,Q130377383,11,Undercover High School,163931,11.0,21.12,20.0,52.12,105,,https://kdramamap.com/wp-content/uploads/kdramamap/posters/%EC%96%B8%EB%8D%94%EC%BB%A4%EB%B2%84%ED%95%98%EC%9D%B4%EC%8A%A4%EC%BF%A8.webp,,https://kdramamap.com/drama/%ec%96%b8%eb%8d%94%ec%bb%a4%eb%b2%84%ed%95%98%ec%9d%b4%ec%8a%a4%ec%bf%a8/,2026-07-29
w_0262,신입사원강회장,신입사원 강회장,Reborn Rookie,신입사원 강회장;Reborn Rookie;新進社員姜會長;Suddenly Intern;The New Employee Chairman Kang,drama,이준영;손현주;이주명,JTBC,2026-05-30 ~ 2026-07-05,방영종료,46,45,10,서울특별시,Q136714294,7,Reborn Rookie,272900,7.0,24.96,19.89,51.85,106,,https://kdramamap.com/wp-content/uploads/kdramamap/posters/%EC%8B%A0%EC%9E%85%EC%82%AC%EC%9B%90%EA%B0%95%ED%9A%8C%EC%9E%A5.webp,,https://kdramamap.com/drama/%ec%8b%a0%ec%9e%85%ec%82%ac%ec%9b%90%ea%b0%95%ed%9a%8c%ec%9e%a5/,2026-07-29
w_0182,백번의추억,백번의 추억,A Hundred Memories,백번의 추억;A Hundred Memories;100番の思い出;百次的回忆;Memories of No. 100,drama,김다미;신예은;허남준,JTBC,2025-09-13 ~ 2025-10-19,방영종료,66,66,10,서울특별시,Q131716998,8,A Hundred Memories,234965,8.0,23.83,20.0,51.83,107,,https://kdramamap.com/wp-content/uploads/kdramamap/posters/%EB%B0%B1%EB%B2%88%EC%9D%98%EC%B6%94%EC%96%B5.webp,,https://kdramamap.com/drama/%eb%b0%b1%eb%b2%88%ec%9d%98%ec%b6%94%ec%96%b5/,2026-07-29
w_0472,히어로는아닙니다만,히어로는 아닙니다만,The Atypical Family,히어로는 아닙니다만;The Atypical Family;ヒーローではないけれど;雖然不是英雄;Although I Am Not a Hero,drama,장기용;천우희,JTBC,2024-05-04 ~ 2024-06-09,방영종료,36,36,6,서울특별시,Q123495191,14,The Atypical Family,128370,14.0,19.27,18.5,51.77,108,,https://kdramamap.com/wp-content/uploads/kdramamap/posters/%ED%9E%88%EC%96%B4%EB%A1%9C%EB%8A%94%EC%95%84%EB%8B%99%EB%8B%88%EB%8B%A4%EB%A7%8C.webp,,https://kdramamap.com/drama/%ed%9e%88%ec%96%b4%eb%a1%9c%eb%8a%94%ec%95%84%eb%8b%99%eb%8b%88%eb%8b%a4%eb%a7%8c/,2026-07-29
w_0265,쌈마이웨이,쌈 마이웨이,Fight for My Way,쌈 마이웨이;Fight for My Way;サム、マイウェイ;三流之路;Third-rate My Way,drama,박서준;김지원,KBS2,2017-05-22 ~ 2017-07-11,방영종료,34,33,1,서울특별시,Q28834863,17,Fight for My Way,97143,17.0,17.16,17.6,51.77,109,,https://kdramamap.com/wp-content/uploads/kdramamap/posters/%EC%8C%88%EB%A7%88%EC%9D%B4%EC%9B%A8%EC%9D%B4.webp,,https://kdramamap.com/drama/%ec%8c%88%eb%a7%88%ec%9d%b4%ec%9b%a8%ec%9d%b4/,2026-07-29
w_0347,은중과상연,은중과 상연,You and Everything Else,은중과 상연;You and Everything Else;ウンジュンとサンヨン﻿;妳和其餘的一切;Two Women,drama,김고은;박지현,Netflix,2025-09-12 ~ 2025-09-12,방영종료,42,42,7,서울특별시,Q132130031,9,You and Everything Else,203324,9.0,22.74,20.0,51.74,110,,https://kdramamap.com/wp-content/uploads/kdramamap/posters/%EC%9D%80%EC%A4%91%EA%B3%BC%EC%83%81%EC%97%B0.webp,,https://kdramamap.com/drama/%ec%9d%80%ec%a4%91%ea%b3%bc%ec%83%81%ec%97%b0/,2026-07-29
w_0388,지옥에서 온 판사,지옥에서 온 판사,The Judge from Hell,The Judge from Hell;悪魔なカノジョは裁判官;來自地獄的法官,drama,박신혜;김재영,SBS,2024-09-21 ~ 2024-11-02,방영종료,93,93,7,서울특별시,Q127162951,9,The Judge from Hell,197158,9.0,22.51,20.0,51.51,111,,https://kdramamap.com/wp-content/uploads/kdramamap/posters/%EC%A7%80%EC%98%A5%EC%97%90%EC%84%9C%EC%98%A8%ED%8C%90%EC%82%AC.webp,,https://kdramamap.com/drama/%ec%a7%80%ec%98%a5%ec%97%90%ec%84%9c-%ec%98%a8-%ed%8c%90%ec%82%ac/,2026-07-29
w_0026,경도를기다리며,경도를 기다리며,Surely Tomorrow,경도를 기다리며;Surely Tomorrow;明日はきっと;等待京道;Waiting for Gyeong Do;Waiting for Gyeongdo,drama,박서준;원지안,JTBC,2025-12-06 ~ 2026-01-25,방영종료,119,85,11,서울특별시,Q133448548,9,Surely Tomorrow,237426,9.0,23.91,18.57,51.48,112,,https://kdramamap.com/wp-content/uploads/kdramamap/posters/%EA%B2%BD%EB%8F%84%EB%A5%BC%EA%B8%B0%EB%8B%A4%EB%A6%AC%EB%A9%B0.webp,,https://kdramamap.com/drama/%ea%b2%bd%eb%8f%84%eb%a5%bc%ea%b8%b0%eb%8b%a4%eb%a6%ac%eb%a9%b0/,2026-07-29
w_0279,알고있지만,알고있지만,Nevertheless,Nevertheless;わかっていても;無法抗拒的他,drama,한소희;송강,JTBC,2021-06-19 ~ 2021-08-21,방영종료,30,29,1,서울특별시,Q106091446,15,Nevertheless (TV series),145241,15.0,20.2,16.08,51.28,113,,https://kdramamap.com/wp-content/uploads/kdramamap/posters/%EC%95%8C%EA%B3%A0%EC%9E%88%EC%A7%80%EB%A7%8C.webp,,https://kdramamap.com/drama/%ec%95%8c%ea%b3%a0%ec%9e%88%ec%a7%80%eb%a7%8c/,2026-07-29
w_0461,함부로애틋하게,함부로 애틋하게,Uncontrollably Fond,함부로 애틋하게;Uncontrollably Fond;むやみに切なく;任意依戀,drama,김우빈;배수지,KBS2,2016-07-06 ~ 2016-09-08,방영종료,26,26,1,서울특별시,Q21294955,20,Uncontrollably Fond,89011,20.0,16.5,14.75,51.25,114,,https://kdramamap.com/wp-content/uploads/kdramamap/posters/%ED%95%A8%EB%B6%80%EB%A1%9C%EC%95%A0%ED%8B%8B%ED%95%98%EA%B2%8C.webp,,https://kdramamap.com/drama/%ed%95%a8%eb%b6%80%eb%a1%9c%ec%95%a0%ed%8b%8b%ed%95%98%ea%b2%8c/,2026-07-29
w_0127,디피2,D.P.,D.P.,D.P.;D.P. ―脱走兵追跡官―;D.P：逃兵追緝令;디피,drama,정해인;구교환;김성균;손석구,Netflix,2023-07-28 ~ 2023-07-28,방영종료,25,25,7,서울특별시,Q105226735,18,D.P. (TV series),120935,18.0,18.82,14.38,51.19,115,,https://kdramamap.com/wp-content/uploads/kdramamap/posters/%EB%94%94%ED%94%BC2.webp,,https://kdramamap.com/drama/%eb%94%94%ed%94%bc2/,2026-07-29
w_0232,소용없어거짓말,소용없어 거짓말,My Lovely Liar,소용없어 거짓말;My Lovely Liar;マイ・ラブリー・ライアー;无用的谎言,drama,김소현;황민현,tvN,2023-07-31 ~ 2023-09-19,방영종료,87,87,5,서울특별시,Q115531995,11,My Lovely Liar,144856,11.0,20.18,20.0,51.18,116,,https://kdramamap.com/wp-content/uploads/kdramamap/posters/%EC%86%8C%EC%9A%A9%EC%97%86%EC%96%B4%EA%B1%B0%EC%A7%93%EB%A7%90.webp,,https://kdramamap.com/drama/%ec%86%8c%ec%9a%a9%ec%97%86%ec%96%b4%ea%b1%b0%ec%a7%93%eb%a7%90/,2026-07-29
w_0419,클라이맥스,클라이맥스,Climax,Climax;CLIMAX/クライマックス,drama,주지훈;하지원,ENA,2026-03-16 ~ 2026-04-14,방영종료,41,40,6,서울특별시,Q136945952,7,Climax (TV series),247992,7.0,24.24,19.88,51.12,117,,https://kdramamap.com/wp-content/uploads/kdramamap/posters/%ED%81%B4%EB%9D%BC%EC%9D%B4%EB%A7%A5%EC%8A%A4.webp,,https://kdramamap.com/drama/%ed%81%b4%eb%9d%bc%ec%9d%b4%eb%a7%a5%ec%8a%a4/,2026-07-29
w_0473,힐러,힐러,Healer,Healer;ヒーラー〜最高の恋人〜;Hilleo,drama,지창욱;박민영;유지태,KBS2,2014-12-08 ~ 2015-02-10,방영종료,13,13,1,서울특별시,Q17401494,23,Healer (TV series),109542,23.0,18.07,9.88,50.95,118,,https://kdramamap.com/wp-content/uploads/kdramamap/posters/%ED%9E%90%EB%9F%AC.webp,,https://kdramamap.com/drama/%ed%9e%90%eb%9f%ac/,2026-07-29
w_0253,슬기로운의사생활,슬기로운 의사생활,Hospital Playlist,슬기로운 의사생활;Hospital Playlist;賢い医師生活;機智醫生生活;A Wise Doctor's Life;Seulgiroun Euisasaenghal;Smart Doctor Living;Wise Doctor Life,drama,조정석;유연석;정경호;김대명,tvN,2020-03-12 ~ 2020-05-28,방영종료,6,6,1,서울특별시,Q83625648,20,Hospital Playlist,229034,20.0,23.64,7.25,50.89,119,,https://kdramamap.com/wp-content/uploads/kdramamap/posters/%EC%8A%AC%EA%B8%B0%EB%A1%9C%EC%9A%B4%EC%9D%98%EC%82%AC%EC%83%9D%ED%99%9C.webp,,https://kdramamap.com/drama/%ec%8a%ac%ea%b8%b0%eb%a1%9c%ec%9a%b4%ec%9d%98%ec%82%ac%ec%83%9d%ed%99%9c/,2026-07-29
w_0125,드림하이,드림하이,Dream High,Dream High;ドリームハイ;夢想起飛Dream High;Deurim hai;드림 하이;드하,drama,김수현;배수지,KBS2,2011-01-03 ~ 2011-02-28,방영종료,8,8,2,서울특별시,Q483378,28,Dream High,71581,28.0,14.86,8.0,50.86,120,,https://kdramamap.com/wp-content/uploads/kdramamap/posters/%EB%93%9C%EB%A6%BC%ED%95%98%EC%9D%B4.webp,,https://kdramamap.com/drama/%eb%93%9c%eb%a6%bc%ed%95%98%ec%9d%b4/,2026-07-29
w_0416,커피프린스,커피프린스 1호점,The 1st Shop of Coffee Prince,커피프린스 1호점;The 1st Shop of Coffee Prince;コーヒープリンス1号店;咖啡王子1號店;커피 프린스 1호점;커프;Coffee Prince;Keopi peurinseu 1-hojeom,drama,공유;윤은혜;이선균;채정안,MBC,2007-07-02 ~ 2007-08-28,방영종료,27,27,1,서울특별시,Q484695,26,Coffee Prince (South Korean TV series),35834,26.0,9.64,15.12,50.76,121,,https://kdramamap.com/wp-content/uploads/kdramamap/posters/%EC%BB%A4%ED%94%BC%ED%94%84%EB%A6%B0%EC%8A%A4.webp,,https://kdramamap.com/drama/%ec%bb%a4%ed%94%bc%ed%94%84%eb%a6%b0%ec%8a%a4/,2026-07-29
w_0142,마녀,마녀 Part2. The Other One,The Witch: Part 2. The Other One,마녀 Part2. The Other One;The Witch: Part 2. The Other One;THE WITCH/魔女 -増殖-;魔女二部曲：另一個她;마녀 2,drama,박진영;노정의,채널A,2025-02-15 ~ 2025-03-16,방영종료,51,45,7,서울특별시,Q111364645,10,The Witch: Part 2. The Other One,167718,10.0,21.29,19.41,50.7,122,,https://kdramamap.com/wp-content/uploads/kdramamap/posters/%EB%A7%88%EB%85%80.webp,,https://kdramamap.com/drama/%eb%a7%88%eb%85%80/,2026-07-29
w_0233,손해보기싫어서,손해 보기 싫어서,No Gain No Love,손해 보기 싫어서;No Gain No Love;損するのは嫌だから;因为不想吃亏;Because I Want No Loss;No Loss in Love,drama,신민아;김영대,tvN,2024-08-26 ~ 2024-10-01,방영종료,70,70,5,경기도,Q124611400,11,No Gain No Love,134614,11.0,19.63,20.0,50.63,123,,https://kdramamap.com/wp-content/uploads/kdramamap/posters/%EC%86%90%ED%95%B4%EB%B3%B4%EA%B8%B0%EC%8B%AB%EC%96%B4%EC%84%9C.webp,,https://kdramamap.com/drama/%ec%86%90%ed%95%b4%eb%b3%b4%ea%b8%b0%ec%8b%ab%ec%96%b4%ec%84%9c/,2026-07-29
w_0044,그녀는예뻤다,그녀는 예뻤다,She Was Pretty,그녀는 예뻤다;She Was Pretty;彼女はキレイだった;她很漂亮,drama,황정음;박서준;고준희;최시원,MBC,2015-09-16 ~ 2015-11-11,방영종료,16,16,1,서울특별시,Q20730109,23,She Was Pretty,90102,23.0,16.6,11.0,50.6,124,,https://kdramamap.com/wp-content/uploads/kdramamap/posters/%EA%B7%B8%EB%85%80%EB%8A%94%EC%98%88%EB%BB%A4%EB%8B%A4.webp,,https://kdramamap.com/drama/%ea%b7%b8%eb%85%80%eb%8a%94%ec%98%88%eb%bb%a4%eb%8b%a4/,2026-07-29
w_0216,살인자난감,살인자ㅇ난감,A Killer Paradox,살인자ㅇ난감;A Killer Paradox;殺人者のパラドックス;殺人者的難堪;살인장난감;Murder DIEary;Killer Paradox,drama,최우식;손석구;이희준,Netflix,2024-02-09 ~ 2024-02-09,방영종료,51,51,7,대전광역시,Q115413158,13,A Killer Paradox,102282,13.0,17.55,20.0,50.55,125,,https://kdramamap.com/wp-content/uploads/kdramamap/posters/%EC%82%B4%EC%9D%B8%EC%9E%90%EB%82%9C%EA%B0%90.webp,,https://kdramamap.com/drama/%ec%82%b4%ec%9d%b8%ec%9e%90%eb%82%9c%ea%b0%90/,2026-07-29
w_0370,장난스런키스,장난스런 키스,Playful Kiss,장난스런 키스;Playful Kiss;イタズラなKiss〜Playful Kiss;惡作劇之吻;Jangnanseureon Kiseu;Mischievous Kiss;Naughty Kiss;장난스런 KISS,drama,김현중;정소민,MBC,2010-09-01 ~ 2010-10-21,방영종료,21,21,1,서울특별시,Q496458,23,Playful Kiss,67015,23.0,14.36,12.88,50.24,126,,https://kdramamap.com/wp-content/uploads/kdramamap/posters/%EC%9E%A5%EB%82%9C%EC%8A%A4%EB%9F%B0%ED%82%A4%EC%8A%A4.webp,,https://kdramamap.com/drama/%ec%9e%a5%eb%82%9c%ec%8a%a4%eb%9f%b0%ed%82%a4%ec%8a%a4/,2026-07-29
w_0391,착한사나이,착한 사나이,The Nice Guy,착한 사나이;The Nice Guy;優しい男の物語;善良的男子汉;Kind Gentleman,drama,이동욱;이성경,JTBC,2025-07-18 ~ 2025-08-22,방영종료,79,78,5,경기도,Q132859860,7,The Nice Guy,218018,7.0,23.27,19.94,50.2,127,,https://kdramamap.com/wp-content/uploads/kdramamap/posters/%EC%B0%A9%ED%95%9C%EC%82%AC%EB%82%98%EC%9D%B4.webp,,https://kdramamap.com/drama/%ec%b0%a9%ed%95%9c%ec%82%ac%eb%82%98%ec%9d%b4/,2026-07-29
w_0038,굿닥터,굿 닥터,Good Doctor,굿 닥터;Good Doctor;グッドドクター;好醫生,drama,주원;문채원;주상욱,KBS2,2013-08-05 ~ 2013-10-08,방영종료,7,7,1,서울특별시,Q13425770,22,Good Doctor (South Korean TV series),151854,22.0,20.54,7.62,50.16,128,,https://kdramamap.com/wp-content/uploads/kdramamap/posters/%EA%B5%BF%EB%8B%A5%ED%84%B0.webp,,https://kdramamap.com/drama/%ea%b5%bf%eb%8b%a5%ed%84%b0/,2026-07-29
w_0453,피라미드게임,피라미드 게임,Pyramid Game,피라미드 게임;Pyramid Game;ピラミッドゲーム;金字塔遊戲,drama,김지연;장다아,TVING,2024-02-29 ~ 2024-03-21,방영종료,45,44,7,경기도,Q118994129,14,Pyramid Game (TV series),85742,14.0,16.22,19.89,50.11,129,,https://kdramamap.com/wp-content/uploads/kdramamap/posters/%ED%94%BC%EB%9D%BC%EB%AF%B8%EB%93%9C%EA%B2%8C%EC%9E%84.webp,,https://kdramamap.com/drama/%ed%94%bc%eb%9d%bc%eb%af%b8%eb%93%9c%ea%b2%8c%ec%9e%84/,2026-07-29
w_0054,기상청사람들,기상청 사람들: 사내연애 잔혹사 편,Forecasting Love and Weather,기상청 사람들: 사내연애 잔혹사 편;Forecasting Love and Weather;気象庁の人々:社内恋愛は予測不能?!;氣象廳的人們：社內戀愛殘酷史篇,drama,박민영;송강,JTBC,2022-02-12 ~ 2022-04-03,방영종료,28,26,1,서울특별시,Q107343177,18,Forecasting Love and Weather,94078,18.0,16.92,15.14,50.07,130,,https://kdramamap.com/wp-content/uploads/kdramamap/posters/%EA%B8%B0%EC%83%81%EC%B2%AD%EC%82%AC%EB%9E%8C%EB%93%A4.webp,,https://kdramamap.com/drama/%ea%b8%b0%ec%83%81%ec%b2%ad%ec%82%ac%eb%9e%8c%eb%93%a4/,2026-07-29
w_0190,보물섬,보물섬,Buried Hearts,Buried Hearts;埋もれた心;寶物島;Treasure Island,drama,박형식;허준호;홍화연,SBS,2025-02-21 ~ 2025-04-12,방영종료,73,73,9,서울특별시,Q130902336,9,Buried Hearts,162333,9.0,21.04,20.0,50.04,131,,https://kdramamap.com/wp-content/uploads/kdramamap/posters/%EB%B3%B4%EB%AC%BC%EC%84%AC.webp,,https://kdramamap.com/drama/%eb%b3%b4%eb%ac%bc%ec%84%ac/,2026-07-29
w_0071,나의완벽한비서,나의 완벽한 비서,Love Scout,나의 완벽한 비서;Love Scout;わたしの完璧な秘書;我的完美秘書;인사하는 사이,drama,한지민;이준혁_1984,SBS,2025-01-03 ~ 2025-02-14,방영종료,147,146,5,서울특별시,Q130211747,9,Love Scout,162470,9.0,21.05,19.97,50.01,132,,https://kdramamap.com/wp-content/uploads/kdramamap/posters/%EB%82%98%EC%9D%98%EC%99%84%EB%B2%BD%ED%95%9C%EB%B9%84%EC%84%9C.webp,"《나의 완벽한 비서》는 일에만 몰두하는 헤드헌팅 회사 CEO와 일과 육아에 능숙한 비서가 서로를 이해하며 가까워지는 오피스 로맨스입니다. 서울·경기를 중심으로 경북과 인천 등에서 촬영됐으며, 이 페이지에서 147곳의 촬영지 주소와 지역별 분포, 지도 정보를 확인할 수 있습니다.",https://kdramamap.com/drama/%eb%82%98%ec%9d%98%ec%99%84%eb%b2%bd%ed%95%9c%eb%b9%84%ec%84%9c/,2026-07-29
w_0379,조명가게,조명가게,Light Shop,Light Shop;照明店の客人たち;照明商店,drama,주지훈;박보영,Disney+,2024-12-04 ~ 2024-12-18,방영종료,28,26,4,경기도,Q124616105,10,Light Shop,267855,10.0,24.82,15.14,49.96,133,,https://kdramamap.com/wp-content/uploads/kdramamap/posters/%EC%A1%B0%EB%AA%85%EA%B0%80%EA%B2%8C.webp,,https://kdramamap.com/drama/%ec%a1%b0%eb%aa%85%ea%b0%80%ea%b2%8c/,2026-07-29
w_0310,오늘도사랑스럽개,오늘도 사랑스럽개,A Good Day to Be a Dog,오늘도 사랑스럽개;A Good Day to Be a Dog;ワンダフルデイズ;犬系戀人,drama,차은우;박규영;이현우,MBC,2023-10-11 ~ 2024-01-10,방영종료,52,52,7,경기도,Q115412432,12,A Good Day to Be a Dog,102488,12.0,17.57,20.0,49.57,134,,https://kdramamap.com/wp-content/uploads/kdramamap/posters/%EC%98%A4%EB%8A%98%EB%8F%84%EC%82%AC%EB%9E%91%EC%8A%A4%EB%9F%BD%EA%B0%9C.webp,,https://kdramamap.com/drama/%ec%98%a4%eb%8a%98%eb%8f%84%ec%82%ac%eb%9e%91%ec%8a%a4%eb%9f%bd%ea%b0%9c/,2026-07-29
w_0225,서초동,서초동,Law and the City,Law and the City;瑞草洞,drama,이종석;문가영;강유석;류혜영,tvN,2025-07-05 ~ 2025-08-10,방영종료,138,122,2,서울특별시,Q131036494,7,Law and the City,207939,7.0,22.91,19.42,49.33,135,,https://kdramamap.com/wp-content/uploads/kdramamap/posters/%EC%84%9C%EC%B4%88%EB%8F%99.webp,,https://kdramamap.com/drama/%ec%84%9c%ec%b4%88%eb%8f%99/,2026-07-29
w_0140,로얄로더,로얄로더,The Impossible Heir,The Impossible Heir;予期せぬ相続者;篡位,drama,이재욱;이준영,Disney+,2024-02-28 ~ 2024-04-03,방영종료,54,54,6,서울특별시,Q124389049,12,The Impossible Heir,96432,12.0,17.11,20.0,49.11,136,,https://kdramamap.com/wp-content/uploads/kdramamap/posters/%EB%A1%9C%EC%96%84%EB%A1%9C%EB%8D%94.webp,,https://kdramamap.com/drama/%eb%a1%9c%ec%96%84%eb%a1%9c%eb%8d%94/,2026-07-29
w_0371,재벌X형사,재벌X형사,Flex X Cop,Flex X Cop;財閥X刑事;财阀X刑警;Chaebol X Detective,drama,안보현;박지현,SBS,2024-01-26 ~ 2024-03-23,방영종료,67,67,6,서울특별시,Q121879488,13,Flex X Cop,84240,13.0,16.09,20.0,49.09,137,,https://kdramamap.com/wp-content/uploads/kdramamap/posters/%EC%9E%AC%EB%B2%8Cx%ED%98%95%EC%82%AC.webp,,https://kdramamap.com/drama/%ec%9e%ac%eb%b2%8cx%ed%98%95%ec%82%ac/,2026-07-29
w_0447,푸른바다의전설,푸른 바다의 전설,The Legend of the Blue Sea,푸른 바다의 전설;The Legend of the Blue Sea;青い海の伝説;藍色海洋的傳說;Pooreun Badaui Junsul,drama,전지현;이민호,SBS,2016-11-16 ~ 2017-01-25,방영종료,21,21,1,서울특별시,Q24698311,36,The Legend of the Blue Sea,,36.0,0.0,12.88,48.88,138,,https://kdramamap.com/wp-content/uploads/kdramamap/posters/%ED%91%B8%EB%A5%B8%EB%B0%94%EB%8B%A4%EC%9D%98%EC%A0%84%EC%84%A4.webp,,https://kdramamap.com/drama/%ed%91%b8%eb%a5%b8%eb%b0%94%eb%8b%a4%ec%9d%98%ec%a0%84%ec%84%a4/,2026-07-29
w_0334,원더풀월드,원더풀 월드,Wonderful World,원더풀 월드;Wonderful World;ワンダフルワールド,drama,김남주;차은우,MBC,2024-03-01 ~ 2024-04-13,방영종료,85,84,6,서울특별시,Q123919021,11,Wonderful World (South Korean TV series),106504,11.0,17.86,19.94,48.8,139,,https://kdramamap.com/wp-content/uploads/kdramamap/posters/%EC%9B%90%EB%8D%94%ED%92%80%EC%9B%94%EB%93%9C.webp,,https://kdramamap.com/drama/%ec%9b%90%eb%8d%94%ed%92%80%ec%9b%94%eb%93%9c/,2026-07-29
w_0170,미남이시네요,미남이시네요,You're Beautiful,You're Beautiful;美男ですね;原來是美男,drama,장근석;박신혜,SBS,2009-10-07 ~ 2009-11-26,방영종료,11,11,2,서울특별시,Q45717,24,You're Beautiful (TV series),79116,24.0,15.61,9.12,48.74,140,,https://kdramamap.com/wp-content/uploads/kdramamap/posters/%EB%AF%B8%EB%82%A8%EC%9D%B4%EC%8B%9C%EB%84%A4%EC%9A%94.webp,,https://kdramamap.com/drama/%eb%af%b8%eb%82%a8%ec%9d%b4%ec%8b%9c%eb%84%a4%ec%9a%94/,2026-07-29
w_0074,나인퍼즐,나인 퍼즐,Nine Puzzles,나인 퍼즐;Nine Puzzles;ナインパズル;血谜拼图,drama,김다미;손석구;김성균,Disney+,2025-05-21 ~ 2025-06-04,방영종료,62,62,11,서울특별시,Q133894482,9,Nine Puzzles,133176,9.0,19.55,20.0,48.55,141,,https://kdramamap.com/wp-content/uploads/kdramamap/posters/%EB%82%98%EC%9D%B8%ED%8D%BC%EC%A6%90.webp,,https://kdramamap.com/drama/%eb%82%98%ec%9d%b8%ed%8d%bc%ec%a6%90/,2026-07-29
w_0291,언젠가는 슬기로울 전공의생활,언젠가는 슬기로울 전공의생활,Resident Playbook,Resident Playbook;いつかは賢いレジデント生活;機智住院醫生生活;Danh sách phát nhạc của cư dân;전공의생활,drama,고윤정;신시아;강유석;한예지,tvN,2025-04-12 ~ 2025-05-18,방영종료,21,21,2,서울특별시,Q122854712,12,Resident Playbook,228291,12.0,23.62,12.88,48.49,142,,https://kdramamap.com/wp-content/uploads/kdramamap/posters/%EC%96%B8%EC%A0%A0%EA%B0%80%EB%8A%94%20%EC%8A%AC%EA%B8%B0%EB%A1%9C%EC%9A%B8%20%EC%A0%84%EA%B3%B5%EC%9D%98%EC%83%9D%ED%99%9C.webp,,https://kdramamap.com/drama/%ec%96%b8%ec%a0%a0%ea%b0%80%eb%8a%94-%ec%8a%ac%ea%b8%b0%eb%a1%9c%ec%9a%b8-%ec%a0%84%ea%b3%b5%ec%9d%98%ec%83%9d%ed%99%9c/,2026-07-29
w_0424,킬미힐미,킬미힐미,Kill Me Heal Me,"Kill Me Heal Me;キルミーヒールミー;Kilmi, hilmi",drama,지성;황정음;박서준,MBC,2015-01-07 ~ 2015-03-12,방영종료,13,13,1,서울특별시,Q18512154,25,"Kill Me, Heal Me",60549,25.0,13.6,9.88,48.47,143,,https://kdramamap.com/wp-content/uploads/kdramamap/posters/%ED%82%AC%EB%AF%B8%ED%9E%90%EB%AF%B8.webp,,https://kdramamap.com/drama/%ed%82%ac%eb%af%b8%ed%9e%90%eb%af%b8/,2026-07-29
w_0056,기생충,기생충,Parasite,Parasite;パラサイト 半地下の家族;寄生上流;Gisaengchung,drama,송강호;이선균;조여정;최우식,영화,2019-05-30 ~ 2019-05-30,방영종료,9,9,1,서울특별시,Q61448040,74,Parasite (2019 film),,40.0,0.0,8.38,48.38,144,,https://kdramamap.com/wp-content/uploads/kdramamap/posters/%EA%B8%B0%EC%83%9D%EC%B6%A9.webp,,https://kdramamap.com/drama/%ea%b8%b0%ec%83%9d%ec%b6%a9/,2026-07-29
w_0049,그해우리는,그 해 우리는,Our Beloved Summer,그 해 우리는;Our Beloved Summer;その年、私たちは;那年，我們的夏天;Geu hae u-ri-neun,drama,최우식;김다미,SBS,2021-12-06 ~ 2022-01-25,방영종료,18,18,1,서울특별시,Q107474096,17,Our Beloved Summer,134406,17.0,19.62,11.75,48.37,145,,https://kdramamap.com/wp-content/uploads/kdramamap/posters/%EA%B7%B8%ED%95%B4%EC%9A%B0%EB%A6%AC%EB%8A%94.webp,,https://kdramamap.com/drama/%ea%b7%b8%ed%95%b4%ec%9a%b0%eb%a6%ac%eb%8a%94/,2026-07-29
w_0476,힙하게,힙(HIP)하게,Behind your Touch,힙(HIP)하게;Behind your Touch;ヒップタッチの女王;摸心第六感,drama,한지민;이민기,JTBC,2023-08-12 ~ 2023-10-01,방영종료,66,66,4,경기도,Q117280410,15,Behind Your Touch,57414,15.0,13.19,20.0,48.19,146,,https://kdramamap.com/wp-content/uploads/kdramamap/posters/%ED%9E%99%ED%95%98%EA%B2%8C.webp,,https://kdramamap.com/drama/%ed%9e%99%ed%95%98%ea%b2%8c/,2026-07-29
w_0169,무인도의디바,무인도의 디바,Castaway Diva,무인도의 디바;Castaway Diva;無人島のディーバ;無人島的DIVA;Diva of the Deserted Island,drama,박은빈;김효진;채종협;차학연,tvN,2023-10-28 ~ 2023-12-03,방영종료,46,45,8,서울특별시,Q117815050,11,Castaway Diva,97498,11.0,17.19,19.89,48.08,147,,https://kdramamap.com/wp-content/uploads/kdramamap/posters/%EB%AC%B4%EC%9D%B8%EB%8F%84%EC%9D%98%EB%94%94%EB%B0%94.webp,,https://kdramamap.com/drama/%eb%ac%b4%ec%9d%b8%eb%8f%84%ec%9d%98%eb%94%94%eb%b0%94/,2026-07-29
w_0301,열녀박씨계약결혼뎐,열녀박씨 계약결혼뎐,The Story of Park's Marriage Contract,열녀박씨 계약결혼뎐;The Story of Park's Marriage Contract;烈女パク氏契約結婚伝;烈女朴氏契約結婚傳,drama,이세영;배인혁,MBC,2023-11-24 ~ 2024-01-06,방영종료,68,66,10,서울특별시,Q118148500,11,The Story of Park's Marriage Contract,96998,11.0,17.15,19.85,48.01,148,,https://kdramamap.com/wp-content/uploads/kdramamap/posters/%EC%97%B4%EB%85%80%EB%B0%95%EC%94%A8%EA%B3%84%EC%95%BD%EA%B2%B0%ED%98%BC%EB%8E%90.webp,,https://kdramamap.com/drama/%ec%97%b4%eb%85%80%eb%b0%95%ec%94%a8%ea%b3%84%ec%95%bd%ea%b2%b0%ed%98%bc%eb%8e%90/,2026-07-29
w_0037,국민사형투표,국민사형투표,The Killing Vote,The Killing Vote;国民死刑投票,drama,박해진;박성웅;임지연,SBS,2023-08-10 ~ 2023-11-16,방영종료,42,42,9,서울특별시,Q116907485,11,The Killing Vote,93659,11.0,16.89,20.0,47.89,149,,https://kdramamap.com/wp-content/uploads/kdramamap/posters/%EA%B5%AD%EB%AF%BC%EC%82%AC%ED%98%95%ED%88%AC%ED%91%9C.webp,,https://kdramamap.com/drama/%ea%b5%ad%eb%af%bc%ec%82%ac%ed%98%95%ed%88%ac%ed%91%9c/,2026-07-29
w_0176,바니와오빠들,바니와 오빠들,Crushology 101,바니와 오빠들;Crushology 101;バニーとお兄さんたち;芭妮与哥哥们;Bunny and Her Boys,drama,노정의;이채민;조준영,MBC,2025-04-11 ~ 2025-05-17,방영종료,65,65,3,서울특별시,Q130325823,7,Crushology 101,158041,7.0,20.84,20.0,47.84,150,,https://kdramamap.com/wp-content/uploads/kdramamap/posters/%EB%B0%94%EB%8B%88%EC%99%80%EC%98%A4%EB%B9%A0%EB%93%A4.webp,,https://kdramamap.com/drama/%eb%b0%94%eb%8b%88%ec%99%80%ec%98%a4%eb%b9%a0%eb%93%a4/,2026-07-29
w_0300,연인,연인,My Dearest,My Dearest;恋人;戀人,drama,남궁민;안은진,MBC,2023-08-04 ~ 2023-11-18,방영종료,14,14,6,경기도,Q116678095,13,My Dearest,254848,13.0,24.45,10.25,47.7,151,,https://kdramamap.com/wp-content/uploads/kdramamap/posters/%EC%97%B0%EC%9D%B8.webp,,https://kdramamap.com/drama/%ec%97%b0%ec%9d%b8/,2026-07-29
w_0267,아기가생겼어요,아기가 생겼어요,Positively Yours,아기가 생겼어요;Positively Yours;理事長和我的祕密關係;I Have a Baby,drama,최진혁;오연서,채널A,2026-01-17 ~ 2026-02-22,방영종료,98,98,4,서울특별시,Q137217475,6,Positively Yours,176175,6.0,21.66,20.0,47.66,152,,https://kdramamap.com/wp-content/uploads/kdramamap/posters/%EC%95%84%EA%B8%B0%EA%B0%80%EC%83%9D%EA%B2%BC%EC%96%B4%EC%9A%94.webp,,https://kdramamap.com/drama/%ec%95%84%ea%b8%b0%ea%b0%80%ec%83%9d%ea%b2%bc%ec%96%b4%ec%9a%94/,2026-07-29
w_0007,7인의탈출,7인의 탈출,The Escape of the Seven,7인의 탈출;The Escape of the Seven;7人の脱出;7人的逃脫;7 Escape,drama,엄기준;황정음,SBS,2023-09-15 ~ 2023-11-17,방영종료,82,82,9,서울특별시,Q114099353,11,The Escape of the Seven,89790,11.0,16.57,20.0,47.57,153,,https://kdramamap.com/wp-content/uploads/kdramamap/posters/7%EC%9D%B8%EC%9D%98%ED%83%88%EC%B6%9C.webp,,https://kdramamap.com/drama/7%ec%9d%b8%ec%9d%98%ed%83%88%ec%b6%9c/,2026-07-29
w_0395,천국보다 아름다운,천국보다 아름다운,Heavenly Ever After,Heavenly Ever After;君は天国でも美しい﻿;比天堂還美麗,drama,김혜자;손석구;한지민,JTBC,2025-04-19 ~ 2025-05-25,방영종료,55,55,7,경기도,Q132157441,8,Heavenly Ever After,132997,8.0,19.54,20.0,47.54,154,,https://kdramamap.com/wp-content/uploads/kdramamap/posters/%EC%B2%9C%EA%B5%AD%EB%B3%B4%EB%8B%A4%20%EC%95%84%EB%A6%84%EB%8B%A4%EC%9A%B4.webp,,https://kdramamap.com/drama/%ec%b2%9c%ea%b5%ad%eb%b3%b4%eb%8b%a4-%ec%95%84%eb%a6%84%eb%8b%a4%ec%9a%b4/,2026-07-29
w_0045,그녀의사생활,그녀의 사생활,Her Private Life,그녀의 사생활;Her Private Life;彼女の私生活;她的私生活;Geunyeoui Sasaenghwal,drama,박민영;김재욱;안보현,tvN,2019-04-10 ~ 2019-05-30,방영종료,23,22,1,서울특별시,Q61360109,17,Her Private Life (TV series),93663,17.0,16.89,13.41,47.3,155,,https://kdramamap.com/wp-content/uploads/kdramamap/posters/%EA%B7%B8%EB%85%80%EC%9D%98%EC%82%AC%EC%83%9D%ED%99%9C.webp,,https://kdramamap.com/drama/%ea%b7%b8%eb%85%80%ec%9d%98%ec%82%ac%ec%83%9d%ed%99%9c/,2026-07-29
w_0206,사랑은외나무다리에서,사랑은 외나무다리에서,Love Your Enemy,사랑은 외나무다리에서;Love Your Enemy;爱在独木桥;러브 유어 에너미,drama,주지훈;정유미_1983,tvN,2024-11-23 ~ 2024-12-29,방영종료,85,85,8,충청남도,Q130216005,9,Love Your Enemy,110524,9.0,18.14,20.0,47.14,156,,https://kdramamap.com/wp-content/uploads/kdramamap/posters/%EC%82%AC%EB%9E%91%EC%9D%80%EC%99%B8%EB%82%98%EB%AC%B4%EB%8B%A4%EB%A6%AC%EC%97%90%EC%84%9C.webp,,https://kdramamap.com/drama/%ec%82%ac%eb%9e%91%ec%9d%80%ec%99%b8%eb%82%98%eb%ac%b4%eb%8b%a4%eb%a6%ac%ec%97%90%ec%84%9c/,2026-07-29
w_0106,닥터차정숙,닥터 차정숙,Doctor Cha Jung-sook,닥터 차정숙;Doctor Cha Jung-sook;医師チャ・ジョンスク;医生车贞淑,drama,엄정화;김병철,JTBC,2023-04-15 ~ 2023-06-04,방영종료,91,90,6,경기도,Q117035204,12,Doctor Cha,72957,12.0,15.0,19.95,46.95,157,,https://kdramamap.com/wp-content/uploads/kdramamap/posters/%EB%8B%A5%ED%84%B0%EC%B0%A8%EC%A0%95%EC%88%99.webp,,https://kdramamap.com/drama/%eb%8b%a5%ed%84%b0%ec%b0%a8%ec%a0%95%ec%88%99/,2026-07-29
w_0409,취사병전설이되다,취사병 전설이 되다,The Legend of Kitchen Soldier,취사병 전설이 되다;The Legend of Kitchen Soldier;伝説のキッチン・ソルジャー;菜鳥伙房兵;Kitchen Soldier,drama,박지훈;윤경호,tvN,2026-05-11 ~ 2026-06-16,방영종료,20,20,4,경기도,Q137410939,8,The Legend of Kitchen Soldier,327343,8.0,26.34,12.5,46.84,158,,https://kdramamap.com/wp-content/uploads/kdramamap/posters/%EC%B7%A8%EC%82%AC%EB%B3%91%EC%A0%84%EC%84%A4%EC%9D%B4%EB%90%98%EB%8B%A4.webp,,https://kdramamap.com/drama/%ec%b7%a8%ec%82%ac%eb%b3%91%ec%a0%84%ec%84%a4%ec%9d%b4%eb%90%98%eb%8b%a4/,2026-07-29
w_0238,수상한파트너,수상한 파트너,Suspicious Partner,수상한 파트너;Suspicious Partner;怪しいパートナー;奇怪的搭檔;Be Careful of This Woman;Beware This Woman;Beware of This Woman;Destiny Lovers,drama,지창욱;남지현,SBS,2017-05-10 ~ 2017-07-13,방영종료,9,9,2,인천광역시,Q29032346,19,Suspicious Partner,130431,19.0,19.39,8.38,46.76,159,,https://kdramamap.com/wp-content/uploads/kdramamap/posters/%EC%88%98%EC%83%81%ED%95%9C%ED%8C%8C%ED%8A%B8%EB%84%88.webp,,https://kdramamap.com/drama/%ec%88%98%ec%83%81%ed%95%9c%ed%8c%8c%ed%8a%b8%eb%84%88/,2026-07-29
w_0110,당신의맛,당신의 맛,Tastefully Yours,당신의 맛;Tastefully Yours;隠し味にはロマンス﻿;你的味道,drama,강하늘;고민시;김신록;유수빈,ENA,2025-05-12 ~ 2025-06-10,방영종료,67,53,5,전북특별자치도,Q131717000,8,Tastefully Yours,137696,8.0,19.8,18.96,46.75,160,,https://kdramamap.com/wp-content/uploads/kdramamap/posters/%EB%8B%B9%EC%8B%A0%EC%9D%98%EB%A7%9B.webp,,https://kdramamap.com/drama/%eb%8b%b9%ec%8b%a0%ec%9d%98%eb%a7%9b/,2026-07-29
w_0198,비밀의숲,비밀의 숲,Stranger,비밀의 숲;Stranger;秘密の森〜深い闇の向こうに〜;秘密森林;Forest of Secrets;Forest's Secrets;Secret Forest,drama,조승우;배두나,tvN,2017-06-10 ~ 2017-07-30,방영종료,17,17,1,서울특별시,Q28972794,16,Stranger (TV series),129745,16.0,19.35,11.38,46.72,161,,https://kdramamap.com/wp-content/uploads/kdramamap/posters/%EB%B9%84%EB%B0%80%EC%9D%98%EC%88%B2.webp,,https://kdramamap.com/drama/%eb%b9%84%eb%b0%80%ec%9d%98%ec%88%b2/,2026-07-29
w_0405,추격자,추격자,The Chaser,The Chaser;チェイサー;追擊者;Chaser,drama,김윤석;하정우;서영희,영화,2008-02-14 ~ 2008-02-14,방영종료,6,6,1,서울특별시,Q496724,19,The Chaser (2008 film),149355,19.0,20.41,7.25,46.66,162,,https://kdramamap.com/wp-content/uploads/kdramamap/posters/%EC%B6%94%EA%B2%A9%EC%9E%90.webp,,https://kdramamap.com/drama/%ec%b6%94%ea%b2%a9%ec%9e%90/,2026-07-29
w_0041,궁,궁,Princess Hours,Princess Hours;宮 -Love in Palace-;宮;Goong,drama,주지훈;윤은혜,MBC,2006-01-11 ~ 2006-03-30,방영종료,9,9,1,서울특별시,Q483493,22,Princess Hours,86083,22.0,16.25,8.38,46.63,163,,https://kdramamap.com/wp-content/uploads/kdramamap/posters/%EA%B6%81.webp,,https://kdramamap.com/drama/%ea%b6%81/,2026-07-29
w_0303,열혈사제,열혈사제,The Fiery Priest,The Fiery Priest;熱血司祭;Hot Blooded Priest,drama,김남길;김성균;이하늬,SBS,2019-02-15 ~ 2019-04-20,방영종료,22,22,1,서울특별시,Q58483854,14,The Fiery Priest,129250,14.0,19.32,13.25,46.57,164,,https://kdramamap.com/wp-content/uploads/kdramamap/posters/%EC%97%B4%ED%98%88%EC%82%AC%EC%A0%9C.webp,,https://kdramamap.com/drama/%ec%97%b4%ed%98%88%ec%82%ac%ec%a0%9c/,2026-07-29
w_0276,악귀,악귀,Revenant,Revenant;悪鬼;惡鬼,drama,김태리;오정세,SBS,2023-06-23 ~ 2023-07-29,방영종료,79,74,9,서울특별시,Q115648102,9,Revenant (TV series),106341,9.0,17.85,19.68,46.53,165,,https://kdramamap.com/wp-content/uploads/kdramamap/posters/%EC%95%85%EA%B7%80.webp,,https://kdramamap.com/drama/%ec%95%85%ea%b7%80/,2026-07-29
w_0052,금쪽같은내스타,금쪽같은 내 스타,My Troublesome Star,금쪽같은 내 스타;My Troublesome Star;金子般我的明星;My Golden Star,drama,엄정화;송승헌,ENA,2025-08-18 ~ 2025-09-23,방영종료,69,68,4,서울특별시,Q134892131,6,My Troublesome Star,149106,6.0,20.4,19.93,46.33,166,,https://kdramamap.com/wp-content/uploads/kdramamap/posters/%EA%B8%88%EC%AA%BD%EA%B0%99%EC%9D%80%EB%82%B4%EC%8A%A4%ED%83%80.webp,,https://kdramamap.com/drama/%ea%b8%88%ec%aa%bd%ea%b0%99%ec%9d%80%eb%82%b4%ec%8a%a4%ed%83%80/,2026-07-29
w_0103,닥터섬보이,닥터 섬보이,Doctor on the Edge,닥터 섬보이;Doctor on the Edge;孤島のエリートドクター;死撐醫生;존버닥터,drama,이재욱;신예은,ENA,2026-06-01 ~ 2026-07-07,방영종료,34,34,5,경상남도,Q137394211,7,Doctor on the Edge,173549,7.0,21.55,17.75,46.3,167,,https://kdramamap.com/wp-content/uploads/kdramamap/posters/%EB%8B%A5%ED%84%B0%EC%84%AC%EB%B3%B4%EC%9D%B4.webp,,https://kdramamap.com/drama/%eb%8b%a5%ed%84%b0%ec%84%ac%eb%b3%b4%ec%9d%b4/,2026-07-29
w_0389,진심이닿다,진심이 닿다,Touch Your Heart,진심이 닿다;Touch Your Heart;真心が届く;觸及真心;Jinsimi Dadda,drama,이동욱;유인나,tvN,2019-02-06 ~ 2019-03-28,방영종료,18,17,1,서울특별시,Q59387181,22,Touch Your Heart,54453,22.0,12.79,11.47,46.27,168,,https://kdramamap.com/wp-content/uploads/kdramamap/posters/%EC%A7%84%EC%8B%AC%EC%9D%B4%EB%8B%BF%EB%8B%A4.webp,,https://kdramamap.com/drama/%ec%a7%84%ec%8b%ac%ec%9d%b4%eb%8b%bf%eb%8b%a4/,2026-07-29
w_0331,원경,원경,The Queen Who Crowns,원경;The Queen Who Crowns;元敬〜欲望の王妃〜;元敬,drama,차주영;이현욱,tvN,2025-01-06 ~ 2025-02-11,방영종료,72,72,12,전남광주통합특별시,Q124611023,12,The Queen Who Crowns,65784,12.0,14.22,20.0,46.22,169,,https://kdramamap.com/wp-content/uploads/kdramamap/posters/%EC%9B%90%EA%B2%BD.webp,,https://kdramamap.com/drama/%ec%9b%90%ea%b2%bd/,2026-07-29
w_0158,멜로무비,멜로무비,Melo Movie,Melo Movie;恋するムービー﻿;我們的浪漫電影,drama,최우식;박보영,Netflix,2025-02-14 ~ 2025-02-14,방영종료,87,86,7,서울특별시,Q131767898,8,Melo Movie,111785,8.0,18.22,19.94,46.17,170,,https://kdramamap.com/wp-content/uploads/kdramamap/posters/%EB%A9%9C%EB%A1%9C%EB%AC%B4%EB%B9%84.webp,,https://kdramamap.com/drama/%eb%a9%9c%eb%a1%9c%eb%ac%b4%eb%b9%84/,2026-07-29
w_0171,미생,미생 - 아직 살아 있지 못한 자,Misaeng,미생 - 아직 살아 있지 못한 자;Misaeng;ミセン;未生;Incomplete Life,drama,임시완;이성민;강소라;강하늘,tvN,2014-10-17 ~ 2014-12-20,방영종료,32,32,1,서울특별시,Q17564506,17,Misaeng: Incomplete Life,49863,17.0,12.13,17.0,46.13,171,,https://kdramamap.com/wp-content/uploads/kdramamap/posters/%EB%AF%B8%EC%83%9D.webp,,https://kdramamap.com/drama/%eb%af%b8%ec%83%9d/,2026-07-29
w_0059,길복순,길복순,Kill Boksoon,Kill Boksoon;キル・ボクスン;格殺福順,drama,전도연;설경구;김시아,Netflix,2023-03-31 ~ 2023-03-31,방영종료,16,16,5,경기도,Q114414622,13,Kill Boksoon,185535,13.0,22.05,11.0,46.05,172,,https://kdramamap.com/wp-content/uploads/kdramamap/posters/%EA%B8%B8%EB%B3%B5%EC%88%9C.webp,,https://kdramamap.com/drama/%ea%b8%b8%eb%b3%b5%ec%88%9c/,2026-07-29
w_0034,광장,광장,Mercy for None,Mercy for None;広場﻿;無赦之仇,drama,소지섭;허준호;공명;추영우,Netflix,2025-06-06 ~ 2025-06-06,방영종료,18,18,5,서울특별시,Q123305848,10,Mercy for None,249126,10.0,24.27,11.75,46.02,173,,https://kdramamap.com/wp-content/uploads/kdramamap/posters/%EA%B4%91%EC%9E%A5.webp,,https://kdramamap.com/drama/%ea%b4%91%ec%9e%a5/,2026-07-29
w_0427,탄금,탄금,Dear Hongrang,Dear Hongrang;呑金/タングム;吞金,drama,이재욱;조보아,Netflix,2025-05-16 ~ 2025-05-16,방영종료,21,21,8,경상북도,Q122730767,13,Dear Hongrang,142730,13.0,20.07,12.88,45.94,174,,https://kdramamap.com/wp-content/uploads/kdramamap/posters/%ED%83%84%EA%B8%88.webp,,https://kdramamap.com/drama/%ed%83%84%ea%b8%88/,2026-07-29
w_0353,이로운사기,이로운 사기,Delightfully Deceitful,이로운 사기;Delightfully Deceitful;有益な詐欺;有益的欺诈;Beneficial Fraud,drama,천우희;김동욱,tvN,2023-05-29 ~ 2023-07-18,방영종료,63,62,7,서울특별시,Q117085988,8,Delightfully Deceitful,106848,8.0,17.88,19.92,45.8,175,,https://kdramamap.com/wp-content/uploads/kdramamap/posters/%EC%9D%B4%EB%A1%9C%EC%9A%B4%EC%82%AC%EA%B8%B0.webp,,https://kdramamap.com/drama/%ec%9d%b4%eb%a1%9c%ec%9a%b4%ec%82%ac%ea%b8%b0/,2026-07-29
w_0337,웨딩임파서블,웨딩 임파서블,Wedding Impossible,웨딩 임파서블;Wedding Impossible;ウエディング・インポッシブル;不可能的婚禮,drama,전종서;문상민,tvN,2024-02-26 ~ 2024-04-02,방영종료,102,101,6,서울특별시,Q123495072,9,Wedding Impossible,92102,9.0,16.76,19.95,45.71,176,,https://kdramamap.com/wp-content/uploads/kdramamap/posters/%EC%9B%A8%EB%94%A9%EC%9E%84%ED%8C%8C%EC%84%9C%EB%B8%94.webp,,https://kdramamap.com/drama/%ec%9b%a8%eb%94%a9%ec%9e%84%ed%8c%8c%ec%84%9c%eb%b8%94/,2026-07-29
w_0432,트렁크,트렁크,The Trunk,The Trunk;トランク;一箱情緣;Trunk,drama,서현진;공유,Netflix,2024-11-29 ~ 2024-11-29,방영종료,34,34,5,서울특별시,Q120703298,9,The Trunk (TV series),121208,9.0,18.84,17.75,45.59,177,,https://kdramamap.com/wp-content/uploads/kdramamap/posters/%ED%8A%B8%EB%A0%81%ED%81%AC.webp,,https://kdramamap.com/drama/%ed%8a%b8%eb%a0%81%ed%81%ac/,2026-07-29
w_0120,도시남녀의사랑법,도시남녀의 사랑법,Lovestruck in the City,도시남녀의 사랑법;Lovestruck in the City;都会の男女の恋愛法;都市男女的愛情法;Doshinamnyeoui Sarangbeob,drama,지창욱;김지원,KakaoTV,2020-12-22 ~ 2021-02-16,방영종료,36,34,1,서울특별시,Q101243720,10,Lovestruck in the City,98157,10.0,17.24,18.22,45.47,178,,https://kdramamap.com/wp-content/uploads/kdramamap/posters/%EB%8F%84%EC%8B%9C%EB%82%A8%EB%85%80%EC%9D%98%EC%82%AC%EB%9E%91%EB%B2%95.webp,,https://kdramamap.com/drama/%eb%8f%84%ec%8b%9c%eb%82%a8%eb%85%80%ec%9d%98%ec%82%ac%eb%9e%91%eb%b2%95/,2026-07-29
w_0095,노무사노무진,노무사 노무진,Oh My Ghost Clients,노무사 노무진;Oh My Ghost Clients;劳务士卢武镇,drama,정경호;설인아;차학연,MBC,2025-05-30 ~ 2025-06-28,방영종료,60,59,6,서울특별시,Q131469214,7,Oh My Ghost Clients,115866,7.0,18.5,19.92,45.41,179,,https://kdramamap.com/wp-content/uploads/kdramamap/posters/%EB%85%B8%EB%AC%B4%EC%82%AC%EB%85%B8%EB%AC%B4%EC%A7%84.webp,,https://kdramamap.com/drama/%eb%85%b8%eb%ac%b4%ec%82%ac%eb%85%b8%eb%ac%b4%ec%a7%84/,2026-07-29
w_0319,옥씨부인전,옥씨부인전,The Tale of Lady Ok,The Tale of Lady Ok;オク氏夫人伝 偽りの身分 真実の人生;玉氏夫人传,drama,임지연;추영우;김재원,JTBC,2024-11-30 ~ 2025-01-26,방영종료,26,26,8,경기도,Q125288592,9,The Tale of Lady Ok,175328,9.0,21.62,14.75,45.37,180,,https://kdramamap.com/wp-content/uploads/kdramamap/posters/%EC%98%A5%EC%94%A8%EB%B6%80%EC%9D%B8%EC%A0%84.webp,,https://kdramamap.com/drama/%ec%98%a5%ec%94%a8%eb%b6%80%ec%9d%b8%ec%a0%84/,2026-07-29
w_0040,굿파트너,굿파트너,Good Partner,Good Partner;グッド・パートナー〜離婚のお悩み解決します〜;好搭档,drama,장나라;남지현,SBS,2024-07-12 ~ 2024-09-20,방영종료,70,69,6,서울특별시,Q124749480,8,Good Partner,99081,8.0,17.31,19.93,45.24,181,,https://kdramamap.com/wp-content/uploads/kdramamap/posters/%EA%B5%BF%ED%8C%8C%ED%8A%B8%EB%84%88.webp,,https://kdramamap.com/drama/%ea%b5%bf%ed%8c%8c%ed%8a%b8%eb%84%88/,2026-07-29
w_0423,킬러들의쇼핑몰,킬러들의 쇼핑몰,A Shop for Killers,킬러들의 쇼핑몰;A Shop for Killers;殺し屋たちの店;殺人者的購物中心,drama,이동욱;김혜준,Disney+,2024-01-17 ~ 2024-02-07,방영종료,7,6,5,경기도,Q123999260,13,A Shop for Killers,285982,13.0,25.32,6.91,45.23,182,,https://kdramamap.com/wp-content/uploads/kdramamap/posters/%ED%82%AC%EB%9F%AC%EB%93%A4%EC%9D%98%EC%87%BC%ED%95%91%EB%AA%B0.webp,,https://kdramamap.com/drama/%ed%82%ac%eb%9f%ac%eb%93%a4%ec%9d%98%ec%87%bc%ed%95%91%eb%aa%b0/,2026-07-29
w_0362,이혼보험,이혼 보험,The Divorce Insurance,이혼 보험;The Divorce Insurance;離婚保険;離婚保險,drama,이동욱;이주빈;이광수;이다희,tvN,2025-03-31 ~ 2025-05-06,방영종료,103,103,5,서울특별시,Q131702215,9,The Divorce Insurance,85532,9.0,16.2,20.0,45.2,183,,https://kdramamap.com/wp-content/uploads/kdramamap/posters/%EC%9D%B4%ED%98%BC%EB%B3%B4%ED%97%98.webp,,https://kdramamap.com/drama/%ec%9d%b4%ed%98%bc%eb%b3%b4%ed%97%98/,2026-07-29
w_0151,맨끝줄소년,맨 끝줄 소년,Notes from the Last Row,맨 끝줄 소년;Notes from the Last Row;最後列からの声﻿;末行手記;맨 끝줄 소년 (드라마),drama,최민식;최현욱,Netflix,2026-06-26 ~ 2026-06-26,방영종료,29,29,4,경기도,Q137836165,8,Notes from the Last Row,163376,8.0,21.09,15.88,44.96,184,,https://kdramamap.com/wp-content/uploads/kdramamap/posters/%EB%A7%A8%EB%81%9D%EC%A4%84%EC%86%8C%EB%85%84.webp,,https://kdramamap.com/drama/%eb%a7%a8%eb%81%9d%ec%a4%84%ec%86%8c%eb%85%84/,2026-07-29
w_0134,러브미,러브 미,Love me,러브 미;Love me;ラブ ミー;Love_Me_,drama,서현진;유재명;이시우;윤세아,JTBC,2025-12-19 ~ 2026-01-23,방영종료,34,34,4,서울특별시,Q135293697,7,Love Me (South Korean TV series),145200,7.0,20.2,17.75,44.95,185,,https://kdramamap.com/wp-content/uploads/kdramamap/posters/%EB%9F%AC%EB%B8%8C%EB%AF%B8.webp,,https://kdramamap.com/drama/%eb%9f%ac%eb%b8%8c%eb%af%b8/,2026-07-29
w_0345,은수좋은날,은수 좋은 날,Walking on Thin Ice,은수 좋은 날;Walking on Thin Ice;恩秀的好日子,drama,이영애;김영광;박용우,KBS2,2025-09-20 ~ 2025-10-26,방영종료,79,79,3,경기도,Q134720217,7,Walking on Thin Ice (TV series),105385,7.0,17.78,20.0,44.78,186,,https://kdramamap.com/wp-content/uploads/kdramamap/posters/%EC%9D%80%EC%88%98%EC%A2%8B%EC%9D%80%EB%82%A0.webp,,https://kdramamap.com/drama/%ec%9d%80%ec%88%98%ec%a2%8b%ec%9d%80%eb%82%a0/,2026-07-29
w_0196,블러디플라워,블러디 플라워,Bloody Flower,블러디 플라워;Bloody Flower;BLOODY FLOWER/ブラッディ・フラワー,drama,려운;성동일;금새록,Disney+,2026-02-04 ~ 2026-02-25,방영종료,59,58,6,경기도,Q137700437,4,Bloody Flower,157199,4.0,20.8,19.92,44.71,187,,https://kdramamap.com/wp-content/uploads/kdramamap/posters/%EB%B8%94%EB%9F%AC%EB%94%94%ED%94%8C%EB%9D%BC%EC%9B%8C.webp,,https://kdramamap.com/drama/%eb%b8%94%eb%9f%ac%eb%94%94%ed%94%8c%eb%9d%bc%ec%9b%8c/,2026-07-29
w_0358,이연애는불가항력,이 연애는 불가항력,Destined With You,이 연애는 불가항력;Destined With You;この恋は不可抗力;戀愛不可抗力,drama,조보아;로운;하준;유라,JTBC,2023-08-23 ~ 2023-10-12,방영종료,70,69,8,경기도,Q116550095,14,Destined with You,41641,14.0,10.77,19.93,44.7,188,,https://kdramamap.com/wp-content/uploads/kdramamap/posters/%EC%9D%B4%EC%97%B0%EC%95%A0%EB%8A%94%EB%B6%88%EA%B0%80%ED%95%AD%EB%A0%A5.webp,,https://kdramamap.com/drama/%ec%9d%b4%ec%97%b0%ec%95%a0%eb%8a%94%eb%b6%88%ea%b0%80%ed%95%ad%eb%a0%a5/,2026-07-29
w_0149,마지막썸머,마지막 썸머,Last Summer,마지막 썸머;Last Summer;ラストサマー 初恋の再生;最後的夏天;The Last Summer,drama,이재욱;최성은,KBS2,2025-11-01 ~ 2025-12-07,방영종료,65,63,8,경기도,Q135225888,5,Last Summer (TV series),138619,5.0,19.85,19.85,44.7,189,,https://kdramamap.com/wp-content/uploads/kdramamap/posters/%EB%A7%88%EC%A7%80%EB%A7%89%EC%8D%B8%EB%A8%B8.webp,,https://kdramamap.com/drama/%eb%a7%88%ec%a7%80%eb%a7%89%ec%8d%b8%eb%a8%b8/,2026-07-29
w_0463,허수아비,허수아비,The Scarecrow,The Scarecrow;稻草人,drama,박해수;이희준,ENA,2026-04-20 ~ 2026-05-26,방영종료,24,24,6,경기도,Q138027135,7,The Scarecrow (TV series),228947,7.0,23.64,14.0,44.64,190,,https://kdramamap.com/wp-content/uploads/kdramamap/posters/%ED%97%88%EC%88%98%EC%95%84%EB%B9%84.webp,,https://kdramamap.com/drama/%ed%97%88%ec%88%98%ec%95%84%eb%b9%84/,2026-07-29
w_0019,강남비사이드,강남 비-사이드,Gangnam B-Side,강남 비-사이드;Gangnam B-Side;江南Bサイド;江南B-Side,drama,조우진;지창욱;하윤경;비비,Disney+,2024-11-06 ~ 2024-11-27,방영종료,45,44,6,서울특별시,Q130240261,9,Gangnam B-Side,80360,9.0,15.73,19.89,44.62,191,,https://kdramamap.com/wp-content/uploads/kdramamap/posters/%EA%B0%95%EB%82%A8%EB%B9%84%EC%82%AC%EC%9D%B4%EB%93%9C.webp,,https://kdramamap.com/drama/%ea%b0%95%eb%82%a8%eb%b9%84%ec%82%ac%ec%9d%b4%eb%93%9c/,2026-07-29
w_0128,또오해영,또 오해영,Another Miss Oh,또 오해영;Another Miss Oh;また!?オ・ヘヨン;又，吳海英;Ddo Oh Hae Yeong;또! 오해영,drama,에릭;서현진,tvN,2016-05-02 ~ 2016-06-28,방영종료,33,32,1,서울특별시,Q23919406,15,Another Miss Oh,51472,15.0,12.37,17.22,44.59,192,,https://kdramamap.com/wp-content/uploads/kdramamap/posters/%EB%98%90%EC%98%A4%ED%95%B4%EC%98%81.webp,,https://kdramamap.com/drama/%eb%98%90%ec%98%a4%ed%95%b4%ec%98%81/,2026-07-29
w_0018,감자연구소,감자연구소,The Potato Lab,The Potato Lab;ジャガイモ研究所﻿;土豆研究所;Potato Research Institute,drama,이선빈;강태오,tvN,2025-03-01 ~ 2025-04-06,방영종료,33,33,4,경기도,Q131837705,10,The Potato Lab,95322,10.0,17.02,17.38,44.4,193,,https://kdramamap.com/wp-content/uploads/kdramamap/posters/%EA%B0%90%EC%9E%90%EC%97%B0%EA%B5%AC%EC%86%8C.webp,,https://kdramamap.com/drama/%ea%b0%90%ec%9e%90%ec%97%b0%ea%b5%ac%ec%86%8c/,2026-07-29
w_0246,스카이캐슬,SKY 캐슬,SKY Castle,SKY 캐슬;SKY Castle;SKYキャッスル;天空城堡;스카이 캐슬;프린세스 메이커,drama,염정아;이태란;윤세아;오나라,JTBC,2018-11-23 ~ 2019-02-01,방영종료,8,8,1,서울특별시,Q58213269,18,Sky Castle,114223,18.0,18.39,8.0,44.39,194,,https://kdramamap.com/wp-content/uploads/kdramamap/posters/%EC%8A%A4%EC%B9%B4%EC%9D%B4%EC%BA%90%EC%8A%AC.webp,,https://kdramamap.com/drama/%ec%8a%a4%ec%b9%b4%ec%9d%b4%ec%ba%90%ec%8a%ac/,2026-07-29
w_0350,응답하라1997,응답하라 1997,Reply 1997,응답하라 1997;Reply 1997;応答せよ1997;請回答1997;Eung-dab-ha-ra 1997,drama,정은지;서인국,tvN,2012-07-24 ~ 2012-09-18,방영종료,21,18,1,서울특별시,Q492043,18,Reply 1997,64492,18.0,14.07,12.16,44.23,195,,https://kdramamap.com/wp-content/uploads/kdramamap/posters/%EC%9D%91%EB%8B%B5%ED%95%98%EB%9D%BC1997.webp,,https://kdramamap.com/drama/%ec%9d%91%eb%8b%b5%ed%95%98%eb%9d%bc1997/,2026-07-29
w_0268,아너그녀들의법정,아너,Honour,아너;Honour;オナー;榮耀：她們的法庭;아너 : 그녀들의 법정,drama,이나영;정은채;이청아,ENA,2026-02-02 ~ 2026-03-10,방영종료,78,77,3,서울특별시,Q136510752,7,Honour (South Korean TV series),98704,7.0,17.29,19.94,44.22,196,,https://kdramamap.com/wp-content/uploads/kdramamap/posters/%EC%95%84%EB%84%88%EA%B7%B8%EB%85%80%EB%93%A4%EC%9D%98%EB%B2%95%EC%A0%95.webp,,https://kdramamap.com/drama/%ec%95%84%eb%84%88%ea%b7%b8%eb%85%80%eb%93%a4%ec%9d%98%eb%b2%95%ec%a0%95/,2026-07-29
w_0280,알함브라궁전의추억,알함브라 궁전의 추억,Memories of the Alhambra,알함브라 궁전의 추억;Memories of the Alhambra;アルハンブラ宮殿の思い出;阿爾罕布拉宮的回憶;Alhambeura Goongjeonui Chooeok,drama,현빈;박신혜,tvN,2018-12-01 ~ 2019-01-20,방영종료,21,21,2,서울특별시,Q52145597,16,Memories of the Alhambra,76347,16.0,15.35,12.88,44.22,197,,https://kdramamap.com/wp-content/uploads/kdramamap/posters/%EC%95%8C%ED%95%A8%EB%B8%8C%EB%9D%BC%EA%B6%81%EC%A0%84%EC%9D%98%EC%B6%94%EC%96%B5.webp,,https://kdramamap.com/drama/%ec%95%8c%ed%95%a8%eb%b8%8c%eb%9d%bc%ea%b6%81%ec%a0%84%ec%9d%98%ec%b6%94%ec%96%b5/,2026-07-29
w_0108,달까지가자,달까지 가자,To the Moon,달까지 가자;To the Moon;走到月亮為止;Let's Go to the Moon,drama,이선빈;라미란;조아람,MBC,2025-09-19 ~ 2025-10-25,방영종료,60,60,5,서울특별시,Q135552567,7,To the Moon (TV series),97289,7.0,17.18,20.0,44.18,198,,https://kdramamap.com/wp-content/uploads/kdramamap/posters/%EB%8B%AC%EA%B9%8C%EC%A7%80%EA%B0%80%EC%9E%90.webp,,https://kdramamap.com/drama/%eb%8b%ac%ea%b9%8c%ec%a7%80%ea%b0%80%ec%9e%90/,2026-07-29
w_0438,패밀리,패밀리,Family: The Unbreakable Bond,패밀리;Family: The Unbreakable Bond;シークレット・ファミリー;Family,drama,장혁;장나라,tvN,2023-04-17 ~ 2023-05-23,방영종료,63,61,4,서울특별시,Q116728594,9,Family: The Unbreakable Bond,74276,9.0,15.14,19.84,43.98,199,,https://kdramamap.com/wp-content/uploads/kdramamap/posters/%ED%8C%A8%EB%B0%80%EB%A6%AC.webp,,https://kdramamap.com/drama/%ed%8c%a8%eb%b0%80%eb%a6%ac/,2026-07-29
w_0174,미혼남녀의효율적만남,미혼남녀의 효율적 만남,The Practical Guide to Love,미혼남녀의 효율적 만남;The Practical Guide to Love;未婚男女的效率戀愛;Efficient Dating of Single Men and Women,drama,한지민;박성훈;이기택,JTBC,2026-02-28 ~ 2026-04-05,방영종료,109,109,6,서울특별시,Q135818951,6,The Practical Guide to Love,107088,6.0,17.9,20.0,43.9,200,,https://kdramamap.com/wp-content/uploads/kdramamap/posters/%EB%AF%B8%ED%98%BC%EB%82%A8%EB%85%80%EC%9D%98%ED%9A%A8%EC%9C%A8%EC%A0%81%EB%A7%8C%EB%82%A8.webp,,https://kdramamap.com/drama/%eb%af%b8%ed%98%bc%eb%82%a8%eb%85%80%ec%9d%98%ed%9a%a8%ec%9c%a8%ec%a0%81%eb%a7%8c%eb%82%a8/,2026-07-29
w_0088,내여자친구는상남자,내 여자친구는 상남자,My Girlfriend is the Man!,내 여자친구는 상남자;My Girlfriend is the Man!;我的女友比我帥;My Girlfriend is a Real Man,drama,윤산하;아린;유정후,KBS2,2025-07-23 ~ 2025-08-28,방영종료,69,68,4,서울특별시,Q135208941,7,My Girlfriend Is the Man!,89205,7.0,16.52,19.93,43.45,201,,https://kdramamap.com/wp-content/uploads/kdramamap/posters/%EB%82%B4%EC%97%AC%EC%9E%90%EC%B9%9C%EA%B5%AC%EB%8A%94%EC%83%81%EB%82%A8%EC%9E%90.webp,,https://kdramamap.com/drama/%eb%82%b4%ec%97%ac%ec%9e%90%ec%b9%9c%ea%b5%ac%eb%8a%94%ec%83%81%eb%82%a8%ec%9e%90/,2026-07-29
w_0454,하늘에서내리는일억개의별,하늘에서 내리는 일억 개의 별,The Smile Has Left Your Eyes,하늘에서 내리는 일억 개의 별;The Smile Has Left Your Eyes;空から降る一億の星;從天而降的一億顆星;Haneuleseo Naerineun 1eok Gaeui Byeol,drama,서인국;정소민;박성웅,tvN,2018-10-03 ~ 2018-11-22,방영종료,34,34,1,서울특별시,Q55074872,11,The Smile Has Left Your Eyes (TV series),69769,11.0,14.67,17.75,43.42,202,,https://kdramamap.com/wp-content/uploads/kdramamap/posters/%ED%95%98%EB%8A%98%EC%97%90%EC%84%9C%EB%82%B4%EB%A6%AC%EB%8A%94%EC%9D%BC%EC%96%B5%EA%B0%9C%EC%9D%98%EB%B3%84.webp,,https://kdramamap.com/drama/%ed%95%98%eb%8a%98%ec%97%90%ec%84%9c%eb%82%b4%eb%a6%ac%eb%8a%94%ec%9d%bc%ec%96%b5%ea%b0%9c%ec%9d%98%eb%b3%84/,2026-07-29
w_0073,나의해피엔드,나의 해피엔드,My Happy Ending,나의 해피엔드;My Happy Ending;私のハッピーエンド;我的Happy End,drama,장나라;손호준,TV조선,2023-12-30 ~ 2024-02-25,방영종료,55,54,6,경기도,Q121435074,8,My Happy Ending (TV series),77675,8.0,15.48,19.91,43.39,203,,https://kdramamap.com/wp-content/uploads/kdramamap/posters/%EB%82%98%EC%9D%98%ED%95%B4%ED%94%BC%EC%97%94%EB%93%9C.webp,,https://kdramamap.com/drama/%eb%82%98%ec%9d%98%ed%95%b4%ed%94%bc%ec%97%94%eb%93%9c/,2026-07-29
w_0123,동궁,동궁,The East Palace,The East Palace;トングン －呪いの宮－﻿;鬼謎東宮,drama,남주혁;노윤서;조승우,Netflix,2026-07-17 ~ 2026-07-17,방영종료,10,10,8,경상북도,Q137723110,9,The East Palace,297197,9.0,25.61,8.75,43.36,204,,https://kdramamap.com/wp-content/uploads/kdramamap/posters/%EB%8F%99%EA%B6%81.webp,"영혼의 세계를 넘나드는 구천과 귀신의 소리를 듣는 궁녀 생강이 동궁에 깃든 저주와 왕가의 비밀을 파헤치는 미스터리 오컬트 사극이다. 서울·경기와 남원, 해남, 문경, 경주, 산청 등 전국의 전통 공간에서 촬영됐다. KDramaMap에서는 총 10곳의 촬영지와 주소, 지역별 분포와 지도를 확인할 수 있다.",https://kdramamap.com/drama/%eb%8f%99%ea%b6%81/,2026-07-29
w_0259,신사장프로젝트,신사장 프로젝트,Shin's Project,신사장 프로젝트;Shin's Project;申社長計畫,drama,한석규;배현성;이레,tvN,2025-09-15 ~ 2025-10-21,방영종료,127,127,8,경기도,Q135673232,7,Shin's Project,86294,7.0,16.27,20.0,43.27,205,,https://kdramamap.com/wp-content/uploads/kdramamap/posters/%EC%8B%A0%EC%82%AC%EC%9E%A5%ED%94%84%EB%A1%9C%EC%A0%9D%ED%8A%B8.webp,,https://kdramamap.com/drama/%ec%8b%a0%ec%82%ac%ec%9e%a5%ed%94%84%eb%a1%9c%ec%a0%9d%ed%8a%b8/,2026-07-29
w_0183,백설공주에게죽음을,백설공주에게 죽음을-Black Out,Black Out,백설공주에게 죽음을-Black Out;Black Out;白雪姫には死を～BLACK OUT﻿;白雪公主必須死-Black Out,drama,변요한;고준;고보결,MBC,2024-08-16 ~ 2024-10-04,방영종료,61,61,6,충청남도,Q126416080,7,Black Out (TV series),86336,7.0,16.27,20.0,43.27,206,,https://kdramamap.com/wp-content/uploads/kdramamap/posters/%EB%B0%B1%EC%84%A4%EA%B3%B5%EC%A3%BC%EC%97%90%EA%B2%8C%EC%A3%BD%EC%9D%8C%EC%9D%84.webp,,https://kdramamap.com/drama/%eb%b0%b1%ec%84%a4%ea%b3%b5%ec%a3%bc%ec%97%90%ea%b2%8c%ec%a3%bd%ec%9d%8c%ec%9d%84/,2026-07-29
w_0342,유어아너,유어 아너,Your Honor,유어 아너;Your Honor;YOUR HONOR～許されざる判事～;法官大人;Keubodo;Yueo Aneo;크보도,drama,손현주;김명민;김도훈;허남준,ENA,2024-08-12 ~ 2024-09-10,방영종료,37,37,5,경기도,Q126364716,7,Your Honor (2024 TV series),98363,7.0,17.26,18.88,43.13,207,,https://kdramamap.com/wp-content/uploads/kdramamap/posters/%EC%9C%A0%EC%96%B4%EC%95%84%EB%84%88.webp,,https://kdramamap.com/drama/%ec%9c%a0%ec%96%b4%ec%95%84%eb%84%88/,2026-07-29
w_0351,이강에는달이흐른다,이 강에는 달이 흐른다,Moon River,이 강에는 달이 흐른다;Moon River;この川には月が流れる;月亮在江邊流淌;The Moon Flows in This River,drama,강태오;김세정,MBC,2025-11-07 ~ 2025-12-20,방영종료,20,20,9,경상북도,Q133863602,6,Moon River (TV series),259181,6.0,24.57,12.5,43.07,208,,https://kdramamap.com/wp-content/uploads/kdramamap/posters/%EC%9D%B4%EA%B0%95%EC%97%90%EB%8A%94%EB%8B%AC%EC%9D%B4%ED%9D%90%EB%A5%B8%EB%8B%A4.webp,,https://kdramamap.com/drama/%ec%9d%b4%ea%b0%95%ec%97%90%eb%8a%94%eb%8b%ac%ec%9d%b4%ed%9d%90%eb%a5%b8%eb%8b%a4/,2026-07-29
w_0346,은애하는도적님아,은애하는 도적님아,To My Beloved Thief,은애하는 도적님아;To My Beloved Thief;愛する盗賊様よ;恩愛的盜賊大人;Dear Bandit;Dear Thief,drama,남지현;문상민;홍민기,KBS2,2026-01-03 ~ 2026-02-22,방영종료,23,23,7,경상북도,Q136091871,6,To My Beloved Thief,218475,6.0,23.28,13.62,42.91,209,,https://kdramamap.com/wp-content/uploads/kdramamap/posters/%EC%9D%80%EC%95%A0%ED%95%98%EB%8A%94%EB%8F%84%EC%A0%81%EB%8B%98%EC%95%84.webp,,https://kdramamap.com/drama/%ec%9d%80%ec%95%a0%ed%95%98%eb%8a%94%eb%8f%84%ec%a0%81%eb%8b%98%ec%95%84/,2026-07-29
w_0075,날녹여주오,날 녹여주오,Melting Me Softly,날 녹여주오;Melting Me Softly;僕を溶かしてくれ;請融化我吧;Nal Nokyeojuo,drama,지창욱;원진아,tvN,2019-09-28 ~ 2019-11-17,방영종료,21,21,1,서울특별시,Q65239752,17,Melting Me Softly,55944,17.0,13.0,12.88,42.87,210,,https://kdramamap.com/wp-content/uploads/kdramamap/posters/%EB%82%A0%EB%85%B9%EC%97%AC%EC%A3%BC%EC%98%A4.webp,,https://kdramamap.com/drama/%eb%82%a0%eb%85%b9%ec%97%ac%ec%a3%bc%ec%98%a4/,2026-07-29
w_0349,응답하라1994,응답하라 1994,Reply 1994,응답하라 1994;Reply 1994;応答せよ1994;請回答1994;Eung-dab-ha-ra 1994,drama,고아라;정우;유연석;김성균,tvN,2013-10-18 ~ 2013-12-28,방영종료,21,20,1,서울특별시,Q13525112,16,Reply 1994,65502,16.0,14.19,12.64,42.83,211,,https://kdramamap.com/wp-content/uploads/kdramamap/posters/%EC%9D%91%EB%8B%B5%ED%95%98%EB%9D%BC1994.webp,,https://kdramamap.com/drama/%ec%9d%91%eb%8b%b5%ed%95%98%eb%9d%bc1994/,2026-07-29
w_0080,남주의첫날밤을가져버렸다,남주의 첫날밤을 가져버렸다,The First Night With the Duke,남주의 첫날밤을 가져버렸다;The First Night With the Duke;我奪走了公爵的初夜,drama,서현;옥택연,KBS2,2025-06-11 ~ 2025-07-17,방영종료,29,29,8,경상북도,Q131437744,8,The First Night with the Duke,122054,8.0,18.89,15.88,42.76,212,,https://kdramamap.com/wp-content/uploads/kdramamap/posters/%EB%82%A8%EC%A3%BC%EC%9D%98%EC%B2%AB%EB%82%A0%EB%B0%A4%EC%9D%84%EA%B0%80%EC%A0%B8%EB%B2%84%EB%A0%B8%EB%8B%A4.webp,,https://kdramamap.com/drama/%eb%82%a8%ec%a3%bc%ec%9d%98%ec%b2%ab%eb%82%a0%eb%b0%a4%ec%9d%84%ea%b0%80%ec%a0%b8%eb%b2%84%eb%a0%b8%eb%8b%a4/,2026-07-29
w_0324,우리영화,우리 영화,Our Movie,우리 영화;Our Movie;私たちの映画;我們的電影,drama,남궁민;전여빈;이설,SBS,2025-06-13 ~ 2025-07-19,방영종료,101,101,5,서울특별시,Q131453436,7,Our Movie,79353,7.0,15.64,20.0,42.64,213,,https://kdramamap.com/wp-content/uploads/kdramamap/posters/%EC%9A%B0%EB%A6%AC%EC%98%81%ED%99%94.webp,,https://kdramamap.com/drama/%ec%9a%b0%eb%a6%ac%ec%98%81%ed%99%94/,2026-07-29
w_0382,좋아하면울리는,좋아하면 울리는,Love Alarm,좋아하면 울리는;Love Alarm;恋するアプリ Love Alarm;喜歡的話請響鈴;Joahamyeon Ullineun,drama,김소현;송강,Netflix,2019-08-22 ~ 2019-08-22,방영종료,19,19,1,서울특별시,Q55621340,15,Love Alarm,77847,15.0,15.49,12.12,42.62,214,,https://kdramamap.com/wp-content/uploads/kdramamap/posters/%EC%A2%8B%EC%95%84%ED%95%98%EB%A9%B4%EC%9A%B8%EB%A6%AC%EB%8A%94.webp,,https://kdramamap.com/drama/%ec%a2%8b%ec%95%84%ed%95%98%eb%a9%b4%ec%9a%b8%eb%a6%ac%eb%8a%94/,2026-07-29
w_0469,화인가스캔들,화인가 스캔들,Red Swan,화인가 스캔들;Red Swan;レッド・スワン;紅天鵝;Hwain Family Scandal,drama,김하늘;정지훈,Disney+,2024-07-03 ~ 2024-07-31,방영종료,41,39,7,서울특별시,Q126362450,9,Red Swan (TV series),61745,9.0,13.74,19.76,42.5,215,,https://kdramamap.com/wp-content/uploads/kdramamap/posters/%ED%99%94%EC%9D%B8%EA%B0%80%EC%8A%A4%EC%BA%94%EB%93%A4.webp,,https://kdramamap.com/drama/%ed%99%94%ec%9d%b8%ea%b0%80%ec%8a%a4%ec%ba%94%eb%93%a4/,2026-07-29
w_0220,샤이닝,샤이닝,Still Shining,Still Shining;愛の光;依然閃亮,drama,박진영;김민주,JTBC,2026-03-06 ~ 2026-04-03,방영종료,37,37,6,서울특별시,Q136752821,8,Still Shining,78857,8.0,15.59,18.88,42.47,216,,https://kdramamap.com/wp-content/uploads/kdramamap/posters/%EC%83%A4%EC%9D%B4%EB%8B%9D.webp,,https://kdramamap.com/drama/%ec%83%a4%ec%9d%b4%eb%8b%9d/,2026-07-29
w_0373,정년이,정년이,Jeongnyeon: The Star Is Born,Jeongnyeon: The Star Is Born;ジョンニョン: スター誕生;正年;Jung Nyeon;정년이 (드라마),drama,김태리;신예은;라미란;정은채,tvN,2024-10-12 ~ 2024-11-17,방영종료,34,34,10,전북특별자치도,Q124243610,8,Jeongnyeon: The Star Is Born,88972,8.0,16.5,17.75,42.25,217,,https://kdramamap.com/wp-content/uploads/kdramamap/posters/%EC%A0%95%EB%85%84%EC%9D%B4.webp,,https://kdramamap.com/drama/%ec%a0%95%eb%85%84%ec%9d%b4/,2026-07-29
w_0328,우주메리미,우주메리미,Would You Marry Me?,Would You Marry Me?;私と結婚してくれますか？;宇宙Marry Me;Would You Marry Me,drama,최우식;정소민,SBS,2025-10-10 ~ 2025-11-15,방영종료,97,96,8,서울특별시,Q135043115,9,Would You Marry Me? (TV series),57789,9.0,13.24,19.95,42.19,218,,https://kdramamap.com/wp-content/uploads/kdramamap/posters/%EC%9A%B0%EC%A3%BC%EB%A9%94%EB%A6%AC%EB%AF%B8.webp,,https://kdramamap.com/drama/%ec%9a%b0%ec%a3%bc%eb%a9%94%eb%a6%ac%eb%af%b8/,2026-07-29
w_0031,고백부부,고백부부,Confession Couple,Confession Couple;ゴー・バック夫婦;Go Back夫婦;Go Back Couple;Gobaekbubu,drama,손호준;장나라,KBS2,2017-10-13 ~ 2017-11-18,방영종료,32,31,1,서울특별시,Q38567535,11,Go Back (TV series),66678,11.0,14.32,16.84,42.17,219,,https://kdramamap.com/wp-content/uploads/kdramamap/posters/%EA%B3%A0%EB%B0%B1%EB%B6%80%EB%B6%80.webp,,https://kdramamap.com/drama/%ea%b3%a0%eb%b0%b1%eb%b6%80%eb%b6%80/,2026-07-29
w_0014,가슴이뛴다,가슴이 뛴다,Heartbeat,가슴이 뛴다;Heartbeat;ハートビート;心跳,drama,옥택연;원지안,KBS2,2023-06-26 ~ 2023-08-15,방영종료,94,92,6,서울특별시,Q117184363,9,Heartbeat (South Korean TV series),57860,9.0,13.25,19.89,42.15,220,,https://kdramamap.com/wp-content/uploads/kdramamap/posters/%EA%B0%80%EC%8A%B4%EC%9D%B4%EB%9B%B4%EB%8B%A4.webp,,https://kdramamap.com/drama/%ea%b0%80%ec%8a%b4%ec%9d%b4%eb%9b%b4%eb%8b%a4/,2026-07-29
w_0285,어느날우리집현관으로멸망이들어왔다,어느 날 우리 집 현관으로 멸망이 들어왔다,Doom at Your Service,어느 날 우리 집 현관으로 멸망이 들어왔다;Doom at Your Service;ある日、私の家の玄関に滅亡が入ってきた;某一天滅亡來到我家門前;Death Is At Your Service;Eoneu Nal Uri Jib Hyeongwaeuro Myeolmangyi Deuleowassda;Mi'at Yawm;One Day Destruction Came Through My Front Door,drama,박보영;서인국,tvN,2021-05-10 ~ 2021-06-29,방영종료,17,17,2,서울특별시,Q104846829,12,Doom at Your Service,119423,12.0,18.72,11.38,42.1,221,,https://kdramamap.com/wp-content/uploads/kdramamap/posters/%EC%96%B4%EB%8A%90%EB%82%A0%EC%9A%B0%EB%A6%AC%EC%A7%91%ED%98%84%EA%B4%80%EC%9C%BC%EB%A1%9C%EB%A9%B8%EB%A7%9D%EC%9D%B4%EB%93%A4%EC%96%B4%EC%99%94%EB%8B%A4.webp,,https://kdramamap.com/drama/%ec%96%b4%eb%8a%90%eb%82%a0%ec%9a%b0%eb%a6%ac%ec%a7%91%ed%98%84%ea%b4%80%ec%9c%bc%eb%a1%9c%eb%a9%b8%eb%a7%9d%ec%9d%b4%eb%93%a4%ec%96%b4%ec%99%94%eb%8b%a4/,2026-07-29
w_0365,일단뜨겁게청소하라,일단 뜨겁게 청소하라,Clean with Passion for Now,일단 뜨겁게 청소하라;Clean with Passion for Now;とにかくアツく掃除しろ! 〜恋した彼は潔癖王子!?〜;先熱情的打掃吧;Ildan Ddeugeobge Chungsohara,drama,김유정;윤균상,JTBC,2018-11-26 ~ 2019-02-04,방영종료,44,44,1,서울특별시,Q47743749,11,Clean with Passion for Now,43174,11.0,11.04,20.0,42.04,222,,https://kdramamap.com/wp-content/uploads/kdramamap/posters/%EC%9D%BC%EB%8B%A8%EB%9C%A8%EA%B2%81%EA%B2%8C%EC%B2%AD%EC%86%8C%ED%95%98%EB%9D%BC.webp,,https://kdramamap.com/drama/%ec%9d%bc%eb%8b%a8%eb%9c%a8%ea%b2%81%ea%b2%8c%ec%b2%ad%ec%86%8c%ed%95%98%eb%9d%bc/,2026-07-29
w_0326,우연일까,우연일까?,Serendipity's Embrace,우연일까?;Serendipity's Embrace;偶然かな。;是偶然嗎;Is It a Coincidence?,drama,김소현;채종협,tvN,2024-07-22 ~ 2024-08-13,방영종료,49,49,6,경기도,Q115339099,7,Serendipity's Embrace,72621,7.0,14.97,20.0,41.97,223,,https://kdramamap.com/wp-content/uploads/kdramamap/posters/%EC%9A%B0%EC%97%B0%EC%9D%BC%EA%B9%8C.webp,,https://kdramamap.com/drama/%ec%9a%b0%ec%97%b0%ec%9d%bc%ea%b9%8c/,2026-07-29
w_0307,오나의귀신님,오 나의 귀신님,Oh My Ghostess,오 나의 귀신님;Oh My Ghostess;ああ、私の幽霊さま;Oh 我的鬼神君;Oh My Ghost,drama,박보영;조정석,tvN,2015-07-03 ~ 2015-08-22,방영종료,13,13,1,서울특별시,Q20062598,32,Oh My Ghost (South Korean TV series),,32.0,0.0,9.88,41.88,224,,https://kdramamap.com/wp-content/uploads/kdramamap/posters/%EC%98%A4%EB%82%98%EC%9D%98%EA%B7%80%EC%8B%A0%EB%8B%98.webp,,https://kdramamap.com/drama/%ec%98%a4%eb%82%98%ec%9d%98%ea%b7%80%ec%8b%a0%eb%8b%98/,2026-07-29
w_0410,취하는로맨스,취하는 로맨스,Brewing Love,취하는 로맨스;Brewing Love;酒醉罗曼史;Drunken Romance,drama,김세정;이종원,ENA,2024-11-04 ~ 2024-12-10,방영종료,51,51,8,경기도,Q130219380,7,Brewing Love,71338,7.0,14.83,20.0,41.83,225,,https://kdramamap.com/wp-content/uploads/kdramamap/posters/%EC%B7%A8%ED%95%98%EB%8A%94%EB%A1%9C%EB%A7%A8%EC%8A%A4.webp,,https://kdramamap.com/drama/%ec%b7%a8%ed%95%98%eb%8a%94%eb%a1%9c%eb%a7%a8%ec%8a%a4/,2026-07-29
w_0093,넌내게반했어,넌 내게 반했어,Heartstrings,넌 내게 반했어;Heartstrings;オレのことスキでしょ。;你為我著迷;그리워서,drama,정용화;박신혜,MBC,2011-06-29 ~ 2011-08-18,방영종료,9,9,1,서울특별시,Q483389,25,Heartstrings (South Korean TV series),30665,25.0,8.46,8.38,41.83,226,,https://kdramamap.com/wp-content/uploads/kdramamap/posters/%EB%84%8C%EB%82%B4%EA%B2%8C%EB%B0%98%ED%96%88%EC%96%B4.webp,,https://kdramamap.com/drama/%eb%84%8c%eb%82%b4%ea%b2%8c%eb%b0%98%ed%96%88%ec%96%b4/,2026-07-29
w_0465,협상의기술,협상의 기술,The Art of Negotiation,협상의 기술;The Art of Negotiation;協商的技術,drama,이제훈;김대명;성동일,JTBC,2025-03-08 ~ 2025-04-13,방영종료,97,78,6,서울특별시,Q131416790,9,The Art of Negotiation,61216,9.0,13.68,19.02,41.7,227,,https://kdramamap.com/wp-content/uploads/kdramamap/posters/%ED%98%91%EC%83%81%EC%9D%98%EA%B8%B0%EC%88%A0.webp,,https://kdramamap.com/drama/%ed%98%91%ec%83%81%ec%9d%98%ea%b8%b0%ec%88%a0/,2026-07-29
w_0091,너도인간이니,너도 인간이니,Are You Human?,너도 인간이니;Are You Human?;君も人間か;你也是人類嗎;Are You Human Too?,drama,서강준;공승연,KBS2,2018-06-04 ~ 2018-08-07,방영종료,9,9,1,서울특별시,Q30287045,21,Are You Human?,49430,21.0,12.06,8.38,41.44,228,,https://kdramamap.com/wp-content/uploads/kdramamap/posters/%EB%84%88%EB%8F%84%EC%9D%B8%EA%B0%84%EC%9D%B4%EB%8B%88.webp,,https://kdramamap.com/drama/%eb%84%88%eb%8f%84%ec%9d%b8%ea%b0%84%ec%9d%b4%eb%8b%88/,2026-07-29
w_0112,대한민국에서건물주되는법,대한민국에서 건물주 되는 법,Mad Concrete Dreams,대한민국에서 건물주 되는 법;Mad Concrete Dreams;在大韓民國成為房主的方法,drama,하정우;임수정,tvN,2026-03-14 ~ 2026-04-19,방영종료,41,41,5,서울특별시,Q137882791,7,Mad Concrete Dreams,67147,7.0,14.38,20.0,41.38,229,,https://kdramamap.com/wp-content/uploads/kdramamap/posters/%EB%8C%80%ED%95%9C%EB%AF%BC%EA%B5%AD%EC%97%90%EC%84%9C%EA%B1%B4%EB%AC%BC%EC%A3%BC%EB%90%98%EB%8A%94%EB%B2%95.webp,,https://kdramamap.com/drama/%eb%8c%80%ed%95%9c%eb%af%bc%ea%b5%ad%ec%97%90%ec%84%9c%ea%b1%b4%eb%ac%bc%ec%a3%bc%eb%90%98%eb%8a%94%eb%b2%95/,2026-07-29
w_0015,가족x멜로,가족X멜로,Romance in the House,가족X멜로;Romance in the House;家いっぱいの愛;浪漫之家;Family X Melo;Melo House,drama,지진희;김지수;손나은;최민호,JTBC,2024-08-10 ~ 2024-09-15,방영종료,66,66,4,서울특별시,Q127257036,11,Romance in the House,38327,11.0,10.14,20.0,41.14,230,,https://kdramamap.com/wp-content/uploads/kdramamap/posters/%EA%B0%80%EC%A1%B1x%EB%A9%9C%EB%A1%9C.webp,,https://kdramamap.com/drama/%ea%b0%80%ec%a1%b1x%eb%a9%9c%eb%a1%9c/,2026-07-29
w_0042,귀궁,귀궁,The Haunted Palace,The Haunted Palace;鬼宮;Haunted Palace,drama,육성재;김지연;김지훈,SBS,2025-04-18 ~ 2025-06-07,방영종료,17,17,8,경상북도,Q126679425,9,The Haunted Palace (TV series),156281,9.0,20.75,11.38,41.13,231,,https://kdramamap.com/wp-content/uploads/kdramamap/posters/%EA%B7%80%EA%B6%81.webp,,https://kdramamap.com/drama/%ea%b7%80%ea%b6%81/,2026-07-29
w_0455,하백의신부,하백의 신부 2017,The Bride of Habaek,하백의 신부 2017;The Bride of Habaek;ハベクの新婦;河伯的新娘 2017;Bride of the Water God;Habaekui Shinboo,drama,남주혁;신세경,tvN,2017-07-03 ~ 2017-08-22,방영종료,25,24,1,서울특별시,Q28950236,15,The Bride of Habaek,47386,15.0,11.75,14.18,40.92,232,,https://kdramamap.com/wp-content/uploads/kdramamap/posters/%ED%95%98%EB%B0%B1%EC%9D%98%EC%8B%A0%EB%B6%80.webp,,https://kdramamap.com/drama/%ed%95%98%eb%b0%b1%ec%9d%98%ec%8b%a0%eb%b6%80/,2026-07-29
w_0297,여행을대신해드립니다,여행을 대신해 드립니다,My Lovely Journey,여행을 대신해 드립니다;My Lovely Journey;代客旅行,drama,공승연;유준상;김재영,채널A,2025-08-02 ~ 2025-09-07,방영종료,141,95,7,경상북도,Q134654601,6,My Lovely Journey,88493,6.0,16.46,18.37,40.83,233,,https://kdramamap.com/wp-content/uploads/kdramamap/posters/%EC%97%AC%ED%96%89%EC%9D%84%EB%8C%80%EC%8B%A0%ED%95%B4%EB%93%9C%EB%A6%BD%EB%8B%88%EB%8B%A4.webp,,https://kdramamap.com/drama/%ec%97%ac%ed%96%89%ec%9d%84%eb%8c%80%ec%8b%a0%ed%95%b4%eb%93%9c%eb%a6%bd%eb%8b%88%eb%8b%a4/,2026-07-29
w_0165,모텔캘리포니아,모텔 캘리포니아,Motel California,모텔 캘리포니아;Motel California;モーテル・カリフォルニア;加州汽车旅馆,drama,이세영;나인우,MBC,2025-01-10 ~ 2025-02-15,방영종료,96,96,4,강원특별자치도,Q130789432,7,Motel California (TV series),61341,7.0,13.69,20.0,40.69,234,,https://kdramamap.com/wp-content/uploads/kdramamap/posters/%EB%AA%A8%ED%85%94%EC%BA%98%EB%A6%AC%ED%8F%AC%EB%8B%88%EC%95%84.webp,,https://kdramamap.com/drama/%eb%aa%a8%ed%85%94%ec%ba%98%eb%a6%ac%ed%8f%ac%eb%8b%88%ec%95%84/,2026-07-29
w_0109,닭강정,닭강정,Chicken Nugget,Chicken Nugget;タッカンジョン;炸雞奇遇記;Chicken Gang Jeong;Dak Gang Jeong,drama,류승룡;안재홍;김유정,Netflix,2024-03-15 ~ 2024-03-15,방영종료,34,34,6,인천광역시,Q114347363,13,Chicken Nugget (TV series),36909,13.0,9.86,17.75,40.61,235,,https://kdramamap.com/wp-content/uploads/kdramamap/posters/%EB%8B%AD%EA%B0%95%EC%A0%95.webp,,https://kdramamap.com/drama/%eb%8b%ad%ea%b0%95%ec%a0%95/,2026-07-29
w_0223,서른이지만열일곱입니다,서른이지만 열일곱입니다,Still 17,서른이지만 열일곱입니다;Still 17;三十ですが十七です;雖然30但仍17;Thirty But Seventeen;Seoreunijiman Yeolilgobibmida,drama,신혜선;양세종,SBS,2018-07-23 ~ 2018-09-18,방영종료,20,20,1,서울특별시,Q55266400,14,Still 17,64723,14.0,14.1,12.5,40.6,236,,https://kdramamap.com/wp-content/uploads/kdramamap/posters/%EC%84%9C%EB%A5%B8%EC%9D%B4%EC%A7%80%EB%A7%8C%EC%97%B4%EC%9D%BC%EA%B3%B1%EC%9E%85%EB%8B%88%EB%8B%A4.webp,,https://kdramamap.com/drama/%ec%84%9c%eb%a5%b8%ec%9d%b4%ec%a7%80%eb%a7%8c%ec%97%b4%ec%9d%bc%ea%b3%b1%ec%9e%85%eb%8b%88%eb%8b%a4/,2026-07-29
w_0320,완벽한가족,완벽한 가족,Perfect Family,완벽한 가족;Perfect Family;完璧な家族;完美的家族;완벽한 가족(드라마),drama,김병철;윤세아;박주현;김영대,KBS2,2024-08-14 ~ 2024-09-19,방영종료,28,27,3,경기도,Q125211794,8,Perfect Family,97765,8.0,17.21,15.32,40.53,237,,https://kdramamap.com/wp-content/uploads/kdramamap/posters/%EC%99%84%EB%B2%BD%ED%95%9C%EA%B0%80%EC%A1%B1.webp,,https://kdramamap.com/drama/%ec%99%84%eb%b2%bd%ed%95%9c%ea%b0%80%ec%a1%b1/,2026-07-29
w_0111,당신이잠든사이에,당신이 잠든 사이에,While You Were Sleeping,당신이 잠든 사이에;While You Were Sleeping;あなたが眠っている間に;當你熟睡時,drama,이종석;배수지;정해인,SBS,2017-09-27 ~ 2017-11-16,방영종료,20,20,2,서울특별시,Q14518812,28,While You Were Sleeping (2017 TV series),,28.0,0.0,12.5,40.5,238,,https://kdramamap.com/wp-content/uploads/kdramamap/posters/%EB%8B%B9%EC%8B%A0%EC%9D%B4%EC%9E%A0%EB%93%A0%EC%82%AC%EC%9D%B4%EC%97%90.webp,,https://kdramamap.com/drama/%eb%8b%b9%ec%8b%a0%ec%9d%b4%ec%9e%a0%eb%93%a0%ec%82%ac%ec%9d%b4%ec%97%90/,2026-07-29
w_0219,새벽2시의신데렐라,새벽 2시의 신데렐라,Cinderella at 2 AM,새벽 2시의 신데렐라;Cinderella at 2 AM;深夜2時のシンデレラ;凌晨兩點的灰姑娘,drama,신현빈;문상민,채널A,2024-08-24 ~ 2024-09-22,방영종료,68,68,7,서울특별시,Q127698375,7,Cinderella at 2 AM,59089,7.0,13.41,20.0,40.41,239,,https://kdramamap.com/wp-content/uploads/kdramamap/posters/%EC%83%88%EB%B2%BD2%EC%8B%9C%EC%9D%98%EC%8B%A0%EB%8D%B0%EB%A0%90%EB%9D%BC.webp,,https://kdramamap.com/drama/%ec%83%88%eb%b2%bd2%ec%8b%9c%ec%9d%98%ec%8b%a0%eb%8d%b0%eb%a0%90%eb%9d%bc/,2026-07-29
w_0467,혼례대첩,혼례대첩,The Matchmakers,The Matchmakers;婚礼大捷;婚禮大捷;Wedding Battle,drama,로운;조이현,KBS2,2023-10-30 ~ 2023-12-25,방영종료,28,28,8,경상북도,Q120533831,11,The Matchmakers (TV series),63086,11.0,13.91,15.5,40.41,240,,https://kdramamap.com/wp-content/uploads/kdramamap/posters/%ED%98%BC%EB%A1%80%EB%8C%80%EC%B2%A9.webp,,https://kdramamap.com/drama/%ed%98%bc%eb%a1%80%eb%8c%80%ec%b2%a9/,2026-07-29
w_0032,골드랜드,골드랜드,Gold Land,Gold Land;ゴールドランド;賭金,drama,박보영;김성철,Disney+,2026-04-29 ~ 2026-04-29,방영종료,83,66,8,강원특별자치도,Q134848097,8,Gold Land,59166,8.0,13.42,18.98,40.4,241,,https://kdramamap.com/wp-content/uploads/kdramamap/posters/%EA%B3%A8%EB%93%9C%EB%9E%9C%EB%93%9C.webp,,https://kdramamap.com/drama/%ea%b3%a8%eb%93%9c%eb%9e%9c%eb%93%9c/,2026-07-29
w_0197,비밀은없어,비밀은 없어,Frankly Speaking,비밀은 없어;Frankly Speaking;正直にお伝えします!?;沒有秘密,drama,고경표;강한나,JTBC,2024-05-01 ~ 2024-06-06,방영종료,53,53,7,서울특별시,Q116947667,11,Frankly Speaking (TV series),34635,11.0,9.38,20.0,40.38,242,,https://kdramamap.com/wp-content/uploads/kdramamap/posters/%EB%B9%84%EB%B0%80%EC%9D%80%EC%97%86%EC%96%B4.webp,,https://kdramamap.com/drama/%eb%b9%84%eb%b0%80%ec%9d%80%ec%97%86%ec%96%b4/,2026-07-29
w_0431,트라이우리는기적이된다,트라이: 우리는 기적이 된다,The Winning Try,트라이: 우리는 기적이 된다;The Winning Try;TRY 〜僕たちは奇跡になる〜﻿;TRY：我們成為奇蹟;Try: We Become Miracles,drama,윤계상;임세미,SBS,2025-07-25 ~ 2025-08-30,방영종료,40,40,7,전남광주통합특별시,Q132888605,7,The Winning Try,57031,7.0,13.14,20.0,40.14,243,,https://kdramamap.com/wp-content/uploads/kdramamap/posters/%ED%8A%B8%EB%9D%BC%EC%9D%B4%EC%9A%B0%EB%A6%AC%EB%8A%94%EA%B8%B0%EC%A0%81%EC%9D%B4%EB%90%9C%EB%8B%A4.webp,,https://kdramamap.com/drama/%ed%8a%b8%eb%9d%bc%ec%9d%b4%ec%9a%b0%eb%a6%ac%eb%8a%94%ea%b8%b0%ec%a0%81%ec%9d%b4%eb%90%9c%eb%8b%a4/,2026-07-29
w_0043,그녀는거짓말을너무사랑해,그녀는 거짓말을 너무 사랑해,The Liar and His Lover,그녀는 거짓말을 너무 사랑해;The Liar and His Lover;カノジョは嘘を愛しすぎてる;她愛上了我的謊;Geunyeoneun Geojitmaleul Neomoo Saranghae,drama,이현우;조이,tvN,2017-03-20 ~ 2017-05-09,방영종료,38,37,1,서울특별시,Q28432857,13,The Liar and His Lover (TV series),28363,13.0,7.87,19.12,39.99,244,,https://kdramamap.com/wp-content/uploads/kdramamap/posters/%EA%B7%B8%EB%85%80%EB%8A%94%EA%B1%B0%EC%A7%93%EB%A7%90%EC%9D%84%EB%84%88%EB%AC%B4%EC%82%AC%EB%9E%91%ED%95%B4.webp,,https://kdramamap.com/drama/%ea%b7%b8%eb%85%80%eb%8a%94%ea%b1%b0%ec%a7%93%eb%a7%90%ec%9d%84%eb%84%88%eb%ac%b4%ec%82%ac%eb%9e%91%ed%95%b4/,2026-07-29
w_0136,런온,런 온,Run On,런 온;Run On;それでも僕らは走り続ける,drama,임시완;신세경;최수영;강태오,JTBC,2020-12-16 ~ 2021-02-04,방영종료,29,29,1,서울특별시,Q101219144,10,Run On (TV series),64728,10.0,14.1,15.88,39.97,245,,https://kdramamap.com/wp-content/uploads/kdramamap/posters/%EB%9F%B0%EC%98%A8.webp,,https://kdramamap.com/drama/%eb%9f%b0%ec%98%a8/,2026-07-29
w_0257,신데렐라와네명의기사,신데렐라와 네 명의 기사,Cinderella with Four Knights,신데렐라와 네 명의 기사;Cinderella with Four Knights;シンデレラと4人の騎士;灰姑娘與四騎士;Cinderella and Four Knights;Cinderellawa Ne Myungui Gisa,drama,정일우;박소담,tvN,2016-08-12 ~ 2016-10-01,방영종료,9,9,3,서울특별시,Q24836047,17,Cinderella with Four Knights,68477,17.0,14.52,8.38,39.9,246,,https://kdramamap.com/wp-content/uploads/kdramamap/posters/%EC%8B%A0%EB%8D%B0%EB%A0%90%EB%9D%BC%EC%99%80%EB%84%A4%EB%AA%85%EC%9D%98%EA%B8%B0%EC%82%AC.webp,,https://kdramamap.com/drama/%ec%8b%a0%eb%8d%b0%eb%a0%90%eb%9d%bc%ec%99%80%eb%84%a4%eb%aa%85%ec%9d%98%ea%b8%b0%ec%82%ac/,2026-07-29
w_0139,로맨스는별책부록,로맨스는 별책부록,Romance Is a Bonus Book,로맨스는 별책부록;Romance Is a Bonus Book;ロマンスは別冊付録;羅曼史別冊附錄;Romaenseuneun Byulchaekboorok,drama,이종석;이나영,tvN,2019-01-26 ~ 2019-03-17,방영종료,16,16,1,서울특별시,Q60174208,16,Romance Is a Bonus Book,55069,16.0,12.88,11.0,39.88,247,,https://kdramamap.com/wp-content/uploads/kdramamap/posters/%EB%A1%9C%EB%A7%A8%EC%8A%A4%EB%8A%94%EB%B3%84%EC%B1%85%EB%B6%80%EB%A1%9D.webp,,https://kdramamap.com/drama/%eb%a1%9c%eb%a7%a8%ec%8a%a4%eb%8a%94%eb%b3%84%ec%b1%85%eb%b6%80%eb%a1%9d/,2026-07-29
w_0155,메리킬즈피플,메리 킬즈 피플,Mary Kills People,메리 킬즈 피플;Mary Kills People;死亡天使玛莉,drama,이보영;이민기;강기영,MBC,2025-08-01 ~ 2025-09-12,방영종료,31,30,7,경기도,Q134986909,7,Mary Kills People (South Korean TV series),86977,7.0,16.33,16.46,39.79,248,,https://kdramamap.com/wp-content/uploads/kdramamap/posters/%EB%A9%94%EB%A6%AC%ED%82%AC%EC%A6%88%ED%94%BC%ED%94%8C.webp,,https://kdramamap.com/drama/%eb%a9%94%eb%a6%ac%ed%82%ac%ec%a6%88%ed%94%bc%ed%94%8c/,2026-07-29
w_0202,사계의봄,사계의 봄,Spring of Youth,사계의 봄;Spring of Youth;四季之春;Spring of the Four Seasons,drama,하유준;박지후;이승협,SBS,2025-05-06 ~ 2025-07-02,방영종료,41,41,7,서울특별시,Q131541824,8,Spring of Youth (TV series),47533,8.0,11.77,20.0,39.77,249,,https://kdramamap.com/wp-content/uploads/kdramamap/posters/%EC%82%AC%EA%B3%84%EC%9D%98%EB%B4%84.webp,,https://kdramamap.com/drama/%ec%82%ac%ea%b3%84%ec%9d%98%eb%b4%84/,2026-07-29
w_0260,신성한이혼,신성한 이혼,Divorce Attorney Shin,신성한 이혼;Divorce Attorney Shin;離婚弁護士シン・ソンハン;神聖的離婚;Sacred Divorce,drama,조승우;한혜진;김성균;정문성,JTBC,2023-03-04 ~ 2023-04-09,방영종료,62,61,4,경기도,Q116178090,10,Divorce Attorney Shin,36280,10.0,9.73,19.92,39.65,250,,https://kdramamap.com/wp-content/uploads/kdramamap/posters/%EC%8B%A0%EC%84%B1%ED%95%9C%EC%9D%B4%ED%98%BC.webp,,https://kdramamap.com/drama/%ec%8b%a0%ec%84%b1%ed%95%9c%ec%9d%b4%ed%98%bc/,2026-07-29
w_0087,내아이디는강남미인,내 아이디는 강남미인,My ID is Gangnam Beauty,내 아이디는 강남미인;My ID is Gangnam Beauty;私のIDはカンナム美人;我的ID是江南美人;Gangnam Beauty,drama,임수향;차은우,JTBC,2018-07-27 ~ 2018-09-15,방영종료,39,39,2,서울특별시,Q55038915,20,Gangnam Beauty,,20.0,0.0,19.62,39.62,251,,https://kdramamap.com/wp-content/uploads/kdramamap/posters/%EB%82%B4%EC%95%84%EC%9D%B4%EB%94%94%EB%8A%94%EA%B0%95%EB%82%A8%EB%AF%B8%EC%9D%B8.webp,,https://kdramamap.com/drama/%eb%82%b4%ec%95%84%ec%9d%b4%eb%94%94%eb%8a%94%ea%b0%95%eb%82%a8%eb%af%b8%ec%9d%b8/,2026-07-29
w_0167,무브투헤븐,무브 투 헤븐: 나는 유품정리사입니다,Move to Heaven,무브 투 헤븐: 나는 유품정리사입니다;Move to Heaven;ムーブ・トゥ・ヘブン: 私は遺品整理士です;Move to Heaven：我是遺物整理師,drama,이제훈;탕준상,Netflix,2021-05-14 ~ 2021-05-14,방영종료,8,8,1,서울특별시,Q85978697,15,Move to Heaven,89049,15.0,16.51,8.0,39.51,252,,https://kdramamap.com/wp-content/uploads/kdramamap/posters/%EB%AC%B4%EB%B8%8C%ED%88%AC%ED%97%A4%EB%B8%90.webp,,https://kdramamap.com/drama/%eb%ac%b4%eb%b8%8c%ed%88%ac%ed%97%a4%eb%b8%90/,2026-07-29
w_0159,멱살한번잡힙시다,멱살 한번 잡힙시다,Nothing Uncovered,멱살 한번 잡힙시다;Nothing Uncovered;抓住你的衣领;Let's Get Grabbed By the Collar,drama,김하늘;연우진;장승조,KBS2,2024-03-18 ~ 2024-05-07,방영종료,88,88,5,서울특별시,Q124098301,7,Nothing Uncovered,50791,7.0,12.27,20.0,39.27,253,,https://kdramamap.com/wp-content/uploads/kdramamap/posters/%EB%A9%B1%EC%82%B4%ED%95%9C%EB%B2%88%EC%9E%A1%ED%9E%99%EC%8B%9C%EB%8B%A4.webp,,https://kdramamap.com/drama/%eb%a9%b1%ec%82%b4%ed%95%9c%eb%b2%88%ec%9e%a1%ed%9e%99%ec%8b%9c%eb%8b%a4/,2026-07-29
w_0084,내가죽기일주일전,내가 죽기 일주일 전,Way Back Love,내가 죽기 일주일 전;Way Back Love;私が死ぬ一週間前;我死的一週前,drama,공명;김민하,TVING,2025-04-03 ~ 2025-04-17,방영종료,29,29,5,인천광역시,Q133163955,7,Way Back Love,86353,7.0,16.28,15.88,39.15,254,,https://kdramamap.com/wp-content/uploads/kdramamap/posters/%EB%82%B4%EA%B0%80%EC%A3%BD%EA%B8%B0%EC%9D%BC%EC%A3%BC%EC%9D%BC%EC%A0%84.webp,,https://kdramamap.com/drama/%eb%82%b4%ea%b0%80%ec%a3%bd%ea%b8%b0%ec%9d%bc%ec%a3%bc%ec%9d%bc%ec%a0%84/,2026-07-29
w_0172,미안하다사랑한다,"미안하다, 사랑한다","I'm Sorry, I Love You","미안하다, 사랑한다;I'm Sorry, I Love You;ごめん、愛してる;对不起，我爱你;미안하다 사랑한다",drama,소지섭;임수정,KBS2,2004-11-08 ~ 2004-12-28,방영종료,15,14,1,서울특별시,Q495650,18,"I'm Sorry, I Love You",42152,18.0,10.86,10.29,39.15,255,,https://kdramamap.com/wp-content/uploads/kdramamap/posters/%EB%AF%B8%EC%95%88%ED%95%98%EB%8B%A4%EC%82%AC%EB%9E%91%ED%95%9C%EB%8B%A4.webp,,https://kdramamap.com/drama/%eb%af%b8%ec%95%88%ed%95%98%eb%8b%a4%ec%82%ac%eb%9e%91%ed%95%9c%eb%8b%a4/,2026-07-29
w_0189,보라데보라,보라! 데보라,Bo-ra! Deborah,보라! 데보라;Bo-ra! Deborah;ボラ！デボラ～恋にはいつでも本気～;寶拉！黛博拉,drama,유인나;윤현민,ENA,2023-04-12 ~ 2023-05-25,방영종료,93,92,4,서울특별시,Q115687955,7,True to Love,50156,7.0,12.17,19.95,39.12,256,,https://kdramamap.com/wp-content/uploads/kdramamap/posters/%EB%B3%B4%EB%9D%BC%EB%8D%B0%EB%B3%B4%EB%9D%BC.webp,,https://kdramamap.com/drama/%eb%b3%b4%eb%9d%bc%eb%8d%b0%eb%b3%b4%eb%9d%bc/,2026-07-29
w_0234,쇼핑왕루이,쇼핑왕 루이,Shopaholic Louis,쇼핑왕 루이;Shopaholic Louis;ショッピング王ルイ;購物王路易;Shopingwang Looi;Shopping King Louie,drama,서인국;남지현,MBC,2016-09-21 ~ 2016-11-10,방영종료,21,20,1,서울특별시,Q26160413,18,Shopping King Louie,30715,18.0,8.47,12.64,39.11,257,,https://kdramamap.com/wp-content/uploads/kdramamap/posters/%EC%87%BC%ED%95%91%EC%99%95%EB%A3%A8%EC%9D%B4.webp,,https://kdramamap.com/drama/%ec%87%bc%ed%95%91%ec%99%95%eb%a3%a8%ec%9d%b4/,2026-07-29
w_0229,세작매혹된자들,"세작, 매혹된 자들",Captivating the King,"세작, 매혹된 자들;Captivating the King;魅惑の人;细作;Sejak, the Fascinated",drama,조정석;신세경,tvN,2024-01-21 ~ 2024-03-03,방영종료,20,20,8,경상북도,Q123333036,12,Captivating the King,68791,12.0,14.56,12.5,39.06,258,,https://kdramamap.com/wp-content/uploads/kdramamap/posters/%EC%84%B8%EC%9E%91%EB%A7%A4%ED%98%B9%EB%90%9C%EC%9E%90%EB%93%A4.webp,,https://kdramamap.com/drama/%ec%84%b8%ec%9e%91%eb%a7%a4%ed%98%b9%eb%90%9c%ec%9e%90%eb%93%a4/,2026-07-29
w_0194,뷰티인사이드(영화),뷰티 인사이드,The Beauty Inside,뷰티 인사이드;The Beauty Inside;ビューティー・インサイド;愛上變身情人;Beauty Inside;Byuti Insaideu,drama,한효주,영화,2015-08-20 ~ 2015-08-20,방영종료,8,8,2,서울특별시,Q18684331,16,The Beauty Inside (2015 film),71564,16.0,14.86,8.0,38.86,259,,https://kdramamap.com/wp-content/uploads/kdramamap/posters/%EB%B7%B0%ED%8B%B0%EC%9D%B8%EC%82%AC%EC%9D%B4%EB%93%9C%28%EC%98%81%ED%99%94%29.webp,,https://kdramamap.com/drama/%eb%b7%b0%ed%8b%b0%ec%9d%b8%ec%82%ac%ec%9d%b4%eb%93%9c-%ec%98%81%ed%99%94/,2026-07-29
w_0083,낮에뜨는달,낮에 뜨는 달,Moon in the Day,낮에 뜨는 달;Moon in the Day;白晝之月,drama,김영대;표예진,ENA,2023-11-01 ~ 2023-12-14,방영종료,33,33,7,경기도,Q120753622,9,Moon in the Day,51588,9.0,12.39,17.38,38.76,260,,https://kdramamap.com/wp-content/uploads/kdramamap/posters/%EB%82%AE%EC%97%90%EB%9C%A8%EB%8A%94%EB%8B%AC.webp,,https://kdramamap.com/drama/%eb%82%ae%ec%97%90%eb%9c%a8%eb%8a%94%eb%8b%ac/,2026-07-29
w_0011,UDT우리동네특공대,UDT: 우리동네 특공대,Heroes Next Door,UDT: 우리동네 특공대;Heroes Next Door;UDT：我們小區特工隊,drama,윤계상;진선규;김지현,ENA,2025-11-17 ~ 2025-12-16,방영종료,85,85,6,서울특별시,Q136215748,7,Heroes Next Door,46925,7.0,11.67,20.0,38.67,261,,https://kdramamap.com/wp-content/uploads/kdramamap/posters/UDT%EC%9A%B0%EB%A6%AC%EB%8F%99%EB%84%A4%ED%8A%B9%EA%B3%B5%EB%8C%80.webp,,https://kdramamap.com/drama/udt%ec%9a%b0%eb%a6%ac%eb%8f%99%eb%84%a4%ed%8a%b9%ea%b3%b5%eb%8c%80/,2026-07-29
w_0097,놀아주는여자,놀아주는 여자,My Sweet Mobster,놀아주는 여자;My Sweet Mobster;遊んでくれる彼女;陪玩的女人,drama,엄태구;한선화;권율,JTBC,2024-06-12 ~ 2024-08-01,방영종료,88,85,5,서울특별시,Q124611059,7,My Sweet Mobster,47655,7.0,11.79,19.83,38.62,262,,https://kdramamap.com/wp-content/uploads/kdramamap/posters/%EB%86%80%EC%95%84%EC%A3%BC%EB%8A%94%EC%97%AC%EC%9E%90.webp,,https://kdramamap.com/drama/%eb%86%80%ec%95%84%ec%a3%bc%eb%8a%94%ec%97%ac%ec%9e%90/,2026-07-29
w_0113,대행사,대행사,Agency,Agency;代理公司,drama,이보영,JTBC,2023-01-07 ~ 2023-02-26,방영종료,55,55,3,서울특별시,Q115557959,9,Agency (South Korean TV series),35659,9.0,9.6,20.0,38.6,263,,https://kdramamap.com/wp-content/uploads/kdramamap/posters/%EB%8C%80%ED%96%89%EC%82%AC.webp,,https://kdramamap.com/drama/%eb%8c%80%ed%96%89%ec%82%ac/,2026-07-29
w_0036,구미호뎐1938,구미호뎐 1938,Tale of the Nine Tailed 1938,구미호뎐 1938;Tale of the Nine Tailed 1938;九尾狐伝1938;九尾狐傳1938,drama,이동욱;김소연,tvN,2023-05-06 ~ 2023-06-11,방영종료,15,15,8,서울특별시,Q111145272,11,Tale of the Nine Tailed 1938,92693,11.0,16.81,10.62,38.44,264,,https://kdramamap.com/wp-content/uploads/kdramamap/posters/%EA%B5%AC%EB%AF%B8%ED%98%B8%EB%8E%901938.webp,,https://kdramamap.com/drama/%ea%b5%ac%eb%af%b8%ed%98%b8%eb%8e%901938/,2026-07-29
w_0224,서울자가에대기업다니는김부장이야기,서울 자가에 대기업 다니는 김 부장 이야기,The Dream Life of Mr. Kim,"서울 자가에 대기업 다니는 김 부장 이야기;The Dream Life of Mr. Kim;ソウルの家から大企業に通うキム部長の物語﻿;金部長的夢想人生;The Story of Manager Kim, Who Owns His Home and Works for a Large Company in Seoul",drama,류승룡;명세빈;차강윤,JTBC,2025-10-25 ~ 2025-11-30,방영종료,61,61,4,서울특별시,Q136243480,6,The Dream Life of Mr. Kim,51515,6.0,12.38,20.0,38.38,265,,https://kdramamap.com/wp-content/uploads/kdramamap/posters/%EC%84%9C%EC%9A%B8%EC%9E%90%EA%B0%80%EC%97%90%EB%8C%80%EA%B8%B0%EC%97%85%EB%8B%A4%EB%8B%88%EB%8A%94%EA%B9%80%EB%B6%80%EC%9E%A5%EC%9D%B4%EC%95%BC%EA%B8%B0.webp,,https://kdramamap.com/drama/%ec%84%9c%ec%9a%b8%ec%9e%90%ea%b0%80%ec%97%90%eb%8c%80%ea%b8%b0%ec%97%85%eb%8b%a4%eb%8b%88%eb%8a%94%ea%b9%80%eb%b6%80%ec%9e%a5%ec%9d%b4%ec%95%bc%ea%b8%b0/,2026-07-29
w_0400,청담국제고등학교2,청담국제고등학교,Bitch X Rich,청담국제고등학교;Bitch X Rich;清潭國際高等學校;Bitch and Rich,drama,이은샘;김예림;이종혁,Wavve,2025-07-03 ~ 2025-07-31,방영종료,26,26,3,서울특별시,Q118878204,6,Bitch x Rich,102924,6.0,17.6,14.75,38.35,266,,https://kdramamap.com/wp-content/uploads/kdramamap/posters/%EC%B2%AD%EB%8B%B4%EA%B5%AD%EC%A0%9C%EA%B3%A0%EB%93%B1%ED%95%99%EA%B5%902.webp,,https://kdramamap.com/drama/%ec%b2%ad%eb%8b%b4%ea%b5%ad%ec%a0%9c%ea%b3%a0%eb%93%b1%ed%95%99%ea%b5%902/,2026-07-29
w_0016,가족계획,가족계획,Family Matters,Family Matters;家族计划;Family Plan,drama,배두나;류승범;백윤식;로몬,Coupang Play,2024-11-29 ~ 2024-12-27,방영종료,20,17,5,서울특별시,Q130744551,7,Family Matters (South Korean TV series),133330,7.0,19.56,11.75,38.31,267,,https://kdramamap.com/wp-content/uploads/kdramamap/posters/%EA%B0%80%EC%A1%B1%EA%B3%84%ED%9A%8D.webp,,https://kdramamap.com/drama/%ea%b0%80%ec%a1%b1%ea%b3%84%ed%9a%8d/,2026-07-29
w_0210,사랑한다고말해줘,사랑한다고 말해줘,Tell Me That You Love Me,사랑한다고 말해줘;Tell Me That You Love Me;愛していると言ってくれ;跟我说爱我,drama,정우성;신현빈,ENA,2023-11-27 ~ 2024-01-16,방영종료,69,68,6,서울특별시,Q117847731,8,Tell Me That You Love Me (TV series),39500,8.0,10.37,19.93,38.3,268,,https://kdramamap.com/wp-content/uploads/kdramamap/posters/%EC%82%AC%EB%9E%91%ED%95%9C%EB%8B%A4%EA%B3%A0%EB%A7%90%ED%95%B4%EC%A4%98.webp,,https://kdramamap.com/drama/%ec%82%ac%eb%9e%91%ed%95%9c%eb%8b%a4%ea%b3%a0%eb%a7%90%ed%95%b4%ec%a4%98/,2026-07-29
w_0450,플레이어2,플레이어,Player,플레이어;Player;カイロス;The Player 2: Master of Swindlers;The Player: Master of Swindlers,drama,송승헌;오연서;이시언;태원석,tvN,2024-06-03 ~ 2024-07-09,방영종료,58,54,5,서울특별시,Q55641460,7,Player (TV series),46550,7.0,11.61,19.66,38.27,269,,https://kdramamap.com/wp-content/uploads/kdramamap/posters/%ED%94%8C%EB%A0%88%EC%9D%B4%EC%96%B42.webp,,https://kdramamap.com/drama/%ed%94%8c%eb%a0%88%ec%9d%b4%ec%96%b42/,2026-07-29
w_0315,오십프로,오십프로,Fifties Professionals,Fifties Professionals;50%の人生リスタート;大叔再出招,drama,신하균;오정세;허성태,MBC,2026-05-22 ~ 2026-06-27,방영종료,61,60,8,경기도,Q138315168,6,Fifties Professionals,50699,6.0,12.26,19.92,38.17,270,,https://kdramamap.com/wp-content/uploads/kdramamap/posters/%EC%98%A4%EC%8B%AD%ED%94%84%EB%A1%9C.webp,,https://kdramamap.com/drama/%ec%98%a4%ec%8b%ad%ed%94%84%eb%a1%9c/,2026-07-29
w_0374,정숙한세일즈,정숙한 세일즈,A Virtuous Business,정숙한 세일즈;A Virtuous Business;貞淑なお仕事;贞淑的推销,drama,김소연;김성령;김선영;이세희,JTBC,2024-10-12 ~ 2024-11-17,방영종료,56,55,6,충청남도,Q127690872,9,A Virtuous Business,33872,9.0,9.21,19.91,38.12,271,,https://kdramamap.com/wp-content/uploads/kdramamap/posters/%EC%A0%95%EC%88%99%ED%95%9C%EC%84%B8%EC%9D%BC%EC%A6%88.webp,,https://kdramamap.com/drama/%ec%a0%95%ec%88%99%ed%95%9c%ec%84%b8%ec%9d%bc%ec%a6%88/,2026-07-29
w_0126,디어엠,디어엠,Dear. M,Dear. M;Dear.M,drama,박혜수;재현;노정의;배현성,U-NEXT,2022-06-29 ~ 2022-07-06,방영종료,53,53,6,서울특별시,Q102142297,8,Dear.M,38088,8.0,10.1,20.0,38.1,272,,https://kdramamap.com/wp-content/uploads/kdramamap/posters/%EB%94%94%EC%96%B4%EC%97%A0.webp,,https://kdramamap.com/drama/%eb%94%94%ec%96%b4%ec%97%a0/,2026-07-29
w_0255,시크릿가든,시크릿 가든,Secret Garden,시크릿 가든;Secret Garden;シークレット・ガーデン;秘密花園;Sikeurit Gadeun;라디오 시크릿 가든,drama,현빈;하지원,SBS,2010-11-13 ~ 2011-01-16,방영종료,16,16,1,서울특별시,Q45871,27,Secret Garden (South Korean TV series),,27.0,0.0,11.0,38.0,273,,https://kdramamap.com/wp-content/uploads/kdramamap/posters/%EC%8B%9C%ED%81%AC%EB%A6%BF%EA%B0%80%EB%93%A0.webp,,https://kdramamap.com/drama/%ec%8b%9c%ed%81%ac%eb%a6%bf%ea%b0%80%eb%93%a0/,2026-07-29
w_0077,남남,남남,Not Others,Not Others;ラブ・パッセンジャー ～私たちの恋愛事情～;陌生人,drama,전혜진;최수영;안재욱;박성훈,ENA,2023-07-17 ~ 2023-08-22,방영종료,59,59,5,서울특별시,Q117031722,8,Not Others,37315,8.0,9.94,20.0,37.94,274,,https://kdramamap.com/wp-content/uploads/kdramamap/posters/%EB%82%A8%EB%82%A8.webp,,https://kdramamap.com/drama/%eb%82%a8%eb%82%a8/,2026-07-29
w_0402,청춘시대,청춘시대,"Hello, My Twenties!","Hello, My Twenties!;青春時代;Age of Youth",drama,한예리;한승연;박은빈;류화영,JTBC,2016-07-22 ~ 2016-08-27,방영종료,24,23,1,서울특별시,Q25267571,12,"Hello, My Twenties!",50001,12.0,12.15,13.79,37.94,275,,https://kdramamap.com/wp-content/uploads/kdramamap/posters/%EC%B2%AD%EC%B6%98%EC%8B%9C%EB%8C%80.webp,,https://kdramamap.com/drama/%ec%b2%ad%ec%b6%98%ec%8b%9c%eb%8c%80/,2026-07-29
w_0124,동백꽃필무렵,동백꽃 필 무렵,When the Camellia Blooms,동백꽃 필 무렵;When the Camellia Blooms;椿の花咲く頃;山茶花開時;Dongbaek-kkot pil muryeop,drama,공효진;강하늘,KBS2,2019-09-18 ~ 2019-11-21,방영종료,6,6,1,서울특별시,Q65247139,17,When the Camellia Blooms,61039,17.0,13.66,7.25,37.91,276,,https://kdramamap.com/wp-content/uploads/kdramamap/posters/%EB%8F%99%EB%B0%B1%EA%BD%83%ED%95%84%EB%AC%B4%EB%A0%B5.webp,,https://kdramamap.com/drama/%eb%8f%99%eb%b0%b1%ea%bd%83%ed%95%84%eb%ac%b4%eb%a0%b5/,2026-07-29
w_0252,슬기로운감빵생활,슬기로운 감빵생활,Prison Playbook,슬기로운 감빵생활;Prison Playbook;刑務所のルールブック;機智牢房生活;Seulgirowun Gamppangsaenghwal;Wise Prison Life,drama,박해수;정경호,tvN,2017-11-22 ~ 2018-01-18,방영종료,12,12,1,서울특별시,Q39059594,12,Prison Playbook,87438,12.0,16.37,9.5,37.87,277,,https://kdramamap.com/wp-content/uploads/kdramamap/posters/%EC%8A%AC%EA%B8%B0%EB%A1%9C%EC%9A%B4%EA%B0%90%EB%B9%B5%EC%83%9D%ED%99%9C.webp,,https://kdramamap.com/drama/%ec%8a%ac%ea%b8%b0%eb%a1%9c%ec%9a%b4%ea%b0%90%eb%b9%b5%ec%83%9d%ed%99%9c/,2026-07-29
w_0004,24시헬스클럽,24시 헬스클럽,Pump Up the Healthy Love,24시 헬스클럽;Pump Up the Healthy Love;24小時健身俱樂部;24-Hour Health Club,drama,이준영;정은지,KBS2,2025-04-30 ~ 2025-06-05,방영종료,69,69,4,서울특별시,Q133042255,6,Pump Up the Healthy Love,47129,6.0,11.7,20.0,37.7,278,,https://kdramamap.com/wp-content/uploads/kdramamap/posters/24%EC%8B%9C%ED%97%AC%EC%8A%A4%ED%81%B4%EB%9F%BD.webp,,https://kdramamap.com/drama/24%ec%8b%9c%ed%97%ac%ec%8a%a4%ed%81%b4%eb%9f%bd/,2026-07-29
w_0456,하이드,하이드,Hide,Hide,drama,이보영;이무생;이청아,JTBC,2024-03-23 ~ 2024-04-28,방영종료,51,50,8,인천광역시,Q123145955,7,Hide (TV series),41420,7.0,10.73,19.9,37.63,279,,https://kdramamap.com/wp-content/uploads/kdramamap/posters/%ED%95%98%EC%9D%B4%EB%93%9C.webp,,https://kdramamap.com/drama/%ed%95%98%ec%9d%b4%eb%93%9c/,2026-07-29
w_0105,닥터신,닥터신,Doctor shin,Doctor shin,drama,정이찬;백서라;안우연;주세빈,TV조선,2026-03-14 ~ 2026-05-03,방영종료,41,40,4,서울특별시,Q136396756,5,Doctor Shin,51762,5.0,12.41,19.88,37.29,280,,https://kdramamap.com/wp-content/uploads/kdramamap/posters/%EB%8B%A5%ED%84%B0%EC%8B%A0.webp,,https://kdramamap.com/drama/%eb%8b%a5%ed%84%b0%ec%8b%a0/,2026-07-29
w_0209,사랑의온도,사랑의 온도,Temperature of Love,사랑의 온도;Temperature of Love;愛の温度;愛情的溫度,drama,서현진;양세종;김재욱;조보아,SBS,2017-09-18 ~ 2017-11-21,방영종료,26,26,1,서울특별시,Q30947893,14,Temperature of Love,30878,14.0,8.51,14.75,37.26,281,,https://kdramamap.com/wp-content/uploads/kdramamap/posters/%EC%82%AC%EB%9E%91%EC%9D%98%EC%98%A8%EB%8F%84.webp,,https://kdramamap.com/drama/%ec%82%ac%eb%9e%91%ec%9d%98%ec%98%a8%eb%8f%84/,2026-07-29
w_0386,지배종,지배종,Blood Free,Blood Free;支配種;支配物種,drama,주지훈;한효주,Disney+,2024-04-10 ~ 2024-05-08,방영종료,28,26,6,서울특별시,Q124625340,10,Blood Free,49049,10.0,12.01,15.14,37.15,282,,https://kdramamap.com/wp-content/uploads/kdramamap/posters/%EC%A7%80%EB%B0%B0%EC%A2%85.webp,,https://kdramamap.com/drama/%ec%a7%80%eb%b0%b0%ec%a2%85/,2026-07-29
w_0201,빌런즈,빌런즈,Villains,Villains;反派們,drama,유지태;곽도원;이민정,TVING,2025-12-18 ~ 2026-01-08,방영종료,53,52,7,서울특별시,Q118366920,5,Villains (South Korean TV series),50557,5.0,12.23,19.91,37.14,283,,https://kdramamap.com/wp-content/uploads/kdramamap/posters/%EB%B9%8C%EB%9F%B0%EC%A6%88.webp,,https://kdramamap.com/drama/%eb%b9%8c%eb%9f%b0%ec%a6%88/,2026-07-29
w_0119,도도솔솔라라솔,도도솔솔라라솔,Do Do Sol Sol La La Sol,Do Do Sol Sol La La Sol;ドドソソララソ,drama,고아라;이재욱,KBS2,2020-10-07 ~ 2020-11-26,방영종료,12,12,1,서울특별시,Q96619707,15,Do Do Sol Sol La La Sol,51218,15.0,12.33,9.5,36.83,284,,https://kdramamap.com/wp-content/uploads/kdramamap/posters/%EB%8F%84%EB%8F%84%EC%86%94%EC%86%94%EB%9D%BC%EB%9D%BC%EC%86%94.webp,,https://kdramamap.com/drama/%eb%8f%84%eb%8f%84%ec%86%94%ec%86%94%eb%9d%bc%eb%9d%bc%ec%86%94/,2026-07-29
w_0426,탁류,탁류,The Murky Stream,The Murky Stream;濁流;濁流之爭;Takryu,drama,로운;신예은;박서함;박지환,Disney+,2025-09-26 ~ 2025-09-26,방영종료,6,6,3,경상북도,Q133753965,8,The Murky Stream,174310,8.0,21.58,7.25,36.83,285,,https://kdramamap.com/wp-content/uploads/kdramamap/posters/%ED%83%81%EB%A5%98.webp,,https://kdramamap.com/drama/%ed%83%81%eb%a5%98/,2026-07-29
w_0434,트리거_디즈니,트리거,Unmasked,트리거;Unmasked;トリガー ニュースの裏側;揭密最前線,drama,김혜수;정성일;주종혁,Disney+,2025-01-15 ~ 2025-02-19,방영종료,77,76,6,경기도,Q131399905,7,Unmasked (TV series),36857,7.0,9.85,19.94,36.78,286,,https://kdramamap.com/wp-content/uploads/kdramamap/posters/%ED%8A%B8%EB%A6%AC%EA%B1%B0_%EB%94%94%EC%A6%88%EB%8B%88.webp,,https://kdramamap.com/drama/%ed%8a%b8%eb%a6%ac%ea%b1%b0_%eb%94%94%ec%a6%88%eb%8b%88/,2026-07-29
w_0092,너를기억해,너를 기억해,Hello Monster,너를 기억해;Hello Monster;君を憶えてる;記得你;I Remember You;Neoreul Gieokhae,drama,서인국;장나라,KBS2,2015-06-22 ~ 2015-08-11,방영종료,9,9,2,서울특별시,Q19829398,16,Hello Monster,50919,16.0,12.29,8.38,36.66,287,,https://kdramamap.com/wp-content/uploads/kdramamap/posters/%EB%84%88%EB%A5%BC%EA%B8%B0%EC%96%B5%ED%95%B4.webp,,https://kdramamap.com/drama/%eb%84%88%eb%a5%bc%ea%b8%b0%ec%96%b5%ed%95%b4/,2026-07-29
w_0282,야한사진관,야한 사진관,The Midnight Studio,야한 사진관;The Midnight Studio;夜限照相馆,drama,주원;권나라,ENA,2024-03-11 ~ 2024-05-06,방영종료,70,67,6,서울특별시,Q124310925,8,The Midnight Studio,32162,8.0,8.82,19.79,36.61,288,,https://kdramamap.com/wp-content/uploads/kdramamap/posters/%EC%95%BC%ED%95%9C%EC%82%AC%EC%A7%84%EA%B4%80.webp,,https://kdramamap.com/drama/%ec%95%bc%ed%95%9c%ec%82%ac%ec%a7%84%ea%b4%80/,2026-07-29
w_0222,서른아홉,"서른, 아홉",Thirty-Nine,"서른, 아홉;Thirty-Nine;39歳;三十九",drama,손예진;전미도;김지현,JTBC,2022-02-16 ~ 2022-03-31,방영종료,15,15,1,서울특별시,Q108306908,12,Thirty-Nine,62348,12.0,13.82,10.62,36.44,289,,https://kdramamap.com/wp-content/uploads/kdramamap/posters/%EC%84%9C%EB%A5%B8%EC%95%84%ED%99%89.webp,,https://kdramamap.com/drama/%ec%84%9c%eb%a5%b8%ec%95%84%ed%99%89/,2026-07-29
w_0150,매리는외박중,매리는 외박중,Mary Stayed Out All Night,"매리는 외박중;Mary Stayed Out All Night;メリは外泊中;瑪莉外宿中;Marry Me, Mary!",drama,문근영;장근석,KBS2,2010-11-08 ~ 2010-12-28,방영종료,48,47,1,서울특별시,Q484485,15,"Marry Me, Mary!",11680,15.0,1.17,19.9,36.07,290,,https://kdramamap.com/wp-content/uploads/kdramamap/posters/%EB%A7%A4%EB%A6%AC%EB%8A%94%EC%99%B8%EB%B0%95%EC%A4%91.webp,,https://kdramamap.com/drama/%eb%a7%a4%eb%a6%ac%eb%8a%94%ec%99%b8%eb%b0%95%ec%a4%91/,2026-07-29
w_0442,폭군,폭군,The Tyrant,The Tyrant;暴君,drama,차승원;김선호;김강우,Disney+,2024-08-14 ~ 2024-08-14,방영종료,16,16,7,부산광역시,Q116634416,7,The Tyrant (TV series),109167,7.0,18.05,11.0,36.05,291,,https://kdramamap.com/wp-content/uploads/kdramamap/posters/%ED%8F%AD%EA%B5%B0.webp,,https://kdramamap.com/drama/%ed%8f%ad%ea%b5%b0/,2026-07-29
w_0363,인간수업,인간수업,Extracurricular,Extracurricular;人間レッスン;人性課外課,drama,김동희;정다빈,Netflix,2020-04-29 ~ 2020-04-29,방영종료,9,9,1,서울특별시,Q63311224,15,Extracurricular (TV series),53587,15.0,12.67,8.38,36.05,292,,https://kdramamap.com/wp-content/uploads/kdramamap/posters/%EC%9D%B8%EA%B0%84%EC%88%98%EC%97%85.webp,,https://kdramamap.com/drama/%ec%9d%b8%ea%b0%84%ec%88%98%ec%97%85/,2026-07-29
w_0275,아이쇼핑,아이쇼핑,The Defects,The Defects;退貨兒童,drama,염정아;원진아,ENA,2025-07-21 ~ 2025-08-12,방영종료,25,25,6,서울특별시,Q134704538,8,The Defects (TV series),61099,8.0,13.66,14.38,36.04,293,,https://kdramamap.com/wp-content/uploads/kdramamap/posters/%EC%95%84%EC%9D%B4%EC%87%BC%ED%95%91.webp,,https://kdramamap.com/drama/%ec%95%84%ec%9d%b4%ec%87%bc%ed%95%91/,2026-07-29
w_0397,첫사랑을위하여,"첫, 사랑을 위하여","Love, Take Two","첫, 사랑을 위하여;Love, Take Two;初、恋のために;初次，為了愛",drama,염정아;박해준;최윤지,tvN,2025-08-04 ~ 2025-09-09,방영종료,58,51,8,강원특별자치도,Q134029447,6,"Love, Take Two",40630,6.0,10.58,19.4,35.98,294,,https://kdramamap.com/wp-content/uploads/kdramamap/posters/%EC%B2%AB%EC%82%AC%EB%9E%91%EC%9D%84%EC%9C%84%ED%95%98%EC%97%AC.webp,,https://kdramamap.com/drama/%ec%b2%ab%ec%82%ac%eb%9e%91%ec%9d%84%ec%9c%84%ed%95%98%ec%97%ac/,2026-07-29
w_0085,내남자는큐피드,내 남자는 큐피드,My Man Is Cupid,내 남자는 큐피드;My Man Is Cupid;我的男神丘比特,drama,장동윤;나나,Prime Video,2023-12-01 ~ 2024-01-20,방영종료,64,61,5,서울특별시,Q123608357,8,My Man Is Cupid,29625,8.0,8.2,19.77,35.96,295,,https://kdramamap.com/wp-content/uploads/kdramamap/posters/%EB%82%B4%EB%82%A8%EC%9E%90%EB%8A%94%ED%81%90%ED%94%BC%EB%93%9C.webp,,https://kdramamap.com/drama/%eb%82%b4%eb%82%a8%ec%9e%90%eb%8a%94%ed%81%90%ed%94%bc%eb%93%9c/,2026-07-29
w_0141,리버스,리버스,Reverse,Reverse;リバース,drama,서지혜;고수,Wavve,2026-04-17 ~ 2026-05-08,방영종료,41,39,4,경기도,Q138666711,4,Reverse (2026 TV series),49681,4.0,12.1,19.76,35.86,296,,https://kdramamap.com/wp-content/uploads/kdramamap/posters/%EB%A6%AC%EB%B2%84%EC%8A%A4.webp,,https://kdramamap.com/drama/%eb%a6%ac%eb%b2%84%ec%8a%a4/,2026-07-29
w_0237,수상한그녀,수상한 그녀,Who Is She,수상한 그녀;Who Is She,drama,김해숙;정지소;진영,KBS2,2024-12-18 ~ 2025-01-23,방영종료,84,81,7,서울특별시,Q130596257,5,Who Is She,42877,5.0,10.99,19.82,35.81,297,,https://kdramamap.com/wp-content/uploads/kdramamap/posters/%EC%88%98%EC%83%81%ED%95%9C%EA%B7%B8%EB%85%80.webp,,https://kdramamap.com/drama/%ec%88%98%ec%83%81%ed%95%9c%ea%b7%b8%eb%85%80/,2026-07-29
w_0062,끝내주는해결사,끝내주는 해결사,Queen of Divorce,끝내주는 해결사;Queen of Divorce;絕佳的解決士,drama,이지아;강기영,JTBC,2024-01-31 ~ 2024-03-07,방영종료,60,57,4,서울특별시,Q123693323,9,Queen of Divorce,25197,9.0,6.98,19.75,35.73,298,,https://kdramamap.com/wp-content/uploads/kdramamap/posters/%EB%81%9D%EB%82%B4%EC%A3%BC%EB%8A%94%ED%95%B4%EA%B2%B0%EC%82%AC.webp,,https://kdramamap.com/drama/%eb%81%9d%eb%82%b4%ec%a3%bc%eb%8a%94%ed%95%b4%ea%b2%b0%ec%82%ac/,2026-07-29
w_0017,감사합니다,감사합니다,The Auditors,The Auditors;監査します;The Auditors監察;Thank You;감사합니다(드라마),drama,신하균;이정하;진구;조아람,tvN,2024-07-06 ~ 2024-08-11,방영종료,50,50,5,경기도,Q125968286,8,The Auditors,27492,8.0,7.63,20.0,35.63,299,,https://kdramamap.com/wp-content/uploads/kdramamap/posters/%EA%B0%90%EC%82%AC%ED%95%A9%EB%8B%88%EB%8B%A4.webp,,https://kdramamap.com/drama/%ea%b0%90%ec%82%ac%ed%95%a9%eb%8b%88%eb%8b%a4/,2026-07-29
w_0460,함부로대해줘,함부로 대해줘,Dare to Love Me,함부로 대해줘;Dare to Love Me;隨意愛我吧;Treat Me Carelessly;함부로 대해줘 (드라마),drama,김명수;이유영,KBS2,2024-05-13 ~ 2024-07-02,방영종료,71,70,5,경기도,Q125398232,7,Dare to Love Me (TV series),31244,7.0,8.6,19.93,35.53,300,,https://kdramamap.com/wp-content/uploads/kdramamap/posters/%ED%95%A8%EB%B6%80%EB%A1%9C%EB%8C%80%ED%95%B4%EC%A4%98.webp,,https://kdramamap.com/drama/%ed%95%a8%eb%b6%80%eb%a1%9c%eb%8c%80%ed%95%b4%ec%a4%98/,2026-07-29
w_0188,보고싶다,보고싶다,Missing You,Missing You;会いたい;想你;I Miss You;Bogoshipda;Miss You,drama,박유천;윤은혜,MBC,2012-11-07 ~ 2013-01-17,방영종료,5,5,1,서울특별시,Q492007,19,Missing You (South Korean TV series),35009,19.0,9.46,6.88,35.33,301,,https://kdramamap.com/wp-content/uploads/kdramamap/posters/%EB%B3%B4%EA%B3%A0%EC%8B%B6%EB%8B%A4.webp,,https://kdramamap.com/drama/%eb%b3%b4%ea%b3%a0%ec%8b%b6%eb%8b%a4/,2026-07-29
w_0068,나쁜기억지우개,나쁜 기억 지우개,Bad Memory Eraser,나쁜 기억 지우개;Bad Memory Eraser;壞記憶橡皮擦,drama,김재중;진세연,MBN,2024-08-02 ~ 2024-09-21,방영종료,37,36,4,서울특별시,Q121031348,7,Bad Memory Eraser,34614,7.0,9.37,18.74,35.11,302,,https://kdramamap.com/wp-content/uploads/kdramamap/posters/%EB%82%98%EC%81%9C%EA%B8%B0%EC%96%B5%EC%A7%80%EC%9A%B0%EA%B0%9C.webp,,https://kdramamap.com/drama/%eb%82%98%ec%81%9c%ea%b8%b0%ec%96%b5%ec%a7%80%ec%9a%b0%ea%b0%9c/,2026-07-29
w_0218,상류사회,상류사회,High Society,High Society;上流社会;上流社會;Sangryusahoe;The Privileged,drama,유이;성준;박형식;임지연,SBS,2015-06-08 ~ 2015-07-28,방영종료,6,6,1,서울특별시,Q19931546,14,High Society (2015 TV series),62664,14.0,13.85,7.25,35.1,303,,https://kdramamap.com/wp-content/uploads/kdramamap/posters/%EC%83%81%EB%A5%98%EC%82%AC%ED%9A%8C.webp,,https://kdramamap.com/drama/%ec%83%81%eb%a5%98%ec%82%ac%ed%9a%8c/,2026-07-29
w_0339,유괴의날,유괴의 날,The Kidnapping Day,유괴의 날;The Kidnapping Day;誘拐の日;綁架之日;The Day of the Kidnapping,drama,윤계상;박성훈;유나;김신록,ENA,2023-09-13 ~ 2023-10-25,방영종료,76,69,7,경기도,Q117033615,9,The Kidnapping Day,23760,9.0,6.53,19.54,35.07,304,,https://kdramamap.com/wp-content/uploads/kdramamap/posters/%EC%9C%A0%EA%B4%B4%EC%9D%98%EB%82%A0.webp,,https://kdramamap.com/drama/%ec%9c%a0%ea%b4%b4%ec%9d%98%eb%82%a0/,2026-07-29
w_0186,별들에게물어봐,별들에게 물어봐,When the Stars Gossip,별들에게 물어봐;When the Stars Gossip;星がウワサするから;問問星星吧;Ask the Stars,drama,이민호;공효진,tvN,2025-01-04 ~ 2025-02-23,방영종료,50,49,7,서울특별시,Q111820593,15,When the Stars Gossip,,15.0,0.0,19.9,34.9,305,,https://kdramamap.com/wp-content/uploads/kdramamap/posters/%EB%B3%84%EB%93%A4%EC%97%90%EA%B2%8C%EB%AC%BC%EC%96%B4%EB%B4%90.webp,,https://kdramamap.com/drama/%eb%b3%84%eb%93%a4%ec%97%90%ea%b2%8c%eb%ac%bc%ec%96%b4%eb%b4%90/,2026-07-29
w_0464,허식당,허식당,Heo's Diner,Heo's Diner;許食堂,drama,시우민;추소정;이세온;이수민,Wavve,2025-03-24 ~ 2025-04-15,방영종료,45,45,5,서울특별시,Q133265942,8,Heo's Diner,24758,8.0,6.84,20.0,34.84,306,,https://kdramamap.com/wp-content/uploads/kdramamap/posters/%ED%97%88%EC%8B%9D%EB%8B%B9.webp,,https://kdramamap.com/drama/%ed%97%88%ec%8b%9d%eb%8b%b9/,2026-07-29
w_0009,LTNS,LTNS,LTNS,LTNS～不倫探偵夫婦物語～;爱情少一啪;Long Time No Sex,drama,이솜;안재홍,TVING,2024-01-19 ~ 2024-02-01,방영종료,34,34,4,서울특별시,Q122382160,7,LTNS (TV series),37358,7.0,9.95,17.75,34.7,307,,https://kdramamap.com/wp-content/uploads/kdramamap/posters/LTNS.webp,,https://kdramamap.com/drama/ltns/,2026-07-29
w_0325,우리집,"우리, 집",Bitter Sweet Hell,"우리, 집;Bitter Sweet Hell;我が家〜嘘のかけら〜;我们家;Our House",drama,김희선;이혜영;김남희,MBC,2024-05-24 ~ 2024-06-29,방영종료,49,49,7,서울특별시,Q123762174,8,Bitter Sweet Hell,24205,8.0,6.67,20.0,34.67,308,,https://kdramamap.com/wp-content/uploads/kdramamap/posters/%EC%9A%B0%EB%A6%AC%EC%A7%91.webp,,https://kdramamap.com/drama/%ec%9a%b0%eb%a6%ac%ec%a7%91/,2026-07-29
w_0156,메스를든사냥꾼,메스를 든 사냥꾼,Hunter with a Scalpel,메스를 든 사냥꾼;Hunter with a Scalpel;拿著手術刀的獵人,drama,박주현;박용우;강훈,U+모바일tv,2025-06-16 ~ 2025-07-01,방영종료,29,29,4,경기도,Q131463123,6,Hunter with a Scalpel,53179,6.0,12.62,15.88,34.49,309,,https://kdramamap.com/wp-content/uploads/kdramamap/posters/%EB%A9%94%EC%8A%A4%EB%A5%BC%EB%93%A0%EC%82%AC%EB%83%A5%EA%BE%BC.webp,,https://kdramamap.com/drama/%eb%a9%94%ec%8a%a4%eb%a5%bc%eb%93%a0%ec%82%ac%eb%83%a5%ea%be%bc/,2026-07-29
w_0063,나는대놓고신데렐라를꿈꾼다,나는 대놓고 신데렐라를 꿈꾼다,Dreaming of a Freaking Fairy Tale,나는 대놓고 신데렐라를 꿈꾼다;Dreaming of a Freaking Fairy Tale;我光明正大想成為灰姑娘,drama,표예진;이준영,TVING,2024-05-31 ~ 2024-06-28,방영종료,34,34,3,서울특별시,Q125663733,8,Dreaming of a Freaking Fairy Tale,31540,8.0,8.67,17.75,34.42,310,,https://kdramamap.com/wp-content/uploads/kdramamap/posters/%EB%82%98%EB%8A%94%EB%8C%80%EB%86%93%EA%B3%A0%EC%8B%A0%EB%8D%B0%EB%A0%90%EB%9D%BC%EB%A5%BC%EA%BF%88%EA%BE%BC%EB%8B%A4.webp,,https://kdramamap.com/drama/%eb%82%98%eb%8a%94%eb%8c%80%eb%86%93%ea%b3%a0%ec%8b%a0%eb%8d%b0%eb%a0%90%eb%9d%bc%eb%a5%bc%ea%bf%88%ea%be%bc%eb%8b%a4/,2026-07-29
w_0146,마에스트라,마에스트라,Maestra: Strings of Truth,Maestra: Strings of Truth;マエストラ;大指挥家,drama,이영애,tvN,2023-12-09 ~ 2024-01-14,방영종료,40,40,3,서울특별시,Q119164235,11,Maestra: Strings of Truth,15578,11.0,3.35,20.0,34.35,311,,https://kdramamap.com/wp-content/uploads/kdramamap/posters/%EB%A7%88%EC%97%90%EC%8A%A4%ED%8A%B8%EB%9D%BC.webp,,https://kdramamap.com/drama/%eb%a7%88%ec%97%90%ec%8a%a4%ed%8a%b8%eb%9d%bc/,2026-07-29
w_0396,첫사랑은처음이라서,첫사랑은 처음이라서,My First First Love,첫사랑은 처음이라서;My First First Love;初恋は初めてなので;因為初戀是第一次;Because It's My First Love,drama,지수_1993;정채연,Netflix,2019-04-18 ~ 2019-07-26,방영종료,14,14,1,서울특별시,Q60656385,11,My First First Love,56725,11.0,13.1,10.25,34.35,312,,https://kdramamap.com/wp-content/uploads/kdramamap/posters/%EC%B2%AB%EC%82%AC%EB%9E%91%EC%9D%80%EC%B2%98%EC%9D%8C%EC%9D%B4%EB%9D%BC%EC%84%9C.webp,,https://kdramamap.com/drama/%ec%b2%ab%ec%82%ac%eb%9e%91%ec%9d%80%ec%b2%98%ec%9d%8c%ec%9d%b4%eb%9d%bc%ec%84%9c/,2026-07-29
w_0296,여우각시별,여우각시별,Where Stars Land,Where Stars Land;キツネ嫁星;狐狸新娘星;Fox Bride Star;Star of the Foxes;Yeowoogakshibyeol,drama,이제훈;채수빈,SBS,2018-10-01 ~ 2018-11-26,방영종료,8,8,1,서울특별시,Q55694981,15,Where Stars Land,44424,15.0,11.26,8.0,34.26,313,,https://kdramamap.com/wp-content/uploads/kdramamap/posters/%EC%97%AC%EC%9A%B0%EA%B0%81%EC%8B%9C%EB%B3%84.webp,,https://kdramamap.com/drama/%ec%97%ac%ec%9a%b0%ea%b0%81%ec%8b%9c%eb%b3%84/,2026-07-29
w_0381,좋거나나쁜동재,좋거나 나쁜 동재,"Dongjae, the Good or the Bastard","좋거나 나쁜 동재;Dongjae, the Good or the Bastard;良いが悪い、ドンジェ;或好或壞的東載",drama,이준혁_1984;박성웅,TVING,2024-10-10 ~ 2024-11-07,방영종료,36,35,7,경기도,Q126100333,8,"Dongjae, the Good or the Bastard",27875,8.0,7.74,18.36,34.1,314,,https://kdramamap.com/wp-content/uploads/kdramamap/posters/%EC%A2%8B%EA%B1%B0%EB%82%98%EB%82%98%EC%81%9C%EB%8F%99%EC%9E%AC.webp,,https://kdramamap.com/drama/%ec%a2%8b%ea%b1%b0%eb%82%98%eb%82%98%ec%81%9c%eb%8f%99%ec%9e%ac/,2026-07-29
w_0028,계시록,계시록,Revelations,Revelations;啓示,drama,류준열;신현빈,Netflix,2025-03-21 ~ 2025-03-21,방영종료,10,10,5,충청북도,Q131858968,9,Revelations (2025 film),86767,9.0,16.31,8.75,34.06,315,,https://kdramamap.com/wp-content/uploads/kdramamap/posters/%EA%B3%84%EC%8B%9C%EB%A1%9D.webp,,https://kdramamap.com/drama/%ea%b3%84%ec%8b%9c%eb%a1%9d/,2026-07-29
w_0039,굿보이,굿보이,Good Boy,Good Boy;グッドボーイ,drama,박보검;김소현;오정세;이상이,JTBC,2025-05-31 ~ 2025-07-20,방영종료,152,150,11,부산광역시,Q130200788,14,Good Boy (TV series),,14.0,0.0,19.93,33.93,316,,https://kdramamap.com/wp-content/uploads/kdramamap/posters/%EA%B5%BF%EB%B3%B4%EC%9D%B4.webp,"《굿보이》는 특채로 경찰이 된 메달리스트들이 비양심과 반칙에 맞서는 코믹 액션 청춘 수사극입니다. 부산 영도·사상·부산진구 등 부산 곳곳과 수도권에서 촬영됐으며, 이 페이지에서 152곳의 촬영지 주소와 지역별 분포, 지도 정보를 확인할 수 있습니다.",https://kdramamap.com/drama/%ea%b5%bf%eb%b3%b4%ec%9d%b4/,2026-07-29
w_0082,낮과밤이다른그녀,낮과 밤이 다른 그녀,Miss Night and Day,낮과 밤이 다른 그녀;Miss Night and Day;Missナイト & Missデイ;她的日與夜;Woman with Different Day and Night,drama,이정은;정은지;최진혁,JTBC,2024-06-15 ~ 2024-08-04,방영종료,64,63,4,충청북도,Q125865640,14,Miss Night and Day,,14.0,0.0,19.92,33.92,317,,https://kdramamap.com/wp-content/uploads/kdramamap/posters/%EB%82%AE%EA%B3%BC%EB%B0%A4%EC%9D%B4%EB%8B%A4%EB%A5%B8%EA%B7%B8%EB%85%80.webp,,https://kdramamap.com/drama/%eb%82%ae%ea%b3%bc%eb%b0%a4%ec%9d%b4%eb%8b%a4%eb%a5%b8%ea%b7%b8%eb%85%80/,2026-07-29
w_0072,나의해리에게,나의 해리에게,To My Haeri,나의 해리에게;To My Haeri;致我的解离,drama,신혜선;이진욱,ENA,2024-09-23 ~ 2024-10-29,방영종료,17,17,4,경기도,Q127273265,8,Dear Hyeri,67279,8.0,14.39,11.38,33.77,318,,https://kdramamap.com/wp-content/uploads/kdramamap/posters/%EB%82%98%EC%9D%98%ED%95%B4%EB%A6%AC%EC%97%90%EA%B2%8C.webp,,https://kdramamap.com/drama/%eb%82%98%ec%9d%98%ed%95%b4%eb%a6%ac%ec%97%90%ea%b2%8c/,2026-07-29
w_0266,쌍갑포차,쌍갑포차,Mystic Pop-up Bar,Mystic Pop-up Bar;サンガプ屋台;雙室小吃攤,drama,황정음;육성재,JTBC,2020-05-20 ~ 2020-06-25,방영종료,12,12,2,서울특별시,Q85981769,15,Mystic Pop-up Bar,33678,15.0,9.17,9.5,33.67,319,,https://kdramamap.com/wp-content/uploads/kdramamap/posters/%EC%8C%8D%EA%B0%91%ED%8F%AC%EC%B0%A8.webp,,https://kdramamap.com/drama/%ec%8c%8d%ea%b0%91%ed%8f%ac%ec%b0%a8/,2026-07-29
w_0364,인현왕후의남자,인현왕후의 남자,Queen In-Hyun's Man,인현왕후의 남자;Queen In-Hyun's Man;イニョン王妃の男;仁顯王后的男人;Queen Inhyun's Man;Queen and I,drama,지현우;유인나,tvN,2012-04-18 ~ 2012-06-07,방영종료,14,14,1,서울특별시,Q496338,15,Queen and I (South Korean TV series),30268,15.0,8.36,10.25,33.61,320,,https://kdramamap.com/wp-content/uploads/kdramamap/posters/%EC%9D%B8%ED%98%84%EC%99%95%ED%9B%84%EC%9D%98%EB%82%A8%EC%9E%90.webp,,https://kdramamap.com/drama/%ec%9d%b8%ed%98%84%ec%99%95%ed%9b%84%ec%9d%98%eb%82%a8%ec%9e%90/,2026-07-29
w_0403,체크인한양,체크인 한양,Check-in Hanyang,체크인 한양;Check-in Hanyang;Check-In 漢陽,drama,배인혁;김지은,채널A,2024-12-21 ~ 2025-02-09,방영종료,22,22,8,경상북도,Q130282600,9,Check-in Hanyang,43743,9.0,11.14,13.25,33.39,321,,https://kdramamap.com/wp-content/uploads/kdramamap/posters/%EC%B2%B4%ED%81%AC%EC%9D%B8%ED%95%9C%EC%96%91.webp,,https://kdramamap.com/drama/%ec%b2%b4%ed%81%ac%ec%9d%b8%ed%95%9c%ec%96%91/,2026-07-29
w_0102,다이루어질지니,다 이루어질지니,"Genie, Make a Wish","다 이루어질지니;Genie, Make a Wish;全てが叶うだろう;許願吧，精靈",drama,김우빈;수지,Netflix,2025-10-03 ~ 2025-10-03,방영종료,68,55,9,충청북도,Q126414646,14,"Genie, Make a Wish",,14.0,0.0,19.04,33.04,322,,https://kdramamap.com/wp-content/uploads/kdramamap/posters/%EB%8B%A4%EC%9D%B4%EB%A3%A8%EC%96%B4%EC%A7%88%EC%A7%80%EB%8B%88.webp,,https://kdramamap.com/drama/%eb%8b%a4%ec%9d%b4%eb%a3%a8%ec%96%b4%ec%a7%88%ec%a7%80%eb%8b%88/,2026-07-29
w_0422,킥킥킥킥,킥킥킥킥,Kick Kick Kick Kick,Kick Kick Kick Kick;喀喀喀喀,drama,지진희;이규형,KBS2,2025-02-05 ~ 2025-03-13,방영종료,31,31,3,경기도,Q131437064,8,Kick Kick Kick Kick,30430,8.0,8.4,16.62,33.03,323,,https://kdramamap.com/wp-content/uploads/kdramamap/posters/%ED%82%A5%ED%82%A5%ED%82%A5%ED%82%A5.webp,,https://kdramamap.com/drama/%ed%82%a5%ed%82%a5%ed%82%a5%ed%82%a5/,2026-07-29
w_0160,모래에도꽃이핀다,모래에도 꽃이 핀다,Like Flowers in Sand,모래에도 꽃이 핀다;Like Flowers in Sand;砂の上にも花は咲く;沙之花也有春天,drama,장동윤;이주명,ENA,2023-12-20 ~ 2024-01-31,방영종료,30,30,8,경상북도,Q123370376,10,Like Flowers in Sand,24405,10.0,6.74,16.25,32.99,324,,https://kdramamap.com/wp-content/uploads/kdramamap/posters/%EB%AA%A8%EB%9E%98%EC%97%90%EB%8F%84%EA%BD%83%EC%9D%B4%ED%95%80%EB%8B%A4.webp,,https://kdramamap.com/drama/%eb%aa%a8%eb%9e%98%ec%97%90%eb%8f%84%ea%bd%83%ec%9d%b4%ed%95%80%eb%8b%a4/,2026-07-29
w_0022,거래,거래,The Deal,The Deal;交易,drama,유승호;김동휘;유수빈;이주영,Wavve,2023-10-06 ~ 2023-10-27,방영종료,37,36,6,서울특별시,Q122150536,9,The Deal (TV series),19919,9.0,5.2,18.74,32.94,325,,https://kdramamap.com/wp-content/uploads/kdramamap/posters/%EA%B1%B0%EB%9E%98.webp,,https://kdramamap.com/drama/%ea%b1%b0%eb%9e%98/,2026-07-29
w_0312,오랫동안당신을기다렸습니다,오랫동안 당신을 기다렸습니다,I Have Waited a Long Time for You,오랫동안 당신을 기다렸습니다;I Have Waited a Long Time for You;等待了很久,drama,나인우;김지은;권율;배종옥,ENA,2023-07-26 ~ 2023-09-07,방영종료,65,65,4,서울특별시,Q117286141,7,Longing for You (TV series),21445,7.0,5.76,20.0,32.76,326,,https://kdramamap.com/wp-content/uploads/kdramamap/posters/%EC%98%A4%EB%9E%AB%EB%8F%99%EC%95%88%EB%8B%B9%EC%8B%A0%EC%9D%84%EA%B8%B0%EB%8B%A4%EB%A0%B8%EC%8A%B5%EB%8B%88%EB%8B%A4.webp,,https://kdramamap.com/drama/%ec%98%a4%eb%9e%ab%eb%8f%99%ec%95%88%eb%8b%b9%ec%8b%a0%ec%9d%84%ea%b8%b0%eb%8b%a4%eb%a0%b8%ec%8a%b5%eb%8b%88%eb%8b%a4/,2026-07-29
w_0181,밥잘사주는예쁜누나,밥 잘 사주는 예쁜 누나,Something in the Rain,밥 잘 사주는 예쁜 누나;Something in the Rain;よくおごってくれる綺麗なお姉さん;經常請吃飯的漂亮姐姐;Pretty Sister Who Buys Me Food,drama,손예진;정해인,JTBC,2018-03-30 ~ 2018-05-19,방영종료,26,26,1,서울특별시,Q47300881,18,Something in the Rain,,18.0,0.0,14.75,32.75,327,,https://kdramamap.com/wp-content/uploads/kdramamap/posters/%EB%B0%A5%EC%9E%98%EC%82%AC%EC%A3%BC%EB%8A%94%EC%98%88%EC%81%9C%EB%88%84%EB%82%98.webp,,https://kdramamap.com/drama/%eb%b0%a5%ec%9e%98%ec%82%ac%ec%a3%bc%eb%8a%94%ec%98%88%ec%81%9c%eb%88%84%eb%82%98/,2026-07-29
w_0436,파인촌뜨기들,파인: 촌뜨기들,Low Life,파인: 촌뜨기들;Low Life;パイン ならず者たち;巴人,drama,류승룡;양세종;임수정,Disney+,2025-07-16 ~ 2025-08-13,방영종료,19,18,8,서울특별시,Q130036392,8,Low Life (TV series),54475,8.0,12.8,11.86,32.66,328,,https://kdramamap.com/wp-content/uploads/kdramamap/posters/%ED%8C%8C%EC%9D%B8%EC%B4%8C%EB%9C%A8%EA%B8%B0%EB%93%A4.webp,,https://kdramamap.com/drama/%ed%8c%8c%ec%9d%b8%ec%b4%8c%eb%9c%a8%ea%b8%b0%eb%93%a4/,2026-07-29
w_0025,결혼해YOU,결혼해YOU,Marry You,Marry You;結婚吧You,drama,이이경;조수민,채널A,2024-11-16 ~ 2024-12-15,방영종료,53,53,4,경기도,Q130749079,6,Marry You (TV series),23984,6.0,6.6,20.0,32.6,329,,https://kdramamap.com/wp-content/uploads/kdramamap/posters/%EA%B2%B0%ED%98%BC%ED%95%B4YOU.webp,,https://kdramamap.com/drama/%ea%b2%b0%ed%98%bc%ed%95%b4you/,2026-07-29
w_0306,예쁜남자,예쁜 남자,Bel Ami,예쁜 남자;Bel Ami;キレイな男;漂亮男人;Pretty Man,drama,장근석;아이유,KBS2,2013-11-20 ~ 2014-01-09,방영종료,20,20,2,서울특별시,Q15051771,16,Bel Ami (South Korean TV series),16972,16.0,3.99,12.5,32.49,330,,https://kdramamap.com/wp-content/uploads/kdramamap/posters/%EC%98%88%EC%81%9C%EB%82%A8%EC%9E%90.webp,,https://kdramamap.com/drama/%ec%98%88%ec%81%9c%eb%82%a8%ec%9e%90/,2026-07-29
w_0217,삼식이삼촌,삼식이 삼촌,Uncle Samsik,삼식이 삼촌;Uncle Samsik;サムシクおじさん;三植叔叔,drama,송강호;변요한;이규형;진기주,Disney+,2024-05-15 ~ 2024-06-19,방영종료,5,5,3,충청북도,Q117197428,11,Uncle Samsik,69281,11.0,14.61,6.88,32.49,331,,https://kdramamap.com/wp-content/uploads/kdramamap/posters/%EC%82%BC%EC%8B%9D%EC%9D%B4%EC%82%BC%EC%B4%8C.webp,,https://kdramamap.com/drama/%ec%82%bc%ec%8b%9d%ec%9d%b4%ec%82%bc%ec%b4%8c/,2026-07-29
w_0101,다음생은없으니까,다음 생은 없으니까,No Next Life,다음 생은 없으니까;No Next Life;因為沒有下輩子;Don't Call Me Ma'am,drama,김희선;한혜진;진서연,TV조선,2025-11-10 ~ 2025-12-30,방영종료,69,69,4,경기도,Q136130853,5,Don't Call Me Ma'am,26640,5.0,7.4,20.0,32.4,332,,https://kdramamap.com/wp-content/uploads/kdramamap/posters/%EB%8B%A4%EC%9D%8C%EC%83%9D%EC%9D%80%EC%97%86%EC%9C%BC%EB%8B%88%EA%B9%8C.webp,,https://kdramamap.com/drama/%eb%8b%a4%ec%9d%8c%ec%83%9d%ec%9d%80%ec%97%86%ec%9c%bc%eb%8b%88%ea%b9%8c/,2026-07-29
w_0398,청년경찰,청년경찰,Midnight Runners,Midnight Runners;ミッドナイト・ランナー;青年警察,drama,박서준;강하늘,영화,2017-08-09 ~ 2017-08-09,방영종료,12,11,1,서울특별시,Q28700706,11,Midnight Runners,50967,11.0,12.3,9.08,32.38,333,,https://kdramamap.com/wp-content/uploads/kdramamap/posters/%EC%B2%AD%EB%85%84%EA%B2%BD%EC%B0%B0.webp,,https://kdramamap.com/drama/%ec%b2%ad%eb%85%84%ea%b2%bd%ec%b0%b0/,2026-07-29
w_0135,러브포비아,러브포비아,Love Phobia,Love Phobia;戀愛恐懼症,drama,연우;김현진;조윤서,U+모바일tv,2026-02-19 ~ 2026-03-13,방영종료,27,27,2,서울특별시,Q137996414,5,Love Phobia (TV series),50605,5.0,12.24,15.12,32.37,334,,https://kdramamap.com/wp-content/uploads/kdramamap/posters/%EB%9F%AC%EB%B8%8C%ED%8F%AC%EB%B9%84%EC%95%84.webp,,https://kdramamap.com/drama/%eb%9f%ac%eb%b8%8c%ed%8f%ac%eb%b9%84%ec%95%84/,2026-07-29
w_0211,사랑후에오는것들,사랑 후에 오는 것들,What Comes After Love,사랑 후에 오는 것들;What Comes After Love;愛のあとにくるもの;爱过之后来临的,drama,이세영;사카구치 켄타로,Coupang Play,2024-09-27 ~ 2024-10-25,방영종료,16,16,2,서울특별시,Q124805103,8,What Comes After Love,58459,8.0,13.33,11.0,32.33,335,,https://kdramamap.com/wp-content/uploads/kdramamap/posters/%EC%82%AC%EB%9E%91%ED%9B%84%EC%97%90%EC%98%A4%EB%8A%94%EA%B2%83%EB%93%A4.webp,,https://kdramamap.com/drama/%ec%82%ac%eb%9e%91%ed%9b%84%ec%97%90%ec%98%a4%eb%8a%94%ea%b2%83%eb%93%a4/,2026-07-29
w_0264,심우면연리리,심우면 연리리,Cabbage Your Life,심우면 연리리;Cabbage Your Life;都会の部長 田舎へ行く ～異動先はシムウミョン ヨンリリ～;愛在連理里,drama,박성웅;이수경,KBS2,2026-03-26 ~ 2026-06-11,방영종료,32,32,3,경상북도,Q138093650,6,Cabbage Your Life,34104,6.0,9.26,17.0,32.26,336,,https://kdramamap.com/wp-content/uploads/kdramamap/posters/%EC%8B%AC%EC%9A%B0%EB%A9%B4%EC%97%B0%EB%A6%AC%EB%A6%AC.webp,,https://kdramamap.com/drama/%ec%8b%ac%ec%9a%b0%eb%a9%b4%ec%97%b0%eb%a6%ac%eb%a6%ac/,2026-07-29
w_0021,개소리,개소리,Dog Knows Everything,Dog Knows Everything;犬の声;狗之聲;Gaesori,drama,이순재;김용건;예수정;임채무,KBS2,2024-09-25 ~ 2024-10-31,방영종료,103,102,9,경상남도,Q129448681,8,Dog Knows Everything,17467,8.0,4.21,19.95,32.16,337,,https://kdramamap.com/wp-content/uploads/kdramamap/posters/%EA%B0%9C%EC%86%8C%EB%A6%AC.webp,,https://kdramamap.com/drama/%ea%b0%9c%ec%86%8c%eb%a6%ac/,2026-07-29
w_0240,순정복서,순정복서,My Lovely Boxer,My Lovely Boxer;純情ボクサー;純情拳擊手,drama,이상엽;김소혜,KBS2,2023-08-21 ~ 2023-10-02,방영종료,59,58,5,서울특별시,Q116877928,7,My Lovely Boxer,19774,7.0,5.15,19.92,32.06,338,,https://kdramamap.com/wp-content/uploads/kdramamap/posters/%EC%88%9C%EC%A0%95%EB%B3%B5%EC%84%9C.webp,,https://kdramamap.com/drama/%ec%88%9c%ec%a0%95%eb%b3%b5%ec%84%9c/,2026-07-29
w_0008,DNA러버,DNA 러버,DNA Lover,DNA 러버;DNA Lover,drama,정인선;최시원,TV조선,2024-08-17 ~ 2024-10-06,방영종료,83,81,4,서울특별시,Q125663259,8,DNA Lover,17236,8.0,4.11,19.88,31.99,339,,https://kdramamap.com/wp-content/uploads/kdramamap/posters/DNA%EB%9F%AC%EB%B2%84.webp,,https://kdramamap.com/drama/dna%eb%9f%ac%eb%b2%84/,2026-07-29
w_0380,졸업,졸업,The Midnight Romance in Hagwon,The Midnight Romance in Hagwon;卒業;畢業,drama,정려원;위하준,tvN,2024-05-11 ~ 2024-06-30,방영종료,70,69,4,서울특별시,Q124611029,12,The Midnight Romance in Hagwon,,12.0,0.0,19.93,31.93,340,,https://kdramamap.com/wp-content/uploads/kdramamap/posters/%EC%A1%B8%EC%97%85.webp,,https://kdramamap.com/drama/%ec%a1%b8%ec%97%85/,2026-07-29
w_0215,살롱드홈즈,살롱 드 홈즈,Salon de Holmes,살롱 드 홈즈;Salon de Holmes;主婦偵探社,drama,이시영;정영주;김다솜;남기애,ENA,2025-06-16 ~ 2025-07-22,방영종료,32,32,5,강원특별자치도,Q134485950,7,Salon de Holmes,27877,7.0,7.74,17.0,31.74,341,,https://kdramamap.com/wp-content/uploads/kdramamap/posters/%EC%82%B4%EB%A1%B1%EB%93%9C%ED%99%88%EC%A6%88.webp,,https://kdramamap.com/drama/%ec%82%b4%eb%a1%b1%eb%93%9c%ed%99%88%ec%a6%88/,2026-07-29
w_0390,찌질의 역사,찌질의 역사,History of Scruffiness,찌질의 역사;History of Scruffiness;沒出息的歷史,drama,조병규;려운;정재광;송하윤,Wavve,2025-02-26 ~ 2025-03-19,방영종료,70,70,6,서울특별시,Q132859118,5,History of Scruffiness,23197,5.0,6.35,20.0,31.35,342,,https://kdramamap.com/wp-content/uploads/kdramamap/posters/%EC%B0%8C%EC%A7%88%EC%9D%98%EC%97%AD%EC%82%AC.webp,,https://kdramamap.com/drama/%ec%b0%8c%ec%a7%88%ec%9d%98-%ec%97%ad%ec%82%ac/,2026-07-29
w_0058,기적의형제,기적의 형제,Miracle Brothers,기적의 형제;Miracle Brothers;奇跡の兄弟;奇迹的兄弟,drama,정우;배현성,JTBC,2023-06-28 ~ 2023-08-17,방영종료,63,58,3,서울특별시,Q118680642,7,Miraculous Brothers,18563,7.0,4.67,19.6,31.27,343,,https://kdramamap.com/wp-content/uploads/kdramamap/posters/%EA%B8%B0%EC%A0%81%EC%9D%98%ED%98%95%EC%A0%9C.webp,,https://kdramamap.com/drama/%ea%b8%b0%ec%a0%81%ec%9d%98%ed%98%95%ec%a0%9c/,2026-07-29
w_0471,후아유,후아유 : 학교 2015,Who Are You: School 2015,후아유 : 학교 2015;Who Are You: School 2015;恋するジェネレーション;Who Are You－學校2015;후아유 - 학교 2015;Huayu: Hakgyo 2015,drama,김소현;남주혁;육성재,KBS2,2015-04-27 ~ 2015-06-16,방영종료,11,11,3,서울특별시,Q19603928,22,Who Are You: School 2015,,22.0,0.0,9.12,31.12,344,,https://kdramamap.com/wp-content/uploads/kdramamap/posters/%ED%9B%84%EC%95%84%EC%9C%A0.webp,,https://kdramamap.com/drama/%ed%9b%84%ec%95%84%ec%9c%a0/,2026-07-29
w_0236,수사반장1958,수사반장 1958,Chief Detective 1958,수사반장 1958;Chief Detective 1958;捜査班長1958;搜查班長1958;Chief Investigator 1963;수사반장 1963;수사반장: 더 비기닝,drama,이제훈;이동휘;최우성;윤현수,MBC,2024-04-19 ~ 2024-05-18,방영종료,18,18,11,대전광역시,Q121438415,9,Chief Detective 1958,39026,9.0,10.28,11.75,31.03,345,,https://kdramamap.com/wp-content/uploads/kdramamap/posters/%EC%88%98%EC%82%AC%EB%B0%98%EC%9E%A51958.webp,,https://kdramamap.com/drama/%ec%88%98%ec%82%ac%eb%b0%98%ec%9e%a51958/,2026-07-29
w_0154,멋진신세계,멋진 신세계,My Royal Nemesis,멋진 신세계;My Royal Nemesis;素晴らしい新世界;我的王室死對頭;Brave New World;Meotjin Sinsegye;Wicked World,drama,임지연;허남준,SBS,2026-05-08 ~ 2026-06-20,방영종료,112,112,9,서울특별시,Q136763742,11,My Royal Nemesis,,11.0,0.0,20.0,31.0,346,,https://kdramamap.com/wp-content/uploads/kdramamap/posters/%EB%A9%8B%EC%A7%84%EC%8B%A0%EC%84%B8%EA%B3%84.webp,"《멋진 신세계》는 조선의 악녀 영혼이 무명배우 신서리에게 깃들며 악질 재벌 차세계와 충돌하는 판타지 로맨스입니다. 서울·경기·인천·제주 등 다양한 지역에서 촬영됐으며, 이 페이지에서 112곳의 촬영지 주소와 지역별 분포, 지도 정보를 확인할 수 있습니다.",https://kdramamap.com/drama/%eb%a9%8b%ec%a7%84%ec%8b%a0%ec%84%b8%ea%b3%84/,2026-07-29
w_0067,나빌레라,나빌레라,Navillera,Navillera;ナビレラ -それでも蝶は舞う-;Like Butterfly;Nabillera,drama,박인환;송강,tvN,2021-03-22 ~ 2021-04-27,방영종료,8,8,1,서울특별시,Q98080934,15,Navillera (TV series),26254,15.0,7.29,8.0,30.29,347,,https://kdramamap.com/wp-content/uploads/kdramamap/posters/%EB%82%98%EB%B9%8C%EB%A0%88%EB%9D%BC.webp,,https://kdramamap.com/drama/%eb%82%98%eb%b9%8c%eb%a0%88%eb%9d%bc/,2026-07-29
w_0418,크래시,크래시,Crash,Crash;クラッシュ 交通犯罪捜査チーム;碰撞搜查線;크래시 (드라마),drama,이민기;곽선영;허성태,ENA,2024-05-13 ~ 2024-06-18,방영종료,27,26,6,경기도,Q124799094,8,Crash (South Korean TV series),25961,8.0,7.2,14.94,30.14,348,,https://kdramamap.com/wp-content/uploads/kdramamap/posters/%ED%81%AC%EB%9E%98%EC%8B%9C.webp,,https://kdramamap.com/drama/%ed%81%ac%eb%9e%98%ec%8b%9c/,2026-07-29
w_0462,행복배틀,행복배틀,Happiness Battle,Happiness Battle;幸福对决,drama,이엘;진서연;차예련,ENA,2023-05-31 ~ 2023-07-20,방영종료,61,60,3,서울특별시,Q117818274,7,Battle for Happiness,14686,7.0,2.9,19.92,29.82,349,,https://kdramamap.com/wp-content/uploads/kdramamap/posters/%ED%96%89%EB%B3%B5%EB%B0%B0%ED%8B%80.webp,,https://kdramamap.com/drama/%ed%96%89%eb%b3%b5%eb%b0%b0%ed%8b%80/,2026-07-29
w_0221,샤크 더 스톰,샤크: 더 스톰,Shark: The Storm,샤크: 더 스톰;Shark: The Storm;鯊魚：風暴,drama,김민석;이현욱;배명진,TVING,2025-05-15 ~ 2025-05-29,방영종료,17,15,7,서울특별시,Q134105230,5,Shark: The Storm,62427,5.0,13.83,10.79,29.61,350,,https://kdramamap.com/wp-content/uploads/kdramamap/posters/%EC%83%A4%ED%81%AC%EB%8D%94%EC%8A%A4%ED%86%B0.webp,,https://kdramamap.com/drama/%ec%83%a4%ed%81%ac-%eb%8d%94-%ec%8a%a4%ed%86%b0/,2026-07-29
w_0340,유령을잡아라,유령을 잡아라!,Catch the Ghost,유령을 잡아라!;Catch the Ghost;君のハートを捕まえろ！;抓住幽靈;Yooryungeul Jabara,drama,문근영;김선호,tvN,2019-10-21 ~ 2019-12-10,방영종료,18,18,1,서울특별시,Q63981535,10,Catch the Ghost,27583,10.0,7.66,11.75,29.41,351,,https://kdramamap.com/wp-content/uploads/kdramamap/posters/%EC%9C%A0%EB%A0%B9%EC%9D%84%EC%9E%A1%EC%95%84%EB%9D%BC.webp,,https://kdramamap.com/drama/%ec%9c%a0%eb%a0%b9%ec%9d%84%ec%9e%a1%ec%95%84%eb%9d%bc/,2026-07-29
w_0122,돌풍,돌풍,,旋風;政壇旋風,drama,설경구;김희애,Netflix,2024-06-28 ~ 2024-06-28,방영종료,21,21,8,서울특별시,Q124452133,10,The Whirlwind (TV series),23306,10.0,6.39,12.88,29.26,352,,https://kdramamap.com/wp-content/uploads/kdramamap/posters/%EB%8F%8C%ED%92%8D.webp,,https://kdramamap.com/drama/%eb%8f%8c%ed%92%8d/,2026-07-29
w_0343,유열의음악앨범,유열의 음악앨범,Tune in for Love,유열의 음악앨범;Tune in for Love;ユ・ヨルの音楽アルバム﻿;愉悅的音樂專輯,drama,김고은;정해인,영화,2019-08-28 ~ 2019-08-28,방영종료,11,11,2,서울특별시,Q66866679,9,Tune in for Love,43647,9.0,11.12,9.12,29.25,353,,https://kdramamap.com/wp-content/uploads/kdramamap/posters/%EC%9C%A0%EC%97%B4%EC%9D%98%EC%9D%8C%EC%95%85%EC%95%A8%EB%B2%94.webp,,https://kdramamap.com/drama/%ec%9c%a0%ec%97%b4%ec%9d%98%ec%9d%8c%ec%95%85%ec%95%a8%eb%b2%94/,2026-07-29
w_0273,아름다웠던우리에게,아름다웠던 우리에게,A Love So Beautiful,아름다웠던 우리에게;A Love So Beautiful;美しかった私たちへ;致我們單純的小美好,drama,김요한;소주연,카카오TV,2020-12-28 ~ 2021-02-20,방영종료,15,15,1,서울특별시,Q104192712,8,A Love So Beautiful (South Korean TV series),39937,8.0,10.45,10.62,29.08,354,,https://kdramamap.com/wp-content/uploads/kdramamap/posters/%EC%95%84%EB%A6%84%EB%8B%A4%EC%9B%A0%EB%8D%98%EC%9A%B0%EB%A6%AC%EC%97%90%EA%B2%8C.webp,,https://kdramamap.com/drama/%ec%95%84%eb%a6%84%eb%8b%a4%ec%9b%a0%eb%8d%98%ec%9a%b0%eb%a6%ac%ec%97%90%ea%b2%8c/,2026-07-29
w_0412,친애하는X,친애하는 X,Dear X,친애하는 X;Dear X;親愛なるX;親愛的X,drama,김유정;김영대;김도훈,TVING,2025-11-06 ~ 2025-12-04,방영종료,96,96,7,서울특별시,Q128799066,9,Dear X (TV series),,9.0,0.0,20.0,29.0,355,,https://kdramamap.com/wp-content/uploads/kdramamap/posters/%EC%B9%9C%EC%95%A0%ED%95%98%EB%8A%94X.webp,,https://kdramamap.com/drama/%ec%b9%9c%ec%95%a0%ed%95%98%eb%8a%94x/,2026-07-29
w_0286,어서와,어서와,Welcome,"Welcome;おかえり〜ただいまのキスは屋根の上で!?〜;烤麵包的男人;Man Who Bakes Bread;Meow, the Secret Boy",drama,김명수;신예은,KBS2,2020-03-25 ~ 2020-04-30,방영종료,16,16,1,서울특별시,Q65047646,13,Welcome (TV series),19202,13.0,4.93,11.0,28.93,356,,https://kdramamap.com/wp-content/uploads/kdramamap/posters/%EC%96%B4%EC%84%9C%EC%99%80.webp,,https://kdramamap.com/drama/%ec%96%b4%ec%84%9c%ec%99%80/,2026-07-29
w_0152,맨홀,맨홀,Manhole,Manhole;マンホール;Manhole：夢遊仙境的奉弼;맨홀：이상한 나라의 필;Maen-hol,drama,김재중;유이,KBS2,2017-08-09 ~ 2017-09-28,방영종료,56,54,1,서울특별시,Q31180570,9,Manhole (TV series),7395,9.0,0.0,19.82,28.82,357,,https://kdramamap.com/wp-content/uploads/kdramamap/posters/%EB%A7%A8%ED%99%80.webp,,https://kdramamap.com/drama/%eb%a7%a8%ed%99%80/,2026-07-29
w_0270,아는와이프,아는 와이프,Familiar Wife,아는 와이프;Familiar Wife;知ってるワイフ;認識的妻子;Aneun Waipeu,drama,지성;한지민,tvN,2018-08-01 ~ 2018-09-20,방영종료,34,34,1,서울특별시,Q52852929,11,Familiar Wife,,11.0,0.0,17.75,28.75,358,,https://kdramamap.com/wp-content/uploads/kdramamap/posters/%EC%95%84%EB%8A%94%EC%99%80%EC%9D%B4%ED%94%84.webp,,https://kdramamap.com/drama/%ec%95%84%eb%8a%94%ec%99%80%ec%9d%b4%ed%94%84/,2026-07-29
w_0005,38사기동대,38사기동대,38 Task Force,38 Task Force;38師機動隊;Squad 38;Task Force 38,drama,마동석;서인국;최수영,OCN,2016-06-17 ~ 2016-08-06,방영종료,23,21,3,서울특별시,Q22773885,9,Squad 38,23389,9.0,6.41,13.19,28.6,359,,https://kdramamap.com/wp-content/uploads/kdramamap/posters/38%EC%82%AC%EA%B8%B0%EB%8F%99%EB%8C%80.webp,,https://kdramamap.com/drama/38%ec%82%ac%ea%b8%b0%eb%8f%99%eb%8c%80/,2026-07-29
w_0413,카지노,카지노,Big Bet,Big Bet;カジノ;賭命為王;Casino;Kajino,drama,최민식;손석구,Disney+,2022-12-21 ~ 2023-03-22,방영종료,14,7,4,경기도,Q112506131,11,Big Bet (TV series),36865,11.0,9.85,7.75,28.6,360,,https://kdramamap.com/wp-content/uploads/kdramamap/posters/%EC%B9%B4%EC%A7%80%EB%85%B8.webp,,https://kdramamap.com/drama/%ec%b9%b4%ec%a7%80%eb%85%b8/,2026-07-29
w_0099,눈이부시게,눈이 부시게,The Light in Your Eyes,눈이 부시게;The Light in Your Eyes;眩しくて;耀眼;Dazzling;Nooni Booshige;Radiant,drama,김혜자;한지민;남주혁;손호준,JTBC,2019-02-11 ~ 2019-03-19,방영종료,11,11,2,서울특별시,Q60063045,10,The Light in Your Eyes (TV series),34764,10.0,9.41,9.12,28.53,361,,https://kdramamap.com/wp-content/uploads/kdramamap/posters/%EB%88%88%EC%9D%B4%EB%B6%80%EC%8B%9C%EA%B2%8C.webp,,https://kdramamap.com/drama/%eb%88%88%ec%9d%b4%eb%b6%80%ec%8b%9c%ea%b2%8c/,2026-07-29
w_0308,오늘도 지송합니다,오늘도 지송합니다,Sorry Not Sorry,Sorry Not Sorry;Sorry For Today As Well,drama,전소민;공민정;장희령,KBS Joy,2024-12-05 ~ 2025-01-30,방영종료,49,49,2,경기도,Q131440713,3,Sorry Not Sorry (TV series),20778,3.0,5.52,20.0,28.52,362,,https://kdramamap.com/wp-content/uploads/kdramamap/posters/%EC%98%A4%EB%8A%98%EB%8F%84%EC%A7%80%EC%86%A1%ED%95%A9%EB%8B%88%EB%8B%A4.webp,,https://kdramamap.com/drama/%ec%98%a4%eb%8a%98%eb%8f%84-%ec%a7%80%ec%86%a1%ed%95%a9%eb%8b%88%eb%8b%a4/,2026-07-29
w_0243,스위치,스위치,Switch,스위치;Switch;スイッチ　人生最高の贈り物,drama,장근석;한예리,SBS,2018-03-28 ~ 2018-05-17,방영종료,26,25,2,서울특별시,Q115408546,6,Switch (2023 film),28247,6.0,7.84,14.56,28.4,363,,https://kdramamap.com/wp-content/uploads/kdramamap/posters/%EC%8A%A4%EC%9C%84%EC%B9%98.webp,,https://kdramamap.com/drama/%ec%8a%a4%ec%9c%84%ec%b9%98/,2026-07-29
w_0313,오마이비너스,오 마이 비너스,Oh My Venus,오 마이 비너스;Oh My Venus;オー・マイ・ビーナス;O Ma-i Bi-neo-seu,drama,소지섭;신민아,KBS2,2015-11-16 ~ 2016-01-05,방영종료,14,14,1,서울특별시,Q21059581,18,Oh My Venus,,18.0,0.0,10.25,28.25,364,,https://kdramamap.com/wp-content/uploads/kdramamap/posters/%EC%98%A4%EB%A7%88%EC%9D%B4%EB%B9%84%EB%84%88%EC%8A%A4.webp,,https://kdramamap.com/drama/%ec%98%a4%eb%a7%88%ec%9d%b4%eb%b9%84%eb%84%88%ec%8a%a4/,2026-07-29
w_0013,가석방심사관이한신,가석방 심사관 이한신,Parole Examiner Lee,가석방 심사관 이한신;Parole Examiner Lee;仮釈放審査官 イ・ハンシン;假释审查官李汉信;가석방심사관 이한신,drama,고수;권유리,tvN,2024-11-18 ~ 2024-12-24,방영종료,69,67,8,서울특별시,Q129978668,6,Parole Examiner Lee,13585,6.0,2.31,19.86,28.17,365,,https://kdramamap.com/wp-content/uploads/kdramamap/posters/%EA%B0%80%EC%84%9D%EB%B0%A9%EC%8B%AC%EC%82%AC%EA%B4%80%EC%9D%B4%ED%95%9C%EC%8B%A0.webp,,https://kdramamap.com/drama/%ea%b0%80%ec%84%9d%eb%b0%a9%ec%8b%ac%ec%82%ac%ea%b4%80%ec%9d%b4%ed%95%9c%ec%8b%a0/,2026-07-29
w_0277,악연,악연,Karma,Karma;悪縁;惡緣,drama,박해수;신민아,Netflix,2025-04-04 ~ 2025-04-04,방영종료,38,37,7,경기도,Q131522846,9,Karma (South Korean TV series),,9.0,0.0,19.12,28.12,366,,https://kdramamap.com/wp-content/uploads/kdramamap/posters/%EC%95%85%EC%97%B0.webp,,https://kdramamap.com/drama/%ec%95%85%ec%97%b0/,2026-07-29
w_0415,커넥션,커넥션,Connection,Connection;コネクション,drama,지성;전미도;권율;김경남,SBS,2024-05-24 ~ 2024-07-06,방영종료,55,55,8,경기도,Q124043194,8,Connection (TV series),,8.0,0.0,20.0,28.0,367,,https://kdramamap.com/wp-content/uploads/kdramamap/posters/%EC%BB%A4%EB%84%A5%EC%85%98.webp,,https://kdramamap.com/drama/%ec%bb%a4%eb%84%a5%ec%85%98/,2026-07-29
w_0066,나미브,나미브,Namib,Namib;星星閃耀的夜晚,drama,고현정;려운,ENA,2024-12-23 ~ 2025-01-28,방영종료,74,73,3,서울특별시,Q131009825,8,Namib (TV series),,8.0,0.0,19.93,27.93,368,,https://kdramamap.com/wp-content/uploads/kdramamap/posters/%EB%82%98%EB%AF%B8%EB%B8%8C.webp,,https://kdramamap.com/drama/%eb%82%98%eb%af%b8%eb%b8%8c/,2026-07-29
w_0458,하이퍼나이프,하이퍼나이프,Hyper Knife,Hyper Knife;ハイパーナイフ 闇の天才外科医;Hyper_Knife,drama,박은빈;설경구,Disney+,2025-03-19 ~ 2025-04-09,방영종료,59,58,8,서울특별시,Q127459610,8,Hyper Knife,,8.0,0.0,19.92,27.92,369,,https://kdramamap.com/wp-content/uploads/kdramamap/posters/%ED%95%98%EC%9D%B4%ED%8D%BC%EB%82%98%EC%9D%B4%ED%94%84.webp,,https://kdramamap.com/drama/%ed%95%98%ec%9d%b4%ed%8d%bc%eb%82%98%ec%9d%b4%ed%94%84/,2026-07-29
w_0417,컨피던스맨KR,컨피던스맨 KR,Confidence Queen,컨피던스맨 KR;Confidence Queen;コンフィデンスマンKR;行騙天下KR;The Confidence Man KR,drama,박민영;박희순;주종혁,TV조선,2025-09-06 ~ 2025-10-12,방영종료,68,66,8,서울특별시,Q132520175,8,Confidence Queen (TV series),,8.0,0.0,19.85,27.85,370,,https://kdramamap.com/wp-content/uploads/kdramamap/posters/%EC%BB%A8%ED%94%BC%EB%8D%98%EC%8A%A4%EB%A7%A8KR.webp,,https://kdramamap.com/drama/%ec%bb%a8%ed%94%bc%eb%8d%98%ec%8a%a4%eb%a7%a8kr/,2026-07-29
w_0329,운빨로맨스,운빨로맨스,Lucky Romance,Lucky Romance;運勢ロマンス;好運羅曼史;Woonppal Romaenseu,drama,황정음;류준열,MBC,2016-05-25 ~ 2016-07-14,방영종료,26,25,1,서울특별시,Q23647576,12,Lucky Romance,11697,12.0,1.18,14.56,27.74,371,,https://kdramamap.com/wp-content/uploads/kdramamap/posters/%EC%9A%B4%EB%B9%A8%EB%A1%9C%EB%A7%A8%EC%8A%A4.webp,,https://kdramamap.com/drama/%ec%9a%b4%eb%b9%a8%eb%a1%9c%eb%a7%a8%ec%8a%a4/,2026-07-29
w_0330,운수오진날,운수 오진 날,A Bloody Lucky Day,운수 오진 날;A Bloody Lucky Day;運の悪い日;運氣好的日子,drama,이성민;유연석;이정은,TVING,2023-11-24 ~ 2023-12-08,방영종료,16,16,2,서울특별시,Q122382140,12,A Bloody Lucky Day,18228,12.0,4.53,11.0,27.53,372,,https://kdramamap.com/wp-content/uploads/kdramamap/posters/%EC%9A%B4%EC%88%98%EC%98%A4%EC%A7%84%EB%82%A0.webp,,https://kdramamap.com/drama/%ec%9a%b4%ec%88%98%ec%98%a4%ec%a7%84%eb%82%a0/,2026-07-29
w_0241,순정에반하다,순정에 반하다,Falling for Innocence,순정에 반하다;Falling for Innocence;純情に惚れる;為純情著迷;Beating Again;Fall in Love with Soon-jung;Sunjeonge Banhada,drama,정경호;김소연,JTBC,2015-04-03 ~ 2015-05-23,방영종료,20,20,1,서울특별시,Q19598901,14,Beating Again,11434,14.0,1.01,12.5,27.51,373,,https://kdramamap.com/wp-content/uploads/kdramamap/posters/%EC%88%9C%EC%A0%95%EC%97%90%EB%B0%98%ED%95%98%EB%8B%A4.webp,,https://kdramamap.com/drama/%ec%88%9c%ec%a0%95%ec%97%90%eb%b0%98%ed%95%98%eb%8b%a4/,2026-07-29
w_0180,밤에피는꽃,밤에 피는 꽃,Knight Flower,밤에 피는 꽃;Knight Flower;夜に咲く花;夜晚開的花;Flower That Blooms at Night;Night Blooming Flower,drama,이하늬;이종원,MBC,2024-01-12 ~ 2024-02-17,방영종료,4,4,4,서울특별시,Q117431043,9,Knight Flower,47908,9.0,11.83,6.5,27.33,374,,https://kdramamap.com/wp-content/uploads/kdramamap/posters/%EB%B0%A4%EC%97%90%ED%94%BC%EB%8A%94%EA%BD%83.webp,,https://kdramamap.com/drama/%eb%b0%a4%ec%97%90%ed%94%bc%eb%8a%94%ea%bd%83/,2026-07-29
w_0200,빌런의나라,빌런의 나라,Villains Everywhere,빌런의 나라;Villains Everywhere;惡人之國,drama,오나라;소유진;서현철,KBS2,2025-03-19 ~ 2025-04-24,방영종료,44,44,3,경기도,Q132144235,6,Villains Everywhere,11856,6.0,1.29,20.0,27.29,375,,https://kdramamap.com/wp-content/uploads/kdramamap/posters/%EB%B9%8C%EB%9F%B0%EC%9D%98%EB%82%98%EB%9D%BC.webp,,https://kdramamap.com/drama/%eb%b9%8c%eb%9f%b0%ec%9d%98%eb%82%98%eb%9d%bc/,2026-07-29
w_0213,사운드트랙#2,사운드트랙 2,Soundtrack #2,사운드트랙 2;Soundtrack #2;サウンドトラック #2;單戀原聲帶2;Soundtrack 2;사운드트랙 #2,drama,금새록;노상현;손정혁,Disney+,2023-12-06 ~ 2023-12-20,방영종료,23,23,4,서울특별시,Q123681502,6,Soundtrack 2,27290,6.0,7.58,13.62,27.2,376,,https://kdramamap.com/wp-content/uploads/kdramamap/posters/%EC%82%AC%EC%9A%B4%EB%93%9C%ED%8A%B8%EB%9E%99%232.webp,,https://kdramamap.com/drama/%ec%82%ac%ec%9a%b4%eb%93%9c%ed%8a%b8%eb%9e%99-2/,2026-07-29
w_0302,열두밤,열두밤,Twelve Nights,Twelve Nights;十二夜,drama,한승연;신현수,채널A,2018-10-12 ~ 2018-12-28,방영종료,46,45,1,서울특별시,Q55732013,7,Twelve Nights,3694,7.0,0.0,19.89,26.89,377,,https://kdramamap.com/wp-content/uploads/kdramamap/posters/%EC%97%B4%EB%91%90%EB%B0%A4.webp,,https://kdramamap.com/drama/%ec%97%b4%eb%91%90%eb%b0%a4/,2026-07-29
w_0230,소년시대,소년시대,Boyhood,Boyhood;少年時代;Once Upon a Boyhood,drama,임시완;이선빈,Coupang Play,2023-11-24 ~ 2023-12-22,방영종료,18,18,4,강원특별자치도,Q122884230,5,Boyhood (TV series),35695,5.0,9.61,11.75,26.36,378,,https://kdramamap.com/wp-content/uploads/kdramamap/posters/%EC%86%8C%EB%85%84%EC%8B%9C%EB%8C%80.webp,,https://kdramamap.com/drama/%ec%86%8c%eb%85%84%ec%8b%9c%eb%8c%80/,2026-07-29
w_0129,라디오로맨스,라디오 로맨스,Radio Romance,라디오 로맨스;Radio Romance;ラジオロマンス;Radio Romaenseu,drama,윤두준;김소현,KBS2,2018-01-29 ~ 2018-03-20,방영종료,13,12,3,서울특별시,Q44811435,16,Radio Romance (TV series),11129,16.0,0.81,9.49,26.3,379,,https://kdramamap.com/wp-content/uploads/kdramamap/posters/%EB%9D%BC%EB%94%94%EC%98%A4%EB%A1%9C%EB%A7%A8%EC%8A%A4.webp,,https://kdramamap.com/drama/%eb%9d%bc%eb%94%94%ec%98%a4%eb%a1%9c%eb%a7%a8%ec%8a%a4/,2026-07-29
w_0051,금주를부탁해,금주를 부탁해,Second Shot at Love,금주를 부탁해;Second Shot at Love;禁酒をお願い;戒酒吧拜托了,drama,최수영;공명,tvN,2025-05-12 ~ 2025-06-17,방영종료,88,88,8,경기도,Q131717910,6,Second Shot at Love,,6.0,0.0,20.0,26.0,380,,https://kdramamap.com/wp-content/uploads/kdramamap/posters/%EA%B8%88%EC%A3%BC%EB%A5%BC%EB%B6%80%ED%83%81%ED%95%B4.webp,,https://kdramamap.com/drama/%ea%b8%88%ec%a3%bc%eb%a5%bc%eb%b6%80%ed%83%81%ed%95%b4/,2026-07-29
w_0440,페이스미,페이스 미,Face Me,페이스 미;Face Me,drama,이민기;한지현;이이경,KBS2,2024-11-06 ~ 2024-12-12,방영종료,56,56,3,경기도,Q130483794,6,Face Me,,6.0,0.0,20.0,26.0,381,,https://kdramamap.com/wp-content/uploads/kdramamap/posters/%ED%8E%98%EC%9D%B4%EC%8A%A4%EB%AF%B8.webp,,https://kdramamap.com/drama/%ed%8e%98%ec%9d%b4%ec%8a%a4%eb%af%b8/,2026-07-29
w_0130,라이딩인생,라이딩 인생,Mother and Mom,라이딩 인생;Mother and Mom;ライディング人生;騎行人生,drama,전혜진;조민수;정진영,ENA,2025-03-03 ~ 2025-03-25,방영종료,55,55,3,서울특별시,Q131827593,6,Mother and Mom,,6.0,0.0,20.0,26.0,382,,https://kdramamap.com/wp-content/uploads/kdramamap/posters/%EB%9D%BC%EC%9D%B4%EB%94%A9%EC%9D%B8%EC%83%9D.webp,,https://kdramamap.com/drama/%eb%9d%bc%ec%9d%b4%eb%94%a9%ec%9d%b8%ec%83%9d/,2026-07-29
w_0278,악인전기,악인전기,Evillive,Evillive;悪人伝記;恶人传记,drama,신하균;김영광,Genie TV,2023-10-14 ~ 2023-11-13,방영종료,45,44,4,경기도,Q121323033,6,Evilive (TV series),,6.0,0.0,19.89,25.89,383,,https://kdramamap.com/wp-content/uploads/kdramamap/posters/%EC%95%85%EC%9D%B8%EC%A0%84%EA%B8%B0.webp,,https://kdramamap.com/drama/%ec%95%85%ec%9d%b8%ec%a0%84%ea%b8%b0/,2026-07-29
w_0076,남과여,남과 여,Man and Woman,남과 여;Man and Woman;男與女;남과 여 2023,drama,이동해;이설,채널A,2023-12-26 ~ 2024-03-15,방영종료,37,36,4,경기도,Q122639276,6,Between Him and Her,10203,6.0,0.15,18.74,24.89,384,,https://kdramamap.com/wp-content/uploads/kdramamap/posters/%EB%82%A8%EA%B3%BC%EC%97%AC.webp,,https://kdramamap.com/drama/%eb%82%a8%ea%b3%bc%ec%97%ac/,2026-07-29
w_0107,단죄,단죄,No Mercy,No Mercy,drama,이주영;구준회,KBS2,2025-09-24 ~ 2025-10-30,방영종료,49,48,6,경기도,Q136298745,3,No Mercy (TV series),12891,3.0,1.92,19.9,24.82,385,,https://kdramamap.com/wp-content/uploads/kdramamap/posters/%EB%8B%A8%EC%A3%84.webp,,https://kdramamap.com/drama/%eb%8b%a8%ec%a3%84/,2026-07-29
w_0157,메이드인코리아,메이드 인 코리아,Made in Korea,메이드 인 코리아;Made in Korea;メイド・イン・コリア;韓國製造,drama,현빈;정우성;원지안,Disney+,2025-12-24 ~ 2026-01-28,방영종료,19,11,8,서울특별시,Q124799060,8,Made in Korea (TV series),24522,8.0,6.77,10.02,24.79,386,,https://kdramamap.com/wp-content/uploads/kdramamap/posters/%EB%A9%94%EC%9D%B4%EB%93%9C%EC%9D%B8%EC%BD%94%EB%A6%AC%EC%95%84.webp,,https://kdramamap.com/drama/%eb%a9%94%ec%9d%b4%eb%93%9c%ec%9d%b8%ec%bd%94%eb%a6%ac%ec%95%84/,2026-07-29
w_0439,퍼스트레이디,퍼스트레이디,First Lady,First Lady;第一夫人,drama,유진;지현우,MBN,2025-09-24 ~ 2025-10-30,방영종료,35,35,4,경기도,Q135747753,6,First Lady (South Korean TV series),10524,6.0,0.39,18.12,24.51,387,,https://kdramamap.com/wp-content/uploads/kdramamap/posters/%ED%8D%BC%EC%8A%A4%ED%8A%B8%EB%A0%88%EC%9D%B4%EB%94%94.webp,,https://kdramamap.com/drama/%ed%8d%bc%ec%8a%a4%ed%8a%b8%eb%a0%88%ec%9d%b4%eb%94%94/,2026-07-29
w_0132,라이브온,라이브온,Live On,Live On;恋はオン♡エアー中!〜Live on〜,drama,정다빈;황민현,JTBC,2020-11-17 ~ 2021-01-12,방영종료,8,8,1,서울특별시,Q98124075,8,Live On (TV series),29770,8.0,8.24,8.0,24.24,388,,https://kdramamap.com/wp-content/uploads/kdramamap/posters/%EB%9D%BC%EC%9D%B4%EB%B8%8C%EC%98%A8.webp,,https://kdramamap.com/drama/%eb%9d%bc%ec%9d%b4%eb%b8%8c%ec%98%a8/,2026-07-29
w_0251,스피릿핑거스,스피릿 핑거스,Spirit Fingers,스피릿 핑거스;Spirit Fingers;Arbo,drama,박지후;조준영,TVING,2025-10-29 ~ 2025-12-03,방영종료,73,73,2,서울특별시,Q136584785,4,Spirit Fingers (TV series),,4.0,0.0,20.0,24.0,389,,https://kdramamap.com/wp-content/uploads/kdramamap/posters/%EC%8A%A4%ED%94%BC%EB%A6%BF%ED%95%91%EA%B1%B0%EC%8A%A4.webp,,https://kdramamap.com/drama/%ec%8a%a4%ed%94%bc%eb%a6%bf%ed%95%91%ea%b1%b0%ec%8a%a4/,2026-07-29
w_0369,잔혹한인턴,잔혹한 인턴,Cold Blooded Intern,잔혹한 인턴;Cold Blooded Intern;伝説のインターン コ・ヘラ ～Cold Blooded Intern～;残酷的实习生;Cruel Intern,drama,라미란;엄지원,TVING,2023-08-11 ~ 2023-09-15,방영종료,46,46,4,서울특별시,Q120728540,4,,,4.0,0.0,20.0,24.0,390,,https://kdramamap.com/wp-content/uploads/kdramamap/posters/%EC%9E%94%ED%98%B9%ED%95%9C%EC%9D%B8%ED%84%B4.webp,,https://kdramamap.com/drama/%ec%9e%94%ed%98%b9%ed%95%9c%ec%9d%b8%ed%84%b4/,2026-07-29
w_0294,에이틴1,에이틴,A-TEEN,에이틴;A-TEEN,drama,신예은;이나은,플레이리스트,2018-07-01 ~ 2018-09-16,방영종료,6,6,1,서울특별시,Q61056877,11,A-Teen,20844,11.0,5.55,7.25,23.8,391,,https://kdramamap.com/wp-content/uploads/kdramamap/posters/%EC%97%90%EC%9D%B4%ED%8B%B41.webp,,https://kdramamap.com/drama/%ec%97%90%ec%9d%b4%ed%8b%b41/,2026-07-29
w_0116,더킹,더 킹,The King,더 킹;The King;ザ・キング;金權性內幕;King,drama,이민호;김고은,SBS,2020-04-17 ~ 2020-06-12,방영종료,7,6,1,서울특별시,Q24856048,11,The King (2017 South Korean film),21151,11.0,5.66,6.91,23.57,392,,https://kdramamap.com/wp-content/uploads/kdramamap/posters/%EB%8D%94%ED%82%B9.webp,,https://kdramamap.com/drama/%eb%8d%94%ed%82%b9/,2026-07-29
w_0143,마녀의연애,마녀의 연애,A Witch's Love,마녀의 연애;A Witch's Love;魔女の恋愛;魔女的戀愛;Witch’s Romance,drama,엄정화;박서준,tvN,2014-04-14 ~ 2014-06-10,방영종료,11,11,2,서울특별시,Q16019836,11,A Witch's Love,15275,11.0,3.2,9.12,23.32,393,,https://kdramamap.com/wp-content/uploads/kdramamap/posters/%EB%A7%88%EB%85%80%EC%9D%98%EC%97%B0%EC%95%A0.webp,,https://kdramamap.com/drama/%eb%a7%88%eb%85%80%ec%9d%98%ec%97%b0%ec%95%a0/,2026-07-29
w_0321,왓쳐,왓쳐,Watcher,Watcher;ウォッチャー 不正捜査官たちの真実,drama,한석규;서강준,OCN,2019-07-06 ~ 2019-08-25,방영종료,5,5,1,서울특별시,Q63313397,9,Watcher (TV series),26811,9.0,7.45,6.88,23.32,394,,https://kdramamap.com/wp-content/uploads/kdramamap/posters/%EC%99%93%EC%B3%90.webp,,https://kdramamap.com/drama/%ec%99%93%ec%b3%90/,2026-07-29
w_0065,나를사랑한스파이,나를 사랑한 스파이,The Spies Who Loved Me,나를 사랑한 스파이;The Spies Who Loved Me;私を愛したスパイ;愛我的間諜;Naleul Saranghan Seupai;The Spy Who Loved Me,drama,에릭;유인나;임주환,MBC,2020-10-21 ~ 2020-12-17,방영종료,13,13,1,서울특별시,Q97338733,8,The Spies Who Loved Me,20243,8.0,5.32,9.88,23.2,395,,https://kdramamap.com/wp-content/uploads/kdramamap/posters/%EB%82%98%EB%A5%BC%EC%82%AC%EB%9E%91%ED%95%9C%EC%8A%A4%ED%8C%8C%EC%9D%B4.webp,,https://kdramamap.com/drama/%eb%82%98%eb%a5%bc%ec%82%ac%eb%9e%91%ed%95%9c%ec%8a%a4%ed%8c%8c%ec%9d%b4/,2026-07-29
w_0408,춘화연애담,춘화연애담,The Scandal of Chunhwa,The Scandal of Chunhwa;春花醜聞,drama,고아라;장률,TVING,2025-02-06 ~ 2025-03-06,방영종료,32,32,9,경상북도,Q130372681,6,The Scandal of Chunhwa,,6.0,0.0,17.0,23.0,396,,https://kdramamap.com/wp-content/uploads/kdramamap/posters/%EC%B6%98%ED%99%94%EC%97%B0%EC%95%A0%EB%8B%B4.webp,,https://kdramamap.com/drama/%ec%b6%98%ed%99%94%ec%97%b0%ec%95%a0%eb%8b%b4/,2026-07-29
w_0131,라이브,라이브,Live,Live,drama,정유미_1983;이광수,tvN,2018-03-10 ~ 2018-05-06,방영종료,19,18,2,서울특별시,Q42778231,11,Live (South Korean TV series),,11.0,0.0,11.86,22.86,397,,https://kdramamap.com/wp-content/uploads/kdramamap/posters/%EB%9D%BC%EC%9D%B4%EB%B8%8C.webp,,https://kdramamap.com/drama/%eb%9d%bc%ec%9d%b4%eb%b8%8c/,2026-07-29
w_0057,기억,기억,Memory,Memory;記憶〜愛する人へ〜;記憶,drama,이성민;김지수,tvN,2016-03-18 ~ 2016-05-07,방영종료,16,16,2,서울특별시,Q22099719,9,Memory (TV series),14543,9.0,2.83,11.0,22.83,398,,https://kdramamap.com/wp-content/uploads/kdramamap/posters/%EA%B8%B0%EC%96%B5.webp,,https://kdramamap.com/drama/%ea%b8%b0%ec%96%b5/,2026-07-29
w_0162,모범택시2,모범택시 2,Taxi Driver 2,모범택시 2;Taxi Driver 2;模範計程車2;Taxi Driver Season 2;모범택시 시즌2,drama,이제훈;김의성;표예진,SBS,2023-02-17 ~ 2023-04-15,방영종료,109,105,9,서울특별시,Q114450321,3,,,3.0,0.0,19.82,22.82,399,,https://kdramamap.com/wp-content/uploads/kdramamap/posters/%EB%AA%A8%EB%B2%94%ED%83%9D%EC%8B%9C2.webp,,https://kdramamap.com/drama/%eb%aa%a8%eb%b2%94%ed%83%9d%ec%8b%9c2/,2026-07-29
w_0027,경이로운소문2,경이로운 소문 2,The Uncanny Counter 2,경이로운 소문 2;The Uncanny Counter 2;驅魔麵館2;The Uncanny Counter 2: Counter Punch,drama,조병규;유준상;김세정;염혜란,tvN,2023-07-29 ~ 2023-09-03,방영종료,53,50,4,인천광역시,Q115777620,3,,,3.0,0.0,19.72,22.72,400,,https://kdramamap.com/wp-content/uploads/kdramamap/posters/%EA%B2%BD%EC%9D%B4%EB%A1%9C%EC%9A%B4%EC%86%8C%EB%AC%B82.webp,,https://kdramamap.com/drama/%ea%b2%bd%ec%9d%b4%eb%a1%9c%ec%9a%b4%ec%86%8c%eb%ac%b82/,2026-07-29
w_0459,한강,한강,Han River Police,Han River Police;ハンガン警察;汉江刑警,drama,권상우;김희원;이상이,Disney+,2023-09-13 ~ 2023-09-27,방영종료,27,24,3,서울특별시,Q121758204,8,Han River Police,8526,8.0,0.0,14.57,22.57,401,,https://kdramamap.com/wp-content/uploads/kdramamap/posters/%ED%95%9C%EA%B0%95.webp,,https://kdramamap.com/drama/%ed%95%9c%ea%b0%95/,2026-07-29
w_0299,연애의발견,연애의 발견,Discovery of Love,연애의 발견;Discovery of Love;恋愛の発見;戀愛的發現,drama,정유미_1983;에릭,KBS2,2014-08-18 ~ 2014-10-07,방영종료,21,21,1,서울특별시,Q17037998,9,Discovery of Love,10864,9.0,0.63,12.88,22.5,402,,https://kdramamap.com/wp-content/uploads/kdramamap/posters/%EC%97%B0%EC%95%A0%EC%9D%98%EB%B0%9C%EA%B2%AC.webp,,https://kdramamap.com/drama/%ec%97%b0%ec%95%a0%ec%9d%98%eb%b0%9c%ea%b2%ac/,2026-07-29
w_0163,모범택시3,모범택시 2,Taxi Driver 2,모범택시 2;Taxi Driver 2;模範計程車2;모범택시 시즌2;Taxi Driver Season 2,drama,이제훈;김의성;표예진,SBS,2025-11-21 ~ 2026-01-10,방영종료,135,111,11,서울특별시,Q114450321,3,,,3.0,0.0,19.11,22.11,403,,https://kdramamap.com/wp-content/uploads/kdramamap/posters/%EB%AA%A8%EB%B2%94%ED%83%9D%EC%8B%9C3.webp,"《모범택시3》는 무지개운수와 택시기사 김도기가 억울한 피해자를 대신해 악인을 응징하는 사적 복수 대행극입니다. 서울·경기·인천·강원 등 전국의 다양한 공간에서 촬영됐으며, 이 페이지에서 135곳의 촬영지 주소와 지역별 분포, 지도 정보를 확인할 수 있습니다.",https://kdramamap.com/drama/%eb%aa%a8%eb%b2%94%ed%83%9d%ec%8b%9c3/,2026-07-29
w_0006,7인의부활,7인의 부활,The Escape of the Seven-Resurrection,7인의 부활;The Escape of the Seven-Resurrection;7人的復活;The Escape of the Seven: Resurrection,drama,엄기준;황정음,SBS,2024-03-29 ~ 2024-05-18,방영종료,65,64,6,서울특별시,Q124043227,2,,,2.0,0.0,19.92,21.92,404,,https://kdramamap.com/wp-content/uploads/kdramamap/posters/7%EC%9D%B8%EC%9D%98%EB%B6%80%ED%99%9C.webp,,https://kdramamap.com/drama/7%ec%9d%b8%ec%9d%98%eb%b6%80%ed%99%9c/,2026-07-29
w_0231,소방서옆경찰서그리고국과수,소방서 옆 경찰서 그리고 국과수,The First Responders 2,소방서 옆 경찰서 그리고 국과수;The First Responders 2;消防局旁的警察局2,drama,김래원;손호준;공승연,SBS,2023-08-04 ~ 2023-09-09,방영종료,53,50,6,경기도,Q116860966,2,,,2.0,0.0,19.72,21.72,405,,https://kdramamap.com/wp-content/uploads/kdramamap/posters/%EC%86%8C%EB%B0%A9%EC%84%9C%EC%98%86%EA%B2%BD%EC%B0%B0%EC%84%9C%EA%B7%B8%EB%A6%AC%EA%B3%A0%EA%B5%AD%EA%B3%BC%EC%88%98.webp,,https://kdramamap.com/drama/%ec%86%8c%eb%b0%a9%ec%84%9c%ec%98%86%ea%b2%bd%ec%b0%b0%ec%84%9c%ea%b7%b8%eb%a6%ac%ea%b3%a0%ea%b5%ad%ea%b3%bc%ec%88%98/,2026-07-29
w_0033,공항가는길,공항 가는 길,On the Way to the Airport,공항 가는 길;On the Way to the Airport;空港へ行く道;通往機場的路;Gonghang Ganeun Gil,drama,김하늘;이상윤,KBS2,2016-09-21 ~ 2016-11-10,방영종료,10,10,1,서울특별시,Q26834340,11,On the Way to the Airport,12645,11.0,1.77,8.75,21.52,406,,https://kdramamap.com/wp-content/uploads/kdramamap/posters/%EA%B3%B5%ED%95%AD%EA%B0%80%EB%8A%94%EA%B8%B8.webp,,https://kdramamap.com/drama/%ea%b3%b5%ed%95%ad%ea%b0%80%eb%8a%94%ea%b8%b8/,2026-07-29
w_0047,그래서나는안티팬과결혼했다,그래서 나는 안티팬과 결혼했다,So I Married an Anti-fan,그래서 나는 안티팬과 결혼했다;So I Married an Anti-fan;だから俺はアンチと結婚した;所以我和黑粉結婚了,drama,최태준;최수영,Naver TV,2021-04-30 ~ 2021-06-19,방영종료,14,14,1,서울특별시,Q56457360,11,So I Married the Anti-fan,,11.0,0.0,10.25,21.25,407,,https://kdramamap.com/wp-content/uploads/kdramamap/posters/%EA%B7%B8%EB%9E%98%EC%84%9C%EB%82%98%EB%8A%94%EC%95%88%ED%8B%B0%ED%8C%AC%EA%B3%BC%EA%B2%B0%ED%98%BC%ED%96%88%EB%8B%A4.webp,,https://kdramamap.com/drama/%ea%b7%b8%eb%9e%98%ec%84%9c%eb%82%98%eb%8a%94%ec%95%88%ed%8b%b0%ed%8c%ac%ea%b3%bc%ea%b2%b0%ed%98%bc%ed%96%88%eb%8b%a4/,2026-07-29
w_0376,제3의매력,제3의 매력,The Third Charm,제3의 매력;The Third Charm;第3の魅力～終わらない恋の始まり～;第3種魅力;Je-3-ui Mae-ryeok,drama,서강준;이솜,JTBC,2018-09-28 ~ 2018-11-17,방영종료,6,5,1,서울특별시,Q55392288,7,The Third Charm,26984,7.0,7.49,6.42,20.91,408,,https://kdramamap.com/wp-content/uploads/kdramamap/posters/%EC%A0%9C3%EC%9D%98%EB%A7%A4%EB%A0%A5.webp,,https://kdramamap.com/drama/%ec%a0%9c3%ec%9d%98%eb%a7%a4%eb%a0%a5/,2026-07-29
w_0133,러닝메이트,러닝메이트,I Am a Running Mate,I Am a Running Mate;競選夥伴,drama,윤현수;이정식;최우성;홍화연,TVING,2025-06-19 ~ 2025-06-19,방영종료,26,26,4,서울특별시,Q122609930,6,I Am a Running Mate,,6.0,0.0,14.75,20.75,409,,https://kdramamap.com/wp-content/uploads/kdramamap/posters/%EB%9F%AC%EB%8B%9D%EB%A9%94%EC%9D%B4%ED%8A%B8.webp,,https://kdramamap.com/drama/%eb%9f%ac%eb%8b%9d%eb%a9%94%ec%9d%b4%ed%8a%b8/,2026-07-29
w_0164,모자무싸,,,,drama,구교환;고윤정,JTBC,2026-04-18 ~ 2026-05-24,방영종료,79,79,4,서울특별시,,0,,,0.0,0.0,20.0,20.0,410,,https://kdramamap.com/wp-content/uploads/kdramamap/posters/%EB%AA%A8%EC%9E%90%EB%AC%B4%EC%8B%B8.webp,,https://kdramamap.com/drama/%eb%aa%a8%ec%9e%90%eb%ac%b4%ec%8b%b8/,2026-07-29
w_0020,강매강,,,,drama,김동욱;박지환;서현우,Disney+,2024-09-11 ~ 2024-10-30,방영종료,59,59,4,경기도,,0,,,0.0,0.0,20.0,20.0,411,,https://kdramamap.com/wp-content/uploads/kdramamap/posters/%EA%B0%95%EB%A7%A4%EA%B0%95.webp,,https://kdramamap.com/drama/%ea%b0%95%eb%a7%a4%ea%b0%95/,2026-07-29
w_0069,나쁜엄마,나쁜 엄마,Bad Mom,나쁜 엄마;Bad Mom,drama,라미란;이도현;안은진,JTBC,2023-04-26 ~ 2023-06-08,방영종료,60,59,7,경상북도,Q139842419,0,,,0.0,0.0,19.92,19.92,412,,https://kdramamap.com/wp-content/uploads/kdramamap/posters/%EB%82%98%EC%81%9C%EC%97%84%EB%A7%88.webp,,https://kdramamap.com/drama/%eb%82%98%ec%81%9c%ec%97%84%eb%a7%88/,2026-07-29
w_0094,넘버스,,,,drama,김명수;최진혁,MBC,2023-06-23 ~ 2023-07-29,방영종료,44,43,3,서울특별시,,0,,,0.0,0.0,19.89,19.89,413,,https://kdramamap.com/wp-content/uploads/kdramamap/posters/%EB%84%98%EB%B2%84%EC%8A%A4.webp,,https://kdramamap.com/drama/%eb%84%98%eb%b2%84%ec%8a%a4/,2026-07-29
w_0249,스틸러,,,,drama,주원,tvN,2023-04-12 ~ 2023-05-18,방영종료,38,38,6,서울특별시,,0,,,0.0,0.0,19.25,19.25,414,,https://kdramamap.com/wp-content/uploads/kdramamap/posters/%EC%8A%A4%ED%8B%B8%EB%9F%AC.webp,,https://kdramamap.com/drama/%ec%8a%a4%ed%8b%b8%eb%9f%ac/,2026-07-29
w_0191,봄밤,봄밤,One Spring Night,One Spring Night;ある春の夜に;春夜;Spring Night,drama,한지민;정해인,MBC,2019-05-22 ~ 2019-07-11,방영종료,13,13,1,서울특별시,Q61360273,9,One Spring Night,,9.0,0.0,9.88,18.88,415,,https://kdramamap.com/wp-content/uploads/kdramamap/posters/%EB%B4%84%EB%B0%A4.webp,,https://kdramamap.com/drama/%eb%b4%84%eb%b0%a4/,2026-07-29
w_0361,이토록친밀한배신자,이토록 친밀한 배신자,Doubt,이토록 친밀한 배신자;Doubt;こんなに親密な裏切り者;如此亲密的背叛者;Such a Close Traitor,drama,한석규;채원빈,MBC,2024-10-11 ~ 2024-11-15,방영종료,20,20,5,경기도,Q124619385,6,Doubt (South Korean TV series),,6.0,0.0,12.5,18.5,416,,https://kdramamap.com/wp-content/uploads/kdramamap/posters/%EC%9D%B4%ED%86%A0%EB%A1%9D%EC%B9%9C%EB%B0%80%ED%95%9C%EB%B0%B0%EC%8B%A0%EC%9E%90.webp,,https://kdramamap.com/drama/%ec%9d%b4%ed%86%a0%eb%a1%9d%ec%b9%9c%eb%b0%80%ed%95%9c%eb%b0%b0%ec%8b%a0%ec%9e%90/,2026-07-29
w_0269,아는건별로없지만가족입니다,(아는 건 별로 없지만) 가족입니다,My Unfamiliar Family,(아는 건 별로 없지만) 가족입니다;My Unfamiliar Family;(知っていることはあまりないけれど) 家族です;了解的不多也無妨，是一家人;Gajogimnida,drama,한예리;김지석,tvN,2020-06-01 ~ 2020-07-21,방영종료,13,12,1,서울특별시,Q88979344,8,My Unfamiliar Family,11242,8.0,0.88,9.49,18.37,417,,https://kdramamap.com/wp-content/uploads/kdramamap/posters/%EC%95%84%EB%8A%94%EA%B1%B4%EB%B3%84%EB%A1%9C%EC%97%86%EC%A7%80%EB%A7%8C%EA%B0%80%EC%A1%B1%EC%9E%85%EB%8B%88%EB%8B%A4.webp,,https://kdramamap.com/drama/%ec%95%84%eb%8a%94%ea%b1%b4%eb%b3%84%eb%a1%9c%ec%97%86%ec%a7%80%eb%a7%8c%ea%b0%80%ec%a1%b1%ec%9e%85%eb%8b%88%eb%8b%a4/,2026-07-29
w_0406,추리의여왕,추리의 여왕,Queen of Mystery,추리의 여왕;Queen of Mystery;推理の女王;推理的女王,drama,최강희;권상우,KBS2,2017-04-05 ~ 2017-05-25,방영종료,13,13,1,서울특별시,Q28700956,8,Queen of Mystery,,8.0,0.0,9.88,17.88,418,,https://kdramamap.com/wp-content/uploads/kdramamap/posters/%EC%B6%94%EB%A6%AC%EC%9D%98%EC%97%AC%EC%99%95.webp,,https://kdramamap.com/drama/%ec%b6%94%eb%a6%ac%ec%9d%98%ec%97%ac%ec%99%95/,2026-07-29
w_0407,추리의여왕2,추리의 여왕 2,Queen of Mystery 2,추리의 여왕 2;Queen of Mystery 2;推理の女王 シーズン2;推理的女王2,drama,최강희;권상우,KBS2,2018-02-28 ~ 2018-04-19,방영종료,21,20,1,서울특별시,Q47002460,5,Queen of Mystery 2,7116,5.0,0.0,12.64,17.64,419,,https://kdramamap.com/wp-content/uploads/kdramamap/posters/%EC%B6%94%EB%A6%AC%EC%9D%98%EC%97%AC%EC%99%952.webp,,https://kdramamap.com/drama/%ec%b6%94%eb%a6%ac%ec%9d%98%ec%97%ac%ec%99%952/,2026-07-29
w_0002,20세기소년소녀,20세기 소년소녀,20th Century Boy and Girl,20세기 소년소녀;20th Century Boy and Girl;20世紀少年少女;20世紀少男少女;20-Se-gi So-nyeon-so-nyeo,drama,한예슬;김지석,MBC,2017-10-09 ~ 2017-11-28,방영종료,15,15,1,서울특별시,Q32859659,7,Children of the 20th Century,8375,7.0,0.0,10.62,17.62,420,,https://kdramamap.com/wp-content/uploads/kdramamap/posters/20%EC%84%B8%EA%B8%B0%EC%86%8C%EB%85%84%EC%86%8C%EB%85%80.webp,,https://kdramamap.com/drama/20%ec%84%b8%ea%b8%b0%ec%86%8c%eb%85%84%ec%86%8c%eb%85%80/,2026-07-29
w_0185,벌크업,,,,drama,오본;최예진;이재빈;이윤,Wavve,2025-07-25 ~ 2025-07-25,방영종료,32,32,5,세종특별자치시,,0,,,0.0,0.0,17.0,17.0,421,,https://kdramamap.com/wp-content/uploads/kdramamap/posters/%EB%B2%8C%ED%81%AC%EC%97%85.webp,,https://kdramamap.com/drama/%eb%b2%8c%ed%81%ac%ec%97%85/,2026-07-29
w_0287,어쨌든 서른,,,,drama,송지은;박기웅,Dramax,2025-01-16 ~ 2025-01-17,방영종료,30,30,2,서울특별시,,0,,,0.0,0.0,16.25,16.25,422,,https://kdramamap.com/wp-content/uploads/kdramamap/posters/%EC%96%B4%EC%A8%8C%EB%93%A0%EC%84%9C%EB%A5%B8.webp,,https://kdramamap.com/drama/%ec%96%b4%ec%a8%8c%eb%93%a0-%ec%84%9c%eb%a5%b8/,2026-07-29
w_0081,낭만닥터김사부3,낭만닥터 김사부 3,Dr. Romance 3,낭만닥터 김사부 3;Dr. Romance 3;浪漫醫生金師傅3,drama,한석규;안효섭;이성경,SBS,2023-04-28 ~ 2023-06-17,방영종료,21,18,5,경기도,Q109457337,4,,,4.0,0.0,12.16,16.16,423,,https://kdramamap.com/wp-content/uploads/kdramamap/posters/%EB%82%AD%EB%A7%8C%EB%8B%A5%ED%84%B0%EA%B9%80%EC%82%AC%EB%B6%803.webp,,https://kdramamap.com/drama/%eb%82%ad%eb%a7%8c%eb%8b%a5%ed%84%b0%ea%b9%80%ec%82%ac%eb%b6%803/,2026-07-29
w_0096,노웨이아웃더룰렛,노 웨이 아웃 : 더 룰렛,,노 웨이 아웃 : 더 룰렛,drama,조진웅;유재명;김무열;염정아,Disney+,2024-07-31 ~ 2024-08-21,방영종료,27,27,6,경기도,Q130596421,1,,,1.0,0.0,15.12,16.12,424,,https://kdramamap.com/wp-content/uploads/kdramamap/posters/%EB%85%B8%EC%9B%A8%EC%9D%B4%EC%95%84%EC%9B%83%EB%8D%94%EB%A3%B0%EB%A0%9B.webp,,https://kdramamap.com/drama/%eb%85%b8%ec%9b%a8%ec%9d%b4%ec%95%84%ec%9b%83%eb%8d%94%eb%a3%b0%eb%a0%9b/,2026-07-29
w_0208,사랑의안단테,사랑의 안단테,Love Andante,사랑의 안단테;Love Andante;愛的行板;Andante of Love;Love’s Andante;Sarangui Andante,drama,권현빈;송지우,라이프타임,2024-08-07 ~ 2024-08-29,방영종료,13,13,1,강원특별자치도,Q119572515,6,Love Andante,,6.0,0.0,9.88,15.88,425,,https://kdramamap.com/wp-content/uploads/kdramamap/posters/%EC%82%AC%EB%9E%91%EC%9D%98%EC%95%88%EB%8B%A8%ED%85%8C.webp,,https://kdramamap.com/drama/%ec%82%ac%eb%9e%91%ec%9d%98%ec%95%88%eb%8b%a8%ed%85%8c/,2026-07-29
w_0404,초콜릿,초콜릿,Chocolate,Chocolate;チョコレート: 忘れかけてた幸せの味﻿;巧克力,drama,윤계상;하지원,JTBC,2019-11-29 ~ 2020-01-18,방영종료,5,5,1,서울특별시,Q65296659,9,Chocolate (South Korean TV series),,9.0,0.0,6.88,15.88,426,,https://kdramamap.com/wp-content/uploads/kdramamap/posters/%EC%B4%88%EC%BD%9C%EB%A6%BF.webp,,https://kdramamap.com/drama/%ec%b4%88%ec%bd%9c%eb%a6%bf/,2026-07-29
w_0451,플레이플리,"플레이, 플리",Secret Playlist,"플레이, 플리;Secret Playlist;戀愛播放清單;Play, Plii",drama,김향기;신현승;연오,Hulu Japan,2023-11-18 ~ 2023-12-09,방영종료,23,23,4,서울특별시,Q130597284,2,,,2.0,0.0,13.62,15.62,427,,https://kdramamap.com/wp-content/uploads/kdramamap/posters/%ED%94%8C%EB%A0%88%EC%9D%B4%ED%94%8C%EB%A6%AC.webp,,https://kdramamap.com/drama/%ed%94%8c%eb%a0%88%ec%9d%b4%ed%94%8c%eb%a6%ac/,2026-07-29
w_0448,프래자일,프래자일,Fragile,Fragile,drama,김소희;차세진,U+모바일tv,2024-09-09 ~ 2024-10-28,방영종료,6,6,2,경기도,Q129477193,4,Fragile (TV series),16279,4.0,3.68,7.25,14.93,428,,https://kdramamap.com/wp-content/uploads/kdramamap/posters/%ED%94%84%EB%9E%98%EC%9E%90%EC%9D%BC.webp,,https://kdramamap.com/drama/%ed%94%84%eb%9e%98%ec%9e%90%ec%9d%bc/,2026-07-29
w_0001,1%의어떤것,1%의 어떤 것,1% of Anything,1%의 어떤 것;1% of Anything;1%の奇跡;1%的可能性;1%ui Eoddungut,drama,하석진;전소민,Dramax,2016-10-05 ~ 2016-11-24,방영종료,5,5,1,서울특별시,Q24834961,8,Something About 1% (2016 TV series),,8.0,0.0,6.88,14.88,429,,https://kdramamap.com/wp-content/uploads/kdramamap/posters/1%25%EC%9D%98%EC%96%B4%EB%96%A4%EA%B2%83.webp,,https://kdramamap.com/drama/1-%ec%9d%98%ec%96%b4%eb%96%a4%ea%b2%83/,2026-07-29
w_0256,식사를합시다,,,,drama,윤두준,tvN,2013-11-28 ~ 2014-03-13,방영종료,26,26,1,서울특별시,,0,,,0.0,0.0,14.75,14.75,430,,https://kdramamap.com/wp-content/uploads/kdramamap/posters/%EC%8B%9D%EC%82%AC%EB%A5%BC%ED%95%A9%EC%8B%9C%EB%8B%A4.webp,,https://kdramamap.com/drama/%ec%8b%9d%ec%82%ac%eb%a5%bc%ed%95%a9%ec%8b%9c%eb%8b%a4/,2026-07-29
w_0335,원하이스쿨히어로즈,,,,drama,이정하;김도완;김상호,Wavve,2025-05-30 ~ 2025-06-20,방영종료,25,25,4,서울특별시,,0,,,0.0,0.0,14.38,14.38,431,,https://kdramamap.com/wp-content/uploads/kdramamap/posters/%EC%9B%90%ED%95%98%EC%9D%B4%EC%8A%A4%EC%BF%A8%ED%9E%88%EC%96%B4%EB%A1%9C%EC%A6%88.webp,,https://kdramamap.com/drama/%ec%9b%90%ed%95%98%ec%9d%b4%ec%8a%a4%ec%bf%a8%ed%9e%88%ec%96%b4%eb%a1%9c%ec%a6%88/,2026-07-29
w_0212,사마귀 : 살인자의외출,,,,drama,고현정;장동윤,SBS,2025-09-05 ~ 2025-10-11,방영종료,24,24,6,충청남도,,0,,,0.0,0.0,14.0,14.0,432,,,,https://kdramamap.com/drama/%ec%82%ac%eb%a7%88%ea%b7%80-%ec%82%b4%ec%9d%b8%ec%9e%90%ec%9d%98%ec%99%b8%ec%b6%9c/,2026-07-29
w_0281,야식남녀,야식남녀,Sweet Munchies,Sweet Munchies;夜食男女;宵夜男女;Yashiknamnyeo,drama,정일우;강지영,JTBC,2020-05-25 ~ 2020-06-30,방영종료,7,7,1,서울특별시,Q85982255,6,Sweet Munchies,5493,6.0,0.0,7.62,13.62,433,,https://kdramamap.com/wp-content/uploads/kdramamap/posters/%EC%95%BC%EC%8B%9D%EB%82%A8%EB%85%80.webp,,https://kdramamap.com/drama/%ec%95%bc%ec%8b%9d%eb%82%a8%eb%85%80/,2026-07-29
w_0199,비밀의숲2,비밀의 숲 2,Secret Forest 2,비밀의 숲 2;Secret Forest 2;秘密の森2;秘密森林2,drama,조승우;배두나,tvN,2020-08-15 ~ 2020-10-04,방영종료,12,12,1,서울특별시,Q97220042,3,,,3.0,0.0,9.5,12.5,434,,https://kdramamap.com/wp-content/uploads/kdramamap/posters/%EB%B9%84%EB%B0%80%EC%9D%98%EC%88%B22.webp,,https://kdramamap.com/drama/%eb%b9%84%eb%b0%80%ec%9d%98%ec%88%b22/,2026-07-29
w_0430,톱스타유백이,톱스타 유백이,Top Star Yoo-baek,톱스타 유백이;Top Star Yoo-baek;トップスターユベク;頂級巨星柳白,drama,김지석;전소민,tvN,2018-11-16 ~ 2019-01-25,방영종료,6,6,1,서울특별시,Q57544234,5,Top Star U-back,6002,5.0,0.0,7.25,12.25,435,,https://kdramamap.com/wp-content/uploads/kdramamap/posters/%ED%86%B1%EC%8A%A4%ED%83%80%EC%9C%A0%EB%B0%B1%EC%9D%B4.webp,,https://kdramamap.com/drama/%ed%86%b1%ec%8a%a4%ed%83%80%ec%9c%a0%eb%b0%b1%ec%9d%b4/,2026-07-29
w_0023,검법남녀2,검법남녀 2,Partners for Justice 2,검법남녀 2;Partners for Justice 2;検法男女シーズン2;檢法男女2;Investigation Couple 2,drama,정재영;정유미_1984,MBC,2019-06-03 ~ 2019-07-29,방영종료,11,11,1,서울특별시,Q61360840,3,Partners for Justice (season 2),394,3.0,0.0,9.12,12.12,436,,https://kdramamap.com/wp-content/uploads/kdramamap/posters/%EA%B2%80%EB%B2%95%EB%82%A8%EB%85%802.webp,,https://kdramamap.com/drama/%ea%b2%80%eb%b2%95%eb%82%a8%eb%85%802/,2026-07-29
w_0446,폴라로이드,폴라로이드,Polaroid,Polaroid,drama,박원상;이미도,MBN,2025-08-22 ~ 2025-08-22,방영종료,13,13,1,경상남도,Q20445547,2,,,2.0,0.0,9.88,11.88,437,,https://kdramamap.com/wp-content/uploads/kdramamap/posters/%ED%8F%B4%EB%9D%BC%EB%A1%9C%EC%9D%B4%EB%93%9C.webp,,https://kdramamap.com/drama/%ed%8f%b4%eb%9d%bc%eb%a1%9c%ec%9d%b4%eb%93%9c/,2026-07-29
w_0089,내친구의졸업식,,,,drama,박철민;김종현;정예인,U+모바일tv,2024-06-10 ~ 2024-06-10,방영종료,18,18,3,전남광주통합특별시,,0,,,0.0,0.0,11.75,11.75,438,,https://kdramamap.com/wp-content/uploads/kdramamap/posters/%EB%82%B4%EC%B9%9C%EA%B5%AC%EC%9D%98%EC%A1%B8%EC%97%85%EC%8B%9D.webp,,https://kdramamap.com/drama/%eb%82%b4%ec%b9%9c%ea%b5%ac%ec%9d%98%ec%a1%b8%ec%97%85%ec%8b%9d/,2026-07-29
w_0117,덕후의딸,,,,drama,김정영;하영,tvN,2024-07-15 ~ 2024-07-15,방영종료,16,16,3,서울특별시,,0,,,0.0,0.0,11.0,11.0,439,,https://kdramamap.com/wp-content/uploads/kdramamap/posters/%EB%8D%95%ED%9B%84%EC%9D%98%EB%94%B8.webp,,https://kdramamap.com/drama/%eb%8d%95%ed%9b%84%ec%9d%98%eb%94%b8/,2026-07-29
w_0153,맹감독의 악플러,맹감독의 악플러,A Head Coach's Turnover,A Head Coach's Turnover;Coach Maeng’s Troll,drama,박성웅,MBC,2025-05-23 ~ 2025-05-24,방영종료,10,10,2,경기도,Q133928415,2,A Head Coach's Turnover,,2.0,0.0,8.75,10.75,440,,https://kdramamap.com/wp-content/uploads/kdramamap/posters/%EB%A7%B9%EA%B0%90%EB%8F%85%EC%9D%98%EC%95%85%ED%94%8C%EB%9F%AC.webp,,https://kdramamap.com/drama/%eb%a7%b9%ea%b0%90%eb%8f%85%ec%9d%98-%ec%95%85%ed%94%8c%eb%9f%ac/,2026-07-29
w_0288,언더더건,언더더건,Under the Gun,Under the Gun,drama,주호;조수민,라이프타임,2024-04-12 ~ 2024-04-26,방영종료,5,5,3,인천광역시,Q130403777,3,Under the Gun (TV series),10525,3.0,0.39,6.88,10.26,441,,https://kdramamap.com/wp-content/uploads/kdramamap/posters/%EC%96%B8%EB%8D%94%EB%8D%94%EA%B1%B4.webp,,https://kdramamap.com/drama/%ec%96%b8%eb%8d%94%eb%8d%94%ea%b1%b4/,2026-07-29
w_0079,남주서치,,,,drama,갈소원;이진우;차준호,Wavve,2025-06-27 ~ 2025-07-11,방영종료,14,14,2,서울특별시,,0,,,0.0,0.0,10.25,10.25,442,,https://kdramamap.com/wp-content/uploads/kdramamap/posters/%EB%82%A8%EC%A3%BC%EC%84%9C%EC%B9%98.webp,,https://kdramamap.com/drama/%eb%82%a8%ec%a3%bc%ec%84%9c%ec%b9%98/,2026-07-29
w_0322,우리들의 초콜릿 순간,,,,drama,소주연;최원영;공성하,SBS,2025-02-11 ~ 2025-02-12,방영종료,14,14,1,서울특별시,,0,,,0.0,0.0,10.25,10.25,443,,https://kdramamap.com/wp-content/uploads/kdramamap/posters/%EC%9A%B0%EB%A6%AC%EB%93%A4%EC%9D%98%EC%B4%88%EC%BD%9C%EB%A6%BF%EC%88%9C%EA%B0%84.webp,,https://kdramamap.com/drama/%ec%9a%b0%eb%a6%ac%eb%93%a4%ec%9d%98-%ec%b4%88%ec%bd%9c%eb%a6%bf-%ec%88%9c%ea%b0%84/,2026-07-29
w_0193,뷰티인사이드(드라마),,,,drama,서현진;이민기,JTBC,2018-10-01 ~ 2018-11-20,방영종료,13,13,2,서울특별시,,0,,,0.0,0.0,9.88,9.88,444,,https://kdramamap.com/wp-content/uploads/kdramamap/posters/%EB%B7%B0%ED%8B%B0%EC%9D%B8%EC%82%AC%EC%9D%B4%EB%93%9C%28%EB%93%9C%EB%9D%BC%EB%A7%88%29.webp,,https://kdramamap.com/drama/%eb%b7%b0%ed%8b%b0%ec%9d%b8%ec%82%ac%ec%9d%b4%eb%93%9c-%eb%93%9c%eb%9d%bc%eb%a7%88/,2026-07-29
w_0263,실버벨이울리면,,,,drama,송옥순;박상원;예수정;안석환,U+모바일tv,2024-12-18 ~ 2024-12-21,방영종료,13,13,3,서울특별시,,0,,,0.0,0.0,9.88,9.88,445,,https://kdramamap.com/wp-content/uploads/kdramamap/posters/%EC%8B%A4%EB%B2%84%EB%B2%A8%EC%9D%B4%EC%9A%B8%EB%A6%AC%EB%A9%B4.webp,,https://kdramamap.com/drama/%ec%8b%a4%eb%b2%84%eb%b2%a8%ec%9d%b4%ec%9a%b8%eb%a6%ac%eb%a9%b4/,2026-07-29
w_0064,나는돈가스가싫어요,나는 돈가스가 싫어요,The Pork Cutlets,나는 돈가스가 싫어요;The Pork Cutlets;私はトンカツが嫌いです;我討厭炸豬排;I hate pork cutlet,drama,정상훈;전혜빈,MBC,2024-07-05 ~ 2024-07-06,방영종료,9,9,2,경기도,Q126596534,1,,,1.0,0.0,8.38,9.38,446,,https://kdramamap.com/wp-content/uploads/kdramamap/posters/%EB%82%98%EB%8A%94%EB%8F%88%EA%B0%80%EC%8A%A4%EA%B0%80%EC%8B%AB%EC%96%B4%EC%9A%94.webp,,https://kdramamap.com/drama/%eb%82%98%eb%8a%94%eb%8f%88%ea%b0%80%ec%8a%a4%ea%b0%80%ec%8b%ab%ec%96%b4%ec%9a%94/,2026-07-29
w_0035,괴리와냉소,,,,drama,전소민;한승연;임소영,MBN,2024-11-22 ~ 2024-11-22,방영종료,11,11,3,부산광역시,,0,,,0.0,0.0,9.12,9.12,447,,https://kdramamap.com/wp-content/uploads/kdramamap/posters/%EA%B4%B4%EB%A6%AC%EC%99%80%EB%83%89%EC%86%8C.webp,,https://kdramamap.com/drama/%ea%b4%b4%eb%a6%ac%ec%99%80%eb%83%89%ec%86%8c/,2026-07-29
w_0114,더K2,,,,drama,지창욱;임윤아,tvN,2016-09-23 ~ 2016-11-12,방영종료,12,11,1,서울특별시,,0,,,0.0,0.0,9.08,9.08,448,,https://kdramamap.com/wp-content/uploads/kdramamap/posters/%EB%8D%94K2.webp,,https://kdramamap.com/drama/%eb%8d%94k2/,2026-07-29
w_0138,로드투외과의사,,,,drama,김건우;이원정;정신혜,tvN,2025-06-14 ~ 2025-06-14,방영종료,10,10,4,경기도,,0,,,0.0,0.0,8.75,8.75,449,,https://kdramamap.com/wp-content/uploads/kdramamap/posters/%EB%A1%9C%EB%93%9C%ED%88%AC%EC%99%B8%EA%B3%BC%EC%9D%98%EC%82%AC.webp,,https://kdramamap.com/drama/%eb%a1%9c%eb%93%9c%ed%88%ac%ec%99%b8%ea%b3%bc%ec%9d%98%ec%82%ac/,2026-07-29
w_0166,모퉁이를 돌면,,,,drama,정건주;최희진;황세온,KBS2,2024-12-03 ~ 2024-12-03,방영종료,10,10,3,서울특별시,,0,,,0.0,0.0,8.75,8.75,450,,https://kdramamap.com/wp-content/uploads/kdramamap/posters/%EB%AA%A8%ED%89%81%EC%9D%B4%EB%A5%BC%EB%8F%8C%EB%A9%B4.webp,,https://kdramamap.com/drama/%eb%aa%a8%ed%89%81%ec%9d%b4%eb%a5%bc-%eb%8f%8c%eb%a9%b4/,2026-07-29
w_0195,브래지어끈이내려갔다,,,,drama,이주영;신재하,tvN,2024-09-22 ~ 2024-09-22,방영종료,10,10,2,서울특별시,,0,,,0.0,0.0,8.75,8.75,451,,https://kdramamap.com/wp-content/uploads/kdramamap/posters/%EB%B8%8C%EB%9E%98%EC%A7%80%EC%96%B4%EB%81%88%EC%9D%B4%EB%82%B4%EB%A0%A4%EA%B0%94%EB%8B%A4.webp,,https://kdramamap.com/drama/%eb%b8%8c%eb%9e%98%ec%a7%80%ec%96%b4%eb%81%88%ec%9d%b4%eb%82%b4%eb%a0%a4%ea%b0%94%eb%8b%a4/,2026-07-29
w_0399,청년김대건,,,,drama,윤시윤;안성기;김강우,tvN,2025-12-24 ~ 2025-12-26,방영종료,11,10,8,대구광역시,,0,,,0.0,0.0,8.67,8.67,452,,https://kdramamap.com/wp-content/uploads/kdramamap/posters/%EC%B2%AD%EB%85%84%EA%B9%80%EB%8C%80%EA%B1%B4.webp,,https://kdramamap.com/drama/%ec%b2%ad%eb%85%84%ea%b9%80%eb%8c%80%ea%b1%b4/,2026-07-29
w_0050,극야,,,,drama,이재원;최성원,KBS2,2023-10-14 ~ 2023-10-14,방영종료,9,9,1,서울특별시,,0,,,0.0,0.0,8.38,8.38,453,,https://kdramamap.com/wp-content/uploads/kdramamap/posters/%EA%B7%B9%EC%95%BC.webp,,https://kdramamap.com/drama/%ea%b7%b9%ec%95%bc/,2026-07-29
w_0121,도현의고백,,,,drama,이연;차선우,KBS2,2023-10-28 ~ 2023-10-28,방영종료,9,9,3,서울특별시,,0,,,0.0,0.0,8.38,8.38,454,,https://kdramamap.com/wp-content/uploads/kdramamap/posters/%EB%8F%84%ED%98%84%EC%9D%98%EA%B3%A0%EB%B0%B1.webp,,https://kdramamap.com/drama/%eb%8f%84%ed%98%84%ec%9d%98%ea%b3%a0%eb%b0%b1/,2026-07-29
w_0179,발바닥이뜨거워서,,,,drama,오예주;김강민,KBS2,2024-12-10 ~ 2024-12-10,방영종료,9,9,4,인천광역시,,0,,,0.0,0.0,8.38,8.38,455,,https://kdramamap.com/wp-content/uploads/kdramamap/posters/%EB%B0%9C%EB%B0%94%EB%8B%A5%EC%9D%B4%EB%9C%A8%EA%B1%B0%EC%9B%8C%EC%84%9C.webp,,https://kdramamap.com/drama/%eb%b0%9c%eb%b0%94%eb%8b%a5%ec%9d%b4%eb%9c%a8%ea%b1%b0%ec%9b%8c%ec%84%9c/,2026-07-29
w_0235,수령인,,,,drama,강신;조준영,OCN,2024-10-13 ~ 2024-10-20,방영종료,9,9,3,전남광주통합특별시,,0,,,0.0,0.0,8.38,8.38,456,,https://kdramamap.com/wp-content/uploads/kdramamap/posters/%EC%88%98%EB%A0%B9%EC%9D%B8.webp,,https://kdramamap.com/drama/%ec%88%98%eb%a0%b9%ec%9d%b8/,2026-07-29
w_0175,밀키드,,,,drama,박나은;정대현,웹드라마,2020-11-16 ~ 2020-11-16,방영종료,8,8,1,서울특별시,,0,,,0.0,0.0,8.0,8.0,457,,https://kdramamap.com/wp-content/uploads/kdramamap/posters/%EB%B0%80%ED%82%A4%EB%93%9C.webp,,https://kdramamap.com/drama/%eb%b0%80%ed%82%a4%eb%93%9c/,2026-07-29
w_0178,반쪽짜리거짓말,,,,drama,김시우;안세빈,KBS2,2023-10-21 ~ 2023-10-21,방영종료,8,8,2,강원특별자치도,,0,,,0.0,0.0,8.0,8.0,458,,https://kdramamap.com/wp-content/uploads/kdramamap/posters/%EB%B0%98%EC%AA%BD%EC%A7%9C%EB%A6%AC%EA%B1%B0%EC%A7%93%EB%A7%90.webp,,https://kdramamap.com/drama/%eb%b0%98%ec%aa%bd%ec%a7%9c%eb%a6%ac%ea%b1%b0%ec%a7%93%eb%a7%90/,2026-07-29
w_0258,신병3,,,,drama,김민호;남태우;김동준,ENA,2025-04-07 ~ 2025-04-28,방영종료,8,8,2,경기도,,0,,,0.0,0.0,8.0,8.0,459,,https://kdramamap.com/wp-content/uploads/kdramamap/posters/%EC%8B%A0%EB%B3%913.webp,,https://kdramamap.com/drama/%ec%8b%a0%eb%b3%913/,2026-07-29
w_0048,그림자고백,,,,drama,렌;박상남;홍승희,KBS2,2023-12-09 ~ 2023-12-09,방영종료,7,7,5,경상북도,,0,,,0.0,0.0,7.62,7.62,460,,https://kdramamap.com/wp-content/uploads/kdramamap/posters/%EA%B7%B8%EB%A6%BC%EC%9E%90%EA%B3%A0%EB%B0%B1.webp,,https://kdramamap.com/drama/%ea%b7%b8%eb%a6%bc%ec%9e%90%ea%b3%a0%eb%b0%b1/,2026-07-29
w_0090,냥육권전쟁,,,,drama,윤두준;김슬기,tvN,2025-08-17 ~ 2025-08-17,방영종료,7,7,3,경기도,,0,,,0.0,0.0,7.62,7.62,461,,https://kdramamap.com/wp-content/uploads/kdramamap/posters/%EB%83%A5%EC%9C%A1%EA%B6%8C%EC%A0%84%EC%9F%81.webp,,https://kdramamap.com/drama/%eb%83%a5%ec%9c%a1%ea%b6%8c%ec%a0%84%ec%9f%81/,2026-07-29
w_0332,원경-단오의인연,,,,drama,차주영;이현욱,TVING,2025-01-21 ~ 2025-01-21,방영종료,7,7,4,경상북도,,0,,,0.0,0.0,7.62,7.62,462,,https://kdramamap.com/wp-content/uploads/kdramamap/posters/%EC%9B%90%EA%B2%BD-%EB%8B%A8%EC%98%A4%EC%9D%98%EC%9D%B8%EC%97%B0.webp,,https://kdramamap.com/drama/%ec%9b%90%ea%b2%bd-%eb%8b%a8%ec%98%a4%ec%9d%98%ec%9d%b8%ec%97%b0/,2026-07-29
w_0029,고물상미란이,,,,drama,임세미;이시우,tvN,2024-08-19 ~ 2024-08-19,방영종료,6,6,3,인천광역시,,0,,,0.0,0.0,7.25,7.25,463,,https://kdramamap.com/wp-content/uploads/kdramamap/posters/%EA%B3%A0%EB%AC%BC%EC%83%81%EB%AF%B8%EB%9E%80%EC%9D%B4.webp,,https://kdramamap.com/drama/%ea%b3%a0%eb%ac%bc%ec%83%81%eb%af%b8%eb%9e%80%ec%9d%b4/,2026-07-29
w_0323,우리들이있었다,,,,drama,김현수;이민재;강나언,KBS2,2023-11-04 ~ 2023-11-04,방영종료,6,6,2,경기도,,0,,,0.0,0.0,7.25,7.25,464,,https://kdramamap.com/wp-content/uploads/kdramamap/posters/%EC%9A%B0%EB%A6%AC%EB%93%A4%EC%9D%B4%EC%9E%88%EC%97%88%EB%8B%A4.webp,,https://kdramamap.com/drama/%ec%9a%b0%eb%a6%ac%eb%93%a4%ec%9d%b4%ec%9e%88%ec%97%88%eb%8b%a4/,2026-07-29
w_0411,층간,,,,drama,백시연;윤지민;안창환,MBN,2025-10-17 ~ 2025-10-17,방영종료,6,6,2,인천광역시,,0,,,0.0,0.0,7.25,7.25,465,,https://kdramamap.com/wp-content/uploads/kdramamap/posters/%EC%B8%B5%EA%B0%84.webp,,https://kdramamap.com/drama/%ec%b8%b5%ea%b0%84/,2026-07-29
w_0314,오버랩나이프나이프,,,,drama,김동휘;조아람,KBS2,2023-12-02 ~ 2023-12-02,방영종료,5,5,3,서울특별시,,0,,,0.0,0.0,6.88,6.88,466,,https://kdramamap.com/wp-content/uploads/kdramamap/posters/%EC%98%A4%EB%B2%84%EB%9E%A9%EB%82%98%EC%9D%B4%ED%94%84%EB%82%98%EC%9D%B4%ED%94%84.webp,,https://kdramamap.com/drama/%ec%98%a4%eb%b2%84%eb%9e%a9%eb%82%98%ec%9d%b4%ed%94%84%eb%82%98%ec%9d%b4%ed%94%84/,2026-07-29
w_0421,키스라이팅,,,,drama,정혁;이명준;이수민,유튜브 THE K-POP,2024-11-13 ~ 2024-11-13,방영종료,5,5,1,서울특별시,,0,,,0.0,0.0,6.88,6.88,467,,https://kdramamap.com/wp-content/uploads/kdramamap/posters/%ED%82%A4%EC%8A%A4%EB%9D%BC%EC%9D%B4%ED%8C%85.webp,,https://kdramamap.com/drama/%ed%82%a4%ec%8a%a4%eb%9d%bc%ec%9d%b4%ed%8c%85/,2026-07-29
w_0272,아름다운우리여름,,,,drama,장규리;유영재,tvN,2024-09-14 ~ 2024-09-15,방영종료,4,4,2,인천광역시,,0,,,0.0,0.0,6.5,6.5,468,,https://kdramamap.com/wp-content/uploads/kdramamap/posters/%EC%95%84%EB%A6%84%EB%8B%A4%EC%9A%B4%EC%9A%B0%EB%A6%AC%EC%97%AC%EB%A6%84.webp,,https://kdramamap.com/drama/%ec%95%84%eb%a6%84%eb%8b%a4%ec%9a%b4%ec%9a%b0%eb%a6%ac%ec%97%ac%eb%a6%84/,2026-07-29
w_0305,영복사치코,,,,drama,강미나;최리,KBS2,2024-11-26 ~ 2024-11-26,방영종료,4,4,4,경기도,,0,,,0.0,0.0,6.5,6.5,469,,https://kdramamap.com/wp-content/uploads/kdramamap/posters/%EC%98%81%EB%B3%B5%EC%82%AC%EC%B9%98%EC%BD%94.webp,,https://kdramamap.com/drama/%ec%98%81%eb%b3%b5%ec%82%ac%ec%b9%98%ec%bd%94/,2026-07-29
w_0144,마님은왜마당쇠에게고기를주었나,,,,drama,박하선;김주헌,KBS2,2023-11-18 ~ 2023-11-18,방영종료,3,3,1,경상북도,,0,,,0.0,0.0,6.12,6.12,470,,https://kdramamap.com/wp-content/uploads/kdramamap/posters/%EB%A7%88%EB%8B%98%EC%9D%80%EC%99%9C%EB%A7%88%EB%8B%B9%EC%87%A0%EC%97%90%EA%B2%8C%EA%B3%A0%EA%B8%B0%EB%A5%BC%EC%A3%BC%EC%97%88%EB%82%98.webp,,https://kdramamap.com/drama/%eb%a7%88%eb%8b%98%ec%9d%80%ec%99%9c%eb%a7%88%eb%8b%b9%ec%87%a0%ec%97%90%ea%b2%8c%ea%b3%a0%ea%b8%b0%eb%a5%bc%ec%a3%bc%ec%97%88%eb%82%98/,2026-07-29
w_0203,사관은논한다,,,,drama,탕준상;남다름,KBS2,2024-11-05 ~ 2024-11-05,방영종료,3,3,3,강원특별자치도,,0,,,0.0,0.0,6.12,6.12,471,,https://kdramamap.com/wp-content/uploads/kdramamap/posters/%EC%82%AC%EA%B4%80%EC%9D%80%EB%85%BC%ED%95%9C%EB%8B%A4.webp,,https://kdramamap.com/drama/%ec%82%ac%ea%b4%80%ec%9d%80%eb%85%bc%ed%95%9c%eb%8b%a4/,2026-07-29
w_0239,수운잡방,,,,drama,윤산하;김강민,KBS2,2023-12-16 ~ 2023-12-16,방영종료,3,3,2,경상북도,,0,,,0.0,0.0,6.12,6.12,472,,https://kdramamap.com/wp-content/uploads/kdramamap/posters/%EC%88%98%EC%9A%B4%EC%9E%A1%EB%B0%A9.webp,,https://kdramamap.com/drama/%ec%88%98%ec%9a%b4%ec%9e%a1%eb%b0%a9/,2026-07-29
w_0271,아들이죽었다,,,,drama,장승조;이설,tvN,2024-10-08 ~ 2024-10-08,방영종료,3,3,2,서울특별시,,0,,,0.0,0.0,6.12,6.12,473,,https://kdramamap.com/wp-content/uploads/kdramamap/posters/%EC%95%84%EB%93%A4%EC%9D%B4%EC%A3%BD%EC%97%88%EB%8B%A4.webp,,https://kdramamap.com/drama/%ec%95%84%eb%93%a4%ec%9d%b4%ec%a3%bd%ec%97%88%eb%8b%a4/,2026-07-29
w_0445,폭염주의보,,,,drama,문우진;박서경;최현진,KBS2,2023-11-11 ~ 2023-11-11,방영종료,3,3,3,서울특별시,,0,,,0.0,0.0,6.12,6.12,474,,https://kdramamap.com/wp-content/uploads/kdramamap/posters/%ED%8F%AD%EC%97%BC%EC%A3%BC%EC%9D%98%EB%B3%B4.webp,,https://kdramamap.com/drama/%ed%8f%ad%ec%97%bc%ec%a3%bc%ec%9d%98%eb%b3%b4/,2026-07-29
w_0470,화자의스칼렛,,,,drama,오나라;김시은;서영희,tvN,2025-10-03 ~ 2025-10-03,방영종료,3,3,2,경기도,,0,,,0.0,0.0,6.12,6.12,475,,https://kdramamap.com/wp-content/uploads/kdramamap/posters/%ED%99%94%EC%9E%90%EC%9D%98%EC%8A%A4%EC%B9%BC%EB%A0%9B.webp,,https://kdramamap.com/drama/%ed%99%94%ec%9e%90%ec%9d%98%ec%8a%a4%ec%b9%bc%eb%a0%9b/,2026-07-29
w_0030,고백공격,,,,drama,김도훈;채원빈,KBS2,2023-11-25 ~ 2023-11-25,방영종료,2,2,1,서울특별시,,0,,,0.0,0.0,5.75,5.75,476,,https://kdramamap.com/wp-content/uploads/kdramamap/posters/%EA%B3%A0%EB%B0%B1%EA%B3%B5%EA%B2%A9.webp,,https://kdramamap.com/drama/%ea%b3%a0%eb%b0%b1%ea%b3%b5%ea%b2%a9/,2026-07-29
