id,title,place_name,mention_doc_count,popularity_score,근거_URL_상위3
mv_2668,1987,연희네 슈퍼,22,100.0,https://blog.naver.com/axax79/224337762157 | https://blog.naver.com/wlstn291/224359752660 | https://blog.naver.com/chunwya/222326059278
mv_2663,1987,문화공감수정,0,0.0,
mv_2669,1987,청남대,0,0.0,
st_00101,21세기대군부인,아원고택,21,100.0,https://blog.naver.com/majara78/224335814455 | https://blog.naver.com/elelash_/224298723459 | https://blog.naver.com/baenadj/224286866661
st_00114,21세기대군부인,무진정,15,71.4,https://blog.naver.com/urjj/224251239675 | https://blog.naver.com/maneros_camping/224249459485 | https://blog.naver.com/bladekwon/224232583524
st_00102,21세기대군부인,소양고택,13,61.9,https://blog.naver.com/baenadj/224286866661 | https://blog.naver.com/baenadj/224284540126 | https://blog.naver.com/firehouse79/224337014460
st_00100,21세기대군부인,백제문화단지,13,61.9,https://blog.naver.com/dw00414/224038775042 | https://blog.naver.com/urjj/224251239675 | https://blog.naver.com/maneros_camping/224249459485
st_00103,21세기대군부인,광한루원,10,47.6,https://blog.naver.com/kk46521/224249393213 | https://blog.naver.com/bladekwon/224232583524 | https://blog.naver.com/kk4652/224277875014
st_00050,21세기대군부인,경복궁,10,47.6,https://blog.naver.com/urjj/224251239675 | https://blog.naver.com/maneros_camping/224249459485 | https://blog.naver.com/1asset1/224267682716
st_00057,21세기대군부인,경희대학교,8,38.1,https://blog.naver.com/dw00414/224038775042 | https://blog.naver.com/urjj/224251239675 | https://blog.naver.com/maneros_camping/224249459485
st_00043,21세기대군부인,국립중앙박물관,7,33.3,https://blog.naver.com/kk46521/224249393213 | https://blog.naver.com/bladekwon/224232583524 | https://blog.naver.com/l_j_0115/224249265908
st_00106,21세기대군부인,예천진호국제양궁장,7,33.3,https://blog.naver.com/urjj/224251239675 | https://blog.naver.com/maneros_camping/224249459485 | https://blog.naver.com/1asset1/224267682716
st_00086,21세기대군부인,화서문,6,28.6,https://blog.naver.com/urjj/224251239675 | https://blog.naver.com/maneros_camping/224249459485 | https://blog.naver.com/1asset1/224267682716
st_20279,21세기 대군부인,수영만 요트경기장,5,23.8,https://blog.naver.com/dw00414/224038775042 | https://blog.naver.com/cozytip/224039019128 | https://blog.naver.com/somang9006/224257218172
st_00095,21세기대군부인,뮤지엄산,4,19.0,https://blog.naver.com/urjj/224252217307 | https://blog.naver.com/u__bling/224254959954
st_00034,21세기대군부인,고척스카이돔,3,14.3,https://blog.naver.com/bladekwon/224232583524 | https://blog.naver.com/esilverjin/224257722099 | https://blog.naver.com/auavvvs8/224287828191
st_00096,21세기대군부인,더한옥헤리티지,3,14.3,https://blog.naver.com/maneros_camping/224249459485 | https://blog.naver.com/bladekwon/224232583524 | https://blog.naver.com/urjj/224252217307
mv_1585_01,7번방의 선물,익산교도소세트장,21,100.0,https://blog.naver.com/have-sense/224310583592 | https://blog.naver.com/purebluestairs/224265731739 | https://blog.naver.com/ryugu000/224038687294
mv_1585_02,7번방의 선물,홍제동 개미마을,3,14.3,https://blog.naver.com/hs21589/220500954057 | https://blog.naver.com/8252jang/30174436408 | https://blog.naver.com/stkstkim/30168463304
st_20069,D.P.,부천 까치울 부대(옛 61사단 177연대),0,0.0,
st_20072,D.P.,사창리터미널,0,0.0,
st_20073,D.P.,울산대학교,0,0.0,
st_00486,S라인,서울공업고등학교,1,100.0,https://blog.naver.com/location_info/223930964289
st_00490,S라인,삼산경찰서,1,100.0,https://blog.naver.com/location_info/223930964289
st_00487,S라인,완성빌라,1,100.0,https://blog.naver.com/location_info/223930964289
st_20079,갯마을 차차차,윤치과(청진3리어민복지회관),46,100.0,http://blog.naver.com/blueblublue/222507569435 | http://blog.naver.com/momentstudio_/222529869126 | http://blog.naver.com/seonju4451/222510847521
st_20077,갯마을 차차차,보라슈퍼,45,97.8,http://blog.naver.com/blueblublue/222507569435 | http://blog.naver.com/seonju4451/222510847521 | http://blog.naver.com/bright2kms/222552677735
st_20076,갯마을 차차차,청호철물,35,76.1,http://blog.naver.com/blueblublue/222507569435 | http://blog.naver.com/seonju4451/222510847521 | http://blog.naver.com/bright2kms/222552677735
st_20075,갯마을 차차차,오윤카페(한낮에 커피 달밤에 맥주),29,63.0,http://blog.naver.com/blueblublue/222507569435 | http://blog.naver.com/seonju4451/222510847521 | https://blog.naver.com/blueblublue/222507569435
st_20074,갯마을 차차차,청하공진시장,28,60.9,https://blog.naver.com/moonsun116/224187001511 | https://blog.naver.com/bmj1146/223023766494 | https://blog.naver.com/chogouu/222798940843
st_20081,갯마을 차차차,이가리 닻 전망대,19,41.3,http://blog.naver.com/seonju4451/222510847521 | https://blog.naver.com/seonju4451/222510847521 | https://blog.naver.com/adora_in_me/222533961936
st_20089,갯마을 차차차,월포해수욕장,17,37.0,http://blog.naver.com/blueblublue/222507569435 | http://blog.naver.com/seonju4451/222510847521 | https://blog.naver.com/blueblublue/222507569435
st_20090,갯마을 차차차,곤륜산 활공장,7,15.2,http://blog.naver.com/momentstudio_/222529869126 | https://blog.naver.com/momentstudio_/222529869126 | https://blog.naver.com/h_m1221/222851765018
st_20085,갯마을 차차차,석병1리 방파제,4,8.7,http://blog.naver.com/seonju4451/222510847521 | https://blog.naver.com/seonju4451/222510847521 | https://blog.naver.com/thanklk/222519059417
mv_2385,검사외전,익산 교도소 세트장,2,100.0,
mv_2383,검사외전,대청마루I,0,0.0,
mv_2381,검사외전,부산외국어대학교 우암동캠퍼스(구),0,0.0,
st_01452,경이로운소문2,이케아 고양점,7,100.0,https://blog.naver.com/kws3128pdm/224310389268 | https://blog.naver.com/kws3128pdm/223766237520 | https://blog.naver.com/my1002/223210688378
st_01413,경이로운소문2,루하스사우나,3,42.9,https://blog.naver.com/kws3128pdm/224310389268 | https://blog.naver.com/redmee2/223203407604 | https://blog.naver.com/hsc_one1/223162991545
st_01461,경이로운소문2,금강랜드,2,28.6,https://blog.naver.com/hsc_one1/223162991545 | https://blog.naver.com/redmee2/223203373769
st_01442,경이로운소문2,서정대학교 서정관,2,28.6,https://blog.naver.com/hsc_one1/223162991545 | https://blog.naver.com/redmee2/223184988288
st_01426,경이로운소문2,동부빌딩,2,28.6,https://blog.naver.com/my1002/223210688378 | https://blog.naver.com/hsc_one1/223162991545
st_01450,경이로운소문2,일산호수공원선인장전시관,2,28.6,https://blog.naver.com/hsc_one1/223162991545 | https://blog.naver.com/redmee2/223184167275
mv_2758,공조,낙산공원,1,100.0,https://blog.naver.com/tty21/223176314135
mv_2753,공조,라한셀렉트 경주,0,0.0,
mv_2757,공조,이태원세계음식거리,0,0.0,
mv_5897_01,공조2: 인터내셔날,나진상가,3,100.0,https://blog.naver.com/5830666/220433581821 | https://blog.naver.com/5830666/220132227399 | https://blog.naver.com/5830666/220254683107
mv_5897_06,공조2: 인터내셔날,조선팰리스 강남,1,33.3,https://forcar.tistory.com/636
mv_5897_04,공조2: 인터내셔날,세빛섬,1,33.3,https://forcar.tistory.com/636
mv_1611_01,관상,설매재자연휴양림,8,100.0,https://blog.naver.com/kimrg/220515779687 | https://blog.naver.com/hanjun66/220192234983 | http://blog.naver.com/mhyoungman/222063337226
mv_1611_04,관상,궁남지,6,75.0,https://blog.naver.com/seaotterhehe/224183590711 | http://blog.naver.com/seaotterhehe/224183590711 | http://blog.naver.com/buyeoguntour/220039702282
mv_1611_02,관상,용문사,0,0.0,
st_01618,광장,성모의원,3,100.0,https://blog.naver.com/bladekwon/223891951186 | https://blog.naver.com/gilde613/223065952568 | https://blog.naver.com/mozzzang/223366609487
st_01607,광장,국회의사당,2,66.7,https://blog.naver.com/bladekwon/223891951186 | https://blog.naver.com/stoccatore/221583414495
st_01621,광장,의림여관,1,33.3,https://blog.naver.com/bladekwon/223891951186
mv_1363_02,"광해, 왕이 된 남자",부안영상테마파크,7,100.0,https://blog.naver.com/gpal5062/224285100079 | https://gaorida.tistory.com/3 | https://blog.naver.com/ryu71s/224285834372
mv_1363_01,"광해, 왕이 된 남자",문경새재 오픈세트장,6,85.7,https://blog.naver.com/gyeongbuk_official/224282014023 | https://blog.naver.com/axax79/224194349423 | https://blog.naver.com/keklove1009/224248479840
mv_1363_07,"광해, 왕이 된 남자",전주 경기전,5,71.4,https://tiempolibre.tistory.com/79 | https://dondedonde.tistory.com/122 | https://blog.naver.com/minago_/224202067859
mv_1363_06,"광해, 왕이 된 남자",남원 광한루원,2,28.6,https://blog.naver.com/parksb44/221444635696 | https://blog.naver.com/ryu71s/224285834372
mv_0478,괴물,동작대교,1,100.0,https://blog.naver.com/hs21589/220811960991
mv_0476,괴물,잠실대교,1,100.0,https://blog.naver.com/orrbogu0/223638316779
mv_0477,괴물,여의도공원,0,0.0,
mv_0888_01,국가대표,알펜시아 스키점프센터,4,100.0,https://blog.naver.com/kary_oung/222630779964 | https://blog.naver.com/yulki_family/224343484334 | https://blog.naver.com/heika1502/222990066212
mv_0888_02,국가대표,부귀 메타세쿼이아길,1,25.0,https://blog.naver.com/tooafestivaltour/223861711350
mv_1766_02,국제시장,국제시장(꽃분이네),64,100.0,https://blog.naver.com/joyhm_/224356277058 | https://blog.naver.com/raonese/224270503738 | https://blog.naver.com/omorningnote/220228610178
mv_1766_01,국제시장,용두산공원,13,20.3,https://blog.naver.com/omorningnote/220228610178 | https://blog.naver.com/spxl1010/222344822240 | https://blog.naver.com/hs21589/221484323450
mv_1766_06,국제시장,천마산 하늘전망대,8,12.5,https://blog.naver.com/raonese/224270503738 | https://blog.naver.com/spxl1010/222344822240 | https://blog.naver.com/kikitravellife/224101464879
mv_3837,극한직업,배다리헌책방거리,18,100.0,https://blog.naver.com/cjhtype/221446609300 | https://blog.naver.com/incheontogi/222291198013 | https://blog.naver.com/woaks6649/224120525898
mv_3839,극한직업,광양항,6,33.3,https://blog.naver.com/gwangyangsi/221462846842 | https://blog.naver.com/zzkkc/224231144507 | https://blog.naver.com/sarangcho10/221461410414
mv_3841,극한직업,장항항,1,5.6,https://blog.naver.com/sarangcho10/221461410414
mv_3810_04,기생충,스카이피자,21,100.0,https://blog.naver.com/hshyun0602/221571821741 | https://blog.naver.com/ostw/221809001878 | https://blog.naver.com/ditongss/221807264360
mv_3810_01,기생충,돼지쌀슈퍼,18,85.7,https://blog.naver.com/ostw/221809001878 | https://blog.naver.com/fmfaith/221810461413 | https://blog.naver.com/hotpink3/221810329227
st_02409,기생충,돼지슈퍼,17,81.0,https://blog.naver.com/hshyun0602/221571821741 | https://blog.naver.com/ditongss/221807264360 | https://blog.naver.com/fmfaith/221810461413
st_02415,기생충,자하문터널계단,15,71.4,https://blog.naver.com/kslee0691/224289693818 | https://blog.naver.com/ostw/221809001878 | https://blog.naver.com/fmfaith/221810461413
st_02410,기생충,기택동네계단,13,61.9,https://blog.naver.com/ostw/221809001878 | https://blog.naver.com/fmfaith/221810461413 | https://blog.naver.com/huo223/221809273646
st_02412,기생충,박사장집,8,38.1,https://blog.naver.com/hshyun0602/221571821741 | https://blog.naver.com/cjhtype/221547151767 | https://blog.naver.com/ditongss/221807264360
st_02413,기생충,올가홀푸드,4,19.0,https://blog.naver.com/hshyun0602/221571821741 | https://blog.naver.com/ditongss/221807264360 | https://blog.naver.com/mhn_news/223969918764
st_02416,기생충,높은계단,3,14.3,https://blog.naver.com/hshyun0602/221571821741 | https://blog.naver.com/kdh6988/221944710121 | http://blog.naver.com/hshyun0602/221571821741
st_02591,김부장,호텔리베라 거제,11,100.0,https://blog.naver.com/min0938/224330233554 | https://blog.naver.com/moen6760/224350640945 | https://blog.naver.com/buja1202/224328362037
st_02593,김부장,소낭구펜션,11,100.0,https://blog.naver.com/min0938/224330233554 | https://blog.naver.com/buja1202/224328362037 | https://blog.naver.com/jh2soft/224346601283
st_02572,김부장,세람저축은행 본점,7,63.6,https://blog.naver.com/min0938/224330233554 | https://blog.naver.com/ryu71s/224334664141 | https://blog.naver.com/buja1202/224328362037
st_02548,김부장,SBS일산제작센터,6,54.5,https://blog.naver.com/min0938/224330233554 | https://blog.naver.com/ryu71s/224334664141 | https://blog.naver.com/rbfl2014/224362226328
st_02519,김부장,정릉로8길,6,54.5,https://blog.naver.com/min0938/224330233554 | https://blog.naver.com/ryu71s/224334664141 | https://blog.naver.com/moen6760/224350640945
st_02521,김부장,대진고등학교,6,54.5,https://blog.naver.com/min0938/224330233554 | https://blog.naver.com/ryu71s/224334664141 | https://blog.naver.com/buja1202/224328362037
st_02517,김부장,평창사 세탁,6,54.5,https://blog.naver.com/min0938/224330233554 | https://blog.naver.com/moen6760/224350640945 | https://blog.naver.com/marieyong/224344207158
st_02529,김부장,제물포시장,5,45.5,https://blog.naver.com/min0938/224330233554 | https://blog.naver.com/ryu71s/224334664141 | https://blog.naver.com/cheezes2/224336861993
st_02587,김부장,캐슬라콘티넨탈,5,45.5,https://blog.naver.com/zozodndn/224337018660 | https://blog.naver.com/buja1202/224328362037 | https://blog.naver.com/cheezes2/224336861993
st_02592,김부장,옥화마을,5,45.5,https://blog.naver.com/newswa_official/224362690210 | https://blog.naver.com/cheezes2/224336861993 | https://blog.naver.com/mkts98/224342679098
st_02537,김부장,크리스찬메모리얼파크,5,45.5,https://blog.naver.com/min0938/224330233554 | https://blog.naver.com/ryu71s/224334664141 | https://blog.naver.com/buja1202/224328362037
st_02545,김부장,문발초등학교앞,5,45.5,https://blog.naver.com/min0938/224330233554 | https://blog.naver.com/ryu71s/224334664141 | https://blog.naver.com/cheezes2/224336861993
st_02549,김부장,얼반웍스스튜디오,5,45.5,https://blog.naver.com/min0938/224330233554 | https://blog.naver.com/ryu71s/224334664141 | https://blog.naver.com/redpow1306/224339245993
st_02552,김부장,포유포레,5,45.5,https://blog.naver.com/min0938/224330233554 | https://blog.naver.com/ryu71s/224334664141 | https://blog.naver.com/buja1202/224328362037
st_02513,김부장,마포소금구이,4,36.4,https://blog.naver.com/min0938/224330233554 | https://blog.naver.com/ryu71s/224334664141 | https://blog.naver.com/buja1202/224328362037
st_20316,김비서가 왜 그럴까,보정동 카페거리,4,100.0,https://blog.naver.com/govlrodtnr/224088520082 | https://blog.naver.com/dirch10/224203162580
st_20315,김비서가 왜 그럴까,지혜의숲,4,100.0,https://blog.naver.com/gyeonggi_gov/221309422830 | https://blog.naver.com/yan8475/221332420411 | https://blog.naver.com/angelafox2/221316784056
st_20314,김비서가 왜 그럴까,한탄강 하늘다리,4,100.0,https://blog.naver.com/gyeonggi_gov/221309422830 | https://blog.naver.com/yan8475/221332420411 | https://blog.naver.com/tlsqhtjs20/224105609334
st_20326,나빌레라,비맨션,10,100.0,https://blog.naver.com/truelite/222339987964 | https://blog.naver.com/tlstjsgud1/222759331883 | https://blog.naver.com/aesop77/222911201856
st_20330,나빌레라,웅진플레이도시,1,10.0,https://blog.naver.com/seaotterhehe/223784386712
st_02803,나빌레라,여의도한강공원,1,10.0,https://blog.naver.com/cozyspring/224271748051
st_02899,나쁜엄마,한밤마을,16,100.0,https://blog.naver.com/gyeongbuk_official/223139839935 | https://blog.naver.com/daegu_news/223130570045 | https://blog.naver.com/micbae2/223093902655
st_20336,나쁜엄마,미래농원 MRNW,2,12.5,https://blog.naver.com/chlqhgus1107/223086307728 | https://blog.naver.com/wkaehfdl1/223125240576
st_02903,나쁜엄마,구미여자상업고,2,12.5,https://blog.naver.com/micbae2/223093902655 | https://blog.naver.com/redmee2/223110630728
st_20341,나의 아저씨,백빈건널목(삼각지 철길건널목),26,100.0,https://blog.naver.com/bk85219/221258793232 | https://blog.naver.com/joju1004/223343297755 | https://blog.naver.com/dxsuckit69/223347147126
st_02944,나의아저씨,철도건널목,14,53.8,https://blog.naver.com/bk85219/221258793232 | https://blog.naver.com/dxsuckit69/223347147126 | https://blog.naver.com/heeya_da/223310620989
st_02933,나의아저씨,서울 용산구,11,42.3,https://blog.naver.com/ehyeon/224328405919 | https://blog.naver.com/elliws/222768481522 | https://blog.naver.com/minigun86/224038501678
st_20342,나의 아저씨,정희네(정희의 집·편의점),6,23.1,https://blog.naver.com/jsy9350/221267088918 | https://blog.naver.com/wxy77777/221292869187 | https://blog.naver.com/project_pop/224350503612
st_20347,나의 아저씨,정수사(강화),5,19.2,https://blog.naver.com/mimiiam/224344468762 | https://blog.naver.com/j2bmshop/224330498730 | https://blog.naver.com/travel_heehee/224264473636
st_02943,나의아저씨,꼬꼬닭,5,19.2,https://blog.naver.com/ds1cvq/222784778172 | https://blog.naver.com/elliws/222768481522 | https://blog.naver.com/iamwinmir/221412100669
st_02936,나의아저씨,한강대교,3,11.5,https://blog.naver.com/browniris7/222649385690 | https://blog.naver.com/zeckur/221458673613 | https://blog.naver.com/hari_bo/222336497979
st_02909,나의아저씨,만석어린이공원,3,11.5,https://blog.naver.com/project_pop/224350503612
st_02922,나의아저씨,연안아파트상가,3,11.5,https://blog.naver.com/bk85219/221264670641
st_03427,낭만닥터김사부3,돌담병원,48,100.0,https://blog.naver.com/soniatrip/224187323483 | https://blog.naver.com/zzus_diary/224188937248 | https://blog.naver.com/ainihs/224032747702
st_03428,낭만닥터김사부3,산정호수 둘레길,20,41.7,https://blog.naver.com/lele001/223068754553 | https://blog.naver.com/merci0804/223078659155 | https://blog.naver.com/subiaco09/224178850464
st_03436,낭만닥터김사부3,문화8구역(재개발지역),2,4.2,https://blog.naver.com/redmee2/223113661407 | https://blog.naver.com/7755qq/223930029994
st_03704,내남편과결혼해줘,지혜의숲,4,100.0,https://blog.naver.com/redmee2/223360573164 | https://blog.naver.com/parkbot1/223392441625
st_03740,내남편과결혼해줘,옥천횟집,4,100.0,https://blog.naver.com/marsanna/223716398486 | https://blog.naver.com/hsc_one1/223345553872
st_03742,내남편과결혼해줘,법기수원지,4,100.0,https://blog.naver.com/redmee2/223362921776 | https://blog.naver.com/redmee2/223332154722
st_20352,내 남편과 결혼해줘,IFC서울,4,100.0,https://blog.naver.com/redmee2/223313674280 | https://blog.naver.com/redmee2/223360074934
st_03726,내남편과결혼해줘,청평호,4,100.0,https://blog.naver.com/hsc_one1/223359100926 | https://blog.naver.com/hsc_one1/223337994824
st_03739,내남편과결혼해줘,중리항방파제등대,4,100.0,https://blog.naver.com/marsanna/223716398486 | https://blog.naver.com/hsc_one1/223345553872
st_03741,내남편과결혼해줘,다대포해수욕장,3,75.0,https://blog.naver.com/hsc_one1/223345553872
st_20351,내 남편과 결혼해줘,청계천,3,75.0,https://blog.naver.com/eunpiri715/224360292697
st_03730,내남편과결혼해줘,봄파머스가든,2,50.0,https://blog.naver.com/redmee2/223331434690 | https://blog.naver.com/hsc_one1/223330859381
st_03638,내남편과결혼해줘,T12,2,50.0,https://blog.naver.com/hsc_one1/223352948071 | https://blog.naver.com/redmee2/223356651906
st_03698,내남편과결혼해줘,화적연,2,50.0,https://blog.naver.com/hsc_one1/223330859381 | https://blog.naver.com/redmee2/223362921776
st_03708,내남편과결혼해줘,교하정,2,50.0,https://blog.naver.com/hsc_one1/223345553872 | https://blog.naver.com/redmee2/223345874153
st_03732,내남편과결혼해줘,마임비전빌리지,2,50.0,
st_03715,내남편과결혼해줘,오르비제빌리지,2,50.0,https://blog.naver.com/redmee2/223338987203 | https://blog.naver.com/hsc_one1/223345553872
mv_2032,내부자들,아소산 일산본점,2,100.0,https://blog.naver.com/ooooosol/220829477195 | https://blog.naver.com/szszsz79/220943075456
mv_2036,내부자들,운보의 집,1,50.0,http://blog.naver.com/hs21589/221108177860
mv_2034,내부자들,마포공덕시장,0,0.0,
st_04187,눈물의여왕,일월수목원,22,95.7,https://blog.naver.com/greeny0_0/224309699215 | https://blog.naver.com/kgh4486/224293645725 | https://blog.naver.com/learning_tour/223401083494
st_20356,눈물의 여왕,용연리마을(용두리),21,91.3,https://blog.naver.com/lmykys/223580423258 | https://blog.naver.com/redmee2/223385606330 | https://blog.naver.com/lovej804/223391050233
st_04238,눈물의여왕,더현대대구,11,47.8,https://blog.naver.com/hsc_one1/223385819326 | https://blog.naver.com/riael1230/223383293496 | https://blog.naver.com/lemon_ning/223536189237
st_04198,눈물의여왕,연풍순교성지,11,47.8,https://blog.naver.com/sun022711/224250190116 | https://blog.naver.com/xblove0701/224061122503 | https://blog.naver.com/goesan-gun/223893346083
st_04299,뉴토피아,강남대로,10,100.0,https://blog.naver.com/raonese/223754105363 | https://blog.naver.com/hsc_one1/223752561636 | https://blog.naver.com/eeeooot/223754415964
st_04281,뉴토피아,서강대교,7,70.0,https://blog.naver.com/raonese/223754105363 | https://blog.naver.com/hsc_one1/223752561636 | https://blog.naver.com/eeeooot/223754415964
st_04283,뉴토피아,다소유,5,50.0,https://blog.naver.com/he_e715/223892583925 | https://blog.naver.com/datepop/223986500249 | https://blog.naver.com/nanagom308/223886573357
st_04295,뉴토피아,서초중앙로31길,3,30.0,https://blog.naver.com/eeeooot/223754415964
st_04298,뉴토피아,고속터미널역,2,20.0,https://blog.naver.com/eeeooot/223754415964 | https://blog.naver.com/terraodor/223805419038
st_04408,다이루어질지니,의림지,18,100.0,https://blog.naver.com/ena2009/224335313187 | https://blog.naver.com/algus6267/224318372179 | https://blog.naver.com/location_info/224033722337
st_04425,다이루어질지니,대통교,6,33.3,https://blog.naver.com/holicmu/224032747275 | https://blog.naver.com/location_info/224033722337 | https://blog.naver.com/hsc_one1/224031054816
st_04417,다이루어질지니,제천역,5,27.8,https://blog.naver.com/hsc_one1/224031054816 | https://blog.naver.com/sjeong0682/224046188935 | https://blog.naver.com/lala_pick/224035120601
st_04420,다이루어질지니,짱구네슈퍼,5,27.8,https://blog.naver.com/holicmu/224032747275 | https://blog.naver.com/hsc_one1/224031054816 | https://blog.naver.com/sjeong0682/224046188935
st_04410,다이루어질지니,뜰906,5,27.8,https://blog.naver.com/holicmu/224032747275 | https://blog.naver.com/location_info/224033722337 | https://blog.naver.com/hsc_one1/224031054816
st_20373,다 이루어질지니,감영길,5,27.8,https://blog.naver.com/holicmu/224032747275 | https://blog.naver.com/hsc_one1/224031054816 | https://blog.naver.com/sjeong0682/224046188935
st_20372,다 이루어질지니,미술관 자작나무숲,4,22.2,https://blog.naver.com/holicmu/224032747275 | https://blog.naver.com/hsc_one1/224031054816
st_04391,다이루어질지니,윤숙이네감자탕,4,22.2,https://blog.naver.com/holicmu/224032747275 | https://blog.naver.com/location_info/224033722337 | https://blog.naver.com/hsc_one1/224031054816
st_04413,다이루어질지니,이디야커피 제천의림점,4,22.2,https://blog.naver.com/location_info/224033722337 | https://blog.naver.com/ejsung77/224049834605
st_04382,다이루어질지니,하나로마트 창동점,4,22.2,https://blog.naver.com/location_info/224033722337 | https://blog.naver.com/ejsung77/224049834605
st_04390,다이루어질지니,인스파이어리조트,4,22.2,https://blog.naver.com/holicmu/224032747275 | https://blog.naver.com/hsc_one1/224031054816
st_04441,다이루어질지니,합천영상테마파크,4,22.2,https://blog.naver.com/holicmu/224032747275 | https://blog.naver.com/hsc_one1/224031054816 | https://blog.naver.com/holicmu/224037678407
st_04423,다이루어질지니,공주중앙신협 본점,3,16.7,https://blog.naver.com/location_info/224033722337 | https://blog.naver.com/hsc_one1/224031054816 | https://blog.naver.com/holicmu/224033401859
st_20092,달의연인-보보경심 려,월화원(수원 효원공원),11,100.0,http://blog.naver.com/cjo6070/220895213348 | http://blog.naver.com/iceurisu/221010325840 | http://blog.naver.com/inhee861127/221968552742
st_20097,달의연인-보보경심 려,밀양 위양지(위양못),4,36.4,http://blog.naver.com/easy_month/223219822272 | https://blog.naver.com/jjung0217_/224294230106
st_20103,달의연인-보보경심 려,경산 반곡지,2,18.2,
st_20102,달의연인-보보경심 려,구례 사성암,2,18.2,
st_04939,당신이잠든사이에,자도르 본점,2,100.0,https://blog.naver.com/maydam/221115909552 | https://blog.naver.com/my_archives_/221137273543
st_20404,당신이 잠든 사이에,삼척해수욕장,1,50.0,https://blog.naver.com/hs21589/221945451848
st_20402,당신이 잠든 사이에,안성팜랜드,1,50.0,https://blog.naver.com/hs21589/221941862934
st_05099,더글로리,청라호수공원(청라원),10,100.0,https://blog.naver.com/hyjueng/223043740851 | https://blog.naver.com/wwlswwlsl/223079881486 | https://blog.naver.com/charmingcandy/223185567618
st_05165,더글로리,용화사,9,90.0,https://blog.naver.com/hjsong0513/223993641764 | https://blog.naver.com/wwwbaby/223942873097 | https://blog.naver.com/krcpolicy/223802313117
st_05095,더글로리,멍때림,8,80.0,https://blog.naver.com/qqall/222978033655 | https://blog.naver.com/ska614/223050671289 | https://blog.naver.com/thfud1356/223109661811
st_05171,더글로리,세종호수공원,5,50.0,https://blog.naver.com/sweet7375/223122548933 | https://blog.naver.com/victory0133/224299302956 | https://blog.naver.com/ksdbs77/223896473863
st_05162,더글로리,청주중앙공원,5,50.0,https://blog.naver.com/krcpolicy/223802313117 | https://blog.naver.com/wootopia7/223258598482 | https://blog.naver.com/realjaekyo/223055155527
st_05085,더글로리,태릉설렁탕,4,40.0,https://blog.naver.com/104204303/224354685719 | https://blog.naver.com/redmee2/223019715760
st_05151,더글로리,에덴파라다이스호텔,4,40.0,https://blog.naver.com/lhh6106/224322288663 | https://blog.naver.com/redmee2/223019715760
st_05116,더글로리,선경중화요리,3,30.0,https://blog.naver.com/minalswl0926/224337374631
st_05126,더글로리,오달통분식,2,20.0,
st_05174,더글로리,장흥교도소,2,20.0,
st_20411,더킹,아홉산숲,21,100.0,https://blog.naver.com/mjudy123/222577741204 | https://blog.naver.com/answn523/222229260290 | https://blog.naver.com/mjymodel/222714659616
st_20412,더킹,동백섬,5,23.8,https://blog.naver.com/tcacyc/221953270471 | https://blog.naver.com/tripinkorea/221981290075 | http://blog.naver.com/filmobusan/221919684394
st_20414,더킹,벡스코,3,14.3,https://blog.naver.com/tripinkorea/221981290075 | http://blog.naver.com/filmobusan/221919684394 | https://blog.naver.com/filmobusan/221919684394
st_20410,더킹,사성암,3,14.3,https://blog.naver.com/isdvan/221923385074
st_05180,더킹,광화문광장,3,14.3,https://blog.naver.com/tlsqhtjs20/224070510739
st_20416,더킹,다대포해수욕장,2,9.5,https://blog.naver.com/tripinkorea/221981290075 | https://blog.naver.com/filmobusan/221999523616
st_20409,더킹,오산 드라마세트장,2,9.5,
st_20422,도깨비,주문진방파제,9,100.0,https://blog.naver.com/dutlsgofk7/222041610205 | https://blog.naver.com/richplacefestival/224338506054 | https://blog.naver.com/ohtheli/224338605849
st_20434,도깨비,강릉중앙시장,4,44.4,https://blog.naver.com/skytolan/221333143538 | https://blog.naver.com/eao0926/224340460130
st_20423,도깨비,경포대,3,33.3,https://blog.naver.com/dsartclub/222969871584 | https://blog.naver.com/nklee-/223440787370 | https://blog.naver.com/sinyu065/223587401039
st_05241,도깨비,운현궁양관,2,22.2,https://blog.naver.com/ktalpha_official/220919028843 | https://blog.naver.com/hk_diamond/220925551226
mv_1428_01,도둑들,부산데파트,1,100.0,https://blog.naver.com/busanpen/220492338983
mv_1428_04,도둑들,부산디자인진흥원,0,0.0,
mv_1428_02,도둑들,자갈치공영주차장,0,0.0,
st_05339,동궁,경복궁,13,100.0,https://blog.naver.com/majara78/224353528198 | https://blog.naver.com/btac228kc/224357659281 | https://blog.naver.com/jasmineordinarytrvl/224350803477
st_05344,동궁,도솔암,13,100.0,https://blog.naver.com/majara78/224353528198 | https://blog.naver.com/pajama6936/224352547086 | https://blog.naver.com/btac228kc/224357659281
st_20438,동궁,용인대장금파크,13,100.0,https://blog.naver.com/majara78/224353528198 | https://blog.naver.com/jasmineordinarytrvl/224350803477 | https://blog.naver.com/hsc_one1/224350142578
st_05347,동궁,남사예담촌,12,92.3,https://blog.naver.com/sancheonggun/224360538633 | https://blog.naver.com/pajama6936/224355935953 | https://blog.naver.com/kr-us-travel/224359517784
st_05343,동궁,광한루원,11,84.6,https://blog.naver.com/majara78/224353528198 | https://blog.naver.com/btac228kc/224357659281 | https://blog.naver.com/jasmineordinarytrvl/224350803477
st_05342,동궁,개심사,10,76.9,https://blog.naver.com/majara78/224353528198 | https://blog.naver.com/btac228kc/224357659281 | https://blog.naver.com/jasmineordinarytrvl/224350803477
st_05341,동궁,부소담악,9,69.2,https://blog.naver.com/majara78/224353528198 | https://blog.naver.com/jasmineordinarytrvl/224350803477 | https://blog.naver.com/hsc_one1/224350142578
st_05346,동궁,옥산서원,8,61.5,https://blog.naver.com/btac228kc/224357659281 | https://blog.naver.com/jasmineordinarytrvl/224350803477 | https://blog.naver.com/hsc_one1/224350142578
st_20443,동궁,문경새재 오픈세트장,8,61.5,https://blog.naver.com/hsc_one1/224350142578 | https://blog.naver.com/redmee2/224332221155 | https://blog.naver.com/5004yurim/224351913055
st_05348,동궁,완재정,8,61.5,https://blog.naver.com/btac228kc/224357659281 | https://blog.naver.com/jasmineordinarytrvl/224350803477 | https://blog.naver.com/hsc_one1/224350142578
st_20440,동궁,경기전,7,53.8,https://blog.naver.com/majara78/224353528198 | https://blog.naver.com/btac228kc/224357659281 | https://blog.naver.com/hsc_one1/224350142578
st_20437,동궁,부안영상테마파크,7,53.8,https://blog.naver.com/majara78/224353528198 | https://blog.naver.com/hsc_one1/224350142578 | https://blog.naver.com/redmee2/224332221155
st_20441,동궁,경주 오릉,5,38.5,https://blog.naver.com/hsc_one1/224350142578 | https://blog.naver.com/redmee2/224332221155 | https://blog.naver.com/auavvvs8/224280414294
st_05345,동궁,문경새재 조곡관,5,38.5,https://blog.naver.com/jasmineordinarytrvl/224350803477 | https://blog.naver.com/5004yurim/224351913055 | https://blog.naver.com/news_oneday/224359984675
st_20439,동궁,도봉산,3,23.1,https://blog.naver.com/majara78/224353528198 | https://blog.naver.com/ymh1974a/224352849987 | https://blog.naver.com/rlatkghd34/224358902187
st_05363,디어엠,연세대학교 신촌캠퍼스,5,100.0,https://blog.naver.com/yhth27/223423223222 | https://blog.naver.com/hsc_one1/223833451103 | https://blog.naver.com/popololo22-/223833129117
st_05406,디어엠,전북대학교 전주캠퍼스,4,80.0,https://blog.naver.com/location_info/223833241675 | https://blog.naver.com/spxl1010/222866134948 | https://blog.naver.com/hsc_one1/223833451103
st_05404,디어엠,호서대학교 아산캠퍼스,4,80.0,https://blog.naver.com/location_info/223833241675 | https://blog.naver.com/hsc_one1/223833451103
st_05403,디어엠,상명대학교 천안캠퍼스,4,80.0,https://blog.naver.com/location_info/223833241675 | https://blog.naver.com/hsc_one1/223833451103
st_05389,디어엠,감고당길,3,60.0,https://blog.naver.com/rdal89/223881173662
st_05411,디어엠,동피랑벽화마을,3,60.0,https://blog.naver.com/homeace/223854984282
st_20105,라켓소년단,보리나라 학원농장,10,100.0,https://blog.naver.com/ilmaleji2/222399763967 | https://blog.naver.com/hunterssm/222400533221 | https://blog.naver.com/hoho69433/223914389340
st_20104,라켓소년단,사천중학교,8,80.0,http://blog.naver.com/sba272/222396999431 | http://blog.naver.com/silverbridge7/222441150922 | https://blog.naver.com/sba272/222396999431
st_20113,라켓소년단,강릉고등학교,3,30.0,https://blog.naver.com/ilmaleji2/222399763967 | https://blog.naver.com/guya62/222418497697 | https://blog.naver.com/skylife_blog/222389806046
st_20109,라켓소년단,돔베이커리,2,20.0,http://blog.naver.com/sba272/222396999431 | https://blog.naver.com/sba272/222396999431
st_20112,라켓소년단,광안리해수욕장,2,20.0,https://blog.naver.com/tourkongdak/224125966579 | https://blog.naver.com/guya62/222418497697
st_05628,러브미,허니문하우스,3,100.0,https://blog.naver.com/buja1202/224115661157 | https://blog.naver.com/redmee2/224130937748 | https://blog.naver.com/mlkway153/224124423880
st_05626,러브미,금오름,2,66.7,https://blog.naver.com/buja1202/224115661157 | https://redcrow.tistory.com/1030
st_05615,러브미,서울여자대학교,2,66.7,https://blog.naver.com/buja1202/224115661157 | https://blog.naver.com/hsc_one1/224116201542
st_05596,러브미,애플돈까스,2,66.7,https://blog.naver.com/buja1202/224115661157 | https://blog.naver.com/hsc_one1/224116201542
mv_2367,럭키,전곡항,2,100.0,https://blog.naver.com/hsview/220861218632 | https://blog.naver.com/hs21589/221251569550
mv_2369,럭키,안즈나선아당신생각,1,50.0,https://blog.naver.com/yumincla/221037375860
mv_2371,럭키,인천아트플랫폼,1,50.0,https://blog.naver.com/incheontogi/220846046412
st_20114,마더,오정동 선교사촌(한남대학교 선교사촌),5,100.0,https://alienbeing.tistory.com/1483 | https://blog.naver.com/djfang/224319654060 | https://blog.naver.com/daedeokgu/224222353391
st_20119,마더,삼척항,2,40.0,https://blog.naver.com/avante0129/221194377143 | https://alienbeing.tistory.com/1483
st_20116,마더,서산버드랜드(천수만 철새도래지),1,20.0,https://alienbeing.tistory.com/1483
st_05911,마스크걸,썰스데이파티 이태원점,2,100.0,https://blog.naver.com/hsc_one1/223187840771 | https://blog.naver.com/redmee2/223195628003
st_05920,마스크걸,덕수콜택시,2,100.0,https://blog.naver.com/hsc_one1/223187840771 | https://blog.naver.com/redmee2/223197990693
st_05955,마스크걸,해운대중학교,2,100.0,https://blog.naver.com/hsc_one1/223187840771 | https://blog.naver.com/redmee2/223202322547
st_05914,마스크걸,호텔토마스 명동,2,100.0,https://blog.naver.com/hsc_one1/223187840771 | https://blog.naver.com/redmee2/223195074837
mv_2333_06,마스터,청심평화월드센터,1,100.0,https://blog.naver.com/hs21589/221620095454
mv_2333_05,마스터,더케이트윈타워,0,0.0,
mv_2333_08,마스터,서대문형무소역사관,0,0.0,
st_20126,마우스,본이 할머니 집,0,0.0,
st_20128,마우스,서울방배경찰서,0,0.0,
st_20129,마우스,성남시청,0,0.0,
st_20138,마이네임,해동용궁사,27,100.0,https://blog.naver.com/glqgkqehdwl/223374995130 | https://blog.naver.com/yujin9564/222435425727 | https://blog.naver.com/shareit_kr/222548844362
st_20136,마이네임,깡깡이예술마을,6,22.2,https://blog.naver.com/homerun318/222547199837 | https://blog.naver.com/shareit_kr/222548844362 | https://blog.naver.com/mosmik/222581217284
st_20135,마이네임,부산해양경찰서 (경찰서 세트),6,22.2,https://blog.naver.com/homerun318/222547199837 | https://blog.naver.com/creativehyun_/222559312845 | https://blog.naver.com/shareit_kr/222548844362
st_20137,마이네임,부산대교,4,14.8,https://blog.naver.com/creativehyun_/222559312845 | https://blog.naver.com/shareit_kr/222548844362 | https://blog.naver.com/mosmik/222581217284
st_06051,마이데몬,자작도해수욕장,4,100.0,https://blog.naver.com/vnfma0726/223325098199 | https://blog.naver.com/tlsqhtjs20/224057328299
st_06052,마이데몬,무릉계곡,3,75.0,https://blog.naver.com/redmee2/223316787429
st_06024,마이데몬,유니버설아트센터,3,75.0,https://blog.naver.com/redmee2/223276155847
st_20455,마이 데몬,오크밸리리조트,3,75.0,https://blog.naver.com/hsc_one1/223778223563
st_20451,마이 데몬,청계천,3,75.0,https://blog.naver.com/khjrich99/224042071469
st_06021,마이데몬,서울숲 거울연못,2,50.0,https://blog.naver.com/tlsqhtjs20/224284926125 | https://blog.naver.com/tlsqhtjs20/224057328299
st_06019,마이데몬,성신여자대학교 운정그린캠퍼스,2,50.0,https://blog.naver.com/redmee2/223276155847 | https://blog.naver.com/redmee2/223535956310
st_06048,마이데몬,용인대장금파크,2,50.0,https://blog.naver.com/ktbong00/223159832188 | https://blog.naver.com/hegaya/222843764231
st_06045,마이데몬,거풍스튜디오,2,50.0,
st_06012,마이데몬,그랜드하얏트 서울,2,50.0,https://blog.naver.com/eom81/224161944082 | https://blog.naver.com/tlsqhtjs20/224057328299
st_05996,마이데몬,디와이피엔에프 마곡사옥,2,50.0,
st_06038,마이데몬,광탄성당,2,50.0,
st_06006,마이데몬,노들섬,2,50.0,
st_06032,마이데몬,소피텔 앰배서더 서울 라티튜드32,2,50.0,
st_06027,마이데몬,엘리에나호텔,2,50.0,
st_06287,맨끝줄소년,한미서점,10,100.0,https://blog.naver.com/hsc_one1/224328644101 | https://blog.naver.com/tarte_a/224328851704 | https://blog.naver.com/shbg0226/224334350706
st_06302,맨끝줄소년,계명대학교 성서캠퍼스,8,80.0,https://blog.naver.com/axax79/224336174364 | https://blog.naver.com/yomo__/224334291902 | https://blog.naver.com/donghee5995/224335082051
st_06289,맨끝줄소년,템스커피,6,60.0,https://blog.naver.com/hsc_one1/224328644101 | https://blog.naver.com/shbg0226/224334350706 | https://blog.naver.com/urbanchick8401/224331067469
st_20457,맨 끝줄 소년,앤드테라스 파주점,5,50.0,https://blog.naver.com/location_info/224328748452 | https://blog.naver.com/shbg0226/224334350706 | https://blog.naver.com/fridaysol/224328795546
st_06303,맨끝줄소년,계명대학교 대명캠퍼스,4,40.0,https://blog.naver.com/yomo__/224334291902 | https://blog.naver.com/tarte_a/224328851704 | https://blog.naver.com/xowk4fkd/224340439678
st_06281,맨끝줄소년,미루지항,3,30.0,https://blog.naver.com/shbg0226/224334350706 | https://blog.naver.com/xowk4fkd/224340439678 | https://blog.naver.com/redmee2/224331023687
st_06300,맨끝줄소년,인터불고엑스코,3,30.0,https://blog.naver.com/hsc_one1/224328644101 | https://blog.naver.com/shbg0226/224334350706 | https://blog.naver.com/redmee2/224331023687
st_06279,맨끝줄소년,레스케이프 라망 시크레,3,30.0,https://blog.naver.com/hsc_one1/224328644101 | https://blog.naver.com/urbanchick8401/224331067469 | https://blog.naver.com/fridaysol/224328795546
st_06277,맨끝줄소년,대신아파트,2,20.0,https://blog.naver.com/xowk4fkd/224340439678 | https://blog.naver.com/redmee2/224331023687
st_06278,맨끝줄소년,레스케이프 마크 다모르,2,20.0,https://blog.naver.com/urbanchick8401/224331067469 | https://blog.naver.com/redmee2/224331023687
st_20460,맨 끝줄 소년,한국지도자아카데미,2,20.0,https://blog.naver.com/shbg0226/224334350706 | https://blog.naver.com/redmee2/224331023687
st_06280,맨끝줄소년,마들원,2,20.0,https://blog.naver.com/hsc_one1/224328644101 | https://blog.naver.com/redmee2/224331023687
st_06275,맨끝줄소년,보타닉파크웨딩,2,20.0,https://blog.naver.com/hiboom/224349712584 | https://blog.naver.com/xowk4fkd/224340439678
st_06291,맨끝줄소년,수변공원,2,20.0,https://blog.naver.com/hsc_one1/224328644101 | https://blog.naver.com/redmee2/224331023687
st_06412,멋진신세계,경복궁,10,100.0,https://blog.naver.com/btac228kc/224308591936 | https://blog.naver.com/ciuils/224294095823 | https://blog.naver.com/alchemist_s/224280219607
st_06407,멋진신세계,청계천,8,80.0,https://blog.naver.com/vhrwnsu17/224333988233 | https://blog.naver.com/ciuils/224294095823 | https://blog.naver.com/alchemist_s/224280219607
st_06413,멋진신세계,창덕궁,8,80.0,https://blog.naver.com/btac228kc/224308591936 | https://blog.naver.com/ciuils/224294095823 | https://blog.naver.com/buja1202/224281972266
st_06469,멋진신세계,전주향교,7,70.0,https://blog.naver.com/btac228kc/224308591936 | https://blog.naver.com/petergeba2/224280172810 | https://blog.naver.com/buja1202/224281972266
st_06414,멋진신세계,이노88타워,7,70.0,https://blog.naver.com/btac228kc/224308591936 | https://blog.naver.com/ciuils/224294095823 | https://blog.naver.com/buja1202/224281972266
st_06479,멋진신세계,토끼섬,6,60.0,https://blog.naver.com/alchemist_s/224295015219 | https://blog.naver.com/hsc_one1/224300648179 | https://blog.naver.com/buja1202/224281972266
st_06415,멋진신세계,서순라길,6,60.0,https://blog.naver.com/btac228kc/224308591936 | https://blog.naver.com/ciuils/224294095823 | https://blog.naver.com/seoulwalkguide/224294603619
st_06408,멋진신세계,서울역사박물관,6,60.0,https://blog.naver.com/ciuils/224294095823 | https://blog.naver.com/alchemist_s/224280219607 | https://blog.naver.com/buja1202/224281972266
st_06481,멋진신세계,성읍녹차동굴,5,50.0,https://blog.naver.com/sk57533/224338621230 | https://blog.naver.com/hsc_one1/224300648179 | https://blog.naver.com/buja1202/224281972266
st_06384,멋진신세계,영문빌딩,5,50.0,https://blog.naver.com/ciuils/224294095823 | https://blog.naver.com/alchemist_s/224280238704 | https://blog.naver.com/buja1202/224281972266
st_06370,멋진신세계,부안영상테마파크,5,50.0,https://blog.naver.com/buja1202/224281972266 | https://blog.naver.com/clcompany/224310119233 | https://blog.naver.com/tlsqhtjs20/224291107437
st_06381,멋진신세계,여의도한강공원,5,50.0,https://blog.naver.com/ciuils/224294095823 | https://blog.naver.com/petergeba2/224280172810 | https://blog.naver.com/buja1202/224281972266
st_06429,멋진신세계,파라다이스시티 아트파라디소,5,50.0,https://blog.naver.com/ciuils/224294095823 | https://blog.naver.com/clcompany/224310119233 | https://blog.naver.com/dramovist/224273169721
st_06403,멋진신세계,삼순이계단,4,40.0,https://blog.naver.com/hs21589/224313183414 | https://blog.naver.com/wooslov/224326799604
mv_1738,명량,울돌목,28,100.0,https://blog.naver.com/sskmthjh1309/224355818033 | https://blog.naver.com/jy_dami/224016061856 | https://blog.naver.com/parksw1004/224360861925
mv_1739,명량,우수영국민관광지,12,42.9,https://blog.naver.com/sskmthjh1309/224355818033 | https://blog.naver.com/jy_dami/224016061856 | https://blog.naver.com/parksw1004/224360861925
mv_1737,명량,청해포구촬영장,7,25.0,https://blog.naver.com/minino0100/224335081041 | https://blog.naver.com/gatarina402/220458456514 | https://blog.naver.com/travelnews/224308375828
mv_1735,명량,광양항 해양공원,3,10.7,https://blog.naver.com/cjscjs0213/222155253660 | https://blog.naver.com/gwangyangsi/221732538213 | https://blog.naver.com/gwangyangsi/223068249959
st_20477,모범택시,비응항,3,100.0,https://blog.naver.com/pinkee312/224324452530
st_20476,모범택시,쌍용반점,2,66.7,https://blog.naver.com/kykkklove/222370992456 | https://blog.naver.com/gunsanpr/224302743466
st_20480,모범택시,BMW드라이빙센터,0,0.0,
st_06776,모범택시1,문화교통,6,100.0,https://blog.naver.com/shushu9988/223026652335 | https://blog.naver.com/redmee2/224091647432 | https://blog.naver.com/ryu71s/224084908480
st_06774,모범택시1,코끼리문방구,1,16.7,https://blog.naver.com/redmee2/223062360931
st_06769,모범택시1,SBS프리즘타워,0,0.0,
st_06917,모범택시3,문화교통,11,100.0,https://blog.naver.com/redmee2/224091647432 | https://blog.naver.com/buja1202/224083865201 | https://blog.naver.com/shushu9988/223026652335
st_06993,모범택시3,신선중학교,8,72.7,https://blog.naver.com/buja1202/224083865201 | https://blog.naver.com/dance8090/224084292083 | https://blog.naver.com/redmee2/224083743401
st_06968,모범택시3,정북동 토성,5,45.5,https://blog.naver.com/daily_life2025/224363991797 | https://blog.naver.com/recordaday_/224108770414 | https://blog.naver.com/dhrfo01404/224110064478
st_06967,모범택시3,부남해변,4,36.4,https://blog.naver.com/ryu71s/224084908480 | https://blog.naver.com/lovefox0930/224140103623 | http://blog.naver.com/ryu71s/224084908480
st_06983,모범택시3,천사대교,4,36.4,https://blog.naver.com/starjkim9697/224327619412 | https://blog.naver.com/lovefox0930/224140103623
st_06962,모범택시3,대성사,4,36.4,https://blog.naver.com/petua413/224136676760 | https://blog.naver.com/recordaday_/224124800966 | https://blog.naver.com/location_info/224126393949
st_06990,모범택시3,로또분식,4,36.4,https://blog.naver.com/buja1202/224083865201 | https://blog.naver.com/ryu71s/224084908480 | http://blog.naver.com/ryu71s/224084908480
st_06970,모범택시3,디오토몰,4,36.4,https://blog.naver.com/buja1202/224083865201 | https://blog.naver.com/hsc_one1/224087165616
st_06957,모범택시3,더작심스터디카페 김포걸포점,3,27.3,https://blog.naver.com/zaksimlibrary/224165502226
st_06991,모범택시3,부산항연안여객터미널,3,27.3,https://blog.naver.com/ryu71s/224084908480 | http://blog.naver.com/ryu71s/224084908480 | https://blog.naver.com/smart-shopping-guide/224087616887
st_06887,모범택시3,디와이피엔에프 마곡사옥,3,27.3,https://blog.naver.com/redmee2/224116095123
st_06996,모범택시3,감지해변,3,27.3,https://blog.naver.com/buja1202/224083865201 | https://blog.naver.com/smart-shopping-guide/224087616887 | https://blog.naver.com/elon0119/224086761956
st_06899,모범택시3,명물길,3,27.3,https://blog.naver.com/hsc_one1/224087165616
st_06978,모범택시3,군산초등학교,2,18.2,https://blog.naver.com/buja1202/224083865201 | https://blog.naver.com/hsc660312/224043283206
st_06946,모범택시3,효자그린빌,2,18.2,https://blog.naver.com/buja1202/224083865201 | https://blog.naver.com/elon0119/224086761956
st_07212,무브투헤븐,동림아파트,0,0.0,
st_20486,무브투헤븐,두꺼비생태문화관 인근(산남동),0,0.0,
st_20488,무브투헤븐,아쿠아플라넷 일산,0,0.0,
st_07267,무빙,양다방,19,100.0,https://blog.naver.com/kimbobob123/223326371570 | https://blog.naver.com/apolo1111/223619869602 | https://blog.naver.com/jejulog1102/224077084270
st_07241,무빙,(구)홍성여자고등학교,4,21.1,https://blog.naver.com/sinmunman/224286686219 | https://blog.naver.com/redmee2/223399902465
st_20496,무빙,세명대학교,3,15.8,https://blog.naver.com/boy8439/223188348619 | https://blog.naver.com/yungizzang_/223254500192 | https://blog.naver.com/hs21589/223880041737
st_07226,무빙,자유공원남로,2,10.5,https://blog.naver.com/orangegaon/223227144624 | https://blog.naver.com/brown13/223248599299
st_20143,미스터 션샤인,글로리호텔,30,100.0,https://blog.naver.com/ramm__i/222693136545 | https://blog.naver.com/log1129/222814202625 | https://blog.naver.com/nklee-/224340487297
st_20153,미스터 션샤인,해드리오,14,46.7,https://blog.naver.com/log1129/222814202625 | https://blog.naver.com/musi_nam/224050361239 | https://blog.naver.com/yeohee__/224294698086
st_20144,미스터 션샤인,홍예문(홍예교),13,43.3,https://blog.naver.com/musi_nam/224050361239 | https://blog.naver.com/kji206/224294610907 | https://blog.naver.com/js_yc/224315613971
st_20148,미스터 션샤인,한성전기,13,43.3,https://blog.naver.com/log1129/222814202625 | https://blog.naver.com/nklee-/224340487297 | https://blog.naver.com/musi_nam/224050361239
st_20150,미스터 션샤인,원수부(양품점),12,40.0,https://blog.naver.com/log1129/222814202625 | https://blog.naver.com/nklee-/224340487297 | https://blog.naver.com/musi_nam/224050361239
st_20152,미스터 션샤인,불란셔제빵소,9,30.0,https://blog.naver.com/ramm__i/222693136545 | https://blog.naver.com/nklee-/224340487297 | https://blog.naver.com/sinmunman/224082907104
st_20157,미스터 션샤인,전당포,7,23.3,https://blog.naver.com/sinmunman/224082907104 | https://blog.naver.com/oblove3/224088093671 | https://blog.naver.com/ay5870/223207081590
st_20151,미스터 션샤인,동매집,5,16.7,https://blog.naver.com/ramm__i/222693136545 | https://blog.naver.com/yeohee__/224294698086 | https://blog.naver.com/remake_travel/223256665664
st_20149,미스터 션샤인,대안문,5,16.7,https://blog.naver.com/oblove3/224088093671 | https://blog.naver.com/bomool5074/223520833525 | https://blog.naver.com/tourjeonju/221437272598
st_20156,미스터 션샤인,마당집,5,16.7,https://blog.naver.com/log1129/222814202625 | https://blog.naver.com/yeohee__/224294698086 | https://blog.naver.com/bomool5074/223520833525
st_20147,미스터 션샤인,한약방,5,16.7,https://blog.naver.com/sinmunman/224082907104 | https://blog.naver.com/mee0102/221480484895 | https://blog.naver.com/angela3642/224148662809
st_20154,미스터 션샤인,경의선,4,13.3,https://blog.naver.com/oblove3/224088093671 | https://blog.naver.com/bomool5074/223520833525 | https://blog.naver.com/mee0102/221480484895
st_20145,미스터 션샤인,화월루,3,10.0,https://blog.naver.com/dlxhfl92/224348498993 | https://blog.naver.com/remake_travel/223256665664 | https://blog.naver.com/suk4408/221811675910
st_07459,미지의서울,반포한강공원,16,100.0,https://blog.naver.com/whitesocks_calico/223876288100 | https://blog.naver.com/skycis1234/223860896653 | https://blog.naver.com/bladekwon/223870022978
st_07396,미지의서울,동작대교,13,81.2,https://blog.naver.com/whitesocks_calico/223876288100 | https://blog.naver.com/redmee2/223874701777 | https://blog.naver.com/hsc_one1/223877771410
st_07407,미지의서울,은행회관,9,56.2,https://blog.naver.com/hsc_one1/223877771410 | https://blog.naver.com/7777yesyes/223877830281 | https://blog.naver.com/redmee2/223881827943
st_07403,미지의서울,을지로(2),9,56.2,https://blog.naver.com/hsc_one1/223877771410 | https://blog.naver.com/hsc_one1/223885660263 | https://blog.naver.com/wpssk128/223926989647
st_07399,미지의서울,서울역(15번출구쪽),8,50.0,https://blog.naver.com/whitesocks_calico/223876288100 | https://blog.naver.com/hsc_one1/223877771410 | https://blog.naver.com/iul_kr/223878249516
st_07412,미지의서울,광통교,8,50.0,https://blog.naver.com/whitesocks_calico/223876288100 | https://blog.naver.com/skycis1234/223860896653 | https://blog.naver.com/bladekwon/223870022978
st_07489,미지의서울,가야산,7,43.8,https://blog.naver.com/redmee2/223892077047 | https://blog.naver.com/hsc_one1/223892094034 | https://blog.naver.com/rhkrtjdaks1/224336268930
st_07389,미지의서울,맨홀커피,7,43.8,https://blog.naver.com/hsc_one1/223885660263 | https://blog.naver.com/yellownote_25/223892641086 | https://blog.naver.com/mlkway153/223885887290
st_07474,미지의서울,백금당,6,37.5,https://blog.naver.com/redmee2/223883960558 | https://blog.naver.com/7777yesyes/223877830281 | http://blog.naver.com/somedayview/223882671323
st_07506,미지의서울,가은고등학교,6,37.5,https://blog.naver.com/7777yesyes/223877830281 | https://blog.naver.com/location_info/223891872109 | http://blog.naver.com/somedayview/223882671323
st_07502,미지의서울,수북초등학교,6,37.5,https://blog.naver.com/whitesocks_calico/223876288100 | https://blog.naver.com/7777yesyes/223877830281 | http://blog.naver.com/somedayview/223882671323
st_07425,미지의서울,감고당길(1),5,31.2,https://blog.naver.com/wpssk128/223926989647 | https://blog.naver.com/ycombinator/224261027981 | https://blog.naver.com/120seoulcall/223927025939
mv_2273_01,밀정,합천영상테마파크,18,100.0,https://blog.naver.com/gusel93/224284367709 | https://blog.naver.com/unviajero/224278971306 | https://blog.naver.com/leeggu6791/224342555841
mv_2273_02,밀정,문경새재오픈세트장,0,0.0,
st_20508,반짝이는 워터멜론,전북대학교,8,100.0,https://blog.naver.com/banssi0095/224291453903 | https://blog.naver.com/hsc_one1/223221568067 | https://blog.naver.com/rbdls1236/223239826387
st_07757,반짝이는워터멜론,제민천,7,87.5,https://blog.naver.com/hsc_one1/223221568067 | https://blog.naver.com/kago84/224057098670 | https://blog.naver.com/cyber_gongju/224239511829
st_07767,반짝이는워터멜론,이월드,7,87.5,https://blog.naver.com/storyclass/223257090932 | https://blog.naver.com/hsc_one1/223221568067 | https://blog.naver.com/rbdls1236/223239826387
st_07773,반짝이는워터멜론,신선대,6,75.0,https://blog.naver.com/hsc_one1/223221568067 | https://blog.naver.com/redmee2/223598712771 | http://blog.naver.com/davidhan-2020/223350196360
st_07721,반짝이는워터멜론,배재고등학교,6,75.0,https://blog.naver.com/hsc_one1/223221568067 | https://blog.naver.com/rbdls1236/223239826387 | https://blog.naver.com/redmee2/223228203848
st_07752,반짝이는워터멜론,봉봉방앗간,5,62.5,https://blog.naver.com/banssi0095/224291453903 | https://blog.naver.com/hsc_one1/223221568067 | https://blog.naver.com/redmee2/223222885505
st_07731,반짝이는워터멜론,화적연,4,50.0,https://blog.naver.com/hsc_one1/223221568067 | https://blog.naver.com/jaerongnuna/224190628504
st_07772,반짝이는워터멜론,여차몽돌해수욕장,4,50.0,https://blog.naver.com/redmee2/223598712771 | https://blog.naver.com/redmee2/223614410739
st_07746,반짝이는워터멜론,남이섬,4,50.0,https://blog.naver.com/hsc_one1/223221568067 | https://blog.naver.com/namipr/223869373425
st_07693,반짝이는워터멜론,우리마트,4,50.0,https://blog.naver.com/hsc_one1/223221568067 | https://blog.naver.com/fpass1214_/223244007809
st_07760,반짝이는워터멜론,봉황재 한옥,3,37.5,https://blog.naver.com/ami1762/223598061283 | http://blog.naver.com/redmee2/223227853570 | https://blog.naver.com/redmee2/223227853570
st_07747,반짝이는워터멜론,미술관 자작나무숲,3,37.5,https://blog.naver.com/redmee2/223259433232
st_07717,반짝이는워터멜론,할아버지공장,3,37.5,https://blog.naver.com/hsc_one1/223221568067
st_07739,반짝이는워터멜론,용문청소년수련원,3,37.5,https://blog.naver.com/hsc_one1/223221568067
st_07722,반짝이는워터멜론,성지초등학교,3,37.5,https://blog.naver.com/hsc_one1/223221568067
mv_3821_01,백두산,새만금간척지·방조제 일대,0,0.0,
mv_5816_07,범죄도시2,월곡마트,4,100.0,https://blog.naver.com/sentines88/222738748797 | https://blog.naver.com/imp2254/222792282305
mv_5816_02,범죄도시2,인천항 연안부두,2,50.0,
mv_5816_05,범죄도시2,NC백화점 광주점,1,25.0,https://blog.naver.com/imp2254/222792282305
mv_6177_03,범죄도시3,송도센트럴파크호텔,7,100.0,http://blog.naver.com/hsc_one1/223117270076 | https://blog.naver.com/hsc_one1/223117270076 | https://blog.naver.com/freehkkty/223087581275
mv_6177_05,범죄도시3,팬시 앤 게임,4,57.1,https://blog.naver.com/now_on_fire/223617469830 | https://blog.naver.com/kiekoone/223561183579 | https://blog.naver.com/hsc_one1/223351833215
mv_6177_02,범죄도시3,춘천경찰서,2,28.6,https://blog.naver.com/now_on_fire/223617469830 | https://blog.naver.com/kiekoone/223561183579
mv_6177_04,범죄도시3,김포 아라마리나,2,28.6,https://blog.naver.com/now_on_fire/223617469830 | https://blog.naver.com/kiekoone/223561183579
mv_6498_03,범죄도시4,팬시 앤 게임,10,100.0,https://blog.naver.com/ena2009/224296302783 | https://blog.naver.com/hsc_one1/223351833215 | https://blog.naver.com/kernelhack/223589698819
mv_6498_01,범죄도시4,한향림도자미술관,5,50.0,https://blog.naver.com/hsc_one1/223351833215 | https://blog.naver.com/kiekoone/223560091110 | https://blog.naver.com/mintlatte95/223431288282
mv_6498_04,범죄도시4,애스턴마틴 서울,2,20.0,https://blog.naver.com/kiekoone/223560091110 | https://blog.naver.com/muksvader/223454214374
mv_1571_01,베를린,인천서구보건소,0,0.0,
mv_2008,베테랑,아난티 클럽 서울,3,100.0,https://blog.naver.com/hsc_one1/223438621287 | https://blog.naver.com/yo3679/224220491361 | https://blog.naver.com/momjennie/221249532635
mv_2010,베테랑,스테이트 타워 남산,1,33.3,https://blog.naver.com/lur0204/221836790190
mv_2009,베테랑,부산 신선대,0,0.0,
mv_6302_01,베테랑2,춘천대교,1,100.0,https://blog.naver.com/hsc_one1/223438621287
mv_6302_03,베테랑2,N서울타워,1,100.0,https://blog.naver.com/hsc_one1/223438621287
mv_6302_02,베테랑2,덕만이터널,0,0.0,
mv_1535,변호인,흰여울문화마을,32,100.0,https://blog.naver.com/oblove3/220688837888 | https://blog.naver.com/ynk5789/220830980681 | https://blog.naver.com/cooolbusan/222968151266
mv_1533,변호인,대전 근현대사 전시관,1,3.1,https://blog.naver.com/storydaejeon/222529814752
mv_1537,변호인,군산 둔율동 성당,0,0.0,
st_20517,별에서 온 그대,장사도해상공원,26,100.0,https://blog.naver.com/pine0920/224331454535 | https://blog.naver.com/jj006002/224196394696 | https://blog.naver.com/lagoon07/120208802003
st_20518,별에서 온 그대,쁘띠프랑스,21,80.8,https://blog.naver.com/lagoon07/120208802003 | https://blog.naver.com/zzakkang/220041940699 | https://blog.naver.com/hs21589/222951909538
st_08082,별에서온그대,학림다방,6,23.1,https://blog.naver.com/2013audis8/223814380634 | https://blog.naver.com/tnfl12rja/223798009670 | https://blog.naver.com/icec9724/224132603400
st_20516,별에서 온 그대,N서울타워,5,19.2,https://blog.naver.com/goodhappymind2/224341787657 | https://blog.naver.com/tnfl12rja/223798009670 | https://blog.naver.com/hudfnjer33/223487284278
st_08069,별에서온그대,루카511,3,11.5,https://blog.naver.com/tnfl12rja/223798009670
st_08078,별에서온그대,목동트라팰리스이스턴에비뉴,3,11.5,https://blog.naver.com/tnfl12rja/223798009670
st_08076,별에서온그대,부띠끄모나코,3,11.5,https://blog.naver.com/tnfl12rja/223798009670
st_08070,별에서온그대,비손빌딩,3,11.5,https://blog.naver.com/tnfl12rja/223798009670
st_08077,별에서온그대,오목집,3,11.5,https://blog.naver.com/tnfl12rja/223798009670
st_08071,별에서온그대,이즈타워,3,11.5,https://blog.naver.com/tnfl12rja/223798009670
st_08075,별에서온그대,만화카페,3,11.5,https://blog.naver.com/tnfl12rja/223798009670
st_08072,별에서온그대,SBS프리즘타워,3,11.5,https://blog.naver.com/tnfl12rja/223798009670
st_08074,별에서온그대,거화빌딩,3,11.5,https://blog.naver.com/tnfl12rja/223798009670
st_08073,별에서온그대,복성각,3,11.5,https://blog.naver.com/tnfl12rja/223798009670
st_08088,별에서온그대,국립극장,2,7.7,https://blog.naver.com/tnfl12rja/223798009670 | https://blog.naver.com/hs21589/220980103701
mv_2316_02,부산행,부전역,4,100.0,https://blog.naver.com/west0279/223136003901 | https://blog.naver.com/parkunhak/221379835126 | https://blog.naver.com/dickprod/224288355570
mv_2316_07,부산행,동대구역,3,75.0,https://blog.naver.com/west0279/223136003901 | https://blog.naver.com/hansbae/224344062312 | https://blog.naver.com/foresten/220770723062
mv_2316_04,부산행,행신역,2,50.0,https://blog.naver.com/west0279/223136003901 | https://blog.naver.com/happylee1499/224346148517
st_08284,북극성,청와대,9,100.0,https://blog.naver.com/hsc_one1/224017364239 | https://blog.naver.com/hsc_one1/224004845045 | https://blog.naver.com/hsc_one1/224029227514
st_08272,북극성,홍제유연,7,77.8,https://blog.naver.com/hsc_one1/224012899955 | https://blog.naver.com/hsc_one1/224017364239 | https://blog.naver.com/redmee2/224014104932
st_08277,북극성,소월로(어반클리프쪽),7,77.8,https://blog.naver.com/hsc_one1/224017364239 | https://blog.naver.com/redmee2/224014104932 | https://blog.naver.com/hsc_one1/224004845045
st_08300,북극성,청남대,7,77.8,https://blog.naver.com/hsc_one1/224017364239 | https://blog.naver.com/redmee2/224014104932 | https://blog.naver.com/hsc_one1/224004845045
st_08303,북극성,온빛자연휴양림,6,66.7,https://blog.naver.com/hsc_one1/224017364239 | https://blog.naver.com/redmee2/224014104932 | https://blog.naver.com/5004yurim/224361966858
st_20527,북극성,경희대학교 평화의전당,6,66.7,https://blog.naver.com/hsc_one1/224017364239 | https://blog.naver.com/redmee2/224014104932 | https://blog.naver.com/hsc_one1/224029227514
st_08282,북극성,광화문광장,6,66.7,https://blog.naver.com/hsc_one1/224017364239 | https://blog.naver.com/redmee2/224014104932 | https://blog.naver.com/hsc_one1/224004845045
st_08298,북극성,효원공원 월화원,4,44.4,https://blog.naver.com/redmee2/224014104932 | https://blog.naver.com/hsc_one1/224004845045
st_08297,북극성,광명역,4,44.4,https://blog.naver.com/hsc_one1/224017364239 | https://blog.naver.com/redmee2/224014104932 | https://blog.naver.com/hsc_one1/224029227514
st_08278,북극성,금세기빌딩,4,44.4,https://blog.naver.com/hsc_one1/224017364239 | https://blog.naver.com/redmee2/224014104932 | https://blog.naver.com/hsc_one1/224029227514
st_08289,북극성,잠수교,4,44.4,https://blog.naver.com/hsc_one1/224017364239 | https://blog.naver.com/redmee2/224014104932 | https://blog.naver.com/hsc_one1/224003516212
st_08302,북극성,대전둔산경찰서,4,44.4,https://blog.naver.com/hsc_one1/224017364239 | https://blog.naver.com/hsc_one1/224003516212
st_08295,북극성,인천공항,4,44.4,https://blog.naver.com/hsc_one1/224017364239 | https://blog.naver.com/reachjoy/224004054536
st_20529,북극성,합천영상테마파크,4,44.4,https://blog.naver.com/hsc_one1/224017364239 | https://blog.naver.com/hsc_one1/224003516212
st_08463,비밀의숲,더사보르,3,100.0,https://blog.naver.com/knc8935/221113745020
st_20535,비밀의 숲,인하대학교 본관,2,66.7,https://blog.naver.com/yunry/222493294468 | https://blog.naver.com/yunry/222577665059
st_08459,비밀의숲,승진슈퍼,1,33.3,https://blog.naver.com/yunry/222699174075
st_20160,빈센조,세운상가(세운청계상가),13,100.0,https://blog.naver.com/aye_dx/222368066830 | https://blog.naver.com/nlxon2/222264132293 | https://four-j.tistory.com/501
st_20175,빈센조,청계천(서린동),12,92.3,https://blog.naver.com/aye_dx/222368066830 | https://blog.naver.com/nlxon2/222264132293 | https://blog.naver.com/120seoulcall/223994745287
st_20173,빈센조,동대문디자인플라자(DDP),8,61.5,https://blog.naver.com/aye_dx/222368066830 | https://blog.naver.com/news_curator_j/223992372964 | https://blog.naver.com/120seoulcall/223994745287
st_20168,빈센조,벽초지수목원,6,46.2,https://blog.naver.com/mingonchill/224205887813 | https://blog.naver.com/hnmh2332/222379095547 | https://blog.naver.com/maum0577/223368328403
st_20165,빈센조,서울로7017,4,30.8,https://blog.naver.com/yb_tour/222416366256 | https://blog.naver.com/pyojeong0731/222298929346 | https://blog.naver.com/doublesk3/222417235574
st_20174,빈센조,한국은행 화폐박물관,4,30.8,https://blog.naver.com/nlxon2/222264132293 | https://publicfr.tistory.com/6539 | https://blog.naver.com/doublesk3/222417235574
st_20182,빈센조,인천국제공항,2,15.4,https://blog.naver.com/nlxon2/222264132293 | https://publicfr.tistory.com/6539
st_08622,사내맞선,자유공원,6,100.0,https://blog.naver.com/hs21589/222739044738 | https://blog.naver.com/tlsqhtjs20/224104356745 | https://blog.naver.com/dksgodus/222732110562
st_20553,사내맞선,카페 산들언덕,3,50.0,https://blog.naver.com/zuno369/222667488385 | https://blog.naver.com/osumorao/222680031093 | https://blog.naver.com/openclick/223083840850
st_08636,사내맞선,연남장,3,50.0,https://blog.naver.com/tlsqhtjs20/224104356745
st_08637,사내맞선,캐틀앤비,3,50.0,https://blog.naver.com/manibon/224266096536
st_20560,사내맞선,스카이베이호텔 경포,2,33.3,https://blog.naver.com/tlsqhtjs20/224104356745 | https://blog.naver.com/hs21589/222734997512
st_20552,사내맞선,밤가시공원,2,33.3,https://blog.naver.com/yhth27/224150689979 | https://blog.naver.com/lemon11612/223174551917
st_08702,사냥개들2,군산체육관,6,100.0,https://blog.naver.com/quando_quando_/224247649311 | https://blog.naver.com/sn-boss/224250407468 | https://blog.naver.com/hsc_one1/224240645778
st_08668,사냥개들2,인천공항,4,66.7,https://blog.naver.com/hsc_one1/224240645778 | https://blog.naver.com/jes65978/224306130502
st_08666,사냥개들2,구움다방(폐업),3,50.0,https://blog.naver.com/hsc_one1/224240645778
st_08651,사냥개들2,충무로,3,50.0,https://blog.naver.com/hsc_one1/224240645778
st_08679,사냥개들2,브리드인,2,33.3,
st_08678,사냥개들2,부천프라자,2,33.3,
st_08658,사냥개들2,골든슬럼버,2,33.3,
st_20576,사랑의 불시착,비내섬,16,100.0,https://blog.naver.com/gumle8234/224305337519 | https://blog.naver.com/iamaboy7788/221869126372 | https://blog.naver.com/astray0313/221740531535
st_20578,사랑의 불시착,중앙탑사적공원,4,25.0,https://blog.naver.com/rudqlsmama/224349833458 | https://blog.naver.com/hshyun0602/221810340430 | https://blog.naver.com/sellyson8/222781473739
st_20575,사랑의 불시착,별마로천문대,4,25.0,https://blog.naver.com/hshyun0602/221810340430 | https://blog.naver.com/the_trip/221824160775
st_20570,사랑의 불시착,포천 한탄강 하늘다리,4,25.0,https://blog.naver.com/hshyun0602/221810340430 | https://blog.naver.com/the_trip/221824160775
st_08802,사랑의불시착,모다백화점(부평점),3,18.8,https://blog.naver.com/hshyun0602/221810340430
st_20577,사랑의 불시착,탄금호 무지개길,3,18.8,https://blog.naver.com/astray0313/221740531535 | https://blog.naver.com/hshyun0602/221810340430 | https://blog.naver.com/sun3814/222937894094
st_20571,사랑의 불시착,선녀바위해변,2,12.5,https://blog.naver.com/hshyun0602/221810340430 | https://blog.naver.com/the_trip/221824160775
st_08800,사랑의불시착,엠코헤리츠,2,12.5,https://blog.naver.com/hshyun0602/221810340430 | https://blog.naver.com/min6914/221801511738
st_20579,사이코지만 괜찮아,시크릿블루카페(괜찮은병원),24,100.0,https://blog.naver.com/by_step/223984476659 | https://blog.naver.com/saeha01170/222149822819 | https://blog.naver.com/kgwst0320/222289200652
st_20581,사이코지만 괜찮아,사니다카페(저주받은 성),20,83.3,https://blog.naver.com/sanida1125/222022877016 | https://blog.naver.com/sanida1125/222037463053 | https://blog.naver.com/directwedding__0709/221953433877
st_20580,사이코지만 괜찮아,아야진해변,14,58.3,https://blog.naver.com/saeha01170/222149822819 | https://blog.naver.com/kgwst0320/222289200652 | https://blog.naver.com/lee5600ng/223989975274
st_20582,사이코지만 괜찮아,소금산출렁다리,6,25.0,https://blog.naver.com/sanida1125/222037463053 | https://blog.naver.com/directwedding__0709/221953433877 | https://blog.naver.com/gumle8234/223910514254
st_20584,사이코지만 괜찮아,옥정호수공원,4,16.7,https://blog.naver.com/akebosi/223654511926 | https://blog.naver.com/jamong000/224007477431
st_20583,사이코지만 괜찮아,의정부미술도서관,3,12.5,https://blog.naver.com/moonsun116/223790580216
st_08982,사이코지만괜찮아,버스정류장,2,8.3,https://blog.naver.com/amlee74/222017314210 | https://blog.naver.com/srp_korea/222111800103
mv_6059_08,서울의 봄,청남대,5,100.0,https://blog.naver.com/hsc_one1/223238697020 | https://blog.naver.com/kileop1291/223318083739 | https://blog.naver.com/writer_marii/223278260028
mv_6059_01,서울의 봄,조선대학교 본관,3,60.0,https://blog.naver.com/kileop1291/223318083739 | https://blog.naver.com/k90378/223279266115 | https://blog.naver.com/gwangju611/223271740959
mv_6059_02,서울의 봄,한남대학교 사범대학,2,40.0,https://blog.naver.com/storydaejeon/223318975014 | https://blog.naver.com/iillzllii/223344033432
mv_6059_03,서울의 봄,한남대학교 탈메이지기념관,2,40.0,https://blog.naver.com/storydaejeon/223318975014 | https://blog.naver.com/iillzllii/223344033432
st_09546,선재업고튀어,몽테드,54,100.0,https://blog.naver.com/new-springing/224153602603 | https://blog.naver.com/hygea2030/224294406084 | https://blog.naver.com/folintr/223456480289
st_20590,선재 업고 튀어,방화수류정,29,53.7,https://blog.naver.com/folintr/223456480289 | https://blog.naver.com/telltrip/223455182254 | https://blog.naver.com/ksy5375/223447843157
st_09555,선재업고튀어,수원천,24,44.4,https://blog.naver.com/folintr/223456480289 | https://blog.naver.com/telltrip/223455182254 | https://blog.naver.com/ksy5375/223447843157
st_09548,선재업고튀어,화홍마트,16,29.6,https://blog.naver.com/folintr/223456480289 | https://blog.naver.com/ksy5375/223447843157 | https://blog.naver.com/unique1028/223507087405
st_20588,선재 업고 튀어,행궁동벽화마을,15,27.8,https://blog.naver.com/new-springing/224153602603 | https://blog.naver.com/folintr/223456480289 | https://blog.naver.com/telltrip/223455182254
st_09552,선재업고튀어,경수대로743번길,14,25.9,https://blog.naver.com/folintr/223456480289 | https://blog.naver.com/ksy5375/223447843157 | https://blog.naver.com/iamahope/223431729271
st_20589,선재 업고 튀어,수원화성 화홍문,14,25.9,https://blog.naver.com/telltrip/223455182254 | https://blog.naver.com/ksy5375/223447843157 | https://blog.naver.com/unique1028/223507087405
st_09575,선재업고튀어,삽교호놀이동산,9,16.7,https://blog.naver.com/east_west_sea/224359881600 | https://blog.naver.com/ddubi921/224299657846 | https://blog.naver.com/sw32640/224317806078
st_09544,선재업고튀어,행궁호두,8,14.8,https://blog.naver.com/folintr/223456480289 | https://blog.naver.com/ksy5375/223447843157 | https://blog.naver.com/unique1028/223507087405
st_09564,선재업고튀어,아야진해수욕장,7,13.0,https://blog.naver.com/music-333/224323867626 | https://blog.naver.com/soje1234/223446940425 | https://blog.naver.com/wooslov/223479804380
st_09577,선재업고튀어,금강교,5,9.3,https://blog.naver.com/redmee2/223411655780 | https://blog.naver.com/123moonggae/223587164157 | https://blog.naver.com/dolphintour_2011/223441481837
st_09516,선재업고튀어,성북천,5,9.3,https://blog.naver.com/laon33_/223491168943 | https://blog.naver.com/123moonggae/223587164157 | https://blog.naver.com/dolphintour_2011/223441481837
st_09510,선재업고튀어,중앙고등학교,5,9.3,https://blog.naver.com/mimi0909_/223529610592 | https://blog.naver.com/123moonggae/223587164157 | https://blog.naver.com/lovvy_/223580893060
st_09571,선재업고튀어,마도 해안절벽,4,7.4,https://blog.naver.com/telltrip/223455182254 | https://blog.naver.com/sinmunman/224139723610 | https://blog.naver.com/k0110ksc/223792223787
mv_1798_02,수상한 그녀,청운반점,5,100.0,https://blog.naver.com/whitesocks_calico/223698191840 | https://blog.naver.com/tnfl12rja/223746969947 | https://blog.naver.com/k0110ksc/223792591949
mv_1798_04,수상한 그녀,금성당,2,40.0,https://blog.naver.com/whitesocks_calico/223698191840 | https://blog.naver.com/hs21589/221237445946
mv_1798_03,수상한 그녀,고운당,1,20.0,https://blog.naver.com/hs21589/221360877127
st_20185,슈룹,전주한옥마을,7,100.0,http://blog.naver.com/tammara/222669786042 | http://blog.naver.com/enjoy_street/222947514908 | https://blog.naver.com/tammara/222901073921
st_20183,슈룹,문경새재오픈세트장,7,100.0,https://blog.naver.com/007donggook/224281926839 | https://blog.naver.com/nuacmail/223022596022 | https://blog.naver.com/ase3966/222998343593
st_20192,슈룹,용인대장금파크,7,100.0,http://blog.naver.com/enjoy_street/222947514908 | https://blog.naver.com/tammara/222901073921 | https://blog.naver.com/junjsik/224349330174
st_20189,슈룹,창덕궁(낙선재·인정전),6,85.7,http://blog.naver.com/heritage_study/222952644232 | http://blog.naver.com/enjoy_street/222947514908 | https://blog.naver.com/rina1952/223574847027
st_20184,슈룹,전주향교,5,71.4,http://blog.naver.com/heritage_study/222952644232 | https://blog.naver.com/tammara/222901073921 | https://blog.naver.com/uu_cha/223120984504
st_20190,슈룹,경복궁(근정전·경회루),3,42.9,https://blog.naver.com/nuacmail/223022596022 | https://blog.naver.com/gbnadri/221981719357 | https://blog.naver.com/junjsik/224349330174
st_20593,스물다섯 스물하나,한벽굴(한벽터널),62,100.0,https://blog.naver.com/bobobearcake/224360658349 | https://blog.naver.com/gurmis2/224344543945 | https://blog.naver.com/jeonju_city/222715325112
st_20596,스물다섯 스물하나,전주한옥마을,46,74.2,https://blog.naver.com/jeonju_city/222715325112 | https://blog.naver.com/jeonju_city/222685086361 | https://blog.naver.com/dkswldk96/222761337185
st_20592,스물다섯 스물하나,크로싱 게스트하우스(오목대),39,62.9,https://blog.naver.com/gurmis2/224344543945 | https://blog.naver.com/jeonju_city/222715325112 | https://blog.naver.com/jeonju_city/222685086361
st_20594,스물다섯 스물하나,소리방앗간(만화방),23,37.1,https://blog.naver.com/jeonju_city/222715325112 | https://blog.naver.com/jeonju_city/222685086361 | https://blog.naver.com/traveldiary486/222851801145
st_20608,스물다섯 스물하나,수원화성(교동),14,22.6,https://blog.naver.com/swcf_kr/223493145653 | https://blog.naver.com/mint8864/222705063703 | https://blog.naver.com/btac228kc/223148122350
st_20597,스물다섯 스물하나,논산여자상업고등학교(태양고),14,22.6,https://blog.naver.com/jeonju_city/222715325112 | https://blog.naver.com/jeonju_city/222685086361 | https://blog.naver.com/ajg1208/222639222002
st_20607,스물다섯 스물하나,삼포해수욕장,7,11.3,https://blog.naver.com/rueong11/224278298701 | https://blog.naver.com/mint8864/222705063703 | https://blog.naver.com/eunhasu4164/222674337843
st_20609,스물다섯 스물하나,동네슈퍼(남고산2길),4,6.5,https://blog.naver.com/ti_yore/222668752153 | https://blog.naver.com/btac228kc/223148122350 | https://blog.naver.com/nolgofarm/222657420998
st_20604,스물다섯 스물하나,춘천대교,3,4.8,https://blog.naver.com/mint8864/222705063703
st_10122,스물다섯스물하나,마로니에공원,2,3.2,https://blog.naver.com/mint8864/222705063703 | https://blog.naver.com/btac228kc/223209681478
st_20601,스물다섯 스물하나,묵호항,2,3.2,https://blog.naver.com/ilsangcobansa/224343554542 | https://blog.naver.com/a10000du/222659681954
st_20602,스물다섯 스물하나,신남해수욕장(방파제),2,3.2,https://blog.naver.com/ilsangcobansa/224343554542 | https://blog.naver.com/a10000du/222659681954
st_10152,스위트홈2,더현대서울,1,100.0,https://blog.naver.com/leekyunga920/222261107020
st_10154,스위트홈2,"반포대교,잠수교",0,0.0,
st_10157,스위트홈2,부천아트벙커 B39,0,0.0,
st_10220,스터디그룹,인천대중예술고등학교,10,100.0,https://blog.naver.com/hsc_one1/223758219640 | https://blog.naver.com/hsc_one1/223735884514 | https://blog.naver.com/24hwithmev/223755616131
st_10233,스터디그룹,성남외국어고등학교,5,50.0,https://blog.naver.com/hsc_one1/223758219640 | https://blog.naver.com/hsc_one1/223735884514 | https://blog.naver.com/24hwithmev/223755616131
st_10225,스터디그룹,교보문고 일산점,4,40.0,https://blog.naver.com/hsc_one1/223735884514 | https://blog.naver.com/24hwithmev/223755616131 | https://haechi-travel.tistory.com/289
st_10224,스터디그룹,아이스걸크림보이 일산점,3,30.0,https://blog.naver.com/24hwithmev/223755616131 | https://haechi-travel.tistory.com/289 | https://ys-dl.tistory.com/321
st_20615,스터디그룹,단국대학교 죽전캠퍼스,3,30.0,https://blog.naver.com/24hwithmev/223755616131 | https://ys-dl.tistory.com/321 | https://blog.naver.com/location_info/223747365646
st_10230,스터디그룹,거북섬로,3,30.0,https://blog.naver.com/24hwithmev/223755616131 | https://haechi-travel.tistory.com/289 | https://ys-dl.tistory.com/321
st_10218,스터디그룹,송림로61번길,3,30.0,https://blog.naver.com/24hwithmev/223755616131 | https://haechi-travel.tistory.com/289 | https://ys-dl.tistory.com/321
st_10219,스터디그룹,고려빌라,3,30.0,https://blog.naver.com/24hwithmev/223755616131 | https://haechi-travel.tistory.com/289 | https://ys-dl.tistory.com/321
st_10228,스터디그룹,김해본가뒷고기,3,30.0,https://blog.naver.com/hsc_one1/223735884514 | https://blog.naver.com/24hwithmev/223755616131 | https://ys-dl.tistory.com/321
st_10229,스터디그룹,레미안부천어반비스타,3,30.0,https://blog.naver.com/24hwithmev/223755616131 | https://haechi-travel.tistory.com/289 | https://ys-dl.tistory.com/321
st_10227,스터디그룹,메트로타워 예미지,3,30.0,https://blog.naver.com/24hwithmev/223755616131 | https://haechi-travel.tistory.com/289 | https://ys-dl.tistory.com/321
st_10226,스터디그룹,블랙롤스,3,30.0,https://blog.naver.com/24hwithmev/223755616131 | https://haechi-travel.tistory.com/289 | https://ys-dl.tistory.com/321
st_10221,스터디그룹,서화어린이공원,3,30.0,https://blog.naver.com/24hwithmev/223755616131 | https://haechi-travel.tistory.com/289 | https://ys-dl.tistory.com/321
st_10232,스터디그룹,위례 지웰푸르지오앞,3,30.0,https://blog.naver.com/24hwithmev/223755616131 | https://haechi-travel.tistory.com/289 | https://ys-dl.tistory.com/321
st_10231,스터디그룹,카페 웨이브 시흥거북섬점,2,20.0,https://haechi-travel.tistory.com/289 | https://ys-dl.tistory.com/321
st_10326,스프링피버,죽도시장(1),22,100.0,https://blog.naver.com/majara78/224173305733 | https://blog.naver.com/buja1202/224136754960 | https://blog.naver.com/kyongijoa/224191994321
st_10312,스프링피버,청하중학교,21,95.5,https://blog.naver.com/ksudev0123/224136738145 | https://blog.naver.com/jino816/224142275155 | https://blog.naver.com/buja1202/224136754960
st_10344,스프링피버,철길숲,14,63.6,https://blog.naver.com/buja1202/224136754960 | https://blog.naver.com/kyongijoa/224191994321 | https://blog.naver.com/135260/224179834463
st_10315,스프링피버,사방기념공원,9,40.9,https://blog.naver.com/majara78/224173305733 | https://blog.naver.com/inpohang/224198006210 | https://blog.naver.com/kyongijoa/224191994321
st_10322,스프링피버,해안로(4),8,36.4,https://blog.naver.com/majara78/224173305733 | https://blog.naver.com/inpohang/224198006210 | https://blog.naver.com/kyongijoa/224191994321
st_10357,스프링피버,석병1리방파제,7,31.8,https://blog.naver.com/majara78/224173305733 | https://blog.naver.com/brainy_smurf/224169634617 | https://blog.naver.com/sy5119/224170006838
st_10325,스프링피버,청포도다방(폐업),7,31.8,https://blog.naver.com/buja1202/224136754960 | https://blog.naver.com/135260/224179834463 | https://blog.naver.com/cheesetabbycat/224136474530
st_20617,스프링 피버,포항 죽도시장,7,31.8,https://blog.naver.com/135260/224179834463 | https://blog.naver.com/petergeba2/224139184276 | https://blog.naver.com/135260/224170026479
st_10348,스프링피버,호미곶해맞이광장,7,31.8,https://blog.naver.com/135260/224179834463 | https://blog.naver.com/pinkgreen29/224172455091 | https://blog.naver.com/firsttrip1201/224169711313
st_20620,슬기로운감빵생활,익산교도소세트장,12,100.0,https://blog.naver.com/hiksanin/224197970549 | https://blog.naver.com/have-sense/224310583592 | https://blog.naver.com/oblove3/222405639889
st_20621,슬기로운감빵생활,빠삐용Zip(옛 장흥교도소),7,58.3,https://blog.naver.com/rhkrtjdaks1/224340458527 | https://blog.naver.com/ydl1/224364215642 | https://blog.naver.com/bingohwan/224360186389
st_10446,슬기로운감빵생활,고척스카이돔,0,0.0,
st_10458,슬기로운의사생활,이대서울병원,18,100.0,https://blog.naver.com/tnfl12rja/224294265671 | https://blog.naver.com/pochloe_itself/221907498112 | https://blog.naver.com/hshyun0602/221972874062
st_10460,슬기로운의사생활,수노래방,4,22.2,https://blog.naver.com/tnfl12rja/224294265671 | https://blog.naver.com/hshyun0602/221972874062
st_20630,슬기로운 의사생활,경인미술관,0,0.0,
st_20636,시그널,헌화로,9,100.0,https://blog.naver.com/mis71/220653434540 | https://blog.naver.com/pialove1/221181605624 | https://blog.naver.com/rokag4/221461657730
st_20639,시그널,정동진,8,88.9,https://blog.naver.com/mis71/220653434540 | https://blog.naver.com/rokag4/221461657730 | https://blog.naver.com/kwon2788/220707200692
st_20638,시그널,금진항,6,66.7,https://blog.naver.com/mis71/220653434540 | https://blog.naver.com/pialove1/221181605624 | https://blog.naver.com/rokag4/221461657730
st_10463,시그널,노원경찰서,5,55.6,https://blog.naver.com/busanpen/220615637668 | https://blog.naver.com/busanpen/220616519002 | https://blog.naver.com/busanpen/220617055795
st_10464,시그널,GS25 중계에이스점,4,44.4,https://blog.naver.com/busanpen/220616519002 | https://blog.naver.com/busanpen/220617055795 | https://blog.naver.com/busanpen/220616653630
st_20637,시그널,옥계해변,2,22.2,https://blog.naver.com/mis71/220653434540 | https://blog.naver.com/kimyeeun1103/223070579291
mv_3201_03,신과함께-인과 연,김룡사,2,100.0,https://blog.naver.com/iljangkwon/224332007183 | https://koreasan.tistory.com/15604901
mv_3201_02,신과함께-인과 연,문경새재 오픈세트장,1,50.0,https://blog.naver.com/yamyam_rabbit/224350416440
mv_3201_05,신과함께-인과 연,가은오픈세트장,0,0.0,
mv_2657_03,신과함께-죄와 벌,기장소방서,3,100.0,https://blog.naver.com/zzkkc/224231144507
mv_2657_01,신과함께-죄와 벌,KNN타워·센텀광장,0,0.0,
mv_2657_04,신과함께-죄와 벌,정관도서관,0,0.0,
st_10877,신입사원강회장,브레스커피웍스,19,100.0,https://blog.naver.com/redmee2/224307944844 | https://blog.naver.com/hsc_one1/224309188041 | https://blog.naver.com/nunihuni/224352097954
st_10869,신입사원강회장,인제스피디움,10,52.6,https://blog.naver.com/hsc_one1/224309188041 | https://blog.naver.com/redmee2/224296282250 | https://blog.naver.com/mmmsik/224302071098
st_10865,신입사원강회장,롯데인재개발원 오산캠퍼스,8,42.1,https://blog.naver.com/redmee2/224307944844 | https://blog.naver.com/tlsqhtjs20/224308657361 | https://blog.naver.com/hsc_one1/224309188041
st_10855,신입사원강회장,긴자 송도유원지점,6,31.6,https://blog.naver.com/tlsqhtjs20/224308657361 | https://blog.naver.com/ryu71s/224315858543 | https://blog.naver.com/u__bling/224314869198
st_10850,신입사원강회장,조선팰리스 서울 강남,6,31.6,https://blog.naver.com/tlsqhtjs20/224308657361 | https://blog.naver.com/redmee2/224308148212 | https://blog.naver.com/hsc_one1/224309188041
st_10852,신입사원강회장,테헤란로,6,31.6,https://blog.naver.com/redmee2/224308148212 | https://blog.naver.com/hsc_one1/224309188041 | https://blog.naver.com/mmmsik/224302071098
st_10866,신입사원강회장,경기동로186번길,6,31.6,https://blog.naver.com/redmee2/224307944844 | https://blog.naver.com/hsc_one1/224309188041 | https://blog.naver.com/location_info/224302584901
st_10846,신입사원강회장,비스타워커힐서울,5,26.3,https://blog.naver.com/hsc_one1/224309188041 | https://blog.naver.com/ryu71s/224315858543 | https://blog.naver.com/cheezes2/224327010888
st_10875,신입사원강회장,세종충남대학교병원,5,26.3,https://blog.naver.com/redmee2/224307944844 | https://blog.naver.com/ryu71s/224315858543 | https://blog.naver.com/cheezes2/224327010888
st_10838,신입사원강회장,서강껍데기,5,26.3,https://blog.naver.com/redmee2/224296282250 | https://blog.naver.com/mmmsik/224302071098 | https://blog.naver.com/cheezes2/224327010888
st_10876,신입사원강회장,황등석산,4,21.1,https://blog.naver.com/foxbear2212/224326525282 | https://blog.naver.com/cheezes2/224327010888
st_10851,신입사원강회장,센터필드,4,21.1,https://blog.naver.com/redmee2/224308148212 | https://blog.naver.com/hsc_one1/224309188041 | https://blog.naver.com/ryu71s/224315858543
st_10864,신입사원강회장,안산와스타디움,4,21.1,https://blog.naver.com/redmee2/224296282250 | https://blog.naver.com/mmmsik/224302071098 | https://blog.naver.com/ryu71s/224315858543
st_10860,신입사원강회장,홍삼스파 참숯가마 사우나,4,21.1,https://blog.naver.com/hsc_one1/224330213627 | https://blog.naver.com/swimdora/224347614500
st_10844,신입사원강회장,청계천,3,15.8,https://blog.naver.com/tlsqhtjs20/224308657361 | https://blog.naver.com/ryu71s/224315858543 | https://blog.naver.com/cheezes2/224327010888
mv_0254_01,실미도,실미도,84,100.0,https://blog.naver.com/bono1092/224335977359 | https://blog.naver.com/goodjcs/224313093470 | https://blog.naver.com/janus0618/224289663684
mv_1222,써니,제물포 시장,6,100.0,https://blog.naver.com/bl85219/224333201998 | https://blog.naver.com/ssungracia/223130916185 | https://blog.naver.com/theart_photo/222171831126
mv_1219,써니,합천 영상 테마파크,5,83.3,https://blog.naver.com/leeggu6791/224342555841 | https://blog.naver.com/travelhc/222230429680 | https://blog.naver.com/seoning94/223866990117
mv_1218,써니,철도박물관,1,16.7,https://blog.naver.com/hs21589/220619890769
st_11286,아이돌아이,광한루원,1,100.0,https://blog.naver.com/sis9591/224053336407
st_11260,아이돌아이,조이마당스튜디오,1,100.0,https://blog.naver.com/bladekwon/224119099701
st_11234,아이돌아이,타임스퀘어,1,100.0,https://blog.naver.com/zamtangei/224348413221
st_20645,아파트,e편한세상 송도,7,100.0,https://blog.naver.com/redmee2/224343939021 | https://blog.naver.com/location_info/224348411938 | https://blog.naver.com/orlry/224345491997
st_20648,아파트,아트센터 인천,4,57.1,https://blog.naver.com/ryu71s/224348852350 | https://blog.naver.com/hsc_one1/224344696191
st_20649,아파트,코코에르 밤리단길카페점,3,42.9,https://blog.naver.com/ryu71s/224348852350
st_20659,아파트,더링크서울 트리뷰트 포트폴리오 호텔,3,42.9,https://blog.naver.com/redmee2/224343939021 | https://blog.naver.com/ryu71s/224348852350 | https://blog.naver.com/dlaldlfnek519/224352701994
st_20647,아파트,콘코디언빌딩,3,42.9,https://blog.naver.com/ryu71s/224348852350
st_20664,아파트,로이터 커피 셸터,2,28.6,https://blog.naver.com/ryu71s/224348852350 | https://blog.naver.com/hsc_one1/224344696191
st_20652,아파트,스테이트타워 남산,2,28.6,https://blog.naver.com/ryu71s/224348852350 | https://blog.naver.com/hsc_one1/224344696191
st_20663,아파트,카페 릴리블랑,2,28.6,https://blog.naver.com/ryu71s/224348852350 | https://blog.naver.com/hsc_one1/224344696191
st_20653,아파트,도봉산,2,28.6,https://blog.naver.com/ryu71s/224348852350 | https://blog.naver.com/hsc_one1/224344696191
st_20660,아파트,의정부교도소,2,28.6,https://blog.naver.com/ryu71s/224348852350 | https://blog.naver.com/hsc_one1/224344696191
st_20646,아파트,저스트코타워,2,28.6,https://blog.naver.com/ryu71s/224348852350 | https://blog.naver.com/hsc_one1/224344696191
st_20200,악의꽃,자하슈퍼(은하수슈퍼),1,100.0,https://blog.naver.com/pink7113/222151607842
st_20209,악의꽃,가온문화공원,0,0.0,
st_20217,악의꽃,구로기계공구상가,0,0.0,
st_20668,알고있지만,3917마중,11,100.0,https://blog.naver.com/the_trip/222446797614 | https://blog.naver.com/amlee74/222486132651 | https://blog.naver.com/momentstudio_/222666962482
st_20666,알고있지만,여유도예공방,6,54.5,https://blog.naver.com/the_trip/222446797614 | https://blog.naver.com/amlee74/222486132651 | https://blog.naver.com/trenzy/222445533885
st_20669,알고있지만,울산대학교,4,36.4,https://blog.naver.com/jjy5137/222681465378 | https://blog.naver.com/amlee74/222486132651 | https://blog.naver.com/tira_uhp/222676408759
st_20675,알고있지만,미메시스 아트 뮤지엄,2,18.2,https://blog.naver.com/indiansummer12/222496472882 | https://blog.naver.com/leejyun917/222463143324
st_20667,알고있지만,삽교호놀이동산,2,18.2,https://blog.naver.com/wasabiiij/222459399063 | https://blog.naver.com/skyblue2948/224304138669
st_11506,알고있지만,의외의조합,2,18.2,https://blog.naver.com/amlee74/222486132651 | https://blog.naver.com/amlee74/222509985900
mv_2060,암살,백인제 가옥,21,100.0,https://blog.naver.com/besttutor/224313104059 | https://blog.naver.com/minelli_/224305998110 | https://blog.naver.com/lee8497q/222822911095
mv_2056,암살,합천 영상 테마파크,9,42.9,https://blog.naver.com/hs21589/220843477681 | https://blog.naver.com/openplan01/220456705594 | https://blog.naver.com/leeggu6791/224342555841
mv_2061,암살,운현궁 양관,1,4.8,https://blog.naver.com/bizwelder/224277168013
st_11644,약한영웅2,대전대신고등학교,8,100.0,https://blog.naver.com/redmee2/223826714757 | https://blog.naver.com/hsc_one1/223819476298 | https://blog.naver.com/location_info/223847716565
st_11637,약한영웅2,로얄볼링장,6,75.0,https://blog.naver.com/hsc_one1/223846966356 | https://blog.naver.com/location_info/223847716565 | https://blog.naver.com/redmee2/223850565932
st_11626,약한영웅2,서울역사박물관,6,75.0,https://blog.naver.com/hsc_one1/223846966356 | https://blog.naver.com/location_info/223847716565 | https://blog.naver.com/alchemist_s/223849060586
st_11624,약한영웅2,멕시칸치킨 효창중앙점,5,62.5,https://blog.naver.com/location_info/223847716565 | https://blog.naver.com/location_info/223846315857 | https://haechi-travel.tistory.com/338
st_11640,약한영웅2,한남대학교,5,62.5,https://blog.naver.com/location_info/223847716565 | https://blog.naver.com/pink7113/223882522666 | https://blog.naver.com/beerry/223401407822
st_11625,약한영웅2,효창원로69길,5,62.5,https://blog.naver.com/location_info/223847716565 | https://blog.naver.com/location_info/223846315857 | https://haechi-travel.tistory.com/338
st_11639,약한영웅2,대전시민천문대 주차장,4,50.0,https://haechi-travel.tistory.com/338 | https://blog.naver.com/beerry/223926453359
st_11613,약한영웅2,영등포경찰서,3,37.5,https://blog.naver.com/hsc_one1/223846966356 | https://blog.naver.com/shoppingwithme/223855202643 | https://haechi-travel.tistory.com/338
st_11608,약한영웅2,미래산업 잭,2,25.0,https://blog.naver.com/location_info/223847716565 | https://haechi-travel.tistory.com/338
st_11617,약한영웅2,밤동산지하보도,2,25.0,https://blog.naver.com/location_info/223846315857 | https://haechi-travel.tistory.com/338
st_11634,약한영웅2,송도트리플스트리트,2,25.0,https://blog.naver.com/hsc_one1/223846966356 | https://haechi-travel.tistory.com/338
st_11633,약한영웅2,인천하늘고등학교,2,25.0,https://blog.naver.com/hsc_one1/223846966356 | https://blog.naver.com/location_info/223847716565
st_11611,약한영웅2,클럽엑스엑스2,2,25.0,https://blog.naver.com/hsc_one1/223846966356 | https://haechi-travel.tistory.com/338
st_20677,약한영웅 Class 2,강동경희대병원,3,100.0,https://haechi-travel.tistory.com/338
st_20682,약한영웅 Class 2,농구장(도봉동),2,66.7,https://blog.naver.com/hsc_one1/223846966356 | https://haechi-travel.tistory.com/338
st_20678,약한영웅 Class 2,지산빌딩,1,33.3,https://blog.naver.com/alchemist_s/223854224399
st_11893,언더커버미쓰홍,개항로통닭,7,100.0,https://blog.naver.com/bladekwon/224149138444 | https://blog.naver.com/ryu71s/224170522418 | https://blog.naver.com/diary3169/224151843208
st_11830,언더커버미쓰홍,다원레스토랑,7,100.0,https://blog.naver.com/traumberuf/224291695924 | https://blog.naver.com/bladekwon/224149138444 | https://blog.naver.com/overthesense/224164265747
st_11838,언더커버미쓰홍,국회의사당,7,100.0,https://blog.naver.com/bladekwon/224149138444 | https://blog.naver.com/buja1202/224148809135 | https://blog.naver.com/overthesense/224164265747
st_11855,언더커버미쓰홍,여의도따로국밥,6,85.7,https://blog.naver.com/bladekwon/224149138444 | https://blog.naver.com/ryu71s/224170522418 | https://blog.naver.com/diary3169/224151843208
st_11880,언더커버미쓰홍,윤보선길,6,85.7,https://blog.naver.com/bladekwon/224149138444 | https://blog.naver.com/ryu71s/224170522418 | https://blog.naver.com/diary3169/224151843208
st_11837,언더커버미쓰홍,서강대교,6,85.7,https://blog.naver.com/bladekwon/224149138444 | https://blog.naver.com/buja1202/224148809135 | https://blog.naver.com/overthesense/224164265747
st_11909,언더커버미쓰홍,캔모아 용인점,5,71.4,https://blog.naver.com/bladekwon/224149138444 | https://blog.naver.com/younkim07/224181722490 | https://blog.naver.com/hsc_one1/224151530189
st_11881,언더커버미쓰홍,이화벽화마을,5,71.4,https://blog.naver.com/bladekwon/224149138444 | https://blog.naver.com/ryu71s/224170522418 | https://blog.naver.com/hsc_one1/224151530189
st_11834,언더커버미쓰홍,대포막창,5,71.4,https://blog.naver.com/bladekwon/224149138444 | https://blog.naver.com/overthesense/224164265747 | https://blog.naver.com/younkim07/224181722490
st_11857,언더커버미쓰홍,여의도한강공원(오리배),4,57.1,https://blog.naver.com/bladekwon/224149138444 | https://blog.naver.com/younkim07/224181722490
st_20686,언더커버 미쓰홍,종로 윤보선길,4,57.1,https://blog.naver.com/ryu71s/224170522418 | https://blog.naver.com/hsc_one1/224151530189
st_20685,언더커버 미쓰홍,한온시스템 생활관(구 한라공조 생활관),4,57.1,https://blog.naver.com/ryu71s/224170522418 | https://blog.naver.com/hsc_one1/224151530189
st_11839,언더커버미쓰홍,글래드여의도,3,42.9,https://blog.naver.com/younkim07/224181722490
st_11832,언더커버미쓰홍,뱅센느,3,42.9,https://blog.naver.com/younkim07/224181722490
st_12001,언젠가는 슬기로울 전공의생활,용인세브란스병원,8,100.0,https://blog.naver.com/bitcoin11/223853758863 | https://blog.naver.com/sooahabba1108/223841533584 | https://blog.naver.com/v20208/223859140395
st_11995,언젠가는 슬기로울 전공의생활,아니다파르크,2,25.0,
st_11999,언젠가는 슬기로울 전공의생활,삼거마을 삼성래미안1차,1,12.5,https://blog.naver.com/redmee2/223847826847
st_12093,엄마친구아들,구와우마을,14,100.0,https://blog.naver.com/hsc_one1/223591815884 | https://blog.naver.com/meghe/224214828370 | https://blog.naver.com/shushu9988/223596982213
st_12013,엄마친구아들,남산타워,8,57.1,https://blog.naver.com/meghe/224214828370 | https://blog.naver.com/mihoho0125/223579491349 | https://blog.naver.com/mint8864/223609723871
st_12085,엄마친구아들,빌라드파넬,6,42.9,https://blog.naver.com/mint8864/223609723871 | https://blog.naver.com/ditu_space/223630933153 | https://blog.naver.com/rnjsalsdudd/223539341685
st_12029,엄마친구아들,왕짱구식당,6,42.9,https://blog.naver.com/hsc_one1/223551564790 | https://blog.naver.com/hsc_one1/223554789336 | https://blog.naver.com/jena3750/223568611324
st_12082,엄마친구아들,고반식당 미금역점,5,35.7,https://blog.naver.com/hun7060/223567770055 | https://blog.naver.com/zxjhxz/223568017751 | https://blog.naver.com/byebye0611/223568033412
st_12086,엄마친구아들,석남사,5,35.7,https://blog.naver.com/hsc_one1/223591815884 | https://blog.naver.com/wnsgh9171/223635284416 | https://blog.naver.com/jena3750/223568611324
st_12006,엄마친구아들,NGT빌딩,5,35.7,https://blog.naver.com/hun7060/223567770055 | https://blog.naver.com/hsc_one1/223551564790 | https://blog.naver.com/rara999_/223698001584
st_12055,엄마친구아들,보위그,4,28.6,https://blog.naver.com/wooslov/223576000195 | https://blog.naver.com/hsc_one1/223577354045
st_12077,엄마친구아들,수정부동산,4,28.6,https://blog.naver.com/redmee2/223580766046 | https://blog.naver.com/jena3750/223568611324
st_12067,엄마친구아들,만화속으로,4,28.6,https://blog.naver.com/mihoho0125/223579491349 | https://blog.naver.com/shushu9988/223596982213 | https://blog.naver.com/i7o4zl02/223644747986
st_12098,엄마친구아들,뒤웅박고을,4,28.6,https://blog.naver.com/mihoho0125/223579491349 | https://blog.naver.com/jena3750/223568611324
st_12087,엄마친구아들,송지호해수욕장,3,21.4,https://blog.naver.com/redmee2/223570354639
st_12052,엄마친구아들,고반식당 수락산점,3,21.4,https://blog.naver.com/zxjhxz/223568017751 | https://blog.naver.com/mihoho0125/223579491349 | https://blog.naver.com/byebye0611/223568033412
st_12071,엄마친구아들,세븐일레븐 대화새말공원점,3,21.4,https://blog.naver.com/hsc_one1/223591815884 | https://blog.naver.com/hsc_one1/223577354045 | https://blog.naver.com/jena3750/223568611324
st_20716,에스콰이어: 변호사를 꿈꾸는 변호사들,오렌지플래닛,8,100.0,https://blog.naver.com/hsc_one1/223934181846 | https://blog.naver.com/hsc_one1/223957975615 | https://blog.naver.com/redmee2/223963525955
st_20721,에스콰이어: 변호사를 꿈꾸는 변호사들,아나키아,6,75.0,https://blog.naver.com/hsc_one1/223957975615 | https://blog.naver.com/location_info/223957298783 | https://blog.naver.com/redmee2/223969336106
st_20720,에스콰이어: 변호사를 꿈꾸는 변호사들,달빛애견글램핑,5,62.5,https://blog.naver.com/hsc_one1/223957975615 | https://blog.naver.com/redmee2/223998588218 | https://haechi-travel.tistory.com/382
st_20719,에스콰이어: 변호사를 꿈꾸는 변호사들,독투독(우쭈쭈케어센터 합정점),3,37.5,https://blog.naver.com/hsc_one1/223957975615 | https://blog.naver.com/location_info/223957298783 | https://haechi-travel.tistory.com/382
st_20726,에스콰이어: 변호사를 꿈꾸는 변호사들,구스커피앤바,2,25.0,https://blog.naver.com/location_info/223957298783 | https://haechi-travel.tistory.com/382
st_20724,에스콰이어: 변호사를 꿈꾸는 변호사들,동막골유황천,2,25.0,https://blog.naver.com/location_info/223957298783 | https://haechi-travel.tistory.com/382
st_20718,에스콰이어: 변호사를 꿈꾸는 변호사들,콘래드 서울 아트리오,2,25.0,https://blog.naver.com/location_info/223957298783 | https://haechi-travel.tistory.com/382
mv_4140_01,엑시트,중랑스포츠클라이밍경기장,0,0.0,
st_20735,여신강림,설리 스카이워크,13,100.0,https://blog.naver.com/myhee0831/222255712470 | https://blog.naver.com/oioi3030/222757005430 | https://blog.naver.com/dlsdk122/222521221058
st_20732,여신강림,왕자만화방(와이앤아니마),8,61.5,https://blog.naver.com/btac228kc/222599914212 | https://blog.naver.com/myhee0831/222255712470 | https://blog.naver.com/alohanne/222226948454
st_20733,여신강림,국립현대미술관 서울관 앞 도로(삼청로),3,23.1,https://blog.naver.com/btac228kc/222599914212
st_20736,여신강림,상주은모래비치,3,23.1,https://blog.naver.com/yb_tour/222594330739
st_20734,여신강림,감고당길,2,15.4,https://blog.naver.com/alohanne/222226948454 | https://blog.naver.com/visit_jini/224057038749
st_20739,역도요정 김복주,인하대학교,7,100.0,https://blog.naver.com/dailyim/220933807289 | https://blog.naver.com/mchsightseeing/222502564612 | https://blog.naver.com/incheontogi/220898598174
st_20741,역도요정 김복주,삼육대학교,2,28.6,
st_20744,역도요정 김복주,이월드,1,14.3,https://blog.naver.com/msjung8966/220911642398
st_20748,연인,보리나라 학원농장(청보리밭),5,100.0,https://blog.naver.com/diar_y/222729297205 | https://blog.naver.com/jii01_/223244273913 | https://blog.naver.com/hsc_one1/223163006506
st_12442,연인,서동요테마파크,4,80.0,https://blog.naver.com/hsc_one1/223163006506 | https://blog.naver.com/hsc_one1/223237724615
st_12432,연인,고석정,3,60.0,https://blog.naver.com/wnsladmschd8/223276429483 | https://blog.naver.com/hsc_one1/223163006506 | https://blog.naver.com/hsc_one1/223237724615
st_12433,연인,무릉계곡,3,60.0,https://blog.naver.com/alleo_/223207759384 | https://blog.naver.com/hsc_one1/223163006506 | https://blog.naver.com/hsc_one1/223237724615
st_12430,연인,남양주종합촬영소,2,40.0,https://blog.naver.com/hsc_one1/223163006506 | https://blog.naver.com/hsc_one1/223237724615
st_12436,연인,삼봉해수욕장,2,40.0,https://blog.naver.com/hsc_one1/223163006506 | https://blog.naver.com/hsc_one1/223237724615
st_20749,연인,상당산성,2,40.0,https://blog.naver.com/hsc_one1/223163006506 | https://blog.naver.com/hsc_one1/223237724615
st_12438,연인,수선루,2,40.0,https://blog.naver.com/hsc_one1/223163006506 | https://blog.naver.com/hsc_one1/223237724615
st_12440,연인,안동하회마을,2,40.0,https://blog.naver.com/hsc_one1/223163006506 | https://blog.naver.com/hsc_one1/223237724615
st_12434,연인,온달관광지,2,40.0,https://blog.naver.com/hsc_one1/223163006506 | https://blog.naver.com/hsc_one1/223237724615
st_12435,연인,바람의화원 세트장,2,40.0,https://blog.naver.com/hsc_one1/223163006506 | https://blog.naver.com/hsc_one1/223237724615
st_20753,오싹한 연애,그랜드 워커힐 서울,7,100.0,https://blog.naver.com/redmee2/224353668232 | https://blog.naver.com/buja1202/224357486716 | https://blog.naver.com/ryu71s/224354827641
st_20754,오싹한 연애,콘래드 서울,7,100.0,https://blog.naver.com/redmee2/224353668232 | https://blog.naver.com/coach_4_you/224346434896 | https://blog.naver.com/ryu71s/224354827641
st_20769,오싹한 연애,롯데호텔 제주,6,85.7,https://blog.naver.com/redmee2/224353668232 | https://blog.naver.com/buja1202/224357486716 | https://blog.naver.com/ryu71s/224354827641
st_20759,오싹한 연애,롯데백화점 일산점,4,57.1,https://blog.naver.com/ryu71s/224354827641 | https://blog.naver.com/hsc_one1/224350892170
st_20770,오싹한 연애,제주신라호텔,3,42.9,https://blog.naver.com/redmee2/224353668232 | https://blog.naver.com/buja1202/224357486716 | https://blog.naver.com/ryu71s/224354827641
st_20768,오싹한 연애,클럽디 더플레이어스,3,42.9,https://blog.naver.com/redmee2/224353668232 | https://blog.naver.com/buja1202/224357486716 | https://blog.naver.com/ryu71s/224354827641
st_20773,오싹한 연애,농암종택,3,42.9,https://blog.naver.com/redmee2/224353668232 | https://blog.naver.com/buja1202/224357486716 | https://blog.naver.com/ryu71s/224354827641
st_20755,오싹한 연애,경희대학교 서울캠퍼스,3,42.9,https://blog.naver.com/hs21589/224358510111
st_20781,오징어 게임,선갑도,10,100.0,https://blog.naver.com/suhyup_nf/222534630308 | https://blog.naver.com/ting4you67/222529624236 | https://blog.naver.com/sky_agency/223716726061
st_20779,오징어 게임,백운시장,6,60.0,https://blog.naver.com/ting4you67/222529624236 | https://blog.naver.com/vivichoo2013/222544919021 | https://blog.naver.com/ahsung01/222754332683
st_13178,오징어게임,팔도건어물,4,40.0,https://blog.naver.com/ahsung01/222754332683 | https://blog.naver.com/haechiseoul/222555517660 | https://blog.naver.com/prettyrabbit/222545734563
st_20776,오징어 게임,CU 쌍문우이천점,3,30.0,https://blog.naver.com/vivichoo2013/222544919021 | https://blog.naver.com/carlovetw/222576778319 | https://blog.naver.com/haechiseoul/222555517660
st_13181,오징어게임,도봉중앙교회,2,20.0,https://blog.naver.com/ting4you67/222529624236 | https://blog.naver.com/haechiseoul/222555517660
st_20774,오징어 게임,양재시민의숲역(신분당선 강남방면 승강장),2,20.0,https://blog.naver.com/janggujoa/224037467232 | https://blog.naver.com/leader8949/223964339219
st_13216,오징어게임2,탑골공원,15,100.0,https://blog.naver.com/moonsun116/223815426743 | https://blog.naver.com/location_info/223706850010 | https://blog.naver.com/hsc_one1/223706199861
st_13218,오징어게임2,종로구,12,80.0,https://blog.naver.com/moonsun116/223815426743 | https://blog.naver.com/location_info/223706850010 | https://blog.naver.com/hsc_one1/223706199861
st_13232,오징어게임2,카프리모텔,9,60.0,https://blog.naver.com/sky_agency/223709493186 | https://blog.naver.com/hsc_one1/223706199861 | https://blog.naver.com/bladekwon/223707978196
st_13233,오징어게임2,서울랜드,9,60.0,https://blog.naver.com/location_info/223706850010 | https://blog.naver.com/hsc_one1/223706260449 | https://blog.naver.com/ishw2003/223733525869
st_13214,오징어게임2,종각역,8,53.3,https://blog.naver.com/location_info/223706850010 | https://blog.naver.com/hsc_one1/223706199861 | https://blog.naver.com/travygolf/223706347625
st_13209,오징어게임2,금성루,6,40.0,https://blog.naver.com/hsc_one1/223706199861 | https://blog.naver.com/bladekwon/223707978196 | https://blog.naver.com/mjheat/223733071172
st_13210,오징어게임2,충무로,5,33.3,https://blog.naver.com/hsc_one1/223706199861 | https://blog.naver.com/mjheat/223733071172 | https://blog.naver.com/basslike001/223843174109
st_13219,오징어게임2,필운대로,4,26.7,https://blog.naver.com/location_info/223706850010 | https://blog.naver.com/hsc_one1/223706199861 | https://blog.naver.com/janggujoa/224037467232
st_13231,오징어게임2,인천공항,4,26.7,https://blog.naver.com/hsc_one1/223706199861 | https://blog.naver.com/bladekwon/223707978196 | https://blog.naver.com/hsc_one1/223352427411
st_13220,오징어게임2,옥인파출소,4,26.7,https://blog.naver.com/location_info/223706850010 | https://blog.naver.com/hsc_one1/223706199861 | https://blog.naver.com/redmee2/223741681739
st_13211,오징어게임2,을지로,4,26.7,https://blog.naver.com/hsc_one1/223706199861 | https://blog.naver.com/tonygina/223961765532 | https://blog.naver.com/janggujoa/224037467232
st_13238,오징어게임2,다대다포항,3,20.0,https://blog.naver.com/hsc_one1/223706199861 | https://blog.naver.com/redmee2/223741681739 | https://blog.naver.com/hsc_one1/223706632222
st_13197,오징어게임2,서강대교,3,20.0,https://blog.naver.com/travygolf/223706347625 | https://blog.naver.com/janggujoa/224037467232 | https://blog.naver.com/leader8949/223964339219
st_13215,오징어게임2,뚜레쥬르 종로점,3,20.0,https://blog.naver.com/location_info/223706850010
st_13212,오징어게임2,약수역,3,20.0,https://blog.naver.com/location_info/223706850010 | https://blog.naver.com/travygolf/223706347625 | https://blog.naver.com/sagafilm/223925429163
st_13242,오징어게임3,서울랜드,6,100.0,https://blog.naver.com/hsc_one1/223913414652 | https://blog.naver.com/location_info/223706850010 | https://blog.naver.com/minago_/223711432006
st_13241,오징어게임3,카프리모텔,5,83.3,https://blog.naver.com/hsc_one1/223913414652 | https://blog.naver.com/minago_/223711432006 | https://blog.naver.com/sagafilm/223925429163
st_13246,오징어게임3,다포항,2,33.3,https://blog.naver.com/hsc_one1/223913879237 | https://blog.naver.com/hsc_one1/223913414652
mv_0390_01,왕의 남자,부안영상테마파크,6,100.0,https://blog.naver.com/gpal5062/224285100079 | https://blog.naver.com/kyunghi39/224297378496 | https://blog.naver.com/ttkiller85/140027124464
mv_0390_03,왕의 남자,고창읍성,1,16.7,https://blog.naver.com/s9500849/220792108961
mv_0390_05,왕의 남자,설매재자연휴양림,0,0.0,
st_14040,월간남친,보롬왓,11,100.0,https://blog.naver.com/0story01/224272688509 | https://blog.naver.com/travelqueenk/224360881532 | https://blog.naver.com/rg0503/224241896609
st_13950,월간남친,이노시뮬레이션,8,72.7,https://blog.naver.com/ryu71s/224214501689 | https://blog.naver.com/location_info/224208130223 | https://blog.naver.com/hucook/224216519127
st_14032,월간남친,그랜드 하얏트 제주,7,63.6,https://blog.naver.com/rehab0827/224308546178 | https://blog.naver.com/petergeba2/224213236853 | https://blog.naver.com/0story01/224272688509
st_14022,월간남친,별마로천문대,7,63.6,https://blog.naver.com/ryu71s/224214501689 | https://blog.naver.com/hucook/224216519127 | https://blog.naver.com/hucook/224216588953
st_13989,월간남친,삼육대학교,7,63.6,https://blog.naver.com/ryu71s/224214501689 | https://blog.naver.com/1asset1/224216795222 | https://blog.naver.com/0story01/224272688509
st_13978,월간남친,만리재 비스트로,6,54.5,https://blog.naver.com/ryu71s/224214501689 | https://blog.naver.com/lovelya3/224356506342 | https://blog.naver.com/0story01/224272688509
st_13949,월간남친,마곡중앙6로,6,54.5,https://blog.naver.com/location_info/224208130223 | https://blog.naver.com/location_info/224208153259 | https://blog.naver.com/petergeba2/224213236853
st_13947,월간남친,차돌그릴 마곡,6,54.5,https://blog.naver.com/location_info/224208130223 | https://blog.naver.com/location_info/224208153259 | https://blog.naver.com/petergeba2/224213236853
st_14013,월간남친,놀숲 부천중동점,5,45.5,https://blog.naver.com/myblog_jin/224363141796 | https://blog.naver.com/mingorange/224335818176 | https://blog.naver.com/petergeba2/224213236853
st_14025,월간남친,해운대,5,45.5,https://blog.naver.com/petergeba2/224213236853 | https://blog.naver.com/0story01/224272688509 | https://blog.naver.com/hsc_one1/224207931174
st_14000,월간남친,조선왕가,5,45.5,https://blog.naver.com/ryu71s/224214501689 | https://blog.naver.com/location_info/224208130223 | https://blog.naver.com/0story01/224272688509
st_13999,월간남친,송도 센트럴파크,5,45.5,https://blog.naver.com/petergeba2/224213236853 | https://blog.naver.com/0story01/224272688509 | https://blog.naver.com/hsc_one1/224208011029
st_14028,월간남친,누리마루 APEC 하우스,5,45.5,https://blog.naver.com/location_info/224208130223 | https://blog.naver.com/petergeba2/224213236853 | https://blog.naver.com/0story01/224272688509
st_14036,월간남친,김녕해수욕장,4,36.4,https://blog.naver.com/petergeba2/224213236853 | https://blog.naver.com/0story01/224272688509
st_14038,월간남친,천미천,4,36.4,https://blog.naver.com/petergeba2/224213236853 | https://blog.naver.com/0story01/224272688509
st_14177,웰컴투삼달리,명월국민학교,12,100.0,https://blog.naver.com/aaiizzwell_93/223329821844 | https://blog.naver.com/anigang/223305229633 | https://blog.naver.com/kwaang2/223285649685
st_20790,웰컴투 삼달리,광치기해변,11,91.7,https://blog.naver.com/0505ej/224344707549 | https://blog.naver.com/artraving/224329652340 | https://blog.naver.com/aaiizzwell_93/223329821844
st_14200,웰컴투삼달리,비밀의숲,10,83.3,https://blog.naver.com/aaiizzwell_93/223329821844 | https://blog.naver.com/hhsea/223326263998 | https://blog.naver.com/location_info/223799500658
st_14180,웰컴투삼달리,도두봉,9,75.0,https://blog.naver.com/anigang/223305229633 | https://blog.naver.com/luvjejuwith/223327656937 | https://blog.naver.com/youjung0506/223314536231
st_14190,웰컴투삼달리,세기알해변,9,75.0,https://blog.naver.com/anigang/223305229633 | https://blog.naver.com/location_info/223799500658 | https://blog.naver.com/luvjejuwith/223327656937
st_14197,웰컴투삼달리,별방진,8,66.7,https://blog.naver.com/artraving/224329652340 | https://blog.naver.com/aaiizzwell_93/223329821844 | https://blog.naver.com/remanyah/224298273180
st_14186,웰컴투삼달리,아프리카게스트하우스,8,66.7,https://blog.naver.com/aaiizzwell_93/223329821844 | https://blog.naver.com/anigang/223305229633 | https://blog.naver.com/go_sirii/223938155914
st_14214,웰컴투삼달리,삼달하동로32번길,8,66.7,https://blog.naver.com/anigang/223305229633 | https://blog.naver.com/guswn0638/223304405447 | https://blog.naver.com/to_dodo/224359163943
st_14228,웰컴투삼달리,가파도,7,58.3,https://blog.naver.com/location_info/223799500658 | https://blog.naver.com/youjung0506/223314536231 | https://blog.naver.com/zuuu_33/223328848656
st_14213,웰컴투삼달리,해녀의집,7,58.3,https://blog.naver.com/anigang/223305229633 | https://blog.naver.com/guswn0638/223304405447 | https://blog.naver.com/niii_-/224159876365
st_14172,웰컴투삼달리,신창풍차해안,6,50.0,https://blog.naver.com/hhsea/223326263998 | https://blog.naver.com/zuuu_33/223328848656 | https://blog.naver.com/travellifediary/223350188817
st_14201,웰컴투삼달리,시흥리,6,50.0,https://blog.naver.com/ankyy/223715497633 | https://blog.naver.com/mellang_2/223344317489 | https://blog.naver.com/go_sirii/223938155914
st_14218,웰컴투삼달리,망장포,5,41.7,https://blog.naver.com/anigang/223305229633 | https://blog.naver.com/zuuu_33/223328848656 | https://blog.naver.com/island499/224067017140
st_14211,웰컴투삼달리,삼달하동로31번길,5,41.7,https://blog.naver.com/anigang/223305229633 | https://blog.naver.com/location_info/223799500658 | https://blog.naver.com/zuuu_33/223328848656
st_14187,웰컴투삼달리,대풍미락 함덕본점,4,33.3,https://blog.naver.com/aaiizzwell_93/223329821844 | https://blog.naver.com/anigang/223305229633 | https://blog.naver.com/location_info/223799500658
st_14386,유미의세포들3,카페385,9,100.0,https://blog.naver.com/tjdms115/224334606268 | https://blog.naver.com/mooviecookie/224280181791 | https://blog.naver.com/bladekwon/224252484792
st_14343,유미의세포들3,페이지37,9,100.0,https://blog.naver.com/discoverincheon/224298333633 | https://blog.naver.com/todaily13/224287987563 | https://blog.naver.com/mooviecookie/224280181791
st_14371,유미의세포들3,칠링더데이,8,88.9,https://blog.naver.com/bladekwon/224252484792 | https://blog.naver.com/fridaysol/224276333847 | https://blog.naver.com/50-2ndchance/224271097918
st_20796,유미의 세포들 3,아난티 앳 부산 코브,8,88.9,https://blog.naver.com/thewind0529/224317974170 | https://blog.naver.com/zingga9/224275462036 | https://blog.naver.com/apartforyou/224268623053
st_14385,유미의세포들3,보수동 책방골목,7,77.8,https://blog.naver.com/bladekwon/224252484792 | https://blog.naver.com/liebedance/224271650202 | https://blog.naver.com/alchemist_s/224259215194
st_14376,유미의세포들3,제이드가든,7,77.8,https://blog.naver.com/alchemist_s/224275724343 | https://blog.naver.com/bladekwon/224252484792 | https://blog.naver.com/fridaysol/224276333847
st_14391,유미의세포들3,감천문화마을,7,77.8,https://blog.naver.com/mooviecookie/224280181791 | https://blog.naver.com/bladekwon/224252484792 | https://blog.naver.com/yunalog_ooo/224267880339
st_14355,유미의세포들3,인천타워대로,7,77.8,https://blog.naver.com/yeonsulife/224293561540 | https://blog.naver.com/todaily13/224287987563 | https://blog.naver.com/bladekwon/224252484792
st_14378,유미의세포들3,아난티 코브,7,77.8,https://blog.naver.com/mooviecookie/224280181791 | https://blog.naver.com/bladekwon/224252484792 | https://blog.naver.com/apartforyou/224268623053
st_14353,유미의세포들3,센트럴로,7,77.8,https://blog.naver.com/yeonsulife/224293561540 | https://blog.naver.com/discoverincheon/224298333633 | https://blog.naver.com/todaily13/224287987563
st_14329,유미의세포들3,L65호텔 웨딩컨벤션,6,66.7,https://blog.naver.com/roomy___/224349691412 | https://blog.naver.com/bladekwon/224252484792 | https://blog.naver.com/zingga9/224275760483
st_14345,유미의세포들3,메가박스 인천학익점,5,55.6,https://blog.naver.com/todaily13/224287987563 | https://blog.naver.com/mooviecookie/224280181791 | https://blog.naver.com/bladekwon/224252484792
st_14348,유미의세포들3,센트럴파크,5,55.6,https://blog.naver.com/yeonsulife/224293561540 | https://blog.naver.com/discoverincheon/224298333633 | https://blog.naver.com/bladekwon/224252484792
st_14372,유미의세포들3,화서문로,5,55.6,https://blog.naver.com/bladekwon/224252484792 | https://blog.naver.com/fridaysol/224276333847 | https://blog.naver.com/50-2ndchance/224271097918
st_14357,유미의세포들3,트리플스트리트B동,5,55.6,https://blog.naver.com/yeonsulife/224293561540 | https://blog.naver.com/bladekwon/224252484792 | https://blog.naver.com/zingga9/224275760483
st_20805,응답하라 1988,동광극장,5,100.0,https://blog.naver.com/hs21589/221109580330 | https://blog.naver.com/angebebe7/220592836114 | https://blog.naver.com/gofl35/224225633815
st_20802,응답하라 1988,쌍문역,5,100.0,https://blog.naver.com/ssambo21/223137829066 | https://blog.naver.com/komozzi79/224032430356 | https://blog.naver.com/withy00/224339177016
st_14693,응답하라1988,최규하대통령가옥,5,100.0,https://blog.naver.com/dewsweet/224355024678 | https://blog.naver.com/kimh01/222883483376 | https://blog.naver.com/emmasabatini/223319497786
st_20803,응답하라 1988,얄개분식,4,80.0,https://blog.naver.com/oo5004/224353540128 | https://blog.naver.com/pulongyi10/224313963157
st_20804,응답하라 1988,해미읍성,4,80.0,https://blog.naver.com/oo5004/224353540128 | https://blog.naver.com/pulongyi10/224313963157
st_14702,응답하라1988,코스모스,4,80.0,https://blog.naver.com/ham_ddo/223653195126 | https://blog.naver.com/shutter_here/223898206241
st_20801,응답하라 1988,낙산공원,3,60.0,https://blog.naver.com/ddomin-/224315422207
st_14703,응답하라1988,혜화칼국수,2,40.0,https://blog.naver.com/sodan4/222575238785 | https://blog.naver.com/trip_food_/223056316361
st_14990,이번생도잘부탁해,무진정,8,100.0,http://blog.naver.com/hsc_one1/223131874399 | https://blog.naver.com/chummilmil99/223158674871 | https://blog.naver.com/sujung64486/223159034779
st_14988,이번생도잘부탁해,산청동의보감촌,8,100.0,http://blog.naver.com/hsc_one1/223131874399 | https://blog.naver.com/chummilmil99/223158674871 | https://blog.naver.com/hsc_one1/223131874399
st_14979,이번생도잘부탁해,채석강,6,75.0,http://blog.naver.com/hsc_one1/223131874399 | https://blog.naver.com/hsc_one1/223131874399 | https://blog.naver.com/hsc_one1/223121374890
st_14912,이번생도잘부탁해,스위스그랜드호텔,4,50.0,http://blog.naver.com/hsc_one1/223131874399 | https://blog.naver.com/hsc_one1/223138126720 | https://blog.naver.com/hsc_one1/223131874399
st_14948,이번생도잘부탁해,롯데월드,4,50.0,http://blog.naver.com/hsc_one1/223131874399 | https://blog.naver.com/hsc_one1/223131874399 | https://blog.naver.com/hsc_one1/223121374890
st_14982,이번생도잘부탁해,부용대,3,37.5,http://blog.naver.com/hsc_one1/223131874399 | https://blog.naver.com/hsc_one1/223131874399 | https://blog.naver.com/hsc_one1/223121374890
st_14918,이번생도잘부탁해,청계천,3,37.5,https://blog.naver.com/hsc_one1/223138126720
st_14989,이번생도잘부탁해,남사예담촌,3,37.5,https://blog.naver.com/sujung64486/223156365947
st_14985,이번생도잘부탁해,명선도,3,37.5,http://blog.naver.com/hsc_one1/223131874399 | https://blog.naver.com/hsc_one1/223131874399 | https://blog.naver.com/ljw2312_/224001770408
st_14984,이번생도잘부탁해,진하해수욕장,3,37.5,http://blog.naver.com/hsc_one1/223131874399 | https://blog.naver.com/hsc_one1/223131874399 | https://blog.naver.com/ljw2312_/224001770408
st_14950,이번생도잘부탁해,양주시립민복진미술관,3,37.5,https://blog.naver.com/hsc_one1/223121374890
st_14975,이번생도잘부탁해,별별별장,2,25.0,https://blog.naver.com/chummilmil99/223158674871 | https://blog.naver.com/hsc_one1/223121374890
st_14930,이번생도잘부탁해,더한옥,2,25.0,http://blog.naver.com/hsc_one1/223131874399 | https://blog.naver.com/hsc_one1/223131874399
st_14964,이번생도잘부탁해,더힐하우스,2,25.0,http://blog.naver.com/hsc_one1/223131874399 | https://blog.naver.com/hsc_one1/223131874399
st_14937,이번생도잘부탁해,세운상가 3층,2,25.0,https://blog.naver.com/hsc_one1/223138126720 | https://blog.naver.com/hsc_one1/223121374890
st_20816,이상한 변호사 우영우,관음사,14,100.0,https://blog.naver.com/merrypick7_/222845545371 | https://blog.naver.com/tripade/222975978519 | https://blog.naver.com/k0110ksc/223792057461
st_20807,이상한 변호사 우영우,우영김밥(카자구루마),14,100.0,http://blog.naver.com/20rok/222833368686 | https://blog.naver.com/my_diary-_-/222879992898 | https://blog.naver.com/20rok/222833368686
st_15173,이상한변호사우영우,카자구루마,14,100.0,http://blog.naver.com/20rok/222833368686 | https://blog.naver.com/my_diary-_-/222879992898 | https://blog.naver.com/20rok/222833368686
st_20812,이상한 변호사 우영우,창원 북부리 팽나무,8,57.1,http://blog.naver.com/parkbot1/223506041015 | https://blog.naver.com/designapple/224069166792 | https://blog.naver.com/mimirom1/224351773444
st_20817,이상한 변호사 우영우,새연교(새섬),7,50.0,https://blog.naver.com/merrypick7_/222845545371 | https://blog.naver.com/tripade/222975978519 | https://blog.naver.com/rlaguswn0312/222847209665
st_15172,이상한변호사우영우,소소주점,4,28.6,http://blog.naver.com/river0703/223150561810 | https://blog.naver.com/pudingy/222833967133 | https://blog.naver.com/sskyykss/222810078511
st_20810,이상한 변호사 우영우,장화리 일몰 조망지,4,28.6,https://blog.naver.com/ggulmyung/223865947727 | https://blog.naver.com/discoverincheon/222836701695
st_15178,이상한변호사우영우,센터필드,3,21.4,http://blog.naver.com/chizkimbab/222822398208 | https://blog.naver.com/pudingy/222833967133 | https://blog.naver.com/sskyykss/222810078511
st_20809,이상한 변호사 우영우,울산지방법원,3,21.4,https://blog.naver.com/k0110ksc/223792057461
st_20815,이상한 변호사 우영우,함덕해수욕장,3,21.4,https://blog.naver.com/rlaguswn0312/222847209665 | https://blog.naver.com/zuuu_33/222847473846 | https://blog.naver.com/moana48/222846104553
st_15308,이재곧죽습니다,울산대교,6,100.0,https://blog.naver.com/okkorea0/224264769302 | https://blog.naver.com/ulsan_nuri/223115291017 | https://blog.naver.com/hsc_one1/223293857873
st_15307,이재곧죽습니다,태화강국가정원,5,83.3,https://blog.naver.com/okkorea0/224264769302 | https://blog.naver.com/compile6838/224165928582 | https://blog.naver.com/riderschoolship/223969660389
st_15299,이재곧죽습니다,보령청보리밭,5,83.3,http://blog.naver.com/majara78/223375945303 | https://blog.naver.com/okkorea0/224264769302 | https://blog.naver.com/majara78/223375945303
st_15306,이재곧죽습니다,경주 오봉산 마당바위,3,50.0,https://blog.naver.com/hsc_one1/223981258780
st_15254,이재곧죽습니다,연남장,2,33.3,https://blog.naver.com/dnlvsm/223303574979 | https://blog.naver.com/hsc_one1/223293857873
st_15257,이재곧죽습니다,약현성당,2,33.3,https://blog.naver.com/hsc_one1/223293857873 | https://blog.naver.com/izzy_doesit/224276430898
st_15294,이재곧죽습니다,더체어펜션,2,33.3,https://blog.naver.com/hsc_one1/223293857873 | https://blog.naver.com/melodytravel/223012280997
st_15271,이재곧죽습니다,인천차이나타운,2,33.3,https://blog.naver.com/okkorea0/224264769302 | https://blog.naver.com/hsc_one1/223293857873
st_15318,이태원클라쓰,녹사평육교,21,100.0,https://blog.naver.com/yulee410/222446750541 | https://blog.naver.com/snappybae/221876909455 | https://blog.naver.com/tripgayo/223364788586
st_15327,이태원클라쓰,단밤2호점(오리올),18,85.7,https://blog.naver.com/eee7082/221837210776 | https://blog.naver.com/snappybae/221876909455 | https://blog.naver.com/eao0926/222250633663
st_20830,이태원 클라쓰,용산구청,14,66.7,https://blog.naver.com/goodcminh/224298697881 | https://blog.naver.com/day00ung/221868169305 | https://blog.naver.com/eao0926/222250633663
st_15329,이태원클라쓰,이태원거리(세계음식문화거리),11,52.4,https://blog.naver.com/goodcminh/224298697881 | https://blog.naver.com/hamiltonhotel/221990666929 | https://blog.naver.com/eao0926/222250633663
st_15326,이태원클라쓰,G게스트하우스,10,47.6,https://blog.naver.com/eao0926/222250633663 | https://blog.naver.com/you1620/221851704659 | https://blog.naver.com/nany8/221848364140
st_15328,이태원클라쓰,꿀밤포차,7,33.3,https://blog.naver.com/eee7082/221837210776 | https://blog.naver.com/eao0926/222250633663 | https://blog.naver.com/hellobonghoon/221778956651
st_15320,이태원클라쓰,화장실,7,33.3,https://blog.naver.com/eat_view_joy/224186188109 | https://blog.naver.com/lookin4love/224260639600 | https://blog.naver.com/zz__ni/222010416708
st_15321,이태원클라쓰,단밤1호점,6,28.6,https://blog.naver.com/budaso/224279132979 | https://blog.naver.com/hshyun0602/221858540952 | https://blog.naver.com/csktg0259/221863847299
st_15314,이태원클라쓰,장가포차(만만코코로),6,28.6,https://blog.naver.com/30sy1129/222681083338 | https://blog.naver.com/kwcigok585/223950217798 | https://blog.naver.com/msk811/223459108178
st_20821,이태원 클라쓰,1기 단밤(언덕집소곱창),6,28.6,https://blog.naver.com/hshyun0602/221858540952 | https://blog.naver.com/moon093/224161906444 | https://blog.naver.com/siatravel7/221823143972
st_15317,이태원클라쓰,잠수교(반포대교),5,23.8,https://blog.naver.com/snappybae/221876909455 | https://blog.naver.com/tournoteblog/222275004447 | https://blog.naver.com/hshyun0602/221858540952
st_15334,이태원클라쓰,놀이터(창의어린이공원),5,23.8,https://blog.naver.com/goodcminh/224298697881 | https://blog.naver.com/hshyun0602/221858540952 | https://blog.naver.com/diledile/223620042523
st_15325,이태원클라쓰,수아네집(뉴일무이),5,23.8,https://blog.naver.com/hshyun0602/221858540952 | https://blog.naver.com/msk811/223459108178 | https://blog.naver.com/eattrend_muse/221927463919
st_20824,이태원 클라쓰,만만코로코로(장가포차),5,23.8,https://blog.naver.com/30sy1129/222681083338 | https://blog.naver.com/kwcigok585/223950217798 | https://blog.naver.com/tazan00009/221819504772
st_15333,이태원클라쓰,더파이니스트,4,19.0,https://blog.naver.com/hshyun0602/221858540952 | https://blog.naver.com/msk811/223459108178
mv_2319_01,인천상륙작전,합천영상테마파크,3,100.0,https://blog.naver.com/bennywhang/220749425245 | https://blog.naver.com/travelhc/220545286187 | https://blog.naver.com/mayisle/220589446208
mv_2319_04,인천상륙작전,계명대학교 성서캠퍼스,0,0.0,
mv_2319_02,인천상륙작전,삽교호함상공원,0,0.0,
st_15668,작은아씨들,에이미,6,100.0,https://blog.naver.com/clare_shine/222091533640 | https://blog.naver.com/yjwitch85/222157366115 | https://blog.naver.com/docenttour/222879891172
st_15686,작은아씨들,아베크청담,4,66.7,https://blog.naver.com/cheom_i/222897050192 | https://blog.naver.com/darkyoon85/222701951339 | https://blog.naver.com/guming9/222901210655
st_15679,작은아씨들,보칼리노,3,50.0,https://blog.naver.com/tammara/222877226942 | https://blog.naver.com/day-sy/222872490942 | https://blog.naver.com/rn1004-/222874078299
st_15676,작은아씨들,바캉스커피,2,33.3,https://blog.naver.com/tastyavenuewalk/222872623608 | https://blog.naver.com/dbw02195/222893415985
st_16111,조각도시,장흥교도소,5,100.0,https://blog.naver.com/hsc_one1/224066349810 | https://blog.naver.com/timid7/224072630539 | https://blog.naver.com/bingohwan/224360186389
st_16110,조각도시,(구)광주교도소,3,60.0,https://blog.naver.com/hsc_one1/224066349810 | https://blog.naver.com/timid7/224072630539 | https://blog.naver.com/najucarrier/223702376700
st_16109,조각도시,인제 스피디움,2,40.0,https://blog.naver.com/hsc_one1/224066349810 | https://blog.naver.com/timid7/224072630539
st_16104,조각도시,마임비전빌리지,2,40.0,https://blog.naver.com/hsc_one1/224066349810 | https://blog.naver.com/timid7/224072630539
st_16074,조각도시,광탄성당,2,40.0,https://blog.naver.com/hsc_one1/224066349810 | https://blog.naver.com/timid7/224072630539
st_16055,조각도시,서소문역사공원,2,40.0,https://blog.naver.com/hsc_one1/224066349810 | https://blog.naver.com/timid7/224072630539
st_16112,조각도시,쌍용양회 문경공장,2,40.0,https://blog.naver.com/hsc_one1/224066349810 | https://blog.naver.com/redmee2/224081974166
st_16092,조각도시,아라마리나,2,40.0,https://blog.naver.com/hsc_one1/224066349810 | https://blog.naver.com/timid7/224072630539
st_16101,조각도시,칼리오페,2,40.0,https://blog.naver.com/hsc_one1/224066349810 | https://blog.naver.com/timid7/224072630539
st_16062,조각도시,테헤란로,2,40.0,https://blog.naver.com/hsc_one1/224066349810 | https://blog.naver.com/timid7/224072630539
st_20837,조립식 가족,감포 해국길,24,100.0,https://blog.naver.com/bryanyoon1/224306854242 | https://blog.naver.com/yun770914/224246916326 | https://blog.naver.com/gyeongju_e/223687661999
st_16186,조립식가족,아르볼,23,95.8,https://blog.naver.com/ewq333/223654654806 | https://blog.naver.com/leeheebubu/223621756239 | https://blog.naver.com/jola11/223614929820
st_16184,조립식가족,감포항,19,79.2,https://blog.naver.com/bryanyoon1/224306854242 | https://blog.naver.com/jola11/223614929820 | https://blog.naver.com/redmee2/223668804295
st_16175,조립식가족,근화여자고등학교,19,79.2,https://blog.naver.com/leeheebubu/223621756239 | https://blog.naver.com/jola11/223614929820 | https://blog.naver.com/redmee2/223668804295
st_16190,조립식가족,읍천항,16,66.7,https://blog.naver.com/bryanyoon1/224306854242 | https://blog.naver.com/jola11/223614929820 | https://blog.naver.com/redmee2/223668804295
st_16178,조립식가족,경주읍성,11,45.8,https://blog.naver.com/jola11/223614929820 | https://blog.naver.com/redmee2/223668804295 | https://blog.naver.com/redmee2/223667810349
st_16160,조립식가족,동화마을슈퍼,9,37.5,https://blog.naver.com/jola11/223614929820 | https://blog.naver.com/redmee2/223668804295 | https://blog.naver.com/redmee2/223667810349
st_16122,조립식가족,고려대학교 구로병원,9,37.5,https://blog.naver.com/redmee2/223668804295 | https://blog.naver.com/redmee2/223667810349 | https://blog.naver.com/redmee2/223659542115
st_16171,조립식가족,화본역,8,33.3,https://blog.naver.com/redmee2/223668804295 | https://blog.naver.com/redmee2/223667810349 | https://blog.naver.com/redmee2/223659542115
st_16121,조립식가족,푸른수목원,8,33.3,https://blog.naver.com/redmee2/223668804295 | https://blog.naver.com/redmee2/223667810349 | https://blog.naver.com/redmee2/223659542115
st_16169,조립식가족,강촌레일파크,8,33.3,https://blog.naver.com/redmee2/223668804295 | https://blog.naver.com/hsc_one1/223636936300 | https://blog.naver.com/redmee2/223667810349
st_16176,조립식가족,성건주공아파트,7,29.2,https://blog.naver.com/jola11/223614929820 | https://blog.naver.com/redmee2/223668804295 | https://blog.naver.com/redmee2/223667810349
st_16174,조립식가족,빛누리정원,7,29.2,https://blog.naver.com/redmee2/223668804295 | https://blog.naver.com/redmee2/223667810349 | https://blog.naver.com/redmee2/223659542115
st_16196,조립식가족,웨스틴조선 부산,7,29.2,https://blog.naver.com/leeheebubu/223621756239 | https://blog.naver.com/redmee2/223668804295 | https://blog.naver.com/redmee2/223667810349
st_16197,조립식가족,광안리해수욕장,7,29.2,https://blog.naver.com/leeheebubu/223621756239 | https://blog.naver.com/redmee2/223668804295 | https://blog.naver.com/redmee2/223667810349
st_16351,중증외상센터,이대서울병원,23,100.0,https://blog.naver.com/hsc_one1/223737422023 | https://blog.naver.com/diacpqpqp/223739349459 | https://blog.naver.com/travelhyuk/223740141348
st_16381,중증외상센터,베스티안병원,14,60.9,https://blog.naver.com/hsc_one1/223737422023 | https://blog.naver.com/travelhyuk/223740141348 | https://blog.naver.com/hsc_one1/223737517923
st_20842,중증외상센터,오송첨단의료산업진흥재단,8,34.8,https://blog.naver.com/location_info/223739172501 | https://blog.naver.com/wakuna1000/223747017368 | https://blog.naver.com/whitesocks_calico/223738019212
st_16357,중증외상센터,용산역,8,34.8,https://blog.naver.com/hsc_one1/223737422023 | https://blog.naver.com/hsc_one1/223737517923 | https://blog.naver.com/hsc_one1/223728509002
st_20843,중증외상센터,페어몬트 앰배서더 서울,7,30.4,https://blog.naver.com/location_info/223739172501 | https://blog.naver.com/hoihoihoi0-/223741127051 | https://blog.naver.com/whitesocks_calico/223738019212
st_16356,중증외상센터,반도아이비밸리,6,26.1,https://blog.naver.com/hsc_one1/223737422023 | https://blog.naver.com/hsc_one1/223737517923 | https://blog.naver.com/hsc_one1/223728509002
st_16353,중증외상센터,서강대교,4,17.4,https://blog.naver.com/hoihoihoi0-/223741127051 | https://blog.naver.com/naahaalee/223739926783
st_16370,중증외상센터,인하대학교 본관,4,17.4,https://blog.naver.com/rladbfla1209_/223740868525 | https://blog.naver.com/jangkkoo/223741492772
st_20844,중증외상센터,시엔 구월점,3,13.0,https://blog.naver.com/jangkkoo/223741492772
st_16368,중증외상센터,청라대로(분수광장삼거리),3,13.0,https://blog.naver.com/hoihoihoi0-/223741127051
st_16377,중증외상센터,판교역로,2,8.7,https://blog.naver.com/naahaalee/223739926783 | https://blog.naver.com/ohayo11/223748709732
st_16376,중증외상센터,미사테스타타워,2,8.7,https://blog.naver.com/whitesocks_calico/223738019212 | https://blog.naver.com/redmee2/223738001940
st_16379,중증외상센터,가톨릭관동대학교 양양캠퍼스,2,8.7,https://blog.naver.com/whitesocks_calico/223738019212 | https://blog.naver.com/redmee2/223738001940
st_16375,중증외상센터,중앙 119구조본부 수도권 119특수구조대,2,8.7,https://blog.naver.com/whitesocks_calico/223738019212 | https://blog.naver.com/redmee2/223738001940
st_16437,지금거신전화는,청기와타운 송도점,7,100.0,https://blog.naver.com/bladekwon/223701672808 | https://blog.naver.com/bladekwon/223694645571 | https://blog.naver.com/location_info/223694218348
st_16411,지금거신전화는,라움아트센터,5,71.4,https://blog.naver.com/bladekwon/223679924406 | https://blog.naver.com/redmee2/223667409215 | https://blog.naver.com/location_info/223694218348
st_16408,지금거신전화는,삼성해맞이공원,5,71.4,https://blog.naver.com/bladekwon/223696547025 | https://blog.naver.com/bladekwon/223694645571 | https://blog.naver.com/hsc_one1/223693167986
st_16442,지금거신전화는,비봉산 전망대,4,57.1,https://blog.naver.com/bladekwon/223694493390 | https://blog.naver.com/bladekwon/223694645571 | https://blog.naver.com/location_info/223694218348
st_16412,지금거신전화는,조선팰리스 강남,3,42.9,https://blog.naver.com/socoolg/223681298211
st_16443,지금거신전화는,백두대간생태교육센터,3,42.9,https://blog.naver.com/hsc_one1/223693167986
st_16387,지금거신전화는,저스티나,3,42.9,https://blog.naver.com/location_info/223694218348
st_16438,지금거신전화는,쉐라톤그랜드인천호텔 유에,3,42.9,https://blog.naver.com/location_info/223694218348
st_16390,지금거신전화는,에이알센트레,3,42.9,https://blog.naver.com/location_info/223694218348
st_16406,지금거신전화는,긴자료코 강남본점,2,28.6,https://blog.naver.com/location_info/223694218348 | https://blog.naver.com/hsc_one1/223693167986
st_16404,지금거신전화는,테헤란로,2,28.6,https://blog.naver.com/socoolg/223681298211 | https://blog.naver.com/hsc_one1/223693167986
st_16422,지금거신전화는,아쿠아플라넷 일산,2,28.6,https://blog.naver.com/jeje-_-/223694480425 | https://blog.naver.com/hsc_one1/223693167986
st_20845,지금 거신 전화는,이엔갤러리,2,28.6,https://blog.naver.com/location_info/223694218348 | https://blog.naver.com/hsc_one1/223693167986
st_20849,지금 우리 학교는,성희여자고등학교,17,100.0,https://blog.naver.com/boraj1551/222647798454 | https://blog.naver.com/kyjlove4567/222643887596 | https://blog.naver.com/dasoms2s2/222633683740
st_20851,지금 우리 학교는,목척교,3,17.6,https://blog.naver.com/tcacyc/222637372961
st_16452,지금우리학교는,마라탕,0,0.0,
st_20226,지옥,법원로12길 일대(문정동),1,50.0,https://blog.naver.com/shareit_kr/222575440621
st_20221,지옥,KBS 본관,0,0.0,
st_20224,지옥,한국지역정보개발원 버스정류장 일대,0,0.0,
st_16585,지옥에서 온 판사,삽교호놀이동산,11,100.0,http://blog.naver.com/jss10506/223619919721 | http://blog.naver.com/ineder/223662623064 | https://blog.naver.com/hsc_one1/223608508458
st_16561,지옥에서 온 판사,히든캠프,8,72.7,http://blog.naver.com/ineder/223662623064 | https://blog.naver.com/hsc660312/223591786454 | https://blog.naver.com/hsc_one1/223591786454
st_16542,지옥에서 온 판사,광탄성당,8,72.7,http://blog.naver.com/ineder/223662623064 | https://blog.naver.com/hsc660312/223591786454 | https://blog.naver.com/redmee2/223595136958
st_16515,지옥에서 온 판사,카페낙타,6,54.5,https://blog.naver.com/hsc_one1/223608508458 | https://blog.naver.com/philmuk/223613528324 | https://blog.naver.com/philmuk/223623795840
st_16525,지옥에서 온 판사,기욤 청담점,5,45.5,http://blog.naver.com/ineder/223662623064 | https://blog.naver.com/ineder/223662623064 | https://blog.naver.com/wooslov/223626703577
st_16575,지옥에서 온 판사,갈남항,5,45.5,http://blog.naver.com/redmee2/223600533295 | https://blog.naver.com/krcpolicy/223664704741 | https://blog.naver.com/hsc_one1/223608508458
st_16565,지옥에서 온 판사,휴휴암,4,36.4,https://blog.naver.com/moonsun116/223742967080 | https://blog.naver.com/hs21589/223694120462
st_16510,지옥에서 온 판사,보안책방,4,36.4,https://blog.naver.com/wooslov/223657700412 | https://blog.naver.com/redmee2/223634569097
st_20855,지옥에서 온 판사,삽교호놀이공원,4,36.4,https://blog.naver.com/siyin77/223616593696 | https://blog.naver.com/maneros_camping/223616701637
st_16541,지옥에서 온 판사,조이마당스튜디오,4,36.4,https://blog.naver.com/hsc660312/223591786454 | https://blog.naver.com/hsc_one1/223591786454
st_16499,지옥에서 온 판사,마포경찰서,4,36.4,https://blog.naver.com/hsc660312/223591786454 | https://blog.naver.com/hsc_one1/223591786454
st_16568,지옥에서 온 판사,도째비골 스카이밸리,3,27.3,http://blog.naver.com/redmee2/223644539359 | https://blog.naver.com/redmee2/223644539359 | https://blog.naver.com/hs21589/223694124552
st_16580,지옥에서 온 판사,솔랑시울길,3,27.3,http://blog.naver.com/redmee2/223611847054 | https://blog.naver.com/redmee2/223611847054 | https://blog.naver.com/redmee2/223616274967
st_16576,지옥에서 온 판사,대전고등법원,3,27.3,http://blog.naver.com/redmee2/223591681240 | https://blog.naver.com/hsc660312/223591786454 | https://blog.naver.com/hsc_one1/223591786454
st_16524,지옥에서 온 판사,CH캐롤리나헤레라 서울점,2,18.2,https://blog.naver.com/hsc660312/223591786454 | https://blog.naver.com/hsc_one1/223591786454
st_16997,참교육,계명대학교 대명캠퍼스,17,100.0,https://blog.naver.com/storyclass/224318855914 | https://blog.naver.com/cheezes2/224315687299 | https://blog.naver.com/dar_hae/224310403020
st_16995,참교육,대구상원고등학교,14,82.4,https://blog.naver.com/cheezes2/224315687299 | https://blog.naver.com/dar_hae/224310403020 | https://blog.naver.com/olly8686/224311328341
st_16990,참교육,전주공업고등학교,11,64.7,https://blog.naver.com/cheezes2/224315687299 | https://blog.naver.com/olly8686/224311328341 | https://blog.naver.com/samsic2016/224311993509
st_16993,참교육,원화여자고등학교,10,58.8,https://blog.naver.com/cheezes2/224315687299 | https://blog.naver.com/olly8686/224311328341 | https://blog.naver.com/samsic2016/224311993509
st_16996,참교육,대구이현초등학교,9,52.9,https://blog.naver.com/cheezes2/224315687299 | https://blog.naver.com/olly8686/224311328341 | https://blog.naver.com/samsic2016/224311993509
st_16991,참교육,옛 장흥교도소,9,52.9,https://blog.naver.com/kwanwoo8181/224362211190 | https://blog.naver.com/saha2rang/224343998967 | https://blog.naver.com/ehbosomi1209/224311368067
st_16992,참교육,상주활공장,7,41.2,https://blog.naver.com/yhm529/224353494747 | https://blog.naver.com/unghalee/224307737500 | https://blog.naver.com/foxbear2212/224330746464
st_16944,참교육,대진고등학교,7,41.2,https://blog.naver.com/storyclass/224318855914 | https://blog.naver.com/olly8686/224311328341 | https://blog.naver.com/samsic2016/224311993509
st_16984,참교육,새롬고등학교,7,41.2,https://blog.naver.com/cheezes2/224315687299 | https://blog.naver.com/olly8686/224311328341 | https://blog.naver.com/samsic2016/224311993509
st_16942,참교육,중앙고등학교,7,41.2,https://blog.naver.com/cheezes2/224315687299 | https://blog.naver.com/olly8686/224311328341 | https://blog.naver.com/samsic2016/224311993509
st_16953,참교육,드리우니,4,23.5,https://blog.naver.com/jhjsmr42/224347964956 | https://blog.naver.com/otc2002/224299199060
st_16948,참교육,본부케,4,23.5,https://blog.naver.com/joyloum/224348194201 | https://blog.naver.com/redmee2/224315462187
st_16988,참교육,도시상징광장,4,23.5,https://blog.naver.com/lucky2603/224322883996 | https://blog.naver.com/sejong_story/224325957230
st_16952,참교육,인천강화경찰서,4,23.5,https://blog.naver.com/cheezes2/224315687299 | https://blog.naver.com/ehbosomi1209/224311368067 | https://blog.naver.com/redmee2/224315462187
st_16945,참교육,분식을품다 본점,3,17.6,https://blog.naver.com/wooslov/224340886827
st_20231,철인왕후,궁남지,41,100.0,https://blog.naver.com/always087/224238019568 | https://blog.naver.com/minekooo/224359320472 | https://blog.naver.com/olimpia2/222228501471
st_20233,철인왕후,광한루원,18,43.9,https://blog.naver.com/olimpia2/222228501471 | https://blog.naver.com/bb00dd/222235010086 | https://blog.naver.com/slovely07/222270071288
st_20239,철인왕후,용인대장금파크,5,12.2,https://blog.naver.com/bb00dd/222235010086 | https://blog.naver.com/esangekr/222244760426 | https://blog.naver.com/dirch10n/222228261168
st_20234,철인왕후,문경새재 오픈세트장,2,4.9,
st_20861,초콜릿,대천해수욕장,2,100.0,https://blog.naver.com/spacerabb/221773263021 | https://blog.naver.com/mslove0111/222866309303
st_20860,초콜릿,정도리 구계등,1,50.0,https://blog.naver.com/phonemj/221805336347
st_20862,초콜릿,계명대학교 동산병원,0,0.0,
mv_1229_01,최종병기 활,공기마을 편백나무숲,7,100.0,https://blog.naver.com/ysr3789/224306501247 | https://blog.naver.com/geniusyenny/224292770670 | https://blog.naver.com/justina1617/223756474497
mv_1229_03,최종병기 활,운일암반일암,0,0.0,
mv_1229_02,최종병기 활,황매산,0,0.0,
mv_0069_05,친구,대변항,2,100.0,https://blog.naver.com/tlsxhdgkspdy/220939802769 | https://blog.naver.com/oksky2015/220438473021
mv_0069_03,친구,영도대교,1,50.0,https://blog.naver.com/point_101/224272084009
mv_0069_01,친구,매축지마을 철길·육교,0,0.0,
st_17469,친애하는X,평안교회,8,100.0,https://blog.naver.com/holicmu/224076041841 | https://blog.naver.com/ryu71s/224307902954 | https://blog.naver.com/pardin999/224077745762
st_17479,친애하는X,중앙고등학교,7,87.5,https://blog.naver.com/holicmu/224076041841 | https://blog.naver.com/petergeba2/224068928215 | https://blog.naver.com/ryu71s/224307902954
st_17452,친애하는X,47625커피,5,62.5,https://blog.naver.com/holicmu/224076041841 | https://blog.naver.com/ryu71s/224307902954 | https://blog.naver.com/hsc_one1/224067602973
st_17513,친애하는X,파주리조트골프클럽,5,62.5,https://blog.naver.com/petergeba2/224068928215 | https://blog.naver.com/ryu71s/224307902954 | https://blog.naver.com/hsc_one1/224067602973
st_17480,친애하는X,창덕궁길,5,62.5,https://blog.naver.com/holicmu/224076041841 | https://blog.naver.com/petergeba2/224068928215 | https://blog.naver.com/ryu71s/224307902954
st_17523,친애하는X,분당메모리얼파크,4,50.0,https://blog.naver.com/ryu71s/224307902954 | https://blog.naver.com/hsc_one1/224067602973
st_17507,친애하는X,조이마당스튜디오,4,50.0,https://blog.naver.com/holicmu/224076041841 | https://blog.naver.com/petergeba2/224068928215
st_17527,친애하는X,영화의전당,3,37.5,https://blog.naver.com/tastydaegu053/224021027159
st_17525,친애하는X,충남공주경찰서,3,37.5,https://blog.naver.com/holicmu/224076041841 | https://blog.naver.com/ryu71s/224307902954 | https://blog.naver.com/hsc_one1/224067602973
st_17481,친애하는X,경희대학교,3,37.5,https://blog.naver.com/holicmu/224076041841 | https://blog.naver.com/ryu71s/224307902954 | https://blog.naver.com/bladekwon/224072700678
st_17524,친애하는X,세이지우드 홍천,3,37.5,https://blog.naver.com/petergeba2/224068928215 | https://blog.naver.com/ryu71s/224307902954 | https://blog.naver.com/hsc_one1/224067602973
st_17432,친애하는X,도원장,3,37.5,https://blog.naver.com/hsc_one1/224067602973
st_17519,친애하는X,파스쿠찌 라페스타점,2,25.0,
st_17522,친애하는X,얼반웍스 스튜디오,2,25.0,https://blog.naver.com/holicmu/224076041841 | https://blog.naver.com/petergeba2/224068928215
st_17476,친애하는X,서울경찰청,2,25.0,https://blog.naver.com/holicmu/224076041841 | https://blog.naver.com/hsc_one1/224067602973
st_17584,캐셔로,수원대학교(학군단앞연못쪽),8,100.0,https://blog.naver.com/ohdri73/224124161903 | https://blog.naver.com/hsc_one1/224124184476 | https://blog.naver.com/hs21589/224144022349
st_17596,캐셔로,순천드라마촬영장,7,87.5,https://blog.naver.com/hsc_one1/224124184476 | https://blog.naver.com/hs21589/224144062114 | https://blog.naver.com/joo_planet/224187298390
st_17563,캐셔로,경희초등학교,7,87.5,https://blog.naver.com/ohdri73/224124161903 | https://blog.naver.com/hsc_one1/224124184476 | https://blog.naver.com/suger5984-/224126294515
st_17568,캐셔로,로우포레스트(폐업),7,87.5,https://blog.naver.com/ohdri73/224124161903 | https://blog.naver.com/ohdri73/224007574398 | https://blog.naver.com/hsc_one1/224124184476
st_17574,캐셔로,검암역로열파크씨티푸르지오,6,75.0,https://blog.naver.com/ohdri73/224124161903 | https://blog.naver.com/location_info/224123580052 | https://blog.naver.com/dramovist/224125601861
st_17543,캐셔로,세븐일레븐 신촌원룸점,5,62.5,https://blog.naver.com/hsc_one1/224124184476 | https://blog.naver.com/hs21589/224143990986 | https://blog.naver.com/dramovist/224125601861
st_17585,캐셔로,마임비전빌리지,4,50.0,https://blog.naver.com/hsc_one1/224124184476 | https://blog.naver.com/ryu71s/224225610664
st_17588,캐셔로,선샤인스튜디오,4,50.0,https://blog.naver.com/ohdri73/224124161903 | https://blog.naver.com/seaotterhehe/224146817934
st_17581,캐셔로,노만주의,4,50.0,https://blog.naver.com/hsc_one1/224124184476 | https://blog.naver.com/location_info/224123580052
st_17554,캐셔로,녹사평역,4,50.0,https://blog.naver.com/ohdri73/224124161903 | https://blog.naver.com/suger5984-/224126294515
st_17586,캐셔로,운천주공아파트(재개발),4,50.0,https://blog.naver.com/dramovist/224125601861 | https://blog.naver.com/lovefox0930/224140103623
st_17550,캐셔로,노들섬,3,37.5,https://blog.naver.com/ohdri73/224124161903 | https://blog.naver.com/hsc_one1/224124184476 | https://blog.naver.com/lovefox0930/224140103623
st_17562,캐셔로,경희대학교,3,37.5,https://blog.naver.com/hsc_one1/224124184476 | https://blog.naver.com/suger5984-/224126294515 | https://blog.naver.com/dramovist/224125601861
st_17557,캐셔로,건국빌딩,2,25.0,https://blog.naver.com/suger5984-/224126294515 | https://blog.naver.com/dramovist/224125601861
st_17577,캐셔로,보산새마을금고 본점,2,25.0,https://blog.naver.com/hsc_one1/224124184476 | https://blog.naver.com/dramovist/224125601861
mv_6958_03,케이팝 데몬 헌터스,낙산공원,19,100.0,https://blog.naver.com/bubajong/223941278179 | https://blog.naver.com/cc2happy/223996752657 | https://blog.naver.com/yaong101/223931836355
mv_6958_02,케이팝 데몬 헌터스,북촌한옥마을,17,89.5,https://blog.naver.com/bubajong/223941278179 | https://blog.naver.com/cc2happy/223996752657 | https://blog.naver.com/yaong101/223931836355
mv_6958_08,케이팝 데몬 헌터스,명동거리,13,68.4,https://blog.naver.com/cc2happy/223996752657 | https://blog.naver.com/yaong101/223931836355 | https://blog.naver.com/diareum/223963299191
mv_6958_01,케이팝 데몬 헌터스,N서울타워,12,63.2,https://blog.naver.com/cc2happy/223996752657 | https://blog.naver.com/diareum/223963299191 | https://blog.naver.com/hu_daily/224070950952
mv_6958_05,케이팝 데몬 헌터스,청담대교,11,57.9,https://blog.naver.com/yaong101/223931836355 | https://blog.naver.com/hu_daily/224070950952 | https://blog.naver.com/tnt015/223980550681
mv_6958_07,케이팝 데몬 헌터스,자양역,11,57.9,https://blog.naver.com/cc2happy/223996752657 | https://blog.naver.com/yaong101/223931836355 | https://blog.naver.com/hu_daily/224070950952
mv_6958_09,케이팝 데몬 헌터스,잠실종합운동장(서울올림픽주경기장),9,47.4,https://blog.naver.com/cc2happy/223996752657 | https://blog.naver.com/hu_daily/224070950952 | https://blog.naver.com/tnt015/223980550681
mv_6958_10,케이팝 데몬 헌터스,경복궁,5,26.3,https://blog.naver.com/hu_daily/224070950952 | https://blog.naver.com/nemeton/223971548215 | https://blog.naver.com/mniimnii/223994315955
mv_6958_06,케이팝 데몬 헌터스,뚝섬한강공원,5,26.3,https://blog.naver.com/hu_daily/224070950952 | https://blog.naver.com/tnt015/223980550681 | https://blog.naver.com/lhr72122/223990358743
mv_6958_11,케이팝 데몬 헌터스,서울한방진흥센터,4,21.1,https://blog.naver.com/cc2happy/223996752657 | https://blog.naver.com/hu_daily/224070950952
mv_6958_12,케이팝 데몬 헌터스,삼청동거리,3,15.8,https://blog.naver.com/missj77/224001000302
st_17884,키스는괜히해서,비밀의숲,11,100.0,https://blog.naver.com/buja1202/224073889240 | https://blog.naver.com/ryu71s/224079076799 | https://blog.naver.com/yes45000/224073938028
st_17856,키스는괜히해서,자유공원,9,81.8,https://blog.naver.com/buja1202/224073889240 | https://blog.naver.com/redmee2/224075975866 | https://blog.naver.com/ljy0911/224077310337
st_17880,키스는괜히해서,인터불고엑스코 그랑파티오,7,63.6,https://blog.naver.com/crystal__1219/224074054152 | https://blog.naver.com/ryu71s/224079076799 | https://blog.naver.com/redmee2/224075010746
st_20877,키스는 괜히 해서!,성산일출봉,6,54.5,https://blog.naver.com/buja1202/224073889240 | https://blog.naver.com/ryu71s/224079076799 | https://blog.naver.com/petergeba2/224076965551
st_17826,키스는괜히해서,노량진역,6,54.5,https://blog.naver.com/buja1202/224073889240 | https://blog.naver.com/petergeba2/224076965551 | https://blog.naver.com/elon0119/224090478583
st_17855,키스는괜히해서,동화마을슈퍼,6,54.5,https://blog.naver.com/redmee2/224075975866 | https://blog.naver.com/ljy0911/224077310337 | https://blog.naver.com/ryu71s/224079076799
st_17891,키스는괜히해서,해비치 호텔 리조트 제주,5,45.5,https://blog.naver.com/whitesocks_calico/224073935004 | https://blog.naver.com/khwa0909/224092663221 | https://blog.naver.com/zzkkc/224350888050
st_17831,키스는괜히해서,만리재비스트로,4,36.4,https://blog.naver.com/lovelya3/224356506342 | https://blog.naver.com/me_doreee/224230597464
st_17894,키스는괜히해서,카페루시아 본점,4,36.4,https://blog.naver.com/buja1202/224073889240 | https://blog.naver.com/ryu71s/224079076799
st_17841,키스는괜히해서,헤리티크뉴욕,4,36.4,https://blog.naver.com/ryu71s/224079076799 | https://blog.naver.com/petergeba2/224076965551
st_17876,키스는괜히해서,제주하영,4,36.4,https://blog.naver.com/buja1202/224073889240 | https://blog.naver.com/ryu71s/224079076799
st_17828,키스는괜히해서,노량진컵밥거리,4,36.4,https://blog.naver.com/petergeba2/224076965551 | https://blog.naver.com/mosmik/224077772079
st_20878,키스는 괜히 해서!,돌하르방미술관,4,36.4,https://blog.naver.com/buja1202/224073889240 | https://blog.naver.com/mosmik/224077772079
st_17868,키스는괜히해서,미메시스아트뮤지엄,3,27.3,https://blog.naver.com/lifesaver999/224106668196
st_17837,키스는괜히해서,까사그랑데 센트로,3,27.3,https://blog.naver.com/buja1202/224073889240 | https://blog.naver.com/ryu71s/224079076799 | https://blog.naver.com/zzkkc/224350888050
st_17931,킬러들의쇼핑몰,양평버스터미널,4,100.0,https://blog.naver.com/redmee2/224333501407 | https://blog.naver.com/news_oneday/224358683470
st_17933,킬러들의쇼핑몰,섬강 수변공원,4,100.0,https://blog.naver.com/news_oneday/224358683470 | https://blog.naver.com/hsc_one1/224293105703
st_17934,킬러들의쇼핑몰,제천서울병원,1,25.0,https://blog.naver.com/news_oneday/224358683470
st_18010,킹더랜드,소노캄제주,18,100.0,https://blog.naver.com/hsc_one1/223132563460 | https://blog.naver.com/zzkkc/224344822714 | https://blog.naver.com/daisy1505/223184060909
st_17992,킹더랜드,탄도항,13,72.2,https://blog.naver.com/heeya2320/223209414468 | https://blog.naver.com/oh324love/224315628323 | https://blog.naver.com/ohdri73/223600018305
st_18009,킹더랜드,파르나스호텔 제주,10,55.6,https://blog.naver.com/hsc_one1/223132563460 | https://blog.naver.com/zzkkc/224344822714 | https://blog.naver.com/daisy1505/223184060909
st_18011,킹더랜드,가파도,9,50.0,https://blog.naver.com/hsc_one1/223132563460 | https://blog.naver.com/zzkkc/224344822714 | https://blog.naver.com/moon093/224350213623
st_18000,킹더랜드,춘천 세종호텔,8,44.4,https://blog.naver.com/heemyoung59/224316507421 | https://blog.naver.com/zzkkc/224344822714 | https://blog.naver.com/ljw2312_/224000450395
st_17986,킹더랜드,라베니체,7,38.9,https://blog.naver.com/genie7899/223165867079 | https://blog.naver.com/hsc_one1/223133555174 | https://blog.naver.com/redmee2/223163991314
st_17963,킹더랜드,그랜드 하얏트 서울,7,38.9,https://blog.naver.com/hsc_one1/223132563460 | https://blog.naver.com/zzkkc/224344822714 | https://blog.naver.com/daisy1505/223184060909
st_18007,킹더랜드,지경 그곳,5,27.8,https://blog.naver.com/yeloha_/223177665746 | https://blog.naver.com/0505ej/223236145416 | https://blog.naver.com/zzkkc/224344822714
st_17964,킹더랜드,응봉산,5,27.8,https://blog.naver.com/hsc_one1/223133555174 | https://blog.naver.com/dtvgwf7177/223650131787 | https://blog.naver.com/oneday-tina/223688328131
st_17978,킹더랜드,홍삼스파 참숯가마 사우나,4,22.2,https://blog.naver.com/oneulcourse/224198544029 | https://blog.naver.com/booribooripong/224345943364
st_20251,킹덤,비둘기낭폭포(한탄강),14,100.0,https://blog.naver.com/gbnadri/221918791310 | https://blog.naver.com/asfhak777/224293707481 | https://blog.naver.com/yjk9927/224344650702
st_20245,킹덤,문경새재 오픈세트장,7,50.0,https://blog.naver.com/gbnadri/221918791310 | https://blog.naver.com/007donggook/224281926839 | https://blog.naver.com/stella8788/221825994344
st_20242,킹덤,경복궁,6,42.9,https://blog.naver.com/stella8788/221825994344 | https://blog.naver.com/leejyeoneee/222503022955 | https://blog.naver.com/313jbn/222640103892
st_20241,킹덤,창덕궁,4,28.6,https://blog.naver.com/gbnadri/221918791310 | https://blog.naver.com/chagov/221482606191 | https://blog.naver.com/whynotc7/221996439208
st_20240,킹덤,창경궁,2,14.3,https://blog.naver.com/whynotc7/221996439208 | https://blog.naver.com/120seoulcall/222268193985
st_20246,킹덤,부안영상테마파크,2,14.3,
st_20252,킹덤,안동 하회마을 부용대,2,14.3,https://blog.naver.com/gyeongbuk_official/221939511929 | https://blog.naver.com/andongcity00/222261213708
mv_0308,태극기 휘날리며,공세리성당,13,100.0,https://blog.naver.com/cws4u/223731593732 | https://blog.naver.com/sweetflower486/224278481641 | https://blog.naver.com/lbmoon68/224265493180
mv_0303,태극기 휘날리며,합천 영상 테마파크,11,84.6,https://blog.naver.com/travelhc/222291637093 | https://blog.naver.com/kes38317/70081898615 | https://blog.naver.com/wjdtjsal9120/224347099585
mv_0302,태극기 휘날리며,합천 황매산,9,69.2,https://blog.naver.com/travelhc/222291637093 | https://blog.naver.com/kwakhj123/222912793609 | https://blog.naver.com/seaotterhehe/224204097501
mv_0307,태극기 휘날리며,외암민속마을,3,23.1,https://blog.naver.com/jinifantasy/224356035487
st_20894,태양의 후예,통리탄탄파크,18,100.0,https://blog.naver.com/jde_users/224347427133 | https://blog.naver.com/yeanjoo1020/222448635930 | https://blog.naver.com/howooforyou/222486646204
st_20895,태양의 후예,삼탄아트마인,10,55.6,https://blog.naver.com/wwedding6833000/220690670045 | https://blog.naver.com/mis71/220697964157 | https://blog.naver.com/lbmoon68/222887829337
st_20898,태양의 후예,송도센트럴파크,4,22.2,https://blog.naver.com/wwedding6833000/220690670045 | https://blog.naver.com/inyang0326/220789290654 | https://blog.naver.com/3ingyeok/220646394469
st_20896,태양의 후예,월미도,3,16.7,https://blog.naver.com/sh011001/223145378747
st_20893,태양의 후예,태양의후예공원(태백 오픈세트장),2,11.1,https://blog.naver.com/yeanjoo1020/222448635930 | https://blog.naver.com/paju_si/220683964270
st_18127,태풍상사,브라운핸즈 개항로,24,100.0,https://blog.naver.com/zufall-/224187663735 | https://blog.naver.com/nlxon2/224050162281 | https://blog.naver.com/buja1202/224037995004
st_18145,태풍상사,더포레,11,45.8,https://blog.naver.com/skymoon0204/224317204711 | https://blog.naver.com/nlxon2/224050162281 | https://blog.naver.com/ohdri73/223854121529
st_18125,태풍상사,인천역,5,20.8,https://blog.naver.com/nlxon2/224050162281 | https://blog.naver.com/ohdri73/223854121529 | https://blog.naver.com/xin_zzz/224042437729
st_18086,태풍상사,동작대교,5,20.8,https://blog.naver.com/nlxon2/224050162281 | https://blog.naver.com/haechiseoul/224151674455 | https://blog.naver.com/120seoulcall/224151745326
st_18129,태풍상사,디와이,4,16.7,https://blog.naver.com/buja1202/224037995004 | https://blog.naver.com/udangtang82/224038941303 | https://blog.naver.com/location_info/224046388725
st_18073,태풍상사,연희숲속쉼터,4,16.7,https://blog.naver.com/nlxon2/224050162281 | https://blog.naver.com/lala_pick/224044744695 | https://blog.naver.com/jamonni/224067278361
st_18121,태풍상사,인천강화경찰서,4,16.7,https://blog.naver.com/nlxon2/224050162281 | https://blog.naver.com/ohdri73/223854121529 | https://blog.naver.com/location_info/224042014994
st_18117,태풍상사,노블발렌티 삼성점,3,12.5,https://blog.naver.com/nlxon2/224050162281 | https://blog.naver.com/ohdri73/223854121529 | https://blog.naver.com/location_info/224042014994
st_18075,태풍상사,새문순대국,3,12.5,https://blog.naver.com/nlxon2/224050162281 | https://blog.naver.com/ohdri73/223854121529 | https://blog.naver.com/lala_pick/224044744695
st_18080,태풍상사,미림분식,3,12.5,https://blog.naver.com/location_info/224046388725 | https://blog.naver.com/location_info/224042014994 | https://blog.naver.com/lala_pick/224044744695
st_18105,태풍상사,수도학원,3,12.5,https://blog.naver.com/nlxon2/224050162281 | https://blog.naver.com/ohdri73/223854121529 | https://blog.naver.com/location_info/224042014994
st_18118,태풍상사,수도전기공업고등학교,3,12.5,https://blog.naver.com/nlxon2/224050162281 | https://blog.naver.com/ohdri73/223854121529 | https://blog.naver.com/location_info/224042014994
st_18158,태풍상사,송도해수욕장,2,8.3,https://blog.naver.com/koreamof/224076134355 | https://blog.naver.com/krcpolicy/224112697891
st_18072,태풍상사,스위스그랜드호텔,2,8.3,https://blog.naver.com/nlxon2/224050162281 | https://blog.naver.com/lala_pick/224044744695
mv_2810,택시운전사,청소역 장항선,31,100.0,https://blog.naver.com/jakddung/224354005935 | https://blog.naver.com/gostop13088/222690174112 | https://blog.naver.com/jskoo88/223864666592
mv_2802,택시운전사,합천 영상 테마파크,4,12.9,https://blog.naver.com/leeggu6791/224342555841 | https://blog.naver.com/dreamer2018_/224339190757
mv_2803,택시운전사,성주 버스 정류장,2,6.5,https://blog.naver.com/roadlife20/221585915441 | https://blog.naver.com/lsc763/221165504957
mv_2377_01,터널,옥천터널(폐터널),3,100.0,https://blog.naver.com/babyd1031/224346884948 | https://blog.naver.com/yolo-flex/224350863797 | https://blog.naver.com/turbokyh/223400022410
mv_2377_02,터널,증약터널,0,0.0,
st_18391,트웰브,회암사지박물관,7,100.0,https://blog.naver.com/whitesocks_calico/223980892498 | https://blog.naver.com/hsc_one1/223981206120 | https://blog.naver.com/redmee2/223982001082
st_18407,트웰브,반야사,5,71.4,https://blog.naver.com/hsc_one1/223975763631 | https://blog.naver.com/whitesocks_calico/223980892498 | https://blog.naver.com/hsc_one1/223981206120
st_18405,트웰브,춘천경찰서,5,71.4,https://blog.naver.com/whitesocks_calico/223980892498 | https://blog.naver.com/hsc_one1/223981206120 | https://blog.naver.com/location_info/223981113327
st_18390,트웰브,대진대학교,5,71.4,https://blog.naver.com/hsc_one1/223975763631 | https://blog.naver.com/whitesocks_calico/223980892498 | https://blog.naver.com/hsc_one1/223981206120
st_18387,트웰브,배다리사거리,4,57.1,https://blog.naver.com/whitesocks_calico/223980892498 | https://blog.naver.com/hsc_one1/223981206120
st_18392,트웰브,조이마당스튜디오,4,57.1,https://blog.naver.com/hsc_one1/223975763631 | https://blog.naver.com/whitesocks_calico/223980892498
st_18380,트웰브,중부건어물시장,4,57.1,https://blog.naver.com/whitesocks_calico/223980892498 | https://blog.naver.com/hsc_one1/223981206120
st_18370,트웰브,난지한강공원,3,42.9,https://blog.naver.com/hsc_one1/223981206120
st_18395,트웰브,와인당,3,42.9,https://blog.naver.com/hsc_one1/223981206120
st_18388,트웰브,배다리지하도상가,2,28.6,
mv_6493_01,파묘,국립아시아문화전당(ACC),12,100.0,https://blog.naver.com/hsc_one1/223367571104 | https://blog.naver.com/rummi_agenda/223556785535 | https://blog.naver.com/gwangju_city/223676172103
mv_6493_03,파묘,담양 경상리 느티나무(당산나무),6,50.0,https://blog.naver.com/jur942/224340585627 | https://blog.naver.com/hsc_one1/223351873180 | https://blog.naver.com/daddymoo/223367243769
mv_6493_04,파묘,아홉산숲,2,16.7,https://blog.naver.com/hsc_one1/223351873180 | https://blog.naver.com/hhsea/223517973598
st_18544,판사이한영,장안대학교,8,100.0,https://blog.naver.com/buja1202/224131836456 | https://blog.naver.com/hsc_one1/224130074299 | https://blog.naver.com/hsc_one1/224133538919
st_18548,판사이한영,선문대학교 천안캠퍼스,5,62.5,https://blog.naver.com/hsc_one1/224130074299 | https://blog.naver.com/ryu71s/224137515957 | https://blog.naver.com/redmee2/224133590552
st_18478,판사이한영,트레이드타워,5,62.5,https://blog.naver.com/hsc_one1/224130074299 | https://blog.naver.com/hsc_one1/224133538919 | https://blog.naver.com/ryu71s/224137515957
st_18471,판사이한영,잠수교,5,62.5,https://blog.naver.com/hsc_one1/224130074299 | https://blog.naver.com/hsc_one1/224133538919 | https://blog.naver.com/ryu71s/224137515957
st_18451,판사이한영,백빈건널목,5,62.5,https://blog.naver.com/hsc_one1/224130074299 | https://blog.naver.com/ryu71s/224137515957 | https://blog.naver.com/hsc_one1/224184351524
st_18549,판사이한영,천안시청,5,62.5,https://blog.naver.com/overthesense/224157484597 | https://blog.naver.com/hsc_one1/224184351524 | https://blog.naver.com/lifesystem365/224158274321
st_20911,판사 이한영,호텔나루서울 엠갤러리(레스토랑 부아쟁),4,50.0,https://blog.naver.com/hsc_one1/224130074299 | https://blog.naver.com/hsc_one1/224133538919 | https://blog.naver.com/ryu71s/224137515957
st_18511,판사이한영,공간채향,4,50.0,https://blog.naver.com/hanok_chaehyang/224232122497 | https://blog.naver.com/hsc_one1/224184351524
st_18512,판사이한영,조이마당스튜디오,4,50.0,https://blog.naver.com/buja1202/224131836456 | https://blog.naver.com/ryu71s/224137515957
st_18546,판사이한영,운보의집,4,50.0,https://blog.naver.com/buwok/224166600626 | https://blog.naver.com/buwok/224174668419 | https://blog.naver.com/hsc_one1/224184351524
st_18494,판사이한영,현대시장,4,50.0,https://blog.naver.com/hsc_one1/224184351524 | https://blog.naver.com/redmee2/224169384623
st_18542,판사이한영,라센트라,3,37.5,https://blog.naver.com/hsc_one1/224130074299 | https://blog.naver.com/ryu71s/224137515957 | https://blog.naver.com/hsc_one1/224184351524
st_18472,판사이한영,반포한강공원,3,37.5,https://blog.naver.com/hsc_one1/224130074299 | https://blog.naver.com/ryu71s/224137515957 | https://blog.naver.com/buja1202/224189673904
st_18483,판사이한영,대림자원,2,25.0,https://blog.naver.com/redmee2/224141796918 | https://blog.naver.com/hsc_one1/224184351524
st_20912,폭군의 셰프,고산정,12,100.0,https://blog.naver.com/buja1202/223984000569 | https://blog.naver.com/axax79/223994142539 | https://blog.naver.com/elon0119/223984308435
st_18781,폭군의셰프,쁘띠프랑스,10,83.3,https://blog.naver.com/buja1202/223984000569 | https://blog.naver.com/elon0119/223984308435 | https://blog.naver.com/whitesocks_calico/223980454295
st_18775,폭군의셰프,부안영상테마파크,10,83.3,https://blog.naver.com/buja1202/223984000569 | https://blog.naver.com/greenskt629/224054585257 | https://blog.naver.com/elon0119/223984308435
st_18783,폭군의셰프,문경새재 오픈세트장,8,66.7,https://blog.naver.com/buja1202/223984000569 | https://blog.naver.com/elon0119/223984308435 | https://blog.naver.com/xin_zzz/223984326721
st_18785,폭군의셰프,오봉산 마당바위,7,58.3,https://blog.naver.com/buja1202/223984000569 | https://blog.naver.com/elon0119/223984308435 | https://blog.naver.com/whitesocks_calico/223980454295
st_18786,폭군의셰프,합천영상테마파크,7,58.3,https://blog.naver.com/buja1202/223984000569 | https://blog.naver.com/elon0119/223984308435 | https://blog.naver.com/whitesocks_calico/223980454295
st_20914,폭군의 셰프,담양 존현각,4,33.3,https://blog.naver.com/elon0119/223984308435 | https://blog.naver.com/hsc_one1/223961370466 | https://blog.naver.com/whitesocks_calico/223980454295
st_18782,폭군의셰프,용인대장금파크,4,33.3,https://blog.naver.com/buja1202/223984000569 | https://blog.naver.com/whitesocks_calico/223980454295 | https://blog.naver.com/landrelatedpeople/224019921638
st_18780,폭군의셰프,벽초지수목원,3,25.0,https://blog.naver.com/mochibol/224016521460
st_20915,폭군의 셰프,경복궁,2,16.7,https://blog.naver.com/whitesocks_calico/223980454295 | https://blog.naver.com/landrelatedpeople/224019921638
st_18852,폭싹 속았수다,성산일출봉,24,100.0,https://blog.naver.com/tnfl12rja/224247204814 | https://blog.naver.com/beeltrat82/223842100477 | https://blog.naver.com/makeitcount_/224202718254
st_20920,폭싹 속았수다,고창 학원농장,18,75.0,https://blog.naver.com/tnfl12rja/224247204814 | https://blog.naver.com/realplan_travel/223821669646 | https://blog.naver.com/s060336/223841087459
st_18842,폭싹 속았수다,제주목 관아,17,70.8,https://blog.naver.com/jejudo_official/224177065666 | https://blog.naver.com/beeltrat82/223842100477 | https://blog.naver.com/realplan_travel/223820657826
st_20921,폭싹 속았수다,계산성당(주교좌계산대성당),13,54.2,https://blog.naver.com/smotherguy/223266767543 | https://blog.naver.com/realplan_travel/223821669646 | https://blog.naver.com/altmwkd0/223974890651
st_18845,폭싹 속았수다,오라동메밀밭,13,54.2,https://blog.naver.com/akkom2/224281829055 | https://blog.naver.com/wanny999/224282236039 | https://blog.naver.com/beeltrat82/223842100477
st_20916,폭싹 속았수다,김녕해수욕장,12,50.0,https://blog.naver.com/tnfl12rja/224247204814 | https://blog.naver.com/kkdaykr/223849748088 | https://blog.naver.com/rbehfclr/223824660196
st_18838,폭싹 속았수다,가실성당,10,41.7,https://blog.naver.com/altmwkd0/223974890651 | https://blog.naver.com/unitasuniv/224359667140 | https://blog.naver.com/yungiyun7788/224308651396
st_18839,폭싹 속았수다,운문사,8,33.3,https://blog.naver.com/june4931/223078796093 | https://blog.naver.com/tourkongdak/223826269731 | https://blog.naver.com/light_tel/223818819261
st_20917,폭싹 속았수다,오라동 메밀꽃밭,8,33.3,https://blog.naver.com/kkdaykr/223849748088 | https://blog.naver.com/jeun08/223795966456 | https://blog.naver.com/s9216998/223839744896
st_18831,폭싹 속았수다,광주극장,7,29.2,https://blog.naver.com/realplan_travel/223821669646 | https://blog.naver.com/kkdaykr/223849748088 | https://blog.naver.com/s9216998/223839744896
st_18851,폭싹 속았수다,해맞이해안로(토끼섬입구쪽),7,29.2,https://blog.naver.com/rom515/224346660561 | https://blog.naver.com/aahh2227/224359352548 | https://blog.naver.com/donas/224346019070
st_18836,폭싹 속았수다,호민저수지,7,29.2,https://blog.naver.com/hsc_one1/223787790488 | https://blog.naver.com/edunetjeju/223810728711 | https://blog.naver.com/sabuboss2/223796767251
st_20919,폭싹 속았수다,제주돌문화공원,6,25.0,https://blog.naver.com/cloudnine220/224298555698 | https://blog.naver.com/realplan_travel/223820657826 | https://blog.naver.com/jejudots/223801993891
st_18834,폭싹 속았수다,청심국제해양청소년수련원,6,25.0,https://blog.naver.com/realplan_travel/223821669646 | https://blog.naver.com/rbehfclr/223824660196 | https://blog.naver.com/s9216998/223839744896
st_20918,폭싹 속았수다,섭지코지,5,20.8,https://blog.naver.com/jejudots/223801993891 | https://blog.naver.com/jailyy/223817669808 | https://blog.naver.com/meejolee/223805981785
st_20925,피노키오,청산도 서편제길,1,100.0,https://blog.naver.com/erke2000/221076209814
st_19058,피노키오,SBS프리즘타워,0,0.0,
st_19077,피노키오,신세계백화점,0,0.0,
mv_5884_02,한산: 용의 출현,흥국사,1,100.0,https://202403.tistory.com/409
mv_5884_01,한산: 용의 출현,돌산진모지구 세트장,0,0.0,
mv_5884_04,한산: 용의 출현,전라병영성,0,0.0,
mv_0921_01,해운대,광안대교,35,100.0,https://blog.naver.com/hyechon49/224308270546 | https://blog.naver.com/hanke/224359882258 | https://blog.naver.com/or____________/224338301540
mv_0921_02,해운대,해운대해수욕장,30,85.7,https://blog.naver.com/sr0392016/224360563096 | https://blog.naver.com/hudpr/224315350293 | https://blog.naver.com/hyechon49/224308270546
mv_0921_09,해운대,동백섬,16,45.7,https://blog.naver.com/hanke/224359882258 | https://blog.naver.com/or____________/224338301540 | https://blog.naver.com/push_the_envelope/224346541417
mv_0921_11,해운대,오륙도,12,34.3,https://blog.naver.com/yschu_na/224340563989 | https://blog.naver.com/qqqaaakkk/224344127545 | https://blog.naver.com/mypana777/60137169075
mv_0921_07,해운대,해운대전통시장,5,14.3,https://blog.naver.com/or____________/224338301540 | https://blog.naver.com/daisy1505/224343571858 | https://aridong.tistory.com/5501
mv_0921_03,해운대,다대포해수욕장,3,8.6,https://blog.naver.com/push_the_envelope/224346541417 | https://blog.naver.com/unicornchip_/223237961297 | https://blog.naver.com/qqqaaakkk/224344127545
mv_1747_02,해적: 바다로 간 산적,남양주종합촬영소,4,100.0,https://johigashi.tistory.com/252 | https://whh102.tistory.com/13460271
mv_1747_01,해적: 바다로 간 산적,천관산,1,25.0,https://seawolf507.tistory.com/16866854
mv_1747_03,해적: 바다로 간 산적,고양아쿠아스튜디오,0,0.0,
st_20258,해피니스,e편한세상 옥정 더 퍼스트,9,100.0,https://blog.naver.com/i_am_zioni/222580037956 | https://blog.naver.com/tarepanda21/222568177326 | https://blog.naver.com/shareit_kr/222578338487
st_20932,호텔델루나,목포근대역사관 1관,31,100.0,https://blog.naver.com/yeohee__/224343525608 | https://blog.naver.com/lee8497q/224293927887 | https://blog.naver.com/axax79/224318949270
st_20939,호텔델루나,성흥산성 사랑나무,11,35.5,https://blog.naver.com/cberry5/221590787105 | https://blog.naver.com/goodcho100/222843452007 | https://blog.naver.com/sinmunman/223628580045
st_19704,호텔델루나,호텔세느장,10,32.3,https://blog.naver.com/bbu77/221630502961 | https://blog.naver.com/tngus2197/222816944851 | https://blog.naver.com/jessica369/221618773109
st_20933,호텔델루나,파라다이스시티,8,25.8,https://blog.naver.com/tnfl12rja/224347940293 | https://blog.naver.com/cberry5/221590787105 | https://blog.naver.com/tosume/221621109424
st_19698,호텔델루나,서울책보고,6,19.4,https://blog.naver.com/tnfl12rja/224347940293 | https://blog.naver.com/cberry5/221590787105 | https://blog.naver.com/dailyrecords-/223573445955
st_20934,호텔델루나,망상해수욕장,6,19.4,https://blog.naver.com/tnfl12rja/224347940293 | https://blog.naver.com/dhsisul/221631114087 | https://blog.naver.com/dailyrecords-/223573445955
st_19706,호텔델루나,코리아게스트하우스(복정우물),3,9.7,https://blog.naver.com/cberry5/221590787105 | https://blog.naver.com/withallvr/221708810382 | https://blog.naver.com/skylife_blog/221614061492
st_20948,호텔델루나,벽초지수목원,3,9.7,https://blog.naver.com/tnfl12rja/224347940293
st_19707,호텔델루나,커피인뜨락,2,6.5,https://blog.naver.com/cberry5/221590787105 | https://blog.naver.com/skylife_blog/221614061492
st_20272,환혼,쌍산재,16,100.0,https://blog.naver.com/msjh1012/223425940511 | https://blog.naver.com/lov_vol/223584657671 | https://blog.naver.com/ckqufghkyhlee/223484311675
st_20261,환혼,성흥산성(가림성),15,93.8,https://blog.naver.com/eom81/224180615698 | https://blog.naver.com/kspak56/224327598992 | https://blog.naver.com/minekooo/224359320472
st_20260,환혼,농월정,8,50.0,https://blog.naver.com/foxbear2212/224226429985 | https://blog.naver.com/yongo2223/223013727805 | https://blog.naver.com/gn_youth/224348739568
st_20264,환혼,가산수피아,6,37.5,https://blog.naver.com/eom81/224180615698 | https://blog.naver.com/dica1234/224215481244 | https://blog.naver.com/shwz0404/222858279214
st_20274,환혼,문경 선유동계곡,6,37.5,https://blog.naver.com/eom81/224180615698 | https://blog.naver.com/gudluk2u/224357820444 | https://blog.naver.com/rush98y/224354437206
st_20276,환혼,마성 오픈세트장,5,31.2,https://blog.naver.com/yongo2223/223013727805 | https://blog.naver.com/88aksrma/223739082548 | https://blog.naver.com/shwz0404/222858279214
st_20262,환혼,용머리해안,5,31.2,https://blog.naver.com/eom81/224180615698 | https://blog.naver.com/spxl1010/222891013177 | https://blog.naver.com/strider414/223232870892
st_20269,환혼,몰운대,4,25.0,https://blog.naver.com/eom81/224180615698 | https://blog.naver.com/eulenbaum/222843404709 | https://blog.naver.com/strider414/223232870892
st_20267,환혼,고석정,3,18.8,https://blog.naver.com/yongo2223/223013727805 | https://macgyver-dct.tistory.com/16161834 | https://blog.naver.com/shwz0404/222858279214
st_20259,환혼,백운동원림,3,18.8,https://blog.naver.com/eulenbaum/222843404709 | https://blog.naver.com/shwz0404/222858279214 | https://blog.naver.com/orangeminu48/222841463688
st_20268,환혼,수옥폭포,3,18.8,https://blog.naver.com/eom81/224180615698 | https://blog.naver.com/yongo2223/223013727805 | https://blog.naver.com/shwz0404/222858279214
st_20263,환혼,권금성,3,18.8,https://blog.naver.com/eom81/224180615698 | https://blog.naver.com/yongo2223/223013727805 | https://blog.naver.com/shwz0404/222858279214
st_20266,환혼,세연정,2,12.5,https://blog.naver.com/eom81/224180615698 | https://blog.naver.com/shwz0404/222858279214
mv_1993_01,히말라야,쌍용C&E 영월공장(석회석 채석장),0,0.0,
st_19857,힐러,달링(the fab),7,100.0,https://blog.naver.com/fabdesign/220256043095 | https://blog.naver.com/fabdesign/220210780851 | https://blog.naver.com/fabdesign/220233599736
st_20954,힐러,운보의 집,5,71.4,https://naksiclub.tistory.com/749 | https://blog.naver.com/piaomk75/220261231559 | https://blog.naver.com/chon213/220260465280
st_20951,힐러,수암골 벽화마을,5,71.4,https://blog.naver.com/bylove8514/224280813895 | https://naksiclub.tistory.com/749 | https://blog.naver.com/hkautolease/224273515313
st_20956,힐러,국립청주박물관,2,28.6,https://naksiclub.tistory.com/749 | https://blog.naver.com/wlstn291/224214921459
st_20968,힘쎈여자도봉순,더화이트베일,3,100.0,https://blog.naver.com/thewhiteveil5000/223784123020
st_20001,힘쎈여자도봉순,낙산공원,3,100.0,https://blog.naver.com/elligi/220977866658 | https://blog.naver.com/tlsqhtjs20/224163549519 | https://blog.naver.com/hs21589/222148735883
st_19989,힘쎈여자도봉순,보라매공원,2,66.7,https://blog.naver.com/dramakings/224317863872 | https://blog.naver.com/tlsqhtjs20/224163549519
