id,title,title_aliases,title_category,title_cast,place_name,place_type,place_address,place_latitude,place_longitude,place_image_url,place_naver_url,scene_description,source_url,last_updated,famous_rank,recent_rank,audience_acc,award,director,poster_url,title_key,mention_doc_count,mention_total_count,corpus_doc_count,popularity_score,popularity_rank_in_title,is_overseas,dup_of,coord_issue,is_popular,filter_reason,scene_description_source,evidence_url
mv_2668,1987,1987: When the Day Comes,movie,김윤석;하정우;유해진;김태리;이희준,연희네 슈퍼,명소,전라남도 목포시 해안로127번길 14-2,34.78168,126.377325,https://lh3.googleusercontent.com/place-photos/AG9NLjCTC2hEI7e0seU8kFVgS73SlljanL7JEy6cUdimZsetUQIx7RGjK4b0VgbqY7ouctMMUnQGnYZwqZeLABYpxRF8MxyKyUAIOtNhk586u4NDcKm2d4gYV595ChFPUjwLJyBObFLG4I2OeOVWOhE=s4800-w800,,영화 1987에서 연희네 슈퍼로 나온 가게,assets/한국문화정보원_미디어콘텐츠 영상 촬영지 데이터_20221125.csv,2026-07-28,,,7218231,청룡영화상 최우수작품상(2018),장준환,https://image.tmdb.org/t/p/w500/mO55nkEFrI2EVdjxx0asaOGtHfa.jpg,1987,22,123,30,100.0,1,N,,,Y,언급2회이상_작품내상위15,정승길_v4,
mv_2663,1987,1987: When the Day Comes,movie,김윤석;하정우;유해진;김태리;이희준,문화공감수정,명소,부산광역시 동구 홍곡로 75,35.125713,129.042622,https://lh3.googleusercontent.com/place-photos/AG9NLjDEZrpkRiLLt9fD3q-xXUQKK0Sh-Wrge30kUNr0-tVb9-zytU-OCQ9Dl8Gyd_As6NmqBxcilIw03_0xSxLIkbCOytRBWOiZZsplcSQ-as8izGIbeqUAMHlk9V5F1lTHGGLnbm18jMVJCVV6vCQ=s4800-w800,,영화 1987에 나온 부산역 카페,assets/한국문화정보원_미디어콘텐츠 영상 촬영지 데이터_20221125.csv,2026-07-28,,,7218231,청룡영화상 최우수작품상(2018),장준환,https://image.tmdb.org/t/p/w500/mO55nkEFrI2EVdjxx0asaOGtHfa.jpg,1987,0,0,30,0.0,2,N,,,Y,언급부족_데이터품질기준보존,정승길_v4,
mv_2669,1987,1987: When the Day Comes,movie,김윤석;하정우;유해진;김태리;이희준,청남대,명소,충청북도 청주시 상당구 문의면 청남대길 646,36.46255,127.4906,https://lh3.googleusercontent.com/place-photos/AG9NLjBSG2xfS5rgiJZZB0HRfHpUx-3-vQe7jyZL_5NY7Vf0BrltXD7CzjGkvWyEJFhyXhuWTi5LxEVNZKy7CKNxXpfzUZzK69L2s3ylezAX1GOndfJ7x5atYs1lTqRI9jQNqJt6L2tp6I6yg8Y7Ug=s4800-w800,https://map.naver.com/p/entry/place/17810395,1987에서 문성근과 김윤석이 만나는 곳,assets/한국문화정보원_미디어콘텐츠 영상 촬영지 데이터_20221125.csv,2026-07-28,,,7218231,청룡영화상 최우수작품상(2018),장준환,https://image.tmdb.org/t/p/w500/mO55nkEFrI2EVdjxx0asaOGtHfa.jpg,1987,0,0,30,0.0,8,N,,,Y,언급부족_데이터품질기준보존,정승길_v4,
st_00101,21세기대군부인,21st Century Grand Duchess Consort,drama,아이유;변우석,아원고택,고택,전북 완주군 소양면 송광수만로 516-7,35.903569,127.244688,https://lh3.googleusercontent.com/place-photos/AG9NLjBI_JHewJNLWIiNhAEQQ61LHt9d48aGDccV_qiQc5j5aeWRCg3Q4TutX8V18mytFTTN2e9Jg77tkNgOzKx5-XfNYSE_lw_vTAx0ilE_5jK27NJ1u1osI4EX4MHleLShzeon7SnvqoohcK7M0Q=s4800-w800,https://map.naver.com/p/entry/place/35085458,극 중 이안대군이 휴가 중 비 오는 한옥에 앉아 책을 읽는 장면,https://kdramamap.com/location/21%ec%84%b8%ea%b8%b0%eb%8c%80%ea%b5%b0%eb%b6%80%ec%9d%b8-%ec%95%84%ec%9b%90%ea%b3%a0%ed%83%9d-19188/;https://blog.naver.com/buja1202/224248171214;https://blog.naver.com/coookieshop/224272446067;https://blog.naver.com/dudal2496/224351859664;https://blog.naver.com/majara78/224335814455,2026-07-28,,14,,,배희영;박준화,https://image.tmdb.org/t/p/w500/j37wlFXIPcSVEjWOi1KBxzWK0in.jpg,21세기대군부인,21,107,35,100.0,1,N,,,Y,언급2회이상_작품내상위15,정승길_v4,
st_00114,21세기대군부인,21st Century Grand Duchess Consort,drama,아이유;변우석,무진정,관광지,경남 함안군 함안면 괴산4길 25,35.255420,128.422748,https://lh3.googleusercontent.com/place-photos/AG9NLjDp3o5qItsuLR3GuFR2p4NP4RoMmusEiz_MNZpJwMWtZJICV6V3fpaEJoG2w_mKim4rZDovYx8-mPxuUknRcF45WAAMUoboMqMPPiWY9aSuO4NUhqTl5SZ0e60mll3VI50PcXtV2D_CN4jQBw=s4800-w800,https://map.naver.com/p/entry/place/20108366,성희주와 이안대군이 낙화놀이를 보며 서로를 바라보는 장면,https://kdramamap.com/location/21%ec%84%b8%ea%b8%b0%eb%8c%80%ea%b5%b0%eb%b6%80%ec%9d%b8-%eb%ac%b4%ec%a7%84%ec%a0%95-19201/;https://blog.naver.com/buja1202/224248171214;https://blog.naver.com/l_j_0115/224249265908;https://blog.naver.com/wlsrud1318/224288736238,2026-07-28,,14,,,배희영;박준화,https://image.tmdb.org/t/p/w500/j37wlFXIPcSVEjWOi1KBxzWK0in.jpg,21세기대군부인,15,36,35,71.4,2,N,,,Y,언급2회이상_작품내상위15,정승길_v4,
st_00102,21세기대군부인,21st Century Grand Duchess Consort,drama,아이유;변우석,소양고택,고택,전북 완주군 소양면 송광수만로 472-23,35.903680,127.243089,https://lh3.googleusercontent.com/place-photos/AG9NLjBnrzgx7vuEeGp5XIeRYCSS-pHQW-zkWVvxs9AkaZAxSl5reZXo4bsfvRfWemUxZ6H6ce4BuAqh_1jDG586lXm9aDXwehTVQ--i9Kosf48CMMUtWrW6oewH9YPwfQRhqSBjYjSOjphu1UVUug=s4800-w800,https://map.naver.com/p/entry/place/35957546,7화에서 성희주(아이유)가 신부수업을 받는 사저 별채로 등장하는 한옥,https://kdramamap.com/location/21%ec%84%b8%ea%b8%b0%eb%8c%80%ea%b5%b0%eb%b6%80%ec%9d%b8-%ec%86%8c%ec%96%91%ea%b3%a0%ed%83%9d-19189/;https://blog.naver.com/buja1202/224248171214;https://blog.naver.com/l_j_0115/224249265908,2026-07-28,,14,,,배희영;박준화,https://image.tmdb.org/t/p/w500/j37wlFXIPcSVEjWOi1KBxzWK0in.jpg,21세기대군부인,13,69,35,61.9,3,N,,,Y,언급2회이상_작품내상위15,정승길_v4,
st_00100,21세기대군부인,21st Century Grand Duchess Consort,drama,아이유;변우석,백제문화단지,관광지,충남 부여군 규암면 백제문로 455,36.307572,126.908495,https://lh3.googleusercontent.com/place-photos/AG9NLjCBG8v1j7OquUlDIAsN6bYwIM8TrYsOXoZ9uH_p6R14jCGt0M9g2r8bvjiYOubd1GZM1K0RUcEqQWR7ch9TU39bBfV2B-ARiGm_RKVyLTPbZvJUZrmqa9b-Xmo48pgWMwaffSFcmFnckv6EEg=s4800-w800,https://map.naver.com/p/entry/place/12019039,궁궐 입구(사비궁)와 담장 CG 배경으로 등장하는 부여 백제문화단지,https://kdramamap.com/location/21%ec%84%b8%ea%b8%b0%eb%8c%80%ea%b5%b0%eb%b6%80%ec%9d%b8-%eb%b0%b1%ec%a0%9c%eb%ac%b8%ed%99%94%eb%8b%a8%ec%a7%80-19187/;https://blog.naver.com/buja1202/224248171214;https://blog.naver.com/l_j_0115/224249265908,2026-07-28,,14,,,배희영;박준화,https://image.tmdb.org/t/p/w500/j37wlFXIPcSVEjWOi1KBxzWK0in.jpg,21세기대군부인,13,31,35,61.9,4,N,,,Y,언급2회이상_작품내상위15,정승길_v4,
st_00103,21세기대군부인,21st Century Grand Duchess Consort,drama,아이유;변우석,광한루원,관광지,전북 남원시 요천로 1447,35.404132,127.380504,https://lh3.googleusercontent.com/place-photos/AG9NLjCH2Pfu3oSd0wnvYKSS0lTbs_qGdxn7WJOn8anUVRhiDqQdyqDg-UxdSPJHJ5p4TkdrDY-9lhMcMtCfyRIT_0octQKVevClY1OzyqWrahjnYq3YTSpcflRRlsW_Ka12rD472Mgw5Dt4_aTpFA=s4800-w800,https://map.naver.com/p/entry/place/12292865,궁궐 후원 경회루·향원정 연못 장면의 배경으로 쓰인 남원 광한루원,https://kdramamap.com/location/21%ec%84%b8%ea%b8%b0%eb%8c%80%ea%b5%b0%eb%b6%80%ec%9d%b8-%ea%b4%91%ed%95%9c%eb%a3%a8%ec%9b%90-19190/;https://blog.naver.com/buja1202/224248171214,2026-07-28,,14,,,배희영;박준화,https://image.tmdb.org/t/p/w500/j37wlFXIPcSVEjWOi1KBxzWK0in.jpg,21세기대군부인,10,22,35,47.6,5,N,,,Y,언급2회이상_작품내상위15,정승길_v4,
st_00050,21세기대군부인,21st Century Grand Duchess Consort,drama,아이유;변우석,경복궁,유적/한옥,서울 종로구 사직로 161,37.575904,126.976842,https://lh3.googleusercontent.com/place-photos/AG9NLjBUiIWrL3Ivwic4zEXOIs9tKbr87fqN3COsGxAPHmMETc80oLtsfTxNAuvZXco9oZcjT5WrM5mMAp_HTlAxxjBT5JhSOyoZCWHq1XlBrA3kqlQES-JmSahM3dSyszmIbDlwaOZtmJLILJ96i50=s4800-w800,https://map.naver.com/p/entry/place/11571707,궁궐 CG 배경과 후원 경회루 장면이 촬영된 조선 왕조의 법궁,https://kdramamap.com/location/21%ec%84%b8%ea%b8%b0%eb%8c%80%ea%b5%b0%eb%b6%80%ec%9d%b8-%ea%b2%bd%eb%b3%b5%ea%b6%81-19137/;https://blog.naver.com/buja1202/224248171214;https://blog.naver.com/l_j_0115/224249265908,2026-07-28,,14,,,배희영;박준화,https://image.tmdb.org/t/p/w500/j37wlFXIPcSVEjWOi1KBxzWK0in.jpg,21세기대군부인,10,19,35,47.6,6,N,,,Y,언급2회이상_작품내상위15,정승길_v4,
st_00057,21세기대군부인,,drama,아이유;변우석,경희대학교,학교,서울 동대문구 경희대로 26,37.593949,127.054891,https://lh3.googleusercontent.com/place-photos/AG9NLjA-WMz1zNSBldQQAYaU5zxuLhKzWgXRCGk9aFQilpZn7RsH27yrllPu5ysElKfHLMxyMI56UgQDA5j4Gm1JEFT32Ocy0Xa21DxvAPNn6_V-CpDEj55AKBDNyWBfW_x8KgfaDsM0n82otfqvmlU=s4800-w800,https://map.naver.com/p/entry/place/12064583,성희주와 이안대군이 다니던 왕립학교(평화의 전당)로 등장하는 경희대학교,https://kdramamap.com/location/21%ec%84%b8%ea%b8%b0%eb%8c%80%ea%b5%b0%eb%b6%80%ec%9d%b8-%ea%b2%bd%ed%9d%ac%eb%8c%80%ed%95%99%ea%b5%90-19144/,2026-07-28,,14,,,배희영;박준화,https://image.tmdb.org/t/p/w500/j37wlFXIPcSVEjWOi1KBxzWK0in.jpg,21세기대군부인,8,15,35,38.1,7,N,,,Y,언급2회이상_작품내상위15,정승길_v4,
st_00043,21세기대군부인,,drama,아이유;변우석,국립중앙박물관,박물관/미술관,서울 용산구 서빙고로 137,37.524702,126.977740,https://lh3.googleusercontent.com/place-photos/AG9NLjAfmclfY0ybhBJfTiHSr3jYlSiVjC1FAzJ2ZISURqNWu7JAj2aBuCodJ4WR0ZsheTISH4sLv5No-3BFwqR5U-YAxGa0t24RX2rsrB88_HtPt5Dgu0fp_XrhSM39jbNV-czLyvv4rrlVxDd2L8c=s4800-w800,https://map.naver.com/p/entry/place/11620570,12화에서 왕이 된 이안이 전시된 왕실 유물을 보며 지난 일을 회상하는 장면,https://kdramamap.com/location/21%ec%84%b8%ea%b8%b0%eb%8c%80%ea%b5%b0%eb%b6%80%ec%9d%b8-%ea%b5%ad%eb%a6%bd%ec%a4%91%ec%95%99%eb%b0%95%eb%ac%bc%ea%b4%80-19130/,2026-07-28,,14,,,배희영;박준화,https://image.tmdb.org/t/p/w500/j37wlFXIPcSVEjWOi1KBxzWK0in.jpg,21세기대군부인,7,14,35,33.3,8,N,,,Y,언급2회이상_작품내상위15,정승길_v4,
st_00106,21세기대군부인,,drama,아이유;변우석,예천진호국제양궁장,,경북 예천군 예천읍 양궁장길 38,36.634632,128.468367,https://lh3.googleusercontent.com/place-photos/AG9NLjCNycphOuHH1Bfx6g6uWOkYOl_qW0eWrHK5qXUcKaDRqFIrwqoU4GNaDuWjZQyL7ddsW_X_Mmbh1qynsk5bK0dwJPL8ZeFokh1KCuG9R8A83bnzNbpbaKVFiFTXwbolSDGS0Os9MN5Wjr2avQE=s4800-w800,https://map.naver.com/p/entry/place/15919298,극 중 성희주와 이안대군이 팽팽한 심리전 속에서 국궁 대결을 펼치는 장면,https://kdramamap.com/location/21%ec%84%b8%ea%b8%b0%eb%8c%80%ea%b5%b0%eb%b6%80%ec%9d%b8-%ec%98%88%ec%b2%9c%ec%a7%84%ed%98%b8%ea%b5%ad%ec%a0%9c%ec%96%91%ea%b6%81%ec%9e%a5-19193/,2026-07-28,,14,,,배희영;박준화,https://image.tmdb.org/t/p/w500/j37wlFXIPcSVEjWOi1KBxzWK0in.jpg,21세기대군부인,7,11,35,33.3,9,N,,,Y,언급2회이상_작품내상위15,정승길_v4,
st_00086,21세기대군부인,,drama,아이유;변우석,화서문,,경기 수원시 팔달구 장안동 331,37.286608,127.013903,https://lh3.googleusercontent.com/place-photos/AG9NLjA55z1v2UIVA7Jp5Jk2f0Rcmn_1rDTz39IuaCTsRA5i8X68lDMCC53JZQ3yra917nz6sF5hJOObax7YSUtiFQ-i1UZNqOuXFJhtcbEkzvFL1bfiZL0ycEOVEOO4cTIOIl3dYuZMtISFPdAY-48=s4800-w800,https://map.naver.com/p/entry/place/19802092,왕실 파티장 입구인 궁궐 성곽 장면으로 등장하는 수원화성 화서문,https://kdramamap.com/location/21%ec%84%b8%ea%b8%b0%eb%8c%80%ea%b5%b0%eb%b6%80%ec%9d%b8-%ed%99%94%ec%84%9c%eb%ac%b8-19173/,2026-07-28,,14,,,배희영;박준화,https://image.tmdb.org/t/p/w500/j37wlFXIPcSVEjWOi1KBxzWK0in.jpg,21세기대군부인,6,7,35,28.6,11,N,,,Y,언급2회이상_작품내상위15,정승길_v4,
st_20279,21세기 대군부인,21st Century Grand Duchess Consort,drama,아이유;변우석,수영만 요트경기장,기타,부산 해운대구 해운대해변로 84,35.16026170107591,129.14127264196568,,,마린시티에서 광안리까지 이어지는 요트 투어 장면이 촬영된 곳,https://blog.naver.com/buja1202/224248171214,2026-07-30,,14,,,배희영;박준화,https://image.tmdb.org/t/p/w500/j37wlFXIPcSVEjWOi1KBxzWK0in.jpg,21세기대군부인,5,16,35,23.8,12,N,,,Y,언급2회이상_작품내상위15,정승길_v4,
st_00095,21세기대군부인,21st Century Grand Duchess Consort,drama,아이유;변우석,뮤지엄산,자연/명소,강원 원주시 지정면 오크밸리2길 260,37.415333,127.823409,https://lh3.googleusercontent.com/place-photos/AG9NLjBig-5RVCcrbbP2Z4cTPB_QrSb5xyWFLF3OGkCQJVFucdoWs0TxjaPqMq3KcqOJDQ3zO4qL9E64BkH3yMl0srkwXY7f3JNWXDz1yfV64zz7GDbU2nMx85q8-TNLhesC3u-LJP78KJku4QHpfQ=s4800-w800,https://map.naver.com/p/entry/place/1676988333,성희주가 정략결혼 상대 김연준을 만나는 갤러리 장면,https://kdramamap.com/location/21%ec%84%b8%ea%b8%b0%eb%8c%80%ea%b5%b0%eb%b6%80%ec%9d%b8-%eb%ae%a4%ec%a7%80%ec%97%84%ec%82%b0-19182/;https://blog.naver.com/buja1202/224248171214;https://blog.naver.com/liebedance/224271574277,2026-07-28,,14,,,배희영;박준화,https://image.tmdb.org/t/p/w500/j37wlFXIPcSVEjWOi1KBxzWK0in.jpg,21세기대군부인,4,9,35,19.0,13,N,,,Y,언급2회이상_작품내상위15,정승길_v4,
st_00034,21세기대군부인,21st Century Grand Duchess Consort,drama,아이유;변우석,고척스카이돔,경기장,서울 구로구 경인로 430,37.498213,126.867089,https://lh3.googleusercontent.com/place-photos/AG9NLjCvqcsnTwgxGwmg3N1cylPoNP8Q0cvgt58Dpc0QKXXpslEBW5LMmCMtzlZ51q0IJ7Ny2L4B3RzkXi_qUnDqV_JYKqjybXpDuJPH7oU5hDNg3AfAHE317epFno3HkH9kRZGj-9PuOdjAVEHM8W0=s4800-w800,https://map.naver.com/p/entry/place/18967604,야구장 데이트 장면 촬영지로 등장하는 고척스카이돔 경기장,https://kdramamap.com/location/21%ec%84%b8%ea%b8%b0%eb%8c%80%ea%b5%b0%eb%b6%80%ec%9d%b8-%ea%b3%a0%ec%b2%99%ec%8a%a4%ec%b9%b4%ec%9d%b4%eb%8f%94-19121/;https://blog.naver.com/buja1202/224248171214,2026-07-28,,14,,,배희영;박준화,https://image.tmdb.org/t/p/w500/j37wlFXIPcSVEjWOi1KBxzWK0in.jpg,21세기대군부인,3,8,35,14.3,14,N,,,Y,언급2회이상_작품내상위15,정승길_v4,
st_00096,21세기대군부인,21st Century Grand Duchess Consort,drama,아이유;변우석,더한옥헤리티지,유적/한옥,강원 영월군 남면 문개실길 37-150,37.200539,128.429215,https://lh3.googleusercontent.com/place-photos/AG9NLjAMcq1-1M33WUtqabW1-Gib_5-_kzXdqzPMQaobeZMn7LswUY2sCVWWpUw6_ScAADZlvNSeLEhQulb17TGqBfpCyUbtjmffS2nSG1f8vTd9RK0NEAxpARqJaS6CqF2jePp23-uvX3k6DHYCuS5UzKRfRQ=s4800-w800,https://map.naver.com/p/entry/place/1559825941,성희주가 자신의 뒷담화를 하는 여인들에게 와인잔을 깨며 위협하는 장면,https://kdramamap.com/location/21%ec%84%b8%ea%b8%b0%eb%8c%80%ea%b5%b0%eb%b6%80%ec%9d%b8-%eb%8d%94%ed%95%9c%ec%98%a5%ed%97%a4%eb%a6%ac%ed%8b%b0%ec%a7%80-19183/;https://blog.naver.com/buja1202/224248171214,2026-07-28,,14,,,배희영;박준화,https://image.tmdb.org/t/p/w500/j37wlFXIPcSVEjWOi1KBxzWK0in.jpg,21세기대군부인,3,8,35,14.3,15,N,,,Y,언급2회이상_작품내상위15,정승길_v4,
mv_1585_01,7번방의 선물,Miracle in Cell No.7,movie,류승룡;박신혜;갈소원;오달수;박원상,익산교도소세트장,개방형 촬영세트장,전북특별자치도 익산시 성당면 함낭로 207,36.0695673,126.9315194,https://lh3.googleusercontent.com/place-photos/AG9NLjAXT1cohS2v7ONnww3OHwtIujyvyYQpbKB_m2efz-4dB5AKugj-6OntKxf1Koo3fIFWHbXr8F49OVs2lAh5tKEItZRqGZoRF8VgpfrxdSXQHOD_4HdtVxB0k8WZmzHt7zmvqMjdLe73vYlE7CZyKkxSJg=s4800-w800,https://map.naver.com/p/entry/place/37471479,용구가 누명을 쓰고 수감된 뒤 7번방 수감자들과 생활하고 탈출을 시도하는 교도소 장면,https://www.hcnews.or.kr/news/10148,2026-07-30,,,12786081,,이환경,https://image.tmdb.org/t/p/w500/c9TqJPm4pZCuiEXumTayoNIrBSK.jpg,7번방의선물,21,69,33,100.0,1,N,,,Y,언급2회이상_작품내상위15,정승길_v4,
mv_1585_02,7번방의 선물,Miracle in Cell No.7,movie,류승룡;박신혜;갈소원;오달수;박원상,홍제동 개미마을,마을·골목,서울특별시 서대문구 세검정로4길 100-58 일대,37.590929,126.9525597,,https://map.naver.com/p/entry/place/33997144,용구가 출근길에 딸 예승과 특별한 인사를 나누고 예승이 아빠를 기다리는 도입부 장면,https://korean.visitkorea.or.kr/detail/rem_detail.do?cotid=ce770bad-d04a-4ca0-972a-1ead5380d937,2026-07-30,,,12786081,,이환경,https://image.tmdb.org/t/p/w500/c9TqJPm4pZCuiEXumTayoNIrBSK.jpg,7번방의선물,3,13,33,14.3,2,N,,,Y,언급2회이상_작품내상위15,정승길_v4,
st_20069,D.P.,D.P.,drama,정해인;구교환;김성균,부천 까치울 부대(옛 61사단 177연대),촬영지,경기도 부천시 오정구 작동,37.513291343602,126.815988741765,https://lh3.googleusercontent.com/place-photos/AG9NLjA6ebn-X1nSB7jB0d9ML3ZS2Ozyk9H7-9E4pBWawpDOAYTQQkzTPpQ7vUOUkWVfm1l5JFBGAM8EBVvNqSrwd6T51oA35P01ZSvSFA70tr1a9Lt5mZ4hR9IlLgJibcNOkGmbEwZzq91saMvkh6M=s4800-w800,,"탈영병을 쫓는 헌병대와 부대 막사, 위병소 등 극의 핵심 배경으로 촬영된 옛 폐부대",https://namu.wiki/w/D.P.(시즌 1),2026-07-30,60,,,,한준희,https://image.tmdb.org/t/p/w500/ufovksqVTNogMdU5LlCVbJSiMVa.jpg,D.P.,0,0,50,0.0,2,N,,,Y,언급부족_데이터품질기준보존,정승길_v4,
st_20072,D.P.,D.P.,drama,정해인;구교환;김성균,사창리터미널,촬영지,강원특별자치도 화천군 사내면 사창리,38.0759057789129,127.516290127639,,https://map.naver.com/p/entry/place/1080501769,극 중 '용담터미널'로 등장하며 안준호와 한호열이 서울로 향하는 장면,https://namu.wiki/w/D.P.(시즌 1),2026-07-30,60,,,,한준희,https://image.tmdb.org/t/p/w500/ufovksqVTNogMdU5LlCVbJSiMVa.jpg,D.P.,0,0,50,0.0,3,N,,,Y,언급부족_데이터품질기준보존,정승길_v4,
st_20073,D.P.,D.P.,drama,정해인;구교환;김성균,울산대학교,촬영지,울산광역시 남구 대학로 93,35.54183711963,129.257425346502,https://lh3.googleusercontent.com/place-photos/AG9NLjC8NNK70tbsmfIyG3NeoOSpH2bmPnrvC-aA20GoSm1txdqrQLl_fQ8Ke_BDPZSsXuviU0daxOIavtHQTLFmrhqZ_GfF3b6fwUPAFxztMe7SX9Ajt7yeWLzDuM1rmdx2L0a15w6tvbeIvfiGpA=s4800-w800,https://map.naver.com/p/entry/place/11591612,D.P.에서 이등병 안준호와 한호열이 탈영병의 거주지와 다니던 대학교를 뒤지는 장면,https://namu.wiki/w/D.P.(시즌 1),2026-07-30,60,,,,한준희,https://image.tmdb.org/t/p/w500/ufovksqVTNogMdU5LlCVbJSiMVa.jpg,D.P.,0,0,50,0.0,5,N,,,Y,언급부족_데이터품질기준보존,정승길_v4,
st_00486,S라인,,drama,이수혁;이다희;아린,서울공업고등학교,학교,서울 동작구 대방동1길 46,37.501901,126.922363,https://lh3.googleusercontent.com/place-photos/AG9NLjDOPt22VgAyw3h9rkpDVoiADrC3Izltjtyk710yRX3eCZNf46hVNG4JWPIkQJZgHbrmLPNHIyqzSiHPqfK0gw1Rd3S1myR7cnK--55GRQA7GfUWz2L4wHJ_r6mi-4BXDr3MurMNYK7ZQNQCAAI=s4800-w800,https://map.naver.com/p/entry/place/19717728,"1~2화에서 극 중 방주고등학교로 등장하는 촬영지, 실제로는 서울공업고등학교",https://kdramamap.com/location/s%eb%9d%bc%ec%9d%b8-%ec%84%9c%ec%9a%b8%ea%b3%b5%ec%97%85%ea%b3%a0%eb%93%b1%ed%95%99%ea%b5%90-10678/,2026-07-28,88,,,,안주영,https://image.tmdb.org/t/p/w500/o9ENFFvHnU08zy8GbElxGLbrm87.jpg,S라인,1,4,24,100.0,1,N,,,Y,언급부족_데이터품질기준보존,정승길_v4,
st_00490,S라인,,drama,이수혁;이다희;아린,삼산경찰서,,인천 부평구 굴포로 104,37.511012,126.732241,https://lh3.googleusercontent.com/place-photos/AG9NLjBwqAWeIt05swlOK5-1fxE7e96OL2_M3EYbomuO241dNKQwISMCOgdsO7TVj-zd0eXGh-vV2NcpNkSw8mEuxf1fx-baIjFW96VBAJIciO5rKycRoPFlcv3zTdRganM0wm9Jl4EWSrJlNb_9Pw=s4800-w800,https://map.naver.com/p/entry/place/12234069,"1~2화에서 극 중 방주경찰서로 등장하는 촬영지, 실제로는 인천 부평 삼산경찰서",https://kdramamap.com/location/s%eb%9d%bc%ec%9d%b8-%ec%82%bc%ec%82%b0%ea%b2%bd%ec%b0%b0%ec%84%9c-10682/,2026-07-28,88,,,,안주영,https://image.tmdb.org/t/p/w500/o9ENFFvHnU08zy8GbElxGLbrm87.jpg,S라인,1,3,24,100.0,2,N,,,Y,언급부족_데이터품질기준보존,정승길_v4,
st_00487,S라인,,drama,이수혁;이다희;아린,완성빌라,,서울 종로구 세검정로7나길 42-4,37.603229,126.959058,https://lh3.googleusercontent.com/place-photos/AG9NLjBldIK_v05E6W2kBM7-oXdWcmt6oMRUxvcVhk7sEVO3E6__NSI3WMDX0Tz5Yj6glURXqadhcBCw7WXF0kcQ5q_n6P7aFpT9x7W1xwOzY8C3GZhn8PaZRa4bw3lhg_gnh90JIKPjrthaqwc-dsc=s4800-w800,https://map.naver.com/p/entry/place/18686939,1~2화 골목길 집 장면의 배경인 종로 세검정로 일대 주택가 촬영지,https://kdramamap.com/location/s%eb%9d%bc%ec%9d%b8-%ec%99%84%ec%84%b1%eb%b9%8c%eb%9d%bc-10679/,2026-07-28,88,,,,안주영,https://image.tmdb.org/t/p/w500/o9ENFFvHnU08zy8GbElxGLbrm87.jpg,S라인,1,2,24,100.0,3,N,,,Y,언급부족_데이터품질기준보존,정승길_v4,
st_20079,갯마을 차차차,Hometown Cha-Cha-Cha,drama,신민아;김선호;이상이,윤치과(청진3리어민복지회관),병원 세트(치과),경상북도 포항시 북구 청하면 청진리 청진3리어민복지회관,36.1705099890383,129.396975394872,https://lh3.googleusercontent.com/place-photos/AG9NLjD5MnMKcjNUHQNMfpkLiTt6g8ypus3JRYeCET3caA2S4Z2_GpmH5x4ksq2-VItvq5M-QkTJgK8CPtPSD45eMIzsuEppb2H8yUVraEozUcrMu-nSPM2NZpO0idq33S7kXugqfS2sOGWhyuhaDQ=s4800-w800,,"윤혜진(신민아)이 개업한 치과 건물 외관으로 쓰인 촬영지로, 현재는 윤스토랑으로 운영 중",https://www.esquirekorea.co.kr/article/58660,2026-07-30,46,,,,유제원,https://image.tmdb.org/t/p/w500/ub2ZaobABSYtkWKaEycWmMjkorP.jpg,갯마을차차차,46,193,88,100.0,1,N,,,Y,언급2회이상_작품내상위15,정승길_v4,
st_20077,갯마을 차차차,Hometown Cha-Cha-Cha,drama,신민아;김선호;이상이,보라슈퍼,슈퍼마켓(극중 세트),경상북도 포항시 북구 청하면 청하로200번길 6,36.1970562908719,129.339877192623,,,윤혜진이 고급 샴푸가 없다며 가지 않으려 했던 동네 슈퍼로 등장한 곳,https://www.esquirekorea.co.kr/article/58660,2026-07-30,46,,,,유제원,https://image.tmdb.org/t/p/w500/ub2ZaobABSYtkWKaEycWmMjkorP.jpg,갯마을차차차,45,109,88,97.8,2,N,,,Y,언급2회이상_작품내상위15,정승길_v4,
st_20076,갯마을 차차차,Hometown Cha-Cha-Cha,drama,신민아;김선호;이상이,청호철물,철물점(극중 세트),경상북도 포항시 북구 청하면 청하로200번길 6,36.1970562908719,129.339877192623,,,홍두식(홍반장)이 배 수리 부품을 사러 오는 철물점으로 등장한 촬영지,https://www.esquirekorea.co.kr/article/58660,2026-07-30,46,,,,유제원,https://image.tmdb.org/t/p/w500/ub2ZaobABSYtkWKaEycWmMjkorP.jpg,갯마을차차차,35,68,88,76.1,3,N,,,Y,언급2회이상_작품내상위15,정승길_v4,
st_20075,갯마을 차차차,Hometown Cha-Cha-Cha,drama,신민아;김선호;이상이,오윤카페(한낮에 커피 달밤에 맥주),카페(극중 세트),경상북도 포항시 북구 청하면 청하로200번길 6,36.1970562908719,129.339877192623,,,윤혜진이 커피가 맛없다며 가지 않으려 했던 오윤(가수)이 운영하는 카페로 등장한 곳,https://www.esquirekorea.co.kr/article/58660,2026-07-30,46,,,,유제원,https://image.tmdb.org/t/p/w500/ub2ZaobABSYtkWKaEycWmMjkorP.jpg,갯마을차차차,29,67,88,63.0,4,N,,,Y,언급2회이상_작품내상위15,정승길_v4,
st_20074,갯마을 차차차,Hometown Cha-Cha-Cha,drama,신민아;김선호;이상이,청하공진시장,전통시장(5일장),경상북도 포항시 북구 청하면 청하로200번길 6,36.1970562908719,129.339877192623,,https://map.naver.com/p/entry/place/1381706551,극중 '공진시장'의 실제 배경으로 보라슈퍼·청호철물·오윤카페 등 여러 세트가 모여 있는 촬영지,https://www.pohang.go.kr/phtour/wmap/tourInformation/view.do?menu_idx=63&tour_info_idx=575,2026-07-30,46,,,,유제원,https://image.tmdb.org/t/p/w500/ub2ZaobABSYtkWKaEycWmMjkorP.jpg,갯마을차차차,28,137,88,60.9,5,N,,,Y,언급2회이상_작품내상위15,정승길_v4,
st_20081,갯마을 차차차,Hometown Cha-Cha-Cha,drama,신민아;김선호;이상이,이가리 닻 전망대,전망대/해안절경,경상북도 포항시 북구 청하면 이가리,36.18319704275,129.378664301227,https://lh3.googleusercontent.com/place-photos/AG9NLjCBqKzlpmbpQ1HAsz0J1pddWSqEdOaf53wdqhYVJR8EJmS9OYTIt92LfKDC_Ic2Psaiz7O3a20XYKgsjguTOP2BNPz5gun9YjVm_KVPjEXf_jBopJT1BL6W4XndNIcFfkpFcWyD1bDPzrCb=s4800-w800,https://map.naver.com/p/entry/place/1994273574,11화에서 홍두식이 이가리 닻 전망대에 선 윤혜진의 사진을 찍는 장면,https://korean.visitkorea.or.kr/detail/ms_detail.do?cotid=92c780f2-968e-4fd9-9ce7-7aaf167b70a4,2026-07-30,46,,,,유제원,https://image.tmdb.org/t/p/w500/ub2ZaobABSYtkWKaEycWmMjkorP.jpg,갯마을차차차,19,86,88,41.3,6,N,,,Y,언급2회이상_작품내상위15,정승길_v4,
st_20089,갯마을 차차차,Hometown Cha-Cha-Cha,drama,신민아;김선호;이상이,월포해수욕장,해수욕장,,36.2014936,129.3716299,https://lh3.googleusercontent.com/place-photos/AG9NLjB7cuczQ3o30bnBM7x9LoH06eb8OLakNQAI6etdlPtadkpJLg5ZPsUyVbzJxx8_wn49P7GVMl9rJo0SEBDpA_NfSYWmfGf7jH0_zcYBIgzieLqNC5aKnwYRlWkPLP5D8FSplaL-6mDM9OhMag=s4800-w800,https://map.naver.com/p/entry/place/13491120,윤혜진과 홍두식의 첫 만남 장면과 홍반장의 서핑 장면이 촬영된 해변,https://www.gukjenews.com/news/articleView.html?idxno=2325046,2026-07-30,46,,,,유제원,https://image.tmdb.org/t/p/w500/ub2ZaobABSYtkWKaEycWmMjkorP.jpg,갯마을차차차,17,47,88,37.0,7,N,,,Y,언급2회이상_작품내상위15,정승길_v4,
st_20090,갯마을 차차차,Hometown Cha-Cha-Cha,drama,신민아;김선호;이상이,곤륜산 활공장,활공장/전망지점,경상북도 포항시 북구 흥해읍 칠포리 914-5,36.1367168847819,129.386762727513,,,홍두식이 외부인을 데려가 마을 '전망대'라 소개하는 언덕 장면이 촬영된 곳,https://brunch.co.kr/@writersuyeon/82,2026-07-30,46,,,,유제원,https://image.tmdb.org/t/p/w500/ub2ZaobABSYtkWKaEycWmMjkorP.jpg,갯마을차차차,7,11,88,15.2,8,N,,,Y,언급2회이상_작품내상위15,정승길_v4,
st_20085,갯마을 차차차,Hometown Cha-Cha-Cha,drama,신민아;김선호;이상이,석병1리 방파제,방파제(빨간 등대),,36.0122004,129.5790042,https://lh3.googleusercontent.com/place-photos/AG9NLjBFra1G0RqquFuotU5fbdnqOo6nUPiXvdyib0ShbMWlS-PrvV8_P53rMsxWtAU9Mh-7nXMjow83AtpFQ9JbMq1yYwcCJE25PLY_K0CGzta-IbcnRrd5IpXqKjtziTh7UKDoB5iQGgZuq4Dtmw=s4800-w800,https://map.naver.com/p/entry/place/37825293,혜진과 두식이 고백하며 데이트하는 장면이 촬영된 방파제 빨간 등대,https://korean.visitkorea.or.kr/detail/rem_detail.do?cotid=3e09029e-387a-400d-80f7-a3aa67d093a6,2026-07-30,46,,,,유제원,https://image.tmdb.org/t/p/w500/ub2ZaobABSYtkWKaEycWmMjkorP.jpg,갯마을차차차,4,8,88,8.7,9,N,,,Y,언급2회이상_작품내상위15,정승길_v4,
mv_2385,검사외전,A Violent Prosecutor,movie,황정민;강동원;이성민;박성웅;김응수,익산 교도소 세트장,명소,전라북도 익산시 성당면 함낭로 207,36.069334,126.93158,https://lh3.googleusercontent.com/place-photos/AG9NLjAXT1cohS2v7ONnww3OHwtIujyvyYQpbKB_m2efz-4dB5AKugj-6OntKxf1Koo3fIFWHbXr8F49OVs2lAh5tKEItZRqGZoRF8VgpfrxdSXQHOD_4HdtVxB0k8WZmzHt7zmvqMjdLe73vYlE7CZyKkxSJg=s4800-w800,,검사외전에서 교도소로 나온 곳,assets/한국문화정보원_미디어콘텐츠 영상 촬영지 데이터_20221125.csv,2026-07-28,,,9664799,,이일형,https://image.tmdb.org/t/p/w500/cXB9CaJVRIFhsqGbyDNl7vc6XWc.jpg,검사외전,2,5,26,100.0,1,N,,,Y,언급2회이상_작품내상위15,정승길_v4,
mv_2383,검사외전,A Violent Prosecutor,movie,황정민;강동원;이성민;박성웅;김응수,대청마루I,음식점,서울특별시 중구 퇴계로44길 16,37.561193,126.997071,https://lh3.googleusercontent.com/place-photos/AG9NLjA6FYINTIiuZX-tORo4VVw4cBDnc-7tch8YwSyA9AsVvksggYlDRHxBrGwkcnVgrCpklOgghHOrgScBduqTsXl6PBz4qZZ49JE1gtveo_F4ehgcLbO64Ur-wrOcptb7YAWbZXruQYQlIvdr_Q=s4800-w800,,극중 강동원이 삼겹살을 쏜 곳,assets/한국문화정보원_미디어콘텐츠 영상 촬영지 데이터_20221125.csv,2026-07-28,,,9664799,,이일형,https://image.tmdb.org/t/p/w500/cXB9CaJVRIFhsqGbyDNl7vc6XWc.jpg,검사외전,0,0,26,0.0,2,N,,,Y,언급부족_데이터품질기준보존,정승길_v4,
mv_2381,검사외전,A Violent Prosecutor,movie,황정민;강동원;이성민;박성웅;김응수,부산외국어대학교 우암동캠퍼스(구),명소,부산광역시 남구 우암동 산55-1,35.126252,129.084778,https://lh3.googleusercontent.com/place-photos/AG9NLjCdfPZsJeQASDbMIaPjQjn-lNQMmVt_b82-eAw597JeVMZgStUu56IMjaCp95EL-KNQpiAbDx5k0mJjLEHuE-rrW5grNj70tQQL_tL4jgSDmvzzVhk3W_4WELRUguIBaUlr9GACUphwihr_GA=s4800-w800,,죄수 황정민과 검사 박성웅이 면담한 곳,assets/한국문화정보원_미디어콘텐츠 영상 촬영지 데이터_20221125.csv,2026-07-28,,,9664799,,이일형,https://image.tmdb.org/t/p/w500/cXB9CaJVRIFhsqGbyDNl7vc6XWc.jpg,검사외전,0,0,26,0.0,3,N,,,Y,언급부족_데이터품질기준보존,정승길_v4,
st_01452,경이로운소문2,The Uncanny Counter 2: Counter Punch,drama,조병규;유준상;김세정;염혜란,이케아 고양점,가구매장/창고,경기 고양시 덕양구 권율대로 420,37.629589,126.863124,https://lh3.googleusercontent.com/place-photos/AG9NLjAJIDW6rNsGU8aR36NIllrrD-ylvjU5AAT5PyVFKRMat2Sat23uLQH_U4KagBsjF04kUuYszI3N6GwOqp2jzq4_Q7_cH2f3FiQnRTV_Encs9eSs1IM_h9--9lDAMimwH4v7rsiu3FS2YcDdQw=s4800-w800,https://map.naver.com/p/entry/place/1794094842,3화에서 언니네 국수 영업 종료 뒤 카운터들의 새 아지트인 장물유통 물류센터로 나오는 장면,https://kdramamap.com/location/%ea%b2%bd%ec%9d%b4%eb%a1%9c%ec%9a%b4%ec%86%8c%eb%ac%b82-%ec%9d%b4%ec%bc%80%ec%95%84-%ea%b3%a0%ec%96%91%ec%a0%90-3049/;https://blog.naver.com/hsc_one1/223162991545;https://blog.naver.com/redmee2/223181485755;https://blog.naver.com/my1002/223210688378,2026-07-28,48,,,,You Sun-dong,https://image.tmdb.org/t/p/w500/xwXgYXqxLRAYfVGUaS1STEFnmzZ.jpg,경이로운소문2,7,34,26,100.0,1,N,,,Y,언급2회이상_작품내상위15,정승길_v4,
st_01413,경이로운소문2,The Uncanny Counter 2: Counter Punch,drama,조병규;유준상;김세정;염혜란,루하스사우나,,서울 은평구 통일로 1022,37.633802,126.917739,https://lh3.googleusercontent.com/place-photos/AG9NLjA4uoomjmNRvOGK5B6Ly20anw3JWn4J9B0-4Y1z8MNiTMwEA0o8e6PTymw_jlYorXgAE7pinujfFw0OiIRDA8l-7Sn2ySqk7lHUzAoDK3ICiBtcExz3QQse35xlZXhpFkpp41Tk8YU4ANcX0A=s4800-w800,https://map.naver.com/p/entry/place/37564357,12화(최종화)에서 가모탁이 형사 신분으로 파트너와 잠복하며 범인을 기다리는 사우나 장면,https://kdramamap.com/location/%ea%b2%bd%ec%9d%b4%eb%a1%9c%ec%9a%b4%ec%86%8c%eb%ac%b82-%eb%a3%a8%ed%95%98%ec%8a%a4%ec%82%ac%ec%9a%b0%eb%82%98-3010/,2026-07-28,48,,,,You Sun-dong,https://image.tmdb.org/t/p/w500/xwXgYXqxLRAYfVGUaS1STEFnmzZ.jpg,경이로운소문2,3,7,26,42.9,2,N,,,Y,언급2회이상_작품내상위15,정승길_v4,
st_01461,경이로운소문2,The Uncanny Counter 2: Counter Punch,drama,조병규;유준상;김세정;염혜란,금강랜드,테마파크,전북 군산시 성산면 철새로 53,36.016129,126.758044,https://lh3.googleusercontent.com/place-photos/AG9NLjBCTziFXRd3mulw71WNj7JNqxsHF0WMlQm1s7ATSU3YRNbuAso_3U4ly1RjQdbfBsKUzpht6UmLaUzSkgP6psFFcv8LD99fD084Tib4EvMJUUdrx2qERAWAmCmZ2iX5I6LJTgD7kcuaxOh5Kw=s4800-w800,https://map.naver.com/p/entry/place/1377819538,12화(최종화)에서 해외 파견에서 돌아온 소문이 카운터들과 합류해 악귀를 잡는 놀이동산 장면,https://kdramamap.com/location/%ea%b2%bd%ec%9d%b4%eb%a1%9c%ec%9a%b4%ec%86%8c%eb%ac%b82-%ea%b8%88%ea%b0%95%eb%9e%9c%eb%93%9c-3058/,2026-07-28,48,,,,You Sun-dong,https://image.tmdb.org/t/p/w500/xwXgYXqxLRAYfVGUaS1STEFnmzZ.jpg,경이로운소문2,2,8,26,28.6,3,N,,,Y,언급2회이상_작품내상위15,정승길_v4,
st_01442,경이로운소문2,The Uncanny Counter 2: Counter Punch,drama,조병규;유준상;김세정;염혜란,서정대학교 서정관,학교,경기 양주시 은현면 화합로 1049-56,37.8571183817,127.0375102544,https://lh3.googleusercontent.com/place-photos/AG9NLjD2jVJ20aMsfGI4Lts2AF_2SAX107KgpSSPnAJK1jFx_5LT3ZQzNGY6FlMjL1fXEXRiMHDevuUar5CCCJolheLPbiv4RYBah-tVK72o__suBrbBroEu7o2adB1H3-P-J2zO9fV5m5o9zHIy=s4800-w800,https://map.naver.com/p/entry/place/1857181220,6화에서 마주석이 아내를 살해한 범인이 입원한 국립치료감호소로 등장하는 촬영지,https://kdramamap.com/location/%ea%b2%bd%ec%9d%b4%eb%a1%9c%ec%9a%b4%ec%86%8c%eb%ac%b82-%ec%84%9c%ec%a0%95%eb%8c%80%ed%95%99%ea%b5%90-%ec%84%9c%ec%a0%95%ea%b4%80-3039/;https://blog.naver.com/hsc_one1/223162991545,2026-07-28,48,,,,You Sun-dong,https://image.tmdb.org/t/p/w500/xwXgYXqxLRAYfVGUaS1STEFnmzZ.jpg,경이로운소문2,2,5,26,28.6,4,N,,,Y,언급2회이상_작품내상위15,정승길_v4,
st_01426,경이로운소문2,The Uncanny Counter 2: Counter Punch,drama,조병규;유준상;김세정;염혜란,동부빌딩,상업건물,인천 부평구 장제로 138,37.497089,126.731047,https://lh3.googleusercontent.com/place-photos/AG9NLjAgDIeSHmbyVoQ6dkFxxQ17me7CQR4GTo7fET8wya6LVj4duuPKjIzPPgUwoR1UYWxEaG2pqMhVkfe23jxokEmddnPpBV9e4L6tBKa-Gl-zRjgBr_Niq-2P-lewp9sBo4S3gFIqNThpq8jwAAI=s4800-w800,https://map.naver.com/p/entry/place/16875312,7화에서 처음 이충재가 운영하는 백두기획건설 사무실의 외관과 내부로 등장하는 장면,https://kdramamap.com/location/%ea%b2%bd%ec%9d%b4%eb%a1%9c%ec%9a%b4%ec%86%8c%eb%ac%b82-%eb%8f%99%eb%b6%80%eb%b9%8c%eb%94%a9-3023/;https://blog.naver.com/hsc_one1/223162991545;https://blog.naver.com/my1002/223210688378,2026-07-28,48,,,,You Sun-dong,https://image.tmdb.org/t/p/w500/xwXgYXqxLRAYfVGUaS1STEFnmzZ.jpg,경이로운소문2,2,3,26,28.6,5,N,,,Y,언급2회이상_작품내상위15,정승길_v4,
st_01450,경이로운소문2,The Uncanny Counter 2: Counter Punch,drama,조병규;유준상;김세정;염혜란,일산호수공원선인장전시관,박물관/미술관,경기 고양시 일산동구 호수로 731,37.664447,126.760442,,https://map.naver.com/p/entry/place/1014015652,극 중 인물이 도하나를 만나기 위해 일산의 선인장전시관을 찾아가는 장면,https://kdramamap.com/location/%ea%b2%bd%ec%9d%b4%eb%a1%9c%ec%9a%b4%ec%86%8c%eb%ac%b82-%ec%9d%bc%ec%82%b0%ed%98%b8%ec%88%98%ea%b3%b5%ec%9b%90%ec%84%a0%ec%9d%b8%ec%9e%a5%ec%a0%84%ec%8b%9c%ea%b4%80-3047/,2026-07-28,48,,,,You Sun-dong,https://image.tmdb.org/t/p/w500/xwXgYXqxLRAYfVGUaS1STEFnmzZ.jpg,경이로운소문2,2,2,26,28.6,6,N,,,Y,언급2회이상_작품내상위15,정승길_v4,
mv_2758,공조,Confidential Assignment,movie,현빈;유해진;김주혁;장영남;이해영,낙산공원,명소,서울특별시 종로구 낙산길 41,37.580667,127.00746,https://lh3.googleusercontent.com/place-photos/AG9NLjA1iQdOjd3kzTZ5DF-qviF1cANtT1W_C6kc_AWW-IeDEtFCu928RxiIX3TKTxxa-4AvH_EBfeCf37X7l7j7KGgfJYsHMg34dUlYqO1kLjqE23_x_D-WsURbpZWdS4YQ6Arlqza7qfTPnrQiWw=s4800-w800,https://map.naver.com/p/entry/place/13299765,공조에서 유해진이 거짓말을 들키는 장면을 찍은 곳,assets/한국문화정보원_미디어콘텐츠 영상 촬영지 데이터_20221125.csv,2026-07-28,,,7796328,,김성훈,https://image.tmdb.org/t/p/w500/9YNlKVqRs2laZl1sEkwqdadNNPs.jpg,공조,1,3,26,100.0,1,N,,,Y,언급부족_데이터품질기준보존,정승길_v4,
mv_2753,공조,Confidential Assignment,movie,현빈;유해진;김주혁;장영남;이해영,라한셀렉트 경주,명소,경상북도 경주시 보문로 338,35.8503809,129.2749632,https://lh3.googleusercontent.com/place-photos/AG9NLjDvbSy-lgDPABpdgTTEVaRP6Tg8NU9-lk3DMJO-2zE7ugTRcTJDI6cHbgWPKtPc5-e8bulOjva_mWzpRGKi92l1GMFm-fXiALQ6y-g5IlCnLQ-P9YZUqQNM8roGaza1XHXMhxp8KsMrqpcuiw=s4800-w800,,공조 엔딩장면에서 북한 장면으로 나온 곳,assets/한국문화정보원_미디어콘텐츠 영상 촬영지 데이터_20221125.csv,2026-07-28,,,7796328,,김성훈,https://image.tmdb.org/t/p/w500/9YNlKVqRs2laZl1sEkwqdadNNPs.jpg,공조,0,0,26,0.0,2,N,,,Y,언급부족_데이터품질기준보존,정승길_v4,
mv_2757,공조,Confidential Assignment,movie,현빈;유해진;김주혁;장영남;이해영,이태원세계음식거리,명소,서울특별시 용산구 이태원동 108-3,37.535005,126.993082,https://lh3.googleusercontent.com/place-photos/AG9NLjCBbBow6L8Y67cTmcxKCEsJ7LNRP-OoExCi1YuyzDlF_mMJR-4xx2IWdQDuJojxH-7qSiMEXwEUes5jmt1ZuK3PeDL8rArChOJgO3kKEENNO2ZOxotuIgW60eEZ179K3IhcXZ5ClY4CxvOAN1R5KrUOyQ=s4800-w800,,공조에서 추격신을 촬영한 이태원의 먹자거리,assets/한국문화정보원_미디어콘텐츠 영상 촬영지 데이터_20221125.csv,2026-07-28,,,7796328,,김성훈,https://image.tmdb.org/t/p/w500/9YNlKVqRs2laZl1sEkwqdadNNPs.jpg,공조,0,0,26,0.0,3,N,,,Y,언급부족_데이터품질기준보존,정승길_v4,
mv_5897_01,공조2: 인터내셔날,Confidential Assignment2: International,movie,현빈;유해진;임윤아;다니엘 헤니;진선규,나진상가,전자상가,서울 용산구 청파로 125,37.5338859761651,126.965428707102,https://lh3.googleusercontent.com/place-photos/AG9NLjD8F-Hd1qR2s3hPl0PyPqllspH1t8jmkB7x7v10_anRzT_MOJ1JJqE4mn199OAIC8YXJNSw4P-Hzw-u7lDvaLSpl07sSmh7Qh-fIBwtHupEJvz52xjAEXhgTs8j2V4GSHFHvygdxUoIxhtbSm8=s4800-w800,,,https://www.cinematheque.co.kr/travel/5913,2026-07-31,,,6974139,,이석훈,https://image.tmdb.org/t/p/w500/poEYP8BZswiVu0xCFVbq8uPxR6l.jpg,공조2인터내셔날,3,5,17,100.0,1,N,,,Y,언급2회이상_작품내상위15,,
mv_5897_06,공조2: 인터내셔날,Confidential Assignment2: International,movie,현빈;유해진;임윤아;다니엘 헤니;진선규,조선팰리스 강남,호텔,서울 강남구 테헤란로 231,37.50287487023109,127.04134714989391,,https://map.naver.com/p/entry/place/1384506674,북미 고위급 수교회담 장소로 설정된 호텔 외관 장면에 조선팰리스 강남 간판이 등장,https://www.cinematheque.co.kr/travel/5919,2026-07-31,,,6974139,,이석훈,https://image.tmdb.org/t/p/w500/poEYP8BZswiVu0xCFVbq8uPxR6l.jpg,공조2인터내셔날,1,6,17,33.3,2,N,,,Y,언급부족_데이터품질기준보존,정승길_v4,
mv_5897_04,공조2: 인터내셔날,Confidential Assignment2: International,movie,현빈;유해진;임윤아;다니엘 헤니;진선규,세빛섬,수상복합문화공간,서울 서초구 올림픽대로 2085-14,37.51233177478449,126.99588851601666,,,장명준(진선규)이 뉴욕에서 귀국 후 전화를 거는 장면 배경으로 세빛섬이 등장,https://www.cinematheque.co.kr/travel/5917,2026-07-31,,,6974139,,이석훈,https://image.tmdb.org/t/p/w500/poEYP8BZswiVu0xCFVbq8uPxR6l.jpg,공조2인터내셔날,1,1,17,33.3,3,N,,,Y,언급부족_데이터품질기준보존,정승길_v4,
mv_1611_01,관상,The Face Reader,movie,송강호;이정재;백윤식;조정석;이종석,설매재자연휴양림,자연휴양림·억새언덕,경기도 양평군 옥천면 용천로 510,37.5560589,127.5130609,https://lh3.googleusercontent.com/place-photos/AG9NLjA0CimjZL8ooZoXQvwA5-PZG7PyNSTunI4j_YAg9JyzdHmsZoJ6zZEi9Txf7zVD0F8h8zq_YomY9hCiWsVE9FtZy-XfnILyTyuDD3QNlMnzPWSZp0qUcxV2CrzdWm8qLDagGqVKY3Be45DPeA=s4800-w800,https://map.naver.com/p/entry/place/11491027,연홍이 산속에 숨어 사는 내경을 찾아가고 내경 가족의 오두막과 억새 언덕이 보이는 장면,https://korean.visitkorea.or.kr/detail/rem_detail.do?cotid=94c61f80-63cd-40a5-b393-bda94b64810e,2026-07-30,,,9121108,,한재림,https://image.tmdb.org/t/p/w500/jtq0Xul1v50s9gvEmbBFk7Tlsa1.jpg,관상,8,21,47,100.0,1,N,,,Y,언급2회이상_작품내상위15,정승길_v4,
mv_1611_04,관상,The Face Reader,movie,송강호;이정재;백윤식;조정석;이종석,궁남지,연못·사적,충청남도 부여군 부여읍 궁남로 52,36.2696838,126.9124007,https://lh3.googleusercontent.com/place-photos/AG9NLjBBlkoY9KGlsAy76feWOsqyNcMcp3VgoVLM83OeQQcvUM2RkZxvr1WnsgIFkY9lBnopg5K2KVjkDMihKtYpHp8EWal_Igveb4Pp3W22mZC8xjzQ6szNdmO_Lpn1L0S-0JkjGhgsAloudM5VNA=s4800-w800,https://map.naver.com/p/entry/place/13302613,팽헌(조정석)이 궁남지 포룡정 앞에서 수양대군(이정재)을 찾아오는 장면,https://www.xn--js0bz0g15jvvd8vh0a700bh8n.kr/bbs/board.php?bo_table=notice&page=13&wr_id=7,2026-07-30,,,9121108,,한재림,https://image.tmdb.org/t/p/w500/jtq0Xul1v50s9gvEmbBFk7Tlsa1.jpg,관상,6,56,47,75.0,2,N,,,Y,언급2회이상_작품내상위15,정승길_v4,
mv_1611_02,관상,The Face Reader,movie,송강호;이정재;백윤식;조정석;이종석,용문사,사찰,경기도 양평군 용문면 용문산로 782,37.5498423,127.5709011,https://lh3.googleusercontent.com/place-photos/AG9NLjAmFPwdAWbhVCLZcu4SKx8DWiICDaVhelgjKZZZQpA9dhN4hsFZttow5P0YPqWKkjgghBcIXT8zCpG6TCCeQFWZYvoL04buaiGBykD7t_G_Ios6Cl-JbY2DwQhuYCqYeyZxJ6oWgCeGUdAXPA=s4800-w800,https://map.naver.com/p/entry/place/11663934,수양대군이 계유정난을 전후해 두 차례 사찰을 찾는 장면,https://korean.visitkorea.or.kr/detail/rem_detail.do?cotid=94c61f80-63cd-40a5-b393-bda94b64810e,2026-07-30,,,9121108,,한재림,https://image.tmdb.org/t/p/w500/jtq0Xul1v50s9gvEmbBFk7Tlsa1.jpg,관상,0,0,47,0.0,4,N,,,Y,언급부족_데이터품질기준보존,정승길_v4,
st_01618,광장,Mercy for None,drama,소지섭;허준호;공명;추영우,성모의원,,경기 가평군 가평읍 가화로 75,37.826492,127.514923,,https://map.naver.com/p/entry/place/13233409,4화에서 남기준이 부상을 치료받으러 태광의원을 찾아가는 장면,https://kdramamap.com/location/%ea%b4%91%ec%9e%a5-%ec%84%b1%eb%aa%a8%ec%9d%98%ec%9b%90-10877/,2026-07-28,66,,,,최성은,https://image.tmdb.org/t/p/w500/moKcq3vV0WlYkqln1g48cIgOPue.jpg,광장,3,4,60,100.0,1,N,,,Y,언급2회이상_작품내상위15,정승길_v4,
st_01607,광장,Mercy for None,drama,소지섭;허준호;공명;추영우,국회의사당,유적/한옥,서울 영등포구 의사당대로 1,37.532912,126.916404,https://lh3.googleusercontent.com/place-photos/AG9NLjAh1CyXgxiydIPz4F3o0U5gMnRpvAdT6O5XPHPXsXLXx0Oy0BTKWazoLQVjmXu5d2XsLYejCS_7oPGcWYVvPo7ptAGnE2OZ02NECb5OuycOnGSoQluXa5KCaQk3skkF8T5JQQZ251zVnpnlE2lSx5dDhQ=s4800-w800,https://map.naver.com/p/entry/place/11583151,1화에서 11년 전 주운의 해결사 남기준이 마지막 임무를 수행하러 광장에 나서는 장면,https://kdramamap.com/location/%ea%b4%91%ec%9e%a5-%ea%b5%ad%ed%9a%8c%ec%9d%98%ec%82%ac%eb%8b%b9-10866/;https://haechi-travel.tistory.com/365,2026-07-28,66,,,,최성은,https://image.tmdb.org/t/p/w500/moKcq3vV0WlYkqln1g48cIgOPue.jpg,광장,2,3,60,66.7,2,N,,,Y,언급2회이상_작품내상위15,정승길_v4,
st_01621,광장,Mercy for None,drama,소지섭;허준호;공명;추영우,의림여관,,강원 춘천시 신동면 의암1길 132,37.835154,127.692935,https://lh3.googleusercontent.com/place-photos/AG9NLjDi-m9QrmYN66UGrMw5TM6QhGvmMQIhoAMvlXGgNw4_pim4ivTvJQJKjpsXueUW1hnijTqozXYwDQUzzB4sLNy0gQi4GygZoqW8eseCHf_SAjZXadwi34tAvE8qeblkE8Q_BMIZGmFH2CNkCQ=s4800-w800,https://map.naver.com/p/entry/place/1676997352,4화에서 양평 안가를 찾아간 남기준이 자신을 죽이려는 폭력배와 구준모를 제압하는 장면,https://kdramamap.com/location/%ea%b4%91%ec%9e%a5-%ec%9d%98%eb%a6%bc%ec%97%ac%ea%b4%80-10880/,2026-07-28,66,,,,최성은,https://image.tmdb.org/t/p/w500/moKcq3vV0WlYkqln1g48cIgOPue.jpg,광장,1,1,60,33.3,7,N,,,Y,언급부족_데이터품질기준보존,정승길_v4,
mv_1363_02,"광해, 왕이 된 남자",Masquerade,movie,이병헌;류승룡;한효주;장광;김인권,부안영상테마파크,오픈세트장,전북특별자치도 부안군 변산면 격포로 309-64,35.6217966399436,126.485366697404,https://lh3.googleusercontent.com/place-photos/AG9NLjBUVgtKqiPVy8vxY4OJfbIKaxTg71OWE8lBJxc9LIeh-OtWW7lGzqF-_-AW3K6XaN9aOVbpvj7S_PuW5nyPC1T-6Et_hqsigbVdfEgEvB4BjEUm5Ui6KCTdgYBPsNanwsMOqeSgzadzm7JIXg=s4800-w800,https://map.naver.com/p/entry/place/1096343920,하선이 왕좌에 앉아 정사를 보는 궁궐 정전(인정전) 세트 장면이 이곳에서 촬영됐다,https://blog.naver.com/cjvfx/30151621082,2026-07-30,,,12274154,대종상 최우수작품상(2012),추창민,https://image.tmdb.org/t/p/w500/6Pg5AwsJUqeGanGOWcaljQXGe5g.jpg,광해왕이된남자,7,24,70,100.0,1,N,,,Y,언급2회이상_작품내상위15,정승길_v4,
mv_1363_01,"광해, 왕이 된 남자",Masquerade,movie,이병헌;류승룡;한효주;장광;김인권,문경새재 오픈세트장,오픈세트장,경북 문경시 문경읍 새재로 1037,36.7713996802656,128.074072026373,https://lh3.googleusercontent.com/place-photos/AG9NLjBHNSIiY9b6wSTqkSSM7sgFZy-typNG9luM93NoHoOtlEnqrU_Z-ud50p5ZtMq4x0S-S7wMr7d71vqEQ50YkuWxpBNWUufDf-__ZNFoQc9ASCf-v3a-bO_jTmYs48Q-vT-dFPmYHTb8S6q-oNQ=s4800-w800,https://map.naver.com/p/entry/place/37844946,영월 여행지가 가장 유명하긴 하지만 문경새재 오픈세트장과 고령의 조용한 명소인 김면장군 유적지도 왕과 사는 남자 촬영지라는 사실 아시나요?,https://blog.naver.com/gyeongbuk_official/224282014023,2026-07-30,,,12274154,대종상 최우수작품상(2012),추창민,https://image.tmdb.org/t/p/w500/6Pg5AwsJUqeGanGOWcaljQXGe5g.jpg,광해왕이된남자,6,33,70,85.7,2,N,,,Y,언급2회이상_작품내상위15,블로그크롤링_2026-08-01,https://blog.naver.com/axax79/224194349423
mv_1363_07,"광해, 왕이 된 남자",Masquerade,movie,이병헌;류승룡;한효주;장광;김인권,전주 경기전,사당/고건축,전북특별자치도 전주시 완산구 태조로 44,35.8155189138776,127.150120200082,https://lh3.googleusercontent.com/place-photos/AG9NLjA4lehZ_AJvF6Fop5bVvqfynSFkEMZrDl4YF0D7A-ZaYbgMY-okoy7gFUP_0QWjzgixJZYOv_DEI_GDSRoedkQjhh4nCCVJJx8XYIjzR65hGocQVTsAXGpiy1PH8thM-xhQAEq6vmJB-SEiaw=s4800-w800,https://map.naver.com/p/entry/place/34648763,왕의 위엄이 드러나는 궁궐 정전 마당 장면이 이곳에서 촬영된 것으로 소개된다,https://blog.naver.com/jeonju_city/224243673302,2026-07-30,,,12274154,대종상 최우수작품상(2012),추창민,https://image.tmdb.org/t/p/w500/6Pg5AwsJUqeGanGOWcaljQXGe5g.jpg,광해왕이된남자,5,11,70,71.4,3,N,,,Y,언급2회이상_작품내상위15,정승길_v4,
mv_1363_06,"광해, 왕이 된 남자",Masquerade,movie,이병헌;류승룡;한효주;장광;김인권,남원 광한루원,누각/정원,전북특별자치도 남원시 요천로 1447,35.4041318359584,127.38050354021,https://lh3.googleusercontent.com/place-photos/AG9NLjCH2Pfu3oSd0wnvYKSS0lTbs_qGdxn7WJOn8anUVRhiDqQdyqDg-UxdSPJHJ5p4TkdrDY-9lhMcMtCfyRIT_0octQKVevClY1OzyqWrahjnYq3YTSpcflRRlsW_Ka12rD472Mgw5Dt4_aTpFA=s4800-w800,https://map.naver.com/p/entry/place/12292865,하선이 광한루원 오작교에서 중전에게 직접 지은 애정시를 읊어주는 장면,https://blog.naver.com/park570806/223055650784,2026-07-30,,,12274154,대종상 최우수작품상(2012),추창민,https://image.tmdb.org/t/p/w500/6Pg5AwsJUqeGanGOWcaljQXGe5g.jpg,광해왕이된남자,2,7,70,28.6,4,N,,,Y,언급2회이상_작품내상위15,정승길_v4,
mv_0478,괴물,The Host,movie,송강호;변희봉;박해일;배두나;고아성,동작대교,명소,서울특별시 용산구 이촌동 동작대교,37.51041,126.981893,https://lh3.googleusercontent.com/place-photos/AG9NLjAvKyoswhizj1-bc-eHagEOq0NUgi3wXO1cQxE1Y5CGcpq-g-HJ6mwpXP0EsU4-oWsvbII7hZqZEwWN4wQJCOvlNw6CfiPTcq9tHgOpaV4F3kVM8sflmgdHjn8MrQSbNnEGVHRLxv9N0niHYQ=s4800-w800,,괴물이 나타나 강두네 가족과 사투를 벌이는 곳,assets/한국문화정보원_미디어콘텐츠 영상 촬영지 데이터_20221125.csv,2026-07-28,,,10892305,청룡영화상 최우수작품상(2006),봉준호,https://image.tmdb.org/t/p/w500/tqDQzYGi1EWHgUZY91YRSJLDJVf.jpg,괴물,1,2,57,100.0,1,N,,,Y,언급부족_데이터품질기준보존,정승길_v4,
mv_0476,괴물,The Host,movie,송강호;변희봉;박해일;배두나;고아성,잠실대교,명소,서울특별시 광진구 자양동 574-1,37.526749,127.0828,https://lh3.googleusercontent.com/place-photos/AG9NLjBppuSltT8y-iksDVXKCxFHPPuNIZeXjxygTtsGoWhjhk_1zLJy5PIZngqK_LdCyXtz6lricQ3bTNdrLhfNyCZAZbNiWhP9HDw6QQ8tHgSynm4WJ8kspvsOhlTM2TQKvIE9cUa14RqCHIpBziSk_0yfCw=s4800-w800,,괴물 영화 인트로 다음 씬으로 나온 장소,assets/한국문화정보원_미디어콘텐츠 영상 촬영지 데이터_20221125.csv,2026-07-28,,,10892305,청룡영화상 최우수작품상(2006),봉준호,https://image.tmdb.org/t/p/w500/tqDQzYGi1EWHgUZY91YRSJLDJVf.jpg,괴물,1,2,57,100.0,2,N,,,Y,언급부족_데이터품질기준보존,정승길_v4,
mv_0477,괴물,The Host,movie,송강호;변희봉;박해일;배두나;고아성,여의도공원,명소,서울특별시 영등포구 여의공원로 68,37.5281241,126.925754,https://lh3.googleusercontent.com/place-photos/AG9NLjDao3kAmy6799PxID1TE-sPeoQl70fnwlNi3U4bgbSOFouUgIRnpGw3uegHT2VwZPYnf-F4ec8LjOEjqB9Bednvy-Y1BKdgetLhf_IVAyqKJpBozFxGrxrv30mULR0VOI9Pqc6CaATGREQpDg=s4800-w800,,영화 괴물이 가장 많이 등장한 장소,assets/한국문화정보원_미디어콘텐츠 영상 촬영지 데이터_20221125.csv,2026-07-28,,,10892305,청룡영화상 최우수작품상(2006),봉준호,https://image.tmdb.org/t/p/w500/tqDQzYGi1EWHgUZY91YRSJLDJVf.jpg,괴물,0,0,57,0.0,3,N,,,Y,언급부족_데이터품질기준보존,정승길_v4,
mv_0888_01,국가대표,Take Off,movie,하정우;성동일;김지석;김동욱;최재환,알펜시아 스키점프센터,관광명소,강원특별자치도 평창군 대관령면 스포츠파크길 135,37.663395093058995,128.6823812510374,https://lh3.googleusercontent.com/place-photos/AG9NLjCttjNI35mvdRbrpBH9gb77cewzkgcMjmEQOh8IkQfyiqwbfi-8MPQQnPJiA0xySHAnF8Je9NRwzAQktb_pgHdilFdTfkyuPGaWfn8CjXDC8suW_Olec_amc-RoOjBQysHBkjYppRsV7bv4PKU=s4800-w800,,차헌태가 스키점프대에서 도약해 올림픽 출전권을 놓고 경기를 치르는 장면,http://www.munhwa.com/news/view.html?no=2018022301033112000001;https://blog.naver.com/mumum1004/223749802175,2026-07-31,,,8002297,,김용화,https://image.tmdb.org/t/p/w500/xEmM8h9Zn1rz8HQwD0e42dYSsrW.jpg,국가대표,4,7,78,100.0,1,N,,,Y,언급2회이상_작품내상위15,정승길_v4,
mv_0888_02,국가대표,Take Off,movie,하정우;성동일;김지석;김동욱;최재환,부귀 메타세쿼이아길,관광명소,전북특별자치도 진안군 부귀면 세동리 68-1,35.80714809620747,127.32305021724244,https://lh3.googleusercontent.com/place-photos/AG9NLjALE94WGrNbB7xG0MrS1V117RmjltW8UzxC1RctnHKl4FlogHkIh3jiSBAzTBY4wOHAG8M4ZvlRqEqlc4I3fURMe4YO-CY595deaO2W6vJGUbP5A9WmJM4PW9TCagCGb9XqxKcVuC2dB6_3=s4800-w800,,선수들이 오렌지색 시골버스가 다니는 가로수길을 드라이브하는 장면,https://jinan.grandculture.net/jinan/index/GC05801459;https://www.jinan.go.kr/tour/board/view.jtour?boardId=BBS_0000002&menuCd=DOM_000000103001000000&startPage=3&dataSid=465,2026-07-31,,,8002297,,김용화,https://image.tmdb.org/t/p/w500/xEmM8h9Zn1rz8HQwD0e42dYSsrW.jpg,국가대표,1,3,78,25.0,2,N,,,Y,언급부족_데이터품질기준보존,정승길_v4,
mv_1766_02,국제시장,Ode to My Father,movie,황정민;김윤진;오달수;정진영;장영남,국제시장(꽃분이네),상점,부산 중구 중구로 42,35.1015390291773,129.028072275414,https://lh3.googleusercontent.com/place-photos/AG9NLjDcpRy0n10IBbPodWr8QawIRAtTRd7zt124GibAwTjjJCxuJaHdQtnWMZ4X0mEfWZ1fQwIOdoO7mIJzOV3V9voaMwqjYqODGIKtIR5uXlFPRHk6tfBZwqmNv1zRbfj20b5LqtLQ3v4SdfIx=s4800-w800,,덕수가 고생 끝에 자신의 가게 꽃분이네를 열고 감격하는 장면,http://www.busan.go.kr/news/totalnews01/view?dataNo=57228,2026-07-30,,,14198690,대종상 최우수작품상(2015),윤제균,https://image.tmdb.org/t/p/w500/wwaRQFko32TUUDMmDeb37x7O4m3.jpg,국제시장,64,698,75,100.0,1,N,,,Y,언급2회이상_작품내상위15,정승길_v4,
mv_1766_01,국제시장,Ode to My Father,movie,황정민;김윤진;오달수;정진영;장영남,용두산공원,관광명소,부산 중구 용두산길 37-55,35.10093050445418,129.03244338014895,https://lh3.googleusercontent.com/place-photos/AG9NLjACxENypU9lk_xLS0h91D07EQCkqjmuuWZ9l4dris1NlHWRsD9awWKZV6Quu8w2LJSLhajgaJBWovb6-VPmKlVW4pHJKcWhtdzB0BHltD-9UBBu85FXPCVM-BRaUvvPXE8tLNOkXvZHesRXGds=s4800-w800,https://map.naver.com/p/entry/place/19663110,덕수와 영자가 베트남 파병 문제로 다투다 애국가에 국기 경례하는 장면,http://www.busan.go.kr/news/totalnews01/view?dataNo=57228,2026-07-30,,,14198690,대종상 최우수작품상(2015),윤제균,https://image.tmdb.org/t/p/w500/wwaRQFko32TUUDMmDeb37x7O4m3.jpg,국제시장,13,19,75,20.3,2,N,,,Y,언급2회이상_작품내상위15,정승길_v4,
mv_1766_06,국제시장,Ode to My Father,movie,황정민;김윤진;오달수;정진영;장영남,천마산 하늘전망대,관광명소,부산 서구 해돋이로183번길 17-4,35.093573519493,129.017327115156,https://lh3.googleusercontent.com/place-photos/AG9NLjBoUIGZOXnRE1I9Y5JqmKApmygOMv0SZGrUgvYIwU-2uLMe8R-Tpe9c5RvqbgkjyIIlVsIm7BCwurFXirw1qRMObJqyLOI_yh1odxAOm7nEHXFDcmYGWQRKsKyVQ4F8sQ2sf3wImPyfzI4H-B3d2QLC0Q=s4800-w800,https://map.naver.com/p/entry/place/1922738377,노년의 덕수가 지난 삶을 돌아보며 독백하는 마지막 장면을 촬영한 곳,https://blog.naver.com/seogu00/223881875867,2026-07-30,,,14198690,대종상 최우수작품상(2015),윤제균,https://image.tmdb.org/t/p/w500/wwaRQFko32TUUDMmDeb37x7O4m3.jpg,국제시장,8,39,75,12.5,3,N,,,Y,언급2회이상_작품내상위15,정승길_v4,
mv_3837,극한직업,Extreme Job,movie,류승룡;이하늬;진선규;이동휘;공명,배다리헌책방거리,명소,인천광역시 동구 금곡로 18-10,37.4724917,126.637438,https://lh3.googleusercontent.com/place-photos/AG9NLjAn8rfYzAHB7zRl9e5RciVGd6vNCW2LxU_hfvI_SGn_gKOvGHsMB_BPSTEDg6bokFUYG8HZg_Q355e1pLFtSDxFDTcYUTP1K8R2OnGR9jKtGRCfXHiij-eKYHiOx0cChDB0pZiuN_swRWvnag=s4800-w800,,수원왕갈비 통닭집과 마약반의 아지트가 있던 거리,assets/한국문화정보원_미디어콘텐츠 영상 촬영지 데이터_20221125.csv,2026-07-28,,,16243231,,이병헌,https://image.tmdb.org/t/p/w500/lzzb384pgYyr0GQvu3K2ZW62CEE.jpg,극한직업,18,68,54,100.0,1,N,,,Y,언급2회이상_작품내상위15,정승길_v4,
mv_3839,극한직업,Extreme Job,movie,류승룡;이하늬;진선규;이동휘;공명,광양항,명소,전라남도 광양시 항만대로 755,34.915389,127.681217,https://lh3.googleusercontent.com/place-photos/AG9NLjCAYs_cofJBr8DfUyidr44f7mgj67W-n1KwMy4hW7Q_jgLCSPc3YiDbeXV82X80ZNUrz0Rm83qVUmABlIz_8ule3Fzf6h38fqkyjYriL9bUi6KeGzZTA6J8YG5BAV5vDTQXPR3ChahNi5WKuGA=s4800-w800,,영화 '극한직업' 엔딩에 나온 컨테이너 부두,assets/한국문화정보원_미디어콘텐츠 영상 촬영지 데이터_20221125.csv,2026-07-28,,,16243231,,이병헌,https://image.tmdb.org/t/p/w500/lzzb384pgYyr0GQvu3K2ZW62CEE.jpg,극한직업,6,117,54,33.3,2,N,,,Y,언급2회이상_작품내상위15,정승길_v4,
mv_3841,극한직업,Extreme Job,movie,류승룡;이하늬;진선규;이동휘;공명,장항항,명소,충청남도 서천군 장항읍 장산로 232,36.008118,126.685749,https://lh3.googleusercontent.com/place-photos/AG9NLjBEpkyx-grnc8lRPyk9UUxJ0pCha68yc5fQAgwDiQ-wkOHtdzpzeGILBN61Op0VluHNpF8_tjI8gX_gi2GDdOPQ5zuTI5Fv1Qnx3Zq_HKAu9Rqsg3G4QlVusgFJcQFX5iXMnT3SESXnoOy1BA=s4800-w800,,고반장이 이무배을 잡기 위해 달리던 곳,assets/한국문화정보원_미디어콘텐츠 영상 촬영지 데이터_20221125.csv,2026-07-28,,,16243231,,이병헌,https://image.tmdb.org/t/p/w500/lzzb384pgYyr0GQvu3K2ZW62CEE.jpg,극한직업,1,1,54,5.6,3,N,,,Y,언급부족_데이터품질기준보존,정승길_v4,
mv_3810_04,기생충,PARASITE,movie,송강호;이선균;조여정;최우식;박소담,스카이피자,음식점,서울특별시 동작구 노량진로6길 86,37.5096054,126.9370713,https://lh3.googleusercontent.com/place-photos/AG9NLjCwugJ2BHAhS_xH1S6OE5mCpF7-xlxee3CEElxk_Zu597MgjukZLnZFzPqnRjsAdHxknRV2qvnsrlLaeTddFoKHdfoVYtAW5nnve30QHJKwSyGrNJtOho0Q66Rg4tYuWswpCzzYKfUzZHk7kR8fNsRMJA=s4800-w800,https://map.naver.com/p/entry/place/1419012806,기택 가족이 피자 상자를 접는 부업을 하며 생계를 이어가는 장면,https://news.tf.co.kr/read/life/1780771.htm,2026-07-30,,,10307053,대종상 최우수작품상(2020);아카데미상 각본상(2020);아카데미상 감독상(2020);아카데미상 국제장편영화상(2020);아카데미상 작품상(2020);청룡영화상 최우수작품상(2019);칸영화제 황금종려상(2019),봉준호,https://image.tmdb.org/t/p/w500/jjHccoFjbqlfr4VGLVLT7yek0Xn.jpg,기생충,21,72,70,100.0,2,N,,,Y,언급2회이상_작품내상위15,정승길_v4,
mv_3810_01,기생충,PARASITE,movie,송강호;이선균;조여정;최우식;박소담,돼지쌀슈퍼,폐업·철거 공사 확인,서울특별시 마포구 손기정로 32,,,,,기우가 친구 민혁과 술을 마시며 박 사장 딸의 과외 자리를 제안받는 장면,https://news.tf.co.kr/read/life/1780771.htm,2026-07-30,,,10307053,대종상 최우수작품상(2020);아카데미상 각본상(2020);아카데미상 감독상(2020);아카데미상 국제장편영화상(2020);아카데미상 작품상(2020);청룡영화상 최우수작품상(2019);칸영화제 황금종려상(2019),봉준호,https://image.tmdb.org/t/p/w500/jjHccoFjbqlfr4VGLVLT7yek0Xn.jpg,기생충,18,46,70,85.7,3,N,,,Y,언급2회이상_작품내상위15,정승길_v4,
st_02409,기생충,Parasite,movie,송강호;이선균;조여정;최우식,돼지슈퍼,,서울 마포구 손기정로 32,37.556808,126.961564,https://lh3.googleusercontent.com/place-photos/AG9NLjCQsx1crQFgdi3wVdweL8qafYsekMidNJAjuuqpOiQbwSkhHUkOpBsHH24lvMSgJU3fZqntNs09ra8iMNMClwbZnhggCCPTKfBHuAy2GQ_4hCqKxgU2Pz_fDLlQE4Y4tSeBsLU4UPms5w=s4800-w800,,기우가 친구 민혁에게서 박사장 딸 과외 자리를 제안받으며 소주를 마시는 장면,https://kdramamap.com/location/%ea%b8%b0%ec%83%9d%ec%b6%a9-%eb%8f%bc%ec%a7%80%ec%8a%88%ed%8d%bc-272/,2026-07-28,,,,,봉준호,https://image.tmdb.org/t/p/w500/jjHccoFjbqlfr4VGLVLT7yek0Xn.jpg,기생충,17,54,70,81.0,4,N,,,Y,언급2회이상_작품내상위15,정승길_v4,
st_02415,기생충,Parasite,movie,송강호;이선균;조여정;최우식,자하문터널계단,,서울 종로구 자하문로 219,37.593821,126.963484,https://lh3.googleusercontent.com/place-photos/AG9NLjChvqVYlMg5TCCsQY1827KJ2MjffLLuguoG_rP1ScC0WF05atD7ZgG2YtmZSvtbOpLNDI0QCyQ2gd8H_IWDHotu1HUrexoWHyTitqUj0dcV4w47isAbUnGdJXVvvZuYcXtqygLBJPJfzPmXpQ=s4800-w800,,박사장 가족이 예정보다 일찍 돌아오자 기택 가족이 폭우 속 계단을 뛰어 내려가는 장면,https://kdramamap.com/location/%ea%b8%b0%ec%83%9d%ec%b6%a9-%ec%9e%90%ed%95%98%eb%ac%b8%ed%84%b0%eb%84%90%ea%b3%84%eb%8b%a8-278/,2026-07-28,,,,,봉준호,https://image.tmdb.org/t/p/w500/jjHccoFjbqlfr4VGLVLT7yek0Xn.jpg,기생충,15,23,70,71.4,6,N,,,Y,언급2회이상_작품내상위15,정승길_v4,
st_02410,기생충,Parasite,movie,송강호;이선균;조여정;최우식,기택동네계단,,서울 마포구 손기정로6길,37.556714,126.961299,,,기정이 문광을 쫓아내려 복숭아를 사 들고 박사장 집으로 향하는 장면,https://kdramamap.com/location/%ea%b8%b0%ec%83%9d%ec%b6%a9-%ea%b8%b0%ed%83%9d%eb%8f%99%eb%84%a4%ea%b3%84%eb%8b%a8-273/,2026-07-28,,,,,봉준호,https://image.tmdb.org/t/p/w500/jjHccoFjbqlfr4VGLVLT7yek0Xn.jpg,기생충,13,33,70,61.9,8,N,,,Y,언급2회이상_작품내상위15,정승길_v4,
st_02412,기생충,Parasite,movie,송강호;이선균;조여정;최우식,박사장집,,서울 성북구 선잠로8길 18,37.600190,126.997985,,,기우가 위조 서류를 들고 박사장 집 과외 면접을 보러 언덕길을 오르는 장면,https://kdramamap.com/location/%ea%b8%b0%ec%83%9d%ec%b6%a9-%eb%b0%95%ec%82%ac%ec%9e%a5%ec%a7%91-275/,2026-07-28,,,,,봉준호,https://image.tmdb.org/t/p/w500/jjHccoFjbqlfr4VGLVLT7yek0Xn.jpg,기생충,8,8,70,38.1,9,N,,,Y,언급2회이상_작품내상위15,정승길_v4,
st_02413,기생충,Parasite,movie,송강호;이선균;조여정;최우식,올가홀푸드,,서울 송파구 방이동 185-8,37.510446,127.126462,https://lh3.googleusercontent.com/place-photos/AG9NLjC17eSliNLotuA1jhOK-C9ZFKOBXvylQqkPgm5oi3pDdm9jtfR4nPcSkN-RlISeTCQYf6Qm7oUC7LmsDW-a1pW-1enI6X4MNNi7d6DO4gwm9b01w20i2mtIx6lhgFGD5Cyqz8eWujELGDShVQ=s4800-w800,,연교가 아들 생일파티를 준비하며 기택과 함께 장을 보는 장면,https://kdramamap.com/location/%ea%b8%b0%ec%83%9d%ec%b6%a9-%ec%98%ac%ea%b0%80%ed%99%80%ed%91%b8%eb%93%9c-276/,2026-07-28,,,,,봉준호,https://image.tmdb.org/t/p/w500/jjHccoFjbqlfr4VGLVLT7yek0Xn.jpg,기생충,4,18,70,19.0,10,N,,,Y,언급2회이상_작품내상위15,정승길_v4,
st_02416,기생충,Parasite,movie,송강호;이선균;조여정;최우식,높은계단,,서울 종로구 지봉로11길 38,37.577092,127.013415,,,기택 가족이 폭우 속 집으로 뛰어가며 창신동 계단을 지나는 장면,https://kdramamap.com/location/%ea%b8%b0%ec%83%9d%ec%b6%a9-%eb%86%92%ec%9d%80%ea%b3%84%eb%8b%a8-279/,2026-07-28,,,,,봉준호,https://image.tmdb.org/t/p/w500/jjHccoFjbqlfr4VGLVLT7yek0Xn.jpg,기생충,3,3,70,14.3,11,N,,,Y,언급2회이상_작품내상위15,정승길_v4,
st_02591,김부장,Mr. Kim,drama,소지섭;최대훈;윤경호;주상욱,호텔리베라 거제,호텔/숙박,경남 거제시 일운면 거제대로 2190,34.811441,128.704190,https://lh3.googleusercontent.com/place-photos/AG9NLjDyS4vtnIjm6o8rIdh8o9yAolG7McpmSDtCz7WFQqSd1ldj-nuCUJORHVWtrHDSM9HlNJuy7-_4HjafbM5ea_reV2vLSRNysPrnuCxumJN1kLEsF_u3DMMBKGnlOdfxo35wGuTnj-TPsTlsG6c=s4800-w800,https://map.naver.com/p/entry/place/35566234,숙소 장면 촬영지,https://kdramamap.com/location/%ea%b9%80%eb%b6%80%ec%9e%a5-%ed%98%b8%ed%85%94%eb%a6%ac%eb%b2%a0%eb%9d%bc-%ea%b1%b0%ec%a0%9c-20077/;https://haechi-travel.tistory.com/769;https://i.histale.com/2026/06/manager-kim.html,2026-07-28,,2,,,이승영;이소은,https://image.tmdb.org/t/p/w500/eKJNWq4akdrviR9qEF6xPhzKQU.jpg,김부장,11,49,55,100.0,1,N,,,Y,언급2회이상_작품내상위15,정승길_v4,
st_02593,김부장,,drama,소지섭;최대훈;윤경호;주상욱,소낭구펜션,,경남 거제시 일운면 마전1길 83,34.851386,128.724796,https://lh3.googleusercontent.com/place-photos/AG9NLjCZaE5yxLcJJdM3nsdLZBG9X42uMLH03sOAdPhKu4ycJenNxcCIVdYMT0YLbFEzxxJeIMFLrFWRx8hthYNI9Emlup9gZFphYY6uCF8XBohgcG41nP1Q0Gh4dQoESodIImEx-k17zvLgdr8wixs=s4800-w800,https://map.naver.com/p/entry/place/11860211,66번 박영광이 폭발사고로 죽는 한옥으로 등장하는 펜션 촬영지,https://kdramamap.com/location/%ea%b9%80%eb%b6%80%ec%9e%a5-%ec%86%8c%eb%82%ad%ea%b5%ac%ed%8e%9c%ec%85%98-20079/,2026-07-28,,2,,,이승영;이소은,https://image.tmdb.org/t/p/w500/eKJNWq4akdrviR9qEF6xPhzKQU.jpg,김부장,11,40,55,100.0,2,N,,,Y,언급2회이상_작품내상위15,정승길_v4,
st_02572,김부장,Mr. Kim,drama,소지섭;최대훈;윤경호;주상욱,세람저축은행 본점,bank,경기 이천시 중리천로 50,37.279928,127.443266,https://lh3.googleusercontent.com/place-photos/AG9NLjByC7WSwviT91yj0i6utX_3hgpW4qwk0DJSE4scAb3Mdgdz5wNDfgE788ZdwlghbNzIi5UPoUFvGm3JtyE_5GilBKMyRvF7Sgy9WlO2zGlW4Brz1zFniNYheCZuX9v2iZGbKLAj_i9WLE5kYw=s4800-w800,https://map.naver.com/p/entry/place/12181460,김부장이 근무하는 상생저축은행으로 등장하는 촬영지,https://kdramamap.com/location/%ea%b9%80%eb%b6%80%ec%9e%a5-%ec%84%b8%eb%9e%8c%ec%a0%80%ec%b6%95%ec%9d%80%ed%96%89-%eb%b3%b8%ec%a0%90-20058/;https://haechi-travel.tistory.com/769,2026-07-28,,2,,,이승영;이소은,https://image.tmdb.org/t/p/w500/eKJNWq4akdrviR9qEF6xPhzKQU.jpg,김부장,7,16,55,63.6,3,N,,,Y,언급2회이상_작품내상위15,정승길_v4,
st_02548,김부장,Mr. Kim,drama,소지섭;최대훈;윤경호;주상욱,SBS일산제작센터,broadcast,경기 고양시 일산서구 일현로 111,37.696804,126.762572,https://lh3.googleusercontent.com/place-photos/AG9NLjDNSaNgraAp7cPHZdENe9gOaeGeo9m4Ad4TRxv5nriufSrsRPghux9vlYPkBVRQ5g43D78zqmC7sIF5-1ygiLJWzcUAKFn8L74Xd_B4gEDLs-f-pqi65WRmZP9SiW4XzdzBkacBOlaNM9jzdQ=s4800-w800,https://map.naver.com/p/entry/place/19057319,7화에서 천산부대 특임국 건물로 등장하는 촬영지,https://kdramamap.com/location/%ea%b9%80%eb%b6%80%ec%9e%a5-sbs%ec%9d%bc%ec%82%b0%ec%a0%9c%ec%9e%91%ec%84%bc%ed%84%b0-20034/;https://haechi-travel.tistory.com/769,2026-07-28,,2,,,이승영;이소은,https://image.tmdb.org/t/p/w500/eKJNWq4akdrviR9qEF6xPhzKQU.jpg,김부장,6,10,55,54.5,4,N,,,Y,언급2회이상_작품내상위15,정승길_v4,
st_02519,김부장,,drama,소지섭;최대훈;윤경호;주상욱,정릉로8길,거리,서울 성북구 정릉로8길 50,37.608830,126.997812,,,깡패들이 차량으로 길을 막고 행패를 부리는 장면(레스고케이펍 앞) 촬영지,https://kdramamap.com/location/%ea%b9%80%eb%b6%80%ec%9e%a5-%ec%a0%95%eb%a6%89%eb%a1%9c8%ea%b8%b8-20005/,2026-07-28,,2,,,이승영;이소은,https://image.tmdb.org/t/p/w500/eKJNWq4akdrviR9qEF6xPhzKQU.jpg,김부장,6,10,55,54.5,5,N,,,Y,언급2회이상_작품내상위15,정승길_v4,
st_02521,김부장,Mr. Kim,drama,소지섭;최대훈;윤경호;주상욱,대진고등학교,학교,서울 노원구 공릉로62가길 47,37.637807,127.076090,https://lh3.googleusercontent.com/place-photos/AG9NLjCdaj1MKWolWC0snLCOheTL2zvueAjpHyYqSx35eOrohT5ZmywsK1tjbPu7i8xUX04s2RkgE--Md9Y9ttwdf84t10cfjxOV6HNwYb3o9Ts1WufeL-3MGBdNxOyDEuTzS3_IB9M1etfI5gpP=s4800-w800,https://map.naver.com/p/entry/place/12164205,학교 장면 촬영지,https://kdramamap.com/location/%ea%b9%80%eb%b6%80%ec%9e%a5-%eb%8c%80%ec%a7%84%ea%b3%a0%eb%93%b1%ed%95%99%ea%b5%90-20007/;https://haechi-travel.tistory.com/769;https://i.histale.com/2026/06/manager-kim.html,2026-07-28,,2,,,이승영;이소은,https://image.tmdb.org/t/p/w500/eKJNWq4akdrviR9qEF6xPhzKQU.jpg,김부장,6,8,55,54.5,6,N,,,Y,언급2회이상_작품내상위15,정승길_v4,
st_02517,김부장,Mr. Kim,drama,소지섭;최대훈;윤경호;주상욱,평창사 세탁,shop,서울 종로구 평창30길 21,37.611765,126.974779,,,김부장 집 아래층 세탁소로 도원세탁소로 등장하는 촬영지,https://kdramamap.com/location/%ea%b9%80%eb%b6%80%ec%9e%a5-%ed%8f%89%ec%b0%bd%ec%82%ac-%ec%84%b8%ed%83%81-20003/;https://haechi-travel.tistory.com/769;https://i.histale.com/2026/06/manager-kim.html,2026-07-28,,2,,,이승영;이소은,https://image.tmdb.org/t/p/w500/eKJNWq4akdrviR9qEF6xPhzKQU.jpg,김부장,6,7,55,54.5,7,N,,,Y,언급2회이상_작품내상위15,정승길_v4,
st_02529,김부장,Mr. Kim,drama,소지섭;최대훈;윤경호;주상욱,제물포시장,시장,인천 미추홀구 숭의동 27-58,37.463082,126.657342,https://lh3.googleusercontent.com/place-photos/AG9NLjAk7SLVxBRfd0e9FuNmguA8fC5co16pZ_eMFGFYbT9Z2oW6xe-YEpBBA4Cf99ReVjPpJkatvbdqGs5GOMu7JiIMmVZue6R_VPT_pW_7ukxS7seae6lJzFWwVNLl8Qv8qvGTWutphuzXSi30=s4800-w800,https://map.naver.com/p/entry/place/1975261105,"1화에서 양아치가 시비 걸다 김부장에게 맞고, 딸의 사고 현장을 발견하는 촬영지",https://kdramamap.com/location/%ea%b9%80%eb%b6%80%ec%9e%a5-%ec%a0%9c%eb%ac%bc%ed%8f%ac%ec%8b%9c%ec%9e%a5-20015/;https://haechi-travel.tistory.com/769,2026-07-28,,2,,,이승영;이소은,https://image.tmdb.org/t/p/w500/eKJNWq4akdrviR9qEF6xPhzKQU.jpg,김부장,5,10,55,45.5,8,N,,,Y,언급2회이상_작품내상위15,정승길_v4,
st_02587,김부장,,drama,소지섭;최대훈;윤경호;주상욱,캐슬라콘티넨탈,,전남광주 순천시 왕지로 331,34.981647,127.553124,,https://map.naver.com/p/entry/place/17315212,3-4화에서 민지 휴대폰을 찾은 양아치 소굴 폐호텔로 등장하는 촬영지,https://kdramamap.com/location/%ea%b9%80%eb%b6%80%ec%9e%a5-%ec%ba%90%ec%8a%ac%eb%9d%bc%ec%bd%98%ed%8b%b0%eb%84%a8%ed%83%88-20073/,2026-07-28,,2,,,이승영;이소은,https://image.tmdb.org/t/p/w500/eKJNWq4akdrviR9qEF6xPhzKQU.jpg,김부장,5,10,55,45.5,9,N,,,Y,언급2회이상_작품내상위15,정승길_v4,
st_02592,김부장,Mr. Kim,drama,소지섭;최대훈;윤경호;주상욱,옥화마을,village,경남 거제시 일운면 옥림리 587-4,34.848122,128.720905,https://lh3.googleusercontent.com/place-photos/AG9NLjDnL-A-RQ0VcZGlKv_I2o2cjr91_ciKOT6_urayc5N8SHC5STrpb98VG4Fdh6QZsvqUgdVb6KgkdkOxgr-gjaCdlC5CGy76D7rZjUr5HCmctDMupMd_AJ5GBHWXwDub8LD7wlXNCm0xRi8rn8M=s4800-w800,https://map.naver.com/p/entry/place/1799022493,배경 장면 촬영지,https://kdramamap.com/location/%ea%b9%80%eb%b6%80%ec%9e%a5-%ec%98%a5%ed%99%94%eb%a7%88%ec%9d%84-20078/;https://i.histale.com/2026/06/manager-kim.html,2026-07-28,,2,,,이승영;이소은,https://image.tmdb.org/t/p/w500/eKJNWq4akdrviR9qEF6xPhzKQU.jpg,김부장,5,8,55,45.5,10,N,,,Y,언급2회이상_작품내상위15,정승길_v4,
st_02537,김부장,Mr. Kim,drama,소지섭;최대훈;윤경호;주상욱,크리스찬메모리얼파크,cemetery,경기 파주시 조리읍 홀작로 164,37.780754,126.830439,https://lh3.googleusercontent.com/place-photos/AG9NLjC9VbkU-aRAOme95_Kky3pbUh6aUe1UmENGQdLCYNvz4UxSy-1-TUn-M94zLCRCuGXVF_PfwHSnngu3wcJgJ9C5G9xMuOdpoqhLFlYZwAmkqzj2NAlX4TJXaRxF2apGRmvgq9HNwyRXkd2653w9Or2XXw=s4800-w800,https://map.naver.com/p/entry/place/31098670,7화에서 민지 엄마의 유골이 안치된 납골당으로 등장하는 촬영지,https://kdramamap.com/location/%ea%b9%80%eb%b6%80%ec%9e%a5-%ed%81%ac%eb%a6%ac%ec%8a%a4%ec%b0%ac%eb%a9%94%eb%aa%a8%eb%a6%ac%ec%96%bc%ed%8c%8c%ed%81%ac-20023/;https://haechi-travel.tistory.com/769,2026-07-28,,2,,,이승영;이소은,https://image.tmdb.org/t/p/w500/eKJNWq4akdrviR9qEF6xPhzKQU.jpg,김부장,5,8,55,45.5,11,N,,,Y,언급2회이상_작품내상위15,정승길_v4,
st_02545,김부장,,drama,소지섭;최대훈;윤경호;주상욱,문발초등학교앞,,경기 파주시 노을빛로 16,37.726944,126.706823,https://lh3.googleusercontent.com/place-photos/AG9NLjBPTS20YhkrsXm-mYcwXrna6GsO_Fd_EA9slKCnSho2AQqC2qazmMxyNnZ16nc3IY0W3CBZwZSr_JFp80Ypr3i4JTrLhIVybNKMRaSFzGyb7XPBqnQh7mhAdO72MvviQ5R2cfwsyO6f8vk03Rw=s4800-w800,,9-10화에서 박진철이 등굣길 교통정리 봉사를 하는 초등학교 앞 촬영지,https://kdramamap.com/location/%ea%b9%80%eb%b6%80%ec%9e%a5-%eb%ac%b8%eb%b0%9c%ec%b4%88%eb%93%b1%ed%95%99%ea%b5%90%ec%95%9e-20031/,2026-07-28,,2,,,이승영;이소은,https://image.tmdb.org/t/p/w500/eKJNWq4akdrviR9qEF6xPhzKQU.jpg,김부장,5,7,55,45.5,12,N,,,Y,언급2회이상_작품내상위15,정승길_v4,
st_02549,김부장,,drama,소지섭;최대훈;윤경호;주상욱,얼반웍스스튜디오,,경기 고양시 덕양구 호원길 3-2,37.585967,126.875599,,,김부장이 조사를 받던 경찰서 세트로 쓰인 스튜디오 촬영지,https://kdramamap.com/location/%ea%b9%80%eb%b6%80%ec%9e%a5-%ec%96%bc%eb%b0%98%ec%9b%8d%ec%8a%a4%ec%8a%a4%ed%8a%9c%eb%94%94%ec%98%a4-20035/,2026-07-28,,2,,,이승영;이소은,https://image.tmdb.org/t/p/w500/eKJNWq4akdrviR9qEF6xPhzKQU.jpg,김부장,5,7,55,45.5,13,N,,,Y,언급2회이상_작품내상위15,정승길_v4,
st_02552,김부장,,drama,소지섭;최대훈;윤경호;주상욱,포유포레,,경기 남양주시 화도읍 북한강로1191번길 30,37.620220,127.342497,,https://map.naver.com/p/entry/place/1544089810,주강찬과 딸 주혜리 가족이 사는 집으로 등장하는 촬영지,https://kdramamap.com/location/%ea%b9%80%eb%b6%80%ec%9e%a5-%ed%8f%ac%ec%9c%a0%ed%8f%ac%eb%a0%88-20038/,2026-07-28,,2,,,이승영;이소은,https://image.tmdb.org/t/p/w500/eKJNWq4akdrviR9qEF6xPhzKQU.jpg,김부장,5,7,55,45.5,14,N,,,Y,언급2회이상_작품내상위15,정승길_v4,
st_02513,김부장,Mr. Kim,drama,소지섭;최대훈;윤경호;주상욱,마포소금구이,restaurant,서울 마포구 와우산로32길 36,37.554688,126.932164,https://lh3.googleusercontent.com/place-photos/AG9NLjDYkLTyRwsRqXnLAFQzIE_Shx0h6Mzv7Lr0nwVSNIWiIcxbJb3iZbGEW1Ac83cJ6gULORJ99OZdpGQcsxOXyAMgttQxwlEudPP_wKk8Q2FNXq0b7yZI1pxS0m1YF2JUc-lTHyltZWoiTkpk-RWxNPLGiw=s4800-w800,https://map.naver.com/p/entry/place/82850318,"김부장, 성한수, 박진철이 함께 고기를 먹다 싸움이 나는 대포집 촬영지",https://kdramamap.com/location/%ea%b9%80%eb%b6%80%ec%9e%a5-%eb%a7%88%ed%8f%ac%ec%86%8c%ea%b8%88%ea%b5%ac%ec%9d%b4-19999/;https://haechi-travel.tistory.com/769,2026-07-28,,2,,,이승영;이소은,https://image.tmdb.org/t/p/w500/eKJNWq4akdrviR9qEF6xPhzKQU.jpg,김부장,4,8,55,36.4,15,N,,,Y,언급2회이상_작품내상위15,정승길_v4,
st_20316,김비서가 왜 그럴까,What's Wrong with Secretary Kim,drama,박서준;박민영;이태환,보정동 카페거리,카페거리,경기도 용인시 기흥구 보정동 1344,37.3216286487,127.1101005181,https://lh3.googleusercontent.com/place-photos/AG9NLjA1RCH64STlf6BLhdOSZMys0fgB2EjdB8H77WqWPq6qPMEDIxGAETKdE4UPyI-blb1pKKBIMFOg9fatgpaZddYLuHt5BpckwfulZNu0JHzR1aKCqIIREyndhPYtWzpw2He3ON5N-Q0n8ayjFw=s4800-w800,,,https://koreatravelpost.com/whats-wrong-with-secretary-kim-shooting-locations/;https://kpoppost.com/charming-whats-wrong-with-secretary-kim-kdrama-filming-locations/,2026-07-30,47,,,,박준화;Yoo Jong-sun,https://image.tmdb.org/t/p/w500/3hd6yqp59ozCt2DRlFtj1tD9cHH.jpg,김비서가왜그럴까,4,27,57,100.0,1,N,,,Y,언급2회이상_작품내상위15,,
st_20315,김비서가 왜 그럴까,What's Wrong with Secretary Kim,drama,박서준;박민영;이태환,지혜의숲,도서관,경기도 파주시 회동길 145,37.7086723,126.6867275,https://lh3.googleusercontent.com/place-photos/AG9NLjAGzNqKVno1gg21TxdMfPn7rJ04pG1Z68TYG-FdZr4rfCe4rnfz48XZSdQ39byZxI3NSeJkO_tz0ZzlWw9YkrqyJ410M2V9axHxLq1qzNJRgIfmDh7KIwhEAMF9qYyMu4Z3600xm2_ZaD_8IQ=s4800-w800,https://map.naver.com/p/entry/place/34178163,극 중 이영준과 김미소가 높은 책장 사이를 거닐며 도서관 데이트를 하는 장면,https://koreatravelpost.com/whats-wrong-with-secretary-kim-shooting-locations/;https://kpoppost.com/charming-whats-wrong-with-secretary-kim-kdrama-filming-locations/,2026-07-30,47,,,,박준화;Yoo Jong-sun,https://image.tmdb.org/t/p/w500/3hd6yqp59ozCt2DRlFtj1tD9cHH.jpg,김비서가왜그럴까,4,25,57,100.0,2,N,,,Y,언급2회이상_작품내상위15,정승길_v4,
st_20314,김비서가 왜 그럴까,What's Wrong with Secretary Kim,drama,박서준;박민영;이태환,한탄강 하늘다리,보행교,경기도 포천시 영북면 비둘기낭길 207,38.0842629608,127.2179913609,https://lh3.googleusercontent.com/place-photos/AG9NLjBKESwOdt3BXhtLhqw_Oo0rSLCDIOebnqBLNgGfWKoOD13EQKSNT41nL_3NccSjAz14PGqkE_OzcMq0hsIqm4hoTQjPYIwX4BotEiel3JFkdORPPrkRGLHhv8blDhfZlE3kbliAlilViFfiklM=s4800-w800,https://map.naver.com/p/entry/place/1114984881,포천의 명물로 등장한 한탄강 하늘다리는 주말이면 관광객들이 구름처럼 몰려들고 있다는 소식입니다.,https://koreatravelpost.com/whats-wrong-with-secretary-kim-shooting-locations/;https://kpoppost.com/charming-whats-wrong-with-secretary-kim-kdrama-filming-locations/,2026-07-30,47,,,,박준화;Yoo Jong-sun,https://image.tmdb.org/t/p/w500/3hd6yqp59ozCt2DRlFtj1tD9cHH.jpg,김비서가왜그럴까,4,12,57,100.0,3,N,,,Y,언급2회이상_작품내상위15,블로그크롤링_2026-08-01,https://blog.naver.com/gyeonggi_gov/221309422830
st_20326,나빌레라,Navillera,drama,박인환;송강;나문희,비맨션,카페/음식점,경기 부천시 소사구 소사동로 205,37.4798489,126.8150822,https://lh3.googleusercontent.com/place-photos/AG9NLjA1MEZC4k8ZqG919uGa76L_D8cGC5fstY2OzEyIiPfGpS13EiIMSuJnVmlXFbRVF_2gaLvxLzt-pRZKXuM70lJuIclsWtJZA0Idirx71mKJWUZg8r9mXKeqcEa4FZoWZRlTjzavfUxdIZ0-1Q=s4800-w800,https://map.naver.com/p/entry/place/2081676435,1화에서 이채록이 아르바이트하고 심은호가 인턴으로 합류하는 브런치 카페 장면,https://kstarmap.com/en/drama/navillera/,2026-07-30,94,,,,한동화,https://image.tmdb.org/t/p/w500/8XNj2fN7TwSazpRfvE27VJA65SJ.jpg,나빌레라,10,36,64,100.0,1,N,,,Y,언급2회이상_작품내상위15,정승길_v4,
st_20330,나빌레라,Navillera,drama,박인환;송강;나문희,웅진플레이도시,워터파크/관광명소,경기 부천시 원미구 조마루로 2,37.4999701,126.7442353,https://lh3.googleusercontent.com/place-photos/AG9NLjAUfdkPQ7Ba27ZeLpDBg63nnd_LRF5DAgSkrYA5s1Yl8wwdDuVyjyrcaX1N9FKdbYnMb1vJ9zVnE8nJLc192EZhH5QdBpOAqTmnzIv4IQMfHceAqlEwSz71V3mcn5enbY3FnPaVA1ue4aFu=s4800-w800,https://map.naver.com/p/entry/place/13294864,6화에서 심덕출과 최해남이 결혼기념일을 맞아 아쿠아리움 데이트를 하는 장면,https://kstarmap.com/en/drama/navillera/,2026-07-30,94,,,,한동화,https://image.tmdb.org/t/p/w500/8XNj2fN7TwSazpRfvE27VJA65SJ.jpg,나빌레라,1,5,64,10.0,2,N,,,Y,언급부족_데이터품질기준보존,정승길_v4,
st_02803,나빌레라,Navillera,drama,박인환;송강,여의도한강공원,공원,서울 영등포구 여의도동 86-7,37.521193,126.941899,https://lh3.googleusercontent.com/place-photos/AG9NLjCJcbxKZjhFO7vqyDZ-EEqKd2zMpFHg9TFu5KdZ5mzUKIN4HIxFnoGhTBGqlXjpSRLKztEt5O1JDB1to-QPQUcWg9kszM1DhqZMERCM_DZMGieL7W-4yWTZMixN7_U_010MDqsjogM0FYjG=s4800-w800,https://map.naver.com/p/entry/place/20349390,5화에서 이채록과 심은호가 저녁 한강공원에서 서로의 꿈을 이야기하는 장면,https://kdramamap.com/location/%eb%82%98%eb%b9%8c%eb%a0%88%eb%9d%bc-%ec%97%ac%ec%9d%98%eb%8f%84%ed%95%9c%ea%b0%95%ea%b3%b5%ec%9b%90-327/;https://kstarmap.com/en/drama/navillera/,2026-07-28,94,,,,한동화,https://image.tmdb.org/t/p/w500/8XNj2fN7TwSazpRfvE27VJA65SJ.jpg,나빌레라,1,1,64,10.0,3,N,,,Y,언급부족_데이터품질기준보존,정승길_v4,
st_02899,나쁜엄마,The Good Bad Mother,drama,라미란;이도현;안은진,한밤마을,,경북 군위군 부계면 한밤2길 10,36.056134,128.654131,https://lh3.googleusercontent.com/place-photos/AG9NLjAlGlzI0HhPl2oEKX7gLyNcAwvUrvduqVNBEG5Obq8tEBpBr28VcOH_3iOI1uHz3Il2zlKwb0obBZ1lVY3L3qqXgKurYF0St39sTNnMb0QGdWenTKf1lNi78-Vf8LsqaZkdAgD6xIokYT0sew=s4800-w800,https://map.naver.com/p/entry/place/20066358,극 중 조우리 마을과 강호네·미주네 집 주변이 반복해서 등장하는 장면,https://kdramamap.com/location/%eb%82%98%ec%81%9c%ec%97%84%eb%a7%88-%ed%95%9c%eb%b0%a4%eb%a7%88%ec%9d%84-3249/,2026-07-28,92,,,,심나연,https://image.tmdb.org/t/p/w500/o8h8BJz85BNI6g6ty47jbpEDAiK.jpg,나쁜엄마,16,132,41,100.0,1,N,,,Y,언급2회이상_작품내상위15,정승길_v4,
st_20336,나쁜엄마,The Good Bad Mother,drama,라미란;이도현;안은진,미래농원 MRNW,문화공간,대구 북구 호국로 300-22,35.9299561,128.6007754,https://lh3.googleusercontent.com/place-photos/AG9NLjD6hHAPTVthWeh2X-tMX2IPTLCWr5OX-DSs41Kmt6V9VCFoR1UB5DzCJNgujHg5bPch14bbVFheQyUU8zOlZCnYtYexEEv-E0VE1XM1iO8cyrn9gpL6_Qx17C0h1pMWuBSaGbcAUHdti5Pq7g=s4800-w800,https://map.naver.com/p/entry/place/1818837708,1화에서 검사 최강호가 우벽그룹 송우벽 회장을 만나러 가는 우벽갤러리 장면으로 나온다.,https://kdramamap.com/location/%eb%82%98%ec%81%9c%ec%97%84%eb%a7%88-%eb%af%b8%eb%9e%98%eb%86%8d%ec%9b%90-3232/;https://trip.cookieidea.com/18,2026-07-30,92,,,,심나연,https://image.tmdb.org/t/p/w500/o8h8BJz85BNI6g6ty47jbpEDAiK.jpg,나쁜엄마,2,6,41,12.5,4,N,,,Y,언급2회이상_작품내상위15,정승길_v4,
st_02903,나쁜엄마,The Good Bad Mother,drama,라미란;이도현;안은진,구미여자상업고,,경북 구미시 형곡로38길 9-14,36.107569,128.342144,,https://map.naver.com/p/entry/place/11594905,1화에서 강호가 수능일 미주의 오토바이 사고로 시험을 못 치르게 되는 고등학교 장면이 나온다.,https://kdramamap.com/location/%eb%82%98%ec%81%9c%ec%97%84%eb%a7%88-%ea%b5%ac%eb%af%b8%ec%97%ac%ec%9e%90%ec%83%81%ec%97%85%ea%b3%a0-3253/,2026-07-28,92,,,,심나연,https://image.tmdb.org/t/p/w500/o8h8BJz85BNI6g6ty47jbpEDAiK.jpg,나쁜엄마,2,5,41,12.5,5,N,,,Y,언급2회이상_작품내상위15,정승길_v4,
st_20341,나의 아저씨,My Mister,drama,이선균;아이유;박호산,백빈건널목(삼각지 철길건널목),철길/건널목,서울 용산구 한강로3가 40-1007,37.525112,126.960790,,,이지안과 박동훈이 자주 오가며 대화를 나누는 철길 건널목 장면,https://mediahub.seoul.go.kr/archives/1261894,2026-07-30,19,,,,김원석,https://image.tmdb.org/t/p/w500/aPjpO3UBZ8v4rmj1RmMS1CkypDq.jpg,나의아저씨,26,149,63,100.0,1,N,,,Y,언급2회이상_작품내상위15,정승길_v4,
st_02944,나의아저씨,My Mister,drama,이선균;아이유,철도건널목,명소,서울 용산구 한강로3가 40-45,37.524885,126.960442,,https://map.naver.com/p/entry/place/1306605742,4회에서 박동훈(이선균)이 막내 동생(손새벽)을 이 거리에서 쫓는 모습이 그려졌다.,https://kdramamap.com/location/%eb%82%98%ec%9d%98%ec%95%84%ec%a0%80%ec%94%a8-%ec%b2%a0%eb%8f%84%ea%b1%b4%eb%84%90%eb%aa%a9-371/,2026-07-28,19,,,,김원석,https://image.tmdb.org/t/p/w500/aPjpO3UBZ8v4rmj1RmMS1CkypDq.jpg,나의아저씨,14,45,63,53.8,2,N,,,Y,언급2회이상_작품내상위15,정승길_v4,
st_02933,나의아저씨,My Mister,drama,이선균;아이유,서울 용산구,,서울 용산구 새창로 102-1,37.538146,126.959757,https://lh3.googleusercontent.com/place-photos/AG9NLjCk6204_fpEtdNXtp1TZMf1QhfVZhPIN5BCV0bMLfCrZESixiAJ7LFeYCqVNFJXevWqMG7ZWHl6BDwFNaFmXLMFovHKIoqsAjF7zvVKrkEepKGdMdQTnFKbpAQfXMkfomRHpVuOwN_T0nXOgCc=s4800-w800,,,https://kdramamap.com/location/%eb%82%98%ec%9d%98%ec%95%84%ec%a0%80%ec%94%a8-%ec%84%9c%ec%9a%b8-%ec%9a%a9%ec%82%b0%ea%b5%ac-360/,2026-07-28,19,,,,김원석,https://image.tmdb.org/t/p/w500/aPjpO3UBZ8v4rmj1RmMS1CkypDq.jpg,나의아저씨,11,13,63,42.3,3,N,,,Y,언급2회이상_작품내상위15,,
st_20342,나의 아저씨,My Mister,drama,이선균;아이유;박호산,정희네(정희의 집·편의점),주택/상점,인천 제물포구 제물량로341번길 43,37.482798,126.619095,,,정희의 집이자 편의점으로 등장하는 장면(4화),https://ififollowme.blogspot.com/2019/10/my-mister-jung-hees-house.html,2026-07-30,19,,,,김원석,https://image.tmdb.org/t/p/w500/aPjpO3UBZ8v4rmj1RmMS1CkypDq.jpg,나의아저씨,6,13,63,23.1,4,N,,,Y,언급2회이상_작품내상위15,정승길_v4,
st_20347,나의 아저씨,My Mister,drama,이선균;아이유;박호산,정수사(강화),사찰,인천 강화군 화도면 해안남로1258번길 142,37.607782,126.445604,,https://map.naver.com/p/entry/place/16563662,극 중 정희가 출가한 옛 연인 겸덕을 찾아 산속 절에서 얼굴을 마주하는 장면,https://ififollowme.blogspot.com/2019/05/my-mister-filming-locations.html,2026-07-30,19,,,,김원석,https://image.tmdb.org/t/p/w500/aPjpO3UBZ8v4rmj1RmMS1CkypDq.jpg,나의아저씨,5,65,63,19.2,5,N,,,Y,언급2회이상_작품내상위15,정승길_v4,
st_02943,나의아저씨,My Mister,drama,이선균;아이유,꼬꼬닭,명소,서울 용산구 한강대로7길 39,37.525138,126.961051,,,4회에서 박동훈(이선균)이 막내 동생(손새벽)을 이 거리에서 쫓는 모습이 그려졌다.,https://kdramamap.com/location/%eb%82%98%ec%9d%98%ec%95%84%ec%a0%80%ec%94%a8-%ea%bc%ac%ea%bc%ac%eb%8b%ad-370/,2026-07-28,19,,,,김원석,https://image.tmdb.org/t/p/w500/aPjpO3UBZ8v4rmj1RmMS1CkypDq.jpg,나의아저씨,5,5,63,19.2,6,N,,,Y,언급2회이상_작품내상위15,정승길_v4,
st_02936,나의아저씨,My Mister,drama,이선균;아이유,한강대교,다리,서울 용산구 이촌동 302-11,37.519476,126.959949,https://lh3.googleusercontent.com/place-photos/AG9NLjDWbQjJN2CZcCf6XPnOXQ7QK7qwSjXsrB4LWjaP3XshccHZxje4ttiV_WLpxNL1CfHYx_ABNd8vUMJT2YaKbFPC4xk1TcqT7ACA-QQrasmNiXpB1XGgXMdGlvbNkavNSC2INbD0toeRbMBYBgLRxvejNg=s4800-w800,https://map.naver.com/p/entry/place/18726054,박동훈(이선균)은 6회에서 이 다리에 와서 자살을 고민하는 것 같다. 이지안(이지은)은 스마트폰으로 추적 장치를 한 동훈의 행방을 쫓다가 동훈이 이 다리 옆에 너무 오래 서 있는 것을 보고 달려든다.,https://kdramamap.com/location/%eb%82%98%ec%9d%98%ec%95%84%ec%a0%80%ec%94%a8-%ed%95%9c%ea%b0%95%eb%8c%80%ea%b5%90-363/;https://ififollowme.blogspot.com/2019/05/my-mister-filming-locations.html,2026-07-28,19,,,,김원석,https://image.tmdb.org/t/p/w500/aPjpO3UBZ8v4rmj1RmMS1CkypDq.jpg,나의아저씨,3,5,63,11.5,7,N,,,Y,언급2회이상_작품내상위15,정승길_v4,
st_02909,나의아저씨,My Mister,drama,이선균;아이유,만석어린이공원,공원,인천 제물포구 제물량로341번길 55,37.483419,126.619020,https://lh3.googleusercontent.com/place-photos/AG9NLjCK4PfJ95pJvk8vy-SO5-nkcD3Q0Jh5znhffyl1PC9iS_hpzssxx0-QJCq-opveLYfculvZ8BzPEMVA2RSljuJEVNMa9qpueCxXjgGIiA_xs0OPcw4EYjlSVRBMaNH9oDDDkYeQjrKiuAsr=s4800-w800,https://map.naver.com/p/entry/place/16584186,"소꿉친구인 정희(오나라)가 운영하는 술집으로 자연스럽게 그 장소는 그녀의 이름을 따서 명명되었다. 그녀는 위층에 머물며 낮에는 박형제의 어머니(고두심)가 일하는 곳이기도 하다. 15회에서는 박동훈(이선균)이 중상을 입은 이지안(아이유)을 이곳으로 데려오고, 정희는 그녀를 기꺼이 받아들인다.",https://kdramamap.com/location/%eb%82%98%ec%9d%98%ec%95%84%ec%a0%80%ec%94%a8-%eb%a7%8c%ec%84%9d%ec%96%b4%eb%a6%b0%ec%9d%b4%ea%b3%b5%ec%9b%90-336/,2026-07-28,19,,,,김원석,https://image.tmdb.org/t/p/w500/aPjpO3UBZ8v4rmj1RmMS1CkypDq.jpg,나의아저씨,3,4,63,11.5,8,N,,,Y,언급2회이상_작품내상위15,정승길_v4,
st_02922,나의아저씨,My Mister,drama,이선균;아이유,연안아파트상가,,인천 제물포구 축항대로 234,37.448420,126.620055,,https://map.naver.com/p/entry/place/1007099122,극 중 이광일의 사채업체 영광대부 사무실로 동훈이 계단에서 이광일과 몸싸움하는 장면,https://kdramamap.com/location/%eb%82%98%ec%9d%98%ec%95%84%ec%a0%80%ec%94%a8-%ec%97%b0%ec%95%88%ec%95%84%ed%8c%8c%ed%8a%b8%ec%83%81%ea%b0%80-349/,2026-07-28,19,,,,김원석,https://image.tmdb.org/t/p/w500/aPjpO3UBZ8v4rmj1RmMS1CkypDq.jpg,나의아저씨,3,2,63,11.5,9,N,,,Y,언급2회이상_작품내상위15,정승길_v4,
st_03427,낭만닥터김사부3,Dr. Romantic 3,drama,한석규;안효섭;이성경,돌담병원,병원,경기 포천시 영북면 산정호수로 771,38.071780,127.323278,https://lh3.googleusercontent.com/place-photos/AG9NLjA0N1rtRBkn8vZcspd6QlX3knI39xE6WHIcshKBD2J-N8HQeF0QwmDR--YGFe7HJH9eb0O7NGjA9lupGuKJwlXaEVpq5c_Tj_CfdwiZ19CJuhvPZmgvBBq484TXg5XQJY2aY3jNth5E_GB3BL4=s4800-w800,https://map.naver.com/p/entry/place/1499436056,김사부가 이끄는 돌담병원의 외관 촬영지로 사용된 옛 가족호텔 건물,https://kdramamap.com/location/%eb%82%ad%eb%a7%8c%eb%8b%a5%ed%84%b0%ea%b9%80%ec%82%ac%eb%b6%803-%eb%8f%8c%eb%8b%b4%eb%b3%91%ec%9b%90-3326/;https://www.joongang.co.kr/article/25168580;https://www.mhns.co.kr/news/articleView.html?idxno=748184;http://www.hapt.co.kr/news/articleView.html?idxno=159386,2026-07-28,37,,,,유인식;Lee Gil-bok,https://image.tmdb.org/t/p/w500/dmVgWSrtEj39DUv1QEjT6nGpX3L.jpg,낭만닥터김사부3,48,513,56,100.0,1,N,,,Y,언급2회이상_작품내상위15,정승길_v4,
st_03428,낭만닥터김사부3,Dr. Romantic 3,drama,한석규;안효섭;이성경,산정호수 둘레길,거리,경기 포천시 영북면 산정리 205-1,38.072003,127.321836,https://lh3.googleusercontent.com/place-photos/AG9NLjCWhoBo52Xf8xxKPImfgmOXC0ivQy5U9hgnI51KMmEmcplCGEnAr8vsg4fpw_CfSxFatP5Bm1j8l3gP1X2ArHBxrv6sa3wyKisayV0crA5m8FuwZ1v8KOva0zbKYQlg8dpeEuqJGwtiHiYfwcc=s4800-w800,,산정호수 둘레길도 보고 촬영지도 구경하고 인증샷도 금상첨화에요.,https://kdramamap.com/location/%eb%82%ad%eb%a7%8c%eb%8b%a5%ed%84%b0%ea%b9%80%ec%82%ac%eb%b6%803-%ec%82%b0%ec%a0%95%ed%98%b8%ec%88%98-%eb%91%98%eb%a0%88%ea%b8%b8-3327/,2026-07-28,37,,,,유인식;Lee Gil-bok,https://image.tmdb.org/t/p/w500/dmVgWSrtEj39DUv1QEjT6nGpX3L.jpg,낭만닥터김사부3,20,62,56,41.7,2,N,,,Y,언급2회이상_작품내상위15,블로그크롤링_2026-08-01,https://blog.naver.com/lele001/223068754553
st_03436,낭만닥터김사부3,Dr. Romantic 3,drama,한석규;안효섭;이성경,문화8구역(재개발지역),,대전 중구 천근로69번길 72,,,,,9~10화에서 학원 건물이 붕괴하는 사고 현장으로 등장하는 대전 중구 재개발구역 촬영지,https://kdramamap.com/location/%eb%82%ad%eb%a7%8c%eb%8b%a5%ed%84%b0%ea%b9%80%ec%82%ac%eb%b6%803-%eb%ac%b8%ed%99%948%ea%b5%ac%ec%97%ad-%ec%9e%ac%ea%b0%9c%eb%b0%9c%ec%a7%80%ec%97%ad-3335/,2026-07-28,37,,,,유인식;Lee Gil-bok,https://image.tmdb.org/t/p/w500/dmVgWSrtEj39DUv1QEjT6nGpX3L.jpg,낭만닥터김사부3,2,12,56,4.2,3,N,,,Y,언급2회이상_작품내상위15,정승길_v4,
st_03704,내남편과결혼해줘,Marry My Husband,drama,박민영;나인우;이이경;송하윤,지혜의숲,자연/명소,경기 파주시 회동길 145,37.708550,126.686834,https://lh3.googleusercontent.com/place-photos/AG9NLjAGzNqKVno1gg21TxdMfPn7rJ04pG1Z68TYG-FdZr4rfCe4rnfz48XZSdQ39byZxI3NSeJkO_tz0ZzlWw9YkrqyJ410M2V9axHxLq1qzNJRgIfmDh7KIwhEAMF9qYyMu4Z3600xm2_ZaD_8IQ=s4800-w800,https://map.naver.com/p/entry/place/34178163,마지막화에서 강지원이 이사가 되어 다목적홀에 등장하는 장면,https://kdramamap.com/location/%eb%82%b4%eb%82%a8%ed%8e%b8%ea%b3%bc%ea%b2%b0%ed%98%bc%ed%95%b4%ec%a4%98-%ec%a7%80%ed%98%9c%ec%9d%98%ec%88%b2-6427/;https://blog.naver.com/k635613/223360500052,2026-07-28,50,,,,박원국,https://image.tmdb.org/t/p/w500/tJyjZFYb3KPKuTGAi8HWfYMU7hW.jpg,내남편과결혼해줘,4,27,45,100.0,1,N,,,Y,언급2회이상_작품내상위15,정승길_v4,
st_03740,내남편과결혼해줘,Marry My Husband,drama,박민영;나인우;이이경;송하윤,옥천횟집,음식점,부산 영도구 중리남로 2-21,35.067763,129.065989,https://lh3.googleusercontent.com/place-photos/AG9NLjBjlrAbTs_KCMoT1g5hWIhvqJrDMNsc_ZrmlZMafZXgvBjObLL2oc-iNJ0jsEy_XRdIDlPvgGmzfhkJ0ir_ZuUyU9iqGpNOH_AkmpQDTz8Y8RZ7JJFyZTOJIhBzp-TA_vXPmmjFHUBDl6d2JZA=s4800-w800,https://map.naver.com/p/entry/place/16389907,11화에서 두 주인공이 함께 돼지국밥을 먹는 장면,https://kdramamap.com/location/%eb%82%b4%eb%82%a8%ed%8e%b8%ea%b3%bc%ea%b2%b0%ed%98%bc%ed%95%b4%ec%a4%98-%ec%98%a5%ec%b2%9c%ed%9a%9f%ec%a7%91-6463/;https://blog.naver.com/enffl_love/223356311252,2026-07-28,50,,,,박원국,https://image.tmdb.org/t/p/w500/tJyjZFYb3KPKuTGAi8HWfYMU7hW.jpg,내남편과결혼해줘,4,18,45,100.0,2,N,,,Y,언급2회이상_작품내상위15,정승길_v4,
st_03742,내남편과결혼해줘,Marry My Husband,drama,박민영;나인우;이이경;송하윤,법기수원지,저수지/숲길,경남 양산시 동면 법기로 198-13,35.348254,129.107974,,https://map.naver.com/p/entry/place/15662044,7~8화 워크샵에서 지혁이 우는 지원을 위로해주는 숲길 장면,https://kdramamap.com/location/%eb%82%b4%eb%82%a8%ed%8e%b8%ea%b3%bc%ea%b2%b0%ed%98%bc%ed%95%b4%ec%a4%98-%eb%b2%95%ea%b8%b0%ec%88%98%ec%9b%90%ec%a7%80-6465/;https://blog.naver.com/melchisedech91/223334906846;https://blog.naver.com/enffl_love/223356311252,2026-07-28,50,,,,박원국,https://image.tmdb.org/t/p/w500/tJyjZFYb3KPKuTGAi8HWfYMU7hW.jpg,내남편과결혼해줘,4,16,45,100.0,3,N,,,Y,언급2회이상_작품내상위15,정승길_v4,
st_20352,내 남편과 결혼해줘,Marry My Husband,drama,박민영;나인우;송하윤,IFC서울,오피스/쇼핑몰,서울특별시 영등포구 국제금융로 10,37.5250055230105,126.925874436207,https://lh3.googleusercontent.com/place-photos/AG9NLjCFjtdCPiD0TLLDnRUH7lSHm2BGxmg1R5PoCmn4kv_M4WyglghFAWVW1HDwTU5Z3CpC1JmjFjjmO438QM-S9vBo1e9A7RR7u-etdFxMDQdyTl7s-MYnBdfjMhzqSHJvisCXtOUMiOHKbH1qPA=s4800-w800,https://map.naver.com/p/entry/place/950906101,지원이 근무하는 U&K푸드 사옥 외관과 로비로 등장하는 장면,https://blog.naver.com/redmee2/223313674280,2026-07-30,50,,,,박원국,https://image.tmdb.org/t/p/w500/tJyjZFYb3KPKuTGAi8HWfYMU7hW.jpg,내남편과결혼해줘,4,10,45,100.0,4,N,,,Y,언급2회이상_작품내상위15,정승길_v4,
st_03726,내남편과결혼해줘,Marry My Husband,drama,박민영;나인우;이이경;송하윤,청평호,,경기 가평군 설악면 회곡리,37.698203,127.444773,https://lh3.googleusercontent.com/place-photos/AG9NLjDMgqVLpnnKPO8z30BA6s_1ciOy69KXYfII0w3qwiROiaTXSzCuu7oUvgLDjBbHPJMs_vPrDH2eh6LPULl_Q2_dmiz6CDz6dTaragHAerq8aN9ztZP-c_9TJXgnm0cJpVB2OwLJEW2mOoDdAQ=s4800-w541,,9화에서 유지혁이 요트에서 강지원에게 생일 축하와 프러포즈를 하는 장면,https://kdramamap.com/location/%eb%82%b4%eb%82%a8%ed%8e%b8%ea%b3%bc%ea%b2%b0%ed%98%bc%ed%95%b4%ec%a4%98-%ec%b2%ad%ed%8f%89%ed%98%b8-6449/,2026-07-28,50,,,,박원국,https://image.tmdb.org/t/p/w500/tJyjZFYb3KPKuTGAi8HWfYMU7hW.jpg,내남편과결혼해줘,4,7,45,100.0,5,N,,,Y,언급2회이상_작품내상위15,정승길_v4,
st_03739,내남편과결혼해줘,Marry My Husband,drama,박민영;나인우;이이경;송하윤,중리항방파제등대,등대,부산 영도구 중리남로 2-15,35.068113,129.065705,https://lh3.googleusercontent.com/place-photos/AG9NLjAmm-6zZ2oEqAI00nA3pSERKRpRX7AxL-ZBuNfc50H9-rgi_WAtCSJ9UxTFHqEv_YsiQDbZ9CP7GFsebynTDH3Wax2rEhmLquZ0luCR9rPYqRViJgRu5nNIomndd1cdhBBeHBBVhnHocjxHZZ0=s4800-w800,https://map.naver.com/p/entry/place/1667514736,11화에서 두 주인공이 방문한 방파제 등대에서 노을을 보는 장면,https://kdramamap.com/location/%eb%82%b4%eb%82%a8%ed%8e%b8%ea%b3%bc%ea%b2%b0%ed%98%bc%ed%95%b4%ec%a4%98-%ec%a4%91%eb%a6%ac%ed%95%ad%eb%b0%a9%ed%8c%8c%ec%a0%9c%eb%93%b1%eb%8c%80-6462/;https://blog.naver.com/enffl_love/223356311252,2026-07-28,50,,,,박원국,https://image.tmdb.org/t/p/w500/tJyjZFYb3KPKuTGAi8HWfYMU7hW.jpg,내남편과결혼해줘,4,6,45,100.0,6,N,,,Y,언급2회이상_작품내상위15,정승길_v4,
st_03741,내남편과결혼해줘,Marry My Husband,drama,박민영;나인우;이이경;송하윤,다대포해수욕장,해변,부산 사하구 다대동,35.060278,128.967656,https://lh3.googleusercontent.com/place-photos/AG9NLjAxQ8io-IDhUI6wGnRkObWRBj0GTT2buWwVXMzNxErn2f0dcIy7Ycc6vFq38u6d45kGXqXtaU5sSIFE15AAjEdbxcVRoMw4M-jh5gEu80Kx_i51dSsCCInp5D8sV-UJLptFM_rfRfblkwM0Sw=s4800-w800,https://map.naver.com/p/entry/place/13491855,11화에서 두 주인공이 여행을 떠나 노을을 보는 장면,https://kdramamap.com/location/%eb%82%b4%eb%82%a8%ed%8e%b8%ea%b3%bc%ea%b2%b0%ed%98%bc%ed%95%b4%ec%a4%98-%eb%8b%a4%eb%8c%80%ed%8f%ac%ed%95%b4%ec%88%98%ec%9a%95%ec%9e%a5-6464/;https://blog.naver.com/enffl_love/223356311252,2026-07-28,50,,,,박원국,https://image.tmdb.org/t/p/w500/tJyjZFYb3KPKuTGAi8HWfYMU7hW.jpg,내남편과결혼해줘,3,4,45,75.0,7,N,,,Y,언급2회이상_작품내상위15,정승길_v4,
st_20351,내 남편과 결혼해줘,Marry My Husband,drama,박민영;나인우;송하윤,청계천,하천/산책로,서울특별시 종로구 서린동 148,37.5691469686793,126.978647068151,https://lh3.googleusercontent.com/place-photos/AG9NLjBps1C8H6E-7VSZ5SRZ4P2vEmxF_6brWpsAOLR2P48T4cR1wEDeLwrF_IE-G8NO_XYjifmDSsR_vuwf3_-xqerQAC6ICdKY2KM-1CDWHsU3ZeecLQl58Amevo9CN6NkDheWMvyUabH56J1s=s4800-w800,https://map.naver.com/p/entry/place/13491093,두 사람의 감정선이 미묘하게 흐르는 장면이 촬영된 도심 하천,https://blog.naver.com/tlsqhtjs20/224078703875,2026-07-30,50,,,,박원국,https://image.tmdb.org/t/p/w500/tJyjZFYb3KPKuTGAi8HWfYMU7hW.jpg,내남편과결혼해줘,3,3,45,75.0,8,N,,,Y,언급2회이상_작품내상위15,정승길_v4,
st_03730,내남편과결혼해줘,Marry My Husband,drama,박민영;나인우;이이경;송하윤,봄파머스가든,,경기 양평군 강상면 강남로 729-46,37.497645,127.460259,https://lh3.googleusercontent.com/place-photos/AG9NLjAX4OP1MwC_a5v7iW3r4rvfyyjUcH4zOgZIizQvf20jaBzGlRFd-zK63BwGVS7vVKHdxHcxgmnXp50mL5CqWDoS7CSv1OXolEH_BfQ3Gcru8FTFwxWYt3dNz_GxcPqq1IKBI8v3cTJ-aN3fbQ=s4800-w800,https://map.naver.com/p/entry/place/33675561,9화 지원과 민환 상견례에서 파혼 통보 후 업어치기 하는 레스토랑 봄파머스가든,https://kdramamap.com/location/%eb%82%b4%eb%82%a8%ed%8e%b8%ea%b3%bc%ea%b2%b0%ed%98%bc%ed%95%b4%ec%a4%98-%eb%b4%84%ed%8c%8c%eb%a8%b8%ec%8a%a4%ea%b0%80%eb%93%a0-6453/,2026-07-28,50,,,,박원국,https://image.tmdb.org/t/p/w500/tJyjZFYb3KPKuTGAi8HWfYMU7hW.jpg,내남편과결혼해줘,2,10,45,50.0,9,N,,,Y,언급2회이상_작품내상위15,정승길_v4,
st_03638,내남편과결혼해줘,Marry My Husband,drama,박민영;나인우;이이경;송하윤,T12,,서울 마포구 와우산로19길 15,37.551171,126.922279,https://lh3.googleusercontent.com/place-photos/AG9NLjAK-NYeXhKbHG6_gTTg8gI5Gvg-gXt1_8-fVa7erLEZHYh_Q0G9-io6Gx903uXWynPNANKlCmuCEtzVUh43NiVGPQVvM34Pm9eeqEAnwMpVISqNIRfv8cadwQB-A7g8XHfnXytxyhsUFHe5hA=s4800-w800,https://map.naver.com/p/entry/place/31564613,14화 지원이 민환의 내연녀가 되려는 작전을 실행하는 칵테일바 T12,https://kdramamap.com/location/%eb%82%b4%eb%82%a8%ed%8e%b8%ea%b3%bc%ea%b2%b0%ed%98%bc%ed%95%b4%ec%a4%98-t12-6361/,2026-07-28,50,,,,박원국,https://image.tmdb.org/t/p/w500/tJyjZFYb3KPKuTGAi8HWfYMU7hW.jpg,내남편과결혼해줘,2,7,45,50.0,10,N,,,Y,언급2회이상_작품내상위15,정승길_v4,
st_03698,내남편과결혼해줘,Marry My Husband,drama,박민영;나인우;이이경;송하윤,화적연,,경기 포천시 영북면 자일리 산 115-2,38.116319,127.266354,https://lh3.googleusercontent.com/place-photos/AG9NLjAavgmwJ9vzJtAfkIaX4VRwXzEP0ZQrqH9CDyWoJ-0PphCaqsHz9ClamUtJwltMPY5B8bo1QhlUTipYT4H7R5Gm00QZBfgYDeaSJzS5CzMuSJ_U8F_5gldTHxEENc2Z4Cp8CbIz36Jma0t2Ww=s4800-w800,https://map.naver.com/p/entry/place/18338274,8화에서 워크샵 중 물에 빠진 지원을 지혁이 구해주는 장면,https://kdramamap.com/location/%eb%82%b4%eb%82%a8%ed%8e%b8%ea%b3%bc%ea%b2%b0%ed%98%bc%ed%95%b4%ec%a4%98-%ed%99%94%ec%a0%81%ec%97%b0-6421/,2026-07-28,50,,,,박원국,https://image.tmdb.org/t/p/w500/tJyjZFYb3KPKuTGAi8HWfYMU7hW.jpg,내남편과결혼해줘,2,7,45,50.0,11,N,,,Y,언급2회이상_작품내상위15,정승길_v4,
st_03708,내남편과결혼해줘,Marry My Husband,drama,박민영;나인우;이이경;송하윤,교하정,,경기 파주시 교하로 1290,37.748774,126.736998,,,11화에서 양과장 부모님이 운영하는 한우식당으로 등장하는 장면,https://kdramamap.com/location/%eb%82%b4%eb%82%a8%ed%8e%b8%ea%b3%bc%ea%b2%b0%ed%98%bc%ed%95%b4%ec%a4%98-%ea%b5%90%ed%95%98%ec%a0%95-6431/,2026-07-28,50,,,,박원국,https://image.tmdb.org/t/p/w500/tJyjZFYb3KPKuTGAi8HWfYMU7hW.jpg,내남편과결혼해줘,2,6,45,50.0,12,N,,,Y,언급2회이상_작품내상위15,정승길_v4,
st_03732,내남편과결혼해줘,Marry My Husband,drama,박민영;나인우;이이경;송하윤,마임비전빌리지,,경기 여주시 세종대왕면 용은길 28,37.290669,127.540148,,https://map.naver.com/p/entry/place/13320432,10화에서 지원이 실장과 함께 회장 별장을 방문해 보고하는 장면,https://kdramamap.com/location/%eb%82%b4%eb%82%a8%ed%8e%b8%ea%b3%bc%ea%b2%b0%ed%98%bc%ed%95%b4%ec%a4%98-%eb%a7%88%ec%9e%84%eb%b9%84%ec%a0%84%eb%b9%8c%eb%a6%ac%ec%a7%80-6455/,2026-07-28,50,,,,박원국,https://image.tmdb.org/t/p/w500/tJyjZFYb3KPKuTGAi8HWfYMU7hW.jpg,내남편과결혼해줘,2,3,45,50.0,13,N,,,Y,언급2회이상_작품내상위15,정승길_v4,
st_03715,내남편과결혼해줘,Marry My Husband,drama,박민영;나인우;이이경;송하윤,오르비제빌리지,,경기 고양시 일산동구 애니골길 15-46,37.671516,126.789761,,https://map.naver.com/p/entry/place/19423160,10화에서 강지원이 새로 이사한 집으로 등장하는 장면,https://kdramamap.com/location/%eb%82%b4%eb%82%a8%ed%8e%b8%ea%b3%bc%ea%b2%b0%ed%98%bc%ed%95%b4%ec%a4%98-%ec%98%a4%eb%a5%b4%eb%b9%84%ec%a0%9c%eb%b9%8c%eb%a6%ac%ec%a7%80-6438/,2026-07-28,50,,,,박원국,https://image.tmdb.org/t/p/w500/tJyjZFYb3KPKuTGAi8HWfYMU7hW.jpg,내남편과결혼해줘,2,2,45,50.0,14,N,,,Y,언급2회이상_작품내상위15,정승길_v4,
mv_2032,내부자들,Inside Men,movie,이병헌;조승우;백윤식;이경영;김홍파,아소산 일산본점,음식점,경기도 고양시 일산동구 정발산로 128,37.659182,126.78267,https://lh3.googleusercontent.com/place-photos/AG9NLjBagyH3Nz9CUIPbZw6dmcRIE7_JKIqpJQ8Key2MgmpYRjP9AQqdiBKaKW8_eFlVL4eFYULnUGC5G8NSdiOfdz8DeRsipjsfUKrj-WdLPp2qzP_5w87gaP7Z__0sKOAXzUJNQ0yfFf-CNkyfDg=s4800-w800,,우장훈과 고기자가 이야기를 나눈 식당,assets/한국문화정보원_미디어콘텐츠 영상 촬영지 데이터_20221125.csv,2026-07-28,,,7068121,대종상 최우수작품상(2016);청룡영화상 최우수작품상(2016),우민호,https://image.tmdb.org/t/p/w500/zlFp1a9HXpbyDBaNoS1euprLbLs.jpg,내부자들,2,10,58,100.0,1,N,,,Y,언급2회이상_작품내상위15,정승길_v4,
mv_2036,내부자들,Inside Men,movie,이병헌;조승우;백윤식;이경영;김홍파,운보의 집,명소,충청북도 청주시 청원구 내수읍 형동2길 92-41,36.692197,127.5651,https://lh3.googleusercontent.com/place-photos/AG9NLjAmloBrzj_4GHBEavuztjuXzh-I6lF3bZvhwBtPxbRGKKk9qr85bCsbi5iwRRcBGGiqrCDdBJoZXmSpLZG1_b0DN86j0cRYpTIQf7S944lF0dI4Hk36A_FhA4gQ1VVUSGdzpNLbqFhWdYuOKr0=s4800-w800,,내부자들의 파티장면을 촬영한 장소,assets/한국문화정보원_미디어콘텐츠 영상 촬영지 데이터_20221125.csv,2026-07-28,,,7068121,대종상 최우수작품상(2016);청룡영화상 최우수작품상(2016),우민호,https://image.tmdb.org/t/p/w500/zlFp1a9HXpbyDBaNoS1euprLbLs.jpg,내부자들,1,2,58,50.0,2,N,,,Y,언급부족_데이터품질기준보존,정승길_v4,
mv_2034,내부자들,Inside Men,movie,이병헌;조승우;백윤식;이경영;김홍파,마포공덕시장,명소,서울특별시 마포구 만리재로 19,37.545069,126.953344,https://lh3.googleusercontent.com/place-photos/AG9NLjAzfk0rbYbtQM9z5Sh1xkU5_we7xNqNX9k2SSP615fN_c8J3ZnsMlUckirYEXoBbBwHpXCYLvVhIlpicGGHH3x7Z2bABUM0SfCXEZj1AmMXfEdJsXGJz8y9cb84J-HNAOM1YzTLWxKrqXWGDQ=s4800-w800,,안상구가 옥상에서 라면을 먹은 곳,assets/한국문화정보원_미디어콘텐츠 영상 촬영지 데이터_20221125.csv,2026-07-28,,,7068121,대종상 최우수작품상(2016);청룡영화상 최우수작품상(2016),우민호,https://image.tmdb.org/t/p/w500/zlFp1a9HXpbyDBaNoS1euprLbLs.jpg,내부자들,0,0,58,0.0,3,N,,,Y,언급부족_데이터품질기준보존,정승길_v4,
st_04187,눈물의여왕,Queen of Tears,drama,김수현;김지원,일월수목원,자연/명소,경기 수원시 장안구 일월로 61,37.287781,126.976476,https://lh3.googleusercontent.com/place-photos/AG9NLjC6ISmIpfxQMsYSDHJ551xI3rVUSBouLdr2SAKLNQIyOgpEqTJv6S820K85yYmFk379fdcwfBXIwQEEFjuHWRAOiYaTp8ch8j8oHrYbTaS_JAjsVKwbv6G1cK1zzUb5n8udK5g5bSWDyrFnVQ=s4800-w800,https://map.naver.com/p/entry/place/1751677198,7화에서 백현우가 영숙이를 애타게 부르며 나는 솔로를 패러디하는 장면,https://kdramamap.com/location/%eb%88%88%eb%ac%bc%ec%9d%98%ec%97%ac%ec%99%95-%ec%9d%bc%ec%9b%94%ec%88%98%eb%aa%a9%ec%9b%90-7311/,2026-07-28,13,,,,김희원;장영우,https://image.tmdb.org/t/p/w500/3x8GHyMTMsuXVX8pZ1OhUUHgOBx.jpg,눈물의여왕,22,224,105,95.7,2,N,,,Y,언급2회이상_작품내상위15,정승길_v4,
st_20356,눈물의 여왕,Queen of Tears,drama,김수현;김지원;박성훈,용연리마을(용두리),마을,경북 문경시 문경읍 용연길 97-6,36.7772112014644,128.174225238258,,,백현우 고향 용두리 마을의 실제 배경으로 정자와 돌담길이 극중 모습 그대로 남아있다,https://traveltodrama.com/queen-of-tears-mungyeong-filming-locations-map/,2026-07-30,13,,,,김희원;장영우,https://image.tmdb.org/t/p/w500/3x8GHyMTMsuXVX8pZ1OhUUHgOBx.jpg,눈물의여왕,21,74,105,91.3,3,N,,,Y,언급2회이상_작품내상위15,정승길_v4,
st_04238,눈물의여왕,Queen of Tears,drama,김수현;김지원,더현대대구,,대구 중구 달구벌대로 2077,35.866630,128.590626,https://lh3.googleusercontent.com/place-photos/AG9NLjCaL3dE8N7MutHaMPpgaA6SKvCS5k-jrRls22mXnepMFRJKMCj91M9QMlGe9MxtnmS_7Wg11Ez6vgXZcAQ1yaTK7AlZB4vhVlRTOuwKWRwEjoZbD2612zFGltM3yWkPLKYOHZlVH28MINkciA=s4800-w800,https://map.naver.com/p/entry/place/1859082879,2화에서 홍해인이 파티에서 재벌 친구와 갈등을 겪던 중 백현우가 깜짝 등장하는 장면,https://kdramamap.com/location/%eb%88%88%eb%ac%bc%ec%9d%98%ec%97%ac%ec%99%95-%eb%8d%94%ed%98%84%eb%8c%80%eb%8c%80%ea%b5%ac-7362/,2026-07-28,13,,,,김희원;장영우,https://image.tmdb.org/t/p/w500/3x8GHyMTMsuXVX8pZ1OhUUHgOBx.jpg,눈물의여왕,11,31,105,47.8,5,N,,,Y,언급2회이상_작품내상위15,정승길_v4,
st_04198,눈물의여왕,Queen of Tears,drama,김수현;김지원,연풍순교성지,,충북 괴산군 연풍면 중앙로홍문2길 14,36.763874,127.993876,https://lh3.googleusercontent.com/place-photos/AG9NLjCDgKl3eVAhnPo4nuOxmnSEdba5r7JscNWUsi1GgfdQ4IRJC164jcUFqdqzeAgAWhn6qwgWW-R2aroXd9ljbJBZuzWoqcKhqOi3HeYUsZP6L4uGkda9y7wTMtlOMo_LDT0Tw2XA22z86Zqs5jdgAywEtg=s4800-w800,https://map.naver.com/p/entry/place/12950355,2화에서 홍해인과 백현우의 결혼식 성당 배경으로 등장하는 장면,https://kdramamap.com/location/%eb%88%88%eb%ac%bc%ec%9d%98%ec%97%ac%ec%99%95-%ec%97%b0%ed%92%8d%ec%88%9c%ea%b5%90%ec%84%b1%ec%a7%80-7322/,2026-07-28,13,,,,김희원;장영우,https://image.tmdb.org/t/p/w500/3x8GHyMTMsuXVX8pZ1OhUUHgOBx.jpg,눈물의여왕,11,20,105,47.8,6,N,,,Y,언급2회이상_작품내상위15,정승길_v4,
st_04299,뉴토피아,Newtopia,drama,박정민,강남대로,도로,서울 서초구 강남대로 565,37.512224,127.020313,https://lh3.googleusercontent.com/place-photos/AG9NLjBAa1G1bDYPJicFg4BKtAwCh_DjMnFprLDCT9bekEA5Nw4p5UFmwH0hn-8WB_WvL4zlUVDdF0o-7pWFrDbWmdSwr1tdAMTmNCM5L1KQGrPOI-FkUYTiNTUOEsA_iAxIjhBW8bqVKfgKsIxTcZ0=s4800-w800,,초반부 재윤이 도심 한복판에서 좀비 사태를 목격하는 장면,https://kdramamap.com/location/%eb%89%b4%ed%86%a0%ed%94%bc%ec%95%84-%ea%b0%95%eb%82%a8%eb%8c%80%eb%a1%9c-11819/;https://haechi-travel.tistory.com/278;https://english.lynntop.com/%EB%89%B4%ED%86%A0%ED%94%BC%EC%95%84-english/,2026-07-28,61,,,,윤성현,https://image.tmdb.org/t/p/w500/ilBndopP8kfpmhmlWDoR6xs5fKa.jpg,뉴토피아,10,22,36,100.0,1,N,,,Y,언급2회이상_작품내상위15,정승길_v4,
st_04281,뉴토피아,Newtopia,drama,박정민,서강대교,다리,서울 영등포구 여의도동 83-1,37.535855,126.924794,https://lh3.googleusercontent.com/place-photos/AG9NLjBW7e2nL7q0AWZAzrRj369HKqacbnp6q2ybze8s2c2GUwdaonLSl-_hQHqSmoieAxLbZwGKf0i0JwQgmWLT9AYFJ5OYLk_t3UyYIoeo3Om6bwHLkIMgonerx-UBdeDuP5Ov206fBmod1Aw54Q=s4800-w800,https://map.naver.com/p/entry/place/18999808,1화와 8화에서 좀비 사태로 폐허가 된 서울을 보여주는 장면,https://kdramamap.com/location/%eb%89%b4%ed%86%a0%ed%94%bc%ec%95%84-%ec%84%9c%ea%b0%95%eb%8c%80%ea%b5%90-11801/;https://haechi-travel.tistory.com/278;https://english.lynntop.com/%EB%89%B4%ED%86%A0%ED%94%BC%EC%95%84-english/,2026-07-28,61,,,,윤성현,https://image.tmdb.org/t/p/w500/ilBndopP8kfpmhmlWDoR6xs5fKa.jpg,뉴토피아,7,17,36,70.0,2,N,,,Y,언급2회이상_작품내상위15,정승길_v4,
st_04283,뉴토피아,Newtopia,drama,박정민,다소유,음식점,서울 영등포구 영중로 97,37.525009,126.905151,https://lh3.googleusercontent.com/place-photos/AG9NLjBO3l70ExKj7a4zGBKCpaxQjsHpHatI2gr_6_xZ9BQk2vXwhjwN61pi9qCMOpyCdnsBeH1GT-E9Tj9uDk23fzSCtwnjlAiy6OL66UBqMLBCGkcTE60FN9yDiLp2By0WHWn32RO0d10NQPVrMzdNG5emtQ=s4800-w800,https://map.naver.com/p/entry/place/37005784,"3화, LP바 '다소유'가 촬영지로 등장하는 장면",https://kdramamap.com/location/%eb%89%b4%ed%86%a0%ed%94%bc%ec%95%84-%eb%8b%a4%ec%86%8c%ec%9c%a0-11803/;https://haechi-travel.tistory.com/278,2026-07-28,61,,,,윤성현,https://image.tmdb.org/t/p/w500/ilBndopP8kfpmhmlWDoR6xs5fKa.jpg,뉴토피아,5,36,36,50.0,3,N,,,Y,언급2회이상_작품내상위15,정승길_v4,
st_04295,뉴토피아,Newtopia,drama,박정민,서초중앙로31길,거리,서울 서초구 서초중앙로31길 18,37.499667,127.010334,,,,https://kdramamap.com/location/%eb%89%b4%ed%86%a0%ed%94%bc%ec%95%84-%ec%84%9c%ec%b4%88%ec%a4%91%ec%95%99%eb%a1%9c31%ea%b8%b8-11815/;https://haechi-travel.tistory.com/278,2026-07-28,61,,,,윤성현,https://image.tmdb.org/t/p/w500/ilBndopP8kfpmhmlWDoR6xs5fKa.jpg,뉴토피아,3,2,36,30.0,4,N,,,Y,언급2회이상_작품내상위15,,
st_04298,뉴토피아,Newtopia,drama,박정민,고속터미널역,역/교통,서울 서초구 신반포로 지하 188,37.504927,127.004950,https://lh3.googleusercontent.com/place-photos/AG9NLjAWECsP3DFJv07A2C3pdEwqVvbGjny8d0HXyfokrT8g9gohhT1ZQwQIPk06M9ClTG9wJjm2vfzlUOAVGgjxSs0Pc-iED0BBRq48Dk0cQEVJemHPTovBVe6BgGZ8q3tgy7HJkn8GxVIMNBFRWQ=s4800-w800,https://map.naver.com/p/entry/place/13479417,3화에서 좀비 사태가 번진 고속터미널 일대로 등장하는 장면,https://kdramamap.com/location/%eb%89%b4%ed%86%a0%ed%94%bc%ec%95%84-%ea%b3%a0%ec%86%8d%ed%84%b0%eb%af%b8%eb%84%90%ec%97%ad-11818/;https://haechi-travel.tistory.com/278,2026-07-28,61,,,,윤성현,https://image.tmdb.org/t/p/w500/ilBndopP8kfpmhmlWDoR6xs5fKa.jpg,뉴토피아,2,2,36,20.0,5,N,,,Y,언급2회이상_작품내상위15,정승길_v4,
st_04408,다이루어질지니,"Genie, Make a Wish",drama,김우빈;수지,의림지,호수(관광명소),충북 제천시 모산동 241,37.173135,128.210616,https://lh3.googleusercontent.com/place-photos/AG9NLjByk-48Hy1yZBwW4wqL3FRuIlR1iV1Z_T3UVsTlyL3cL1_yqfStlo6rVhTfgEqo_tWXZWgIA5D--fXUibLd9iRUuBWe70kQqDQ96BwXy8FFhjIvODVdofCPxKtYUTNJ3Z9ZWhfeNn0tYCtN7R8=s4800-w800,https://map.naver.com/p/entry/place/34581389,9화에서 지니와 가영이 찾아가는 밤호수이자 벽 낙서를 이야기하는 장면으로 나온다.,https://kdramamap.com/location/%eb%8b%a4%ec%9d%b4%eb%a3%a8%ec%96%b4%ec%a7%88%ec%a7%80%eb%8b%88-%ec%9d%98%eb%a6%bc%ec%a7%80-11927/;https://haechi-travel.tistory.com/412,2026-07-28,43,20,,,이병헌;안길호,https://image.tmdb.org/t/p/w500/zq84x5kmwomvmmJ03hzl389UGeb.jpg,다이루어질지니,18,185,63,100.0,1,N,,,Y,언급2회이상_작품내상위15,정승길_v4,
st_04425,다이루어질지니,"Genie, Make a Wish",drama,김우빈;수지,대통교,교량,충남 공주시 감영길 15,36.452968,127.123008,https://lh3.googleusercontent.com/place-photos/AG9NLjBsHtafi10JeLJZRdEyo-onKiAZWTuzTOOBOVw23c4D9KDieITvkptlrNxZBK3ireQT1odj9cbTSV9fXB5Sjg63cSlBRwUGUyZHqrij-06YnXxnBmKTtt1rzNZIOLzvCvukhIUYrMK4K7nqBf0=s4800-w800,https://map.naver.com/p/entry/place/17694341,지니와 가영이 마을 사람들과 만나는 장면으로 나온다.,https://kdramamap.com/location/%eb%8b%a4%ec%9d%b4%eb%a3%a8%ec%96%b4%ec%a7%88%ec%a7%80%eb%8b%88-%eb%8c%80%ed%86%b5%ea%b5%90-11944/;https://haechi-travel.tistory.com/412,2026-07-28,43,20,,,이병헌;안길호,https://image.tmdb.org/t/p/w500/zq84x5kmwomvmmJ03hzl389UGeb.jpg,다이루어질지니,6,17,63,33.3,4,N,,,Y,언급2회이상_작품내상위15,정승길_v4,
st_04417,다이루어질지니,"Genie, Make a Wish",drama,김우빈;수지,제천역,역/교통,충북 제천시 의림대로 1,37.128879,128.204290,https://lh3.googleusercontent.com/place-photos/AG9NLjALQpb8p-tw1aMlGjCx3apU3X-jZstBSLgfjQPJaFjEkMsLWISXiuAd78CSnHzAC-Dsvsts1PkjdQjZV4M-i8Y6uE6Tcj-_y_jLf6Sb19xD8SVatnUk8XTwFcucY1FeiGGb0WPwVp8MzWvRkQ=s4800-w800,https://map.naver.com/p/entry/place/11636737,6화에서 제천역 광장에서 지니가 낯선 사람에게 질문받는 장면이 나온다.,https://kdramamap.com/location/%eb%8b%a4%ec%9d%b4%eb%a3%a8%ec%96%b4%ec%a7%88%ec%a7%80%eb%8b%88-%ec%a0%9c%ec%b2%9c%ec%97%ad-11936/;https://haechi-travel.tistory.com/412,2026-07-28,43,20,,,이병헌;안길호,https://image.tmdb.org/t/p/w500/zq84x5kmwomvmmJ03hzl389UGeb.jpg,다이루어질지니,5,11,63,27.8,5,N,,,Y,언급2회이상_작품내상위15,정승길_v4,
st_04420,다이루어질지니,"Genie, Make a Wish",drama,김우빈;수지,짱구네슈퍼,,충북 옥천군 청산면 지전1길 39,36.347263,127.792006,https://lh3.googleusercontent.com/place-photos/AG9NLjDFqGZhkwamPxv3nkpHmN9pO6WaKfk80cGO1FsDceeeviWY5edHri5KHhj0xRA6kyc63McXgK28hkz7iKfQXdWfZo6-zOFh8pCQhO7NFHnbkXSzeTr59LsbnRK3O6eMan3MRtYre7YsTzKrWg=s4800-w800,https://map.naver.com/p/entry/place/2008198424,지니가 맥주를 마시며 오락을 하다 게임 중독에 빠지는 도깨비문구점 장면으로 나온다.,https://kdramamap.com/location/%eb%8b%a4%ec%9d%b4%eb%a3%a8%ec%96%b4%ec%a7%88%ec%a7%80%eb%8b%88-%ec%a7%b1%ea%b5%ac%eb%84%a4%ec%8a%88%ed%8d%bc-11939/,2026-07-28,43,20,,,이병헌;안길호,https://image.tmdb.org/t/p/w500/zq84x5kmwomvmmJ03hzl389UGeb.jpg,다이루어질지니,5,10,63,27.8,6,N,,,Y,언급2회이상_작품내상위15,정승길_v4,
st_04410,다이루어질지니,"Genie, Make a Wish",drama,김우빈;수지,뜰906,,충북 제천시 죽하로11안길 14,37.157370,128.223800,https://lh3.googleusercontent.com/place-photos/AG9NLjAqktXkYwPoqbhV5khUS85osRKL6mDCENPiaAgny5i9zoMkEOmJHI6jX9nNsZ5qSX0KCk_A3TKRBJCGmZY7mLwFBXE7BWIOpaKJySd0nW0123ozy60gWvUc0tQqSeouBinM0-2BTLMU_xy5aw=s4800-w800,,안은진과 이주영이 만나는 마카롱 카페 장면으로 나온다.,https://kdramamap.com/location/%eb%8b%a4%ec%9d%b4%eb%a3%a8%ec%96%b4%ec%a7%88%ec%a7%80%eb%8b%88-%eb%9c%b0906-11929/,2026-07-28,43,20,,,이병헌;안길호,https://image.tmdb.org/t/p/w500/zq84x5kmwomvmmJ03hzl389UGeb.jpg,다이루어질지니,5,8,63,27.8,7,N,,,Y,언급2회이상_작품내상위15,정승길_v4,
st_20373,다 이루어질지니,Genie Make A Wish,drama,김우빈;수지,감영길,거리,충남 공주시 반죽동 170-1,36.4528542938369,127.12284734673,,,공주시 감영길 제민천 석등이 있는' 대통교' 위에서 촬영된 장면이에요.,https://haechi-travel.tistory.com/412,2026-07-30,43,20,,,이병헌;안길호,https://image.tmdb.org/t/p/w500/zq84x5kmwomvmmJ03hzl389UGeb.jpg,다이루어질지니,5,7,63,27.8,8,N,,,Y,언급2회이상_작품내상위15,블로그크롤링_2026-08-01,https://blog.naver.com/holicmu/224032747275
st_20372,다 이루어질지니,Genie Make A Wish,drama,김우빈;수지,미술관 자작나무숲,미술관,강원 횡성군 우천면 두곡리 5,37.4927626005527,128.050002973568,https://lh3.googleusercontent.com/place-photos/AG9NLjDvfo4XL-Zo0kIm25l7jKyGvTcxdlnyvE6CJyZnnUkLjv3O_tdN_ifChJL4htzk9bar54EmBSiYUf82q7dayh8wStwpi2miRwz-IM3RU2wj0YSbT9oSqAG4Majy50_H_NRV1A4mwiBbGOhVijQ=s4800-w800,https://map.naver.com/p/entry/place/11664574,극 중 엄상태의 청풍마을 숲속 산장 펜션은 강원도 횡성 미술관 자작나무숲에서 촬영되었어요.,https://haechi-travel.tistory.com/412,2026-07-30,43,20,,,이병헌;안길호,https://image.tmdb.org/t/p/w500/zq84x5kmwomvmmJ03hzl389UGeb.jpg,다이루어질지니,4,7,63,22.2,9,N,,,Y,언급2회이상_작품내상위15,블로그크롤링_2026-08-01,https://blog.naver.com/holicmu/224032747275
st_04391,다이루어질지니,"Genie, Make a Wish",drama,김우빈;수지,윤숙이네감자탕,,경기 파주시 적성면 청송로 1050,37.955535,126.921385,https://lh3.googleusercontent.com/place-photos/AG9NLjCiSa1SiIy-im6dZPr58eUl3miMkfiqjrlh-PQKqEDFgTetMkF3-eAwfG4q4jhjgcuLr-NjitlQW3Vcvby5yCiPX0HHNzbL1YgJmd3nB5YJC-7RtZlpYsgU3fTpV0_lUWDl-fda3H0SMsNoEm0rLsQlfA=s4800-w800,https://map.naver.com/p/entry/place/32209813,가영과 민지가 매주 수요일마다 감자탕을 먹으러 가는 단골집 장면으로 나온다.,https://kdramamap.com/location/%eb%8b%a4%ec%9d%b4%eb%a3%a8%ec%96%b4%ec%a7%88%ec%a7%80%eb%8b%88-%ec%9c%a4%ec%88%99%ec%9d%b4%eb%84%a4%ea%b0%90%ec%9e%90%ed%83%95-11910/,2026-07-28,43,20,,,이병헌;안길호,https://image.tmdb.org/t/p/w500/zq84x5kmwomvmmJ03hzl389UGeb.jpg,다이루어질지니,4,7,63,22.2,10,N,,,Y,언급2회이상_작품내상위15,정승길_v4,
st_04413,다이루어질지니,"Genie, Make a Wish",drama,김우빈;수지,이디야커피 제천의림점,카페,충북 제천시 칠성로 74,37.143131,128.212804,https://lh3.googleusercontent.com/place-photos/AG9NLjAAsjaEE5nfuD0n0pcA7PpMFHHjg1Iq1AItbbpTyEQnAUriXMx3ynUYgyd1EPAlzrbeTK6xce8Vo-9ZsHQnMQLxY9fsnon3eSnk_J0tMQODIsCMYgM5HfJZfc_J0-WfO0GvGidRSmEciWUD=s4800-w800,https://map.naver.com/p/entry/place/1413068498,"극중 자주 등장하는 이디야 커피 장면으로, 제천의림점이 촬영장소로 쓰였다.",https://kdramamap.com/location/%eb%8b%a4%ec%9d%b4%eb%a3%a8%ec%96%b4%ec%a7%88%ec%a7%80%eb%8b%88-%ec%9d%b4%eb%94%94%ec%95%bc%ec%bb%a4%ed%94%bc-%ec%a0%9c%ec%b2%9c%ec%9d%98%eb%a6%bc%ec%a0%90-11932/;https://haechi-travel.tistory.com/412,2026-07-28,43,20,,,이병헌;안길호,https://image.tmdb.org/t/p/w500/zq84x5kmwomvmmJ03hzl389UGeb.jpg,다이루어질지니,4,6,63,22.2,11,N,,,Y,언급2회이상_작품내상위15,정승길_v4,
st_04382,다이루어질지니,"Genie, Make a Wish",drama,김우빈;수지,하나로마트 창동점,마트,서울 도봉구 마들로11길 20,37.655111,127.050831,,https://map.naver.com/p/entry/place/13534059,극 중 가영과 지니가 함께 장을 보러 마트에 들르는 장면,https://kdramamap.com/location/%eb%8b%a4%ec%9d%b4%eb%a3%a8%ec%96%b4%ec%a7%88%ec%a7%80%eb%8b%88-%ed%95%98%eb%82%98%eb%a1%9c%eb%a7%88%ed%8a%b8-%ec%b0%bd%eb%8f%99%ec%a0%90-11901/;https://haechi-travel.tistory.com/412,2026-07-28,43,20,,,이병헌;안길호,https://image.tmdb.org/t/p/w500/zq84x5kmwomvmmJ03hzl389UGeb.jpg,다이루어질지니,4,6,63,22.2,12,N,,,Y,언급2회이상_작품내상위15,정승길_v4,
st_04390,다이루어질지니,"Genie, Make a Wish",drama,김우빈;수지,인스파이어리조트,호텔/숙박,인천 영종구 공항문화로 127,37.465530,126.389118,,https://map.naver.com/p/entry/place/1134447143,재규어 세이드와 지니가 등장하는 두바이 장면의 실제 배경으로 나온다.,https://kdramamap.com/location/%eb%8b%a4%ec%9d%b4%eb%a3%a8%ec%96%b4%ec%a7%88%ec%a7%80%eb%8b%88-%ec%9d%b8%ec%8a%a4%ed%8c%8c%ec%9d%b4%ec%96%b4%eb%a6%ac%ec%a1%b0%ed%8a%b8-11909/,2026-07-28,43,20,,,이병헌;안길호,https://image.tmdb.org/t/p/w500/zq84x5kmwomvmmJ03hzl389UGeb.jpg,다이루어질지니,4,5,63,22.2,13,N,,,Y,언급2회이상_작품내상위15,정승길_v4,
st_04441,다이루어질지니,"Genie, Make a Wish",drama,김우빈;수지,합천영상테마파크,테마파크,경남 합천군 용주면 합천호수로 757,35.548407,128.072840,https://lh3.googleusercontent.com/place-photos/AG9NLjCv95QlhIEWg6AKF3e7x2f_VFlm2cYnuBlrYHWJeWRLfu0t24rbKP_rwVvKDaAz0tlsFNtEJRaZLjb0kyZVvFFzhN-tAKY-pK0vdjjqOsnfzRlOx8tAVfwftPLg9UXCQOh4fW8d_msTS0Brpxg=s4800-w800,https://map.naver.com/p/entry/place/13291032,극 중 세이드와 가영의 전생 시절을 보여주는 과거 장면,https://kdramamap.com/location/%eb%8b%a4%ec%9d%b4%eb%a3%a8%ec%96%b4%ec%a7%88%ec%a7%80%eb%8b%88-%ed%95%a9%ec%b2%9c%ec%98%81%ec%83%81%ed%85%8c%eb%a7%88%ed%8c%8c%ed%81%ac-11949/;https://haechi-travel.tistory.com/412,2026-07-28,43,20,,,이병헌;안길호,https://image.tmdb.org/t/p/w500/zq84x5kmwomvmmJ03hzl389UGeb.jpg,다이루어질지니,4,4,63,22.2,14,N,,,Y,언급2회이상_작품내상위15,정승길_v4,
st_04423,다이루어질지니,"Genie, Make a Wish",drama,김우빈;수지,공주중앙신협 본점,,충남 공주시 무령로 212,36.456367,127.123407,,https://map.naver.com/p/entry/place/17417605,구보경이 일하는 CH신용금고 장면으로 나온다.,https://kdramamap.com/location/%eb%8b%a4%ec%9d%b4%eb%a3%a8%ec%96%b4%ec%a7%88%ec%a7%80%eb%8b%88-%ea%b3%b5%ec%a3%bc%ec%a4%91%ec%95%99%ec%8b%a0%ed%98%91-%eb%b3%b8%ec%a0%90-11942/,2026-07-28,43,20,,,이병헌;안길호,https://image.tmdb.org/t/p/w500/zq84x5kmwomvmmJ03hzl389UGeb.jpg,다이루어질지니,3,12,63,16.7,15,N,,,Y,언급2회이상_작품내상위15,정승길_v4,
st_20092,달의연인-보보경심 려,Moon Lovers: Scarlet Heart Ryeo,drama,이준기;아이유;강하늘,월화원(수원 효원공원),촬영지,경기도 수원시 팔달구 동수원로 399,37.2649062083029,127.039457090913,https://lh3.googleusercontent.com/place-photos/AG9NLjD_BevPfCrNPaQA_1Xf2TjtYy6iZp5U-R5Go4n78J8kyUj8n0DQCZf0D43Kp8QpSWj5DSisYNnwn3rLv-PbZCJ7d12Ydvak-l0d-4fKr37sgus2EGO6iTbiu0Zo3eChVHGeoXv_E_GDgf3q-Q=s4800-w800,https://map.naver.com/p/entry/place/13491854,극 중 여러 회차에서 인물들이 머무는 정원 배경으로 등장하는 장면,https://creatrip.com/en/blog/9957,2026-07-30,54,,,,김규태,https://image.tmdb.org/t/p/w500/7Ji4MvbqOnAnwGJV5Z953AkuE0X.jpg,달의연인보보경심려,11,112,13,100.0,1,N,,,Y,언급2회이상_작품내상위15,정승길_v4,
st_20097,달의연인-보보경심 려,Moon Lovers: Scarlet Heart Ryeo,drama,이준기;아이유;강하늘,밀양 위양지(위양못),촬영지,경상남도 밀양시 부북면 위양리 279-2,35.5467190304711,128.717502064325,,,야외 풍경 장면의 배경으로 등장,https://www.grandculture.net/miryang/multimedia/GC087P05429,2026-07-30,54,,,,김규태,https://image.tmdb.org/t/p/w500/7Ji4MvbqOnAnwGJV5Z953AkuE0X.jpg,달의연인보보경심려,4,5,13,36.4,2,N,,,Y,언급2회이상_작품내상위15,정승길_v4,
st_20103,달의연인-보보경심 려,Moon Lovers: Scarlet Heart Ryeo,drama,이준기;아이유;강하늘,경산 반곡지,촬영지,경상북도 경산시 남산면 반곡리 246,35.7804593618526,128.806655040703,https://lh3.googleusercontent.com/place-photos/AG9NLjA296d0lSI5R0PcpA_qDLtv_FNk0ve-lcHQosC1rRNvJrmaH3G6eROKQb9_6cci7M6zMMYXuPOlkNO0Lg2jHpbiF7JWu-Rn0rFLvhKtkqTljNuIMhJB7i4mteBwOzx9hBvsbbRnIDMuBcLY_A=s4800-w800,https://map.naver.com/p/entry/place/1625508165,마지막 회에서 왕소가 해수를 업고 뛰는 장면을 촬영한 곳,https://namu.wiki/w/달의 연인 - 보보경심 려,2026-07-30,54,,,,김규태,https://image.tmdb.org/t/p/w500/7Ji4MvbqOnAnwGJV5Z953AkuE0X.jpg,달의연인보보경심려,2,9,13,18.2,3,N,,,Y,언급2회이상_작품내상위15,정승길_v4,
st_20102,달의연인-보보경심 려,Moon Lovers: Scarlet Heart Ryeo,drama,이준기;아이유;강하늘,구례 사성암,촬영지,전라남도 구례군 문척면 사성암길 303,35.1801334135705,127.480605665028,,https://map.naver.com/p/entry/place/13322411,3화에서 해수가 왕욱 집 뒷산 돌탑에서 홀로 어머니를 그리며 기도하는 장면,https://namu.wiki/w/달의 연인 - 보보경심 려,2026-07-30,54,,,,김규태,https://image.tmdb.org/t/p/w500/7Ji4MvbqOnAnwGJV5Z953AkuE0X.jpg,달의연인보보경심려,2,1,13,18.2,4,N,,,Y,언급2회이상_작품내상위15,정승길_v4,
st_04939,당신이잠든사이에,While You Were Sleeping,drama,이종석;배수지;정해인,자도르 본점,,경기 안산시 단원구 광덕대로 161,37.310996,126.829110,,,극 중 정재찬(이종석)과 남홍주(배수지)가 즐겨 찾는 카페 장면으로 반복 등장하는 곳,https://kdramamap.com/location/%eb%8b%b9%ec%8b%a0%ec%9d%b4%ec%9e%a0%eb%93%a0%ec%82%ac%ec%9d%b4%ec%97%90-%ec%9e%90%eb%8f%84%eb%a5%b4-%eb%b3%b8%ec%a0%90-500/,2026-07-28,67,,,,오충환,https://image.tmdb.org/t/p/w500/vtyzRkxPl3Y6bC5DgUDZ1sLb8Fs.jpg,당신이잠든사이에,2,20,38,100.0,1,N,,,Y,언급2회이상_작품내상위15,정승길_v4,
st_20404,당신이 잠든 사이에,While You Were Sleeping,drama,이종석;배수지;정해인,삼척해수욕장,해수욕장,강원 삼척시 갈천동 14-22,37.4683792,129.16873,,https://map.naver.com/p/entry/place/11491725,,https://ififollowme.blogspot.com/2017/11/while-you-were-sleeping-all-filming.html;https://vvish.tistory.com/233,2026-07-30,67,,,,오충환,https://image.tmdb.org/t/p/w500/vtyzRkxPl3Y6bC5DgUDZ1sLb8Fs.jpg,당신이잠든사이에,1,3,38,50.0,2,N,,,Y,언급부족_데이터품질기준보존,,
st_20402,당신이 잠든 사이에,While You Were Sleeping,drama,이종석;배수지;정해인,안성팜랜드,체험목장,경기 안성시 공도읍 대신두길 28,36.9913166187,127.1935165577,https://lh3.googleusercontent.com/place-photos/AG9NLjCTy3ckSDH_s3R2fNbM364_ZrMAoooXGieNIiOaxsB-lJdZpF3Jvatzm8OJTBv9ZE5dAv02A9jCbskbtgxma0vqi7i30rm4YZ-JR7IOILPNK9zShIMg78sD7Tzu8hzzQBdEOUSErLwhXQU1=s4800-w800,,,https://ififollowme.blogspot.com/2017/11/while-you-were-sleeping-all-filming.html;https://vvish.tistory.com/233,2026-07-30,67,,,,오충환,https://image.tmdb.org/t/p/w500/vtyzRkxPl3Y6bC5DgUDZ1sLb8Fs.jpg,당신이잠든사이에,1,2,38,50.0,3,N,,,Y,언급부족_데이터품질기준보존,,
st_05099,더글로리,The Glory,drama,송혜교;이도현;임지연;염혜란,청라호수공원(청라원),자연/명소,인천 서해구 크리스탈로 59,37.530563,126.636323,https://lh3.googleusercontent.com/place-photos/AG9NLjBOdwUtJ354QPzj_P1cbnPCPpNZ6kVoahWQhtWNCyWfiYcW5rCVmknp-ozBpmQ9jjMBNi0IyMRIZpxbLg42iTz7rVKBFLpRCO4T4_tj0R_vEEIcc9bENVcsPst77yi_xUUFg_4KBA90e9qMxQ=s4800-w800,,"하도영이 조성한 바둑공원으로, 동은과 도영이 바둑을 두던 곳.",https://kdramamap.com/location/%eb%8d%94%ea%b8%80%eb%a1%9c%eb%a6%ac-%ec%b2%ad%eb%9d%bc%ed%98%b8%ec%88%98%ea%b3%b5%ec%9b%90-%ec%b2%ad%eb%9d%bc%ec%9b%90-3591/;https://secretseoul.com/the-glory-location/;https://blog.naver.com/eom81,2026-07-28,3,,,,안길호,https://image.tmdb.org/t/p/w500/v2PhLwwWkeodAuF1ePtlIn5m2VI.jpg,더글로리,10,92,51,100.0,1,N,,,Y,언급2회이상_작품내상위15,정승길_v4,
st_05165,더글로리,The Glory,drama,송혜교;이도현;임지연;염혜란,용화사,사찰,충북 청주시 서원구 무심서로 565,36.641883,127.482044,https://lh3.googleusercontent.com/place-photos/AG9NLjB6Po1w_6dS0ht943uND94oegxy2fYO59n1fLqNYysh6BfqqxwuDnQzXsFQjKqf3GO6-xXaXRmUg8sftVue1pPhu43cKLm78Hw6ApvIg0F6VbqOONsIZIkSr0rQ1S-xXnQ_g7sCOQiPvEk3=s4800-w800,https://map.naver.com/p/entry/place/12810340,동은이 최혜정의 예비 시어머니와 마주하며 무릎 꿇리는 장면을 찍은 절.,https://kdramamap.com/location/%eb%8d%94%ea%b8%80%eb%a1%9c%eb%a6%ac-%ec%9a%a9%ed%99%94%ec%82%ac-3657/;https://creatrip.com/en/news/13290;https://secretseoul.com/the-glory-location/,2026-07-28,3,,,,안길호,https://image.tmdb.org/t/p/w500/v2PhLwwWkeodAuF1ePtlIn5m2VI.jpg,더글로리,9,72,51,90.0,2,N,,,Y,언급2회이상_작품내상위15,정승길_v4,
st_05095,더글로리,The Glory,drama,송혜교;이도현;임지연;염혜란,멍때림,카페,인천 강화군 화도면 해안남로 1970-34,37.607207,126.410105,https://lh3.googleusercontent.com/place-photos/AG9NLjAntvDSk2TGXbvzgr57QcONW4UNfkmneNhcZZSnbYJzhWktOExZUpgb6C7ROaTRlfFWzYIvFfFelMeBUQ3CgQ8qia-oLyL5USjsxBJ5DjJ74Jlgv7nm7caK8eNLAXk84WhKJVXTD2EpY-mMVw=s4800-w800,https://map.naver.com/p/entry/place/1749255733,이사라의 작업실이자 연진·사라·혜정 세 사람의 아지트로 쓰인 카페.,https://kdramamap.com/location/%eb%8d%94%ea%b8%80%eb%a1%9c%eb%a6%ac-%eb%a9%8d%eb%95%8c%eb%a6%bc-3587/;https://creatrip.com/en/news/13290,2026-07-28,3,,,,안길호,https://image.tmdb.org/t/p/w500/v2PhLwwWkeodAuF1ePtlIn5m2VI.jpg,더글로리,8,47,51,80.0,3,N,,,Y,언급2회이상_작품내상위15,정승길_v4,
st_05171,더글로리,The Glory,drama,송혜교;이도현;임지연;염혜란,세종호수공원,공원,세종 연기면 세종리 114-380,36.4991657,127.270145,https://lh3.googleusercontent.com/place-photos/AG9NLjDh-CM29Uc5BKtSOpyUGrWbtzh_0pFwljUMPWqZjqTeGsMSTq2T7zRU0n_luiRyQrL53HIehxWI81JcoUj4g_cCSfDyhVv8xvs-LAqLIK8xV-aQLoUnehZDCtjY96o8Jo7hhc-PncTHzN_rnA=s4800-w800,https://map.naver.com/p/entry/place/32449504,동은과 강현남이 자료를 주고받는 장면을 찍은 공원으로 등장.,https://kdramamap.com/location/%eb%8d%94%ea%b8%80%eb%a1%9c%eb%a6%ac-%ec%84%b8%ec%a2%85%ed%98%b8%ec%88%98%ea%b3%b5%ec%9b%90-3663/,2026-07-28,3,,,,안길호,https://image.tmdb.org/t/p/w500/v2PhLwwWkeodAuF1ePtlIn5m2VI.jpg,더글로리,5,20,51,50.0,4,N,,,Y,언급2회이상_작품내상위15,정승길_v4,
st_05162,더글로리,The Glory,drama,송혜교;이도현;임지연;염혜란,청주중앙공원,공원,충북 청주시 상당구 남사로 117,36.632975,127.487779,https://lh3.googleusercontent.com/place-photos/AG9NLjDsTccdn0vCjbus9MBlVLwcOU2oRtycm_PxQmlxSGVAy-TeHtGy3Yz_COb3IlBSMhPgViRs316Rf4N0uJKrEEB31pn0Z4bKE8QXVsP7qhWyp7NOHGfK4UKnqzwtXM6bMiTaMIQfxBnA9bHjWZE=s4800-w800,https://map.naver.com/p/entry/place/19707842,동은이 여정에게 오랜 시간 바둑을 배우던 은행나무 아래 공원으로 등장.,https://kdramamap.com/location/%eb%8d%94%ea%b8%80%eb%a1%9c%eb%a6%ac-%ec%b2%ad%ec%a3%bc%ec%a4%91%ec%95%99%ea%b3%b5%ec%9b%90-3654/;https://creatrip.com/en/news/13290;https://secretseoul.com/the-glory-location/,2026-07-28,3,,,,안길호,https://image.tmdb.org/t/p/w500/v2PhLwwWkeodAuF1ePtlIn5m2VI.jpg,더글로리,5,17,51,50.0,5,N,,,Y,언급2회이상_작품내상위15,정승길_v4,
st_05085,더글로리,The Glory,drama,송혜교;이도현;임지연;염혜란,태릉설렁탕,음식점,서울 중랑구 공릉로 65,37.616462,127.079321,,,4화에서 동은이 손명오를 만나 정보를 거래하던 국밥집으로 등장.,https://kdramamap.com/location/%eb%8d%94%ea%b8%80%eb%a1%9c%eb%a6%ac-%ed%83%9c%eb%a6%89%ec%84%a4%eb%a0%81%ed%83%95-3577/;https://creatrip.com/en/news/13290,2026-07-28,3,,,,안길호,https://image.tmdb.org/t/p/w500/v2PhLwwWkeodAuF1ePtlIn5m2VI.jpg,더글로리,4,16,51,40.0,6,N,,,Y,언급2회이상_작품내상위15,정승길_v4,
st_05151,더글로리,The Glory,drama,송혜교;이도현;임지연;염혜란,에덴파라다이스호텔,호텔/숙박,경기 이천시 마장면 서이천로 449-79,37.261442,127.394528,https://lh3.googleusercontent.com/place-photos/AG9NLjCAHhaYGfibyqdsq2qRvUbLwwh9YgZYlpluE3R6Qpo5Pv1TjiFw0e-bQtEt1B_p83DhNTIaBEov4RymWwpbw9OT1hofd1I5XAcUAC537sCV_4nGV4DnlpDxr1uHf6F9dnk_hixnqKOhr4AVpqZBItEdfA=s4800-w800,https://map.naver.com/p/entry/place/151818813,박연진과 하도영의 초호화 야외 결혼식이 열린 호텔로 등장.,https://kdramamap.com/location/%eb%8d%94%ea%b8%80%eb%a1%9c%eb%a6%ac-%ec%97%90%eb%8d%b4%ed%8c%8c%eb%9d%bc%eb%8b%a4%ec%9d%b4%ec%8a%a4%ed%98%b8%ed%85%94-3643/,2026-07-28,3,,,,안길호,https://image.tmdb.org/t/p/w500/v2PhLwwWkeodAuF1ePtlIn5m2VI.jpg,더글로리,4,10,51,40.0,7,N,,,Y,언급2회이상_작품내상위15,정승길_v4,
st_05116,더글로리,The Glory,drama,송혜교;이도현;임지연;염혜란,선경중화요리,,경기 파주시 조리읍 통일로 331,37.744481,126.807839,https://lh3.googleusercontent.com/place-photos/AG9NLjCP_nOQpB2ooIWc68_stHoyCAgNrv-vJc5YmTHSxvVkJgnxkSAEFnqaD0Tm_z1cpXfAK13JRQ4qnmFMufVEYcrFFEPWXrP6ac-RGZ7s25fXKg1O0oh29bQSNTto0ZMAW78h2WoGjlc45OskM1c=s4800-w800,https://map.naver.com/p/entry/place/1934482830,동은 어머니가 여정에게 만나자는 문자를 보내는 중국집으로 등장.,https://kdramamap.com/location/%eb%8d%94%ea%b8%80%eb%a1%9c%eb%a6%ac-%ec%84%a0%ea%b2%bd%ec%a4%91%ed%99%94%ec%9a%94%eb%a6%ac-3608/,2026-07-28,3,,,,안길호,https://image.tmdb.org/t/p/w500/v2PhLwwWkeodAuF1ePtlIn5m2VI.jpg,더글로리,3,23,51,30.0,8,N,,,Y,언급2회이상_작품내상위15,정승길_v4,
st_05126,더글로리,The Glory,drama,송혜교;이도현;임지연;염혜란,오달통분식,음식점,경기 김포시 북변중로65번길 56,37.624678,126.710582,https://lh3.googleusercontent.com/place-photos/AG9NLjDJeX3_7prkpfbrUnUkzrJi4a5THlz-T7WQ0pywVg3ojdqTcf653GCq2Oa_f-SXNrPt-6PtHPvVojvB7FmnRtISqWPQjYbRt1ZYtwYez-hI-SsBjgbqC5QqQJ7cDzWMYA3pxmerLWAcJkixo9WsJwA_aA=s4800-w800,https://map.naver.com/p/entry/place/18572868,동은이 구성희와 밀린 이야기를 나누는 분식점으로 등장.,https://kdramamap.com/location/%eb%8d%94%ea%b8%80%eb%a1%9c%eb%a6%ac-%ec%98%a4%eb%8b%ac%ed%86%b5%eb%b6%84%ec%8b%9d-3618/,2026-07-28,3,,,,안길호,https://image.tmdb.org/t/p/w500/v2PhLwwWkeodAuF1ePtlIn5m2VI.jpg,더글로리,2,4,51,20.0,9,N,,,Y,언급2회이상_작품내상위15,정승길_v4,
st_05174,더글로리,The Glory,drama,송혜교;이도현;임지연;염혜란,장흥교도소,,전남광주통합특별시 장흥군 장흥읍 원도리 191,34.687303,126.913304,,,여정 아버지의 살인범과 연진·연진 모가 수감된 교도소로 등장.,https://kdramamap.com/location/%eb%8d%94%ea%b8%80%eb%a1%9c%eb%a6%ac-%ec%9e%a5%ed%9d%a5%ea%b5%90%eb%8f%84%ec%86%8c-3666/,2026-07-28,3,,,,안길호,https://image.tmdb.org/t/p/w500/v2PhLwwWkeodAuF1ePtlIn5m2VI.jpg,더글로리,2,1,51,20.0,10,N,,,Y,언급2회이상_작품내상위15,정승길_v4,
st_20411,더킹,The King: Eternal Monarch,drama,이민호;김고은;우도환,아홉산숲,숲,부산광역시 기장군 철마면 미동길 37-1,35.287641,129.17092,https://lh3.googleusercontent.com/place-photos/AG9NLjDKBVW5djBjNHt6mvsAVor62RY4ZamtjFKrhvYyFzAK-miXw48JIlmfTPohTq_ARUjHikoI0YCP89l1t8lG6dI6kHtmWISXv10VNmcWEKQm-s0274DD421edhYNy17SbQYIqom6r-sF4agu8gc=s4800-w800,https://map.naver.com/p/entry/place/36513659,극 중 대한제국 황제 이곤이 대나무숲에서 두 세계를 잇는 차원의 문을 발견하는 장면,https://suzakufilm.tistory.com/1545;https://v.daum.net/v/20200421111514579?f=p;https://news.nate.com/view/20200507n04601?mid=n1101;https://www.hankyung.com/article/2020081869141,2026-07-30,58,,,,정지현;백상훈;유제원,https://image.tmdb.org/t/p/w500/iPQmB32MCKs6GPUYyX44K5P1Pux.jpg,더킹,21,152,79,100.0,1,N,,,Y,언급2회이상_작품내상위15,정승길_v4,
st_20412,더킹,The King: Eternal Monarch,drama,이민호;김고은;우도환,동백섬,공원,부산광역시 해운대구 우동 710-1,35.1539431141,129.1522899702,https://lh3.googleusercontent.com/place-photos/AG9NLjCpTlC2KmwvczUL0D_79ZCViK5MNKGbk9DeI2ttTtsYaXI8-iR2bimguVcyKAAEbznchGdgOxbi12jkRJBK6eGH8Q5FycJbTlNaZcbN6sCDc5QABV1QVcdB-ABRABowVbjwl82U3qPylwDa=s4800-w800,https://map.naver.com/p/entry/place/11491874,이곤이 다스리는 대한제국 황궁의 배경으로 등장하는 장소,https://suzakufilm.tistory.com/1545;https://v.daum.net/v/20200421111514579?f=p;https://news.nate.com/view/20200507n04601?mid=n1101,2026-07-30,58,,,,정지현;백상훈;유제원,https://image.tmdb.org/t/p/w500/iPQmB32MCKs6GPUYyX44K5P1Pux.jpg,더킹,5,20,79,23.8,2,N,,,Y,언급2회이상_작품내상위15,정승길_v4,
st_20414,더킹,The King: Eternal Monarch,drama,이민호;김고은;우도환,벡스코,전시장,부산광역시 해운대구 APEC로 55,35.1691716212,129.1362561626,https://lh3.googleusercontent.com/place-photos/AG9NLjD_QxbQZxHWc7i_Pv1pwtRKPVSa4qYKLag6theoFykHOIowqCm6giQsw5L1zVz9ZoOND-TI38_1nYlD3V-eoYvqV1UT_SjG2EYgwHtq36biARSHsS3dZf1yP_j4VfEhg2HuuZqIqurJVvN4JQ=s4800-w800,,,https://suzakufilm.tistory.com/1545;https://v.daum.net/v/20200421111514579?f=p;https://news.nate.com/view/20200507n04601?mid=n1101,2026-07-30,58,,,,정지현;백상훈;유제원,https://image.tmdb.org/t/p/w500/iPQmB32MCKs6GPUYyX44K5P1Pux.jpg,더킹,3,9,79,14.3,3,N,,,Y,언급2회이상_작품내상위15,,
st_20410,더킹,The King: Eternal Monarch,drama,이민호;김고은;우도환,사성암,사찰,전라남도 구례군 문척면 사성암길 303,35.1801200692,127.4806295192,https://lh3.googleusercontent.com/place-photos/AG9NLjAnhBc8tTbQ_0NGvVYmMyT8iZTEyFGvZqmawVF-K2TQjiP62-QJvWkK6gpjziSOODQf2gH5Kq4FT0Agk6qtotoi9_M7ZEWAATjm9ChCJFDvNEeJIGUa3QKsc7xkHjU8UskFhrfLhWP2l6UOtoo=s4800-w800,https://map.naver.com/p/entry/place/13322411,2화에서 이림이 사찰에 머물며 단청을 칠하는 장면,https://www.gwangjuin.com/news/articleView.html?idxno=210750;https://www.nbn-news.co.kr/news/articleView.html?idxno=45747,2026-07-30,58,,,,정지현;백상훈;유제원,https://image.tmdb.org/t/p/w500/iPQmB32MCKs6GPUYyX44K5P1Pux.jpg,더킹,3,9,79,14.3,4,N,,,Y,언급2회이상_작품내상위15,정승길_v4,
st_05180,더킹,The King: Eternal Monarch,drama,이민호;김고은,광화문광장,광장,서울 종로구 세종로 1-68,37.572432,126.976902,https://lh3.googleusercontent.com/place-photos/AG9NLjDKwWR9bI4G3cEhnzajiMar3qLXYkqM5aiJCObQeeQBAsIH_zI0kZV4h3xdgODIGmsN2GOZZhtiPFIslP2CVCNTijuZqZuQ01c5t1Ym7JjOcCv1nlEhKGJyiXniD9VuUk_q-0R2uZp3ISMfvMA=s4800-w800,https://map.naver.com/p/entry/place/18664678,평행세계를 넘어온 이곤이 광화문광장에서 정태을을 발견하고 격하게 포옹하는 장면,https://kdramamap.com/location/%eb%8d%94%ed%82%b9-%ea%b4%91%ed%99%94%eb%ac%b8%ea%b4%91%ec%9e%a5-537/;https://v.daum.net/v/jkWjtsLXpU;https://www.ajunews.com/view/20200521164415671,2026-07-28,58,,,,정지현;백상훈;유제원,https://image.tmdb.org/t/p/w500/iPQmB32MCKs6GPUYyX44K5P1Pux.jpg,더킹,3,5,79,14.3,5,N,,,Y,언급2회이상_작품내상위15,정승길_v4,
st_20416,더킹,The King: Eternal Monarch,drama,이민호;김고은;우도환,다대포해수욕장,해수욕장,부산광역시 사하구 몰운대1길 14,35.0471271,128.9632342,https://lh3.googleusercontent.com/place-photos/AG9NLjAxQ8io-IDhUI6wGnRkObWRBj0GTT2buWwVXMzNxErn2f0dcIy7Ycc6vFq38u6d45kGXqXtaU5sSIFE15AAjEdbxcVRoMw4M-jh5gEu80Kx_i51dSsCCInp5D8sV-UJLptFM_rfRfblkwM0Sw=s4800-w800,https://map.naver.com/p/entry/place/13491855,극 중 황제 이곤이 해 질 무렵 다대포 모래사장을 백마를 타고 달리는 장면,https://suzakufilm.tistory.com/1545;https://v.daum.net/v/20200421111514579?f=p;https://news.nate.com/view/20200507n04601?mid=n1101,2026-07-30,58,,,,정지현;백상훈;유제원,https://image.tmdb.org/t/p/w500/iPQmB32MCKs6GPUYyX44K5P1Pux.jpg,더킹,2,16,79,9.5,6,N,,,Y,언급2회이상_작품내상위15,정승길_v4,
st_20409,더킹,The King: Eternal Monarch,drama,이민호;김고은;우도환,오산 드라마세트장,오픈세트장,경기도 오산시 내삼미동 240,,,,,,https://gnews.gg.go.kr/news/news_detail.do?number=202205131139282350C094;https://www.fnnews.com/news/202204071131189829,2026-07-30,58,,,,정지현;백상훈;유제원,https://image.tmdb.org/t/p/w500/iPQmB32MCKs6GPUYyX44K5P1Pux.jpg,더킹,2,1,79,9.5,7,N,,,Y,언급2회이상_작품내상위15,,
st_20422,도깨비,Goblin,drama,공유;김고은;이동욱,주문진방파제,방파제/해변,강원특별자치도 강릉시 주문진읍 교항리,37.8798554564007,128.834204251177,https://lh3.googleusercontent.com/place-photos/AG9NLjBoAJSDC2_S5QZbkfvgeqc4-ei5Z0Ag5tGRUYl_isrbACDthr8lk9-cwzE-nvNH5DK9OawXDQN8zxdaEM4MeM0dU5qBzoHsE7zau8o4T0V65fSU4DCLunCd6hwNvzelvQMWPqt4jZ5KFjz4DOg=s4800-w800,https://map.naver.com/p/entry/place/15696330,은탁이 빨간 목도리를 하고 도깨비를 처음 소환하는 1화의 운명적인 만남 장면,https://www.realscene.site/ko/drama/goblin;https://attonamy.tistory.com/entry/영화와-드라마의-촬영지-강릉,2026-07-30,8,,,,윤종호;권혁찬;이응복,https://image.tmdb.org/t/p/w500/qZMEiTsNlCQV27hHQE27ZtlPWyv.jpg,도깨비,9,30,61,100.0,1,N,,,Y,언급2회이상_작품내상위15,정승길_v4,
st_20434,도깨비,Goblin,drama,공유;김고은;이동욱,강릉중앙시장,시장,강원특별자치도 강릉시 금성로 21,37.754025117657804,128.8986237900098,https://lh3.googleusercontent.com/place-photos/AG9NLjBHa8AG213ExoAOgirRaxFhhbYOlJ38j-QOY8XYifMSQub74H1L68OjCNhdoMqZFMjE_3xd4JVyh-CoagJWm_nLi4G6NbEUc7Wgb8palYD7LQI2ONJ38b9ZIgBSjGI3M_W9bPmH0bru5abO2Q=s4800-w800,https://map.naver.com/p/entry/place/1443344345,김신과 지은탁이 함께 시장을 구경하며 장을 보는 정겨운 장면,https://www.news-wa.com/article/travel/tour-korea/2024/09/15/20240915500002,2026-07-30,8,,,,윤종호;권혁찬;이응복,https://image.tmdb.org/t/p/w500/qZMEiTsNlCQV27hHQE27ZtlPWyv.jpg,도깨비,4,8,61,44.4,2,N,,,Y,언급2회이상_작품내상위15,정승길_v4,
st_20423,도깨비,Goblin,drama,공유;김고은;이동욱,경포대,누각/호수,강원특별자치도 강릉시 경포로 365,37.7950741626953,128.896636344738,https://lh3.googleusercontent.com/place-photos/AG9NLjArT7Fb1DgATZ-n_rJXC0lX_ECsoM7Oe0DH9SKSC0OPT84-r185M8N9gmR12BCZsX2wSOr0fwSE4-QMcE9zISjHjAwIyzt4HbujGEE8OHhkuQXIRaRz50v5LnwXyPvsFL2SI1txyJ188gr3fA=s4800-w800,https://map.naver.com/p/entry/place/11663850,김신과 은탁이 경포호 주변을 함께 거닐며 대화를 나누는 장면,https://attonamy.tistory.com/entry/영화와-드라마의-촬영지-강릉;https://www.news-wa.com/article/travel/tour-korea/2024/09/15/20240915500002,2026-07-30,8,,,,윤종호;권혁찬;이응복,https://image.tmdb.org/t/p/w500/qZMEiTsNlCQV27hHQE27ZtlPWyv.jpg,도깨비,3,5,61,33.3,3,N,,,Y,언급2회이상_작품내상위15,정승길_v4,
st_05241,도깨비,Guardian: The Lonely and Great God,drama,공유;김고은;이동욱;유인나,운현궁양관,명소,서울 종로구 삼일대로 460,37.576667,126.988199,https://lh3.googleusercontent.com/place-photos/AG9NLjAt2pf0z7aee3b5POW5WN1RTUniE7MSxlKRZ0SK5EFhGsD6fzXHTPioEsI9XdLNi_xy1Yn4v7e70zAEpMNhKS1IdtuLuQDB55P-aPcJ6Q3xVkXxSlhHZjXUtDSJBwhT4QCgqBejMCKaPQ9lTQ=s4800-w800,https://map.naver.com/p/entry/place/18668636,김신(공유)가 사는 곳이다. 이후 저승사자(이동욱)와 지은탁(김고은)도 입주한다. 유덕화(육성재)가 이곳에 사는 것처럼 자주 드나든다.,https://kdramamap.com/location/%eb%8f%84%ea%b9%a8%eb%b9%84-%ec%9a%b4%ed%98%84%ea%b6%81%ec%96%91%ea%b4%80-582/,2026-07-28,8,,,,윤종호;권혁찬;이응복,https://image.tmdb.org/t/p/w500/qZMEiTsNlCQV27hHQE27ZtlPWyv.jpg,도깨비,2,6,61,22.2,4,N,,,Y,언급2회이상_작품내상위15,정승길_v4,
mv_1428_01,도둑들,The Thieves,movie,김윤석;김혜수;이정재;전지현;임달화,부산데파트,상가·아파트,부산광역시 중구 중앙대로 21,35.0994746,129.0361398,https://lh3.googleusercontent.com/place-photos/AG9NLjAOU_QQaNmIkLE0Dwz81jCBy5YGAoWXKE8wMd80yOwRnm_HuvohIKm7H1b-QGGq8lnmt5xQ8WyTGNPpxkJAK52pmHpR70T8eOqUoAUX1U0RqAIz27-o8ZduLloInpmmU2tvhcfWveABWG5o4w=s4800-w800,https://map.naver.com/p/entry/place/13346362,마카오박의 사연이 담긴 부산 도심 저택과 주변 골목의 후반부 장면,https://www.koreanfilm.or.kr/eng/news/location.jsp?blbdComCd=601023&mode=VIEW&pageIndex=1&pageRowSize=5&seq=11,2026-07-30,,,12979237,,최동훈,https://image.tmdb.org/t/p/w500/ujIHEzt2EEboVzjQoWZBMYdAt1v.jpg,도둑들,1,19,35,100.0,1,N,,,Y,언급부족_데이터품질기준보존,정승길_v4,
mv_1428_04,도둑들,The Thieves,movie,김윤석;김혜수;이정재;전지현;임달화,부산디자인진흥원,공공기관·전시공간,부산광역시 해운대구 센텀동로 57,35.1740103,129.1293726,https://lh3.googleusercontent.com/place-photos/AG9NLjDJZdy-_An714jyBrKuAKc4u4AH9OYlqkrUi4GuGPi8c6NrbWjMwbXP8t_bJnlqQZ9XN2WTwNOraeuwSpTTFSk2M9rb3w00x0zMERpZNRDKW1jGCa_eQedsX1o74Kkg6clMQGS0nYjYEzgaLMw=s4800-w800,https://map.naver.com/p/entry/place/12189741,국내외 사무실 공간을 표현한 실내 장면에 활용된 촬영 장소,https://www.koreanfilm.or.kr/eng/news/location.jsp?blbdComCd=601023&mode=VIEW&pageIndex=1&pageRowSize=5&seq=11,2026-07-30,,,12979237,,최동훈,https://image.tmdb.org/t/p/w500/ujIHEzt2EEboVzjQoWZBMYdAt1v.jpg,도둑들,0,0,35,0.0,3,N,,,Y,언급부족_데이터품질기준보존,정승길_v4,
mv_1428_02,도둑들,The Thieves,movie,김윤석;김혜수;이정재;전지현;임달화,자갈치공영주차장,공영주차장,부산광역시 중구 구덕로 93,35.09656,129.0259265,https://lh3.googleusercontent.com/place-photos/AG9NLjAIx0ujVM1H6skbSFdLA58i7rLEUmBfjtUl9iA7BW4vWhguW9KzzYuR7TzhZpL2P34ntA3C-qv5Xnr9IGIVZd6z7BAD4LI1gdp1Ru8-tiZMmmlQhvYb53q9vYHqkOatsyzChPtRB29M3qVT0Vy57Dos=s4800-w800,https://map.naver.com/p/entry/place/1796386156,도둑 일행이 주차장에서 남항을 바라보며 보석을 훔칠 계획을 세우는 장면,https://www.busan.go.kr/news/totalnews01/view?curPage=78&dataNo=57228&srchBgnde=2016-04-28&srchEndde=2017-04-29&srchKey=sj,2026-07-30,,,12979237,,최동훈,https://image.tmdb.org/t/p/w500/ujIHEzt2EEboVzjQoWZBMYdAt1v.jpg,도둑들,0,0,35,0.0,4,N,,,Y,언급부족_데이터품질기준보존,정승길_v4,
st_05339,동궁,The East Palace,drama,남주혁;노윤서;조승우,경복궁,유적/한옥,서울 종로구 사직로 161,37.575904,126.976842,https://lh3.googleusercontent.com/place-photos/AG9NLjBUiIWrL3Ivwic4zEXOIs9tKbr87fqN3COsGxAPHmMETc80oLtsfTxNAuvZXco9oZcjT5WrM5mMAp_HTlAxxjBT5JhSOyoZCWHq1XlBrA3kqlQES-JmSahM3dSyszmIbDlwaOZtmJLILJ96i50=s4800-w800,https://map.naver.com/p/entry/place/11571707,4화에서 생강이 영안군을 살리지 못했으니 왕을 피해 도망가라고 구천에게 말하는 장면,https://kdramamap.com/location/%eb%8f%99%ea%b6%81-%ea%b2%bd%eb%b3%b5%ea%b6%81-19988/;https://haechi-travel.tistory.com/791;https://first.bkbrokr.com/272,2026-07-28,,5,,,최정규,https://image.tmdb.org/t/p/w500/wJoNpRjonE3B5vSWMNuBvaIPZvl.jpg,동궁,13,90,55,100.0,1,N,,,Y,언급2회이상_작품내상위15,정승길_v4,
st_05344,동궁,The East Palace,drama,남주혁;노윤서;조승우,도솔암,temple,전남광주 해남군 송지면 마봉송종길 355-300,34.353112,126.565092,https://lh3.googleusercontent.com/place-photos/AG9NLjAwJMtMfsTiuhUKXyUxwNaLVOcWtQMJw9vszdD3w_Y_XlOJkcBmBwCGxI0JskNiYovjP_0ou-PsC-C_buD5cqCAvEDc_IlcFO6WDawUCUQfeqeD9eQo1JalzQpLHFOoTWoY0-EmHMC6DQ_xgQ=s4800-w800,https://map.naver.com/p/entry/place/19827975,주인공 구천이 거주하던 절 도솔암으로 등장하는 장면,https://kdramamap.com/location/%eb%8f%99%ea%b6%81-%eb%8f%84%ec%86%94%ec%95%94-19993/;https://haechi-travel.tistory.com/791;https://first.bkbrokr.com/272,2026-07-28,,5,,,최정규,https://image.tmdb.org/t/p/w500/wJoNpRjonE3B5vSWMNuBvaIPZvl.jpg,동궁,13,70,55,100.0,2,N,,,Y,언급2회이상_작품내상위15,정승길_v4,
st_20438,동궁,The East Palace,drama,남주혁;노윤서;조승우,용인대장금파크,theme_park,경기 용인시 처인구 백암면 용천드라마길 25,37.1194440425504,127.337088732809,https://lh3.googleusercontent.com/place-photos/AG9NLjCT1kZTB6B9tA9qR39FVdoY89yCB6pn5kV56bze5R3HChMbEWzfMUQ3Cl5Htamjyt44GLCgbK10Lh5A4_iZS3Llnrz3nKkVKZCUdylxiZ482muTL29rv2rYv4_bafEmQiMUNFTbmAAzcQaKo_4=s4800-w800,https://map.naver.com/p/entry/place/13523487,구천(남주혁)이 궁궐에서 머물던 거처로 등장하는 장면이 촬영된 곳,https://haechi-travel.tistory.com/791;https://first.bkbrokr.com/272,2026-07-30,,5,,,최정규,https://image.tmdb.org/t/p/w500/wJoNpRjonE3B5vSWMNuBvaIPZvl.jpg,동궁,13,33,55,100.0,3,N,,,Y,언급2회이상_작품내상위15,정승길_v4,
st_05347,동궁,The East Palace,drama,남주혁;노윤서;조승우,남사예담촌,village,경남 산청군 단성면 지리산대로2897번길 10,35.274209,127.936354,https://lh3.googleusercontent.com/place-photos/AG9NLjDHuW9u8Zdhx1bvNITdXPFch_D3S_Yu8aWJ60Q92TTSqgMOIEpfqlsjxkO-UiJtOPGdZaGOeucbz7WPL5V8XpM3ooL4QuXNkErUiINqSb0iWQ55VrTsA5P4BsduWL1KyNpShBVuCLDRTpVIuw=s4800-w800,https://map.naver.com/p/entry/place/12382126,3화에서 구천이 귀의 세계로 들어가 최씨고가 앞 돌담길에서 싸우는 장면,https://kdramamap.com/location/%eb%8f%99%ea%b6%81-%eb%82%a8%ec%82%ac%ec%98%88%eb%8b%b4%ec%b4%8c-19996/;https://haechi-travel.tistory.com/791;https://first.bkbrokr.com/272,2026-07-28,,5,,,최정규,https://image.tmdb.org/t/p/w500/wJoNpRjonE3B5vSWMNuBvaIPZvl.jpg,동궁,12,100,55,92.3,4,N,,,Y,언급2회이상_작품내상위15,정승길_v4,
st_05343,동궁,The East Palace,drama,남주혁;노윤서;조승우,광한루원,heritage,전북 남원시 요천로 1447,35.404132,127.380504,https://lh3.googleusercontent.com/place-photos/AG9NLjCH2Pfu3oSd0wnvYKSS0lTbs_qGdxn7WJOn8anUVRhiDqQdyqDg-UxdSPJHJ5p4TkdrDY-9lhMcMtCfyRIT_0octQKVevClY1OzyqWrahjnYq3YTSpcflRRlsW_Ka12rD472Mgw5Dt4_aTpFA=s4800-w800,https://map.naver.com/p/entry/place/12292865,1화에서 구천과 생강이 오작교를 걸으며 귀신과 원귀의 차이를 이야기하는 장면,https://kdramamap.com/location/%eb%8f%99%ea%b6%81-%ea%b4%91%ed%95%9c%eb%a3%a8%ec%9b%90-19992/;https://haechi-travel.tistory.com/791;https://first.bkbrokr.com/272,2026-07-28,,5,,,최정규,https://image.tmdb.org/t/p/w500/wJoNpRjonE3B5vSWMNuBvaIPZvl.jpg,동궁,11,50,55,84.6,5,N,,,Y,언급2회이상_작품내상위15,정승길_v4,
st_05342,동궁,The East Palace,drama,남주혁;노윤서;조승우,개심사,temple,충남 서산시 운산면 개심사로 321-86,36.746900,126.589969,https://lh3.googleusercontent.com/place-photos/AG9NLjBiduuBTy0XDR0G84GKO8hsy2eGwwosJZJ6ToFbf-GdFThm46Wl4lIfBt1LvB693geug9WHz3ltpQPx8pVm6uEjUMSnTtEyDm74LTgNF-stPW0oOqQjtZAqC2xInumM1elBdjGhB1z5-dcIDH8=s4800-w800,https://map.naver.com/p/entry/place/13094398,왕(조승우)이 궁 안의 기이한 사건 해결을 위해 스님을 찾아가는 장면이 촬영된 곳,https://kdramamap.com/location/%eb%8f%99%ea%b6%81-%ea%b0%9c%ec%8b%ac%ec%82%ac-19991/;https://haechi-travel.tistory.com/791;https://first.bkbrokr.com/272,2026-07-28,,5,,,최정규,https://image.tmdb.org/t/p/w500/wJoNpRjonE3B5vSWMNuBvaIPZvl.jpg,동궁,10,47,55,76.9,6,N,,,Y,언급2회이상_작품내상위15,정승길_v4,
st_05341,동궁,The East Palace,drama,남주혁;노윤서;조승우,부소담악,nature,충북 옥천군 군북면 추소리 759,36.348408,127.565380,https://lh3.googleusercontent.com/place-photos/AG9NLjC9qlBIt_7295SwcSZ74-dDTOZbiXVdkxl_Iy9_yfu1ROal6heUYm7CqT-bza7e-WhrS90HZ807GU89-ZtqregUZMT81yJfs4YMdUtu69nqImXP0jz1xzNhO7CULXV6mqEyUUzCiwUCBVv2CUE=s4800-w800,https://map.naver.com/p/entry/place/34581450,생강(노윤서)이 구천의 생사를 알 수 없어 강가에서 울부짖는 장면이 촬영된 곳,https://kdramamap.com/location/%eb%8f%99%ea%b6%81-%eb%b6%80%ec%86%8c%eb%8b%b4%ec%95%85-19990/;https://haechi-travel.tistory.com/791;https://first.bkbrokr.com/272,2026-07-28,,5,,,최정규,https://image.tmdb.org/t/p/w500/wJoNpRjonE3B5vSWMNuBvaIPZvl.jpg,동궁,9,23,55,69.2,7,N,,,Y,언급2회이상_작품내상위15,정승길_v4,
st_05346,동궁,The East Palace,drama,남주혁;노윤서;조승우,옥산서원,유적/한옥,경북 경주시 안강읍 옥산서원길 216-27,36.011659,129.163336,https://lh3.googleusercontent.com/place-photos/AG9NLjCY1HHlnnh5RZ9qCUlmttj9Qs9CfePqw9MvDVL46bI0Cj0Mdo5u7TjCYf-5zleCPbXiQ1hA1yZ8a8DgmcG58RkwVrnQQxyTAC3vVcyE-kBIM9ryCS7hPWSvbQZEMxADiGRjcQ4vJoodHNNkRg=s4800-w800,https://map.naver.com/p/entry/place/13101807,8화에서 익상군이 옥산서원 앞 계곡에서 박수무당을 살해하는 장면,https://kdramamap.com/location/%eb%8f%99%ea%b6%81-%ec%98%a5%ec%82%b0%ec%84%9c%ec%9b%90-19995/;https://first.bkbrokr.com/272,2026-07-28,,5,,,최정규,https://image.tmdb.org/t/p/w500/wJoNpRjonE3B5vSWMNuBvaIPZvl.jpg,동궁,8,33,55,61.5,8,N,,,Y,언급2회이상_작품내상위15,정승길_v4,
st_20443,동궁,The East Palace,drama,남주혁;노윤서;조승우,문경새재 오픈세트장,set,경북 문경시 문경읍 새재로 1037,36.7711781142953,128.073971379538,https://lh3.googleusercontent.com/place-photos/AG9NLjBHNSIiY9b6wSTqkSSM7sgFZy-typNG9luM93NoHoOtlEnqrU_Z-ud50p5ZtMq4x0S-S7wMr7d71vqEQ50YkuWxpBNWUufDf-__ZNFoQc9ASCf-v3a-bO_jTmYs48Q-vT-dFPmYHTb8S6q-oNQ=s4800-w800,https://map.naver.com/p/entry/place/37844946,왕이 생강(노윤서)을 데리고 역병이 도는 마을로 가는 장면이 촬영된 곳,https://haechi-travel.tistory.com/791,2026-07-30,,5,,,최정규,https://image.tmdb.org/t/p/w500/wJoNpRjonE3B5vSWMNuBvaIPZvl.jpg,동궁,8,15,55,61.5,9,N,,,Y,언급2회이상_작품내상위15,정승길_v4,
st_05348,동궁,The East Palace,drama,남주혁;노윤서;조승우,완재정,heritage,경남 밀양시 부북면 위양로 273-36,35.546597,128.716759,https://lh3.googleusercontent.com/place-photos/AG9NLjA2qWaqdY-yWcbuXB7a_CjJWyTXg13yK9V6NRTxp_O2GgodxUVMrrimDfa3WaOjUlYLvK2AXCguKVyKzTiWKhxn3K9nrBhL0Ym7pSvDOjngob7QXL7P-eLsMhGRK5lwGlBUtALvJ3-T50aJwg=s4800-w800,https://map.naver.com/p/entry/place/34897954,6화에서 몸주신을 잃은 박수무당이 완재정 주변에 시체처럼 누워 있는 장면,https://kdramamap.com/location/%eb%8f%99%ea%b6%81-%ec%99%84%ec%9e%ac%ec%a0%95-19997/;https://haechi-travel.tistory.com/791;https://first.bkbrokr.com/272,2026-07-28,,5,,,최정규,https://image.tmdb.org/t/p/w500/wJoNpRjonE3B5vSWMNuBvaIPZvl.jpg,동궁,8,15,55,61.5,10,N,,,Y,언급2회이상_작품내상위15,정승길_v4,
st_20440,동궁,The East Palace,drama,남주혁;노윤서;조승우,경기전,heritage,전북 전주시 완산구 태조로 44,35.8149865196345,127.150208050981,https://lh3.googleusercontent.com/place-photos/AG9NLjA4lehZ_AJvF6Fop5bVvqfynSFkEMZrDl4YF0D7A-ZaYbgMY-okoy7gFUP_0QWjzgixJZYOv_DEI_GDSRoedkQjhh4nCCVJJx8XYIjzR65hGocQVTsAXGpiy1PH8thM-xhQAEq6vmJB-SEiaw=s4800-w800,https://map.naver.com/p/entry/place/17450388,1화에서 생강이 산책만 하느냐고 구천을 타박하고 구천이 귀신과 귀매를 설명하는 장면,https://haechi-travel.tistory.com/791,2026-07-30,,5,,,최정규,https://image.tmdb.org/t/p/w500/wJoNpRjonE3B5vSWMNuBvaIPZvl.jpg,동궁,7,29,55,53.8,11,N,,,Y,언급2회이상_작품내상위15,정승길_v4,
st_20437,동궁,The East Palace,drama,남주혁;노윤서;조승우,부안영상테마파크,studio_park,전북 부안군 변산면 격포로 309-64,35.6217966399436,126.485366697404,https://lh3.googleusercontent.com/place-photos/AG9NLjBUVgtKqiPVy8vxY4OJfbIKaxTg71OWE8lBJxc9LIeh-OtWW7lGzqF-_-AW3K6XaN9aOVbpvj7S_PuW5nyPC1T-6Et_hqsigbVdfEgEvB4BjEUm5Ui6KCTdgYBPsNanwsMOqeSgzadzm7JIXg=s4800-w800,https://map.naver.com/p/entry/place/1096343920,대비마마가 세자의 시신을 발견한 뒤 왕을 만나러 가는 장면이 촬영된 곳,https://haechi-travel.tistory.com/791,2026-07-30,,5,,,최정규,https://image.tmdb.org/t/p/w500/wJoNpRjonE3B5vSWMNuBvaIPZvl.jpg,동궁,7,17,55,53.8,12,N,,,Y,언급2회이상_작품내상위15,정승길_v4,
st_20441,동궁,The East Palace,drama,남주혁;노윤서;조승우,경주 오릉,heritage,경북 경주시 포석로 907,35.8231949525119,129.208290562502,https://lh3.googleusercontent.com/place-photos/AG9NLjDbn86Oxcv8odaeJoNRugNr0Rjnk-ogMObDWqD0-sDFXleZq8wP-Bd57o8_zaNI9CwFbyUladbkqbvbEIA8p8vH1fPlZMUd9n2OtvIaovMx-Mnwq5W5u9f5jqynokG8Pnw5l0AX_Pfht8KwCI4=s4800-w800,https://map.naver.com/p/entry/place/20098998,"귀신이 나오는 우물이 등장하는, 극 중 가장 오싹한 장면이 촬영된 곳",https://haechi-travel.tistory.com/791,2026-07-30,,5,,,최정규,https://image.tmdb.org/t/p/w500/wJoNpRjonE3B5vSWMNuBvaIPZvl.jpg,동궁,5,7,55,38.5,13,N,,,Y,언급2회이상_작품내상위15,정승길_v4,
st_05345,동궁,,drama,남주혁;노윤서;조승우,문경새재 조곡관,,경북 문경시 문경읍 상초리 산 42-36,36.789279,128.066445,,https://map.naver.com/p/entry/place/15393964,생강(노윤서)이 말을 타고 구천을 구하러 궁 밖으로 나가는 장면이 촬영된 곳,https://kdramamap.com/location/%eb%8f%99%ea%b6%81-%eb%ac%b8%ea%b2%bd%ec%83%88%ec%9e%ac-%ec%a1%b0%ea%b3%a1%ea%b4%80-19994/,2026-07-28,,5,,,최정규,https://image.tmdb.org/t/p/w500/wJoNpRjonE3B5vSWMNuBvaIPZvl.jpg,동궁,5,6,55,38.5,14,N,,,Y,언급2회이상_작품내상위15,정승길_v4,
st_20439,동궁,The East Palace,drama,남주혁;노윤서;조승우,도봉산,mountain,서울 도봉구 도봉산길 92-1,37.6949273722736,127.015080208308,https://lh3.googleusercontent.com/place-photos/AG9NLjDpdtxz3X2oQacyVnBE7XCox1JmTx7ynXdaQneCVMVS23rlz8AuDUWO9gpM4R4sK1KcD0zpaa3cXDKdQNyexZS-7JICFakuYh3EqoC5PPstT3UWHNVqvblCSSMU_ZdA7isYbehWPqperW7Chw=s4800-w800,https://map.naver.com/p/entry/place/13491821,왕(조승우)이 도승을 만나러 배를 타고 가는 장면이 촬영된 만장봉 일대,https://haechi-travel.tistory.com/791,2026-07-30,,5,,,최정규,https://image.tmdb.org/t/p/w500/wJoNpRjonE3B5vSWMNuBvaIPZvl.jpg,동궁,3,6,55,23.1,15,N,,,Y,언급2회이상_작품내상위15,정승길_v4,
st_05363,디어엠,Dear.M,drama,박혜수;재현;노정의;배현성,연세대학교 신촌캠퍼스,학교,서울 서대문구 연세로 50,37.566051,126.943916,https://lh3.googleusercontent.com/place-photos/AG9NLjDSw-5skiIu0E5JuCYO_mWlVYfH7W9T5fErvY1MX9RVDFLnUeeVEoYXmWvLRaX_bukw0qz69Y3YsFSXLPFJU5-_Xgi7vLadtJZ9X4tUDFMPyDEJ3VPeklSxSJZhzmwZbU9oHDK7N1MQQhO8=s4800-w800,https://map.naver.com/p/entry/place/11591604,서지민과 박하늘이 손을 잡고 걸어가고 사진을 찍어주는 장면이 촬영된 서연대학교 캠퍼스,https://kdramamap.com/location/%eb%94%94%ec%96%b4%ec%97%a0-%ec%97%b0%ec%84%b8%eb%8c%80%ed%95%99%ea%b5%90-%ec%8b%a0%ec%b4%8c%ec%ba%a0%ed%8d%bc%ec%8a%a4-12138/;https://blog.naver.com/location_info/223833241675;https://blog.naver.com/hsc_one1/223833451103,2026-07-28,74,,,,Seo Joo-wan;Park Jin-woo,https://image.tmdb.org/t/p/w500/rAJINeyfTsFisczGfmbsz1Wpzfj.jpg,디어엠,5,7,21,100.0,1,N,,,Y,언급2회이상_작품내상위15,정승길_v4,
st_05406,디어엠,Dear.M,drama,박혜수;재현;노정의;배현성,전북대학교 전주캠퍼스,학교,전북 전주시 덕진구 백제대로 567,35.841138,127.131589,https://lh3.googleusercontent.com/place-photos/AG9NLjCu6v_1h6wpZ4grdUrRxXcBahiPpQelcs0Wkbi1_ksSApu0vXqNOpOfzDEX1d6qE0134sXqnAuxC74bK6hH1tydn8YG-rWXAVZEfYQpf9ReNVG_tlOLee6MqE4mcSe-lbInPbr4s3g6MbZvDMDzd8Ouiw=s4800-w800,https://map.naver.com/p/entry/place/11591627,서연대학교의 상징적 배경으로 가장 많이 등장한 캠퍼스이며 한옥 건물 문회루가 특히 자주 나온 곳,https://kdramamap.com/location/%eb%94%94%ec%96%b4%ec%97%a0-%ec%a0%84%eb%b6%81%eb%8c%80%ed%95%99%ea%b5%90-%ec%a0%84%ec%a3%bc%ec%ba%a0%ed%8d%bc%ec%8a%a4-12181/;https://blog.naver.com/location_info/223833241675;https://blog.naver.com/hsc_one1/223833451103,2026-07-28,74,,,,Seo Joo-wan;Park Jin-woo,https://image.tmdb.org/t/p/w500/rAJINeyfTsFisczGfmbsz1Wpzfj.jpg,디어엠,4,5,21,80.0,2,N,,,Y,언급2회이상_작품내상위15,정승길_v4,
st_05404,디어엠,Dear.M,drama,박혜수;재현;노정의;배현성,호서대학교 아산캠퍼스,학교,충남 아산시 배방읍 호서로79번길 20,36.734463,127.077107,https://lh3.googleusercontent.com/place-photos/AG9NLjA3UyOf8ughfaRRWYxsJFm-AvMZXRNHLAfRNwbR7qszXRxGAlQs13hRaRocLp0FxiwdmuIsiDKSuNKQhZk0OdkZlI5KbacLnELyBZm7wxrJ-uk6XRIyYwLTuCuVvXhZc-GzoJo1quinnJH7eOY=s4800-w800,https://map.naver.com/p/entry/place/11591687,마주아와 문준이 처음 우연히 만나는 강석규교육관 앞 장면이 촬영된 곳,https://kdramamap.com/location/%eb%94%94%ec%96%b4%ec%97%a0-%ed%98%b8%ec%84%9c%eb%8c%80%ed%95%99%ea%b5%90-%ec%95%84%ec%82%b0%ec%ba%a0%ed%8d%bc%ec%8a%a4-12179/;https://blog.naver.com/location_info/223833241675,2026-07-28,74,,,,Seo Joo-wan;Park Jin-woo,https://image.tmdb.org/t/p/w500/rAJINeyfTsFisczGfmbsz1Wpzfj.jpg,디어엠,4,5,21,80.0,3,N,,,Y,언급2회이상_작품내상위15,정승길_v4,
st_05403,디어엠,Dear.M,drama,박혜수;재현;노정의;배현성,상명대학교 천안캠퍼스,학교,충남 천안시 동남구 상명대길 31,36.831307,127.180993,https://lh3.googleusercontent.com/place-photos/AG9NLjA-ddgmV96OrzyoAEt4jYSAyzlOjs7ineCSrMoPc8fgX-WjJv-Z11ocpN3SBof3jlKTFjqKVCLtM9x2AA6BIAfNQqOuL-_orLw5mdxz2-tMYQd147EwXBlsrvgb9UxRLj47nZmUKQ_cFXoqGw=s4800-w800,https://map.naver.com/p/entry/place/11591566,서연대학교 기숙사 서연학사로 나온 상명대 천안캠퍼스 학생생활관 구관이 촬영된 곳,https://kdramamap.com/location/%eb%94%94%ec%96%b4%ec%97%a0-%ec%83%81%eb%aa%85%eb%8c%80%ed%95%99%ea%b5%90-%ec%b2%9c%ec%95%88%ec%ba%a0%ed%8d%bc%ec%8a%a4-12178/;https://blog.naver.com/location_info/223833241675;https://blog.naver.com/hsc_one1/223833451103,2026-07-28,74,,,,Seo Joo-wan;Park Jin-woo,https://image.tmdb.org/t/p/w500/rAJINeyfTsFisczGfmbsz1Wpzfj.jpg,디어엠,4,3,21,80.0,4,N,,,Y,언급2회이상_작품내상위15,정승길_v4,
st_05389,디어엠,Dear.M,drama,박혜수;재현;노정의;배현성,감고당길,거리,서울 종로구 송현동 34-2,37.577935,126.982329,https://lh3.googleusercontent.com/place-photos/AG9NLjBIvS4hbH4W263UNDIpMtHk0oZXiVdF4xfz2DR_qkkEL-j3H4Z_E_uw6uRG7IR3mA5H5FYCfNgTsmmojizSWG8GsFeajf-H6zoAHl9nvn_VUQjsWNG2KpY84M-z6YMbmqP_Sdw7zdmJlyDs=s4800-w800,,감고당길은 촬영지 이전에 걷기 좋은 산책로로 잘 알려져 있다.,https://kdramamap.com/location/%eb%94%94%ec%96%b4%ec%97%a0-%ea%b0%90%ea%b3%a0%eb%8b%b9%ea%b8%b8-12164/;https://blog.naver.com/rdal89/223881173662,2026-07-28,74,,,,Seo Joo-wan;Park Jin-woo,https://image.tmdb.org/t/p/w500/rAJINeyfTsFisczGfmbsz1Wpzfj.jpg,디어엠,3,11,21,60.0,5,N,,,Y,언급2회이상_작품내상위15,블로그크롤링_2026-08-01,https://blog.naver.com/rdal89/223881173662
st_05411,디어엠,Dear.M,drama,박혜수;재현;노정의;배현성,동피랑벽화마을,,경남 통영시 동피랑2길 23-5,34.845588,128.427415,https://lh3.googleusercontent.com/place-photos/AG9NLjDufMXe4DbB08JRBgVdqaLL-6Eo4mi5b5zKexFQSnhOqH_OsxFiu_2wItSz221edc8Uwm40enudExgzgPDb_erFQHs-4_fXB_2nP38SCVbySP6iD5tn_j5jp8nWwPNslvGrDbCcTbtfzx9zXA=s4800-w800,https://map.naver.com/p/entry/place/13491714,,https://kdramamap.com/location/%eb%94%94%ec%96%b4%ec%97%a0-%eb%8f%99%ed%94%bc%eb%9e%91%eb%b2%bd%ed%99%94%eb%a7%88%ec%9d%84-12186/,2026-07-28,74,,,,Seo Joo-wan;Park Jin-woo,https://image.tmdb.org/t/p/w500/rAJINeyfTsFisczGfmbsz1Wpzfj.jpg,디어엠,3,8,21,60.0,6,N,,,Y,언급2회이상_작품내상위15,,
st_20105,라켓소년단,Racket Boys,drama,탕준상;김상경;오나라,보리나라 학원농장,농장,전북특별자치도 고창군 공음면 학원농장길 150,35.37539053097195,126.54323017579813,https://lh3.googleusercontent.com/place-photos/AG9NLjB0VkUMbuY0gYHwbaEj7WoIp1UDwTzaM4eiQlUeCNa8ZWZ3JoutRGBIaQweJfwDcVVEuCGVayT5QQm-141Uci8xurxpevnPYtxG37MZxi7-o-zdUfUPpavPB7S_CxetMTIOfeVVcKNv1PV3=s4800-w800,https://map.naver.com/p/entry/place/1968609119,5화에서 세윤과 해강이 함께 밭에서 대화하는 장면을 촬영한 곳,https://creatrip.com/en/blog/11135,2026-07-30,40,,,,Jo Young-kwang,https://image.tmdb.org/t/p/w500/2WHTFmDXsBvjTHdzDhvKwKTekCc.jpg,라켓소년단,10,40,71,100.0,1,N,,,Y,언급2회이상_작품내상위15,정승길_v4,
st_20104,라켓소년단,Racket Boys,drama,탕준상;김상경;오나라,사천중학교,학교,강원특별자치도 강릉시 사천면 석교골말길 8,37.8281322902103,128.845779329628,https://lh3.googleusercontent.com/place-photos/AG9NLjBX9bOMLu8v8LbgoSSQ1h9BGyzsWHHN9P9Vc-c2TwZPC1j8bypW39yLdOvwY3XmIbRhe7LP0EDHtGMdIbpaVoQIhqplK3vO8Hmv0hPNuI3q0sSCCqAQlK-cFsvTQwaIfFj5l3gZJApEHcdVH4w=s4800-w800,https://map.naver.com/p/entry/place/12054927,극중 해남서중학교로 등장하며 배드민턴부 훈련 및 체육관 장면을 촬영한 곳,https://creatrip.com/en/blog/11135,2026-07-30,40,,,,Jo Young-kwang,https://image.tmdb.org/t/p/w500/2WHTFmDXsBvjTHdzDhvKwKTekCc.jpg,라켓소년단,8,16,71,80.0,2,N,,,Y,언급2회이상_작품내상위15,정승길_v4,
st_20113,라켓소년단,Racket Boys,drama,탕준상;김상경;오나라,강릉고등학교,학교,강원특별자치도 강릉시 강릉대로587번길 68,37.7880660291926,128.917974362897,https://lh3.googleusercontent.com/place-photos/AG9NLjB0ItL72ohQToIE8hagTrdaQML9wFKaSqcgWSKDOw1fMTs4OR9vGPUaZsRCDx-dvsUXsd4NeXQyvO5UFL09wpmOXLU4pjE4zEDjyxWRoGYASORwAUvzK9kqb1M7XJcCCN9Spmq3lczzxFDPdw=s4800-w800,https://map.naver.com/p/entry/place/12445524,극중 정석중학교 야구부 훈련 장소로 등장하는 촬영지,https://www.gukjenews.com/news/articleView.html?idxno=2234773,2026-07-30,40,,,,Jo Young-kwang,https://image.tmdb.org/t/p/w500/2WHTFmDXsBvjTHdzDhvKwKTekCc.jpg,라켓소년단,3,6,71,30.0,3,N,,,Y,언급2회이상_작품내상위15,정승길_v4,
st_20109,라켓소년단,Racket Boys,drama,탕준상;김상경;오나라,돔베이커리,카페,강원특별자치도 강릉시 하평길 50,37.7699105222999,128.914100649586,https://lh3.googleusercontent.com/place-photos/AG9NLjACbAkxmOBqIfT1g_IJLRlRWVjbOe9BrgSwY1wQKlmxZk2nswjFi4tcMCb4S7iWAAqA1Jk-BoppO0Fnm7PduMXTacXOAXmgekXnbIOU0pMb2f-rsfR3LypEzVN7pmAgTLyaBJLTevs-u1bN=s4800-w800,https://map.naver.com/p/entry/place/15318913,극중 윤담이네 부모님이 운영하는 빵집으로 등장하는 촬영지,https://creatrip.com/en/blog/11135,2026-07-30,40,,,,Jo Young-kwang,https://image.tmdb.org/t/p/w500/2WHTFmDXsBvjTHdzDhvKwKTekCc.jpg,라켓소년단,2,4,71,20.0,4,N,,,Y,언급2회이상_작품내상위15,정승길_v4,
st_20112,라켓소년단,Racket Boys,drama,탕준상;김상경;오나라,광안리해수욕장,해변,부산 수영구 광안해변로 219,35.1531932736837,129.118976093583,https://lh3.googleusercontent.com/place-photos/AG9NLjClItHVuMrBisDVf14clZwuqg3GG6hmrF-8LoLV-WShAO9eazIDsDJLpKxHu1OXSDcFb87z5o3SfbMbAR1-UzN6LJ5e-MP-eH8Yo5aYQafOqmQ3xlUehrIti6AoDWlmzXfxU81E7fUjgWM5fBY=s4800-w800,https://map.naver.com/p/entry/place/11491655,9화에서 해강과 세윤이 광안대교를 배경으로 사진을 찍는 장면을 촬영한 곳,https://creatrip.com/en/blog/11135,2026-07-30,40,,,,Jo Young-kwang,https://image.tmdb.org/t/p/w500/2WHTFmDXsBvjTHdzDhvKwKTekCc.jpg,라켓소년단,2,3,71,20.0,5,N,,,Y,언급2회이상_작품내상위15,정승길_v4,
st_05628,러브미,,drama,서현진;유재명;이시우;윤세아,허니문하우스,,제주 서귀포시 칠십리로 228-13,33.244162,126.578868,https://lh3.googleusercontent.com/place-photos/AG9NLjAdZcJxtayt-rgFRzxIu0bALO2xIxx5JbjsBUXB05p8D0G0812zgMpV_Ny3cBWAI2d-E0jxShYPQPPzJk5gztlgKsotSuTSCK4NU_0mbcI7Apc-13X_TslupX_kVHmCzIeKXxpEthfDawrR69Q=s4800-w800,https://map.naver.com/p/entry/place/1649804520,3~4화에서 진호와 자영이 파티장에서 와인을 마시며 가까워지는 장면,https://kdramamap.com/location/%eb%9f%ac%eb%b8%8c%eb%af%b8-%ed%97%88%eb%8b%88%eb%ac%b8%ed%95%98%ec%9a%b0%ec%8a%a4-17379/,2026-07-28,84,,,,Josephine Bornebusch,https://image.tmdb.org/t/p/w500/oklEEbpd6uKshdpk4aWO9SnGziH.jpg,러브미,3,6,41,100.0,1,N,,,Y,언급2회이상_작품내상위15,정승길_v4,
st_05626,러브미,Love Me,drama,서현진;유재명;이시우;윤세아,금오름,자연/명소,제주 제주시 한림읍 금악리 산 1-1,33.355696,126.305586,https://lh3.googleusercontent.com/place-photos/AG9NLjBpNZYqpP75hEKQS9WpB-s-IgyiFKTi0vtXKSd7WqzQS6AmAAuRDu238FEpk9g9gL21stFJBB8UbsU3J0bFBjOvPJT3Qkf3qYXN7IMZMMtIc0rcFRuinzYdufQQGGk2cMQyvf5vklx_l2UEKA=s4800-w800,https://map.naver.com/p/entry/place/17020866,3화에서 서진호와 진자영이 제주 금오름 산길을 함께 올라가는 장면,https://kdramamap.com/location/%eb%9f%ac%eb%b8%8c%eb%af%b8-%ea%b8%88%ec%98%a4%eb%a6%84-17377/;https://kdramalocations.com/dramas/love-me;https://haechi-travel.tistory.com/444;https://redcrow.tistory.com/entry/%EB%9F%AC%EB%B8%8C-%EB%AF%B8Love-Me-2025-%EC%B4%AC%EC%98%81%EC%A7%80-%EC%9A%94%EC%95%BD-%EB%AA%85%EC%96%B8-%EB%AA%85%EB%8C%80%EC%82%AC-%EB%B0%B0%EA%B2%BD%EC%9D%8C%EC%95%85-OST-%EC%82%BD%EC%9E%85%EA%B3%A1,2026-07-28,84,,,,Josephine Bornebusch,https://image.tmdb.org/t/p/w500/oklEEbpd6uKshdpk4aWO9SnGziH.jpg,러브미,2,3,41,66.7,2,N,,,Y,언급2회이상_작품내상위15,정승길_v4,
st_05615,러브미,,drama,서현진;유재명;이시우;윤세아,서울여자대학교,학교,서울 노원구 화랑로 621,37.627382,127.091621,https://lh3.googleusercontent.com/place-photos/AG9NLjBu9ft46zalZiXLB_NaAtpsxWmCEkuXkHDvD3hMen7eQcqOv5jNValiCzq4Aqbj3Y52-L0_afjgXGhQcvWlTjttYvoIgUnGBKf2-uwPJBbON3-X3DiZqXPWEhO_sTcAlcf3mfwmbYBeR5vhmw=s4800-w800,https://map.naver.com/p/entry/place/11591580,,https://kdramamap.com/location/%eb%9f%ac%eb%b8%8c%eb%af%b8-%ec%84%9c%ec%9a%b8%ec%97%ac%ec%9e%90%eb%8c%80%ed%95%99%ea%b5%90-17366/,2026-07-28,84,,,,Josephine Bornebusch,https://image.tmdb.org/t/p/w500/oklEEbpd6uKshdpk4aWO9SnGziH.jpg,러브미,2,2,41,66.7,3,N,,,Y,언급2회이상_작품내상위15,,
st_05596,러브미,,drama,서현진;유재명;이시우;윤세아,애플돈까스,,서울 은평구 증산서길 70,37.582687,126.905927,https://lh3.googleusercontent.com/place-photos/AG9NLjBRYOIu_Zn43xUTCQNS-8oFoaofBmHkFM1JqLG81DlyX5-YGjt7QMOKtac4n3Aoqn32ozs7VZOkq8jq3Loieyx_51qf1NXMBbeB6Jh47wqrKbBaaebTA-0o9rbcjLJMHljrArmlUrL-CE-yNQ=s4800-w800,https://map.naver.com/p/entry/place/37282020,1화에서 지혜온과 서준서가 돈까스를 먹는 맛나돈까스로 등장하는 장면,https://kdramamap.com/location/%eb%9f%ac%eb%b8%8c%eb%af%b8-%ec%95%a0%ed%94%8c%eb%8f%88%ea%b9%8c%ec%8a%a4-17347/,2026-07-28,84,,,,Josephine Bornebusch,https://image.tmdb.org/t/p/w500/oklEEbpd6uKshdpk4aWO9SnGziH.jpg,러브미,2,2,41,66.7,4,N,,,Y,언급2회이상_작품내상위15,정승길_v4,
mv_2367,럭키,LUCK-KEY,movie,유해진;이준;조윤희;임지연;전혜빈,전곡항,명소,경기도 화성시 서신면 전곡리,37.185027,126.650847,https://lh3.googleusercontent.com/place-photos/AG9NLjD-LznQ4kjjzUqlmPjehFHvVASezCtsr1Chax4GQiJ1tTp24M5bVn-VcZGP0rxqu2E7q69i8W2EDHok7tUTTeMG3ZMAuqwkPb4eFHZJ1XGB8EwiWdkwBqleZb6GcM38WSy31ThzyF6x5L7u3aE=s4800-w800,,영화의 마지막 장면에서 유해진이 등장한 곳,assets/한국문화정보원_미디어콘텐츠 영상 촬영지 데이터_20221125.csv,2026-07-28,,,6969184,,Lee Kae-byeok,https://image.tmdb.org/t/p/w500/32ZO0IREGvASVhb2XPnlYNgkCtX.jpg,럭키,2,18,24,100.0,1,N,,,Y,언급2회이상_작품내상위15,정승길_v4,
mv_2369,럭키,LUCK-KEY,movie,유해진;이준;조윤희;임지연;전혜빈,안즈나선아당신생각,음식점,서울특별시 성북구 동소문로 25-3,37.58983,127.008618,https://lh3.googleusercontent.com/place-photos/AG9NLjDlLSimGBy9X8C-0vmrQB1yrhsCVLqYlmwA6qxghQ6UGNeqneUBLi0VWP4tPwf7XAxMvtmktkkEsYjhycaAzhH6qpYLE3m6Bn0V8Ji28s_scAgHP7ngOS35MfMJemiwsuPx5kfYgpg1J2xwNA=s4800-w800,,영화 럭키에서 유해진이 김밥을 썬 곳,assets/한국문화정보원_미디어콘텐츠 영상 촬영지 데이터_20221125.csv,2026-07-28,,,6969184,,Lee Kae-byeok,https://image.tmdb.org/t/p/w500/32ZO0IREGvASVhb2XPnlYNgkCtX.jpg,럭키,1,2,24,50.0,2,N,,,Y,언급부족_데이터품질기준보존,정승길_v4,
mv_2371,럭키,LUCK-KEY,movie,유해진;이준;조윤희;임지연;전혜빈,인천아트플랫폼,명소,인천광역시 중구 제물량로218번길 3,37.472906,126.62001,https://lh3.googleusercontent.com/place-photos/AG9NLjAiQe1-xcmWF1xksEYGBcOWMjJh2UTh_TM8mYSLED8kfWzHQe8u3GvlmGJhK0CfO6isTTW047bBi-AQXHfYZN2RWaypUYBpIdmBCMYtkmhC-fXpp6haZ_1dj8t_tTwfjjqV_TWzwYJDIYb8jg=s4800-w800,,영화에서 이준과 임지연이 만난 곳,assets/한국문화정보원_미디어콘텐츠 영상 촬영지 데이터_20221125.csv,2026-07-28,,,6969184,,Lee Kae-byeok,https://image.tmdb.org/t/p/w500/32ZO0IREGvASVhb2XPnlYNgkCtX.jpg,럭키,1,2,24,50.0,4,N,,,Y,언급부족_데이터품질기준보존,정승길_v4,
st_20114,마더,Mother,drama,이보영;이혜영;허율,오정동 선교사촌(한남대학교 선교사촌),문화재/전통가옥,대전 대덕구 한남로 70,36.3545067444102,127.42550540929,,,극중 수진이 어릴 적 자란 보육원으로 등장한 촬영지,https://www.dbblog.co.kr/1061,2026-07-30,89,,,,Park Yong-soon,https://image.tmdb.org/t/p/w500/5caTLCIsHORBhhLCMQhg5q5p4uO.jpg,마더,5,30,45,100.0,1,N,,위경도뒤바뀜_교정,Y,언급2회이상_작품내상위15,정승길_v4,
st_20119,마더,Mother,drama,이보영;이혜영;허율,삼척항,항구,강원특별자치도 삼척시 정상동,37.4355783508,129.190686803117,,,,https://ko.wikipedia.org/wiki/마더_(2018년_드라마),2026-07-30,89,,,,Park Yong-soon,https://image.tmdb.org/t/p/w500/5caTLCIsHORBhhLCMQhg5q5p4uO.jpg,마더,2,5,45,40.0,2,N,,위경도뒤바뀜_교정,Y,언급2회이상_작품내상위15,,
st_20116,마더,Mother,drama,이보영;이혜영;허율,서산버드랜드(천수만 철새도래지),철새도래지,충남 서산시 부석면 천수만로 655-73,36.6310953015444,126.378401358524,,,2화에서 수진(이보영)이 철새 떼를 보며 혜나(허율)를 품에 안고 보호자가 되기로 결심하는 장면,https://ko.wikipedia.org/wiki/마더_(2018년_드라마),2026-07-30,89,,,,Park Yong-soon,https://image.tmdb.org/t/p/w500/5caTLCIsHORBhhLCMQhg5q5p4uO.jpg,마더,1,1,45,20.0,7,N,,위경도뒤바뀜_교정,Y,언급부족_데이터품질기준보존,정승길_v4,
st_05911,마스크걸,Mask Girl,drama,고현정;안재홍;염혜란;나나,썰스데이파티 이태원점,술집,서울 용산구 이태원로27길 6,37.535027,126.995615,https://lh3.googleusercontent.com/place-photos/AG9NLjDPEhDiVO5YehoXMKTIHWVrEr0lZpZhNTt4mbteDFW_xSKE9EercGZWZrO4YAeB_7iCQlp4bRXgOUewwSeaAic4Q10kjv3xcoH1q-BRxfAsrbIM_KCQrYqF5LMfWCSDYLUQlUzTSCtdn8xpugjCWtJk=s4800-w800,https://map.naver.com/p/entry/place/37322069,2화에서 김모미가 핸섬스님과 2차로 이동해 칵테일을 마시는 장면이 촬영된 곳,https://kdramamap.com/location/%eb%a7%88%ec%8a%a4%ed%81%ac%ea%b1%b8-%ec%8d%b0%ec%8a%a4%eb%8d%b0%ec%9d%b4%ed%8c%8c%ed%8b%b0-%ec%9d%b4%ed%83%9c%ec%9b%90%ec%a0%90-3752/;https://blog.naver.com/redmee2/223195628003,2026-07-28,73,,,,Kim Yong-hoon,https://image.tmdb.org/t/p/w500/urnfhsTOFtLuW61GFKS3OXCDMZl.jpg,마스크걸,2,10,26,100.0,1,N,,,Y,언급2회이상_작품내상위15,정승길_v4,
st_05920,마스크걸,Mask Girl,drama,고현정;안재홍;염혜란;나나,덕수콜택시,택시회사,서울 중랑구 겸재로27길 57,37.589745,127.084251,,https://map.naver.com/p/entry/place/31814538,4화에서 김경자가 김춘애를 납치하려고 택시기사로 취직하는 강천운수로 나온 곳,https://kdramamap.com/location/%eb%a7%88%ec%8a%a4%ed%81%ac%ea%b1%b8-%eb%8d%95%ec%88%98%ec%bd%9c%ed%83%9d%ec%8b%9c-3761/;https://blog.naver.com/redmee2/223197990693,2026-07-28,73,,,,Kim Yong-hoon,https://image.tmdb.org/t/p/w500/urnfhsTOFtLuW61GFKS3OXCDMZl.jpg,마스크걸,2,6,26,100.0,2,N,,,Y,언급2회이상_작품내상위15,정승길_v4,
st_05955,마스크걸,Mask Girl,drama,고현정;안재홍;염혜란;나나,해운대중학교,학교,부산 해운대구 우동2로30번길 99,35.171774,129.161962,,https://map.naver.com/p/entry/place/12179427,5화에서 전학 온 김미모가 예춘과 절친이 되는 성림중학교로 나온 곳,https://kdramamap.com/location/%eb%a7%88%ec%8a%a4%ed%81%ac%ea%b1%b8-%ed%95%b4%ec%9a%b4%eb%8c%80%ec%a4%91%ed%95%99%ea%b5%90-3796/;https://blog.naver.com/redmee2/223202322547,2026-07-28,73,,,,Kim Yong-hoon,https://image.tmdb.org/t/p/w500/urnfhsTOFtLuW61GFKS3OXCDMZl.jpg,마스크걸,2,5,26,100.0,3,N,,,Y,언급2회이상_작품내상위15,정승길_v4,
st_05914,마스크걸,Mask Girl,drama,고현정;안재홍;염혜란;나나,호텔토마스 명동,호텔/숙박,서울 중구 세종대로16길 26,37.563141,126.978376,https://lh3.googleusercontent.com/place-photos/AG9NLjCIBKXo9UvjXt1FklPF7fcH1oDcp3J1dDzp0RpojkmUIsmfzchm8MXuNkVE7Xg0DDo9rGGM2F9EqKxsPXCmas7CNUSmpC8I21XYavGArBBar_vKm1a8fGyObpHLqYs8aCC3exx6hSfqEtyX64E=s4800-w800,https://map.naver.com/p/entry/place/1638612987,1~2화에서 김모미가 다니는 대원해상 회사 옥상 휴게공간 장면이 촬영된 곳,https://kdramamap.com/location/%eb%a7%88%ec%8a%a4%ed%81%ac%ea%b1%b8-%ed%98%b8%ed%85%94%ed%86%a0%eb%a7%88%ec%8a%a4-%eb%aa%85%eb%8f%99-3755/;https://blog.naver.com/redmee2/223188064747,2026-07-28,73,,,,Kim Yong-hoon,https://image.tmdb.org/t/p/w500/urnfhsTOFtLuW61GFKS3OXCDMZl.jpg,마스크걸,2,2,26,100.0,5,N,,,Y,언급2회이상_작품내상위15,정승길_v4,
mv_2333_06,마스터,Master,movie,이병헌;강동원;김우빈;엄지원;오달수,청심평화월드센터,컨벤션시설,경기 가평군 설악면 미사리로 258,37.6837629807313,127.520425446573,https://lh3.googleusercontent.com/place-photos/AG9NLjAXHzCS25LaDC4c5TrrE5_pn8cNX2Tagi7bVVfTmllv0YTOelm1QSISJlhebeku9OdqshE28HXty8KIWq-vrUJYKmiNEKQ_MYVE2-GZbFLxkOuCZNBb-6hYVIwEEB68YKyopfcx9ATbBgrHZg=s4800-w800,https://map.naver.com/p/entry/place/30976147,진회장(이병헌)이 원네트워크 회원들 대상으로 투자 유치 스피치를 하는 장면이 이곳 메인플로어에서 촬영됐다,https://www.cinematheque.co.kr/travel/17597;https://m.blog.naver.com/cspwc/220903273216,2026-07-31,,,7133595,,조의석,https://image.tmdb.org/t/p/w500/ebJHlPpLKi4giADhtLhYoV3hV6Q.jpg,마스터,1,3,42,100.0,1,N,,,Y,언급부족_데이터품질기준보존,정승길_v4,
mv_2333_05,마스터,Master,movie,이병헌;강동원;김우빈;엄지원;오달수,더케이트윈타워,업무용빌딩,서울 종로구 종로1길 50,37.5746935648865,126.979039429148,https://lh3.googleusercontent.com/place-photos/AG9NLjCraVcHZPxbBKz_x13lNTQ1LEQ2FEI82WuUdRndtKUBpwCj-CkTqctPTK4mOsDWNwJ24F07CFTfe07q2v3rBQzJ4TiaKRpaARPkC_aht-adVaOTqmWk3uKiT758ARvrNhrcIDLIMb80L93c3g=s4800-w800,,,https://www.cinematheque.co.kr/travel/17590,2026-07-31,,,7133595,,조의석,https://image.tmdb.org/t/p/w500/ebJHlPpLKi4giADhtLhYoV3hV6Q.jpg,마스터,0,0,42,0.0,2,N,,,Y,언급부족_데이터품질기준보존,,
mv_2333_08,마스터,Master,movie,이병헌;강동원;김우빈;엄지원;오달수,서대문형무소역사관,역사관,서울 서대문구 통일로 251,37.574608694202475,126.95561222756633,https://lh3.googleusercontent.com/place-photos/AG9NLjB2OVZpuFR3HbFSeikif_o7pRLjKoyY9Bcw9kBblHfnSg5rRQFD0SkjUOg0j81GOk40oc_7-7iJHbfQky4Bl8O3-QXnxxYnJ92iTo6zsXTZ8gtTwmoPgkPSBcnI1CrBNlt8dpWTn9ygygFQoQ=s4800-w800,https://map.naver.com/p/entry/place/12384776,,https://www.cinematheque.co.kr/travel/17602,2026-07-31,,,7133595,,조의석,https://image.tmdb.org/t/p/w500/ebJHlPpLKi4giADhtLhYoV3hV6Q.jpg,마스터,0,0,42,0.0,4,N,,,Y,언급부족_데이터품질기준보존,,
st_20126,마우스,Mouse,drama,이승기;이희준;박주현,본이 할머니 집,주택,서울 성북구 보국문로29마길 24,37.6139187466038,126.999460873293,https://lh3.googleusercontent.com/place-photos/AG9NLjAua3N1_xz1aL_u4WmpNbfg364AQxdzEWoB30hJW5RLupzzuNKmtgY-PKfICDiSwfpmh5Rb0v_4ViA8P4bQNkYApcClrONBmNoYP-2zzQmudXJH8E46llQcJVmrh6CkicsrNWsGKhSqa_dKcnU=s4800-w800,,본이와 할머니가 함께 사는 집으로 나온 장면을 촬영한 곳,https://koreandramalocation.com/mouse,2026-07-30,31,,,,Choi Joon-bae;강철우,https://image.tmdb.org/t/p/w500/lrWHBK1h4rrEnx5Ml8iDR1SwNux.jpg,마우스,0,0,41,0.0,4,N,,,Y,언급부족_데이터품질기준보존,정승길_v4,
st_20128,마우스,Mouse,drama,이승기;이희준;박주현,서울방배경찰서,경찰서,서울 서초구 방배천로 54,37.4813549867658,126.982858178461,https://lh3.googleusercontent.com/place-photos/AG9NLjAsObozkfmF6Dlfq9h4FpWQebHTBGGzm71DS5ImxeDQfBYw3N1yxQLVhjD5yHl3W0_O3ZQCvX2kdr2B9QIk67cY_8vlKbCb0bqB0f7-yd6IiUeSHlUoTJLTUTqE5tBwsSMVrID9Ov2Xk9F7ypI=s4800-w800,https://map.naver.com/p/entry/place/1661161649,극중 무진경찰서로 나온 옛 서울방배경찰서 건물 촬영지,https://koreandramalocation.com/mouse,2026-07-30,31,,,,Choi Joon-bae;강철우,https://image.tmdb.org/t/p/w500/lrWHBK1h4rrEnx5Ml8iDR1SwNux.jpg,마우스,0,0,41,0.0,5,N,,,Y,언급부족_데이터품질기준보존,정승길_v4,
st_20129,마우스,Mouse,drama,이승기;이희준;박주현,성남시청,관공서(병원 로비 촬영),경기 성남시 중원구 성남대로 997,37.4200218720325,127.126586301128,https://lh3.googleusercontent.com/place-photos/AG9NLjCPu8DPgH-_2_LC2mYhpucQOde_M601KL9T7DnXR-QYZJDaAV6lVdrOk0TiSJSjyHRlpmyvG-y-6pjXNx4CJgRPuzEOF5nvDKRUQ7dB9N0j_eB8IFB_6oTnsIkrMXgCUhRr8RAEkeqUzoZqMlUuyY0mGA=s4800-w800,https://map.naver.com/p/entry/place/11627831,인천힘찬병원의 병원 로비 장면을 촬영한 성남시청 청사,https://koreandramalocation.com/mouse,2026-07-30,31,,,,Choi Joon-bae;강철우,https://image.tmdb.org/t/p/w500/lrWHBK1h4rrEnx5Ml8iDR1SwNux.jpg,마우스,0,0,41,0.0,6,N,,,Y,언급부족_데이터품질기준보존,정승길_v4,
st_20138,마이네임,My Name,drama,한소희;박희순;안보현,해동용궁사,사찰,부산광역시 기장군 기장읍 용궁길 86,35.1882392674714,129.223245860198,https://lh3.googleusercontent.com/place-photos/AG9NLjBKuvJbOu_x4wUXW0r8nyI2xb9cTqMh4mkA2Kk0HyV3gT-9wRwV7IduMTZAyZGa5eJ6xBFjDv-UIUwyT0QWiJc7Jw6pTr-IyH5omqSloeYwBJrY2LjWmx6xCFz50MJtqHaF0bXkwLckiSvIWk9SdH5lGQ=s4800-w800,https://map.naver.com/p/entry/place/11737443,4화에서 마약 조직원 일부가 살해당하는 장면이 나온다,https://creatrip.com/en/blog/8071,2026-07-30,41,,,,김진민,https://image.tmdb.org/t/p/w500/ncAKKmr1sfFhQvn6LeGTY2QBge.jpg,마이네임,27,358,81,100.0,1,N,,,Y,언급2회이상_작품내상위15,정승길_v4,
st_20136,마이네임,My Name,drama,한소희;박희순;안보현,깡깡이예술마을,마을/거리,부산광역시 영도구 대평북로 36,35.093176660642,129.034170207797,https://lh3.googleusercontent.com/place-photos/AG9NLjBsDezZr7EPsg7Z1GrFXNXeIg1YhEFZKWAHPsVfKdWfEpYFcC5WgiqjOWncTdAXmd30l_iPOPghXsQZdIJEasGfMS0sH2-d-u7bVFSfyaKEJT2gCfd_NsTfxQJWN2bNdFg15AoNRG36TQ2LDA=s4800-w800,https://map.naver.com/p/entry/place/1407134527,5화에서 강재 패거리와 동천파가 인근 부둣가에서 패싸움을 벌이는 장면,https://english.visitkorea.or.kr/svc/contents/infoBscView.do?menuSn=508&vcontsId=177329,2026-07-30,41,,,,김진민,https://image.tmdb.org/t/p/w500/ncAKKmr1sfFhQvn6LeGTY2QBge.jpg,마이네임,6,23,81,22.2,2,N,,,Y,언급2회이상_작품내상위15,정승길_v4,
st_20135,마이네임,My Name,drama,한소희;박희순;안보현,부산해양경찰서 (경찰서 세트),관공서(경찰서),부산광역시 영도구 해양로 293,35.082284528292,129.077327872729,https://lh3.googleusercontent.com/place-photos/AG9NLjCZMfO0HD3DRzRylLMvxuccfm48E9t5LtZOUSceKAphEbwqTgyDOL44DDWEDrOtZxgNoB630HyqDGjzhf-kGGfYsYw5AkvN4Ca3259KBO20texn9bltWVH-_IfA6AhPTZua5z3Z5Oolw9LL0p4=s4800-w800,,극중 지우가 위장 잠입한 인창서(경찰서) 외경으로 여러 화에 걸쳐 등장하는 장면,https://english.visitkorea.or.kr/svc/contents/infoBscView.do?menuSn=508&vcontsId=177329,2026-07-30,41,,,,김진민,https://image.tmdb.org/t/p/w500/ncAKKmr1sfFhQvn6LeGTY2QBge.jpg,마이네임,6,12,81,22.2,3,N,,,Y,언급2회이상_작품내상위15,정승길_v4,
st_20137,마이네임,My Name,drama,한소희;박희순;안보현,부산대교,다리,부산광역시 영도구 대교동,35.0924257352017,129.03831524531,https://lh3.googleusercontent.com/place-photos/AG9NLjCdc0zMo5ENwqd28AhETJkeLTM49Jwqt1dY3GHVUDfkhY_bB1-EWK-2_tEXeDxN4y84dcYSzTXlVZZ-m2fzt2zAZNWhU7YlEP3_5YnEfq_1h-5QVmcBSarhX4gAtKM2JIQ3DSTMKTqSMm7Q7w=s4800-w800,,지우와 무진이 다리를 사이에 두고 만나 대화를 나누는 장면,https://english.visitkorea.or.kr/svc/contents/infoBscView.do?menuSn=508&vcontsId=177329,2026-07-30,41,,,,김진민,https://image.tmdb.org/t/p/w500/ncAKKmr1sfFhQvn6LeGTY2QBge.jpg,마이네임,4,7,81,14.8,4,N,,,Y,언급2회이상_작품내상위15,정승길_v4,
st_06051,마이데몬,My Demon,drama,김유정;송강,자작도해수욕장,해변,강원 고성군 죽왕면 문암진리,38.303749,128.544221,,https://map.naver.com/p/entry/place/1238940361,1화에서 도도희가 생일에 어릴 때 돌아가신 부모님과의 추억이 있는 바닷가를 찾는 장면을 촬영한 곳.,https://kdramamap.com/location/%eb%a7%88%ec%9d%b4%eb%8d%b0%eb%aa%ac-%ec%9e%90%ec%9e%91%eb%8f%84%ed%95%b4%ec%88%98%ec%9a%95%ec%9e%a5-6140/;https://hugestlight.com/249;https://m.blog.naver.com/tlsqhtjs20/224057328299,2026-07-28,42,,,,김장한;Kwon Da-som,https://image.tmdb.org/t/p/w500/hHCFsQaVW7oeh0MfZTL2A4c5dRS.jpg,마이데몬,4,16,27,100.0,1,N,,,Y,언급2회이상_작품내상위15,정승길_v4,
st_06052,마이데몬,My Demon,drama,김유정;송강,무릉계곡,자연/명소,강원 동해시 삼화동 산 267-3,37.464043,129.018192,https://lh3.googleusercontent.com/place-photos/AG9NLjCr8ou3EBtRM_kPEwsftJhDrkhqTyLBRcrHFKKZl2YsriPvuD_wqWWVXiW5BH_JiiCSNZhojYYWq1M-Z9AerKUADZEsYCGVjbWlQ2mKxvybn7WuWraYc8cOwalQPnEUye7WxrhDppxb724r8Xw=s4800-w800,https://map.naver.com/p/entry/place/21274258,구원과 도희가 전생에서 처음 만나 반하고 십자가 목걸이를 선물받는 계곡으로 등장.,https://kdramamap.com/location/%eb%a7%88%ec%9d%b4%eb%8d%b0%eb%aa%ac-%eb%ac%b4%eb%a6%89%ea%b3%84%ea%b3%a1-6141/,2026-07-28,42,,,,김장한;Kwon Da-som,https://image.tmdb.org/t/p/w500/hHCFsQaVW7oeh0MfZTL2A4c5dRS.jpg,마이데몬,3,18,27,75.0,2,N,,,Y,언급2회이상_작품내상위15,정승길_v4,
st_06024,마이데몬,My Demon,drama,김유정;송강,유니버설아트센터,,서울 광진구 천호대로 664,37.550980,127.087095,https://lh3.googleusercontent.com/place-photos/AG9NLjCStX2wnP4RgMz2X-QA1PfrtJP-0wJLt0WCYZquCkIM1xVSfDfTVEz8GlFNXG5qCqiF20oKaaxwTTIyxlDw_Ql6eAp_wRq9Ekvz7NV669EH8xPwHUuceKrjuJyZCvtzMTjOm-BTLFCQwqQ6TA=s4800-w800,https://map.naver.com/p/entry/place/18810818,1화부터 등장하는 구원(정구원)의 선월재단 미술관 외관과 공연장 촬영지.,https://kdramamap.com/location/%eb%a7%88%ec%9d%b4%eb%8d%b0%eb%aa%ac-%ec%9c%a0%eb%8b%88%eb%b2%84%ec%84%a4%ec%95%84%ed%8a%b8%ec%84%bc%ed%84%b0-6113/,2026-07-28,42,,,,김장한;Kwon Da-som,https://image.tmdb.org/t/p/w500/hHCFsQaVW7oeh0MfZTL2A4c5dRS.jpg,마이데몬,3,8,27,75.0,3,N,,,Y,언급2회이상_작품내상위15,정승길_v4,
st_20455,마이 데몬,My Demon,drama,김유정;송강,오크밸리리조트,리조트,강원특별자치도 원주시 지정면 오크밸리1길 66,37.434470,127.817561,https://lh3.googleusercontent.com/place-photos/AG9NLjBphTFZ8U-AXs0JTiJtlVLMQyNz1pdGObjx-_-lD9LzphGJsqVYpk3w4vIZnUqIG8UHjouwa3acj9UKTgjJnxnKD5VFLYP3fqnHHCxSjNmqZFQVkOYOfewmwpumiT5w8cmPxcQiUpWRfnTTvA=s4800-w800,https://map.naver.com/p/entry/place/1808810497,주창숙 회장의 칠순 가족모임 장면이 촬영된 리조트 저택,https://hugestlight.com/249;https://sys180.com/entry/마이데몬-촬영장소-어디,2026-07-30,42,,,,김장한;Kwon Da-som,https://image.tmdb.org/t/p/w500/hHCFsQaVW7oeh0MfZTL2A4c5dRS.jpg,마이데몬,3,3,27,75.0,4,N,,,Y,언급2회이상_작품내상위15,정승길_v4,
st_20451,마이 데몬,My Demon,drama,김유정;송강,청계천,하천/명소,서울 종로구 서린동 148,37.569147,126.978647,https://lh3.googleusercontent.com/place-photos/AG9NLjBps1C8H6E-7VSZ5SRZ4P2vEmxF_6brWpsAOLR2P48T4cR1wEDeLwrF_IE-G8NO_XYjifmDSsR_vuwf3_-xqerQAC6ICdKY2KM-1CDWHsU3ZeecLQl58Amevo9CN6NkDheWMvyUabH56J1s=s4800-w800,https://map.naver.com/p/entry/place/13491093,,http://news.tf.co.kr/read/life/2069658.htm;https://www.junggi.co.kr/article/articleView.html?no=31658;http://www.metroseoul.co.kr/article/20240119500061,2026-07-30,42,,,,김장한;Kwon Da-som,https://image.tmdb.org/t/p/w500/hHCFsQaVW7oeh0MfZTL2A4c5dRS.jpg,마이데몬,3,2,27,75.0,5,N,,,Y,언급2회이상_작품내상위15,,
st_06021,마이데몬,My Demon,drama,김유정;송강,서울숲 거울연못,자연/명소,서울 성동구 성수동1가 720,37.545462,127.039330,https://lh3.googleusercontent.com/place-photos/AG9NLjBfE2fUJ8RlQj7a44CvwNba7t7FfCmIpxtU_Ajml0RJbWeSH0p040-hpmrM3-23DfGhHOb9R75aie29PWm3WCMSkdVh_Ne_yZkhjZ_A1CzboW4IL5U6KcO4ts00OunNnPWoutfe2_9VX0z6dg=s4800-w800,https://map.naver.com/p/entry/place/18785647,구원과 도도희가 자전거를 타며 데이트하는 장면을 촬영한 곳.,https://kdramamap.com/location/%eb%a7%88%ec%9d%b4%eb%8d%b0%eb%aa%ac-%ec%84%9c%ec%9a%b8%ec%88%b2-%ea%b1%b0%ec%9a%b8%ec%97%b0%eb%aa%bb-6110/,2026-07-28,42,,,,김장한;Kwon Da-som,https://image.tmdb.org/t/p/w500/hHCFsQaVW7oeh0MfZTL2A4c5dRS.jpg,마이데몬,2,11,27,50.0,6,N,,,Y,언급2회이상_작품내상위15,정승길_v4,
st_06019,마이데몬,My Demon,drama,김유정;송강,성신여자대학교 운정그린캠퍼스,학교,서울 강북구 도봉로76가길 55,37.632038,127.027124,,https://map.naver.com/p/entry/place/20592046,구원이 이사장으로 있는 선월재단 내부 공간으로 등장한 곳.,https://kdramamap.com/location/%eb%a7%88%ec%9d%b4%eb%8d%b0%eb%aa%ac-%ec%84%b1%ec%8b%a0%ec%97%ac%ec%9e%90%eb%8c%80%ed%95%99%ea%b5%90-%ec%9a%b4%ec%a0%95%ea%b7%b8%eb%a6%b0%ec%ba%a0%ed%8d%bc%ec%8a%a4-6108/,2026-07-28,42,,,,김장한;Kwon Da-som,https://image.tmdb.org/t/p/w500/hHCFsQaVW7oeh0MfZTL2A4c5dRS.jpg,마이데몬,2,10,27,50.0,7,N,,,Y,언급2회이상_작품내상위15,정승길_v4,
st_06048,마이데몬,My Demon,drama,김유정;송강,용인대장금파크,,경기 용인시 처인구 백암면 용천드라마길 25,37.119444,127.337089,https://lh3.googleusercontent.com/place-photos/AG9NLjCT1kZTB6B9tA9qR39FVdoY89yCB6pn5kV56bze5R3HChMbEWzfMUQ3Cl5Htamjyt44GLCgbK10Lh5A4_iZS3Llnrz3nKkVKZCUdylxiZ482muTL29rv2rYv4_bafEmQiMUNFTbmAAzcQaKo_4=s4800-w800,https://map.naver.com/p/entry/place/13523487,구원이 인간이었던 과거 시대를 회상하는 사극 세트장 장면으로 등장,https://kdramamap.com/location/%eb%a7%88%ec%9d%b4%eb%8d%b0%eb%aa%ac-%ec%9a%a9%ec%9d%b8%eb%8c%80%ec%9e%a5%ea%b8%88%ed%8c%8c%ed%81%ac-6137/,2026-07-28,42,,,,김장한;Kwon Da-som,https://image.tmdb.org/t/p/w500/hHCFsQaVW7oeh0MfZTL2A4c5dRS.jpg,마이데몬,2,7,27,50.0,8,N,,,Y,언급2회이상_작품내상위15,정승길_v4,
st_06045,마이데몬,My Demon,drama,김유정;송강,거풍스튜디오,,경기 남양주시 별내면 청학로54번길 247,37.722912,127.136661,,https://map.naver.com/p/entry/place/1464260745,2화에서 주천숙 회장이 숨진 채 발견되는 저택 온실 장면을 촬영한 스튜디오.,https://kdramamap.com/location/%eb%a7%88%ec%9d%b4%eb%8d%b0%eb%aa%ac-%ea%b1%b0%ed%92%8d%ec%8a%a4%ed%8a%9c%eb%94%94%ec%98%a4-6134/,2026-07-28,42,,,,김장한;Kwon Da-som,https://image.tmdb.org/t/p/w500/hHCFsQaVW7oeh0MfZTL2A4c5dRS.jpg,마이데몬,2,4,27,50.0,9,N,,,Y,언급2회이상_작품내상위15,정승길_v4,
st_06012,마이데몬,My Demon,drama,김유정;송강,그랜드하얏트 서울,호텔,서울 용산구 소월로 322,37.539763,126.996241,,https://map.naver.com/p/entry/place/11555954,도도희와 구원이 계약결혼식을 올리는 장면을 촬영한 호텔 그랜드볼룸.,https://kdramamap.com/location/%eb%a7%88%ec%9d%b4%eb%8d%b0%eb%aa%ac-%ea%b7%b8%eb%9e%9c%eb%93%9c%ed%95%98%ec%96%8f%ed%8a%b8-%ec%84%9c%ec%9a%b8-6101/;https://blog.naver.com/eom81/224161944082;https://hugestlight.com/249,2026-07-28,42,,,,김장한;Kwon Da-som,https://image.tmdb.org/t/p/w500/hHCFsQaVW7oeh0MfZTL2A4c5dRS.jpg,마이데몬,2,4,27,50.0,10,N,,,Y,언급2회이상_작품내상위15,정승길_v4,
st_05996,마이데몬,My Demon,drama,김유정;송강,디와이피엔에프 마곡사옥,,서울 강서구 마곡중앙8로7길 39,37.564404,126.838941,https://lh3.googleusercontent.com/place-photos/AG9NLjC2w1zmfmgZTgd0JrxLb4TIu2rbAbzqpH75272inrqOQS-UlQT5w4mg6bSFUeSW5XP9-uKA-EINg1YMYJy10IxlhD7kvJp-S2O9kgCFO1OIKykSHnLoivBT9Kt2D8vFb9A-AhGd4SWspVkgR8Gd9x5p-Q=s4800-w800,https://map.naver.com/p/entry/place/1339558110,2화에서 도도희가 대표로 있는 미래F&B 사옥으로 등장한 건물.,https://kdramamap.com/location/%eb%a7%88%ec%9d%b4%eb%8d%b0%eb%aa%ac-%eb%94%94%ec%99%80%ec%9d%b4%ed%94%bc%ec%97%94%ec%97%90%ed%94%84-%eb%a7%88%ea%b3%a1%ec%82%ac%ec%98%a5-6085/,2026-07-28,42,,,,김장한;Kwon Da-som,https://image.tmdb.org/t/p/w500/hHCFsQaVW7oeh0MfZTL2A4c5dRS.jpg,마이데몬,2,2,27,50.0,11,N,,,Y,언급2회이상_작품내상위15,정승길_v4,
st_06038,마이데몬,My Demon,drama,김유정;송강,광탄성당,성당,경기 파주시 광탄면 심궁로 76-38,37.778093,126.859039,https://lh3.googleusercontent.com/place-photos/AG9NLjC9WJRdVd_hs1MwY-6qGSv5cdvF_V3aMc5awQrwS6CI5g-tVFWngM0rOV0MIydP3lk7crPKpaChMzWMo41TPa7taz8BPaRCkovre33iCLCY6L3TYchxgFoGidTQQIz09I_Ayvtk9pUhBLPJFQ=s4800-w800,https://map.naver.com/p/entry/place/13454019,도도희와 구원이 부모님 죽음에 얽힌 비밀을 알게 되는 장면을 촬영한 성당.,https://kdramamap.com/location/%eb%a7%88%ec%9d%b4%eb%8d%b0%eb%aa%ac-%ea%b4%91%ed%83%84%ec%84%b1%eb%8b%b9-6127/,2026-07-28,42,,,,김장한;Kwon Da-som,https://image.tmdb.org/t/p/w500/hHCFsQaVW7oeh0MfZTL2A4c5dRS.jpg,마이데몬,2,1,27,50.0,12,N,,,Y,언급2회이상_작품내상위15,정승길_v4,
st_06006,마이데몬,My Demon,drama,김유정;송강,노들섬,공원/섬,서울 용산구 이촌동 377-1,37.516618,126.958917,https://lh3.googleusercontent.com/place-photos/AG9NLjCdckTG5Cn3KXDe-3SziPPnQv2hWwImd35ipRL432wvWOWGI8aOr_knlE5F21J6yRJgeYcewN0FYc6uhOZYMEhAV_muv9GQQGq_crWJudfPwRDSmHdfO9hWVwUi8anRJ5kha3Ii4lrRCIO2=s4800-w800,https://map.naver.com/p/entry/place/1640249712,구원이 십자가를 찾으려고 도희를 물에 빠뜨리는 장면을 촬영한 곳.,https://kdramamap.com/location/%eb%a7%88%ec%9d%b4%eb%8d%b0%eb%aa%ac-%eb%85%b8%eb%93%a4%ec%84%ac-6095/;https://sys180.com/entry/마이데몬-촬영장소-어디,2026-07-28,42,,,,김장한;Kwon Da-som,https://image.tmdb.org/t/p/w500/hHCFsQaVW7oeh0MfZTL2A4c5dRS.jpg,마이데몬,2,1,27,50.0,13,N,,,Y,언급2회이상_작품내상위15,정승길_v4,
st_06032,마이데몬,My Demon,drama,김유정;송강,소피텔 앰배서더 서울 라티튜드32,호텔/레스토랑,서울 송파구 잠실로 209,37.513865,127.106100,https://lh3.googleusercontent.com/place-photos/AG9NLjC3gnyGGe8mZB_F3aiwZmABpECLSFBjumkrxXgi444l2zfgUSRwkerzQZ-iqzG0dB-WIauTv6RBHzEePNVYx7KTkZFu2z3AfEegFicHjWbdslb6yRfkiSS3jUXjDIX6JBrSUdzLglVKfvXTC2MuXT_8KA=s4800-w800,https://map.naver.com/p/entry/place/1168197639,구원과 도도희가 사실상 첫 데이트를 하는 레스토랑으로 등장한 곳.,https://kdramamap.com/location/%eb%a7%88%ec%9d%b4%eb%8d%b0%eb%aa%ac-%ec%86%8c%ed%94%bc%ed%85%94-%ec%95%b0%eb%b0%b0%ec%84%9c%eb%8d%94-%ec%84%9c%ec%9a%b8-%eb%9d%bc%ed%8b%b0%ed%8a%9c%eb%93%9c32-6121/;https://blog.naver.com/eom81/224161944082;https://sys180.com/entry/마이데몬-촬영장소-어디,2026-07-28,42,,,,김장한;Kwon Da-som,https://image.tmdb.org/t/p/w500/hHCFsQaVW7oeh0MfZTL2A4c5dRS.jpg,마이데몬,2,1,27,50.0,14,N,,,Y,언급2회이상_작품내상위15,정승길_v4,
st_06027,마이데몬,My Demon,drama,김유정;송강,엘리에나호텔,호텔/숙박,서울 강남구 논현로 645,37.511113,127.031413,https://lh3.googleusercontent.com/place-photos/AG9NLjBYQi32kLru9e-NcQqxwMvIOI8lY62bTb39elMFLNHgZ8HbZqDxrPhn7zQOeI-4F_pE7iCozzZUUTMcC8dJ-fjuhz1kJ9t9T9g74AJ_5AJe0DUstTPx4aQ1sDuas_IpM8YlFx6zfh5Evv0U_Ec=s4800-w800,https://map.naver.com/p/entry/place/1242320507,도도희가 대한민국 CEO 어워드를 받는 시상식 장면을 촬영한 곳.,https://kdramamap.com/location/%eb%a7%88%ec%9d%b4%eb%8d%b0%eb%aa%ac-%ec%97%98%eb%a6%ac%ec%97%90%eb%82%98%ed%98%b8%ed%85%94-6116/;https://blog.naver.com/eom81/224161944082;https://hugestlight.com/249;https://sys180.com/entry/마이데몬-촬영장소-어디,2026-07-28,42,,,,김장한;Kwon Da-som,https://image.tmdb.org/t/p/w500/hHCFsQaVW7oeh0MfZTL2A4c5dRS.jpg,마이데몬,2,1,27,50.0,15,N,,,Y,언급2회이상_작품내상위15,정승길_v4,
st_06287,맨끝줄소년,Notes from the Last Row,drama,최민식;최현욱,한미서점,서점,인천 제물포구 금곡로 9,37.472682,126.636655,https://lh3.googleusercontent.com/place-photos/AG9NLjCehHgFVl515R4OlfxmKKQr7ilcubav8PNUjrgi_RqbaA5uHe1tjRXK17BTP7EzJCh3IZcqo01TMbDzHZ2wcNH68-AxD0tYGvMA1PwlhB-0cd2N3-xfQJnNXgqs-oJ8REbGZxZwiS0f85KHPQ=s4800-w800,https://map.naver.com/p/entry/place/94964607,극 중 허문오가 이강의 휴대폰을 보며 복잡한 감정을 드러내는 서점 장면이 나온다.,https://kdramamap.com/location/%eb%a7%a8%eb%81%9d%ec%a4%84%ec%86%8c%eb%85%84-%ed%95%9c%eb%af%b8%ec%84%9c%ec%a0%90-19830/;https://haechi-travel.tistory.com/771,2026-07-28,100,18,,,김규태,https://image.tmdb.org/t/p/w500/xSSp3JHoZFxc69aeFtc9JTgVMeu.jpg,맨끝줄소년,10,42,46,100.0,1,N,,,Y,언급2회이상_작품내상위15,정승길_v4,
st_06302,맨끝줄소년,Notes from the Last Row,drama,최민식;최현욱,계명대학교 성서캠퍼스,학교,대구 달서구 달구벌대로 1095,35.855906,128.484579,https://lh3.googleusercontent.com/place-photos/AG9NLjBQSyDtFawJw8qnmockaehIerXXuxHSgorc2O3tSlpiyS9ixNrQ2MhzSY3nVIoPWR7Ms4aKOjC4HWfXDD4ONE4jkFjtGepEzsYBRqMoZ4Zz0zbUtmvH0NpyD5ktT8lVhPV-UgZfvPKVCkRvupU=s4800-w800,https://map.naver.com/p/entry/place/16414172,극 중 허문오 교수가 시험 문제 USB를 빼낸 뒤 메타세쿼이아 숲길에서 기뻐하는 장면,https://kdramamap.com/location/%eb%a7%a8%eb%81%9d%ec%a4%84%ec%86%8c%eb%85%84-%ea%b3%84%eb%aa%85%eb%8c%80%ed%95%99%ea%b5%90-%ec%84%b1%ec%84%9c%ec%ba%a0%ed%8d%bc%ec%8a%a4-19845/;https://haechi-travel.tistory.com/771;https://dramaplace.bkbro.kr/198,2026-07-28,100,18,,,김규태,https://image.tmdb.org/t/p/w500/xSSp3JHoZFxc69aeFtc9JTgVMeu.jpg,맨끝줄소년,8,25,46,80.0,2,N,,,Y,언급2회이상_작품내상위15,정승길_v4,
st_06289,맨끝줄소년,Notes from the Last Row,drama,최민식;최현욱,템스커피,카페,경기 파주시 회동길 508,37.722852,126.693683,https://lh3.googleusercontent.com/place-photos/AG9NLjCTJuN52wHO3FHnY_oq_g9t8uu-aTca3ClvimPVsYIdbolo8EnX0sd10cyjtf6kT9ZUgkHzrZ-hc5Sm-GvAxEEHHJgH_fsvVUOwE-kXONXDPUV-5PHFdghxW6xKGckiMnAWuODGnz7LFPms0pi4GpXk=s4800-w800,https://map.naver.com/p/entry/place/1182617857,극 중 허문오가 동경하던 작가 김수한을 만나 부탁을 하는 카페 장면이 나온다.,https://kdramamap.com/location/%eb%a7%a8%eb%81%9d%ec%a4%84%ec%86%8c%eb%85%84-%ed%85%9c%ec%8a%a4%ec%bb%a4%ed%94%bc-19832/;https://haechi-travel.tistory.com/771,2026-07-28,100,18,,,김규태,https://image.tmdb.org/t/p/w500/xSSp3JHoZFxc69aeFtc9JTgVMeu.jpg,맨끝줄소년,6,7,46,60.0,3,N,,,Y,언급2회이상_작품내상위15,정승길_v4,
st_20457,맨 끝줄 소년,Notes from the Last Row,drama,최민식;최현욱;김윤진,앤드테라스 파주점,카페,경기 파주시 오도동 216-1,37.7477883870008,126.719335225738,https://lh3.googleusercontent.com/place-photos/AG9NLjB7e0q1PnGuk2pvj5isOR-ABffwHvbwPY-k2nTF86yJf6t3_dNBA6Ra9BLLy_p71UKWW-zKMYDiHEjgxxugKRLDYJ3flPnFWk6TiAAWREpnomHF0JX4MbLxHQ9QdinhsDUPCsVe_NE9ux2x-OCJFc_neQ=s4800-w800,https://map.naver.com/p/entry/place/1696419624,극 중 이강이 생계를 위해 아르바이트하는 카페 장면,https://haechi-travel.tistory.com/771,2026-07-30,100,18,,,김규태,https://image.tmdb.org/t/p/w500/xSSp3JHoZFxc69aeFtc9JTgVMeu.jpg,맨끝줄소년,5,17,46,50.0,4,N,,,Y,언급2회이상_작품내상위15,정승길_v4,
st_06303,맨끝줄소년,Notes from the Last Row,drama,최민식;최현욱,계명대학교 대명캠퍼스,학교,대구 남구 명덕로 104,35.855523,128.579316,https://lh3.googleusercontent.com/place-photos/AG9NLjChA9Jw6uytFNOVvYZbqqN2PYFgTmPvZSneOjQD9_QPT-ueziezx2bvhCm6XSyo7pQ8TM5X_lZ802m1NoXjYsuonVPV5lT9SU0uUyzesKW2ED6FtBjgY_kv1fhs3kGBdlFBd4q3luQpehuqvb8=s4800-w800,https://map.naver.com/p/entry/place/11591497,극 중 허문오가 연서대학교 강의실에서 이강의 글쓰기 재능을 발견하는 장면,https://kdramamap.com/location/%eb%a7%a8%eb%81%9d%ec%a4%84%ec%86%8c%eb%85%84-%ea%b3%84%eb%aa%85%eb%8c%80%ed%95%99%ea%b5%90-%eb%8c%80%eb%aa%85%ec%ba%a0%ed%8d%bc%ec%8a%a4-19846/;https://haechi-travel.tistory.com/771;https://dramaplace.bkbro.kr/198,2026-07-28,100,18,,,김규태,https://image.tmdb.org/t/p/w500/xSSp3JHoZFxc69aeFtc9JTgVMeu.jpg,맨끝줄소년,4,7,46,40.0,5,N,,,Y,언급2회이상_작품내상위15,정승길_v4,
st_06281,맨끝줄소년,Notes from the Last Row,drama,최민식;최현욱,미루지항,항구/방파제,인천 강화군 화도면 여차리 1002-1,37.594294,126.411658,https://lh3.googleusercontent.com/place-photos/AG9NLjBQb2hoJhv2hLCbG1auRX9ns2GJUhfE7Re7KKh2RtnfX0z4O6B6sw_Ok1ZHRmH1NpAGiWwyOog3sL_WIVAKAv58g9R8TVElIIYyzas4WQt29TEUFQYeRWCbb8D6oKCGunn1lqF6tTa10uQnvg=s4800-w800,https://map.naver.com/p/entry/place/1627304853,극 중 이강이 보육원 원장과 함께 찾아가는 갯벌 항구 장면의 배경으로 나온다.,https://kdramamap.com/location/%eb%a7%a8%eb%81%9d%ec%a4%84%ec%86%8c%eb%85%84-%eb%af%b8%eb%a3%a8%ec%a7%80%ed%95%ad-19824/;https://haechi-travel.tistory.com/771,2026-07-28,100,18,,,김규태,https://image.tmdb.org/t/p/w500/xSSp3JHoZFxc69aeFtc9JTgVMeu.jpg,맨끝줄소년,3,5,46,30.0,6,N,,,Y,언급2회이상_작품내상위15,정승길_v4,
st_06300,맨끝줄소년,Notes from the Last Row,drama,최민식;최현욱,인터불고엑스코,호텔,대구 북구 유통단지로 80,35.906999,128.611286,https://lh3.googleusercontent.com/place-photos/AG9NLjC3k8g1S3zkJSRcidFPKdp3d0HfCPoH2NAF4bsS4u6EPd2fTZoYgiEb-UIpV_VBweQnfvcTLevxoNBrJbUkFKmdGty69fr9Wv-0wkyPlr_QIjvYwGSDwYb_M8kylxTI3SLW_nJ7BiQXRviE=s4800-w800,https://map.naver.com/p/entry/place/13449869,극 중 민희가 교통사고를 당하는 호텔 벨로체 장면의 배경으로 나온다.,https://kdramamap.com/location/%eb%a7%a8%eb%81%9d%ec%a4%84%ec%86%8c%eb%85%84-%ec%9d%b8%ed%84%b0%eb%b6%88%ea%b3%a0%ec%97%91%ec%8a%a4%ec%bd%94-19843/;https://haechi-travel.tistory.com/771,2026-07-28,100,18,,,김규태,https://image.tmdb.org/t/p/w500/xSSp3JHoZFxc69aeFtc9JTgVMeu.jpg,맨끝줄소년,3,5,46,30.0,7,N,,,Y,언급2회이상_작품내상위15,정승길_v4,
st_06279,맨끝줄소년,Notes from the Last Row,drama,최민식;최현욱,레스케이프 라망 시크레,레스토랑,서울 중구 퇴계로 67,37.559732,126.979523,https://lh3.googleusercontent.com/place-photos/AG9NLjDBVZkoNzvXG7cHq-QPdydTheR6WHmMECBSHk6sx39627H-DrEj4NO5WVIQlN3NRtVjA10YH_XkrmMSRPw5NqzWIz1VwbyJuQR0TyQ5eEiStHS-9sIW1J1hiBT4e2gmbkGNMRAj-Ef4yeRo=s4800-w800,https://map.naver.com/p/entry/place/1282957326,3화에서 허문오가 현숙과 함께 동료 교수 부부와 식사하는 레스토랑 장면이 나온다.,https://kdramamap.com/location/%eb%a7%a8%eb%81%9d%ec%a4%84%ec%86%8c%eb%85%84-%eb%a0%88%ec%8a%a4%ec%bc%80%ec%9d%b4%ed%94%84-%eb%9d%bc%eb%a7%9d-%ec%8b%9c%ed%81%ac%eb%a0%88-19822/;https://haechi-travel.tistory.com/771;https://dramaplace.bkbro.kr/198,2026-07-28,100,18,,,김규태,https://image.tmdb.org/t/p/w500/xSSp3JHoZFxc69aeFtc9JTgVMeu.jpg,맨끝줄소년,3,4,46,30.0,8,N,,,Y,언급2회이상_작품내상위15,정승길_v4,
st_06277,맨끝줄소년,Notes from the Last Row,drama,최민식;최현욱,대신아파트,주거지,서울 영등포구 도신로60길 7,37.511156,126.917586,,https://map.naver.com/p/entry/place/19011703,극 중 민희가 사는 낡은 아파트 옥상 장면의 배경으로 나온다.,https://kdramamap.com/location/%eb%a7%a8%eb%81%9d%ec%a4%84%ec%86%8c%eb%85%84-%eb%8c%80%ec%8b%a0%ec%95%84%ed%8c%8c%ed%8a%b8-19820/;https://haechi-travel.tistory.com/771;https://dramaplace.bkbro.kr/198,2026-07-28,100,18,,,김규태,https://image.tmdb.org/t/p/w500/xSSp3JHoZFxc69aeFtc9JTgVMeu.jpg,맨끝줄소년,2,3,46,20.0,9,N,,,Y,언급2회이상_작품내상위15,정승길_v4,
st_06278,맨끝줄소년,Notes from the Last Row,drama,최민식;최현욱,레스케이프 마크 다모르,레스토랑,서울 중구 퇴계로 67,37.559732,126.979523,https://lh3.googleusercontent.com/place-photos/AG9NLjB8q1o1xTTZNgFGxJht8NbeeNBlp_EufRDXgyhX32E5kg-ik8hUiZrmtfuoOLnde3H-nZLQYYFK4Pcid8DRiWc3lGb1QMJTIBGaHpV1OKdxj7gZEIJNk6pBgjUT981KLscsLzPLWoZxShQtU7S_r3EV8Q=s4800-w800,https://map.naver.com/p/entry/place/1873443872,6화에서 이강이 허문오의 아내 현숙을 찾아가 이야기를 나누는 바 장면이 나온다.,https://kdramamap.com/location/%eb%a7%a8%eb%81%9d%ec%a4%84%ec%86%8c%eb%85%84-%eb%a0%88%ec%8a%a4%ec%bc%80%ec%9d%b4%ed%94%84-%eb%a7%88%ed%81%ac-%eb%8b%a4%eb%aa%a8%eb%a5%b4-19821/;https://haechi-travel.tistory.com/771;https://dramaplace.bkbro.kr/198,2026-07-28,100,18,,,김규태,https://image.tmdb.org/t/p/w500/xSSp3JHoZFxc69aeFtc9JTgVMeu.jpg,맨끝줄소년,2,3,46,20.0,10,N,,,Y,언급2회이상_작품내상위15,정승길_v4,
st_20460,맨 끝줄 소년,Notes from the Last Row,drama,최민식;최현욱;김윤진,한국지도자아카데미,연수원,경기 시흥시 목감동 산8-1,37.4000728525756,126.870746884722,,https://map.naver.com/p/entry/place/404134353,극 중 어린 이강이 허문오와 조현숙을 처음 만나는 보육원 장면,https://haechi-travel.tistory.com/771,2026-07-30,100,18,,,김규태,https://image.tmdb.org/t/p/w500/xSSp3JHoZFxc69aeFtc9JTgVMeu.jpg,맨끝줄소년,2,3,46,20.0,11,N,,,Y,언급2회이상_작품내상위15,정승길_v4,
st_06280,맨끝줄소년,Notes from the Last Row,drama,최민식;최현욱,마들원,공원(정원),서울 노원구 공릉로62길 27-11,37.636415,127.071297,https://lh3.googleusercontent.com/place-photos/AG9NLjD3va1SlY5i2Qdt5NBYl5wA_BPP7T9tM6A8lNawyAPJtwI6TByio68e1B90Ld9Ni8H8xNi4xF8W2LC4IAyJnCf5sA4Wfm6RjHhbX30olgXfPsLKjf0ZZgSIS_D0vtqbuT9h_sHxhQwBPVxlkd-SAef0=s4800-w800,https://map.naver.com/p/entry/place/1353963866,"이외에도 수원시립박물관, 오산종합병원, 경기 고양수변공원, 마들원, 대경 필건설, 대구 펙스코, 삼성본병원 등에서 촬영했습니다.",https://kdramamap.com/location/%eb%a7%a8%eb%81%9d%ec%a4%84%ec%86%8c%eb%85%84-%eb%a7%88%eb%93%a4%ec%9b%90-19823/;https://haechi-travel.tistory.com/771,2026-07-28,100,18,,,김규태,https://image.tmdb.org/t/p/w500/xSSp3JHoZFxc69aeFtc9JTgVMeu.jpg,맨끝줄소년,2,2,46,20.0,12,N,,,Y,언급2회이상_작품내상위15,블로그크롤링_2026-08-01,https://blog.naver.com/redmee2/224331023687
st_06275,맨끝줄소년,Notes from the Last Row,drama,최민식;최현욱,보타닉파크웨딩,웨딩홀,서울 강서구 마곡중앙5로 6,37.567314,126.827555,https://lh3.googleusercontent.com/place-photos/AG9NLjD9tk26s91TbuoTj6pStCsS4cHylkydUUoKuIo1ZLvnoY81GGlPQc6y6PrcjvlCzOwAhbmOMhFsgCx0xTeWfjpmrkf66fBFGGYJKjEwDXv04v-9yUy12rH-KnbJzcnQPwdPFjVeu3-Qz2Go3KJ6pIziww=s4800-w800,https://map.naver.com/p/entry/place/94306527,,https://kdramamap.com/location/%eb%a7%a8%eb%81%9d%ec%a4%84%ec%86%8c%eb%85%84-%eb%b3%b4%ed%83%80%eb%8b%89%ed%8c%8c%ed%81%ac%ec%9b%a8%eb%94%a9-19818/;https://haechi-travel.tistory.com/771;https://dramaplace.bkbro.kr/198,2026-07-28,100,18,,,김규태,https://image.tmdb.org/t/p/w500/xSSp3JHoZFxc69aeFtc9JTgVMeu.jpg,맨끝줄소년,2,2,46,20.0,13,N,,,Y,언급2회이상_작품내상위15,,
st_06291,맨끝줄소년,Notes from the Last Row,drama,최민식;최현욱,수변공원,공원,경기 고양시 일산동구 연리지로 17-2,37.657898,126.758320,https://lh3.googleusercontent.com/place-photos/AG9NLjCjW00hPLeRpQqcXNG44l_v3eCzVMVYcChEDrV39kH3r9KAxInbO5QBqMFwwFoFZzyZHu8DRhnsKj3e25VVMdnnMdfv1H77WguDSfOCcc9gA__vJ1LYif0wKNeeBVwy4Xx6H-2v-yth36c-=s4800-w800,https://map.naver.com/p/entry/place/1173871248,,https://kdramamap.com/location/%eb%a7%a8%eb%81%9d%ec%a4%84%ec%86%8c%eb%85%84-%ec%88%98%eb%b3%80%ea%b3%b5%ec%9b%90-19834/;https://haechi-travel.tistory.com/771,2026-07-28,100,18,,,김규태,https://image.tmdb.org/t/p/w500/xSSp3JHoZFxc69aeFtc9JTgVMeu.jpg,맨끝줄소년,2,2,46,20.0,14,N,,,Y,언급2회이상_작품내상위15,,
st_06412,멋진신세계,Brave New World,drama,임지연;허남준,경복궁,유적/한옥,서울 종로구 사직로 161,37.575904,126.976842,https://lh3.googleusercontent.com/place-photos/AG9NLjBUiIWrL3Ivwic4zEXOIs9tKbr87fqN3COsGxAPHmMETc80oLtsfTxNAuvZXco9oZcjT5WrM5mMAp_HTlAxxjBT5JhSOyoZCWHq1XlBrA3kqlQES-JmSahM3dSyszmIbDlwaOZtmJLILJ96i50=s4800-w800,https://map.naver.com/p/entry/place/11571707,1화에서 조선에서 온 신서리가 광화문 밖 자동차와 고층 빌딩을 보고 충격받는 장면,https://kdramamap.com/location/%eb%a9%8b%ec%a7%84%ec%8b%a0%ec%84%b8%ea%b3%84-%ea%b2%bd%eb%b3%b5%ea%b6%81-19747/;https://haechi-travel.tistory.com/719;https://dramaplace.bkbro.kr/196;https://i.histale.com/2026/05/blog-post.html,2026-07-28,,3,,,Han Tae-sob,https://image.tmdb.org/t/p/w500/u2cX3CVzUZLIGVwd9HB7bUhE7OP.jpg,멋진신세계,10,29,44,100.0,1,N,,,Y,언급2회이상_작품내상위15,정승길_v4,
st_06407,멋진신세계,Brave New World,drama,임지연;허남준,청계천,stream,서울 종로구 관철동 164-2,37.568526,126.985323,https://lh3.googleusercontent.com/place-photos/AG9NLjBps1C8H6E-7VSZ5SRZ4P2vEmxF_6brWpsAOLR2P48T4cR1wEDeLwrF_IE-G8NO_XYjifmDSsR_vuwf3_-xqerQAC6ICdKY2KM-1CDWHsU3ZeecLQl58Amevo9CN6NkDheWMvyUabH56J1s=s4800-w800,https://map.naver.com/p/entry/place/1451704655,1화에서 신서리가 무당을 만난 뒤 일식이 시작된 청계천을 쓸쓸히 걷는 장면,https://kdramamap.com/location/%eb%a9%8b%ec%a7%84%ec%8b%a0%ec%84%b8%ea%b3%84-%ec%b2%ad%ea%b3%84%ec%b2%9c-19742/;https://haechi-travel.tistory.com/719;https://i.histale.com/2026/05/blog-post.html,2026-07-28,,3,,,Han Tae-sob,https://image.tmdb.org/t/p/w500/u2cX3CVzUZLIGVwd9HB7bUhE7OP.jpg,멋진신세계,8,34,44,80.0,2,N,,,Y,언급2회이상_작품내상위15,정승길_v4,
st_06413,멋진신세계,Brave New World,drama,임지연;허남준,창덕궁,유적/한옥,서울 종로구 율곡로 99,37.578870,126.989710,https://lh3.googleusercontent.com/place-photos/AG9NLjB6kDSfjOtZ2xBr0SFTsUP5SCt7focx06EgJ_djkv1Rt8KuMy_3P6fpIh4AEsmofqmYgYXq-yMvFGRGSn1rObFPyqWR_R_hmrPhyC52a-I1sgU3TrSWkbpls5o1PV9HFeVKs3ZgfU0iWKWmew=s4800-w800,https://map.naver.com/p/entry/place/12261493,1화에서 여우비가 내린다는 소식이 전해지는 동안 창덕궁 전경이 비치는 장면,https://kdramamap.com/location/%eb%a9%8b%ec%a7%84%ec%8b%a0%ec%84%b8%ea%b3%84-%ec%b0%bd%eb%8d%95%ea%b6%81-19748/;https://haechi-travel.tistory.com/719;https://dramaplace.bkbro.kr/196;https://i.histale.com/2026/05/blog-post.html,2026-07-28,,3,,,Han Tae-sob,https://image.tmdb.org/t/p/w500/u2cX3CVzUZLIGVwd9HB7bUhE7OP.jpg,멋진신세계,8,17,44,80.0,3,N,,,Y,언급2회이상_작품내상위15,정승길_v4,
st_06469,멋진신세계,Brave New World,drama,임지연;허남준,전주향교,유적/한옥,전북 전주시 완산구 향교길 139,35.812178,127.157227,https://lh3.googleusercontent.com/place-photos/AG9NLjDlMiybjLOxGW4ofAYDLM4HTxpZVm0QIoot-kKBMbmaNh_B46HiaF-Jao7tqTahYQjnWL8vbgl6J6wz2gcuJB9lvLR3Mgj2eFTq3rnyqyMmpv2OLtFrsTyepDWYUOBAWqTJbCzUPA38uaAzu2c=s4800-w800,https://map.naver.com/p/entry/place/13208787,1화에서 조선의 무당이 성수청 앞마당에서 비가 내리기를 비는 기우제를 지내는 장면,https://kdramamap.com/location/%eb%a9%8b%ec%a7%84%ec%8b%a0%ec%84%b8%ea%b3%84-%ec%a0%84%ec%a3%bc%ed%96%a5%ea%b5%90-19804/;https://haechi-travel.tistory.com/719;https://dramaplace.bkbro.kr/196;https://i.histale.com/2026/05/blog-post.html,2026-07-28,,3,,,Han Tae-sob,https://image.tmdb.org/t/p/w500/u2cX3CVzUZLIGVwd9HB7bUhE7OP.jpg,멋진신세계,7,30,44,70.0,4,N,,,Y,언급2회이상_작품내상위15,정승길_v4,
st_06414,멋진신세계,Brave New World,drama,임지연;허남준,이노88타워,building,서울 종로구 율곡로 88,37.576808,126.988924,,https://map.naver.com/p/entry/place/18668699,1화에서 차세계가 운영하는 화장품 기업 BIOJEI 본사 건물로 등장하는 장면,https://kdramamap.com/location/%eb%a9%8b%ec%a7%84%ec%8b%a0%ec%84%b8%ea%b3%84-%ec%9d%b4%eb%85%b888%ed%83%80%ec%9b%8c-19749/;https://haechi-travel.tistory.com/719;https://dramaplace.bkbro.kr/196,2026-07-28,,3,,,Han Tae-sob,https://image.tmdb.org/t/p/w500/u2cX3CVzUZLIGVwd9HB7bUhE7OP.jpg,멋진신세계,7,8,44,70.0,5,N,,,Y,언급2회이상_작품내상위15,정승길_v4,
st_06479,멋진신세계,,drama,임지연;허남준,토끼섬,,제주 제주시 구좌읍 하도리 산 85,33.523982,126.902719,https://lh3.googleusercontent.com/place-photos/AG9NLjAPNUcrQmVsp4fxWVY8o9lta0f0U90KUvVfLlsiYs7gDNNueYX9Bi5qqwltPUXiQHvLx778GC1Gar9-tK2-iKWBPTHCSdzdhd30ndgxLPDopCBfiLm82vL8cEo6BIxy7uUNyA9W4CUkFTwtLilySVGX-A=s4800-w800,https://map.naver.com/p/entry/place/13491625,7화에서 제주 무인도에 갇힌 신서리와 차세계가 밤을 보낸 뒤 바닷가에서 눈뜨는 장면,https://kdramamap.com/location/%eb%a9%8b%ec%a7%84%ec%8b%a0%ec%84%b8%ea%b3%84-%ed%86%a0%eb%81%bc%ec%84%ac-19815/,2026-07-28,,3,,,Han Tae-sob,https://image.tmdb.org/t/p/w500/u2cX3CVzUZLIGVwd9HB7bUhE7OP.jpg,멋진신세계,6,23,44,60.0,6,N,,,Y,언급2회이상_작품내상위15,정승길_v4,
st_06415,멋진신세계,,drama,임지연;허남준,서순라길,거리,서울 종로구 서순라길 149,37.576834,126.991586,https://lh3.googleusercontent.com/place-photos/AG9NLjA_XU_v4rHfBYVgc2QeH1g7j_6cHk5g84nLKbN3TMf_TzXVe9zJsigs8AkmP6CCpBHVKEDbz5xfUIGwHtLIu8R9RfCkOoxGjpWoc3l8hQxZYFOYmRixkVAMTSmRKlcrq5H96qnHDoT1CWwtvYI=s4800-w800,,"3~4화, 조선시대 최문도가 활을 쏘는 국궁장 장면의 배경이 된 한옥 담장길",https://kdramamap.com/location/%eb%a9%8b%ec%a7%84%ec%8b%a0%ec%84%b8%ea%b3%84-%ec%84%9c%ec%88%9c%eb%9d%bc%ea%b8%b8-19750/,2026-07-28,,3,,,Han Tae-sob,https://image.tmdb.org/t/p/w500/u2cX3CVzUZLIGVwd9HB7bUhE7OP.jpg,멋진신세계,6,20,44,60.0,7,N,,,Y,언급2회이상_작품내상위15,정승길_v4,
st_06408,멋진신세계,Brave New World,drama,임지연;허남준,서울역사박물관,박물관/미술관,서울 종로구 새문안로 55,37.570497,126.971075,https://lh3.googleusercontent.com/place-photos/AG9NLjDfBThdXJuXwbRhjR_qgxVRwe76uO8_5CinkpohK8ZiEtRAa1JEfTXtUr5GboJFNmBiuz_k7cgPzIlKh0wjjL8iFTCPT4yyck46Jb0mKHnuDSC6-kj05B00J6vqpiWz-JsmkpaM9mxLPWbLgmoTfrkvvg=s4800-w800,https://map.naver.com/p/entry/place/11784657,1화에서 신서리가 조선 전시를 보다가 강단심 시절 자신이 그린 꽃그림을 발견하는 장면,https://kdramamap.com/location/%eb%a9%8b%ec%a7%84%ec%8b%a0%ec%84%b8%ea%b3%84-%ec%84%9c%ec%9a%b8%ec%97%ad%ec%82%ac%eb%b0%95%eb%ac%bc%ea%b4%80-19743/;https://haechi-travel.tistory.com/719;https://i.histale.com/2026/05/blog-post.html,2026-07-28,,3,,,Han Tae-sob,https://image.tmdb.org/t/p/w500/u2cX3CVzUZLIGVwd9HB7bUhE7OP.jpg,멋진신세계,6,12,44,60.0,8,N,,,Y,언급2회이상_작품내상위15,정승길_v4,
st_06481,멋진신세계,,drama,임지연;허남준,성읍녹차동굴,,제주 서귀포시 표선면 성읍리 2192,33.381613,126.786882,https://lh3.googleusercontent.com/place-photos/AG9NLjBfIY1-TJURTPmRVyO6qXZ4f0-0I989tVRhy6BSEqE1FsqD967gMrc8RQ8XLgHCzVDgakVQKOcHG4hXAltRi_PqmYP3xljAK_exf-peUoSRz_uxlhmjD786Mg059iy_Bigg3NSgxDDcP1w_jg=s4800-w800,https://map.naver.com/p/entry/place/2144980249,극 중 신서리가 BIOJEI 화장품 홍보 광고를 촬영하기 위해 용암동굴에 서는 장면,https://kdramamap.com/location/%eb%a9%8b%ec%a7%84%ec%8b%a0%ec%84%b8%ea%b3%84-%ec%84%b1%ec%9d%8d%eb%85%b9%ec%b0%a8%eb%8f%99%ea%b5%b4-19817/,2026-07-28,,3,,,Han Tae-sob,https://image.tmdb.org/t/p/w500/u2cX3CVzUZLIGVwd9HB7bUhE7OP.jpg,멋진신세계,5,26,44,50.0,9,N,,,Y,언급2회이상_작품내상위15,정승길_v4,
st_06384,멋진신세계,,drama,임지연;허남준,영문빌딩,,서울 영등포구 경인로77길 14,37.513006,126.892913,,https://map.naver.com/p/entry/place/19006091,2화에서 강단심의 영혼이 깃든 신서리가 대박고시원에서 현대 생활을 시작하는 장면,https://kdramamap.com/location/%eb%a9%8b%ec%a7%84%ec%8b%a0%ec%84%b8%ea%b3%84-%ec%98%81%eb%ac%b8%eb%b9%8c%eb%94%a9-19719/,2026-07-28,,3,,,Han Tae-sob,https://image.tmdb.org/t/p/w500/u2cX3CVzUZLIGVwd9HB7bUhE7OP.jpg,멋진신세계,5,9,44,50.0,10,N,,,Y,언급2회이상_작품내상위15,정승길_v4,
st_06370,멋진신세계,Brave New World,drama,임지연;허남준,부안영상테마파크,테마파크,전북 부안군 변산면 격포로 309-64,35.621797,126.485367,https://lh3.googleusercontent.com/place-photos/AG9NLjBUVgtKqiPVy8vxY4OJfbIKaxTg71OWE8lBJxc9LIeh-OtWW7lGzqF-_-AW3K6XaN9aOVbpvj7S_PuW5nyPC1T-6Et_hqsigbVdfEgEvB4BjEUm5Ui6KCTdgYBPsNanwsMOqeSgzadzm7JIXg=s4800-w800,https://map.naver.com/p/entry/place/1096343920,1화에서 조선의 강희빈이 사약을 받고 죽은 뒤 현대의 사극 촬영장에서 눈뜨는 장면,https://kdramamap.com/location/%eb%a9%8b%ec%a7%84%ec%8b%a0%ec%84%b8%ea%b3%84-%eb%b6%80%ec%95%88%ec%98%81%ec%83%81%ed%85%8c%eb%a7%88%ed%8c%8c%ed%81%ac-19805/;https://haechi-travel.tistory.com/719;https://i.histale.com/2026/05/blog-post.html,2026-07-28,,3,,,Han Tae-sob,https://image.tmdb.org/t/p/w500/u2cX3CVzUZLIGVwd9HB7bUhE7OP.jpg,멋진신세계,5,8,44,50.0,11,N,,,Y,언급2회이상_작품내상위15,정승길_v4,
st_06381,멋진신세계,Brave New World,drama,임지연;허남준,여의도한강공원,공원,서울 영등포구 여의도동 70-1,37.519089,126.942306,https://lh3.googleusercontent.com/place-photos/AG9NLjCJcbxKZjhFO7vqyDZ-EEqKd2zMpFHg9TFu5KdZ5mzUKIN4HIxFnoGhTBGqlXjpSRLKztEt5O1JDB1to-QPQUcWg9kszM1DhqZMERCM_DZMGieL7W-4yWTZMixN7_U_010MDqsjogM0FYjG=s4800-w800,https://map.naver.com/p/entry/place/20349390,극 중 차일그룹 회장이 한강변에 앉아 낚싯대를 드리우고 생각에 잠기는 장면,https://kdramamap.com/location/%eb%a9%8b%ec%a7%84%ec%8b%a0%ec%84%b8%ea%b3%84-%ec%97%ac%ec%9d%98%eb%8f%84%ed%95%9c%ea%b0%95%ea%b3%b5%ec%9b%90-19716/;https://haechi-travel.tistory.com/719;https://i.histale.com/2026/05/blog-post.html,2026-07-28,,3,,,Han Tae-sob,https://image.tmdb.org/t/p/w500/u2cX3CVzUZLIGVwd9HB7bUhE7OP.jpg,멋진신세계,5,6,44,50.0,12,N,,,Y,언급2회이상_작품내상위15,정승길_v4,
st_06429,멋진신세계,Brave New World,drama,임지연;허남준,파라다이스시티 아트파라디소,resort,인천 영종구 영종해안남로321번길 186,37.437412,126.455555,,https://map.naver.com/p/entry/place/1340510096,1화에서 차세계가 고급 호텔 레스토랑에서 업체 대표와 식사하며 인수를 협상하는 장면,https://kdramamap.com/location/%eb%a9%8b%ec%a7%84%ec%8b%a0%ec%84%b8%ea%b3%84-%ed%8c%8c%eb%9d%bc%eb%8b%a4%ec%9d%b4%ec%8a%a4%ec%8b%9c%ed%8b%b0-%ec%95%84%ed%8a%b8%ed%8c%8c%eb%9d%bc%eb%94%94%ec%86%8c-19764/;https://haechi-travel.tistory.com/719;https://dramaplace.bkbro.kr/196,2026-07-28,,3,,,Han Tae-sob,https://image.tmdb.org/t/p/w500/u2cX3CVzUZLIGVwd9HB7bUhE7OP.jpg,멋진신세계,5,4,44,50.0,14,N,,,Y,언급2회이상_작품내상위15,정승길_v4,
st_06403,멋진신세계,,drama,임지연;허남준,삼순이계단,,서울 중구 소파로 46,37.554549,126.981283,https://lh3.googleusercontent.com/place-photos/AG9NLjCR8V0zdd8o7-wKd_h9IfmiSRPBBBoUUpu2AKiASbC1dcyi7cq_fbSwPDa-ga2KFHfMoJn2YI8DUPLzTcogiZmA9EdC0AygzkLdcTgstjGYqgRzhALSiY4hHQwA6ZRV0_Kwa3gHpStcUUZyoQ=s4800-w800,,"10화, 신서리가 데이트 코스로 삼순이계단을 고르고 차세계와 함께 오르는 장면",https://kdramamap.com/location/%eb%a9%8b%ec%a7%84%ec%8b%a0%ec%84%b8%ea%b3%84-%ec%82%bc%ec%88%9c%ec%9d%b4%ea%b3%84%eb%8b%a8-19738/,2026-07-28,,3,,,Han Tae-sob,https://image.tmdb.org/t/p/w500/u2cX3CVzUZLIGVwd9HB7bUhE7OP.jpg,멋진신세계,4,14,44,40.0,15,N,,,Y,언급2회이상_작품내상위15,정승길_v4,
mv_1738,명량,The Admiral: Roaring Currents,movie,최민식;류승룡;조진웅;김명곤;진구,울돌목,명소,전라남도 진도군 군내면 녹진리,34.572846,126.303312,https://lh3.googleusercontent.com/place-photos/AG9NLjA75muvF_Q_xIqzT6vJSbB-P5uiHmlVsWJE5XQq13FWBRdFQbhiq55vU2lFnZpy1f4xpuEQ_8G26fdpFRKF1sdmIUbiTxclHO7NPrzip3F4sVEHVdxD3h-3m8GGAx5OgfccB7awqfDdgZe3fEsCq4C9yQ=s4800-w800,,이순신이 명량대첩을 승리로 이끈 역사적 장소,assets/한국문화정보원_미디어콘텐츠 영상 촬영지 데이터_20221125.csv,2026-07-28,,,17597914,대종상 최우수작품상(2014),김한민,https://image.tmdb.org/t/p/w500/fl3G8TprVzt4icbYyQKqdPmUfIO.jpg,명량,28,252,53,100.0,1,N,,,Y,언급2회이상_작품내상위15,정승길_v4,
mv_1739,명량,The Admiral: Roaring Currents,movie,최민식;류승룡;조진웅;김명곤;진구,우수영국민관광지,명소,전라남도 해남군 문내면 학동리 1021,34.572493,126.309503,,,영화 명량 촬영지이자 명량대첩 기념지,assets/한국문화정보원_미디어콘텐츠 영상 촬영지 데이터_20221125.csv,2026-07-28,,,17597914,대종상 최우수작품상(2014),김한민,https://image.tmdb.org/t/p/w500/fl3G8TprVzt4icbYyQKqdPmUfIO.jpg,명량,12,22,53,42.9,2,N,,,Y,언급2회이상_작품내상위15,정승길_v4,
mv_1737,명량,The Admiral: Roaring Currents,movie,최민식;류승룡;조진웅;김명곤;진구,청해포구촬영장,명소,전라남도 완도군 완도읍 청해진서로 1161-8,34.324269,126.670664,https://lh3.googleusercontent.com/place-photos/AG9NLjCQmPc-GKsmcWIjlz0s4DXuJRZ7MMcz9IFSVXJVfCA0BtkxUQXyvgQsw5BVTthFiTMjikqV2RdEutANNYWcXASH0oiXCsoE0Rct4kMzn_-uJ-fHgWoveP2XMi3ODCyGkWUZnxLXd5cF9DSewQ=s4800-w800,,"명량 저잣거리, 선착장 전투 장면 촬영지",assets/한국문화정보원_미디어콘텐츠 영상 촬영지 데이터_20221125.csv,2026-07-28,,,17597914,대종상 최우수작품상(2014),김한민,https://image.tmdb.org/t/p/w500/fl3G8TprVzt4icbYyQKqdPmUfIO.jpg,명량,7,32,53,25.0,3,N,,,Y,언급2회이상_작품내상위15,정승길_v4,
mv_1735,명량,The Admiral: Roaring Currents,movie,최민식;류승룡;조진웅;김명곤;진구,광양항 해양공원,명소,전라남도 광양시 중동 1894,34.92067,127.693677,https://lh3.googleusercontent.com/place-photos/AG9NLjA77MiNiGIaIzkib-OlyTP5GKVah7KB8kvA9JsU8giEwJ7c_UU3pH2X9Abj6abAjmcMyqJVBmROHoztNC5_ycJvNTweGP60WbsN_WW-ffKaA1PAh6cWqmQOgEk4Cb51dJ0-vszjkuXsUrb6NM4=s4800-w800,,명량의 촬영지이자 이순신대교가 보이는 곳,assets/한국문화정보원_미디어콘텐츠 영상 촬영지 데이터_20221125.csv,2026-07-28,,,17597914,대종상 최우수작품상(2014),김한민,https://image.tmdb.org/t/p/w500/fl3G8TprVzt4icbYyQKqdPmUfIO.jpg,명량,3,19,53,10.7,4,N,,,Y,언급2회이상_작품내상위15,정승길_v4,
st_20477,모범택시,Taxi Driver,drama,이제훈;이엘리야;김의성,비응항,항구,전북특별자치도 군산시 비응로 6,35.9352610809149,126.526361755521,https://lh3.googleusercontent.com/place-photos/AG9NLjBYOuU-68GSeLNGR_yy7uwzmeDEjNeEKUghmTlmS5sTKbmWkpUaKkunJvcYAvlHT8erMndUt2AuOVu37YOyEpvfg2c62bgjXH8qg48ZYPWG_JoNG1PZFDtUJhhUXUIFnW0ctBgJvu2uMmdpr3xzJItc=s4800-w800,https://map.naver.com/p/entry/place/17501860,10화에서 김도기와 림여사가 이별하는 항구 장면이 촬영됐다,https://thewiki.kr/w/모범택시 드라마 시리즈/촬영지,2026-07-30,14,,,,박준우;Lee Dan;강보승,https://image.tmdb.org/t/p/w500/qDLhCBbl7eUSesMSV9rYqHR8qwW.jpg,모범택시,3,4,49,100.0,1,N,,,Y,언급2회이상_작품내상위15,정승길_v4,
st_20476,모범택시,Taxi Driver,drama,이제훈;이엘리야;김의성,쌍용반점,음식점,전북특별자치도 군산시 내항2길 121,35.9930687889244,126.710237237643,https://lh3.googleusercontent.com/place-photos/AG9NLjAvRVQFChaSPAiGCoYGnK5zM9EC-CS2UZfWAloSYmshSpA_w6dOkdY9XAjEgpqVFISk_ZQ-HtaLA8VOALxRdzgvWV3DUMUauFO--u0PtWzKJr_p5No2ystB6LJcKvu2Y3cjkPMMlPWuAS1NGjc=s4800-w800,https://map.naver.com/p/entry/place/13569585,9화에서 보이스피싱 조직의 은신처 겸 도박장으로 등장한 실제 중국집이다,https://thewiki.kr/w/모범택시 드라마 시리즈/촬영지;https://wizgram.tistory.com/entry/전북-군산-수요미식회-짬뽕-쌍용반점모범택시-촬영지,2026-07-30,14,,,,박준우;Lee Dan;강보승,https://image.tmdb.org/t/p/w500/qDLhCBbl7eUSesMSV9rYqHR8qwW.jpg,모범택시,2,32,49,66.7,2,N,,,Y,언급2회이상_작품내상위15,정승길_v4,
st_20480,모범택시,Taxi Driver,drama,이제훈;이엘리야;김의성,BMW드라이빙센터,체험시설,인천 영종구 공항동로 136,37.46198748697042,126.48704970606595,https://lh3.googleusercontent.com/place-photos/AG9NLjDV6lqYiGXcpg0KovvPO7VRR7JNP8q5hUhodNnv4H1ZQi8GbRnCQ3lMazbfrW_2UL4AkoObUPWuD-oVbLNPTamMR8K7mZKDFmUMOjz244P4Qj02LtW3cyMV87ZVyr1ByLFSRNcu7QB71doAIbk=s4800-w800,https://map.naver.com/p/entry/place/1121258946,16화에서 최주임이 근무하는 곳으로 등장한 실제 체험시설이다,https://thewiki.kr/w/모범택시 드라마 시리즈/촬영지,2026-07-30,14,,,,박준우;Lee Dan;강보승,https://image.tmdb.org/t/p/w500/qDLhCBbl7eUSesMSV9rYqHR8qwW.jpg,모범택시,0,0,49,0.0,3,N,,,Y,언급부족_데이터품질기준보존,정승길_v4,
st_06776,모범택시1,Taxi Driver,drama,이제훈;김의성;표예진,문화교통,사무실/차고지,서울 중랑구 신내로4길 10,37.600737,127.097549,https://lh3.googleusercontent.com/place-photos/AG9NLjAqY7PDTgiVhj8pPQ7-IsUx6Pk6WlW6SPrAUBjI7fchmxoiC-8aWJw9_iV6vWFwKSpfU9fnWCt2l5aHI--vnoU1gGFdkP1-3ryZJ1PPiv_pRb9am_-Vdr92asr80tOC_KpNza9ASE3cRhC3PQ=s4800-w800,https://map.naver.com/p/entry/place/1962706533,극중 택시회사 무지개 운수의 사무실 겸 차고지로 시즌 내내 등장하는 실제 건물이다,https://kdramamap.com/location/%eb%aa%a8%eb%b2%94%ed%83%9d%ec%8b%9c1-%eb%ac%b8%ed%99%94%ea%b5%90%ed%86%b5-924/;https://thewiki.kr/w/모범택시 드라마 시리즈/촬영지,2026-07-28,14,,,,박준우;Lee Dan;강보승,https://image.tmdb.org/t/p/w500/qDLhCBbl7eUSesMSV9rYqHR8qwW.jpg,모범택시1,6,23,37,100.0,1,N,,,Y,언급2회이상_작품내상위15,정승길_v4,
st_06774,모범택시1,Taxi Driver,drama,이제훈;김의성;표예진,코끼리문방구,,서울 은평구 연서로41길 11,37.625947,126.927656,,https://map.naver.com/p/entry/place/1757636225,극 중 우리문방구의 오락기 앞에서 복수 의뢰를 확정하는 장면이 촬영된 곳,https://kdramamap.com/location/%eb%aa%a8%eb%b2%94%ed%83%9d%ec%8b%9c1-%ec%bd%94%eb%81%bc%eb%a6%ac%eb%ac%b8%eb%b0%a9%ea%b5%ac-922/,2026-07-28,14,,,,박준우;Lee Dan;강보승,https://image.tmdb.org/t/p/w500/qDLhCBbl7eUSesMSV9rYqHR8qwW.jpg,모범택시1,1,4,37,16.7,2,N,,,Y,언급부족_데이터품질기준보존,정승길_v4,
st_06769,모범택시1,Taxi Driver,drama,이제훈;김의성;표예진,SBS프리즘타워,방송국,서울 마포구 상암산로 82,37.579716,126.892774,https://lh3.googleusercontent.com/place-photos/AG9NLjBqJC2GBH_yB9qqRt132n7rzfV6kCClpXao2KuS_UArw5-H-7BH9QcBQpBTqpjG1ksopVb1WSMiIW39uPvmT7SXIEWPIYJbBc7guuiQ9ObdSc8-2VZrQgtYpT1XSNlw5CFH4Zv6_iRhIxTlVw=s4800-w800,https://map.naver.com/p/entry/place/18809476,5~7화에서 유데이터 본사 건물로 등장한 실제 방송사 사옥이다,https://kdramamap.com/location/%eb%aa%a8%eb%b2%94%ed%83%9d%ec%8b%9c1-sbs%ed%94%84%eb%a6%ac%ec%a6%98%ed%83%80%ec%9b%8c-917/;https://thewiki.kr/w/모범택시 드라마 시리즈/촬영지,2026-07-28,14,,,,박준우;Lee Dan;강보승,https://image.tmdb.org/t/p/w500/qDLhCBbl7eUSesMSV9rYqHR8qwW.jpg,모범택시1,0,0,37,0.0,3,N,,,Y,언급부족_데이터품질기준보존,정승길_v4,
st_06917,모범택시3,Taxi Driver 3,drama,이제훈;김의성;표예진,문화교통,택시회사(실촬영지),서울 중랑구 신내로4길 10,37.600737,127.097549,https://lh3.googleusercontent.com/place-photos/AG9NLjAqY7PDTgiVhj8pPQ7-IsUx6Pk6WlW6SPrAUBjI7fchmxoiC-8aWJw9_iV6vWFwKSpfU9fnWCt2l5aHI--vnoU1gGFdkP1-3ryZJ1PPiv_pRb9am_-Vdr92asr80tOC_KpNza9ASE3cRhC3PQ=s4800-w800,https://map.naver.com/p/entry/place/1962706533,3화에서 안고은이 무지개운수 정비실의 최주임과 박주임에게 예전 콜밴을 팔라고 말하는 장면,https://kdramamap.com/location/%eb%aa%a8%eb%b2%94%ed%83%9d%ec%8b%9c3-%eb%ac%b8%ed%99%94%ea%b5%90%ed%86%b5-16901/;https://theqoo.net/square/4062277221,2026-07-28,,7,,,박준우;Lee Dan;강보승,https://image.tmdb.org/t/p/w500/qDLhCBbl7eUSesMSV9rYqHR8qwW.jpg,모범택시3,11,25,61,100.0,1,N,,,Y,언급2회이상_작품내상위15,정승길_v4,
st_06993,모범택시3,Taxi Driver 3,drama,이제훈;김의성;표예진,신선중학교,학교,부산 영도구 복지관길 40,35.080318,129.045851,https://lh3.googleusercontent.com/place-photos/AG9NLjD5CrohNOM-KY_qzAzlrGcvFiVCSqQwgFkfkZ5cN_r5dq7B5m-M-GQdd_38dKPHkEg6EpT13oACeYBAvQ9Vv-Z99lKWNO_e290SE1nAUnvm5OWCU5hMWNjYxYltEMzuKdJPWIBxXL6MKFyr1wM=s4800-w800,https://map.naver.com/p/entry/place/12005971,1화에서 김도기가 잠입하는 윤이서의 모교 반도여고 외경으로 등장한다.,https://kdramamap.com/location/%eb%aa%a8%eb%b2%94%ed%83%9d%ec%8b%9c3-%ec%8b%a0%ec%84%a0%ec%a4%91%ed%95%99%ea%b5%90-16977/,2026-07-28,,7,,,박준우;Lee Dan;강보승,https://image.tmdb.org/t/p/w500/qDLhCBbl7eUSesMSV9rYqHR8qwW.jpg,모범택시3,8,22,61,72.7,2,N,,,Y,언급2회이상_작품내상위15,정승길_v4,
st_06968,모범택시3,Taxi Driver 3,drama,이제훈;김의성;표예진,정북동 토성,,충북 청주시 청원구 정북동 353-2,36.688887,127.455351,https://lh3.googleusercontent.com/place-photos/AG9NLjC95o0MxGcZxRWjVCe-k4SfbMsv3yxHE1YMtpw2qxlirlMqswDWrlnJEdSYMq_vwzF1KiTFxJ_oudnEaQaVIGrlR5LWrRczUgRr_UdRR7c8K6AQvneBaYvwEbxaECGKCgma0zc4a2JIpS-7nQ=s4800-w800,https://map.naver.com/p/entry/place/20054897,6화에서 박동수와 아들 민호가 함께 셀카를 찍던 언덕으로 등장한다.,https://kdramamap.com/location/%eb%aa%a8%eb%b2%94%ed%83%9d%ec%8b%9c3-%ec%a0%95%eb%b6%81%eb%8f%99-%ed%86%a0%ec%84%b1-16952/,2026-07-28,,7,,,박준우;Lee Dan;강보승,https://image.tmdb.org/t/p/w500/qDLhCBbl7eUSesMSV9rYqHR8qwW.jpg,모범택시3,5,25,61,45.5,3,N,,,Y,언급2회이상_작품내상위15,정승길_v4,
st_06967,모범택시3,Taxi Driver 3,drama,이제훈;김의성;표예진,부남해변,해변,강원 삼척시 근덕면 부남리 84,37.361138,129.251464,https://lh3.googleusercontent.com/place-photos/AG9NLjBudIBMX9pNwMlHG6GFa2CGlmhX_G_t4vtjPxdhdNvTr6w_BHxbwRqqlcwgReBrabnLiSkkZj4qdD1gD9BMPTFZR5zyl2rL8jvtp_pd0C1w9m3GOWAAd4tFIorDU0tetW-PT7kdTZsTzycq7Jfx6E07=s4800-w800,https://map.naver.com/p/entry/place/19596946,1화에서 윤이서가 탈출해 밀려온 후쿠오카 바다 장면으로 등장한다.,https://kdramamap.com/location/%eb%aa%a8%eb%b2%94%ed%83%9d%ec%8b%9c3-%eb%b6%80%eb%82%a8%ed%95%b4%eb%b3%80-16951/;https://haechi-travel.tistory.com/748,2026-07-28,,7,,,박준우;Lee Dan;강보승,https://image.tmdb.org/t/p/w500/qDLhCBbl7eUSesMSV9rYqHR8qwW.jpg,모범택시3,4,12,61,36.4,4,N,,,Y,언급2회이상_작품내상위15,정승길_v4,
st_06983,모범택시3,Taxi Driver 3,drama,이제훈;김의성;표예진,천사대교,다리,전남광주통합특별시 신안군 암태면 당사리 산 129,34.874935,126.183176,https://lh3.googleusercontent.com/place-photos/AG9NLjAHtUqrpgRJtfP_WrlcH2gRtUv5WQ-p2NAsrOk0jnXxpDeWpn8SYbrjduYJ8MoRWlR73TbceaM6rSxofkhUgLtjaJQ9WujIYLiFyg-JRpeQ2yW9p9m2Bh9u93CpKd2FRxTGhqzCQjsbxo8D4Q=s4800-w800,https://map.naver.com/p/entry/place/35966737,,https://kdramamap.com/location/%eb%aa%a8%eb%b2%94%ed%83%9d%ec%8b%9c3-%ec%b2%9c%ec%82%ac%eb%8c%80%ea%b5%90-16967/,2026-07-28,,7,,,박준우;Lee Dan;강보승,https://image.tmdb.org/t/p/w500/qDLhCBbl7eUSesMSV9rYqHR8qwW.jpg,모범택시3,4,12,61,36.4,5,N,,,Y,언급2회이상_작품내상위15,,
st_06962,모범택시3,Taxi Driver 3,drama,이제훈;김의성;표예진,대성사,,경기 여주시 금사면 외평리 454,37.390513,127.510803,https://lh3.googleusercontent.com/place-photos/AG9NLjDTzpyQB45Q5lkqg9Jr_9IoF9Vs-AjPLbnIOE1ECJ2aFe779wk-JJq8WFPboP2Fi2kyWua96xL3mODi4toBtdbIIB0-5YYUYa4rHEnL3amf5M_lV6mEjEUEFFchNKHvQ0DqkRbInZNvXC3hF-Y=s4800-w800,https://map.naver.com/p/entry/place/2028530613,"12화에서 신안 자은도의 사찰 삼흥사로 등장, 도기와 장대표가 사건 조사차 방문한다.",https://kdramamap.com/location/%eb%aa%a8%eb%b2%94%ed%83%9d%ec%8b%9c3-%eb%8c%80%ec%84%b1%ec%82%ac-16946/,2026-07-28,,7,,,박준우;Lee Dan;강보승,https://image.tmdb.org/t/p/w500/qDLhCBbl7eUSesMSV9rYqHR8qwW.jpg,모범택시3,4,10,61,36.4,6,N,,,Y,언급2회이상_작품내상위15,정승길_v4,
st_06990,모범택시3,Taxi Driver 3,drama,이제훈;김의성;표예진,로또분식,음식점,부산 서구 망양로175번길 13-12,35.115159,129.024900,https://lh3.googleusercontent.com/place-photos/AG9NLjB4oarPxDHO1gbrLfkbEz7ju4Qv_aVEsW1ulhK8gJPXFj1u0MQzhFso4N8XCmC9c1MqSaYWBVJrcGcJSZcaBtMmrPMM6QnqO3-HO4iuvRZ3H44U2yMcG4o2P6119vZVLr6L7ZRNguklbmUaAf7ULT4TjA=s4800-w800,https://map.naver.com/p/entry/place/37947833,1화에서 윤이서 할머니가 운영하는 손칼국수 분식집으로 등장한다.,https://kdramamap.com/location/%eb%aa%a8%eb%b2%94%ed%83%9d%ec%8b%9c3-%eb%a1%9c%eb%98%90%eb%b6%84%ec%8b%9d-16974/,2026-07-28,,7,,,박준우;Lee Dan;강보승,https://image.tmdb.org/t/p/w500/qDLhCBbl7eUSesMSV9rYqHR8qwW.jpg,모범택시3,4,8,61,36.4,7,N,,,Y,언급2회이상_작품내상위15,정승길_v4,
st_06970,모범택시3,Taxi Driver 3,drama,이제훈;김의성;표예진,디오토몰,쇼핑,대전 유성구 복용동로 35,36.338398,127.320332,https://lh3.googleusercontent.com/place-photos/AG9NLjAC3sRANL4ohFJ5OVAvEtQZFpUwsnAeV5ZvK_-v07ztsHtsoJn373blPuME2x5RnMgNdsyaYyWpI3LqmMwbmc4v6jbVs5VAogBuVdSzEuyy6-UzrBZ77vB_hlVqcmODNYalmCFcXGplE_6vpG4=s4800-w800,https://map.naver.com/p/entry/place/1015012436,"3~4화 자동차 사기업체 노블레스 매매상사로 등장, 도기가 호구고객으로 잠입한다.",https://kdramamap.com/location/%eb%aa%a8%eb%b2%94%ed%83%9d%ec%8b%9c3-%eb%94%94%ec%98%a4%ed%86%a0%eb%aa%b0-16954/,2026-07-28,,7,,,박준우;Lee Dan;강보승,https://image.tmdb.org/t/p/w500/qDLhCBbl7eUSesMSV9rYqHR8qwW.jpg,모범택시3,4,4,61,36.4,8,N,,,Y,언급2회이상_작품내상위15,정승길_v4,
st_06957,모범택시3,Taxi Driver 3,drama,이제훈;김의성;표예진,더작심스터디카페 김포걸포점,카페,경기 김포시 걸포2로 33,37.633280,126.703673,,https://map.naver.com/p/entry/place/1473193001,11화에서 중고거래 사기 조직의 아지트로 등장하는 스터디카페다.,https://kdramamap.com/location/%eb%aa%a8%eb%b2%94%ed%83%9d%ec%8b%9c3-%eb%8d%94%ec%9e%91%ec%8b%ac%ec%8a%a4%ed%84%b0%eb%94%94%ec%b9%b4%ed%8e%98-%ea%b9%80%ed%8f%ac%ea%b1%b8%ed%8f%ac%ec%a0%90-16941/,2026-07-28,,7,,,박준우;Lee Dan;강보승,https://image.tmdb.org/t/p/w500/qDLhCBbl7eUSesMSV9rYqHR8qwW.jpg,모범택시3,3,8,61,27.3,9,N,,,Y,언급2회이상_작품내상위15,정승길_v4,
st_06991,모범택시3,Taxi Driver 3,drama,이제훈;김의성;표예진,부산항연안여객터미널,역/교통,부산 중구 충장대로 24,35.102896,129.041471,https://lh3.googleusercontent.com/place-photos/AG9NLjBOBM9HyDrU1F7tw5py5ZQc9Z7Y_wItU5MTPouq_7RVH05LFe6nXsoSQmNLfmP3rzqojqN-kRaBZLpi-_u2XP-ci7HIdKG3Bf0jNODOmdgNbmkSximKovOKEgM1HJpuUiHxdw5IdJD0fJQW3ChZfaDvhw=s4800-w800,https://map.naver.com/p/entry/place/13315812,1화에서 윤이서가 일본행 배를 타는 부두 장면으로 등장한다.,https://kdramamap.com/location/%eb%aa%a8%eb%b2%94%ed%83%9d%ec%8b%9c3-%eb%b6%80%ec%82%b0%ed%95%ad%ec%97%b0%ec%95%88%ec%97%ac%ea%b0%9d%ed%84%b0%eb%af%b8%eb%84%90-16975/,2026-07-28,,7,,,박준우;Lee Dan;강보승,https://image.tmdb.org/t/p/w500/qDLhCBbl7eUSesMSV9rYqHR8qwW.jpg,모범택시3,3,7,61,27.3,10,N,,,Y,언급2회이상_작품내상위15,정승길_v4,
st_06887,모범택시3,Taxi Driver 3,drama,이제훈;김의성;표예진,디와이피엔에프 마곡사옥,,서울 강서구 마곡중앙8로7길 39,37.564404,126.838941,https://lh3.googleusercontent.com/place-photos/AG9NLjC2w1zmfmgZTgd0JrxLb4TIu2rbAbzqpH75272inrqOQS-UlQT5w4mg6bSFUeSW5XP9-uKA-EINg1YMYJy10IxlhD7kvJp-S2O9kgCFO1OIKykSHnLoivBT9Kt2D8vFb9A-AhGd4SWspVkgR8Gd9x5p-Q=s4800-w800,https://map.naver.com/p/entry/place/1339558110,9화에서 로미와 지안이 오디션을 거쳐 옐로스타 엔터테인먼트 연습생이 되는 장면,https://kdramamap.com/location/%eb%aa%a8%eb%b2%94%ed%83%9d%ec%8b%9c3-%eb%94%94%ec%99%80%ec%9d%b4%ed%94%bc%ec%97%94%ec%97%90%ed%94%84-%eb%a7%88%ea%b3%a1%ec%82%ac%ec%98%a5-16871/,2026-07-28,,7,,,박준우;Lee Dan;강보승,https://image.tmdb.org/t/p/w500/qDLhCBbl7eUSesMSV9rYqHR8qwW.jpg,모범택시3,3,5,61,27.3,11,N,,,Y,언급2회이상_작품내상위15,정승길_v4,
st_06996,모범택시3,Taxi Driver 3,drama,이제훈;김의성;표예진,감지해변,해변,부산 영도구 동삼동 1052-3,35.059829,129.077588,https://lh3.googleusercontent.com/place-photos/AG9NLjBZZcamlwp2MaBchwlhW9wAOLY_VT6KbXEcguFZg3VrfIuKTvAwztJ_99Ldzkrqlr7BvmVrvYNOzneJV_gLWT5FJkjdLmb5i_C9YEwbEBpIK61bTB9-5xYot0zu4WxUAw3Z0eKD-LtbtaCtokQ=s4800-w800,https://map.naver.com/p/entry/place/13490865,,https://kdramamap.com/location/%eb%aa%a8%eb%b2%94%ed%83%9d%ec%8b%9c3-%ea%b0%90%ec%a7%80%ed%95%b4%eb%b3%80-16980/,2026-07-28,,7,,,박준우;Lee Dan;강보승,https://image.tmdb.org/t/p/w500/qDLhCBbl7eUSesMSV9rYqHR8qwW.jpg,모범택시3,3,4,61,27.3,12,N,,,Y,언급2회이상_작품내상위15,,
st_06899,모범택시3,Taxi Driver 3,drama,이제훈;김의성;표예진,명물길,거리,서울 서대문구 창천동 31-94,37.557834,126.937579,,,,https://kdramamap.com/location/%eb%aa%a8%eb%b2%94%ed%83%9d%ec%8b%9c3-%eb%aa%85%eb%ac%bc%ea%b8%b8-16883/,2026-07-28,,7,,,박준우;Lee Dan;강보승,https://image.tmdb.org/t/p/w500/qDLhCBbl7eUSesMSV9rYqHR8qwW.jpg,모범택시3,3,3,61,27.3,13,N,,,Y,언급2회이상_작품내상위15,,
st_06978,모범택시3,Taxi Driver 3,drama,이제훈;김의성;표예진,군산초등학교,학교,전북 군산시 중앙로 170,35.987985,126.712544,https://lh3.googleusercontent.com/place-photos/AG9NLjCBJFudquNpsY8ZJBZbbJZTNff0Ej7dlb6yosAgygk5nvPqLdnGQBqtbL8Vd_L9aLOaIl2NvImjTpGs7gwlIWJgB0OP5fxz0Us5jkH7MgEr-8skx11ZV1W2_ttpZ7_RTEIuMyG0C4t4rnxqVQ=s4800-w800,https://map.naver.com/p/entry/place/693979155,,https://kdramamap.com/location/%eb%aa%a8%eb%b2%94%ed%83%9d%ec%8b%9c3-%ea%b5%b0%ec%82%b0%ec%b4%88%eb%93%b1%ed%95%99%ea%b5%90-16962/,2026-07-28,,7,,,박준우;Lee Dan;강보승,https://image.tmdb.org/t/p/w500/qDLhCBbl7eUSesMSV9rYqHR8qwW.jpg,모범택시3,2,3,61,18.2,14,N,,,Y,언급2회이상_작품내상위15,,
st_06946,모범택시3,Taxi Driver 3,drama,이제훈;김의성;표예진,효자그린빌,,경기 파주시 탄현면 여치길 77,37.770161,126.701842,https://lh3.googleusercontent.com/place-photos/AG9NLjAqVklD4ymWcvtk9--7qy6wWvmSAeExX0sZSGp4a9oKSaypqvkrh-Jtyyb6gfQUtp0fbr2TYNCk8FIiWW9HysLOWHYACe_vkwXn1UPommsyXv3HpN4wGrg6gCltMEQsbVffhYVzOR-7C3TnWfA=s4800-w800,https://map.naver.com/p/entry/place/19312646,,https://kdramamap.com/location/%eb%aa%a8%eb%b2%94%ed%83%9d%ec%8b%9c3-%ed%9a%a8%ec%9e%90%ea%b7%b8%eb%a6%b0%eb%b9%8c-16930/,2026-07-28,,7,,,박준우;Lee Dan;강보승,https://image.tmdb.org/t/p/w500/qDLhCBbl7eUSesMSV9rYqHR8qwW.jpg,모범택시3,2,3,61,18.2,15,N,,,Y,언급2회이상_작품내상위15,,
st_07212,무브투헤븐,Move to Heaven,drama,이제훈;탕준상,동림아파트,,서울 서대문구 포방터2길 59,37.596906,126.951059,https://lh3.googleusercontent.com/place-photos/AG9NLjCbq1wzrU3IhKXRIfIEtAKpqKOnI5pOllnJAYdPZf8K_aBczmSgyM3IhsPtA71RBlBFYZmhxaoU_osHxTTi-8MiesJIaqzNdlxiy0r9iZ0FatQsh_pcyOjZBguHx7ZVWkgcpmB5ayfEAO1jj3A=s4800-w800,https://map.naver.com/p/entry/place/18756478,,https://kdramamap.com/location/%eb%ac%b4%eb%b8%8c%ed%88%ac%ed%97%a4%eb%b8%90-%eb%8f%99%eb%a6%bc%ec%95%84%ed%8c%8c%ed%8a%b8-931/,2026-07-28,32,,,,김성호,https://image.tmdb.org/t/p/w500/drEK6iGpzQBzFCmiT5KiG3s8ktO.jpg,무브투헤븐,0,0,42,0.0,1,N,,,Y,언급부족_데이터품질기준보존,,
st_20486,무브투헤븐,Move to Heaven,drama,이제훈;탕준상;홍승희,두꺼비생태문화관 인근(산남동),공원/도로,충북 청주시 서원구 원흥로 81,36.6136644309564,127.468632614108,https://lh3.googleusercontent.com/place-photos/AG9NLjCnyr8280m3kcQXuCPfwqspL_8fzLESOKJ3FeQPkg4qf1HjbygHCGmufOB1NmC4LxLEo3F6mfHE-ZtK4zqUZ36tnesNcNgp158ltdWyvMxNWkLWG3eE87IzLW3v2SyAiB7MXW8N-yQoxR_uUQ=s4800-w800,https://map.naver.com/p/entry/place/21082774,,https://www.cfcm.kr/home/sub.php?menukey=75&mod=view&no=356;https://cjculture.org/sub.php?code=38&mode=view&no=1453;http://www.jbnews.com/news/articleView.html?idxno=1291744;http://www.mediaboot.co.kr/news/articleView.html?idxno=36612,2026-07-30,32,,,,김성호,https://image.tmdb.org/t/p/w500/drEK6iGpzQBzFCmiT5KiG3s8ktO.jpg,무브투헤븐,0,0,42,0.0,2,N,,,Y,언급부족_데이터품질기준보존,,
st_20488,무브투헤븐,Move to Heaven,drama,이제훈;탕준상;홍승희,아쿠아플라넷 일산,아쿠아리움,경기 고양시 일산서구 한류월드로 282,37.6637875549962,126.755485560508,https://lh3.googleusercontent.com/place-photos/AG9NLjATbUm3OFjnE2QZ3x9iHui5Xentex3Hegqr-ksYO_UF75jigyaQy6y83bwbGYbKJbd2NXgOFHEHu3eUp0agv9q0N-e9XoLkElc_IOuDepQgM3YZm6JR1vODtpmfzE8PRwAXRrUVqp5tmub076M=s4800-w800,https://map.naver.com/p/entry/place/34590112,,https://www.goyang.go.kr/visitgoyang/www/contents.do?key=77,2026-07-30,32,,,,김성호,https://image.tmdb.org/t/p/w500/drEK6iGpzQBzFCmiT5KiG3s8ktO.jpg,무브투헤븐,0,0,42,0.0,7,N,,,Y,언급부족_데이터품질기준보존,,
st_07267,무빙,Moving,drama,류승룡;한효주;조인성;차태현,양다방,,부산 영도구 대평로 49,35.092836,129.032731,https://lh3.googleusercontent.com/place-photos/AG9NLjDr3PkFV-AV-o4mvUY9xEdlvUWFzNv1nBjrdh60bLVy9doOcHZN1pBeisH6xsWKRTagv5Fjst9Gqe4j5tqnVkDPC7sQ8oaHm2xtVinxk_dW25Qc9QkoZUGaxUKEgrtt8WzLiYAOJwbBPq-_fHE=s4800-w800,https://map.naver.com/p/entry/place/16733798,장주원의 아내 황지희가 일하는 '엄지다방'으로 등장한 실제 찻집.,https://kdramamap.com/location/%eb%ac%b4%eb%b9%99-%ec%96%91%eb%8b%a4%eb%b0%a9-12811/,2026-07-28,29,,,,박윤서,https://image.tmdb.org/t/p/w500/b9MhD5syJ7TbYSeje4wB4oyTzc7.jpg,무빙,19,85,72,100.0,1,N,,,Y,언급2회이상_작품내상위15,정승길_v4,
st_07241,무빙,Moving,drama,류승룡;한효주;조인성;차태현,(구)홍성여자고등학교,학교,충남 홍성군 홍성읍 도청대로93번길 13-17,36.612559,126.660718,https://lh3.googleusercontent.com/place-photos/AG9NLjD20iYsoeAYBMtXfYGWo5F7QCpy-IGmYXNrRuOdODJOo9YqoKRhX69MdoLlsWQg3XPHX92Ck1ONdSTZAdF1CnCPSgkdmrxJDLTBhuujKLYWYT8kS6N9G4OQKX6X2Mw1c00YYjGeTVkcGklfYQ=s4800-w800,https://map.naver.com/p/entry/place/1973139843,극중 봉석·희수·강훈이 다니는 '정원고등학교'로 등장.,https://kdramamap.com/location/%eb%ac%b4%eb%b9%99-%ea%b5%ac-%ed%99%8d%ec%84%b1%ec%97%ac%ec%9e%90%ea%b3%a0%eb%93%b1%ed%95%99%ea%b5%90-12785/;https://haechi-travel.tistory.com/267,2026-07-28,29,,,,박윤서,https://image.tmdb.org/t/p/w500/b9MhD5syJ7TbYSeje4wB4oyTzc7.jpg,무빙,4,16,72,21.1,2,N,,,Y,언급2회이상_작품내상위15,정승길_v4,
st_20496,무빙,Moving,drama,조인성;한효주;류승룡,세명대학교,대학교,충북 제천시 신월동 579,37.1776398711202,128.195545183914,https://lh3.googleusercontent.com/place-photos/AG9NLjCiHPXI2Rmkt72wV8woPg7MjR6yVKc6YCpq_I8S1iIOLND3V0x8dGNAb7uyRRn-5lfKMrRi149kDmwzPbeIlmHwUiSYlM7ZcrNwVINuBLG3gxb8Jk63KSRaEF27rsByVK5uFh-_oGJcvHDRtg=s4800-w620,https://map.naver.com/p/entry/place/11591590,세명대학교 민송도서관이 극중 남산 안기부(국가안전기획부) 건물로 등장하는 장면,https://haechi-travel.tistory.com/267,2026-07-30,29,,,,박윤서,https://image.tmdb.org/t/p/w500/b9MhD5syJ7TbYSeje4wB4oyTzc7.jpg,무빙,3,19,72,15.8,3,N,,,Y,언급2회이상_작품내상위15,정승길_v4,
st_07226,무빙,Moving,drama,류승룡;한효주;조인성;차태현,자유공원남로,거리,인천 제물포구 자유공원남로 35,37.474230,126.623417,https://lh3.googleusercontent.com/place-photos/AG9NLjAFQHH1Km2tcimevduSQUOWtheMXvd5XznXDEzcVVjUARXcL-BJAQZS0HKCymVarUBkF0nixPUCA2fnkl9fGcIcP06HA-LmeA39w1jcb3uwH_Jsunl5gvFwptiCypyYqbkaKoUfMAuqTilrzw=s4800-w800,,두식과 미현이 함께 걷던 벚꽃길 데이트 장면의 배경.,https://kdramamap.com/location/%eb%ac%b4%eb%b9%99-%ec%9e%90%ec%9c%a0%ea%b3%b5%ec%9b%90%eb%82%a8%eb%a1%9c-12770/;https://haechi-travel.tistory.com/267,2026-07-28,29,,,,박윤서,https://image.tmdb.org/t/p/w500/b9MhD5syJ7TbYSeje4wB4oyTzc7.jpg,무빙,2,2,72,10.5,4,N,,,Y,언급2회이상_작품내상위15,정승길_v4,
st_20143,미스터 션샤인,Mr. Sunshine,drama,이병헌;김태리;유연석,글로리호텔,세트장(호텔),충남 논산시 연무읍 봉황로 90,36.1025580132223,127.104295525413,,https://map.naver.com/p/entry/place/1566122911,대한제국 시기 서양식 호텔을 재현한 세트로 극 후반 실제 폭파 촬영이 이뤄진 장면의 배경이다,https://www.korea.kr/news/policyNewsView.do?newsId=148931431,2026-07-30,52,,,,이응복,https://image.tmdb.org/t/p/w500/uSavP0BSfnyUaJe62f0ZTXIHLs8.jpg,미스터션샤인,30,93,77,100.0,1,N,,,Y,언급2회이상_작품내상위15,정승길_v4,
st_20153,미스터 션샤인,Mr. Sunshine,drama,이병헌;김태리;유연석,해드리오,세트장,충남 논산시 연무읍 봉황로 90,36.1025580132223,127.104295525413,,,24화 마지막회에서 해드리오에 세상을 떠난 인물들의 유품이 나란히 놓이는 장면,https://www.sunshinestudio.co.kr/,2026-07-30,52,,,,이응복,https://image.tmdb.org/t/p/w500/uSavP0BSfnyUaJe62f0ZTXIHLs8.jpg,미스터션샤인,14,19,77,46.7,2,N,,,Y,언급2회이상_작품내상위15,정승길_v4,
st_20144,미스터 션샤인,Mr. Sunshine,drama,이병헌;김태리;유연석,홍예문(홍예교),세트장(다리),충남 논산시 연무읍 봉황로 90,36.1025580132223,127.104295525413,,,남녀 주인공의 운명적인 만남과 일본 낭인들과의 혈투 장면이 촬영된 다리 세트다,https://www.ohmynews.com/NWS_Web/View/at_pg.aspx?CNTN_CD=A0002501654,2026-07-30,52,,,,이응복,https://image.tmdb.org/t/p/w500/uSavP0BSfnyUaJe62f0ZTXIHLs8.jpg,미스터션샤인,13,24,77,43.3,3,N,,,Y,언급2회이상_작품내상위15,정승길_v4,
st_20148,미스터 션샤인,Mr. Sunshine,drama,이병헌;김태리;유연석,한성전기,세트장(근대건축),충남 논산시 연무읍 봉황로 90,36.1025580132223,127.104295525413,,,극중 유진초이의 한성전기 2층 집무실로 등장하는 건물,https://www.sunshinestudio.co.kr/,2026-07-30,52,,,,이응복,https://image.tmdb.org/t/p/w500/uSavP0BSfnyUaJe62f0ZTXIHLs8.jpg,미스터션샤인,13,21,77,43.3,4,N,,,Y,언급2회이상_작품내상위15,정승길_v4,
st_20150,미스터 션샤인,Mr. Sunshine,drama,이병헌;김태리;유연석,원수부(양품점),세트장(근대건축),충남 논산시 연무읍 봉황로 90,36.1025580132223,127.104295525413,,,개화기 원수부 건물을 복원한 공간으로 드라마 배우 의상 전시·대여 공간으로 쓰였다,https://www.sunshinestudio.co.kr/,2026-07-30,52,,,,이응복,https://image.tmdb.org/t/p/w500/uSavP0BSfnyUaJe62f0ZTXIHLs8.jpg,미스터션샤인,12,16,77,40.0,5,N,,,Y,언급2회이상_작품내상위15,정승길_v4,
st_20152,미스터 션샤인,Mr. Sunshine,drama,이병헌;김태리;유연석,불란셔제빵소,세트장(적산가옥),충남 논산시 연무읍 봉황로 90,36.1025580132223,127.104295525413,,,고애신과 쿠도 히나가 만나고 구동매가 왕사탕을 찾는 등 여러 장면의 배경이 되는 곳,https://www.sunshinestudio.co.kr/,2026-07-30,52,,,,이응복,https://image.tmdb.org/t/p/w500/uSavP0BSfnyUaJe62f0ZTXIHLs8.jpg,미스터션샤인,9,10,77,30.0,6,N,,,Y,언급2회이상_작품내상위15,정승길_v4,
st_20157,미스터 션샤인,Mr. Sunshine,drama,이병헌;김태리;유연석,전당포,세트장,충남 논산시 연무읍 봉황로 90,36.1025580132223,127.104295525413,https://lh3.googleusercontent.com/place-photos/AG9NLjA7N9gVB9FBxGTjF7OzTwJvDbNZmWXAAMnjakXPR6dmlu4Z_rL9ZsTzWM7WP9ITIdVY_ZtHP9Io86odoanfAgEFBbBjM_yDY_f2XtiKDyjmh93hhVn4e4-JsE_EhZRz67W6sYwzCUbtgB88ztY=s4800-w720,,24화 마지막회에서 전당포(해드리오)에 고인들의 유품이 나란히 진열되는 장면,https://www.ohmynews.com/NWS_Web/View/at_pg.aspx?CNTN_CD=A0002501654,2026-07-30,52,,,,이응복,https://image.tmdb.org/t/p/w500/uSavP0BSfnyUaJe62f0ZTXIHLs8.jpg,미스터션샤인,7,9,77,23.3,7,N,,,Y,언급2회이상_작품내상위15,정승길_v4,
st_20151,미스터 션샤인,Mr. Sunshine,drama,이병헌;김태리;유연석,동매집,세트장(적산가옥),충남 논산시 연무읍 봉황로 90,36.1025580132223,127.104295525413,,,극중 인물 구동매의 집으로 등장하는 적산가옥 세트다,https://www.sunshinestudio.co.kr/,2026-07-30,52,,,,이응복,https://image.tmdb.org/t/p/w500/uSavP0BSfnyUaJe62f0ZTXIHLs8.jpg,미스터션샤인,5,9,77,16.7,8,N,,,Y,언급2회이상_작품내상위15,정승길_v4,
st_20149,미스터 션샤인,Mr. Sunshine,drama,이병헌;김태리;유연석,대안문,세트장(궁궐 정문),충남 논산시 연무읍 봉황로 90,36.1025580132223,127.104295525413,,,대한제국 시대 덕수궁의 정문인 대한문의 옛 이름을 딴 정문 세트를 재현했다,https://www.sunshinestudio.co.kr/,2026-07-30,52,,,,이응복,https://image.tmdb.org/t/p/w500/uSavP0BSfnyUaJe62f0ZTXIHLs8.jpg,미스터션샤인,5,6,77,16.7,9,N,,,Y,언급2회이상_작품내상위15,정승길_v4,
st_20156,미스터 션샤인,Mr. Sunshine,drama,이병헌;김태리;유연석,마당집,세트장(체험관),충남 논산시 연무읍 봉황로 90,36.1025580132223,127.104295525413,,,관람객이 여주인공 의상 등을 체험할 수 있는 마당집 세트다,https://www.ohmynews.com/NWS_Web/View/at_pg.aspx?CNTN_CD=A0002501654,2026-07-30,52,,,,이응복,https://image.tmdb.org/t/p/w500/uSavP0BSfnyUaJe62f0ZTXIHLs8.jpg,미스터션샤인,5,5,77,16.7,10,N,,,Y,언급2회이상_작품내상위15,정승길_v4,
st_20147,미스터 션샤인,Mr. Sunshine,drama,이병헌;김태리;유연석,한약방,세트장(초가),충남 논산시 연무읍 봉황로 90,36.1025580132223,127.104295525413,,,10화에서 유진초이가 옛 은인 은산을 찾아가 하룻밤 재워달라 청하는 장면,https://www.sunshinestudio.co.kr/,2026-07-30,52,,,,이응복,https://image.tmdb.org/t/p/w500/uSavP0BSfnyUaJe62f0ZTXIHLs8.jpg,미스터션샤인,5,5,77,16.7,11,N,,,Y,언급2회이상_작품내상위15,정승길_v4,
st_20154,미스터 션샤인,Mr. Sunshine,drama,이병헌;김태리;유연석,경의선,세트장(역),충남 논산시 연무읍 봉황로 90,36.1025580132223,127.104295525413,,,24화 마지막회에서 유진초이가 기차에서 떨어지는 장면,https://www.sunshinestudio.co.kr/,2026-07-30,52,,,,이응복,https://image.tmdb.org/t/p/w500/uSavP0BSfnyUaJe62f0ZTXIHLs8.jpg,미스터션샤인,4,4,77,13.3,12,N,,,Y,언급2회이상_작품내상위15,정승길_v4,
st_20145,미스터 션샤인,Mr. Sunshine,drama,이병헌;김태리;유연석,화월루,세트장(기생집),충남 논산시 연무읍 봉황로 90,36.1025580132223,127.104295525413,,,극중 인물 구동매가 운영하는 기생집 화월루로 등장하는 세트 공간이다,https://www.korea.kr/news/policyNewsView.do?newsId=148931431,2026-07-30,52,,,,이응복,https://image.tmdb.org/t/p/w500/uSavP0BSfnyUaJe62f0ZTXIHLs8.jpg,미스터션샤인,3,4,77,10.0,13,N,,,Y,언급2회이상_작품내상위15,정승길_v4,
st_07459,미지의서울,Our Unwritten Seoul,drama,박보영;박진영,반포한강공원,공원,서울 서초구 반포동 649-1,37.512227,126.997815,https://lh3.googleusercontent.com/place-photos/AG9NLjDmpXcgb1Iiw_jDlTmGCGlKGoeMCf6Mzuu9o-Fpx9Koj9lynz-Dp1tIHTi7s-iD51t9ePZou8I5JHTaWpz725G_ZYXNS5bc9mLgrZntqt1dG4WfgVv2jGlNyxV6iuooTuihL6NA82y1oT7lXlc_FB9eLA=s4800-w619,https://map.naver.com/p/entry/place/18762864,극 중 반포대교 달빛무지개분수와 한강 편의점 데이트 장면의 배경으로 등장(오프닝에도 사용),https://kdramamap.com/location/%eb%af%b8%ec%a7%80%ec%9d%98%ec%84%9c%ec%9a%b8-%eb%b0%98%ed%8f%ac%ed%95%9c%ea%b0%95%ea%b3%b5%ec%9b%90-12899/;https://haechi-travel.tistory.com/346,2026-07-28,64,,,,박신우,https://image.tmdb.org/t/p/w500/woGYRE5vChxqUqTBJJaOhO9Cqk6.jpg,미지의서울,16,26,88,100.0,1,N,,,Y,언급2회이상_작품내상위15,정승길_v4,
st_07396,미지의서울,Our Unwritten Seoul,drama,박보영;박진영,동작대교,다리,서울 용산구 이촌동 385,37.509920,126.981704,https://lh3.googleusercontent.com/place-photos/AG9NLjAvKyoswhizj1-bc-eHagEOq0NUgi3wXO1cQxE1Y5CGcpq-g-HJ6mwpXP0EsU4-oWsvbII7hZqZEwWN4wQJCOvlNw6CfiPTcq9tHgOpaV4F3kVM8sflmgdHjn8MrQSbNnEGVHRLxv9N0niHYQ=s4800-w800,https://map.naver.com/p/entry/place/18726869,미지와 미래가 손가락을 걸고 서로의 인생을 바꾸기로 약속하는 장면,https://kdramamap.com/location/%eb%af%b8%ec%a7%80%ec%9d%98%ec%84%9c%ec%9a%b8-%eb%8f%99%ec%9e%91%eb%8c%80%ea%b5%90-12836/,2026-07-28,64,,,,박신우,https://image.tmdb.org/t/p/w500/woGYRE5vChxqUqTBJJaOhO9Cqk6.jpg,미지의서울,13,34,88,81.2,2,N,,,Y,언급2회이상_작품내상위15,정승길_v4,
st_07407,미지의서울,Our Unwritten Seoul,drama,박보영;박진영,은행회관,건물,서울 중구 명동11길 19,37.565022,126.985460,https://lh3.googleusercontent.com/place-photos/AG9NLjDLLiMzP-p31n7_Ou46_e8j8sIe69Ed9GXvw2kcd_MmpT1JQU1bInWe3QiFYwSpZWW7ZZcl3NvvKVeCFApf4no8d_Kq7nyqupsHt5jsk0FGIo10s5ddi4XTwW5vgq-q008UThii2Ifh5oL0TUpTqiQBHQ=s4800-w800,https://map.naver.com/p/entry/place/18693705,1화에서 미지가 미래 대신 다니게 되는 한국금융관리공사로 나오는 장면,https://kdramamap.com/location/%eb%af%b8%ec%a7%80%ec%9d%98%ec%84%9c%ec%9a%b8-%ec%9d%80%ed%96%89%ed%9a%8c%ea%b4%80-12847/;https://haechi-travel.tistory.com/346,2026-07-28,64,,,,박신우,https://image.tmdb.org/t/p/w500/woGYRE5vChxqUqTBJJaOhO9Cqk6.jpg,미지의서울,9,19,88,56.2,3,N,,,Y,언급2회이상_작품내상위15,정승길_v4,
st_07403,미지의서울,Our Unwritten Seoul,drama,박보영;박진영,을지로(2),,서울 중구 을지로2가 17,37.566571,126.984513,https://lh3.googleusercontent.com/place-photos/AG9NLjCaPgEnCzsCe7c9zHYk0w_qgMyPm1DQqU0Iyz1y88y84BvcmWKydDl5iZkAaEVU6AgoSN0fX1CMv-tJDEzuqt0pmLthjUSPIMOXwlE6cMhXI-XrKHP0N900wkg4Npw_Mx1AC5KtPh9X4O-GS98HYayuzw=s4800-w800,,10화에서 서울에 올라온 세진이 길을 걷던 미래를 발견하는 장면,https://kdramamap.com/location/%eb%af%b8%ec%a7%80%ec%9d%98%ec%84%9c%ec%9a%b8-%ec%9d%84%ec%a7%80%eb%a1%9c-2-12843/,2026-07-28,64,,,,박신우,https://image.tmdb.org/t/p/w500/woGYRE5vChxqUqTBJJaOhO9Cqk6.jpg,미지의서울,9,19,88,56.2,4,N,,,Y,언급2회이상_작품내상위15,정승길_v4,
st_07399,미지의서울,Our Unwritten Seoul,drama,박보영;박진영,서울역(15번출구쪽),,서울 용산구 청파로 378,37.549118,126.970484,,,1화에서 미지가 미래를 만나러 서울에 왔을 때 기차에서 내려 나오는 장면,https://kdramamap.com/location/%eb%af%b8%ec%a7%80%ec%9d%98%ec%84%9c%ec%9a%b8-%ec%84%9c%ec%9a%b8%ec%97%ad-15%eb%b2%88%ec%b6%9c%ea%b5%ac%ec%aa%bd-12839/,2026-07-28,64,,,,박신우,https://image.tmdb.org/t/p/w500/woGYRE5vChxqUqTBJJaOhO9Cqk6.jpg,미지의서울,8,14,88,50.0,7,N,,,Y,언급2회이상_작품내상위15,정승길_v4,
st_07412,미지의서울,Our Unwritten Seoul,drama,박보영;박진영,광통교,교량,서울 중구 다동 17,37.568829,126.981176,https://lh3.googleusercontent.com/place-photos/AG9NLjDGdw8MXm8Y3HiZqhlAPg2JtDmb_vvkVu2hRs1xcsTB3NW-ZqR61m7Lrv0_pjCwYpeInS1Gb-OpjngvqQzt7zgpKXJlM_jIIFfoMUehKnJdChVLFVf33emG50Y_XBOCHbvzfrGaH8a6BWVcB-4=s4800-w800,,극 중 주인공들이 서울 거리를 거니는 장면에 등장하는 장소,https://kdramamap.com/location/%eb%af%b8%ec%a7%80%ec%9d%98%ec%84%9c%ec%9a%b8-%ea%b4%91%ed%86%b5%ea%b5%90-12852/;https://haechi-travel.tistory.com/346,2026-07-28,64,,,,박신우,https://image.tmdb.org/t/p/w500/woGYRE5vChxqUqTBJJaOhO9Cqk6.jpg,미지의서울,8,10,88,50.0,8,N,,,Y,언급2회이상_작품내상위15,정승길_v4,
st_07489,미지의서울,Our Unwritten Seoul,drama,박보영;박진영,가야산,자연/명소,충남 예산군 덕산면 상가리 산5-93,36.704638,126.610059,https://lh3.googleusercontent.com/place-photos/AG9NLjAfnHNvU1ov5MaIuf6TXaCcCOUjnjFmNT1KoiUOhhORjd-f8HhjMEhSAmDtsosmpFAsQ6SPXGpnqoRku7U9_QuqgRuNSd13-NLnkXyAooQGTFYjco_oXkX74MmGCueCcO36KDY-LSEiKatBZw=s4800-w800,https://map.naver.com/p/entry/place/17593914,5화에서 고등학생 시절 미지와 호수가 올라갔던 두손봉(가야산 가야봉)으로 나오는 장면,https://kdramamap.com/location/%eb%af%b8%ec%a7%80%ec%9d%98%ec%84%9c%ec%9a%b8-%ea%b0%80%ec%95%bc%ec%82%b0-12929/,2026-07-28,64,,,,박신우,https://image.tmdb.org/t/p/w500/woGYRE5vChxqUqTBJJaOhO9Cqk6.jpg,미지의서울,7,36,88,43.8,9,N,,,Y,언급2회이상_작품내상위15,정승길_v4,
st_07389,미지의서울,Our Unwritten Seoul,drama,박보영;박진영,맨홀커피,카페,서울 영등포구 영신로 247,37.530483,126.902813,https://lh3.googleusercontent.com/place-photos/AG9NLjAU9oS-gznRnm7nS5MTLl8lnYjMkPsLZt4vNmfQAg45sjjfQo3gpTsetvsDoCh-vse-OOe4mqxWqPzgnicit-ySOG2B6TcIzund7iny9dg_n4HK4dXjd_vhAp-8n59yzSofoj5KvWPrazo_=s4800-w800,https://map.naver.com/p/entry/place/1027199496,4화에서 미지·호수·지윤이 참석하는 동창회 모임 장소(카페)로 나오는 장면,https://kdramamap.com/location/%eb%af%b8%ec%a7%80%ec%9d%98%ec%84%9c%ec%9a%b8-%eb%a7%a8%ed%99%80%ec%bb%a4%ed%94%bc-12829/,2026-07-28,64,,,,박신우,https://image.tmdb.org/t/p/w500/woGYRE5vChxqUqTBJJaOhO9Cqk6.jpg,미지의서울,7,22,88,43.8,10,N,,,Y,언급2회이상_작품내상위15,정승길_v4,
st_07474,미지의서울,Our Unwritten Seoul,drama,박보영;박진영,백금당,,경기 파주시 가람로21번길 61-9 1층,37.736588,126.751746,https://lh3.googleusercontent.com/place-photos/AG9NLjB8JHwRk2w76KXpKW6qrnnnktuDU-4yoc8Dp6V2noI9VPEFn99ozvVfE1JWyahHruYzRIC7ZFrwWYZ-qSQHqn1BJrCxEOV7NpmJJqeOMPVb4pZkWHBglWc_rejlq_VgSVh4UqfhjEIDTtciYSw=s4800-w800,https://map.naver.com/p/entry/place/1402283510,1화에서 미래가 미지를 데리고 간 수플레 맛집 카페로 나오는 장면,https://kdramamap.com/location/%eb%af%b8%ec%a7%80%ec%9d%98%ec%84%9c%ec%9a%b8-%eb%b0%b1%ea%b8%88%eb%8b%b9-12914/,2026-07-28,64,,,,박신우,https://image.tmdb.org/t/p/w500/woGYRE5vChxqUqTBJJaOhO9Cqk6.jpg,미지의서울,6,25,88,37.5,11,N,,,Y,언급2회이상_작품내상위15,정승길_v4,
st_07506,미지의서울,Our Unwritten Seoul,drama,박보영;박진영,가은고등학교,학교,경북 문경시 가은읍 가은로 205,36.645475,128.071165,,https://map.naver.com/p/entry/place/11556940,극 중 미지가 다녔던 두손중학교로 등장하는 장소,https://kdramamap.com/location/%eb%af%b8%ec%a7%80%ec%9d%98%ec%84%9c%ec%9a%b8-%ea%b0%80%ec%9d%80%ea%b3%a0%eb%93%b1%ed%95%99%ea%b5%90-12946/;https://haechi-travel.tistory.com/346;https://redcrow.tistory.com/entry/%EB%AF%B8%EC%A7%80%EC%9D%98-%EC%84%9C%EC%9A%B8-%EC%B4%AC%EC%98%81%EC%A7%80-%EC%9A%94%EC%95%BD-%EB%AA%85%EC%96%B8-%EB%AA%85%EB%8C%80%EC%82%AC-%EB%B0%B0%EA%B2%BD%EC%9D%8C%EC%95%85-OST-%EC%82%BD%EC%9E%85%EA%B3%A1?category=288933,2026-07-28,64,,,,박신우,https://image.tmdb.org/t/p/w500/woGYRE5vChxqUqTBJJaOhO9Cqk6.jpg,미지의서울,6,12,88,37.5,12,N,,,Y,언급2회이상_작품내상위15,정승길_v4,
st_07502,미지의서울,Our Unwritten Seoul,drama,박보영;박진영,수북초등학교,학교,전남광주통합특별시 담양군 수북면 추성1로 714,35.301367,126.930311,,https://map.naver.com/p/entry/place/12006500,극 중 미지와 엄마가 함께 일하는 초등학교로 등장하는 장소,https://kdramamap.com/location/%eb%af%b8%ec%a7%80%ec%9d%98%ec%84%9c%ec%9a%b8-%ec%88%98%eb%b6%81%ec%b4%88%eb%93%b1%ed%95%99%ea%b5%90-12942/;https://haechi-travel.tistory.com/346;https://redcrow.tistory.com/entry/%EB%AF%B8%EC%A7%80%EC%9D%98-%EC%84%9C%EC%9A%B8-%EC%B4%AC%EC%98%81%EC%A7%80-%EC%9A%94%EC%95%BD-%EB%AA%85%EC%96%B8-%EB%AA%85%EB%8C%80%EC%82%AC-%EB%B0%B0%EA%B2%BD%EC%9D%8C%EC%95%85-OST-%EC%82%BD%EC%9E%85%EA%B3%A1?category=288933,2026-07-28,64,,,,박신우,https://image.tmdb.org/t/p/w500/woGYRE5vChxqUqTBJJaOhO9Cqk6.jpg,미지의서울,6,11,88,37.5,13,N,,,Y,언급2회이상_작품내상위15,정승길_v4,
st_07425,미지의서울,Our Unwritten Seoul,drama,박보영;박진영,감고당길(1),,서울 종로구 율곡로3길 64,37.578454,126.982249,https://lh3.googleusercontent.com/place-photos/AG9NLjBIvS4hbH4W263UNDIpMtHk0oZXiVdF4xfz2DR_qkkEL-j3H4Z_E_uw6uRG7IR3mA5H5FYCfNgTsmmojizSWG8GsFeajf-H6zoAHl9nvn_VUQjsWNG2KpY84M-z6YMbmqP_Sdw7zdmJlyDs=s4800-w800,,8화에서 미지와 호수가 데이트하며 걷는 감고당길 한옥담장길로 등장하는 장면,https://kdramamap.com/location/%eb%af%b8%ec%a7%80%ec%9d%98%ec%84%9c%ec%9a%b8-%ea%b0%90%ea%b3%a0%eb%8b%b9%ea%b8%b8-1-12865/,2026-07-28,64,,,,박신우,https://image.tmdb.org/t/p/w500/woGYRE5vChxqUqTBJJaOhO9Cqk6.jpg,미지의서울,5,6,88,31.2,14,N,,,Y,언급2회이상_작품내상위15,정승길_v4,
mv_2273_01,밀정,The Age of Shadows,movie,송강호;공유;한지민;츠루미 신고;엄태구,합천영상테마파크,관광명소,경남 합천군 용주면 합천호수로 757,35.54875124468043,128.0718460684288,https://lh3.googleusercontent.com/place-photos/AG9NLjCv95QlhIEWg6AKF3e7x2f_VFlm2cYnuBlrYHWJeWRLfu0t24rbKP_rwVvKDaAz0tlsFNtEJRaZLjb0kyZVvFFzhN-tAKY-pK0vdjjqOsnfzRlOx8tAVfwftPLg9UXCQOh4fW8d_msTS0Brpxg=s4800-w800,https://map.naver.com/p/entry/place/13291032,1920~1930년대 경성·시가지 배경 장면을 이곳 서울1945세트장 등에서 촬영했다,https://www.hc.go.kr/06572/06699/06749.web?idx=8630624&amode=view;https://www.youtube.com/watch?v=6wkMcukBoPY,2026-07-31,,,7458824,,김지운,https://image.tmdb.org/t/p/w500/3OqkOFlXENLeIMLVBclGejpsaWd.jpg,밀정,18,146,45,100.0,1,N,,,Y,언급2회이상_작품내상위15,정승길_v4,
mv_2273_02,밀정,The Age of Shadows,movie,송강호;공유;한지민;츠루미 신고;엄태구,문경새재오픈세트장,관광명소,경북 문경시 문경읍 새재로 1037,36.7713996802656,128.074072026373,https://lh3.googleusercontent.com/place-photos/AG9NLjBHNSIiY9b6wSTqkSSM7sgFZy-typNG9luM93NoHoOtlEnqrU_Z-ud50p5ZtMq4x0S-S7wMr7d71vqEQ50YkuWxpBNWUufDf-__ZNFoQc9ASCf-v3a-bO_jTmYs48Q-vT-dFPmYHTb8S6q-oNQ=s4800-w800,https://map.naver.com/p/entry/place/37844946,일본 경찰들이 김장옥을 붙잡으려 한옥 지붕 위를 넘나들며 쫓는 오프닝 추격 장면,https://www.gbmg.go.kr/tour/contents.do?mId=0206020100,2026-07-31,,,7458824,,김지운,https://image.tmdb.org/t/p/w500/3OqkOFlXENLeIMLVBclGejpsaWd.jpg,밀정,0,0,45,0.0,2,N,,,Y,언급부족_데이터품질기준보존,정승길_v4,
st_20508,반짝이는 워터멜론,Twinkling Watermelon,drama,려운;최현욱;설인아,전북대학교,대학교,전북특별자치도 전주시 덕진구 백제대로 567,35.84572115414923,127.1296051529039,https://lh3.googleusercontent.com/place-photos/AG9NLjCu6v_1h6wpZ4grdUrRxXcBahiPpQelcs0Wkbi1_ksSApu0vXqNOpOfzDEX1d6qE0134sXqnAuxC74bK6hH1tydn8YG-rWXAVZEfYQpf9ReNVG_tlOLee6MqE4mcSe-lbInPbr4s3g6MbZvDMDzd8Ouiw=s4800-w800,https://map.naver.com/p/entry/place/11591627,학교 구정문 일대에서 밴드 축제 공연 장면이 촬영된 장소,https://histale.com/i/반짝이는-워터멜론-촬영지-인물관계도/A;https://hugestlight.com/180,2026-07-30,6,,,,Son Jeong-hyeon,https://image.tmdb.org/t/p/w500/fD1WFaH8Bo4g6SqAOwCQg3Ry6zv.jpg,반짝이는워터멜론,8,10,45,100.0,1,N,,,Y,언급2회이상_작품내상위15,정승길_v4,
st_07757,반짝이는워터멜론,Twinkling Watermelon,drama,려운;최현욱;설인아,제민천,,충남 공주시 감영길 20,36.452707,127.123477,https://lh3.googleusercontent.com/place-photos/AG9NLjCQ5aMB8GyN-SJjJWAgCJLMEygk949FA02tV0NqFOGGNJ9kzUxbMx9JoI5FXY97N-gQeJsh-8D048eo-Q_-lD4wbl3ngunY4lCEEjEpMT3twbARSHr3gQyG7YbTPyOti6wWUEC99TQF5lKmrQ=s4800-w800,https://map.naver.com/p/entry/place/19467703,초등학교 등하교길 배경으로 나온 공주 하숙집거리 제민천,https://kdramamap.com/location/%eb%b0%98%ec%a7%9d%ec%9d%b4%eb%8a%94%ec%9b%8c%ed%84%b0%eb%a9%9c%eb%a1%a0-%ec%a0%9c%eb%af%bc%ec%b2%9c-4016/,2026-07-28,6,,,,Son Jeong-hyeon,https://image.tmdb.org/t/p/w500/fD1WFaH8Bo4g6SqAOwCQg3Ry6zv.jpg,반짝이는워터멜론,7,30,45,87.5,2,N,,,Y,언급2회이상_작품내상위15,정승길_v4,
st_07767,반짝이는워터멜론,Twinkling Watermelon,drama,려운;최현욱;설인아,이월드,놀이공원,대구 달서구 두류공원로 200,35.854855,128.564821,https://lh3.googleusercontent.com/place-photos/AG9NLjAXENrVVCug65dYag-0yYDkXq9BGMQCdqr_gcvTwuuypcxt9jWmn2QBCLUc3ItJUarCGelx8dyBadyIaJJMJyxVC6Zk1JgQdQuP-eZPAVYp1vyCOcn4ROUHaSa8QYioZc3ucBHqefx1is-VQh7A69r5aA=s4800-w800,https://map.naver.com/p/entry/place/11556649,6화에서 친구들이 함께 놀이공원을 방문하는 장면,https://kdramamap.com/location/%eb%b0%98%ec%a7%9d%ec%9d%b4%eb%8a%94%ec%9b%8c%ed%84%b0%eb%a9%9c%eb%a1%a0-%ec%9d%b4%ec%9b%94%eb%93%9c-4026/;https://smap.co.kr/contents/twinkling-watermelon;https://m.blog.naver.com/storyclass/223257090932,2026-07-28,6,,,,Son Jeong-hyeon,https://image.tmdb.org/t/p/w500/fD1WFaH8Bo4g6SqAOwCQg3Ry6zv.jpg,반짝이는워터멜론,7,27,45,87.5,3,N,,,Y,언급2회이상_작품내상위15,정승길_v4,
st_07773,반짝이는워터멜론,Twinkling Watermelon,drama,려운;최현욱;설인아,신선대,,경남 거제시 남부면 갈곶리,34.740631,128.672022,https://lh3.googleusercontent.com/place-photos/AG9NLjBOSPP6_UV-L5DxUCMEx9Lr87B0gvoSXlNc0RVIvzlRzp8LLtpa0KGuy8FeVjX7MFo1RSw0AZaoTOdb76JRixKRiD-BEj-Sjnstq19FQXGCuViNTlYZEGp4i35D4NO4zdkzzyHabsE6Vd8hzLg=s4800-w800,https://map.naver.com/p/entry/place/15849214,11화에서 은결이 리허설을 막으려 이찬을 속여 데려가 무릎 꿇고 사정하다 바다에 빠지는 장면,https://kdramamap.com/location/%eb%b0%98%ec%a7%9d%ec%9d%b4%eb%8a%94%ec%9b%8c%ed%84%b0%eb%a9%9c%eb%a1%a0-%ec%8b%a0%ec%84%a0%eb%8c%80-4032/,2026-07-28,6,,,,Son Jeong-hyeon,https://image.tmdb.org/t/p/w500/fD1WFaH8Bo4g6SqAOwCQg3Ry6zv.jpg,반짝이는워터멜론,6,43,45,75.0,4,N,,,Y,언급2회이상_작품내상위15,정승길_v4,
st_07721,반짝이는워터멜론,Twinkling Watermelon,drama,려운;최현욱;설인아,배재고등학교,학교,서울 강동구 고덕로 227,37.555056,127.150161,https://lh3.googleusercontent.com/place-photos/AG9NLjD81a1qVnn2_AfcwzwWEE8Hwo71XFZj6zvvNKzbxCsRVdGeTooqrYI1yBcKgrU61sqT_uRbZZiqi4tHWekeYbNQ4y1i3FAxTSFWwxFj0lrsgZGVC75MBJiQshXGGlMPcZUMH2euanokg8FqQA=s4800-w800,https://map.naver.com/p/entry/place/11556747,극중 배광고등학교로 등장하는 학교 촬영지,https://kdramamap.com/location/%eb%b0%98%ec%a7%9d%ec%9d%b4%eb%8a%94%ec%9b%8c%ed%84%b0%eb%a9%9c%eb%a1%a0-%eb%b0%b0%ec%9e%ac%ea%b3%a0%eb%93%b1%ed%95%99%ea%b5%90-3980/;https://histale.com/i/반짝이는-워터멜론-촬영지-인물관계도/A;https://hugestlight.com/180,2026-07-28,6,,,,Son Jeong-hyeon,https://image.tmdb.org/t/p/w500/fD1WFaH8Bo4g6SqAOwCQg3Ry6zv.jpg,반짝이는워터멜론,6,11,45,75.0,5,N,,,Y,언급2회이상_작품내상위15,정승길_v4,
st_07752,반짝이는워터멜론,Twinkling Watermelon,drama,려운;최현욱;설인아,봉봉방앗간,카페,강원 강릉시 경강로2024번길 17-1,37.751037,128.892444,https://lh3.googleusercontent.com/place-photos/AG9NLjA1q69BH_4L7-L7_zXoSdyJaVdzmtSXAORGGKBa2yL0MjKpcZY8fKwz1n0kJhKBuKh4Zv9FK3zZPGI44954UUFR7O4JCSPpkauIulXkmD5FVNJcBIzmZ30ZK89awpRQXHx025l_CrGfFHYk=s4800-w800,https://map.naver.com/p/entry/place/21889371,1화에서 은결이 비바할아버지의 악기점 비바뮤직에서 처음 기타를 배우는 장면,https://kdramamap.com/location/%eb%b0%98%ec%a7%9d%ec%9d%b4%eb%8a%94%ec%9b%8c%ed%84%b0%eb%a9%9c%eb%a1%a0-%eb%b4%89%eb%b4%89%eb%b0%a9%ec%95%97%ea%b0%84-4011/;https://hugestlight.com/180,2026-07-28,6,,,,Son Jeong-hyeon,https://image.tmdb.org/t/p/w500/fD1WFaH8Bo4g6SqAOwCQg3Ry6zv.jpg,반짝이는워터멜론,5,18,45,62.5,6,N,,,Y,언급2회이상_작품내상위15,정승길_v4,
st_07731,반짝이는워터멜론,Twinkling Watermelon,drama,려운;최현욱;설인아,화적연,,경기 포천시 영북면 자일리,38.100964,127.288107,https://lh3.googleusercontent.com/place-photos/AG9NLjAavgmwJ9vzJtAfkIaX4VRwXzEP0ZQrqH9CDyWoJ-0PphCaqsHz9ClamUtJwltMPY5B8bo1QhlUTipYT4H7R5Gm00QZBfgYDeaSJzS5CzMuSJ_U8F_5gldTHxEENc2Z4Cp8CbIz36Jma0t2Ww=s4800-w800,,5화에서 은결이 어릴 적 아빠와 강가로 캠핑 가서 엄마와의 첫 만남을 묻는 회상 장면,https://kdramamap.com/location/%eb%b0%98%ec%a7%9d%ec%9d%b4%eb%8a%94%ec%9b%8c%ed%84%b0%eb%a9%9c%eb%a1%a0-%ed%99%94%ec%a0%81%ec%97%b0-3990/,2026-07-28,6,,,,Son Jeong-hyeon,https://image.tmdb.org/t/p/w500/fD1WFaH8Bo4g6SqAOwCQg3Ry6zv.jpg,반짝이는워터멜론,4,31,45,50.0,7,N,,,Y,언급2회이상_작품내상위15,정승길_v4,
st_07772,반짝이는워터멜론,Twinkling Watermelon,drama,려운;최현욱;설인아,여차몽돌해수욕장,해변,경남 거제시 남부면 여차길 22,34.714131,128.626892,https://lh3.googleusercontent.com/place-photos/AG9NLjBgeh-PT6A-qzfs6ibMJnyIa7dRbqNqJ8RPanhPD5CAuWfmgyvtxKWNFj-5B4TrsC9sm3ubgJXBW74UZLrH2VbX7g2KjN1CFbBcSzopyZB0Amm9BgcEd9Ba1wCHV-d2ThVLqgjWhblxkLACxxQ=s4800-w800,https://map.naver.com/p/entry/place/13491016,11화에서 은결이 이찬의 사고를 막았다는 안도감에 바닷가에서 이찬을 안고 우는 장면,https://kdramamap.com/location/%eb%b0%98%ec%a7%9d%ec%9d%b4%eb%8a%94%ec%9b%8c%ed%84%b0%eb%a9%9c%eb%a1%a0-%ec%97%ac%ec%b0%a8%eb%aa%bd%eb%8f%8c%ed%95%b4%ec%88%98%ec%9a%95%ec%9e%a5-4031/,2026-07-28,6,,,,Son Jeong-hyeon,https://image.tmdb.org/t/p/w500/fD1WFaH8Bo4g6SqAOwCQg3Ry6zv.jpg,반짝이는워터멜론,4,18,45,50.0,8,N,,,Y,언급2회이상_작품내상위15,정승길_v4,
st_07746,반짝이는워터멜론,Twinkling Watermelon,drama,려운;최현욱;설인아,남이섬,,강원 춘천시 남산면 남이섬길 1,37.790125,127.526129,https://lh3.googleusercontent.com/place-photos/AG9NLjCX8cvyhiSt_tHOeAZq2dqMpgCzJLw6ODZwdP6jDNKNOJoQwRfK57BH5n4Mh5_DQSp3MK5wFBVGg3t3AvaDvrRtScmWYzXWBss7CZjs4M8OGpze2sk1s70k4SEWFXpEjS-j2sFtlpFCB1Y4EOQ=s4800-w800,https://map.naver.com/p/entry/place/11491866,은결과 세경이 데이트하는 메타세콰이어 강변산책길로 나온 남이섬,https://kdramamap.com/location/%eb%b0%98%ec%a7%9d%ec%9d%b4%eb%8a%94%ec%9b%8c%ed%84%b0%eb%a9%9c%eb%a1%a0-%eb%82%a8%ec%9d%b4%ec%84%ac-4005/,2026-07-28,6,,,,Son Jeong-hyeon,https://image.tmdb.org/t/p/w500/fD1WFaH8Bo4g6SqAOwCQg3Ry6zv.jpg,반짝이는워터멜론,4,17,45,50.0,9,N,,,Y,언급2회이상_작품내상위15,정승길_v4,
st_07693,반짝이는워터멜론,Twinkling Watermelon,drama,려운;최현욱;설인아,우리마트,,서울 강서구 개화2길 3-11,37.583808,126.798952,,https://map.naver.com/p/entry/place/18954240,울면서 빵을 먹는 슈퍼 배경으로 나온 강서구 개화동 우리마트,https://kdramamap.com/location/%eb%b0%98%ec%a7%9d%ec%9d%b4%eb%8a%94%ec%9b%8c%ed%84%b0%eb%a9%9c%eb%a1%a0-%ec%9a%b0%eb%a6%ac%eb%a7%88%ed%8a%b8-3952/,2026-07-28,6,,,,Son Jeong-hyeon,https://image.tmdb.org/t/p/w500/fD1WFaH8Bo4g6SqAOwCQg3Ry6zv.jpg,반짝이는워터멜론,4,4,45,50.0,10,N,,,Y,언급2회이상_작품내상위15,정승길_v4,
st_07760,반짝이는워터멜론,Twinkling Watermelon,drama,려운;최현욱;설인아,봉황재 한옥,유적/한옥,충남 공주시 큰샘3길 8,36.450776,127.120028,https://lh3.googleusercontent.com/place-photos/AG9NLjAKT6d1om8QbNorkXAOSCGS6XkFQ5PiUgKAyEhSpvJgbU2VA5qiw9CuFvoomVBJxyu81o3_Q8W1yjhEb9OSAX1DaDw97voYE13MjJyz7S-WU5rDIWJWs-0Q6AA8blkNJ12g8yqgEJyhrbkUOg=s4800-w800,https://map.naver.com/p/entry/place/1331657707,1995년 과거 배경의 한옥 게스트하우스 장면이 촬영된 장소,https://kdramamap.com/location/%eb%b0%98%ec%a7%9d%ec%9d%b4%eb%8a%94%ec%9b%8c%ed%84%b0%eb%a9%9c%eb%a1%a0-%eb%b4%89%ed%99%a9%ec%9e%ac-%ed%95%9c%ec%98%a5-4019/;https://smap.co.kr/contents/twinkling-watermelon;https://hugestlight.com/180,2026-07-28,6,,,,Son Jeong-hyeon,https://image.tmdb.org/t/p/w500/fD1WFaH8Bo4g6SqAOwCQg3Ry6zv.jpg,반짝이는워터멜론,3,11,45,37.5,11,N,,,Y,언급2회이상_작품내상위15,정승길_v4,
st_07747,반짝이는워터멜론,Twinkling Watermelon,drama,려운;최현욱;설인아,미술관 자작나무숲,박물관/미술관,강원 횡성군 우천면 한우로두곡5길 186,37.492768,128.050057,https://lh3.googleusercontent.com/place-photos/AG9NLjDvfo4XL-Zo0kIm25l7jKyGvTcxdlnyvE6CJyZnnUkLjv3O_tdN_ifChJL4htzk9bar54EmBSiYUf82q7dayh8wStwpi2miRwz-IM3RU2wj0YSbT9oSqAG4Majy50_H_NRV1A4mwiBbGOhVijQ=s4800-w800,https://map.naver.com/p/entry/place/11664574,14화에서 밴드 멤버들이 송캠프를 열어 첫 자작곡을 만들고 연습하는 장면,https://kdramamap.com/location/%eb%b0%98%ec%a7%9d%ec%9d%b4%eb%8a%94%ec%9b%8c%ed%84%b0%eb%a9%9c%eb%a1%a0-%eb%af%b8%ec%88%a0%ea%b4%80-%ec%9e%90%ec%9e%91%eb%82%98%eb%ac%b4%ec%88%b2-4006/,2026-07-28,6,,,,Son Jeong-hyeon,https://image.tmdb.org/t/p/w500/fD1WFaH8Bo4g6SqAOwCQg3Ry6zv.jpg,반짝이는워터멜론,3,6,45,37.5,12,N,,,Y,언급2회이상_작품내상위15,정승길_v4,
st_07717,반짝이는워터멜론,Twinkling Watermelon,drama,려운;최현욱;설인아,할아버지공장,,서울 성동구 성수이로7가길 9,37.541169,127.054965,https://lh3.googleusercontent.com/place-photos/AG9NLjD3Yw52hSNsYeEb9qAcNeZV-OiiieMt0D2HTEbFn7435tR_dGzILWIU4Y5K7jZqhl0kejASismrbh6cb2Ezy0E4q7P987CA228-i5KclZQCVupcZMTpJ57d3j4wgh_dqxN70lJoAU-J8Yji=s4800-w800,,첫 화면의 카페 배경으로 나온 성수동 복합문화공간 할아버지공장,https://kdramamap.com/location/%eb%b0%98%ec%a7%9d%ec%9d%b4%eb%8a%94%ec%9b%8c%ed%84%b0%eb%a9%9c%eb%a1%a0-%ed%95%a0%ec%95%84%eb%b2%84%ec%a7%80%ea%b3%b5%ec%9e%a5-3976/,2026-07-28,6,,,,Son Jeong-hyeon,https://image.tmdb.org/t/p/w500/fD1WFaH8Bo4g6SqAOwCQg3Ry6zv.jpg,반짝이는워터멜론,3,5,45,37.5,13,N,,,Y,언급2회이상_작품내상위15,정승길_v4,
st_07739,반짝이는워터멜론,Twinkling Watermelon,drama,려운;최현욱;설인아,용문청소년수련원,,경기 양평군 용문면 덕촌길 125,37.506343,127.597093,https://lh3.googleusercontent.com/place-photos/AG9NLjD3qKfDqJPs5ewfIaJ_3mKoueNCUZDppBJy5CAvzXs7dUtwH-5DNgbS7q1SCLGhWiOuB-eWTecSgPK0zj5Mu9tBrwtN2_coRPAFRO5wu7T0JE8UWaoj_VhjPz_jY8Pr0IC2LZ_I_a8-oRWYsw=s4800-w800,https://map.naver.com/p/entry/place/33684874,수영장 배경으로 나온 경기 양평 용문청소년수련원,https://kdramamap.com/location/%eb%b0%98%ec%a7%9d%ec%9d%b4%eb%8a%94%ec%9b%8c%ed%84%b0%eb%a9%9c%eb%a1%a0-%ec%9a%a9%eb%ac%b8%ec%b2%ad%ec%86%8c%eb%85%84%ec%88%98%eb%a0%a8%ec%9b%90-3998/,2026-07-28,6,,,,Son Jeong-hyeon,https://image.tmdb.org/t/p/w500/fD1WFaH8Bo4g6SqAOwCQg3Ry6zv.jpg,반짝이는워터멜론,3,3,45,37.5,14,N,,,Y,언급2회이상_작품내상위15,정승길_v4,
st_07722,반짝이는워터멜론,Twinkling Watermelon,drama,려운;최현욱;설인아,성지초등학교,학교,인천 계양구 아나지로247번길 8,37.526439,126.720162,,https://map.naver.com/p/entry/place/11557555,은결과 이찬의 추억이 담긴 학교로 나온 인천 계양구 성지초등학교,https://kdramamap.com/location/%eb%b0%98%ec%a7%9d%ec%9d%b4%eb%8a%94%ec%9b%8c%ed%84%b0%eb%a9%9c%eb%a1%a0-%ec%84%b1%ec%a7%80%ec%b4%88%eb%93%b1%ed%95%99%ea%b5%90-3981/,2026-07-28,6,,,,Son Jeong-hyeon,https://image.tmdb.org/t/p/w500/fD1WFaH8Bo4g6SqAOwCQg3Ry6zv.jpg,반짝이는워터멜론,3,2,45,37.5,15,N,,,Y,언급2회이상_작품내상위15,정승길_v4,
mv_3821_01,백두산,ASHFALL,movie,이병헌;하정우;마동석;전혜진;배수지,새만금간척지·방조제 일대,간척지·방조제·광역 촬영지,전북특별자치도 부안군 변산면 새만금로 6 일대,,,,,백두산 화산이 폭발하고 화산재와 재난이 덮치는 장면의 배경 촬영,https://daum.jeonju.go.kr/main/menu?do=view&gc=WEBZINE2&page=16&webzine_code=b4ihlnbj3ijgdg0i&wgroup_code=vc55hm68bx5d4sqo,2026-07-30,,,8242478,,김병서;이해준,https://image.tmdb.org/t/p/w500/1n5q3XpEhCe7TnGHzsHs5pwVT8O.jpg,백두산,0,0,74,0.0,1,N,,,Y,언급부족_데이터품질기준보존,정승길_v4,
mv_5816_07,범죄도시2,The Roundup,movie,마동석;손석구;최귀화;박지환;허동원,월곡마트,마트,전남광주통합특별시 광산구 사암로279번길 17,35.1693844103281,126.807998728286,https://lh3.googleusercontent.com/place-photos/AG9NLjCZAu4QKW-gZ680Ik9r45YOFSHi7ZRyi8CSegl3dN9ynCoy7Av3FKm26j91C0mk94WZIbWBZ_qFKdZG7IOln0_xiQIvwjxImZRqbTK6rjNbjwNpaS8QWUAPITcKyZKc0cBz9DIL-1TWxJ4z7Mc=s4800-w800,https://map.naver.com/p/entry/place/16003319,마석도가 마트 뒷문으로 들어가 인질범을 순식간에 제압하는 장면이 촬영된 곳,https://news.ikbc.co.kr/article/view/kbc202206100015,2026-07-30,,,12684545,,이상용,https://image.tmdb.org/t/p/w500/9XkAF2pl2uliiuAORaWTgPmr6zG.jpg,범죄도시2,4,6,53,100.0,1,N,,,Y,언급2회이상_작품내상위15,정승길_v4,
mv_5816_02,범죄도시2,The Roundup,movie,마동석;손석구;최귀화;박지환;허동원,인천항 연안부두,항구,인천 제물포구 연안부두로 70,37.4542629372138,126.598542219379,,https://map.naver.com/p/entry/place/13508319,강해상(손석구)이 배를 타지 못해 인천항 연안부두에 숨어 있다가 나와 버스에 오르는 장면,https://gall.dcinside.com/mini/board/view/?id=sonsukku&no=55,2026-07-30,,,12684545,,이상용,https://image.tmdb.org/t/p/w500/9XkAF2pl2uliiuAORaWTgPmr6zG.jpg,범죄도시2,2,1,53,50.0,2,N,,,Y,언급2회이상_작품내상위15,정승길_v4,
mv_5816_05,범죄도시2,The Roundup,movie,마동석;손석구;최귀화;박지환;허동원,NC백화점 광주점,백화점,전남광주통합특별시 북구 경열로 249,35.1614852537941,126.90709865253,https://lh3.googleusercontent.com/place-photos/AG9NLjCb7ABwZqEC-29x3ZpW9uADFqMtcpPuOdjw121BmtP6pwX9ZUG36mFb_WQLTDC2vmFRZKXcsjYo9XoHcHb1Eh93lXudt6osVewMp5VAuK3OCz8y5lGsL87fzMc8ZjrHgrOaFTFKkm5sOCWUdg=s4800-w800,https://map.naver.com/p/entry/place/1671536489,"쌍둥이 청부업자와 형사들의 추격전, 최 회장 아내가 매장으로 도망치는 장면이 촬영된 곳",https://news.ikbc.co.kr/article/view/kbc202206100015,2026-07-30,,,12684545,,이상용,https://image.tmdb.org/t/p/w500/9XkAF2pl2uliiuAORaWTgPmr6zG.jpg,범죄도시2,1,1,53,25.0,3,N,,,Y,언급부족_데이터품질기준보존,정승길_v4,
mv_6177_03,범죄도시3,THE ROUNDUP : NO WAY OUT,movie,마동석;이준혁;아오키 무네타카;김병탁;이범수,송도센트럴파크호텔,호텔,인천광역시 연수구 테크노파크로 193,37.3906387,126.6375923,https://lh3.googleusercontent.com/place-photos/AG9NLjDF6S3C305zulRFqbH661Hfzk4wrcPwuC0HRN4j7EymTsLd4Bopou8Tw4GA1Ay1bdsP32t3jsdVb7DQq0GOxl8dVUSkFOZG-Cnp8OU73Y-r19floUcYWT0t_vz4Ck8JVESTlj5QvDRf-j-7Y9cG6Vgo_A=s4800-w800,https://map.naver.com/p/entry/place/19398065,일본 야쿠자 이치조구미의 건물 외관으로 설정되어 등장하는 장면,https://murton-09.hatenablog.com/entry/2025/01/07/134427,2026-07-30,,,10673784,,이상용,https://image.tmdb.org/t/p/w500/kPtNokhBtgwSp3MHaR3X4O0SPbF.jpg,범죄도시3,7,9,57,100.0,1,N,,,Y,언급2회이상_작품내상위15,정승길_v4,
mv_6177_05,범죄도시3,THE ROUNDUP : NO WAY OUT,movie,마동석;이준혁;아오키 무네타카;김병탁;이범수,팬시 앤 게임,오락실,경기도 안산시 단원구 고잔1길 52,37.3179881,126.8390615,https://lh3.googleusercontent.com/place-photos/AG9NLjAgIkULWswEeBs2K9EMxEaZHGnxHkmv1LlV5ZsxnJow9HgO3AlaoFCrF3hcq5ZNx-8rT0n32i6WuXtMoOzzvhq1KSCs8DiV0WFQDTU4rQcCQbt_EUZU3DgRjw5jf9sygrBcZmj1klm-KQDQkU0=s4800-w800,https://map.naver.com/p/entry/place/1912588531,장이수가 오락실 사장으로 다시 등장해 다음 편을 예고하는 마지막 특별 장면,https://murton-09.hatenablog.com/entry/2025/01/07/134427,2026-07-30,,,10673784,,이상용,https://image.tmdb.org/t/p/w500/kPtNokhBtgwSp3MHaR3X4O0SPbF.jpg,범죄도시3,4,5,57,57.1,2,N,,,Y,언급2회이상_작품내상위15,정승길_v4,
mv_6177_02,범죄도시3,THE ROUNDUP : NO WAY OUT,movie,마동석;이준혁;아오키 무네타카;김병탁;이범수,춘천경찰서,경찰서 외관,강원특별자치도 춘천시 춘천로 61,37.8703558,127.7235447,https://lh3.googleusercontent.com/place-photos/AG9NLjB84PThdPfzPRqCcV9gJ2yzSoLGTcyC4etO2UXFexKRuhywMksreM15qN8mXR79Po5WJrIbrLloxvuZdxAms7RpsK099Rokq1hWIDlLntI8FzEZpuTvbSmVoUKZu3ny0QHW70Jn0y0eIiPBjA=s4800-w800,https://map.naver.com/p/entry/place/11642384,극 중 일본 구룡경찰서의 건물 외관으로 등장하는 장면,https://murton-09.hatenablog.com/entry/2025/01/07/134427,2026-07-30,,,10673784,,이상용,https://image.tmdb.org/t/p/w500/kPtNokhBtgwSp3MHaR3X4O0SPbF.jpg,범죄도시3,2,3,57,28.6,3,N,,,Y,언급2회이상_작품내상위15,정승길_v4,
mv_6177_04,범죄도시3,THE ROUNDUP : NO WAY OUT,movie,마동석;이준혁;아오키 무네타카;김병탁;이범수,김포 아라마리나,마리나·요트 선착장,경기도 김포시 고촌읍 아라육로270번길 73,37.5994204,126.7892757,https://lh3.googleusercontent.com/place-photos/AG9NLjDydAvxsz9pftNFOTR5oqlWEWX5-DTI_xIAv5feV4wFLZ75QArBTykVrPSXKUtUWRK0_EJhdNkB4hKETBCOQdok1zHVjWy_zfrdONBNlJRJaIuJavPe7O9BG4Hij4TG4cKIUhi5AEAn6av6vTc=s4800-w800,https://map.naver.com/p/entry/place/518033977,마석도가 정박한 배 위에서 야쿠자 조직원들과 격투를 벌이는 주요 액션 장면,https://gnews.gg.go.kr/news/news_detail.do?number=202407301449479017C094&s_code=C094,2026-07-30,,,10673784,,이상용,https://image.tmdb.org/t/p/w500/kPtNokhBtgwSp3MHaR3X4O0SPbF.jpg,범죄도시3,2,2,57,28.6,4,N,,,Y,언급2회이상_작품내상위15,정승길_v4,
mv_6498_03,범죄도시4,THE ROUNDUP : PUNISHMENT,movie,김무열;박지환;이동휘;마동석;곽자형,팬시 앤 게임,오락실,경기도 안산시 단원구 고잔1길 52,37.3179881,126.8390615,https://lh3.googleusercontent.com/place-photos/AG9NLjAgIkULWswEeBs2K9EMxEaZHGnxHkmv1LlV5ZsxnJow9HgO3AlaoFCrF3hcq5ZNx-8rT0n32i6WuXtMoOzzvhq1KSCs8DiV0WFQDTU4rQcCQbt_EUZU3DgRjw5jf9sygrBcZmj1klm-KQDQkU0=s4800-w800,https://map.naver.com/p/entry/place/1912588531,장이수가 운영하는 오락실에서 범죄도시3의 마지막 장면을 이어가는 장면,https://murton-09.hatenablog.com/entry/2025/01/08/164327,2026-07-30,,,11492094,,허명행,https://image.tmdb.org/t/p/w500/jucHQwnRSma1O9V2bM007e4eSd7.jpg,범죄도시4,10,29,40,100.0,1,N,,,Y,언급2회이상_작품내상위15,정승길_v4,
mv_6498_01,범죄도시4,THE ROUNDUP : PUNISHMENT,movie,김무열;박지환;이동휘;마동석;곽자형,한향림도자미술관,미술관,경기도 파주시 탄현면 헤이리마을길 82-37,37.7889114,126.7011765,https://lh3.googleusercontent.com/place-photos/AG9NLjBMYVWc5h42V_XoYCA2EPlejfoT3fC108xBE0riU1EWr4hjwQM3rr_l6Kb09ZFgVP8nds8SkaFXpyY0IXMMLnhrVJ8wm-EFw3MGQw_yBcLm5Yshy4SHfb001O3u7EcbCDFSy0n77Yt8112orA=s4800-w800,https://map.naver.com/p/entry/place/1819147398,IT 천재 장동철이 운영하는 QM홀딩스 본사 외관으로 등장하는 장면,https://murton-09.hatenablog.com/entry/2025/01/08/164327,2026-07-30,,,11492094,,허명행,https://image.tmdb.org/t/p/w500/jucHQwnRSma1O9V2bM007e4eSd7.jpg,범죄도시4,5,7,40,50.0,2,N,,,Y,언급2회이상_작품내상위15,정승길_v4,
mv_6498_04,범죄도시4,THE ROUNDUP : PUNISHMENT,movie,김무열;박지환;이동휘;마동석;곽자형,애스턴마틴 서울,자동차 전시장,서울특별시 강남구 영동대로 326,37.5037865,127.0664302,https://lh3.googleusercontent.com/place-photos/AG9NLjC3QjrcEiLL4eE6FStcHwODZZgOTHJYTe7lYwWhHPi_ZrP3GYNXnChMFYwLWuoM1bm4PDAYep_9WhoB-OuFp40tBfwUVbiSbPo2HavGVBg5JeNwChcY3TlmI2KOVx39JAM1ipPavtQmKddtQ04=s4800-w800,https://map.naver.com/p/entry/place/1275517923,장동철이 고급 자동차 전시장 안에서 차량을 살펴보며 머무는 장면,https://murton-09.hatenablog.com/entry/2025/01/08/164327,2026-07-30,,,11492094,,허명행,https://image.tmdb.org/t/p/w500/jucHQwnRSma1O9V2bM007e4eSd7.jpg,범죄도시4,2,11,40,20.0,3,N,,,Y,언급2회이상_작품내상위15,정승길_v4,
mv_1571_01,베를린,The Berlin File,movie,하정우;한석규;류승범;전지현;이경영,인천서구보건소,보건소,인천 서해구 탁옥로 39,37.5444725790857,126.673891709598,,,,https://www.cinematheque.co.kr/travel/14313,2026-07-31,,,7146760,,류승완,https://image.tmdb.org/t/p/w500/rz64x2PLYbcvv4rt41HLfjHSyGC.jpg,베를린,0,0,64,0.0,1,N,,,Y,언급부족_데이터품질기준보존,,
mv_2008,베테랑,Veteran,movie,황정민;유아인;유해진;오달수;장윤주,아난티 클럽 서울,명소,경기도 가평군 설악면 유명로 961-34,37.619609,127.48216,,,영화 초반 유아인과 황정민이 처음 본 곳,assets/한국문화정보원_미디어콘텐츠 영상 촬영지 데이터_20221125.csv,2026-07-28,,,13397762,,류승완,https://image.tmdb.org/t/p/w500/8OJ4VtaddbDDwP1ydCitsYxgzCT.jpg,베테랑,3,8,81,100.0,1,N,,,Y,언급2회이상_작품내상위15,정승길_v4,
mv_2010,베테랑,Veteran,movie,황정민;유아인;유해진;오달수;장윤주,스테이트 타워 남산,명소,서울특별시 중구 퇴계로 100,37.560342,126.98297,https://lh3.googleusercontent.com/place-photos/AG9NLjB6CZ1WrZ0JVALf951VfLTnOva5YCnFKYYc8p5BSoSLAvEihjhPlZ_DQunmGdPkQI4F7pGQH08UjW_fBBuvf_v3PF9GXtMgpATBLGcOWHGc4EK8Xp0xKlFwEmGvXX0q7P1WTC_8Lg6CR0mZlrc=s4800-w800,,영화 후반 유아인이 마지막 파티를 한 곳,assets/한국문화정보원_미디어콘텐츠 영상 촬영지 데이터_20221125.csv,2026-07-28,,,13397762,,류승완,https://image.tmdb.org/t/p/w500/8OJ4VtaddbDDwP1ydCitsYxgzCT.jpg,베테랑,1,9,81,33.3,2,N,,,Y,언급부족_데이터품질기준보존,정승길_v4,
mv_2009,베테랑,Veteran,movie,황정민;유아인;유해진;오달수;장윤주,부산 신선대,명소,부산광역시 남구 용당동,35.109591,129.097843,,,베테랑 초반 나온 항만의 부두,assets/한국문화정보원_미디어콘텐츠 영상 촬영지 데이터_20221125.csv,2026-07-28,,,13397762,,류승완,https://image.tmdb.org/t/p/w500/8OJ4VtaddbDDwP1ydCitsYxgzCT.jpg,베테랑,0,0,81,0.0,3,N,,,Y,언급부족_데이터품질기준보존,정승길_v4,
mv_6302_01,베테랑2,"I, THE EXECUTIONER",movie,황정민;정해인;장윤주;정만식;신승환,춘천대교,관광명소,강원특별자치도 춘천시 근화동 609,37.888482339641904,127.7089443754587,https://lh3.googleusercontent.com/place-photos/AG9NLjBH-v7xuknQfBNOAhVruoaPzXOYe5aWzJglGR1LrucoO32gXzlyNnM3m4wodAcdiyoCBhPw-pjcIP5abp5bcCkpTgNEboiGmovJ4a7VXifvNM3ctpxI4FhSS_mY0m7nJ9If0xTcqptdkf-CnuI=s4800-w800,https://map.naver.com/p/entry/place/1315884072,서도철과 박선우가 연쇄살인범을 쫓는 주요 장면이 촬영된 다리,http://www.kado.net/news/articleView.html?idxno=1266007;https://www.mstoday.co.kr/news/articleView.html?idxno=93843,2026-07-31,,,7519841,,류승완,https://image.tmdb.org/t/p/w500/akqfhtM1Wa1klFi7ijmyNm7Sm1j.jpg,베테랑2,1,4,76,100.0,1,N,,,Y,언급부족_데이터품질기준보존,정승길_v4,
mv_6302_03,베테랑2,"I, THE EXECUTIONER",movie,황정민;정해인;장윤주;정만식;신승환,N서울타워,관광명소,서울 용산구 남산공원길 105,37.5513049702718,126.988230622132,https://lh3.googleusercontent.com/place-photos/AG9NLjAvZa8uoMlst6pzOosl9aHJv9yKQmGRpDLuf7vxrNcRgFqEUWiVnY-UdOhvZbiFKXpDqGqxDfpCN7IW94vZ3frwbo7VJ_v_R4J5_hAuSBRm-oJMlyBvufThvfFiaC8iPfr6Pefsw0aUV30bSA=s4800-w401,https://map.naver.com/p/entry/place/11662870,서도철과 박선우의 추격전이 벌어지는 장면,https://blog.naver.com/parkcckr/223588965457,2026-07-31,,,7519841,,류승완,https://image.tmdb.org/t/p/w500/akqfhtM1Wa1klFi7ijmyNm7Sm1j.jpg,베테랑2,1,1,76,100.0,2,N,,,Y,언급부족_데이터품질기준보존,정승길_v4,
mv_6302_02,베테랑2,"I, THE EXECUTIONER",movie,황정민;정해인;장윤주;정만식;신승환,덕만이터널,기타,강원특별자치도 춘천시 신동면 혈동리 산 142,37.766200819989,127.71309362154,,,서도철이 정체가 드러난 박선우와 빗속 터널에서 추격 끝에 격투를 벌이는 장면,http://www.kado.net/news/articleView.html?idxno=1266007;https://www.mstoday.co.kr/news/articleView.html?idxno=93843,2026-07-31,,,7519841,,류승완,https://image.tmdb.org/t/p/w500/akqfhtM1Wa1klFi7ijmyNm7Sm1j.jpg,베테랑2,0,0,76,0.0,3,N,,,Y,언급부족_데이터품질기준보존,정승길_v4,
mv_1535,변호인,The Attorney,movie,송강호;김영애;오달수;곽도원;임시완,흰여울문화마을,명소,부산광역시 영도구 영선동4가 605-3,35.078284,129.045318,https://lh3.googleusercontent.com/place-photos/AG9NLjBUopwmSDT5PWE-LoluYWydmcAWwUP8YW-ocqU3pLUldO3zx2YtK4vUWuudUnvFkmxx3iu3O2s-gwV0EDsp8sqoxgpzPKtjdyMoM1f0NanwJXBwICRlJysznlNv9ZfjM_acON3NmFjH58sj=s4800-w800,,영화 변호인의 80년대 촬영 배경이 된 곳,assets/한국문화정보원_미디어콘텐츠 영상 촬영지 데이터_20221125.csv,2026-07-28,,,11311449,청룡영화상 최우수작품상(2014),양우석,https://image.tmdb.org/t/p/w500/5tm4Rv24NYdGpuWzA6aF5h1qm0E.jpg,변호인,32,250,38,100.0,1,N,,,Y,언급2회이상_작품내상위15,정승길_v4,
mv_1533,변호인,The Attorney,movie,송강호;김영애;오달수;곽도원;임시완,대전 근현대사 전시관,명소,대전광역시 중구 중앙로 101,36.3266855,127.420912,https://lh3.googleusercontent.com/place-photos/AG9NLjDwDX-ZrIoecexP-ktfK4daR5nurVeOXpL1UoksfY0VThMR8W6t4AVmHXELN43rihKt6W3Bn4P0DEevseczWcozSceKr5cIWl-LOyZHb8hccomrVLlOBKo1d2vdGgGSdvgSGboWPaahFXfrtyM=s4800-w800,,변호인 속 부산법원으로 나온 장소,assets/한국문화정보원_미디어콘텐츠 영상 촬영지 데이터_20221125.csv,2026-07-28,,,11311449,청룡영화상 최우수작품상(2014),양우석,https://image.tmdb.org/t/p/w500/5tm4Rv24NYdGpuWzA6aF5h1qm0E.jpg,변호인,1,3,38,3.1,2,N,,,Y,언급부족_데이터품질기준보존,정승길_v4,
mv_1537,변호인,The Attorney,movie,송강호;김영애;오달수;곽도원;임시완,군산 둔율동 성당,명소,전라북도 군산시 둔배미길 24,35.981753,126.715621,https://lh3.googleusercontent.com/place-photos/AG9NLjBojd5Y7iiZ5_mBwgHZeQSZqLPqw25qCwkPA2HKi7a57XZXAio0S36Rflx2ZMleO4SE1dGhP8LuOKMADuVglVBy6_lyx_oP9vuPc08NMv-k5ErojoWtEzxfLxij4WTrt_XRCOleCG7VLGHo=s4800-w800,,영화 변호인의 촬영지이자 군산 최초의 성당,assets/한국문화정보원_미디어콘텐츠 영상 촬영지 데이터_20221125.csv,2026-07-28,,,11311449,청룡영화상 최우수작품상(2014),양우석,https://image.tmdb.org/t/p/w500/5tm4Rv24NYdGpuWzA6aF5h1qm0E.jpg,변호인,0,0,38,0.0,4,N,,,Y,언급부족_데이터품질기준보존,정승길_v4,
st_20517,별에서 온 그대,My Love from the Star,drama,전지현;김수현;박해진,장사도해상공원,해상공원,경남 통영시 한산면 장사도길 55,34.7123068489,128.5599558772,https://lh3.googleusercontent.com/place-photos/AG9NLjDlGNxqqbsoYiRi-em6NQ2KhbdXgbJ2wVRLPBp41E13TmJ_8aA245Y9GSr1MAlu4g4z1GIRoUC-zqOM7KD1zwqsGWtqUXSsvtd97E1qYeEOhTQr0Ue4ZdtiJDXTnS-DLAXFf8CQgR3lXIs02w=s4800-w800,,도민준과 천송이가 사람들을 피해 섬에서 데이트하는 장면,https://www.korea.net/NewsFocus/FoodTravel/view?articleId=118210;https://english.visitkorea.or.kr/svc/contents/contentsView.do?menuSn=219&page=1&sContsTtl=winter&sort=regDt&vcontsId=251524,2026-07-30,59,,,,오충환;장태유,https://image.tmdb.org/t/p/w500/x2PJLhpjlJpAflUpzcBnzDaNOmE.jpg,별에서온그대,26,91,79,100.0,1,N,,,Y,언급2회이상_작품내상위15,정승길_v4,
st_20518,별에서 온 그대,My Love from the Star,drama,전지현;김수현;박해진,쁘띠프랑스,테마파크,경기 가평군 청평면 호반로 1063,37.715629,127.49058,https://lh3.googleusercontent.com/place-photos/AG9NLjDmMyOsXNUq-1wZKSiVyxdAS-5ncOxmsghwy9vn2Z_QbWiGL_XUNs0CTzoqJQDs6dOY6zJclGzyTlm3Zl379UAGoqRZATmZgXeRcrpRmlDTNZ48W9lWV9CxVkcnnUxEcTuFvfm0ALgR80Z16g=s4800-w800,https://map.naver.com/p/entry/place/12913212,도민준과 천송이의 로맨틱한 장면들이 프랑스풍 마을을 배경으로 펼쳐진다,https://www.korea.net/NewsFocus/FoodTravel/view?articleId=118210;https://english.visitkorea.or.kr/svc/contents/contentsView.do?vcontsId=93730,2026-07-30,59,,,,오충환;장태유,https://image.tmdb.org/t/p/w500/x2PJLhpjlJpAflUpzcBnzDaNOmE.jpg,별에서온그대,21,116,79,80.8,2,N,,,Y,언급2회이상_작품내상위15,정승길_v4,
st_08082,별에서온그대,My Love from the Star,drama,김수현;전지현,학림다방,카페,서울 종로구 대학로 119 2층,37.581930,127.001677,https://lh3.googleusercontent.com/place-photos/AG9NLjDPLR5rav6kh32_reQjPLBEeimOtQdi1tC-7JVe2zEFx3VFSlHPCwdfzBW5uGohVt5rnpkz1aEbCLSDMfiQPOkwcygPUZHx1oz1uWPGLW7D2QfHlM7DK2n9pdPSmlP-N6USOXwnEHiAS871c8y44IkqvQ=s4800-w800,https://map.naver.com/p/entry/place/11716359,1회와 10회에서 도민준(김수현)과 변호사 친구 장영목(김창완)이 이곳에서 만난다.,https://kdramamap.com/location/%eb%b3%84%ec%97%90%ec%84%9c%ec%98%a8%ea%b7%b8%eb%8c%80-%ed%95%99%eb%a6%bc%eb%8b%a4%eb%b0%a9-1039/;https://korean.visitkorea.or.kr/detail/rem_detail.do?cotid=d7fe12a5-daf7-4e51-bc5c-d20d96a8d46d;https://mediahub.seoul.go.kr/archives/1045237;https://www.yna.co.kr/view/AKR20140617040800805;https://kdramalocations.com/curated-tours/a-star-crossed-romance-7-locations-from-my-love-from-the-star,2026-07-28,59,,,,Joyce E. Bernal,https://image.tmdb.org/t/p/w500/q0zmSFniW3ME3nOTuMxzw44fN1R.jpg,별에서온그대,6,24,79,23.1,3,N,,,Y,언급2회이상_작품내상위15,정승길_v4,
st_20516,별에서 온 그대,My Love from the Star,drama,전지현;김수현;박해진,N서울타워,전망대,서울 용산구 남산공원길 105,37.5512168,126.9882475,https://lh3.googleusercontent.com/place-photos/AG9NLjAvZa8uoMlst6pzOosl9aHJv9yKQmGRpDLuf7vxrNcRgFqEUWiVnY-UdOhvZbiFKXpDqGqxDfpCN7IW94vZ3frwbo7VJ_v_R4J5_hAuSBRm-oJMlyBvufThvfFiaC8iPfr6Pefsw0aUV30bSA=s4800-w401,https://map.naver.com/p/entry/place/11662870,도민준과 천송이가 테라스에서 영원한 사랑을 약속하고 자물쇠를 거는 장면,https://www.korea.net/NewsFocus/FoodTravel/view?articleId=118210;https://english.visitkorea.or.kr/svc/contents/contentsView.do?vcontsId=226431;https://kdramalocations.com/location/n-seoul-tower,2026-07-30,59,,,,오충환;장태유,https://image.tmdb.org/t/p/w500/x2PJLhpjlJpAflUpzcBnzDaNOmE.jpg,별에서온그대,5,4,79,19.2,4,N,,,Y,언급2회이상_작품내상위15,정승길_v4,
st_08069,별에서온그대,My Love from the Star,drama,김수현;전지현,루카511,,서울 강남구 압구정로73길 22,37.527370,127.046826,https://lh3.googleusercontent.com/place-photos/AG9NLjA4Flh9pnq3j6PlpD-ahCMtBGjH1qj28LVmeQC-WqCxNxHlHR9v-8j9CWGOorwW5TrMEc3XKdeRhuVTOKnF3xi-TlhzyVPZLApTfIk46v1HTTOCzD8GEdp515BmXMWnRslRPj_Rnm9M9GJJ_g=s4800-w800,,드라마 속 고급 레스토랑 장면 배경으로 촬영된 압구정 레스토랑이다.,https://kdramamap.com/location/%eb%b3%84%ec%97%90%ec%84%9c%ec%98%a8%ea%b7%b8%eb%8c%80-%eb%a3%a8%ec%b9%b4511-1026/,2026-07-28,59,,,,Joyce E. Bernal,https://image.tmdb.org/t/p/w500/q0zmSFniW3ME3nOTuMxzw44fN1R.jpg,별에서온그대,3,4,79,11.5,5,N,,,Y,언급2회이상_작품내상위15,정승길_v4,
st_08078,별에서온그대,My Love from the Star,drama,김수현;전지현,목동트라팰리스이스턴에비뉴,,서울 양천구 오목로 299,37.526084,126.870355,https://lh3.googleusercontent.com/place-photos/AG9NLjD99a3S2-Y7nVTyN114uGpbjPdOSINpbNmoyWMkLC7U6d46rkNOVueM-C7Q3rh1RzQvVKGgfmBoDZ9p6lTsXM6Cm2sKwk5kq_4XaLbNGqP6hHXMTLfXoONzpU6kMzC_r3BFlcg-sRcIYdyrLA=s4800-w800,https://map.naver.com/p/entry/place/18827755,"천송이와 도민준이 사는 아파트로 등장, 기자들에 둘러싸여 나가는 장면을 촬영.",https://kdramamap.com/location/%eb%b3%84%ec%97%90%ec%84%9c%ec%98%a8%ea%b7%b8%eb%8c%80-%eb%aa%a9%eb%8f%99%ed%8a%b8%eb%9d%bc%ed%8c%b0%eb%a6%ac%ec%8a%a4%ec%9d%b4%ec%8a%a4%ed%84%b4%ec%97%90%eb%b9%84%eb%89%b4-1035/,2026-07-28,59,,,,Joyce E. Bernal,https://image.tmdb.org/t/p/w500/q0zmSFniW3ME3nOTuMxzw44fN1R.jpg,별에서온그대,3,4,79,11.5,6,N,,,Y,언급2회이상_작품내상위15,정승길_v4,
st_08076,별에서온그대,My Love from the Star,drama,김수현;전지현,부띠끄모나코,호텔/숙박,서울 서초구 서초동 1316-5,37.497540,127.024480,,https://map.naver.com/p/entry/place/37609936,14회에서 도민준(김수현)은 이 건물 옥상에서 이재경(신성록)을 위협한다. 그리고 재경이 잠시 공중에 매달려 있는 곳이다.,https://kdramamap.com/location/%eb%b3%84%ec%97%90%ec%84%9c%ec%98%a8%ea%b7%b8%eb%8c%80-%eb%b6%80%eb%9d%a0%eb%81%84%eb%aa%a8%eb%82%98%ec%bd%94-1033/,2026-07-28,59,,,,Joyce E. Bernal,https://image.tmdb.org/t/p/w500/q0zmSFniW3ME3nOTuMxzw44fN1R.jpg,별에서온그대,3,4,79,11.5,7,N,,,Y,언급2회이상_작품내상위15,정승길_v4,
st_08070,별에서온그대,My Love from the Star,drama,김수현;전지현,비손빌딩,상점,서울 강남구 언주로 733,37.520525,127.033871,,https://map.naver.com/p/entry/place/1158190333,7화 천송이(전지현)가 이 부티크에 초대되어 도민준(김수현)이 천송이를 데려간다. 부티크 안에서 우연히 유세미(유인나)와 마주치며 둘 사이에 불편한 이야기가 이어진다. 건물을 나서던 중 암살자가 옥상에서 송이에게 무거운 유리잔을 떨어뜨리고 민준는 송이를 겨우 구한다.,https://kdramamap.com/location/%eb%b3%84%ec%97%90%ec%84%9c%ec%98%a8%ea%b7%b8%eb%8c%80-%eb%b9%84%ec%86%90%eb%b9%8c%eb%94%a9-1027/,2026-07-28,59,,,,Joyce E. Bernal,https://image.tmdb.org/t/p/w500/q0zmSFniW3ME3nOTuMxzw44fN1R.jpg,별에서온그대,3,4,79,11.5,8,N,,,Y,언급2회이상_작품내상위15,정승길_v4,
st_08077,별에서온그대,My Love from the Star,drama,김수현;전지현,오목집,,서울 양천구 목동서로 155,37.529996,126.875072,https://lh3.googleusercontent.com/place-photos/AG9NLjDZh3fnq8sqTB28dMlc8MxORaZUDITfhqOeWZrXe03ChA7Z0DjrI69cikKuO5bCYRawfLxslBENQHUeeO8jyCGZUWLPlqyHZt7_W2UJVrhieExFxR2YbfIxyqt1Z5A7SjS7tskbZMNOHXgbJQ=s4800-w800,,천송이가 늙지 않는 도민준을 의식해 피부 관리차 찾아간 족발집으로 등장.,https://kdramamap.com/location/%eb%b3%84%ec%97%90%ec%84%9c%ec%98%a8%ea%b7%b8%eb%8c%80-%ec%98%a4%eb%aa%a9%ec%a7%91-1034/,2026-07-28,59,,,,Joyce E. Bernal,https://image.tmdb.org/t/p/w500/q0zmSFniW3ME3nOTuMxzw44fN1R.jpg,별에서온그대,3,4,79,11.5,9,N,,,Y,언급2회이상_작품내상위15,정승길_v4,
st_08071,별에서온그대,My Love from the Star,drama,김수현;전지현,이즈타워,,서울 강남구 테헤란로 101,37.498623,127.028066,https://lh3.googleusercontent.com/place-photos/AG9NLjD0lPfpWqoWhuhzQEhhuv4Fg2ya9hPGhf6EBb8FLrrwfZMbjHMuTZjoGF2vz4gWFxjGPmaWbWuoXrERyE9V9_hjfUC4tFwt-rDFde6eDjD_W05DFolrEmDyzO7RJeqdEJE8kAnyTMf0CFXu=s4800-w800,https://map.naver.com/p/entry/place/18782830,,https://kdramamap.com/location/%eb%b3%84%ec%97%90%ec%84%9c%ec%98%a8%ea%b7%b8%eb%8c%80-%ec%9d%b4%ec%a6%88%ed%83%80%ec%9b%8c-1028/,2026-07-28,59,,,,Joyce E. Bernal,https://image.tmdb.org/t/p/w500/q0zmSFniW3ME3nOTuMxzw44fN1R.jpg,별에서온그대,3,4,79,11.5,10,N,,,Y,언급2회이상_작품내상위15,,
st_08075,별에서온그대,My Love from the Star,drama,김수현;전지현,만화카페,카페,서울 서대문구 창천동 50-6,37.558589,126.937741,https://lh3.googleusercontent.com/place-photos/AG9NLjAAtmI_Mh97StZIm2SKtqNrIesbzaQaH5V_PNNUEJuoY1G7UpMpWOj83dKTcuve8MHeJjCsbI9bdkUd57ht491nA2RZrh1CrM_fQVzaNkiWMOnZQIj-R6gqFexqVVyWu0OHicQqWPRZaWSFKReUduonNA=s4800-w800,,"천송이의 친구 홍사장이 운영하는 만화카페로 등장, 힘들 때 찾는 아지트로 나온다.",https://kdramamap.com/location/%eb%b3%84%ec%97%90%ec%84%9c%ec%98%a8%ea%b7%b8%eb%8c%80-%eb%a7%8c%ed%99%94%ec%b9%b4%ed%8e%98-1032/,2026-07-28,59,,,,Joyce E. Bernal,https://image.tmdb.org/t/p/w500/q0zmSFniW3ME3nOTuMxzw44fN1R.jpg,별에서온그대,3,3,79,11.5,11,N,,,Y,언급2회이상_작품내상위15,정승길_v4,
st_08072,별에서온그대,My Love from the Star,drama,김수현;전지현,SBS프리즘타워,,서울 마포구 상암산로 82,37.579716,126.892774,https://lh3.googleusercontent.com/place-photos/AG9NLjBqJC2GBH_yB9qqRt132n7rzfV6kCClpXao2KuS_UArw5-H-7BH9QcBQpBTqpjG1ksopVb1WSMiIW39uPvmT7SXIEWPIYJbBc7guuiQ9ObdSc8-2VZrQgtYpT1XSNlw5CFH4Zv6_iRhIxTlVw=s4800-w800,https://map.naver.com/p/entry/place/18809476,,https://kdramamap.com/location/%eb%b3%84%ec%97%90%ec%84%9c%ec%98%a8%ea%b7%b8%eb%8c%80-sbs%ed%94%84%eb%a6%ac%ec%a6%98%ed%83%80%ec%9b%8c-1029/,2026-07-28,59,,,,Joyce E. Bernal,https://image.tmdb.org/t/p/w500/q0zmSFniW3ME3nOTuMxzw44fN1R.jpg,별에서온그대,3,2,79,11.5,12,N,,,Y,언급2회이상_작품내상위15,,
st_08074,별에서온그대,My Love from the Star,drama,김수현;전지현,거화빌딩,,서울 서대문구 신촌로 73,37.556307,126.934520,,,,https://kdramamap.com/location/%eb%b3%84%ec%97%90%ec%84%9c%ec%98%a8%ea%b7%b8%eb%8c%80-%ea%b1%b0%ed%99%94%eb%b9%8c%eb%94%a9-1031/,2026-07-28,59,,,,Joyce E. Bernal,https://image.tmdb.org/t/p/w500/q0zmSFniW3ME3nOTuMxzw44fN1R.jpg,별에서온그대,3,2,79,11.5,13,N,,,Y,언급2회이상_작품내상위15,,
st_08073,별에서온그대,My Love from the Star,drama,김수현;전지현,복성각,,서울 서대문구 명물1길 24,37.558475,126.937400,https://lh3.googleusercontent.com/place-photos/AG9NLjBfyEa73aj5En-rE4VI_AzE62pesqzF0hukzOP02Xh-ytWwFddObH0jiAV97xTW_ORY19xjJ_2NY532OzB6F6N_85TUUXKBBPEyzZTj-mrNcTYj0OFAkhrsK0liZ9ovtmwiNaL6pNQtQeyqo28=s4800-w800,https://map.naver.com/p/entry/place/35624223,드라마 속 중식당 장면으로 등장해 촬영 후 유명해진 신촌 뒷골목 중국집.,https://kdramamap.com/location/%eb%b3%84%ec%97%90%ec%84%9c%ec%98%a8%ea%b7%b8%eb%8c%80-%eb%b3%b5%ec%84%b1%ea%b0%81-1030/,2026-07-28,59,,,,Joyce E. Bernal,https://image.tmdb.org/t/p/w500/q0zmSFniW3ME3nOTuMxzw44fN1R.jpg,별에서온그대,3,2,79,11.5,14,N,,,Y,언급2회이상_작품내상위15,정승길_v4,
st_08088,별에서온그대,My Love from the Star,drama,김수현;전지현,국립극장,명소,서울 중구 장충단로 59,37.551995,126.999267,https://lh3.googleusercontent.com/place-photos/AG9NLjAgDArwaQ5gM4kZNA7igLFJGtIf76nqrx0PD-wGd9Dv6d7m0S1aeubS5B93y1lvEcy10LeCWcuoO440s2exFbIKqNNiFaaMi7VPM2t-3Kpk4jF20CaeByjBNHOugNyN6Kl3zL_SXU13bMyyEg=s4800-w800,https://map.naver.com/p/entry/place/11621552,사라진 김수현이 돌아와서 전지현과 키스한 곳,https://kdramamap.com/location/%eb%b3%84%ec%97%90%ec%84%9c%ec%98%a8%ea%b7%b8%eb%8c%80-%ea%b5%ad%eb%a6%bd%ea%b7%b9%ec%9e%a5-1045/;https://kdramalocations.com/curated-tours/a-star-crossed-romance-7-locations-from-my-love-from-the-star,2026-07-28,59,,,,Joyce E. Bernal,https://image.tmdb.org/t/p/w500/q0zmSFniW3ME3nOTuMxzw44fN1R.jpg,별에서온그대,2,3,79,7.7,15,N,,,Y,언급2회이상_작품내상위15,정승길_v4,
mv_2316_02,부산행,TRAIN TO BUSAN,movie,공유;정유미;마동석;김수안;최우식,부전역,기차역,부산 부산진구 부전로 181,35.1646514052361,129.060119800439,https://lh3.googleusercontent.com/place-photos/AG9NLjCCd9hL2DnW6tfl12XGRA5caY87K63N3B8ChKcrR3WOEn7sKbfTzb7yV9WTGiCdCk8V2seJpU2IzY9rPhoXJbP4T9v_k9XEsmMKsvo2Yi8H_mlswQWKNCaNPVpYk8THo3BL1xq1OfOBUTcjTg=s4800-w800,https://map.naver.com/p/entry/place/232690542,승객들이 좀비와 대치하고 역사 유리창이 깨지는 아수라장 장면을 촬영했다,https://www.busan.go.kr/news/specnews/view?dataNo=58143,2026-07-30,,,11531866,,연상호,https://image.tmdb.org/t/p/w500/6XvEZVBFFjybvb1yQd1qfOC6F2S.jpg,부산행,4,24,61,100.0,1,N,,,Y,언급2회이상_작품내상위15,정승길_v4,
mv_2316_07,부산행,TRAIN TO BUSAN,movie,공유;정유미;마동석;김수안;최우식,동대구역,기차역,대구 동구 동대구로 550,35.8793239931795,128.628393775388,https://lh3.googleusercontent.com/place-photos/AG9NLjBwJRasaIF16u3c9XtRCOT2cHc4RoIhkD-jQbpGZmfQbJ7zHqF50_HBRhqF_Hi561pSi0YKCU3_yyizU4WlOXBDZKWfE_S2dt6-tz_2ATursUjC7bzHBfWmw4SObYDIxmIwspXmd05z85YERQ=s4800-w800,https://map.naver.com/p/entry/place/1057704416,영화 속 대전역 도착 장면 촬영에 활용된 곳 중 하나다,https://cine21.com/news/view/?mag_id=106276,2026-07-30,,,11531866,,연상호,https://image.tmdb.org/t/p/w500/6XvEZVBFFjybvb1yQd1qfOC6F2S.jpg,부산행,3,7,61,75.0,2,N,,,Y,언급2회이상_작품내상위15,정승길_v4,
mv_2316_04,부산행,TRAIN TO BUSAN,movie,공유;정유미;마동석;김수안;최우식,행신역,기차역,경기 고양시 덕양구 소원로 102,37.61192587335611,126.83413241404135,https://lh3.googleusercontent.com/place-photos/AG9NLjBdmxGBKijyLVjYTokRcBWwLkJIj0rnF9TKA1K13zMNKPXhq236mtkPMHFM9Sn_bPpIB5TFP7ky6Ma0LznEjJH6_qIOLpsQ8CJpaBvUZBVeQtAg4j-ikbEhViMwsrK89xuJT-nmWdIQDy2Adg=s4800-w800,https://map.naver.com/p/entry/place/13479773,영화 속 대전역 도착 장면 촬영에 활용된 곳 중 하나다,https://cine21.com/news/view/?mag_id=106276,2026-07-30,,,11531866,,연상호,https://image.tmdb.org/t/p/w500/6XvEZVBFFjybvb1yQd1qfOC6F2S.jpg,부산행,2,2,61,50.0,3,N,,,Y,언급2회이상_작품내상위15,정승길_v4,
st_08284,북극성,Tempest,drama,전지현;강동원,청와대,관광명소,서울 종로구 청와대로 1,37.586476,126.974937,https://lh3.googleusercontent.com/place-photos/AG9NLjDzG3AurJHCFcq1E1K9Se-bEC1Ghlto8wWYPJFQi6zrHglqobNMv1choswbF12bL5t57MSz-lqGJdTCwjha9DjBetKMRPaddkMj7UUTZnPKlTZtnHifoty1UbubuPYgCMvnN3mZg3bYxJ0DT2Q=s4800-w800,,"6~7화, 채경신 대통령이 전쟁 위기 속 기자회견을 여는 청와대 장면",https://kdramamap.com/location/%eb%b6%81%ea%b7%b9%ec%84%b1-%ec%b2%ad%ec%99%80%eb%8c%80-13220/;https://haechi-travel.tistory.com/403,2026-07-28,44,,,,김희원,https://image.tmdb.org/t/p/w500/A2wLUIQ1V8dTLlhz7TwwTM84Ak.jpg,북극성,9,20,48,100.0,1,N,,,Y,언급2회이상_작품내상위15,정승길_v4,
st_08272,북극성,Tempest,drama,전지현;강동원,홍제유연,,서울 서대문구 통일로 484 지하,37.591574,126.943076,https://lh3.googleusercontent.com/place-photos/AG9NLjAubtoNh3tVIDVdcTye2mp1_KRqnVXoc8N5ChfAMzEh2aLJ5keb2iGSQrGIlhVyXe88aHcGcPtlMd2B-FPDNlVxRZ6apBrxATszI0SWT8SExVem15elk3Zw--5NZYyxLJlI4DGdbgecm6RUyA=s4800-w800,,"5화, 총상 입은 문주가 산호의 도움으로 몸을 숨기는 안전가옥 장면",https://kdramamap.com/location/%eb%b6%81%ea%b7%b9%ec%84%b1-%ed%99%8d%ec%a0%9c%ec%9c%a0%ec%97%b0-13208/,2026-07-28,44,,,,김희원,https://image.tmdb.org/t/p/w500/A2wLUIQ1V8dTLlhz7TwwTM84Ak.jpg,북극성,7,25,48,77.8,2,N,,,Y,언급2회이상_작품내상위15,정승길_v4,
st_08277,북극성,Tempest,drama,전지현;강동원,소월로(어반클리프쪽),,서울 용산구 후암동 406-97,37.547688,126.984415,https://lh3.googleusercontent.com/place-photos/AG9NLjB3eA2nbSCgenQeYXQdYA7ASYrdJpAempniSzh94OkvyFRIOrDX7mF0FNtz0eYhHh5YsbFWTuC8X9HZmkhC8Dwth52M2SrgXvdQHE0hv3EuL25lAUTf4oWZBm3sHtRd5Ik0ffjmVB5HZJkZhQ=s4800-w800,,"1화, 산호가 고친 목걸이를 건네며 문주와 재회하는 버스정류장(세트) 장면",https://kdramamap.com/location/%eb%b6%81%ea%b7%b9%ec%84%b1-%ec%86%8c%ec%9b%94%eb%a1%9c-%ec%96%b4%eb%b0%98%ed%81%b4%eb%a6%ac%ed%94%84%ec%aa%bd-13213/,2026-07-28,44,,,,김희원,https://image.tmdb.org/t/p/w500/A2wLUIQ1V8dTLlhz7TwwTM84Ak.jpg,북극성,7,10,48,77.8,4,N,,,Y,언급2회이상_작품내상위15,정승길_v4,
st_08300,북극성,Tempest,drama,전지현;강동원,청남대,대통령별장,충북 청주시 상당구 문의면 청남대길 646,36.462249,127.490095,https://lh3.googleusercontent.com/place-photos/AG9NLjBSG2xfS5rgiJZZB0HRfHpUx-3-vQe7jyZL_5NY7Vf0BrltXD7CzjGkvWyEJFhyXhuWTi5LxEVNZKy7CKNxXpfzUZzK69L2s3ylezAX1GOndfJ7x5atYs1lTqRI9jQNqJt6L2tp6I6yg8Y7Ug=s4800-w800,https://map.naver.com/p/entry/place/13118260,,https://kdramamap.com/location/%eb%b6%81%ea%b7%b9%ec%84%b1-%ec%b2%ad%eb%82%a8%eb%8c%80-13236/;https://bkbrokr.com/599,2026-07-28,44,,,,김희원,https://image.tmdb.org/t/p/w500/A2wLUIQ1V8dTLlhz7TwwTM84Ak.jpg,북극성,7,10,48,77.8,5,N,,,Y,언급2회이상_작품내상위15,,
st_08303,북극성,Tempest,drama,전지현;강동원,온빛자연휴양림,,충남 논산시 벌곡면 황룡재로 480-113,36.202817,127.252532,https://lh3.googleusercontent.com/place-photos/AG9NLjDlpkqHWBAKpjhCU-YO8XWgY3YkUaPWgNmhpKRr6mmtnZIuJkngR1srUgPMLB7VE9XvSkz8kwi-Q-MnpyffpvUpQY-YOxYbtc1roPhJBV0Mh60thbFt1sXjCHyWxxvh3TcCwGF-LPYmPvyOtLQ=s4800-w800,https://map.naver.com/p/entry/place/1540136642,6화에서 전지현과 강동원이 은신처로 사용하는 산장 배경으로 나온 휴양림,https://kdramamap.com/location/%eb%b6%81%ea%b7%b9%ec%84%b1-%ec%98%a8%eb%b9%9b%ec%9e%90%ec%97%b0%ed%9c%b4%ec%96%91%eb%a6%bc-13239/,2026-07-28,44,,,,김희원,https://image.tmdb.org/t/p/w500/A2wLUIQ1V8dTLlhz7TwwTM84Ak.jpg,북극성,6,20,48,66.7,6,N,,,Y,언급2회이상_작품내상위15,정승길_v4,
st_20527,북극성,Tempest,drama,전지현;강동원,경희대학교 평화의전당,대학교,서울특별시 동대문구 경희대로 26,37.593949,127.054891,https://lh3.googleusercontent.com/place-photos/AG9NLjBmgHPWangG6l2W8f2ilJNs5JcIH0VMBSc4S9u1InmtH8KwReAWrVfbk4YQK2gOS_NulbHf-nOXmjKeNZo7wAG7U55ZO0oij7D4Og9IpnF1Mz-0Lt3XickVy4JKlValX0EXtN6PfvGTZpo5fQ=s4800-w800,https://map.naver.com/p/entry/place/13281132,1화에서 장준익이 피격되고 서문주와 백산호가 처음 마주치는 성당 장면,https://bkbrokr.com/599;https://haechi-travel.tistory.com/403,2026-07-30,44,,,,김희원,https://image.tmdb.org/t/p/w500/A2wLUIQ1V8dTLlhz7TwwTM84Ak.jpg,북극성,6,7,48,66.7,7,N,,,Y,언급2회이상_작품내상위15,정승길_v4,
st_08282,북극성,Tempest,drama,전지현;강동원,광화문광장,광장,서울 종로구 세종로 1-68,37.572432,126.976902,https://lh3.googleusercontent.com/place-photos/AG9NLjDKwWR9bI4G3cEhnzajiMar3qLXYkqM5aiJCObQeeQBAsIH_zI0kZV4h3xdgODIGmsN2GOZZhtiPFIslP2CVCNTijuZqZuQ01c5t1Ym7JjOcCv1nlEhKGJyiXniD9VuUk_q-0R2uZp3ISMfvMA=s4800-w800,https://map.naver.com/p/entry/place/18664678,문주가 대선 유세를 하는 광화문광장 유세장 장면,https://kdramamap.com/location/%eb%b6%81%ea%b7%b9%ec%84%b1-%ea%b4%91%ed%99%94%eb%ac%b8%ea%b4%91%ec%9e%a5-13218/;https://bkbrokr.com/599;https://haechi-travel.tistory.com/403,2026-07-28,44,,,,김희원,https://image.tmdb.org/t/p/w500/A2wLUIQ1V8dTLlhz7TwwTM84Ak.jpg,북극성,6,7,48,66.7,8,N,,,Y,언급2회이상_작품내상위15,정승길_v4,
st_08298,북극성,Tempest,drama,전지현;강동원,효원공원 월화원,도심공원,경기 수원시 팔달구 동수원로 399,37.264906,127.039457,https://lh3.googleusercontent.com/place-photos/AG9NLjD_BevPfCrNPaQA_1Xf2TjtYy6iZp5U-R5Go4n78J8kyUj8n0DQCZf0D43Kp8QpSWj5DSisYNnwn3rLv-PbZCJ7d12Ydvak-l0d-4fKr37sgus2EGO6iTbiu0Zo3eChVHGeoXv_E_GDgf3q-Q=s4800-w800,https://map.naver.com/p/entry/place/13447998,9월 공개된 디즈니플러스 드라마 북극성 5화 촬영지로 소개된 중국식 정원,https://kdramamap.com/location/%eb%b6%81%ea%b7%b9%ec%84%b1-%ed%9a%a8%ec%9b%90%ea%b3%b5%ec%9b%90-%ec%9b%94%ed%99%94%ec%9b%90-13234/;https://bkbrokr.com/599;https://haechi-travel.tistory.com/403,2026-07-28,44,,,,김희원,https://image.tmdb.org/t/p/w500/A2wLUIQ1V8dTLlhz7TwwTM84Ak.jpg,북극성,4,10,48,44.4,9,N,,,Y,언급2회이상_작품내상위15,정승길_v4,
st_08297,북극성,Tempest,drama,전지현;강동원,광명역,역/교통,경기 광명시 광명역로 21,37.416364,126.884877,https://lh3.googleusercontent.com/place-photos/AG9NLjB9bs5xZH0Cw4AS5KIQlRJfG24rBggS_WUm9bx6hPZd5vrrijOHH273dGNRnkp5SDmcmKMTzXPYyKnsM73MEDdSt-i9FBPa8ib-BCCWgT9KyCxeC3PVLwhZ5lSgZrBK5H1X87L6OaZJeDCRyQ=s4800-w800,https://map.naver.com/p/entry/place/19685223,,https://kdramamap.com/location/%eb%b6%81%ea%b7%b9%ec%84%b1-%ea%b4%91%eb%aa%85%ec%97%ad-13233/;https://bkbrokr.com/599;https://haechi-travel.tistory.com/403,2026-07-28,44,,,,김희원,https://image.tmdb.org/t/p/w500/A2wLUIQ1V8dTLlhz7TwwTM84Ak.jpg,북극성,4,6,48,44.4,10,N,,,Y,언급2회이상_작품내상위15,,
st_08278,북극성,Tempest,drama,전지현;강동원,금세기빌딩,,서울 중구 무교로 6,37.566481,126.979470,,https://map.naver.com/p/entry/place/18688414,"1~3화, 준익의 대선 선거사무실로 나오는 장면(서울시청 앞 건물)",https://kdramamap.com/location/%eb%b6%81%ea%b7%b9%ec%84%b1-%ea%b8%88%ec%84%b8%ea%b8%b0%eb%b9%8c%eb%94%a9-13214/,2026-07-28,44,,,,김희원,https://image.tmdb.org/t/p/w500/A2wLUIQ1V8dTLlhz7TwwTM84Ak.jpg,북극성,4,5,48,44.4,11,N,,,Y,언급2회이상_작품내상위15,정승길_v4,
st_08289,북극성,Tempest,drama,전지현;강동원,잠수교,교량,서울 서초구 반포동 649,37.512545,126.996906,https://lh3.googleusercontent.com/place-photos/AG9NLjAZeJ0VFAhGoU4c6ODWFkY7puYsnx119RrPuZuf_siyG-4RbWQ33Hov2gVdmb8Bk1iPJevSzY4PgddFZwU1FFRtmbHxZl_Ztox2Ar3DMECTnBAbIbQK8iVN8Pr72Crn3_ugqkr9FJmLouxFDyeoTJId=s4800-w800,https://map.naver.com/p/entry/place/18762982,,https://kdramamap.com/location/%eb%b6%81%ea%b7%b9%ec%84%b1-%ec%9e%a0%ec%88%98%ea%b5%90-13225/;https://bkbrokr.com/599;https://haechi-travel.tistory.com/403,2026-07-28,44,,,,김희원,https://image.tmdb.org/t/p/w500/A2wLUIQ1V8dTLlhz7TwwTM84Ak.jpg,북극성,4,5,48,44.4,12,N,,,Y,언급2회이상_작품내상위15,,
st_08302,북극성,Tempest,drama,전지현;강동원,대전둔산경찰서,,대전 서구 한밭대로 733,36.358337,127.380230,https://lh3.googleusercontent.com/place-photos/AG9NLjDISdJzTMDfUVeAYO8kHrUwOa7qPEQ3OOXBohU-JeqCUyaihd-I7gqTSIyaKo09ruTI4ZgFlSDKSLG3ko5mh_znayoMW6CbC9JVs3uxuZI8dDYTvTNXTN9oCHBW0XxGXYVBJYwjrb7zDwpK-w=s4800-w800,https://map.naver.com/p/entry/place/11642559,,https://kdramamap.com/location/%eb%b6%81%ea%b7%b9%ec%84%b1-%eb%8c%80%ec%a0%84%eb%91%94%ec%82%b0%ea%b2%bd%ec%b0%b0%ec%84%9c-13238/,2026-07-28,44,,,,김희원,https://image.tmdb.org/t/p/w500/A2wLUIQ1V8dTLlhz7TwwTM84Ak.jpg,북극성,4,4,48,44.4,13,N,,,Y,언급2회이상_작품내상위15,,
st_08295,북극성,Tempest,drama,전지현;강동원,인천공항,공항,인천 영종구 공항로 272,37.458351,126.427700,,,문주가 남편의 전화를 받고 한국으로 귀국해 입국하는 공항 장면,https://kdramamap.com/location/%eb%b6%81%ea%b7%b9%ec%84%b1-%ec%9d%b8%ec%b2%9c%ea%b3%b5%ed%95%ad-13231/,2026-07-28,44,,,,김희원,https://image.tmdb.org/t/p/w500/A2wLUIQ1V8dTLlhz7TwwTM84Ak.jpg,북극성,4,3,48,44.4,14,N,,,Y,언급2회이상_작품내상위15,정승길_v4,
st_20529,북극성,Tempest,drama,전지현;강동원,합천영상테마파크,오픈세트장,경상남도 합천군 용주면 합천호수로 757,35.548751,128.071846,https://lh3.googleusercontent.com/place-photos/AG9NLjCv95QlhIEWg6AKF3e7x2f_VFlm2cYnuBlrYHWJeWRLfu0t24rbKP_rwVvKDaAz0tlsFNtEJRaZLjb0kyZVvFFzhN-tAKY-pK0vdjjqOsnfzRlOx8tAVfwftPLg9UXCQOh4fW8d_msTS0Brpxg=s4800-w800,https://map.naver.com/p/entry/place/13291032,청와대 세트장으로 지어져 극중 청와대 장면 촬영에 사용된 곳,https://haechi-travel.tistory.com/403,2026-07-30,44,,,,김희원,https://image.tmdb.org/t/p/w500/A2wLUIQ1V8dTLlhz7TwwTM84Ak.jpg,북극성,4,3,48,44.4,15,N,,,Y,언급2회이상_작품내상위15,정승길_v4,
st_08463,비밀의숲,Stranger,drama,조승우;배두나,더사보르,,서울 성북구 화랑로19길 20-1,37.607657,127.049468,,,,https://kdramamap.com/location/%eb%b9%84%eb%b0%80%ec%9d%98%ec%88%b2-%eb%8d%94%ec%82%ac%eb%b3%b4%eb%a5%b4-1096/,2026-07-28,63,,,,안길호;박현석,https://image.tmdb.org/t/p/w500/4NCHVr4BiuZzbqoRaLMTbmKIfyR.jpg,비밀의숲,3,7,72,100.0,1,N,,,Y,언급2회이상_작품내상위15,,
st_20535,비밀의 숲,Stranger,drama,조승우;배두나,인하대학교 본관,대학교,인천 미추홀구 인하로 100,37.44939909637399,126.65435131686084,https://lh3.googleusercontent.com/place-photos/AG9NLjDaNFQUyqfem0pmYEy5vU6GNoH8pmSFoDlQm9E85M9U2_7ierOob95Q1Z9xF36IlD3v4mShtJUpvshk46wcdQ-IZq97ICO1F7KYbEl1ZLhYLLhJ_iNfspnQ1rRoVpixAkpv4VWSp5IFLAEAEg=s4800-w800,https://map.naver.com/p/entry/place/16592205,서울서부지방검찰청 청사 외경으로 등장한 인하대학교 본관 건물,https://koreandramalocation.com/stranger,2026-07-30,63,,,,안길호;박현석,https://image.tmdb.org/t/p/w500/4NCHVr4BiuZzbqoRaLMTbmKIfyR.jpg,비밀의숲,2,6,72,66.7,2,N,,,Y,언급2회이상_작품내상위15,정승길_v4,
st_08459,비밀의숲,Stranger,drama,조승우;배두나,승진슈퍼,호텔/숙박,서울 성북구 장월로6길 38,37.609740,127.048728,,https://map.naver.com/p/entry/place/19408172,박무성(엄효섭)의 집으로 김가영/권민아(김가영/권민아)가 살해된 범죄 현장이기도 하다.,https://kdramamap.com/location/%eb%b9%84%eb%b0%80%ec%9d%98%ec%88%b2-%ec%8a%b9%ec%a7%84%ec%8a%88%ed%8d%bc-1092/,2026-07-28,63,,,,안길호;박현석,https://image.tmdb.org/t/p/w500/4NCHVr4BiuZzbqoRaLMTbmKIfyR.jpg,비밀의숲,1,1,72,33.3,5,N,,,Y,언급부족_데이터품질기준보존,정승길_v4,
st_20160,빈센조,Vincenzo,drama,송중기;전여빈;옥택연,세운상가(세운청계상가),상가/촬영지,서울 종로구 청계천로 159,37.569138,126.995237,https://lh3.googleusercontent.com/place-photos/AG9NLjA_4ZtHRU1AHZySmNIIPJsGwGzqztEzu4ar_9_ifY6dcHHq_RhBRroFhtL44pqAqEcyPuUmC3aQI3QTaZGfwXy-6Iu4_eKX09l-dUL1UtJbsIO2T-FgxPREtBjuaaU33RBc2t44uJX7uSUsNA=s4800-w800,,"극중 '금가플라자' 배경으로 사용, 빈센조와 홍차영 활동 무대",https://mediahub.seoul.go.kr/archives/2002025,2026-07-30,26,,,,김희원;Ham Seung-hoon,https://image.tmdb.org/t/p/w500/mWYW3xNeV2IM06aUl2xMUdLicpa.jpg,빈센조,13,72,68,100.0,1,N,,,Y,언급2회이상_작품내상위15,정승길_v4,
st_20175,빈센조,Vincenzo,drama,송중기;전여빈;옥택연,청계천(서린동),하천/공원,서울 종로구 서린동,37.569147,126.978647,https://lh3.googleusercontent.com/place-photos/AG9NLjBps1C8H6E-7VSZ5SRZ4P2vEmxF_6brWpsAOLR2P48T4cR1wEDeLwrF_IE-G8NO_XYjifmDSsR_vuwf3_-xqerQAC6ICdKY2KM-1CDWHsU3ZeecLQl58Amevo9CN6NkDheWMvyUabH56J1s=s4800-w800,,20화 결말부 대화 장면 촬영지,https://hanlyu-map.com/contents/vincenzo-deac18,2026-07-30,26,,,,김희원;Ham Seung-hoon,https://image.tmdb.org/t/p/w500/mWYW3xNeV2IM06aUl2xMUdLicpa.jpg,빈센조,12,24,68,92.3,2,N,,,Y,언급2회이상_작품내상위15,정승길_v4,
st_20173,빈센조,Vincenzo,drama,송중기;전여빈;옥택연,동대문디자인플라자(DDP),문화시설,서울 중구 을지로 281,37.567184,127.009911,https://lh3.googleusercontent.com/place-photos/AG9NLjC1TQtB172mEOn3dRK2oAd7QSObdL8YTrT-7zGSUwpq4oMfOR_o6DCqgAmimWQTEPBVEXcttQmAFsLmgKzA2isPbCbgDlefU1xw6tteBhpzZJfDkd1ypQla8DLH3qrLkQAQYF8mW67-N-HHmw=s4800-w800,https://map.naver.com/p/entry/place/18063223,배경으로 등장한 건축 랜드마크,https://hanlyu-map.com/contents/vincenzo-deac18,2026-07-30,26,,,,김희원;Ham Seung-hoon,https://image.tmdb.org/t/p/w500/mWYW3xNeV2IM06aUl2xMUdLicpa.jpg,빈센조,8,18,68,61.5,3,N,,,Y,언급2회이상_작품내상위15,정승길_v4,
st_20168,빈센조,Vincenzo,drama,송중기;전여빈;옥택연,벽초지수목원,수목원,경기 파주시 광탄면 부흥로 242,37.800770,126.874258,https://lh3.googleusercontent.com/place-photos/AG9NLjC__lCHFuceAtlGHKlBKme3lloH6e7yaw0jcHcAmZnjnTFLE2u61TqK4I71D7E4wrXO-PNM1onc7Ha_stdVSV-iA-JVJwIVwyVpDiKzKyoqpG6IPVfQSnawe77qdlJXbddlteSiWj14qjAJHw=s4800-w800,https://map.naver.com/p/entry/place/11631797,16화에서 가족이 정원을 산책하는 장면 촬영지,https://hanlyu-map.com/contents/vincenzo-deac18,2026-07-30,26,,,,김희원;Ham Seung-hoon,https://image.tmdb.org/t/p/w500/mWYW3xNeV2IM06aUl2xMUdLicpa.jpg,빈센조,6,17,68,46.2,4,N,,,Y,언급2회이상_작품내상위15,정승길_v4,
st_20165,빈센조,Vincenzo,drama,송중기;전여빈;옥택연,서울로7017,공원/보행로,서울 중구 남대문로5가 84-15,37.557109,126.975414,https://lh3.googleusercontent.com/place-photos/AG9NLjC7JIA7OOtuu77nBZ6WpsOInczeU6IFF0LLA5zekjWXWQfKFNHAQGKAWJcHDXetlma114UNif7OJO4NkIZt5ZW4YaqCccd_i1Wc2xSYlRFlnZaxR0lzGqYATe0aWkTtF9POm4LWM8BPs-xEsA=s4800-w800,,고가 보행로를 배경으로 한 장면 촬영지,https://hanlyu-map.com/contents/vincenzo-deac18,2026-07-30,26,,,,김희원;Ham Seung-hoon,https://image.tmdb.org/t/p/w500/mWYW3xNeV2IM06aUl2xMUdLicpa.jpg,빈센조,4,17,68,30.8,5,N,,,Y,언급2회이상_작품내상위15,정승길_v4,
st_20174,빈센조,Vincenzo,drama,송중기;전여빈;옥택연,한국은행 화폐박물관,박물관,서울 중구 남대문로 39,37.562098,126.980523,https://lh3.googleusercontent.com/place-photos/AG9NLjD0r9ul0FmBR_u4IZLamF9FojEFryOttD6KLZQ7vdGN1kZe-V4GWZEYRLDPnW7LCMENff130_nHX-d0kSQlh-UPeQVZ2PLjpII09wx3857mdhw87I6IgDeX9UU4S5eYWcryolTTzvmr0-2oVw=s4800-w800,https://map.naver.com/p/entry/place/11620672,법무법인 외관 장면 촬영지,https://hanlyu-map.com/contents/vincenzo-deac18,2026-07-30,26,,,,김희원;Ham Seung-hoon,https://image.tmdb.org/t/p/w500/mWYW3xNeV2IM06aUl2xMUdLicpa.jpg,빈센조,4,8,68,30.8,6,N,,,Y,언급2회이상_작품내상위15,정승길_v4,
st_20182,빈센조,Vincenzo,drama,송중기;전여빈;옥택연,인천국제공항,공항,인천 영종구 공항로 272,37.449168,126.450920,https://lh3.googleusercontent.com/place-photos/AG9NLjCrf4WqhRh1vGCk8pe6V-Qk6nB1nWKSdRi9bLqRcd3P3JBi1Jg9f-lp1TFJlTQZC2Q1g4aHzGnCz2RpJiLBE5nf3du7g0K20XL9n24mYkiZ7-31Nz9qPlAZPkecK8QEd7j7hWPXIZXDowkdDsY=s4800-w800,https://map.naver.com/p/entry/place/1609342642,1화에서 빈센조가 한국에 도착하는 장면 촬영지,https://hanlyu-map.com/contents/vincenzo-deac18,2026-07-30,26,,,,김희원;Ham Seung-hoon,https://image.tmdb.org/t/p/w500/mWYW3xNeV2IM06aUl2xMUdLicpa.jpg,빈센조,2,5,68,15.4,7,N,,,Y,언급2회이상_작품내상위15,정승길_v4,
st_08622,사내맞선,Business Proposal,drama,안효섭;김세정,자유공원,공원,인천 제물포구 자유공원남로 25,37.474581,126.622669,https://lh3.googleusercontent.com/place-photos/AG9NLjD_cTIXzkQlHSxj8b4rja4khcZQtG0gu9jC5VGo-Kd1UHJvS7X1u3eG7IKPxgX1yB_B-jSpaB5YLhAhnJMm48-BvhJ8gHYLiVtbVLu6o5l4POk4QLc06N84C6UBrnH6RrQb6e0ct83l-Mv9wqE=s4800-w800,https://map.naver.com/p/entry/place/1724343541,최종회 12회에서 강태무(안효섭)가 신하리(김세정)에게 이 산책로에서 청혼한다.,https://kdramamap.com/location/%ec%82%ac%eb%82%b4%eb%a7%9e%ec%84%a0-%ec%9e%90%ec%9c%a0%ea%b3%b5%ec%9b%90-1114/;https://m.blog.naver.com/tlsqhtjs20/224104356745;https://m.blog.naver.com/yansky16/222693563138,2026-07-28,15,,,,박선호,https://image.tmdb.org/t/p/w500/lOa1IUp3AFVo6h9b17KA20r4E5s.jpg,사내맞선,6,20,44,100.0,1,N,,,Y,언급2회이상_작품내상위15,정승길_v4,
st_20553,사내맞선,Business Proposal,drama,안효섭;김세정;설인아,카페 산들언덕,카페,대구 수성구 화랑로34길 93,35.8744297212638,128.649866234374,https://lh3.googleusercontent.com/place-photos/AG9NLjDGb1JA3B_Lp4OfNvUrmmeGaDK2VVN0F-e6FghNRPdpjSrCMSALofMphktZ_encD8sYYMzKVzgH52LlNw00wffspRK6swtaKpmLqPeSwLBtyeiBzFSmxGwpRq_RKPgjOnW0ihEovqBfoO3RoqE=s4800-w800,https://map.naver.com/p/entry/place/1218159432,신하리가 부모님·남동생과 함께 사는 집의 외경으로 등장한 카페다,https://m.blog.naver.com/yansky16/222693563138,2026-07-30,15,,,,박선호,https://image.tmdb.org/t/p/w500/lOa1IUp3AFVo6h9b17KA20r4E5s.jpg,사내맞선,3,20,44,50.0,2,N,,,Y,언급2회이상_작품내상위15,정승길_v4,
st_08636,사내맞선,Business Proposal,drama,안효섭;김세정,연남장,음식점,서울 서대문구 연희로5길 22,37.564330,126.927585,https://lh3.googleusercontent.com/place-photos/AG9NLjB6D9H0QFuOqnfVu7GqxE8tUmVzTfY20vJgBB34jSDgOms78xoaj2iO1w-85Xs684jz95p7ZO1S5_EHgJLf7a-3FCuVDDSFJXve4gMDvWp2Z8kIFF22JBjYKAtZHbZDG6ncIbJ8uVEPaRzl1g=s4800-w800,https://map.naver.com/p/entry/place/1760425180,태무(안효섭)와 그의 비서 차성훈(김민규)과 함께 신하리(김세종)와 진영서(설인아)가 자주 찾는 곳이다.,https://kdramamap.com/location/%ec%82%ac%eb%82%b4%eb%a7%9e%ec%84%a0-%ec%97%b0%eb%82%a8%ec%9e%a5-1128/;https://m.blog.naver.com/tlsqhtjs20/224104356745;https://m.blog.naver.com/yansky16/222693563138,2026-07-28,15,,,,박선호,https://image.tmdb.org/t/p/w500/lOa1IUp3AFVo6h9b17KA20r4E5s.jpg,사내맞선,3,13,44,50.0,3,N,,,Y,언급2회이상_작품내상위15,정승길_v4,
st_08637,사내맞선,Business Proposal,drama,안효섭;김세정,캐틀앤비,카페,서울 서초구 양재천로 131,37.478802,127.041977,https://lh3.googleusercontent.com/place-photos/AG9NLjDAa_UhX61R_Tupha1lXohkn2P6H2i2nKMjOS-yp2t0ck9JwZGWyH5QJVwSPBORSvZP8v_GxPvJTOGuCrzuT1x12p2h4BLS4gWcKLZCqxG67bV--QUI8UR-7WBOMG44RNEifP_kRZq1hiQ8bA=s4800-w800,,8에서 식사를 위해 여기에서 식사를 하고 그녀는 청구서의 비용을 보고 충격을 받습니다.,https://kdramamap.com/location/%ec%82%ac%eb%82%b4%eb%a7%9e%ec%84%a0-%ec%ba%90%ed%8b%80%ec%95%a4%eb%b9%84-1129/,2026-07-28,15,,,,박선호,https://image.tmdb.org/t/p/w500/lOa1IUp3AFVo6h9b17KA20r4E5s.jpg,사내맞선,3,8,44,50.0,4,N,,,Y,언급2회이상_작품내상위15,정승길_v4,
st_20560,사내맞선,Business Proposal,drama,안효섭;김세정;설인아,스카이베이호텔 경포,호텔,강원특별자치도 강릉시 해안로 476,37.8043103469937,128.907740305833,https://lh3.googleusercontent.com/place-photos/AG9NLjCXJXIn6UCXs3oAZrP-RDGoaAfWSuZ3OeMkIQ9nzopWldoe2GxLovaccSWbu3LohDZlIMXYOLmcRgPiwYtOoGec_2ZL0cXyJbGMTUczzIpGy7EpZtdcoTyIKufEYGwW8t3NaJ9T6coafEKT5w=s4800-w800,https://map.naver.com/p/entry/place/1200727361,6~7화 속초 출장 에피소드의 호텔 장면이 촬영된 실제 강릉 호텔이다,https://m.blog.naver.com/tlsqhtjs20/224104356745;https://m.blog.naver.com/yansky16/222693563138,2026-07-30,15,,,,박선호,https://image.tmdb.org/t/p/w500/lOa1IUp3AFVo6h9b17KA20r4E5s.jpg,사내맞선,2,4,44,33.3,5,N,,,Y,언급2회이상_작품내상위15,정승길_v4,
st_20552,사내맞선,Business Proposal,drama,안효섭;김세정;설인아,밤가시공원,공원,경기 고양시 일산동구 정발산동 1299,37.669018942899406,126.78280163214589,https://lh3.googleusercontent.com/place-photos/AG9NLjBJ8dG01DzgRbMEvU3IvPkadLMEUM_mWIS3Nve1zW5OUl84iPZac8tGL7Yl_Rjp0_evudwT3hKcTwIDMQhWSLcAXtOKJS-6PIfnM6au7Fi8iwxToWyWiCX0II8AaWiIB_0v34h7wBMdLaa-HUA=s4800-w800,https://map.naver.com/p/entry/place/19048508,하리와 태무가 자주 가는 놀이터가 있는 동네 산책 배경으로 등장한다,https://m.blog.naver.com/yhth27/224150689979;https://m.blog.naver.com/yansky16/222693563138,2026-07-30,15,,,,박선호,https://image.tmdb.org/t/p/w500/lOa1IUp3AFVo6h9b17KA20r4E5s.jpg,사내맞선,2,3,44,33.3,6,N,,,Y,언급2회이상_작품내상위15,정승길_v4,
st_08702,사냥개들2,Bloodhounds Season 2,drama,우도환;이상이;정지훈,군산체육관,gym,전북 군산시 월명안길 8-2,35.984188,126.707504,,https://map.naver.com/p/entry/place/32675527,복싱 경기장 장면 촬영지,https://kdramamap.com/location/%ec%82%ac%eb%83%a5%ea%b0%9c%eb%93%a42-%ea%b5%b0%ec%82%b0%ec%b2%b4%ec%9c%a1%ea%b4%80-18589/;https://first.bkbrokr.com/entry/사냥개들2-주요-촬영지-어디기본정보줄거리등장인물,2026-07-28,10,4,,,김주환,https://image.tmdb.org/t/p/w500/j4BjkbSqY7Cbc4XcdKMyJGyr9iT.jpg,사냥개들2,6,35,27,100.0,1,N,,,Y,언급2회이상_작품내상위15,정승길_v4,
st_08668,사냥개들2,Bloodhounds Season 2,drama,우도환;이상이;정지훈,인천공항,공항,인천 영종구 제2터미널대로 446,37.469249,126.433209,,,,https://kdramamap.com/location/%ec%82%ac%eb%83%a5%ea%b0%9c%eb%93%a42-%ec%9d%b8%ec%b2%9c%ea%b3%b5%ed%95%ad-18555/,2026-07-28,10,4,,,김주환,https://image.tmdb.org/t/p/w500/j4BjkbSqY7Cbc4XcdKMyJGyr9iT.jpg,사냥개들2,4,6,27,66.7,2,N,,,Y,언급2회이상_작품내상위15,,
st_08666,사냥개들2,Bloodhounds Season 2,drama,우도환;이상이;정지훈,구움다방(폐업),cafe,인천 서해구 청라커낼로223번길 4-3,37.528757,126.644137,https://lh3.googleusercontent.com/place-photos/AG9NLjCqhZDRT4E7lTAkc6XN_HyBC2N1uqgQRn1T82lerTBUnyac9bFDl3Mw5iVot1Frffch5l_SRvKeoE3TY-g5fZHtH6j3b8uhV0-1D47JrJUn-NMjtg5MVQ5wjUM8XAHmZXwcsNofNhSB5EUUrwE=s4800-w800,,건우 엄마가 운영하는 카페 '숨'으로 등장하는 청라동 카페 장면,https://kdramamap.com/location/%ec%82%ac%eb%83%a5%ea%b0%9c%eb%93%a42-%ea%b5%ac%ec%9b%80%eb%8b%a4%eb%b0%a9-%ed%8f%90%ec%97%85-18553/;https://haechi-travel.tistory.com/647,2026-07-28,10,4,,,김주환,https://image.tmdb.org/t/p/w500/j4BjkbSqY7Cbc4XcdKMyJGyr9iT.jpg,사냥개들2,3,6,27,50.0,3,N,,,Y,언급2회이상_작품내상위15,정승길_v4,
st_08651,사냥개들2,Bloodhounds Season 2,drama,우도환;이상이;정지훈,충무로,,서울 중구 충무로 39-1,37.564769,126.992619,https://lh3.googleusercontent.com/place-photos/AG9NLjBf8458A83cULes-PIdmvA68eXlSxIJCHYVQAAEffp0UIXBod4gzeyTYWd30fh_LIRyoCKX8kKoDDm1-JWsmTBWOTMjRV4mzBSoCJ7kU09jg_9ZeAsjObo9wz1mmhKQ_LDA-XteHSnwItmtPA=s4800-w800,https://map.naver.com/p/entry/place/1948933041,,https://kdramamap.com/location/%ec%82%ac%eb%83%a5%ea%b0%9c%eb%93%a42-%ec%b6%a9%eb%ac%b4%eb%a1%9c-18538/,2026-07-28,10,4,,,김주환,https://image.tmdb.org/t/p/w500/j4BjkbSqY7Cbc4XcdKMyJGyr9iT.jpg,사냥개들2,3,2,27,50.0,5,N,,,Y,언급2회이상_작품내상위15,,
st_08679,사냥개들2,Bloodhounds Season 2,drama,우도환;이상이;정지훈,브리드인,,경기 안양시 만안구 석수로 10,37.409435,126.911292,https://lh3.googleusercontent.com/place-photos/AG9NLjDJfbxFZEiMQelMvCxU4muknIk7tp5sxCFN96yNeebusKH5DUzvo6iwRXmWKyEup9WZ9RqxLs2pSlDE3wrI_u4VWaOTI5euztujegdhi3zqxdn0bpe8ZO4SYkTI-UFIjP70txjcoo2Bl60sqA=s4800-w800,https://map.naver.com/p/entry/place/1064830024,,https://kdramamap.com/location/%ec%82%ac%eb%83%a5%ea%b0%9c%eb%93%a42-%eb%b8%8c%eb%a6%ac%eb%93%9c%ec%9d%b8-18566/,2026-07-28,10,4,,,김주환,https://image.tmdb.org/t/p/w500/j4BjkbSqY7Cbc4XcdKMyJGyr9iT.jpg,사냥개들2,2,5,27,33.3,6,N,,,Y,언급2회이상_작품내상위15,,
st_08678,사냥개들2,Bloodhounds Season 2,drama,우도환;이상이;정지훈,부천프라자,,경기 부천시 오정구 원종로 64,37.523782,126.807001,https://lh3.googleusercontent.com/place-photos/AG9NLjBJQuyL5SEthUSqKelYZpwXlLRTKCYTL37RzEr0_HoqBjYxv1_iOiqzEGNHhawskKQRLTcc3uPs8JqHterwq7RFIPoCbuBQl2W18FoMoYS89Qp7M5OoLYRFzdStBl1XS24Y2oGVBJgjaqzXIXAT2co=s4800-w800,https://map.naver.com/p/entry/place/19468439,4화에서 지나를 잡으러 사설도박장을 습격하는 장면이 촬영된 원종동 상가건물,https://kdramamap.com/location/%ec%82%ac%eb%83%a5%ea%b0%9c%eb%93%a42-%eb%b6%80%ec%b2%9c%ed%94%84%eb%9d%bc%ec%9e%90-18565/,2026-07-28,10,4,,,김주환,https://image.tmdb.org/t/p/w500/j4BjkbSqY7Cbc4XcdKMyJGyr9iT.jpg,사냥개들2,2,3,27,33.3,7,N,,,Y,언급2회이상_작품내상위15,정승길_v4,
st_08658,사냥개들2,Bloodhounds Season 2,drama,우도환;이상이;정지훈,골든슬럼버,,서울 서초구 서래로8길 3,37.498731,126.998756,https://lh3.googleusercontent.com/place-photos/AG9NLjDzCVpNusqcL8YQgLT8o7_kMEL9lV8Tu3MfQjiYLoqLHzdwKQAQFWp9-tvrEIYhQSMJPUXgMEG3ADWoNdCnxbViwh6rAJdVrJ9E3TnOCVdxGMSySV7nucgtXA8_I_pFz-uYOPW5wTIbC1m6fg=s4800-w800,https://map.naver.com/p/entry/place/1864207501,홍인범이 지나가 약을 탄 술을 마시고 정신을 잃는 바 장면,https://kdramamap.com/location/%ec%82%ac%eb%83%a5%ea%b0%9c%eb%93%a42-%ea%b3%a8%eb%93%a0%ec%8a%ac%eb%9f%bc%eb%b2%84-18545/,2026-07-28,10,4,,,김주환,https://image.tmdb.org/t/p/w500/j4BjkbSqY7Cbc4XcdKMyJGyr9iT.jpg,사냥개들2,2,2,27,33.3,8,N,,,Y,언급2회이상_작품내상위15,정승길_v4,
st_20576,사랑의 불시착,Crash Landing on You,drama,현빈;손예진;서지혜,비내섬,하천 습지·갈대숲,충청북도 충주시 소태면 복탄리 908,37.107632,127.817726,https://lh3.googleusercontent.com/place-photos/AG9NLjC9Ibb4l0ttan_mIi7gk8ZIsESyGJAmlbwzGV4ff6phi79fuKhVHZa0_h6w7eBpqb6yaCZn4oB8pYWXH0dXSx7KOHHU8NOVJq_L-kiSActqIDMfAjQ2Tz6jiuQos0ksY3L2yVaihOFcTcVnrcc=s4800-w800,https://map.naver.com/p/entry/place/20327269,6화에서 세리가 북한 부대원들과 마지막 소풍을 떠나는 장면이 촬영됐다,https://m.blog.naver.com/khu33045;https://korean.visitkorea.or.kr,2026-07-30,2,,,,김희원;이정효,https://image.tmdb.org/t/p/w500/mvy18bPg93JNLwTQHHP2ZjPYP0A.jpg,사랑의불시착,16,324,80,100.0,1,N,,,Y,언급2회이상_작품내상위15,정승길_v4,
st_20578,사랑의 불시착,Crash Landing on You,drama,현빈;손예진;서지혜,중앙탑사적공원,사적공원·석탑,충청북도 충주시 중앙탑면 탑정안길 6,37.017117,127.866859,https://lh3.googleusercontent.com/place-photos/AG9NLjCvViDcDOv9ycVX68--pcQI5zSjLk2mp7OLg6JYuowX_EDrVYoaJiiNoL5itFfAkZEpBu4fxOdjrKycDCbhPGm0lT-Hb_kNWq79j34OM-Pdfr9xc_kIG3xdQiU2zqNGfdacQSkuK_s2O1WrYA=s4800-w800,https://map.naver.com/p/entry/place/19699930,"12화에서 리정혁과 윤세리, 5중대원들이 남한에서 다시 만나는 장면",https://m.blog.naver.com/p7777877/221983762731,2026-07-30,2,,,,김희원;이정효,https://image.tmdb.org/t/p/w500/mvy18bPg93JNLwTQHHP2ZjPYP0A.jpg,사랑의불시착,4,17,80,25.0,2,N,,,Y,언급2회이상_작품내상위15,정승길_v4,
st_20575,사랑의 불시착,Crash Landing on You,drama,현빈;손예진;서지혜,별마로천문대,천문대·전망대,강원특별자치도 영월군 영월읍 영흥리 154-3,37.198329,128.486782,https://lh3.googleusercontent.com/place-photos/AG9NLjB8VYaKMOdTAQfhny-DerBxtKhMoXzUDTemlRZdRcqVeqg6F_YatXZUen3VBprod6ekfY01t9Ikii2qHTGqkWABgeFrQPbnc8XHt5oapM8ce3b6DQ8oB0-Nk7GyNJso35NuCmTyffGzSnOfNg=s4800-w800,https://map.naver.com/p/entry/place/11840286,1화에서 세리가 패러글라이딩 중 강풍에 휩쓸려 불시착하는 장면이 촬영됐다,https://here.kr;https://traveltodrama.com/crash-landing-on-you-filming-locations-guide/,2026-07-30,2,,,,김희원;이정효,https://image.tmdb.org/t/p/w500/mvy18bPg93JNLwTQHHP2ZjPYP0A.jpg,사랑의불시착,4,7,80,25.0,3,N,,,Y,언급2회이상_작품내상위15,정승길_v4,
st_20570,사랑의 불시착,Crash Landing on You,drama,현빈;손예진;서지혜,포천 한탄강 하늘다리,출렁다리·협곡 전망대,경기도 포천시 영북면 대회산리 산 42-1,38.084263,127.217991,https://lh3.googleusercontent.com/place-photos/AG9NLjBKESwOdt3BXhtLhqw_Oo0rSLCDIOebnqBLNgGfWKoOD13EQKSNT41nL_3NccSjAz14PGqkE_OzcMq0hsIqm4hoTQjPYIwX4BotEiel3JFkdORPPrkRGLHhv8blDhfZlE3kbliAlilViFfiklM=s4800-w800,https://map.naver.com/p/entry/place/1991831576,리정혁과 세리가 재회해 입맞춤하는 장면이 한탄강 하늘다리에서 촬영됐다,https://www.asiatoday.co.kr;https://www.koreabycar.com/ko/journal/crash-landing-on-you-filming-locations,2026-07-30,2,,,,김희원;이정효,https://image.tmdb.org/t/p/w500/mvy18bPg93JNLwTQHHP2ZjPYP0A.jpg,사랑의불시착,4,3,80,25.0,4,N,,,Y,언급2회이상_작품내상위15,정승길_v4,
st_08802,사랑의불시착,Crash Landing on You,drama,현빈;손예진,모다백화점(부평점),쇼핑,인천 부평구 부평문화로 35,37.493540,126.719574,https://lh3.googleusercontent.com/place-photos/AG9NLjD1VoaywFGVKJp3Ldv8W-qVnh0d3Kg_-APZatD5JXVRgh4IW9bmxHxlASp-gSdoV_cnegduDuRp2gRtNtO9E05Ibs2Tnbs_5b9zKXfb_8qslfBxngZNkHIrn4LxuZ7FpQw6C7JU4GxaPOikTA=s4800-w800,https://map.naver.com/p/entry/place/1880213878,극 중 평양 제일백화점으로 등장해 서단 모녀의 대사 장면을 촬영한 곳.,https://kdramamap.com/location/%ec%82%ac%eb%9e%91%ec%9d%98%eb%b6%88%ec%8b%9c%ec%b0%a9-%eb%aa%a8%eb%8b%a4%eb%b0%b1%ed%99%94%ec%a0%90-%eb%b6%80%ed%8f%89%ec%a0%90-1148/,2026-07-28,2,,,,김희원;이정효,https://image.tmdb.org/t/p/w500/mvy18bPg93JNLwTQHHP2ZjPYP0A.jpg,사랑의불시착,3,16,80,18.8,5,N,,,Y,언급2회이상_작품내상위15,정승길_v4,
st_20577,사랑의 불시착,Crash Landing on You,drama,현빈;손예진;서지혜,탄금호 무지개길,호수 산책로,충청북도 충주시 중앙탑면 루암리 642,37.012295,127.869548,https://lh3.googleusercontent.com/place-photos/AG9NLjCHbMWn2jWe1_b1usq3J46pqSixHSiBhk-9XxMy6k4AdTqEe0WrHarcrTAUr23VN4oEq3k1nJvXPcquL0OpBh0ELM9UJVA_gt0V0YwU4KYhxWqAJ5B9dcd9iLs7X0VcKQG1e5VDGgoPDcKpQhDdpf3OCg=s4800-w800,https://map.naver.com/p/entry/place/1272260499,14화에서 구승준과 서단이 야경 속에서 애틋한 첫 키스를 나누는 장면,https://m.blog.naver.com/cjmusul/221794933829;https://o2oasia.tistory.com,2026-07-30,2,,,,김희원;이정효,https://image.tmdb.org/t/p/w500/mvy18bPg93JNLwTQHHP2ZjPYP0A.jpg,사랑의불시착,3,13,80,18.8,6,N,,,Y,언급2회이상_작품내상위15,정승길_v4,
st_20571,사랑의 불시착,Crash Landing on You,drama,현빈;손예진;서지혜,선녀바위해변,해변,인천광역시 중구 을왕동 678-188,37.439476,126.378708,,,세리 일행이 밀수 통로를 빠져나와 남한 해안에 다다르는 장면,https://www.koreabycar.com/ko/journal/crash-landing-on-you-filming-locations;https://esaneda.tistory.com,2026-07-30,2,,,,김희원;이정효,https://image.tmdb.org/t/p/w500/mvy18bPg93JNLwTQHHP2ZjPYP0A.jpg,사랑의불시착,2,4,80,12.5,7,N,,,Y,언급2회이상_작품내상위15,정승길_v4,
st_08800,사랑의불시착,Crash Landing on You,drama,현빈;손예진,엠코헤리츠,,경기 성남시 분당구 정자일로 132,37.361848,127.106560,https://lh3.googleusercontent.com/place-photos/AG9NLjC_1QO2kzxkgR4HwC03LB4-QYZAURpAutLZ9AujVypZDxbqnRMsoxleUvZd0x09i9gQEHMziEkBOA05JLwK3DjLb3GToLSiRU_Tc0vCZ7ZI6hOv-AURSE8zFeOvmpED6HB7eyxHboACcErtuA=s4800-w800,https://map.naver.com/p/entry/place/36652649,세리가 서울로 돌아온 뒤 밤에 나왔다가 정혁과 우연히 재회하는 장면을 촬영한 곳.,https://kdramamap.com/location/%ec%82%ac%eb%9e%91%ec%9d%98%eb%b6%88%ec%8b%9c%ec%b0%a9-%ec%97%a0%ec%bd%94%ed%97%a4%eb%a6%ac%ec%b8%a0-1146/,2026-07-28,2,,,,김희원;이정효,https://image.tmdb.org/t/p/w500/mvy18bPg93JNLwTQHHP2ZjPYP0A.jpg,사랑의불시착,2,4,80,12.5,8,N,,,Y,언급2회이상_작품내상위15,정승길_v4,
st_20579,사이코지만 괜찮아,It's Okay to Not Be Okay,drama,김수현;서예지;오정세,시크릿블루카페(괜찮은병원),카페,강원특별자치도 고성군 토성면 아야진북길 31-6,38.27709750135499,128.55014577164226,https://lh3.googleusercontent.com/place-photos/AG9NLjBgI9oVjbUA6QGy0a8wpu2ziaYrdqmInQy6z-Vh0qK4TA_wRjgkMmBh43Skrqat-zRAEwHv24uW8lbc0Zv8x1SEwO0o1W67x1_m2oAQDcjDYrW71Eo0-yAgZuVcrA21nD_qVp7Hbhk1F5uRE7s=s4800-w800,,극중 괜찮은병원으로 등장하는 병원 간판과 정원이 남아있는 베이커리 카페,https://traveltodrama.com/its-okay-to-not-be-okay-filming-locations-map/;https://iknowteeth.tistory.com/56,2026-07-30,9,,,,박신우,https://image.tmdb.org/t/p/w500/HKVk1KiNYzIiRQJQOMZfSeZYvC.jpg,사이코지만괜찮아,24,125,49,100.0,1,N,,,Y,언급2회이상_작품내상위15,정승길_v4,
st_20581,사이코지만 괜찮아,It's Okay to Not Be Okay,drama,김수현;서예지;오정세,사니다카페(저주받은 성),카페,강원특별자치도 원주시 호저면 칠봉로 109-127,37.406615802077525,127.91449123282918,https://lh3.googleusercontent.com/place-photos/AG9NLjDMoJ4jkI0iTrT_ZP-T87iUFfGDka0zETWI9PZEfsuyQRz6-GQsPEnGkGoHgUolTVXZCZmISSyZlsod3A06nObH4fhoJLV2uVZxaiiXwyBguwRX_U6DmYCFwN1t2vOgYvORciWRV8XbPkV20iI=s4800-w800,,고문영이 살던 저주받은 성의 대문과 숲길 장면이 촬영된 곳,https://traveltodrama.com/its-okay-to-not-be-okay-filming-locations-map/;https://iknowteeth.tistory.com/56;https://453010star.tistory.com/534,2026-07-30,9,,,,박신우,https://image.tmdb.org/t/p/w500/HKVk1KiNYzIiRQJQOMZfSeZYvC.jpg,사이코지만괜찮아,20,182,49,83.3,2,N,,,Y,언급2회이상_작품내상위15,정승길_v4,
st_20580,사이코지만 괜찮아,It's Okay to Not Be Okay,drama,김수현;서예지;오정세,아야진해변,해변,강원특별자치도 고성군 토성면 아야진리,38.2768350126307,128.553373007462,https://lh3.googleusercontent.com/place-photos/AG9NLjCA2VSrCFrmwAdTnM2HujwioeKli21cD_DqbwOrF6RaAtOEB4SGJ6tvz8OanJOVmCRF_-rH0rx3ni2gG8-b19GuU94dtLGpkkcGaiq03H8HgUnR7f6WyQvc0jLuFTIvTBZI166tDwiBcYf8NtM=s4800-w800,https://map.naver.com/p/entry/place/19597225,문강태가 고문영에게 깡통이라 말하는 장면이 촬영된 무지개색 해안도로,https://traveltodrama.com/its-okay-to-not-be-okay-filming-locations-map/;https://iknowteeth.tistory.com/56;https://www.topstarnews.net/news/articleView.html?idxno=819671,2026-07-30,9,,,,박신우,https://image.tmdb.org/t/p/w500/HKVk1KiNYzIiRQJQOMZfSeZYvC.jpg,사이코지만괜찮아,14,33,49,58.3,3,N,,,Y,언급2회이상_작품내상위15,정승길_v4,
st_20582,사이코지만 괜찮아,It's Okay to Not Be Okay,drama,김수현;서예지;오정세,소금산출렁다리,출렁다리,강원특별자치도 원주시 지정면 간현리 산 116-1,37.36866589283165,127.8246811974251,https://lh3.googleusercontent.com/place-photos/AG9NLjBjkVfsT65K6m1Ui9VHJ3IL7XYE1As7Hd830kJX7RLIwLhe7BZjlZ8Ij06A3cwp1f6XNr0G5ytG8XmPOLlpkY-xibp-TsqHXoNmG04a6-CtAxS2DAWsJko5Q0ZEcKNh7l74hlnEGFm1FYTTFoc=s4800-w800,https://map.naver.com/p/entry/place/1282630305,강태가 문영을 데리고 아찔한 출렁다리를 함께 건너는 장면,https://traveltodrama.com/its-okay-to-not-be-okay-filming-locations-map/;https://iknowteeth.tistory.com/56,2026-07-30,9,,,,박신우,https://image.tmdb.org/t/p/w500/HKVk1KiNYzIiRQJQOMZfSeZYvC.jpg,사이코지만괜찮아,6,31,49,25.0,4,N,,,Y,언급2회이상_작품내상위15,정승길_v4,
st_20584,사이코지만 괜찮아,It's Okay to Not Be Okay,drama,김수현;서예지;오정세,옥정호수공원,공원,경기 양주시 옥정동 864-798,37.8243663744687,127.096877003443,https://lh3.googleusercontent.com/place-photos/AG9NLjBIvtTCDFbha0TLiz9EXyeKTAzYsPovjzPP4ESVtLM93ITwkdHX8e99OfZ_22RS0uLds_d9WKI9IACEizM6g3pWumfVWFiaImbWj_vZmpTdAZ9UDbyERQTs_zdY7Rc8GnguDAtyeDk7U9RaPhE=s4800-w800,https://map.naver.com/p/entry/place/1812884000,강태와 문영이 음악분수와 함께 밤 산책을 즐기는 7화 데이트 장면,https://traveltodrama.com/its-okay-to-not-be-okay-filming-locations-map/;https://453010star.tistory.com/534,2026-07-30,9,,,,박신우,https://image.tmdb.org/t/p/w500/HKVk1KiNYzIiRQJQOMZfSeZYvC.jpg,사이코지만괜찮아,4,28,49,16.7,5,N,,,Y,언급2회이상_작품내상위15,정승길_v4,
st_20583,사이코지만 괜찮아,It's Okay to Not Be Okay,drama,김수현;서예지;오정세,의정부미술도서관,도서관,경기 의정부시 민락로 248,37.74514581177362,127.10612742019957,https://lh3.googleusercontent.com/place-photos/AG9NLjDR2fWn969LGevHGP-11x6U5lP6InsdnXMW_zOTgTW_Djv_1fBHlZu0EZgEuFOGwB_qUQNDXWeFMnBpF9yXan1dQ3wOx21VzZO--Aw0j1VyUKf_Q-qmL0p7Kk6_GWCLblr18dkAWi9Wgtrh_Q=s4800-w800,https://map.naver.com/p/entry/place/1537794602,13화에서 문상태 문강태와 고문영이 함께 도서관을 방문하는 장면,https://traveltodrama.com/its-okay-to-not-be-okay-filming-locations-map/;https://v.daum.net/v/20250301110322294,2026-07-30,9,,,,박신우,https://image.tmdb.org/t/p/w500/HKVk1KiNYzIiRQJQOMZfSeZYvC.jpg,사이코지만괜찮아,3,15,49,12.5,6,N,,,Y,언급2회이상_작품내상위15,정승길_v4,
st_08982,사이코지만괜찮아,It's Okay to Not Be Okay,drama,김수현;서예지,버스정류장,,인천 제물포구 화도진로 88,37.479418,126.630347,,,강태가 버스를 기다리는 장면을 찍은 버스정류장으로 추측되는 곳을 보여드릴게요.,https://kdramamap.com/location/%ec%82%ac%ec%9d%b4%ec%bd%94%ec%a7%80%eb%a7%8c%ea%b4%9c%ec%b0%ae%ec%95%84-%eb%b2%84%ec%8a%a4%ec%a0%95%eb%a5%98%ec%9e%a5-1184/,2026-07-28,9,,,,박신우,https://image.tmdb.org/t/p/w500/HKVk1KiNYzIiRQJQOMZfSeZYvC.jpg,사이코지만괜찮아,2,5,49,8.3,7,N,,,Y,언급2회이상_작품내상위15,블로그크롤링_2026-08-01,https://blog.naver.com/amlee74/222017314210
mv_6059_08,서울의 봄,12.12: THE DAY,movie,황정민;정우성;이성민;박해준;김성균,청남대,관광지(구 대통령 별장),충청북도 청주시 상당구 문의면 청남대길 646,36.46284607510989,127.49176536339175,https://lh3.googleusercontent.com/place-photos/AG9NLjBSG2xfS5rgiJZZB0HRfHpUx-3-vQe7jyZL_5NY7Vf0BrltXD7CzjGkvWyEJFhyXhuWTi5LxEVNZKy7CKNxXpfzUZzK69L2s3ylezAX1GOndfJ7x5atYs1lTqRI9jQNqJt6L2tp6I6yg8Y7Ug=s4800-w800,https://map.naver.com/p/entry/place/17810395,정승화 계엄사령관 공관·국무회의실·육본 총격전 장면 등이 촬영됐다,https://www.jbnews.com/news/articleView.html?idxno=1421799,2026-07-30,,,13114138,청룡영화상 최우수작품상(2024),김성수,https://image.tmdb.org/t/p/w500/ukVVnY9ovwl78WE5KndcpA6SnAm.jpg,서울의봄,5,42,37,100.0,1,N,,,Y,언급2회이상_작품내상위15,정승길_v4,
mv_6059_01,서울의 봄,12.12: THE DAY,movie,황정민;정우성;이성민;박해준;김성균,조선대학교 본관,대학교,광주광역시 동구 조선대길 146,35.1427338913132,126.934716986664,,https://map.naver.com/p/entry/place/16267377,이태신과 전두광이 본관 복도에서 마주치며 신경전을 벌이는 장면 등이 촬영됐다,https://news.unn.net/news/articleView.html?idxno=556362,2026-07-30,,,13114138,청룡영화상 최우수작품상(2024),김성수,https://image.tmdb.org/t/p/w500/ukVVnY9ovwl78WE5KndcpA6SnAm.jpg,서울의봄,3,3,37,60.0,2,N,,,Y,언급2회이상_작품내상위15,정승길_v4,
mv_6059_02,서울의 봄,12.12: THE DAY,movie,황정민;정우성;이성민;박해준;김성균,한남대학교 사범대학,대학교 건물,대전광역시 대덕구 한남로 70,36.3546464143572,127.420160744257,,https://map.naver.com/p/entry/place/16108241,영화 속 수도경비사령부 건물로 등장한 장면이 이 건물에서 촬영됐다,https://www.welfarehello.com/community/hometownNews/%EB%8C%80%EC%A0%84-%EB%8C%80%EB%8D%95%EA%B5%AC-%EC%98%81%ED%99%94-%EC%84%9C%EC%9A%B8%EC%9D%98-%EB%B4%84-%EC%B4%AC%EC%98%81%EC%A7%80-%ED%95%9C%EB%82%A8%EB%8C%80%ED%95%99%EA%B5%90--3cbdf248-d50a-43e4-aaea-2bc01905480e,2026-07-30,,,13114138,청룡영화상 최우수작품상(2024),김성수,https://image.tmdb.org/t/p/w500/ukVVnY9ovwl78WE5KndcpA6SnAm.jpg,서울의봄,2,2,37,40.0,3,N,,,Y,언급2회이상_작품내상위15,정승길_v4,
mv_6059_03,서울의 봄,12.12: THE DAY,movie,황정민;정우성;이성민;박해준;김성균,한남대학교 탈메이지기념관,대학교 건물(근대문화유산),대전광역시 대덕구 한남로 70,36.3559275657833,127.422295584977,,https://map.naver.com/p/entry/place/16106907,영화 속 특전사령부 건물로 등장한 장면이 이 건물에서 촬영됐다,https://www.welfarehello.com/community/hometownNews/%EB%8C%80%EC%A0%84-%EB%8C%80%EB%8D%95%EA%B5%AC-%EC%98%81%ED%99%94-%EC%84%9C%EC%9A%B8%EC%9D%98-%EB%B4%84-%EC%B4%AC%EC%98%81%EC%A7%80-%ED%95%9C%EB%82%A8%EB%8C%80%ED%95%99%EA%B5%90--3cbdf248-d50a-43e4-aaea-2bc01905480e,2026-07-30,,,13114138,청룡영화상 최우수작품상(2024),김성수,https://image.tmdb.org/t/p/w500/ukVVnY9ovwl78WE5KndcpA6SnAm.jpg,서울의봄,2,2,37,40.0,4,N,,,Y,언급2회이상_작품내상위15,정승길_v4,
st_09546,선재업고튀어,Lovely Runner,drama,변우석;김혜윤,몽테드,카페,경기 수원시 팔달구 화서문로48번길 14,37.284771,127.013617,https://lh3.googleusercontent.com/place-photos/AG9NLjBKNN3R3bM3AKPGCtoIRMg-inRSnH3j1dj-qMYdNQwgMW5Hn5I6oxtOAWzXtVdsNdcuASNJSxLV-YND7_Cq81d_Qdv1DOEjdEkXdmopEfjpuTVwvljjv8PdLtSuJjc-a5A6ymSwoKk9pZC8LSrc1Fnr=s4800-w800,https://map.naver.com/p/entry/place/1086154896,"임솔의 집이자 비디오 가게로 등장한 카페로, 맞은편이 선재네 집이다.",https://kdramamap.com/location/%ec%84%a0%ec%9e%ac%ec%97%85%ea%b3%a0%ed%8a%80%ec%96%b4-%eb%aa%bd%ed%85%8c%eb%93%9c-7717/;https://www.telltrip.com/domestic-travel/인기-콘텐츠-1위에-오른-드라마-선재-업고-튀어/;https://frommyuniverse.com/선재업고튀어-촬영지-임솔집-류선재-집-등교길-고백/;https://spoonsilver.com/entry/선재업고튀어-인기촬영지-BEST-6,2026-07-28,7,,,,김태엽;윤종호,https://image.tmdb.org/t/p/w500/9gEp7Rs43Fi3eEEBsIMc8xGewNp.jpg,선재업고튀어,54,334,101,100.0,1,N,,,Y,언급2회이상_작품내상위15,정승길_v4,
st_20590,선재 업고 튀어,Lovely Runner,drama,김혜윤;변우석,방화수류정,문화유적,경기 수원시 팔달구 화성성곽길 233,37.28757246777094,127.01813356571698,https://lh3.googleusercontent.com/place-photos/AG9NLjBLu-l77U9X23UrFGW4pwZZ9Kk9CoKJKPTiangWa5af_jVDmoQLv67w8njkdkAn7GZYtk3cqIVWh5WRzC1wI_15PjMAaDuFbqMQ2Mk1CHdOy7mS4xAyZ76Qcb3rcXmt0bruW9k90fCv3_cUGrM=s4800-w800,https://map.naver.com/p/entry/place/32745598,선재가 솔이에게 자전거 타는 법을 알려주는 장면이 촬영된 곳,https://www.telltrip.com/domestic-travel/인기-콘텐츠-1위에-오른-드라마-선재-업고-튀어/;https://spoonsilver.com/entry/선재업고튀어-인기촬영지-BEST-6,2026-07-30,7,,,,김태엽;윤종호,https://image.tmdb.org/t/p/w500/9gEp7Rs43Fi3eEEBsIMc8xGewNp.jpg,선재업고튀어,29,118,101,53.7,2,N,,,Y,언급2회이상_작품내상위15,정승길_v4,
st_09555,선재업고튀어,Lovely Runner,drama,변우석;김혜윤,수원천,,경기 수원시 팔달구 북수동 419,37.284638,127.017841,https://lh3.googleusercontent.com/place-photos/AG9NLjB74F9tZFT-H6c3B__gmBtgdyD_RxN8omFPzw0MwW55k-yKBfKRXpkGZYSn0qsV59rTrGcBxeuabsIDE8GT0wFaqF2qpj3UIrumw5M-fvjKruxBKjc8_XUml_g1_5S0809dOeLTWgN9efrcYg=s4800-w800,https://map.naver.com/p/entry/place/19469939,6화에서 선재가 솔이에게 좋아한다고 고백하는 장면을 촬영한 하천길(벚꽃 데이트 배경).,https://kdramamap.com/location/%ec%84%a0%ec%9e%ac%ec%97%85%ea%b3%a0%ed%8a%80%ec%96%b4-%ec%88%98%ec%9b%90%ec%b2%9c-7726/,2026-07-28,7,,,,김태엽;윤종호,https://image.tmdb.org/t/p/w500/9gEp7Rs43Fi3eEEBsIMc8xGewNp.jpg,선재업고튀어,24,57,101,44.4,3,N,,,Y,언급2회이상_작품내상위15,정승길_v4,
st_09548,선재업고튀어,Lovely Runner,drama,변우석;김혜윤,화홍마트,,경기 수원시 팔달구 정조로886번길 21,37.287272,127.016422,,https://map.naver.com/p/entry/place/1512479502,임금이 선재에게 군기 잡는 걸 목격한 솔이가 말리는 장면을 촬영한 마트.,https://kdramamap.com/location/%ec%84%a0%ec%9e%ac%ec%97%85%ea%b3%a0%ed%8a%80%ec%96%b4-%ed%99%94%ed%99%8d%eb%a7%88%ed%8a%b8-7719/,2026-07-28,7,,,,김태엽;윤종호,https://image.tmdb.org/t/p/w500/9gEp7Rs43Fi3eEEBsIMc8xGewNp.jpg,선재업고튀어,16,56,101,29.6,4,N,,,Y,언급2회이상_작품내상위15,정승길_v4,
st_20588,선재 업고 튀어,Lovely Runner,drama,김혜윤;변우석,행궁동벽화마을,벽화마을,경기 수원시 팔달구 화서문로 82-6,37.28581656557075,127.01661979365463,https://lh3.googleusercontent.com/place-photos/AG9NLjBYDsi5hzziPGfGp4U5OYkBYSCF1ovdEVTNcheIbSSOpeAAJzMFmo0xvx6-BuFo5OhFDqQo_dY09NUILrmaZnT2Ssbap1Ltk_WZJczmjbS_r5cmz5SNftLOVwkFO_CLBo6tMMiUsaZVie_5uB_shIZ2=s4800-w800,https://map.naver.com/p/entry/place/36733772,선재와 솔이가 학교를 오가는 등굣길 장면이 촬영된 벽화마을,https://www.telltrip.com/domestic-travel/인기-콘텐츠-1위에-오른-드라마-선재-업고-튀어/,2026-07-30,7,,,,김태엽;윤종호,https://image.tmdb.org/t/p/w500/9gEp7Rs43Fi3eEEBsIMc8xGewNp.jpg,선재업고튀어,15,44,101,27.8,5,N,,,Y,언급2회이상_작품내상위15,정승길_v4,
st_09552,선재업고튀어,Lovely Runner,drama,변우석;김혜윤,경수대로743번길,거리,경기 수원시 장안구 경수대로743번길 64,37.288033,127.020964,,,2화에서 솔이가 탄 버스를 선재가 몰래 뒤따라가는 장면을 촬영한 도로변.,https://kdramamap.com/location/%ec%84%a0%ec%9e%ac%ec%97%85%ea%b3%a0%ed%8a%80%ec%96%b4-%ea%b2%bd%ec%88%98%eb%8c%80%eb%a1%9c743%eb%b2%88%ea%b8%b8-7723/,2026-07-28,7,,,,김태엽;윤종호,https://image.tmdb.org/t/p/w500/9gEp7Rs43Fi3eEEBsIMc8xGewNp.jpg,선재업고튀어,14,23,101,25.9,7,N,,,Y,언급2회이상_작품내상위15,정승길_v4,
st_20589,선재 업고 튀어,Lovely Runner,drama,김혜윤;변우석,수원화성 화홍문,문화유적,경기 수원시 팔달구 북수동 9000-1,37.28754551327953,127.01762609024438,https://lh3.googleusercontent.com/place-photos/AG9NLjBrMde0nQdR9L1WQjq242h02LpDGhkCQidIVvLmlK7eowGUzLRHqWswhXWWo6hdw465cMVdBCpfThL8wTLK1CByT-pT7BgkNBpb22YNjX4nBQCxuDQcBvK7AgNhoykWWiI0dTOyzom7lI3a8V-9CZWs=s4800-w800,https://map.naver.com/p/entry/place/21167937,선재가 솔이에게 마음을 고백하는 장면이 촬영된 장소,https://www.telltrip.com/domestic-travel/인기-콘텐츠-1위에-오른-드라마-선재-업고-튀어/;https://spoonsilver.com/entry/선재업고튀어-인기촬영지-BEST-6;https://news.nucleartip.com/entry/선재-업고-튀어-촬영지-방문-및-여행-추천-장소,2026-07-30,7,,,,김태엽;윤종호,https://image.tmdb.org/t/p/w500/9gEp7Rs43Fi3eEEBsIMc8xGewNp.jpg,선재업고튀어,14,22,101,25.9,8,N,,,Y,언급2회이상_작품내상위15,정승길_v4,
st_09575,선재업고튀어,Lovely Runner,drama,변우석;김혜윤,삽교호놀이동산,자연/명소,충남 당진시 신평면 삽교천3길 15,36.890001,126.822395,https://lh3.googleusercontent.com/place-photos/AG9NLjBpbSg9yITZQPXXiMIXfUxF8Xs7xCJo_r3zAUYPbccoNltCSUm4n3l-9c72eRnLNkf0IfPF83ddxOVIGODdYnlltYiX803ThGaAktT3EhSKbR6zKPpqyCxC0kIBCOUhqRaUJ4DEUUaSlAvs=s4800-w800,https://map.naver.com/p/entry/place/12973592,20살 생일을 맞은 솔이 선재와 데이트하던 놀이공원으로 등장.,https://kdramamap.com/location/%ec%84%a0%ec%9e%ac%ec%97%85%ea%b3%a0%ed%8a%80%ec%96%b4-%ec%82%bd%ea%b5%90%ed%98%b8%eb%86%80%ec%9d%b4%eb%8f%99%ec%82%b0-7746/,2026-07-28,7,,,,김태엽;윤종호,https://image.tmdb.org/t/p/w500/9gEp7Rs43Fi3eEEBsIMc8xGewNp.jpg,선재업고튀어,9,55,101,16.7,9,N,,,Y,언급2회이상_작품내상위15,정승길_v4,
st_09544,선재업고튀어,Lovely Runner,drama,변우석;김혜윤,행궁호두,,경기 수원시 팔달구 화서문로32번길 13,37.284518,127.011943,https://lh3.googleusercontent.com/place-photos/AG9NLjDejH72Wl5XCqLRqFnhmJKqvYQtji7GvXnonCBMHjo6nPozpfGyGAwMkk1V8YvrPpjQYtpi2om65rHx8UytJqY-ZAw3-29B0xlJIqA8vfX5Pu3CQpoGQqhXkC0w5dLntBL4Rl-BqFN8cql_e9PzH1Ir1g=s4800-w800,https://map.naver.com/p/entry/place/1299461731,2008년 시절 솔이가 선재를 따라다니던 골목길 에피소드가 촬영된 거리(행궁호두 앞).,https://kdramamap.com/location/%ec%84%a0%ec%9e%ac%ec%97%85%ea%b3%a0%ed%8a%80%ec%96%b4-%ed%96%89%ea%b6%81%ed%98%b8%eb%91%90-7715/,2026-07-28,7,,,,김태엽;윤종호,https://image.tmdb.org/t/p/w500/9gEp7Rs43Fi3eEEBsIMc8xGewNp.jpg,선재업고튀어,8,22,101,14.8,10,N,,,Y,언급2회이상_작품내상위15,정승길_v4,
st_09564,선재업고튀어,Lovely Runner,drama,변우석;김혜윤,아야진해수욕장,해변,강원 고성군 토성면 아야진리,38.276421,128.548190,,https://map.naver.com/p/entry/place/13491425,12화에서 친구들과 바다를 거닐며 시간을 보내는 여행 장면을 촬영한 해변.,https://kdramamap.com/location/%ec%84%a0%ec%9e%ac%ec%97%85%ea%b3%a0%ed%8a%80%ec%96%b4-%ec%95%84%ec%95%bc%ec%a7%84%ed%95%b4%ec%88%98%ec%9a%95%ec%9e%a5-7735/;https://news.nucleartip.com/entry/선재-업고-튀어-촬영지-방문-및-여행-추천-장소,2026-07-28,7,,,,김태엽;윤종호,https://image.tmdb.org/t/p/w500/9gEp7Rs43Fi3eEEBsIMc8xGewNp.jpg,선재업고튀어,7,37,101,13.0,11,N,,,Y,언급2회이상_작품내상위15,정승길_v4,
st_09577,선재업고튀어,Lovely Runner,drama,변우석;김혜윤,금강교,다리,충남 공주시 신관동 553,36.468926,127.127094,https://lh3.googleusercontent.com/place-photos/AG9NLjCkugip_xQxiCh7mV43ZoiDeknTppHb5vCNaTWXSXKDmLM032s94XLUhaLO03U2s3weuuPtjT6ArdtIUvizkgo_xvCDjg0OQTRdz3BPU5PAtOZDRKqzOAwV40sF6LZaF9HJX0tMES1KKH1oDg=s4800-w800,https://map.naver.com/p/entry/place/17695366,타임슬립한 것을 모른 채 꿈속인 줄 안 솔이 선재에게 '같이 살자'라고 외치던 다리로 등장.,https://kdramamap.com/location/%ec%84%a0%ec%9e%ac%ec%97%85%ea%b3%a0%ed%8a%80%ec%96%b4-%ea%b8%88%ea%b0%95%ea%b5%90-7748/;https://spoonsilver.com/entry/선재업고튀어-인기촬영지-BEST-6,2026-07-28,7,,,,김태엽;윤종호,https://image.tmdb.org/t/p/w500/9gEp7Rs43Fi3eEEBsIMc8xGewNp.jpg,선재업고튀어,5,13,101,9.3,12,N,,,Y,언급2회이상_작품내상위15,정승길_v4,
st_09516,선재업고튀어,Lovely Runner,drama,변우석;김혜윤,성북천,하천,서울 성북구 보문로36길 16,37.590913,127.015019,https://lh3.googleusercontent.com/place-photos/AG9NLjB_CrbddKcdsHfrcvtnWq8XsuxvDYwWI_9sN5uKmsiA2JXlZ2QHEozJxmKPI_IzdBlitQTo7AS-OsHaHw6qIw7qGxkBQINZd7WY5OOhtHX-uNjMsCsKANDzk0IFyJpHlrtPc47e7L4mhHSEtg=s4800-w800,https://map.naver.com/p/entry/place/19406054,임솔이 타임슬립하는 장면을 촬영한 하천 산책로.,https://kdramamap.com/location/%ec%84%a0%ec%9e%ac%ec%97%85%ea%b3%a0%ed%8a%80%ec%96%b4-%ec%84%b1%eb%b6%81%ec%b2%9c-7687/;https://spoonsilver.com/entry/선재업고튀어-인기촬영지-BEST-6,2026-07-28,7,,,,김태엽;윤종호,https://image.tmdb.org/t/p/w500/9gEp7Rs43Fi3eEEBsIMc8xGewNp.jpg,선재업고튀어,5,13,101,9.3,13,N,,,Y,언급2회이상_작품내상위15,정승길_v4,
st_09510,선재업고튀어,Lovely Runner,drama,변우석;김혜윤,중앙고등학교,학교,서울 종로구 창덕궁길 164,37.583788,126.987473,https://lh3.googleusercontent.com/place-photos/AG9NLjCh6wLwaUujftdBx_F-oShETrtV_QcRA69rztFAhwh_28-ErIzXXo2VC76U6mid2lD3eov6zJMvVsUExpitlQT5Wcrf6xwoKkWRtJ5dsRZZXaCmG1L6Cq-xCppV3-EzeB9N1--8rqGXmVt_-w=s4800-w800,https://map.naver.com/p/entry/place/12111891,"솔, 선재, 태성이 다니는 자감고등학교로 등장한 곳.",https://kdramamap.com/location/%ec%84%a0%ec%9e%ac%ec%97%85%ea%b3%a0%ed%8a%80%ec%96%b4-%ec%a4%91%ec%95%99%ea%b3%a0%eb%93%b1%ed%95%99%ea%b5%90-7681/;https://news.nucleartip.com/entry/선재-업고-튀어-촬영지-방문-및-여행-추천-장소,2026-07-28,7,,,,김태엽;윤종호,https://image.tmdb.org/t/p/w500/9gEp7Rs43Fi3eEEBsIMc8xGewNp.jpg,선재업고튀어,5,9,101,9.3,14,N,,,Y,언급2회이상_작품내상위15,정승길_v4,
st_09571,선재업고튀어,Lovely Runner,drama,변우석;김혜윤,마도 해안절벽,자연경관,충남 태안군 근흥면 신진도리 산11,36.683561,126.129123,https://lh3.googleusercontent.com/place-photos/AG9NLjCKCVY1l3krEUzNEFsqKkzhNB8JPLJoaxQb4UIT45QzTKigC_wFXpV-Lpn7aTFGhyQ8kWG1Mqibe18WRzfAWHXfGWXYYAy_1QC5IkWkglYq2NnkepGmAI48fbTLOvhdYv6a0pHUGUztzt9I_K96aX8vCA=s4800-w800,,12화에서 솔이를 구하려다 선재가 다시 죽음을 맞는 절벽 장면을 촬영한 곳.,https://kdramamap.com/location/%ec%84%a0%ec%9e%ac%ec%97%85%ea%b3%a0%ed%8a%80%ec%96%b4-%eb%a7%88%eb%8f%84-%ed%95%b4%ec%95%88%ec%a0%88%eb%b2%bd-7742/;https://www.telltrip.com/domestic-travel/인기-콘텐츠-1위에-오른-드라마-선재-업고-튀어/;https://spoonsilver.com/entry/선재업고튀어-인기촬영지-BEST-6;https://news.nucleartip.com/entry/선재-업고-튀어-촬영지-방문-및-여행-추천-장소,2026-07-28,7,,,,김태엽;윤종호,https://image.tmdb.org/t/p/w500/9gEp7Rs43Fi3eEEBsIMc8xGewNp.jpg,선재업고튀어,4,21,101,7.4,15,N,,,Y,언급2회이상_작품내상위15,정승길_v4,
mv_1798_02,수상한 그녀,Miss Granny,movie,심은경;나문희;박인환;성동일;이진욱,청운반점,음식점(중식당),서울특별시 종로구 자하문로 47-1,37.5802603634986,126.970979516515,https://lh3.googleusercontent.com/place-photos/AG9NLjDM-_mvrA_MPBEAmkAgb5JsOvEaPTXEnkFTOgd2c3ldwLks5iF_Qtit5YWzWAhNQEJRSFdDcxUXKZrdKxxF1ZBmDBhASMyqsjw4C_YUT88CWG_dUkPdRp7n0bctW13buXEE5VN6d_ama_R4=s4800-w800,,오말순이 청춘사진관에서 사진을 찍고 스무 살로 변한 뒤 다시 찾아간 장면,https://blog.naver.com/mshmsc/220233021670,2026-07-30,,,8642334,,황동혁,https://image.tmdb.org/t/p/w500/tmY4b9sO8KDszQCvPKiKYJSNaqe.jpg,수상한그녀,5,16,41,100.0,1,N,,,Y,언급2회이상_작품내상위15,정승길_v4,
mv_1798_04,수상한 그녀,Miss Granny,movie,심은경;나문희;박인환;성동일;이진욱,금성당,문화재(사당),서울특별시 은평구 진관2로 57-23,37.6351344788336,126.925378161529,https://lh3.googleusercontent.com/place-photos/AG9NLjC9H0iZnmHo8m3AZDz7d_cTkWDj6c3sU7LuFYZCIpP-fYJ05FS0YARy-KKQ-k7IZeAnPsdf9t_3US-GiBNkFZfZTcrytqjRL6wW34NXpLFmfjasIBo1mPOn_8VOmMR7hsu_ahUrabeMpaVFDg=s4800-w800,https://map.naver.com/p/entry/place/18693269,박씨가 떠올리는 젊은 시절 말순의 모습이 담긴 회상 장면,https://blog.naver.com/hs21589/221237445946,2026-07-30,,,8642334,,황동혁,https://image.tmdb.org/t/p/w500/tmY4b9sO8KDszQCvPKiKYJSNaqe.jpg,수상한그녀,2,3,41,40.0,2,N,,,Y,언급2회이상_작품내상위15,정승길_v4,
mv_1798_03,수상한 그녀,Miss Granny,movie,심은경;나문희;박인환;성동일;이진욱,고운당,게스트하우스(한옥),서울특별시 종로구 자하문로8길 20,37.5789410104277,126.972753672512,https://lh3.googleusercontent.com/place-photos/AG9NLjCB8apyE7ULOYoyLNfAv--8dcRdcVVEJboFOJnm6Ld4qRHmg2G2A9guOI9UnuzJqMXBFtnnvnlUPwjc8AI0faapjZkF782vGLyUKrS42ty-skY9gAzeHPcI3mAwe2VeAhzWhhe6psPzzTnFpA=s4800-w800,https://map.naver.com/p/entry/place/1844025986,박인환이 연기한 박씨의 자택으로 등장하는 서촌 한옥 게스트하우스,https://blog.naver.com/goodtk75/220480248570,2026-07-30,,,8642334,,황동혁,https://image.tmdb.org/t/p/w500/tmY4b9sO8KDszQCvPKiKYJSNaqe.jpg,수상한그녀,1,3,41,20.0,3,N,,,Y,언급부족_데이터품질기준보존,정승길_v4,
st_20185,슈룹,Under the Queen's Umbrella,drama,김혜수;김해숙;최원영,전주한옥마을,촬영지,전라북도 전주시 완산구 기린대로 99,35.8182133310179,127.153608497904,https://lh3.googleusercontent.com/place-photos/AG9NLjC2EwahK3xFHSVczSBhzl50IOAHAOG704m97voBhrzUyKdd5HOZBE-h-z8b7K9aFKh7EY_aqyvqCG81I_aXJwr7Z-Eam8rSiwX4zCCfIfRWwBxnQbCd691FhlNFhh-WvForxnWYYo7QGBr4-b6D_l9Z=s4800-w800,https://map.naver.com/p/entry/place/13208779,중전 화령(김혜수)이 아들들을 돌보러 전주한옥마을 곳곳을 뛰어다니는 장면을 촬영,https://kdramadiary.com/korea-travel/under-the-queens-umbrella-filming-location-jeonju-hanok-village/,2026-07-30,79,,,,Kim Hyung-sik,https://image.tmdb.org/t/p/w500/tYZ4XCZa8YBG6MADepLQNk45H7z.jpg,슈룹,7,36,51,100.0,1,N,,,Y,언급2회이상_작품내상위15,정승길_v4,
st_20183,슈룹,Under the Queen's Umbrella,drama,김혜수;김해숙;최원영,문경새재오픈세트장,촬영지,경상북도 문경시 문경읍 새재로 932,36.7616034289935,128.076989152595,https://lh3.googleusercontent.com/place-photos/AG9NLjBHNSIiY9b6wSTqkSSM7sgFZy-typNG9luM93NoHoOtlEnqrU_Z-ud50p5ZtMq4x0S-S7wMr7d71vqEQ50YkuWxpBNWUufDf-__ZNFoQc9ASCf-v3a-bO_jTmYs48Q-vT-dFPmYHTb8S6q-oNQ=s4800-w800,https://map.naver.com/p/entry/place/37844946,궁궐 등 극 중 대부분의 사극 장면이 촬영된 핵심 오픈세트,https://kdramadiary.com/korea-travel/under-the-queens-umbrella-filming-location/,2026-07-30,79,,,,Kim Hyung-sik,https://image.tmdb.org/t/p/w500/tYZ4XCZa8YBG6MADepLQNk45H7z.jpg,슈룹,7,29,51,100.0,2,N,,,Y,언급2회이상_작품내상위15,정승길_v4,
st_20192,슈룹,Under the Queen's Umbrella,drama,김혜수;김해숙;최원영,용인대장금파크,촬영지,경기도 용인시 처인구 백암면 용천리,37.123487100611,127.356224010357,https://lh3.googleusercontent.com/place-photos/AG9NLjCT1kZTB6B9tA9qR39FVdoY89yCB6pn5kV56bze5R3HChMbEWzfMUQ3Cl5Htamjyt44GLCgbK10Lh5A4_iZS3Llnrz3nKkVKZCUdylxiZ482muTL29rv2rYv4_bafEmQiMUNFTbmAAzcQaKo_4=s4800-w800,https://map.naver.com/p/entry/place/13523487,슈룹 궁궐 장면 상당수(2·3·5·11·16화 등)가 촬영된 오픈세트장,https://www.sianews.kr/news/articleView.html?idxno=1547,2026-07-30,79,,,,Kim Hyung-sik,https://image.tmdb.org/t/p/w500/tYZ4XCZa8YBG6MADepLQNk45H7z.jpg,슈룹,7,21,51,100.0,3,N,,,Y,언급2회이상_작품내상위15,정승길_v4,
st_20189,슈룹,Under the Queen's Umbrella,drama,김혜수;김해숙;최원영,창덕궁(낙선재·인정전),촬영지,서울특별시 종로구 율곡로 99,37.5788697347103,126.989710338876,,,"왕비와 왕자들의 사적 공간인 낙선재, 인정전 등이 등장하는 장면",https://thecinemaholic.com/is-netflixs-under-the-queens-umbrella-based-on-a-true-story-where-is-it-filmed/,2026-07-30,79,,,,Kim Hyung-sik,https://image.tmdb.org/t/p/w500/tYZ4XCZa8YBG6MADepLQNk45H7z.jpg,슈룹,6,12,51,85.7,4,N,,,Y,언급2회이상_작품내상위15,정승길_v4,
st_20184,슈룹,Under the Queen's Umbrella,drama,김혜수;김해숙;최원영,전주향교,촬영지,전라북도 전주시 완산구 향교길 139,35.812177597872,127.157226774295,https://lh3.googleusercontent.com/place-photos/AG9NLjDlMiybjLOxGW4ofAYDLM4HTxpZVm0QIoot-kKBMbmaNh_B46HiaF-Jao7tqTahYQjnWL8vbgl6J6wz2gcuJB9lvLR3Mgj2eFTq3rnyqyMmpv2OLtFrsTyepDWYUOBAWqTJbCzUPA38uaAzu2c=s4800-w800,https://map.naver.com/p/entry/place/13208787,조선시대 향교를 배경으로 한 장면,https://kdramadiary.com/korea-travel/under-the-queens-umbrella-filming-location/,2026-07-30,79,,,,Kim Hyung-sik,https://image.tmdb.org/t/p/w500/tYZ4XCZa8YBG6MADepLQNk45H7z.jpg,슈룹,5,23,51,71.4,5,N,,,Y,언급2회이상_작품내상위15,정승길_v4,
st_20190,슈룹,Under the Queen's Umbrella,drama,김혜수;김해숙;최원영,경복궁(근정전·경회루),촬영지,서울특별시 종로구 사직로 161,37.5759040910202,126.976842133821,https://lh3.googleusercontent.com/place-photos/AG9NLjBG922eoDhno8SZIg93jS225aWHa02UJfO_AvVvRpUYRPLzerLdZcjTeolY4ZFCyZww21nTBEg3z8pvc8KHDYBzUppOlpLA0_vfezOsVNrLscnXKQ3ggjJvnIM_lviYJ01GXrvu0mEWT1d9-cnC3JqY-A=s4800-w800,,"왕과 대신들의 정무 장면, 근정전과 경회루가 등장하는 장면",https://thecinemaholic.com/is-netflixs-under-the-queens-umbrella-based-on-a-true-story-where-is-it-filmed/,2026-07-30,79,,,,Kim Hyung-sik,https://image.tmdb.org/t/p/w500/tYZ4XCZa8YBG6MADepLQNk45H7z.jpg,슈룹,3,5,51,42.9,6,N,,,Y,언급2회이상_작품내상위15,정승길_v4,
st_20593,스물다섯 스물하나,Twenty-Five Twenty-One,drama,김태리;남주혁;김지연,한벽굴(한벽터널),터널/명소,전북특별자치도 전주시 완산구 기린대로 2,35.811887,127.160825,https://lh3.googleusercontent.com/place-photos/AG9NLjB45cSOyd7wlol6JrnbO8i0iGP8vM3DllUqDMwRgY7gltx2Kx_gO-imXWvLgIt8zvE_iAwz0ov95sW5Pyv2F3hNzosPSW_QSrMpFVCmyFG1bB56JQP-8Cb7oBBw5bNkusnob16kjQF3nZIR_Q=s4800-w800,,물놀이 후 도망친 두 사람이 지나가며 고백을 나누는 터널 장면,https://traveltodrama.com/twenty-five-twenty-one-filming-locations-map/;https://v.daum.net/v/EFDkUEyOdj;https://bohemihan.tistory.com/entry/스물다섯-스물하나-촬영지-완벽정리,2026-07-30,17,,,,정지현,https://image.tmdb.org/t/p/w500/706Ar36Q1XT3056JQHoYpJbh6W0.jpg,스물다섯스물하나,62,434,106,100.0,1,N,,,Y,언급2회이상_작품내상위15,정승길_v4,
st_20596,스물다섯 스물하나,Twenty-Five Twenty-One,drama,김태리;남주혁;김지연,전주한옥마을,한옥마을/명소,전북특별자치도 전주시 완산구 기린대로 99,35.818213,127.153608,https://lh3.googleusercontent.com/place-photos/AG9NLjC2EwahK3xFHSVczSBhzl50IOAHAOG704m97voBhrzUyKdd5HOZBE-h-z8b7K9aFKh7EY_aqyvqCG81I_aXJwr7Z-Eam8rSiwX4zCCfIfRWwBxnQbCd691FhlNFhh-WvForxnWYYo7QGBr4-b6D_l9Z=s4800-w800,https://map.naver.com/p/entry/place/13208779,나희도가 신문을 배달하며 골목을 뛰어다니는 장면,https://traveltodrama.com/twenty-five-twenty-one-filming-locations-map/,2026-07-30,17,,,,정지현,https://image.tmdb.org/t/p/w500/706Ar36Q1XT3056JQHoYpJbh6W0.jpg,스물다섯스물하나,46,134,106,74.2,2,N,,,Y,언급2회이상_작품내상위15,정승길_v4,
st_20592,스물다섯 스물하나,Twenty-Five Twenty-One,drama,김태리;남주혁;김지연,크로싱 게스트하우스(오목대),숙박/주택,전북특별자치도 전주시 완산구 오목대길 5-19,35.813187,127.155359,,,희도의 집이자 이진과 처음 만난 장소로 등장하는 장면,https://traveltodrama.com/twenty-five-twenty-one-filming-locations-map/;https://v.daum.net/v/EFDkUEyOdj,2026-07-30,17,,,,정지현,https://image.tmdb.org/t/p/w500/706Ar36Q1XT3056JQHoYpJbh6W0.jpg,스물다섯스물하나,39,119,106,62.9,3,N,,,Y,언급2회이상_작품내상위15,정승길_v4,
st_20594,스물다섯 스물하나,Twenty-Five Twenty-One,drama,김태리;남주혁;김지연,소리방앗간(만화방),서점/상점,전북특별자치도 전주시 완산구 서학3길 63,35.808341,127.151738,,,백이진이 일하는 만화책 대여점으로 등장하는 장면,https://traveltodrama.com/twenty-five-twenty-one-filming-locations-map/;https://v.daum.net/v/EFDkUEyOdj,2026-07-30,17,,,,정지현,https://image.tmdb.org/t/p/w500/706Ar36Q1XT3056JQHoYpJbh6W0.jpg,스물다섯스물하나,23,62,106,37.1,4,N,,,Y,언급2회이상_작품내상위15,정승길_v4,
st_20608,스물다섯 스물하나,Twenty-Five Twenty-One,drama,김태리;남주혁;김지연,수원화성(교동),성곽/명소,경기 수원시 팔달구 교동 6-197,37.277301,127.013316,,,16화에서 희도와 이진이 벚꽃 핀 버스정류장 옆에서 이별하는 장면,https://traveltodrama.com/twenty-five-twenty-one-filming-locations-map/,2026-07-30,17,,,,정지현,https://image.tmdb.org/t/p/w500/706Ar36Q1XT3056JQHoYpJbh6W0.jpg,스물다섯스물하나,14,68,106,22.6,5,N,,,Y,언급2회이상_작품내상위15,정승길_v4,
st_20597,스물다섯 스물하나,Twenty-Five Twenty-One,drama,김태리;남주혁;김지연,논산여자상업고등학교(태양고),학교,충남 논산시 시민로 197,36.184828,127.095928,https://lh3.googleusercontent.com/place-photos/AG9NLjD-ZzZx2zN0U6NWn6iX2cPjesHQ_DeTYqVkeEx4Ao5oDmOqDzOCaTtsNhB4wA88kG51hTGBB99BCA8fqSZXO3iPv2oYWcUFDU4DzWk2vIPG9vS1Hh8scU-GnJmuLwtgPkfYzXpTC-8riLM9RYY=s4800-w800,,"태양고등학교로 등장, 우산을 쓰고 대화를 나누는 장면",https://traveltodrama.com/twenty-five-twenty-one-filming-locations-map/;https://bohemihan.tistory.com/entry/스물다섯-스물하나-촬영지-완벽정리,2026-07-30,17,,,,정지현,https://image.tmdb.org/t/p/w500/706Ar36Q1XT3056JQHoYpJbh6W0.jpg,스물다섯스물하나,14,53,106,22.6,6,N,,,Y,언급2회이상_작품내상위15,정승길_v4,
st_20607,스물다섯 스물하나,Twenty-Five Twenty-One,drama,김태리;남주혁;김지연,삼포해수욕장,해변,강원특별자치도 고성군 죽왕면 삼포리,38.315374,128.535097,https://lh3.googleusercontent.com/place-photos/AG9NLjCEptkagu1J8eKgASQN0zzj-lBvz-ghei04OwoFdEfPRiyNk0PZ2i9Ep5VuNXyYKRMmcP3UiJ2DTtk6LjfEMeYRjncsfgkTV4QAK6NutCSGPoD8-U4n0KnFAjeNTe5vJFY4hvzzRlebmoFdpkdkmytx=s4800-w800,https://map.naver.com/p/entry/place/13444347,수학여행 중 노을을 배경으로 한 해변 장면(10화),https://traveltodrama.com/twenty-five-twenty-one-filming-locations-map/;https://bohemihan.tistory.com/entry/스물다섯-스물하나-촬영지-완벽정리,2026-07-30,17,,,,정지현,https://image.tmdb.org/t/p/w500/706Ar36Q1XT3056JQHoYpJbh6W0.jpg,스물다섯스물하나,7,22,106,11.3,7,N,,,Y,언급2회이상_작품내상위15,정승길_v4,
st_20609,스물다섯 스물하나,Twenty-Five Twenty-One,drama,김태리;남주혁;김지연,동네슈퍼(남고산2길),상점,전북특별자치도 전주시 완산구 남고산2길 21,,,,,두 주인공이 슬러시를 먹으며 대화를 나누는 장면,https://v.daum.net/v/EFDkUEyOdj,2026-07-30,17,,,,정지현,https://image.tmdb.org/t/p/w500/706Ar36Q1XT3056JQHoYpJbh6W0.jpg,스물다섯스물하나,4,6,106,6.5,8,N,,,Y,언급2회이상_작품내상위15,정승길_v4,
st_20604,스물다섯 스물하나,Twenty-Five Twenty-One,drama,김태리;남주혁;김지연,춘천대교,대교,강원특별자치도 춘천시 근화동 609,37.887001,127.710017,https://lh3.googleusercontent.com/place-photos/AG9NLjBH-v7xuknQfBNOAhVruoaPzXOYe5aWzJglGR1LrucoO32gXzlyNnM3m4wodAcdiyoCBhPw-pjcIP5abp5bcCkpTgNEboiGmovJ4a7VXifvNM3ctpxI4FhSS_mY0m7nJ9If0xTcqptdkf-CnuI=s4800-w800,https://map.naver.com/p/entry/place/1315884072,무지개를 배경으로 고백을 나누는 장면,https://traveltodrama.com/twenty-five-twenty-one-filming-locations-map/;https://bohemihan.tistory.com/entry/스물다섯-스물하나-촬영지-완벽정리,2026-07-30,17,,,,정지현,https://image.tmdb.org/t/p/w500/706Ar36Q1XT3056JQHoYpJbh6W0.jpg,스물다섯스물하나,3,4,106,4.8,9,N,,,Y,언급2회이상_작품내상위15,정승길_v4,
st_10122,스물다섯스물하나,Twenty-Five Twenty-One,drama,김태리;남주혁,마로니에공원,공원,서울 종로구 대학로 104,37.580334,127.002515,https://lh3.googleusercontent.com/place-photos/AG9NLjAoKLLnfxt59y9OkaU9Aa9v8UBHs5HPZ7MfD7VmaxwOhP_2pHhyn5lLj0ZmYVVdn6wItV_wp5dO-uVEZhGhvMnRlpIHXyPWoRHi6OgiexcC9WsRWpJUvIH-upVByRldHUrRF97tSDgcT-F6N-c=s4800-w800,https://map.naver.com/p/entry/place/11622409,나희도(김태리)의 오랜 채팅 친구는 8화에서 노란 장미를 사인으로 이 공원에서 만나자고 제안한다,https://kdramamap.com/location/%ec%8a%a4%eb%ac%bc%eb%8b%a4%ec%84%af%ec%8a%a4%eb%ac%bc%ed%95%98%eb%82%98-%eb%a7%88%eb%a1%9c%eb%8b%88%ec%97%90%ea%b3%b5%ec%9b%90-1295/;https://traveltodrama.com/twenty-five-twenty-one-filming-locations-map/;https://bohemihan.tistory.com/entry/스물다섯-스물하나-촬영지-완벽정리,2026-07-28,17,,,,정지현,https://image.tmdb.org/t/p/w500/706Ar36Q1XT3056JQHoYpJbh6W0.jpg,스물다섯스물하나,2,8,106,3.2,10,N,,,Y,언급2회이상_작품내상위15,정승길_v4,
st_20601,스물다섯 스물하나,Twenty-Five Twenty-One,drama,김태리;남주혁;김지연,묵호항,항구,강원특별자치도 동해시 발한동 2-69,37.549790,129.111775,https://lh3.googleusercontent.com/place-photos/AG9NLjA_zfjGmR5sBGsGOlOrGvdnVaX45cUzPFxQywGn5SC6OX60uSdTQuaVQc6vX2GwPUCbEBoSlTtuw8417j2Ey39FOt0EkL3s_--O0z7naLg4L04Dstud-JE4HBinkdaDoqukQonO_ZLcflYbvtuAU9Sj7g=s4800-w800,https://map.naver.com/p/entry/place/21178122,백이진이 생선을 팔며 일하는 새 직장으로 등장하는 장면,https://traveltodrama.com/twenty-five-twenty-one-filming-locations-map/;https://bohemihan.tistory.com/entry/스물다섯-스물하나-촬영지-완벽정리,2026-07-30,17,,,,정지현,https://image.tmdb.org/t/p/w500/706Ar36Q1XT3056JQHoYpJbh6W0.jpg,스물다섯스물하나,2,4,106,3.2,11,N,,,Y,언급2회이상_작품내상위15,정승길_v4,
st_20602,스물다섯 스물하나,Twenty-Five Twenty-One,drama,김태리;남주혁;김지연,신남해수욕장(방파제),해변,강원특별자치도 삼척시 원덕읍 갈남리,37.264717,129.327072,,,수학여행 중 등대와 방파제를 배경으로 걷는 장면,https://traveltodrama.com/twenty-five-twenty-one-filming-locations-map/;https://v.daum.net/v/EFDkUEyOdj,2026-07-30,17,,,,정지현,https://image.tmdb.org/t/p/w500/706Ar36Q1XT3056JQHoYpJbh6W0.jpg,스물다섯스물하나,2,4,106,3.2,12,N,,,Y,언급2회이상_작품내상위15,정승길_v4,
st_10152,스위트홈2,Sweet Home Season 2,drama,송강;이진욱;이시영;고민시,더현대서울,쇼핑몰,서울 영등포구 여의대로 108,37.525191,126.929113,https://lh3.googleusercontent.com/place-photos/AG9NLjCcXcZTiw5VRl0bAlIha0tDSokBxPAgMQPioShuXGmJjzyqqzUgr6kx1kKLxC67hhBK6EL9o-FEdwh0Z6POJGnPhXPfkxmvhgpLZAvkEjHh4Y4BOZu1XEBiwtHSfeT-3B6Mzu2wkO5nlMvi9MP2CrdHEA=s4800-w800,https://map.naver.com/p/entry/place/1228105086,모던한 쇼핑몰을 배경으로 주요 액션 장면이 촬영된 곳,https://kdramamap.com/location/%ec%8a%a4%ec%9c%84%ed%8a%b8%ed%99%882-%eb%8d%94%ed%98%84%eb%8c%80%ec%84%9c%ec%9a%b8-4368/;https://seasonings.tistory.com/entry/스위트홈-시즌2-등장인물-출연진-배우-인스타-촬영지;https://m.blog.naver.com/hsc660312/223280718264,2026-07-28,11,,,,이응복,https://image.tmdb.org/t/p/w500/kJEcSBMPacDJuAihPNmcUEgon1Y.jpg,스위트홈2,1,2,40,100.0,1,N,,,Y,언급부족_데이터품질기준보존,정승길_v4,
st_10154,스위트홈2,Sweet Home Season 2,drama,송강;이진욱;이시영;고민시,"반포대교,잠수교",다리,서울 서초구 반포동 647,37.514552,126.997949,https://lh3.googleusercontent.com/place-photos/AG9NLjAZnhDsACot4sX-TXiwrJEjQiyYGq0KfE8uq9vDHdxCTwto0DPouPPmLlsY73FjtozpQou6oHwXkaobHQecB9_fONRk7Qosfu4-779fHtuVYNc_sTMD3-I9nNr374sxI4uEX8-eMielDZAoIA=s4800-w800,https://map.naver.com/p/entry/place/18762982,극 중 반포대교에서 벌어지는 추격신이 펼쳐지는 장면,https://kdramamap.com/location/%ec%8a%a4%ec%9c%84%ed%8a%b8%ed%99%882-%eb%b0%98%ed%8f%ac%eb%8c%80%ea%b5%90-%ec%9e%a0%ec%88%98%ea%b5%90-4370/;https://seasonings.tistory.com/entry/스위트홈-시즌2-등장인물-출연진-배우-인스타-촬영지;https://m.blog.naver.com/hsc660312/223280718264,2026-07-28,11,,,,이응복,https://image.tmdb.org/t/p/w500/kJEcSBMPacDJuAihPNmcUEgon1Y.jpg,스위트홈2,0,0,40,0.0,4,N,,,Y,언급부족_데이터품질기준보존,정승길_v4,
st_10157,스위트홈2,Sweet Home Season 2,drama,송강;이진욱;이시영;고민시,부천아트벙커 B39,문화시설,경기 부천시 삼작로 53,37.521900,126.767661,https://lh3.googleusercontent.com/place-photos/AG9NLjBAcVJ8KGG6qdtJ6RHE6OEjyRsMIs_8CIcV38Jr1MM33RL3Lb6b_eKsK29s_iik6dyXauqSmkNfjF9ArSZI3WhuGkf8KZLvJJaB5YAXsYt3OhmhVw15i6HrQeQpUMxkMnUaF9jT-J0oKG7_nw=s4800-w800,https://map.naver.com/p/entry/place/1340333088,폐허가 된 듯한 공간으로 묘사되는 장면이 촬영된 곳,https://kdramamap.com/location/%ec%8a%a4%ec%9c%84%ed%8a%b8%ed%99%882-%eb%b6%80%ec%b2%9c%ec%95%84%ed%8a%b8%eb%b2%99%ec%bb%a4-b39-4373/;https://seasonings.tistory.com/entry/스위트홈-시즌2-등장인물-출연진-배우-인스타-촬영지;https://m.blog.naver.com/hsc660312/223280718264,2026-07-28,11,,,,이응복,https://image.tmdb.org/t/p/w500/kJEcSBMPacDJuAihPNmcUEgon1Y.jpg,스위트홈2,0,0,40,0.0,5,N,,,Y,언급부족_데이터품질기준보존,정승길_v4,
st_10220,스터디그룹,Study Group,drama,황민현;한지은;차우민,인천대중예술고등학교,학교,인천 미추홀구 석정로 165,37.473964,126.651979,https://lh3.googleusercontent.com/place-photos/AG9NLjCJjsBMDVUvQuF6ET0A6sfj2O0RHmlG8BtgT62bGLsCCuMQ6Cs-aZeXkJVE_5vz9_Dt4ZKA0HAWsPmUuLxrJPBYgNYXx8BrRQKxgWOGspWAYSJECDeEhUMp0m-3ftGRcKJ801j1ezd515QQ=s4800-w800,https://map.naver.com/p/entry/place/1877224201,극중 문제학교 유성공고의 외경 촬영지로 사용된 인천의 실제 고등학교,https://kdramamap.com/location/%ec%8a%a4%ed%84%b0%eb%94%94%ea%b7%b8%eb%a3%b9-%ec%9d%b8%ec%b2%9c%eb%8c%80%ec%a4%91%ec%98%88%ec%88%a0%ea%b3%a0%eb%93%b1%ed%95%99%ea%b5%90-13742/;https://bkbrokr.com/409;https://haechi-travel.tistory.com/610,2026-07-28,36,,,,이장훈,https://image.tmdb.org/t/p/w500/rLrEtysTwvVZESavwufnoGIaq8j.jpg,스터디그룹,10,14,36,100.0,1,N,,,Y,언급2회이상_작품내상위15,정승길_v4,
st_10233,스터디그룹,Study Group,drama,황민현;한지은;차우민,성남외국어고등학교,학교,경기 성남시 분당구 대왕판교로385번길 28,37.378605,127.096569,,https://map.naver.com/p/entry/place/12006431,극 중 윤가민이 만일고 대신 만익고에 들어가 학교 안을 살피는 장면,https://kdramamap.com/location/%ec%8a%a4%ed%84%b0%eb%94%94%ea%b7%b8%eb%a3%b9-%ec%84%b1%eb%82%a8%ec%99%b8%ea%b5%ad%ec%96%b4%ea%b3%a0%eb%93%b1%ed%95%99%ea%b5%90-13755/;https://bkbrokr.com/409,2026-07-28,36,,,,이장훈,https://image.tmdb.org/t/p/w500/rLrEtysTwvVZESavwufnoGIaq8j.jpg,스터디그룹,5,9,36,50.0,2,N,,,Y,언급2회이상_작품내상위15,정승길_v4,
st_10225,스터디그룹,Study Group,drama,황민현;한지은;차우민,교보문고 일산점,서점,경기 고양시 일산동구 중앙로 1036,37.643135,126.789797,https://lh3.googleusercontent.com/place-photos/AG9NLjDWXxB-G3xCPi6ZZ17EUQ1-gi7bo0im3qrUYiYn6pEd5kjSl1YwSG5eyPOaxT9U4WrHD_EKPqVYHP0bDCGFxZc1jmC2pQWAmJvlADCz_AGaV1J00d6_ab_-UjOnsuXbr5UlssvVqwP1Fpi36yA=s4800-w800,https://map.naver.com/p/entry/place/37870445,,https://kdramamap.com/location/%ec%8a%a4%ed%84%b0%eb%94%94%ea%b7%b8%eb%a3%b9-%ea%b5%90%eb%b3%b4%eb%ac%b8%ea%b3%a0-%ec%9d%bc%ec%82%b0%ec%a0%90-13747/;https://bkbrokr.com/409;https://haechi-travel.tistory.com/610,2026-07-28,36,,,,이장훈,https://image.tmdb.org/t/p/w500/rLrEtysTwvVZESavwufnoGIaq8j.jpg,스터디그룹,4,8,36,40.0,3,N,,,Y,언급2회이상_작품내상위15,,
st_10224,스터디그룹,Study Group,drama,황민현;한지은;차우민,아이스걸크림보이 일산점,,경기 고양시 일산동구 정발산로 24,37.655896,126.772039,https://lh3.googleusercontent.com/place-photos/AG9NLjDHl8Z83xCX7MDTF85aUmtF-RXcRb-e1LQ4qe2IS3U1w3ZgPV9-GF-JPhuWk58lr1hwGb3G2LX8PshYiBpGkTcBWYrcjVaAuajkcNpZYzFyt2sr63-7kFMuBCCleiSJ8iZQLpocj_FXIaDAMoc=s4800-w800,https://map.naver.com/p/entry/place/1252610781,,https://kdramamap.com/location/%ec%8a%a4%ed%84%b0%eb%94%94%ea%b7%b8%eb%a3%b9-%ec%95%84%ec%9d%b4%ec%8a%a4%ea%b1%b8%ed%81%ac%eb%a6%bc%eb%b3%b4%ec%9d%b4-%ec%9d%bc%ec%82%b0%ec%a0%90-13746/,2026-07-28,36,,,,이장훈,https://image.tmdb.org/t/p/w500/rLrEtysTwvVZESavwufnoGIaq8j.jpg,스터디그룹,3,6,36,30.0,4,N,,,Y,언급2회이상_작품내상위15,,
st_20615,스터디그룹,Study Group,drama,황민현;한지은;차우민,단국대학교 죽전캠퍼스,대학교,경기 용인시 수지구 죽전로 152,37.321920,127.126592,https://lh3.googleusercontent.com/place-photos/AG9NLjDr_ir9Zo29DHVenytXmn1969FmeV_1Gq11-ZvgYg71ajwTWsp4-garm03ozwpliZmdLDxK1BB_vZ-e6qjRHTnrPvgNIliH4wUoKX113eC9GaU6A3N656UrsZDMDwu-ygfW5w_CvBLIMTXdxg=s4800-w800,https://map.naver.com/p/entry/place/11591526,극중 다른 고등학교(만월고) 방문 장면이 촬영된 대학 캠퍼스,https://bkbrokr.com/409,2026-07-30,36,,,,이장훈,https://image.tmdb.org/t/p/w500/rLrEtysTwvVZESavwufnoGIaq8j.jpg,스터디그룹,3,5,36,30.0,5,N,,,Y,언급2회이상_작품내상위15,정승길_v4,
st_10230,스터디그룹,Study Group,drama,황민현;한지은;차우민,거북섬로,,경기 시흥시 거북섬로 163,37.320671,126.683844,,,극 중 연백파 상비군들이 현경의 차를 막아서는 장면이 나온다.,https://kdramamap.com/location/%ec%8a%a4%ed%84%b0%eb%94%94%ea%b7%b8%eb%a3%b9-%ea%b1%b0%eb%b6%81%ec%84%ac%eb%a1%9c-13752/,2026-07-28,36,,,,이장훈,https://image.tmdb.org/t/p/w500/rLrEtysTwvVZESavwufnoGIaq8j.jpg,스터디그룹,3,4,36,30.0,6,N,,,Y,언급2회이상_작품내상위15,정승길_v4,
st_10218,스터디그룹,Study Group,drama,황민현;한지은;차우민,송림로61번길,거리,인천 제물포구 송림로61번길 32,37.476132,126.640510,,,,https://kdramamap.com/location/%ec%8a%a4%ed%84%b0%eb%94%94%ea%b7%b8%eb%a3%b9-%ec%86%a1%eb%a6%bc%eb%a1%9c61%eb%b2%88%ea%b8%b8-13740/,2026-07-28,36,,,,이장훈,https://image.tmdb.org/t/p/w500/rLrEtysTwvVZESavwufnoGIaq8j.jpg,스터디그룹,3,4,36,30.0,7,N,,,Y,언급2회이상_작품내상위15,,
st_10219,스터디그룹,Study Group,drama,황민현;한지은;차우민,고려빌라,,인천 제물포구 솔빛로73번길 22,37.477331,126.641699,,https://map.naver.com/p/entry/place/16588515,,https://kdramamap.com/location/%ec%8a%a4%ed%84%b0%eb%94%94%ea%b7%b8%eb%a3%b9-%ea%b3%a0%eb%a0%a4%eb%b9%8c%eb%9d%bc-13741/,2026-07-28,36,,,,이장훈,https://image.tmdb.org/t/p/w500/rLrEtysTwvVZESavwufnoGIaq8j.jpg,스터디그룹,3,3,36,30.0,8,N,,,Y,언급2회이상_작품내상위15,,
st_10228,스터디그룹,Study Group,drama,황민현;한지은;차우민,김해본가뒷고기,,경기 부천시 원미구 부일로205번길 47,37.490826,126.753115,https://lh3.googleusercontent.com/place-photos/AG9NLjDZvTWez7wrZy7wZMZ23inT-so7on77SvI4_lWNQnjp84Xr5V2ebhBobjDvFhDPKxEHcLtjhRwm14Bj0PtqGsOB7OOAiYPvvEu4ITJrMBqt_tzvK7g98tlQ4_RsmFDWqW3DMnZb3eW5wMfB358=s4800-w800,https://map.naver.com/p/entry/place/1334557759,1화에서 윤가민에게 덤빈 학생이 식당 앞 거리에서 손도 쓰지 못하고 제압당하는 장면,https://kdramamap.com/location/%ec%8a%a4%ed%84%b0%eb%94%94%ea%b7%b8%eb%a3%b9-%ea%b9%80%ed%95%b4%eb%b3%b8%ea%b0%80%eb%92%b7%ea%b3%a0%ea%b8%b0-13750/,2026-07-28,36,,,,이장훈,https://image.tmdb.org/t/p/w500/rLrEtysTwvVZESavwufnoGIaq8j.jpg,스터디그룹,3,3,36,30.0,9,N,,,Y,언급2회이상_작품내상위15,정승길_v4,
st_10229,스터디그룹,Study Group,drama,황민현;한지은;차우민,레미안부천어반비스타,,경기 부천시 소사구 중동로 19,37.481475,126.762581,,https://map.naver.com/p/entry/place/727600959,,https://kdramamap.com/location/%ec%8a%a4%ed%84%b0%eb%94%94%ea%b7%b8%eb%a3%b9-%eb%a0%88%eb%af%b8%ec%95%88%eb%b6%80%ec%b2%9c%ec%96%b4%eb%b0%98%eb%b9%84%ec%8a%a4%ed%83%80-13751/,2026-07-28,36,,,,이장훈,https://image.tmdb.org/t/p/w500/rLrEtysTwvVZESavwufnoGIaq8j.jpg,스터디그룹,3,3,36,30.0,10,N,,,Y,언급2회이상_작품내상위15,,
st_10227,스터디그룹,Study Group,drama,황민현;한지은;차우민,메트로타워 예미지,주거단지,경기 김포시 솔터로 22,37.645429,126.630858,https://lh3.googleusercontent.com/place-photos/AG9NLjC4R4Ce49-t54_pfLkaKfmDuxggAyb47UueaJ5w-frNAmrb997Bcrbr_ZrszaeTo5fq9fW3iPou4Y65UBl-rVecZAYzxb9FU96vmM3x50AhgMzRcC_Y4pzQ-HgnFOar7iuvyx_1lWlQ6NH7lY9y84w-Pw=s4800-w800,https://map.naver.com/p/entry/place/1613242025,,https://kdramamap.com/location/%ec%8a%a4%ed%84%b0%eb%94%94%ea%b7%b8%eb%a3%b9-%eb%a9%94%ed%8a%b8%eb%a1%9c%ed%83%80%ec%9b%8c-%ec%98%88%eb%af%b8%ec%a7%80-13749/;https://bkbrokr.com/409,2026-07-28,36,,,,이장훈,https://image.tmdb.org/t/p/w500/rLrEtysTwvVZESavwufnoGIaq8j.jpg,스터디그룹,3,3,36,30.0,11,N,,,Y,언급2회이상_작품내상위15,,
st_10226,스터디그룹,Study Group,drama,황민현;한지은;차우민,블랙롤스,,경기 고양시 일산동구 위시티1로 6-47,37.674001,126.807366,https://lh3.googleusercontent.com/place-photos/AG9NLjCL31OczhYzwvPP06jZTXlwyAxB-nVGlN6H26aX1m2em-kUwBO5GnT2GCeRqyExY4RmozQZA9J8BRd4EJWev3Ip8noiAd4y5E4QPTFUQNm40PzX_Q_8jgA2MCECAnkrIIy0mup1az_Y0laQsA=s4800-w800,https://map.naver.com/p/entry/place/1925361343,,https://kdramamap.com/location/%ec%8a%a4%ed%84%b0%eb%94%94%ea%b7%b8%eb%a3%b9-%eb%b8%94%eb%9e%99%eb%a1%a4%ec%8a%a4-13748/,2026-07-28,36,,,,이장훈,https://image.tmdb.org/t/p/w500/rLrEtysTwvVZESavwufnoGIaq8j.jpg,스터디그룹,3,3,36,30.0,12,N,,,Y,언급2회이상_작품내상위15,,
st_10221,스터디그룹,Study Group,drama,황민현;한지은;차우민,서화어린이공원,공원,인천 미추홀구 도화동 1003-2,37.474667,126.662125,,https://map.naver.com/p/entry/place/1794795567,,https://kdramamap.com/location/%ec%8a%a4%ed%84%b0%eb%94%94%ea%b7%b8%eb%a3%b9-%ec%84%9c%ed%99%94%ec%96%b4%eb%a6%b0%ec%9d%b4%ea%b3%b5%ec%9b%90-13743/,2026-07-28,36,,,,이장훈,https://image.tmdb.org/t/p/w500/rLrEtysTwvVZESavwufnoGIaq8j.jpg,스터디그룹,3,3,36,30.0,13,N,,,Y,언급2회이상_작품내상위15,,
st_10232,스터디그룹,Study Group,drama,황민현;한지은;차우민,위례 지웰푸르지오앞,,경기 하남시 위례대로 220,37.481718,127.148160,https://lh3.googleusercontent.com/place-photos/AG9NLjDehY5wkqhmwYzrKUnURzwz6OpwU5gZYq1VECVN-DuX3Gc0NPf24xMW_IXlMY6W-HbASGB6Idf8MA0Kx6GhJasH0mLmogYq3KrMfGO-UkSv4R6lrsvE4XrhqQmZ28LVuAQErS51aNaimrkZ=s4800-w800,,,https://kdramamap.com/location/%ec%8a%a4%ed%84%b0%eb%94%94%ea%b7%b8%eb%a3%b9-%ec%9c%84%eb%a1%80-%ec%a7%80%ec%9b%b0%ed%91%b8%eb%a5%b4%ec%a7%80%ec%98%a4%ec%95%9e-13754/,2026-07-28,36,,,,이장훈,https://image.tmdb.org/t/p/w500/rLrEtysTwvVZESavwufnoGIaq8j.jpg,스터디그룹,3,3,36,30.0,14,N,,,Y,언급2회이상_작품내상위15,,
st_10231,스터디그룹,Study Group,drama,황민현;한지은;차우민,카페 웨이브 시흥거북섬점,카페,경기 시흥시 거북섬둘레길 28,37.324657,126.678566,,,,https://kdramamap.com/location/%ec%8a%a4%ed%84%b0%eb%94%94%ea%b7%b8%eb%a3%b9-%ec%b9%b4%ed%8e%98-%ec%9b%a8%ec%9d%b4%eb%b8%8c-%ec%8b%9c%ed%9d%a5%ea%b1%b0%eb%b6%81%ec%84%ac%ec%a0%90-13753/,2026-07-28,36,,,,이장훈,https://image.tmdb.org/t/p/w500/rLrEtysTwvVZESavwufnoGIaq8j.jpg,스터디그룹,2,4,36,20.0,15,N,,,Y,언급2회이상_작품내상위15,,
st_10326,스프링피버,,drama,안보현;이주빈,죽도시장(1),,경북 포항시 북구 죽도시장3길 4-2,36.035343,129.366137,,https://map.naver.com/p/entry/place/38331676,,https://kdramamap.com/location/%ec%8a%a4%ed%94%84%eb%a7%81%ed%94%bc%eb%b2%84-%ec%a3%bd%eb%8f%84%ec%8b%9c%ec%9e%a5-1-17508/,2026-07-28,85,,,,박원국,https://image.tmdb.org/t/p/w500/jTJgfbSQ4UczxMOgscHPsoVuL5X.jpg,스프링피버,22,74,41,100.0,1,N,,,Y,언급2회이상_작품내상위15,,
st_10312,스프링피버,,drama,안보현;이주빈,청하중학교,학교,경북 포항시 북구 청하면 청하로151번길 26,36.194654,129.335806,https://lh3.googleusercontent.com/place-photos/AG9NLjATAi84g6pKhOxW44nnyc2yNHac5YoinPY8g50d8MUfgNIbauKfjTZDTwg9wB5lLZtElJIbbwRgoGrrQOS86CPJq85SSNTQe7gYuwHofXe87Yno9bILuaQ-plQotytiA4YbzL7SnQRwbvvpmTU=s4800-w800,https://map.naver.com/p/entry/place/12178461,1화에서 윤봄이 교사로 근무하고 선재규의 조카가 학생으로 다니는 신수고등학교 장면,https://kdramamap.com/location/%ec%8a%a4%ed%94%84%eb%a7%81%ed%94%bc%eb%b2%84-%ec%b2%ad%ed%95%98%ec%a4%91%ed%95%99%ea%b5%90-17493/,2026-07-28,85,,,,박원국,https://image.tmdb.org/t/p/w500/jTJgfbSQ4UczxMOgscHPsoVuL5X.jpg,스프링피버,21,86,41,95.5,4,N,,,Y,언급2회이상_작품내상위15,정승길_v4,
st_10344,스프링피버,,drama,안보현;이주빈,철길숲,자연/명소,경북 포항시 남구 효자동 197-1,36.010445,129.338668,https://lh3.googleusercontent.com/place-photos/AG9NLjAVt0Q59kRWMsIOm7ZqNUT_yOAX_vWoKL8jQJRAwJ8vOsvv84knyomKJckFtxYVMMXLY8C1OeC4IJ-YBJtmAOSeeNpPTKznvUvR-o4Ew7EoWw_nU_9Bcupt7o-ufPMzzi5-xZYYvxqg1aYpnA=s4800-w800,https://map.naver.com/p/entry/place/1895226536,봄과 재규가 자전거·조깅 중 우연히 마주치는 일상 장면의 배경 철길숲,https://kdramamap.com/location/%ec%8a%a4%ed%94%84%eb%a7%81%ed%94%bc%eb%b2%84-%ec%b2%a0%ea%b8%b8%ec%88%b2-17526/,2026-07-28,85,,,,박원국,https://image.tmdb.org/t/p/w500/jTJgfbSQ4UczxMOgscHPsoVuL5X.jpg,스프링피버,14,32,41,63.6,5,N,,,Y,언급2회이상_작품내상위15,정승길_v4,
st_10315,스프링피버,Spring Fever,drama,안보현;이주빈,사방기념공원,공원,경북 포항시 북구 흥해읍 해안로 1801,36.164753,129.395637,https://lh3.googleusercontent.com/place-photos/AG9NLjC7Y5K4GHFeYJ4nUe2TIqeLyo-xxn-gmB1YxEt_3sK38jcnD5ws8wezdd_vxrshc_YJanhN7AP0DJmf_J0VmFD5pYDr_88bjHbf7-4XKvQhW_4ih5xl3T-LKccZSmow-V_etFM9A48LzfqSHZc=s4800-w800,https://map.naver.com/p/entry/place/13451468,극 중 선재규가 옻닭 알레르기를 겪은 윤봄의 피부에 연고를 발라 주는 장면,https://kdramamap.com/location/%ec%8a%a4%ed%94%84%eb%a7%81%ed%94%bc%eb%b2%84-%ec%82%ac%eb%b0%a9%ea%b8%b0%eb%85%90%ea%b3%b5%ec%9b%90-17497/;https://kdramalocations.com/dramas/spring-fever;https://haechi-travel.tistory.com/454,2026-07-28,85,,,,박원국,https://image.tmdb.org/t/p/w500/jTJgfbSQ4UczxMOgscHPsoVuL5X.jpg,스프링피버,9,22,41,40.9,6,N,,,Y,언급2회이상_작품내상위15,정승길_v4,
st_10322,스프링피버,,drama,안보현;이주빈,해안로(4),,경북 포항시 북구 환호동 480-3,36.072502,129.408072,,,,https://kdramamap.com/location/%ec%8a%a4%ed%94%84%eb%a7%81%ed%94%bc%eb%b2%84-%ed%95%b4%ec%95%88%eb%a1%9c-4-17504/,2026-07-28,85,,,,박원국,https://image.tmdb.org/t/p/w500/jTJgfbSQ4UczxMOgscHPsoVuL5X.jpg,스프링피버,8,9,41,36.4,8,N,,,Y,언급2회이상_작품내상위15,,
st_10357,스프링피버,,drama,안보현;이주빈,석병1리방파제,항구/방파제,경북 포항시 남구 구룡포읍 석병리 745-1,36.012834,129.578951,https://lh3.googleusercontent.com/place-photos/AG9NLjBFra1G0RqquFuotU5fbdnqOo6nUPiXvdyib0ShbMWlS-PrvV8_P53rMsxWtAU9Mh-7nXMjow83AtpFQ9JbMq1yYwcCJE25PLY_K0CGzta-IbcnRrd5IpXqKjtziTh7UKDoB5iQGgZuq4Dtmw=s4800-w800,https://map.naver.com/p/entry/place/37825293,7화에서 윤봄과 선재규가 윤봄의 노란 대문집 앞 포구에서 입을 맞추는 장면,https://kdramamap.com/location/%ec%8a%a4%ed%94%84%eb%a7%81%ed%94%bc%eb%b2%84-%ec%84%9d%eb%b3%911%eb%a6%ac%eb%b0%a9%ed%8c%8c%ec%a0%9c-17539/,2026-07-28,85,,,,박원국,https://image.tmdb.org/t/p/w500/jTJgfbSQ4UczxMOgscHPsoVuL5X.jpg,스프링피버,7,16,41,31.8,12,N,,,Y,언급2회이상_작품내상위15,정승길_v4,
st_10325,스프링피버,,drama,안보현;이주빈,청포도다방(폐업),,경북 포항시 북구 중앙로298번길 14-6,36.039164,129.367615,https://lh3.googleusercontent.com/place-photos/AG9NLjAw3tKVAXgIntzt5RuKU-6VjULf6vexG_eb7GQO8uIVc4QV6YBBx3XhBRgh_P-jElk-ISex-uIJFjgMaWNyIQ3yYD7qynbBj2-sEJ8PTzdHnPJD92J_1QakUsJ2ERlZ7syHtBiirW0-GGgS8Q=s4800-w800,,"안타깝게도 지금은 폐업했지만, 과거 드라마에 등장했던 청포도다방 같은 곳들도 포항의 옛 정취를 느낄 수 있는 장소들이었어요.",https://kdramamap.com/location/%ec%8a%a4%ed%94%84%eb%a7%81%ed%94%bc%eb%b2%84-%ec%b2%ad%ed%8f%ac%eb%8f%84%eb%8b%a4%eb%b0%a9-%ed%8f%90%ec%97%85-17507/,2026-07-28,85,,,,박원국,https://image.tmdb.org/t/p/w500/jTJgfbSQ4UczxMOgscHPsoVuL5X.jpg,스프링피버,7,11,41,31.8,13,N,,,Y,언급2회이상_작품내상위15,블로그크롤링_2026-08-01,https://blog.naver.com/sjsskdp79/224169942057
st_20617,스프링 피버,Spring Fever,drama,안보현;이주빈,포항 죽도시장,전통시장,경북 포항시 북구 죽도시장13길 13-1,36.036360,129.368390,https://lh3.googleusercontent.com/place-photos/AG9NLjAyTkx5952Co1s7fRAtsa0Z35jO8bop6w51w9Z1BJxpoC6CPo4Kiy2LLDS5eKXq0VetxP0st_ynqz3ctzxDEPnaFQBg4KaTEmx23JO180FnaAU9E843osLiQmEiAJA5WKm9GOAt1pPwZpVlSg=s4800-w800,https://map.naver.com/p/entry/place/1112173336,극 중 윤봄과 선재규가 죽도시장 식당에서 마주 앉아 함께 대게를 먹는 장면,https://kdramalocations.com/dramas/spring-fever;https://haechi-travel.tistory.com/454;https://www.pressian.com/pages/articles/2026021216461604387;https://www.kbmaeil.com/article/20260213500200,2026-07-30,85,,,,박원국,https://image.tmdb.org/t/p/w500/jTJgfbSQ4UczxMOgscHPsoVuL5X.jpg,스프링피버,7,9,41,31.8,14,N,,,Y,언급2회이상_작품내상위15,정승길_v4,
st_10348,스프링피버,Spring Fever,drama,안보현;이주빈,호미곶해맞이광장,광장,경북 포항시 남구 호미곶면 대보리 234-20,36.076783,129.569607,https://lh3.googleusercontent.com/place-photos/AG9NLjBtegz1mCLhBelrS-_dDjPxVyfkm3Vw1E5Zi4vXg0ZZvogAkv9lgvlNs3jJkFaLZaYEf9IkgeP7_gv4Un4eJNcJv8wjVRPEy_GD0aZA0vDvaJvcxC0E5qutUGaei4CPtW_6zbydTkm0gOEYQw=s4800-w800,https://map.naver.com/p/entry/place/13491076,극 중 선재규가 열쇠 수리공을 도둑으로 오해하고 호미곶까지 뒤쫓아 추격하는 장면,https://kdramamap.com/location/%ec%8a%a4%ed%94%84%eb%a7%81%ed%94%bc%eb%b2%84-%ed%98%b8%eb%af%b8%ea%b3%b6%ed%95%b4%eb%a7%9e%ec%9d%b4%ea%b4%91%ec%9e%a5-17530/;https://kdramalocations.com/dramas/spring-fever;https://haechi-travel.tistory.com/454;https://www.pressian.com/pages/articles/2026021216461604387;https://www.kbmaeil.com/article/20260213500200,2026-07-28,85,,,,박원국,https://image.tmdb.org/t/p/w500/jTJgfbSQ4UczxMOgscHPsoVuL5X.jpg,스프링피버,7,7,41,31.8,15,N,,,Y,언급2회이상_작품내상위15,정승길_v4,
st_20620,슬기로운감빵생활,Prison Playbook,drama,박해수;정경호,익산교도소세트장,교도소 오픈세트장,전북특별자치도 익산시 성당면 함낭로 207,36.0694515535,126.9306029888,https://lh3.googleusercontent.com/place-photos/AG9NLjAXT1cohS2v7ONnww3OHwtIujyvyYQpbKB_m2efz-4dB5AKugj-6OntKxf1Koo3fIFWHbXr8F49OVs2lAh5tKEItZRqGZoRF8VgpfrxdSXQHOD_4HdtVxB0k8WZmzHt7zmvqMjdLe73vYlE7CZyKkxSJg=s4800-w800,https://map.naver.com/p/entry/place/37471479,극 중 김제혁이 교도소 안에서 야구 연습을 하는 장면이 촬영된 곳,https://www.jjan.kr/article/20241227580012?site_preference=normal;https://www.50plus.or.kr/life/detail.do?id=14959174,2026-07-30,86,,,,신원호,https://image.tmdb.org/t/p/w500/2kK5H4k8qJDS0SSqQ25xKV3DZvB.jpg,슬기로운감빵생활,12,75,43,100.0,1,N,,,Y,언급2회이상_작품내상위15,정승길_v4,
st_20621,슬기로운감빵생활,Prison Playbook,drama,박해수;정경호,빠삐용Zip(옛 장흥교도소),문화예술공간/옛 교도소,전남 장흥군 장흥읍 장흥로 98,34.6878022,126.9139961,https://lh3.googleusercontent.com/place-photos/AG9NLjBX3LRWdTmoIBUKL9ZkEgDbao_WdLUITQXn2HhDp4qQu4Qd1Bt6ZNRq3ppohElBtiIR2ZVuiO4QA_lr8XoWaVjqPKHEUs1H3v79N3HYZhK1p6GZUqCLF0nrHAKxFAWoOrQoRkjuQ6dchqaS3HElIQM6Cg=s4800-w800,https://map.naver.com/p/entry/place/1363633162,영화·드라마 촬영지로 사랑받아온 옛 장흥교도소가 ‘빠삐용Zip’으로 새롭게 태어났습니다.,https://www.korean-culture.org/eng/webzine/202204/sub02.html;https://www.jhctf.or.kr/www/key_project/tour_course/theme/history;https://mojhome.moj.go.kr/sites/immigration/file/ebook/gongzone/2022/2022_gongzone_vol61.pdf,2026-07-30,86,,,,신원호,https://image.tmdb.org/t/p/w500/2kK5H4k8qJDS0SSqQ25xKV3DZvB.jpg,슬기로운감빵생활,7,52,43,58.3,2,N,,,Y,언급2회이상_작품내상위15,블로그크롤링_2026-08-01,https://blog.naver.com/rhkrtjdaks1/224340458527
st_10446,슬기로운감빵생활,Prison Playbook,drama,박해수;정경호,고척스카이돔,야구장,서울 구로구 경인로 430,37.498213,126.867089,https://lh3.googleusercontent.com/place-photos/AG9NLjCvqcsnTwgxGwmg3N1cylPoNP8Q0cvgt58Dpc0QKXXpslEBW5LMmCMtzlZ51q0IJ7Ny2L4B3RzkXi_qUnDqV_JYKqjybXpDuJPH7oU5hDNg3AfAHE317epFno3HkH9kRZGj-9PuOdjAVEHM8W0=s4800-w800,https://map.naver.com/p/entry/place/18967604,1화에서 김제혁이 넥센 히어로즈 시절 코리안시리즈 경기를 치르는 장면,https://kdramamap.com/location/%ec%8a%ac%ea%b8%b0%eb%a1%9c%ec%9a%b4%ea%b0%90%eb%b9%b5%ec%83%9d%ed%99%9c-%ea%b3%a0%ec%b2%99%ec%8a%a4%ec%b9%b4%ec%9d%b4%eb%8f%94-1364/;https://alienbeing.tistory.com/1199,2026-07-28,86,,,,신원호,https://image.tmdb.org/t/p/w500/2kK5H4k8qJDS0SSqQ25xKV3DZvB.jpg,슬기로운감빵생활,0,0,43,0.0,4,N,,,Y,언급부족_데이터품질기준보존,정승길_v4,
st_10458,슬기로운의사생활,Hospital Playlist,drama,조정석;유연석;정경호;김대명,이대서울병원,병원,서울 강서구 공항대로 260,37.557263,126.836267,https://lh3.googleusercontent.com/place-photos/AG9NLjDXUJ5xLiQHDFfJAfkdjzcfBxg4_8ggSkYQbA7qrEddn5Z9RVGR-DaYq4KTmkaifaw5KItLUQ6JZKtTv4-xzRjZVBqeP7yx_1ZUbKRkJoPxZs8NTmNirCZxfEley0ccH0nsdOThywyrmMTl=s4800-w800,https://map.naver.com/p/entry/place/1300011982,율제병원 의료진들이 커피와 과자를 받는 곳.,https://kdramamap.com/location/%ec%8a%ac%ea%b8%b0%eb%a1%9c%ec%9a%b4%ec%9d%98%ec%82%ac%ec%83%9d%ed%99%9c-%ec%9d%b4%eb%8c%80%ec%84%9c%ec%9a%b8%eb%b3%91%ec%9b%90-1376/;https://kooking.tistory.com/entry/슬기로운-의사생활-촬영지는-어딜까-바로-이대서울병원;https://mediahub.seoul.go.kr/news/article/newsArticlePrintPopup.do?articleNo=1503695;https://koreandramalocation.com/hospital-playlist,2026-07-28,18,,,,신원호,https://image.tmdb.org/t/p/w500/zy0FJYPsKkfOrZG5r5lFtTIx1up.jpg,슬기로운의사생활,18,102,38,100.0,1,N,,,Y,언급2회이상_작품내상위15,정승길_v4,
st_10460,슬기로운의사생활,Hospital Playlist,drama,조정석;유연석;정경호;김대명,수노래방,명소,서울 마포구 어울마당로 67,37.551157,126.921103,,,3회에서는 익주(조정석)가 아들을 데리고 노래방 건물 앞으로 가서 처음 공연한 곳을 보여줬다,https://kdramamap.com/location/%ec%8a%ac%ea%b8%b0%eb%a1%9c%ec%9a%b4%ec%9d%98%ec%82%ac%ec%83%9d%ed%99%9c-%ec%88%98%eb%85%b8%eb%9e%98%eb%b0%a9-1378/,2026-07-28,18,,,,신원호,https://image.tmdb.org/t/p/w500/zy0FJYPsKkfOrZG5r5lFtTIx1up.jpg,슬기로운의사생활,4,5,38,22.2,2,N,,,Y,언급2회이상_작품내상위15,정승길_v4,
st_20630,슬기로운 의사생활,Hospital Playlist,drama,조정석;유연석;전미도,경인미술관,미술관,서울 종로구 인사동5길 11,37.572653,126.985658,https://lh3.googleusercontent.com/place-photos/AG9NLjDYWpOcH4o6Z56ThDWVpIgTZIap3pz5RBw8vpWRfWJO4JnEwO1upFWItFN6Ss67AOchjbHqUhvZNfDr4KglEukqP9C8cpalBRrpKTdDuOkOBKbb0KnLaz43DNkXnqL-LyJM4D_QcJ5ddo3ROQ=s4800-w800,https://map.naver.com/p/entry/place/11620387,준완이 미도와 마당에서 우연히 마주쳐 대화를 나누는 장면(시즌2 2화),https://walkingnear.com/드라마-슬기로운-의사생활-2-촬영지-추천/,2026-07-30,18,,,,신원호,https://image.tmdb.org/t/p/w500/zy0FJYPsKkfOrZG5r5lFtTIx1up.jpg,슬기로운의사생활,0,0,38,0.0,3,N,,,Y,언급부족_데이터품질기준보존,정승길_v4,
st_20636,시그널,Signal,drama,이제훈;김혜수;조진웅,헌화로,해안도로,강원특별자치도 강릉시 옥계면 헌화로 일대,37.6530443111,129.0523677061,https://lh3.googleusercontent.com/place-photos/AG9NLjAVZfGaePpDgSBiYRqWCujP3Ys9apxHyl7WaBg69GUO7oOzAuEZj2xVBacXVMzC8lyTEXNhFRf1igKtmvfDuJWQO4jl2Fdbv70YpS3vx4d9At_aj_DxAFDt6PYd6AHwrkiwugi8TnhYkGTTfg=s4800-w800,,16화에서 해안도로를 달리는 자동차와 동해 풍경이 이어지는 종영 장면,https://www.asiatoday.co.kr/kn/view.php?key=20160321010012343;https://www.travel-life.co.kr/news/articleView.html?idxno=2810929,2026-07-30,49,,,,김원석,https://image.tmdb.org/t/p/w500/mB6FlHFK0A4DPyuGTrlM4QgEkIH.jpg,시그널,9,59,91,100.0,1,N,,,Y,언급2회이상_작품내상위15,정승길_v4,
st_20639,시그널,Signal,drama,이제훈;김혜수;조진웅,정동진,해변/기차역,강원특별자치도 강릉시 강동면 정동역길 17,37.6914301325,129.0326895737,https://lh3.googleusercontent.com/place-photos/AG9NLjCS7oEx62A4ERSwdQ__VWDNO4o_geFmdBNcJLk7SXxzDD_m4f6dnjOkhAAlCPFrZ2d9AkZUZ-WNx2HCN5MQMivL3pme3sFtm6WjpNXvnVgNIle9_XQZolg3bbEKUXOrTWQ-Q340e9amjCei5Gs=s4800-w800,https://map.naver.com/p/entry/place/13491286,16화에서 금진항·헌화로와 함께 강릉 해안 배경으로 등장하는 장면,https://www.asiatoday.co.kr/kn/view.php?key=20160321010012343,2026-07-30,49,,,,김원석,https://image.tmdb.org/t/p/w500/mB6FlHFK0A4DPyuGTrlM4QgEkIH.jpg,시그널,8,40,91,88.9,2,N,,,Y,언급2회이상_작품내상위15,정승길_v4,
st_20638,시그널,Signal,drama,이제훈;김혜수;조진웅,금진항,항구,강원특별자치도 강릉시 옥계면 금진리 일대,37.652530463,129.0522855769,https://lh3.googleusercontent.com/place-photos/AG9NLjC0R_-jsKdCMc5SGn3TVw93QKJtaRLF3bXesbZJXSb8XSVsf4-Tsj4StyEBQkLl7CiTHcyHXnxJaa75JRgPWjWO5J53MmAIM6fB7W2asupeNr12SO8ktoMjHzWCS2fTWrRuLWrJTxhI4Lx3S6U=s4800-w800,https://map.naver.com/p/entry/place/36072511,16화에서 헌화로와 정동진을 잇는 강릉 해안 배경으로 등장하는 장면,https://www.asiatoday.co.kr/kn/view.php?key=20160321010012343,2026-07-30,49,,,,김원석,https://image.tmdb.org/t/p/w500/mB6FlHFK0A4DPyuGTrlM4QgEkIH.jpg,시그널,6,12,91,66.7,3,N,,,Y,언급2회이상_작품내상위15,정승길_v4,
st_10463,시그널,Signal,drama,이제훈;김혜수;조진웅,노원경찰서,,서울 노원구 노원로 283,37.641975,127.070799,,https://map.naver.com/p/entry/place/11642480,극 중 박해영이 어린 시절 진양경찰서(노원경찰서) 앞에서 억울함을 호소하는 어머니를 지켜보는 회상 장면,https://kdramamap.com/location/%ec%8b%9c%ea%b7%b8%eb%84%90-%eb%85%b8%ec%9b%90%ea%b2%bd%ec%b0%b0%ec%84%9c-1381/,2026-07-28,49,,,,김원석,https://image.tmdb.org/t/p/w500/mB6FlHFK0A4DPyuGTrlM4QgEkIH.jpg,시그널,5,19,91,55.6,4,N,,,Y,언급2회이상_작품내상위15,정승길_v4,
st_10464,시그널,Signal,drama,이제훈;김혜수;조진웅,GS25 중계에이스점,편의점,서울 노원구 덕릉로 699,37.660129,127.075210,,,극 중 박해영(이제훈)이 목격한 간호사를 쫓아 횡단보도를 건너 달려가는 장면,https://kdramamap.com/location/%ec%8b%9c%ea%b7%b8%eb%84%90-gs25-%ec%a4%91%ea%b3%84%ec%97%90%ec%9d%b4%ec%8a%a4%ec%a0%90-1382/,2026-07-28,49,,,,김원석,https://image.tmdb.org/t/p/w500/mB6FlHFK0A4DPyuGTrlM4QgEkIH.jpg,시그널,4,22,91,44.4,5,N,,,Y,언급2회이상_작품내상위15,정승길_v4,
st_20637,시그널,Signal,drama,이제훈;김혜수;조진웅,옥계해변,해변,강원특별자치도 강릉시 옥계면 금진리 일대,37.6284000359,129.0495239332,,https://map.naver.com/p/entry/place/13444970,16화에서 청록색 바다와 해안길이 넓게 펼쳐지는 마지막 장면,https://www.travel-life.co.kr/news/articleView.html?idxno=2810929,2026-07-30,49,,,,김원석,https://image.tmdb.org/t/p/w500/mB6FlHFK0A4DPyuGTrlM4QgEkIH.jpg,시그널,2,2,91,22.2,6,N,,,Y,언급2회이상_작품내상위15,정승길_v4,
mv_3201_03,신과함께-인과 연,Along with the Gods: The Last 49 Days,movie,하정우;주지훈;김향기;마동석;김동욱,김룡사,사찰,경상북도 문경시 산북면 김용길 372,36.7397324,128.2240517,https://lh3.googleusercontent.com/place-photos/AG9NLjC_9Z_794-JDXnvRc8cauKbcgUQdC_adQDrmKCwUhc68Q9vuI-BrwxeKwcb-FctR6yRsHeYBS2FsLn92g2S1VQ_YKabiALBE_wSuSqL03BtQLgM2b0qwfsFqb6goWEwBn5Sgz_K1Hv6XZpD52SpO_UEcg=s4800-w800,https://map.naver.com/p/entry/place/12907577,,https://www.cinematheque.co.kr/cine/20186202,2026-07-30,,,12264813,,김용화,https://image.tmdb.org/t/p/w500/2ETx0U2Q5gUHtPJZiQ3hakTqyaR.jpg,신과함께인과연,2,4,33,100.0,1,N,,,Y,언급2회이상_작품내상위15,,
mv_3201_02,신과함께-인과 연,Along with the Gods: The Last 49 Days,movie,하정우;주지훈;김향기;마동석;김동욱,문경새재 오픈세트장,사극 오픈세트장,경상북도 문경시 문경읍 새재로 932,36.7714697,128.0740046,https://lh3.googleusercontent.com/place-photos/AG9NLjBHNSIiY9b6wSTqkSSM7sgFZy-typNG9luM93NoHoOtlEnqrU_Z-ud50p5ZtMq4x0S-S7wMr7d71vqEQ50YkuWxpBNWUufDf-__ZNFoQc9ASCf-v3a-bO_jTmYs48Q-vT-dFPmYHTb8S6q-oNQ=s4800-w800,https://map.naver.com/p/entry/place/37844946,,https://www.cinematheque.co.kr/cine/20186202,2026-07-30,,,12264813,,김용화,https://image.tmdb.org/t/p/w500/2ETx0U2Q5gUHtPJZiQ3hakTqyaR.jpg,신과함께인과연,1,1,33,50.0,2,N,,,Y,언급부족_데이터품질기준보존,,
mv_3201_05,신과함께-인과 연,Along with the Gods: The Last 49 Days,movie,하정우;주지훈;김향기;마동석;김동욱,가은오픈세트장,사극 오픈세트장,경상북도 문경시 가은읍 왕능길 112,36.6552681,128.0591854,https://lh3.googleusercontent.com/place-photos/AG9NLjCM_pHlqyE4PF-Ypc5dIaVMX5JCiSy6GgGn-TlWXfGfiR9JBUv3Ien_IfwKuPrIXVW9GrsVOkEVPbjjULE7uadgsqv1aFkNwuI0DOhU35HAeJFd3I8A-r6d-QmXUw8PShel8zyg3OOf46QL=s4800-w800,https://map.naver.com/p/entry/place/19493888,,https://www.cinematheque.co.kr/cine/20186202,2026-07-30,,,12264813,,김용화,https://image.tmdb.org/t/p/w500/2ETx0U2Q5gUHtPJZiQ3hakTqyaR.jpg,신과함께인과연,0,0,33,0.0,3,N,,,Y,언급부족_데이터품질기준보존,,
mv_2657_03,신과함께-죄와 벌,Along with the Gods: The Two Worlds,movie,하정우;차태현;주지훈;김향기;김동욱,기장소방서,소방서,부산광역시 기장군 정관읍 용수로 7,35.3248634,129.1799686,https://lh3.googleusercontent.com/place-photos/AG9NLjAIze2nrujcyHbhSoM5TTpWZONkidc99ZqidT2zymsqwQOiz5txoO2BBnKOMU6ujdxcOyEgvK0DpsHC97CNboAmvmu_vHvQNOtoJB7Ubt0sdnNU2-8UXqcf7VYfuDHI3MFOpHNEp4tq1_qa0ZM=s4800-w800,https://map.naver.com/p/entry/place/16886394,김자홍이 화재 신고를 받고 동료 소방관들과 긴급 출동하는 소방서 장면,https://www.nongmin.com/article/20180118286347,2026-07-30,,,14398110,,김용화,https://image.tmdb.org/t/p/w500/z54zrEXAKd5u1SCPNOIAKgvGXte.jpg,신과함께죄와벌,3,2,25,100.0,1,N,,,Y,언급2회이상_작품내상위15,정승길_v4,
mv_2657_01,신과함께-죄와 벌,Along with the Gods: The Two Worlds,movie,하정우;차태현;주지훈;김향기;김동욱,KNN타워·센텀광장,방송국·광장,부산광역시 해운대구 센텀서로 30,,,https://lh3.googleusercontent.com/place-photos/AG9NLjD1bay1jztO0HRUmL8krRcMypqd1YaGyMa6GwrzLcipnL5VNeptdF2H-LckShRtZFeWKogG0SRkNeRXABsWtnFXclT-g4q3at2ctu0qcetdV_w57b07BeCpLVRT2WiR93GMgXGO5BCRJKvow4JAlk0FDw=s4800-w800,,소방관 김자홍이 고층 빌딩 화재 현장에서 소녀를 구출하는 영화 도입부 장면,https://www.kookje.co.kr/news2011/asp/newsbody.asp?code=0500&key=20180104.22002000982,2026-07-30,,,14398110,,김용화,https://image.tmdb.org/t/p/w500/z54zrEXAKd5u1SCPNOIAKgvGXte.jpg,신과함께죄와벌,0,0,25,0.0,2,N,,,Y,언급부족_데이터품질기준보존,정승길_v4,
mv_2657_04,신과함께-죄와 벌,Along with the Gods: The Two Worlds,movie,하정우;차태현;주지훈;김향기;김동욱,정관도서관,공공도서관,부산광역시 기장군 정관읍 정관중앙로 100,35.3252843,129.1814536,https://lh3.googleusercontent.com/place-photos/AG9NLjAtka2KuQE0N9RyfNk0KoUrwZDj3uUV182WMJWiqnMSiANg1YJh51zkFvwO_8PMcIjBtY8cCCgO07lmD8FlG41aim5kZ0vU-hTuLHJGTg_KNMVJXhOvq02IFC5GrV6o3RNfYWjezoRxUx06tA=s4800-w800,https://map.naver.com/p/entry/place/36447713,강림이 도서관 옥상에서 길 건너 기장소방서를 내려다보는 장면,https://www.nongmin.com/article/20180118286347,2026-07-30,,,14398110,,김용화,https://image.tmdb.org/t/p/w500/z54zrEXAKd5u1SCPNOIAKgvGXte.jpg,신과함께죄와벌,0,0,25,0.0,5,N,,,Y,언급부족_데이터품질기준보존,정승길_v4,
st_10877,신입사원강회장,Reborn Rookie,drama,이준영;손현주;이주명,브레스커피웍스,카페,경북 경주시 보불로 204-8,35.803336,129.313192,https://lh3.googleusercontent.com/place-photos/AG9NLjBZ51u2dQPPBLnoKtwwJwK4HWcuuGm357KvfMPtpr9pLx9MLvuefZjs4QeoTwP1PKuha337xpL4EgVhTYrwBHKio4HwnmCr0BMZVMiLJOt2IHmkB3yXE8DA5ELWgiCEUD33SeJ7KoNCht5YMvG9WcAJ=s4800-w800,https://map.naver.com/p/entry/place/2055627551,"1화에 야경으로 첫 등장, 5화 강회장·강방글이 들르는 강회장 집으로 등장하는 장면",https://kdramamap.com/location/%ec%8b%a0%ec%9e%85%ec%82%ac%ec%9b%90%ea%b0%95%ed%9a%8c%ec%9e%a5-%eb%b8%8c%eb%a0%88%ec%8a%a4%ec%bb%a4%ed%94%bc%ec%9b%8d%ec%8a%a4-19952/;https://haechi-travel.tistory.com/entry/촬영지-신입사원-강회장-드라마;https://dramaplace.bkbro.kr/185,2026-07-28,95,16,,,고혜진,https://image.tmdb.org/t/p/w500/ryoklqf5Xi76b1Cqb0h4I7zL6qa.jpg,신입사원강회장,19,145,44,100.0,1,N,,,Y,언급2회이상_작품내상위15,정승길_v4,
st_10869,신입사원강회장,Reborn Rookie,drama,이준영;손현주;이주명,인제스피디움,스포츠시설(경주장),강원 인제군 기린면 상하답로 130,38.002723,128.295159,https://lh3.googleusercontent.com/place-photos/AG9NLjDdTQrMcDK_3X7jQ7yB1mY86S62BhvQcBwiDAckF9aLslGLZVBz4VNQCsHAmQP5znz2CLomChP-cvZgcpfRfxzwKmbOkh23DE79emNy8Qf5qOB1TP_R413bo61lYIhctoMgbkTs0E6JvQNLLqQ=s4800-w800,https://map.naver.com/p/entry/place/32779150,1화에서 강용호 회장이 카레이싱장에서 임원과 비밀리에 접촉하는 장면,https://kdramamap.com/location/%ec%8b%a0%ec%9e%85%ec%82%ac%ec%9b%90%ea%b0%95%ed%9a%8c%ec%9e%a5-%ec%9d%b8%ec%a0%9c%ec%8a%a4%ed%94%bc%eb%94%94%ec%9b%80-19944/;https://haechi-travel.tistory.com/entry/촬영지-신입사원-강회장-드라마;https://dramaplace.bkbro.kr/185,2026-07-28,95,16,,,고혜진,https://image.tmdb.org/t/p/w500/ryoklqf5Xi76b1Cqb0h4I7zL6qa.jpg,신입사원강회장,10,35,44,52.6,2,N,,,Y,언급2회이상_작품내상위15,정승길_v4,
st_10865,신입사원강회장,Reborn Rookie,drama,이준영;손현주;이주명,롯데인재개발원 오산캠퍼스,학교,경기 오산시 경기동로186번길 8,37.156916,127.090915,https://lh3.googleusercontent.com/place-photos/AG9NLjCkQd1VS5_a6xIGQ6fV7RLOYRnHdMHiC37of3feExcRUjGdhF0B_8pyvzZnFJhFG0mOiDO3XwOx5OvBVreADfr73Td0H49sdxxP5d4Pl60df8zAptP-fEfeBMAmoMuDtwYLTAiS6XKENqXrMZr67RIrPw=s4800-w800,https://map.naver.com/p/entry/place/1612583652,최성그룹 사옥이자 신입사원 연수원으로 등장하는 장면,https://kdramamap.com/location/%ec%8b%a0%ec%9e%85%ec%82%ac%ec%9b%90%ea%b0%95%ed%9a%8c%ec%9e%a5-%eb%a1%af%eb%8d%b0%ec%9d%b8%ec%9e%ac%ea%b0%9c%eb%b0%9c%ec%9b%90-%ec%98%a4%ec%82%b0%ec%ba%a0%ed%8d%bc%ec%8a%a4-19940/;https://haechi-travel.tistory.com/entry/촬영지-신입사원-강회장-드라마;https://dramaplace.bkbro.kr/185,2026-07-28,95,16,,,고혜진,https://image.tmdb.org/t/p/w500/ryoklqf5Xi76b1Cqb0h4I7zL6qa.jpg,신입사원강회장,8,18,44,42.1,3,N,,,Y,언급2회이상_작품내상위15,정승길_v4,
st_10855,신입사원강회장,Reborn Rookie,drama,이준영;손현주;이주명,긴자 송도유원지점,음식점,인천 연수구 청량로120번길 10,37.418720,126.655182,https://lh3.googleusercontent.com/place-photos/AG9NLjAqTR5O-lPEWhxiw5710vUlV4g7fE4CViWonxQeMx5R8EUM0xbtywi1IuqYZiEExNRvRNAvLUvsifbwP0d-q0JwpREsYYlJddxVUiu8DzcGz-Y5t2iGFZ-x5cmgCofpFEZoLhxyUjfzYLmm-Q=s4800-w800,https://map.naver.com/p/entry/place/302060774,4화에서 나회장 단골 고급 일식집 '히토안'으로 등장하는 장면,https://kdramamap.com/location/%ec%8b%a0%ec%9e%85%ec%82%ac%ec%9b%90%ea%b0%95%ed%9a%8c%ec%9e%a5-%ea%b8%b4%ec%9e%90-%ec%86%a1%eb%8f%84%ec%9c%a0%ec%9b%90%ec%a7%80%ec%a0%90-19930/;https://haechi-travel.tistory.com/entry/촬영지-신입사원-강회장-드라마,2026-07-28,95,16,,,고혜진,https://image.tmdb.org/t/p/w500/ryoklqf5Xi76b1Cqb0h4I7zL6qa.jpg,신입사원강회장,6,26,44,31.6,4,N,,,Y,언급2회이상_작품내상위15,정승길_v4,
st_10850,신입사원강회장,,drama,이준영;손현주;이주명,조선팰리스 서울 강남,,서울 강남구 테헤란로 231,37.502881,127.041357,,https://map.naver.com/p/entry/place/1384506674,황준현의 몸이 된 강회장이 묵는 호텔(조선팰리스) 내부로 등장하는 장면,https://kdramamap.com/location/%ec%8b%a0%ec%9e%85%ec%82%ac%ec%9b%90%ea%b0%95%ed%9a%8c%ec%9e%a5-%ec%a1%b0%ec%84%a0%ed%8c%b0%eb%a6%ac%ec%8a%a4-%ec%84%9c%ec%9a%b8-%ea%b0%95%eb%82%a8-19925/,2026-07-28,95,16,,,고혜진,https://image.tmdb.org/t/p/w500/ryoklqf5Xi76b1Cqb0h4I7zL6qa.jpg,신입사원강회장,6,12,44,31.6,5,N,,,Y,언급2회이상_작품내상위15,정승길_v4,
st_10852,신입사원강회장,,drama,이준영;손현주;이주명,테헤란로,,서울 강남구 역삼동 804,37.501249,127.038332,,,테헤란로 일대 오피스 워킹 씬 촬영지로 등장하는 장면,https://kdramamap.com/location/%ec%8b%a0%ec%9e%85%ec%82%ac%ec%9b%90%ea%b0%95%ed%9a%8c%ec%9e%a5-%ed%85%8c%ed%97%a4%eb%9e%80%eb%a1%9c-19927/,2026-07-28,95,16,,,고혜진,https://image.tmdb.org/t/p/w500/ryoklqf5Xi76b1Cqb0h4I7zL6qa.jpg,신입사원강회장,6,8,44,31.6,6,N,,,Y,언급2회이상_작품내상위15,정승길_v4,
st_10866,신입사원강회장,,drama,이준영;손현주;이주명,경기동로186번길,거리,경기 오산시 부산동 790,37.156967,127.092250,,,최성그룹 신입 연수원 앞에서 버스 하차하는 장면,https://kdramamap.com/location/%ec%8b%a0%ec%9e%85%ec%82%ac%ec%9b%90%ea%b0%95%ed%9a%8c%ec%9e%a5-%ea%b2%bd%ea%b8%b0%eb%8f%99%eb%a1%9c186%eb%b2%88%ea%b8%b8-19941/,2026-07-28,95,16,,,고혜진,https://image.tmdb.org/t/p/w500/ryoklqf5Xi76b1Cqb0h4I7zL6qa.jpg,신입사원강회장,6,5,44,31.6,7,N,,,Y,언급2회이상_작품내상위15,정승길_v4,
st_10846,신입사원강회장,Reborn Rookie,drama,이준영;손현주;이주명,비스타워커힐서울,호텔,서울 광진구 워커힐로 177,37.558629,127.111707,https://lh3.googleusercontent.com/place-photos/AG9NLjCyWyNSLqJl6X3yWbRW7f3DDfO6BsckcqVTtprBqq8bP98KIg4cwXv-atxwkkksjZIqtDs6WtehC1D7__mvrgLCCTT0-7y5hB1u0o_bZeWhwTWVTyWdO0SMG9M-W1tBZUW0y_PxEjSCEIUWLw=s4800-w800,https://map.naver.com/p/entry/place/695321679,태하그룹 사옥 외관이자 회장님 만찬 장면으로 여러 차례 등장,https://kdramamap.com/location/%ec%8b%a0%ec%9e%85%ec%82%ac%ec%9b%90%ea%b0%95%ed%9a%8c%ec%9e%a5-%eb%b9%84%ec%8a%a4%ed%83%80%ec%9b%8c%ec%bb%a4%ed%9e%90%ec%84%9c%ec%9a%b8-19921/;https://haechi-travel.tistory.com/entry/촬영지-신입사원-강회장-드라마,2026-07-28,95,16,,,고혜진,https://image.tmdb.org/t/p/w500/ryoklqf5Xi76b1Cqb0h4I7zL6qa.jpg,신입사원강회장,5,11,44,26.3,8,N,,,Y,언급2회이상_작품내상위15,정승길_v4,
st_10875,신입사원강회장,Reborn Rookie,drama,이준영;손현주;이주명,세종충남대학교병원,학교,세종 보듬7로 20,36.519513,127.257943,https://lh3.googleusercontent.com/place-photos/AG9NLjC4cu_vsLgapHPZSHUJM4G27Ww3leZXE7rN1EOZKmEKN6lwkT4nhrAj7BWubZCyqbpWmM-EDOdhkgTu3FBJsEXcDfmZpmwb7MPcPJL3MotVjMilDyuErZwuQdUwiXUVRVmBgPsSSjhII6NKg28=s4800-w800,https://map.naver.com/p/entry/place/1574399219,강회장이 입원한 한강대학병원으로 등장하는 장면,https://kdramamap.com/location/%ec%8b%a0%ec%9e%85%ec%82%ac%ec%9b%90%ea%b0%95%ed%9a%8c%ec%9e%a5-%ec%84%b8%ec%a2%85%ec%b6%a9%eb%82%a8%eb%8c%80%ed%95%99%ea%b5%90%eb%b3%91%ec%9b%90-19950/;https://haechi-travel.tistory.com/entry/촬영지-신입사원-강회장-드라마,2026-07-28,95,16,,,고혜진,https://image.tmdb.org/t/p/w500/ryoklqf5Xi76b1Cqb0h4I7zL6qa.jpg,신입사원강회장,5,10,44,26.3,9,N,,,Y,언급2회이상_작품내상위15,정승길_v4,
st_10838,신입사원강회장,,drama,이준영;손현주;이주명,서강껍데기,,서울 용산구 이촌로 9,37.530799,126.954854,https://lh3.googleusercontent.com/place-photos/AG9NLjDRr7z79OLqS6ehYTtiwJahVumgIeicWlDoyNNcqfHpMnjE4w6OeHf0_RhJciYFNMU7bT3bJq_l8vUI4b-fAMPwBDo0__dk3Uow5w80RV5hjitzkCz57uspaJX9ykpbTbhsdLIMU0Jz5SdJTzA=s4800-w800,https://map.naver.com/p/entry/place/12907119,8화에서 강재성이 화풀이로 고기를 구워 먹는 장면,https://kdramamap.com/location/%ec%8b%a0%ec%9e%85%ec%82%ac%ec%9b%90%ea%b0%95%ed%9a%8c%ec%9e%a5-%ec%84%9c%ea%b0%95%ea%bb%8d%eb%8d%b0%ea%b8%b0-19913/,2026-07-28,95,16,,,고혜진,https://image.tmdb.org/t/p/w500/ryoklqf5Xi76b1Cqb0h4I7zL6qa.jpg,신입사원강회장,5,6,44,26.3,10,N,,,Y,언급2회이상_작품내상위15,정승길_v4,
st_10876,신입사원강회장,,drama,이준영;손현주;이주명,황등석산,자연/명소,전북 익산시 황등면 황등리 452-5,36.003862,126.946280,https://lh3.googleusercontent.com/place-photos/AG9NLjDcUNFtQZlqz3RdczGTt9IojHNriFfVEd5D0woWrmD6HbAJYw_KwStQd30HnuQfmNxw4w207-FLh_jPmfQOrx3xGa2T6g-gAHfbKSDfPmEdUTYEHUikaY6p32st7clR_Ea8Qe9vOSifOEpCy7Z8vtX7=s4800-w800,,해외 출장(볼리비아) 광산 신 촬영지로 등장하는 장면,https://kdramamap.com/location/%ec%8b%a0%ec%9e%85%ec%82%ac%ec%9b%90%ea%b0%95%ed%9a%8c%ec%9e%a5-%ed%99%a9%eb%93%b1%ec%84%9d%ec%82%b0-19951/,2026-07-28,95,16,,,고혜진,https://image.tmdb.org/t/p/w500/ryoklqf5Xi76b1Cqb0h4I7zL6qa.jpg,신입사원강회장,4,21,44,21.1,11,N,,,Y,언급2회이상_작품내상위15,정승길_v4,
st_10851,신입사원강회장,Reborn Rookie,drama,이준영;손현주;이주명,센터필드,오피스(복합시설),서울 강남구 테헤란로 231,37.502881,127.041357,https://lh3.googleusercontent.com/place-photos/AG9NLjAnMPeyFBSA3U8v56fkgJqO-Roa01oEY4vYC2Msqz9ht-y4Iu53fm2-pdzSY9ErmCIj1ZoWsXPzh5uUMbcLwLMTU5hy6iJER-lQ8NzIvTCiyc9vrR9CmeqedpNNUvTUAAV_lje751JTlQMuHf4nEVPsEQ=s4800-w800,https://map.naver.com/p/entry/place/2093404620,황준현의 몸이 된 강회장이 묵는 호텔 외관으로 등장하는 장면,https://kdramamap.com/location/%ec%8b%a0%ec%9e%85%ec%82%ac%ec%9b%90%ea%b0%95%ed%9a%8c%ec%9e%a5-%ec%84%bc%ed%84%b0%ed%95%84%eb%93%9c-19926/;https://haechi-travel.tistory.com/entry/촬영지-신입사원-강회장-드라마,2026-07-28,95,16,,,고혜진,https://image.tmdb.org/t/p/w500/ryoklqf5Xi76b1Cqb0h4I7zL6qa.jpg,신입사원강회장,4,16,44,21.1,12,N,,,Y,언급2회이상_작품내상위15,정승길_v4,
st_10864,신입사원강회장,Reborn Rookie,drama,이준영;손현주;이주명,안산와스타디움,스포츠시설(축구경기장),경기 안산시 단원구 화랑로 260,37.319478,126.816492,https://lh3.googleusercontent.com/place-photos/AG9NLjCpySFubuWurbKicnp8Hmwas4LVeYsSPTkgIW4tSC086j0s3g_XOFtFenlHO9X0aRrgLadp_fXK3ciCLwIuOvCsg4Qbuzwztay_5pcWT0DxnejcwyEUsRiG6ZOf6qD-jhthj_lGvFC9c6PL3uk=s4800-w800,https://map.naver.com/p/entry/place/13410693,극 중 최성FC 축구선수 황준현이 경기장에서 선수로 뛰는 장면,https://kdramamap.com/location/%ec%8b%a0%ec%9e%85%ec%82%ac%ec%9b%90%ea%b0%95%ed%9a%8c%ec%9e%a5-%ec%95%88%ec%82%b0%ec%99%80%ec%8a%a4%ed%83%80%eb%94%94%ec%9b%80-19939/;https://haechi-travel.tistory.com/entry/촬영지-신입사원-강회장-드라마;https://dramaplace.bkbro.kr/185,2026-07-28,95,16,,,고혜진,https://image.tmdb.org/t/p/w500/ryoklqf5Xi76b1Cqb0h4I7zL6qa.jpg,신입사원강회장,4,11,44,21.1,13,N,,,Y,언급2회이상_작품내상위15,정승길_v4,
st_10860,신입사원강회장,,drama,이준영;손현주;이주명,홍삼스파 참숯가마 사우나,,경기 파주시 탄현면 장릉로 5,37.773890,126.717179,https://lh3.googleusercontent.com/place-photos/AG9NLjBwV89xNVS8LJ_JNAtlkTP_WchKGyocuzRvYH2kCGvUn3bBvkzZF_8HzkT11vo68St8a8vetWZL3xfIuCvHsYXyrsxyj9DMQ4BPdvL5SKbUuoGcrL-hwtzaObMapds7vgPDam-qaOr5cShcvl1-rHok3g=s4800-w800,https://map.naver.com/p/entry/place/37130051,9~10화에서 방글과 방글 엄마가 집에서 쫓겨나 찾은 찜질방으로 등장하는 장면,https://kdramamap.com/location/%ec%8b%a0%ec%9e%85%ec%82%ac%ec%9b%90%ea%b0%95%ed%9a%8c%ec%9e%a5-%ed%99%8d%ec%82%bc%ec%8a%a4%ed%8c%8c-%ec%b0%b8%ec%88%af%ea%b0%80%eb%a7%88-%ec%82%ac%ec%9a%b0%eb%82%98-19935/,2026-07-28,95,16,,,고혜진,https://image.tmdb.org/t/p/w500/ryoklqf5Xi76b1Cqb0h4I7zL6qa.jpg,신입사원강회장,4,7,44,21.1,14,N,,,Y,언급2회이상_작품내상위15,정승길_v4,
st_10844,신입사원강회장,Reborn Rookie,drama,이준영;손현주;이주명,청계천,하천(관광명소),서울 종로구 창신동 436-91,37.569895,127.011088,https://lh3.googleusercontent.com/place-photos/AG9NLjBps1C8H6E-7VSZ5SRZ4P2vEmxF_6brWpsAOLR2P48T4cR1wEDeLwrF_IE-G8NO_XYjifmDSsR_vuwf3_-xqerQAC6ICdKY2KM-1CDWHsU3ZeecLQl58Amevo9CN6NkDheWMvyUabH56J1s=s4800-w800,https://map.naver.com/p/entry/place/13491093,황준현의 몸이 된 강회장이 거짓 기자회견 후 홀로 걸었던 길로 등장하는 장면,https://kdramamap.com/location/%ec%8b%a0%ec%9e%85%ec%82%ac%ec%9b%90%ea%b0%95%ed%9a%8c%ec%9e%a5-%ec%b2%ad%ea%b3%84%ec%b2%9c-19919/;https://haechi-travel.tistory.com/entry/촬영지-신입사원-강회장-드라마;https://dramaplace.bkbro.kr/185,2026-07-28,95,16,,,고혜진,https://image.tmdb.org/t/p/w500/ryoklqf5Xi76b1Cqb0h4I7zL6qa.jpg,신입사원강회장,3,13,44,15.8,15,N,,,Y,언급2회이상_작품내상위15,정승길_v4,
mv_0254_01,실미도,Silmido,movie,설경구;안성기;허준호;정재영;임경호,실미도,무인도·철거된 영화세트 부지,인천광역시 영종구 큰무리로 99 앞 실미도,37.4010862,126.391699,https://lh3.googleusercontent.com/place-photos/AG9NLjC0_M3AaSh3DaE39fKIMeqyBClFUD4j6RkOQyVwG9Burh6aZuTUNFvjbuMxQ0vk_zu6MokKOUHx0hYvmvaw5kRjG_0iRIh6yWP6SNHoK6EqeUjM3t5H0PrTQxq4rusdFwRWpqzD99YYzk-oKA=s4800-w800,https://map.naver.com/p/entry/place/11491901,684부대원들이 실미도에 세운 부대 막사 세트에서 혹독한 지옥훈련을 받는 장면,https://itour.incheon.go.kr/ssst/ssst/detail.do?cotId=ITD21123009344247067,2026-07-30,,,11080000,청룡영화상 최우수작품상(2004),강우석,https://image.tmdb.org/t/p/w500/xKGjBFfzoip0fTT7JNjF9bd6Dru.jpg,실미도,84,1220,101,100.0,1,N,,,Y,언급2회이상_작품내상위15,정승길_v4,
mv_1222,써니,Sunny,movie,유호정;심은경;강소라;고수희;홍진희,제물포 시장,명소,인천광역시 미추홀구 숭의동 27-58,37.463043,126.657309,https://lh3.googleusercontent.com/place-photos/AG9NLjAk7SLVxBRfd0e9FuNmguA8fC5co16pZ_eMFGFYbT9Z2oW6xe-YEpBBA4Cf99ReVjPpJkatvbdqGs5GOMu7JiIMmVZue6R_VPT_pW_7ukxS7seae6lJzFWwVNLl8Qv8qvGTWutphuzXSi30=s4800-w800,,극중 나이(심은경)가 빙의 한 곳,assets/한국문화정보원_미디어콘텐츠 영상 촬영지 데이터_20221125.csv,2026-07-28,,,7318389,,강형철,https://image.tmdb.org/t/p/w500/39fhpu9WfpvaEfE6UhuxaS93wOe.jpg,써니,6,17,66,100.0,1,N,,,Y,언급2회이상_작품내상위15,정승길_v4,
mv_1219,써니,Sunny,movie,유호정;심은경;강소라;고수희;홍진희,합천 영상 테마파크,명소,경상남도 합천군 용주면 합천호수로 757,35.5489346,128.072475,https://lh3.googleusercontent.com/place-photos/AG9NLjCv95QlhIEWg6AKF3e7x2f_VFlm2cYnuBlrYHWJeWRLfu0t24rbKP_rwVvKDaAz0tlsFNtEJRaZLjb0kyZVvFFzhN-tAKY-pK0vdjjqOsnfzRlOx8tAVfwftPLg9UXCQOh4fW8d_msTS0Brpxg=s4800-w800,,영화 속 길거리 등장 장면의 배경,assets/한국문화정보원_미디어콘텐츠 영상 촬영지 데이터_20221125.csv,2026-07-28,,,7318389,,강형철,https://image.tmdb.org/t/p/w500/39fhpu9WfpvaEfE6UhuxaS93wOe.jpg,써니,5,25,66,83.3,2,N,,,Y,언급2회이상_작품내상위15,정승길_v4,
mv_1218,써니,Sunny,movie,유호정;심은경;강소라;고수희;홍진희,철도박물관,명소,경기도 의왕시 철도박물관로 142,37.316046,127.122293,https://lh3.googleusercontent.com/place-photos/AG9NLjB8l_0rHo2yihDWiVgNBVFuqfe6E2dG8wQ2xe-TEw9gBwzf9DVeSaiXsQpCxoi2eWY-VVsRii870Q7Jl4zeOiP1zoA2CEcjxQDD-kuPnScGTvn78-JzK6wJsM4GpQtMLghVvWRnfgR7uOvJUw=s4800-w800,,MT 가는 기차의 배경이 되는 곳,assets/한국문화정보원_미디어콘텐츠 영상 촬영지 데이터_20221125.csv,2026-07-28,,,7318389,,강형철,https://image.tmdb.org/t/p/w500/39fhpu9WfpvaEfE6UhuxaS93wOe.jpg,써니,1,3,66,16.7,3,N,,,Y,언급부족_데이터품질기준보존,정승길_v4,
st_11286,아이돌아이,I DOL I,drama,최수영;김재영,광한루원,정원,전북 남원시 요천로 1447,35.404132,127.380504,https://lh3.googleusercontent.com/place-photos/AG9NLjCH2Pfu3oSd0wnvYKSS0lTbs_qGdxn7WJOn8anUVRhiDqQdyqDg-UxdSPJHJ5p4TkdrDY-9lhMcMtCfyRIT_0octQKVevClY1OzyqWrahjnYq3YTSpcflRRlsW_Ka12rD472Mgw5Dt4_aTpFA=s4800-w800,https://map.naver.com/p/entry/place/12292865,,https://kdramamap.com/location/%ec%95%84%ec%9d%b4%eb%8f%8c%ec%95%84%ec%9d%b4-%ea%b4%91%ed%95%9c%eb%a3%a8%ec%9b%90-17451/;https://kdramalocations.com/dramas/i-dol-i;https://haechi-travel.tistory.com/445,2026-07-28,80,,,,이광영,https://image.tmdb.org/t/p/w500/h5oOMqtNkMIZjvkpQ7SkOL4wqoD.jpg,아이돌아이,1,13,39,100.0,1,N,,,Y,언급부족_데이터품질기준보존,,
st_11260,아이돌아이,,drama,최수영;김재영,조이마당스튜디오,,경기 파주시 파주읍 봉서산로 245,37.833300,126.803485,https://lh3.googleusercontent.com/place-photos/AG9NLjACiiwj6AvwSE0Uh5C1Jp9DdQi4HhcCINUMPrDZ1uz3z7F7vaw0cuUsF4Z8J-VOs_kH6uuGB5Dgz_dpTLtIEH6bO3XjZQiagosM81sWF3ov9hESmauRYdPp1AkcDeKSiOxMbrnzPSf4ji-WPNY=s4800-w800,https://map.naver.com/p/entry/place/1741339375,법원 촬영 세트장으로 쓰인 파주 조이마당스튜디오,https://kdramamap.com/location/%ec%95%84%ec%9d%b4%eb%8f%8c%ec%95%84%ec%9d%b4-%ec%a1%b0%ec%9d%b4%eb%a7%88%eb%8b%b9%ec%8a%a4%ed%8a%9c%eb%94%94%ec%98%a4-17425/,2026-07-28,80,,,,이광영,https://image.tmdb.org/t/p/w500/h5oOMqtNkMIZjvkpQ7SkOL4wqoD.jpg,아이돌아이,1,3,39,100.0,2,N,,,Y,언급부족_데이터품질기준보존,정승길_v4,
st_11234,아이돌아이,I DOL I,drama,최수영;김재영,타임스퀘어,쇼핑몰,서울 영등포구 영중로 15,37.517233,126.903716,https://lh3.googleusercontent.com/place-photos/AG9NLjC6tS3NMPw3Pz6JlSD45U5oF5LYDd-40R19QBgMtEtZ23KFrvuEObMJ5VLWQ1vtaGO-htzbhI-wJoEzCPZdEIWmk9IOPwqZrG_ScMEoK6w8csED_ELWyD6zHltGz0Rv1zLGfBTattDk-x8ZfxQ=s4800-w800,https://map.naver.com/p/entry/place/12967315,,https://kdramamap.com/location/%ec%95%84%ec%9d%b4%eb%8f%8c%ec%95%84%ec%9d%b4-%ed%83%80%ec%9e%84%ec%8a%a4%ed%80%98%ec%96%b4-17399/;https://kdramalocations.com/dramas/i-dol-i;https://haechi-travel.tistory.com/445,2026-07-28,80,,,,이광영,https://image.tmdb.org/t/p/w500/h5oOMqtNkMIZjvkpQ7SkOL4wqoD.jpg,아이돌아이,1,3,39,100.0,3,N,,,Y,언급부족_데이터품질기준보존,,
st_20645,아파트,The Apartment Job,drama,지성;하윤경;박병은,e편한세상 송도,아파트,인천 연수구 랜드마크로 113,37.411462722347345,126.61744005941496,https://lh3.googleusercontent.com/place-photos/AG9NLjAIAQndmS_P32XQqDhPPhH_aq-H-TnatF2RTMucCcdZT97O5NYqL3z0ZYGbcYoNa77GT1efqje07mMzpOIuOzUDC_RifC7GZFBMPPYh19zt0TCq2oJhEvqMvor8swn9prR-clXRCSkFxjU6=s4800-w800,https://map.naver.com/p/entry/place/37162864,박해강이 거주하며 입주민회의 등 사건이 벌어지는 트루밸류 스테이트 아파트 촬영지,https://blog.naver.com/ryu71s/224348852350;https://blog.naver.com/location_info/224348411938;https://blog.naver.com/dramovist/224329604042;https://blog.naver.com/suek0410/224345952850,2026-07-30,,11,,,조용원,https://image.tmdb.org/t/p/w500/wR7y2h0ccbaTnU5KpUjKIesflng.jpg,아파트,7,28,90,100.0,1,N,,,Y,언급2회이상_작품내상위15,정승길_v4,
st_20648,아파트,The Apartment Job,drama,지성;하윤경;박병은,아트센터 인천,공연장,인천 연수구 아트센터대로 222,37.39324161171678,126.6262146149416,https://lh3.googleusercontent.com/place-photos/AG9NLjCpSlPSLNxqB9GLmcwBlNVIEUaB38LeW2aCjUMuIcDOUWhgtnyXwZlJPbdg4cZh72y8GS5QV7euXYwPx3u_bVAFet4t9lZZ-iElhvP1ssz3N57yFrJIfC9QIXVnp_KF1ChepuzHgG06ZU_IOgM=s4800-w800,https://map.naver.com/p/entry/place/1815627851,박해강이 채무자 딸의 청소년음악회에 찾아가 돈을 받으려는 콘서트홀 장면,https://blog.naver.com/ryu71s/224348852350,2026-07-30,,11,,,조용원,https://image.tmdb.org/t/p/w500/wR7y2h0ccbaTnU5KpUjKIesflng.jpg,아파트,4,11,90,57.1,2,N,,,Y,언급2회이상_작품내상위15,정승길_v4,
st_20649,아파트,The Apartment Job,drama,지성;하윤경;박병은,코코에르 밤리단길카페점,카페,경기 고양시 일산동구 일산로380번길 63-38,37.67127591306564,126.78281205657161,https://lh3.googleusercontent.com/place-photos/AG9NLjBDOr5dyG62py-_VvcFi564FFCXaXNWUiDon_DB-vPJVOHluKIXWIOVhi6WLE3r_FQSlNtX9G-1ZNfaMAdszcwypK7S-Yi0ODxWkzISassDC-yxo_5OEL03cCXP8-moYmnWjxO-SPCNppTJ=s4800-w800,https://map.naver.com/p/entry/place/1467728562,강하리가 친구에게 가짜 결혼 아르바이트를 소개받는 카페 장면,https://blog.naver.com/ryu71s/224348852350,2026-07-30,,11,,,조용원,https://image.tmdb.org/t/p/w500/wR7y2h0ccbaTnU5KpUjKIesflng.jpg,아파트,3,16,90,42.9,3,N,,,Y,언급2회이상_작품내상위15,정승길_v4,
st_20659,아파트,The Apartment Job,drama,지성;하윤경;박병은,더링크서울 트리뷰트 포트폴리오 호텔,호텔,서울 구로구 경인로 610,37.50549207786017,126.88395026004707,https://lh3.googleusercontent.com/place-photos/AG9NLjDHIBq_8LbAJf2Fm1rb8WgVgT2wigKiWhJfd44l40ful7C2BshH_LAe8KFnRcrT0-x2kfcL018Gz6uKc1Z7ck8dvA6VjZLVPOBtSGnJb9BKHmw7HB2I6ay-fltSuazq8fbXh9rvHdABspgObxsh0Tvgag=s4800-w480,https://map.naver.com/p/entry/place/1240305191,강하리와 박해강이 가짜 결혼식을 올리는 결혼식장 장면,https://blog.naver.com/ryu71s/224348852350,2026-07-30,,11,,,조용원,https://image.tmdb.org/t/p/w500/wR7y2h0ccbaTnU5KpUjKIesflng.jpg,아파트,3,8,90,42.9,4,N,,,Y,언급2회이상_작품내상위15,정승길_v4,
st_20647,아파트,The Apartment Job,drama,지성;하윤경;박병은,콘코디언빌딩,오피스,서울 종로구 새문안로 76,37.5697260865479,126.973145627885,https://lh3.googleusercontent.com/place-photos/AG9NLjA0FRTGZvio5ymxQRv877N_hXAUWcIT5inS9h2ph50RQGaETJQpns8U9j_ECY4l7dS7oAKh4ogRrQ8KBzpJHQzrsEm7Zo7KanNug4ghT5S0boaMev994Q2yj69ZxP6VRVewUyUuVMr8Tuos=s4800-w800,https://map.naver.com/p/entry/place/1883968547,HK무역이 있는 건물 1층 로비에서 조직원들이 드나드는 장면,https://blog.naver.com/ryu71s/224348852350,2026-07-30,,11,,,조용원,https://image.tmdb.org/t/p/w500/wR7y2h0ccbaTnU5KpUjKIesflng.jpg,아파트,3,8,90,42.9,5,N,,,Y,언급2회이상_작품내상위15,정승길_v4,
st_20664,아파트,The Apartment Job,drama,지성;하윤경;박병은,로이터 커피 셸터,카페,서울 중구 필동3가 62-11,37.556603096133,126.996302682436,https://lh3.googleusercontent.com/place-photos/AG9NLjD_1pHmvir30NIx7KGudtAndhrWa3V4JG8zxrMNOF-M_eHAexvKqjOCpgLVVDsISk_nHWQAOE2vP6m9oI1vYFp2sd_Y472npjgFQtYtbXTDdKz4Nx7qbuHrKqxlDIaiYKlKzRfEbWbYmDuhVA=s4800-w800,https://map.naver.com/p/entry/place/1590613420,박해강이 강하리에게 계약결혼 알바비 1억 원을 제시하는 루프탑 카페 장면,https://blog.naver.com/ryu71s/224348852350,2026-07-30,,11,,,조용원,https://image.tmdb.org/t/p/w500/wR7y2h0ccbaTnU5KpUjKIesflng.jpg,아파트,2,7,90,28.6,6,N,,,Y,언급2회이상_작품내상위15,정승길_v4,
st_20652,아파트,The Apartment Job,drama,지성;하윤경;박병은,스테이트타워 남산,오피스,서울 중구 퇴계로 100,37.5602205973777,126.982945950518,https://lh3.googleusercontent.com/place-photos/AG9NLjB6CZ1WrZ0JVALf951VfLTnOva5YCnFKYYc8p5BSoSLAvEihjhPlZ_DQunmGdPkQI4F7pGQH08UjW_fBBuvf_v3PF9GXtMgpATBLGcOWHGc4EK8Xp0xKlFwEmGvXX0q7P1WTC_8Lg6CR0mZlrc=s4800-w800,https://map.naver.com/p/entry/place/18692890,강하리가 무료법률상담원으로 일하는 위파트너스 사무소 외관 장면,https://blog.naver.com/ryu71s/224348852350,2026-07-30,,11,,,조용원,https://image.tmdb.org/t/p/w500/wR7y2h0ccbaTnU5KpUjKIesflng.jpg,아파트,2,7,90,28.6,7,N,,,Y,언급2회이상_작품내상위15,정승길_v4,
st_20663,아파트,The Apartment Job,drama,지성;하윤경;박병은,카페 릴리블랑,카페,서울 서초구 양재천로19길 52,37.47762070192781,127.03815636178277,https://lh3.googleusercontent.com/place-photos/AG9NLjA5uwKR50gP0v1kI4bmYC8RzYp64jGkH8cuQmbMLXxile1-cERKu6O2yVBS5XBVOyJ-7ZEcLIzqvq5HZc0dStpq5ZBEOtRGoxmwFI94htMTcERsnS_FLPmyz74B-Hn2gUeOszK9cDUtcC_ah-s=s4800-w800,https://map.naver.com/p/entry/place/21129690,강하리가 친구와 결혼식 알바 이야기를 나누는 카페 장면,https://blog.naver.com/ryu71s/224348852350,2026-07-30,,11,,,조용원,https://image.tmdb.org/t/p/w500/wR7y2h0ccbaTnU5KpUjKIesflng.jpg,아파트,2,7,90,28.6,8,N,,,Y,언급2회이상_작품내상위15,정승길_v4,
st_20653,아파트,The Apartment Job,drama,지성;하윤경;박병은,도봉산,자연,서울 도봉구 도봉동 산 31,37.69884206393718,127.01545859321786,https://lh3.googleusercontent.com/place-photos/AG9NLjDpdtxz3X2oQacyVnBE7XCox1JmTx7ynXdaQneCVMVS23rlz8AuDUWO9gpM4R4sK1KcD0zpaa3cXDKdQNyexZS-7JICFakuYh3EqoC5PPstT3UWHNVqvblCSSMU_ZdA7isYbehWPqperW7Chw=s4800-w800,https://map.naver.com/p/entry/place/13491821,박해강이 정관계 뒷배들과 산에 오르기 전 바라보는 산 전경 장면,https://blog.naver.com/ryu71s/224348852350,2026-07-30,,11,,,조용원,https://image.tmdb.org/t/p/w500/wR7y2h0ccbaTnU5KpUjKIesflng.jpg,아파트,2,6,90,28.6,9,N,,,Y,언급2회이상_작품내상위15,정승길_v4,
st_20660,아파트,The Apartment Job,drama,지성;하윤경;박병은,의정부교도소,관공서,경기 의정부시 고산동 818,37.7230116521717,127.091434043715,,https://map.naver.com/p/entry/place/36831780,서울중부구치소로 등장하는 장면 촬영지,https://blog.naver.com/ryu71s/224348852350,2026-07-30,,11,,,조용원,https://image.tmdb.org/t/p/w500/wR7y2h0ccbaTnU5KpUjKIesflng.jpg,아파트,2,6,90,28.6,10,N,,,Y,언급2회이상_작품내상위15,정승길_v4,
st_20646,아파트,The Apartment Job,drama,지성;하윤경;박병은,저스트코타워,오피스,서울 강남구 테헤란로 431,37.50662681212177,127.05431382704866,https://lh3.googleusercontent.com/place-photos/AG9NLjAfs9zspj6GzM1p2-j1hBX8QEdTkNmyHJsgLLNSczbwHEU_-7jLTFfnS6S7frdaTmRXHXKVk2oYCIG77ZC1skMYz9_iGLeKIO9bXVhbi64jXnQYQXc7jtxfsZSfXRPCbxSkD_IRhGtxhVBt=s4800-w800,https://map.naver.com/p/entry/place/1749966182,박해강 조직의 도박장 사무실 HK무역이 있는 건물 외관 장면,https://blog.naver.com/ryu71s/224348852350,2026-07-30,,11,,,조용원,https://image.tmdb.org/t/p/w500/wR7y2h0ccbaTnU5KpUjKIesflng.jpg,아파트,2,5,90,28.6,11,N,,,Y,언급2회이상_작품내상위15,정승길_v4,
st_20200,악의꽃,Flower of Evil,drama,이준기;문채원;장희진,자하슈퍼(은하수슈퍼),슈퍼마켓,서울 종로구 자하문로42길 57,37.6002505491153,126.962806271568,https://lh3.googleusercontent.com/place-photos/AG9NLjD-fOfiB1UIchSd1ajA_w5uheCtMkgZnwXrIuk01XdBbTsk4CH_tPOpXkMHyiniLazKZVr26uggVas2fnItbYD1G_r82BocAADy_NDdWNfdoXbU8-g-h5YdF0KT8bQNzAA_kJLUBIO8ifh-=s4800-w800,,2화에서 차지원의 어머니가 운영하는 슈퍼로 등장(현재 철거됨),https://traveltodrama.com/flower-of-evil-filming-locations-map/,2026-07-30,27,,,,김철규,https://image.tmdb.org/t/p/w500/pHzLvZEL2278Or9xCuKalIaz4N1.jpg,악의꽃,1,1,69,100.0,1,N,,,Y,언급부족_데이터품질기준보존,정승길_v4,
st_20209,악의꽃,Flower of Evil,drama,이준기;문채원;장희진,가온문화공원,문화공원,서울 마포구 상암동 1594,37.5818462852626,126.887624489057,https://lh3.googleusercontent.com/place-photos/AG9NLjC4E6SG7QZpQsxuTM0JFCmf9q5jiNz-Pi1HQvwmH8w5-qEQh53qh9zjGzC6w2HtK3wQUah4MRuURLidvmew26jiW2Suu4SjiO9CHD2yrNYiHssqDQfWXOpBA4e3cdStcv0ugZtugJXAsknxPYQ=s4800-w800,https://map.naver.com/p/entry/place/18808738,6화에서 팬엔터테인먼트 사옥 주변 공원으로 등장하는 장면,https://traveltodrama.com/flower-of-evil-filming-locations-map/,2026-07-30,27,,,,김철규,https://image.tmdb.org/t/p/w500/pHzLvZEL2278Or9xCuKalIaz4N1.jpg,악의꽃,0,0,69,0.0,3,N,,,Y,언급부족_데이터품질기준보존,정승길_v4,
st_20217,악의꽃,Flower of Evil,drama,이준기;문채원;장희진,구로기계공구상가,상가,서울 구로구 경인로 577,37.5040744764923,126.880912215582,https://lh3.googleusercontent.com/place-photos/AG9NLjAoSzBWjNjp1M7mVOTnhzLV3n5pZ8msfV89ZTzlK83XDc_AnPobCnZVw1h_T-O9iP5PmmUDyfz2XnU2369EiE_qO16OM9DGDfEG7Xg1rbFgZUpUy6OWhx0y4qiapWQQdUu03q5kOUQNNII=s4800-w800,https://map.naver.com/p/entry/place/18957070,11화에서 인신매매범을 체포하는 상가 장면의 배경,https://traveltodrama.com/flower-of-evil-filming-locations-map/,2026-07-30,27,,,,김철규,https://image.tmdb.org/t/p/w500/pHzLvZEL2278Or9xCuKalIaz4N1.jpg,악의꽃,0,0,69,0.0,5,N,,,Y,언급부족_데이터품질기준보존,정승길_v4,
st_20668,알고있지만,Nevertheless,drama,한소희;송강;채종협,3917마중,복합문화공간,전남 나주시 향교길 42-16,35.0335719,126.7107755,https://lh3.googleusercontent.com/place-photos/AG9NLjC7WRj2Obf7nfL_OKAUiX1T0T0GVjCgTqkukIX2ZDIM7lTnMaHfKvy8oT5gzbE3jl9kBLUqgjFYPFW1-o1xK-WYcvp69Fm-WVY4eci1152toQKSkX-AZAy6JUFZdWNsD3rCHsvNXqV_AT8oDw=s4800-w800,https://map.naver.com/p/entry/place/1848068419,재언과 도혁이 처음 만나며 도혁의 게스트하우스로 등장하는 장면,https://creatrip.com/en/news/11194;https://inikpop.com/6-lokasi-syuting-nevertheless-yang-dapat-dikunjungi-di-korea/,2026-07-30,70,,,,김가람,https://image.tmdb.org/t/p/w500/qg0OgBJdk549t0XVvzfQyBD6Jbg.jpg,알고있지만,11,39,61,100.0,1,N,,,Y,언급2회이상_작품내상위15,정승길_v4,
st_20666,알고있지만,Nevertheless,drama,한소희;송강;채종협,여유도예공방,도예공방,전남 여수시 만성리길 53,34.7792412,127.7453031,,https://map.naver.com/p/entry/place/1478301006,6화에서 나비가 이모의 시골집을 찾아 공방 앞에 도착하는 장면,https://creatrip.com/en/news/11194,2026-07-30,70,,,,김가람,https://image.tmdb.org/t/p/w500/qg0OgBJdk549t0XVvzfQyBD6Jbg.jpg,알고있지만,6,11,61,54.5,2,N,,,Y,언급2회이상_작품내상위15,정승길_v4,
st_20669,알고있지만,Nevertheless,drama,한소희;송강;채종협,울산대학교,대학교,울산 남구 대학로 93,35.5437482,129.2561333,https://lh3.googleusercontent.com/place-photos/AG9NLjC8NNK70tbsmfIyG3NeoOSpH2bmPnrvC-aA20GoSm1txdqrQLl_fQ8Ke_BDPZSsXuviU0daxOIavtHQTLFmrhqZ_GfF3b6fwUPAFxztMe7SX9Ajt7yeWLzDuM1rmdx2L0a15w6tvbeIvfiGpA=s4800-w800,https://map.naver.com/p/entry/place/11591612,1화에서 나비가 벚꽃이 핀 캠퍼스를 천천히 걸어가는 장면,https://creatrip.com/en/news/11194;https://inikpop.com/6-lokasi-syuting-nevertheless-yang-dapat-dikunjungi-di-korea/;https://u-zine.ulsan.ac.kr/10/5?action=view&arcNo=446&seq=226,2026-07-30,70,,,,김가람,https://image.tmdb.org/t/p/w500/qg0OgBJdk549t0XVvzfQyBD6Jbg.jpg,알고있지만,4,5,61,36.4,3,N,,,Y,언급2회이상_작품내상위15,정승길_v4,
st_20675,알고있지만,Nevertheless,drama,한소희;송강;채종협,미메시스 아트 뮤지엄,미술관,경기 파주시 문발로 253,37.7167323,126.6888927,https://lh3.googleusercontent.com/place-photos/AG9NLjAsXBmTQWE1OEoLdxaL-f1bJPLdugYpoCtBk_6Oe6gcDpSp0Mq6D8NjGjpIavu74AWS6DTbkpMQVWbFBDASXu7u-4O6RC9qLTrMZg4dKs3TlNJ57jW51G5pMwHCF0dMJYyHOET0g1P0uz5oQQ=s4800-w800,https://map.naver.com/p/entry/place/32520738,1화에서 나비가 작품을 보러 미술관을 방문하는 장면,https://creatrip.com/en/news/11194,2026-07-30,70,,,,김가람,https://image.tmdb.org/t/p/w500/qg0OgBJdk549t0XVvzfQyBD6Jbg.jpg,알고있지만,2,16,61,18.2,4,N,,,Y,언급2회이상_작품내상위15,정승길_v4,
st_20667,알고있지만,Nevertheless,drama,한소희;송강;채종협,삽교호놀이동산,놀이공원,충남 당진시 신평면 삽교천3길 15,36.8902475,126.8221257,https://lh3.googleusercontent.com/place-photos/AG9NLjBpbSg9yITZQPXXiMIXfUxF8Xs7xCJo_r3zAUYPbccoNltCSUm4n3l-9c72eRnLNkf0IfPF83ddxOVIGODdYnlltYiX803ThGaAktT3EhSKbR6zKPpqyCxC0kIBCOUhqRaUJ4DEUUaSlAvs=s4800-w800,https://map.naver.com/p/entry/place/12973592,7화에서 나비와 친구들이 찾아와 나비와 재언이 관람차를 타는 장면,https://creatrip.com/en/news/11194;https://inikpop.com/6-lokasi-syuting-nevertheless-yang-dapat-dikunjungi-di-korea/,2026-07-30,70,,,,김가람,https://image.tmdb.org/t/p/w500/qg0OgBJdk549t0XVvzfQyBD6Jbg.jpg,알고있지만,2,13,61,18.2,5,N,,,Y,언급2회이상_작품내상위15,정승길_v4,
st_11506,알고있지만,Nevertheless,drama,한소희;송강,의외의조합,카페,서울 중구 동호로17길 121,37.553801,127.004644,,,최종회 10회에서 유나비(한소희)는 카페에서 양도혁(채종협)을 발견했지만 박재언(송강)과 이 건물을 지나며 걷는다.,https://kdramamap.com/location/%ec%95%8c%ea%b3%a0%ec%9e%88%ec%a7%80%eb%a7%8c-%ec%9d%98%ec%99%b8%ec%9d%98%ec%a1%b0%ed%95%a9-1586/,2026-07-28,70,,,,김가람,https://image.tmdb.org/t/p/w500/qg0OgBJdk549t0XVvzfQyBD6Jbg.jpg,알고있지만,2,9,61,18.2,6,N,,,Y,언급2회이상_작품내상위15,정승길_v4,
mv_2060,암살,Assassination,movie,전지현;이정재;하정우;오달수;조진웅,백인제 가옥,명소,서울특별시 종로구 북촌로7길 16,37.580639,126.98407,https://lh3.googleusercontent.com/place-photos/AG9NLjC75LQxgK8aDPMzNJmpgIUgrlsDmSI7mhkZwJuDhOFXs3YPjjqwfRLPZw4HudSDxAJpaTpkD-DNUj1Yj8n_Ds-seohG-YYaboE3mX9fJPahLsle0aXRdn4X8UaqBbg2evEH2gNon00zG074cXw=s4800-w800,,영화 암살속 강인국과 미츠코의 집,assets/한국문화정보원_미디어콘텐츠 영상 촬영지 데이터_20221125.csv,2026-07-28,,,12679383,청룡영화상 최우수작품상(2015),최동훈,https://image.tmdb.org/t/p/w500/2gAym5Oig2NM7k6iu0DwXlxYaGY.jpg,암살,21,208,62,100.0,1,N,,,Y,언급2회이상_작품내상위15,정승길_v4,
mv_2056,암살,Assassination,movie,전지현;이정재;하정우;오달수;조진웅,합천 영상 테마파크,명소,경상남도 합천군 용주면 합천호수로 757,35.5489346,128.072475,https://lh3.googleusercontent.com/place-photos/AG9NLjCv95QlhIEWg6AKF3e7x2f_VFlm2cYnuBlrYHWJeWRLfu0t24rbKP_rwVvKDaAz0tlsFNtEJRaZLjb0kyZVvFFzhN-tAKY-pK0vdjjqOsnfzRlOx8tAVfwftPLg9UXCQOh4fW8d_msTS0Brpxg=s4800-w800,,암살의 다양한 장면을 촬영한 영상 테마파크,assets/한국문화정보원_미디어콘텐츠 영상 촬영지 데이터_20221125.csv,2026-07-28,,,12679383,청룡영화상 최우수작품상(2015),최동훈,https://image.tmdb.org/t/p/w500/2gAym5Oig2NM7k6iu0DwXlxYaGY.jpg,암살,9,49,62,42.9,2,N,,,Y,언급2회이상_작품내상위15,정승길_v4,
mv_2061,암살,Assassination,movie,전지현;이정재;하정우;오달수;조진웅,운현궁 양관,명소,서울특별시 종로구 삼일대로 460,37.576111,126.987749,https://lh3.googleusercontent.com/place-photos/AG9NLjAt2pf0z7aee3b5POW5WN1RTUniE7MSxlKRZ0SK5EFhGsD6fzXHTPioEsI9XdLNi_xy1Yn4v7e70zAEpMNhKS1IdtuLuQDB55P-aPcJ6Q3xVkXxSlhHZjXUtDSJBwhT4QCgqBejMCKaPQ9lTQ=s4800-w800,,암살부터 도깨비를 촬영한 고궁,assets/한국문화정보원_미디어콘텐츠 영상 촬영지 데이터_20221125.csv,2026-07-28,,,12679383,청룡영화상 최우수작품상(2015),최동훈,https://image.tmdb.org/t/p/w500/2gAym5Oig2NM7k6iu0DwXlxYaGY.jpg,암살,1,1,62,4.8,3,N,,,Y,언급부족_데이터품질기준보존,정승길_v4,
st_11644,약한영웅2,Weak Hero Class 2,drama,박지훈;려운,대전대신고등학교,학교,대전 서구 오량1길 98,36.308959,127.380049,https://lh3.googleusercontent.com/place-photos/AG9NLjDGpDfO8CLOHP04LTzqRFZR_ajVrbaDfLFHKBhDS45AZuYuh0rSoWUwO8S3u7GbxXewVzhrf6MYViFUQF4MThb663kM3KwQSBvZNhlPzF6pgvhJirKc6C0ga6Ol8yZ1h5xc8iQlnfQkUHBisnssj6TgFA=s4800-w800,https://map.naver.com/p/entry/place/12018595,극 중 연시은이 전학 간 은장고등학교로 등장하며 등하교 장면이 촬영된 곳,https://kdramamap.com/location/%ec%95%bd%ed%95%9c%ec%98%81%ec%9b%852-%eb%8c%80%ec%a0%84%eb%8c%80%ec%8b%a0%ea%b3%a0%eb%93%b1%ed%95%99%ea%b5%90-14081/;https://www.dshs.kr/news/gallery/list/?mod=document&uid=1058;https://haechi-travel.tistory.com/338;https://m.blog.naver.com/na-smile/223845948182,2026-07-28,24,,,,유수민;박단희,https://image.tmdb.org/t/p/w500/jXd83QZhBDAFno4OGqHcMMDs56i.jpg,약한영웅2,8,31,43,100.0,1,N,,,Y,언급2회이상_작품내상위15,정승길_v4,
st_11637,약한영웅2,Weak Hero Class 2,drama,박지훈;려운,로얄볼링장,볼링장,경기 하남시 신장로 179,37.541097,127.199540,https://lh3.googleusercontent.com/place-photos/AG9NLjD3hyyPVuLAaN-P5QGKujcTrL15RhlIays5oq7hmtMzClj3RgUV6RLdUTeS99VEiOCP_JlQDxqmAhgmIzfFLOzwNQ9erNi9qVTJHhtd2kIboiToZxhaPzDt2WE32fw34vzIRtkYu2CWIzUYIRM=s4800-w800,https://map.naver.com/p/entry/place/13513086,4화에서 금성제가 연시은을 데리고 가는 아지트 볼링장으로 등장하는 장면,https://kdramamap.com/location/%ec%95%bd%ed%95%9c%ec%98%81%ec%9b%852-%eb%a1%9c%ec%96%84%eb%b3%bc%eb%a7%81%ec%9e%a5-14074/;https://haechi-travel.tistory.com/338,2026-07-28,24,,,,유수민;박단희,https://image.tmdb.org/t/p/w500/jXd83QZhBDAFno4OGqHcMMDs56i.jpg,약한영웅2,6,24,43,75.0,2,N,,,Y,언급2회이상_작품내상위15,정승길_v4,
st_11626,약한영웅2,Weak Hero Class 2,drama,박지훈;려운,서울역사박물관,박물관/미술관,서울 종로구 새문안로 55,37.570497,126.971075,https://lh3.googleusercontent.com/place-photos/AG9NLjDfBThdXJuXwbRhjR_qgxVRwe76uO8_5CinkpohK8ZiEtRAa1JEfTXtUr5GboJFNmBiuz_k7cgPzIlKh0wjjL8iFTCPT4yyck46Jb0mKHnuDSC6-kj05B00J6vqpiWz-JsmkpaM9mxLPWbLgmoTfrkvvg=s4800-w800,https://map.naver.com/p/entry/place/11784657,5화에서 고현탁이 서준태에게 싸움을 가르쳐주는 장면,https://kdramamap.com/location/%ec%95%bd%ed%95%9c%ec%98%81%ec%9b%852-%ec%84%9c%ec%9a%b8%ec%97%ad%ec%82%ac%eb%b0%95%eb%ac%bc%ea%b4%80-14063/;https://haechi-travel.tistory.com/338,2026-07-28,24,,,,유수민;박단희,https://image.tmdb.org/t/p/w500/jXd83QZhBDAFno4OGqHcMMDs56i.jpg,약한영웅2,6,8,43,75.0,3,N,,,Y,언급2회이상_작품내상위15,정승길_v4,
st_11624,약한영웅2,Weak Hero Class 2,drama,박지훈;려운,멕시칸치킨 효창중앙점,음식점,서울 용산구 효창원로69길 5,37.541453,126.961555,https://lh3.googleusercontent.com/place-photos/AG9NLjB_4B3FeriwAu-0kgZbhMIX00vT0AjcD3dgIDVrk3GsL17wzkFsVO3kxfcKrHL9wVJhwctv4Wl9xkWnJcYKOc6b543sQ4vB7nsySpC235z5aF4Ho1SCJfclrdlCj3s1BrMkLLHUFarpFW1ivfQ=s4800-w800,https://map.naver.com/p/entry/place/11801206,3화에서 박후민의 아버지가 운영하는 치킨집으로 등장하는 장면,https://kdramamap.com/location/%ec%95%bd%ed%95%9c%ec%98%81%ec%9b%852-%eb%a9%95%ec%8b%9c%ec%b9%b8%ec%b9%98%ed%82%a8-%ed%9a%a8%ec%b0%bd%ec%a4%91%ec%95%99%ec%a0%90-14061/;https://haechi-travel.tistory.com/338,2026-07-28,24,,,,유수민;박단희,https://image.tmdb.org/t/p/w500/jXd83QZhBDAFno4OGqHcMMDs56i.jpg,약한영웅2,5,16,43,62.5,4,N,,,Y,언급2회이상_작품내상위15,정승길_v4,
st_11640,약한영웅2,Weak Hero Class 2,drama,박지훈;려운,한남대학교,학교,대전 대덕구 한남로 70,36.355151,127.422469,https://lh3.googleusercontent.com/place-photos/AG9NLjA05kQeqQMfXBu1cj81aRr_zMJx3Wv1OPESaIvQwFQofjAaB5OJzTVsr3S9pBAglZtaD4RdCmSgwf3zK_wqbacaEetDYVFgjKl-TNPwUIHU2Mo6LhsD1ZQPKrvr-EDgraJngRjHi2VbmT30-g=s4800-w800,https://map.naver.com/p/entry/place/11591667,극 중 혼수상태에서 깨어난 안수호가 휠체어를 타고 등장해 연시은과 재회하는 장면,https://kdramamap.com/location/%ec%95%bd%ed%95%9c%ec%98%81%ec%9b%852-%ed%95%9c%eb%82%a8%eb%8c%80%ed%95%99%ea%b5%90-14077/;https://haechi-travel.tistory.com/338;https://m.blog.naver.com/pink7113/223882522666,2026-07-28,24,,,,유수민;박단희,https://image.tmdb.org/t/p/w500/jXd83QZhBDAFno4OGqHcMMDs56i.jpg,약한영웅2,5,11,43,62.5,5,N,,,Y,언급2회이상_작품내상위15,정승길_v4,
st_11625,약한영웅2,Weak Hero Class 2,drama,박지훈;려운,효창원로69길,거리,서울 용산구 효창원로69길 15,37.541854,126.961261,,,"3회, 후민(려운)의 아버지 치킨집(멕시칸치킨 효창중앙점)으로 등장하는 장면",https://kdramamap.com/location/%ec%95%bd%ed%95%9c%ec%98%81%ec%9b%852-%ed%9a%a8%ec%b0%bd%ec%9b%90%eb%a1%9c69%ea%b8%b8-14062/,2026-07-28,24,,,,유수민;박단희,https://image.tmdb.org/t/p/w500/jXd83QZhBDAFno4OGqHcMMDs56i.jpg,약한영웅2,5,8,43,62.5,6,N,,,Y,언급2회이상_작품내상위15,정승길_v4,
st_11639,약한영웅2,Weak Hero Class 2,drama,박지훈;려운,대전시민천문대 주차장,천문대,대전 유성구 과학로 213-48,36.381622,127.353662,https://lh3.googleusercontent.com/place-photos/AG9NLjB3EPb6Ra3toXYp0Ut3eQLxujWJ3DjUR4swkco6rNds74vLZzr9z8TAYNbHchYlC3BO6RSsKWbO0A87swWdZRcG0roq9lWrpbOyD_TVbJ2HzcVR7Oc7v-HoopodMOMnPZ3YYeqlP95PUGkz7DWifrLZ=s4800-w800,,극 중 은장고와 연합 무리가 마지막 대규모 패싸움을 벌이는 장면,https://kdramamap.com/location/%ec%95%bd%ed%95%9c%ec%98%81%ec%9b%852-%eb%8c%80%ec%a0%84%ec%8b%9c%eb%af%bc%ec%b2%9c%eb%ac%b8%eb%8c%80-%ec%a3%bc%ec%b0%a8%ec%9e%a5-14076/;https://haechi-travel.tistory.com/338,2026-07-28,24,,,,유수민;박단희,https://image.tmdb.org/t/p/w500/jXd83QZhBDAFno4OGqHcMMDs56i.jpg,약한영웅2,4,3,43,50.0,7,N,,,Y,언급2회이상_작품내상위15,정승길_v4,
st_11613,약한영웅2,Weak Hero Class 2,drama,박지훈;려운,영등포경찰서,경찰서,서울 영등포구 국회대로 608,37.525989,126.901193,,https://map.naver.com/p/entry/place/11642496,영등포경찰서 및 주변 주택가 시장 일대가 배경 촬영지로 등장하는 장면,https://kdramamap.com/location/%ec%95%bd%ed%95%9c%ec%98%81%ec%9b%852-%ec%98%81%eb%93%b1%ed%8f%ac%ea%b2%bd%ec%b0%b0%ec%84%9c-14050/;https://haechi-travel.tistory.com/338,2026-07-28,24,,,,유수민;박단희,https://image.tmdb.org/t/p/w500/jXd83QZhBDAFno4OGqHcMMDs56i.jpg,약한영웅2,3,3,43,37.5,8,N,,,Y,언급2회이상_작품내상위15,정승길_v4,
st_11608,약한영웅2,Weak Hero Class 2,drama,박지훈;려운,미래산업 잭,,서울 구로구 신도림로15길 21-9,37.510096,126.880474,,https://map.naver.com/p/entry/place/1468148335,6화에서 고현탁과 서준태가 박후민을 찾으러 간 영진산업으로 등장하는 장면,https://kdramamap.com/location/%ec%95%bd%ed%95%9c%ec%98%81%ec%9b%852-%eb%af%b8%eb%9e%98%ec%82%b0%ec%97%85-%ec%9e%ad-14045/,2026-07-28,24,,,,유수민;박단희,https://image.tmdb.org/t/p/w500/jXd83QZhBDAFno4OGqHcMMDs56i.jpg,약한영웅2,2,3,43,25.0,9,N,,,Y,언급2회이상_작품내상위15,정승길_v4,
st_11617,약한영웅2,Weak Hero Class 2,drama,박지훈;려운,밤동산지하보도,,서울 영등포구 신길동 5-8,37.514628,126.922259,,,2화에서 박후민이 처음 등장하는 신길동 밤동산 마을 굴다리 장면,https://kdramamap.com/location/%ec%95%bd%ed%95%9c%ec%98%81%ec%9b%852-%eb%b0%a4%eb%8f%99%ec%82%b0%ec%a7%80%ed%95%98%eb%b3%b4%eb%8f%84-14054/,2026-07-28,24,,,,유수민;박단희,https://image.tmdb.org/t/p/w500/jXd83QZhBDAFno4OGqHcMMDs56i.jpg,약한영웅2,2,2,43,25.0,10,N,,,Y,언급2회이상_작품내상위15,정승길_v4,
st_11634,약한영웅2,Weak Hero Class 2,drama,박지훈;려운,송도트리플스트리트,상업시설,인천 연수구 송도과학로16번길 33-2,37.380445,126.660232,,https://map.naver.com/p/entry/place/1136743109,송도 트리플스트리트가 배경 촬영지로 등장하는 장면,https://kdramamap.com/location/%ec%95%bd%ed%95%9c%ec%98%81%ec%9b%852-%ec%86%a1%eb%8f%84%ed%8a%b8%eb%a6%ac%ed%94%8c%ec%8a%a4%ed%8a%b8%eb%a6%ac%ed%8a%b8-14071/;https://haechi-travel.tistory.com/338,2026-07-28,24,,,,유수민;박단희,https://image.tmdb.org/t/p/w500/jXd83QZhBDAFno4OGqHcMMDs56i.jpg,약한영웅2,2,2,43,25.0,11,N,,,Y,언급2회이상_작품내상위15,정승길_v4,
st_11633,약한영웅2,Weak Hero Class 2,drama,박지훈;려운,인천하늘고등학교,학교,인천 영종구 영종대로277번길 117,37.495432,126.507240,https://lh3.googleusercontent.com/place-photos/AG9NLjAFqT9Y8NpNGV_aY4yi0UrmikFvIRK4QBvcOnLFmsFAXmvd2pp9QwWKb4V0y_mYop24imdF76OP4VGajFkfC2f_YW_n20ABzM191wviEepg2SaGqJ0c7-GAkNGDgRFqpejXXmfjN-WmPMYOJXg=s4800-w800,https://map.naver.com/p/entry/place/13439821,극 중 나백진이 다니는 여일고등학교로 등장하는 장면,https://kdramamap.com/location/%ec%95%bd%ed%95%9c%ec%98%81%ec%9b%852-%ec%9d%b8%ec%b2%9c%ed%95%98%eb%8a%98%ea%b3%a0%eb%93%b1%ed%95%99%ea%b5%90-14070/;https://haechi-travel.tistory.com/338,2026-07-28,24,,,,유수민;박단희,https://image.tmdb.org/t/p/w500/jXd83QZhBDAFno4OGqHcMMDs56i.jpg,약한영웅2,2,2,43,25.0,12,N,,,Y,언급2회이상_작품내상위15,정승길_v4,
st_11611,약한영웅2,Weak Hero Class 2,drama,박지훈;려운,클럽엑스엑스2,클럽,서울 마포구 와우산로17길 10,37.550321,126.922492,,https://map.naver.com/p/entry/place/1353578765,상수역 클럽 엑스엑스2가 배경 촬영지로 등장하는 장면,https://kdramamap.com/location/%ec%95%bd%ed%95%9c%ec%98%81%ec%9b%852-%ed%81%b4%eb%9f%bd%ec%97%91%ec%8a%a4%ec%97%91%ec%8a%a42-14048/;https://haechi-travel.tistory.com/338,2026-07-28,24,,,,유수민;박단희,https://image.tmdb.org/t/p/w500/jXd83QZhBDAFno4OGqHcMMDs56i.jpg,약한영웅2,2,2,43,25.0,13,N,,,Y,언급2회이상_작품내상위15,정승길_v4,
st_20677,약한영웅 Class 2,Weak Hero Class 2,drama,박지훈;최민영;유수빈,강동경희대병원,병원,서울 강동구 상일동 149,37.5529178560471,127.157130980304,,https://map.naver.com/p/entry/place/38463117,극 중 '선강대학교병원'으로 등장하는 실제 병원,https://haechi-travel.tistory.com/338;https://m.blog.naver.com/beerry/223849631829,2026-07-30,24,,,,유수민;박단희,https://image.tmdb.org/t/p/w500/jXd83QZhBDAFno4OGqHcMMDs56i.jpg,약한영웅Class2,3,2,40,100.0,1,N,,,Y,언급2회이상_작품내상위15,정승길_v4,
st_20682,약한영웅 Class 2,Weak Hero Class 2,drama,박지훈;최민영;유수빈,농구장(도봉동),농구장,서울 도봉구 도봉동 2-6,37.6912149618867,127.049433404842,https://lh3.googleusercontent.com/place-photos/AG9NLjDvn5MiqoNRNJLMF-izRyERI--7Vzb63qPmZDtM84gz6HwvlALHQijUm2DEP2h_f9eb7il9Pmv5HL1MWy5-gPbKtKJIUDilLg1n3GHmCcGHlLOBx9YzjbGkgGG0sPG26mq4g6WAFRubtIkJEQ=s4800-w800,,,https://haechi-travel.tistory.com/338,2026-07-30,24,,,,유수민;박단희,https://image.tmdb.org/t/p/w500/jXd83QZhBDAFno4OGqHcMMDs56i.jpg,약한영웅Class2,2,3,40,66.7,2,N,,,Y,언급2회이상_작품내상위15,,
st_20678,약한영웅 Class 2,Weak Hero Class 2,drama,박지훈;최민영;유수빈,지산빌딩,건물(옥상),서울 영등포구 버드나루로8길 12,37.5236042035237,126.911854178991,https://lh3.googleusercontent.com/place-photos/AG9NLjAqJOSdiIn7JXO4wZBJYyg3bnRz38WLteFjyOHw4ogxfiUzveOP2VAExA7GoGq8CobLsmXKw43b0I_2mmwwX13Mb63Kaggq9PY9mMrrLKYx0b6TvAgpVmWlAMFjKbDtSZ_Ohq1i85pH7rHMQQ=s4800-w800,https://map.naver.com/p/entry/place/1334372809,연시은과 금성제가 옥상에서 격투를 벌이는 하이라이트 장면이 촬영된 건물 옥상,https://m.blog.naver.com/alchemist_s/223854224399,2026-07-30,24,,,,유수민;박단희,https://image.tmdb.org/t/p/w500/jXd83QZhBDAFno4OGqHcMMDs56i.jpg,약한영웅Class2,1,1,40,33.3,7,N,,,Y,언급부족_데이터품질기준보존,정승길_v4,
st_11893,언더커버미쓰홍,Undercover Miss Hong,drama,박신혜;고경표;하윤경,개항로통닭,음식점,인천 제물포구 참외전로 164,37.472910,126.634584,https://lh3.googleusercontent.com/place-photos/AG9NLjBSqvBd6CUeLvU_N5NUxw7Aqggu9h75HdEmKPaqVlzgWAtF2yNM-nPy-IoNDVGqkYcm-5P-OQc8rH_OgpQgbFrHCE3ukGERSAhIeAL0NSkBS44OyB0wDVUNS_j7XqCrL-uI_nWv8FZbvuklD6c=s4800-w800,https://map.naver.com/p/entry/place/1257879903,홍금보 부모님이 운영하는 '울랄라통닭'의 실제 촬영지,https://kdramamap.com/location/%ec%96%b8%eb%8d%94%ec%bb%a4%eb%b2%84%eb%af%b8%ec%93%b0%ed%99%8d-%ea%b0%9c%ed%95%ad%eb%a1%9c%ed%86%b5%eb%8b%ad-18056/;https://blog.naver.com/ryu71s/224170522418;https://blog.naver.com/magister1318/224200225826,2026-07-28,,12,,,박선호,https://image.tmdb.org/t/p/w500/nJ0gSaXfoiPFngy1ulCCuxsKt0q.jpg,언더커버미쓰홍,7,23,29,100.0,1,N,,,Y,언급2회이상_작품내상위15,정승길_v4,
st_11830,언더커버미쓰홍,Undercover Miss Hong,drama,박신혜;고경표;하윤경,다원레스토랑,음식점,서울 강서구 공항대로65길 1-5,37.550390,126.867060,https://lh3.googleusercontent.com/place-photos/AG9NLjDbuZ7TxqDI8cUkYhrzdcdjs6B-rbTPEfYxq9tKLqJCFEn2jZZgzt2XBUsYLNeLOCSjw0z_IlPVLxtxP4EUGRKMcNBZmdltqgipp7XfzjbiT8Q_f6fedAb7NmFS8dLNHX7iTn1AYTMvvyGveA=s4800-w800,https://map.naver.com/p/entry/place/18327700,미쓰홍과 알벗오 등 주인공들이 돈까스·스테이크를 먹으며 데이트하는 경양식 레스토랑으로 나온 다원레스토랑,https://kdramamap.com/location/%ec%96%b8%eb%8d%94%ec%bb%a4%eb%b2%84%eb%af%b8%ec%93%b0%ed%99%8d-%eb%8b%a4%ec%9b%90%eb%a0%88%ec%8a%a4%ed%86%a0%eb%9e%91-17993/;https://blog.naver.com/traumberuf/224291695924,2026-07-28,,12,,,박선호,https://image.tmdb.org/t/p/w500/nJ0gSaXfoiPFngy1ulCCuxsKt0q.jpg,언더커버미쓰홍,7,23,29,100.0,2,N,,,Y,언급2회이상_작품내상위15,정승길_v4,
st_11838,언더커버미쓰홍,Undercover Miss Hong,drama,박신혜;고경표;하윤경,국회의사당,유적/한옥,서울 영등포구 의사당대로 1,37.532912,126.916404,https://lh3.googleusercontent.com/place-photos/AG9NLjAh1CyXgxiydIPz4F3o0U5gMnRpvAdT6O5XPHPXsXLXx0Oy0BTKWazoLQVjmXu5d2XsLYejCS_7oPGcWYVvPo7ptAGnE2OZ02NECb5OuycOnGSoQluXa5KCaQk3skkF8T5JQQZ251zVnpnlE2lSx5dDhQ=s4800-w800,https://map.naver.com/p/entry/place/11583151,"일대(국회의사당, 서강대교)와 레트로한 분위기를 낼 수 있는 서울 시내 식당(다원레스토랑 등)에서 주로 촬영되었습니다.",https://kdramamap.com/location/%ec%96%b8%eb%8d%94%ec%bb%a4%eb%b2%84%eb%af%b8%ec%93%b0%ed%99%8d-%ea%b5%ad%ed%9a%8c%ec%9d%98%ec%82%ac%eb%8b%b9-18001/;https://blog.naver.com/buja1202/224148809135,2026-07-28,,12,,,박선호,https://image.tmdb.org/t/p/w500/nJ0gSaXfoiPFngy1ulCCuxsKt0q.jpg,언더커버미쓰홍,7,14,29,100.0,3,N,,,Y,언급2회이상_작품내상위15,블로그크롤링_2026-08-01,https://blog.naver.com/overthesense/224164265747
st_11855,언더커버미쓰홍,Undercover Miss Hong,drama,박신혜;고경표;하윤경,여의도따로국밥,음식점,서울 영등포구 여의대방로69길 28,37.521399,126.930233,https://lh3.googleusercontent.com/place-photos/AG9NLjA2_k2Vw-85gJdsRDqRBHmKIg_ExS2olmXeUFC0s2YSbPggLBGzvVaq1bmYdS1H-V11MV7IXSx1QirIOw74w_gqIiT-J1cgenQADs-AUmvq5jaehymAOJsLt400B8OR_lZgwopQ4CGDNmbWCAA=s4800-w800,https://map.naver.com/p/entry/place/19882405,홍금보가 증권감독원 국장과 식사하는 국밥집 장면,https://kdramamap.com/location/%ec%96%b8%eb%8d%94%ec%bb%a4%eb%b2%84%eb%af%b8%ec%93%b0%ed%99%8d-%ec%97%ac%ec%9d%98%eb%8f%84%eb%94%b0%eb%a1%9c%ea%b5%ad%eb%b0%a5-18018/;https://blog.naver.com/ryu71s/224170522418,2026-07-28,,12,,,박선호,https://image.tmdb.org/t/p/w500/nJ0gSaXfoiPFngy1ulCCuxsKt0q.jpg,언더커버미쓰홍,6,15,29,85.7,4,N,,,Y,언급2회이상_작품내상위15,정승길_v4,
st_11880,언더커버미쓰홍,,drama,박신혜;고경표;하윤경,윤보선길,거리,서울 종로구 윤보선길 21,37.576978,126.983938,https://lh3.googleusercontent.com/place-photos/AG9NLjATSDE9AofIabNCiVdhkkj99xezoD67fVFukl-4br7Gp_fkvWgYVuTksZ8o_k32NFoPM2AO5JJua_5RJ8XE6774KsexN2zXpbADsp4a_zeZ16B3VwqRCnANxGcBJsE2Yui0b3IbtzcJtlYfvMg=s4800-w800,,1990년대 서울 거리 느낌을 그대로 살린 장면으로 나온 종로 윤보선길,https://kdramamap.com/location/%ec%96%b8%eb%8d%94%ec%bb%a4%eb%b2%84%eb%af%b8%ec%93%b0%ed%99%8d-%ec%9c%a4%eb%b3%b4%ec%84%a0%ea%b8%b8-18043/,2026-07-28,,12,,,박선호,https://image.tmdb.org/t/p/w500/nJ0gSaXfoiPFngy1ulCCuxsKt0q.jpg,언더커버미쓰홍,6,9,29,85.7,5,N,,,Y,언급2회이상_작품내상위15,정승길_v4,
st_11837,언더커버미쓰홍,Undercover Miss Hong,drama,박신혜;고경표;하윤경,서강대교,다리,서울 영등포구 여의도동 83-1,37.535855,126.924794,https://lh3.googleusercontent.com/place-photos/AG9NLjBW7e2nL7q0AWZAzrRj369HKqacbnp6q2ybze8s2c2GUwdaonLSl-_hQHqSmoieAxLbZwGKf0i0JwQgmWLT9AYFJ5OYLk_t3UyYIoeo3Om6bwHLkIMgonerx-UBdeDuP5Ov206fBmod1Aw54Q=s4800-w800,https://map.naver.com/p/entry/place/18999808,알벗 오(조한결)가 오토바이를 타고 지나가는 장면,https://kdramamap.com/location/%ec%96%b8%eb%8d%94%ec%bb%a4%eb%b2%84%eb%af%b8%ec%93%b0%ed%99%8d-%ec%84%9c%ea%b0%95%eb%8c%80%ea%b5%90-18000/;https://blog.naver.com/buja1202/224148809135,2026-07-28,,12,,,박선호,https://image.tmdb.org/t/p/w500/nJ0gSaXfoiPFngy1ulCCuxsKt0q.jpg,언더커버미쓰홍,6,7,29,85.7,6,N,,,Y,언급2회이상_작품내상위15,정승길_v4,
st_11909,언더커버미쓰홍,,drama,박신혜;고경표;하윤경,캔모아 용인점,,경기 용인시 처인구 금령로 99,37.235743,127.207486,https://lh3.googleusercontent.com/place-photos/AG9NLjCjdjjAI4V39m00n19ccH_7w7p76Mhw1N37sb_c_64WRa1FIhGhb6USBO8v7SebhJAPWezszEcgj6ybmyysvIOHK-G-kePirRem9v7VUUJNu1eSKjRPusp3uhZdkJo33Wcs9Xpj-LFTin5fGwc=s4800-w800,https://map.naver.com/p/entry/place/11712472,미쓰홍이 동생에게 20살 신입사원 코스프레 교육을 받는 카페로 나온 캔모아 용인점,https://kdramamap.com/location/%ec%96%b8%eb%8d%94%ec%bb%a4%eb%b2%84%eb%af%b8%ec%93%b0%ed%99%8d-%ec%ba%94%eb%aa%a8%ec%95%84-%ec%9a%a9%ec%9d%b8%ec%a0%90-18072/,2026-07-28,,12,,,박선호,https://image.tmdb.org/t/p/w500/nJ0gSaXfoiPFngy1ulCCuxsKt0q.jpg,언더커버미쓰홍,5,16,29,71.4,7,N,,,Y,언급2회이상_작품내상위15,정승길_v4,
st_11881,언더커버미쓰홍,Undercover Miss Hong,drama,박신혜;고경표;하윤경,이화벽화마을,관광지,서울 종로구 율곡로19길 68-48,37.577372,127.007872,https://lh3.googleusercontent.com/place-photos/AG9NLjAqCa4YRG_cZJ4pLe6xkayypzsQlx8SJhB83jjXRp0cMaw_GfzaEFCLBDoVDUqIQ3FcaWohqmb3WXysQ9tKXqe7iy9i2VkwThtz0aneV-iWlPesoGtxBLLplna4EgtB8RkrYIGeaRT4Nie3evPLhhwqgQ=s4800-w800,https://map.naver.com/p/entry/place/13519224,홍금보와 정우의 어린 시절 데이트 장소로 등장하는 계단 장면,https://kdramamap.com/location/%ec%96%b8%eb%8d%94%ec%bb%a4%eb%b2%84%eb%af%b8%ec%93%b0%ed%99%8d-%ec%9d%b4%ed%99%94%eb%b2%bd%ed%99%94%eb%a7%88%ec%9d%84-18044/;https://blog.naver.com/ryu71s/224170522418,2026-07-28,,12,,,박선호,https://image.tmdb.org/t/p/w500/nJ0gSaXfoiPFngy1ulCCuxsKt0q.jpg,언더커버미쓰홍,5,8,29,71.4,8,N,,,Y,언급2회이상_작품내상위15,정승길_v4,
st_11834,언더커버미쓰홍,,drama,박신혜;고경표;하윤경,대포막창,,서울 마포구 양화로6길 57-5,37.548945,126.917471,https://lh3.googleusercontent.com/place-photos/AG9NLjB4RZkPg7rFR1OzCQrGHkkFrLoBYyHMm2eqxWUFuqr08O2lP4XNt5xjBlmKuTy-CjmYsCCcsibHNfFI_4c3GNlSnJNnWQgm0BYUeQA3yunI9DM5wKskjGBF16Qwko_6xhSB6cv6jCDfJtiQVQ=s4800-w800,https://map.naver.com/p/entry/place/1019592431,퇴근 후 막창에 소주 한잔하는 회식 장면으로 나온 마포 대포막창,https://kdramamap.com/location/%ec%96%b8%eb%8d%94%ec%bb%a4%eb%b2%84%eb%af%b8%ec%93%b0%ed%99%8d-%eb%8c%80%ed%8f%ac%eb%a7%89%ec%b0%bd-17997/,2026-07-28,,12,,,박선호,https://image.tmdb.org/t/p/w500/nJ0gSaXfoiPFngy1ulCCuxsKt0q.jpg,언더커버미쓰홍,5,7,29,71.4,9,N,,,Y,언급2회이상_작품내상위15,정승길_v4,
st_11857,언더커버미쓰홍,,drama,박신혜;고경표;하윤경,여의도한강공원(오리배),,서울 영등포구 여의동로 252,37.522837,126.941575,,https://map.naver.com/p/entry/place/18999096,주인공들이 오리배 선착장 앞 한강변을 걷는 장면으로 나온 여의도한강공원,https://kdramamap.com/location/%ec%96%b8%eb%8d%94%ec%bb%a4%eb%b2%84%eb%af%b8%ec%93%b0%ed%99%8d-%ec%97%ac%ec%9d%98%eb%8f%84%ed%95%9c%ea%b0%95%ea%b3%b5%ec%9b%90-%ec%98%a4%eb%a6%ac%eb%b0%b0-18020/,2026-07-28,,12,,,박선호,https://image.tmdb.org/t/p/w500/nJ0gSaXfoiPFngy1ulCCuxsKt0q.jpg,언더커버미쓰홍,4,10,29,57.1,10,N,,,Y,언급2회이상_작품내상위15,정승길_v4,
st_20686,언더커버 미쓰홍,Undercover Miss Hong,drama,박신혜;고경표;하윤경,종로 윤보선길,거리,서울 종로구 통의동,37.5780584194584,126.972852824323,https://lh3.googleusercontent.com/place-photos/AG9NLjATSDE9AofIabNCiVdhkkj99xezoD67fVFukl-4br7Gp_fkvWgYVuTksZ8o_k32NFoPM2AO5JJua_5RJ8XE6774KsexN2zXpbADsp4a_zeZ16B3VwqRCnANxGcBJsE2Yui0b3IbtzcJtlYfvMg=s4800-w800,,1990년대 서울 거리 분위기를 담은 배경 장면,https://blog.naver.com/ryu71s/224170522418,2026-07-30,,12,,,박선호,https://image.tmdb.org/t/p/w500/nJ0gSaXfoiPFngy1ulCCuxsKt0q.jpg,언더커버미쓰홍,4,5,29,57.1,12,N,,,Y,언급2회이상_작품내상위15,정승길_v4,
st_20685,언더커버 미쓰홍,Undercover Miss Hong,drama,박신혜;고경표;하윤경,한온시스템 생활관(구 한라공조 생활관),기타,대전 대덕구 신일서로 95,36.437211956878,127.411176846136,,https://map.naver.com/p/entry/place/16117048,"여직원들이 함께 생활하는 기숙사 장면 촬영지(대전 촬영, 방문 제한)",https://blog.naver.com/ryu71s/224170522418;https://blog.naver.com/magister1318/224200225826,2026-07-30,,12,,,박선호,https://image.tmdb.org/t/p/w500/nJ0gSaXfoiPFngy1ulCCuxsKt0q.jpg,언더커버미쓰홍,4,5,29,57.1,13,N,,,Y,언급2회이상_작품내상위15,정승길_v4,
st_11839,언더커버미쓰홍,,drama,박신혜;고경표;하윤경,글래드여의도,,서울 영등포구 의사당대로 16,37.527409,126.917265,https://lh3.googleusercontent.com/place-photos/AG9NLjAhKFERXDtQP35tCMQAQhaZB8PTs0FON8u0al-BNdi0KRiJbd0PadLNM1Mrt9M5Bn0rjW6-lNx3eNHu50EM4gHFUwWj-GiuEPsC1rMU5qKPnc2nSuAq3mFsUOneYyhkgOyk_npitW9c1y7ONBc=s4800-w800,https://map.naver.com/p/entry/place/35877451,여의도 야경이 내려다보이는 루프탑 장면으로 나온 글래드 여의도,https://kdramamap.com/location/%ec%96%b8%eb%8d%94%ec%bb%a4%eb%b2%84%eb%af%b8%ec%93%b0%ed%99%8d-%ea%b8%80%eb%9e%98%eb%93%9c%ec%97%ac%ec%9d%98%eb%8f%84-18002/,2026-07-28,,12,,,박선호,https://image.tmdb.org/t/p/w500/nJ0gSaXfoiPFngy1ulCCuxsKt0q.jpg,언더커버미쓰홍,3,6,29,42.9,14,N,,,Y,언급2회이상_작품내상위15,정승길_v4,
st_11832,언더커버미쓰홍,,drama,박신혜;고경표;하윤경,뱅센느,,서울 서대문구 연희로11길 41,37.568242,126.929206,https://lh3.googleusercontent.com/place-photos/AG9NLjCfjlA8jF80AMKpjA0O_ZsGEnZbLE6crVxiHk1SNjbY5ysKYYAtRTIC4VNx5xXTW8SisuKj-dB7vuIy6AXiJDmtO4Mm8MxmnJkmsTrnyuL2sSU3M584oyziFaG8TWTn5iU6WZwpCTBq7jghYQ=s4800-w800,https://map.naver.com/p/entry/place/13119742,"6화, 알벗오가 데이트 전 미쓰홍을 기다리며 만나던 카페로 나온 뱅센느",https://kdramamap.com/location/%ec%96%b8%eb%8d%94%ec%bb%a4%eb%b2%84%eb%af%b8%ec%93%b0%ed%99%8d-%eb%b1%85%ec%84%bc%eb%8a%90-17995/,2026-07-28,,12,,,박선호,https://image.tmdb.org/t/p/w500/nJ0gSaXfoiPFngy1ulCCuxsKt0q.jpg,언더커버미쓰홍,3,6,29,42.9,15,N,,,Y,언급2회이상_작품내상위15,정승길_v4,
st_12001,언젠가는 슬기로울 전공의생활,Resident Playbook,drama,고윤정;신시아;강유석;한예지,용인세브란스병원,병원,경기 용인시 기흥구 동백죽전대로 363,37.270775,127.148187,https://lh3.googleusercontent.com/place-photos/AG9NLjClWoLjLw1J_fMwzBjIn8gr59j-Acy2SVV0lSEeaJHGPxDbRWNMbD12l2fTYwvsAVKZuWJiSS7Lf0OcFSArZPSjg31YYtyq9X-JlbXNkOGAIUGRUfUaXdELB3uZ7zLiK67Ru30xoujXx0vU0ns=s4800-w800,https://map.naver.com/p/entry/place/1044850374,1화에서 오이영이 언니와 함께 종로율제병원에 도착해 출근하는 장면,https://kdramamap.com/location/%ec%96%b8%ec%a0%a0%ea%b0%80%eb%8a%94-%ec%8a%ac%ea%b8%b0%eb%a1%9c%ec%9a%b8-%ec%a0%84%ea%b3%b5%ec%9d%98%ec%83%9d%ed%99%9c-%ec%9a%a9%ec%9d%b8%ec%84%b8%eb%b8%8c%eb%9e%80%ec%8a%a4%eb%b3%91%ec%9b%90-14315/;https://haechi-travel.tistory.com/328,2026-07-28,62,,,,Lee Min-soo,https://image.tmdb.org/t/p/w500/oXaMHOQGx2V4HwoBa0IrouBe1yb.jpg,언젠가는슬기로울전공의생활,8,19,35,100.0,1,N,,,Y,언급2회이상_작품내상위15,정승길_v4,
st_11995,언젠가는 슬기로울 전공의생활,Resident Playbook,drama,고윤정;신시아;강유석;한예지,아니다파르크,음식점,서울 강남구 선릉로 629,37.512706,127.042601,https://lh3.googleusercontent.com/place-photos/AG9NLjBfih9peNclgOj6CoV9dMOMJHwH604t1VEc2aUyGjdzVec53MbEw6o3haCYv2BXcrPEvRmj66K8hw_Gf6VhO6532lju5jX8unMU1fFAZvY3Vuky_ZGmdojRNDW51tRWS8xtGC9F_cDF0lkZCVT22xLj=s4800-w800,https://map.naver.com/p/entry/place/1106927754,11화에서 오이영과 구도원이 데이트 중 쓰러진 손님을 응급처치하는 장면,https://kdramamap.com/location/%ec%96%b8%ec%a0%a0%ea%b0%80%eb%8a%94-%ec%8a%ac%ea%b8%b0%eb%a1%9c%ec%9a%b8-%ec%a0%84%ea%b3%b5%ec%9d%98%ec%83%9d%ed%99%9c-%ec%95%84%eb%8b%88%eb%8b%a4%ed%8c%8c%eb%a5%b4%ed%81%ac-14309/;https://haechi-travel.tistory.com/328,2026-07-28,62,,,,Lee Min-soo,https://image.tmdb.org/t/p/w500/oXaMHOQGx2V4HwoBa0IrouBe1yb.jpg,언젠가는슬기로울전공의생활,2,2,35,25.0,2,N,,,Y,언급2회이상_작품내상위15,정승길_v4,
st_11999,언젠가는 슬기로울 전공의생활,Resident Playbook,drama,고윤정;신시아;강유석;한예지,삼거마을 삼성래미안1차,,경기 용인시 기흥구 마북동 629,37.299042,127.111543,https://lh3.googleusercontent.com/place-photos/AG9NLjBClkImkqos_HU3rv1scKvKjPkBu4WOYHljTf3e1zhtH3w3pi6vubaaE56fT0_oncEOl7kZPE9o_uee_HMFpsSev2pM3pyixzUF-ZdhGs3fhcDjhTEQBpduLQRaI0GXdDwXrU_MZ9WhufKkROk=s4800-w800,https://map.naver.com/p/entry/place/19296524,5화에서 이영이 엘리베이터 안에서 도원에게 생일 소원으로 고백하는 장면이 나온다.,https://kdramamap.com/location/%ec%96%b8%ec%a0%a0%ea%b0%80%eb%8a%94-%ec%8a%ac%ea%b8%b0%eb%a1%9c%ec%9a%b8-%ec%a0%84%ea%b3%b5%ec%9d%98%ec%83%9d%ed%99%9c-%ec%82%bc%ea%b1%b0%eb%a7%88%ec%9d%84-%ec%82%bc%ec%84%b1%eb%9e%98%eb%af%b8/,2026-07-28,62,,,,Lee Min-soo,https://image.tmdb.org/t/p/w500/oXaMHOQGx2V4HwoBa0IrouBe1yb.jpg,언젠가는슬기로울전공의생활,1,5,35,12.5,3,N,,,Y,언급부족_데이터품질기준보존,정승길_v4,
st_12093,엄마친구아들,Love Next Door,drama,정해인;정소민,구와우마을,,강원 태백시 구와우길 38-20,37.206921,128.989700,https://lh3.googleusercontent.com/place-photos/AG9NLjAlIaWn3HE8LlSGCq5Yman1O3XpWvxyervC0GVEdaXH3wEN9RfagsaaaRiyebj0Oae7k_acxGBTrGn0hq7n3DEruYKySWWNa7JZCEIUtKXAMmo6wK__zZwgVweIzOGFyFSgTbEXyLzc07BtHx8=s4800-w800,https://map.naver.com/p/entry/place/13548365,11화에서 석류가 승효의 고백에 답하며 서로의 마음을 확인하는 해바라기밭 장면,https://kdramamap.com/location/%ec%97%84%eb%a7%88%ec%b9%9c%ea%b5%ac%ec%95%84%eb%93%a4-%ea%b5%ac%ec%99%80%ec%9a%b0%eb%a7%88%ec%9d%84-9282/,2026-07-28,65,,,,유제원,https://image.tmdb.org/t/p/w500/39JcptCyPz5AEFRtWruQzHDvKE.jpg,엄마친구아들,14,35,61,100.0,1,N,,,Y,언급2회이상_작품내상위15,정승길_v4,
st_12013,엄마친구아들,Love Next Door,drama,정해인;정소민,남산타워,,서울 용산구 용산동2가 산 1-3,37.548943,126.989404,,https://map.naver.com/p/entry/place/1066834125,4화에서 석류와 승효가 남산 사랑의 자물쇠를 함께 채우며 즐거워하는 장면,https://kdramamap.com/location/%ec%97%84%eb%a7%88%ec%b9%9c%ea%b5%ac%ec%95%84%eb%93%a4-%eb%82%a8%ec%82%b0%ed%83%80%ec%9b%8c-9201/,2026-07-28,65,,,,유제원,https://image.tmdb.org/t/p/w500/39JcptCyPz5AEFRtWruQzHDvKE.jpg,엄마친구아들,8,10,61,57.1,2,N,,,Y,언급2회이상_작품내상위15,정승길_v4,
st_12085,엄마친구아들,Love Next Door,drama,정해인;정소민,빌라드파넬,,경기 용인시 처인구 백암면 박곡로 192,37.174571,127.395702,https://lh3.googleusercontent.com/place-photos/AG9NLjD0dqWu4fImlIN0EHAhv0nl1wjRCzvjnrF-vcpoJar0IHDTQmbG1-0KH5m1StBx-DJ0S0kYHKkPrSkDdK3WcZ2iNK8uI6Rk5toll6OwD_A8K2P8Ec2l6tWRfg5oxI5M-VJUK6kw7EE6k-JlkQ=s4800-w800,https://map.naver.com/p/entry/place/1003773037,16화에서 승효와 석류의 두 가족이 함께 가족사진을 촬영하는 장면,https://kdramamap.com/location/%ec%97%84%eb%a7%88%ec%b9%9c%ea%b5%ac%ec%95%84%eb%93%a4-%eb%b9%8c%eb%9d%bc%eb%93%9c%ed%8c%8c%eb%84%ac-9274/,2026-07-28,65,,,,유제원,https://image.tmdb.org/t/p/w500/39JcptCyPz5AEFRtWruQzHDvKE.jpg,엄마친구아들,6,26,61,42.9,3,N,,,Y,언급2회이상_작품내상위15,정승길_v4,
st_12029,엄마친구아들,Love Next Door,drama,정해인;정소민,왕짱구식당,음식점,서울 종로구 계동길 83,37.581091,126.986679,https://lh3.googleusercontent.com/place-photos/AG9NLjCK4Btgq55crQjE_9RzBdQsprLKdSkEJgT1IJyRHglSZjcSptZBIBu7YMxEgO7eT30ZIk9voolbND7xih7kM9hNMwn7TXBj2XBi5RSegWxMlNhplEARZZYnJyXXCDuPqczTt9a9UBV8bgPbTw8=s4800-w800,,1화에서 미국에서 돌아온 석류가 모음과 식사하고 남동생 동진을 만나는 장면,https://kdramamap.com/location/%ec%97%84%eb%a7%88%ec%b9%9c%ea%b5%ac%ec%95%84%eb%93%a4-%ec%99%95%ec%a7%b1%ea%b5%ac%ec%8b%9d%eb%8b%b9-9217/;https://haechi-travel.tistory.com/155;https://hugestlight-days.tistory.com/169,2026-07-28,65,,,,유제원,https://image.tmdb.org/t/p/w500/39JcptCyPz5AEFRtWruQzHDvKE.jpg,엄마친구아들,6,12,61,42.9,4,N,,,Y,언급2회이상_작품내상위15,정승길_v4,
st_12082,엄마친구아들,Love Next Door,drama,정해인;정소민,고반식당 미금역점,음식점,경기 성남시 분당구 성남대로172번길 24,37.350885,127.111507,https://lh3.googleusercontent.com/place-photos/AG9NLjAlM30cpqN4X0mtrp8MQnOaViUdkZAaPerNrKtsCUGdcefMVVXbRZ5DRkURpBH2orgWauy9_TolcJ_fDuNmAyjDl6-zkat-5aK6_W-zGQjeQkIjfJXbfx2SaLz_xdwPkLRtukBnrb34N7dAxA=s4800-w800,https://map.naver.com/p/entry/place/1406425561,6화에서 승효가 건축 현장 직원들과 함께 술을 마시는 식당 장면,https://kdramamap.com/location/%ec%97%84%eb%a7%88%ec%b9%9c%ea%b5%ac%ec%95%84%eb%93%a4-%ea%b3%a0%eb%b0%98%ec%8b%9d%eb%8b%b9-%eb%af%b8%ea%b8%88%ec%97%ad%ec%a0%90-9271/,2026-07-28,65,,,,유제원,https://image.tmdb.org/t/p/w500/39JcptCyPz5AEFRtWruQzHDvKE.jpg,엄마친구아들,5,11,61,35.7,5,N,,,Y,언급2회이상_작품내상위15,정승길_v4,
st_12086,엄마친구아들,Love Next Door,drama,정해인;정소민,석남사,,경기 안성시 금광면 상촌새말길 3-120,36.939802,127.307124,https://lh3.googleusercontent.com/place-photos/AG9NLjDZFSD39xd4Uc98-28pGrqG3rXIG_ngI6FlAZKme9AOFE4H8zwC9trjHMD05wezWJOnk65uvb5_ckKtYWtEl8UzvnKa4_6PaaLKjJEAfIgOnjyLmr5nNR0SkBrKdYBckDKN2AplzdJnOkr_Nw=s4800-w800,https://map.naver.com/p/entry/place/11663928,5화에서 쑥자매 엄마들이 자식들의 소원을 적으러 절에 찾아가는 장면,https://kdramamap.com/location/%ec%97%84%eb%a7%88%ec%b9%9c%ea%b5%ac%ec%95%84%eb%93%a4-%ec%84%9d%eb%82%a8%ec%82%ac-9275/,2026-07-28,65,,,,유제원,https://image.tmdb.org/t/p/w500/39JcptCyPz5AEFRtWruQzHDvKE.jpg,엄마친구아들,5,9,61,35.7,6,N,,,Y,언급2회이상_작품내상위15,정승길_v4,
st_12006,엄마친구아들,Love Next Door,drama,정해인;정소민,NGT빌딩,,서울 마포구 양화로3길 73,37.552178,126.910678,,https://map.naver.com/p/entry/place/1270693434,1화에서 귀국한 석류가 어릴 적 친구 승효와 혜릉목욕탕 앞에서 재회하는 장면,https://kdramamap.com/location/%ec%97%84%eb%a7%88%ec%b9%9c%ea%b5%ac%ec%95%84%eb%93%a4-ngt%eb%b9%8c%eb%94%a9-9194/,2026-07-28,65,,,,유제원,https://image.tmdb.org/t/p/w500/39JcptCyPz5AEFRtWruQzHDvKE.jpg,엄마친구아들,5,7,61,35.7,7,N,,,Y,언급2회이상_작품내상위15,정승길_v4,
st_12055,엄마친구아들,Love Next Door,drama,정해인;정소민,보위그,,서울 서초구 양재천로31길 1,37.480073,127.043157,,https://map.naver.com/p/entry/place/1102412967,2화에서 건축가 승효가 기자 단호의 인터뷰를 받는 카페 장면,https://kdramamap.com/location/%ec%97%84%eb%a7%88%ec%b9%9c%ea%b5%ac%ec%95%84%eb%93%a4-%eb%b3%b4%ec%9c%84%ea%b7%b8-9243/,2026-07-28,65,,,,유제원,https://image.tmdb.org/t/p/w500/39JcptCyPz5AEFRtWruQzHDvKE.jpg,엄마친구아들,4,13,61,28.6,8,N,,,Y,언급2회이상_작품내상위15,정승길_v4,
st_12077,엄마친구아들,Love Next Door,drama,정해인;정소민,수정부동산,자연/명소,경기 고양시 일산동구 일산로372번길 63,37.669624,126.785298,,,2화에서 모음의 엄마가 운영하고 쑥자매 엄마들이 아지트로 삼는 혜릉부동산 장면,https://kdramamap.com/location/%ec%97%84%eb%a7%88%ec%b9%9c%ea%b5%ac%ec%95%84%eb%93%a4-%ec%88%98%ec%a0%95%eb%b6%80%eb%8f%99%ec%82%b0-9266/,2026-07-28,65,,,,유제원,https://image.tmdb.org/t/p/w500/39JcptCyPz5AEFRtWruQzHDvKE.jpg,엄마친구아들,4,6,61,28.6,10,N,,,Y,언급2회이상_작품내상위15,정승길_v4,
st_12067,엄마친구아들,Love Next Door,drama,정해인;정소민,만화속으로,,경기 의정부시 평화로542번길 7,37.740528,127.048005,,https://map.naver.com/p/entry/place/32350091,3화에서 오지 않겠다던 승효가 석류가 만화를 보던 만화방에 나타나는 장면,https://kdramamap.com/location/%ec%97%84%eb%a7%88%ec%b9%9c%ea%b5%ac%ec%95%84%eb%93%a4-%eb%a7%8c%ed%99%94%ec%86%8d%ec%9c%bc%eb%a1%9c-9256/,2026-07-28,65,,,,유제원,https://image.tmdb.org/t/p/w500/39JcptCyPz5AEFRtWruQzHDvKE.jpg,엄마친구아들,4,4,61,28.6,11,N,,,Y,언급2회이상_작품내상위15,정승길_v4,
st_12098,엄마친구아들,Love Next Door,drama,정해인;정소민,뒤웅박고을,,세종 전동면 배일길 90-43,36.675713,127.259323,https://lh3.googleusercontent.com/place-photos/AG9NLjBwwcAxzvHLkPmN8XXPPSnH47AHAcbNFPnlA7D33Tjj0Naq42uMS-AkGSE7VfyVzWgDyMCPLX8ho9WD7ykEwAWJte9Vx2BAnzO2_OtAgeyok3_e7AuDQlTf4Ci5Dklg1nd_ardhAb1Zh7nNVw=s4800-w800,https://map.naver.com/p/entry/place/13272841,5화에서 석류가 밤에 특별한 항아리를 찾으러 장독대를 돌아다니는 장면,https://kdramamap.com/location/%ec%97%84%eb%a7%88%ec%b9%9c%ea%b5%ac%ec%95%84%eb%93%a4-%eb%92%a4%ec%9b%85%eb%b0%95%ea%b3%a0%ec%9d%84-9287/,2026-07-28,65,,,,유제원,https://image.tmdb.org/t/p/w500/39JcptCyPz5AEFRtWruQzHDvKE.jpg,엄마친구아들,4,3,61,28.6,12,N,,,Y,언급2회이상_작품내상위15,정승길_v4,
st_12087,엄마친구아들,Love Next Door,drama,정해인;정소민,송지호해수욕장,해변,강원 고성군 죽왕면 심층수길 49,38.328271,128.527811,https://lh3.googleusercontent.com/place-photos/AG9NLjAbWbhc1-dR69yTG2Hbm_ct4GId8Bmw7M9-laGc8E55Ge3Bv1CQaBItlpfLI_0TNHsxRHVcvEOhbxtPoslh1q-ADU_-Fk7ONl_UiQ3rTxmazBuQnwXFqf7KRlHWxWkkjZMDfJtcW57pl1TU9r8=s4800-w800,https://map.naver.com/p/entry/place/13491067,10화에서 홀로 바다로 도망친 석류를 승효가 찾아와 말없이 안아주는 장면,https://kdramamap.com/location/%ec%97%84%eb%a7%88%ec%b9%9c%ea%b5%ac%ec%95%84%eb%93%a4-%ec%86%a1%ec%a7%80%ed%98%b8%ed%95%b4%ec%88%98%ec%9a%95%ec%9e%a5-9276/,2026-07-28,65,,,,유제원,https://image.tmdb.org/t/p/w500/39JcptCyPz5AEFRtWruQzHDvKE.jpg,엄마친구아들,3,17,61,21.4,13,N,,,Y,언급2회이상_작품내상위15,정승길_v4,
st_12052,엄마친구아들,Love Next Door,drama,정해인;정소민,고반식당 수락산점,음식점,서울 노원구 동일로242길 66,37.674334,127.058770,,,8화에서 단호와 모음이 소방서 동료들과 함께 술을 마시는 식당 장면,https://kdramamap.com/location/%ec%97%84%eb%a7%88%ec%b9%9c%ea%b5%ac%ec%95%84%eb%93%a4-%ea%b3%a0%eb%b0%98%ec%8b%9d%eb%8b%b9-%ec%88%98%eb%9d%bd%ec%82%b0%ec%a0%90-9240/,2026-07-28,65,,,,유제원,https://image.tmdb.org/t/p/w500/39JcptCyPz5AEFRtWruQzHDvKE.jpg,엄마친구아들,3,14,61,21.4,14,N,,,Y,언급2회이상_작품내상위15,정승길_v4,
st_12071,엄마친구아들,Love Next Door,drama,정해인;정소민,세븐일레븐 대화새말공원점,편의점,경기 고양시 일산서구 일산로636번길 37-33,37.683837,126.758361,,https://map.naver.com/p/entry/place/363461588,"극 중 승효와 석류, 모음 등 친구들이 편의점 앞에 모여 이야기를 나누는 장면",https://kdramamap.com/location/%ec%97%84%eb%a7%88%ec%b9%9c%ea%b5%ac%ec%95%84%eb%93%a4-%ec%84%b8%eb%b8%90%ec%9d%bc%eb%a0%88%eb%b8%90-%eb%8c%80%ed%99%94%ec%83%88%eb%a7%90%ea%b3%b5%ec%9b%90%ec%a0%90-9260/,2026-07-28,65,,,,유제원,https://image.tmdb.org/t/p/w500/39JcptCyPz5AEFRtWruQzHDvKE.jpg,엄마친구아들,3,8,61,21.4,15,N,,,Y,언급2회이상_작품내상위15,정승길_v4,
st_20716,에스콰이어: 변호사를 꿈꾸는 변호사들,Esquire,drama,이진욱;정채연;이학주,오렌지플래닛,오피스,서울 강남구 테헤란로 217,37.5020753178482,127.039772457988,https://lh3.googleusercontent.com/place-photos/AG9NLjBECx4rFdpVWXfZ7mr5623Ycrn5pURCstItaWJmBlAYuPn-tLu5vz1UmEvOijAS45vQB3OT4QAQRHlVx4E3dgQPIu-lp9_RcfahqZSdJdxfdiiImIyhFrSm0_ZFdWTPdffQG8c3FdAWPRbyjASJzQQkwg=s4800-w800,https://map.naver.com/p/entry/place/1025075522,윤석훈·강효민이 근무하는 법무법인 '율림' 건물 외관 촬영지,https://blog.naver.com/hsc_one1/223934181846;https://blog.naver.com/hsc_one1/223957975615;https://blog.naver.com/location_info/223957298783;https://blog.naver.com/mlkway153/223956688270,2026-07-30,,13,,,Kim Jae-hong,https://image.tmdb.org/t/p/w500/y9SDvLKABqz0FWymCz6IGhpYoFs.jpg,에스콰이어변호사를꿈꾸는변호사들,8,19,40,100.0,1,N,,,Y,언급2회이상_작품내상위15,정승길_v4,
st_20721,에스콰이어: 변호사를 꿈꾸는 변호사들,Esquire,drama,이진욱;정채연;이학주,아나키아,카페,경기 의정부시 잔돌길 22,37.72851584538706,127.11371978779302,https://lh3.googleusercontent.com/place-photos/AG9NLjB1TFZre0iZvZwQkItt5VTF--tthgjQpXIPmBhyLxwlhEloCqdEVeHbMTJab1c2fVxmj37UidcS9r9Uanh-1BSXz6Sw5tB5kyR9crzvWC8sss630YryWXm7byzlyRdCKH54U0j9bmSr_ZEqE8ew0HbYzw=s4800-w800,https://map.naver.com/p/entry/place/1630613493,강효민이 프로포즈를 받는 카페 장면,https://blog.naver.com/hsc_one1/223957975615;https://blog.naver.com/location_info/223957298783,2026-07-30,,13,,,Kim Jae-hong,https://image.tmdb.org/t/p/w500/y9SDvLKABqz0FWymCz6IGhpYoFs.jpg,에스콰이어변호사를꿈꾸는변호사들,6,14,40,75.0,2,N,,,Y,언급2회이상_작품내상위15,정승길_v4,
st_20720,에스콰이어: 변호사를 꿈꾸는 변호사들,Esquire,drama,이진욱;정채연;이학주,달빛애견글램핑,숙박,경기 포천시 일동면 사기막길 67-6,37.9650223409047,127.33765622403578,,https://map.naver.com/p/entry/place/685322953,석훈과 반려견 해쉬가 주말에 함께 간 글램핑장 장면,https://blog.naver.com/hsc_one1/223957975615;https://blog.naver.com/elon0119/223964637857,2026-07-30,,13,,,Kim Jae-hong,https://image.tmdb.org/t/p/w500/y9SDvLKABqz0FWymCz6IGhpYoFs.jpg,에스콰이어변호사를꿈꾸는변호사들,5,8,40,62.5,3,N,,,Y,언급2회이상_작품내상위15,정승길_v4,
st_20719,에스콰이어: 변호사를 꿈꾸는 변호사들,Esquire,drama,이진욱;정채연;이학주,독투독(우쭈쭈케어센터 합정점),기타,서울 마포구 월드컵로 44,37.553180933154,126.912410895391,,,윤석훈의 반려견 해쉬를 맡기는 애견 유치원 장면,https://blog.naver.com/hsc_one1/223957975615;https://blog.naver.com/location_info/223957298783,2026-07-30,,13,,,Kim Jae-hong,https://image.tmdb.org/t/p/w500/y9SDvLKABqz0FWymCz6IGhpYoFs.jpg,에스콰이어변호사를꿈꾸는변호사들,3,5,40,37.5,4,N,,,Y,언급2회이상_작품내상위15,정승길_v4,
st_20726,에스콰이어: 변호사를 꿈꾸는 변호사들,Esquire,drama,이진욱;정채연;이학주,구스커피앤바,카페,서울 마포구 월드컵로17길 56,37.5549058171353,126.90758331424,https://lh3.googleusercontent.com/place-photos/AG9NLjACAF7JOwiBKsv7XGDuZZHm362TnBEEX6Cof-yCgvZiswxrra4nKR2Gse-xkY0FR1nOeHoakbuCGVZJNKu0j8trum0pqVaLpfHO1cCHSj7H8USSVqgUTRPSqDujPMqDaNNIsHj9DEDhOq4v3g=s4800-w800,https://map.naver.com/p/entry/place/1234832125,7회 윤석훈·이진우·허민정이 만나는 바 장면,https://blog.naver.com/location_info/223957298783,2026-07-30,,13,,,Kim Jae-hong,https://image.tmdb.org/t/p/w500/y9SDvLKABqz0FWymCz6IGhpYoFs.jpg,에스콰이어변호사를꿈꾸는변호사들,2,3,40,25.0,5,N,,,Y,언급2회이상_작품내상위15,정승길_v4,
st_20724,에스콰이어: 변호사를 꿈꾸는 변호사들,Esquire,drama,이진욱;정채연;이학주,동막골유황천,목욕탕,경기 연천군 연천읍 동막로25번길 181,38.089434556991904,127.08106633039839,https://lh3.googleusercontent.com/place-photos/AG9NLjDsR-qdhczjr278WQqvbV0-Sc6R8lSMR4bzzyHg4EKwBpFmciZxTz1WOX9c-53tEyii3NCOpNONAYnqJUgZUlI_6Xl97RRmrQewZ9l_LeoU_n8WEYiazCjgV6cyqmTzHR5ZTsyRtBFF3H3yNg=s4800-w800,https://map.naver.com/p/entry/place/11821194,1회 강효민이 방문한 온천 찜질방 장면,https://blog.naver.com/location_info/223957298783;https://blog.naver.com/elon0119/223964637857,2026-07-30,,13,,,Kim Jae-hong,https://image.tmdb.org/t/p/w500/y9SDvLKABqz0FWymCz6IGhpYoFs.jpg,에스콰이어변호사를꿈꾸는변호사들,2,3,40,25.0,6,N,,,Y,언급2회이상_작품내상위15,정승길_v4,
st_20718,에스콰이어: 변호사를 꿈꾸는 변호사들,Esquire,drama,이진욱;정채연;이학주,콘래드 서울 아트리오,음식점,서울 영등포구 국제금융로 10,37.52545659112212,126.92678353913301,,https://map.naver.com/p/entry/place/37260382,1회 강효민이 남자친구와 식사하는 레스토랑 장면,https://blog.naver.com/elon0119/223964637857;https://blog.naver.com/location_info/223957298783,2026-07-30,,13,,,Kim Jae-hong,https://image.tmdb.org/t/p/w500/y9SDvLKABqz0FWymCz6IGhpYoFs.jpg,에스콰이어변호사를꿈꾸는변호사들,2,3,40,25.0,7,N,,,Y,언급2회이상_작품내상위15,정승길_v4,
mv_4140_01,엑시트,EXIT,movie,조정석;임윤아;설도희;최재영;고두심,중랑스포츠클라이밍경기장,스포츠시설·인공암벽장,서울특별시 중랑구 용마산로 250-12,37.5733347,127.091217,https://lh3.googleusercontent.com/place-photos/AG9NLjCu6Ucxoff5d-SG465DBQOPxH0yjBd5EUomuG-HqoJDAFp3ELPVfft4NUEMmQm_o4Cmy8LHd5p7U4XrM0rGGsdmjW3EcpzAohewQ98htjm-jg49VCANf-aQcQ1W-PSuDU4P8KbNTKU63Y53mg=s4800-w800,https://map.naver.com/p/entry/place/37214354,용남이 취업 준비 중에도 인공암벽을 오르며 클라이밍을 연습하는 장면,https://mediahub.seoul.go.kr/archives/1502058,2026-07-30,,,9407840,,이상근,https://image.tmdb.org/t/p/w500/7GTwjMaEVLbDBkg6McEizHTH1PF.jpg,엑시트,0,0,37,0.0,1,N,,,Y,언급부족_데이터품질기준보존,정승길_v4,
st_20735,여신강림,True Beauty,drama,문가영;차은우;황인엽,설리 스카이워크,전망대/스카이워크,경상남도 남해군 미조면 송정리 산352-4,34.7085894481572,128.022435611668,https://lh3.googleusercontent.com/place-photos/AG9NLjChYGMi7rLXToWHO_WKOfEsBQUOBP1UhyPfiEwgLTO95RPUKLbPXoDaEjs5ZP6xbLgYLowZiX17yJejoseHmnMOaG4-KNO2I5r-VC0EcL-hKamgMMGgZrItwdLn9_OlP78EcdSho9v7rauRZA=s4800-w800,https://map.naver.com/p/entry/place/1362597778,14화에서 문가영과 차은우가 그네를 타며 데이트하는 장면이 촬영됨,https://m.blog.naver.com/love8677999/222224046861,2026-07-30,93,,,,Kim Sang-hyub,https://image.tmdb.org/t/p/w500/gaCOvKGG2qEnsijNHEAigYcQ1U3.jpg,여신강림,13,111,60,100.0,1,N,,,Y,언급2회이상_작품내상위15,정승길_v4,
st_20732,여신강림,True Beauty,drama,문가영;차은우;황인엽,왕자만화방(와이앤아니마),상점,서울특별시 종로구 윤보선길 31,37.5773802560574,126.983707313955,https://lh3.googleusercontent.com/place-photos/AG9NLjCOcX3YARNQtROX2O65foo4LBn0Iel1OSn8BVduHPugPQTBf9cEeP8SbiR38uvm_4STJwdN5LxcDgLlbfEcSlsv_ZF_Fg0dQX1yYwGBLcsUKrtI0msqbYHCCvhHJWsVFH6wH-mgUFpj1Pvjtd_z6rsH=s4800-w800,,극중 왕자만화방으로 등장하며 주경·서준·수호가 회차마다 오가는 만남의 장소로 촬영됨,https://mpd.kr/544;https://m.blog.naver.com/wkdud0831/222239693375;https://m.blog.naver.com/90163097/222275152508,2026-07-30,93,,,,Kim Sang-hyub,https://image.tmdb.org/t/p/w500/gaCOvKGG2qEnsijNHEAigYcQ1U3.jpg,여신강림,8,20,60,61.5,2,N,,,Y,언급2회이상_작품내상위15,정승길_v4,
st_20733,여신강림,True Beauty,drama,문가영;차은우;황인엽,국립현대미술관 서울관 앞 도로(삼청로),도로/거리,서울특별시 종로구 삼청로 30,37.5787436166877,126.980032718285,https://lh3.googleusercontent.com/place-photos/AG9NLjArfTMYm4PARRE5LkOd2ejFB9zSNg1CFOiqcknDCYiHj6Xlednz3FWMQF3vFKsBh2dvgdxkggsTqacoGUlYBmSRLij9UGEMRLJPrMvhTxXRu1OzcnzRYpUnN-_QDJ58MQ4eqiTPgUS3-CKQ-g=s4800-w800,,3화에서 버스 안 성추행범을 잡기 위해 뛰어가는 장면이 촬영된 경복궁-삼청동 사이 도로,https://m.blog.naver.com/wkdud0831/222239693375,2026-07-30,93,,,,Kim Sang-hyub,https://image.tmdb.org/t/p/w500/gaCOvKGG2qEnsijNHEAigYcQ1U3.jpg,여신강림,3,7,60,23.1,3,N,,,Y,언급2회이상_작품내상위15,정승길_v4,
st_20736,여신강림,True Beauty,drama,문가영;차은우;황인엽,상주은모래비치,해수욕장,경상남도 남해군 상주면 상주리,34.7372887059436,128.000888589203,https://lh3.googleusercontent.com/place-photos/AG9NLjBk42UeUUVPabh5Eh5vMXCGhGmkM1rvUmDq21lKJefEHq-sIRs2LIUue6SO-_1998fbldSgXdG_8F2NZqVCki6advjbVlCmSxyh6Lwn_xdctHIruObtx4S_hHRe0nFd8X9t7qbNriTsOakKwQ=s4800-w800,https://map.naver.com/p/entry/place/1856329394,14화 남해 데이트에서 바다 장면이 촬영된 해수욕장,https://m.blog.naver.com/love8677999/222224046861,2026-07-30,93,,,,Kim Sang-hyub,https://image.tmdb.org/t/p/w500/gaCOvKGG2qEnsijNHEAigYcQ1U3.jpg,여신강림,3,7,60,23.1,4,N,,,Y,언급2회이상_작품내상위15,정승길_v4,
st_20734,여신강림,True Beauty,drama,문가영;차은우;황인엽,감고당길,돌담길/거리,서울특별시 종로구 송현동 34-2,37.5779809290429,126.982316995538,https://lh3.googleusercontent.com/place-photos/AG9NLjC-iFvBxjb9tomlJbMBM2Py4TtiWTUANhA0i1dj4auRZ6Y2977I2KX0bg9LYOZrD5XhYMWWWsTrdv5OOGFmYt5BReA78ZHYKbMP98TEBst4hF6w9gBAvk7wK42Bj-xuo-PCiCrMurkPShHb=s4800-w800,,북촌 감고당길은 여주인공 임주경(문가영)의 집이 있는 곳으로 등장한 촬영지,https://m.blog.naver.com/visit_jini/224057038749,2026-07-30,93,,,,Kim Sang-hyub,https://image.tmdb.org/t/p/w500/gaCOvKGG2qEnsijNHEAigYcQ1U3.jpg,여신강림,2,6,60,15.4,5,N,,,Y,언급2회이상_작품내상위15,정승길_v4,
st_20739,역도요정 김복주,Weightlifting Fairy Kim Bok-joo,drama,이성경;남주혁;경수진,인하대학교,대학교,인천광역시 미추홀구 인하로 100,37.4507292,126.6538126,https://lh3.googleusercontent.com/place-photos/AG9NLjAx4fcSbCD6yPPq-yMLw3OgCHda1CSOMHEcYKWKXGxEL6Jlnc_ctOeVOCPs2Gihcsyvk_CT6tLmkAi_pEDtOJiTm4DY_n0Ib0hQPjvZGltiBT5Q7kRJs_UPpKvOOab_zt3VKw2_eaI6_0wYMw=s4800-w800,https://map.naver.com/p/entry/place/11591624,1화에서 자전거를 탄 정준형이 김복주와 처음 마주치는 장면,https://ayosarapanpagi.wordpress.com/2017/03/18/the-most-beautiful-memorable-korean-dramas-filming-location/,2026-07-30,45,,,,오현종,https://image.tmdb.org/t/p/w500/ssKVvJM341QiRdBmj8fOAOcpYdl.jpg,역도요정김복주,7,25,38,100.0,1,N,,,Y,언급2회이상_작품내상위15,정승길_v4,
st_20741,역도요정 김복주,Weightlifting Fairy Kim Bok-joo,drama,이성경;남주혁;경수진,삼육대학교,대학교,서울특별시 노원구 화랑로 815,37.6429793,127.1042696,https://lh3.googleusercontent.com/place-photos/AG9NLjCNhWny8FxvPtQwpyA5JR08ogX53ZVADLQF8C9KkzmxpMLXqUj6B_clTo2GKw3KBVjIPtA_PeLIhmYnwYTFkmlrRfZpsgJHAdFsSwtJaTUOl40qiSqX49s3E6wBWsAAuBSBAD1YG9oC-VJzx8YI95Y_XQ=s4800-w800,https://map.naver.com/p/entry/place/11591563,남주혁·이성경 커플의 대학 캠퍼스 장면에 자주 등장하는 삼육대학교 캠퍼스,https://alienbeing.tistory.com/1043,2026-07-30,45,,,,오현종,https://image.tmdb.org/t/p/w500/ssKVvJM341QiRdBmj8fOAOcpYdl.jpg,역도요정김복주,2,1,38,28.6,2,N,,,Y,언급2회이상_작품내상위15,정승길_v4,
st_20744,역도요정 김복주,Weightlifting Fairy Kim Bok-joo,drama,이성경;남주혁;경수진,이월드,테마파크,대구광역시 달서구 두류공원로 200,35.8530292,128.5657599,https://lh3.googleusercontent.com/place-photos/AG9NLjAXENrVVCug65dYag-0yYDkXq9BGMQCdqr_gcvTwuuypcxt9jWmn2QBCLUc3ItJUarCGelx8dyBadyIaJJMJyxVC6Zk1JgQdQuP-eZPAVYp1vyCOcn4ROUHaSa8QYioZc3ucBHqefx1is-VQh7A69r5aA=s4800-w800,https://map.naver.com/p/entry/place/11556649,극 중 준형이 복주와 놀이공원 데이트를 하려다 친구들이 함께 합류하는 장면,https://www.hellokpop.com/featured/kim-bok-joo-filming-locations/;https://www.anagonzales.com/2018/04/anagons-bucket-list-daegus-e-world.html,2026-07-30,45,,,,오현종,https://image.tmdb.org/t/p/w500/ssKVvJM341QiRdBmj8fOAOcpYdl.jpg,역도요정김복주,1,9,38,14.3,3,N,,,Y,언급부족_데이터품질기준보존,정승길_v4,
st_20748,연인,My Dearest,drama,남궁민;안은진,보리나라 학원농장(청보리밭),농원/들판,전북특별자치도 고창군 공음면 학원농장길 150,35.375391,126.543230,https://lh3.googleusercontent.com/place-photos/AG9NLjAO0ghJzoFnGhC7OZ7Q9QE9vQtWOEDUffoZk_tK9uEYMmWH4YcFkpwPx3NmSlywWYGExE8r8Jk1Vq1zG1Sv6rpyJAxqYHdTlIdSRlsIgY3d-veHmVqOIHk1Aasr0AQQjuEx7cgApT52ld2BfcigaQM7cA=s4800-w800,,장현과 길채가 청보리밭에서 입맞춤을 나누는 7화 키스신 촬영지,https://www.joongang.co.kr/article/25202414;https://www.joongang.co.kr/article/25202635;https://n.news.naver.com/mnews/article/119/0002768015;https://www.gukjenews.com/news/articleView.html?idxno=2855724,2026-07-30,34,,,,Kim Sung-yong,https://image.tmdb.org/t/p/w500/rrPCrCRyjdQ8igXIVNcIuL5KcIA.jpg,연인,5,25,107,100.0,1,N,,,Y,언급2회이상_작품내상위15,정승길_v4,
st_12442,연인,My Dearest,drama,남궁민;안은진,서동요테마파크,테마파크,충남 부여군 충화면 충신로 616,36.145250,126.823663,https://lh3.googleusercontent.com/place-photos/AG9NLjAgCA3Z20Qh4SXdQ4Ih7druULeLJyk-u8FkZ1m8Kh1Y6pXnQwmvVPuwVUciVzQNMvupZPqIEgUFe_tRrOiZWfX8Vni681o6hJKUcmQK5sXXm49WFC31-cbFAgfxjNjU6J2-gjpp8-6ODyveAQ=s4800-w800,https://map.naver.com/p/entry/place/19493854,장터 구경을 나선 시장 배경이자 청나라 황궁 장면으로 등장하는 곳,https://kdramamap.com/location/%ec%97%b0%ec%9d%b8-%ec%84%9c%eb%8f%99%ec%9a%94%ed%85%8c%eb%a7%88%ed%8c%8c%ed%81%ac-4607/,2026-07-28,34,,,,Kim Sung-yong,https://image.tmdb.org/t/p/w500/rrPCrCRyjdQ8igXIVNcIuL5KcIA.jpg,연인,4,6,107,80.0,2,N,,,Y,언급2회이상_작품내상위15,정승길_v4,
st_12432,연인,My Dearest,drama,남궁민;안은진,고석정,자연경관/관광지,강원 철원군 동송읍 장흥리 725-13,38.184941,127.287923,https://lh3.googleusercontent.com/place-photos/AG9NLjAC9nxfF7WdTjTkSG_0yuXUEawjfpAZq-cbXCShxsHKq0Uag_Aya9zTtwlq8N7oiL-5E7vHwntix-Qda68dGicw9rzVc9N5ojkJcjn3ATKn5KOj0IOz94jlOoJ9zF63Uz0A0aeY_uNPUKAZpQ=s4800-w800,https://map.naver.com/p/entry/place/1465442453,극 중 두 사람이 한양으로 가기 위해 만나고 뱃나루에서 길을 나서는 장면,https://kdramamap.com/location/%ec%97%b0%ec%9d%b8-%ea%b3%a0%ec%84%9d%ec%a0%95-4601/;https://www.gukjenews.com/news/articleView.html?idxno=2855724;https://n.news.naver.com/mnews/article/119/0002768015,2026-07-28,34,,,,Kim Sung-yong,https://image.tmdb.org/t/p/w500/rrPCrCRyjdQ8igXIVNcIuL5KcIA.jpg,연인,3,13,107,60.0,3,N,,,Y,언급2회이상_작품내상위15,정승길_v4,
st_12433,연인,My Dearest,drama,남궁민;안은진,무릉계곡,자연/명소,강원 동해시 삼화로 584,37.463571,129.014510,https://lh3.googleusercontent.com/place-photos/AG9NLjCr8ou3EBtRM_kPEwsftJhDrkhqTyLBRcrHFKKZl2YsriPvuD_wqWWVXiW5BH_JiiCSNZhojYYWq1M-Z9AerKUADZEsYCGVjbWlQ2mKxvybn7WuWraYc8cOwalQPnEUye7WxrhDppxb724r8Xw=s4800-w800,https://map.naver.com/p/entry/place/11491159,1화에서 능군리의 처녀와 선비들이 계곡에 모여 꽃달임을 즐기는 장면,https://kdramamap.com/location/%ec%97%b0%ec%9d%b8-%eb%ac%b4%eb%a6%89%ea%b3%84%ea%b3%a1-4602/,2026-07-28,34,,,,Kim Sung-yong,https://image.tmdb.org/t/p/w500/rrPCrCRyjdQ8igXIVNcIuL5KcIA.jpg,연인,3,4,107,60.0,4,N,,,Y,언급2회이상_작품내상위15,정승길_v4,
st_12430,연인,My Dearest,drama,남궁민;안은진,남양주종합촬영소,,경기 남양주시 조안면 북한강로855번길 138,37.604003,127.322516,,https://map.naver.com/p/entry/place/11863440,극 중 사헌부와 혜민서(운당 세트) 장면이 촬영된 곳,https://kdramamap.com/location/%ec%97%b0%ec%9d%b8-%eb%82%a8%ec%96%91%ec%a3%bc%ec%a2%85%ed%95%a9%ec%b4%ac%ec%98%81%ec%86%8c-4599/,2026-07-28,34,,,,Kim Sung-yong,https://image.tmdb.org/t/p/w500/rrPCrCRyjdQ8igXIVNcIuL5KcIA.jpg,연인,2,3,107,40.0,5,N,,,Y,언급2회이상_작품내상위15,정승길_v4,
st_12436,연인,My Dearest,drama,남궁민;안은진,삼봉해수욕장,해변,충남 태안군 안면읍 삼봉길 209-3,36.571517,126.315084,https://lh3.googleusercontent.com/place-photos/AG9NLjCfc2uhHvp0q5E8NTi2Va8GIWmekWQupK0R3kraDGZdwZGiXGVGN5bdZ9MeQeL8vg2HFQUTmAl9mhiBqKO3-bGcfMZ8Lr1OyHDOYwA1qBHFAXPtXRU-Md7x2Xjnixcgdh60ZJu7AahjbKzN=s4800-w800,https://map.naver.com/p/entry/place/13491041,이장현이 피로 얼룩진 비장한 모습으로 해변에 등장하는 장면이 촬영된 곳,https://kdramamap.com/location/%ec%97%b0%ec%9d%b8-%ec%82%bc%eb%b4%89%ed%95%b4%ec%88%98%ec%9a%95%ec%9e%a5-4605/,2026-07-28,34,,,,Kim Sung-yong,https://image.tmdb.org/t/p/w500/rrPCrCRyjdQ8igXIVNcIuL5KcIA.jpg,연인,2,3,107,40.0,6,N,,,Y,언급2회이상_작품내상위15,정승길_v4,
st_20749,연인,My Dearest,drama,남궁민;안은진,상당산성,산성/유적,충북 청주시 상당구 산성동 산 28-2,36.662301,127.541395,https://lh3.googleusercontent.com/place-photos/AG9NLjBB0iJ_VFl-3AjpZbLL8742qYPIsDRrNXYHIy6buM-QP3Q8E17TR9kRPt75k6yUv23yZZLqXCXPbpaFLqtcq_566AQWYVflmiOZxXeHusryDpKUC_Sb_Jr35VmEFMCeouIHHSaVJrQPnQ3_xQ=s4800-w800,https://map.naver.com/p/entry/place/13491440,,https://www.gukjenews.com/news/articleView.html?idxno=2786120;https://www.gukjenews.com/news/articleView.html?idxno=2781223;https://n.news.naver.com/mnews/article/119/0002768015,2026-07-30,34,,,,Kim Sung-yong,https://image.tmdb.org/t/p/w500/rrPCrCRyjdQ8igXIVNcIuL5KcIA.jpg,연인,2,3,107,40.0,7,N,,,Y,언급2회이상_작품내상위15,,
st_12438,연인,My Dearest,drama,남궁민;안은진,수선루,,전북 진안군 마령면 강정리 산 57,35.744436,127.342226,https://lh3.googleusercontent.com/place-photos/AG9NLjCV30vwCTYRnYiItpS5qkrK_idBXbOD3K2XYUdYJ-4bTRgQbxv3NcyO3efrsq2HN8aagac1rTJORkOJYeSZDKhxSWw86s1Z_tvXUZgEM40jK-g-fw_tGMl9KjBZwBSPeDwXDtNPA3JO5zOzgA=s4800-w800,https://map.naver.com/p/entry/place/20103186,장현 일행이 피난을 빙자해 머무는 정자로 등장하는 곳,https://kdramamap.com/location/%ec%97%b0%ec%9d%b8-%ec%88%98%ec%84%a0%eb%a3%a8-4608/,2026-07-28,34,,,,Kim Sung-yong,https://image.tmdb.org/t/p/w500/rrPCrCRyjdQ8igXIVNcIuL5KcIA.jpg,연인,2,3,107,40.0,8,N,,,Y,언급2회이상_작품내상위15,정승길_v4,
st_12440,연인,My Dearest,drama,남궁민;안은진,안동하회마을,,경북 안동시 풍천면 하회리 1176-1,36.538915,128.518432,https://lh3.googleusercontent.com/place-photos/AG9NLjA_HgKYmeKcsodSbL-dHKA5esw0rRwgcQd4ykCuIVUlgT-QODO0RznT4E_RjFG-s6u-RtTmdwG7qnw1R-Z0SztB3iXHBQfVxWn66PJn4uwy-Z_wE1dSrvPlI5pcAt8aU35BpciF7NLYc0WZkA=s4800-w800,https://map.naver.com/p/entry/place/1153202495,,https://kdramamap.com/location/%ec%97%b0%ec%9d%b8-%ec%95%88%eb%8f%99%ed%95%98%ed%9a%8c%eb%a7%88%ec%9d%84-4610/,2026-07-28,34,,,,Kim Sung-yong,https://image.tmdb.org/t/p/w500/rrPCrCRyjdQ8igXIVNcIuL5KcIA.jpg,연인,2,3,107,40.0,9,N,,,Y,언급2회이상_작품내상위15,,
st_12434,연인,My Dearest,drama,남궁민;안은진,온달관광지,사극세트장/관광지,충북 단양군 영춘면 온달로 23,37.062955,128.492923,https://lh3.googleusercontent.com/place-photos/AG9NLjAFYPfXAz5fzS_rufNig7TNx3jRULejJNUVnXpRQw_vbIgKu1AkVOTnIOqenf3HUkB-QZFlqBeCofruYnyoPN3pDfbCMKraeMtMyydqhJ4ReMNfp773U5gRHhxnulKnBfJyg-wugfxu5c_4=s4800-w800,https://map.naver.com/p/entry/place/13476484,청나라 군대가 산성 앞에 진을 치고 있는 장면이 촬영된 야외세트장,https://kdramamap.com/location/%ec%97%b0%ec%9d%b8-%ec%98%a8%eb%8b%ac%ea%b4%80%ea%b4%91%ec%a7%80-4603/;https://www.gukjenews.com/news/articleView.html?idxno=2855724;http://www.dynews.co.kr/news/articleView.html?idxno=728434;https://www.inews365.com/news/article.html?no=788912;https://www.asiatoday.co.kr/view.php?key=20231115010009516,2026-07-28,34,,,,Kim Sung-yong,https://image.tmdb.org/t/p/w500/rrPCrCRyjdQ8igXIVNcIuL5KcIA.jpg,연인,2,3,107,40.0,10,N,,,Y,언급2회이상_작품내상위15,정승길_v4,
st_12435,연인,My Dearest,drama,남궁민;안은진,바람의화원 세트장,세트장,충북 괴산군 청천면 송문로덕평1길 44-18,36.726845,127.805010,,,길채가 노래를 듣고 마음에 반한 조선 나이트클럽 배경으로 등장하는 곳,https://kdramamap.com/location/%ec%97%b0%ec%9d%b8-%eb%b0%94%eb%9e%8c%ec%9d%98%ed%99%94%ec%9b%90-%ec%84%b8%ed%8a%b8%ec%9e%a5-4604/,2026-07-28,34,,,,Kim Sung-yong,https://image.tmdb.org/t/p/w500/rrPCrCRyjdQ8igXIVNcIuL5KcIA.jpg,연인,2,2,107,40.0,11,N,,,Y,언급2회이상_작품내상위15,정승길_v4,
st_20753,오싹한 연애,Spooky in Love,drama,박은빈;양세종,그랜드 워커힐 서울,호텔,서울 광진구 워커힐로 177,37.55522778434594,127.11089257243468,https://lh3.googleusercontent.com/place-photos/AG9NLjBKAfCouEHNzFhQx1KZNRtHgBx5XQTvVWIN7dIl_B5aG076QtgoMRn8KTvazIcVfuQUpJVexzGCsxe1-zh2coMuDG7oooabmOFDibiuzPUhbI9burjhxRer9uITDAIiIYS9Q_2kalSU2arun7s=s4800-w800,https://map.naver.com/p/entry/place/11583218,"극중 레이나호텔 서울의 전경·입구로, 1화 강욱이 여리를 뒤쫓는 장면이 촬영된 곳",https://haechi-travel.tistory.com/789,2026-07-30,,10,,,Lee Min-soo,https://image.tmdb.org/t/p/w500/zyK5BHhUl9NtAUFaKOpgCQWW9My.jpg,오싹한연애,7,34,57,100.0,1,N,,,Y,언급2회이상_작품내상위15,정승길_v4,
st_20754,오싹한 연애,Spooky in Love,drama,박은빈;양세종,콘래드 서울,호텔,서울 영등포구 국제금융로 10,37.52541872450673,126.92674398135534,https://lh3.googleusercontent.com/place-photos/AG9NLjBIDJ-SCwy7zOrjlKPECWRNSH-t1h6aLEZAzoD4M6mVsrBQvoPka8KT45pSl_V4Gn1Gvz1SWfhpiLzjyDvG5p4LaYkaJBaVISw5K6G7YjjT2gjGXTIA2cHZ9t19Pe20RF3UflKa19dnrakIfdrgUggAsQ=s4800-w800,https://map.naver.com/p/entry/place/21202909,마강욱이 레이나호텔 대표 천여리를 조사하러 온 장면이 촬영된 곳,https://haechi-travel.tistory.com/789,2026-07-30,,10,,,Lee Min-soo,https://image.tmdb.org/t/p/w500/zyK5BHhUl9NtAUFaKOpgCQWW9My.jpg,오싹한연애,7,18,57,100.0,2,N,,,Y,언급2회이상_작품내상위15,정승길_v4,
st_20769,오싹한 연애,Spooky in Love,drama,박은빈;양세종,롯데호텔 제주,호텔,제주특별자치도 서귀포시 중문관광로72번길 35,33.24859943127331,126.41032986158476,https://lh3.googleusercontent.com/place-photos/AG9NLjCoiFyRbVwI4elHtcsJfbB8ja5lQBcKi5gs1ZTG9TUoPhu_fZlFbLh9-WsHnuZNXydUoCLk4HDnpPka3uwRhX4lXt861wuaqn6j4b0_tvgnSpOBJSRS9d96GlWJeJWDYLHjaER1YAeMe93IZXM=s4800-w800,https://map.naver.com/p/entry/place/11583214,"레이몬드호텔의 전경과 로비, 행사장으로 등장한 촬영지",https://haechi-travel.tistory.com/789,2026-07-30,,10,,,Lee Min-soo,https://image.tmdb.org/t/p/w500/zyK5BHhUl9NtAUFaKOpgCQWW9My.jpg,오싹한연애,6,17,57,85.7,3,N,,,Y,언급2회이상_작품내상위15,정승길_v4,
st_20759,오싹한 연애,Spooky in Love,drama,박은빈;양세종,롯데백화점 일산점,백화점,경기 고양시 일산동구 중앙로 1283,37.66047104881414,126.77213362798275,https://lh3.googleusercontent.com/place-photos/AG9NLjCNb8RD9ADk5XjCIi9vNFOMX-AGwtGvctB0kiFYD9d-WtBnxKwpQBC9Z2FpSBbI5wwI5WYP5MILHJLGba5zNbTTN-Uk87Y9j8sfyT1EdgSzVzwdEtyAaJavgTKwiSLBzuqjo818vO-OO5QFFOuc1opq=s4800-w800,https://map.naver.com/p/entry/place/12133972,천여리가 혼자 운동하던 헬스장(리조트휘트니스 헬스&PT)으로 촬영된 장소,https://haechi-travel.tistory.com/789,2026-07-30,,10,,,Lee Min-soo,https://image.tmdb.org/t/p/w500/zyK5BHhUl9NtAUFaKOpgCQWW9My.jpg,오싹한연애,4,14,57,57.1,4,N,,,Y,언급2회이상_작품내상위15,정승길_v4,
st_20770,오싹한 연애,Spooky in Love,drama,박은빈;양세종,제주신라호텔,호텔,제주특별자치도 서귀포시 중문관광로72번길 75,33.24743087763671,126.40804141124566,https://lh3.googleusercontent.com/place-photos/AG9NLjBzc2IxOPZiH3vUEnEsnvGvLA3Ag-PfR8AWfIKEUS7LRuFUPIvllxVKA0kE5tHZ-4_BhAXJ99UfBqamCgk6njrhKcuKspXV6qbF7DpzUEfmOIPKaZTek_HH9v-vLkjFbe9_AWbuXj2e1FO3=s4800-w800,https://map.naver.com/p/entry/place/11583210,2화 여리와 강욱이 체크인 오류로 함께 묵은 호텔 스위트룸 장면이 촬영된 곳,https://haechi-travel.tistory.com/789,2026-07-30,,10,,,Lee Min-soo,https://image.tmdb.org/t/p/w500/zyK5BHhUl9NtAUFaKOpgCQWW9My.jpg,오싹한연애,3,10,57,42.9,5,N,,,Y,언급2회이상_작품내상위15,정승길_v4,
st_20768,오싹한 연애,Spooky in Love,drama,박은빈;양세종,클럽디 더플레이어스,골프장,강원특별자치도 춘천시 동산면 새술막길 438,37.777435373010945,127.75070136198872,https://lh3.googleusercontent.com/place-photos/AG9NLjA9hDRuArgbW7ryFBXmzqEEgdfg4uteCtQOx-kcEjJR2QBeSA6qyKntcAFHWAzXmwCpiHhDCTNuWSFyUYpopE_3RymtU7umO2wizb_IQ2Sbo6VRQBYUpeec8rNVvTpx8j_wRmy6EMaXruFzQA=s4800-w800,https://map.naver.com/p/entry/place/31186343,2화 강욱이 살인한 프로골퍼 박승재를 구속하는 골프장 장면이 촬영된 곳,https://haechi-travel.tistory.com/789,2026-07-30,,10,,,Lee Min-soo,https://image.tmdb.org/t/p/w500/zyK5BHhUl9NtAUFaKOpgCQWW9My.jpg,오싹한연애,3,8,57,42.9,6,N,,,Y,언급2회이상_작품내상위15,정승길_v4,
st_20773,오싹한 연애,Spooky in Love,drama,박은빈;양세종,농암종택,고택,경북 안동시 도산면 가송길 162-133,36.7640813102203,128.884746420384,https://lh3.googleusercontent.com/place-photos/AG9NLjA3uPt3CMMuxhAuV2fmQSX1abBwGi5qB5PpnE0WKBoAv7bfU0ZOi1KueLpg2cqTbAknxRF1ENQu6EDQ8BtPJ3vGjB9hsszH5CKzyMZqOyZcXRPFk6Ya_KUhbkyf17CRjq5VCejd6AijEWBWUg=s4800-w800,https://map.naver.com/p/entry/place/12045185,2화 마강욱의 할머니 팽묘숙이 사는 고택으로 촬영된 장소,https://haechi-travel.tistory.com/789,2026-07-30,,10,,,Lee Min-soo,https://image.tmdb.org/t/p/w500/zyK5BHhUl9NtAUFaKOpgCQWW9My.jpg,오싹한연애,3,7,57,42.9,7,N,,,Y,언급2회이상_작품내상위15,정승길_v4,
st_20755,오싹한 연애,Spooky in Love,drama,박은빈;양세종,경희대학교 서울캠퍼스,대학교,서울 동대문구 경희대로 26,37.5971656623384,127.05173889409078,https://lh3.googleusercontent.com/place-photos/AG9NLjA-WMz1zNSBldQQAYaU5zxuLhKzWgXRCGk9aFQilpZn7RsH27yrllPu5ysElKfHLMxyMI56UgQDA5j4Gm1JEFT32Ocy0Xa21DxvAPNn6_V-CpDEj55AKBDNyWBfW_x8KgfaDsM0n82otfqvmlU=s4800-w800,https://map.naver.com/p/entry/place/1339665176,마강욱이 검사로 근무하는 서울지검 외관으로 촬영된 경희대학교 법학전문대학원,https://haechi-travel.tistory.com/789,2026-07-30,,10,,,Lee Min-soo,https://image.tmdb.org/t/p/w500/zyK5BHhUl9NtAUFaKOpgCQWW9My.jpg,오싹한연애,3,2,57,42.9,8,N,,,Y,언급2회이상_작품내상위15,정승길_v4,
st_20781,오징어 게임,Squid Game,drama,이정재;박해수;정호연,선갑도,섬,인천 옹진군 자월면 승봉리 산 240,37.0922404328576,126.07921129863,,https://map.naver.com/p/entry/place/16652043,1화 게임 시작 전 참가자들이 향하는 섬의 전경 장면이 촬영된 곳,https://www.mk.co.kr/news/culture/10070327;https://www.kyeongin.com/article/1568042,2026-07-30,22,,,,황동혁,https://image.tmdb.org/t/p/w500/yACIAqAkSLkX4coHafpyLWAtQjw.jpg,오징어게임,10,74,70,100.0,1,N,,,Y,언급2회이상_작품내상위15,정승길_v4,
st_20779,오징어 게임,Squid Game,drama,이정재;박해수;정호연,백운시장,전통시장,서울 도봉구 삼양로154길 42,37.6557112804272,127.015598103219,https://lh3.googleusercontent.com/place-photos/AG9NLjBYrEzrcp63BlXfjExWaILsOOEPoAK-HlsFP7aH6ub6bkT-fzp_ZMs0wrziHfdNAktWc4qZ5IydDMYzRkyELiuoVQgdBn_m_uz-vOORxzT1qBoSTEgKOABfHnsIK5F0zuj0k31PgEdqSaptDRM=s4800-w800,https://map.naver.com/p/entry/place/1094100292,조상우의 어머니가 운영하는 생선가게 '상우네 생선가게'가 있는 실제 전통시장,https://star.ytn.co.kr/_sn/0117_202110141538101680;http://www.newspim.com/news/view/20211221000533;http://www.jeonmae.co.kr/news/articleView.html?idxno=860648,2026-07-30,22,,,,황동혁,https://image.tmdb.org/t/p/w500/yACIAqAkSLkX4coHafpyLWAtQjw.jpg,오징어게임,6,22,70,60.0,2,N,,,Y,언급2회이상_작품내상위15,정승길_v4,
st_13178,오징어게임,Squid Game,drama,이정재;박해수,팔도건어물,명소,서울 도봉구 삼양로154길 36,37.655563,127.015268,https://lh3.googleusercontent.com/place-photos/AG9NLjD-AsUSRYw12tq0k6MPx2Vt_jqB9F25W9JRfGrgnCP_-TXA4pEvqvVkD9UJct7OgJmFdd96VckuqK68WUN_raR1BNRRuDkKLcUDA_-bTw384MUxiG9aN2YoE4ZS0LGRHbyAJj4l4e1E5a5GERo=s4800-w800,https://map.naver.com/p/entry/place/1598580383,상우 어머니가 운영하던 생선 가게,https://kdramamap.com/location/%ec%98%a4%ec%a7%95%ec%96%b4%ea%b2%8c%ec%9e%84-%ed%8c%94%eb%8f%84%ea%b1%b4%ec%96%b4%eb%ac%bc-1883/,2026-07-28,22,,,,황동혁,https://image.tmdb.org/t/p/w500/yACIAqAkSLkX4coHafpyLWAtQjw.jpg,오징어게임,4,8,70,40.0,3,N,,,Y,언급2회이상_작품내상위15,정승길_v4,
st_20776,오징어 게임,Squid Game,drama,이정재;박해수;정호연,CU 쌍문우이천점,편의점,서울 도봉구 우이천로39길 11,37.64976952734834,127.02005132556158,https://lh3.googleusercontent.com/place-photos/AG9NLjBXRKlYqNimS67WAz9cTeMmPH_CEW4n_-jGnRShSgvbEt_Z7QLs14MWhKZg0R_qY4K1ksxXIomeuB-jaux9nrfs20KVvwyh2wU_4z35MGc67tqZ57XyzNgy8M2swNTqQXc6AemlF03n2yeO=s4800-w800,https://map.naver.com/p/entry/place/88142583,2화에서 성기훈이 편의점 앞 의자에서 오일남과 소주를 마시며 대화하는 장면,https://korean.visitseoul.net/hallyu/%E2%80%98%EC%98%A4%EC%A7%95%EC%96%B4-%EA%B2%8C%EC%9E%84%E2%80%99-%EC%86%8D-%EB%93%B1%EC%9E%A5%ED%95%9C-%EC%84%9C%EC%9A%B8/KON039403;https://www.mk.co.kr/news/culture/10070327;https://star.ytn.co.kr/_sn/0117_202110141538101680,2026-07-30,22,,,,황동혁,https://image.tmdb.org/t/p/w500/yACIAqAkSLkX4coHafpyLWAtQjw.jpg,오징어게임,3,10,70,30.0,4,N,,,Y,언급2회이상_작품내상위15,정승길_v4,
st_13181,오징어게임,Squid Game,drama,이정재;박해수,도봉중앙교회,교회,서울 도봉구 우이천로48길 9,37.655942,127.016266,,,1-2화에서 조상우의 어머니(박혜진)는 '쌍문의 자존심'인 성공한 아들의 사진을 자랑스럽게 걸어둔  '상우의 생선가게'라는 생선가게를 이 시장에서 운영하고 있다.,https://kdramamap.com/location/%ec%98%a4%ec%a7%95%ec%96%b4%ea%b2%8c%ec%9e%84-%eb%8f%84%eb%b4%89%ec%a4%91%ec%95%99%ea%b5%90%ed%9a%8c-1886/,2026-07-28,22,,,,황동혁,https://image.tmdb.org/t/p/w500/yACIAqAkSLkX4coHafpyLWAtQjw.jpg,오징어게임,2,6,70,20.0,5,N,,,Y,언급2회이상_작품내상위15,정승길_v4,
st_20774,오징어 게임,Squid Game,drama,이정재;박해수;정호연,양재시민의숲역(신분당선 강남방면 승강장),지하철역,서울 서초구 매헌로 116,37.4701332061395,127.038471341381,https://lh3.googleusercontent.com/place-photos/AG9NLjCmBhgXY6XHaM8WkYIeRTMc3TEHqkb1c7SrP283of2d56xc5XPkElNL5s-pHcERP9XhErk__5zFwKO1a7Mhae7dyHK7T7w8z8M4rNqdqm11oPuNtbVbdDnPD7QnbrJ9-_ILRM9ppwKM9ISXnA=s4800-w800,,1화에서 성기훈이 공유가 연기한 남자와 지하철 승강장에서 딱지치기를 하는 장면,https://korean.visitseoul.net/hallyu/%E2%80%98%EC%98%A4%EC%A7%95%EC%96%B4-%EA%B2%8C%EC%9E%84%E2%80%99-%EC%86%8D-%EB%93%B1%EC%9E%A5%ED%95%9C-%EC%84%9C%EC%9A%B8/KON039403;https://opengov.seoul.go.kr/mediahub/24091164;https://star.ytn.co.kr/_sn/0117_202110141538101680,2026-07-30,22,,,,황동혁,https://image.tmdb.org/t/p/w500/yACIAqAkSLkX4coHafpyLWAtQjw.jpg,오징어게임,2,4,70,20.0,6,N,,,Y,언급2회이상_작품내상위15,정승길_v4,
st_13216,오징어게임2,Squid Game Season 2,drama,이정재;이병헌;위하준;임시완,탑골공원,공원,서울 종로구 종로 99,37.570613,126.988059,https://lh3.googleusercontent.com/place-photos/AG9NLjBN8VeC4BLnuK2oOh748k5dUtGQCFSdGRFjDrPQFmqWV6MJCAuh7sY31TUcWMSbLdpfIj5DB79DC_rzRIYZ7q8olmkcmdEIG-2Bx75V7lDSQU9qld-RgTqZ4p4ZLEbLMQwyKsbmXINOKEB_KYo=s4800-w800,https://map.naver.com/p/entry/place/1633146093,공유가 단팥빵과 복권을 사서 향하는 장소로 종로 탑골공원이 등장한다.,https://kdramamap.com/location/%ec%98%a4%ec%a7%95%ec%96%b4%ea%b2%8c%ec%9e%842-%ed%83%91%ea%b3%a8%ea%b3%b5%ec%9b%90-10414/,2026-07-28,91,,,,황동혁,https://image.tmdb.org/t/p/w500/yACIAqAkSLkX4coHafpyLWAtQjw.jpg,오징어게임2,15,95,52,100.0,1,N,,,Y,언급2회이상_작품내상위15,정승길_v4,
st_13218,오징어게임2,Squid Game Season 2,drama,이정재;이병헌;위하준;임시완,종로구,,서울 종로구 대학로 57,37.576559,127.001450,https://lh3.googleusercontent.com/place-photos/AG9NLjBtbLi1vVHCGG53Po0dtQVSJEcr2h36fVQOKCgOPOo9-MxBFVZwO-7bQyNZYWCpnd7zVnJaPelNY1es0CWa3tXt3JzNIpOf5W6xfosGIrNkrlqjDAeg83Q59F0jxYI-gNwtcNtXn0RyWnWCSw=s4800-w800,,대학로 인근 종로 거리가 배경 장면으로 등장하는 촬영지.,https://kdramamap.com/location/%ec%98%a4%ec%a7%95%ec%96%b4%ea%b2%8c%ec%9e%842-%ec%a2%85%eb%a1%9c%ea%b5%ac-10416/,2026-07-28,91,,,,황동혁,https://image.tmdb.org/t/p/w500/yACIAqAkSLkX4coHafpyLWAtQjw.jpg,오징어게임2,12,30,52,80.0,2,N,,,Y,언급2회이상_작품내상위15,정승길_v4,
st_13232,오징어게임2,Squid Game Season 2,drama,이정재;이병헌;위하준;임시완,카프리모텔,,경기 구리시 체육관로172번길 15,37.600007,127.136957,https://lh3.googleusercontent.com/place-photos/AG9NLjAZi3jUKeJTtlUrjpmCJRrI145bdgnbmW31_zAUO_4Gm15JLw2hg9T0dEVushT_s5U93e9Z_99ofo_ZnN3MNrNMyBA-zKy8wR-JX6hSLx8ga-3d1nrYQ5Ygk-VtSBQsWPyG-n4ClueIiM_ahg=s4800-w800,https://map.naver.com/p/entry/place/11733066,성기훈의 은신처 '핑크모텔'로 등장하는 곳은 구리시 수택동의 카프리모텔이다.,https://kdramamap.com/location/%ec%98%a4%ec%a7%95%ec%96%b4%ea%b2%8c%ec%9e%842-%ec%b9%b4%ed%94%84%eb%a6%ac%eb%aa%a8%ed%85%94-10430/,2026-07-28,91,,,,황동혁,https://image.tmdb.org/t/p/w500/yACIAqAkSLkX4coHafpyLWAtQjw.jpg,오징어게임2,9,21,52,60.0,3,N,,,Y,언급2회이상_작품내상위15,정승길_v4,
st_13233,오징어게임2,Squid Game Season 2,drama,이정재;이병헌;위하준;임시완,서울랜드,테마파크,경기 과천시 광명로 181,37.436547,127.024045,https://lh3.googleusercontent.com/place-photos/AG9NLjByUyzvNH9t8si8rs0d88DiEpJ97SZDdd-ACqLpuxI_1Mp-Uvza5VevpgGXq3N1jgo50nUdtHXoJw3F_3SyBy34UIEj9cbUidJCgOv0pWWd3nbWx2YhSPZIQO3hxH-yZYlFdFknfydYkOji7yAjQv_rNQ=s4800-w800,https://map.naver.com/p/entry/place/11583237,"2회에 등장하는 놀이공원으로, 강노을이 인형탈 아르바이트를 하던 곳인 과천 서울랜드가 촬영지다.",https://kdramamap.com/location/%ec%98%a4%ec%a7%95%ec%96%b4%ea%b2%8c%ec%9e%842-%ec%84%9c%ec%9a%b8%eb%9e%9c%eb%93%9c-10431/,2026-07-28,91,,,,황동혁,https://image.tmdb.org/t/p/w500/yACIAqAkSLkX4coHafpyLWAtQjw.jpg,오징어게임2,9,16,52,60.0,4,N,,,Y,언급2회이상_작품내상위15,정승길_v4,
st_13214,오징어게임2,Squid Game Season 2,drama,이정재;이병헌;위하준;임시완,종각역,역/교통,서울 종로구 종로 지하 55,37.570214,126.983240,https://lh3.googleusercontent.com/place-photos/AG9NLjADuAwtZFSRjy68MEK-vTTgiv8gXLhfWV0RsRJoiHsz7qPTaBNcIawWVPIoKzbAmPh6MHbUdvWrVQI7R_qc3mYw892UZBxHqj3mNi4R1yqaO-aW5WlZWt0R9xWy0ubK3ILTqlsky8twTipV-kEILP51cQ=s4800-w800,https://map.naver.com/p/entry/place/13479323,1화에서 새로운 참가자를 찾는 딱지남(공유)을 발견하는 장면을 종각역에서 촬영했다.,https://kdramamap.com/location/%ec%98%a4%ec%a7%95%ec%96%b4%ea%b2%8c%ec%9e%842-%ec%a2%85%ea%b0%81%ec%97%ad-10412/,2026-07-28,91,,,,황동혁,https://image.tmdb.org/t/p/w500/yACIAqAkSLkX4coHafpyLWAtQjw.jpg,오징어게임2,8,14,52,53.3,5,N,,,Y,언급2회이상_작품내상위15,정승길_v4,
st_13209,오징어게임2,Squid Game Season 2,drama,이정재;이병헌;위하준;임시완,금성루,,서울 중구 충무로2길 25,37.562547,126.994604,https://lh3.googleusercontent.com/place-photos/AG9NLjARfJCESN2nAl5vT4lBSu5FP2gh7wbyhOLp9BFDVaxQ9p991tQUYw9wMLHKjG_nF8iTP-6gJdAeesNqRReNZvjPWYTMVS6FX_UMCY-RijKqq2Z_03jDLX8uoX-0HsdNIZrwgMVhHUzrfeydqg=s4800-w800,https://map.naver.com/p/entry/place/18042185,1화에서 강력계 복귀를 명령받는 황준호의 장면을 충무로 중식당 '금성루'에서 촬영했다.,https://kdramamap.com/location/%ec%98%a4%ec%a7%95%ec%96%b4%ea%b2%8c%ec%9e%842-%ea%b8%88%ec%84%b1%eb%a3%a8-10407/,2026-07-28,91,,,,황동혁,https://image.tmdb.org/t/p/w500/yACIAqAkSLkX4coHafpyLWAtQjw.jpg,오징어게임2,6,18,52,40.0,6,N,,,Y,언급2회이상_작품내상위15,정승길_v4,
st_13210,오징어게임2,Squid Game Season 2,drama,이정재;이병헌;위하준;임시완,충무로,,서울 중구 충무로 51,37.565791,126.992498,https://lh3.googleusercontent.com/place-photos/AG9NLjBf8458A83cULes-PIdmvA68eXlSxIJCHYVQAAEffp0UIXBod4gzeyTYWd30fh_LIRyoCKX8kKoDDm1-JWsmTBWOTMjRV4mzBSoCJ7kU09jg_9ZeAsjObo9wz1mmhKQ_LDA-XteHSnwItmtPA=s4800-w800,https://map.naver.com/p/entry/place/2034304765,교통경찰 황준호가 스티커를 발부하던 충무로 대림상가 우체국 앞 거리가 배경으로 등장한다.,https://kdramamap.com/location/%ec%98%a4%ec%a7%95%ec%96%b4%ea%b2%8c%ec%9e%842-%ec%b6%a9%eb%ac%b4%eb%a1%9c-10408/,2026-07-28,91,,,,황동혁,https://image.tmdb.org/t/p/w500/yACIAqAkSLkX4coHafpyLWAtQjw.jpg,오징어게임2,5,19,52,33.3,7,N,,,Y,언급2회이상_작품내상위15,정승길_v4,
st_13219,오징어게임2,Squid Game Season 2,drama,이정재;이병헌;위하준;임시완,필운대로,,서울 종로구 필운대로 35-1,37.579125,126.968652,https://lh3.googleusercontent.com/place-photos/AG9NLjDhNdd0XajyeJQpNfImU29xGI7w5bOXADg5DwiluFkU8auxyLQ_O12-xvc5z3J8Wlt9YA9aYe4byN2kmptslyrFklhD7Qxzt3AjwCAcCElAymlGM1ixQXrkOLrXPUPuSR8Q8I2DTo2jzluviQ=s4800-w800,,1화에서 준호가 오토바이 커플을 단속하는 장면을 필운대로의 일식당 '스시누하' 앞에서 촬영했다.,https://kdramamap.com/location/%ec%98%a4%ec%a7%95%ec%96%b4%ea%b2%8c%ec%9e%842-%ed%95%84%ec%9a%b4%eb%8c%80%eb%a1%9c-10417/,2026-07-28,91,,,,황동혁,https://image.tmdb.org/t/p/w500/yACIAqAkSLkX4coHafpyLWAtQjw.jpg,오징어게임2,4,8,52,26.7,8,N,,,Y,언급2회이상_작품내상위15,정승길_v4,
st_13231,오징어게임2,Squid Game Season 2,drama,이정재;이병헌;위하준;임시완,인천공항,공항,인천 영종구 공항로 272,37.458351,126.427700,,,기훈이 인천공항 도착 후 전화를 걸고 급히 택시를 타고 서울로 향하는 1화 장면을 촬영한 곳이다.,https://kdramamap.com/location/%ec%98%a4%ec%a7%95%ec%96%b4%ea%b2%8c%ec%9e%842-%ec%9d%b8%ec%b2%9c%ea%b3%b5%ed%95%ad-10429/,2026-07-28,91,,,,황동혁,https://image.tmdb.org/t/p/w500/yACIAqAkSLkX4coHafpyLWAtQjw.jpg,오징어게임2,4,6,52,26.7,9,N,,,Y,언급2회이상_작품내상위15,정승길_v4,
st_13220,오징어게임2,Squid Game Season 2,drama,이정재;이병헌;위하준;임시완,옥인파출소,,서울 종로구 자하문로17길 24,37.581473,126.969426,https://lh3.googleusercontent.com/place-photos/AG9NLjCK36j5-SI_qH2YR362RF0h5_4IBayHzfKWWj-7kZhmEHbIVcpdgdE7WGn65hZLw_C7rBGb8cESptYlKGcEflxmgckCjrgazyXZYYowdeKGnn9H7cvBhdXkvrDddA9vTwxaY74koySMzrZwmQ=s4800-w800,https://map.naver.com/p/entry/place/37468408,황준호가 극 초반 교통경찰로 근무하는 파출소로 종로구 옥인파출소가 등장한다.,https://kdramamap.com/location/%ec%98%a4%ec%a7%95%ec%96%b4%ea%b2%8c%ec%9e%842-%ec%98%a5%ec%9d%b8%ed%8c%8c%ec%b6%9c%ec%86%8c-10418/,2026-07-28,91,,,,황동혁,https://image.tmdb.org/t/p/w500/yACIAqAkSLkX4coHafpyLWAtQjw.jpg,오징어게임2,4,5,52,26.7,10,N,,,Y,언급2회이상_작품내상위15,정승길_v4,
st_13211,오징어게임2,Squid Game Season 2,drama,이정재;이병헌;위하준;임시완,을지로,,서울 중구 을지로 156,37.566326,126.995242,https://lh3.googleusercontent.com/place-photos/AG9NLjAoxQ85lpMdN6xqYG2zFMgrHs7P-E-39i-VYRLXv-DMxh2vGZgv1JkJhb3Ooa_CnpC7H7Glb8W7noZVaVUzJOdUgFTIJw-sgA0-SsJjP79CwVx1pX_-byfviHez0INrmSFOkpJecqaL7Kz1cuU=s4800-w800,,을지로20길 보도육교 일대가 1화 배경 장면으로 촬영되었다.,https://kdramamap.com/location/%ec%98%a4%ec%a7%95%ec%96%b4%ea%b2%8c%ec%9e%842-%ec%9d%84%ec%a7%80%eb%a1%9c-10409/,2026-07-28,91,,,,황동혁,https://image.tmdb.org/t/p/w500/yACIAqAkSLkX4coHafpyLWAtQjw.jpg,오징어게임2,4,5,52,26.7,11,N,,,Y,언급2회이상_작품내상위15,정승길_v4,
st_13238,오징어게임2,Squid Game Season 2,drama,이정재;이병헌;위하준;임시완,다대다포항,항구/방파제,경남 거제시 남부면 다포리 214-3,34.730371,128.623741,https://lh3.googleusercontent.com/place-photos/AG9NLjA3TOGciF4FdmyTJ_xHRVT4TLckBsscVqlm7GNSVVUe2fYe2LAaV35jdUou1htQphSw1zSNYhEnnKI4VYHuuRW1bH5RLvagoqyvUtnGMCAizFhLbod2BtrUopAcJMDwcN-ibz8bivoPgc80Co5peZTx=s4800-w800,https://map.naver.com/p/entry/place/32812401,준호가 캐피탈 직원과 함께 001섬으로 위장 잠입하기 위해 배를 타고 출항하는 장면을 거제 다대다포항에서 촬영했다.,https://kdramamap.com/location/%ec%98%a4%ec%a7%95%ec%96%b4%ea%b2%8c%ec%9e%842-%eb%8b%a4%eb%8c%80%eb%8b%a4%ed%8f%ac%ed%95%ad-10436/,2026-07-28,91,,,,황동혁,https://image.tmdb.org/t/p/w500/yACIAqAkSLkX4coHafpyLWAtQjw.jpg,오징어게임2,3,6,52,20.0,12,N,,,Y,언급2회이상_작품내상위15,정승길_v4,
st_13197,오징어게임2,Squid Game Season 2,drama,이정재;이병헌;위하준;임시완,서강대교,다리,서울 영등포구 여의도동 83-1,37.535855,126.924794,https://lh3.googleusercontent.com/place-photos/AG9NLjBW7e2nL7q0AWZAzrRj369HKqacbnp6q2ybze8s2c2GUwdaonLSl-_hQHqSmoieAxLbZwGKf0i0JwQgmWLT9AYFJ5OYLk_t3UyYIoeo3Om6bwHLkIMgonerx-UBdeDuP5Ov206fBmod1Aw54Q=s4800-w800,https://map.naver.com/p/entry/place/18999808,한강을 가로지르는 다리 장면의 배경으로 등장하는 서강대교.,https://kdramamap.com/location/%ec%98%a4%ec%a7%95%ec%96%b4%ea%b2%8c%ec%9e%842-%ec%84%9c%ea%b0%95%eb%8c%80%ea%b5%90-10395/,2026-07-28,91,,,,황동혁,https://image.tmdb.org/t/p/w500/yACIAqAkSLkX4coHafpyLWAtQjw.jpg,오징어게임2,3,6,52,20.0,13,N,,,Y,언급2회이상_작품내상위15,정승길_v4,
st_13215,오징어게임2,Squid Game Season 2,drama,이정재;이병헌;위하준;임시완,뚜레쥬르 종로점,,서울 종로구 종로 62,37.569934,126.984287,,,1화에서 공유가 단팥빵을 사는 장면을 뚜레쥬르 종로점에서 촬영했다.,https://kdramamap.com/location/%ec%98%a4%ec%a7%95%ec%96%b4%ea%b2%8c%ec%9e%842-%eb%9a%9c%eb%a0%88%ec%a5%ac%eb%a5%b4-%ec%a2%85%eb%a1%9c%ec%a0%90-10413/,2026-07-28,91,,,,황동혁,https://image.tmdb.org/t/p/w500/yACIAqAkSLkX4coHafpyLWAtQjw.jpg,오징어게임2,3,4,52,20.0,14,N,,,Y,언급2회이상_작품내상위15,정승길_v4,
st_13212,오징어게임2,Squid Game Season 2,drama,이정재;이병헌;위하준;임시완,약수역,역/교통,서울 중구 다산로 지하 122,37.554560,127.010823,,https://map.naver.com/p/entry/place/18704405,성기훈이 딱지남(공유)을 찾아 여러 지하철역을 헤매는 장면에 약수역이 등장한다.,https://kdramamap.com/location/%ec%98%a4%ec%a7%95%ec%96%b4%ea%b2%8c%ec%9e%842-%ec%95%bd%ec%88%98%ec%97%ad-10410/,2026-07-28,91,,,,황동혁,https://image.tmdb.org/t/p/w500/yACIAqAkSLkX4coHafpyLWAtQjw.jpg,오징어게임2,3,3,52,20.0,15,N,,,Y,언급2회이상_작품내상위15,정승길_v4,
st_13242,오징어게임3,Squid Game Season 3,drama,이정재;이병헌;임시완;강하늘,서울랜드,테마파크,경기 과천시 광명로 181,37.436547,127.024045,https://lh3.googleusercontent.com/place-photos/AG9NLjByUyzvNH9t8si8rs0d88DiEpJ97SZDdd-ACqLpuxI_1Mp-Uvza5VevpgGXq3N1jgo50nUdtHXoJw3F_3SyBy34UIEj9cbUidJCgOv0pWWd3nbWx2YhSPZIQO3hxH-yZYlFdFknfydYkOji7yAjQv_rNQ=s4800-w800,https://map.naver.com/p/entry/place/11583237,6화 에필로그에서 박경석이 놀이공원 화가로 일하는 모습을 비추는 곳.,https://kdramamap.com/location/%ec%98%a4%ec%a7%95%ec%96%b4%ea%b2%8c%ec%9e%843-%ec%84%9c%ec%9a%b8%eb%9e%9c%eb%93%9c-14560/,2026-07-28,77,,,,황동혁,https://image.tmdb.org/t/p/w500/yACIAqAkSLkX4coHafpyLWAtQjw.jpg,오징어게임3,6,7,34,100.0,1,N,,,Y,언급2회이상_작품내상위15,정승길_v4,
st_13241,오징어게임3,Squid Game Season 3,drama,이정재;이병헌;임시완;강하늘,카프리모텔,,경기 구리시 체육관로172번길 15,37.600007,127.136957,https://lh3.googleusercontent.com/place-photos/AG9NLjAZi3jUKeJTtlUrjpmCJRrI145bdgnbmW31_zAUO_4Gm15JLw2hg9T0dEVushT_s5U93e9Z_99ofo_ZnN3MNrNMyBA-zKy8wR-JX6hSLx8ga-3d1nrYQ5Ygk-VtSBQsWPyG-n4ClueIiM_ahg=s4800-w800,https://map.naver.com/p/entry/place/11733066,기훈이 은신하며 '딱지남'을 쫓던 아지트 핑크모텔 골목으로 나온다.,https://kdramamap.com/location/%ec%98%a4%ec%a7%95%ec%96%b4%ea%b2%8c%ec%9e%843-%ec%b9%b4%ed%94%84%eb%a6%ac%eb%aa%a8%ed%85%94-14559/,2026-07-28,77,,,,황동혁,https://image.tmdb.org/t/p/w500/yACIAqAkSLkX4coHafpyLWAtQjw.jpg,오징어게임3,5,5,34,83.3,2,N,,,Y,언급2회이상_작품내상위15,정승길_v4,
st_13246,오징어게임3,Squid Game Season 3,drama,이정재;이병헌;임시완;강하늘,다포항,항구/방파제,경남 거제시 남부면 다포리 214-3,34.730371,128.623741,https://lh3.googleusercontent.com/place-photos/AG9NLjA3TOGciF4FdmyTJ_xHRVT4TLckBsscVqlm7GNSVVUe2fYe2LAaV35jdUou1htQphSw1zSNYhEnnKI4VYHuuRW1bH5RLvagoqyvUtnGMCAizFhLbod2BtrUopAcJMDwcN-ibz8bivoPgc80Co5peZTx=s4800-w800,https://map.naver.com/p/entry/place/15849017,1화에서 박선장이 프론트맨과 은밀히 접선하며 게임 섬을 수색하던 선착장으로 등장.,https://kdramamap.com/location/%ec%98%a4%ec%a7%95%ec%96%b4%ea%b2%8c%ec%9e%843-%eb%8b%a4%ed%8f%ac%ed%95%ad-14564/,2026-07-28,77,,,,황동혁,https://image.tmdb.org/t/p/w500/yACIAqAkSLkX4coHafpyLWAtQjw.jpg,오징어게임3,2,2,34,33.3,3,N,,,Y,언급2회이상_작품내상위15,정승길_v4,
mv_0390_01,왕의 남자,King and the Clown,movie,감우성;이준기;유해진;정진영;강성연,부안영상테마파크,오픈세트장,전북특별자치도 부안군 변산면 격포로 309-64,35.621806984022164,126.48538296785699,https://lh3.googleusercontent.com/place-photos/AG9NLjBUVgtKqiPVy8vxY4OJfbIKaxTg71OWE8lBJxc9LIeh-OtWW7lGzqF-_-AW3K6XaN9aOVbpvj7S_PuW5nyPC1T-6Et_hqsigbVdfEgEvB4BjEUm5Ui6KCTdgYBPsNanwsMOqeSgzadzm7JIXg=s4800-w800,https://map.naver.com/p/entry/place/1096343920,"연산군과 장녹수의 처소, 광대들의 궁중 잔치, 장생과 공길의 마지막 외줄타기 장면이 이곳 궁궐 세트에서 촬영됐다",https://blog.naver.com/gpal5062/224285100079,2026-07-30,,,10489308,대종상 최우수작품상(2006),이준익,https://image.tmdb.org/t/p/w500/9oucBWXrvBEelzUjPQheImlb8D1.jpg,왕의남자,6,15,62,100.0,1,N,,,Y,언급2회이상_작품내상위15,정승길_v4,
mv_0390_03,왕의 남자,King and the Clown,movie,감우성;이준기;유해진;정진영;강성연,고창읍성,사적/읍성,전북특별자치도 고창군 고창읍 읍내리 산 9,35.4297310502044,126.704868949804,https://lh3.googleusercontent.com/place-photos/AG9NLjBvLhDhf7fZtJOP--lU8fM-oXl_N7oPl-G2U_R79X7FINCGQAg_Z5AjOaR2kL38NKKNTeYIzG2PmLWz3uEmMqHovORexx0BmaTmctMlHoYxP3fmpbcfI8-Itn_IGezE3e3KJNKQvWKp9PUv2g=s4800-w800,https://map.naver.com/p/entry/place/13177095,연산군과 중신들이 짐승 분장을 한 광대들을 상대로 모의 사냥을 벌이는 대숲 장면이 촬영됐다,https://blog.naver.com/iknowiknow/40023632050,2026-07-30,,,10489308,대종상 최우수작품상(2006),이준익,https://image.tmdb.org/t/p/w500/9oucBWXrvBEelzUjPQheImlb8D1.jpg,왕의남자,1,5,62,16.7,2,N,,,Y,언급부족_데이터품질기준보존,정승길_v4,
mv_0390_05,왕의 남자,King and the Clown,movie,감우성;이준기;유해진;정진영;강성연,설매재자연휴양림,자연휴양림,경기 양평군 옥천면 용천로 510,37.5562805282585,127.512471009028,https://lh3.googleusercontent.com/place-photos/AG9NLjA0CimjZL8ooZoXQvwA5-PZG7PyNSTunI4j_YAg9JyzdHmsZoJ6zZEi9Txf7zVD0F8h8zq_YomY9hCiWsVE9FtZy-XfnILyTyuDD3QNlMnzPWSZp0qUcxV2CrzdWm8qLDagGqVKY3Be45DPeA=s4800-w800,https://map.naver.com/p/entry/place/11491027,"장생과 공길이 산을 내달리는 장면, 소경놀이 장면, 영화 마지막 길놀이 장면이 인근 유명산·대부산 능선에서 촬영됐다",https://blog.naver.com/iknowiknow/40023632050,2026-07-30,,,10489308,대종상 최우수작품상(2006),이준익,https://image.tmdb.org/t/p/w500/9oucBWXrvBEelzUjPQheImlb8D1.jpg,왕의남자,0,0,62,0.0,4,N,,,Y,언급부족_데이터품질기준보존,정승길_v4,
st_14040,월간남친,,drama,서인국,보롬왓,,제주 서귀포시 표선면 번영로 2350-104,33.413496,126.752495,https://lh3.googleusercontent.com/place-photos/AG9NLjCV3Xv-3sTySWCXmrLtI5OSZg65XJtnWSgGDs7SBE6ShsQVaIDeAKdQhdJIgEcoRUBgxrjYRJZw4DsFOu5QxQJRKc4hiIu7Ky0nFyQPGz70puDo2NwhrFWL7W7E8C4f2LvJXZ43QjCqF48Nzg=s4800-w800,https://map.naver.com/p/entry/place/38780397,8화에서 가상 남친과 마지막 데이트를 하는 장면,https://kdramamap.com/location/%ec%9b%94%ea%b0%84%eb%82%a8%ec%b9%9c-%eb%b3%b4%eb%a1%ac%ec%99%93-18171/,2026-07-28,81,6,,,김정식,https://image.tmdb.org/t/p/w500/hqIXo0s2gof6UxWDWeiP4d3rMr0.jpg,월간남친,11,129,37,100.0,1,N,,,Y,언급2회이상_작품내상위15,정승길_v4,
st_13950,월간남친,,drama,서인국,이노시뮬레이션,,서울 강서구 마곡중앙8로7길 5,37.561499,126.838065,https://lh3.googleusercontent.com/place-photos/AG9NLjB1B0ril3H-6uySlTSQSOhXpPoOOq_dgRkvJ5LyL15q7w9Qg2hMgETw8-Ers3zbynibQMXbLVzcpFNlRV75IuSUVHtnpemiqBWbOHbktVIXgamBW5VjRRyZIeYcDlDjj_QS1JmAmWSvQgAq8ss=s4800-w499,https://map.naver.com/p/entry/place/1215882268,1화에서 서미래와 박경남이 함께 근무하는 웹툰회사 네모 사무실 장면,https://kdramamap.com/location/%ec%9b%94%ea%b0%84%eb%82%a8%ec%b9%9c-%ec%9d%b4%eb%85%b8%ec%8b%9c%eb%ae%ac%eb%a0%88%ec%9d%b4%ec%85%98-18081/,2026-07-28,81,6,,,김정식,https://image.tmdb.org/t/p/w500/hqIXo0s2gof6UxWDWeiP4d3rMr0.jpg,월간남친,8,14,37,72.7,2,N,,,Y,언급2회이상_작품내상위15,정승길_v4,
st_14032,월간남친,,drama,서인국,그랜드 하얏트 제주,,제주 제주시 노연로 12,33.485262,126.481459,https://lh3.googleusercontent.com/place-photos/AG9NLjD6wibDOiFGBjlPYLRb-lwvfU-aJPdAhhqd9r7xlD27fMdoer61oPHP_ZvHSqLl6svf9ZNjECyhW8I780zPdyUXjHZDmEPdqQcMD6GgPWt8F_VNYMoHJbJqCDEYLncURhLruUmG9im1Jhp8jOQ=s4800-w800,https://map.naver.com/p/entry/place/1919264399,2화에서 서미래가 최시우를 만나는 호텔 일식당 장면,https://kdramamap.com/location/%ec%9b%94%ea%b0%84%eb%82%a8%ec%b9%9c-%ea%b7%b8%eb%9e%9c%eb%93%9c-%ed%95%98%ec%96%8f%ed%8a%b8-%ec%a0%9c%ec%a3%bc-18163/,2026-07-28,81,6,,,김정식,https://image.tmdb.org/t/p/w500/hqIXo0s2gof6UxWDWeiP4d3rMr0.jpg,월간남친,7,47,37,63.6,3,N,,,Y,언급2회이상_작품내상위15,정승길_v4,
st_14022,월간남친,,drama,서인국,별마로천문대,,강원 영월군 영월읍 영흥리 154-3,37.198309,128.486859,https://lh3.googleusercontent.com/place-photos/AG9NLjB8VYaKMOdTAQfhny-DerBxtKhMoXzUDTemlRZdRcqVeqg6F_YatXZUen3VBprod6ekfY01t9Ikii2qHTGqkWABgeFrQPbnc8XHt5oapM8ce3b6DQ8oB0-Nk7GyNJso35NuCmTyffGzSnOfNg=s4800-w800,https://map.naver.com/p/entry/place/11840286,3화에서 검도 동아리 MT로 갔다가 일출을 보며 데이트하는 장면,https://kdramamap.com/location/%ec%9b%94%ea%b0%84%eb%82%a8%ec%b9%9c-%eb%b3%84%eb%a7%88%eb%a1%9c%ec%b2%9c%eb%ac%b8%eb%8c%80-18153/,2026-07-28,81,6,,,김정식,https://image.tmdb.org/t/p/w500/hqIXo0s2gof6UxWDWeiP4d3rMr0.jpg,월간남친,7,25,37,63.6,4,N,,,Y,언급2회이상_작품내상위15,정승길_v4,
st_13989,월간남친,Boyfriend on Demand,drama,서인국,삼육대학교,학교,서울 노원구 화랑로 815,37.643357,127.108850,https://lh3.googleusercontent.com/place-photos/AG9NLjCNhWny8FxvPtQwpyA5JR08ogX53ZVADLQF8C9KkzmxpMLXqUj6B_clTo2GKw3KBVjIPtA_PeLIhmYnwYTFkmlrRfZpsgJHAdFsSwtJaTUOl40qiSqX49s3E6wBWsAAuBSBAD1YG9oC-VJzx8YI95Y_XQ=s4800-w800,https://map.naver.com/p/entry/place/11591563,2화 가상현실 속에서 서미래가 서은호를 만나는 한새대 캠퍼스 벚꽃 장면,https://kdramamap.com/location/%ec%9b%94%ea%b0%84%eb%82%a8%ec%b9%9c-%ec%82%bc%ec%9c%a1%eb%8c%80%ed%95%99%ea%b5%90-18120/;https://www.syu.ac.kr/blog/;https://blog.naver.com/hucook/224215129884;https://www.youtube.com/watch?v=XZwLTGmCoiU,2026-07-28,81,6,,,김정식,https://image.tmdb.org/t/p/w500/hqIXo0s2gof6UxWDWeiP4d3rMr0.jpg,월간남친,7,19,37,63.6,5,N,,,Y,언급2회이상_작품내상위15,정승길_v4,
st_13978,월간남친,,drama,서인국,만리재 비스트로,,서울 중구 만리재로 201,37.555607,126.967833,https://lh3.googleusercontent.com/place-photos/AG9NLjD1IqcWtreqnlI9yUBSy4BXxifpgZdeINGbR6PSHXFtWPPbf7BZmmexYfRwNrgp4jVw_pis-m2RY_TzxcamECHiYRI5p9WP2k0ApFM4n1hZSXYfR-RhDfUb0Qisn27OHmZo84oy63_N4Yw6qA=s4800-w800,https://map.naver.com/p/entry/place/1044477499,3화에서 웹툰회사 네모 직원들이 회식하는 장면,https://kdramamap.com/location/%ec%9b%94%ea%b0%84%eb%82%a8%ec%b9%9c-%eb%a7%8c%eb%a6%ac%ec%9e%ac-%eb%b9%84%ec%8a%a4%ed%8a%b8%eb%a1%9c-18109/,2026-07-28,81,6,,,김정식,https://image.tmdb.org/t/p/w500/hqIXo0s2gof6UxWDWeiP4d3rMr0.jpg,월간남친,6,58,37,54.5,6,N,,,Y,언급2회이상_작품내상위15,정승길_v4,
st_13949,월간남친,,drama,서인국,마곡중앙6로,,서울 강서구 강서로 391,37.560545,126.838428,,,넷플릭스 월간남친 촬영지 촬영장소 ■ 차돌그릴 마곡 주소 : 서울 강서구 마곡중앙6로 16 지엠지타워 123...,https://kdramamap.com/location/%ec%9b%94%ea%b0%84%eb%82%a8%ec%b9%9c-%eb%a7%88%ea%b3%a1%ec%a4%91%ec%95%996%eb%a1%9c-18080/,2026-07-28,81,6,,,김정식,https://image.tmdb.org/t/p/w500/hqIXo0s2gof6UxWDWeiP4d3rMr0.jpg,월간남친,6,8,37,54.5,7,N,,,Y,언급2회이상_작품내상위15,블로그크롤링_2026-08-01,https://blog.naver.com/location_info/224208153259
st_13947,월간남친,,drama,서인국,차돌그릴 마곡,,서울 강서구 마곡중앙6로 16,37.560402,126.829006,https://lh3.googleusercontent.com/place-photos/AG9NLjArm3nMDhIll8yD-HjVukt6V8beProv-HNOLOwA03M-eVDhBxNt_bUY6kN9ouFlVgH9uLeptuzz_XXg6UIm5LB5aJoNKyDaxfy4RUeQy-82uSYrtRWDm0dHmuRiRevZtqY1AoZ5Dd6HJl8GTZU=s4800-w600,https://map.naver.com/p/entry/place/1629147912,4화에서 웹툰회사 네모 직원들이 회식하는 장면,https://kdramamap.com/location/%ec%9b%94%ea%b0%84%eb%82%a8%ec%b9%9c-%ec%b0%a8%eb%8f%8c%ea%b7%b8%eb%a6%b4-%eb%a7%88%ea%b3%a1-18078/,2026-07-28,81,6,,,김정식,https://image.tmdb.org/t/p/w500/hqIXo0s2gof6UxWDWeiP4d3rMr0.jpg,월간남친,6,6,37,54.5,8,N,,,Y,언급2회이상_작품내상위15,정승길_v4,
st_14013,월간남친,,drama,서인국,놀숲 부천중동점,자연/명소,경기 부천시 원미구 석천로177번길 29,37.503260,126.761381,https://lh3.googleusercontent.com/place-photos/AG9NLjArMrjEsQBK6XiNKYWEcGJVCruHW8nNlun_dBEEGs7wgWMonvH_57-pY4dAYm3iPe7jvYozCx0nL1Y9bJ_f8asBcCyshRG5--BHDjDixIXX5Hs71cYM1imHJ0l1i1s3WOKDYCJBrD-cBJdJF9c=s4800-w800,https://map.naver.com/p/entry/place/1825798706,9화에서 지수와 서인국이 놀숲 부천중동점서 데이트하는 장면,https://kdramamap.com/location/%ec%9b%94%ea%b0%84%eb%82%a8%ec%b9%9c-%eb%86%80%ec%88%b2-%eb%b6%80%ec%b2%9c%ec%a4%91%eb%8f%99%ec%a0%90-18144/,2026-07-28,81,6,,,김정식,https://image.tmdb.org/t/p/w500/hqIXo0s2gof6UxWDWeiP4d3rMr0.jpg,월간남친,5,36,37,45.5,9,N,,,Y,언급2회이상_작품내상위15,정승길_v4,
st_14025,월간남친,,drama,서인국,해운대,,부산 해운대구 해운대해변로298번길 24,35.160202,129.166579,https://lh3.googleusercontent.com/place-photos/AG9NLjB8PL-zOwfEh0wo8U7Ig4dHqOSYF7Jf5jFGX6mRJI340rOBNxfIzdu4yX90JX0rMpulECvN2LYKqxoa2y5bI0BLr86T1PHTEJzCSXSKQI1beFJ__SIsHibDfQhF_w5QYA9XaZiZZKgmMopo2EA=s4800-w800,https://map.naver.com/p/entry/place/13491921,6화에서 가상현실 속 남친의 전화를 받는 장면,https://kdramamap.com/location/%ec%9b%94%ea%b0%84%eb%82%a8%ec%b9%9c-%ed%95%b4%ec%9a%b4%eb%8c%80-18156/,2026-07-28,81,6,,,김정식,https://image.tmdb.org/t/p/w500/hqIXo0s2gof6UxWDWeiP4d3rMr0.jpg,월간남친,5,18,37,45.5,10,N,,,Y,언급2회이상_작품내상위15,정승길_v4,
st_14000,월간남친,,drama,서인국,조선왕가,,경기 연천군 연천읍 현문로 339-10,38.063551,127.101477,https://lh3.googleusercontent.com/place-photos/AG9NLjDIn8kgb_0ttoTo7LDL-Hw6se03_eH5bP2seo1c7ptcGAbTEM4v4PSklsM34yXeffHjDjRZrtXrsIR9MLBStSntlMMxL70lAP9proWE6qCy7g_84H2dcgHvOt5VhUQN_59t5LzLJCRzIUTrtg=s4800-w800,https://map.naver.com/p/entry/place/1759788784,5화에서 웹툰회사 네모의 워크샵이 열리는 한옥 숙소 장면,https://kdramamap.com/location/%ec%9b%94%ea%b0%84%eb%82%a8%ec%b9%9c-%ec%a1%b0%ec%84%a0%ec%99%95%ea%b0%80-18131/,2026-07-28,81,6,,,김정식,https://image.tmdb.org/t/p/w500/hqIXo0s2gof6UxWDWeiP4d3rMr0.jpg,월간남친,5,15,37,45.5,11,N,,,Y,언급2회이상_작품내상위15,정승길_v4,
st_13999,월간남친,Boyfriend on Demand,drama,서인국,송도 센트럴파크,공원,인천 연수구 송도동 24-5,37.392205,126.640702,https://lh3.googleusercontent.com/place-photos/AG9NLjBAICtWCy4pySYdeoOn5wloIkSq1X0Imna4VTmSiT8n1zD9ENrJucfstBeD2bi5BJJKQHG2gDeU35_lFA-81-Zu6BzMxUpv-G2UwPeByOS5MQWPjS-7y83-7x3p57_6Ka2d0sodBsGCG7o-8yI=s4800-w800,https://map.naver.com/p/entry/place/20118926,10화 드라마 엔딩부에 해피엔딩이 그려지는 장면,https://kdramamap.com/location/%ec%9b%94%ea%b0%84%eb%82%a8%ec%b9%9c-%ec%86%a1%eb%8f%84-%ec%84%bc%ed%8a%b8%eb%9f%b4%ed%8c%8c%ed%81%ac-18130/;https://bkbrokr.com/665,2026-07-28,81,6,,,김정식,https://image.tmdb.org/t/p/w500/hqIXo0s2gof6UxWDWeiP4d3rMr0.jpg,월간남친,5,11,37,45.5,12,N,,,Y,언급2회이상_작품내상위15,정승길_v4,
st_14028,월간남친,Boyfriend on Demand,drama,서인국,누리마루 APEC 하우스,전시/회의시설,부산 해운대구 동백로 116,35.152342,129.151362,https://lh3.googleusercontent.com/place-photos/AG9NLjDTRD5PNWTfPBL7PWQEk-Y7dvrYUJBB9D9HJpfDnRLPto1m006dM5V08VcVM-53iQUK2QuhJWV03yJMD-_cis_4lCtFORAtns24oiZ7-loEGCoSM9FMBcHhEaxmjtdflWJPlfcBd1m-phjOnM7XQjYD6Q=s4800-w800,https://map.naver.com/p/entry/place/13129139,6화에서 부산 코믹스 페스티벌이 누리마루에서 열리는 장면,https://kdramamap.com/location/%ec%9b%94%ea%b0%84%eb%82%a8%ec%b9%9c-%eb%88%84%eb%a6%ac%eb%a7%88%eb%a3%a8-apec-%ed%95%98%ec%9a%b0%ec%8a%a4-18159/;https://bkbrokr.com/665,2026-07-28,81,6,,,김정식,https://image.tmdb.org/t/p/w500/hqIXo0s2gof6UxWDWeiP4d3rMr0.jpg,월간남친,5,7,37,45.5,13,N,,,Y,언급2회이상_작품내상위15,정승길_v4,
st_14036,월간남친,Boyfriend on Demand,drama,서인국,김녕해수욕장,해변,제주 제주시 구좌읍 해맞이해안로 7-6,33.557107,126.759839,https://lh3.googleusercontent.com/place-photos/AG9NLjA0wtXgoY0E3-Jh74RyJYJh12_VSJDcSEZwxWjPW3FRX44HsTeWIqyMw69K4IBO5UxZKH59zZjwznpulle5T1vNGSVhiH8d8Mc1LEObHwZ9uYfpLP9c_ards1VMDQtGSCErSX8gpfGyIoznpmktRBl2cA=s4800-w800,https://map.naver.com/p/entry/place/13491485,4화에서 가상현실 속 남친을 김녕해수욕장서 만나는 장면,https://kdramamap.com/location/%ec%9b%94%ea%b0%84%eb%82%a8%ec%b9%9c-%ea%b9%80%eb%85%95%ed%95%b4%ec%88%98%ec%9a%95%ec%9e%a5-18167/;https://bkbrokr.com/665,2026-07-28,81,6,,,김정식,https://image.tmdb.org/t/p/w500/hqIXo0s2gof6UxWDWeiP4d3rMr0.jpg,월간남친,4,11,37,36.4,14,N,,,Y,언급2회이상_작품내상위15,정승길_v4,
st_14038,월간남친,,drama,서인국,천미천,,제주 제주시 구좌읍 송당리 2657,33.433685,126.751977,https://lh3.googleusercontent.com/place-photos/AG9NLjA1mERn7yfN53L1HT2Q4WbUwpU9u_yDRcvkoZcKZGT5KLeafhDSz26msRJcaZcFcFlwGxVZ3r2OPQqY6fjI5CjDTmbY3k1nefuJ3Pp2R_bmA4ZZxe21L6rcZ3wOO-OLimkf9YTI92knOJX1UA=s4800-w800,https://map.naver.com/p/entry/place/17030777,8화에서 가상 남친과 천미천에서 데이트하는 장면,https://kdramamap.com/location/%ec%9b%94%ea%b0%84%eb%82%a8%ec%b9%9c-%ec%b2%9c%eb%af%b8%ec%b2%9c-18169/,2026-07-28,81,6,,,김정식,https://image.tmdb.org/t/p/w500/hqIXo0s2gof6UxWDWeiP4d3rMr0.jpg,월간남친,4,9,37,36.4,15,N,,,Y,언급2회이상_작품내상위15,정승길_v4,
st_14177,웰컴투삼달리,Welcome to Samdal-ri,drama,지창욱;신혜선,명월국민학교,학교,제주 제주시 한림읍 명월로 48,33.388903,126.264849,https://lh3.googleusercontent.com/place-photos/AG9NLjBBJRl4PwlacsmYe7Jl6Gk4WFVBk6KepBBCUJDu20gLFZXC57VeBQDzt6olo9pA_DOdHVsl_JIQjOJjALpen86zy-2mBJHyWSbLkmjjUe43XnMLAs0-IoBMqxzGaaXEjXlQSRA_mdKxCM933g=s4800-w800,,5화에서 삼달리 사진 전시 갤러리로 등장한 옛 초등학교 건물.,https://kdramamap.com/location/%ec%9b%b0%ec%bb%b4%ed%88%ac%ec%82%bc%eb%8b%ac%eb%a6%ac-%eb%aa%85%ec%9b%94%ea%b5%ad%eb%af%bc%ed%95%99%ea%b5%90-6169/,2026-07-28,72,,,,차영훈,https://image.tmdb.org/t/p/w500/5axZllylBVeKv9cduhCisOYUqIp.jpg,웰컴투삼달리,12,58,56,100.0,1,N,,,Y,언급2회이상_작품내상위15,정승길_v4,
st_20790,웰컴투 삼달리,Welcome to Samdal-ri,drama,지창욱;신혜선;김미경,광치기해변,해변,제주 서귀포시 성산읍 고성리 224-33,33.4525208556,126.9241932501,https://lh3.googleusercontent.com/place-photos/AG9NLjB7hp_peI5AdhXI9W8kB-8VgLj6Aiv-S9ohlQGLCeAXgREwO8kQrFAW-3EMbGPGVT75Ku2K1oYMTLgSpFv1mkGMe7m4ssUr0ytt72yOL655U8gDCIFK6pKcIG-n4hg8wcIctZbUQoURo8l-FA=s4800-w800,https://map.naver.com/p/entry/place/38466341,8화에서 삼달과 용필이 제주 기상청 사진전에 참가하러 가며 지나는 해안도로 장면,https://www.visitjeju.net/kr/themtour/view?contentsid=CNTS_300000000012949,2026-07-30,72,,,,차영훈,https://image.tmdb.org/t/p/w500/5axZllylBVeKv9cduhCisOYUqIp.jpg,웰컴투삼달리,11,25,56,91.7,2,N,,,Y,언급2회이상_작품내상위15,정승길_v4,
st_14200,웰컴투삼달리,Welcome to Samdal-ri,drama,지창욱;신혜선,비밀의숲,자연/명소,제주 제주시 구좌읍 송당리 2173,33.453713,126.755313,https://lh3.googleusercontent.com/place-photos/AG9NLjDcLCCqzLQf2T3xXfxE7wXUvgYr0GlS-j1lmkVNaxR-wCLdknFyRkKjPzfGi-SK-TzFtp0SRblKso9AfVO6PE_x_RvM3F4EjIri8XJniHj0CIhLMSU6BccBfD24L9eLzkWY4NQQNfCwIPlxHSg=s4800-w800,https://map.naver.com/p/entry/place/1104457165,7화에서 삼달이 홀로 떠난 올레길이자 10화 예비부부 웨딩 스냅을 찍어주는 장소로 등장.,https://kdramamap.com/location/%ec%9b%b0%ec%bb%b4%ed%88%ac%ec%82%bc%eb%8b%ac%eb%a6%ac-%eb%b9%84%eb%b0%80%ec%9d%98%ec%88%b2-6192/;https://www.visitjeju.net/kr/themtour/view?contentsid=CNTS_300000000012949;https://koni62.tistory.com/1295,2026-07-28,72,,,,차영훈,https://image.tmdb.org/t/p/w500/5axZllylBVeKv9cduhCisOYUqIp.jpg,웰컴투삼달리,10,34,56,83.3,3,N,,,Y,언급2회이상_작품내상위15,정승길_v4,
st_14180,웰컴투삼달리,Welcome to Samdal-ri,drama,지창욱;신혜선,도두봉,자연/명소,제주 제주시 도두일동 산 2,33.507139,126.468483,https://lh3.googleusercontent.com/place-photos/AG9NLjBVFgTXBAG3vQiDIcWrpQs0YsDOE-BqoIPNUShyaqJOP4SPuGgbFoBZncMU4HNLk09-QDJnrhCSLPixwSMnosMGTi5Vfkexh4-ybQHnfYpJrs68wrhVJXa_vGflos973AIXWhUavY-1GRr9-cw=s4800-w800,https://map.naver.com/p/entry/place/13481038,"어린 삼달과 용필이 꿈을 이야기하고, 마지막 회 내레이션 장면을 촬영한 오름.",https://kdramamap.com/location/%ec%9b%b0%ec%bb%b4%ed%88%ac%ec%82%bc%eb%8b%ac%eb%a6%ac-%eb%8f%84%eb%91%90%eb%b4%89-6172/;https://www.visitjeju.net/kr/themtour/view?contentsid=CNTS_300000000012949,2026-07-28,72,,,,차영훈,https://image.tmdb.org/t/p/w500/5axZllylBVeKv9cduhCisOYUqIp.jpg,웰컴투삼달리,9,38,56,75.0,4,N,,,Y,언급2회이상_작품내상위15,정승길_v4,
st_14190,웰컴투삼달리,Welcome to Samdal-ri,drama,지창욱;신혜선,세기알해변,해변,제주 제주시 구좌읍 김녕로17길 37-7,33.558855,126.753788,https://lh3.googleusercontent.com/place-photos/AG9NLjA6XL1DLhCQQe8j9wXBwOZfKU851taM5hwwBXpJGKtmOQCcDLOmYgQ1CC1YqCv616tAm_A4W9MGXD77yUZEaeq8dd2HBQ3BIg8XShNcN-BMvXdvg5xDzdcC0EiBesgfRfc0rNjXnTU0YYtE3OR-Id49=s4800-w800,https://map.naver.com/p/entry/place/1901531110,3화에서 물에 빠지려는 삼달을 구하려다 용필이 도리어 빠지는 장면을 촬영한 해변.,https://kdramamap.com/location/%ec%9b%b0%ec%bb%b4%ed%88%ac%ec%82%bc%eb%8b%ac%eb%a6%ac-%ec%84%b8%ea%b8%b0%ec%95%8c%ed%95%b4%eb%b3%80-6182/,2026-07-28,72,,,,차영훈,https://image.tmdb.org/t/p/w500/5axZllylBVeKv9cduhCisOYUqIp.jpg,웰컴투삼달리,9,30,56,75.0,5,N,,,Y,언급2회이상_작품내상위15,정승길_v4,
st_14197,웰컴투삼달리,Welcome to Samdal-ri,drama,지창욱;신혜선,별방진,,제주 제주시 구좌읍 하도3길 108-15,33.526598,126.882483,https://lh3.googleusercontent.com/place-photos/AG9NLjChVcoEddXK5Lf_PVx00IyOU7EG1GAFJ_JU59Cvp8zL7hFid0yLHsrAGpby4fa5NyYZRzSLJaeqBa9f-eMAjdf02aLUEG4-BGoDITkPKON5vgetB601rTy5WUEau1WtQLJSRgFdhndiTHsc=s4800-w800,https://map.naver.com/p/entry/place/20059158,9화에서 삼달과 용필이 재회하며 키스하는 장면을 촬영한 돌담 유적지.,https://kdramamap.com/location/%ec%9b%b0%ec%bb%b4%ed%88%ac%ec%82%bc%eb%8b%ac%eb%a6%ac-%eb%b3%84%eb%b0%a9%ec%a7%84-6189/,2026-07-28,72,,,,차영훈,https://image.tmdb.org/t/p/w500/5axZllylBVeKv9cduhCisOYUqIp.jpg,웰컴투삼달리,8,27,56,66.7,6,N,,,Y,언급2회이상_작품내상위15,정승길_v4,
st_14186,웰컴투삼달리,Welcome to Samdal-ri,drama,지창욱;신혜선,아프리카게스트하우스,,제주 제주시 조천읍 신흥로2길 33,33.548983,126.651672,https://lh3.googleusercontent.com/place-photos/AG9NLjBPoTdtfvxjTCQknh_JPx2tSb3196liwsfAmvj9q5t0K5CXHdqrHd93Pc_rHP8whYEY1zqVrJTPv14zDjUekIcnL2pWJczr0V34bL_wNhRAQK4MzfrEgHZX-jEaVJpQB0jRizd7nyqjeDYu0Q=s4800-w800,https://map.naver.com/p/entry/place/37383321,8화에서 독수리 오형제가 모여 밤바다를 보며 노는 장면을 촬영한 곳.,https://kdramamap.com/location/%ec%9b%b0%ec%bb%b4%ed%88%ac%ec%82%bc%eb%8b%ac%eb%a6%ac-%ec%95%84%ed%94%84%eb%a6%ac%ec%b9%b4%ea%b2%8c%ec%8a%a4%ed%8a%b8%ed%95%98%ec%9a%b0%ec%8a%a4-6178/,2026-07-28,72,,,,차영훈,https://image.tmdb.org/t/p/w500/5axZllylBVeKv9cduhCisOYUqIp.jpg,웰컴투삼달리,8,22,56,66.7,7,N,,,Y,언급2회이상_작품내상위15,정승길_v4,
st_14214,웰컴투삼달리,Welcome to Samdal-ri,drama,지창욱;신혜선,삼달하동로32번길,거리,제주 서귀포시 성산읍 삼달하동로32번길 16,33.366860,126.870235,,,1화 삼달 엄마 미자가 회장인 해녀의 집; 4화 삼달·용필의 미역 싸움 바닷가,https://kdramamap.com/location/%ec%9b%b0%ec%bb%b4%ed%88%ac%ec%82%bc%eb%8b%ac%eb%a6%ac-%ec%82%bc%eb%8b%ac%ed%95%98%eb%8f%99%eb%a1%9c32%eb%b2%88%ea%b8%b8-6206/,2026-07-28,72,,,,차영훈,https://image.tmdb.org/t/p/w500/5axZllylBVeKv9cduhCisOYUqIp.jpg,웰컴투삼달리,8,9,56,66.7,8,N,,,Y,언급2회이상_작품내상위15,정승길_v4,
st_14228,웰컴투삼달리,Welcome to Samdal-ri,drama,지창욱;신혜선,가파도,,제주 서귀포시 대정읍 가파리 502-3,33.166692,126.269837,https://lh3.googleusercontent.com/place-photos/AG9NLjA5hoTV5mLjDKFiNGdCubwnIV5DlK_LqDRery1TJ86eyJRH2JHjTe0K6ZHsfO1wD682XW20Ht7MRXGiZJxAR--Pvjk3KceuEoM-fdVARsCimkQOGOGAFGTqaPVPyZIxmTE6_C5EIhg4reXh=s4800-w554,https://map.naver.com/p/entry/place/13491177,"5화에서 삼달이 용필에게 달려가는 장면이자, 어린 시절 두 사람이 슬픔을 나누던 청보리밭으로 등장.",https://kdramamap.com/location/%ec%9b%b0%ec%bb%b4%ed%88%ac%ec%82%bc%eb%8b%ac%eb%a6%ac-%ea%b0%80%ed%8c%8c%eb%8f%84-6220/,2026-07-28,72,,,,차영훈,https://image.tmdb.org/t/p/w500/5axZllylBVeKv9cduhCisOYUqIp.jpg,웰컴투삼달리,7,27,56,58.3,9,N,,,Y,언급2회이상_작품내상위15,정승길_v4,
st_14213,웰컴투삼달리,Welcome to Samdal-ri,drama,지창욱;신혜선,해녀의집,,제주 서귀포시 성산읍 삼달하동로32번길 3,33.366216,126.871769,https://lh3.googleusercontent.com/place-photos/AG9NLjDT60KBBU5PbcnZ1RoSCJf0kWH4jzEid4lFAZgz1rcW_z-B6xnwCwiu25-4V5z0BjlmjEuLkXiIuz0TlQ0j2tz4h7bmIMkugX7AX7P5PiW2b_GDYWVZu3FK3OQkwjsMFu_y0PATXscAnUo1dA=s4800-w800,,삼달리 해녀들이 물질하는 해녀 일터로 등장한 곳(실제 작업장은 아님).,https://kdramamap.com/location/%ec%9b%b0%ec%bb%b4%ed%88%ac%ec%82%bc%eb%8b%ac%eb%a6%ac-%ed%95%b4%eb%85%80%ec%9d%98%ec%a7%91-6205/,2026-07-28,72,,,,차영훈,https://image.tmdb.org/t/p/w500/5axZllylBVeKv9cduhCisOYUqIp.jpg,웰컴투삼달리,7,19,56,58.3,10,N,,,Y,언급2회이상_작품내상위15,정승길_v4,
st_14172,웰컴투삼달리,Welcome to Samdal-ri,drama,지창욱;신혜선,신창풍차해안,,제주 제주시 한경면 신창리 1314,33.344068,126.175438,https://lh3.googleusercontent.com/place-photos/AG9NLjAUz7fW7fkhctMjHdLik4LdGZ1Vx_DfzgZBhwxFzl-o-cNV1QUvvHYA-Ejzkz4k2T3p4i-mvPnj9EwkrMgA4gQIinFCHOimT8y1doujfm2M6jwp3bPrwDEshrh5frKsd8VcrGAx_AvKSfnYPQ=s4800-w800,https://map.naver.com/p/entry/place/13481087,13화에서 물에 빠질 뻔한 삼달을 용필이 구하러 온 해안도로로 등장.,https://kdramamap.com/location/%ec%9b%b0%ec%bb%b4%ed%88%ac%ec%82%bc%eb%8b%ac%eb%a6%ac-%ec%8b%a0%ec%b0%bd%ed%92%8d%ec%b0%a8%ed%95%b4%ec%95%88-6164/,2026-07-28,72,,,,차영훈,https://image.tmdb.org/t/p/w500/5axZllylBVeKv9cduhCisOYUqIp.jpg,웰컴투삼달리,6,14,56,50.0,11,N,,,Y,언급2회이상_작품내상위15,정승길_v4,
st_14201,웰컴투삼달리,Welcome to Samdal-ri,drama,지창욱;신혜선,시흥리,,제주 서귀포시 성산읍 시흥상동로68번길 10,33.476142,126.898027,https://lh3.googleusercontent.com/place-photos/AG9NLjAhdxwJV_CcqEJ5a1TeKMOtxf0GE0fe3YBCAX7KK2ppfqmg8tQ3RofTxuWtiptk-KAecm0n9NEMN4ljh-lzkOsmFnSaQtrpQ7p917dP38UsfJFtI1ULXZ2-NlCkB930YQ-6h5OZks0hRE2flw=s4800-w800,https://map.naver.com/p/entry/place/1998255367,"삼달이네와 용필이네 집으로 등장한 마을로, 실제 주민이 거주하는 곳.",https://kdramamap.com/location/%ec%9b%b0%ec%bb%b4%ed%88%ac%ec%82%bc%eb%8b%ac%eb%a6%ac-%ec%8b%9c%ed%9d%a5%eb%a6%ac-6193/,2026-07-28,72,,,,차영훈,https://image.tmdb.org/t/p/w500/5axZllylBVeKv9cduhCisOYUqIp.jpg,웰컴투삼달리,6,6,56,50.0,12,N,,,Y,언급2회이상_작품내상위15,정승길_v4,
st_14218,웰컴투삼달리,Welcome to Samdal-ri,drama,지창욱;신혜선,망장포,,제주 서귀포시 남원읍 하례리,33.282782,126.619242,https://lh3.googleusercontent.com/place-photos/AG9NLjCVxastkTnbuKdWqut3l-aL_odEBXNq0TPaH8MYRBrwLBZmyrkv54fpc0siegFDGBmjNJHSCamta902Ar3Nr8wBODFc5Bgw8WCFmx7FQ47bHiKAFXX_UX47mgrttS1im0g4VNmmqwFHuMb-Yg=s4800-w800,,용필과 삼달이 다투는 장면이자 극의 엔딩 장면을 촬영한 빨간 등대 포구.,https://kdramamap.com/location/%ec%9b%b0%ec%bb%b4%ed%88%ac%ec%82%bc%eb%8b%ac%eb%a6%ac-%eb%a7%9d%ec%9e%a5%ed%8f%ac-6210/,2026-07-28,72,,,,차영훈,https://image.tmdb.org/t/p/w500/5axZllylBVeKv9cduhCisOYUqIp.jpg,웰컴투삼달리,5,17,56,41.7,13,N,,,Y,언급2회이상_작품내상위15,정승길_v4,
st_14211,웰컴투삼달리,Welcome to Samdal-ri,drama,지창욱;신혜선,삼달하동로31번길,거리,제주 서귀포시 성산읍 삼달하동로31번길 23,33.369461,126.872249,,,하율과 지찬이 돌고래를 관측하는 장면을 촬영한 곳으로 등장.,https://kdramamap.com/location/%ec%9b%b0%ec%bb%b4%ed%88%ac%ec%82%bc%eb%8b%ac%eb%a6%ac-%ec%82%bc%eb%8b%ac%ed%95%98%eb%8f%99%eb%a1%9c31%eb%b2%88%ea%b8%b8-6203/,2026-07-28,72,,,,차영훈,https://image.tmdb.org/t/p/w500/5axZllylBVeKv9cduhCisOYUqIp.jpg,웰컴투삼달리,5,5,56,41.7,14,N,,,Y,언급2회이상_작품내상위15,정승길_v4,
st_14187,웰컴투삼달리,Welcome to Samdal-ri,drama,지창욱;신혜선,대풍미락 함덕본점,,제주 제주시 조천읍 조함해안로 446,33.545417,126.662041,https://lh3.googleusercontent.com/place-photos/AG9NLjAto_GroFeNlFAZDJDcqXrWBtnr3Txhl8-Job_F4epwvEjJU4xCU8TXiQzJArLJBLB3wlCe4J234Tq99rVO32pZzmLki66fYvAF8oPCGGM_ai4Pz9XxPU_spLb-gWqCGn5b0mgeMDTll9b9Mw=s4800-w800,https://map.naver.com/p/entry/place/19867519,상도가 운영하는 상도네 횟집으로 등장한 함덕의 식당.,https://kdramamap.com/location/%ec%9b%b0%ec%bb%b4%ed%88%ac%ec%82%bc%eb%8b%ac%eb%a6%ac-%eb%8c%80%ed%92%8d%eb%af%b8%eb%9d%bd-%ed%95%a8%eb%8d%95%eb%b3%b8%ec%a0%90-6179/,2026-07-28,72,,,,차영훈,https://image.tmdb.org/t/p/w500/5axZllylBVeKv9cduhCisOYUqIp.jpg,웰컴투삼달리,4,14,56,33.3,15,N,,,Y,언급2회이상_작품내상위15,정승길_v4,
st_14386,유미의세포들3,Yumi's Cells Season 3,drama,김고은;김재원,카페385,카페,부산 영도구 태종로 539,35.084266,129.076290,https://lh3.googleusercontent.com/place-photos/AG9NLjB4EvSboN99-ha-dKP8EZZLlOE4feLeywq7aiBPVL60ZxcOqOuljdGUEn6KL9I9eTVgvwdmNfSPiXX5f_i9co13LBOl5kkPqKaw6omB0Ze8W_FoIMVTXFSl9Zr-9sbMGq4lHtQ0bUkZb6TZzNdYz41CTw=s4800-w800,https://map.naver.com/p/entry/place/1346620537,유미가 편집장에게 순록을 팀에서 빼달라 말하는 상상을 하는 부산 바다뷰 카페 장면,https://kdramamap.com/location/%ec%9c%a0%eb%af%b8%ec%9d%98%ec%84%b8%ed%8f%ac%eb%93%a43-%ec%b9%b4%ed%8e%98385-19061/;https://haechi-travel.tistory.com/650,2026-07-28,,19,,,이상엽,https://image.tmdb.org/t/p/w500/9D8vdvwT1sTJzWCPfzc53R54awD.jpg,유미의세포들3,9,26,51,100.0,1,N,,,Y,언급2회이상_작품내상위15,정승길_v4,
st_14343,유미의세포들3,Yumi's Cells Season 3,drama,김고은;김재원,페이지37,,인천 서해구 청라에메랄드로41번길 13,37.529058,126.655077,https://lh3.googleusercontent.com/place-photos/AG9NLjAuAQ9I-8CIYfWsJA9mNttQPN9DuCT035K-jxyMXg292v-fMytf-BRFpR3c9uFnmHlAxRVIll7h38-4IHOhbGYqhoDWCV9e1hYy1RstPrdMHafLvfLeC0H0aeehzJARmYgJlb2hB5Mci9i-9A=s4800-w800,https://map.naver.com/p/entry/place/1575997705,6화에서 유미 후배 제니와 순록의 소개팅이 열리고 유미가 몰래 계산하고 나오는 카페 장면,https://kdramamap.com/location/%ec%9c%a0%eb%af%b8%ec%9d%98%ec%84%b8%ed%8f%ac%eb%93%a43-%ed%8e%98%ec%9d%b4%ec%a7%8037-19018/,2026-07-28,,19,,,이상엽,https://image.tmdb.org/t/p/w500/9D8vdvwT1sTJzWCPfzc53R54awD.jpg,유미의세포들3,9,20,51,100.0,2,N,,,Y,언급2회이상_작품내상위15,정승길_v4,
st_14371,유미의세포들3,Yumi's Cells Season 3,drama,김고은;김재원,칠링더데이,,경기 수원시 팔달구 화서문로41번길 15-14,37.286168,127.011809,https://lh3.googleusercontent.com/place-photos/AG9NLjCsIqzpNL53nqusuLYSWSFKl5cKdgiCadQ2ciZQP1f3npntmwK-oo5H4sAdaHd2xND5grho7LHV3-i2EcbrQ_2uVy9wycnGjeslBslpZpI-9I14j6SPEAmypoNPC7yED5PbaZzXB624AJ0zXsY=s4800-w800,https://map.naver.com/p/entry/place/1637762924,6화에서 순록과 김주호 작가가 몸싸움을 벌이는 레스토랑 장면,https://kdramamap.com/location/%ec%9c%a0%eb%af%b8%ec%9d%98%ec%84%b8%ed%8f%ac%eb%93%a43-%ec%b9%a0%eb%a7%81%eb%8d%94%eb%8d%b0%ec%9d%b4-19046/,2026-07-28,,19,,,이상엽,https://image.tmdb.org/t/p/w500/9D8vdvwT1sTJzWCPfzc53R54awD.jpg,유미의세포들3,8,31,51,88.9,3,N,,,Y,언급2회이상_작품내상위15,정승길_v4,
st_20796,유미의 세포들 3,Yumi's Cells Season 3,drama,김고은;김재원,아난티 앳 부산 코브,리조트/호텔,부산 기장군 기장읍 시랑리 704-1,35.1978556468345,129.228365318805,https://lh3.googleusercontent.com/place-photos/AG9NLjAC6GLtQC_pyjvXurzdRXQvlucLDJiHO60KNgOcK5iN1YWfhXEhVsB6wa2i6L8f7A_18eOPEJy8RjJzpeRdVxmPjD_Yqcni-A0ubHx1tLJ25UfOwAR25o1eYcout2zs3GNDEl3ujR_grFuUBw=s4800-w800,https://map.naver.com/p/entry/place/650968109,유미가 출판사 식구들과 부산 워크숍을 떠나 묵는 숙소로 등장하는 호텔,https://haechi-travel.tistory.com/650,2026-07-30,,19,,,이상엽,https://image.tmdb.org/t/p/w500/9D8vdvwT1sTJzWCPfzc53R54awD.jpg,유미의세포들3,8,26,51,88.9,4,N,,,Y,언급2회이상_작품내상위15,정승길_v4,
st_14385,유미의세포들3,Yumi's Cells Season 3,drama,김고은;김재원,보수동 책방골목,서점,부산 중구 대청로 63-1,35.103208,129.027035,https://lh3.googleusercontent.com/place-photos/AG9NLjDOUEVfckiEtyE88UNlJFuK3wXsVWKYL2J05R9FOU68en3WmstulrE_GjkCZJykU1amav6zakJzo1MQ5gOP4GQKrQFZRZLzKeVlZbJHdRqACrCypQZrSMXcPwEhbVqmsxfWrrTQuqft71h-tAU=s4800-w800,https://map.naver.com/p/entry/place/12848261,부산 워크샵 중 유미와 순록이 답사하던 헌책방거리 장면,https://kdramamap.com/location/%ec%9c%a0%eb%af%b8%ec%9d%98%ec%84%b8%ed%8f%ac%eb%93%a43-%eb%b3%b4%ec%88%98%eb%8f%99-%ec%b1%85%eb%b0%a9%ea%b3%a8%eb%aa%a9-19060/;https://haechi-travel.tistory.com/650,2026-07-28,,19,,,이상엽,https://image.tmdb.org/t/p/w500/9D8vdvwT1sTJzWCPfzc53R54awD.jpg,유미의세포들3,7,21,51,77.8,5,N,,,Y,언급2회이상_작품내상위15,정승길_v4,
st_14376,유미의세포들3,Yumi's Cells Season 3,drama,김고은;김재원,제이드가든,,강원 춘천시 남산면 햇골길 80,37.832747,127.542141,https://lh3.googleusercontent.com/place-photos/AG9NLjAEWcNbZRjrTqYOUm2B7Q0z5dRf5km_8dLn3exaT4QWrHBVv_QCawAoOrLoX6hQFoPun1AxprlVExA4tGbGCRcRZrJAfvOF4re81floTcByXHDiQicw_MRTOfwwPZTcqgIsgfntXDpSyWbXDHk=s4800-w800,https://map.naver.com/p/entry/place/19928010,극 중 순록이 유미에게 두 번째로 결혼을 제안하는 정원 장면,https://kdramamap.com/location/%ec%9c%a0%eb%af%b8%ec%9d%98%ec%84%b8%ed%8f%ac%eb%93%a43-%ec%a0%9c%ec%9d%b4%eb%93%9c%ea%b0%80%eb%93%a0-19051/,2026-07-28,,19,,,이상엽,https://image.tmdb.org/t/p/w500/9D8vdvwT1sTJzWCPfzc53R54awD.jpg,유미의세포들3,7,21,51,77.8,6,N,,,Y,언급2회이상_작품내상위15,정승길_v4,
st_14391,유미의세포들3,Yumi's Cells Season 3,drama,김고은;김재원,감천문화마을,관광명소,부산 사하구 감내2로 142,35.098337,129.008810,https://lh3.googleusercontent.com/place-photos/AG9NLjAtbG98fekWYSjHiBlPrJbgpbZ2OK0oKIC2BNBS2xdIONj9AzvTIcd9tJHg2mE54tOXC_cVWwyrv0GHlpCUkLB3ETvypzFgoxjlQ8X1fThyC9NGXF7M-1UtjPYPA0VQlipF3YKXU-vCFeEyBdg=s4800-w800,https://map.naver.com/p/entry/place/21884707,유미가 소속된 출판사 작가들이 워크샵을 떠난 장소로 등장하는 감천문화마을 장면,https://kdramamap.com/location/%ec%9c%a0%eb%af%b8%ec%9d%98%ec%84%b8%ed%8f%ac%eb%93%a43-%ea%b0%90%ec%b2%9c%eb%ac%b8%ed%99%94%eb%a7%88%ec%9d%84-19066/;https://haechi-travel.tistory.com/650;https://yulrang.com/부산-가볼만한곳-유미의-세포들3-촬영지-감천문화마/,2026-07-28,,19,,,이상엽,https://image.tmdb.org/t/p/w500/9D8vdvwT1sTJzWCPfzc53R54awD.jpg,유미의세포들3,7,16,51,77.8,7,N,,,Y,언급2회이상_작품내상위15,정승길_v4,
st_14355,유미의세포들3,Yumi's Cells Season 3,drama,김고은;김재원,인천타워대로,,인천 연수구 인천타워대로 185,37.387932,126.637184,https://lh3.googleusercontent.com/place-photos/AG9NLjA9DdzqMLHNOm3zRvJcwj-uqw1EM52mAl_fZRaGL-F_k4qOsUDkNsQNtnwjiMrV2ytdpNO51hSjBFnAzIA6MT1ZYkPdezaxJ_23dMVDpek5wN2hxzf92M1louNP-RS1NkaE1E-65473qGFPCQ=s4800-w632,,,https://kdramamap.com/location/%ec%9c%a0%eb%af%b8%ec%9d%98%ec%84%b8%ed%8f%ac%eb%93%a43-%ec%9d%b8%ec%b2%9c%ed%83%80%ec%9b%8c%eb%8c%80%eb%a1%9c-19030/,2026-07-28,,19,,,이상엽,https://image.tmdb.org/t/p/w500/9D8vdvwT1sTJzWCPfzc53R54awD.jpg,유미의세포들3,7,13,51,77.8,8,N,,,Y,언급2회이상_작품내상위15,,
st_14378,유미의세포들3,Yumi's Cells Season 3,drama,김고은;김재원,아난티 코브,,부산 기장군 기장읍 기장해안로 268-31,35.200164,129.228896,https://lh3.googleusercontent.com/place-photos/AG9NLjC_Q4QmTTxFRHYox6hZLJdn_Rlj7XNQzfASKgX0f3A9dEn57vG_HxXGDColWt83Sg69WArvEIs0iFwqmw-AUvwcCQtiJkKFbv-ygCH039mR_S3sg1zDKCLZEyjtI1wCmPZgdJksTrJu3C6mYNY=s4800-w800,https://map.naver.com/p/entry/place/41332596,5화에서 출판사 식구들과 부산 워크샵 숙소로 등장하는 리조트 장면,https://kdramamap.com/location/%ec%9c%a0%eb%af%b8%ec%9d%98%ec%84%b8%ed%8f%ac%eb%93%a43-%ec%95%84%eb%82%9c%ed%8b%b0-%ec%bd%94%eb%b8%8c-19053/,2026-07-28,,19,,,이상엽,https://image.tmdb.org/t/p/w500/9D8vdvwT1sTJzWCPfzc53R54awD.jpg,유미의세포들3,7,11,51,77.8,9,N,,,Y,언급2회이상_작품내상위15,정승길_v4,
st_14353,유미의세포들3,Yumi's Cells Season 3,drama,김고은;김재원,센트럴로,,인천 연수구 센트럴로 232,37.397422,126.636641,https://lh3.googleusercontent.com/place-photos/AG9NLjCM0SpFB3DRR6lbcpuqOny6_kbSvi4hM0FYSv-XZhpBY50oIw5T3UL6MA72bXUL7ZzahUB2l_cb96rWdR0ZVZF9uNntFSFavdwBB39La95_6cPPcCd34ARaANKDnPhjnaPo6owWYoJEXQ8WxY0=s4800-w800,,,https://kdramamap.com/location/%ec%9c%a0%eb%af%b8%ec%9d%98%ec%84%b8%ed%8f%ac%eb%93%a43-%ec%84%bc%ed%8a%b8%eb%9f%b4%eb%a1%9c-19028/,2026-07-28,,19,,,이상엽,https://image.tmdb.org/t/p/w500/9D8vdvwT1sTJzWCPfzc53R54awD.jpg,유미의세포들3,7,8,51,77.8,10,N,,,Y,언급2회이상_작품내상위15,,
st_14329,유미의세포들3,Yumi's Cells Season 3,drama,김고은;김재원,L65호텔 웨딩컨벤션,호텔/숙박,서울 동대문구 왕산로 200,37.579890,127.046161,https://lh3.googleusercontent.com/place-photos/AG9NLjA47uHXdvLcfbupIQlGo_RE418AzRueRjhp-jwLp57ofmu8RfK5lFPXtDdMCc5E750hO5mz7qbISPLWWsZtF_6aKkZgYWzv2PzXj7IOaAK8au5hbt3ko4xnbhd2SHG8NCsoPThD5jHa69Of0ELs6dPqBA=s4800-w800,https://map.naver.com/p/entry/place/13171608,극 중 유미와 순록의 결혼식이 열리는 웨딩홀 장면,https://kdramamap.com/location/%ec%9c%a0%eb%af%b8%ec%9d%98%ec%84%b8%ed%8f%ac%eb%93%a43-l65%ed%98%b8%ed%85%94-%ec%9b%a8%eb%94%a9%ec%bb%a8%eb%b2%a4%ec%85%98-19004/;https://haechi-travel.tistory.com/650,2026-07-28,,19,,,이상엽,https://image.tmdb.org/t/p/w500/9D8vdvwT1sTJzWCPfzc53R54awD.jpg,유미의세포들3,6,10,51,66.7,11,N,,,Y,언급2회이상_작품내상위15,정승길_v4,
st_14345,유미의세포들3,Yumi's Cells Season 3,drama,김고은;김재원,메가박스 인천학익점,,인천 미추홀구 학익로80번길 11,37.440225,126.646394,https://lh3.googleusercontent.com/place-photos/AG9NLjDHqvSz2HgAKD2z3IOTJBMq0xn9JLNTHImwigT8v44VCYG00j29MXUvuWpzw9g2xNOVVJ7gA113KsO_4IHqh65zop9WP60Hr2vxaLRXIpIHnAwBL-4QLHDa9DpKK43qpJ-r3ZWri2hRIoJgQnY1troG1Q=s4800-w800,https://map.naver.com/p/entry/place/1597897675,순록이 김주호 작가와 자리를 만든 것이라 유미가 오해하던 영화관 티켓팅 장면,https://kdramamap.com/location/%ec%9c%a0%eb%af%b8%ec%9d%98%ec%84%b8%ed%8f%ac%eb%93%a43-%eb%a9%94%ea%b0%80%eb%b0%95%ec%8a%a4-%ec%9d%b8%ec%b2%9c%ed%95%99%ec%9d%b5%ec%a0%90-19020/,2026-07-28,,19,,,이상엽,https://image.tmdb.org/t/p/w500/9D8vdvwT1sTJzWCPfzc53R54awD.jpg,유미의세포들3,5,18,51,55.6,12,N,,,Y,언급2회이상_작품내상위15,정승길_v4,
st_14348,유미의세포들3,Yumi's Cells Season 3,drama,김고은;김재원,센트럴파크,공원,인천 연수구 송도동 31,37.394779,126.631760,https://lh3.googleusercontent.com/place-photos/AG9NLjBAICtWCy4pySYdeoOn5wloIkSq1X0Imna4VTmSiT8n1zD9ENrJucfstBeD2bi5BJJKQHG2gDeU35_lFA-81-Zu6BzMxUpv-G2UwPeByOS5MQWPjS-7y83-7x3p57_6Ka2d0sodBsGCG7o-8yI=s4800-w800,https://map.naver.com/p/entry/place/1343536566,순록이 자전거를 타고 달려가는 장면이 촬영된 송도 센트럴파크,https://kdramamap.com/location/%ec%9c%a0%eb%af%b8%ec%9d%98%ec%84%b8%ed%8f%ac%eb%93%a43-%ec%84%bc%ed%8a%b8%eb%9f%b4%ed%8c%8c%ed%81%ac-19023/;https://haechi-travel.tistory.com/650,2026-07-28,,19,,,이상엽,https://image.tmdb.org/t/p/w500/9D8vdvwT1sTJzWCPfzc53R54awD.jpg,유미의세포들3,5,9,51,55.6,13,N,,,Y,언급2회이상_작품내상위15,정승길_v4,
st_14372,유미의세포들3,Yumi's Cells Season 3,drama,김고은;김재원,화서문로,,경기 수원시 팔달구 화서문로42번길 1,37.285142,127.012721,https://lh3.googleusercontent.com/place-photos/AG9NLjA55z1v2UIVA7Jp5Jk2f0Rcmn_1rDTz39IuaCTsRA5i8X68lDMCC53JZQ3yra917nz6sF5hJOObax7YSUtiFQ-i1UZNqOuXFJhtcbEkzvFL1bfiZL0ycEOVEOO4cTIOIl3dYuZMtISFPdAY-48=s4800-w800,,6화에서 몸싸움 중 잃어버린 안경을 찾은 순록이 유미를 생각하며 걷는 거리 장면,https://kdramamap.com/location/%ec%9c%a0%eb%af%b8%ec%9d%98%ec%84%b8%ed%8f%ac%eb%93%a43-%ed%99%94%ec%84%9c%eb%ac%b8%eb%a1%9c-19047/,2026-07-28,,19,,,이상엽,https://image.tmdb.org/t/p/w500/9D8vdvwT1sTJzWCPfzc53R54awD.jpg,유미의세포들3,5,9,51,55.6,14,N,,,Y,언급2회이상_작품내상위15,정승길_v4,
st_14357,유미의세포들3,Yumi's Cells Season 3,drama,김고은;김재원,트리플스트리트B동,,인천 연수구 송도과학로16번길 33-2,37.380445,126.660232,https://lh3.googleusercontent.com/place-photos/AG9NLjDhGFUQFK09rBhlh-Ul2q2rkPut7t0CU-E1iPkTeLmFYScs8EFhzJL2YaNyfCSMx01TTAUBfvl8V8rrigE3Zt7LpHKkq9IM9KGGfKigbkPt1d3_GkTp04uNpfTZmjANSJpDM4-TAVwqX-CIzWo=s4800-w800,https://map.naver.com/p/entry/place/38242823,극 중 유미와 순록이 송도 거리에서 서로 만나는 장면,https://kdramamap.com/location/%ec%9c%a0%eb%af%b8%ec%9d%98%ec%84%b8%ed%8f%ac%eb%93%a43-%ed%8a%b8%eb%a6%ac%ed%94%8c%ec%8a%a4%ed%8a%b8%eb%a6%ac%ed%8a%b8b%eb%8f%99-19032/,2026-07-28,,19,,,이상엽,https://image.tmdb.org/t/p/w500/9D8vdvwT1sTJzWCPfzc53R54awD.jpg,유미의세포들3,5,8,51,55.6,15,N,,,Y,언급2회이상_작품내상위15,정승길_v4,
st_20805,응답하라 1988,Reply 1988,drama,이혜리;박보검;류준열,동광극장,단관 극장,경기도 동두천시 생연동 585-152,37.908605,127.052288,https://lh3.googleusercontent.com/place-photos/AG9NLjAPb_3oesaOT6ju4DiMDINRLtxgOzRm4VoOyahNEszRWmRwauzXDPWz7XC688sb-gT26rMXWUWhl29jNnTLnpp1_27tf4PgYzZW-7p9-lz5N40cJWutUzk8kCF7xg3mDD6uOAn6OVY-o0eT5A=s4800-w800,https://map.naver.com/p/entry/place/18018924,1959년 개관한 실제 단관 극장이 극장 장면 촬영지로 등장했다,https://www.gukjenews.com/news/articleView.html?idxno=718730,2026-07-30,5,,,,신원호,https://image.tmdb.org/t/p/w500/lZo7G1kEU70PHP1dCe46I0cUKiF.jpg,응답하라1988,5,24,77,100.0,1,N,,,Y,언급2회이상_작품내상위15,정승길_v4,
st_20802,응답하라 1988,Reply 1988,drama,이혜리;박보검;류준열,쌍문역,지하철역,서울특별시 도봉구 도봉로 지하 486-1,37.648543,127.034656,,https://map.naver.com/p/entry/place/13479449,덕선과 정환이 오가는 통학·통근 장면이 쌍문역에서 촬영됐다,https://www.realscene.site/ko/drama/reply-1988,2026-07-30,5,,,,신원호,https://image.tmdb.org/t/p/w500/lZo7G1kEU70PHP1dCe46I0cUKiF.jpg,응답하라1988,5,24,77,100.0,2,N,,,Y,언급2회이상_작품내상위15,정승길_v4,
st_14693,응답하라1988,Reply 1988,drama,혜리;박보검;류준열;고경표,최규하대통령가옥,명소,서울 마포구 동교로15길 10,37.555341,126.914923,,https://map.naver.com/p/entry/place/18782279,쌍문동의 도룡뇽 동룡이네 집으로 등장한 장소,https://kdramamap.com/location/%ec%9d%91%eb%8b%b5%ed%95%98%eb%9d%bc1988-%ec%b5%9c%ea%b7%9c%ed%95%98%eb%8c%80%ed%86%b5%eb%a0%b9%ea%b0%80%ec%98%a5-1961/,2026-07-28,5,,,,신원호,https://image.tmdb.org/t/p/w500/lZo7G1kEU70PHP1dCe46I0cUKiF.jpg,응답하라1988,5,13,77,100.0,3,N,,,Y,언급2회이상_작품내상위15,정승길_v4,
st_20803,응답하라 1988,Reply 1988,drama,이혜리;박보검;류준열,얄개분식,분식점,충청남도 서산시 해미면 읍성마을4길 24-1,36.710647,126.546235,https://lh3.googleusercontent.com/place-photos/AG9NLjBddoXgzSXRLsjEHNZwOxaQCYG16vsXMmozRIoWQxVL4zUYq3e4CL6sOr7mnq2o4FgbPukd-8I83_Ni9XvrDNHS7BtHVsC_CRbdAazHApBUi4oqf0c6El9P4NeC3CTZKD-flRASCs07O6jF=s4800-w800,https://map.naver.com/p/entry/place/17592939,극 중 브라질 떡볶이집으로 등장한 1982년 개업 실제 분식점,https://blog.naver.com/korea_diary,2026-07-30,5,,,,신원호,https://image.tmdb.org/t/p/w500/lZo7G1kEU70PHP1dCe46I0cUKiF.jpg,응답하라1988,4,49,77,80.0,4,N,,,Y,언급2회이상_작품내상위15,정승길_v4,
st_20804,응답하라 1988,Reply 1988,drama,이혜리;박보검;류준열,해미읍성,읍성·사적,충청남도 서산시 해미면 남문2로 143,36.712655,126.548216,https://lh3.googleusercontent.com/place-photos/AG9NLjDXHpaX2NWL_QQX-gY-FXwhJRGw5BNXuPdgscReJIRKfNn5VwIYY4owHfgaYP9H3-HF2ACtc6yHEZ32H-b06Iw-GXSrOD7QoeRNVtUs9_YvQc_qVqntWVC5CSWlHVt6amYEO2nhHGNFFZG8iw=s4800-w800,https://map.naver.com/p/entry/place/13193481,진남문 등 성곽 장면이 촬영된 조선시대 읍성,https://blog.naver.com/korea_diary,2026-07-30,5,,,,신원호,https://image.tmdb.org/t/p/w500/lZo7G1kEU70PHP1dCe46I0cUKiF.jpg,응답하라1988,4,28,77,80.0,5,N,,,Y,언급2회이상_작품내상위15,정승길_v4,
st_14702,응답하라1988,Reply 1988,drama,혜리;박보검;류준열;고경표,코스모스,음식점,서울 은평구 구산동 1-16,37.610551,126.916580,https://lh3.googleusercontent.com/place-photos/AG9NLjDI3rL4POxUf9SJuYt0AUZbHRdjLELfThC7kxCPKUKPz3PBtgywtWD6KeuLEOspCdcr-7AQFO59wMj0HxCSQxmaKue7RvlOt-zs6rcYUdDENAdlVOv7GMmO4SMj3ZwIxnA6CKHmVTdVJSmJ7w=s4800-w800,https://map.naver.com/p/entry/place/32708936,어른 덕선이가 다시 방문한 추억의 브라질 떡볶이,https://kdramamap.com/location/%ec%9d%91%eb%8b%b5%ed%95%98%eb%9d%bc1988-%ec%bd%94%ec%8a%a4%eb%aa%a8%ec%8a%a4-1970/,2026-07-28,5,,,,신원호,https://image.tmdb.org/t/p/w500/lZo7G1kEU70PHP1dCe46I0cUKiF.jpg,응답하라1988,4,6,77,80.0,6,N,,,Y,언급2회이상_작품내상위15,정승길_v4,
st_20801,응답하라 1988,Reply 1988,drama,이혜리;박보검;류준열,낙산공원,성곽 공원,서울특별시 종로구 낙산길 41,37.580570,127.007522,https://lh3.googleusercontent.com/place-photos/AG9NLjA1iQdOjd3kzTZ5DF-qviF1cANtT1W_C6kc_AWW-IeDEtFCu928RxiIX3TKTxxa-4AvH_EBfeCf37X7l7j7KGgfJYsHMg34dUlYqO1kLjqE23_x_D-WsURbpZWdS4YQ6Arlqza7qfTPnrQiWw=s4800-w800,https://map.naver.com/p/entry/place/13299765,인물들이 데이트를 즐기는 장면이 낙산공원 성곽길에서 촬영됐다,https://record681.tistory.com/81;https://blog.naver.com/ddomin-/224315422207,2026-07-30,5,,,,신원호,https://image.tmdb.org/t/p/w500/lZo7G1kEU70PHP1dCe46I0cUKiF.jpg,응답하라1988,3,9,77,60.0,7,N,,,Y,언급2회이상_작품내상위15,정승길_v4,
st_14703,응답하라1988,Reply 1988,drama,혜리;박보검;류준열;고경표,혜화칼국수,음식점,서울 종로구 혜화동 84-3,37.586565,127.001516,https://lh3.googleusercontent.com/place-photos/AG9NLjAUX2mU-QhnHHSBJ2uC4W97qYPUmCZopj6XWky1kIPNtavjr4REIIqOzqnIOgHGC62_BJnYDem2-kTy8Zl5IJAHQod6G90ZPJe1c6wLOrNUcb6ItjbzDilTknpk3zO4YblJl2gF1vUk8mcfQA=s4800-w800,https://map.naver.com/p/entry/place/11678822,4회에서 성동일과 이일화는 덕순(걸스데이 혜리)의 학교에 학부모 간담회를 다녀온 후 저녁을 먹으러 들른다.,https://kdramamap.com/location/%ec%9d%91%eb%8b%b5%ed%95%98%eb%9d%bc1988-%ed%98%9c%ed%99%94%ec%b9%bc%ea%b5%ad%ec%88%98-1971/,2026-07-28,5,,,,신원호,https://image.tmdb.org/t/p/w500/lZo7G1kEU70PHP1dCe46I0cUKiF.jpg,응답하라1988,2,6,77,40.0,8,N,,,Y,언급2회이상_작품내상위15,정승길_v4,
st_14990,이번생도잘부탁해,See You in My 19th Life,drama,신혜선;안보현,무진정,누정,경남 함안군 함안면 괴산4길 25,35.255420,128.422748,https://lh3.googleusercontent.com/place-photos/AG9NLjDp3o5qItsuLR3GuFR2p4NP4RoMmusEiz_MNZpJwMWtZJICV6V3fpaEJoG2w_mKim4rZDovYx8-mPxuUknRcF45WAAMUoboMqMPPiWY9aSuO4NUhqTl5SZ0e60mll3VI50PcXtV2D_CN4jQBw=s4800-w800,https://map.naver.com/p/entry/place/20108366,극 중 반지음이 전생을 기억해내는 무진정 장면,https://kdramamap.com/location/%ec%9d%b4%eb%b2%88%ec%83%9d%eb%8f%84%ec%9e%98%eb%b6%80%ed%83%81%ed%95%b4-%eb%ac%b4%ec%a7%84%ec%a0%95-4993/;https://www.gnfilm.or.kr/location/filmshow/73;https://korea.stripes.com/travel/romance-filled-trip-to-k-drama-filming-locations.html;https://koreatravelart.wordpress.com/2023/07/23/%E4%BB%8A%E7%94%9F%E4%B9%9F%E8%AB%8B%E5%A4%9A%E6%8C%87%E6%95%99%E6%8B%8D%E6%94%9D%E5%9C%B0%E9%BB%9E-see-you-in-my-19th-life-filming-location/,2026-07-28,71,,,,Lee Na-jeong,https://image.tmdb.org/t/p/w500/wwONBdVG7wNm7wVD07aQTZuJGXu.jpg,이번생도잘부탁해,8,28,26,100.0,1,N,,,Y,언급2회이상_작품내상위15,정승길_v4,
st_14988,이번생도잘부탁해,See You in My 19th Life,drama,신혜선;안보현,산청동의보감촌,한방테마파크,경남 산청군 금서면 동의보감로555번길 45-6,35.441066,127.829359,https://lh3.googleusercontent.com/place-photos/AG9NLjCxJtqZNwQxrsBJpPyhRdWpE5fl-wsFeogI_g2qbT_unaJw04D5HqCyOs-bDEdWJzJpZ4MQ_g3MMHhyB-C9i3vlgezkTVLP7lfBdorKQb2OnFHN6UgvzXCHsiJ_Jd56WqPZr2SCNrB6UiSXmts=s4800-w800,https://map.naver.com/p/entry/place/19584978,극 중 무릉교 다리가 촬영지로 등장하는 산청동의보감촌 장면,https://kdramamap.com/location/%ec%9d%b4%eb%b2%88%ec%83%9d%eb%8f%84%ec%9e%98%eb%b6%80%ed%83%81%ed%95%b4-%ec%82%b0%ec%b2%ad%eb%8f%99%ec%9d%98%eb%b3%b4%ea%b0%90%ec%b4%8c-4991/;https://www.gnfilm.or.kr/location/filmshow/73,2026-07-28,71,,,,Lee Na-jeong,https://image.tmdb.org/t/p/w500/wwONBdVG7wNm7wVD07aQTZuJGXu.jpg,이번생도잘부탁해,8,14,26,100.0,2,N,,,Y,언급2회이상_작품내상위15,정승길_v4,
st_14979,이번생도잘부탁해,See You in My 19th Life,drama,신혜선;안보현,채석강,해안절벽,전북 부안군 변산면 격포리,35.632873,126.473262,https://lh3.googleusercontent.com/place-photos/AG9NLjAhERzX7p8DpmgPAr2_C_5rrVIUCvGx1g6HSIB6xW4T5AHIG5C4IvwR3RhBgh5DQE6dt814GIGd6T5WemuO16Pi0-I-pfgJ6TJajcJgixtDZtIdESVtVQmvqAdj8ZFVfYfy2xWDjlD5QXz4=s4800-w800,https://map.naver.com/p/entry/place/4199996923,1화에서 반지음이 전생의 기억을 안고 바닷가 해식동굴에 서 있는 첫 장면,https://kdramamap.com/location/%ec%9d%b4%eb%b2%88%ec%83%9d%eb%8f%84%ec%9e%98%eb%b6%80%ed%83%81%ed%95%b4-%ec%b1%84%ec%84%9d%ea%b0%95-4982/;https://english.visitkorea.or.kr/svc/sp/HallyuNew/contentsView.do?dataSetId=70&vcontsId=198507;https://korea.stripes.com/travel/romance-filled-trip-to-k-drama-filming-locations.html,2026-07-28,71,,,,Lee Na-jeong,https://image.tmdb.org/t/p/w500/wwONBdVG7wNm7wVD07aQTZuJGXu.jpg,이번생도잘부탁해,6,6,26,75.0,3,N,,,Y,언급2회이상_작품내상위15,정승길_v4,
st_14912,이번생도잘부탁해,See You in My 19th Life,drama,신혜선;안보현,스위스그랜드호텔,호텔/숙박,서울 서대문구 연희로 353,37.589378,126.935518,https://lh3.googleusercontent.com/place-photos/AG9NLjAg5wSs8BffmVfodHOFwza78in1UR64ZYKDE9Ork6gYYIi6FlVp7eylNZSfPwMOuNk3chien-TOnEtX08cbWhKnmsMqsl3jB2nR8B0YtbPHC_ZQe5Jm95JJXie3ATJ5Ftnuibo4hWQVf99-Rw=s4800-w800,https://map.naver.com/p/entry/place/11635169,MI그룹 호텔로 등장하며 입구에서 다툼이 벌어지는 장면,https://kdramamap.com/location/%ec%9d%b4%eb%b2%88%ec%83%9d%eb%8f%84%ec%9e%98%eb%b6%80%ed%83%81%ed%95%b4-%ec%8a%a4%ec%9c%84%ec%8a%a4%ea%b7%b8%eb%9e%9c%eb%93%9c%ed%98%b8%ed%85%94-4915/,2026-07-28,71,,,,Lee Na-jeong,https://image.tmdb.org/t/p/w500/wwONBdVG7wNm7wVD07aQTZuJGXu.jpg,이번생도잘부탁해,4,7,26,50.0,4,N,,,Y,언급2회이상_작품내상위15,정승길_v4,
st_14948,이번생도잘부탁해,See You in My 19th Life,drama,신혜선;안보현,롯데월드,,서울 송파구 올림픽로 240,37.511310,127.098142,https://lh3.googleusercontent.com/place-photos/AG9NLjCusFK4e2emuvOOyPIwaDP79qEu_xVII4Zfu1r7nvyFzjCzjcweO_XALyi_Ni6k_TxfPJ6zYqF2_L-fpVzxwGFw5d90XQxRCoKyR8S32VGKER7h0XzpyAY7GZZa6xmn9okLOxptqoHdJrVaNIWefh-9wA=s4800-w800,https://map.naver.com/p/entry/place/1770803178,극 중 롯데월드 회전목마가 배경으로 등장하는 장면,https://kdramamap.com/location/%ec%9d%b4%eb%b2%88%ec%83%9d%eb%8f%84%ec%9e%98%eb%b6%80%ed%83%81%ed%95%b4-%eb%a1%af%eb%8d%b0%ec%9b%94%eb%93%9c-4951/,2026-07-28,71,,,,Lee Na-jeong,https://image.tmdb.org/t/p/w500/wwONBdVG7wNm7wVD07aQTZuJGXu.jpg,이번생도잘부탁해,4,4,26,50.0,5,N,,,Y,언급2회이상_작품내상위15,정승길_v4,
st_14982,이번생도잘부탁해,See You in My 19th Life,drama,신혜선;안보현,부용대,,경북 안동시 풍천면 광덕솔밭길 72,36.544780,128.518179,https://lh3.googleusercontent.com/place-photos/AG9NLjBJxdMHY4T24pxPNqeSkstKQXQrX0PpKxUUIuyysKFoEB-QEqiJdJityTVEP18EX58W5WS2TCGN62WpJhKg9xoGDyJJ9psNVPlQombppSLWUW4Wc3Gvzt3SeT3NVtrZVPPDhlu0zptBc6dWcUc=s4800-w800,https://map.naver.com/p/entry/place/13537288,,https://kdramamap.com/location/%ec%9d%b4%eb%b2%88%ec%83%9d%eb%8f%84%ec%9e%98%eb%b6%80%ed%83%81%ed%95%b4-%eb%b6%80%ec%9a%a9%eb%8c%80-4985/,2026-07-28,71,,,,Lee Na-jeong,https://image.tmdb.org/t/p/w500/wwONBdVG7wNm7wVD07aQTZuJGXu.jpg,이번생도잘부탁해,3,7,26,37.5,6,N,,,Y,언급2회이상_작품내상위15,,
st_14918,이번생도잘부탁해,See You in My 19th Life,drama,신혜선;안보현,청계천,,서울 종로구 서린동 148,37.569266,126.978991,https://lh3.googleusercontent.com/place-photos/AG9NLjBps1C8H6E-7VSZ5SRZ4P2vEmxF_6brWpsAOLR2P48T4cR1wEDeLwrF_IE-G8NO_XYjifmDSsR_vuwf3_-xqerQAC6ICdKY2KM-1CDWHsU3ZeecLQl58Amevo9CN6NkDheWMvyUabH56J1s=s4800-w800,https://map.naver.com/p/entry/place/13491093,극 중 반지음과 서하가 청계천에서 데이트하는 장면,https://kdramamap.com/location/%ec%9d%b4%eb%b2%88%ec%83%9d%eb%8f%84%ec%9e%98%eb%b6%80%ed%83%81%ed%95%b4-%ec%b2%ad%ea%b3%84%ec%b2%9c-4921/,2026-07-28,71,,,,Lee Na-jeong,https://image.tmdb.org/t/p/w500/wwONBdVG7wNm7wVD07aQTZuJGXu.jpg,이번생도잘부탁해,3,5,26,37.5,7,N,,,Y,언급2회이상_작품내상위15,정승길_v4,
st_14989,이번생도잘부탁해,See You in My 19th Life,drama,신혜선;안보현,남사예담촌,한옥마을,경남 산청군 단성면 지리산대로2897번길 10,35.274209,127.936354,https://lh3.googleusercontent.com/place-photos/AG9NLjDHuW9u8Zdhx1bvNITdXPFch_D3S_Yu8aWJ60Q92TTSqgMOIEpfqlsjxkO-UiJtOPGdZaGOeucbz7WPL5V8XpM3ooL4QuXNkErUiINqSb0iWQ55VrTsA5P4BsduWL1KyNpShBVuCLDRTpVIuw=s4800-w800,https://map.naver.com/p/entry/place/12382126,,https://kdramamap.com/location/%ec%9d%b4%eb%b2%88%ec%83%9d%eb%8f%84%ec%9e%98%eb%b6%80%ed%83%81%ed%95%b4-%eb%82%a8%ec%82%ac%ec%98%88%eb%8b%b4%ec%b4%8c-4992/;https://www.gnfilm.or.kr/location/filmshow/73;https://korea.stripes.com/travel/romance-filled-trip-to-k-drama-filming-locations.html,2026-07-28,71,,,,Lee Na-jeong,https://image.tmdb.org/t/p/w500/wwONBdVG7wNm7wVD07aQTZuJGXu.jpg,이번생도잘부탁해,3,3,26,37.5,8,N,,,Y,언급2회이상_작품내상위15,,
st_14985,이번생도잘부탁해,See You in My 19th Life,drama,신혜선;안보현,명선도,,울산 울주군 서생면 진하리,35.380871,129.344979,https://lh3.googleusercontent.com/place-photos/AG9NLjBTUezMRwrmfCDfoK1LB2VqOrQA8uTjdXVy2WzHuJ0hm5jUJQn1NxzdccapEp9y7xRv8GMXxNu2Erlzp0kPM1L6obiaQsmCfBPptEHwmnkyudqmBnRpHAkAe7D0MaBaiF5ax3y7e18s0_gceODHkRJ7vA=s4800-w547,https://map.naver.com/p/entry/place/16613224,극 중 반지음과 서하가 서로의 기억을 찾는 명선도 해변 장면,https://kdramamap.com/location/%ec%9d%b4%eb%b2%88%ec%83%9d%eb%8f%84%ec%9e%98%eb%b6%80%ed%83%81%ed%95%b4-%eb%aa%85%ec%84%a0%eb%8f%84-4988/,2026-07-28,71,,,,Lee Na-jeong,https://image.tmdb.org/t/p/w500/wwONBdVG7wNm7wVD07aQTZuJGXu.jpg,이번생도잘부탁해,3,3,26,37.5,9,N,,,Y,언급2회이상_작품내상위15,정승길_v4,
st_14984,이번생도잘부탁해,See You in My 19th Life,drama,신혜선;안보현,진하해수욕장,해변,울산 울주군 서생면 진하리,35.380871,129.344979,https://lh3.googleusercontent.com/place-photos/AG9NLjDrj3WrnVq6g3pp3xYgAJU_7bFO4-Ixp05bImbf-zoutfJYmjX2nSjEbchSSmEZIEVu1D9ibSNudWJxCFTqxr7jquyGrr5upntk2TRh0oQDoASsXPtfKE9y3tsTdixzgkb9RrKPgftEdWZF=s4800-w800,https://map.naver.com/p/entry/place/317507758,극 중 반지음과 서하가 서로의 기억을 찾는 진하해수욕장 장면,https://kdramamap.com/location/%ec%9d%b4%eb%b2%88%ec%83%9d%eb%8f%84%ec%9e%98%eb%b6%80%ed%83%81%ed%95%b4-%ec%a7%84%ed%95%98%ed%95%b4%ec%88%98%ec%9a%95%ec%9e%a5-4987/,2026-07-28,71,,,,Lee Na-jeong,https://image.tmdb.org/t/p/w500/wwONBdVG7wNm7wVD07aQTZuJGXu.jpg,이번생도잘부탁해,3,3,26,37.5,10,N,,,Y,언급2회이상_작품내상위15,정승길_v4,
st_14950,이번생도잘부탁해,See You in My 19th Life,drama,신혜선;안보현,양주시립민복진미술관,박물관/미술관,경기 양주시 장흥면 권율로 192,37.731155,126.949330,https://lh3.googleusercontent.com/place-photos/AG9NLjDZDAH6wF_OwCy1gT1EYtONbLZ5PZ5qFZFTL7pzcgOtYHbSdGEZ4qwroBAH3f5Cd8yNZmw5qU3Xw47fWGSySYt4zMvEU92UUV1fWCgR8O1-s52kj8WRbHE-YP2_P7cIoXrfoN2MroPQDSUCy8I=s4800-w800,https://map.naver.com/p/entry/place/1401368469,,https://kdramamap.com/location/%ec%9d%b4%eb%b2%88%ec%83%9d%eb%8f%84%ec%9e%98%eb%b6%80%ed%83%81%ed%95%b4-%ec%96%91%ec%a3%bc%ec%8b%9c%eb%a6%bd%eb%af%bc%eb%b3%b5%ec%a7%84%eb%af%b8%ec%88%a0%ea%b4%80-4953/,2026-07-28,71,,,,Lee Na-jeong,https://image.tmdb.org/t/p/w500/wwONBdVG7wNm7wVD07aQTZuJGXu.jpg,이번생도잘부탁해,3,2,26,37.5,11,N,,,Y,언급2회이상_작품내상위15,,
st_14975,이번생도잘부탁해,See You in My 19th Life,drama,신혜선;안보현,별별별장,,강원 강릉시 하남길 197-18,37.807994,128.886227,https://lh3.googleusercontent.com/place-photos/AG9NLjCkF-tflSME-VObubEWVrXb_DbWJ3HrbuA4fk6eD5QO_1SpF-9ZFw_sD9jS5_c1b0trhO2nK1F5b6hWGHcVz6pvFBwjJxQRUChNQQufSBqUYBin6KDWmFJpJA75Upo8aHz4wjHk-LsIyhgENw=s4800-w800,https://map.naver.com/p/entry/place/1548264552,,https://kdramamap.com/location/%ec%9d%b4%eb%b2%88%ec%83%9d%eb%8f%84%ec%9e%98%eb%b6%80%ed%83%81%ed%95%b4-%eb%b3%84%eb%b3%84%eb%b3%84%ec%9e%a5-4978/,2026-07-28,71,,,,Lee Na-jeong,https://image.tmdb.org/t/p/w500/wwONBdVG7wNm7wVD07aQTZuJGXu.jpg,이번생도잘부탁해,2,3,26,25.0,12,N,,,Y,언급2회이상_작품내상위15,,
st_14930,이번생도잘부탁해,See You in My 19th Life,drama,신혜선;안보현,더한옥,유적/한옥,서울 종로구 계동길 75,37.580660,126.986695,https://lh3.googleusercontent.com/place-photos/AG9NLjCdOjSvHt-D5a4VjrFvGYNcoKuZ0tADPckWrhXbsXS4MBXBI95OgWcza2WKTy_7NOqZJVso22TulrzrvZd-SUyBApZYWDvEYSeolSM72VWlkKznvE6Jw5MQkh7rxt_n7hh4ZRGQuXPRy4EuGhg=s4800-w800,https://map.naver.com/p/entry/place/33118794,김애경이 운영하는 애경김치찜 가게로 나온 장면,https://kdramamap.com/location/%ec%9d%b4%eb%b2%88%ec%83%9d%eb%8f%84%ec%9e%98%eb%b6%80%ed%83%81%ed%95%b4-%eb%8d%94%ed%95%9c%ec%98%a5-4933/,2026-07-28,71,,,,Lee Na-jeong,https://image.tmdb.org/t/p/w500/wwONBdVG7wNm7wVD07aQTZuJGXu.jpg,이번생도잘부탁해,2,2,26,25.0,13,N,,,Y,언급2회이상_작품내상위15,정승길_v4,
st_14964,이번생도잘부탁해,See You in My 19th Life,drama,신혜선;안보현,더힐하우스,,경기 양평군 강하면 강남로 489,37.505707,127.438220,,https://map.naver.com/p/entry/place/11556918,극 중 문서하(서하)의 집으로 등장하는 더힐하우스 장면,https://kdramamap.com/location/%ec%9d%b4%eb%b2%88%ec%83%9d%eb%8f%84%ec%9e%98%eb%b6%80%ed%83%81%ed%95%b4-%eb%8d%94%ed%9e%90%ed%95%98%ec%9a%b0%ec%8a%a4-4967/,2026-07-28,71,,,,Lee Na-jeong,https://image.tmdb.org/t/p/w500/wwONBdVG7wNm7wVD07aQTZuJGXu.jpg,이번생도잘부탁해,2,2,26,25.0,14,N,,,Y,언급2회이상_작품내상위15,정승길_v4,
st_14937,이번생도잘부탁해,See You in My 19th Life,drama,신혜선;안보현,세운상가 3층,,서울 중구 을지로 157,37.567146,126.995451,,,극 중 반지음과 민기가 세운상가에서 처음 만나는 장면,https://kdramamap.com/location/%ec%9d%b4%eb%b2%88%ec%83%9d%eb%8f%84%ec%9e%98%eb%b6%80%ed%83%81%ed%95%b4-%ec%84%b8%ec%9a%b4%ec%83%81%ea%b0%80-3%ec%b8%b5-4940/,2026-07-28,71,,,,Lee Na-jeong,https://image.tmdb.org/t/p/w500/wwONBdVG7wNm7wVD07aQTZuJGXu.jpg,이번생도잘부탁해,2,2,26,25.0,15,N,,,Y,언급2회이상_작품내상위15,정승길_v4,
st_20816,이상한 변호사 우영우,Extraordinary Attorney Woo,drama,박은빈;강태오;하윤경,관음사,사찰,제주특별자치도 제주시 산록북로 660,33.423740,126.558124,https://lh3.googleusercontent.com/place-photos/AG9NLjAgfvz5m6nXn2Cr8wEHY17usvoC7R1yfrWye8UJaaoKg3sxi9TOT7Y-VMb3YYYED5xFTHwOZpeTPmpXlLrAa9C_oeo78nOMZEcd_jDUtP7izRvRtP5TpzmC9zOFN-7TRpfuW_QbeWjKg4IsjQ=s4800-w800,https://map.naver.com/p/entry/place/13337736,13~14화 황지사로 등장한 한라산 중턱의 사찰이 촬영지로 쓰였다,https://english.visitkorea.or.kr/svc/whereToGo/hdrdslt/hdrdsltView.do?crsSn=396342&menuSn=217,2026-07-30,4,,,,유인식,https://image.tmdb.org/t/p/w500/yv57TccCkgdy3St7rspBPKROeRK.jpg,이상한변호사우영우,14,101,77,100.0,1,N,,,Y,언급2회이상_작품내상위15,정승길_v4,
st_20807,이상한 변호사 우영우,Extraordinary Attorney Woo,drama,박은빈;강태오;하윤경,우영김밥(카자구루마),분식점,경기도 수원시 팔달구 신풍로23번길 61,,,,,영우 아버지가 운영하는 김밥집으로 등장한 실제 분식점,https://creatrip.com/en/news/12837,2026-07-30,4,,,,유인식,https://image.tmdb.org/t/p/w500/yv57TccCkgdy3St7rspBPKROeRK.jpg,이상한변호사우영우,14,36,77,100.0,2,N,,,Y,언급2회이상_작품내상위15,정승길_v4,
st_15173,이상한변호사우영우,Extraordinary Attorney Woo,drama,박은빈;강태오,카자구루마,,경기 수원시 팔달구 신풍로23번길 61,37.283716,127.011557,https://lh3.googleusercontent.com/place-photos/AG9NLjAqNbWjKJDXeoXKu-MO367Jg_0fSNNO7oNuBwP0fpAHPwaEKSCoJK3yfgF5pQlVHKXmQ16wBn04BKCm-TG7WYwqt7tXBl7asaGWeuzA2DW6VpVU1OL8hMWoKEcNfDrYjZBpT1noUrC0lcaVvA=s4800-w800,,1화부터 우영우 아버지가 김밥을 말아주는 집으로 등장하는 곳.,https://kdramamap.com/location/%ec%9d%b4%ec%83%81%ed%95%9c%eb%b3%80%ed%98%b8%ec%82%ac%ec%9a%b0%ec%98%81%ec%9a%b0-%ec%b9%b4%ec%9e%90%ea%b5%ac%eb%a3%a8%eb%a7%88-2055/,2026-07-28,4,,,,유인식,https://image.tmdb.org/t/p/w500/yv57TccCkgdy3St7rspBPKROeRK.jpg,이상한변호사우영우,14,36,77,100.0,3,N,,,Y,언급2회이상_작품내상위15,정승길_v4,
st_20812,이상한 변호사 우영우,Extraordinary Attorney Woo,drama,박은빈;강태오;하윤경,창원 북부리 팽나무,천연기념물·고목,경상남도 창원시 의창구 대산면 북부리 102-1,35.349106,128.727538,https://lh3.googleusercontent.com/place-photos/AG9NLjCabj0MTldx_osEza5zk8ddhAcWg8bvmJRbXf317mwcarAoKq12K4Raunv203Q3AHYp-27j5iRC0891y5DtKJPJapjDSlWL36b4bgSR_sCXuSHFAhIjeJVEB90uR1AQJY9mNG5ZilzkkCi8X_o=s4800-w800,https://map.naver.com/p/entry/place/1723965655,500년 된 팽나무가 두 차례 장면에 등장했다,https://creatrip.com/en/news/12837,2026-07-30,4,,,,유인식,https://image.tmdb.org/t/p/w500/yv57TccCkgdy3St7rspBPKROeRK.jpg,이상한변호사우영우,8,19,77,57.1,4,N,,,Y,언급2회이상_작품내상위15,정승길_v4,
st_20817,이상한 변호사 우영우,Extraordinary Attorney Woo,drama,박은빈;강태오;하윤경,새연교(새섬),보행교,제주특별자치도 서귀포시 서홍동 707-4,33.238533,126.558886,https://lh3.googleusercontent.com/place-photos/AG9NLjB_NiAvcTzmHQ8OoigR4j4-o3vCTBBAmdJBuUrYcFMClparKV4hzTLoTH1OW2Jxi5EprkoyS5djR4RBIT7vFMsngbspUhg_x1ubS9eOSdlT66Yj1H0Arb3wtxqCTQ8Lwu3qLdwE6Hnp04Xb=s4800-w800,,두 사람이 함께 걷는 다리 장면이 새섬 진입로에서 촬영됐다,https://english.visitkorea.or.kr/svc/whereToGo/hdrdslt/hdrdsltView.do?crsSn=396342&menuSn=217,2026-07-30,4,,,,유인식,https://image.tmdb.org/t/p/w500/yv57TccCkgdy3St7rspBPKROeRK.jpg,이상한변호사우영우,7,42,77,50.0,5,N,,,Y,언급2회이상_작품내상위15,정승길_v4,
st_15172,이상한변호사우영우,Extraordinary Attorney Woo,drama,박은빈;강태오,소소주점,음식점,경기 고양시 일산서구 강성로232번길 8-10,37.675609,126.751944,https://lh3.googleusercontent.com/place-photos/AG9NLjBDN9TkrVlZc1iuaDDGGv_LcjJMg-AjCDKZG8gsg5dQkVo7iSh6UR9ghbDM9wd4prScQq1xhKeMx5qmS07WoAjXYRNlw2_pf7TrZPZzKbRHLF0EYC4sqkoPj9yCgxd90yFxmVottKJZoLI9_g=s4800-w800,https://map.naver.com/p/entry/place/1162931649,동그라미와 우영우가 만나는 레트로 감성 주점,https://kdramamap.com/location/%ec%9d%b4%ec%83%81%ed%95%9c%eb%b3%80%ed%98%b8%ec%82%ac%ec%9a%b0%ec%98%81%ec%9a%b0-%ec%86%8c%ec%86%8c%ec%a3%bc%ec%a0%90-2054/,2026-07-28,4,,,,유인식,https://image.tmdb.org/t/p/w500/yv57TccCkgdy3St7rspBPKROeRK.jpg,이상한변호사우영우,4,34,77,28.6,6,N,,,Y,언급2회이상_작품내상위15,정승길_v4,
st_20810,이상한 변호사 우영우,Extraordinary Attorney Woo,drama,박은빈;강태오;하윤경,장화리 일몰 조망지,해안 전망대,인천광역시 강화군 화도면 장화리 1359,37.616024,126.377742,https://lh3.googleusercontent.com/place-photos/AG9NLjCnQNiYmKXzkQpI5xIxUzbnET6JDukf9esvv84ihIc-Gp-UnLrgewG8m-ilynVs0QVOt59-vjtZbKKgI4MbCY7HZY4HVm2_pdDOVfwCv8CVQV1CWczsE2B9Zc6OvI0tCuXiFW8jB69oWByt=s4800-w800,https://map.naver.com/p/entry/place/21460978,영우와 준호가 함께 노을을 바라보는 장면이 촬영됐다,https://creatrip.com/en/news/12837,2026-07-30,4,,,,유인식,https://image.tmdb.org/t/p/w500/yv57TccCkgdy3St7rspBPKROeRK.jpg,이상한변호사우영우,4,9,77,28.6,7,N,,,Y,언급2회이상_작품내상위15,정승길_v4,
st_15178,이상한변호사우영우,Extraordinary Attorney Woo,drama,박은빈;강태오,센터필드,오피스 빌딩,서울 강남구 테헤란로 231,37.502881,127.041357,https://lh3.googleusercontent.com/place-photos/AG9NLjAnMPeyFBSA3U8v56fkgJqO-Roa01oEY4vYC2Msqz9ht-y4Iu53fm2-pdzSY9ErmCIj1ZoWsXPzh5uUMbcLwLMTU5hy6iJER-lQ8NzIvTCiyc9vrR9CmeqedpNNUvTUAAV_lje751JTlQMuHf4nEVPsEQ=s4800-w800,https://map.naver.com/p/entry/place/2093404620,1화부터 우영우가 다니는 로펌 한바다의 사무실 건물로 등장하는 곳.,https://kdramamap.com/location/%ec%9d%b4%ec%83%81%ed%95%9c%eb%b3%80%ed%98%b8%ec%82%ac%ec%9a%b0%ec%98%81%ec%9a%b0-%ec%84%bc%ed%84%b0%ed%95%84%eb%93%9c-2060/;https://creatrip.com/en/news/12837,2026-07-28,4,,,,유인식,https://image.tmdb.org/t/p/w500/yv57TccCkgdy3St7rspBPKROeRK.jpg,이상한변호사우영우,3,13,77,21.4,8,N,,,Y,언급2회이상_작품내상위15,정승길_v4,
st_20809,이상한 변호사 우영우,Extraordinary Attorney Woo,drama,박은빈;강태오;하윤경,울산지방법원,법원,울산광역시 남구 법대로 55,35.539345,129.287506,https://lh3.googleusercontent.com/place-photos/AG9NLjDLGCacnQGRPBJuK12nc4XT2mOGZ3dNfdnn8Gr-XIaNgdKZPXllfiLiuv3PgcM8V2wSi9J182QOT7oFgksT-8mjhDBp3yjWTc49GIrLVJLlaylGYp1tsZRMbKuDOSq31l4BKLo-IP1JBTcNcD0Tr1kScQ=s4800-w800,https://map.naver.com/p/entry/place/11628089,법정 공방 장면이 촬영된 실제 법원 청사,https://creatrip.com/en/news/12837,2026-07-30,4,,,,유인식,https://image.tmdb.org/t/p/w500/yv57TccCkgdy3St7rspBPKROeRK.jpg,이상한변호사우영우,3,10,77,21.4,9,N,,,Y,언급2회이상_작품내상위15,정승길_v4,
st_20815,이상한 변호사 우영우,Extraordinary Attorney Woo,drama,박은빈;강태오;하윤경,함덕해수욕장,해수욕장,제주특별자치도 제주시 조천읍 조함해안로 525,33.543062,126.669239,https://lh3.googleusercontent.com/place-photos/AG9NLjD6ZuDknlLrAz9a7-U4V_G544JB3qYGpqEgCpdEBVfxbEfF57wSCjvIucpC0omDVLMcO-arFmfaGCJHKoKhw4ryL6YRNVBcsR23nveGuu_jyUTC9aMOGQCh_T_MTTDwB68zVm1e1LScFcit_PY=s4800-w800,https://map.naver.com/p/entry/place/11491805,제주 동쪽 대표 해변으로 등장한 장면이 촬영됐다,https://english.visitkorea.or.kr/svc/whereToGo/hdrdslt/hdrdsltView.do?crsSn=396342&menuSn=217,2026-07-30,4,,,,유인식,https://image.tmdb.org/t/p/w500/yv57TccCkgdy3St7rspBPKROeRK.jpg,이상한변호사우영우,3,3,77,21.4,10,N,,,Y,언급2회이상_작품내상위15,정승길_v4,
st_15308,이재곧죽습니다,Death's Game,drama,서인국;박소담;김지훈;최시원,울산대교,다리,울산 남구 매암동 139-60,35.509863,129.384165,https://lh3.googleusercontent.com/place-photos/AG9NLjB4GnX_ryqg6GNSLa_X_OMjyKmKGP5aCAZrPdtYcovKuJ7lQ43Zp4GkP_1Ba6IMkJSwlFNV87AeZY1GHPokUxYDLfSREUP6FCIxoHajU4KYXBjWszJeTIt1RB6W0RwIQFn2VFFk3pcjTc1TuBk=s4800-w800,https://map.naver.com/p/entry/place/16580435,2화에서 이주훈(장승조)이 오토바이로 추격전을 벌이다 폭발이 일어나는 장면,https://kdramamap.com/location/%ec%9d%b4%ec%9e%ac%ea%b3%a7%ec%a3%bd%ec%8a%b5%eb%8b%88%eb%8b%a4-%ec%9a%b8%ec%82%b0%eb%8c%80%ea%b5%90-5856/;https://blog.naver.com/ulsan_nuri/223365425619,2026-07-28,16,,,,Ha Byung-hoon,https://image.tmdb.org/t/p/w500/v3HpOEZtckMurMjNquzWddfwwcP.jpg,이재곧죽습니다,6,26,43,100.0,1,N,,,Y,언급2회이상_작품내상위15,정승길_v4,
st_15307,이재곧죽습니다,Death's Game,drama,서인국;박소담;김지훈;최시원,태화강국가정원,자연/명소,울산 중구 태화동 107,35.550078,129.299077,https://lh3.googleusercontent.com/place-photos/AG9NLjCTAKzYAb7keqktSCXAZRevj4dPEGqWuZcIx5AaJ-95nT7vPX-jrZEmRmXyGjl4NmHggGXw-z6yMIDwqIvkHN6InXSV-8EvdC5URBnyhzoHJMEPxwFPJc0rv-504FhVHfk59V3xE1oUodPiN3c=s4800-w800,https://map.naver.com/p/entry/place/20771493,8화에서 이재 어머니(김미경)가 숲길을 걷는 장면,https://kdramamap.com/location/%ec%9d%b4%ec%9e%ac%ea%b3%a7%ec%a3%bd%ec%8a%b5%eb%8b%88%eb%8b%a4-%ed%83%9c%ed%99%94%ea%b0%95%ea%b5%ad%ea%b0%80%ec%a0%95%ec%9b%90-5855/,2026-07-28,16,,,,Ha Byung-hoon,https://image.tmdb.org/t/p/w500/v3HpOEZtckMurMjNquzWddfwwcP.jpg,이재곧죽습니다,5,31,43,83.3,2,N,,,Y,언급2회이상_작품내상위15,정승길_v4,
st_15299,이재곧죽습니다,Death's Game,drama,서인국;박소담;김지훈;최시원,보령청보리밭,,충남 보령시 천북면 천광로 73-1,36.479940,126.531048,,,마지막회에서 엄마가 된 이재가 생을 마감하는 장면의 배경이 된 카페,https://kdramamap.com/location/%ec%9d%b4%ec%9e%ac%ea%b3%a7%ec%a3%bd%ec%8a%b5%eb%8b%88%eb%8b%a4-%eb%b3%b4%eb%a0%b9%ec%b2%ad%eb%b3%b4%eb%a6%ac%eb%b0%ad-5847/,2026-07-28,16,,,,Ha Byung-hoon,https://image.tmdb.org/t/p/w500/v3HpOEZtckMurMjNquzWddfwwcP.jpg,이재곧죽습니다,5,18,43,83.3,3,N,,,Y,언급2회이상_작품내상위15,정승길_v4,
st_15306,이재곧죽습니다,Death's Game,drama,서인국;박소담;김지훈;최시원,경주 오봉산 마당바위,,경북 경주시 서면 천촌리 산 56,35.852592,129.048088,https://lh3.googleusercontent.com/place-photos/AG9NLjDChUzeB0AZo7QzrLbn401K7wOSnZCInqi2EI9VxPFKN4TOhLr7mCqIQ4Z5hFHref2M8LusHw_LZf7wKo4g4gNIUj0t7SgaO8tsq0Z8Z_9sigyIBD36RfW57NcKSPbJcO6RejpFzfw4qEVO=s4800-w800,,,https://kdramamap.com/location/%ec%9d%b4%ec%9e%ac%ea%b3%a7%ec%a3%bd%ec%8a%b5%eb%8b%88%eb%8b%a4-%ea%b2%bd%ec%a3%bc-%ec%98%a4%eb%b4%89%ec%82%b0-%eb%a7%88%eb%8b%b9%eb%b0%94%ec%9c%84-5854/,2026-07-28,16,,,,Ha Byung-hoon,https://image.tmdb.org/t/p/w500/v3HpOEZtckMurMjNquzWddfwwcP.jpg,이재곧죽습니다,3,3,43,50.0,5,N,,,Y,언급2회이상_작품내상위15,,
st_15254,이재곧죽습니다,Death's Game,drama,서인국;박소담;김지훈;최시원,연남장,카페/레스토랑,서울 서대문구 연희로5길 22,37.564330,126.927585,https://lh3.googleusercontent.com/place-photos/AG9NLjB6D9H0QFuOqnfVu7GqxE8tUmVzTfY20vJgBB34jSDgOms78xoaj2iO1w-85Xs684jz95p7ZO1S5_EHgJLf7a-3FCuVDDSFJXve4gMDvWp2Z8kIFF22JBjYKAtZHbZDG6ncIbJ8uVEPaRzl1g=s4800-w800,https://map.naver.com/p/entry/place/1760425180,,https://kdramamap.com/location/%ec%9d%b4%ec%9e%ac%ea%b3%a7%ec%a3%bd%ec%8a%b5%eb%8b%88%eb%8b%a4-%ec%97%b0%eb%82%a8%ec%9e%a5-5802/;https://www.tel-co.net/story/166,2026-07-28,16,,,,Ha Byung-hoon,https://image.tmdb.org/t/p/w500/v3HpOEZtckMurMjNquzWddfwwcP.jpg,이재곧죽습니다,2,5,43,33.3,6,N,,,Y,언급2회이상_작품내상위15,,
st_15257,이재곧죽습니다,Death's Game,drama,서인국;박소담;김지훈;최시원,약현성당,성당,서울 중구 청파로 447-1,37.559193,126.966980,https://lh3.googleusercontent.com/place-photos/AG9NLjCWbkc_MTxoWsvt24uMDmD5g_yBfi3bd6eduNHgSYBKqRVo1dYdKpicT8FL3Tko0aXznhDTuPDaiuEqepkkBE4gwLd5wyzWDtbBqDGntUgYxBhZvXix0flPpvRLUwJ6nsk4e4d4J3vTnfLDUjI=s4800-w800,https://map.naver.com/p/entry/place/1003653399,,https://kdramamap.com/location/%ec%9d%b4%ec%9e%ac%ea%b3%a7%ec%a3%bd%ec%8a%b5%eb%8b%88%eb%8b%a4-%ec%95%bd%ed%98%84%ec%84%b1%eb%8b%b9-5805/;https://www.tel-co.net/story/166,2026-07-28,16,,,,Ha Byung-hoon,https://image.tmdb.org/t/p/w500/v3HpOEZtckMurMjNquzWddfwwcP.jpg,이재곧죽습니다,2,3,43,33.3,7,N,,,Y,언급2회이상_작품내상위15,,
st_15294,이재곧죽습니다,Death's Game,drama,서인국;박소담;김지훈;최시원,더체어펜션,,강원 홍천군 서면 모곡강변길 151,37.699177,127.607305,,,6화에서 정규철의 작업실 외경으로 등장하는 장면,https://kdramamap.com/location/%ec%9d%b4%ec%9e%ac%ea%b3%a7%ec%a3%bd%ec%8a%b5%eb%8b%88%eb%8b%a4-%eb%8d%94%ec%b2%b4%ec%96%b4%ed%8e%9c%ec%85%98-5842/,2026-07-28,16,,,,Ha Byung-hoon,https://image.tmdb.org/t/p/w500/v3HpOEZtckMurMjNquzWddfwwcP.jpg,이재곧죽습니다,2,2,43,33.3,8,N,,,Y,언급2회이상_작품내상위15,정승길_v4,
st_15271,이재곧죽습니다,Death's Game,drama,서인국;박소담;김지훈;최시원,인천차이나타운,관광지,인천 제물포구 차이나타운로 41,37.475632,126.619851,https://lh3.googleusercontent.com/place-photos/AG9NLjDAbVLCO1TvS3nyyflv-3FPFm1nOOsnuQxYxnYo81AphAlVaiFzXQ6wObB7JM9nZfOjHEP3K4iozBfStxlQNBYWlIy1Pbl-Vkvmk1Mw5VJETbJ8EIw3O2lgeSOGzTSXIE9Uef_du_4mu79FVCE=s4800-w640,https://map.naver.com/p/entry/place/37430622,"이곳은 드라마 <도깨비> 촬영지로도 유명하며, 인천 차이나타운 바로 옆이라 먹거리 투어와 병행하기 좋습니다.",https://kdramamap.com/location/%ec%9d%b4%ec%9e%ac%ea%b3%a7%ec%a3%bd%ec%8a%b5%eb%8b%88%eb%8b%a4-%ec%9d%b8%ec%b2%9c%ec%b0%a8%ec%9d%b4%eb%82%98%ed%83%80%ec%9a%b4-5819/;https://www.tel-co.net/story/166,2026-07-28,16,,,,Ha Byung-hoon,https://image.tmdb.org/t/p/w500/v3HpOEZtckMurMjNquzWddfwwcP.jpg,이재곧죽습니다,2,2,43,33.3,9,N,,,Y,언급2회이상_작품내상위15,블로그크롤링_2026-08-01,https://blog.naver.com/okkorea0/224264769302
st_15318,이태원클라쓰,Itaewon Class,drama,박서준;김다미;권나라;유재명,녹사평육교,다리,서울 용산구 녹사평대로 40길,37.534538,126.987680,https://lh3.googleusercontent.com/place-photos/AG9NLjDLhC6fOEhP7NU-UoI-wHZm4cZlAqnbDxVVsC3SZhfEUtnPDiFTeudzn1fBYRO1IaP8AkRMB5H2LMJx_MBWnYfYMlmsQOxTrKggD7OnGCuciPZjacQweLdbi4H5-GPjOhVfAWb1Uy4kYVfYFQ=s4800-w800,,2회부터 사람들이 정기적으로 이 고가를 건넜다. 2회에서 오수아(권나라)는 이태원으로 향하는 길을 걷는다. 3화에서 조이서(김다미)와 장근수(김동희)도 스쿠터를 타고 등장합니다. 그리고 4화 초반에 박새로이(박서준)가 등장한다. 6회에서는 새로이와 이서가 다리에서 우연히 만난다.,https://kdramamap.com/location/%ec%9d%b4%ed%83%9c%ec%9b%90%ed%81%b4%eb%9d%bc%ec%93%b0-%eb%85%b9%ec%82%ac%ed%8f%89%ec%9c%a1%ea%b5%90-2069/;https://traveltodrama.com/itaewon-class-filming-locations-guide/,2026-07-28,57,,,,Kim Seong-yoon,https://image.tmdb.org/t/p/w500/2tTMci6Hq99gkagpYe19RulNXRr.jpg,이태원클라쓰,21,61,90,100.0,1,N,,,Y,언급2회이상_작품내상위15,정승길_v4,
st_15327,이태원클라쓰,Itaewon Class,drama,박서준;김다미;권나라;유재명,단밤2호점(오리올),명소,서울 용산구 신흥로20길 43,37.547398,126.984058,https://lh3.googleusercontent.com/place-photos/AG9NLjCKQwoJj2Pa7bhtO_D1asv5GOzTw81U4cewvb_1GI5l3OGMhoGuBMnCKI4IcbqQuliHOTiRoxjicdC2xfK7Xx-h1BgJHgcOQr-tT5wgenCHo1BhXyLfsxFhSmU-JLirDbrgoRfKbQ8LPQ4-fvzwQ2IO9A=s4800-w800,,2화에서 박새로이(박서준)가 집까지 걸어가자고 하자 그녀가 하룻밤 묵어 가자고 했지만 거절당한다.,https://kdramamap.com/location/%ec%9d%b4%ed%83%9c%ec%9b%90%ed%81%b4%eb%9d%bc%ec%93%b0-%eb%8b%a8%eb%b0%a42%ed%98%b8%ec%a0%90-%ec%98%a4%eb%a6%ac%ec%98%ac-2078/,2026-07-28,57,,,,Kim Seong-yoon,https://image.tmdb.org/t/p/w500/2tTMci6Hq99gkagpYe19RulNXRr.jpg,이태원클라쓰,18,103,90,85.7,2,N,,,Y,언급2회이상_작품내상위15,정승길_v4,
st_20830,이태원 클라쓰,Itaewon Class,drama,박서준;김다미;유재명,용산구청,관공서,서울 용산구 녹사평대로 150,37.5324522944579,126.990478820837,https://lh3.googleusercontent.com/place-photos/AG9NLjD2P9TXZBOvM_4pOvdRJjzxPpj1TPAgTycg5FB2m5KobgfgJuzmziRrvgqimmlaC7xxMRpKLzpeG5IqRpBi6eNh7g-JmBRchROOgqAx6Ob_iq14jejMRhPhOav_soal_POcGPA0OOOBn7m9Fw=s4800-w800,https://map.naver.com/p/entry/place/11627899,,https://traveltodrama.com/itaewon-class-filming-locations-guide/,2026-07-30,57,,,,Kim Seong-yoon,https://image.tmdb.org/t/p/w500/2tTMci6Hq99gkagpYe19RulNXRr.jpg,이태원클라쓰,14,22,90,66.7,3,N,,,Y,언급2회이상_작품내상위15,,
st_15329,이태원클라쓰,Itaewon Class,drama,박서준;김다미;권나라;유재명,이태원거리(세계음식문화거리),역/교통,서울 용산구 이태원동 108-3,37.535021,126.994592,,https://map.naver.com/p/entry/place/38338135,2회에서 박새로이(박서준)가 이 역에서 내린다.,https://kdramamap.com/location/%ec%9d%b4%ed%83%9c%ec%9b%90%ed%81%b4%eb%9d%bc%ec%93%b0-%ec%9d%b4%ed%83%9c%ec%9b%90%ea%b1%b0%eb%a6%ac-%ec%84%b8%ea%b3%84%ec%9d%8c%ec%8b%9d%eb%ac%b8%ed%99%94%ea%b1%b0%eb%a6%ac-2080/;https://traveltodrama.com/itaewon-class-filming-locations-guide/,2026-07-28,57,,,,Kim Seong-yoon,https://image.tmdb.org/t/p/w500/2tTMci6Hq99gkagpYe19RulNXRr.jpg,이태원클라쓰,11,25,90,52.4,4,N,,,Y,언급2회이상_작품내상위15,정승길_v4,
st_15326,이태원클라쓰,Itaewon Class,drama,박서준;김다미;권나라;유재명,G게스트하우스,명소,서울 용산구 보광로 60길 14-38,37.533228,126.994960,https://lh3.googleusercontent.com/place-photos/AG9NLjA_XHKX2VCiodSliLcqPB4-c_nx6cxvVdmwynuVQnv-awzHXF9OkkmNxgjJXK-u9uOGYjgaPif2ST2UUM8b1aaZje0ZoTpGT-Cvuc0SUAOdcRFv8XuTVOsOquvmxFSCGjL25xYwLwtzoLaWzA=s4800-w800,https://map.naver.com/p/entry/place/34842719,조이서가 다니던 독서실,https://kdramamap.com/location/%ec%9d%b4%ed%83%9c%ec%9b%90%ed%81%b4%eb%9d%bc%ec%93%b0-g%ea%b2%8c%ec%8a%a4%ed%8a%b8%ed%95%98%ec%9a%b0%ec%8a%a4-2077/;https://traveltodrama.com/itaewon-class-filming-locations-guide/,2026-07-28,57,,,,Kim Seong-yoon,https://image.tmdb.org/t/p/w500/2tTMci6Hq99gkagpYe19RulNXRr.jpg,이태원클라쓰,10,29,90,47.6,5,N,,,Y,언급2회이상_작품내상위15,정승길_v4,
st_15328,이태원클라쓰,Itaewon Class,drama,박서준;김다미;권나라;유재명,꿀밤포차,음식점,서울 용산구 우사단로 14길 3 2층,37.534118,126.995866,https://lh3.googleusercontent.com/place-photos/AG9NLjAfcyhRxxuGjgzJ1cI3GKYaPA4ArG2AtMRWLsC8HnQ-lNcoWHdybOK29FEltXQqsbO1Bkc8aCWJojcZXhc1s4v3MQLkIIPYGJ0xN0YbmKCKXJkpc5R1RFwF3mnsVHYfgpKK64roVPjU8jvsW-YJwIYzmw=s4800-w800,,조이서가 다니던 독서실,https://kdramamap.com/location/%ec%9d%b4%ed%83%9c%ec%9b%90%ed%81%b4%eb%9d%bc%ec%93%b0-%ea%bf%80%eb%b0%a4%ed%8f%ac%ec%b0%a8-2079/,2026-07-28,57,,,,Kim Seong-yoon,https://image.tmdb.org/t/p/w500/2tTMci6Hq99gkagpYe19RulNXRr.jpg,이태원클라쓰,7,13,90,33.3,6,N,,,Y,언급2회이상_작품내상위15,정승길_v4,
st_15320,이태원클라쓰,Itaewon Class,drama,박서준;김다미;권나라;유재명,화장실,,서울 용산구 녹사평대로 40길 56,37.534321,126.988870,https://lh3.googleusercontent.com/place-photos/AG9NLjBCr3Cit0T33KBpQ_zjhUdrTUp_KtDX2zL4hJIWUoS6PQ8NAGm89mQW5A5O3ejX_gjIKBKEHme121tdVknqzgyKUfvlgUiFNBoMYro_tmQU9W3wSyrDZNQWI3fScAanl9gYKg7XnSfEPc_Baj4=s4800-w800,https://map.naver.com/p/entry/place/1300789898,봉변당한 조이서를 새로이가 우연히 도와주며 두 사람이 처음 만난 화장실 장면의 배경.,https://kdramamap.com/location/%ec%9d%b4%ed%83%9c%ec%9b%90%ed%81%b4%eb%9d%bc%ec%93%b0-%ed%99%94%ec%9e%a5%ec%8b%a4-2071/,2026-07-28,57,,,,Kim Seong-yoon,https://image.tmdb.org/t/p/w500/2tTMci6Hq99gkagpYe19RulNXRr.jpg,이태원클라쓰,7,11,90,33.3,7,N,,,Y,언급2회이상_작품내상위15,정승길_v4,
st_15321,이태원클라쓰,Itaewon Class,drama,박서준;김다미;권나라;유재명,단밤1호점,,서울 용산구 녹사평대로 40길 59,37.534476,126.989097,https://lh3.googleusercontent.com/place-photos/AG9NLjCKQwoJj2Pa7bhtO_D1asv5GOzTw81U4cewvb_1GI5l3OGMhoGuBMnCKI4IcbqQuliHOTiRoxjicdC2xfK7Xx-h1BgJHgcOQr-tT5wgenCHo1BhXyLfsxFhSmU-JLirDbrgoRfKbQ8LPQ4-fvzwQ2IO9A=s4800-w800,,단밤 포차 1호점 촬영을 위해 곱창집 건물을 개조해 사용한 촬영 세트 거리다.,https://kdramamap.com/location/%ec%9d%b4%ed%83%9c%ec%9b%90%ed%81%b4%eb%9d%bc%ec%93%b0-%eb%8b%a8%eb%b0%a41%ed%98%b8%ec%a0%90-2072/,2026-07-28,57,,,,Kim Seong-yoon,https://image.tmdb.org/t/p/w500/2tTMci6Hq99gkagpYe19RulNXRr.jpg,이태원클라쓰,6,34,90,28.6,8,N,,,Y,언급2회이상_작품내상위15,정승길_v4,
st_15314,이태원클라쓰,Itaewon Class,drama,박서준;김다미;권나라;유재명,장가포차(만만코코로),음식점,서울 마포구 양화로16길 34,37.552888,126.921357,,,장가포차'의 이태원점으로 등장한다. 6회에서는 오수아(권나라)가 길에서 박새로이(박서준)에게 다가간 후 그곳을 지나간다.,https://kdramamap.com/location/%ec%9d%b4%ed%83%9c%ec%9b%90%ed%81%b4%eb%9d%bc%ec%93%b0-%ec%9e%a5%ea%b0%80%ed%8f%ac%ec%b0%a8-%eb%a7%8c%eb%a7%8c%ec%bd%94%ec%bd%94%eb%a1%9c-2065/,2026-07-28,57,,,,Kim Seong-yoon,https://image.tmdb.org/t/p/w500/2tTMci6Hq99gkagpYe19RulNXRr.jpg,이태원클라쓰,6,14,90,28.6,9,N,,,Y,언급2회이상_작품내상위15,정승길_v4,
st_20821,이태원 클라쓰,Itaewon Class,drama,박서준;김다미;유재명,1기 단밤(언덕집소곱창),음식점,서울 용산구 녹사평대로 40길 57,37.534472389975,126.988995163791,https://lh3.googleusercontent.com/place-photos/AG9NLjCKQwoJj2Pa7bhtO_D1asv5GOzTw81U4cewvb_1GI5l3OGMhoGuBMnCKI4IcbqQuliHOTiRoxjicdC2xfK7Xx-h1BgJHgcOQr-tT5wgenCHo1BhXyLfsxFhSmU-JLirDbrgoRfKbQ8LPQ4-fvzwQ2IO9A=s4800-w800,,박새로이와 창립 멤버들이 첫 번째 포차 '단밤'을 함께 일구는 장면의 실제 촬영지,https://traveltodrama.com/itaewon-class-filming-locations-guide/,2026-07-30,57,,,,Kim Seong-yoon,https://image.tmdb.org/t/p/w500/2tTMci6Hq99gkagpYe19RulNXRr.jpg,이태원클라쓰,6,9,90,28.6,10,N,,,Y,언급2회이상_작품내상위15,정승길_v4,
st_15317,이태원클라쓰,Itaewon Class,drama,박서준;김다미;권나라;유재명,잠수교(반포대교),기타(교량),서울 서초구 반포동 649-1,37.512227,126.997815,https://lh3.googleusercontent.com/place-photos/AG9NLjAZnhDsACot4sX-TXiwrJEjQiyYGq0KfE8uq9vDHdxCTwto0DPouPPmLlsY73FjtozpQou6oHwXkaobHQecB9_fONRk7Qosfu4-779fHtuVYNc_sTMD3-I9nNr374sxI4uEX8-eMielDZAoIA=s4800-w800,https://map.naver.com/p/entry/place/18762982,이태원클라쓰 속 인물들이 다리를 걷는 장면 촬영지로 쓰인 잠수교다.,https://kdramamap.com/location/%ec%9d%b4%ed%83%9c%ec%9b%90%ed%81%b4%eb%9d%bc%ec%93%b0-%ec%9e%a0%ec%88%98%ea%b5%90-%eb%b0%98%ed%8f%ac%eb%8c%80%ea%b5%90-2068/;https://traveltodrama.com/itaewon-class-filming-locations-guide/,2026-07-28,57,,,,Kim Seong-yoon,https://image.tmdb.org/t/p/w500/2tTMci6Hq99gkagpYe19RulNXRr.jpg,이태원클라쓰,5,15,90,23.8,11,N,,,Y,언급2회이상_작품내상위15,정승길_v4,
st_15334,이태원클라쓰,Itaewon Class,drama,박서준;김다미;권나라;유재명,놀이터(창의어린이공원),음식점,서울 용산구 회나무로6길 11-8,37.538406,126.989035,,,9회에서 박새로이(박서준)의 두 번째 식당과 같은 거리에 위치하도록 만들어진 '마루당 식당'으로 등장한다.,https://kdramamap.com/location/%ec%9d%b4%ed%83%9c%ec%9b%90%ed%81%b4%eb%9d%bc%ec%93%b0-%eb%86%80%ec%9d%b4%ed%84%b0-%ec%b0%bd%ec%9d%98%ec%96%b4%eb%a6%b0%ec%9d%b4%ea%b3%b5%ec%9b%90-2085/,2026-07-28,57,,,,Kim Seong-yoon,https://image.tmdb.org/t/p/w500/2tTMci6Hq99gkagpYe19RulNXRr.jpg,이태원클라쓰,5,9,90,23.8,12,N,,,Y,언급2회이상_작품내상위15,정승길_v4,
st_15325,이태원클라쓰,Itaewon Class,drama,박서준;김다미;권나라;유재명,수아네집(뉴일무이),명소,서울 용산구 두텁바위로 40길 28-16,37.547497,126.983871,,,2화에서 박새로이(박서준)가 집까지 걸어가자고 하자 그녀가 하룻밤 묵어 가자고 했지만 거절당한다.,https://kdramamap.com/location/%ec%9d%b4%ed%83%9c%ec%9b%90%ed%81%b4%eb%9d%bc%ec%93%b0-%ec%88%98%ec%95%84%eb%84%a4%ec%a7%91-%eb%89%b4%ec%9d%bc%eb%ac%b4%ec%9d%b4-2076/;https://traveltodrama.com/itaewon-class-filming-locations-guide/,2026-07-28,57,,,,Kim Seong-yoon,https://image.tmdb.org/t/p/w500/2tTMci6Hq99gkagpYe19RulNXRr.jpg,이태원클라쓰,5,8,90,23.8,13,N,,,Y,언급2회이상_작품내상위15,정승길_v4,
st_20824,이태원 클라쓰,Itaewon Class,drama,박서준;김다미;유재명,만만코로코로(장가포차),음식점,서울 마포구 양화로16길 34,37.5528878290259,126.921357057691,,,극 중 경쟁사 장가포차의 화려한 매장으로 등장하는 장면,https://traveltodrama.com/itaewon-class-filming-locations-guide/,2026-07-30,57,,,,Kim Seong-yoon,https://image.tmdb.org/t/p/w500/2tTMci6Hq99gkagpYe19RulNXRr.jpg,이태원클라쓰,5,6,90,23.8,14,N,,,Y,언급2회이상_작품내상위15,정승길_v4,
st_15333,이태원클라쓰,Itaewon Class,drama,박서준;김다미;권나라;유재명,더파이니스트,음식점,서울 용산구 회나무로 41,37.539835,126.991167,https://lh3.googleusercontent.com/place-photos/AG9NLjDEWINpKN52DTrLBAowoESyrlqzn2-9x_SYLdZ-gOi_RpcRTZXhFVkBz7jkf8X3EEBztC4FDeSAj4k4ICs7FuFTUJTSN8eMwWJLRgxm3_ZFoeW7xugYzWbtdtsW-nV6-4Vv-2C_H1p_XmIeJQ=s4800-w800,,"4회 말미, 박새로이(박서준)와 조이서(김다미)가 술을 마시러 이 술집을 찾아온다.",https://kdramamap.com/location/%ec%9d%b4%ed%83%9c%ec%9b%90%ed%81%b4%eb%9d%bc%ec%93%b0-%eb%8d%94%ed%8c%8c%ec%9d%b4%eb%8b%88%ec%8a%a4%ed%8a%b8-2084/;https://traveltodrama.com/itaewon-class-filming-locations-guide/,2026-07-28,57,,,,Kim Seong-yoon,https://image.tmdb.org/t/p/w500/2tTMci6Hq99gkagpYe19RulNXRr.jpg,이태원클라쓰,4,8,90,19.0,15,N,,,Y,언급2회이상_작품내상위15,정승길_v4,
mv_2319_01,인천상륙작전,Operation Chromite,movie,이정재;이범수;리암 니슨;진세연;정준호,합천영상테마파크,오픈세트장(테마파크),경남 합천군 용주면 합천호수로 757,35.54875124468043,128.0718460684288,https://lh3.googleusercontent.com/place-photos/AG9NLjCv95QlhIEWg6AKF3e7x2f_VFlm2cYnuBlrYHWJeWRLfu0t24rbKP_rwVvKDaAz0tlsFNtEJRaZLjb0kyZVvFFzhN-tAKY-pK0vdjjqOsnfzRlOx8tAVfwftPLg9UXCQOh4fW8d_msTS0Brpxg=s4800-w800,https://map.naver.com/p/entry/place/13291032,북한군 점령하 인천 시가지로 꾸며진 세트에서 첩보부대가 총격전을 벌이는 장면,https://www.cinematheque.co.kr/travel/24191;https://korean.visitkorea.or.kr/detail/ms_detail.do?cotid=5ed63a65-4cb8-4a6e-b7b8-d0edd5f6b368,2026-07-31,,,7033357,,이재한,https://image.tmdb.org/t/p/w500/h44Sm0A0M0KdI4aQnrbBVypeAad.jpg,인천상륙작전,3,29,45,100.0,1,N,,,Y,언급2회이상_작품내상위15,정승길_v4,
mv_2319_04,인천상륙작전,Operation Chromite,movie,이정재;이범수;리암 니슨;진세연;정준호,계명대학교 성서캠퍼스,대학교,대구 달서구 달구벌대로 1095,35.85586772774384,128.4845367856981,https://lh3.googleusercontent.com/place-photos/AG9NLjBQSyDtFawJw8qnmockaehIerXXuxHSgorc2O3tSlpiyS9ixNrQ2MhzSY3nVIoPWR7Ms4aKOjC4HWfXDD4ONE4jkFjtGepEzsYBRqMoZ4Zz0zbUtmvH0NpyD5ktT8lVhPV-UgZfvPKVCkRvupU=s4800-w800,https://map.naver.com/p/entry/place/16414172,,https://www.cinematheque.co.kr/travel/24198,2026-07-31,,,7033357,,이재한,https://image.tmdb.org/t/p/w500/h44Sm0A0M0KdI4aQnrbBVypeAad.jpg,인천상륙작전,0,0,45,0.0,2,N,,,Y,언급부족_데이터품질기준보존,,
mv_2319_02,인천상륙작전,Operation Chromite,movie,이정재;이범수;리암 니슨;진세연;정준호,삽교호함상공원,함상공원,충남 당진시 신평면 삽교천3길 79,36.889841042162,126.826156518451,https://lh3.googleusercontent.com/place-photos/AG9NLjBli9ri-Z3gD49SPZGJoX2evJ5pT8UCnKdjneU4-x0Odxvu5ywEIlvZKFEFR3n8EnuUCqfGCFT_BUP1rxr3qEAsFq_e6Xme10U17mXIO5m8pnVxpBumVqVB5ykHtH4KfwYtZ4r6yB1XKc0Z=s4800-w800,,맥아더 장군이 함상에서 인천상륙작전을 진두지휘하는 장면,https://www.cinematheque.co.kr/travel/24195,2026-07-31,,,7033357,,이재한,https://image.tmdb.org/t/p/w500/h44Sm0A0M0KdI4aQnrbBVypeAad.jpg,인천상륙작전,0,0,45,0.0,5,N,,,Y,언급부족_데이터품질기준보존,정승길_v4,
st_15668,작은아씨들,Little Women,drama,김고은;남지현;박지후,에이미,,서울 마포구 와우산로27길 62,37.555330,126.925427,,,에이미 마치가 그림을 그리던 장면이에요,https://kdramamap.com/location/%ec%9e%91%ec%9d%80%ec%95%84%ec%94%a8%eb%93%a4-%ec%97%90%ec%9d%b4%eb%af%b8-2767/,2026-07-28,51,,,,Vanessa Caswill,https://image.tmdb.org/t/p/w500/6qzMhtTyNwpaAthrAbojojfHWrs.jpg,작은아씨들,6,22,81,100.0,1,N,,,Y,언급2회이상_작품내상위15,블로그크롤링_2026-08-01,https://blog.naver.com/yjwitch85/222157366115
st_15686,작은아씨들,Little Women,drama,김고은;남지현;박지후,아베크청담,,서울 강남구 선릉로 823,37.525636,127.039343,https://lh3.googleusercontent.com/place-photos/AG9NLjCDLc1XE_jUTHcecVhiCFKeixe2Eut0jXO06ULSYhBfddo8kejixmLV5zUFXhTXsKoLIxqevXoKdiRKb69gqHvQQwHkCxHV89ceLEbkDvVA6sCktKs3IYm-F-b9JflDJ8g3VjQ42Ko3wQHNuEb0t_MH=s4800-w800,https://map.naver.com/p/entry/place/1846214116,극 중 오인주(김고은)와 최도일(위하준)이 바에서 만나 쪽지를 주고받으며 밀담을 나누는 장면,https://kdramamap.com/location/%ec%9e%91%ec%9d%80%ec%95%84%ec%94%a8%eb%93%a4-%ec%95%84%eb%b2%a0%ed%81%ac%ec%b2%ad%eb%8b%b4-2785/,2026-07-28,51,,,,Vanessa Caswill,https://image.tmdb.org/t/p/w500/6qzMhtTyNwpaAthrAbojojfHWrs.jpg,작은아씨들,4,41,81,66.7,2,N,,,Y,언급2회이상_작품내상위15,정승길_v4,
st_15679,작은아씨들,Little Women,drama,김고은;남지현;박지후,보칼리노,레스토랑,서울 종로구 새문안로 97 2층,37.570698,126.975398,https://lh3.googleusercontent.com/place-photos/AG9NLjDG-v3k270Ki0JHoI9epy6pDrj9WiJdH06w2VfHj5ILtoP3bq1_TrPv2bCefSgAXgcXle_PmquTk4mejLvLXB60a73igB5H-sBxkvXpi1aUkA_BmDFk54OHM3CEPRWCOLI-YaSi57qKh6bnq7lpwwYbJQ=s4800-w800,https://map.naver.com/p/entry/place/38623401,1화에서 오인주(김고은)와 진화영(추자현)이 부자놀이를 하며 고급 이탈리안 레스토랑을 찾는 장면,https://kdramamap.com/location/%ec%9e%91%ec%9d%80%ec%95%84%ec%94%a8%eb%93%a4-%eb%b3%b4%ec%b9%bc%eb%a6%ac%eb%85%b8-2778/;https://blog.naver.com/tammara/222877226942;https://blog.naver.com/hsc_one1/223096442745,2026-07-28,51,,,,Vanessa Caswill,https://image.tmdb.org/t/p/w500/6qzMhtTyNwpaAthrAbojojfHWrs.jpg,작은아씨들,3,12,81,50.0,3,N,,,Y,언급2회이상_작품내상위15,정승길_v4,
st_15676,작은아씨들,Little Women,drama,김고은;남지현;박지후,바캉스커피,카페,서울 중구 남대문로9길 12 9층,37.566866,126.981745,https://lh3.googleusercontent.com/place-photos/AG9NLjANuc9xR6uf8D9EdN3212Xq3X_vBlheJb9bDZBk0s601E_k1pbIuOnPQ1B9F33TPWHWgg8vO-XynAEZ-fMubfih91V99NzdbWI7oVN8T2RxgYc-CFNUsrxsDbJxImalzb486_jvMstkxYDznQ=s4800-w800,https://map.naver.com/p/entry/place/1105473067,"2화 중반, 오인주(김고은)가 진화영을 따돌린 직원을 만나 대화를 나누는 장면",https://kdramamap.com/location/%ec%9e%91%ec%9d%80%ec%95%84%ec%94%a8%eb%93%a4-%eb%b0%94%ec%ba%89%ec%8a%a4%ec%bb%a4%ed%94%bc-2775/,2026-07-28,51,,,,Vanessa Caswill,https://image.tmdb.org/t/p/w500/6qzMhtTyNwpaAthrAbojojfHWrs.jpg,작은아씨들,2,10,81,33.3,4,N,,,Y,언급2회이상_작품내상위15,정승길_v4,
st_16111,조각도시,,drama,지창욱;도경수;이광수,장흥교도소,,전남광주통합특별시 장흥군 용산면 장흥대로 2667,,,,,,https://kdramamap.com/location/%ec%a1%b0%ea%b0%81%eb%8f%84%ec%8b%9c-%ec%9e%a5%ed%9d%a5%ea%b5%90%eb%8f%84%ec%86%8c-15277/,2026-07-28,78,,,,Park Shin-woo;김창주,https://image.tmdb.org/t/p/w500/pwin3qnVXs9tD3nU5hkl70wO1dx.jpg,조각도시,5,10,51,100.0,1,N,,,Y,언급2회이상_작품내상위15,,
st_16110,조각도시,,drama,지창욱;도경수;이광수,(구)광주교도소,,전남광주통합특별시 북구 문흥동 88-1,35.187161,126.930272,,,박태중이 억울하게 수감되는 극중 '구안교도소'의 배경으로 등장한 옛 교도소. 야간 서치라이트 조명 연출로 촬영,https://kdramamap.com/location/%ec%a1%b0%ea%b0%81%eb%8f%84%ec%8b%9c-%ea%b5%ac-%ea%b4%91%ec%a3%bc%ea%b5%90%eb%8f%84%ec%86%8c-15276/,2026-07-28,78,,,,Park Shin-woo;김창주,https://image.tmdb.org/t/p/w500/pwin3qnVXs9tD3nU5hkl70wO1dx.jpg,조각도시,3,11,51,60.0,2,N,,,Y,언급2회이상_작품내상위15,정승길_v4,
st_16109,조각도시,The Manipulated,drama,지창욱;도경수;이광수,인제 스피디움,자동차경주장,강원 인제군 기린면 상하답로 130,38.002723,128.295159,https://lh3.googleusercontent.com/place-photos/AG9NLjDdTQrMcDK_3X7jQ7yB1mY86S62BhvQcBwiDAckF9aLslGLZVBz4VNQCsHAmQP5znz2CLomChP-cvZgcpfRfxzwKmbOkh23DE79emNy8Qf5qOB1TP_R413bo61lYIhctoMgbkTs0E6JvQNLLqQ=s4800-w800,https://map.naver.com/p/entry/place/32779150,"5~6화, 죄수들이 상금 50억을 걸고 목숨을 건 카레이싱을 벌이는 장면이 촬영된 서킷",https://kdramamap.com/location/%ec%a1%b0%ea%b0%81%eb%8f%84%ec%8b%9c-%ec%9d%b8%ec%a0%9c-%ec%8a%a4%ed%94%bc%eb%94%94%ec%9b%80-15275/;https://kdramalocations.com/dramas/the-manipulated;https://haechi-travel.tistory.com/429,2026-07-28,78,,,,Park Shin-woo;김창주,https://image.tmdb.org/t/p/w500/pwin3qnVXs9tD3nU5hkl70wO1dx.jpg,조각도시,2,5,51,40.0,3,N,,,Y,언급2회이상_작품내상위15,정승길_v4,
st_16104,조각도시,,drama,지창욱;도경수;이광수,마임비전빌리지,,경기 여주시 세종대왕면 용은길 28,37.290669,127.540148,,https://map.naver.com/p/entry/place/13320432,7~8화에서 백 의원과 백도경이 안요한의 저택을 찾아가 태중을 처리하라고 협박하는 장면,https://kdramamap.com/location/%ec%a1%b0%ea%b0%81%eb%8f%84%ec%8b%9c-%eb%a7%88%ec%9e%84%eb%b9%84%ec%a0%84%eb%b9%8c%eb%a6%ac%ec%a7%80-15270/,2026-07-28,78,,,,Park Shin-woo;김창주,https://image.tmdb.org/t/p/w500/pwin3qnVXs9tD3nU5hkl70wO1dx.jpg,조각도시,2,4,51,40.0,4,N,,,Y,언급2회이상_작품내상위15,정승길_v4,
st_16074,조각도시,The Manipulated,drama,지창욱;도경수;이광수,광탄성당,성당,경기 파주시 광탄면 심궁로 76-38,37.778093,126.859039,https://lh3.googleusercontent.com/place-photos/AG9NLjC9WJRdVd_hs1MwY-6qGSv5cdvF_V3aMc5awQrwS6CI5g-tVFWngM0rOV0MIydP3lk7crPKpaChMzWMo41TPa7taz8BPaRCkovre33iCLCY6L3TYchxgFoGidTQQIz09I_Ayvtk9pUhBLPJFQ=s4800-w800,https://map.naver.com/p/entry/place/13454019,,https://kdramamap.com/location/%ec%a1%b0%ea%b0%81%eb%8f%84%ec%8b%9c-%ea%b4%91%ed%83%84%ec%84%b1%eb%8b%b9-15240/;https://kdramalocations.com/dramas/the-manipulated;https://haechi-travel.tistory.com/429,2026-07-28,78,,,,Park Shin-woo;김창주,https://image.tmdb.org/t/p/w500/pwin3qnVXs9tD3nU5hkl70wO1dx.jpg,조각도시,2,3,51,40.0,5,N,,,Y,언급2회이상_작품내상위15,,
st_16055,조각도시,The Manipulated,drama,지창욱;도경수;이광수,서소문역사공원,공원,서울 중구 칠패로 5,37.560568,126.968867,https://lh3.googleusercontent.com/place-photos/AG9NLjBth0oy-vAIM7fVGHKCxf--FRvpzbkxWBz39NtG2I1gkoeAvRdUkgQH2YcxLMCDPdve0V2tWe-fN4wBdAWgdUES7-ECRe8cGnDYKuj-0xWZILyKDyxqF0VoJNyNXWzuUXL8dGRLtg9znb9aJGc=s4800-w800,https://map.naver.com/p/entry/place/37581712,,https://kdramamap.com/location/%ec%a1%b0%ea%b0%81%eb%8f%84%ec%8b%9c-%ec%84%9c%ec%86%8c%eb%ac%b8%ec%97%ad%ec%82%ac%ea%b3%b5%ec%9b%90-15221/;https://www.tonboriday.com/2025/11/all-10-manipulated-kdrama-filming.html?m=1;https://haechi-travel.tistory.com/429;https://kdramalocations.com/dramas/the-manipulated,2026-07-28,78,,,,Park Shin-woo;김창주,https://image.tmdb.org/t/p/w500/pwin3qnVXs9tD3nU5hkl70wO1dx.jpg,조각도시,2,2,51,40.0,6,N,,,Y,언급2회이상_작품내상위15,,
st_16112,조각도시,,drama,지창욱;도경수;이광수,쌍용양회 문경공장,,경북 문경시 신기로 250,36.639022,128.176465,https://lh3.googleusercontent.com/place-photos/AG9NLjDaGRwMPTnfLZCmJiA1WE32gvHJkqv0q-4GBmTw6wfE4J2iPBkS382a3zgkLmhLRfMhD4uId4BWDyo23UYkropv4GyEFuvOvOitdTubyS7MPkEV7PyRoV1tAs7Ii8wHNOy770mZNSzowN9KDvY=s4800-w800,https://map.naver.com/p/entry/place/1062639529,5~6화에서 죄수들이 상금 50억을 걸고 목숨을 건 자동차 경주를 벌이고 태중이 탈출하는 장면,https://kdramamap.com/location/%ec%a1%b0%ea%b0%81%eb%8f%84%ec%8b%9c-%ec%8c%8d%ec%9a%a9%ec%96%91%ed%9a%8c-%eb%ac%b8%ea%b2%bd%ea%b3%b5%ec%9e%a5-15278/,2026-07-28,78,,,,Park Shin-woo;김창주,https://image.tmdb.org/t/p/w500/pwin3qnVXs9tD3nU5hkl70wO1dx.jpg,조각도시,2,2,51,40.0,7,N,,,Y,언급2회이상_작품내상위15,정승길_v4,
st_16092,조각도시,The Manipulated,drama,지창욱;도경수;이광수,아라마리나,마리나,경기 김포시 고촌읍 아라육로270번길 73,37.599295,126.789157,https://lh3.googleusercontent.com/place-photos/AG9NLjDydAvxsz9pftNFOTR5oqlWEWX5-DTI_xIAv5feV4wFLZ75QArBTykVrPSXKUtUWRK0_EJhdNkB4hKETBCOQdok1zHVjWy_zfrdONBNlJRJaIuJavPe7O9BG4Hij4TG4cKIUhi5AEAn6av6vTc=s4800-w800,https://map.naver.com/p/entry/place/518033977,,https://kdramamap.com/location/%ec%a1%b0%ea%b0%81%eb%8f%84%ec%8b%9c-%ec%95%84%eb%9d%bc%eb%a7%88%eb%a6%ac%eb%82%98-15258/;https://kdramalocations.com/dramas/the-manipulated;https://haechi-travel.tistory.com/429,2026-07-28,78,,,,Park Shin-woo;김창주,https://image.tmdb.org/t/p/w500/pwin3qnVXs9tD3nU5hkl70wO1dx.jpg,조각도시,2,2,51,40.0,8,N,,,Y,언급2회이상_작품내상위15,,
st_16101,조각도시,,drama,지창욱;도경수;이광수,칼리오페,,경기 용인시 처인구 성산로170번길 23-1,37.248140,127.192837,https://lh3.googleusercontent.com/place-photos/AG9NLjD7SEGMz44yOO861MALLQqIR_e6eIBH9cSrS1X338BIqJrJcFxD93GScCYChReIfBHUeTn1JVNxfr8is-BoJs8kbGRmmhmVv1REX6vS7_gSjlUcBDomVB7VS3w7lYHlIIdGw2UuR5fnuS6EWjgmbgw-8w=s4800-w800,https://map.naver.com/p/entry/place/1991652381,,https://kdramamap.com/location/%ec%a1%b0%ea%b0%81%eb%8f%84%ec%8b%9c-%ec%b9%bc%eb%a6%ac%ec%98%a4%ed%8e%98-15267/,2026-07-28,78,,,,Park Shin-woo;김창주,https://image.tmdb.org/t/p/w500/pwin3qnVXs9tD3nU5hkl70wO1dx.jpg,조각도시,2,2,51,40.0,9,N,,,Y,언급2회이상_작품내상위15,,
st_16062,조각도시,,drama,지창욱;도경수;이광수,테헤란로,,서울 강남구 역삼동 804,37.501249,127.038332,,,,https://kdramamap.com/location/%ec%a1%b0%ea%b0%81%eb%8f%84%ec%8b%9c-%ed%85%8c%ed%97%a4%eb%9e%80%eb%a1%9c-15228/,2026-07-28,78,,,,Park Shin-woo;김창주,https://image.tmdb.org/t/p/w500/pwin3qnVXs9tD3nU5hkl70wO1dx.jpg,조각도시,2,2,51,40.0,10,N,,,Y,언급2회이상_작품내상위15,,
st_20837,조립식 가족,Family by Choice,drama,황인엽;정채연;배현성,감포 해국길,관광거리,경북 경주시 감포읍 감포로 119-6,35.8048184547196,129.501882865249,https://lh3.googleusercontent.com/place-photos/AG9NLjD9Jvkk90heoB9Y-GRM7hCsxVMYNkD2JzhVX3HbUZRok6tqSRVdBRMwSn6fJXIx-ZTiJFxcXBtWz9OxO1owxtcEmb0CnGG_s65uOmf8n8qV76ZmUoal3YGRRuwzuRNahaiMI2ldpdPqQWYXXg=s4800-w800,,극 중 윤씨네 칼국수 가게 주변의 감포 계단길로 등장하는 장면,https://blog.naver.com/hsc_one1/223674890253;https://blog.naver.com/tnfl12rja/223897562432;https://blog.naver.com/moonsun116/224184998304,2026-07-30,68,,,,Kim Seung-ho,https://image.tmdb.org/t/p/w500/fQmC6mDWI00yaLhNxyKJEhFbDUB.jpg,조립식가족,24,131,64,100.0,1,N,,,Y,언급2회이상_작품내상위15,정승길_v4,
st_16186,조립식가족,Family by Choice,drama,황인엽;정채연;배현성,아르볼,카페,경북 경주시 감포읍 감포안길 10-1,35.805274,129.501736,,https://map.naver.com/p/entry/place/1639547176,극중 윤씨네 칼국수 가게 자리로 등장한 카페다,https://kdramamap.com/location/%ec%a1%b0%eb%a6%bd%ec%8b%9d%ea%b0%80%ec%a1%b1-%ec%95%84%eb%a5%b4%eb%b3%bc-9914/;https://blog.naver.com/hsc_one1/223674890253;https://blog.naver.com/tnfl12rja/223897562432,2026-07-28,68,,,,Kim Seung-ho,https://image.tmdb.org/t/p/w500/fQmC6mDWI00yaLhNxyKJEhFbDUB.jpg,조립식가족,23,79,64,95.8,2,N,,,Y,언급2회이상_작품내상위15,정승길_v4,
st_16184,조립식가족,Family by Choice,drama,황인엽;정채연;배현성,감포항,항구/방파제,경북 경주시 감포읍,35.807379,129.501640,,https://map.naver.com/p/entry/place/21323669,"주원, 달, 산하, 해준이 함께 찾은 바닷가 마을 배경으로 등장하는 감포항",https://kdramamap.com/location/%ec%a1%b0%eb%a6%bd%ec%8b%9d%ea%b0%80%ec%a1%b1-%ea%b0%90%ed%8f%ac%ed%95%ad-9912/;https://blog.naver.com/hsc_one1/223674890253;https://blog.naver.com/tnfl12rja/223897562432,2026-07-28,68,,,,Kim Seung-ho,https://image.tmdb.org/t/p/w500/fQmC6mDWI00yaLhNxyKJEhFbDUB.jpg,조립식가족,19,52,64,79.2,3,N,,,Y,언급2회이상_작품내상위15,정승길_v4,
st_16175,조립식가족,Family by Choice,drama,황인엽;정채연;배현성,근화여자고등학교,학교,경북 경주시 승삼2길 55,35.870585,129.227317,https://lh3.googleusercontent.com/place-photos/AG9NLjA-Vu5qR00c3QrJA32kjopky3oB2q9LId3OfL9_rUT7_ktZTaFVv9w7AqiaTqoVjqjFalJkpBL67W_vE_Y3t5BdIHZghgUs8udNlM4VnlSixFtb6o5n9GEyrvwq75KF35hyqZtqWg1_ta90Fg=s4800-w800,https://map.naver.com/p/entry/place/11556601,극중 해동고등학교로 등장하는 외경 촬영지다,https://kdramamap.com/location/%ec%a1%b0%eb%a6%bd%ec%8b%9d%ea%b0%80%ec%a1%b1-%ea%b7%bc%ed%99%94%ec%97%ac%ec%9e%90%ea%b3%a0%eb%93%b1%ed%95%99%ea%b5%90-9903/;https://blog.naver.com/hsc_one1/223674890253;https://blog.naver.com/tnfl12rja/223897562432,2026-07-28,68,,,,Kim Seung-ho,https://image.tmdb.org/t/p/w500/fQmC6mDWI00yaLhNxyKJEhFbDUB.jpg,조립식가족,19,31,64,79.2,4,N,,,Y,언급2회이상_작품내상위15,정승길_v4,
st_16190,조립식가족,Family by Choice,drama,황인엽;정채연;배현성,읍천항,항구/방파제,경북 경주시 양남면 양남항구길 27-2,35.692054,129.473609,https://lh3.googleusercontent.com/place-photos/AG9NLjCkOW_q0TJhwUuNVyx0AzniCbbnzKaAh7uCdSg3b31Lm6IXSV6kFFUBrTZN6ib3_x0Rk_7d7LScfIHvc8ayM7SSDeCLhu-0fFl12FUeSFQxI0pIX6JiOAhELAV7VLoyo2b0aBdF1wc-9wJI=s4800-w800,https://map.naver.com/p/entry/place/1807014154,"1회, 어린 주원이 놀러 간 바닷가로 등장하는 포구",https://kdramamap.com/location/%ec%a1%b0%eb%a6%bd%ec%8b%9d%ea%b0%80%ec%a1%b1-%ec%9d%8d%ec%b2%9c%ed%95%ad-9918/;https://blog.naver.com/hsc_one1/223674890253;https://blog.naver.com/tnfl12rja/223897562432,2026-07-28,68,,,,Kim Seung-ho,https://image.tmdb.org/t/p/w500/fQmC6mDWI00yaLhNxyKJEhFbDUB.jpg,조립식가족,16,27,64,66.7,5,N,,,Y,언급2회이상_작품내상위15,정승길_v4,
st_16178,조립식가족,Family by Choice,drama,황인엽;정채연;배현성,경주읍성,,경북 경주시 동문로 31,35.847276,129.213881,https://lh3.googleusercontent.com/place-photos/AG9NLjAoWGjhh0RBXIRCspCa9aCQ_3XhLN6qMC1xAIiEmSNXHOGCsqno6RyK7D_2xx5iJruatbL-rAxIzqU2p29m5AjXY_PZMG9l9nFxeopM-vK841iDyNOWXXirjEuxmuQWkNTpsIJ6DkXYpd6J=s4800-w800,https://map.naver.com/p/entry/place/1981648180,극 중 등장인물이 경주읍성에서 누나와 만나 대화하는 장면,https://kdramamap.com/location/%ec%a1%b0%eb%a6%bd%ec%8b%9d%ea%b0%80%ec%a1%b1-%ea%b2%bd%ec%a3%bc%ec%9d%8d%ec%84%b1-9906/,2026-07-28,68,,,,Kim Seung-ho,https://image.tmdb.org/t/p/w500/fQmC6mDWI00yaLhNxyKJEhFbDUB.jpg,조립식가족,11,15,64,45.8,6,N,,,Y,언급2회이상_작품내상위15,정승길_v4,
st_16160,조립식가족,Family by Choice,drama,황인엽;정채연;배현성,동화마을슈퍼,,인천 제물포구 자유공원로 101,37.477769,126.622773,https://lh3.googleusercontent.com/place-photos/AG9NLjDbiKgdT3ndV-ABpiDnGqGvi5Pp1zsfKZKJa5W2g5m5HD7z10JlllBmWoLTFpOSdm0EgTbaRZSkkfRbxCjCrbXN8l3t0TclyM-fQsagLGZe6vEK0p_py4eARyaDwN03qtVQuo2IWvU2t3LEiZn8aYwSjg=s4800-w800,https://map.naver.com/p/entry/place/19407292,극 중 어린 시절 인물들이 드나드는 동네 슈퍼로 등장하는 장면,https://kdramamap.com/location/%ec%a1%b0%eb%a6%bd%ec%8b%9d%ea%b0%80%ec%a1%b1-%eb%8f%99%ed%99%94%eb%a7%88%ec%9d%84%ec%8a%88%ed%8d%bc-9888/,2026-07-28,68,,,,Kim Seung-ho,https://image.tmdb.org/t/p/w500/fQmC6mDWI00yaLhNxyKJEhFbDUB.jpg,조립식가족,9,14,64,37.5,7,N,,,Y,언급2회이상_작품내상위15,정승길_v4,
st_16122,조립식가족,Family by Choice,drama,황인엽;정채연;배현성,고려대학교 구로병원,학교,서울 구로구 구로동로 148,37.491150,126.884511,https://lh3.googleusercontent.com/place-photos/AG9NLjA0oOsxK0NNaWSrMkeMDRg2sGJdJWqKpLrTRI6n3BOWzyTi6oG5MTGt1x1jlouYgtVIJzkES22AkNiRjR-uixfg67hF9E2u-r9pWVgfoIauzlou1y1hzLQReUcRzeUHEl8ZFjRAwg544541wQ=s4800-w800,https://map.naver.com/p/entry/place/18958178,극중 산하가 근무하는 병원으로 등장한다,https://kdramamap.com/location/%ec%a1%b0%eb%a6%bd%ec%8b%9d%ea%b0%80%ec%a1%b1-%ea%b3%a0%eb%a0%a4%eb%8c%80%ed%95%99%ea%b5%90-%ea%b5%ac%eb%a1%9c%eb%b3%91%ec%9b%90-9850/;https://blog.naver.com/hsc_one1/223674890253;https://blog.naver.com/tnfl12rja/223897562432,2026-07-28,68,,,,Kim Seung-ho,https://image.tmdb.org/t/p/w500/fQmC6mDWI00yaLhNxyKJEhFbDUB.jpg,조립식가족,9,9,64,37.5,8,N,,,Y,언급2회이상_작품내상위15,정승길_v4,
st_16171,조립식가족,Family by Choice,drama,황인엽;정채연;배현성,화본역,역/교통,대구 군위군 산성면 산성가음로 711-9,36.126651,128.694885,https://lh3.googleusercontent.com/place-photos/AG9NLjAmTQVGxsl2k0Q2z1lI-3n9ZkISAlEfeCxblmnH7AQevzQ36WFZOAdbgEGuNEqoqgl0p5HtOneQhb2zHnLe1oi-kP8nvL1EkPoIC6zMzGJhNf18b05WKqftUkeEgY35UIlMhsGW2wZNVBtynA=s4800-w800,https://map.naver.com/p/entry/place/1409556046,극중 주원이 이용하는 기차역으로 등장한다,https://kdramamap.com/location/%ec%a1%b0%eb%a6%bd%ec%8b%9d%ea%b0%80%ec%a1%b1-%ed%99%94%eb%b3%b8%ec%97%ad-9899/;https://blog.naver.com/hsc_one1/223674890253,2026-07-28,68,,,,Kim Seung-ho,https://image.tmdb.org/t/p/w500/fQmC6mDWI00yaLhNxyKJEhFbDUB.jpg,조립식가족,8,29,64,33.3,9,N,,,Y,언급2회이상_작품내상위15,정승길_v4,
st_16121,조립식가족,Family by Choice,drama,황인엽;정채연;배현성,푸른수목원,자연/명소,서울 구로구 항동 96-4,37.4839833354275,126.82541340864,https://lh3.googleusercontent.com/place-photos/AG9NLjBznlfulyaj1hsREBBxUqBbsMTgL8g5aVcusEW7dexXc90CqASb6eCG6L0myklbcfpSHLSeosXllYLQo0DXfyV48h4mSrEIKvqSDWnTY6Q0Lg-THplIXOzFIkfx-VmWjQjXtmbIk1b-ZW8eNw=s4800-w800,https://map.naver.com/p/entry/place/32581850,불량배와의 격투 장면이 촬영된 곳이다,https://kdramamap.com/location/%ec%a1%b0%eb%a6%bd%ec%8b%9d%ea%b0%80%ec%a1%b1-%ed%91%b8%eb%a5%b8%ec%88%98%eb%aa%a9%ec%9b%90-9849/;https://blog.naver.com/hsc_one1/223674890253;https://blog.naver.com/tnfl12rja/223897562432,2026-07-28,68,,,,Kim Seung-ho,https://image.tmdb.org/t/p/w500/fQmC6mDWI00yaLhNxyKJEhFbDUB.jpg,조립식가족,8,12,64,33.3,10,N,,,Y,언급2회이상_작품내상위15,정승길_v4,
st_16169,조립식가족,Family by Choice,drama,황인엽;정채연;배현성,강촌레일파크,,강원 춘천시 남산면 서백길 57,37.842745,127.550947,https://lh3.googleusercontent.com/place-photos/AG9NLjB1TWowQeZvOozhJCCgFfsu9rgfSB-CAN_5FMRd-AlJZ8p-Liw-289hfMqSDHK1KzvA2ktZGyw95d2FZgrL9T8DLS3A3FMBMYn-XHxZa9EPpyQhIgY7gP5pZpYBNo9QSCQQHUHIQ9zkJxAOfmU=s4800-w800,https://map.naver.com/p/entry/place/1832283314,5회에서 산하와 주원이 레일바이크를 타는 장면의 배경으로 등장,https://kdramamap.com/location/%ec%a1%b0%eb%a6%bd%ec%8b%9d%ea%b0%80%ec%a1%b1-%ea%b0%95%ec%b4%8c%eb%a0%88%ec%9d%bc%ed%8c%8c%ed%81%ac-9897/,2026-07-28,68,,,,Kim Seung-ho,https://image.tmdb.org/t/p/w500/fQmC6mDWI00yaLhNxyKJEhFbDUB.jpg,조립식가족,8,10,64,33.3,11,N,,,Y,언급2회이상_작품내상위15,정승길_v4,
st_16176,조립식가족,Family by Choice,drama,황인엽;정채연;배현성,성건주공아파트,,경북 경주시 한빛길20번길 43,35.854712,129.203609,https://lh3.googleusercontent.com/place-photos/AG9NLjAi4jJyUCznD05s2KRoxynzsE4xCRxviKLH_CWzEYDWMfuvUgOwRgrFHJyQ2avml38gR5Q-kDB4px4s5_KwOfWEPYpkfv_bO4f6u4FSJO5IQWBsOPtYNVm-9NaX32lL770sJdv7BpiHdoHcjb1D7Ahxvw=s4800-w800,https://map.naver.com/p/entry/place/15740887,극 중 주원과 가족들이 사는 빌라 외관과 주거지로 등장하는 장면,https://kdramamap.com/location/%ec%a1%b0%eb%a6%bd%ec%8b%9d%ea%b0%80%ec%a1%b1-%ec%84%b1%ea%b1%b4%ec%a3%bc%ea%b3%b5%ec%95%84%ed%8c%8c%ed%8a%b8-9904/,2026-07-28,68,,,,Kim Seung-ho,https://image.tmdb.org/t/p/w500/fQmC6mDWI00yaLhNxyKJEhFbDUB.jpg,조립식가족,7,11,64,29.2,12,N,,,Y,언급2회이상_작품내상위15,정승길_v4,
st_16174,조립식가족,Family by Choice,drama,황인엽;정채연;배현성,빛누리정원,자연/명소,경북 경주시 황성동 982-1,35.864226,129.208090,https://lh3.googleusercontent.com/place-photos/AG9NLjDrimLvS8w9f9b4qzFIRislcbrdm9SAgDLkQ21FVdiwDPqmvno8xS5BLN-cTVBGe7-EXJolb5GGuu3KfR74a5l4O7J2SYAR7t1B7hjU3LfL-QFTLASBsTyLItjCX3vRffdSjKWpOGEowiFWFQ=s4800-w800,,극 중 주인공들이 붕어빵을 먹으며 데이트하는 장면,https://kdramamap.com/location/%ec%a1%b0%eb%a6%bd%ec%8b%9d%ea%b0%80%ec%a1%b1-%eb%b9%9b%eb%88%84%eb%a6%ac%ec%a0%95%ec%9b%90-9902/,2026-07-28,68,,,,Kim Seung-ho,https://image.tmdb.org/t/p/w500/fQmC6mDWI00yaLhNxyKJEhFbDUB.jpg,조립식가족,7,10,64,29.2,13,N,,,Y,언급2회이상_작품내상위15,정승길_v4,
st_16196,조립식가족,Family by Choice,drama,황인엽;정채연;배현성,웨스틴조선 부산,자연/명소,부산 해운대구 동백로 67,35.155993,129.154043,,https://map.naver.com/p/entry/place/11565526,해운대 바다를 배경으로 한 장면이 촬영된 호텔이다,https://kdramamap.com/location/%ec%a1%b0%eb%a6%bd%ec%8b%9d%ea%b0%80%ec%a1%b1-%ec%9b%a8%ec%8a%a4%ed%8b%b4%ec%a1%b0%ec%84%a0-%eb%b6%80%ec%82%b0-9924/;https://blog.naver.com/hsc_one1/223674890253;https://blog.naver.com/tnfl12rja/223897562432,2026-07-28,68,,,,Kim Seung-ho,https://image.tmdb.org/t/p/w500/fQmC6mDWI00yaLhNxyKJEhFbDUB.jpg,조립식가족,7,9,64,29.2,14,N,,,Y,언급2회이상_작품내상위15,정승길_v4,
st_16197,조립식가족,Family by Choice,drama,황인엽;정채연;배현성,광안리해수욕장,해변,부산 수영구 광안해변로 219,35.153773,129.118520,https://lh3.googleusercontent.com/place-photos/AG9NLjClItHVuMrBisDVf14clZwuqg3GG6hmrF-8LoLV-WShAO9eazIDsDJLpKxHu1OXSDcFb87z5o3SfbMbAR1-UzN6LJ5e-MP-eH8Yo5aYQafOqmQ3xlUehrIti6AoDWlmzXfxU81E7fUjgWM5fBY=s4800-w800,https://map.naver.com/p/entry/place/11491655,3회에서 해준과 산하가 함께 간 바다로 등장하는 해수욕장,https://kdramamap.com/location/%ec%a1%b0%eb%a6%bd%ec%8b%9d%ea%b0%80%ec%a1%b1-%ea%b4%91%ec%95%88%eb%a6%ac%ed%95%b4%ec%88%98%ec%9a%95%ec%9e%a5-9925/;https://blog.naver.com/hsc_one1/223674890253;https://blog.naver.com/tnfl12rja/223897562432,2026-07-28,68,,,,Kim Seung-ho,https://image.tmdb.org/t/p/w500/fQmC6mDWI00yaLhNxyKJEhFbDUB.jpg,조립식가족,7,8,64,29.2,15,N,,,Y,언급2회이상_작품내상위15,정승길_v4,
st_16351,중증외상센터,The Trauma Code: Heroes on Call,drama,주지훈;추영우;윤경호,이대서울병원,병원,서울 강서구 공항대로 260,37.557263,126.836267,https://lh3.googleusercontent.com/place-photos/AG9NLjDXUJ5xLiQHDFfJAfkdjzcfBxg4_8ggSkYQbA7qrEddn5Z9RVGR-DaYq4KTmkaifaw5KItLUQ6JZKtTv4-xzRjZVBqeP7yx_1ZUbKRkJoPxZs8NTmNirCZxfEley0ccH0nsdOThywyrmMTl=s4800-w800,https://map.naver.com/p/entry/place/1300011982,극중 '한국대학교병원'으로 등장해 병원 외경과 로비·응급진료센터 입구 등을 촬영한 메인 무대.,https://kdramamap.com/location/%ec%a4%91%ec%a6%9d%ec%99%b8%ec%83%81%ec%84%bc%ed%84%b0-%ec%9d%b4%eb%8c%80%ec%84%9c%ec%9a%b8%eb%b3%91%ec%9b%90-15287/;https://needmore.tistory.com/29;https://bkbrokr.com/375,2026-07-28,20,,,,Lee Do-yoon,https://image.tmdb.org/t/p/w500/yCjhV8ss6L6wTezkhq5F5TIiyV4.jpg,중증외상센터,23,106,53,100.0,1,N,,,Y,언급2회이상_작품내상위15,정승길_v4,
st_16381,중증외상센터,The Trauma Code: Heroes on Call,drama,주지훈;추영우;윤경호,베스티안병원,병원,충북 청주시 흥덕구 오송읍 오송생명1로 191,36.636429,127.321641,https://lh3.googleusercontent.com/place-photos/AG9NLjCGiqueN-ybYSl4RabKmFabMtt4Nv-p4TY8T0eMRIPHOkOl2hEUaUqrjjHwN10j7bZBgiU_ShnVaW9WRJEqOuuzGuc1d2W41eNYO9jetpnJUhWHPc3dsZHwTl2b8jTIkC-4LZm5MMoOKljM0Fk=s4800-w550,https://map.naver.com/p/entry/place/1885165055,닥터헬기 헬기장과 병원 강당의 코드블루 안내방송 장면을 촬영한 곳.,https://kdramamap.com/location/%ec%a4%91%ec%a6%9d%ec%99%b8%ec%83%81%ec%84%bc%ed%84%b0-%eb%b2%a0%ec%8a%a4%ed%8b%b0%ec%95%88%eb%b3%91%ec%9b%90-15317/;https://bkbrokr.com/375,2026-07-28,20,,,,Lee Do-yoon,https://image.tmdb.org/t/p/w500/yCjhV8ss6L6wTezkhq5F5TIiyV4.jpg,중증외상센터,14,18,53,60.9,2,N,,,Y,언급2회이상_작품내상위15,정승길_v4,
st_20842,중증외상센터,Trauma Center,drama,주지훈;추영우;윤경호,오송첨단의료산업진흥재단,연구시설,충북 청주시 흥덕구 오송읍 오송생명로 123,36.635404,127.324632,https://lh3.googleusercontent.com/place-photos/AG9NLjCAnxUmHbTm8ScFWDQ2XFjhIONRq9BaltAuCi2_kI7HgJBqre6ZeIU4xeOz92JiMtL7RJYeiFIXvZP6kHus_zxhRlHYlTBPrjtzDGSEaxeVxAiSsyATPfSM565txWCOpqn-vwqd6jqA7mVy=s4800-w800,https://map.naver.com/p/entry/place/20246737,병원 헬기 착륙장 장면의 배경으로 등장하는 장면,https://bkbrokr.com/375,2026-07-30,20,,,,Lee Do-yoon,https://image.tmdb.org/t/p/w500/yCjhV8ss6L6wTezkhq5F5TIiyV4.jpg,중증외상센터,8,9,53,34.8,3,N,,,Y,언급2회이상_작품내상위15,정승길_v4,
st_16357,중증외상센터,The Trauma Code: Heroes on Call,drama,주지훈;추영우;윤경호,용산역,역/교통,서울 용산구 한강대로23길 55,37.529772,126.964742,https://lh3.googleusercontent.com/place-photos/AG9NLjDk4R39uX1Lnacp99u_uIG_METRyFp2DGPjDjZv6by7IsV0hRdQUDdPxw4GReIfDLdF4kpQWy1sfRklKrkS22lnsAt9cPpej2IrQ3qS647pmuXgzmW14IT4NSuUXryIofSObK8U1kycub3PB1Q=s4800-w800,https://map.naver.com/p/entry/place/13543849,,https://kdramamap.com/location/%ec%a4%91%ec%a6%9d%ec%99%b8%ec%83%81%ec%84%bc%ed%84%b0-%ec%9a%a9%ec%82%b0%ec%97%ad-15293/,2026-07-28,20,,,,Lee Do-yoon,https://image.tmdb.org/t/p/w500/yCjhV8ss6L6wTezkhq5F5TIiyV4.jpg,중증외상센터,8,7,53,34.8,4,N,,,Y,언급2회이상_작품내상위15,,
st_20843,중증외상센터,Trauma Center,drama,주지훈;추영우;윤경호,페어몬트 앰배서더 서울,호텔,서울 영등포구 여의도대로 108,37.530015,126.919154,https://lh3.googleusercontent.com/place-photos/AG9NLjDy3zMZpfQ01QT2WS3bc9c_i73YzpPUJtQSMplX90wF8xpZmofVuLcd0TCKWEHOIMEqDhuemiCq1DR2tOMoAksTlx-xesl4Lxz_x273mmoSSABduvBW_-a_LXEdi9IqnmD32AjTisJr0ghiEg=s4800-w800,https://map.naver.com/p/entry/place/1356389745,백강혁과 병원장이 연봉 협상을 두고 만나는 장면,https://needmore.tistory.com/29;https://bkbrokr.com/375,2026-07-30,20,,,,Lee Do-yoon,https://image.tmdb.org/t/p/w500/yCjhV8ss6L6wTezkhq5F5TIiyV4.jpg,중증외상센터,7,10,53,30.4,5,N,,,Y,언급2회이상_작품내상위15,정승길_v4,
st_16356,중증외상센터,The Trauma Code: Heroes on Call,drama,주지훈;추영우;윤경호,반도아이비밸리,오피스빌딩,서울 금천구 가산디지털1로 204,37.483503,126.881038,https://lh3.googleusercontent.com/place-photos/AG9NLjC5eI-58dtYSzWBNiPjT11sD11lmmjSODZaHGOlC2NXdvFoC3PzDZ9lJPwrU5U3782MeQSEpmm2lSXllteh41RDcUGA9zdqi6JCwnUM8vjjG4VvE2iJBf8kVcdpIagG-fQoyHJE-DGLFIMp=s4800-w800,https://map.naver.com/p/entry/place/1865407802,병원 옥상 장면의 배경으로 등장하는 장면,https://kdramamap.com/location/%ec%a4%91%ec%a6%9d%ec%99%b8%ec%83%81%ec%84%bc%ed%84%b0-%eb%b0%98%eb%8f%84%ec%95%84%ec%9d%b4%eb%b9%84%eb%b0%b8%eb%a6%ac-15292/;https://needmore.tistory.com/29;https://bkbrokr.com/375,2026-07-28,20,,,,Lee Do-yoon,https://image.tmdb.org/t/p/w500/yCjhV8ss6L6wTezkhq5F5TIiyV4.jpg,중증외상센터,6,6,53,26.1,6,N,,,Y,언급2회이상_작품내상위15,정승길_v4,
st_16353,중증외상센터,The Trauma Code: Heroes on Call,drama,주지훈;추영우;윤경호,서강대교,다리,서울 영등포구 여의도동 83-1,37.535855,126.924794,https://lh3.googleusercontent.com/place-photos/AG9NLjBW7e2nL7q0AWZAzrRj369HKqacbnp6q2ybze8s2c2GUwdaonLSl-_hQHqSmoieAxLbZwGKf0i0JwQgmWLT9AYFJ5OYLk_t3UyYIoeo3Om6bwHLkIMgonerx-UBdeDuP5Ov206fBmod1Aw54Q=s4800-w800,https://map.naver.com/p/entry/place/18999808,5화에서 극중 '소월대교' 위 60여 대 대형 추돌사고 현장에 백강혁과 양재원이 헬기로 출동해 환자를 분류하는 장면이 촬영됨,https://kdramamap.com/location/%ec%a4%91%ec%a6%9d%ec%99%b8%ec%83%81%ec%84%bc%ed%84%b0-%ec%84%9c%ea%b0%95%eb%8c%80%ea%b5%90-15289/,2026-07-28,20,,,,Lee Do-yoon,https://image.tmdb.org/t/p/w500/yCjhV8ss6L6wTezkhq5F5TIiyV4.jpg,중증외상센터,4,6,53,17.4,7,N,,,Y,언급2회이상_작품내상위15,정승길_v4,
st_16370,중증외상센터,The Trauma Code: Heroes on Call,drama,주지훈;추영우;윤경호,인하대학교 본관,학교,인천 미추홀구 인하로 100,37.451482,126.651351,https://lh3.googleusercontent.com/place-photos/AG9NLjDaNFQUyqfem0pmYEy5vU6GNoH8pmSFoDlQm9E85M9U2_7ierOob95Q1Z9xF36IlD3v4mShtJUpvshk46wcdQ-IZq97ICO1F7KYbEl1ZLhYLLhJ_iNfspnQ1rRoVpixAkpv4VWSp5IFLAEAEg=s4800-w800,https://map.naver.com/p/entry/place/16592205,대학 생활 장면의 배경으로 등장하는 장면,https://kdramamap.com/location/%ec%a4%91%ec%a6%9d%ec%99%b8%ec%83%81%ec%84%bc%ed%84%b0-%ec%9d%b8%ed%95%98%eb%8c%80%ed%95%99%ea%b5%90-%eb%b3%b8%ea%b4%80-15306/;https://needmore.tistory.com/29;https://bkbrokr.com/375,2026-07-28,20,,,,Lee Do-yoon,https://image.tmdb.org/t/p/w500/yCjhV8ss6L6wTezkhq5F5TIiyV4.jpg,중증외상센터,4,3,53,17.4,8,N,,,Y,언급2회이상_작품내상위15,정승길_v4,
st_20844,중증외상센터,Trauma Center,drama,주지훈;추영우;윤경호,시엔 구월점,음식점(중식당),인천 남동구 인주대로 560,37.449832,126.699084,,,등장인물들이 식사하는 30년 전통 중식당으로 등장하는 장면,https://bkbrokr.com/375,2026-07-30,20,,,,Lee Do-yoon,https://image.tmdb.org/t/p/w500/yCjhV8ss6L6wTezkhq5F5TIiyV4.jpg,중증외상센터,3,4,53,13.0,10,N,,,Y,언급2회이상_작품내상위15,정승길_v4,
st_16368,중증외상센터,The Trauma Code: Heroes on Call,drama,주지훈;추영우;윤경호,청라대로(분수광장삼거리),,인천 서해구 청라동 106-4,37.536019,126.631909,,,,https://kdramamap.com/location/%ec%a4%91%ec%a6%9d%ec%99%b8%ec%83%81%ec%84%bc%ed%84%b0-%ec%b2%ad%eb%9d%bc%eb%8c%80%eb%a1%9c-%eb%b6%84%ec%88%98%ea%b4%91%ec%9e%a5%ec%82%bc%ea%b1%b0%eb%a6%ac-15304/,2026-07-28,20,,,,Lee Do-yoon,https://image.tmdb.org/t/p/w500/yCjhV8ss6L6wTezkhq5F5TIiyV4.jpg,중증외상센터,3,2,53,13.0,11,N,,,Y,언급2회이상_작품내상위15,,
st_16377,중증외상센터,The Trauma Code: Heroes on Call,drama,주지훈;추영우;윤경호,판교역로,,경기 성남시 분당구 삼평동 641-2,37.397154,127.109672,https://lh3.googleusercontent.com/place-photos/AG9NLjBRMjLaajaWWoEzJSCFQJ8dBjsnvESnU8Levi22zYNKkX-LsnMsJ6wvq6ExnaPL3csMnQJqhaNY2kgr0irpl29K6XBcwi4-Ooq0gRr9ujgSjc-m_6lixEqaEIXIHjFt2vnVBuBMGsvGt0DnEA=s4800-w800,,한유림 교수의 딸 지영이 교통사고를 당하는 장면을 촬영한 곳.,https://kdramamap.com/location/%ec%a4%91%ec%a6%9d%ec%99%b8%ec%83%81%ec%84%bc%ed%84%b0-%ed%8c%90%ea%b5%90%ec%97%ad%eb%a1%9c-15313/,2026-07-28,20,,,,Lee Do-yoon,https://image.tmdb.org/t/p/w500/yCjhV8ss6L6wTezkhq5F5TIiyV4.jpg,중증외상센터,2,4,53,8.7,12,N,,,Y,언급2회이상_작품내상위15,정승길_v4,
st_16376,중증외상센터,The Trauma Code: Heroes on Call,drama,주지훈;추영우;윤경호,미사테스타타워,오피스빌딩,경기 하남시 미사강변서로 25,37.552660,127.182808,,https://map.naver.com/p/entry/place/1999190498,성공과 야망을 상징하는 랜드마크 건물로 등장하는 장면,https://kdramamap.com/location/%ec%a4%91%ec%a6%9d%ec%99%b8%ec%83%81%ec%84%bc%ed%84%b0-%eb%af%b8%ec%82%ac%ed%85%8c%ec%8a%a4%ed%83%80%ed%83%80%ec%9b%8c-15312/;https://needmore.tistory.com/29;https://bkbrokr.com/375,2026-07-28,20,,,,Lee Do-yoon,https://image.tmdb.org/t/p/w500/yCjhV8ss6L6wTezkhq5F5TIiyV4.jpg,중증외상센터,2,3,53,8.7,13,N,,,Y,언급2회이상_작품내상위15,정승길_v4,
st_16379,중증외상센터,The Trauma Code: Heroes on Call,drama,주지훈;추영우;윤경호,가톨릭관동대학교 양양캠퍼스,학교,강원 양양군 양양읍 거마천로 120,38.082743,128.598345,https://lh3.googleusercontent.com/place-photos/AG9NLjBWP6SaQhsAJSYF3YjgeKwCTsOLmQjRF60dWzwUFblMR6UIczTDfYQHPR8uaMTC-5Sg9829oI-JPJ-XsC0fSOdc6AhDwc6-9l9qkxAqA15Pf6M-76VdIrEY_C51TQvuJa6i6Hnd7-4TkdHj-A=s4800-w800,https://map.naver.com/p/entry/place/13488026,,https://kdramamap.com/location/%ec%a4%91%ec%a6%9d%ec%99%b8%ec%83%81%ec%84%bc%ed%84%b0-%ea%b0%80%ed%86%a8%eb%a6%ad%ea%b4%80%eb%8f%99%eb%8c%80%ed%95%99%ea%b5%90-%ec%96%91%ec%96%91%ec%ba%a0%ed%8d%bc%ec%8a%a4-15315/;https://needmore.tistory.com/29;https://bkbrokr.com/375,2026-07-28,20,,,,Lee Do-yoon,https://image.tmdb.org/t/p/w500/yCjhV8ss6L6wTezkhq5F5TIiyV4.jpg,중증외상센터,2,2,53,8.7,14,N,,,Y,언급2회이상_작품내상위15,,
st_16375,중증외상센터,The Trauma Code: Heroes on Call,drama,주지훈;추영우;윤경호,중앙 119구조본부 수도권 119특수구조대,소방/구조시설,경기 남양주시 덕송3로 45,37.672488,127.108330,,,닥터헬기 및 구조대 장면의 배경으로 등장하는 장면,https://kdramamap.com/location/%ec%a4%91%ec%a6%9d%ec%99%b8%ec%83%81%ec%84%bc%ed%84%b0-%ec%a4%91%ec%95%99-119%ea%b5%ac%ec%a1%b0%eb%b3%b8%eb%b6%80-%ec%88%98%eb%8f%84%ea%b6%8c-119%ed%8a%b9%ec%88%98%ea%b5%ac%ec%a1%b0%eb%8c%80-15311/;https://bkbrokr.com/375,2026-07-28,20,,,,Lee Do-yoon,https://image.tmdb.org/t/p/w500/yCjhV8ss6L6wTezkhq5F5TIiyV4.jpg,중증외상센터,2,2,53,8.7,15,N,,,Y,언급2회이상_작품내상위15,정승길_v4,
st_16437,지금거신전화는,When the Phone Rings,drama,유연석;채수빈,청기와타운 송도점,,인천 연수구 앵고개로 80,37.411649,126.654751,https://lh3.googleusercontent.com/place-photos/AG9NLjC_kHlUVaeralDTUI_jmicckHtz0J-6khJ26qskGA_o2V16zzNXRyRe3AOlW--p0zzPUn-6Xlzh41GgLCZyOPHfCQqts6SKbrQwpgsMDo2ILYtS-OsLxsEGAovH-NmwAQ2Ava8ItERS03vFpg0=s4800-w800,https://map.naver.com/p/entry/place/1102005491,5화에서 대통령실 대변인실 직원들이 환영 회식을 하는 장면,https://kdramamap.com/location/%ec%a7%80%ea%b8%88%ea%b1%b0%ec%8b%a0%ec%a0%84%ed%99%94%eb%8a%94-%ec%b2%ad%ea%b8%b0%ec%99%80%ed%83%80%ec%9a%b4-%ec%86%a1%eb%8f%84%ec%a0%90-15373/,2026-07-28,75,,,,Wi Deuk-gyoo;Park Sang-woo,https://image.tmdb.org/t/p/w500/bF7gq73IpLMQLCcLTom6fqiKDhv.jpg,지금거신전화는,7,28,20,100.0,1,N,,,Y,언급2회이상_작품내상위15,정승길_v4,
st_16411,지금거신전화는,When the Phone Rings,drama,유연석;채수빈,라움아트센터,복합문화공간,서울 강남구 언주로 564,37.508391,127.039775,https://lh3.googleusercontent.com/place-photos/AG9NLjAwDQ_siQospcl7pn0sBuuLB9_WPIA1N0M0e2Vmd0h6av_LWzkdZjJtLuzv6KPhrDqhdugvTB3LquMDw79j2IHfbr1UrsaGkt97v2mHaC0mZr_AYxZJz1Kdt704p8guTbZTA0spycAB3jsQIySrfYNcQg=s4800-w800,https://map.naver.com/p/entry/place/19847263,1화에서 백사언이 홍희주를 수어 통역사로 대동해 화려한 공식 파티에 참석하는 장면,https://kdramamap.com/location/%ec%a7%80%ea%b8%88%ea%b1%b0%ec%8b%a0%ec%a0%84%ed%99%94%eb%8a%94-%eb%9d%bc%ec%9b%80%ec%95%84%ed%8a%b8%ec%84%bc%ed%84%b0-15347/;https://koreatravelpost.com/when-the-phone-rings-kdrama-filming-locations/;https://haechi-travel.tistory.com/227,2026-07-28,75,,,,Wi Deuk-gyoo;Park Sang-woo,https://image.tmdb.org/t/p/w500/bF7gq73IpLMQLCcLTom6fqiKDhv.jpg,지금거신전화는,5,21,20,71.4,2,N,,,Y,언급2회이상_작품내상위15,정승길_v4,
st_16408,지금거신전화는,When the Phone Rings,drama,유연석;채수빈,삼성해맞이공원,공원,서울 강남구 삼성동 82,37.519842,127.062019,https://lh3.googleusercontent.com/place-photos/AG9NLjAM3c3P8fL3cQetjpIlsrBbwUBRfS1Q-nmgAi6pV2HmAfQcukb8DbXQ994B5138EYaf6ZnYU9ZWpbr5Z_npXKWBUIsA5a0WYHaSOj5pdiaybwbjeq5w1efiM4qDRiHDzSCt0Gp8U3f_oukRFQ=s4800-w800,https://map.naver.com/p/entry/place/1213220888,6화에서 백사언이 달리며 406번 발신자인 홍희주와 한 가지씩 솔직히 묻기로 통화하는 장면,https://kdramamap.com/location/%ec%a7%80%ea%b8%88%ea%b1%b0%ec%8b%a0%ec%a0%84%ed%99%94%eb%8a%94-%ec%82%bc%ec%84%b1%ed%95%b4%eb%a7%9e%ec%9d%b4%ea%b3%b5%ec%9b%90-15344/;https://koreatravelpost.com/when-the-phone-rings-kdrama-filming-locations/;https://haechi-travel.tistory.com/227,2026-07-28,75,,,,Wi Deuk-gyoo;Park Sang-woo,https://image.tmdb.org/t/p/w500/bF7gq73IpLMQLCcLTom6fqiKDhv.jpg,지금거신전화는,5,14,20,71.4,3,N,,,Y,언급2회이상_작품내상위15,정승길_v4,
st_16442,지금거신전화는,When the Phone Rings,drama,유연석;채수빈,비봉산 전망대,전망대,경북 상주시 중동면 오상리,36.432128,128.260010,https://lh3.googleusercontent.com/place-photos/AG9NLjBUDPLhsiZrMMtxnXTfsSiSA-xoupLpSDQ0TOysiqVEIjERvCC-PJD13nd3oL6SX-HLqsGyWZ-4eL89i4V2alX86h-FWqHUb5Or17n0BDeFO3sZgFrIEqPS-N2cVqBvSSSpbqo_y_WDBgQtfU4=s4800-w800,,6화에서 백사언과 홍희주 일행이 비봉산을 함께 오르는 워크숍 장면,https://kdramamap.com/location/%ec%a7%80%ea%b8%88%ea%b1%b0%ec%8b%a0%ec%a0%84%ed%99%94%eb%8a%94-%eb%b9%84%eb%b4%89%ec%82%b0-%ec%a0%84%eb%a7%9d%eb%8c%80-15378/;https://koreatravelpost.com/when-the-phone-rings-kdrama-filming-locations/;https://haechi-travel.tistory.com/227,2026-07-28,75,,,,Wi Deuk-gyoo;Park Sang-woo,https://image.tmdb.org/t/p/w500/bF7gq73IpLMQLCcLTom6fqiKDhv.jpg,지금거신전화는,4,10,20,57.1,4,N,,,Y,언급2회이상_작품내상위15,정승길_v4,
st_16412,지금거신전화는,When the Phone Rings,drama,유연석;채수빈,조선팰리스 강남,,서울 강남구 테헤란로 231,37.502881,127.041357,,https://map.naver.com/p/entry/place/1384506674,"지금 거신 전화는 촬영지 서울 호캉스 호텔 사진 출처는 MBC, 조선팰리스강남 홈페이지입니다.",https://kdramamap.com/location/%ec%a7%80%ea%b8%88%ea%b1%b0%ec%8b%a0%ec%a0%84%ed%99%94%eb%8a%94-%ec%a1%b0%ec%84%a0%ed%8c%b0%eb%a6%ac%ec%8a%a4-%ea%b0%95%eb%82%a8-15348/,2026-07-28,75,,,,Wi Deuk-gyoo;Park Sang-woo,https://image.tmdb.org/t/p/w500/bF7gq73IpLMQLCcLTom6fqiKDhv.jpg,지금거신전화는,3,16,20,42.9,5,N,,,Y,언급2회이상_작품내상위15,블로그크롤링_2026-08-01,https://blog.naver.com/socoolg/223681298211
st_16443,지금거신전화는,When the Phone Rings,drama,유연석;채수빈,백두대간생태교육센터,생태교육시설,경북 상주시 공성면 웅산로 705,36.280222,128.043633,,https://map.naver.com/p/entry/place/19728616,6화에서 백사언과 홍희주를 비롯한 대통령실 직원들이 워크숍을 진행하는 장면,https://kdramamap.com/location/%ec%a7%80%ea%b8%88%ea%b1%b0%ec%8b%a0%ec%a0%84%ed%99%94%eb%8a%94-%eb%b0%b1%eb%91%90%eb%8c%80%ea%b0%84%ec%83%9d%ed%83%9c%ea%b5%90%ec%9c%a1%ec%84%bc%ed%84%b0-15379/;https://koreatravelpost.com/when-the-phone-rings-kdrama-filming-locations/;https://haechi-travel.tistory.com/227,2026-07-28,75,,,,Wi Deuk-gyoo;Park Sang-woo,https://image.tmdb.org/t/p/w500/bF7gq73IpLMQLCcLTom6fqiKDhv.jpg,지금거신전화는,3,3,20,42.9,6,N,,,Y,언급2회이상_작품내상위15,정승길_v4,
st_16387,지금거신전화는,When the Phone Rings,drama,유연석;채수빈,저스티나,,서울 마포구 양화진2길 31,37.547728,126.910881,https://lh3.googleusercontent.com/place-photos/AG9NLjBc1xjB0e8-j7rgOaBhWZhDAQ9wIWFHrYUsFPcAahAPe7u3CWYip4zbzL_oCD39i9dkFaJvuHkIwiP5j40uaSPoWQE8BehdQwO8ufpr6T6bgBCn3e9mey06pIZwGqIdBsY_FXY9PHyZF5IgEw=s4800-w800,https://map.naver.com/p/entry/place/1580543297,3화에서 사언·희주·상우·유리 네 사람이 레스토랑에서 식사하는 장면,https://kdramamap.com/location/%ec%a7%80%ea%b8%88%ea%b1%b0%ec%8b%a0%ec%a0%84%ed%99%94%eb%8a%94-%ec%a0%80%ec%8a%a4%ed%8b%b0%eb%82%98-15323/,2026-07-28,75,,,,Wi Deuk-gyoo;Park Sang-woo,https://image.tmdb.org/t/p/w500/bF7gq73IpLMQLCcLTom6fqiKDhv.jpg,지금거신전화는,3,3,20,42.9,7,N,,,Y,언급2회이상_작품내상위15,정승길_v4,
st_16438,지금거신전화는,When the Phone Rings,drama,유연석;채수빈,쉐라톤그랜드인천호텔 유에,호텔/숙박,인천 연수구 컨벤시아대로 153,37.390225,126.645426,https://lh3.googleusercontent.com/place-photos/AG9NLjAyz4TBw9i8eAqRZZ7d7Z2XfT3VBl1TbOohE4-GXDtWM1Dw2nCOXt3tPe3PzNGjkTYXJEm2QMjqF_USrIrVR-ZWaix2zs9jfU6Ky6rWV1J3_rNnOduSGQUr74lJLxduv3Ucg1poQLRnwJYZIf4dMuNB=s4800-w800,https://map.naver.com/p/entry/place/31098488,2화에서 홍희주가 어머니와 식사하는 중식당 장면,https://kdramamap.com/location/%ec%a7%80%ea%b8%88%ea%b1%b0%ec%8b%a0%ec%a0%84%ed%99%94%eb%8a%94-%ec%89%90%eb%9d%bc%ed%86%a4%ea%b7%b8%eb%9e%9c%eb%93%9c%ec%9d%b8%ec%b2%9c%ed%98%b8%ed%85%94-%ec%9c%a0%ec%97%90-15374/;https://lynntop.com/when-the-phone-rings-and-its-filming-locations/;https://haechi-travel.tistory.com/227;https://happyfortune.co.kr/%EB%93%9C%EB%9D%BC%EB%A7%88-%EC%B6%94%EC%B2%9C-%EC%A7%80%EA%B8%88-%EA%B1%B0%EC%8B%A0-%EC%A0%84%ED%99%94%EB%8A%94-%EC%B6%9C%EC%97%B0%EC%A7%84-%EC%9D%B8%EC%8A%A4%ED%83%80-%EC%B6%9C%EC%97%B0/,2026-07-28,75,,,,Wi Deuk-gyoo;Park Sang-woo,https://image.tmdb.org/t/p/w500/bF7gq73IpLMQLCcLTom6fqiKDhv.jpg,지금거신전화는,3,2,20,42.9,8,N,,,Y,언급2회이상_작품내상위15,정승길_v4,
st_16390,지금거신전화는,When the Phone Rings,drama,유연석;채수빈,에이알센트레,,서울 금천구 벚꽃로 286,37.480394,126.884121,,https://map.naver.com/p/entry/place/1754840420,3화에서 백사언이 친구와 스쿼시 경기를 하는 장면,https://kdramamap.com/location/%ec%a7%80%ea%b8%88%ea%b1%b0%ec%8b%a0%ec%a0%84%ed%99%94%eb%8a%94-%ec%97%90%ec%9d%b4%ec%95%8c%ec%84%bc%ed%8a%b8%eb%a0%88-15326/,2026-07-28,75,,,,Wi Deuk-gyoo;Park Sang-woo,https://image.tmdb.org/t/p/w500/bF7gq73IpLMQLCcLTom6fqiKDhv.jpg,지금거신전화는,3,2,20,42.9,9,N,,,Y,언급2회이상_작품내상위15,정승길_v4,
st_16406,지금거신전화는,When the Phone Rings,drama,유연석;채수빈,긴자료코 강남본점,,서울 강남구 압구정로 224,37.528563,127.032148,https://lh3.googleusercontent.com/place-photos/AG9NLjBY25mlet04OrPiwSSdTMCi9nUEY56kEKIcG949fZ1NusV8vsY-H8FkaGQGJPiu84PC_He0y9jO3O6z6kPyXKd3HGp-9nXY2arO6UrAK1n9OKKxHpAiWv7OddXA2j70EYJxv3iqye85mV0KAw=s4800-w800,https://map.naver.com/p/entry/place/1252135839,극 중 대통령실 대변인실 직원들이 함께 점심을 먹는 장면,https://kdramamap.com/location/%ec%a7%80%ea%b8%88%ea%b1%b0%ec%8b%a0%ec%a0%84%ed%99%94%eb%8a%94-%ea%b8%b4%ec%9e%90%eb%a3%8c%ec%bd%94-%ea%b0%95%eb%82%a8%eb%b3%b8%ec%a0%90-15342/,2026-07-28,75,,,,Wi Deuk-gyoo;Park Sang-woo,https://image.tmdb.org/t/p/w500/bF7gq73IpLMQLCcLTom6fqiKDhv.jpg,지금거신전화는,2,6,20,28.6,10,N,,,Y,언급2회이상_작품내상위15,정승길_v4,
st_16404,지금거신전화는,When the Phone Rings,drama,유연석;채수빈,테헤란로,,서울 강남구 테헤란로 317,37.503974,127.045763,,,1화에서 협박 전화 사건이 시작되기 전 서울 야경 몽타주로 등장하는 장면,https://kdramamap.com/location/%ec%a7%80%ea%b8%88%ea%b1%b0%ec%8b%a0%ec%a0%84%ed%99%94%eb%8a%94-%ed%85%8c%ed%97%a4%eb%9e%80%eb%a1%9c-15340/,2026-07-28,75,,,,Wi Deuk-gyoo;Park Sang-woo,https://image.tmdb.org/t/p/w500/bF7gq73IpLMQLCcLTom6fqiKDhv.jpg,지금거신전화는,2,4,20,28.6,11,N,,,Y,언급2회이상_작품내상위15,정승길_v4,
st_16422,지금거신전화는,When the Phone Rings,drama,유연석;채수빈,아쿠아플라넷 일산,자연/명소,경기 고양시 일산서구 한류월드로 282,37.663837,126.755610,https://lh3.googleusercontent.com/place-photos/AG9NLjATbUm3OFjnE2QZ3x9iHui5Xentex3Hegqr-ksYO_UF75jigyaQy6y83bwbGYbKJbd2NXgOFHEHu3eUp0agv9q0N-e9XoLkElc_IOuDepQgM3YZm6JR1vODtpmfzE8PRwAXRrUVqp5tmub076M=s4800-w800,https://map.naver.com/p/entry/place/34590112,6화에서 홍인아가 홍희주에게 청력을 되찾았으며 희주가 말할 수 있음을 안다고 밝히는 장면,https://kdramamap.com/location/%ec%a7%80%ea%b8%88%ea%b1%b0%ec%8b%a0%ec%a0%84%ed%99%94%eb%8a%94-%ec%95%84%ec%bf%a0%ec%95%84%ed%94%8c%eb%9d%bc%eb%84%b7-%ec%9d%bc%ec%82%b0-15358/;https://koreatravelpost.com/when-the-phone-rings-kdrama-filming-locations/;https://haechi-travel.tistory.com/227,2026-07-28,75,,,,Wi Deuk-gyoo;Park Sang-woo,https://image.tmdb.org/t/p/w500/bF7gq73IpLMQLCcLTom6fqiKDhv.jpg,지금거신전화는,2,3,20,28.6,12,N,,,Y,언급2회이상_작품내상위15,정승길_v4,
st_20845,지금 거신 전화는,When the Phone Rings,drama,유연석;채수빈;허남준,이엔갤러리,갤러리,서울 종로구 평창동 495-19,37.6131641514,126.9707606003,https://lh3.googleusercontent.com/place-photos/AG9NLjBG2g4lz1mhGr_iP85v8I43NLTJt2lSCx1zwHZ4lYp2xRnbMh5Lxfffx4akPeqIuhYR-cy8ZrhkCE4nCEbmdWacu80DCCgPgNdpGbf__awwyKHDCcV_JY4o1YwG0Iy0cOHBVeXj66ya6Cp-=s4800-w800,https://map.naver.com/p/entry/place/603799070,4화에서 어린 백사언과 홍희주가 처음 만나고 사언이 희주에게 음식을 건네는 장면,https://koreatravelpost.com/when-the-phone-rings-kdrama-filming-locations/;https://haechi-travel.tistory.com/227,2026-07-30,75,,,,Wi Deuk-gyoo;Park Sang-woo,https://image.tmdb.org/t/p/w500/bF7gq73IpLMQLCcLTom6fqiKDhv.jpg,지금거신전화는,2,3,20,28.6,13,N,,,Y,언급2회이상_작품내상위15,정승길_v4,
st_20849,지금 우리 학교는,All of Us Are Dead,drama,박지후;윤찬영;조이현,성희여자고등학교,학교(촬영지),경북 안동시 강남로 246,36.5515531537569,128.729138973614,https://lh3.googleusercontent.com/place-photos/AG9NLjBN4ugQPy6W1u6qMw6-5H9F8I5g-RQ1931TcLnjcidhQjzTYes00lNt3dVE0vU6fY1XNbkWTnVBqSJuZDJ1iNscPWobQXa4NmcyyQ_MBOK3BT7PhYs5V2wWhWDcNkwV9wtW5K-lXzOpzv6wrQ=s4800-w800,https://map.naver.com/p/entry/place/11557342,효산고 교문·운동장·체육관 등 학교 곳곳이 실제 성희여고 건물 그대로 촬영됐다,https://mo-r.tistory.com/252;https://m.blog.naver.com/2mcool/222645025515;https://www.allurekorea.com/2022/02/19/지금-우리-학교는-실제-촬영지-안동-힙플레이스-3/;https://www.wikitree.co.kr/articles/729174,2026-07-30,12,,,,Kim Nam-su;JQ Lee,https://image.tmdb.org/t/p/w500/d9yefq8dNke4UbuqStBtUcO9TxD.jpg,지금우리학교는,17,29,44,100.0,1,N,,,Y,언급2회이상_작품내상위15,정승길_v4,
st_20851,지금 우리 학교는,All of Us Are Dead,drama,박지후;윤찬영;조이현,목척교,다리/교량,대전 중구 은행동 331,36.3299139841888,127.429202917597,https://lh3.googleusercontent.com/place-photos/AG9NLjDyKjZdBlusO4CGF3buw8KefrEF-aA7SnJYJleznlYNJIzxmTXN1WLeu892lRlVQG7GhVIBgCuO5M6wiwvhJOIQnnOC-XXtrOkzSpY10LEga-zL6wRcRjgOmHMf3GFdjssFOO-mwEX964NTmQ=s4800-w800,,,https://www.wikitree.co.kr/articles/729174,2026-07-30,12,,,,Kim Nam-su;JQ Lee,https://image.tmdb.org/t/p/w500/d9yefq8dNke4UbuqStBtUcO9TxD.jpg,지금우리학교는,3,7,44,17.6,2,N,,,Y,언급2회이상_작품내상위15,,
st_16452,지금우리학교는,All of Us Are Dead,drama,박지후;윤찬영;조이현;로몬,마라탕,음식점,서울 종로구 성균관로 15-2,37.584104,126.997430,https://lh3.googleusercontent.com/place-photos/AG9NLjDu3i_nYS1EG0YwN0RzO35Smkc_gVblPXVa2nW-bo8OZZLHkSrl0Qsc1rYBLLevfcPczJ3VcZtToRusPY1Tu77y2fdfacIsP_csbAxKLDt5AR6ITVx_QqrKGa2wWuYbeR1xxjNIBwXXCToEfA=s4800-w800,https://map.naver.com/p/entry/place/2091831481,"이 식당은 청산(윤찬영)의 부모님이 운영하는 '청산 치킨'으로 등장합니다. 1화에서 청산은 친구 온조(박지후), 경산(함성민), 이삭(김주아)과 함께 자신의 엄마의 새로운 닭튀김 레시피를 시험해 보기 위해 들렀습니다.",https://kdramamap.com/location/%ec%a7%80%ea%b8%88%ec%9a%b0%eb%a6%ac%ed%95%99%ea%b5%90%eb%8a%94-%eb%a7%88%eb%9d%bc%ed%83%95-2206/,2026-07-28,12,,,,Kim Nam-su;JQ Lee,https://image.tmdb.org/t/p/w500/d9yefq8dNke4UbuqStBtUcO9TxD.jpg,지금우리학교는,0,0,44,0.0,4,N,,,Y,언급부족_데이터품질기준보존,정승길_v4,
st_20226,지옥,Hellbound,drama,유아인;박정민;김현주,법원로12길 일대(문정동),도로/거리,서울 송파구 법원로12길,,,,,정진수 의장이 강연하던 장소로 등장,https://namu.wiki/w/지옥(드라마 시즌 1),2026-07-30,82,,,,연상호,https://image.tmdb.org/t/p/w500/sgTu75c5PJsRHDMSna0ha8bhYWn.jpg,지옥,1,2,76,50.0,2,N,,,Y,언급부족_데이터품질기준보존,정승길_v4,
st_20221,지옥,Hellbound,drama,유아인;박정민;김현주,KBS 본관,방송국,서울 영등포구 여의공원로 13,37.52480864061534,126.91704732872681,,,새진리회 본부 외관 촬영에 사용된 건물,https://namu.wiki/w/지옥(드라마 시즌 1),2026-07-30,82,,,,연상호,https://image.tmdb.org/t/p/w500/sgTu75c5PJsRHDMSna0ha8bhYWn.jpg,지옥,0,0,76,0.0,3,N,,위경도뒤바뀜_교정,Y,언급부족_데이터품질기준보존,정승길_v4,
st_20224,지옥,Hellbound,drama,유아인;박정민;김현주,한국지역정보개발원 버스정류장 일대,버스정류장,서울 마포구 월드컵북로58길 20,,,https://lh3.googleusercontent.com/place-photos/AG9NLjD0rCjpPyODmXq6oBWN6YNH6CXsuhDXelL6zX6oLg8EiWbjGWPL4I0Qton57hDvRYN4wqNpRiGg1Ryacve1dEtgX-iKzBkIeWMPh2DH-_wC1Xv1L5Fm6p6JHFhbFEjMZrZ1brPKbQ-dJN0EDQ=s4800-w800,,주명훈이 최종 시연된 장소로 등장,https://namu.wiki/w/지옥(드라마 시즌 1),2026-07-30,82,,,,연상호,https://image.tmdb.org/t/p/w500/sgTu75c5PJsRHDMSna0ha8bhYWn.jpg,지옥,0,0,76,0.0,12,N,,,Y,언급부족_데이터품질기준보존,정승길_v4,
st_16585,지옥에서 온 판사,The Judge from Hell,drama,박신혜;김재영,삽교호놀이동산,자연/명소,충남 당진시 신평면 삽교천3길 15,36.890001,126.822395,https://lh3.googleusercontent.com/place-photos/AG9NLjBpbSg9yITZQPXXiMIXfUxF8Xs7xCJo_r3zAUYPbccoNltCSUm4n3l-9c72eRnLNkf0IfPF83ddxOVIGODdYnlltYiX803ThGaAktT3EhSKbR6zKPpqyCxC0kIBCOUhqRaUJ4DEUUaSlAvs=s4800-w800,https://map.naver.com/p/entry/place/12973592,8화에서 최원중이 대관람차가 있는 놀이동산에서 처단당하는 장면,https://kdramamap.com/location/%ec%a7%80%ec%98%a5%ec%97%90%ec%84%9c-%ec%98%a8-%ed%8c%90%ec%82%ac-%ec%82%bd%ea%b5%90%ed%98%b8%eb%86%80%ec%9d%b4%eb%8f%99%ec%82%b0-9592/,2026-07-28,69,,,,박진표,https://image.tmdb.org/t/p/w500/4rZfFtluuNbBnj2ziadDVaiDZMl.jpg,지옥에서온판사,11,79,56,100.0,1,N,,,Y,언급2회이상_작품내상위15,정승길_v4,
st_16561,지옥에서 온 판사,The Judge from Hell,drama,박신혜;김재영,히든캠프,캠핑장,경기 안성시 죽산면 용설호수길 170-1,37.055325,127.447248,https://lh3.googleusercontent.com/place-photos/AG9NLjBXIWrcL7MHsPo9cU-xGFiK_-KkqGmBTf0IDtoailIEF5_iIxoXSE7O6Lnt6Sy8yFBOjuOaaweVkRSah0eZliVWIDYlqj2fjPzKSWYhj_mKasuSdX4YPv3hUBbrbtg-hWh9w2z7Lb7knE4LqWU=s4800-w800,https://map.naver.com/p/entry/place/1716024992,1화와 2화에서 추연산캠핑장으로 등장하는 곳이다,https://kdramamap.com/location/%ec%a7%80%ec%98%a5%ec%97%90%ec%84%9c-%ec%98%a8-%ed%8c%90%ec%82%ac-%ed%9e%88%eb%93%a0%ec%ba%a0%ed%94%84-9568/;https://blog.naver.com/hsc_one1/223591786454;https://blog.naver.com/hsc_one1/223599439551,2026-07-28,69,,,,박진표,https://image.tmdb.org/t/p/w500/4rZfFtluuNbBnj2ziadDVaiDZMl.jpg,지옥에서온판사,8,36,56,72.7,2,N,,,Y,언급2회이상_작품내상위15,정승길_v4,
st_16542,지옥에서 온 판사,The Judge from Hell,drama,박신혜;김재영,광탄성당,성당,경기 파주시 광탄면 심궁로 76-38,37.778093,126.859039,https://lh3.googleusercontent.com/place-photos/AG9NLjC9WJRdVd_hs1MwY-6qGSv5cdvF_V3aMc5awQrwS6CI5g-tVFWngM0rOV0MIydP3lk7crPKpaChMzWMo41TPa7taz8BPaRCkovre33iCLCY6L3TYchxgFoGidTQQIz09I_Ayvtk9pUhBLPJFQ=s4800-w800,https://map.naver.com/p/entry/place/13454019,1화와 2화에서 강빛나가 교제 폭력 피해자 민정을 만나러 두 번 찾아가는 성당이다,https://kdramamap.com/location/%ec%a7%80%ec%98%a5%ec%97%90%ec%84%9c-%ec%98%a8-%ed%8c%90%ec%82%ac-%ea%b4%91%ed%83%84%ec%84%b1%eb%8b%b9-9549/;https://blog.naver.com/redmee2/223595136958;https://blog.naver.com/hsc_one1/223591786454,2026-07-28,69,,,,박진표,https://image.tmdb.org/t/p/w500/4rZfFtluuNbBnj2ziadDVaiDZMl.jpg,지옥에서온판사,8,21,56,72.7,3,N,,,Y,언급2회이상_작품내상위15,정승길_v4,
st_16515,지옥에서 온 판사,The Judge from Hell,drama,박신혜;김재영,카페낙타,카페,서울 종로구 낙산5길 51,37.578256,127.011597,https://lh3.googleusercontent.com/place-photos/AG9NLjAhc-LMJnSILuqdRoPE2B4w3Jy66sDa_4MaQ-0WWE7CS2pKSwwnmCu_6y_cn7lzqDAZtUUVPEogGH4aXDus-JwYZbOT4jFKqJELQWxBKfZnv_HQv2aF478EEiHjxcchHat2BITzp4XwQORzVr0=s4800-w800,https://map.naver.com/p/entry/place/1184081029,극중 악마들의 아지트 배경으로 등장하는 카페다,https://kdramamap.com/location/%ec%a7%80%ec%98%a5%ec%97%90%ec%84%9c-%ec%98%a8-%ed%8c%90%ec%82%ac-%ec%b9%b4%ed%8e%98%eb%82%99%ed%83%80-9522/;https://blog.naver.com/hsc_one1/223599439551,2026-07-28,69,,,,박진표,https://image.tmdb.org/t/p/w500/4rZfFtluuNbBnj2ziadDVaiDZMl.jpg,지옥에서온판사,6,53,56,54.5,4,N,,,Y,언급2회이상_작품내상위15,정승길_v4,
st_16525,지옥에서 온 판사,The Judge from Hell,drama,박신혜;김재영,기욤 청담점,,서울 강남구 선릉로152길 17,37.524371,127.041029,https://lh3.googleusercontent.com/place-photos/AG9NLjAvyGLldfs6ASRldb5fydhPZhvepDPNtKAyvannRdqFWudhiowrAmdFt4d8dMecgoGJXL6vKkdrNJEysGpidiHMFtzN7VW_WKfmetuLOVw-asoWjUuA2zId89Ft4xPRHLeITSeD1JJ7U818quI=s4800-w800,https://map.naver.com/p/entry/place/13093133,"1,2화에서 빛나가 데이트 폭력을 저지른 죄인을 처단하던 카페 기욤 청담점 장면",https://kdramamap.com/location/%ec%a7%80%ec%98%a5%ec%97%90%ec%84%9c-%ec%98%a8-%ed%8c%90%ec%82%ac-%ea%b8%b0%ec%9a%a4-%ec%b2%ad%eb%8b%b4%ec%a0%90-9532/,2026-07-28,69,,,,박진표,https://image.tmdb.org/t/p/w500/4rZfFtluuNbBnj2ziadDVaiDZMl.jpg,지옥에서온판사,5,44,56,45.5,5,N,,,Y,언급2회이상_작품내상위15,정승길_v4,
st_16575,지옥에서 온 판사,The Judge from Hell,drama,박신혜;김재영,갈남항,항구/방파제,강원 삼척시 원덕읍 갈남리 99-20,37.280719,129.325093,https://lh3.googleusercontent.com/place-photos/AG9NLjDbt9O8eP3Do8RxsSnVqvd5AWLLTlXOtGdV3JkAUIEv1buegTJnzegB7QsjVQq7uH4KHcAO8JhjfhtniVBQyay3dzoq9LXhJTOCzuyRJJ2b7Byx-qZI1BvzDl1ZwsWYktWoIDpbnVAOA2kowg=s4800-w800,https://map.naver.com/p/entry/place/15112925,3화에서 아이 진술을 믿는다는 빛나의 말에 다온이 위로받아 눈물 흘리는 바닷가 빨간등대 장면,https://kdramamap.com/location/%ec%a7%80%ec%98%a5%ec%97%90%ec%84%9c-%ec%98%a8-%ed%8c%90%ec%82%ac-%ea%b0%88%eb%82%a8%ed%95%ad-9582/,2026-07-28,69,,,,박진표,https://image.tmdb.org/t/p/w500/4rZfFtluuNbBnj2ziadDVaiDZMl.jpg,지옥에서온판사,5,21,56,45.5,6,N,,,Y,언급2회이상_작품내상위15,정승길_v4,
st_16565,지옥에서 온 판사,The Judge from Hell,drama,박신혜;김재영,휴휴암,,강원 양양군 광진2길 3-16,37.961052,128.767348,https://lh3.googleusercontent.com/place-photos/AG9NLjAUTY9ELwSDDa0LMDI5Kd2e7iUvEtZHjDB6eirYPkmEQowZXRWqutID21FQqHanfR8Lpva4HdnwDpeQTymGFQLkklqqO4UNjer1SOTxepuN4-Nur7OhOdq1KRmMvYaOhhh8FNlAdE1yOyKB=s4800-w800,https://map.naver.com/p/entry/place/13502101,,https://kdramamap.com/location/%ec%a7%80%ec%98%a5%ec%97%90%ec%84%9c-%ec%98%a8-%ed%8c%90%ec%82%ac-%ed%9c%b4%ed%9c%b4%ec%95%94-9572/,2026-07-28,69,,,,박진표,https://image.tmdb.org/t/p/w500/4rZfFtluuNbBnj2ziadDVaiDZMl.jpg,지옥에서온판사,4,24,56,36.4,7,N,,,Y,언급2회이상_작품내상위15,,
st_16510,지옥에서 온 판사,The Judge from Hell,drama,박신혜;김재영,보안책방,서점,서울 종로구 효자로 33,37.579118,126.973630,,https://map.naver.com/p/entry/place/1782716432,11화에서 강빛나와 한다온이 서점에서 책을 구경하며 서로 플러팅하는 장면,https://kdramamap.com/location/%ec%a7%80%ec%98%a5%ec%97%90%ec%84%9c-%ec%98%a8-%ed%8c%90%ec%82%ac-%eb%b3%b4%ec%95%88%ec%b1%85%eb%b0%a9-9517/,2026-07-28,69,,,,박진표,https://image.tmdb.org/t/p/w500/4rZfFtluuNbBnj2ziadDVaiDZMl.jpg,지옥에서온판사,4,14,56,36.4,8,N,,,Y,언급2회이상_작품내상위15,정승길_v4,
st_20855,지옥에서 온 판사,The Judge from Hell,drama,박신혜;김재영;김인권,삽교호놀이공원,놀이공원,충남 당진시 신평면 삽교천3길 15,36.8902283318714,126.822377296393,,https://map.naver.com/p/entry/place/12973592,8화에서 최원중이 응징당하는 대관람차 놀이공원 장면으로 등장한다,https://blog.naver.com/siyin77/223616593696;https://blog.naver.com/redmee2/223616504330,2026-07-30,69,,,,박진표,https://image.tmdb.org/t/p/w500/4rZfFtluuNbBnj2ziadDVaiDZMl.jpg,지옥에서온판사,4,7,56,36.4,9,N,,,Y,언급2회이상_작품내상위15,정승길_v4,
st_16541,지옥에서 온 판사,The Judge from Hell,drama,박신혜;김재영,조이마당스튜디오,,경기 파주시 파주읍 봉서산로 245,37.833300,126.803485,https://lh3.googleusercontent.com/place-photos/AG9NLjACiiwj6AvwSE0Uh5C1Jp9DdQi4HhcCINUMPrDZ1uz3z7F7vaw0cuUsF4Z8J-VOs_kH6uuGB5Dgz_dpTLtIEH6bO3XjZQiagosM81sWF3ov9hESmauRYdPp1AkcDeKSiOxMbrnzPSf4ji-WPNY=s4800-w800,https://map.naver.com/p/entry/place/1741339375,1~4화에서 노봉경찰서와 법원 내부로 등장하는 실내 세트 장면,https://kdramamap.com/location/%ec%a7%80%ec%98%a5%ec%97%90%ec%84%9c-%ec%98%a8-%ed%8c%90%ec%82%ac-%ec%a1%b0%ec%9d%b4%eb%a7%88%eb%8b%b9%ec%8a%a4%ed%8a%9c%eb%94%94%ec%98%a4-9548/,2026-07-28,69,,,,박진표,https://image.tmdb.org/t/p/w500/4rZfFtluuNbBnj2ziadDVaiDZMl.jpg,지옥에서온판사,4,7,56,36.4,10,N,,,Y,언급2회이상_작품내상위15,정승길_v4,
st_16499,지옥에서 온 판사,The Judge from Hell,drama,박신혜;김재영,마포경찰서,경찰서,서울 마포구 마포대로 183,37.550829,126.954018,https://lh3.googleusercontent.com/place-photos/AG9NLjAHVq2brXdBF_PuBGeybEj-qu896_9iCP46CgzNRfpXOuaJrx0ifTzmBfPIn3Z5rQDTvZuBqQRrrqkpMspzdREglOwgCvVh2N6kK-cSEj9Vy28od6rMEVCoZJ2Kr3AOTg-Q1F_TGCG13RDS9g=s4800-w800,https://map.naver.com/p/entry/place/11642483,극중 노봉경찰서로 등장하는 실제 경찰서 건물이다,https://kdramamap.com/location/%ec%a7%80%ec%98%a5%ec%97%90%ec%84%9c-%ec%98%a8-%ed%8c%90%ec%82%ac-%eb%a7%88%ed%8f%ac%ea%b2%bd%ec%b0%b0%ec%84%9c-9506/;https://blog.naver.com/hsc_one1/223599439551,2026-07-28,69,,,,박진표,https://image.tmdb.org/t/p/w500/4rZfFtluuNbBnj2ziadDVaiDZMl.jpg,지옥에서온판사,4,4,56,36.4,11,N,,,Y,언급2회이상_작품내상위15,정승길_v4,
st_16568,지옥에서 온 판사,The Judge from Hell,drama,박신혜;김재영,도째비골 스카이밸리,,강원 동해시 묵호진동 2-109,37.555255,129.119131,https://lh3.googleusercontent.com/place-photos/AG9NLjBZo-0-d-eCxyxrvKHgNIoM15lodt0vJbUT1-OFtbqaMA0X3v6zkMXUOjLK76HAfZBfRJwnI53UquYH0K1IAKGTUU_GnQehs9O6eKDp7P-v6kXQ6rJHuieNgVskKNPHMuT2Qv5QOIiw3yw1HMo=s4800-w800,https://map.naver.com/p/entry/place/1507627146,14화 최종회에서 3년 만에 재회한 다온과 빛나가 만나는 바닷가 전망대 장면,https://kdramamap.com/location/%ec%a7%80%ec%98%a5%ec%97%90%ec%84%9c-%ec%98%a8-%ed%8c%90%ec%82%ac-%eb%8f%84%ec%a7%b8%eb%b9%84%ea%b3%a8-%ec%8a%a4%ec%b9%b4%ec%9d%b4%eb%b0%b8%eb%a6%ac-9575/,2026-07-28,69,,,,박진표,https://image.tmdb.org/t/p/w500/4rZfFtluuNbBnj2ziadDVaiDZMl.jpg,지옥에서온판사,3,21,56,27.3,12,N,,,Y,언급2회이상_작품내상위15,정승길_v4,
st_16580,지옥에서 온 판사,The Judge from Hell,drama,박신혜;김재영,솔랑시울길,거리,대전 동구 솔랑시울길 38,36.335798,127.434590,,,7화에서 강력2팀 팀장 김소영이 연쇄살인마 J의 흉기를 확인하고 귀환을 직감하는 골목 장면,https://kdramamap.com/location/%ec%a7%80%ec%98%a5%ec%97%90%ec%84%9c-%ec%98%a8-%ed%8c%90%ec%82%ac-%ec%86%94%eb%9e%91%ec%8b%9c%ec%9a%b8%ea%b8%b8-9587/,2026-07-28,69,,,,박진표,https://image.tmdb.org/t/p/w500/4rZfFtluuNbBnj2ziadDVaiDZMl.jpg,지옥에서온판사,3,12,56,27.3,13,N,,,Y,언급2회이상_작품내상위15,정승길_v4,
st_16576,지옥에서 온 판사,The Judge from Hell,drama,박신혜;김재영,대전고등법원,법원,대전 서구 둔산중로78번길 45,36.354475,127.389258,https://lh3.googleusercontent.com/place-photos/AG9NLjAQuqYQY61oxidOj_-3WOlNGE9KRRMzdzEVwkIlGw-bWvV7cn4hgBhmJSdQ8AQXzzpSm3_DYsLrHn82kjVc1igCXZ5oFSyFwRAh0fVyahedpjzuEnnxgLQUJojE-zKQ1m63cmB33lVJYQZOvA=s4800-w800,https://map.naver.com/p/entry/place/11538173,극중 법원 배경으로 등장한다,https://kdramamap.com/location/%ec%a7%80%ec%98%a5%ec%97%90%ec%84%9c-%ec%98%a8-%ed%8c%90%ec%82%ac-%eb%8c%80%ec%a0%84%ea%b3%a0%eb%93%b1%eb%b2%95%ec%9b%90-9583/;https://blog.naver.com/hsc_one1/223591786454,2026-07-28,69,,,,박진표,https://image.tmdb.org/t/p/w500/4rZfFtluuNbBnj2ziadDVaiDZMl.jpg,지옥에서온판사,3,5,56,27.3,14,N,,,Y,언급2회이상_작품내상위15,정승길_v4,
st_16524,지옥에서 온 판사,The Judge from Hell,drama,박신혜;김재영,CH캐롤리나헤레라 서울점,매장,서울 강남구 압구정로 451,37.526066,127.046639,https://lh3.googleusercontent.com/place-photos/AG9NLjD5BbcQFe24NgVx5Z4mmmb6PrYrHlWqICtQ6dOPGq0qMQFXJZWPyiLZuO0h0XOLHdzM4pqQNZLSJrVUE8fdN1rZ0PeBwTCNL05SXnLoqh7PhrfO0n9w2Ugioy9oTcKreX2OWUUfAJnhoQidQ24cqxGaNg=s4800-w800,,극중 강남 명품샵 배경으로 등장한다,https://kdramamap.com/location/%ec%a7%80%ec%98%a5%ec%97%90%ec%84%9c-%ec%98%a8-%ed%8c%90%ec%82%ac-ch%ec%ba%90%eb%a1%a4%eb%a6%ac%eb%82%98%ed%97%a4%eb%a0%88%eb%9d%bc-%ec%84%9c%ec%9a%b8%ec%a0%90-9531/;https://blog.naver.com/hsc_one1/223591786454,2026-07-28,69,,,,박진표,https://image.tmdb.org/t/p/w500/4rZfFtluuNbBnj2ziadDVaiDZMl.jpg,지옥에서온판사,2,4,56,18.2,15,N,,,Y,언급2회이상_작품내상위15,정승길_v4,
st_16997,참교육,Teach You a Lesson,drama,김무열;이성민;진기주,계명대학교 대명캠퍼스,학교,대구 남구 명덕로 104,35.855523,128.579316,https://lh3.googleusercontent.com/place-photos/AG9NLjChA9Jw6uytFNOVvYZbqqN2PYFgTmPvZSneOjQD9_QPT-ueziezx2bvhCm6XSyo7pQ8TM5X_lZ802m1NoXjYsuonVPV5lT9SU0uUyzesKW2ED6FtBjgY_kv1fhs3kGBdlFBd4q3luQpehuqvb8=s4800-w800,https://map.naver.com/p/entry/place/11591497,4화에서 엘리트 외고 축명외국어고등학교로 나오는 장면,https://kdramamap.com/location/%ec%b0%b8%ea%b5%90%ec%9c%a1-%ea%b3%84%eb%aa%85%eb%8c%80%ed%95%99%ea%b5%90-%eb%8c%80%eb%aa%85%ec%ba%a0%ed%8d%bc%ec%8a%a4-19653/;https://www.realscene.site/ko/drama/teach-you-a-lesson;https://dramaplace.bkbro.kr/192,2026-07-28,30,1,,,홍종찬,https://image.tmdb.org/t/p/w500/bUsdsCTUUrqd1l9MZFgiJRypQG1.jpg,참교육,17,36,66,100.0,1,N,,,Y,언급2회이상_작품내상위15,정승길_v4,
st_16995,참교육,Teach You a Lesson,drama,김무열;이성민;진기주,대구상원고등학교,학교,대구 달서구 월배로 241,35.821685,128.539405,https://lh3.googleusercontent.com/place-photos/AG9NLjC6VJb2798y2KOb8ZN_OzyyZkh6luwgIxdMC0Y0ItpgZgVEL38ebt98k1II0Sp7K7BPdIlRM6MGZJ74Gg66nZUnZCKrbwYDqPhDv3vJ0R1rs2m3fhnFo6X1gbi7ozcbfC-8y2XjydIvnSLedg=s4800-w800,https://map.naver.com/p/entry/place/12318500,1화에서 나화진이 교권보호국 감독관으로 처음 투입되는 대한고등학교로 나오는 장면,https://kdramamap.com/location/%ec%b0%b8%ea%b5%90%ec%9c%a1-%eb%8c%80%ea%b5%ac%ec%83%81%ec%9b%90%ea%b3%a0%eb%93%b1%ed%95%99%ea%b5%90-19651/;https://www.realscene.site/ko/drama/teach-you-a-lesson;https://dramaplace.bkbro.kr/192;https://dmavy.com/posts/2026/drama-chamgyoyuk-shooting-locations/;https://haechi-travel.tistory.com/769,2026-07-28,30,1,,,홍종찬,https://image.tmdb.org/t/p/w500/bUsdsCTUUrqd1l9MZFgiJRypQG1.jpg,참교육,14,28,66,82.4,2,N,,,Y,언급2회이상_작품내상위15,정승길_v4,
st_16990,참교육,Teach You a Lesson,drama,김무열;이성민;진기주,전주공업고등학교,학교,전북 전주시 덕진구 여산로 101,35.862352,127.075370,https://lh3.googleusercontent.com/place-photos/AG9NLjAwf9b2BEqwQG7N2ImZ4vX8T64lZ6A2M2E-L8E0vrSOliLi5KjJE9AFIQOPxaJyC8y1YktHmdcAC9RdLE19kelodvHaHSl-GUi70k2wuNsDLWZZ5opApkAPBslIiYyPBFCcGIMZRd4yVanCvHg=s4800-w800,https://map.naver.com/p/entry/place/12153200,2화에서 특성화고 구운하이텍고등학교로 나오는 에피소드 장면,https://kdramamap.com/location/%ec%b0%b8%ea%b5%90%ec%9c%a1-%ec%a0%84%ec%a3%bc%ea%b3%b5%ec%97%85%ea%b3%a0%eb%93%b1%ed%95%99%ea%b5%90-19646/;https://www.realscene.site/ko/drama/teach-you-a-lesson;https://dmavy.com/posts/2026/drama-chamgyoyuk-shooting-locations/,2026-07-28,30,1,,,홍종찬,https://image.tmdb.org/t/p/w500/bUsdsCTUUrqd1l9MZFgiJRypQG1.jpg,참교육,11,23,66,64.7,3,N,,,Y,언급2회이상_작품내상위15,정승길_v4,
st_16993,참교육,Teach You a Lesson,drama,김무열;이성민;진기주,원화여자고등학교,학교,대구 달서구 당산로30길 30,35.848360,128.549155,https://lh3.googleusercontent.com/place-photos/AG9NLjAHJYQrxKy6MymbKE9i8ss_a1BFbhSnTN-ecYPx4We_0ejnK2ItKONQuz_wCxBt4B6CW13q8ZGwgFtsCrSqLmWmYhjfgtieGXF4k8PnIMpIO4jJGG-Mzl-f6u4CtHMID5FqUATRCFkucuoPSXo=s4800-w800,https://map.naver.com/p/entry/place/12017567,3화에서 여학생들 관련 사건이 벌어지는 소연여자고등학교로 나오는 장면,https://kdramamap.com/location/%ec%b0%b8%ea%b5%90%ec%9c%a1-%ec%9b%90%ed%99%94%ec%97%ac%ec%9e%90%ea%b3%a0%eb%93%b1%ed%95%99%ea%b5%90-19649/;https://www.realscene.site/ko/drama/teach-you-a-lesson;https://dramaplace.bkbro.kr/192,2026-07-28,30,1,,,홍종찬,https://image.tmdb.org/t/p/w500/bUsdsCTUUrqd1l9MZFgiJRypQG1.jpg,참교육,10,24,66,58.8,4,N,,,Y,언급2회이상_작품내상위15,정승길_v4,
st_16996,참교육,,drama,김무열;이성민;진기주,대구이현초등학교,학교,대구 서구 국채보상로37길 35,35.873486,128.550400,https://lh3.googleusercontent.com/place-photos/AG9NLjCcShugcI77ko3IU0g7pJa7Vwz5FlTjO0X5w_EiElsTvaZTsVUCBkxv90x2BIjQLtg4jeLdiqqdfu0uygUo-O_MrZLSG08CnXTHGAcFEPAUTWcEEHK6jPs923tzifS2bZ1LnwKxbPYNMmtp-w=s4800-w800,https://map.naver.com/p/entry/place/11556310,5화에서 악성 학부모가 담임교사를 괴롭히는 현충초등학교 사건이 벌어지는 장면,https://kdramamap.com/location/%ec%b0%b8%ea%b5%90%ec%9c%a1-%eb%8c%80%ea%b5%ac%ec%9d%b4%ed%98%84%ec%b4%88%eb%93%b1%ed%95%99%ea%b5%90-19652/,2026-07-28,30,1,,,홍종찬,https://image.tmdb.org/t/p/w500/bUsdsCTUUrqd1l9MZFgiJRypQG1.jpg,참교육,9,15,66,52.9,5,N,,,Y,언급2회이상_작품내상위15,정승길_v4,
st_16991,참교육,,drama,김무열;이성민;진기주,옛 장흥교도소,,전남광주통합특별시 장흥군 장흥읍 원도리 191,34.687303,126.913304,,,6화에서 붙잡힌 촉법소년들이 옛 장흥교도소에 수감되는 장면,https://kdramamap.com/location/%ec%b0%b8%ea%b5%90%ec%9c%a1-%ec%98%9b-%ec%9e%a5%ed%9d%a5%ea%b5%90%eb%8f%84%ec%86%8c-19647/,2026-07-28,30,1,,,홍종찬,https://image.tmdb.org/t/p/w500/bUsdsCTUUrqd1l9MZFgiJRypQG1.jpg,참교육,9,13,66,52.9,6,N,,,Y,언급2회이상_작품내상위15,정승길_v4,
st_16992,참교육,,drama,김무열;이성민;진기주,상주활공장,,경북 상주시 중동면 회상리 산 76-2,36.464776,128.274474,,,극 중 나화진이 세상을 떠난 약혼녀 최가윤의 수목장을 찾아 추모하는 장면,https://kdramamap.com/location/%ec%b0%b8%ea%b5%90%ec%9c%a1-%ec%83%81%ec%a3%bc%ed%99%9c%ea%b3%b5%ec%9e%a5-19648/,2026-07-28,30,1,,,홍종찬,https://image.tmdb.org/t/p/w500/bUsdsCTUUrqd1l9MZFgiJRypQG1.jpg,참교육,7,27,66,41.2,7,N,,,Y,언급2회이상_작품내상위15,정승길_v4,
st_16944,참교육,Teach You a Lesson,drama,김무열;이성민;진기주,대진고등학교,학교,서울 노원구 공릉로62가길 47,37.637807,127.076090,https://lh3.googleusercontent.com/place-photos/AG9NLjCdaj1MKWolWC0snLCOheTL2zvueAjpHyYqSx35eOrohT5ZmywsK1tjbPu7i8xUX04s2RkgE--Md9Y9ttwdf84t10cfjxOV6HNwYb3o9Ts1WufeL-3MGBdNxOyDEuTzS3_IB9M1etfI5gpP=s4800-w800,https://map.naver.com/p/entry/place/12164205,4화에서 임한림이 나화진을 오해한 자괴감에 운동장을 달리며 소리치는 장면,https://kdramamap.com/location/%ec%b0%b8%ea%b5%90%ec%9c%a1-%eb%8c%80%ec%a7%84%ea%b3%a0%eb%93%b1%ed%95%99%ea%b5%90-19600/;https://dmavy.com/posts/2026/drama-chamgyoyuk-shooting-locations/;https://dramaplace.bkbro.kr/192,2026-07-28,30,1,,,홍종찬,https://image.tmdb.org/t/p/w500/bUsdsCTUUrqd1l9MZFgiJRypQG1.jpg,참교육,7,15,66,41.2,8,N,,,Y,언급2회이상_작품내상위15,정승길_v4,
st_16984,참교육,Teach You a Lesson,drama,김무열;이성민;진기주,새롬고등학교,학교,세종 새롬서로 68,36.486593,127.249126,,https://map.naver.com/p/entry/place/1768474285,6화에서 마약·폭력·절도를 저지르는 촉법소년들의 현진중학교 사건이 벌어지는 장면,https://kdramamap.com/location/%ec%b0%b8%ea%b5%90%ec%9c%a1-%ec%83%88%eb%a1%ac%ea%b3%a0%eb%93%b1%ed%95%99%ea%b5%90-19640/;https://haechi-travel.tistory.com/763;https://dramaplace.bkbro.kr/192,2026-07-28,30,1,,,홍종찬,https://image.tmdb.org/t/p/w500/bUsdsCTUUrqd1l9MZFgiJRypQG1.jpg,참교육,7,13,66,41.2,9,N,,,Y,언급2회이상_작품내상위15,정승길_v4,
st_16942,참교육,Teach You a Lesson,drama,김무열;이성민;진기주,중앙고등학교,학교,서울 종로구 창덕궁길 164,37.583788,126.987473,https://lh3.googleusercontent.com/place-photos/AG9NLjCh6wLwaUujftdBx_F-oShETrtV_QcRA69rztFAhwh_28-ErIzXXo2VC76U6mid2lD3eov6zJMvVsUExpitlQT5Wcrf6xwoKkWRtJ5dsRZZXaCmG1L6Cq-xCppV3-EzeB9N1--8rqGXmVt_-w=s4800-w800,https://map.naver.com/p/entry/place/12111891,9~10화에서 조규철이 교도소에서 돌아와 진원고등학교에서 최종 대결을 벌이는 장면,https://kdramamap.com/location/%ec%b0%b8%ea%b5%90%ec%9c%a1-%ec%a4%91%ec%95%99%ea%b3%a0%eb%93%b1%ed%95%99%ea%b5%90-19598/;https://haechi-travel.tistory.com/763;https://dramaplace.bkbro.kr/192;https://dmavy.com/posts/2026/drama-chamgyoyuk-shooting-locations/,2026-07-28,30,1,,,홍종찬,https://image.tmdb.org/t/p/w500/bUsdsCTUUrqd1l9MZFgiJRypQG1.jpg,참교육,7,13,66,41.2,10,N,,,Y,언급2회이상_작품내상위15,정승길_v4,
st_16953,참교육,Teach You a Lesson,drama,김무열;이성민;진기주,드리우니,cafe,인천 강화군 길상면 마니산로 106,37.638543,126.480710,https://lh3.googleusercontent.com/place-photos/AG9NLjD_vXOB4Ooj0VnykL0Wg-RqAH9-qlMcml3UDwhrQqT53MhLKSE32tDyrWjfs1mZMMR3PkiRwmgLjLSy-2lvlD3RgCP2-DbcANJl-wxyWJTtoWOb2iHRC4JzvbmDdSuJXCUVksEt_F0ooaz68Bw=s4800-w800,https://map.naver.com/p/entry/place/1563961038,4화에서 입시 비리에 연루된 교사와 학부모가 한옥 카페에서 만나는 장면,https://kdramamap.com/location/%ec%b0%b8%ea%b5%90%ec%9c%a1-%eb%93%9c%eb%a6%ac%ec%9a%b0%eb%8b%88-19609/;https://dramaplace.bkbro.kr/192,2026-07-28,30,1,,,홍종찬,https://image.tmdb.org/t/p/w500/bUsdsCTUUrqd1l9MZFgiJRypQG1.jpg,참교육,4,30,66,23.5,11,N,,,Y,언급2회이상_작품내상위15,정승길_v4,
st_16948,참교육,Teach You a Lesson,drama,김무열;이성민;진기주,본부케,shop,서울 강남구 강남대로106길 11,37.503051,127.026526,https://lh3.googleusercontent.com/place-photos/AG9NLjD3x3DLIscjfg-WyLF0jCakyz-1nIPpgxLIMu4BWhl1gL7ACYz0FptzZn4yDvSB6hl_ZKmP6ZCkB8xuTj2fI9R5WxwLkoCDQQ7MWLkL4jl0JghlKt0l_yH59rew5HmFNQFsipWqIHnm0xCBsTeUQj6Uog=s4800-w800,https://map.naver.com/p/entry/place/1591467110,8화에서 현민의 어머니가 대치동 입시 정보를 얻으려 학부모 모임에 나가는 장면,https://kdramamap.com/location/%ec%b0%b8%ea%b5%90%ec%9c%a1-%eb%b3%b8%eb%b6%80%ec%bc%80-19604/;https://dramaplace.bkbro.kr/192,2026-07-28,30,1,,,홍종찬,https://image.tmdb.org/t/p/w500/bUsdsCTUUrqd1l9MZFgiJRypQG1.jpg,참교육,4,20,66,23.5,12,N,,,Y,언급2회이상_작품내상위15,정승길_v4,
st_16988,참교육,,drama,김무열;이성민;진기주,도시상징광장,광장,세종 나성동 840,36.485360,127.262459,https://lh3.googleusercontent.com/place-photos/AG9NLjBRjSc3xF6s6jWLH1HL_YoKWx_NjyYhwcJsHcImXgTn9NzXJ544ZYwhHdcpGYWr47br3X6ahcCQ08jDVA1HLza6PShhX1fKmMzVnN6_hpu9Xqim5VlsKZznD6Bp-PlZpu8vCBvkwPip7KoFnOZz-zoY6Q=s4800-w800,https://map.naver.com/p/entry/place/1864219181,촉법소년이 차를 훔쳐 운전하던 장소로 등장한 세종 도시상징광장,https://kdramamap.com/location/%ec%b0%b8%ea%b5%90%ec%9c%a1-%eb%8f%84%ec%8b%9c%ec%83%81%ec%a7%95%ea%b4%91%ec%9e%a5-19644/,2026-07-28,30,1,,,홍종찬,https://image.tmdb.org/t/p/w500/bUsdsCTUUrqd1l9MZFgiJRypQG1.jpg,참교육,4,15,66,23.5,13,N,,,Y,언급2회이상_작품내상위15,정승길_v4,
st_16952,참교육,Teach You a Lesson,drama,김무열;이성민;진기주,인천강화경찰서,government,인천 강화군 강화읍 동문안길 17,37.747710,126.486327,,https://map.naver.com/p/entry/place/11642507,6화에서 범죄를 저지른 촉법소년들이 붙잡혀 경찰서로 연행되는 장면,https://kdramamap.com/location/%ec%b0%b8%ea%b5%90%ec%9c%a1-%ec%9d%b8%ec%b2%9c%ea%b0%95%ed%99%94%ea%b2%bd%ec%b0%b0%ec%84%9c-19608/;https://dmavy.com/posts/2026/drama-chamgyoyuk-shooting-locations/;https://dramaplace.bkbro.kr/192,2026-07-28,30,1,,,홍종찬,https://image.tmdb.org/t/p/w500/bUsdsCTUUrqd1l9MZFgiJRypQG1.jpg,참교육,4,4,66,23.5,14,N,,,Y,언급2회이상_작품내상위15,정승길_v4,
st_16945,참교육,,drama,김무열;이성민;진기주,분식을품다 본점,음식점,서울 서초구 강남대로47길 30,37.488573,127.030017,,https://map.naver.com/p/entry/place/1791530852,4화에서 봉근대가 형주를 우연히 만나 함께 떡볶이를 먹는 장면,https://kdramamap.com/location/%ec%b0%b8%ea%b5%90%ec%9c%a1-%eb%b6%84%ec%8b%9d%ec%9d%84%ed%92%88%eb%8b%a4-%eb%b3%b8%ec%a0%90-19601/,2026-07-28,30,1,,,홍종찬,https://image.tmdb.org/t/p/w500/bUsdsCTUUrqd1l9MZFgiJRypQG1.jpg,참교육,3,17,66,17.6,15,N,,,Y,언급2회이상_작품내상위15,정승길_v4,
st_20231,철인왕후,Mr. Queen,drama,신혜선;김정현;나인우,궁남지,관광지/연못,충청남도 부여군 부여읍 동남리 152-1,36.271819292326,126.913187020415,https://lh3.googleusercontent.com/place-photos/AG9NLjBBlkoY9KGlsAy76feWOsqyNcMcp3VgoVLM83OeQQcvUM2RkZxvr1WnsgIFkY9lBnopg5K2KVjkDMihKtYpHp8EWal_Igveb4Pp3W22mZC8xjzQ6szNdmO_Lpn1L0S-0JkjGhgsAloudM5VNA=s4800-w800,https://map.naver.com/p/entry/place/13302613,봉환이 연못에 빠져 조선시대로 넘어오게 되는 장면이 촬영된 곳,https://creatrip.com/en/blog/9995,2026-07-30,33,,,,윤성식,https://image.tmdb.org/t/p/w500/nzMUCTgifscseMV62JjZE3ilOSx.jpg,철인왕후,41,514,61,100.0,1,N,,,Y,언급2회이상_작품내상위15,정승길_v4,
st_20233,철인왕후,Mr. Queen,drama,신혜선;김정현;나인우,광한루원,관광지/정원,전북 남원시 요천로 1447,35.4041318359584,127.38050354021,https://lh3.googleusercontent.com/place-photos/AG9NLjCH2Pfu3oSd0wnvYKSS0lTbs_qGdxn7WJOn8anUVRhiDqQdyqDg-UxdSPJHJ5p4TkdrDY-9lhMcMtCfyRIT_0octQKVevClY1OzyqWrahjnYq3YTSpcflRRlsW_Ka12rD472Mgw5Dt4_aTpFA=s4800-w800,https://map.naver.com/p/entry/place/12292865,봉환이 소중한 것을 잃어버린 것을 알아채고 책 읽는 왕을 처음 만나는 장면,https://creatrip.com/en/blog/9995,2026-07-30,33,,,,윤성식,https://image.tmdb.org/t/p/w500/nzMUCTgifscseMV62JjZE3ilOSx.jpg,철인왕후,18,161,61,43.9,2,N,,,Y,언급2회이상_작품내상위15,정승길_v4,
st_20239,철인왕후,Mr. Queen,drama,신혜선;김정현;나인우,용인대장금파크,사극세트장,경기도 용인시 처인구 백암면 용천드라마길 25,37.1194440425504,127.337088732809,https://lh3.googleusercontent.com/place-photos/AG9NLjCT1kZTB6B9tA9qR39FVdoY89yCB6pn5kV56bze5R3HChMbEWzfMUQ3Cl5Htamjyt44GLCgbK10Lh5A4_iZS3Llnrz3nKkVKZCUdylxiZ482muTL29rv2rYv4_bafEmQiMUNFTbmAAzcQaKo_4=s4800-w800,https://map.naver.com/p/entry/place/13523487,철인왕후에서 극중 왕실의 주요 궁궐로 등장하는 장면을 촬영한 곳,"https://dh.aks.ac.kr/Edu/wiki/index.php/%EC%B2%A0%EC%9D%B8%EC%99%95%ED%9B%84(%EB%93%9C%EB%9D%BC%EB%A7%88,_2020)",2026-07-30,33,,,,윤성식,https://image.tmdb.org/t/p/w500/nzMUCTgifscseMV62JjZE3ilOSx.jpg,철인왕후,5,15,61,12.2,3,N,,,Y,언급2회이상_작품내상위15,정승길_v4,
st_20234,철인왕후,Mr. Queen,drama,신혜선;김정현;나인우,문경새재 오픈세트장,사극세트장,경북 문경시 문경읍 새재로 932,36.7616034289935,128.076989152595,https://lh3.googleusercontent.com/place-photos/AG9NLjBHNSIiY9b6wSTqkSSM7sgFZy-typNG9luM93NoHoOtlEnqrU_Z-ud50p5ZtMq4x0S-S7wMr7d71vqEQ50YkuWxpBNWUufDf-__ZNFoQc9ASCf-v3a-bO_jTmYs48Q-vT-dFPmYHTb8S6q-oNQ=s4800-w800,https://map.naver.com/p/entry/place/37844946,궁중 장면 다수와 수라간(어주방) 장면이 촬영된 대표 사극 세트장,https://creatrip.com/en/blog/9995,2026-07-30,33,,,,윤성식,https://image.tmdb.org/t/p/w500/nzMUCTgifscseMV62JjZE3ilOSx.jpg,철인왕후,2,1,61,4.9,4,N,,,Y,언급2회이상_작품내상위15,정승길_v4,
st_20861,초콜릿,Chocolate,drama,윤계상;하지원,대천해수욕장,해수욕장,충남 보령시 머드로 123,36.3101404,126.5131254,https://lh3.googleusercontent.com/place-photos/AG9NLjB2Qcud9tpNQV-xEWrIehKM2Qs3Wq1aJjK1P9FViehE9zGquesKrDk3ZkSIm2dT8m6FWqRgS3RQ0Q6WDqru_V7RBnvxLTLc7gLGR_XilVEOf0dIRyDdKSFg1cdLUeYn_dFjaZjLXTkVeWoLM2I=s4800-w800,https://map.naver.com/p/entry/place/11784288,겨울 바다를 배경으로 이강과 문차영이 조개구이를 먹으며 애틋한 사랑을 나누는 장면,https://vimeo.com/1149640059,2026-07-30,87,,,,이형민,https://image.tmdb.org/t/p/w500/lo9m03N7xfa56wYN58DlDdWcOjC.jpg,초콜릿,2,10,71,100.0,1,N,,,Y,언급2회이상_작품내상위15,정승길_v4,
st_20860,초콜릿,Chocolate,drama,윤계상;하지원,정도리 구계등,해변/명승,전남 완도군 완도읍 정도리 960,34.2976847671,126.706222218,https://lh3.googleusercontent.com/place-photos/AG9NLjDtcPTr_1FjV6vov3mOp4wMbZ8cSiI-7RWHk4XrK_F96ylkRzzCsGXwtwDtIPTeh7Fl45Whp6devazy8hUfBVmiatqh-lTL2Lr8OMRXQWk4o8MqmxF3Utzq_gTglo9S2Jmk0ues9cZFa1WFRw=s4800-w800,https://map.naver.com/p/entry/place/17170086,,https://www.yna.co.kr/view/AKR20200121053100054;https://www.kric.go.kr/jsp/board/portal/sub05/res/themeEssayDetail.jsp?board_cd=M020204&board_seq=3494&q_naGubunALL=all;https://www.nbn-news.co.kr/news/articleView.html?idxno=44666,2026-07-30,87,,,,이형민,https://image.tmdb.org/t/p/w500/lo9m03N7xfa56wYN58DlDdWcOjC.jpg,초콜릿,1,2,71,50.0,2,N,,,Y,언급부족_데이터품질기준보존,,
st_20862,초콜릿,Chocolate,drama,윤계상;하지원,계명대학교 동산병원,종합병원,대구 달서구 달구벌대로 1035,35.8540994,128.4802188,https://lh3.googleusercontent.com/place-photos/AG9NLjBRPifhDZUOp2tJzLrQ5dwW4AoEBBnP9hVfJhwa3KNFzwBoB55BTZ-NDXRks3YrVxClCPp_VAYkHlTK280G4xuj377wtyN94UO2V0c4UDgLw15wtpkBtZGY94LeqvtqzY41qfi008sRncw_mg=s4800-w800,https://map.naver.com/p/entry/place/21849562,1~6화에서 이강(윤계상)이 근무하는 병원으로 로비·병동·수술실·응급실 등이 배경으로 등장하는 장면,https://alienbeing.tistory.com/2440;https://alienbeing.tistory.com/2081,2026-07-30,87,,,,이형민,https://image.tmdb.org/t/p/w500/lo9m03N7xfa56wYN58DlDdWcOjC.jpg,초콜릿,0,0,71,0.0,3,N,,,Y,언급부족_데이터품질기준보존,정승길_v4,
mv_1229_01,최종병기 활,War of the Arrows,movie,박해일;류승룡;김무열;문채원;이한위,공기마을 편백나무숲,관광명소,전북특별자치도 완주군 상관면 죽림리 산214-1,35.7335723649316,127.193345479849,https://lh3.googleusercontent.com/place-photos/AG9NLjBy1tS8OSTBusqVziHbGsNtOU2idSLY8ytovXDDY-7LIw7_HfL6AO4LTjRn9QPGPyUto83J1BCfYi_5upRNngX_xdiWfDv9iYXMeD2_aaJzUrTwP58ZsIfGgS6XcLy1LwmpwKfbx_bwjLkTBbE=s4800-w800,,남이가 청나라 장수 쥬신타에게 마지막 화살을 날리는 영화의 결말부 장면,https://www.grandculture.net/wanju/toc/GC07000991,2026-07-31,,,7463056,,김한민,https://image.tmdb.org/t/p/w500/gaXSEQ2XzkFnKxYIvkqj4Tidltk.jpg,최종병기활,7,19,40,100.0,1,N,,,Y,언급2회이상_작품내상위15,정승길_v4,
mv_1229_03,최종병기 활,War of the Arrows,movie,박해일;류승룡;김무열;문채원;이한위,운일암반일암,관광명소,전북특별자치도 진안군 주천면 동상주천로 1716,35.9827325553285,127.388314698563,https://lh3.googleusercontent.com/place-photos/AG9NLjDTXcJEPzopS_oTkPmXtRmpoI5SDPt2IgzqfQCdWls1Im9AqsFkpSlx8bxe2Qd6GcPoF0KUixu_67zLBDXvrihVHu2Lo21beIKtpKZ8DScjIGT-Zlp_YBoY25CdGSztMu2gnPi4rdIO6bOJ=s4800-w800,,남이가 청나라 장수와 대적하며 계곡 바위를 넘나들고 호랑이와 직면하는 장면,https://jinan.grandculture.net/jinan/index/GC05801459,2026-07-31,,,7463056,,김한민,https://image.tmdb.org/t/p/w500/gaXSEQ2XzkFnKxYIvkqj4Tidltk.jpg,최종병기활,0,0,40,0.0,2,N,,,Y,언급부족_데이터품질기준보존,정승길_v4,
mv_1229_02,최종병기 활,War of the Arrows,movie,박해일;류승룡;김무열;문채원;이한위,황매산,관광명소,경남 합천군 가회면 둔내리 산 219,35.49663949178716,127.9833202190876,https://lh3.googleusercontent.com/place-photos/AG9NLjCPhRlKdeNOwyvwP6MithC3uCOB9OieTtPnNvQFpujlO7LQzEHYQ5RVE8MlYkZmIAvJqoHM6eNwkFgjqebm_14zP_Gb6FGvczKcJWYv2cn7NdmXaZfJq8iUbxx2xHOagZCoDafkrowcncwY3w=s4800-w800,,,https://www.hc.go.kr/06572/06699/06740.web?amode=view&idx=48&cate=2&cpage=3&deptcode=54801220000,2026-07-31,,,7463056,,김한민,https://image.tmdb.org/t/p/w500/gaXSEQ2XzkFnKxYIvkqj4Tidltk.jpg,최종병기활,0,0,40,0.0,3,N,,,Y,언급부족_데이터품질기준보존,,
mv_0069_05,친구,Friend,movie,유오성;장동건;서태화,대변항,항구,부산광역시 기장군 기장읍 대변로 153 일대,35.2239152,129.2289579,https://lh3.googleusercontent.com/place-photos/AG9NLjCsQKtf3UnsybZ8pEtxaHarPa9Kc2oHwSxZsz03c899A3Bhz4PJ6M64pTfCwZT4Meyz9yLfMKrtVy39M6ZVExIJMd32A8XzQTt9rOiHkEgc9kxzTboyqFy0b4ogfDWHpIR-Cn3P0xLw_omPbZY=s4800-w800,https://map.naver.com/p/entry/place/13491934,동수(장동건)가 조직 보스를 밀고한 뒤 대변항 방파제를 찾아와 어릴 적 추억을 씁쓸히 떠올리는 장면,https://www.khan.co.kr/article/200104101916181,2026-07-30,,,8180000,,민정현,https://image.tmdb.org/t/p/w500/zzK8AKJywLRwooQNhJOV9iR7mjA.jpg,친구,2,2,85,100.0,1,N,,,Y,언급2회이상_작품내상위15,정승길_v4,
mv_0069_03,친구,Friend,movie,유오성;장동건;서태화,영도대교,다리·랜드마크,부산광역시 영도구 태종로 46,,,https://lh3.googleusercontent.com/place-photos/AG9NLjA0Zhsb57yZP1ZX9Zpi7nqwxMcAnyGUuEC3N5f4VeGhpEEC6OWnQzdSd9xlfy0reqlgAJT487w2K5HnTfRTvr4-Ko_ry00AU-ZXO3XyLy4HYUSLjs6gzK_RGX9e1a5ZVwLJat_l3Ter_YWUShs=s4800-w800,,네 친구가 어린 시절 영도다리를 건너며 조오련과 물개 중 누가 빠른지 논쟁하는 장면,https://www.busan.go.kr/news/specnews/view?dataNo=57891&gugun=Next,2026-07-30,,,8180000,,민정현,https://image.tmdb.org/t/p/w500/zzK8AKJywLRwooQNhJOV9iR7mjA.jpg,친구,1,1,85,50.0,2,N,,,Y,언급부족_데이터품질기준보존,정승길_v4,
mv_0069_01,친구,Friend,movie,유오성;장동건;서태화,매축지마을 철길·육교,마을·철길·육교,부산광역시 동구 성남로 65-4 일대,,,https://lh3.googleusercontent.com/place-photos/AG9NLjBH5Q-GRP3dsRQmjUzuExSQONcaF0ogYKMJxk4wFokQWELcyq27RP3mFQu5LT0jH-x1U2wlAMguEEPMXNXAZaeSMKnllEBhJQyt8NPPviqK1EIBATfAhDNKjZ0soI-rtoxmCzUh1Lx-b1E6xpY5CKH6Bw=s4800-w800,,네 친구가 영화표 내기를 하며 가방을 옆구리에 끼고 철길을 달리는 장면,https://korean.visitkorea.or.kr/detail/rem_detail.do?cotid=d283dc29-ce91-43da-bc95-753bb282e84c,2026-07-30,,,8180000,,민정현,https://image.tmdb.org/t/p/w500/zzK8AKJywLRwooQNhJOV9iR7mjA.jpg,친구,0,0,85,0.0,4,N,,,Y,언급부족_데이터품질기준보존,정승길_v4,
st_17469,친애하는X,Dear X,drama,김유정;김영대;김도훈,평안교회,교회,서울 중구 서소문로 89-11,37.562844,126.970779,https://lh3.googleusercontent.com/place-photos/AG9NLjAv3Z8_tJp8zkyuBL4Cm1erGWssOdUl_dBbLgCEQ2oLUI2--PFnQzcSnVdG0ZjBO9dD6BuGSHIpVGy-1HNCL39OnLRKu68QyZpT3vhxnBgZOgAGxxdQNnkJMDvUJ9OaCLFuneNxjtayNP_vFQ=s4800-w800,https://map.naver.com/p/entry/place/37704438,극 중 백아진의 옥탑방 옆에 붉은 벽돌 교회가 보이는 장면,https://kdramamap.com/location/%ec%b9%9c%ec%95%a0%ed%95%98%eb%8a%94x-%ed%8f%89%ec%95%88%ea%b5%90%ed%9a%8c-15833/,2026-07-28,76,,,,이응복;Park So-hyun,https://image.tmdb.org/t/p/w500/9eTQfA8lC4027DrG0PBvEBVRKuM.jpg,친애하는X,8,12,20,100.0,1,N,,,Y,언급2회이상_작품내상위15,정승길_v4,
st_17479,친애하는X,Dear X,drama,김유정;김영대;김도훈,중앙고등학교,학교,서울 종로구 창덕궁길 164,37.583788,126.987473,https://lh3.googleusercontent.com/place-photos/AG9NLjCh6wLwaUujftdBx_F-oShETrtV_QcRA69rztFAhwh_28-ErIzXXo2VC76U6mid2lD3eov6zJMvVsUExpitlQT5Wcrf6xwoKkWRtJ5dsRZZXaCmG1L6Cq-xCppV3-EzeB9N1--8rqGXmVt_-w=s4800-w800,https://map.naver.com/p/entry/place/12111891,극 중 백아진이 친구들과 여러 학창 시절을 보내는 고등학교 장면,https://kdramamap.com/location/%ec%b9%9c%ec%95%a0%ed%95%98%eb%8a%94x-%ec%a4%91%ec%95%99%ea%b3%a0%eb%93%b1%ed%95%99%ea%b5%90-15843/,2026-07-28,76,,,,이응복;Park So-hyun,https://image.tmdb.org/t/p/w500/9eTQfA8lC4027DrG0PBvEBVRKuM.jpg,친애하는X,7,21,20,87.5,2,N,,,Y,언급2회이상_작품내상위15,정승길_v4,
st_17452,친애하는X,Dear X,drama,김유정;김영대;김도훈,47625커피,카페,서울 마포구 월드컵로10길 9,37.554674,126.912238,,,3화에서 백아진이 카페 사장 최정호를 제물로 삼고 아르바이트하는 장면,https://kdramamap.com/location/%ec%b9%9c%ec%95%a0%ed%95%98%eb%8a%94x-47625%ec%bb%a4%ed%94%bc-15816/;https://kdramalocations.com/dramas/dear-x;https://haechi-travel.tistory.com/430,2026-07-28,76,,,,이응복;Park So-hyun,https://image.tmdb.org/t/p/w500/9eTQfA8lC4027DrG0PBvEBVRKuM.jpg,친애하는X,5,14,20,62.5,3,N,,,Y,언급2회이상_작품내상위15,정승길_v4,
st_17513,친애하는X,Dear X,drama,김유정;김영대;김도훈,파주리조트골프클럽,호텔/숙박,경기 파주시 교하로 1097-33,37.740867,126.718390,https://lh3.googleusercontent.com/place-photos/AG9NLjCvahpMfeB1mbwYVBwCWWPEsCoQFFSvk_d_scNjFMd3X_hCVE7mUiRZ86QltHSX6V6Xnt2ZuGS7CIYELZqe5oAvx_1zuNZoXVPDcnTGJ3lO1u6G_NobHkCa_0COySeJbsYdhuVqxtaIPxCsfK0=s4800-w800,https://map.naver.com/p/entry/place/1807811329,극 중 준서의 어머니와 백아진의 아버지가 만나 대화하는 장면,https://kdramamap.com/location/%ec%b9%9c%ec%95%a0%ed%95%98%eb%8a%94x-%ed%8c%8c%ec%a3%bc%eb%a6%ac%ec%a1%b0%ed%8a%b8%ea%b3%a8%ed%94%84%ed%81%b4%eb%9f%bd-15877/,2026-07-28,76,,,,이응복;Park So-hyun,https://image.tmdb.org/t/p/w500/9eTQfA8lC4027DrG0PBvEBVRKuM.jpg,친애하는X,5,11,20,62.5,4,N,,,Y,언급2회이상_작품내상위15,정승길_v4,
st_17480,친애하는X,Dear X,drama,김유정;김영대;김도훈,창덕궁길,거리,서울 종로구 계동 2-21,37.583067,126.987523,https://lh3.googleusercontent.com/place-photos/AG9NLjBFqeqbBdm5VwqW2qBDnIuYZ9OvJ7CFF__1PXpto2_meXYOeFRvLYGNnN79XgRy6ovlf4nFKkjl_T4GPXDgOk6knKmZ-4edxFBaQdzag3fhAutfMTbpsQB0zNmoxecPM7LPeatKfaAU1Fcg4A=s4800-w800,,,https://kdramamap.com/location/%ec%b9%9c%ec%95%a0%ed%95%98%eb%8a%94x-%ec%b0%bd%eb%8d%95%ea%b6%81%ea%b8%b8-15844/,2026-07-28,76,,,,이응복;Park So-hyun,https://image.tmdb.org/t/p/w500/9eTQfA8lC4027DrG0PBvEBVRKuM.jpg,친애하는X,5,6,20,62.5,5,N,,,Y,언급2회이상_작품내상위15,,
st_17523,친애하는X,Dear X,drama,김유정;김영대;김도훈,분당메모리얼파크,,경기 성남시 분당구 새나리로 79,37.403590,127.163966,https://lh3.googleusercontent.com/place-photos/AG9NLjCCV0QI619TdPe8lc9hCm2e75yDlQfYtnTu2-eVQA-kOinEZ19exTVFh8-mQvk_Y0BNFd5PMvAsfpUxjSyKyE5vncuDVSJEXw05uItWHFnJMjtRYvtqr1WV7JSo1FymGEg_sZzp6heAltA-ow=s4800-w800,https://map.naver.com/p/entry/place/12388718,극 중 재오가 아버지를 추모하러 찾아가는 추모원 장면,https://kdramamap.com/location/%ec%b9%9c%ec%95%a0%ed%95%98%eb%8a%94x-%eb%b6%84%eb%8b%b9%eb%a9%94%eb%aa%a8%eb%a6%ac%ec%96%bc%ed%8c%8c%ed%81%ac-15887/,2026-07-28,76,,,,이응복;Park So-hyun,https://image.tmdb.org/t/p/w500/9eTQfA8lC4027DrG0PBvEBVRKuM.jpg,친애하는X,4,8,20,50.0,6,N,,,Y,언급2회이상_작품내상위15,정승길_v4,
st_17507,친애하는X,Dear X,drama,김유정;김영대;김도훈,조이마당스튜디오,,경기 파주시 파주읍 봉서산로 245,37.833300,126.803485,https://lh3.googleusercontent.com/place-photos/AG9NLjACiiwj6AvwSE0Uh5C1Jp9DdQi4HhcCINUMPrDZ1uz3z7F7vaw0cuUsF4Z8J-VOs_kH6uuGB5Dgz_dpTLtIEH6bO3XjZQiagosM81sWF3ov9hESmauRYdPp1AkcDeKSiOxMbrnzPSf4ji-WPNY=s4800-w800,https://map.naver.com/p/entry/place/1741339375,법정·병원·교도소·경찰서 실내 장면을 촬영한 스튜디오 세트장,https://kdramamap.com/location/%ec%b9%9c%ec%95%a0%ed%95%98%eb%8a%94x-%ec%a1%b0%ec%9d%b4%eb%a7%88%eb%8b%b9%ec%8a%a4%ed%8a%9c%eb%94%94%ec%98%a4-15871/,2026-07-28,76,,,,이응복;Park So-hyun,https://image.tmdb.org/t/p/w500/9eTQfA8lC4027DrG0PBvEBVRKuM.jpg,친애하는X,4,8,20,50.0,7,N,,,Y,언급2회이상_작품내상위15,정승길_v4,
st_17527,친애하는X,Dear X,drama,김유정;김영대;김도훈,영화의전당,공연장,부산 해운대구 수영강변대로 120,35.171037,129.127085,https://lh3.googleusercontent.com/place-photos/AG9NLjBS01GQO79qaxZg-WFmxidLj6Bbpt3wTkE9INfE7TZpIHFL5Q7_cyqQxpEujy0sKVJCNeMASKGhx5zU48RlCMV3JfeTm-MIlsJTkr1AnABHJxUigejmTVzqYZlKgDBy1C7JiNEM5elzf2DWtHNctoASfw=s4800-w800,https://map.naver.com/p/entry/place/20410180,,https://kdramamap.com/location/%ec%b9%9c%ec%95%a0%ed%95%98%eb%8a%94x-%ec%98%81%ed%99%94%ec%9d%98%ec%a0%84%eb%8b%b9-15891/;https://kdramalocations.com/dramas/dear-x;https://haechi-travel.tistory.com/430,2026-07-28,76,,,,이응복;Park So-hyun,https://image.tmdb.org/t/p/w500/9eTQfA8lC4027DrG0PBvEBVRKuM.jpg,친애하는X,3,8,20,37.5,8,N,,,Y,언급2회이상_작품내상위15,,
st_17525,친애하는X,Dear X,drama,김유정;김영대;김도훈,충남공주경찰서,,충남 공주시 백제문화로 2148-15,36.455778,127.109846,https://lh3.googleusercontent.com/place-photos/AG9NLjA4mhVYJkdft8zGYZcrsKGr-I28pEIcCF_c9Op-6x5YX6ViA3cJlJ9xCu0uUQ2V8jTCWuw0bbVn_112LFHd7yrVK9vA8OigZFlEW9sJNUAuXZEhKR2Ctlvx81fWUxOI9rGT2foQYl26pJGSzQ=s4800-w800,https://map.naver.com/p/entry/place/11642553,극 중 백아진이 아버지를 죽인 혐의로 구속되고 레나를 처음 만나는 장면,https://kdramamap.com/location/%ec%b9%9c%ec%95%a0%ed%95%98%eb%8a%94x-%ec%b6%a9%eb%82%a8%ea%b3%b5%ec%a3%bc%ea%b2%bd%ec%b0%b0%ec%84%9c-15889/,2026-07-28,76,,,,이응복;Park So-hyun,https://image.tmdb.org/t/p/w500/9eTQfA8lC4027DrG0PBvEBVRKuM.jpg,친애하는X,3,8,20,37.5,9,N,,,Y,언급2회이상_작품내상위15,정승길_v4,
st_17481,친애하는X,Dear X,drama,김유정;김영대;김도훈,경희대학교,학교,서울 동대문구 경희대로 26,37.593949,127.054891,https://lh3.googleusercontent.com/place-photos/AG9NLjA-WMz1zNSBldQQAYaU5zxuLhKzWgXRCGk9aFQilpZn7RsH27yrllPu5ysElKfHLMxyMI56UgQDA5j4Gm1JEFT32Ocy0Xa21DxvAPNn6_V-CpDEj55AKBDNyWBfW_x8KgfaDsM0n82otfqvmlU=s4800-w800,https://map.naver.com/p/entry/place/12064583,극 중 영화제 시상식에서 백아진이 스포트라이트를 받는 장면,https://kdramamap.com/location/%ec%b9%9c%ec%95%a0%ed%95%98%eb%8a%94x-%ea%b2%bd%ed%9d%ac%eb%8c%80%ed%95%99%ea%b5%90-15845/,2026-07-28,76,,,,이응복;Park So-hyun,https://image.tmdb.org/t/p/w500/9eTQfA8lC4027DrG0PBvEBVRKuM.jpg,친애하는X,3,5,20,37.5,10,N,,,Y,언급2회이상_작품내상위15,정승길_v4,
st_17524,친애하는X,Dear X,drama,김유정;김영대;김도훈,세이지우드 홍천,,강원 홍천군 두촌면 괘석리 708,37.885934,128.110921,https://lh3.googleusercontent.com/place-photos/AG9NLjBZwDWnWbLRBSIh-a2FxCnlwdhQWfUSR42nOPtn652OZlDvim3csmZKxAY4Vw6PRAgvTt7W3-sT8cmirkADjEOr6-vT-OPpOKB_L20tt7Yl2l0EsOeHt6sZOqZ9qU7yDSptUtMSZRvYt2FT6w=s4800-w800,https://map.naver.com/p/entry/place/1194921077,극 중 준서의 가족이 사는 본가로 등장하는 리조트 장면,https://kdramamap.com/location/%ec%b9%9c%ec%95%a0%ed%95%98%eb%8a%94x-%ec%84%b8%ec%9d%b4%ec%a7%80%ec%9a%b0%eb%93%9c-%ed%99%8d%ec%b2%9c-15888/,2026-07-28,76,,,,이응복;Park So-hyun,https://image.tmdb.org/t/p/w500/9eTQfA8lC4027DrG0PBvEBVRKuM.jpg,친애하는X,3,3,20,37.5,11,N,,,Y,언급2회이상_작품내상위15,정승길_v4,
st_17432,친애하는X,Dear X,drama,김유정;김영대;김도훈,도원장,,서울 은평구 가좌로7나길 4-1,37.585607,126.919154,https://lh3.googleusercontent.com/place-photos/AG9NLjCwd8IZxEFIFLt3geVhLpEePke0YZ9mpoL7T2bpsjTZFEORYXfpsJPL4lEq3RfeGM8V91byvDrdl3TSmkMYEiRHgGrd8vIPUGxRsmOBaiOS6lga2ZAHiwO1WLiJb6WdAVBIIFPEVNIBZ1bk0RxlM5DmCQ=s4800-w800,https://map.naver.com/p/entry/place/18679432,1화에서 재오가 짜장면을 맛있게 먹는 중국집 장면,https://kdramamap.com/location/%ec%b9%9c%ec%95%a0%ed%95%98%eb%8a%94x-%eb%8f%84%ec%9b%90%ec%9e%a5-15796/,2026-07-28,76,,,,이응복;Park So-hyun,https://image.tmdb.org/t/p/w500/9eTQfA8lC4027DrG0PBvEBVRKuM.jpg,친애하는X,3,2,20,37.5,12,N,,,Y,언급2회이상_작품내상위15,정승길_v4,
st_17519,친애하는X,Dear X,drama,김유정;김영대;김도훈,파스쿠찌 라페스타점,,경기 고양시 일산동구 중앙로1275번길 60-14,37.659546,126.769655,https://lh3.googleusercontent.com/place-photos/AG9NLjBUhd4CV4___2Xc9-3zlT45-NdtkyL0FmI2TFLB61JBE3rUdzzUHrRoQHIv-p-Io7w-qMDXrABnlVHuEDu7L0Qqi1K4I3xJW6mz5DtwLC0H7LttBVbKMbNTxuhmoVPVY69YqT_DEATRikzDVBTzauwd=s4800-w800,https://map.naver.com/p/entry/place/1262404068,"극 중 준서와 아진이 아진의 아버지를 만나고, 아진이 소속사 대표를 처음 만나는 장면",https://kdramamap.com/location/%ec%b9%9c%ec%95%a0%ed%95%98%eb%8a%94x-%ed%8c%8c%ec%8a%a4%ec%bf%a0%ec%b0%8c-%eb%9d%bc%ed%8e%98%ec%8a%a4%ed%83%80%ec%a0%90-15883/,2026-07-28,76,,,,이응복;Park So-hyun,https://image.tmdb.org/t/p/w500/9eTQfA8lC4027DrG0PBvEBVRKuM.jpg,친애하는X,2,10,20,25.0,13,N,,,Y,언급2회이상_작품내상위15,정승길_v4,
st_17522,친애하는X,Dear X,drama,김유정;김영대;김도훈,얼반웍스 스튜디오,,경기 고양시 덕양구 호원길 3-2,37.585967,126.875599,,,경찰서·교도소·병원 등 실내 장면을 촬영한 스튜디오 세트장,https://kdramamap.com/location/%ec%b9%9c%ec%95%a0%ed%95%98%eb%8a%94x-%ec%96%bc%eb%b0%98%ec%9b%8d%ec%8a%a4-%ec%8a%a4%ed%8a%9c%eb%94%94%ec%98%a4-15886/,2026-07-28,76,,,,이응복;Park So-hyun,https://image.tmdb.org/t/p/w500/9eTQfA8lC4027DrG0PBvEBVRKuM.jpg,친애하는X,2,6,20,25.0,14,N,,,Y,언급2회이상_작품내상위15,정승길_v4,
st_17476,친애하는X,Dear X,drama,김유정;김영대;김도훈,서울경찰청,,서울 종로구 사직로8길 31,37.574946,126.971980,https://lh3.googleusercontent.com/place-photos/AG9NLjAwEZGQhqBLiku6agXNoH90xLxftaq3PmG1KmMnwF2ahhTc1yFHe7GxsgMHKNVqDoe38EL556-hU92VYzOZQOCUHCv6J5eTJYU4SuM_xAqjUb4Ooad7xjC8NT793cruHISmnBbd79x9ENhf-Ecbb1ev_w=s4800-w800,https://map.naver.com/p/entry/place/11640195,"극중 명동경찰서로 나온 건물, 실제로는 종로 사직동에 위치한 서울경찰청입니다.",https://kdramamap.com/location/%ec%b9%9c%ec%95%a0%ed%95%98%eb%8a%94x-%ec%84%9c%ec%9a%b8%ea%b2%bd%ec%b0%b0%ec%b2%ad-15840/,2026-07-28,76,,,,이응복;Park So-hyun,https://image.tmdb.org/t/p/w500/9eTQfA8lC4027DrG0PBvEBVRKuM.jpg,친애하는X,2,5,20,25.0,15,N,,,Y,언급2회이상_작품내상위15,블로그크롤링_2026-08-01,https://blog.naver.com/holicmu/224076041841
st_17584,캐셔로,,drama,이준호;김혜준,수원대학교(학군단앞연못쪽),학교,경기 화성시 효행구 봉담읍 와우리 2-4,37.207019,126.975338,https://lh3.googleusercontent.com/place-photos/AG9NLjAuDZhvxFgfjdoeBewG02uUjzt9sAesx0SsJINM6FjnwJBI_tUdYnNaMTJMTzS6guTgvvBXHzi_9LwNGVLXv97i9EuzYObRjg3FRvTtH9wNyShQl2JRmtn6i1wXskXUFhur4Zpyt4cb-3pGsA=s4800-w800,,경기 화성시에 위치한 수원대학교 캠퍼스 내 연못 근처에서도 촬영이 진행되었습니다.,https://kdramamap.com/location/%ec%ba%90%ec%85%94%eb%a1%9c-%ec%88%98%ec%9b%90%eb%8c%80%ed%95%99%ea%b5%90-%ed%95%99%ea%b5%b0%eb%8b%a8%ec%95%9e%ec%97%b0%eb%aa%bb%ec%aa%bd-15948/,2026-07-28,99,,,,Lee Chang-min,https://image.tmdb.org/t/p/w500/SB3HbQAqQGWJTV1J5U10aXNXdU.jpg,캐셔로,8,18,43,100.0,1,N,,,Y,언급2회이상_작품내상위15,블로그크롤링_2026-08-01,https://blog.naver.com/suger5984-/224126294515
st_17596,캐셔로,Cashero,drama,이준호;김혜준,순천드라마촬영장,오픈세트장,전남광주통합특별시 순천시 비례골길 24,34.958109,127.537803,https://lh3.googleusercontent.com/place-photos/AG9NLjCxvzMxnhiUWKyZ-1l2pkq_Ggn5nMr_IPrDxXtUzXbr67jM7wsVPw__kpM9RbRKaKxnIbhT3YfpPOZ5dv9NLS0m7gBURf08badZDqyN5Ak_YpOstQU3siL_HDm2EWEWE3B6n8SrGAYZu2-oJBM=s4800-w800,https://map.naver.com/p/entry/place/13346461,극 중 과거 시점의 판자촌에서 전투가 벌어지는 장면,https://kdramamap.com/location/%ec%ba%90%ec%85%94%eb%a1%9c-%ec%88%9c%ec%b2%9c%eb%93%9c%eb%9d%bc%eb%a7%88%ec%b4%ac%ec%98%81%ec%9e%a5-15960/;https://traveltodrama.com/cashero-filming-locations-map/;https://www.jnfilm.or.kr/web_jnfilm/jn_ldbview.php?clmsuid=15,2026-07-28,99,,,,Lee Chang-min,https://image.tmdb.org/t/p/w500/SB3HbQAqQGWJTV1J5U10aXNXdU.jpg,캐셔로,7,20,43,87.5,2,N,,,Y,언급2회이상_작품내상위15,정승길_v4,
st_17563,캐셔로,,drama,이준호;김혜준,경희초등학교,학교,서울 동대문구 경희대로 26,37.593949,127.054891,https://lh3.googleusercontent.com/place-photos/AG9NLjBHFYTTl1LVLJesQTOHW8EgvLsKg_Pvy7ghoAH80ZCJZecMFTbCUM0zpmtVEv8jcKvD6nPHTiHzO41Of3tHLbP9MceBRYnM-UUhB1z1Ogx4aXdWCfdxfPsKRdFbBmGft_J0GcBNtScUU2kRaFRwYIvO_w=s4800-w800,https://map.naver.com/p/entry/place/11617551,극 중 강상웅이 김민숙에게 자신의 초능력을 고백하는 초등학교 운동장 장면,https://kdramamap.com/location/%ec%ba%90%ec%85%94%eb%a1%9c-%ea%b2%bd%ed%9d%ac%ec%b4%88%eb%93%b1%ed%95%99%ea%b5%90-15927/,2026-07-28,99,,,,Lee Chang-min,https://image.tmdb.org/t/p/w500/SB3HbQAqQGWJTV1J5U10aXNXdU.jpg,캐셔로,7,11,43,87.5,3,N,,,Y,언급2회이상_작품내상위15,정승길_v4,
st_17568,캐셔로,,drama,이준호;김혜준,로우포레스트(폐업),,서울 성동구 서울숲길 38,37.547891,127.041677,,,1화에서 강상웅이 어머니를 만나 대화하는 서울숲 인근 카페 장면,https://kdramamap.com/location/%ec%ba%90%ec%85%94%eb%a1%9c-%eb%a1%9c%ec%9a%b0%ed%8f%ac%eb%a0%88%ec%8a%a4%ed%8a%b8-%ed%8f%90%ec%97%85-15932/,2026-07-28,99,,,,Lee Chang-min,https://image.tmdb.org/t/p/w500/SB3HbQAqQGWJTV1J5U10aXNXdU.jpg,캐셔로,7,10,43,87.5,4,N,,,Y,언급2회이상_작품내상위15,정승길_v4,
st_17574,캐셔로,,drama,이준호;김혜준,검암역로열파크씨티푸르지오,,인천 검단구 한들로 33,37.578766,126.664596,https://lh3.googleusercontent.com/place-photos/AG9NLjCduAdWOQWqALeBxAQTkXKpcydHFpQ0n491zKd2rxDWvlA_1ZGSLx7Ns81fpFT0rAzHAu11PoL5-0xvD7850EjAxuxyfXRFKItF_bYR6dz-qMHSRC20J0GzrbRRGZQoFXw_Hfd694Io4WLyXQ=s4800-w800,https://map.naver.com/p/entry/place/1910860852,극 중 강상웅과 김민숙이 함께 살며 행복과 갈등을 겪는 아파트 장면,https://kdramamap.com/location/%ec%ba%90%ec%85%94%eb%a1%9c-%ea%b2%80%ec%95%94%ec%97%ad%eb%a1%9c%ec%97%b4%ed%8c%8c%ed%81%ac%ec%94%a8%ed%8b%b0%ed%91%b8%eb%a5%b4%ec%a7%80%ec%98%a4-15938/,2026-07-28,99,,,,Lee Chang-min,https://image.tmdb.org/t/p/w500/SB3HbQAqQGWJTV1J5U10aXNXdU.jpg,캐셔로,6,10,43,75.0,5,N,,,Y,언급2회이상_작품내상위15,정승길_v4,
st_17543,캐셔로,,drama,이준호;김혜준,세븐일레븐 신촌원룸점,편의점,서울 서대문구 성산로22길 22,37.559882,126.934044,https://lh3.googleusercontent.com/place-photos/AG9NLjC1PuJtGy_z479-yCXCZOEYCUGtU7pKYhDLLwRjf-u2dLsV5iGYNB0BtXDrXmwnofNFDuComNELLEh8W_DWzdoT-16DR4BqaYV8wuN2y8TKe0g9Gq0H07Co3PlNhDZksDCkkAEZWMllD09Lfg=s4800-w800,https://map.naver.com/p/entry/place/1550123924,방은미(김향기)가 아르바이트하는 편의점으로 등장한 촬영지,https://kdramamap.com/location/%ec%ba%90%ec%85%94%eb%a1%9c-%ec%84%b8%eb%b8%90%ec%9d%bc%eb%a0%88%eb%b8%90-%ec%8b%a0%ec%b4%8c%ec%9b%90%eb%a3%b8%ec%a0%90-15907/,2026-07-28,99,,,,Lee Chang-min,https://image.tmdb.org/t/p/w500/SB3HbQAqQGWJTV1J5U10aXNXdU.jpg,캐셔로,5,17,43,62.5,6,N,,,Y,언급2회이상_작품내상위15,정승길_v4,
st_17585,캐셔로,,drama,이준호;김혜준,마임비전빌리지,,경기 여주시 세종대왕면 용은길 28,37.290669,127.540148,,https://map.naver.com/p/entry/place/13320432,마임비전빌리지는 진짜 드라마 단골 촬영 성지라고 불리는 곳이에요.,https://kdramamap.com/location/%ec%ba%90%ec%85%94%eb%a1%9c-%eb%a7%88%ec%9e%84%eb%b9%84%ec%a0%84%eb%b9%8c%eb%a6%ac%ec%a7%80-15949/,2026-07-28,99,,,,Lee Chang-min,https://image.tmdb.org/t/p/w500/SB3HbQAqQGWJTV1J5U10aXNXdU.jpg,캐셔로,4,15,43,50.0,7,N,,,Y,언급2회이상_작품내상위15,블로그크롤링_2026-08-01,https://blog.naver.com/ryu71s/224225610664
st_17588,캐셔로,Cashero,drama,이준호;김혜준,선샤인스튜디오,오픈세트장,충남 논산시 연무읍 봉황로 90,36.102558,127.104296,https://lh3.googleusercontent.com/place-photos/AG9NLjAxulE2ccJQICZsfIvGNIfj5QMkYM5d-GEfT8uov0-fIrXd3ZsggFGI95rpbe4Ymy0eBl5SCZvuJ3W6JkY1z0GFStVAXVeKVXyjwXMbqMsh8j7c5yKSOTrRjhC_VXe1vZsfhr7gOWy3PVpAJmI=s4800-w800,https://map.naver.com/p/entry/place/1546566762,,https://kdramamap.com/location/%ec%ba%90%ec%85%94%eb%a1%9c-%ec%84%a0%ec%83%a4%ec%9d%b8%ec%8a%a4%ed%8a%9c%eb%94%94%ec%98%a4-15952/;https://traveltodrama.com/cashero-filming-locations-map/;https://www.cnfc.or.kr/endMovie,2026-07-28,99,,,,Lee Chang-min,https://image.tmdb.org/t/p/w500/SB3HbQAqQGWJTV1J5U10aXNXdU.jpg,캐셔로,4,15,43,50.0,8,N,,,Y,언급2회이상_작품내상위15,,
st_17581,캐셔로,Cashero,drama,이준호;김혜준,노만주의,카페/음식점,경기 고양시 덕양구 호국로1539번길 9-9,37.688648,126.900021,https://lh3.googleusercontent.com/place-photos/AG9NLjA-MPufFu0rn5BivioW9cFjvO1Dsd5u_dBehSBKFV0tFGYUGRSEwmQxvTlnd3L2gdV1KvnZKpYOrAgQ04gXUkEuwd7Dec_tXkhZZmZxEEKt8yJWwAX0TNHf6_EEYqDBSpo-TYtGqINylUWpXQ=s4800-w800,https://map.naver.com/p/entry/place/1724990484,8화에서 빵미가 불 능력자 이화진을 찾아 카페 빵앤미로 향하는 장면,https://kdramamap.com/location/%ec%ba%90%ec%85%94%eb%a1%9c-%eb%85%b8%eb%a7%8c%ec%a3%bc%ec%9d%98-15945/;https://traveltodrama.com/cashero-filming-locations-map/;https://redcrow.tistory.com/1029,2026-07-28,99,,,,Lee Chang-min,https://image.tmdb.org/t/p/w500/SB3HbQAqQGWJTV1J5U10aXNXdU.jpg,캐셔로,4,8,43,50.0,9,N,,,Y,언급2회이상_작품내상위15,정승길_v4,
st_17554,캐셔로,Cashero,drama,이준호;김혜준,녹사평역,역/교통,서울 용산구 녹사평대로 지하 195,37.534831,126.987028,https://lh3.googleusercontent.com/place-photos/AG9NLjBYhv8ltyA6lp108G-_ir7-WZjAb6ogShrJLkADd17QI-Ghno5ysujlI_yOlSxUVXWwubCCEtJICdtH8hQaifT4HxCya9PIqnH-BNuEBsVhcu9ikaaYtpz81HQP8UnByb_RwkV8IA8K6VTKiA=s4800-w800,https://map.naver.com/p/entry/place/1218585542,,https://kdramamap.com/location/%ec%ba%90%ec%85%94%eb%a1%9c-%eb%85%b9%ec%82%ac%ed%8f%89%ec%97%ad-15918/;https://traveltodrama.com/cashero-filming-locations-map/,2026-07-28,99,,,,Lee Chang-min,https://image.tmdb.org/t/p/w500/SB3HbQAqQGWJTV1J5U10aXNXdU.jpg,캐셔로,4,4,43,50.0,10,N,,,Y,언급2회이상_작품내상위15,,
st_17586,캐셔로,,drama,이준호;김혜준,운천주공아파트(재개발),,충북 청주시 흥덕구 1순환로501번길 15,36.649458,127.468966,https://lh3.googleusercontent.com/place-photos/AG9NLjA11TYF77OYWMXxTCG-A5XBmU2gsYLTZlvVRH_9KrKrS8t9p9qJJPmcCa34G84MeYGEYy797jgeEehQk2K1GsBdG30XPbZrchxzWJkJVAIy8uYhxDJto2_9XWI1Rr6rrvSe-dpRNm275yRAYw=s4800-w800,,극 중 강상웅이 최종 빌런과 처절한 마지막 대결을 벌이는 장면,https://kdramamap.com/location/%ec%ba%90%ec%85%94%eb%a1%9c-%ec%9a%b4%ec%b2%9c%ec%a3%bc%ea%b3%b5%ec%95%84%ed%8c%8c%ed%8a%b8-%ec%9e%ac%ea%b0%9c%eb%b0%9c-15950/,2026-07-28,99,,,,Lee Chang-min,https://image.tmdb.org/t/p/w500/SB3HbQAqQGWJTV1J5U10aXNXdU.jpg,캐셔로,4,4,43,50.0,11,N,,,Y,언급2회이상_작품내상위15,정승길_v4,
st_17550,캐셔로,Cashero,drama,이준호;김혜준,노들섬,공원/문화공간,서울 용산구 양녕로 445,37.517664,126.958036,https://lh3.googleusercontent.com/place-photos/AG9NLjCdckTG5Cn3KXDe-3SziPPnQv2hWwImd35ipRL432wvWOWGI8aOr_knlE5F21J6yRJgeYcewN0FYc6uhOZYMEhAV_muv9GQQGq_crWJudfPwRDSmHdfO9hWVwUi8anRJ5kha3Ii4lrRCIO2=s4800-w800,https://map.naver.com/p/entry/place/1640249712,1화에서 강상웅과 김민숙이 초능력 사용 비용을 계산한 뒤 쓰지 말자고 결론내리는 장면,https://kdramamap.com/location/%ec%ba%90%ec%85%94%eb%a1%9c-%eb%85%b8%eb%93%a4%ec%84%ac-15914/;https://redcrow.tistory.com/1029,2026-07-28,99,,,,Lee Chang-min,https://image.tmdb.org/t/p/w500/SB3HbQAqQGWJTV1J5U10aXNXdU.jpg,캐셔로,3,6,43,37.5,12,N,,,Y,언급2회이상_작품내상위15,정승길_v4,
st_17562,캐셔로,,drama,이준호;김혜준,경희대학교,학교,서울 동대문구 경희대로 26,37.593949,127.054891,https://lh3.googleusercontent.com/place-photos/AG9NLjA-WMz1zNSBldQQAYaU5zxuLhKzWgXRCGk9aFQilpZn7RsH27yrllPu5ysElKfHLMxyMI56UgQDA5j4Gm1JEFT32Ocy0Xa21DxvAPNn6_V-CpDEj55AKBDNyWBfW_x8KgfaDsM0n82otfqvmlU=s4800-w800,https://map.naver.com/p/entry/place/12064583,극 중 화재 사고가 발생하고 강상웅이 능력으로 사람들을 구조하는 장면,https://kdramamap.com/location/%ec%ba%90%ec%85%94%eb%a1%9c-%ea%b2%bd%ed%9d%ac%eb%8c%80%ed%95%99%ea%b5%90-15926/,2026-07-28,99,,,,Lee Chang-min,https://image.tmdb.org/t/p/w500/SB3HbQAqQGWJTV1J5U10aXNXdU.jpg,캐셔로,3,3,43,37.5,13,N,,,Y,언급2회이상_작품내상위15,정승길_v4,
st_17557,캐셔로,,drama,이준호;김혜준,건국빌딩,,서울 종로구 인사동4길 17,37.573836,126.986543,,https://map.naver.com/p/entry/place/1732221375,,https://kdramamap.com/location/%ec%ba%90%ec%85%94%eb%a1%9c-%ea%b1%b4%ea%b5%ad%eb%b9%8c%eb%94%a9-15921/,2026-07-28,99,,,,Lee Chang-min,https://image.tmdb.org/t/p/w500/SB3HbQAqQGWJTV1J5U10aXNXdU.jpg,캐셔로,2,4,43,25.0,14,N,,,Y,언급2회이상_작품내상위15,,
st_17577,캐셔로,,drama,이준호;김혜준,보산새마을금고 본점,,경기 동두천시 평화로 2546,37.915060,127.057760,,https://map.naver.com/p/entry/place/13405040,"경기 지역에서는 화성시 봉담읍에 위치한 수원대학교, 파주시 파주읍의 조이마당스튜디오와 도담터스튜디오, 동두천시 평화로의 보산새마을금고 본점 등이 배경으로 사용되었다.",https://kdramamap.com/location/%ec%ba%90%ec%85%94%eb%a1%9c-%eb%b3%b4%ec%82%b0%ec%83%88%eb%a7%88%ec%9d%84%ea%b8%88%ea%b3%a0-%eb%b3%b8%ec%a0%90-15941/,2026-07-28,99,,,,Lee Chang-min,https://image.tmdb.org/t/p/w500/SB3HbQAqQGWJTV1J5U10aXNXdU.jpg,캐셔로,2,4,43,25.0,15,N,,,Y,언급2회이상_작품내상위15,블로그크롤링_2026-08-01,https://blog.naver.com/dramovist/224125601861
mv_6958_03,케이팝 데몬 헌터스,KPop Demon Hunters,movie,아덴 조;메이 홍;유지영,낙산공원,공원(성곽길),서울 종로구 낙산길 41,37.58056966858,127.007521763748,https://lh3.googleusercontent.com/place-photos/AG9NLjA1iQdOjd3kzTZ5DF-qviF1cANtT1W_C6kc_AWW-IeDEtFCu928RxiIX3TKTxxa-4AvH_EBfeCf37X7l7j7KGgfJYsHMg34dUlYqO1kLjqE23_x_D-WsURbpZWdS4YQ6Arlqza7qfTPnrQiWw=s4800-w800,,극 중 루미와 진우가 한양도성 성곽길 야경을 배경으로 로맨틱한 대화를 나누는 장면의 배경,https://mediahub.seoul.go.kr/archives/2015071;https://ch.yes24.com/Article/View/81593,2026-07-31,,,,,크리스 아펠한스;매기 강,https://image.tmdb.org/t/p/w500/5fqcLmrgVDicMuGLOa9PKErFP72.jpg,케이팝데몬헌터스,19,118,24,100.0,1,N,,,Y,언급2회이상_작품내상위15,정승길_v4,
mv_6958_02,케이팝 데몬 헌터스,KPop Demon Hunters,movie,아덴 조;메이 홍;유지영,북촌한옥마을,관광명소(전통마을),서울 종로구 북촌로 53,37.581768153833444,126.98481245064092,https://lh3.googleusercontent.com/place-photos/AG9NLjDMC-2uMufICrvu0992xyV2EDnnA2cVyQzK7MkocTVUeTBRxmOdETlw9rkQG-sviiPJjkpOzDbvwtIyyjJeB9DTTKI6U0YUyjg0Qb0H48wVIm4oESL44_MSSA2T-ha3COIYGkQNqbSnZ3wIUPc=s4800-w800,https://map.naver.com/p/entry/place/13034552,극 중 루미와 진우가 밤에 만나 정을 나누고 함께 듀엣곡 'Free'를 부르는 장면의 배경이 된 한옥마을,https://mediahub.seoul.go.kr/archives/2015071;https://www.econovill.com/news/articleView.html?idxno=717264,2026-07-31,,,,,크리스 아펠한스;매기 강,https://image.tmdb.org/t/p/w500/5fqcLmrgVDicMuGLOa9PKErFP72.jpg,케이팝데몬헌터스,17,34,24,89.5,2,N,,,Y,언급2회이상_작품내상위15,정승길_v4,
mv_6958_08,케이팝 데몬 헌터스,KPop Demon Hunters,movie,아덴 조;메이 홍;유지영,명동거리,관광명소(테마거리),서울 중구 명동2가,37.5620769169639,126.984901336292,https://lh3.googleusercontent.com/place-photos/AG9NLjA6Y6O8lHzpcySYl39cCZvUFjgLVoTyPslbpH5t2iB8AyMGMtfQBFfXfl_y3bgqEgru35XK3-JR1U5EOwFnqoZOc2b1oX-Wec8Mulq-bx8F-XmB5tM0kOR_u7udJL84aHgF6rKQ93BJq5oPQxI=s4800-w800,,극 중 사자보이즈가 거리 공연 'Soda Pop'을 펼치고 헌트릭스와 처음 마주치는 장면의 배경,https://mediahub.seoul.go.kr/archives/2015071;https://www.mydaily.co.kr/page/view/2025071714402778650,2026-07-31,,,,,크리스 아펠한스;매기 강,https://image.tmdb.org/t/p/w500/5fqcLmrgVDicMuGLOa9PKErFP72.jpg,케이팝데몬헌터스,13,17,24,68.4,3,N,,,Y,언급2회이상_작품내상위15,정승길_v4,
mv_6958_01,케이팝 데몬 헌터스,KPop Demon Hunters,movie,아덴 조;메이 홍;유지영,N서울타워,관광명소(전망대),서울 용산구 남산공원길 105,37.5513049702718,126.988230622132,https://lh3.googleusercontent.com/place-photos/AG9NLjAvZa8uoMlst6pzOosl9aHJv9yKQmGRpDLuf7vxrNcRgFqEUWiVnY-UdOhvZbiFKXpDqGqxDfpCN7IW94vZ3frwbo7VJ_v_R4J5_hAuSBRm-oJMlyBvufThvfFiaC8iPfr6Pefsw0aUV30bSA=s4800-w401,https://map.naver.com/p/entry/place/11662870,극 중 귀마가 서울 전역을 소환해 최종 콘서트 겸 대결을 벌이는 무대의 배경이 된 서울 랜드마크,https://mediahub.seoul.go.kr/archives/2015071;https://www.mt.co.kr/politics/2026/03/19/2026031915451190181,2026-07-31,,,,,크리스 아펠한스;매기 강,https://image.tmdb.org/t/p/w500/5fqcLmrgVDicMuGLOa9PKErFP72.jpg,케이팝데몬헌터스,12,24,24,63.2,4,N,,,Y,언급2회이상_작품내상위15,정승길_v4,
mv_6958_05,케이팝 데몬 헌터스,KPop Demon Hunters,movie,아덴 조;메이 홍;유지영,청담대교,교량,서울 광진구 자양동 824,37.525894367582204,127.06410776758645,https://lh3.googleusercontent.com/place-photos/AG9NLjAkBal8rxSvgfvrfzS7EuNJt4GCV-Mr9wH9Ny9BLuo4B5TPewaVcsQl1eIA_KNNr24gCCxGrayb7kmT8MrfGgdJV0M1ShwPBf8DDcxhg5WJ2u3L68efZSI6OEDXIYpYekzdWPz1IoPCJP6A=s4800-w800,https://map.naver.com/p/entry/place/18830462,극 중 헌트릭스가 지하철 위에서 악령들과 격렬한 전투를 벌이는 장면의 배경이 된 다리,http://www.opinionnews.co.kr/news/articleView.html?idxno=126188;https://www.mydaily.co.kr/page/view/2025071714402778650,2026-07-31,,,,,크리스 아펠한스;매기 강,https://image.tmdb.org/t/p/w500/5fqcLmrgVDicMuGLOa9PKErFP72.jpg,케이팝데몬헌터스,11,33,24,57.9,5,N,,,Y,언급2회이상_작품내상위15,정승길_v4,
mv_6958_07,케이팝 데몬 헌터스,KPop Demon Hunters,movie,아덴 조;메이 홍;유지영,자양역,지하철역,서울 광진구 능동로 10,37.53155927720518,127.06679509976304,,,극 중 청담대교 전투 후 헌트릭스가 내리는 역으로 작중 '섬유원지역'이라는 이름으로 등장,http://www.edaily.co.kr/news/newspath.asp?newsid=01154566642330952;http://www.opinionnews.co.kr/news/articleView.html?idxno=126188,2026-07-31,,,,,크리스 아펠한스;매기 강,https://image.tmdb.org/t/p/w500/5fqcLmrgVDicMuGLOa9PKErFP72.jpg,케이팝데몬헌터스,11,32,24,57.9,6,N,,,Y,언급2회이상_작품내상위15,정승길_v4,
mv_6958_09,케이팝 데몬 헌터스,KPop Demon Hunters,movie,아덴 조;메이 홍;유지영,잠실종합운동장(서울올림픽주경기장),경기장,서울 송파구 올림픽로 25,37.515852166006034,127.0727885566667,https://lh3.googleusercontent.com/place-photos/AG9NLjA_0z8RtzLoK7osCCF5fVQrhBkGTF3r6eY6UCIKTK2qfQMU0cckYwEggC3WILl2fOcGBkY8oiio_v3PA0iADkOcOL6srcDDFHL1VLDiSHwxw7qyNivSURqNfqRAmQdEMDHxO6qQsRayjxCS8L0=s4800-w800,,극 중 헌트릭스의 대규모 콘서트 장면의 모델이 된 경기장으로 팬들이 가장 많이 찾는 성지순례지,https://mediahub.seoul.go.kr/archives/2015071;http://www.yonhapnewstv.co.kr/MYH20250829143148701,2026-07-31,,,,,크리스 아펠한스;매기 강,https://image.tmdb.org/t/p/w500/5fqcLmrgVDicMuGLOa9PKErFP72.jpg,케이팝데몬헌터스,9,19,24,47.4,7,N,,,Y,언급2회이상_작품내상위15,정승길_v4,
mv_6958_10,케이팝 데몬 헌터스,KPop Demon Hunters,movie,아덴 조;메이 홍;유지영,경복궁,고궁,서울 종로구 사직로 161,37.577613288258206,126.97689786832184,https://lh3.googleusercontent.com/place-photos/AG9NLjBUiIWrL3Ivwic4zEXOIs9tKbr87fqN3COsGxAPHmMETc80oLtsfTxNAuvZXco9oZcjT5WrM5mMAp_HTlAxxjBT5JhSOyoZCWHq1XlBrA3kqlQES-JmSahM3dSyszmIbDlwaOZtmJLILJ96i50=s4800-w800,https://map.naver.com/p/entry/place/11571707,극 중 진우의 400년 전 조선시대 회상 장면에 등장하는 궁궐의 배경으로 추정되는 곳,http://www.edaily.co.kr/news/newspath.asp?newsid=04585446642266664;https://www.forbeskorea.co.kr/news/articleView.html?idxno=401820,2026-07-31,,,,,크리스 아펠한스;매기 강,https://image.tmdb.org/t/p/w500/5fqcLmrgVDicMuGLOa9PKErFP72.jpg,케이팝데몬헌터스,5,9,24,26.3,8,N,,,Y,언급2회이상_작품내상위15,정승길_v4,
mv_6958_06,케이팝 데몬 헌터스,KPop Demon Hunters,movie,아덴 조;메이 홍;유지영,뚝섬한강공원,공원(한강공원),서울 광진구 자양동 427-6,37.5292974433415,127.06892112991,https://lh3.googleusercontent.com/place-photos/AG9NLjAeqLEdQdGWxYtltTkl7Vwm_qKxJsYXTVRMrPtwFOOsiYVx03RAMcowOWkjtzC6mt2SaPRx2_AxAtB-cQWh3bJvvv38KvUg8mbpLy5F44rQOg8QUCGwAqe1vfW7BSi1YScCHwcDxS9N5XYhQA=s4800-w800,,극 중 헌트릭스가 청담대교 전투에 이어 한강공원 일대에서 악령과 싸우는 전투 장면의 배경,https://www.naeil.com/news/read/561066;https://www.forbeskorea.co.kr/news/articleView.html?idxno=401820,2026-07-31,,,,,크리스 아펠한스;매기 강,https://image.tmdb.org/t/p/w500/5fqcLmrgVDicMuGLOa9PKErFP72.jpg,케이팝데몬헌터스,5,8,24,26.3,9,N,,,Y,언급2회이상_작품내상위15,정승길_v4,
mv_6958_11,케이팝 데몬 헌터스,KPop Demon Hunters,movie,아덴 조;메이 홍;유지영,서울한방진흥센터,문화시설(한의약박물관),서울 동대문구 약령중앙로 26,37.580701813863506,127.03746850219292,https://lh3.googleusercontent.com/place-photos/AG9NLjAHVdmjXtAkesKj3g4QKP-YLolXGv5uhH2lv7IZgLsUTKTVXXKZWz4qv3eJfMsse9t80FgEqnk26sNRCqIzP6n5jU2-dyZTp_VSJ9wRtwJO1kzTyA1_AFUbJ7Ok2cBVj5ZzTAUBEyUyUyNB5A=s4800-w800,,극 중 루미가 목소리 이상을 치료하러 찾아가는 'HAN의원'의 실제 모델이 된 한방진흥센터,https://www.khan.co.kr/article/202509022102015;https://www.donga.com/news/Culture/article/all/20250928/132478116/1,2026-07-31,,,,,크리스 아펠한스;매기 강,https://image.tmdb.org/t/p/w500/5fqcLmrgVDicMuGLOa9PKErFP72.jpg,케이팝데몬헌터스,4,4,24,21.1,10,N,,,Y,언급2회이상_작품내상위15,정승길_v4,
mv_6958_12,케이팝 데몬 헌터스,KPop Demon Hunters,movie,아덴 조;메이 홍;유지영,삼청동거리,관광명소(테마거리),서울 종로구 팔판동 67-1,37.5820641053666,126.981482777468,,,북촌 인근 전통 거리로 극 중 배경으로 등장한 뒤 더욱 주목받게 된 곳,https://www.joongang.co.kr/article/25361078,2026-07-31,,,,,크리스 아펠한스;매기 강,https://image.tmdb.org/t/p/w500/5fqcLmrgVDicMuGLOa9PKErFP72.jpg,케이팝데몬헌터스,3,3,24,15.8,11,N,,,Y,언급2회이상_작품내상위15,정승길_v4,
st_17884,키스는괜히해서,Dynamite Kiss,drama,장기용;안은진,비밀의숲,자연/명소,제주 제주시 구좌읍 송당리 2173,33.453713,126.755313,https://lh3.googleusercontent.com/place-photos/AG9NLjDcLCCqzLQf2T3xXfxE7wXUvgYr0GlS-j1lmkVNaxR-wCLdknFyRkKjPzfGi-SK-TzFtp0SRblKso9AfVO6PE_x_RvM3F4EjIri8XJniHj0CIhLMSU6BccBfD24L9eLzkWY4NQQNfCwIPlxHSg=s4800-w800,https://map.naver.com/p/entry/place/1104457165,극 중 고다림과 공지혁이 서로 모른 채 같은 숲에 머무는 장면,https://kdramamap.com/location/%ed%82%a4%ec%8a%a4%eb%8a%94%ea%b4%9c%ed%9e%88%ed%95%b4%ec%84%9c-%eb%b9%84%eb%b0%80%ec%9d%98%ec%88%b2-16098/;https://haechi-travel.tistory.com/435,2026-07-28,,9,,,김재현,https://image.tmdb.org/t/p/w500/tuEbKYEdNZopNWoKhWpftSYgJVC.jpg,키스는괜히해서,11,67,44,100.0,1,N,,,Y,언급2회이상_작품내상위15,정승길_v4,
st_17856,키스는괜히해서,Dynamite Kiss,drama,장기용;안은진,자유공원,공원,인천 제물포구 자유공원남로 25,37.474581,126.622669,https://lh3.googleusercontent.com/place-photos/AG9NLjD_cTIXzkQlHSxj8b4rja4khcZQtG0gu9jC5VGo-Kd1UHJvS7X1u3eG7IKPxgX1yB_B-jSpaB5YLhAhnJMm48-BvhJ8gHYLiVtbVLu6o5l4POk4QLc06N84C6UBrnH6RrQb6e0ct83l-Mv9wqE=s4800-w800,https://map.naver.com/p/entry/place/1724343541,14화 드라마 엔딩 장면으로 나온 인천 자유공원,https://kdramamap.com/location/%ed%82%a4%ec%8a%a4%eb%8a%94%ea%b4%9c%ed%9e%88%ed%95%b4%ec%84%9c-%ec%9e%90%ec%9c%a0%ea%b3%b5%ec%9b%90-16070/;https://haechi-travel.tistory.com/435,2026-07-28,,9,,,김재현,https://image.tmdb.org/t/p/w500/tuEbKYEdNZopNWoKhWpftSYgJVC.jpg,키스는괜히해서,9,24,44,81.8,2,N,,,Y,언급2회이상_작품내상위15,정승길_v4,
st_17880,키스는괜히해서,,drama,장기용;안은진,인터불고엑스코 그랑파티오,,대구 북구 유통단지로 80,35.906999,128.611286,,https://map.naver.com/p/entry/place/1271639035,1화에서 고다림과 공지혁이 파티에서 강렬하게 입맞추는 장면,https://kdramamap.com/location/%ed%82%a4%ec%8a%a4%eb%8a%94%ea%b4%9c%ed%9e%88%ed%95%b4%ec%84%9c-%ec%9d%b8%ed%84%b0%eb%b6%88%ea%b3%a0%ec%97%91%ec%8a%a4%ec%bd%94-%ea%b7%b8%eb%9e%91%ed%8c%8c%ed%8b%b0%ec%98%a4-16094/,2026-07-28,,9,,,김재현,https://image.tmdb.org/t/p/w500/tuEbKYEdNZopNWoKhWpftSYgJVC.jpg,키스는괜히해서,7,15,44,63.6,3,N,,,Y,언급2회이상_작품내상위15,정승길_v4,
st_20877,키스는 괜히 해서!,Dynamite Kiss,drama,장기용;안은진;김무준,성산일출봉,관광명소,제주특별자치도 서귀포시 성산읍 성산리 78,33.4591349705437,126.940537521366,https://lh3.googleusercontent.com/place-photos/AG9NLjAjl76u7PXBPuB6tbhvEQ6l0VzHdmFRZaSaP9drNwuSk_13MxWiY0VL3lx8kBF-tDEkpQdlp1ZMFev5g6i9oU4M2KdxQGIDC6AN_JVfob9HiRDzWBFFBuMnSpQzq60Oww8Y4S1Pmk1S0PaCqA=s4800-w800,https://map.naver.com/p/entry/place/11491438,,https://haechi-travel.tistory.com/435,2026-07-30,,9,,,김재현,https://image.tmdb.org/t/p/w500/tuEbKYEdNZopNWoKhWpftSYgJVC.jpg,키스는괜히해서,6,16,44,54.5,4,N,,,Y,언급2회이상_작품내상위15,,
st_17826,키스는괜히해서,Dynamite Kiss,drama,장기용;안은진,노량진역,역/교통,서울 동작구 노량진로 151,37.515802,126.948358,https://lh3.googleusercontent.com/place-photos/AG9NLjAgB_kVuSQqx_-ovW9HASVQwQytrPBVx14mBxPxJvoMCPp-z6AUu8hKUkTzH2uyGyHmcDrDMmti0mAx-LgLAyHPiaezv9PoihhQ38VNgIQYrct1Wm2O5CRL-Wv53cvcq1vBdh1Runj87-btYw=s4800-w800,https://map.naver.com/p/entry/place/1377586972,노량진역 앞 횡단보도에서 두 주인공의 짧은 만남과 대화 장면은 현실적이면서도 긴장감이 넘쳤답니다.,https://kdramamap.com/location/%ed%82%a4%ec%8a%a4%eb%8a%94%ea%b4%9c%ed%9e%88%ed%95%b4%ec%84%9c-%eb%85%b8%eb%9f%89%ec%a7%84%ec%97%ad-16040/;https://haechi-travel.tistory.com/435,2026-07-28,,9,,,김재현,https://image.tmdb.org/t/p/w500/tuEbKYEdNZopNWoKhWpftSYgJVC.jpg,키스는괜히해서,6,15,44,54.5,5,N,,,Y,언급2회이상_작품내상위15,블로그크롤링_2026-08-01,https://blog.naver.com/petergeba2/224076965551
st_17855,키스는괜히해서,,drama,장기용;안은진,동화마을슈퍼,,인천 제물포구 자유공원로 101,37.477769,126.622773,https://lh3.googleusercontent.com/place-photos/AG9NLjDbiKgdT3ndV-ABpiDnGqGvi5Pp1zsfKZKJa5W2g5m5HD7z10JlllBmWoLTFpOSdm0EgTbaRZSkkfRbxCjCrbXN8l3t0TclyM-fQsagLGZe6vEK0p_py4eARyaDwN03qtVQuo2IWvU2t3LEiZn8aYwSjg=s4800-w800,https://map.naver.com/p/entry/place/19407292,2화 지혁이 다림의 안식처 할아버지 나무를 찾아낸 동화마을 슈퍼 앞,https://kdramamap.com/location/%ed%82%a4%ec%8a%a4%eb%8a%94%ea%b4%9c%ed%9e%88%ed%95%b4%ec%84%9c-%eb%8f%99%ed%99%94%eb%a7%88%ec%9d%84%ec%8a%88%ed%8d%bc-16069/,2026-07-28,,9,,,김재현,https://image.tmdb.org/t/p/w500/tuEbKYEdNZopNWoKhWpftSYgJVC.jpg,키스는괜히해서,6,14,44,54.5,6,N,,,Y,언급2회이상_작품내상위15,정승길_v4,
st_17891,키스는괜히해서,Dynamite Kiss,drama,장기용;안은진,해비치 호텔 리조트 제주,호텔/숙박,제주 서귀포시 표선면 민속해안로 537,33.322599,126.843978,https://lh3.googleusercontent.com/place-photos/AG9NLjCA9WurMc0fR8EWfx_FEkJIa6r2STEaEMyvvv9nvyIlWHqaiLmPkdUTVuPjxX7yZQDkfLWJBxvjeE3JoyJx7F6DeYi1YVy2yT3-HFS-19X8wD4GqyvdCrOVZqxJWUXYPZrdYqjlfGxquNvVoC8=s4800-w800,https://map.naver.com/p/entry/place/10970369,극 중 고다림과 공지혁이 제주 여행 중 서로 얽히는 호텔 장면,https://kdramamap.com/location/%ed%82%a4%ec%8a%a4%eb%8a%94%ea%b4%9c%ed%9e%88%ed%95%b4%ec%84%9c-%ed%95%b4%eb%b9%84%ec%b9%98-%ed%98%b8%ed%85%94-%eb%a6%ac%ec%a1%b0%ed%8a%b8-%ec%a0%9c%ec%a3%bc-16105/;https://haechi-travel.tistory.com/435,2026-07-28,,9,,,김재현,https://image.tmdb.org/t/p/w500/tuEbKYEdNZopNWoKhWpftSYgJVC.jpg,키스는괜히해서,5,9,44,45.5,7,N,,,Y,언급2회이상_작품내상위15,정승길_v4,
st_17831,키스는괜히해서,,drama,장기용;안은진,만리재비스트로,,서울 중구 만리재로 201,37.555607,126.967833,https://lh3.googleusercontent.com/place-photos/AG9NLjD1IqcWtreqnlI9yUBSy4BXxifpgZdeINGbR6PSHXFtWPPbf7BZmmexYfRwNrgp4jVw_pis-m2RY_TzxcamECHiYRI5p9WP2k0ApFM4n1hZSXYfR-RhDfUb0Qisn27OHmZo84oy63_N4Yw6qA=s4800-w800,https://map.naver.com/p/entry/place/1044477499,6화 팀원들과 회식하는 장면으로 나온 만리재비스트로,https://kdramamap.com/location/%ed%82%a4%ec%8a%a4%eb%8a%94%ea%b4%9c%ed%9e%88%ed%95%b4%ec%84%9c-%eb%a7%8c%eb%a6%ac%ec%9e%ac%eb%b9%84%ec%8a%a4%ed%8a%b8%eb%a1%9c-16045/,2026-07-28,,9,,,김재현,https://image.tmdb.org/t/p/w500/tuEbKYEdNZopNWoKhWpftSYgJVC.jpg,키스는괜히해서,4,40,44,36.4,8,N,,,Y,언급2회이상_작품내상위15,정승길_v4,
st_17894,키스는괜히해서,Dynamite Kiss,drama,장기용;안은진,카페루시아 본점,카페,제주 서귀포시 안덕면 난드르로 49-17,33.235221,126.363080,https://lh3.googleusercontent.com/place-photos/AG9NLjDYSooWdjCw7Y3lXfMn-vTLNqPu_aF6OwB_8dWAnUv9L2jX-FHFbXMU9SVY1DhTy9Eq9D1k4ZAE0Av2NjIlayO6cbuuHXZgBCKP7ekQcyqh2X6XULMjTk9CxLTrg1DVks14xcm7xHP2H-YDLhAgatd4tA=s4800-w800,https://map.naver.com/p/entry/place/37153676,극 중 고다림이 제주를 걷다가 카페에서 잠시 쉬어 가는 장면,https://kdramamap.com/location/%ed%82%a4%ec%8a%a4%eb%8a%94%ea%b4%9c%ed%9e%88%ed%95%b4%ec%84%9c-%ec%b9%b4%ed%8e%98%eb%a3%a8%ec%8b%9c%ec%95%84-%eb%b3%b8%ec%a0%90-16108/;https://haechi-travel.tistory.com/435,2026-07-28,,9,,,김재현,https://image.tmdb.org/t/p/w500/tuEbKYEdNZopNWoKhWpftSYgJVC.jpg,키스는괜히해서,4,7,44,36.4,9,N,,,Y,언급2회이상_작품내상위15,정승길_v4,
st_17841,키스는괜히해서,,drama,장기용;안은진,헤리티크뉴욕,,서울 강남구 도산대로45길 16-9,37.523653,127.036053,https://lh3.googleusercontent.com/place-photos/AG9NLjBl6TEMnh1jN-M2bxYHO5pU0XTh3ULoKSN8J6q0BjHukjO_O2cyw2VfVUfmrYeXu3UP5AUdXYCtvZDAa9juLOUZi0taySYu57yakf0hamyCysLx8nA61ov-pggTXCMBu-u9W8x_n1j3fD_U2w=s4800-w561,https://map.naver.com/p/entry/place/32779659,1화에서 고다림이 공지혁과 파티에 입고 갈 드레스를 고르는 장면,https://kdramamap.com/location/%ed%82%a4%ec%8a%a4%eb%8a%94%ea%b4%9c%ed%9e%88%ed%95%b4%ec%84%9c-%ed%97%a4%eb%a6%ac%ed%8b%b0%ed%81%ac%eb%89%b4%ec%9a%95-16055/,2026-07-28,,9,,,김재현,https://image.tmdb.org/t/p/w500/tuEbKYEdNZopNWoKhWpftSYgJVC.jpg,키스는괜히해서,4,7,44,36.4,10,N,,,Y,언급2회이상_작품내상위15,정승길_v4,
st_17876,키스는괜히해서,,drama,장기용;안은진,제주하영,,경기 고양시 일산동구 동국로 157,37.684998,126.806052,https://lh3.googleusercontent.com/place-photos/AG9NLjDnioBxT6HTDv4OHqtLg_P6_R-vnW6SFeyqsAfOkTSZeUKJ9NlKKZOKjNRpyuh_2dIOje6_fBlTHRu4CWb5Gg3DPI0XZeBaTaXPOtO1gDa4j9_Sv5BGLxZgZeg-qqTk1tdpkle4N8A6_DURcyA=s4800-w800,https://map.naver.com/p/entry/place/38704657,1화에서 고다림이 통갈치를 먹으려다 가격을 보고 돌아서는 장면,https://kdramamap.com/location/%ed%82%a4%ec%8a%a4%eb%8a%94%ea%b4%9c%ed%9e%88%ed%95%b4%ec%84%9c-%ec%a0%9c%ec%a3%bc%ed%95%98%ec%98%81-16090/,2026-07-28,,9,,,김재현,https://image.tmdb.org/t/p/w500/tuEbKYEdNZopNWoKhWpftSYgJVC.jpg,키스는괜히해서,4,5,44,36.4,11,N,,,Y,언급2회이상_작품내상위15,정승길_v4,
st_17828,키스는괜히해서,Dynamite Kiss,drama,장기용;안은진,노량진컵밥거리,거리,서울 동작구 노량진로 174,37.513502,126.945307,https://lh3.googleusercontent.com/place-photos/AG9NLjC8tSCgAeUk1OjrN5GXhKtT3HApfvh-TEllrJftjTPpCUa3ZuzWeUbIRCgQCL4HDoIat-KAnkgXCIF0-vSCT8lkVCzwm7qj5TMiY_x4PfcLsyrcbfNtWJ3aGQei5jUV0i4WhNNkgxOsHZkwBA=s4800-w800,,,https://kdramamap.com/location/%ed%82%a4%ec%8a%a4%eb%8a%94%ea%b4%9c%ed%9e%88%ed%95%b4%ec%84%9c-%eb%85%b8%eb%9f%89%ec%a7%84%ec%bb%b5%eb%b0%a5%ea%b1%b0%eb%a6%ac-16042/;https://haechi-travel.tistory.com/435,2026-07-28,,9,,,김재현,https://image.tmdb.org/t/p/w500/tuEbKYEdNZopNWoKhWpftSYgJVC.jpg,키스는괜히해서,4,4,44,36.4,12,N,,,Y,언급2회이상_작품내상위15,,
st_20878,키스는 괜히 해서!,Dynamite Kiss,drama,장기용;안은진;김무준,돌하르방미술관,미술관,제주특별자치도 제주시 조천읍 북촌서1길 70,33.53884325550264,126.6888110831401,https://lh3.googleusercontent.com/place-photos/AG9NLjAvFmVaMRUjg0DtSgPruLjDxNYDhRyym9Xi2FvG_aP3XqdbtakeRHV5PNaO_k3fq8mA-x8O6X7A8hOqs5YURHzJrWvZuJfXMjRQEEeH59zAdQwQn9aRHWYYmGyPiwwKy9Zd1xN_GcHokkZxsw=s4800-w800,https://map.naver.com/p/entry/place/10983870,고다림이 제주에서 혼자 시간을 보내는 장면이 촬영된 곳,https://haechi-travel.tistory.com/435,2026-07-30,,9,,,김재현,https://image.tmdb.org/t/p/w500/tuEbKYEdNZopNWoKhWpftSYgJVC.jpg,키스는괜히해서,4,4,44,36.4,13,N,,,Y,언급2회이상_작품내상위15,정승길_v4,
st_17868,키스는괜히해서,Dynamite Kiss,drama,장기용;안은진,미메시스아트뮤지엄,미술관,경기 파주시 문발로 253,37.716649,126.689097,https://lh3.googleusercontent.com/place-photos/AG9NLjAsXBmTQWE1OEoLdxaL-f1bJPLdugYpoCtBk_6Oe6gcDpSp0Mq6D8NjGjpIavu74AWS6DTbkpMQVWbFBDASXu7u-4O6RC9qLTrMZg4dKs3TlNJ57jW51G5pMwHCF0dMJYyHOET0g1P0uz5oQQ=s4800-w800,https://map.naver.com/p/entry/place/32520738,하영이 부관장으로 있는 아트전시관으로 나온 파주 미메시스 아트 뮤지엄,https://kdramamap.com/location/%ed%82%a4%ec%8a%a4%eb%8a%94%ea%b4%9c%ed%9e%88%ed%95%b4%ec%84%9c-%eb%af%b8%eb%a9%94%ec%8b%9c%ec%8a%a4%ec%95%84%ed%8a%b8%eb%ae%a4%ec%a7%80%ec%97%84-16082/;https://haechi-travel.tistory.com/435,2026-07-28,,9,,,김재현,https://image.tmdb.org/t/p/w500/tuEbKYEdNZopNWoKhWpftSYgJVC.jpg,키스는괜히해서,3,13,44,27.3,14,N,,,Y,언급2회이상_작품내상위15,정승길_v4,
st_17837,키스는괜히해서,,drama,장기용;안은진,까사그랑데 센트로,,서울 광진구 능동로 87,37.539122,127.069634,https://lh3.googleusercontent.com/place-photos/AG9NLjAgjoQ-6FiFnw6HncZyct1yMlVSGA-r8YcArBTpbwPogdFz3x2yZkI7yZYUP8PxNcfakLr2Q4GyZUkJKEUDZOcRDm51riYo2TkFDEuc4tIyTJLlk6Pocj9P3AHSd5CoXRUghFij5xx1oiuo2gq13Xu1sA=s4800-w800,https://map.naver.com/p/entry/place/1396499968,1화에서 고다림이 파티에 참석하려 드레스를 준비하는 장면,https://kdramamap.com/location/%ed%82%a4%ec%8a%a4%eb%8a%94%ea%b4%9c%ed%9e%88%ed%95%b4%ec%84%9c-%ea%b9%8c%ec%82%ac%ea%b7%b8%eb%9e%91%eb%8d%b0-%ec%84%bc%ed%8a%b8%eb%a1%9c-16051/,2026-07-28,,9,,,김재현,https://image.tmdb.org/t/p/w500/tuEbKYEdNZopNWoKhWpftSYgJVC.jpg,키스는괜히해서,3,5,44,27.3,15,N,,,Y,언급2회이상_작품내상위15,정승길_v4,
st_17931,킬러들의쇼핑몰,A Shop for Killers,drama,이동욱;김혜준,양평버스터미널,역/교통,경기 양평군 양평읍 시민로 91,37.491035,127.501865,,https://map.naver.com/p/entry/place/13323498,삼촌의 사망 소식을 듣고 지안이 집으로 돌아가는 장면이 촬영된 곳,https://kdramamap.com/location/%ed%82%ac%eb%9f%ac%eb%93%a4%ec%9d%98%ec%87%bc%ed%95%91%eb%aa%b0-%ec%96%91%ed%8f%89%eb%b2%84%ec%8a%a4%ed%84%b0%eb%af%b8%eb%84%90-6288/;https://haechi-travel.tistory.com/812,2026-07-28,21,,,,이언희;Lee Kwon,https://image.tmdb.org/t/p/w500/gfw41bHY2boxVse5l8M6m0sft5n.jpg,킬러들의쇼핑몰,4,7,34,100.0,1,N,,,Y,언급2회이상_작품내상위15,정승길_v4,
st_17933,킬러들의쇼핑몰,A Shop for Killers,drama,이동욱;김혜준,섬강 수변공원,공원,강원 원주시 부론면 흥호리 664,37.249050,127.753757,,,정진만의 집 외관과 드론·저격수의 습격 장면이 촬영된 곳,https://kdramamap.com/location/%ed%82%ac%eb%9f%ac%eb%93%a4%ec%9d%98%ec%87%bc%ed%95%91%eb%aa%b0-%ec%84%ac%ea%b0%95-%ec%88%98%eb%b3%80%ea%b3%b5%ec%9b%90-6290/,2026-07-28,21,,,,이언희;Lee Kwon,https://image.tmdb.org/t/p/w500/gfw41bHY2boxVse5l8M6m0sft5n.jpg,킬러들의쇼핑몰,4,4,34,100.0,2,N,,,Y,언급2회이상_작품내상위15,정승길_v4,
st_17934,킬러들의쇼핑몰,A Shop for Killers,drama,이동욱;김혜준,제천서울병원,병원,충북 제천시 숭문로 57,37.138737,128.206441,https://lh3.googleusercontent.com/place-photos/AG9NLjBFskbcMvFM2vNLolyAMnnQB1GltJBO5mJ9oQN6gzgZ7WmMVDBX5vlu-RfglY1vigPRSRRA8a5S8xDUSQ--VqsduaqEu7r4bU0oonMqfQEuQarv3g4QlQQTVrIPzjA1WfKmf9W1esDkbiA-MQ=s4800-w800,https://map.naver.com/p/entry/place/12027688,진만의 죽음을 둘러싼 의문이 시작되는 병원 장면이 촬영된 곳,https://kdramamap.com/location/%ed%82%ac%eb%9f%ac%eb%93%a4%ec%9d%98%ec%87%bc%ed%95%91%eb%aa%b0-%ec%a0%9c%ec%b2%9c%ec%84%9c%ec%9a%b8%eb%b3%91%ec%9b%90-6291/;https://haechi-travel.tistory.com/812,2026-07-28,21,,,,이언희;Lee Kwon,https://image.tmdb.org/t/p/w500/gfw41bHY2boxVse5l8M6m0sft5n.jpg,킬러들의쇼핑몰,1,2,34,25.0,5,N,,,Y,언급부족_데이터품질기준보존,정승길_v4,
st_18010,킹더랜드,King the Land,drama,이준호;임윤아,소노캄제주,,제주 서귀포시 표선면 일주동로 6347-17,33.306013,126.792895,https://lh3.googleusercontent.com/place-photos/AG9NLjBDZgp5xGnLBClROdG4_9vP3JJKBYDNMHUYu2hkbPk1_cjE2WAd5F431Q-9B_ZvEv5sLdnsdplvfLKvuzmNEiJDFU2Pvxa_TsExysf_Kj7njVqak4vNI25OGUc5aebVNQ0S-5uNIe9JaHe3=s4800-w800,https://map.naver.com/p/entry/place/1761913049,3화 제주 출장 편을 해비치호텔과 함께 촬영한 곳으로 소개된 리조트.,https://kdramamap.com/location/%ed%82%b9%eb%8d%94%eb%9e%9c%eb%93%9c-%ec%86%8c%eb%85%b8%ec%ba%84%ec%a0%9c%ec%a3%bc-5322/,2026-07-28,28,,,,임현욱,https://image.tmdb.org/t/p/w500/7LiOlsfy8rlD9BojJ8qSYqFh4e4.jpg,킹더랜드,18,91,73,100.0,1,N,,,Y,언급2회이상_작품내상위15,정승길_v4,
st_17992,킹더랜드,King the Land,drama,이준호;임윤아,탄도항,항구/방파제,경기 안산시 단원구 선감동 717-5,37.193091,126.645630,https://lh3.googleusercontent.com/place-photos/AG9NLjBMuc6Ji-LlgRLJIpMB7ba35iPQPedDta8prvGU1aVo5rLZ5jfhKWT907ewrMixtfEEb3JBCLhLN8kyYYQWqpYXyf6Qwxja_jWGK4E-DzZXvMJm4vCv285EJh2DqsHasqRe1wOEHOFECmXzQw=s4800-w800,https://map.naver.com/p/entry/place/33949223,"12화 무렵 등장한 것으로 알려진 서해안 갯벌 명소, 물때 따라 바닷길이 열리는 곳.",https://kdramamap.com/location/%ed%82%b9%eb%8d%94%eb%9e%9c%eb%93%9c-%ed%83%84%eb%8f%84%ed%95%ad-5304/,2026-07-28,28,,,,임현욱,https://image.tmdb.org/t/p/w500/7LiOlsfy8rlD9BojJ8qSYqFh4e4.jpg,킹더랜드,13,128,73,72.2,3,N,,,Y,언급2회이상_작품내상위15,정승길_v4,
st_18009,킹더랜드,King the Land,drama,이준호;임윤아,파르나스호텔 제주,호텔/숙박,제주 서귀포시 중문관광로72번길 100,33.244169,126.405574,https://lh3.googleusercontent.com/place-photos/AG9NLjDIO4kzi0V5RyH7Ph5wozffmzNU1jBDwHak_c6m5hgGuHhn8ttLRtBvlAI38ZqqOXBUN8BtMU-LKZndXh570saXXQ_DMm2C97O-Z3byp3UsB-XfTao0Xd-xY6BySKDmfX43D0IcVnCR2fkC=s4800-w800,https://map.naver.com/p/entry/place/1995490141,"킹호텔 로비와 라운지 장면을 촬영한 곳으로, 실내는 폰드메르 라운지가 배경.",https://kdramamap.com/location/%ed%82%b9%eb%8d%94%eb%9e%9c%eb%93%9c-%ed%8c%8c%eb%a5%b4%eb%82%98%ec%8a%a4%ed%98%b8%ed%85%94-%ec%a0%9c%ec%a3%bc-5321/;https://sports.donga.com/ent/article/all/20230704/120077221/3;https://korean.visitkorea.or.kr/detail/ms_detail.do?cotid=18626ccf-5165-4140-85e7-12c41b382b47;https://m.blog.naver.com/j130k123/223553391654,2026-07-28,28,,,,임현욱,https://image.tmdb.org/t/p/w500/7LiOlsfy8rlD9BojJ8qSYqFh4e4.jpg,킹더랜드,10,28,73,55.6,4,N,,,Y,언급2회이상_작품내상위15,정승길_v4,
st_18011,킹더랜드,King the Land,drama,이준호;임윤아,가파도,섬,제주 서귀포시 대정읍 가파리 276,33.169755,126.271183,https://lh3.googleusercontent.com/place-photos/AG9NLjA5hoTV5mLjDKFiNGdCubwnIV5DlK_LqDRery1TJ86eyJRH2JHjTe0K6ZHsfO1wD682XW20Ht7MRXGiZJxAR--Pvjk3KceuEoM-fdVARsCimkQOGOGAFGTqaPVPyZIxmTE6_C5EIhg4reXh=s4800-w554,https://map.naver.com/p/entry/place/13491177,3화에서 취한 천사랑이 구원의 이마를 때리는 명대사 장면의 배경이 된 섬.,https://kdramamap.com/location/%ed%82%b9%eb%8d%94%eb%9e%9c%eb%93%9c-%ea%b0%80%ed%8c%8c%eb%8f%84-5323/;https://www.tel-co.net/story/322;https://www.realscene.site/ko/drama/king-the-land,2026-07-28,28,,,,임현욱,https://image.tmdb.org/t/p/w500/7LiOlsfy8rlD9BojJ8qSYqFh4e4.jpg,킹더랜드,9,37,73,50.0,5,N,,,Y,언급2회이상_작품내상위15,정승길_v4,
st_18000,킹더랜드,King the Land,drama,이준호;임윤아,춘천 세종호텔,호텔/숙박,강원 춘천시 봉의산길 31,37.886625,127.731542,https://lh3.googleusercontent.com/place-photos/AG9NLjBqoCI38EeJUqk78P8ue83NA_whK42Y1-AIqd6GQRQVo9tDwCZaVj9HwtHS6ZiAdLmGGPoqMreXp3axS8aopkayEP4VKauJNlUv-Q6NJSkubmtpmRjwmjT11zDXjkQ8wLA9IqmEk6Xh3OkjX0-L_cGzWA=s4800-w800,https://map.naver.com/p/entry/place/11583215,천사랑이 좌천돼 발령 나는 킹관광호텔로 등장한 춘천의 호텔.,https://kdramamap.com/location/%ed%82%b9%eb%8d%94%eb%9e%9c%eb%93%9c-%ec%b6%98%ec%b2%9c-%ec%84%b8%ec%a2%85%ed%98%b8%ed%85%94-5312/;https://www.chunchonsejong.co.kr/kor/gsp20165106507739.do;https://blog.naver.com/heemyoung59/224316507421,2026-07-28,28,,,,임현욱,https://image.tmdb.org/t/p/w500/7LiOlsfy8rlD9BojJ8qSYqFh4e4.jpg,킹더랜드,8,24,73,44.4,6,N,,,Y,언급2회이상_작품내상위15,정승길_v4,
st_17986,킹더랜드,King the Land,drama,이준호;임윤아,라베니체,,경기 김포시 김포한강4로 12,37.640515,126.678877,https://lh3.googleusercontent.com/place-photos/AG9NLjBgM_MGp9u6A34DQcCDKLuOAXIekL2rfJFcap4tI36BYhu_rhZPjcGLZ5w5OzXXkFwcJAdasP0cb1pUPaBTX5p9Da4AFXcwRura4cGjlhcoHssnJmPsld4XQKY2_-FOkrFj8B2Kwc5TRsQJ=s4800-w800,https://map.naver.com/p/entry/place/1225381670,"주연 배우들이 촬영한 테라스가 있는 카페 딥블랙, 라베니체 수변 풍경이 배경으로 나온 곳.",https://kdramamap.com/location/%ed%82%b9%eb%8d%94%eb%9e%9c%eb%93%9c-%eb%9d%bc%eb%b2%a0%eb%8b%88%ec%b2%b4-5298/,2026-07-28,28,,,,임현욱,https://image.tmdb.org/t/p/w500/7LiOlsfy8rlD9BojJ8qSYqFh4e4.jpg,킹더랜드,7,22,73,38.9,7,N,,,Y,언급2회이상_작품내상위15,정승길_v4,
st_17963,킹더랜드,King the Land,drama,이준호;임윤아,그랜드 하얏트 서울,,서울 용산구 소월로 322,37.539763,126.996241,,https://map.naver.com/p/entry/place/11555954,"극중 킹호텔의 외관으로 등장한 곳으로, CG 처리로 간판을 킹호텔로 바꿔 촬영했다.",https://kdramamap.com/location/%ed%82%b9%eb%8d%94%eb%9e%9c%eb%93%9c-%ea%b7%b8%eb%9e%9c%eb%93%9c-%ed%95%98%ec%96%8f%ed%8a%b8-%ec%84%9c%ec%9a%b8-5275/,2026-07-28,28,,,,임현욱,https://image.tmdb.org/t/p/w500/7LiOlsfy8rlD9BojJ8qSYqFh4e4.jpg,킹더랜드,7,9,73,38.9,8,N,,,Y,언급2회이상_작품내상위15,정승길_v4,
st_18007,킹더랜드,King the Land,drama,이준호;임윤아,지경 그곳,,경북 포항시 북구 송라면 동해대로3378번길 66,36.266802,129.375664,,https://map.naver.com/p/entry/place/1054190642,마지막회 결말에서 천사랑이 여는 자신의 호텔 '아모르'로 등장한 포항 바닷가 펜션.,https://kdramamap.com/location/%ed%82%b9%eb%8d%94%eb%9e%9c%eb%93%9c-%ec%a7%80%ea%b2%bd-%ea%b7%b8%ea%b3%b3-5319/,2026-07-28,28,,,,임현욱,https://image.tmdb.org/t/p/w500/7LiOlsfy8rlD9BojJ8qSYqFh4e4.jpg,킹더랜드,5,37,73,27.8,10,N,,,Y,언급2회이상_작품내상위15,정승길_v4,
st_17964,킹더랜드,King the Land,drama,이준호;임윤아,응봉산,자연/명소,서울 성동구 금호동4가 1540,37.547091,127.029190,https://lh3.googleusercontent.com/place-photos/AG9NLjBG-PjUMYpKi7YV-faIqbklKIQSPeUkMlkL9RhrK6yPFmBxJRDYjueFbhhr6-CE1A1wix080nGFunyXu4XpTSYQ6XQLdvmVMfg0ogqc-JUQcMPk65ZcJZo3xk6FTGmAapwTcir5227YNuOEyA=s4800-w800,https://map.naver.com/p/entry/place/11491502,"2화에서 구원이 위로가 필요할 때 찾는 곳, 4화에서 비를 맞는 장면 배경으로 나온 정상.",https://kdramamap.com/location/%ed%82%b9%eb%8d%94%eb%9e%9c%eb%93%9c-%ec%9d%91%eb%b4%89%ec%82%b0-5276/,2026-07-28,28,,,,임현욱,https://image.tmdb.org/t/p/w500/7LiOlsfy8rlD9BojJ8qSYqFh4e4.jpg,킹더랜드,5,25,73,27.8,11,N,,,Y,언급2회이상_작품내상위15,정승길_v4,
st_17978,킹더랜드,King the Land,drama,이준호;임윤아,홍삼스파 참숯가마 사우나,,경기 파주시 탄현면 갈현리 654-7,37.774349,126.716589,https://lh3.googleusercontent.com/place-photos/AG9NLjBwV89xNVS8LJ_JNAtlkTP_WchKGyocuzRvYH2kCGvUn3bBvkzZF_8HzkT11vo68St8a8vetWZL3xfIuCvHsYXyrsxyj9DMQ4BPdvL5SKbUuoGcrL-hwtzaObMapds7vgPDam-qaOr5cShcvl1-rHok3g=s4800-w800,https://map.naver.com/p/entry/place/37130051,"사랑의 불시착, 푸른 바다의 전설 등과 함께 킹더랜드 촬영지로 쓰인 대형 찜질방.",https://kdramamap.com/location/%ed%82%b9%eb%8d%94%eb%9e%9c%eb%93%9c-%ed%99%8d%ec%82%bc%ec%8a%a4%ed%8c%8c-%ec%b0%b8%ec%88%af%ea%b0%80%eb%a7%88-%ec%82%ac%ec%9a%b0%eb%82%98-5290/,2026-07-28,28,,,,임현욱,https://image.tmdb.org/t/p/w500/7LiOlsfy8rlD9BojJ8qSYqFh4e4.jpg,킹더랜드,4,18,73,22.2,14,N,,,Y,언급2회이상_작품내상위15,정승길_v4,
st_20251,킹덤,Kingdom,drama,주지훈;배두나;류승룡,비둘기낭폭포(한탄강),폭포/자연경관,경기 포천시 영북면 대회산리 415-2,38.079883,127.217035,https://lh3.googleusercontent.com/place-photos/AG9NLjAf2wuiQgJmXUN81EJEOdmp-LYRmNhC4cXTEZm4nt9qdXEeAF12NbyHie1dDKoOgMa4mi6yUM1s2drYCL9CutaEVG4Bz372mb-y9oeYOoeL1Kf2zd7Iy-F4-RkvGlRKm8pTHXC53uairK1s0w=s4800-w800,,한탄강 협곡 바위 지형을 활용한 장면 촬영지,https://m.blog.naver.com/violent6249/223635008102,2026-07-30,25,,,,김성훈;Park In-je,https://image.tmdb.org/t/p/w500/zXfQcdTx0jxbH5Atpwjvb5z5VjE.jpg,킹덤,14,245,35,100.0,1,N,,,Y,언급2회이상_작품내상위15,정승길_v4,
st_20245,킹덤,Kingdom,drama,주지훈;배두나;류승룡,문경새재 오픈세트장,촬영세트장,경북 문경시 문경읍 새재로 1037,36.771400,128.074072,https://lh3.googleusercontent.com/place-photos/AG9NLjBHNSIiY9b6wSTqkSSM7sgFZy-typNG9luM93NoHoOtlEnqrU_Z-ud50p5ZtMq4x0S-S7wMr7d71vqEQ50YkuWxpBNWUufDf-__ZNFoQc9ASCf-v3a-bO_jTmYs48Q-vT-dFPmYHTb8S6q-oNQ=s4800-w800,https://map.naver.com/p/entry/place/37844946,"7만㎡ 부지에 130여 동을 지은 사극 세트, 궁궐 외경 촬영에 사용",https://thc-masilgada.thehappycircuitgroup.workers.dev/ko/works/kingdom/,2026-07-30,25,,,,김성훈;Park In-je,https://image.tmdb.org/t/p/w500/zXfQcdTx0jxbH5Atpwjvb5z5VjE.jpg,킹덤,7,40,35,50.0,2,N,,,Y,언급2회이상_작품내상위15,정승길_v4,
st_20242,킹덤,Kingdom,drama,주지훈;배두나;류승룡,경복궁,고궁/관광명소,서울 종로구 사직로 161,37.577613,126.976898,https://lh3.googleusercontent.com/place-photos/AG9NLjBUiIWrL3Ivwic4zEXOIs9tKbr87fqN3COsGxAPHmMETc80oLtsfTxNAuvZXco9oZcjT5WrM5mMAp_HTlAxxjBT5JhSOyoZCWHq1XlBrA3kqlQES-JmSahM3dSyszmIbDlwaOZtmJLILJ96i50=s4800-w800,https://map.naver.com/p/entry/place/11571707,극중 궁궐 장면 촬영지,https://m.blog.naver.com/violent6249/223635008102,2026-07-30,25,,,,김성훈;Park In-je,https://image.tmdb.org/t/p/w500/zXfQcdTx0jxbH5Atpwjvb5z5VjE.jpg,킹덤,6,11,35,42.9,3,N,,,Y,언급2회이상_작품내상위15,정승길_v4,
st_20241,킹덤,Kingdom,drama,주지훈;배두나;류승룡,창덕궁,고궁/관광명소,서울 종로구 율곡로 99,37.579647,126.991000,https://lh3.googleusercontent.com/place-photos/AG9NLjB6kDSfjOtZ2xBr0SFTsUP5SCt7focx06EgJ_djkv1Rt8KuMy_3P6fpIh4AEsmofqmYgYXq-yMvFGRGSn1rObFPyqWR_R_hmrPhyC52a-I1sgU3TrSWkbpls5o1PV9HFeVKs3ZgfU0iWKWmew=s4800-w800,https://map.naver.com/p/entry/place/12261493,"시즌1 주요 궁궐 장면, 관람지(연못)가 시신 은닉 장소로 등장",https://thc-masilgada.thehappycircuitgroup.workers.dev/ko/works/kingdom/,2026-07-30,25,,,,김성훈;Park In-je,https://image.tmdb.org/t/p/w500/zXfQcdTx0jxbH5Atpwjvb5z5VjE.jpg,킹덤,4,10,35,28.6,4,N,,,Y,언급2회이상_작품내상위15,정승길_v4,
st_20240,킹덤,Kingdom,drama,주지훈;배두나;류승룡,창경궁,고궁/관광명소,서울 종로구 창경궁로 185,37.579417,126.995200,https://lh3.googleusercontent.com/place-photos/AG9NLjA9sysE43oDUjk1hfme8jfUjLaSmDA4dZmcqMu6VRLiOntsNhzWKnzcyGIBu9aGtDXnUz0jDGhYEVR8MOkPKfypdQO9yzvTM4XybpQuYbROeF8hkdt5lmGt3i8PvE_wzpjwLevUjf4XEbNgww=s4800-w800,https://map.naver.com/p/entry/place/11571740,명정전·통명전 등에서 왕비의 침전 장면 등이 촬영됨,https://mediahub.seoul.go.kr/news/article/newsArticlePrintPopup.do?articleNo=2000747,2026-07-30,25,,,,김성훈;Park In-je,https://image.tmdb.org/t/p/w500/zXfQcdTx0jxbH5Atpwjvb5z5VjE.jpg,킹덤,2,18,35,14.3,5,N,,,Y,언급2회이상_작품내상위15,정승길_v4,
st_20246,킹덤,Kingdom,drama,주지훈;배두나;류승룡,부안영상테마파크,촬영세트장,전북 부안군 변산면 격포로 309-64,35.621807,126.485383,https://lh3.googleusercontent.com/place-photos/AG9NLjBUVgtKqiPVy8vxY4OJfbIKaxTg71OWE8lBJxc9LIeh-OtWW7lGzqF-_-AW3K6XaN9aOVbpvj7S_PuW5nyPC1T-6Et_hqsigbVdfEgEvB4BjEUm5Ui6KCTdgYBPsNanwsMOqeSgzadzm7JIXg=s4800-w800,https://map.naver.com/p/entry/place/1096343920,실제 궁궐의 전기 시설 문제로 대전 내부 장면을 이 세트에서 촬영,https://thc-masilgada.thehappycircuitgroup.workers.dev/ko/works/kingdom/,2026-07-30,25,,,,김성훈;Park In-je,https://image.tmdb.org/t/p/w500/zXfQcdTx0jxbH5Atpwjvb5z5VjE.jpg,킹덤,2,9,35,14.3,6,N,,,Y,언급2회이상_작품내상위15,정승길_v4,
st_20252,킹덤,Kingdom,drama,주지훈;배두나;류승룡,안동 하회마을 부용대,전망지/유적,경북 안동시 풍천면 광덕솔밭길 72,36.542852,128.516615,https://lh3.googleusercontent.com/place-photos/AG9NLjBJxdMHY4T24pxPNqeSkstKQXQrX0PpKxUUIuyysKFoEB-QEqiJdJityTVEP18EX58W5WS2TCGN62WpJhKg9xoGDyJJ9psNVPlQombppSLWUW4Wc3Gvzt3SeT3NVtrZVPPDhlu0zptBc6dWcUc=s4800-w800,https://map.naver.com/p/entry/place/13537288,시즌2에서 조씨 가문 사저 배경으로 사용된 하회마을 조망 장면,https://m.blog.naver.com/violent6249/223635008102,2026-07-30,25,,,,김성훈;Park In-je,https://image.tmdb.org/t/p/w500/zXfQcdTx0jxbH5Atpwjvb5z5VjE.jpg,킹덤,2,3,35,14.3,7,N,,,Y,언급2회이상_작품내상위15,정승길_v4,
mv_0308,태극기 휘날리며,TaeGukGi: Brotherhood Of War,movie,장동건;원빈;이은주;조원희;이장욱,공세리성당,명소,충청남도 아산시 인주면 공세리성당길 10,36.883404,126.914041,https://lh3.googleusercontent.com/place-photos/AG9NLjACPDgscH6qREP4YJOdD8NpNkemYE04-cZZPNV_YfdzRzkR2MgbYXFUtgggj6LKrsfRVtUKa-eWKqBawxK8RrNqQV8g9ktv-OMEGQczwD53tmqZhXsCs6i55q1GNHvp0QltqTvRusyOIDEr3g=s4800-w800,,태극기 휘날리며에서 원빈이 일을 도왔던 성당,assets/한국문화정보원_미디어콘텐츠 영상 촬영지 데이터_20221125.csv,2026-07-28,,,11740000,,강제규,https://image.tmdb.org/t/p/w500/rcBc6lI7Ouj1kb0bbbX0CkuJe9q.jpg,태극기휘날리며,13,205,39,100.0,1,N,,,Y,언급2회이상_작품내상위15,정승길_v4,
mv_0303,태극기 휘날리며,TaeGukGi: Brotherhood Of War,movie,장동건;원빈;이은주;조원희;이장욱,합천 영상 테마파크,명소,경상남도 합천군 용주면 합천호수로 757,35.5489346,128.072475,https://lh3.googleusercontent.com/place-photos/AG9NLjCv95QlhIEWg6AKF3e7x2f_VFlm2cYnuBlrYHWJeWRLfu0t24rbKP_rwVvKDaAz0tlsFNtEJRaZLjb0kyZVvFFzhN-tAKY-pK0vdjjqOsnfzRlOx8tAVfwftPLg9UXCQOh4fW8d_msTS0Brpxg=s4800-w800,,영화 태극기 휘날리며 전투 세트장,assets/한국문화정보원_미디어콘텐츠 영상 촬영지 데이터_20221125.csv,2026-07-28,,,11740000,,강제규,https://image.tmdb.org/t/p/w500/rcBc6lI7Ouj1kb0bbbX0CkuJe9q.jpg,태극기휘날리며,11,118,39,84.6,2,N,,,Y,언급2회이상_작품내상위15,정승길_v4,
mv_0302,태극기 휘날리며,TaeGukGi: Brotherhood Of War,movie,장동건;원빈;이은주;조원희;이장욱,합천 황매산,명소,경상남도 합천군 가회면 둔내리,35.495825,127.974289,https://lh3.googleusercontent.com/place-photos/AG9NLjCPhRlKdeNOwyvwP6MithC3uCOB9OieTtPnNvQFpujlO7LQzEHYQ5RVE8MlYkZmIAvJqoHM6eNwkFgjqebm_14zP_Gb6FGvczKcJWYv2cn7NdmXaZfJq8iUbxx2xHOagZCoDafkrowcncwY3w=s4800-w800,,낙동강 방어선 전투와 두밀령 고지 전투 촬영지,assets/한국문화정보원_미디어콘텐츠 영상 촬영지 데이터_20221125.csv,2026-07-28,,,11740000,,강제규,https://image.tmdb.org/t/p/w500/rcBc6lI7Ouj1kb0bbbX0CkuJe9q.jpg,태극기휘날리며,9,11,39,69.2,3,N,,,Y,언급2회이상_작품내상위15,정승길_v4,
mv_0307,태극기 휘날리며,TaeGukGi: Brotherhood Of War,movie,장동건;원빈;이은주;조원희;이장욱,외암민속마을,명소,충청남도 아산시 송악면 외암민속길 5,36.730023,127.016474,https://lh3.googleusercontent.com/place-photos/AG9NLjBq7Ycv1PkIpJ2-Luf7zhupcux-XUBHJecIXDr4aTLXNW8BaC65j1Ax4cRRb6osd7q0MIdEeavdteTz_HXrnimzWcc_3jakHlep9wj0JHjjEvOlkr7JwyEqfc61-esxmf6CVqNxKEcljq4m1qE=s4800-w800,,제사를 지내고 피난 떠나는 장면의 배경지,assets/한국문화정보원_미디어콘텐츠 영상 촬영지 데이터_20221125.csv,2026-07-28,,,11740000,,강제규,https://image.tmdb.org/t/p/w500/rcBc6lI7Ouj1kb0bbbX0CkuJe9q.jpg,태극기휘날리며,3,6,39,23.1,4,N,,,Y,언급2회이상_작품내상위15,정승길_v4,
st_20894,태양의 후예,Descendants of the Sun,drama,송중기;송혜교;진구,통리탄탄파크,테마파크/폐갱도,강원특별자치도 태백시 통골길 116-44,37.160838,129.043257,https://lh3.googleusercontent.com/place-photos/AG9NLjClpehfaVfmA7TdhCdPMVEYdB-JNTK42SCOkWuukb3wd5xZgKjodd7USBZ3yD7WdrV3eC0SWzg3PliFud7fRHHdeD5xVM9yaNTv3izHNXRhPjL-Uw52fXcieLoK8eD5CQLxuTfmStwaAHmoQA=s4800-w800,https://map.naver.com/p/entry/place/1478496202,극 중 유시진이 우르크 기지에서 강모연의 신발끈을 다정하게 매주는 장면,https://www.yna.co.kr/view/AKR20220418093900062?did=1195m;http://news.heraldcorp.com/view.php?ud=20211006000681;http://www.kwnews.co.kr/page/view/2022072420191906975,2026-07-30,35,,,,Yoo Jong-sun;백상훈;이응복,https://image.tmdb.org/t/p/w500/uzsPygxgGvVFMUCsK562leiBbpO.jpg,태양의후예,18,162,68,100.0,1,N,,,Y,언급2회이상_작품내상위15,정승길_v4,
st_20895,태양의 후예,Descendants of the Sun,drama,송중기;송혜교;진구,삼탄아트마인,미술관/폐광,강원특별자치도 정선군 고한읍 함백산로 1445-44,37.185017,128.882863,https://lh3.googleusercontent.com/place-photos/AG9NLjBuvexQfRvHZvivmM6tqkiKYofODVQMRDxIwN8vZgyAyWqPO5SeO6mc6ge61V-0lj0vzAEFlOe6VayS8cwAJX16QgNQjxA-r39ZqVEaT8RcZ-5-27zZykUKf2hfVlZro0E1kJmOxPuf4rvI=s4800-w800,https://map.naver.com/p/entry/place/15571251,6화에서 지진이 발생하는 장면이 촬영된 폐광 복합문화공간,http://news.kmib.co.kr/article/view.asp?arcid=0010482191&code=61172311&cp=nv;http://www.ajunews.com/view/20160328093005310;http://www.gukjenews.com/news/articleView.html?idxno=452824,2026-07-30,35,,,,Yoo Jong-sun;백상훈;이응복,https://image.tmdb.org/t/p/w500/uzsPygxgGvVFMUCsK562leiBbpO.jpg,태양의후예,10,40,68,55.6,2,N,,,Y,언급2회이상_작품내상위15,정승길_v4,
st_20898,태양의 후예,Descendants of the Sun,drama,송중기;송혜교;진구,송도센트럴파크,공원,인천 연수구 송도동 24-5,37.393064,126.638630,https://lh3.googleusercontent.com/place-photos/AG9NLjBAICtWCy4pySYdeoOn5wloIkSq1X0Imna4VTmSiT8n1zD9ENrJucfstBeD2bi5BJJKQHG2gDeU35_lFA-81-Zu6BzMxUpv-G2UwPeByOS5MQWPjS-7y83-7x3p57_6Ka2d0sodBsGCG7o-8yI=s4800-w800,https://map.naver.com/p/entry/place/20118926,유시진과 강모연이 데이트인 줄 알았으나 이별을 고하는 카페 장면,http://www.g-enews.com/ko-kr/news/article/news_all/201604181350352610631_1/article.html;http://news.heraldcorp.com/view.php?ud=20160512000478,2026-07-30,35,,,,Yoo Jong-sun;백상훈;이응복,https://image.tmdb.org/t/p/w500/uzsPygxgGvVFMUCsK562leiBbpO.jpg,태양의후예,4,6,68,22.2,3,N,,,Y,언급2회이상_작품내상위15,정승길_v4,
st_20896,태양의 후예,Descendants of the Sun,drama,송중기;송혜교;진구,월미도,관광지/해안,인천 제물포구 북성동1가 125,37.471738,126.599231,https://lh3.googleusercontent.com/place-photos/AG9NLjCbYXkURrjQwizcup1_5KAaAQDbEYQW3C4H12CLxHsifBctkzKc8-_pOYDD0MSwGpF0uwDnb6h1vpacjgtvUvpdX8EocfV2ccsQif_FW8BjF3v5ibUqBbofHM-JSkPwXX4MTq-Pu8Ae8U2wjg=s4800-w800,https://map.naver.com/p/entry/place/13491282,1화에서 유시진과 서대영이 사복 차림으로 사격연습장을 찾는 장면이 촬영된 곳,http://www.g-enews.com/ko-kr/news/article/news_all/201604181350352610631_1/article.html;http://ilyo.co.kr/?ac=article_view&entry_id=177032;http://news.heraldcorp.com/view.php?ud=20160512000034,2026-07-30,35,,,,Yoo Jong-sun;백상훈;이응복,https://image.tmdb.org/t/p/w500/uzsPygxgGvVFMUCsK562leiBbpO.jpg,태양의후예,3,7,68,16.7,4,N,,,Y,언급2회이상_작품내상위15,정승길_v4,
st_20893,태양의 후예,Descendants of the Sun,drama,송중기;송혜교;진구,태양의후예공원(태백 오픈세트장),사극세트장/공원,강원특별자치도 태백시 통동 산 51-3,37.170733,129.038291,https://lh3.googleusercontent.com/place-photos/AG9NLjBb4-lFrzvjaWY8FBdMqPLdlxbVF9d2dLsIuPj3wvrJRe3sgo63bv97gF4aKuUy-Zfa6Sa2T_y2snksUE59MkVYENLGImN5jO6jZHrjzb9c1xNASTgYrfbETdEro6SQt5SzxRpIPQWO6sfJkg=s4800-w800,,특전사 알파팀이 파병된 가상국가 우르크의 태백부대 배경이 된 오픈세트장,http://www.kwnews.co.kr/view.asp?aid=216031600184&s=601;http://www.pressian.com/news/article.html?no=140661&ref=nav_search;http://www.newdaily.co.kr/news/article.html?no=306614;http://www.kado.net/?mod=news&act=articleView&idxno=864897,2026-07-30,35,,,,Yoo Jong-sun;백상훈;이응복,https://image.tmdb.org/t/p/w500/uzsPygxgGvVFMUCsK562leiBbpO.jpg,태양의후예,2,2,68,11.1,5,N,,,Y,언급2회이상_작품내상위15,정승길_v4,
st_18127,태풍상사,Typhoon Company,drama,이준호;김민하,브라운핸즈 개항로,카페,인천 제물포구 개항로 73-1,37.471959,126.630785,https://lh3.googleusercontent.com/place-photos/AG9NLjDsRaTpRcdE4oD31sZWBjp8Es_67bN5RdKWcrocalT2yd8AEX7a6eY14I7wGe70LldFIye0yKJ2Vk7lqRXcJa3j7yzIh_EieEeYQyHjq4H7dbnQy1iFJXL4pDRyng7IP5_0eNwCFeMzbewzDQ=s4800-w800,https://map.naver.com/p/entry/place/1633352559,태풍상사 사옥으로 등장하는 레트로 감성 카페 장면,https://kdramamap.com/location/%ed%83%9c%ed%92%8d%ec%83%81%ec%82%ac-%eb%b8%8c%eb%9d%bc%ec%9a%b4%ed%95%b8%ec%a6%88-%ea%b0%9c%ed%95%ad%eb%a1%9c-16222/;https://traveltodrama.com/typhoon-company-filming-locations-seoul/,2026-07-28,,17,,,Lee Na-jeong,https://image.tmdb.org/t/p/w500/k60BloWxlWTpVumWR4cioC8OLi1.jpg,태풍상사,24,117,60,100.0,1,N,,,Y,언급2회이상_작품내상위15,정승길_v4,
st_18145,태풍상사,,drama,이준호;김민하,더포레,,경기 화성시 만세구 향남읍 두렁바위길 49-13,37.128122,126.895075,https://lh3.googleusercontent.com/place-photos/AG9NLjDxfkww4MPxydpgQ5X6qzUVzLYfIUSRdH_nbmusgNJJXFdbx2H5q65ZcusbxMlL6ZXSwrWWKpc5hLwFnS0z0csjVJj4ggfkSp65D4zmYoFX17CaciIRwp3Br0vVntsvMCo2R55ng9xYFF3jlw=s4800-w800,https://map.naver.com/p/entry/place/1671051717,극 중 강태풍이 운영하는 장미 꽃화원으로 등장하는 장면,https://kdramamap.com/location/%ed%83%9c%ed%92%8d%ec%83%81%ec%82%ac-%eb%8d%94%ed%8f%ac%eb%a0%88-16240/,2026-07-28,,17,,,Lee Na-jeong,https://image.tmdb.org/t/p/w500/k60BloWxlWTpVumWR4cioC8OLi1.jpg,태풍상사,11,132,60,45.8,2,N,,,Y,언급2회이상_작품내상위15,정승길_v4,
st_18125,태풍상사,Typhoon Company,drama,이준호;김민하,인천역,역/교통,인천 제물포구 제물량로 269,37.476595,126.617090,https://lh3.googleusercontent.com/place-photos/AG9NLjCFb-hbuoZ_sUrEppol47oJcEDvwzOq_G-BypaaQcOaY-LLT9Vq-IdxZox-1tQbGCJ7r6IggH79_lgwoyrmIxSLmmgAz5tgPmVlsYxRnGxw_R8tMsrb9qE-y7YdBL6zbPvfsg6_zI_yspWeTWM=s4800-w800,https://map.naver.com/p/entry/place/1109621647,1~2화에서 동인천 지하철역으로 등장하는 인천역 촬영지,https://kdramamap.com/location/%ed%83%9c%ed%92%8d%ec%83%81%ec%82%ac-%ec%9d%b8%ec%b2%9c%ec%97%ad-16220/;https://traveltodrama.com/typhoon-company-filming-locations-seoul/,2026-07-28,,17,,,Lee Na-jeong,https://image.tmdb.org/t/p/w500/k60BloWxlWTpVumWR4cioC8OLi1.jpg,태풍상사,5,7,60,20.8,3,N,,,Y,언급2회이상_작품내상위15,정승길_v4,
st_18086,태풍상사,,drama,이준호;김민하,동작대교,다리,서울 용산구 이촌동 385,37.509920,126.981704,https://lh3.googleusercontent.com/place-photos/AG9NLjAvKyoswhizj1-bc-eHagEOq0NUgi3wXO1cQxE1Y5CGcpq-g-HJ6mwpXP0EsU4-oWsvbII7hZqZEwWN4wQJCOvlNw6CfiPTcq9tHgOpaV4F3kVM8sflmgdHjn8MrQSbNnEGVHRLxv9N0niHYQ=s4800-w800,https://map.naver.com/p/entry/place/18726869,5화에서 눈 내리는 한강 다리 장면으로 등장하는 동작대교 촬영지,https://kdramamap.com/location/%ed%83%9c%ed%92%8d%ec%83%81%ec%82%ac-%eb%8f%99%ec%9e%91%eb%8c%80%ea%b5%90-16181/,2026-07-28,,17,,,Lee Na-jeong,https://image.tmdb.org/t/p/w500/k60BloWxlWTpVumWR4cioC8OLi1.jpg,태풍상사,5,5,60,20.8,4,N,,,Y,언급2회이상_작품내상위15,정승길_v4,
st_18129,태풍상사,Typhoon Company,drama,이준호;김민하,디와이,회사(사옥 외관),인천 남동구 남동서로362번길 36,37.418339,126.703873,https://lh3.googleusercontent.com/place-photos/AG9NLjAFvmJLGOJ-J4QubDxiuzDbwuTuXk1cR45Nhpk0D2rK0jo_Ylvni2yJUdrstIg8_FsrVyWEHTMM_CaC6ebgU-6dHSQb8v-BVAk1VQUv22GbMuqoNm5NODB75OzhMdwMbdS-gzGRxk0lP3FrLY4=s4800-w800,https://map.naver.com/p/entry/place/12093543,표박호무역상사 PYO 사옥 외관으로 등장하는 장면,https://kdramamap.com/location/%ed%83%9c%ed%92%8d%ec%83%81%ec%82%ac-%eb%94%94%ec%99%80%ec%9d%b4-16224/;https://traveltodrama.com/typhoon-company-filming-locations-seoul/,2026-07-28,,17,,,Lee Na-jeong,https://image.tmdb.org/t/p/w500/k60BloWxlWTpVumWR4cioC8OLi1.jpg,태풍상사,4,8,60,16.7,5,N,,,Y,언급2회이상_작품내상위15,정승길_v4,
st_18073,태풍상사,Typhoon Company,drama,이준호;김민하,연희숲속쉼터,자연/명소,서울 서대문구 연희동 2-75,37.5893782439197,126.935518414726,https://lh3.googleusercontent.com/place-photos/AG9NLjAlMe-9QTGavix3NSYIe6vC9KnNU7qMvEcC_bLx6OK6cYOrcVW6qZBB6HUjqpQEQRjpMCcZDVWcZTNMc2gPr8eb3ywZtjneEi2qwEBbpK5uZFqfZyyEBnj_s5GgF9Oe8Wreuiz7tASod965nCis6LlyuQ=s4800-w800,https://map.naver.com/p/entry/place/1965720669,태풍과 아버지가 함께 찍은 사진 속 공원으로 등장하는 연희숲속쉼터,https://kdramamap.com/location/%ed%83%9c%ed%92%8d%ec%83%81%ec%82%ac-%ec%97%b0%ed%9d%ac%ec%88%b2%ec%86%8d%ec%89%bc%ed%84%b0-16168/;https://traveltodrama.com/typhoon-company-filming-locations-seoul/,2026-07-28,,17,,,Lee Na-jeong,https://image.tmdb.org/t/p/w500/k60BloWxlWTpVumWR4cioC8OLi1.jpg,태풍상사,4,8,60,16.7,6,N,,,Y,언급2회이상_작품내상위15,정승길_v4,
st_18121,태풍상사,Typhoon Company,drama,이준호;김민하,인천강화경찰서,경찰서,인천 강화군 강화읍 동문안길 17,37.747710,126.486327,,https://map.naver.com/p/entry/place/11642507,1화에서 태풍이 싸움 후 연행되는 '강남경찰서'로 등장하는 촬영지,https://kdramamap.com/location/%ed%83%9c%ed%92%8d%ec%83%81%ec%82%ac-%ec%9d%b8%ec%b2%9c%ea%b0%95%ed%99%94%ea%b2%bd%ec%b0%b0%ec%84%9c-16216/;https://traveltodrama.com/typhoon-company-filming-locations-seoul/,2026-07-28,,17,,,Lee Na-jeong,https://image.tmdb.org/t/p/w500/k60BloWxlWTpVumWR4cioC8OLi1.jpg,태풍상사,4,5,60,16.7,7,N,,,Y,언급2회이상_작품내상위15,정승길_v4,
st_18117,태풍상사,,drama,이준호;김민하,노블발렌티 삼성점,,서울 강남구 봉은사로 637,37.515328,127.064839,https://lh3.googleusercontent.com/place-photos/AG9NLjC9ldebsEvVG7-esLw-kBeo7SIFFEQPkvmBdvQmUL4HsN9JPm2xGZRsiQ0LgZ0U9OEB7W4OdMh8IzmkH6dz_Drht2vRqyLyW5CmKFG6URFRu_I3xoEji0anLvRSWVi2mxmYC7kPVRIq7jRrRoBuF1O2=s4800-w800,https://map.naver.com/p/entry/place/12390329,1화에서 태풍과 왕남모가 다니는 나이트클럽 '줄리안느' 외관으로 등장,https://kdramamap.com/location/%ed%83%9c%ed%92%8d%ec%83%81%ec%82%ac-%eb%85%b8%eb%b8%94%eb%b0%9c%eb%a0%8c%ed%8b%b0-%ec%82%bc%ec%84%b1%ec%a0%90-16212/,2026-07-28,,17,,,Lee Na-jeong,https://image.tmdb.org/t/p/w500/k60BloWxlWTpVumWR4cioC8OLi1.jpg,태풍상사,3,8,60,12.5,9,N,,,Y,언급2회이상_작품내상위15,정승길_v4,
st_18075,태풍상사,Typhoon Company,drama,이준호;김민하,새문순대국,음식점,서울 마포구 대흥로 163-1,37.553658,126.945732,https://lh3.googleusercontent.com/place-photos/AG9NLjAb-iThRNLFzytMVdSOQW9XuBRyqv4sOOjBD40rIu4-LrQtTtMkDr1a00T6eVKEN_LnDNDRMrfkOr1lXBSMdheFY-3O0QO5SASD_p_41-fDF_0tDuu_hVYce1Zm8Vc4r8rgXqLCjZNxzo0H9-s=s4800-w800,https://map.naver.com/p/entry/place/31392994,2화에서 강진영(태풍 아버지)이 즐겨 찾던 막걸리집 식당으로 등장,https://kdramamap.com/location/%ed%83%9c%ed%92%8d%ec%83%81%ec%82%ac-%ec%83%88%eb%ac%b8%ec%88%9c%eb%8c%80%ea%b5%ad-16170/;https://traveltodrama.com/typhoon-company-filming-locations-seoul/,2026-07-28,,17,,,Lee Na-jeong,https://image.tmdb.org/t/p/w500/k60BloWxlWTpVumWR4cioC8OLi1.jpg,태풍상사,3,6,60,12.5,10,N,,,Y,언급2회이상_작품내상위15,정승길_v4,
st_18080,태풍상사,Typhoon Company,drama,이준호;김민하,미림분식,음식점,서울 관악구 호암로 553,37.467074,126.931347,https://lh3.googleusercontent.com/place-photos/AG9NLjDdLmh26jOjvpF04nLIkCX2URmnhj4gRtvI7h_LiE19MyM7nDvoUTQOius6ejKZDHMI7oguG4sJPelOIo5g76bLX2FXoLGKRnooOs4CBwR2UpsUzIzyQnbyeJR2Ucut7hosFhcpEHv94y58ytk=s4800-w800,https://map.naver.com/p/entry/place/2091670944,6화에서 정차란과 오미선이 술을 마시는 분식집 장면,https://kdramamap.com/location/%ed%83%9c%ed%92%8d%ec%83%81%ec%82%ac-%eb%af%b8%eb%a6%bc%eb%b6%84%ec%8b%9d-16175/;https://traveltodrama.com/typhoon-company-filming-locations-seoul/,2026-07-28,,17,,,Lee Na-jeong,https://image.tmdb.org/t/p/w500/k60BloWxlWTpVumWR4cioC8OLi1.jpg,태풍상사,3,5,60,12.5,11,N,,,Y,언급2회이상_작품내상위15,정승길_v4,
st_18105,태풍상사,,drama,이준호;김민하,수도학원,,서울 동대문구 보문로 6,37.576143,127.023526,https://lh3.googleusercontent.com/place-photos/AG9NLjBmqEMuCbPSiRVXIgJukXq5y3YGrQgPYESA3Z52kTmODFMxhrq-nrj1ZtazSyyAy3dKShxoI6lLhp4QPk2v2gzJzAPKWp4UpkkdWBj4duOzMZNttHmdF7qtEAoj_SA3TP1dRPcRWC4eLDLBAw=s4800-w800,https://map.naver.com/p/entry/place/18025204,오미선이 다니는 야간 입시학원 '서도학원'으로 등장하는 촬영지,https://kdramamap.com/location/%ed%83%9c%ed%92%8d%ec%83%81%ec%82%ac-%ec%88%98%eb%8f%84%ed%95%99%ec%9b%90-16200/,2026-07-28,,17,,,Lee Na-jeong,https://image.tmdb.org/t/p/w500/k60BloWxlWTpVumWR4cioC8OLi1.jpg,태풍상사,3,5,60,12.5,12,N,,,Y,언급2회이상_작품내상위15,정승길_v4,
st_18118,태풍상사,,drama,이준호;김민하,수도전기공업고등학교,학교,서울 강남구 개포로 410,37.484938,127.064479,https://lh3.googleusercontent.com/place-photos/AG9NLjBuKUnOIzDNhmQPzwmYcYLXpYeNEejEy9MI-4AcTg7l0Jjyh5VOB5n--HO1QwumbJpVHfIBe8wntg3IYc1b5LF9QOXcjGJbWA1lhTBeoQsfD9xLFU8TwgJRc2q59bWgXQAFK40qRxZ85uNw9Eg=s4800-w800,https://map.naver.com/p/entry/place/12081907,1화에서 미선이 수능시험을 보러 가는 시험장으로 등장하는 촬영지,https://kdramamap.com/location/%ed%83%9c%ed%92%8d%ec%83%81%ec%82%ac-%ec%88%98%eb%8f%84%ec%a0%84%ea%b8%b0%ea%b3%b5%ec%97%85%ea%b3%a0%eb%93%b1%ed%95%99%ea%b5%90-16213/,2026-07-28,,17,,,Lee Na-jeong,https://image.tmdb.org/t/p/w500/k60BloWxlWTpVumWR4cioC8OLi1.jpg,태풍상사,3,4,60,12.5,13,N,,,Y,언급2회이상_작품내상위15,정승길_v4,
st_18158,태풍상사,,drama,이준호;김민하,송도해수욕장,해변,부산 서구 암남동 135-5,35.075786,129.016767,https://lh3.googleusercontent.com/place-photos/AG9NLjDBF1J1i0c0LB8T4vXjWlN7LQxzH0G-A2rbtAxPOoeGr-_84HcFUnMR6G2Wc7uuH3TGLCEjSuOqNHFB2Z1pjHa5Vq7ZXItteTghC68JBUWFiicydnZ2Q92MJV6U9mBZ3t-i_dh4vyYOP9hU01Q=s4800-w800,https://map.naver.com/p/entry/place/13491649,4화에서 화난 미선 곁에서 태풍이 모래에 '미안해요'를 새기는 장면,https://kdramamap.com/location/%ed%83%9c%ed%92%8d%ec%83%81%ec%82%ac-%ec%86%a1%eb%8f%84%ed%95%b4%ec%88%98%ec%9a%95%ec%9e%a5-16253/,2026-07-28,,17,,,Lee Na-jeong,https://image.tmdb.org/t/p/w500/k60BloWxlWTpVumWR4cioC8OLi1.jpg,태풍상사,2,6,60,8.3,14,N,,,Y,언급2회이상_작품내상위15,정승길_v4,
st_18072,태풍상사,,drama,이준호;김민하,스위스그랜드호텔,호텔/숙박,서울 서대문구 연희로 353,37.589378,126.935518,https://lh3.googleusercontent.com/place-photos/AG9NLjAg5wSs8BffmVfodHOFwza78in1UR64ZYKDE9Ork6gYYIi6FlVp7eylNZSfPwMOuNk3chien-TOnEtX08cbWhKnmsMqsl3jB2nR8B0YtbPHC_ZQe5Jm95JJXie3ATJ5Ftnuibo4hWQVf99-Rw=s4800-w800,https://map.naver.com/p/entry/place/11635169,4화에서 극중 호텔 커피숍으로 등장하는 스위스그랜드호텔 촬영지,https://kdramamap.com/location/%ed%83%9c%ed%92%8d%ec%83%81%ec%82%ac-%ec%8a%a4%ec%9c%84%ec%8a%a4%ea%b7%b8%eb%9e%9c%eb%93%9c%ed%98%b8%ed%85%94-16167/,2026-07-28,,17,,,Lee Na-jeong,https://image.tmdb.org/t/p/w500/k60BloWxlWTpVumWR4cioC8OLi1.jpg,태풍상사,2,4,60,8.3,15,N,,,Y,언급2회이상_작품내상위15,정승길_v4,
mv_2810,택시운전사,A Taxi Driver,movie,송강호;토마스 크레취만 (위르겐 힌츠페터(피터));류준열;유해진;박혁권,청소역 장항선,명소,충청남도 보령시 청소면 청소큰길 176,36.446021,126.590797,https://lh3.googleusercontent.com/place-photos/AG9NLjBgHpWmeDjnfpUCQT7MO5RL01rO34cH36TsOD_5EfQEfrGwxiFNOxy0vUfuHe6fQPHSMiu0lGNqvDIkneuMmtiYDX0c_ffk48u2akjhO7qJdQAtqR02Ywnk9WT71qBf__DF54TqyhQafoJawzk=s4800-w800,,청소역 인근 거리에서 촬영과 포스터를 찍었던 곳,assets/한국문화정보원_미디어콘텐츠 영상 촬영지 데이터_20221125.csv,2026-07-28,,,12176753,대종상 최우수작품상(2017);청룡영화상 최우수작품상(2017),장훈,https://image.tmdb.org/t/p/w500/pCdx7X5JLaSJZLNVtpryGSdjvvB.jpg,택시운전사,31,49,72,100.0,1,N,,,Y,언급2회이상_작품내상위15,정승길_v4,
mv_2802,택시운전사,A Taxi Driver,movie,송강호;토마스 크레취만 (위르겐 힌츠페터(피터));류준열;유해진;박혁권,합천 영상 테마파크,명소,경상남도 합천군 용주면 합천호수로 757,35.5489346,128.072475,https://lh3.googleusercontent.com/place-photos/AG9NLjCv95QlhIEWg6AKF3e7x2f_VFlm2cYnuBlrYHWJeWRLfu0t24rbKP_rwVvKDaAz0tlsFNtEJRaZLjb0kyZVvFFzhN-tAKY-pK0vdjjqOsnfzRlOx8tAVfwftPLg9UXCQOh4fW8d_msTS0Brpxg=s4800-w800,,서울에서 집회 때문에 길이 막히는 장면,assets/한국문화정보원_미디어콘텐츠 영상 촬영지 데이터_20221125.csv,2026-07-28,,,12176753,대종상 최우수작품상(2017);청룡영화상 최우수작품상(2017),장훈,https://image.tmdb.org/t/p/w500/pCdx7X5JLaSJZLNVtpryGSdjvvB.jpg,택시운전사,4,19,72,12.9,2,N,,,Y,언급2회이상_작품내상위15,정승길_v4,
mv_2803,택시운전사,A Taxi Driver,movie,송강호;토마스 크레취만 (위르겐 힌츠페터(피터));류준열;유해진;박혁권,성주 버스 정류장,명소,경상북도 성주군 성주읍 경산길 15-4,35.917017,128.285318,,,영화 속에서 순천 버스터미널로 나오는 곳,assets/한국문화정보원_미디어콘텐츠 영상 촬영지 데이터_20221125.csv,2026-07-28,,,12176753,대종상 최우수작품상(2017);청룡영화상 최우수작품상(2017),장훈,https://image.tmdb.org/t/p/w500/pCdx7X5JLaSJZLNVtpryGSdjvvB.jpg,택시운전사,2,4,72,6.5,3,N,,,Y,언급2회이상_작품내상위15,정승길_v4,
mv_2377_01,터널,Tunnel,movie,하정우;배두나;오달수;김종수;조현철,옥천터널(폐터널),구 경부고속도로 폐터널,충북 옥천군 청성면 묘금리 산 71-4,36.27141443001459,127.7080742777431,https://lh3.googleusercontent.com/place-photos/AG9NLjDs6OiluYI10I6OOA-pM29BKR_79nSQVSg0Rj7ytltX4v9iPVxRkS3NoC-0cr4yO7OgLfXQTljEKYYIdyG-UzL0nE7fLUBYg2GpuzODH5pCCgh6vZkPXm2C8rdDrMcjWi9Bk35GBwdGkvEtWA=s4800-w800,,정수(하정우)가 무너진 터널 안에 고립되는 붕괴 장면이 이 옛 터널에서 촬영됐다,https://www.joongboo.com/news/articleView.html?idxno=1316942;https://www.okinews.com/news/articleView.html?idxno=97262,2026-07-31,,,7076050,,김성훈,https://image.tmdb.org/t/p/w500/3NdzKTigenok3nTZcSZjUw7WhVa.jpg,터널,3,11,93,100.0,1,N,,,Y,언급2회이상_작품내상위15,정승길_v4,
mv_2377_02,터널,Tunnel,movie,하정우;배두나;오달수;김종수;조현철,증약터널,구 경부고속도로 폐터널,충북 옥천군 군북면 증약리 산 69-2,36.34824579312054,127.51828321727909,,,구조대가 붕괴 현장에 진입을 시도하는 터널 출구 장면이 촬영됐다,https://www.joongboo.com/news/articleView.html?idxno=1316942,2026-07-31,,,7076050,,김성훈,https://image.tmdb.org/t/p/w500/3NdzKTigenok3nTZcSZjUw7WhVa.jpg,터널,0,0,93,0.0,2,N,,,Y,언급부족_데이터품질기준보존,정승길_v4,
st_18391,트웰브,Twelve,drama,마동석;박형식;서인국,회암사지박물관,박물관/미술관,경기 양주시 회암사길 11,37.841226,127.102981,https://lh3.googleusercontent.com/place-photos/AG9NLjCQeSuRd-EpfCOUPZnka7fciRU8lJ4rEp3QWIMetz6iIS4OKlKo_EJCGvA-cT1z2ZqSxED-FES8QAgKSeTWZ5ZcEHIFTSoZr-YUeNM5NjLwkq7EQAbA5ap9YyhbAqI9TuPbrBD2qX5JLBUt1w=s4800-w800,https://map.naver.com/p/entry/place/18299205,1화에서 마록이 따로 사는 미르를 찾아가 천사들에게 돌아오라고 설득하는 장면,https://kdramamap.com/location/%ed%8a%b8%ec%9b%b0%eb%b8%8c-%ed%9a%8c%ec%95%94%ec%82%ac%ec%a7%80%eb%b0%95%eb%ac%bc%ea%b4%80-16445/;https://haechi-travel.tistory.com/392;https://www.winkyblacky.com/i/드라마-트웰브-촬영지-장소/,2026-07-28,83,,,,강대규,https://image.tmdb.org/t/p/w500/1e9Yv0ljhXAjP65V1QtAqXuKns7.jpg,트웰브,7,23,36,100.0,1,N,,,Y,언급2회이상_작품내상위15,정승길_v4,
st_18407,트웰브,Twelve,drama,마동석;박형식;서인국,반야사,사찰,충남 논산시 가야곡면 삼전길 104,36.110265,127.172934,https://lh3.googleusercontent.com/place-photos/AG9NLjCEjbPsiyKPQoN7I5i-GquwEyLBxpiFK9Q2QRQc1408-oM-NO5kOd3-f8g8SkgIxd79ySLXk2O6ts80g7iTuwdm83Q81DeniBod8Es0LFSQeZyfWprur2cv2DDc-n7vIOhUflqXY1PZgI-5gQ=s4800-w800,https://map.naver.com/p/entry/place/1091680783,1화에서 제사장 사민이 동굴에 봉인돼 있던 악마 오귀를 깨우는 장면,https://kdramamap.com/location/%ed%8a%b8%ec%9b%b0%eb%b8%8c-%eb%b0%98%ec%95%bc%ec%82%ac-16462/;https://haechi-travel.tistory.com/392;https://www.winkyblacky.com/i/드라마-트웰브-촬영지-장소/,2026-07-28,83,,,,강대규,https://image.tmdb.org/t/p/w500/1e9Yv0ljhXAjP65V1QtAqXuKns7.jpg,트웰브,5,14,36,71.4,2,N,,,Y,언급2회이상_작품내상위15,정승길_v4,
st_18405,트웰브,Twelve,drama,마동석;박형식;서인국,춘천경찰서,관공서,강원 춘천시 춘천로 61,37.870300,127.724263,https://lh3.googleusercontent.com/place-photos/AG9NLjB84PThdPfzPRqCcV9gJ2yzSoLGTcyC4etO2UXFexKRuhywMksreM15qN8mXR79Po5WJrIbrLloxvuZdxAms7RpsK099Rokq1hWIDlLntI8FzEZpuTvbSmVoUKZu3ny0QHW70Jn0y0eIiPBjA=s4800-w800,https://map.naver.com/p/entry/place/11642384,극 중 주천경찰서로 등장하며 외관만 이곳에서 촬영하고 내부 장면은 세트장에서 촬영,https://kdramamap.com/location/%ed%8a%b8%ec%9b%b0%eb%b8%8c-%ec%b6%98%ec%b2%9c%ea%b2%bd%ec%b0%b0%ec%84%9c-16460/;https://haechi-travel.tistory.com/392,2026-07-28,83,,,,강대규,https://image.tmdb.org/t/p/w500/1e9Yv0ljhXAjP65V1QtAqXuKns7.jpg,트웰브,5,8,36,71.4,3,N,,,Y,언급2회이상_작품내상위15,정승길_v4,
st_18390,트웰브,Twelve,drama,마동석;박형식;서인국,대진대학교,학교,경기 포천시 호국로 1007,37.873810,127.157554,https://lh3.googleusercontent.com/place-photos/AG9NLjBK3iT3Re1C7Yg5U-ZJbiOGACtfz8jmfoLWIQGZTIiFBp6rmCiaOz7WkN_FltlhZCj8e3XSQKJBvZ2CskPMyAzeo3CfJyUlG3R5JNxtGm7yndmCnT2Z1rgju2NYauRZRbmfwtzjuN000mJCQeIEoJQzlw=s4800-w800,https://map.naver.com/p/entry/place/18319335,극 중 오귀와 악귀들이 지하 강당을 아지트로 삼아 액션을 벌이는 장면,https://kdramamap.com/location/%ed%8a%b8%ec%9b%b0%eb%b8%8c-%eb%8c%80%ec%a7%84%eb%8c%80%ed%95%99%ea%b5%90-16444/;https://haechi-travel.tistory.com/392;https://www.winkyblacky.com/i/드라마-트웰브-촬영지-장소/,2026-07-28,83,,,,강대규,https://image.tmdb.org/t/p/w500/1e9Yv0ljhXAjP65V1QtAqXuKns7.jpg,트웰브,5,7,36,71.4,4,N,,,Y,언급2회이상_작품내상위15,정승길_v4,
st_18387,트웰브,Twelve,drama,마동석;박형식;서인국,배다리사거리,거리,인천 제물포구 금곡동 12-1,37.472860,126.635721,https://lh3.googleusercontent.com/place-photos/AG9NLjBOmNpTjJ587OyDY9gsc0l9IQ8j2lX_cLeBmQXSTJf7772ViXU0wKQRicH4kj0jDtKu7VN3_1rIqigTETJFkrb1tF91Yt702G3RIziFD5K78GxjiBymn1V4hIeWalRNZ0gXX43yeCgKKoCJ0A=s4800-w800,,극 중 태산이 길거리 분식 포장마차를 운영하는 금순과 대화하는 장면,https://kdramamap.com/location/%ed%8a%b8%ec%9b%b0%eb%b8%8c-%eb%b0%b0%eb%8b%a4%eb%a6%ac%ec%82%ac%ea%b1%b0%eb%a6%ac-16441/;https://haechi-travel.tistory.com/392;https://www.winkyblacky.com/i/드라마-트웰브-촬영지-장소/,2026-07-28,83,,,,강대규,https://image.tmdb.org/t/p/w500/1e9Yv0ljhXAjP65V1QtAqXuKns7.jpg,트웰브,4,5,36,57.1,5,N,,,Y,언급2회이상_작품내상위15,정승길_v4,
st_18392,트웰브,,drama,마동석;박형식;서인국,조이마당스튜디오,,경기 파주시 파주읍 봉서산로 245,37.833300,126.803485,https://lh3.googleusercontent.com/place-photos/AG9NLjACiiwj6AvwSE0Uh5C1Jp9DdQi4HhcCINUMPrDZ1uz3z7F7vaw0cuUsF4Z8J-VOs_kH6uuGB5Dgz_dpTLtIEH6bO3XjZQiagosM81sWF3ov9hESmauRYdPp1AkcDeKSiOxMbrnzPSf4ji-WPNY=s4800-w800,https://map.naver.com/p/entry/place/1741339375,2화에서 정신과 약이 떨어진 태산이 진료를 받으러 병원을 찾아가는 장면,https://kdramamap.com/location/%ed%8a%b8%ec%9b%b0%eb%b8%8c-%ec%a1%b0%ec%9d%b4%eb%a7%88%eb%8b%b9%ec%8a%a4%ed%8a%9c%eb%94%94%ec%98%a4-16446/,2026-07-28,83,,,,강대규,https://image.tmdb.org/t/p/w500/1e9Yv0ljhXAjP65V1QtAqXuKns7.jpg,트웰브,4,4,36,57.1,6,N,,,Y,언급2회이상_작품내상위15,정승길_v4,
st_18380,트웰브,,drama,마동석;박형식;서인국,중부건어물시장,시장,서울 중구 을지로32길 34,37.565291,127.000076,https://lh3.googleusercontent.com/place-photos/AG9NLjD6PXJN56XKUKbAa3jLO2eygU5lf_qzPwcQpNhi4VLomAWoo2wFUcCVIQa0WJ5c3B4jQod1-Z5MUxOpCq2zb77DDJbQSq8DQWIsYLqPIMt475CvLiW-H0Z_GKiBG0Cx5VWT0bOjZ5f8rldOAA=s4800-w800,,,https://kdramamap.com/location/%ed%8a%b8%ec%9b%b0%eb%b8%8c-%ec%a4%91%eb%b6%80%ea%b1%b4%ec%96%b4%eb%ac%bc%ec%8b%9c%ec%9e%a5-16434/,2026-07-28,83,,,,강대규,https://image.tmdb.org/t/p/w500/1e9Yv0ljhXAjP65V1QtAqXuKns7.jpg,트웰브,4,4,36,57.1,7,N,,,Y,언급2회이상_작품내상위15,,
st_18370,트웰브,Twelve,drama,마동석;박형식;서인국,난지한강공원,공원,서울 마포구 상암동 495-72,37.567777,126.875024,https://lh3.googleusercontent.com/place-photos/AG9NLjAaWnlxwlHG_S5dM8-MNfFRAaDgmE5dQrcc4XgIM4ofpIspnZoHakCNZt58cgAcG9uVmKs-U6ynI3eyiI7Znz7BfmwNggtBTfsbFf7NHVY7onp4Vqsjdiv9NCIIQ8NT5nqjArNTWzFtJadp=s4800-w800,https://map.naver.com/p/entry/place/13416975,,https://kdramamap.com/location/%ed%8a%b8%ec%9b%b0%eb%b8%8c-%eb%82%9c%ec%a7%80%ed%95%9c%ea%b0%95%ea%b3%b5%ec%9b%90-16424/;https://haechi-travel.tistory.com/392,2026-07-28,83,,,,강대규,https://image.tmdb.org/t/p/w500/1e9Yv0ljhXAjP65V1QtAqXuKns7.jpg,트웰브,3,3,36,42.9,8,N,,,Y,언급2회이상_작품내상위15,,
st_18395,트웰브,,drama,마동석;박형식;서인국,와인당,,경기 고양시 일산동구 고봉로 32-20,37.664055,126.766103,https://lh3.googleusercontent.com/place-photos/AG9NLjAM0ak9fy7ALFIsWbYD3DfU0zl8NOppXlObTt9uxz_Pgv_XVD-scaGp0NaqTU-Y2ruFyjYJf8n8IOGltGiqpI2PGNRxX5q4rRtp5-NVZu8mq8GMyHbv5lPwmJgk8MyLYy51ckknQ7Rv87tK46k=s4800-w600,https://map.naver.com/p/entry/place/1552813249,극 중 미르에게 접근해 시비를 건 남자들이 미르에게 호되게 얻어맞는 장면,https://kdramamap.com/location/%ed%8a%b8%ec%9b%b0%eb%b8%8c-%ec%99%80%ec%9d%b8%eb%8b%b9-16449/,2026-07-28,83,,,,강대규,https://image.tmdb.org/t/p/w500/1e9Yv0ljhXAjP65V1QtAqXuKns7.jpg,트웰브,3,3,36,42.9,9,N,,,Y,언급2회이상_작품내상위15,정승길_v4,
st_18388,트웰브,Twelve,drama,마동석;박형식;서인국,배다리지하도상가,상가,인천 제물포구 송림로 4,37.472910,126.636096,,https://map.naver.com/p/entry/place/1849117746,,https://kdramamap.com/location/%ed%8a%b8%ec%9b%b0%eb%b8%8c-%eb%b0%b0%eb%8b%a4%eb%a6%ac%ec%a7%80%ed%95%98%eb%8f%84%ec%83%81%ea%b0%80-16442/;https://haechi-travel.tistory.com/392,2026-07-28,83,,,,강대규,https://image.tmdb.org/t/p/w500/1e9Yv0ljhXAjP65V1QtAqXuKns7.jpg,트웰브,2,2,36,28.6,10,N,,,Y,언급2회이상_작품내상위15,,
mv_6493_01,파묘,Exhuma,movie,최민식;김고은;유해진;이도현;김재철,국립아시아문화전당(ACC),문화시설,광주광역시 동구 문화전당로 38,35.147057304165,126.92003143495,https://lh3.googleusercontent.com/place-photos/AG9NLjCpps9rNvH8yhNr9J6nRC2IPkzshs796b46tFDwDloNR_LIu4G6G16gd3GwKuKlTlclAE17etJkCfXIIDZFtBM4hEh6zyZg1yEqpqICbDONrgBkMHZb78aNhKNCgw7dFAhH8m0No_arYd9MoQ=s4800-w800,https://map.naver.com/p/entry/place/37345732,화림과 봉길이 위독한 아기를 만나러 미국 병원을 찾아가는 영화 도입부 병원 장면,https://blog.naver.com/gwangju_city/223676172103,2026-07-30,,,11898834,,장재현,https://image.tmdb.org/t/p/w500/tw0i3kkmOTjDjGFZTLHKhoeXVvA.jpg,파묘,12,122,43,100.0,1,N,,,Y,언급2회이상_작품내상위15,정승길_v4,
mv_6493_03,파묘,Exhuma,movie,최민식;김고은;유해진;이도현;김재철,담양 경상리 느티나무(당산나무),자연/문화유적,전라남도 담양군 가사문학면 경상리 400,35.15869743610564,127.0443851412743,https://lh3.googleusercontent.com/place-photos/AG9NLjA7BeCStW42IFTgx-LYEQiEZz69CdjQ5tCWjbl1sPoHwI-7YZ2luQOzS19E1pY4d0QoIz9KtvPYiMyE2pFzmW4gSYEpfIZ9lTkO-am6CR6LmIbMWCK8Sew29C__6oow2Py5J0LLf3dtlO7ZhoA=s4800-w800,,무당 화림의 회상 장면 속 신령한 당산나무로 등장,https://www.harpersbazaar.co.kr/article/1861948,2026-07-30,,,11898834,,장재현,https://image.tmdb.org/t/p/w500/tw0i3kkmOTjDjGFZTLHKhoeXVvA.jpg,파묘,6,10,43,50.0,2,N,,,Y,언급2회이상_작품내상위15,정승길_v4,
mv_6493_04,파묘,Exhuma,movie,최민식;김고은;유해진;이도현;김재철,아홉산숲,자연/숲,부산광역시 기장군 철마면 미동길 37-1,35.2870427695427,129.171517582693,https://lh3.googleusercontent.com/place-photos/AG9NLjDKBVW5djBjNHt6mvsAVor62RY4ZamtjFKrhvYyFzAK-miXw48JIlmfTPohTq_ARUjHikoI0YCP89l1t8lG6dI6kHtmWISXv10VNmcWEKQm-s0274DD421edhYNy17SbQYIqom6r-sF4agu8gc=s4800-w800,https://map.naver.com/p/entry/place/36513659,상덕 일행이 조상의 묘를 찾아 산길을 오르는 장면,https://www.harpersbazaar.co.kr/article/1861948,2026-07-30,,,11898834,,장재현,https://image.tmdb.org/t/p/w500/tw0i3kkmOTjDjGFZTLHKhoeXVvA.jpg,파묘,2,3,43,16.7,3,N,,,Y,언급2회이상_작품내상위15,정승길_v4,
st_18544,판사이한영,Judge Lee Han-young,drama,지성;원진아,장안대학교,학교,경기 화성시 효행구 봉담읍 삼천병마로 1182,37.213287,126.944482,https://lh3.googleusercontent.com/place-photos/AG9NLjDjfgIjt8P5yTN1WFg27-2rXwLVWgbTNBqIwNBLCs6--o9Y9BHhvn3VD9h26_VkcAs8kHTDcozxekwnto1NjY5kRomoLPukf81gjtwEqq5xi2Io9C0LSy-H9m4Gl3KaJyDRA15tnPy8J9aY_Q=s4800-w800,https://map.naver.com/p/entry/place/11591353,서울중앙지검 외관으로 등장하는 대학 캠퍼스 장면,https://kdramamap.com/location/%ed%8c%90%ec%82%ac%ec%9d%b4%ed%95%9c%ec%98%81-%ec%9e%a5%ec%95%88%eb%8c%80%ed%95%99%ea%b5%90-17671/;https://blog.naver.com/ryu71s/224137515957;https://blog.naver.com/hsc_one1/224130074299,2026-07-28,,15,,,Lee Jae-jin,https://image.tmdb.org/t/p/w500/AnfCTqCrcrKqRO1HNJEFpt6oiIx.jpg,판사이한영,8,17,53,100.0,1,N,,,Y,언급2회이상_작품내상위15,정승길_v4,
st_18548,판사이한영,Judge Lee Han-young,drama,지성;원진아,선문대학교 천안캠퍼스,학교,충남 천안시 동남구 천안대로 277,36.774793,127.163598,https://lh3.googleusercontent.com/place-photos/AG9NLjDNjyP9PswJQRdbr1YjDEWvHjd6F-kGNr_A0cbm7p2cpiSXsGLMG438TR9VhZDJpRajCqi695owvOIcee1n-1A9uf5EYt61Z3f_MvrOCkR2VczAnEDfunyCR3R9_PrQaPveMlriMZhANUhu=s4800-w800,https://map.naver.com/p/entry/place/17633154,이한영이 재판을 내리던 대법원 외관으로 등장하는 캠퍼스 장면,https://kdramamap.com/location/%ed%8c%90%ec%82%ac%ec%9d%b4%ed%95%9c%ec%98%81-%ec%84%a0%eb%ac%b8%eb%8c%80%ed%95%99%ea%b5%90-%ec%b2%9c%ec%95%88%ec%ba%a0%ed%8d%bc%ec%8a%a4-17675/;https://blog.naver.com/ryu71s/224137515957;https://blog.naver.com/hsc_one1/224130074299,2026-07-28,,15,,,Lee Jae-jin,https://image.tmdb.org/t/p/w500/AnfCTqCrcrKqRO1HNJEFpt6oiIx.jpg,판사이한영,5,9,53,62.5,2,N,,,Y,언급2회이상_작품내상위15,정승길_v4,
st_18478,판사이한영,Judge Lee Han-young,drama,지성;원진아,트레이드타워,오피스,서울 강남구 영동대로 511,37.510357,127.061024,https://lh3.googleusercontent.com/place-photos/AG9NLjDB9Uj_S8EXktnxLirhMCEBN_vUMVDbJ1hsL7V4MblaxYi65oLyjp3IwZRiGiK_hM8Gv57-k_CJmlDhbAT9kgQiHLUSrI0_ekqWysBHwxIbzja7Vy_Ym8t4VntplrzwNO6hJCTW-JCMgf055MFdSCiJVQ=s4800-w800,https://map.naver.com/p/entry/place/1805379559,해날로펌이 있는 S-그룹 사옥 외관으로 등장하는 빌딩 장면,https://kdramamap.com/location/%ed%8c%90%ec%82%ac%ec%9d%b4%ed%95%9c%ec%98%81-%ed%8a%b8%eb%a0%88%ec%9d%b4%eb%93%9c%ed%83%80%ec%9b%8c-17605/;https://blog.naver.com/ryu71s/224137515957;https://blog.naver.com/hsc_one1/224130074299,2026-07-28,,15,,,Lee Jae-jin,https://image.tmdb.org/t/p/w500/AnfCTqCrcrKqRO1HNJEFpt6oiIx.jpg,판사이한영,5,9,53,62.5,3,N,,,Y,언급2회이상_작품내상위15,정승길_v4,
st_18471,판사이한영,,drama,지성;원진아,잠수교,,서울 서초구 반포동 649,37.512545,126.996906,https://lh3.googleusercontent.com/place-photos/AG9NLjAZeJ0VFAhGoU4c6ODWFkY7puYsnx119RrPuZuf_siyG-4RbWQ33Hov2gVdmb8Bk1iPJevSzY4PgddFZwU1FFRtmbHxZl_Ztox2Ar3DMECTnBAbIbQK8iVN8Pr72Crn3_ugqkr9FJmLouxFDyeoTJId=s4800-w800,https://map.naver.com/p/entry/place/18762982,,https://kdramamap.com/location/%ed%8c%90%ec%82%ac%ec%9d%b4%ed%95%9c%ec%98%81-%ec%9e%a0%ec%88%98%ea%b5%90-17598/,2026-07-28,,15,,,Lee Jae-jin,https://image.tmdb.org/t/p/w500/AnfCTqCrcrKqRO1HNJEFpt6oiIx.jpg,판사이한영,5,8,53,62.5,4,N,,,Y,언급2회이상_작품내상위15,,
st_18451,판사이한영,Judge Lee Han-young,drama,지성;원진아,백빈건널목,기타,서울 용산구 한강로3가 40-1007,37.525674,126.959175,https://lh3.googleusercontent.com/place-photos/AG9NLjCz3fogHKRV2oiN5o_G9B0c3FR6-hR81zE9i1G6hVXFBGky6CAOayPzkYDhRPBZbBwZ43-wrt5VIYF5udIeBioaQDWim1avq3xy2SnYhuoG1Z_8hysrtsN28jo0Ql3MXlPfSNRY2N_hPodpcYk=s4800-w800,https://map.naver.com/p/entry/place/2145624674,이한영이 어머니의 죽음과 자신의 선택을 떠올리며 갈등하는 철길 장면,https://kdramamap.com/location/%ed%8c%90%ec%82%ac%ec%9d%b4%ed%95%9c%ec%98%81-%eb%b0%b1%eb%b9%88%ea%b1%b4%eb%84%90%eb%aa%a9-17578/;https://blog.naver.com/ryu71s/224137515957;https://blog.naver.com/hsc_one1/224130074299,2026-07-28,,15,,,Lee Jae-jin,https://image.tmdb.org/t/p/w500/AnfCTqCrcrKqRO1HNJEFpt6oiIx.jpg,판사이한영,5,7,53,62.5,5,N,,,Y,언급2회이상_작품내상위15,정승길_v4,
st_18549,판사이한영,,drama,지성;원진아,천안시청,,충남 천안시 서북구 번영로 156,36.816130,127.113047,https://lh3.googleusercontent.com/place-photos/AG9NLjBBfeOdpiENnTrRqvjqcTYbItERf58c-HgojQ1Oe1SJz1fKRR-C-DG9toJzVgsvbChsfiNuGotut9w0MiB_pCeMCZyJ52OZWPv50Wys82uP8HkUPAFNnAW46aiRcTHlax-SIph0O9pMxyX1EDY=s4800-w800,https://map.naver.com/p/entry/place/11627797,충남 천안시청과 천안시의회 등에서 주로 촬영되었습니다.,https://kdramamap.com/location/%ed%8c%90%ec%82%ac%ec%9d%b4%ed%95%9c%ec%98%81-%ec%b2%9c%ec%95%88%ec%8b%9c%ec%b2%ad-17676/,2026-07-28,,15,,,Lee Jae-jin,https://image.tmdb.org/t/p/w500/AnfCTqCrcrKqRO1HNJEFpt6oiIx.jpg,판사이한영,5,7,53,62.5,6,N,,,Y,언급2회이상_작품내상위15,블로그크롤링_2026-08-01,https://blog.naver.com/overthesense/224157484597
st_20911,판사 이한영,Judge Lee Han-young,drama,지성;박희순;원진아,호텔나루서울 엠갤러리(레스토랑 부아쟁),호텔,서울 마포구 마포대로 8,37.537435984833536,126.94436944325074,,,이한영이 아내와 이혼을 이야기하는 저녁 식사 장면,https://blog.naver.com/ryu71s/224137515957;https://blog.naver.com/hsc_one1/224130074299,2026-07-30,,15,,,Lee Jae-jin,https://image.tmdb.org/t/p/w500/AnfCTqCrcrKqRO1HNJEFpt6oiIx.jpg,판사이한영,4,12,53,50.0,7,N,,,Y,언급2회이상_작품내상위15,정승길_v4,
st_18511,판사이한영,Judge Lee Han-young,drama,지성;원진아,공간채향,고택,경기 파주시 광탄면 소령원길 92,37.775586,126.905169,https://lh3.googleusercontent.com/place-photos/AG9NLjDaM3FXDLBkhRh3hdaLt0A-8cXRPQJIKARwr3yw_Wh5jQkBxVHwqb52jnaoc1EUzgDZpb2-lu6Q0RSbYSQOGQWLveCBrnBOojqG-dmwSKr_ssY7lBrZ76zG1oYjhzwXp1qZ9KbY2GEtTSAmdsikcM44=s4800-w800,https://map.naver.com/p/entry/place/1112776434,수오재 관련 한옥 정원 및 안채 장면이 촬영된 한옥 촬영지,https://kdramamap.com/location/%ed%8c%90%ec%82%ac%ec%9d%b4%ed%95%9c%ec%98%81-%ea%b3%b5%ea%b0%84%ec%b1%84%ed%96%a5-17638/;https://blog.naver.com/hanok_chaehyang/224232122497,2026-07-28,,15,,,Lee Jae-jin,https://image.tmdb.org/t/p/w500/AnfCTqCrcrKqRO1HNJEFpt6oiIx.jpg,판사이한영,4,8,53,50.0,8,N,,,Y,언급2회이상_작품내상위15,정승길_v4,
st_18512,판사이한영,,drama,지성;원진아,조이마당스튜디오,,경기 파주시 파주읍 봉서산로 245,37.833300,126.803485,https://lh3.googleusercontent.com/place-photos/AG9NLjACiiwj6AvwSE0Uh5C1Jp9DdQi4HhcCINUMPrDZ1uz3z7F7vaw0cuUsF4Z8J-VOs_kH6uuGB5Dgz_dpTLtIEH6bO3XjZQiagosM81sWF3ov9hESmauRYdPp1AkcDeKSiOxMbrnzPSf4ji-WPNY=s4800-w800,https://map.naver.com/p/entry/place/1741339375,극 중 회귀한 이한영이 연쇄살인범 김상진을 판결하는 법정 장면,https://kdramamap.com/location/%ed%8c%90%ec%82%ac%ec%9d%b4%ed%95%9c%ec%98%81-%ec%a1%b0%ec%9d%b4%eb%a7%88%eb%8b%b9%ec%8a%a4%ed%8a%9c%eb%94%94%ec%98%a4-17639/,2026-07-28,,15,,,Lee Jae-jin,https://image.tmdb.org/t/p/w500/AnfCTqCrcrKqRO1HNJEFpt6oiIx.jpg,판사이한영,4,8,53,50.0,9,N,,,Y,언급2회이상_작품내상위15,정승길_v4,
st_18546,판사이한영,Judge Lee Han-young,drama,지성;원진아,운보의집,관광지,충북 청주시 청원구 내수읍 형동2길 92-41,36.691933,127.565063,https://lh3.googleusercontent.com/place-photos/AG9NLjAmloBrzj_4GHBEavuztjuXzh-I6lF3bZvhwBtPxbRGKKk9qr85bCsbi5iwRRcBGGiqrCDdBJoZXmSpLZG1_b0DN86j0cRYpTIQf7S944lF0dI4Hk36A_FhA4gQ1VVUSGdzpNLbqFhWdYuOKr0=s4800-w800,https://map.naver.com/p/entry/place/11797270,전직 대통령 박광토의 자택 '수오재' 외관으로 등장,https://kdramamap.com/location/%ed%8c%90%ec%82%ac%ec%9d%b4%ed%95%9c%ec%98%81-%ec%9a%b4%eb%b3%b4%ec%9d%98%ec%a7%91-17673/;https://blog.naver.com/hsc_one1/224166264978,2026-07-28,,15,,,Lee Jae-jin,https://image.tmdb.org/t/p/w500/AnfCTqCrcrKqRO1HNJEFpt6oiIx.jpg,판사이한영,4,6,53,50.0,10,N,,,Y,언급2회이상_작품내상위15,정승길_v4,
st_18494,판사이한영,,drama,지성;원진아,현대시장,시장,인천 제물포구 송림동 50-97,37.477150,126.645343,https://lh3.googleusercontent.com/place-photos/AG9NLjBG8LU7wbMk7V31zNdaXhxJ_kvoTt30jDBwCUC_IQiLdTBazq63PG-F95fTcx0lc6sPdmZjZtnubHlMFmlJKOXIu5rsEs7sWRtt3MEv3tWdAv9-uMYLfPHGuQlB-aWNgfmv-cKH1bwjS__Xaw=s4800-w800,https://map.naver.com/p/entry/place/13345643,극 중 이한영과 판벤져스 원팀이 함께 회식하는 시장 장면,https://kdramamap.com/location/%ed%8c%90%ec%82%ac%ec%9d%b4%ed%95%9c%ec%98%81-%ed%98%84%eb%8c%80%ec%8b%9c%ec%9e%a5-17621/,2026-07-28,,15,,,Lee Jae-jin,https://image.tmdb.org/t/p/w500/AnfCTqCrcrKqRO1HNJEFpt6oiIx.jpg,판사이한영,4,6,53,50.0,11,N,,,Y,언급2회이상_작품내상위15,정승길_v4,
st_18542,판사이한영,,drama,지성;원진아,라센트라,,경기 용인시 처인구 이동읍 기흥단지로 579-1,37.221219,127.151722,https://lh3.googleusercontent.com/place-photos/AG9NLjBtZ7XYjMdNIr4413YkY4muuj541_z1jha4gSjhpjqYkUH2y7AOwGbCrViVktuiplOsGHGbA5ZoZrGOh2TnuYn7_lv-obfgSDCu66dQ1I9Pcnue5RXZb3dYUV70G6KYCzHSADGSZHt24rR38Q=s4800-w800,https://map.naver.com/p/entry/place/1953972467,1화에서 이한영의 아버지가 입원해 있는 요양원으로 등장하는 장면,https://kdramamap.com/location/%ed%8c%90%ec%82%ac%ec%9d%b4%ed%95%9c%ec%98%81-%eb%9d%bc%ec%84%bc%ed%8a%b8%eb%9d%bc-17669/,2026-07-28,,15,,,Lee Jae-jin,https://image.tmdb.org/t/p/w500/AnfCTqCrcrKqRO1HNJEFpt6oiIx.jpg,판사이한영,3,6,53,37.5,12,N,,,Y,언급2회이상_작품내상위15,정승길_v4,
st_18472,판사이한영,,drama,지성;원진아,반포한강공원,공원,서울 서초구 반포동 115-5,37.509646,126.995132,https://lh3.googleusercontent.com/place-photos/AG9NLjDmpXcgb1Iiw_jDlTmGCGlKGoeMCf6Mzuu9o-Fpx9Koj9lynz-Dp1tIHTi7s-iD51t9ePZou8I5JHTaWpz725G_ZYXNS5bc9mLgrZntqt1dG4WfgVv2jGlNyxV6iuooTuihL6NA82y1oT7lXlc_FB9eLA=s4800-w619,https://map.naver.com/p/entry/place/13416963,극 중 이한영이 혼자 조깅하며 생각을 정리하는 한강변 장면,https://kdramamap.com/location/%ed%8c%90%ec%82%ac%ec%9d%b4%ed%95%9c%ec%98%81-%eb%b0%98%ed%8f%ac%ed%95%9c%ea%b0%95%ea%b3%b5%ec%9b%90-17599/,2026-07-28,,15,,,Lee Jae-jin,https://image.tmdb.org/t/p/w500/AnfCTqCrcrKqRO1HNJEFpt6oiIx.jpg,판사이한영,3,5,53,37.5,13,N,,,Y,언급2회이상_작품내상위15,정승길_v4,
st_18483,판사이한영,,drama,지성;원진아,대림자원,,인천 남동구 용천로4번길 43-6,37.449870,126.716771,https://lh3.googleusercontent.com/place-photos/AG9NLjBI0Fus1Mggr87KDzOAKr6PaPuakowyLFqMsGYKYuZFtxLIyc1cxpaPJRpdVzLIK_UxgDfo_DhoWB2sUSKrTY2MuOSYodvXzaQHmCZBnd8JDzXBo2W2hALYp-jmh4gULd5mnDv-DMSgBViE-jg=s4800-w800,https://map.naver.com/p/entry/place/16826046,3화에서 한영의 부모님이 운영하는 한들고물상으로 등장한다.,https://kdramamap.com/location/%ed%8c%90%ec%82%ac%ec%9d%b4%ed%95%9c%ec%98%81-%eb%8c%80%eb%a6%bc%ec%9e%90%ec%9b%90-17610/,2026-07-28,,15,,,Lee Jae-jin,https://image.tmdb.org/t/p/w500/AnfCTqCrcrKqRO1HNJEFpt6oiIx.jpg,판사이한영,2,5,53,25.0,15,N,,,Y,언급2회이상_작품내상위15,정승길_v4,
st_20912,폭군의 셰프,Bon Appetit Your Majesty,drama,임윤아;이채민,고산정,정자/문화유적,경북 안동시 도산면 가송길 177-42,36.7676870297818,128.892122846986,https://lh3.googleusercontent.com/place-photos/AG9NLjBrn0SIswHCRNuuVW9iKuBk0vtCdxyGcMUbougotX1QInJuJL0KJy6nWRzcM1F1YlKChlq4lFhm1GbEGbCFvnkPr2M4w7Izs1ygIrA0IEr8HX5-JmOBTu0SfQhJmPnVzSOlr3L0kOAXVQHS=s4800-w800,https://map.naver.com/p/entry/place/20099479,1화에서 연지영과 이헌이 처음 만나는 장소로 등장하는 장면,https://smap.co.kr/contents/bon-appetit-your-majesty;https://www.winkyblacky.com/i/폭군의-셰프-촬영지-장소/,2026-07-30,96,8,,,장태유,https://image.tmdb.org/t/p/w500/kqFofZ0hOQ7Y3VUQQ59lpHaCJpM.jpg,폭군의셰프,12,89,30,100.0,1,N,,,Y,언급2회이상_작품내상위15,정승길_v4,
st_18781,폭군의셰프,Bon Appetit Your Majesty,drama,임윤아;이채민,쁘띠프랑스,관광명소,경기 가평군 청평면 호반로 1063,37.715028,127.490720,https://lh3.googleusercontent.com/place-photos/AG9NLjDmMyOsXNUq-1wZKSiVyxdAS-5ncOxmsghwy9vn2Z_QbWiGL_XUNs0CTzoqJQDs6dOY6zJclGzyTlm3Zl379UAGoqRZATmZgXeRcrpRmlDTNZ48W9lWV9CxVkcnnUxEcTuFvfm0ALgR80Z16g=s4800-w800,https://map.naver.com/p/entry/place/12913212,드라마에서는 주인공 윤아 셰프(조선의 대령숙수)가 유럽 유학 시절을 회상하는 장면의 배경으로 쁘띠프랑스가 나왔다고 해요.,https://kdramamap.com/location/%ed%8f%ad%ea%b5%b0%ec%9d%98%ec%85%b0%ed%94%84-%ec%81%98%eb%9d%a0%ed%94%84%eb%9e%91%ec%8a%a4-16521/;https://www.winkyblacky.com/i/폭군의-셰프-촬영지-장소/,2026-07-28,96,8,,,장태유,https://image.tmdb.org/t/p/w500/kqFofZ0hOQ7Y3VUQQ59lpHaCJpM.jpg,폭군의셰프,10,58,30,83.3,2,N,,,Y,언급2회이상_작품내상위15,블로그크롤링_2026-08-01,https://blog.naver.com/surrol/224027980660
st_18775,폭군의셰프,Bon Appetit Your Majesty,drama,임윤아;이채민,부안영상테마파크,테마파크,전북 부안군 변산면 격포로 309-64,35.621797,126.485367,https://lh3.googleusercontent.com/place-photos/AG9NLjBUVgtKqiPVy8vxY4OJfbIKaxTg71OWE8lBJxc9LIeh-OtWW7lGzqF-_-AW3K6XaN9aOVbpvj7S_PuW5nyPC1T-6Et_hqsigbVdfEgEvB4BjEUm5Ui6KCTdgYBPsNanwsMOqeSgzadzm7JIXg=s4800-w800,https://map.naver.com/p/entry/place/1096343920,4화에서 지영이 숙수들과 요리경합을 하는 봉덕궁 자경전으로 등장하는 곳,https://kdramamap.com/location/%ed%8f%ad%ea%b5%b0%ec%9d%98%ec%85%b0%ed%94%84-%eb%b6%80%ec%95%88%ec%98%81%ec%83%81%ed%85%8c%eb%a7%88%ed%8c%8c%ed%81%ac-16524/;https://www.winkyblacky.com/i/폭군의-셰프-촬영지-장소/,2026-07-28,96,8,,,장태유,https://image.tmdb.org/t/p/w500/kqFofZ0hOQ7Y3VUQQ59lpHaCJpM.jpg,폭군의셰프,10,24,30,83.3,3,N,,,Y,언급2회이상_작품내상위15,정승길_v4,
st_18783,폭군의셰프,Bon Appetit Your Majesty,drama,임윤아;이채민,문경새재 오픈세트장,세트장,경북 문경시 문경읍 새재로 1037,36.770713,128.073952,https://lh3.googleusercontent.com/place-photos/AG9NLjBHNSIiY9b6wSTqkSSM7sgFZy-typNG9luM93NoHoOtlEnqrU_Z-ud50p5ZtMq4x0S-S7wMr7d71vqEQ50YkuWxpBNWUufDf-__ZNFoQc9ASCf-v3a-bO_jTmYs48Q-vT-dFPmYHTb8S6q-oNQ=s4800-w800,https://map.naver.com/p/entry/place/37844946,2화에서 이헌이 지영을 잡아와 목주에게 보여주는 봉덕궁으로 등장하는 곳,https://kdramamap.com/location/%ed%8f%ad%ea%b5%b0%ec%9d%98%ec%85%b0%ed%94%84-%eb%ac%b8%ea%b2%bd%ec%83%88%ec%9e%ac-%ec%98%a4%ed%94%88%ec%84%b8%ed%8a%b8%ec%9e%a5-16525/;https://smap.co.kr/contents/bon-appetit-your-majesty;https://www.winkyblacky.com/i/폭군의-셰프-촬영지-장소/,2026-07-28,96,8,,,장태유,https://image.tmdb.org/t/p/w500/kqFofZ0hOQ7Y3VUQQ59lpHaCJpM.jpg,폭군의셰프,8,14,30,66.7,4,N,,,Y,언급2회이상_작품내상위15,정승길_v4,
st_18785,폭군의셰프,,drama,임윤아;이채민,오봉산 마당바위,,경북 경주시 서면 천촌리 산 56,35.852592,129.048088,https://lh3.googleusercontent.com/place-photos/AG9NLjDChUzeB0AZo7QzrLbn401K7wOSnZCInqi2EI9VxPFKN4TOhLr7mCqIQ4Z5hFHref2M8LusHw_LZf7wKo4g4gNIUj0t7SgaO8tsq0Z8Z_9sigyIBD36RfW57NcKSPbJcO6RejpFzfw4qEVO=s4800-w800,,1~2화에서 이헌이 화살을 맞은 뒤 지영과 함께 절벽 아래로 추락하는 장면,https://kdramamap.com/location/%ed%8f%ad%ea%b5%b0%ec%9d%98%ec%85%b0%ed%94%84-%ec%98%a4%eb%b4%89%ec%82%b0-%eb%a7%88%eb%8b%b9%eb%b0%94%ec%9c%84-16527/,2026-07-28,96,8,,,장태유,https://image.tmdb.org/t/p/w500/kqFofZ0hOQ7Y3VUQQ59lpHaCJpM.jpg,폭군의셰프,7,11,30,58.3,6,N,,,Y,언급2회이상_작품내상위15,정승길_v4,
st_18786,폭군의셰프,,drama,임윤아;이채민,합천영상테마파크,테마파크,경남 합천군 용주면 합천호수로 757,35.548407,128.072840,https://lh3.googleusercontent.com/place-photos/AG9NLjCv95QlhIEWg6AKF3e7x2f_VFlm2cYnuBlrYHWJeWRLfu0t24rbKP_rwVvKDaAz0tlsFNtEJRaZLjb0kyZVvFFzhN-tAKY-pK0vdjjqOsnfzRlOx8tAVfwftPLg9UXCQOh4fW8d_msTS0Brpxg=s4800-w800,https://map.naver.com/p/entry/place/13291032,1화에서 지영이 근대 경성 배경에서 조선시대로 타임슬립하는 장면이 촬영된 세트장,https://kdramamap.com/location/%ed%8f%ad%ea%b5%b0%ec%9d%98%ec%85%b0%ed%94%84-%ed%95%a9%ec%b2%9c%ec%98%81%ec%83%81%ed%85%8c%eb%a7%88%ed%8c%8c%ed%81%ac-16528/,2026-07-28,96,8,,,장태유,https://image.tmdb.org/t/p/w500/kqFofZ0hOQ7Y3VUQQ59lpHaCJpM.jpg,폭군의셰프,7,9,30,58.3,7,N,,,Y,언급2회이상_작품내상위15,정승길_v4,
st_20914,폭군의 셰프,Bon Appetit Your Majesty,drama,임윤아;이채민,담양 존현각,사극오픈세트장,전남 담양군 담양읍 메타세쿼이아로 67,35.3257036878979,127.009406877323,,,1화에서 지영이 만든 음식을 맛본 연희군이 그녀를 수라간 대령숙수로 임명하는 장면,https://www.winkyblacky.com/i/폭군의-셰프-촬영지-장소/,2026-07-30,96,8,,,장태유,https://image.tmdb.org/t/p/w500/kqFofZ0hOQ7Y3VUQQ59lpHaCJpM.jpg,폭군의셰프,4,10,30,33.3,8,N,,,Y,언급2회이상_작품내상위15,정승길_v4,
st_18782,폭군의셰프,,drama,임윤아;이채민,용인대장금파크,,경기 용인시 처인구 백암면 용천드라마길 25,37.119444,127.337089,https://lh3.googleusercontent.com/place-photos/AG9NLjCT1kZTB6B9tA9qR39FVdoY89yCB6pn5kV56bze5R3HChMbEWzfMUQ3Cl5Htamjyt44GLCgbK10Lh5A4_iZS3Llnrz3nKkVKZCUdylxiZ482muTL29rv2rYv4_bafEmQiMUNFTbmAAzcQaKo_4=s4800-w800,https://map.naver.com/p/entry/place/13523487,극 중 후궁 처소와 궁궐 배경 한양 시장 장터로 등장하는 곳,https://kdramamap.com/location/%ed%8f%ad%ea%b5%b0%ec%9d%98%ec%85%b0%ed%94%84-%ec%9a%a9%ec%9d%b8%eb%8c%80%ec%9e%a5%ea%b8%88%ed%8c%8c%ed%81%ac-16522/,2026-07-28,96,8,,,장태유,https://image.tmdb.org/t/p/w500/kqFofZ0hOQ7Y3VUQQ59lpHaCJpM.jpg,폭군의셰프,4,6,30,33.3,9,N,,,Y,언급2회이상_작품내상위15,정승길_v4,
st_18780,폭군의셰프,Bon Appetit Your Majesty,drama,임윤아;이채민,벽초지수목원,자연/명소,경기 파주시 광탄면 부흥로 242,37.801426,126.874055,https://lh3.googleusercontent.com/place-photos/AG9NLjC__lCHFuceAtlGHKlBKme3lloH6e7yaw0jcHcAmZnjnTFLE2u61TqK4I71D7E4wrXO-PNM1onc7Ha_stdVSV-iA-JVJwIVwyVpDiKzKyoqpG6IPVfQSnawe77qdlJXbddlteSiWj14qjAJHw=s4800-w800,https://map.naver.com/p/entry/place/11631797,8화에서 당백룡이 만든 연밥을 맛본 뒤 두 사람이 함께하는 장면이 촬영된 정원,https://kdramamap.com/location/%ed%8f%ad%ea%b5%b0%ec%9d%98%ec%85%b0%ed%94%84-%eb%b2%bd%ec%b4%88%ec%a7%80%ec%88%98%eb%aa%a9%ec%9b%90-16520/;https://smap.co.kr/contents/bon-appetit-your-majesty,2026-07-28,96,8,,,장태유,https://image.tmdb.org/t/p/w500/kqFofZ0hOQ7Y3VUQQ59lpHaCJpM.jpg,폭군의셰프,3,9,30,25.0,10,N,,,Y,언급2회이상_작품내상위15,정승길_v4,
st_20915,폭군의 셰프,Bon Appetit Your Majesty,drama,임윤아;이채민,경복궁,고궁,서울 종로구 사직로 161,37.577613288258206,126.97689786832184,https://lh3.googleusercontent.com/place-photos/AG9NLjBUiIWrL3Ivwic4zEXOIs9tKbr87fqN3COsGxAPHmMETc80oLtsfTxNAuvZXco9oZcjT5WrM5mMAp_HTlAxxjBT5JhSOyoZCWHq1XlBrA3kqlQES-JmSahM3dSyszmIbDlwaOZtmJLILJ96i50=s4800-w800,https://map.naver.com/p/entry/place/11571707,,https://www.winkyblacky.com/i/폭군의-셰프-촬영지-장소/,2026-07-30,96,8,,,장태유,https://image.tmdb.org/t/p/w500/kqFofZ0hOQ7Y3VUQQ59lpHaCJpM.jpg,폭군의셰프,2,8,30,16.7,11,N,,,Y,언급2회이상_작품내상위15,,
st_18852,폭싹 속았수다,When Life Gives You Tangerines,drama,아이유;박보검;문소리;박해준,성산일출봉,자연/명소,제주 서귀포시 성산읍 성산리 78,33.459165,126.939440,https://lh3.googleusercontent.com/place-photos/AG9NLjAjl76u7PXBPuB6tbhvEQ6l0VzHdmFRZaSaP9drNwuSk_13MxWiY0VL3lx8kBF-tDEkpQdlp1ZMFev5g6i9oU4M2KdxQGIDC6AN_JVfob9HiRDzWBFFBuMnSpQzq60Oww8Y4S1Pmk1S0PaCqA=s4800-w800,https://map.naver.com/p/entry/place/11491438,애순이 시댁 식구 앞에서 강제로 삼천배를 올리던 장면이 촬영된 곳이다.,https://kdramamap.com/location/%ed%8f%ad%ec%8b%b9-%ec%86%8d%ec%95%98%ec%88%98%eb%8b%a4-%ec%84%b1%ec%82%b0%ec%9d%bc%ec%b6%9c%eb%b4%89-16595/;https://d-travel.tistory.com/entry/폭싹-속았수다-제주도-촬영지-총정리;https://travelmapjourney.com/poksak-filming-location-travel/,2026-07-28,1,,,,김원석,https://image.tmdb.org/t/p/w500/koMkV9qm0PEZHDmX5dRpBpMH1FY.jpg,폭싹속았수다,24,62,79,100.0,1,N,,,Y,언급2회이상_작품내상위15,정승길_v4,
st_20920,폭싹 속았수다,When Life Gives You Tangerines,drama,아이유;박보검;문소리,고창 학원농장,유채꽃밭·청보리밭 관광농원,전북특별자치도 고창군 공음면 학원농장길 150,35.375391,126.543230,https://lh3.googleusercontent.com/place-photos/AG9NLjB0VkUMbuY0gYHwbaEj7WoIp1UDwTzaM4eiQlUeCNa8ZWZ3JoutRGBIaQweJfwDcVVEuCGVayT5QQm-141Uci8xurxpevnPYtxG37MZxi7-o-zdUfUPpavPB7S_CxetMTIOfeVVcKNv1PV3=s4800-w800,,애순과 관식의 첫 키스 장면이 노란 유채꽃밭에서 촬영됐다,https://travelmapjourney.com/poksak-filming-location-travel/;https://singing3.tistory.com,2026-07-30,1,,,,김원석,https://image.tmdb.org/t/p/w500/koMkV9qm0PEZHDmX5dRpBpMH1FY.jpg,폭싹속았수다,18,39,79,75.0,2,N,,,Y,언급2회이상_작품내상위15,정승길_v4,
st_18842,폭싹 속았수다,When Life Gives You Tangerines,drama,아이유;박보검;문소리;박해준,제주목 관아,사적·옛 관아,제주 제주시 관덕로 25,33.514002,126.521804,https://lh3.googleusercontent.com/place-photos/AG9NLjB1eXT9j7IdmUzzQ4P7ykwtsnm8xlLdda67gpQYX9kiv7Ooev7aMNVu3Yld_ZgMU4y7vyasg414AtM11_3Wzh1Lj8ac7FAYr4qrgV6oHsoOiKizdc3__IPBi8Gtnus1iOvuP-kdQ_toh_QgLz0=s4800-w800,https://map.naver.com/p/entry/place/13345161,애순이 어머니를 그리며 백일장에서 시를 쓰던 장소로 등장한다.,https://kdramamap.com/location/%ed%8f%ad%ec%8b%b9-%ec%86%8d%ec%95%98%ec%88%98%eb%8b%a4-%ec%a0%9c%ec%a3%bc%eb%aa%a9-%ea%b4%80%ec%95%84-16585/;https://d-travel.tistory.com/entry/폭싹-속았수다-제주도-촬영지-총정리;https://travelmapjourney.com/poksak-filming-location-travel/,2026-07-28,1,,,,김원석,https://image.tmdb.org/t/p/w500/koMkV9qm0PEZHDmX5dRpBpMH1FY.jpg,폭싹속았수다,17,58,79,70.8,3,N,,,Y,언급2회이상_작품내상위15,정승길_v4,
st_20921,폭싹 속았수다,When Life Gives You Tangerines,drama,아이유;박보검;문소리,계산성당(주교좌계산대성당),성당·근대건축물,대구광역시 중구 서성로 10,35.867958,128.587814,https://lh3.googleusercontent.com/place-photos/AG9NLjB6TE_xBMeeq6a0OEGgSqFp87oenDeI-NUJjTj_g22BFPhlDP_sImFHYGb_G-CLGfVwfpisGZqgLpbnO7GZk26UHqZqMk6JyHRRCQfRUxoaWRK2llNfT5POwXJ6Q1nsrythFRPMzYw2AAgRtR4=s4800-w800,,금명의 결혼식 실내 장면이 촬영된 대구 대표 성당,https://www.hani.co.kr/arti/area/yeongnam/1190239.html;https://telltrip.com/domestic-travel/daegu-gyesan-cathedral/,2026-07-30,1,,,,김원석,https://image.tmdb.org/t/p/w500/koMkV9qm0PEZHDmX5dRpBpMH1FY.jpg,폭싹속았수다,13,52,79,54.2,4,N,,,Y,언급2회이상_작품내상위15,정승길_v4,
st_18845,폭싹 속았수다,When Life Gives You Tangerines,drama,아이유;박보검;문소리;박해준,오라동메밀밭,,제주 제주시 오라이동 산76,33.427159,126.505784,,https://map.naver.com/p/entry/place/1661243752,애순이 어린 금명을 업고 메밀꽃밭을 거닐던 장면의 배경이다.,https://kdramamap.com/location/%ed%8f%ad%ec%8b%b9-%ec%86%8d%ec%95%98%ec%88%98%eb%8b%a4-%ec%98%a4%eb%9d%bc%eb%8f%99%eb%a9%94%eb%b0%80%eb%b0%ad-16588/,2026-07-28,1,,,,김원석,https://image.tmdb.org/t/p/w500/koMkV9qm0PEZHDmX5dRpBpMH1FY.jpg,폭싹속았수다,13,38,79,54.2,5,N,,,Y,언급2회이상_작품내상위15,정승길_v4,
st_20916,폭싹 속았수다,When Life Gives You Tangerines,drama,아이유;박보검;문소리,김녕해수욕장,해수욕장,제주특별자치도 제주시 구좌읍 해맞이해안로 7-6,33.557439,126.759314,https://lh3.googleusercontent.com/place-photos/AG9NLjA0wtXgoY0E3-Jh74RyJYJh12_VSJDcSEZwxWjPW3FRX44HsTeWIqyMw69K4IBO5UxZKH59zZjwznpulle5T1vNGSVhiH8d8Mc1LEObHwZ9uYfpLP9c_ards1VMDQtGSCErSX8gpfGyIoznpmktRBl2cA=s4800-w800,https://map.naver.com/p/entry/place/13491485,애순의 어머니와 해녀들이 물질하는 장면이 촬영된 해변,https://d-travel.tistory.com/entry/폭싹-속았수다-제주도-촬영지-총정리;https://travelmapjourney.com/poksak-filming-location-travel/,2026-07-30,1,,,,김원석,https://image.tmdb.org/t/p/w500/koMkV9qm0PEZHDmX5dRpBpMH1FY.jpg,폭싹속았수다,12,25,79,50.0,6,N,,,Y,언급2회이상_작품내상위15,정승길_v4,
st_18838,폭싹 속았수다,When Life Gives You Tangerines,drama,아이유;박보검;문소리;박해준,가실성당,성당,경북 칠곡군 왜관읍 가실1길 1,35.936619,128.405353,https://lh3.googleusercontent.com/place-photos/AG9NLjCgpeaTBtzZv9W5YorafqGgy-tjXhTTzeKnXyP27z6l3eaGbHd0G7EqOAPcBbHbmdSIfaMXISz9jbzwH0ywyMCH-0JIlvA-OtPhAvutmgV7rY4sw48PFl2W8ecOTwLDIirUQNgpyUT4WWSOqw=s4800-w800,https://map.naver.com/p/entry/place/13144504,금명과 충섭의 결혼식 기념사진을 촬영한 성당 장면이 담긴 곳.,https://kdramamap.com/location/%ed%8f%ad%ec%8b%b9-%ec%86%8d%ec%95%98%ec%88%98%eb%8b%a4-%ea%b0%80%ec%8b%a4%ec%84%b1%eb%8b%b9-16580/;https://m.blog.naver.com/lmykys/223896056207;https://jjang1743.tistory.com,2026-07-28,1,,,,김원석,https://image.tmdb.org/t/p/w500/koMkV9qm0PEZHDmX5dRpBpMH1FY.jpg,폭싹속았수다,10,75,79,41.7,7,N,,,Y,언급2회이상_작품내상위15,정승길_v4,
st_18839,폭싹 속았수다,When Life Gives You Tangerines,drama,아이유;박보검;문소리;박해준,운문사,,경북 청도군 운문면 운문사길 264,35.661720,128.960380,https://lh3.googleusercontent.com/place-photos/AG9NLjBxHls2dZiwpF_-Zkp2ASnEWk2_oKu3RvwuVnMHCYwRtNK6HSHES4e1tTyAXGq5hzxXHKScdyqeS2kV-vSayrMYfqQrYrgmnqnaueB4FdX9V1qJz1P74-BKNpXg6t2COKEUcI4OSeq-kxsM=s4800-w800,https://map.naver.com/p/entry/place/12758643,안동·칠곡 로케이션과 함께 극중 배경으로 등장한 청도의 사찰.,https://kdramamap.com/location/%ed%8f%ad%ec%8b%b9-%ec%86%8d%ec%95%98%ec%88%98%eb%8b%a4-%ec%9a%b4%eb%ac%b8%ec%82%ac-16581/,2026-07-28,1,,,,김원석,https://image.tmdb.org/t/p/w500/koMkV9qm0PEZHDmX5dRpBpMH1FY.jpg,폭싹속았수다,8,24,79,33.3,8,N,,,Y,언급2회이상_작품내상위15,정승길_v4,
st_20917,폭싹 속았수다,When Life Gives You Tangerines,drama,아이유;박보검;문소리,오라동 메밀꽃밭,메밀꽃밭·포토존,제주특별자치도 제주시 오라이동 산 76,33.426905,126.505261,,https://map.naver.com/p/entry/place/1661243752,애순과 관식이 메밀꽃밭에서 마주하는 로맨틱한 장면이 촬영됐다,https://d-travel.tistory.com/entry/폭싹-속았수다-제주도-촬영지-총정리,2026-07-30,1,,,,김원석,https://image.tmdb.org/t/p/w500/koMkV9qm0PEZHDmX5dRpBpMH1FY.jpg,폭싹속았수다,8,18,79,33.3,9,N,,,Y,언급2회이상_작품내상위15,정승길_v4,
st_18831,폭싹 속았수다,When Life Gives You Tangerines,drama,아이유;박보검;문소리;박해준,광주극장,단관 극장·문화시설,전남광주통합특별시 동구 충장로5가 62-2,35.150479,126.912433,https://lh3.googleusercontent.com/place-photos/AG9NLjCkmyfk07rri9f8uSBei26txPKyqQpNikM9Z-xSzdFaD8xyFNcOrGT2QXLLOJJpIHJfGIO0ejYBBnoqnTVcNxOpbbKUJpNnmZqjhMThO73TsII_-Sz7lfYShJEdXIHg4oqWHPvkB-UBVjuVattWBdQsoA=s4800-w800,https://map.naver.com/p/entry/place/11830496,9~10화에서 금명(아이유)이 매표 아르바이트를 하던 '깐느극장'으로 등장한 곳.,https://kdramamap.com/location/%ed%8f%ad%ec%8b%b9-%ec%86%8d%ec%95%98%ec%88%98%eb%8b%a4-%ea%b4%91%ec%a3%bc%ea%b7%b9%ec%9e%a5-16573/;https://www.joongang.co.kr/article/25325107;https://m.mdilbo.com/newsroom/5646956,2026-07-28,1,,,,김원석,https://image.tmdb.org/t/p/w500/koMkV9qm0PEZHDmX5dRpBpMH1FY.jpg,폭싹속았수다,7,20,79,29.2,10,N,,,Y,언급2회이상_작품내상위15,정승길_v4,
st_18851,폭싹 속았수다,When Life Gives You Tangerines,drama,아이유;박보검;문소리;박해준,해맞이해안로(토끼섬입구쪽),,제주 제주시 구좌읍 하도리 385-12,33.522083,126.898861,https://lh3.googleusercontent.com/place-photos/AG9NLjAPNUcrQmVsp4fxWVY8o9lta0f0U90KUvVfLlsiYs7gDNNueYX9Bi5qqwltPUXiQHvLx778GC1Gar9-tK2-iKWBPTHCSdzdhd30ndgxLPDopCBfiLm82vL8cEo6BIxy7uUNyA9W4CUkFTwtLilySVGX-A=s4800-w800,,관식과 은명이 오징어회를 배달하러 가던 해안도로로 등장한다.,https://kdramamap.com/location/%ed%8f%ad%ec%8b%b9-%ec%86%8d%ec%95%98%ec%88%98%eb%8b%a4-%ed%95%b4%eb%a7%9e%ec%9d%b4%ed%95%b4%ec%95%88%eb%a1%9c-%ed%86%a0%eb%81%bc%ec%84%ac%ec%9e%85%ea%b5%ac%ec%aa%bd-16594/,2026-07-28,1,,,,김원석,https://image.tmdb.org/t/p/w500/koMkV9qm0PEZHDmX5dRpBpMH1FY.jpg,폭싹속았수다,7,12,79,29.2,11,N,,,Y,언급2회이상_작품내상위15,정승길_v4,
st_18836,폭싹 속았수다,When Life Gives You Tangerines,drama,아이유;박보검;문소리;박해준,호민저수지,자연/명소,경북 안동시 풍천면 가곡리 964,36.565548,128.513834,,https://map.naver.com/p/entry/place/37784280,안동 풍천면에 세워졌던 제주 마을 세트가 촬영된 저수지 일대이다.,https://kdramamap.com/location/%ed%8f%ad%ec%8b%b9-%ec%86%8d%ec%95%98%ec%88%98%eb%8b%a4-%ed%98%b8%eb%af%bc%ec%a0%80%ec%88%98%ec%a7%80-16578/,2026-07-28,1,,,,김원석,https://image.tmdb.org/t/p/w500/koMkV9qm0PEZHDmX5dRpBpMH1FY.jpg,폭싹속았수다,7,10,79,29.2,12,N,,,Y,언급2회이상_작품내상위15,정승길_v4,
st_20919,폭싹 속았수다,When Life Gives You Tangerines,drama,아이유;박보검;문소리,제주돌문화공원,테마공원·전시관,제주특별자치도 제주시 조천읍 남조로 2023,33.448562,126.660273,https://lh3.googleusercontent.com/place-photos/AG9NLjD03841oi4U3xyBza1iJyRvol1ZJrkLlWfKqm96uQCoTKsHoYBmC7EnOkSHRAZk2rJMZ21orG121ScptXWl6l9kEfmbuVV79-OSbgTHCBusjm0zr78ymrso46tbGtv-LaY3L6LmvzhqorczDrIN2hhyNg=s4800-w800,https://map.naver.com/p/entry/place/13350575,10화에서 어린 애순이 뛰어가는 장면이 돌문화공원에서 촬영됐다,https://m.blog.naver.com/flor04/223946538638;https://www.segye.com/newsView/20251022515932,2026-07-30,1,,,,김원석,https://image.tmdb.org/t/p/w500/koMkV9qm0PEZHDmX5dRpBpMH1FY.jpg,폭싹속았수다,6,17,79,25.0,13,N,,,Y,언급2회이상_작품내상위15,정승길_v4,
st_18834,폭싹 속았수다,When Life Gives You Tangerines,drama,아이유;박보검;문소리;박해준,청심국제해양청소년수련원,청소년수련원·해양리조트,전남광주통합특별시 여수시 화양면 장수로 183-5,34.645598,127.610366,https://lh3.googleusercontent.com/place-photos/AG9NLjCviTcrO--o3BBGKsXCOGBiComIJiEO0sMXE9EmkVfdC8gbcEZOYaf4gv98XZD3quH82NAMCGiM3f9aYWHLB4KGP7le1NNdN-OxfNHy9c_XPQlWmsZTbX38yXEVe3-9VIC5JcRfUNAbgme2Yio=s4800-w800,https://map.naver.com/p/entry/place/1564589819,나이 든 애순이 지내는 요양원 장면의 배경으로 촬영된 곳이다.,https://kdramamap.com/location/%ed%8f%ad%ec%8b%b9-%ec%86%8d%ec%95%98%ec%88%98%eb%8b%a4-%ec%b2%ad%ec%8b%ac%ea%b5%ad%ec%a0%9c%ed%95%b4%ec%96%91%ec%b2%ad%ec%86%8c%eb%85%84%ec%88%98%eb%a0%a8%ec%9b%90-16576/;https://www.여수뉴스.kr;https://www.pressian.com,2026-07-28,1,,,,김원석,https://image.tmdb.org/t/p/w500/koMkV9qm0PEZHDmX5dRpBpMH1FY.jpg,폭싹속았수다,6,13,79,25.0,14,N,,,Y,언급2회이상_작품내상위15,정승길_v4,
st_20918,폭싹 속았수다,When Life Gives You Tangerines,drama,아이유;박보검;문소리,섭지코지,해안 관광지,제주특별자치도 서귀포시 성산읍 섭지코지로 107,33.423938,126.930609,https://lh3.googleusercontent.com/place-photos/AG9NLjA6W8M2puyD2uQNjmv9JScSI3oB5nFaHFTA0Dbe-IrIdD-ZDLvYsmQqH5XAfEtIVrxcG53EJhEHExSdAKzkCjCDJGIJubhuptFMH9fzOniHCV8d_ICmKkWyZF2MHUIiKacr5zCXt4Nb9Hfyhw=s4800-w800,https://map.naver.com/p/entry/place/13490878,,https://dangoon.co.kr/entry/폭싹-속았수다-제주도-촬영지-코스-완벽-정리;https://www.hansbiz.co.kr,2026-07-30,1,,,,김원석,https://image.tmdb.org/t/p/w500/koMkV9qm0PEZHDmX5dRpBpMH1FY.jpg,폭싹속았수다,5,10,79,20.8,15,N,,,Y,언급2회이상_작품내상위15,,
st_20925,피노키오,Pinocchio,drama,이종석;박신혜;김영광,청산도 서편제길,섬길/산책로,전남 완도군 청산면 당락리 일대,34.1722045546,126.8623006663,https://lh3.googleusercontent.com/place-photos/AG9NLjBhoFTvXcr02FOesfGR0OHpY_t5jZ913qRi0OvdpPwogaOZkrrkiksAN-4fYNz1QSDUP-pQEkDP25-bmhGx1Hp9hQ88CHDNq8jytlRBHBkxWNDxgsm74Jt_pVXG5r67sGZ5P1iPrbNDsTJIkbg=s4800-w800,,1~2화에서 달포와 인하가 손수레 자전거를 타고 등교하는 장면,https://blog.naver.com/chungsanhuga/220454209868;https://www.trazy.com/theme/pinocchio;https://www.namdokorea.com/tour/drama/dramaView.do?areaCd=0005&dramaId=0000000017&language=EN&menuCd=TE002001006,2026-07-30,56,,,,Jo Soo-won,https://image.tmdb.org/t/p/w500/qqB4ftImSYUVAhreLeO8TY0FkDX.jpg,피노키오,1,2,27,100.0,1,N,,,Y,언급부족_데이터품질기준보존,정승길_v4,
st_19058,피노키오,Pinocchio,drama,이종석;박신혜,SBS프리즘타워,명소,서울 마포구 상암산로 82,37.579716,126.892774,https://lh3.googleusercontent.com/place-photos/AG9NLjBqJC2GBH_yB9qqRt132n7rzfV6kCClpXao2KuS_UArw5-H-7BH9QcBQpBTqpjG1ksopVb1WSMiIW39uPvmT7SXIEWPIYJbBc7guuiQ9ObdSc8-2VZrQgtYpT1XSNlw5CFH4Zv6_iRhIxTlVw=s4800-w800,https://map.naver.com/p/entry/place/18809476,드라마에서 'MSC 빌딩' 으로 등장한다,https://kdramamap.com/location/%ed%94%bc%eb%85%b8%ed%82%a4%ec%98%a4-sbs%ed%94%84%eb%a6%ac%ec%a6%98%ed%83%80%ec%9b%8c-2526/,2026-07-28,56,,,,Jo Soo-won,https://image.tmdb.org/t/p/w500/qqB4ftImSYUVAhreLeO8TY0FkDX.jpg,피노키오,0,0,27,0.0,8,N,,,Y,언급부족_데이터품질기준보존,정승길_v4,
st_19077,피노키오,Pinocchio,drama,이종석;박신혜,신세계백화점,쇼핑,서울 중구 소공로 63,37.560919,126.980979,https://lh3.googleusercontent.com/place-photos/AG9NLjAP-4FbtdB358sNQchYrVQWvr8szVnOeVpR6AEIFvf0xGGKE0DJUgpRTKVSwu0VhACuyAMQiE5XroC-GSZx-SCTPCZdxJhlO6fGGuZD5ypZ6JAdVxRp0IexBiYv_3GJF7BzKxPkJvMgXpXJmw=s4800-w800,https://map.naver.com/p/entry/place/1105054687,8회에서 기하명(이종석)과 최인하(박신혜)의 키스가 있었던 곳.,https://kdramamap.com/location/%ed%94%bc%eb%85%b8%ed%82%a4%ec%98%a4-%ec%8b%a0%ec%84%b8%ea%b3%84%eb%b0%b1%ed%99%94%ec%a0%90-2545/,2026-07-28,56,,,,Jo Soo-won,https://image.tmdb.org/t/p/w500/qqB4ftImSYUVAhreLeO8TY0FkDX.jpg,피노키오,0,0,27,0.0,22,N,,,Y,언급부족_데이터품질기준보존,정승길_v4,
mv_5884_02,한산: 용의 출현,Hansan: Rising Dragon,movie,박해일;변요한;안성기;손현주;김성규,흥국사,관광명소,전남광주통합특별시 여수시 흥국사길 160,34.8211395359047,127.700496063595,https://lh3.googleusercontent.com/place-photos/AG9NLjAxMbrstCu0lZ3MIQT2OuXpDsA7qID7OD15d4T-EB8-NFhJUKRM3rJcniPNDPayyPuw5-4I-vUJ4-ik-zsHs8WSjVsrbRdZccN2Di5qOzhGHTbd3EEXDQgqlktxjDYqsCExNMGyAXYwOwFB_P3oYe6Veg=s4800-w800,,,https://www.jnfilm.or.kr/sys_board2/board.php?bbs_code=injeonnam&mode=view&uid=663,2026-07-31,,,7250017,,김한민,https://image.tmdb.org/t/p/w500/9zPOnQfvWJde1bLR9Y6DF1WUlnJ.jpg,한산용의출현,1,1,51,100.0,1,N,,,Y,언급부족_데이터품질기준보존,,
mv_5884_01,한산: 용의 출현,Hansan: Rising Dragon,movie,박해일;변요한;안성기;손현주;김성규,돌산진모지구 세트장,관광명소,전남광주통합특별시 여수시 돌산읍 우두리 1181,34.7142176187503,127.755174139423,,,이순신 함대와 왜군 함대의 한산도대첩 해상 전투 장면을 대형 세트에서 촬영했다,https://www.jnfilm.or.kr/sys_board2/board.php?bbs_code=injeonnam&mode=view&uid=663;https://news.yeosuro.com/@/bbs/list/10366503,2026-07-31,,,7250017,,김한민,https://image.tmdb.org/t/p/w500/9zPOnQfvWJde1bLR9Y6DF1WUlnJ.jpg,한산용의출현,0,0,51,0.0,2,N,,,Y,언급부족_데이터품질기준보존,정승길_v4,
mv_5884_04,한산: 용의 출현,Hansan: Rising Dragon,movie,박해일;변요한;안성기;손현주;김성규,전라병영성,관광명소,전남광주통합특별시 강진군 병영면 성동리 137,34.72006775952627,126.81701461467863,https://lh3.googleusercontent.com/place-photos/AG9NLjDYD4ubyF3f82p1LbVIJ8pC5izLvKF3r16mUhwM56Zj-WTg4v9Duk-Dq7LH2mecL-OaiDlVRAaWdB5asWAvUJDO4-QvUaoPuvA3-ScfO1dzd9yjdsHt3R1CMIaX-31vTthoOL3jHcLXaDVw-Q=s4800-w800,,,https://www.jnfilm.or.kr/sys_board2/board.php?bbs_code=injeonnam&mode=view&uid=663,2026-07-31,,,7250017,,김한민,https://image.tmdb.org/t/p/w500/9zPOnQfvWJde1bLR9Y6DF1WUlnJ.jpg,한산용의출현,0,0,51,0.0,4,N,,,Y,언급부족_데이터품질기준보존,,
mv_0921_01,해운대,Haeundae,movie,설경구;하지원;박중훈;엄정화;이민기,광안대교,랜드마크,부산 수영구 민락동 113-52,35.1474701651617,129.130066851959,https://lh3.googleusercontent.com/place-photos/AG9NLjBALTJ-DGuICZkcACilLzloMBs8RFYBYY3tyAhBc3NzdapvbL1pWqmfcC_O2cUXc3iFIlqqmiivvvy6vsicO3XaxOwRooQTtcci_Px-IStSUgsxAd3TXFqAzaI4YutGvcjd-PTnWekPcHwjiw=s4800-w800,https://map.naver.com/p/entry/place/12126649,쓰나미가 광안대교를 덮치며 대형 선박이 걸리고 컨테이너가 떨어지는 재난 장면,https://www.busan.go.kr/news/specnews/view?dataNo=58575&gugun=Prev,2026-07-30,,,11276049,,윤제균,https://image.tmdb.org/t/p/w500/AgWRG68qAT63wDybxNAebnbstts.jpg,해운대,35,71,107,100.0,1,N,,,Y,언급2회이상_작품내상위15,정승길_v4,
mv_0921_02,해운대,Haeundae,movie,설경구;하지원;박중훈;엄정화;이민기,해운대해수욕장,해변,부산 해운대구 우동,35.1585232170784,129.159854668484,https://lh3.googleusercontent.com/place-photos/AG9NLjDzWnzj21Vc3et4CM3_HyRKjD9gCZH4nreI6SaErD_3jcI0aUz-JgCcZ48MORek2g2uJOK6qy5NJ7iQsV5jMpZak5QzzPJpODHxc-Dd4fxu8mO_CdjTsZplBwQsCWcdGrsVLS1xKVMOxsNAoQf8GKV3Nw=s4800-w800,https://map.naver.com/p/entry/place/11491806,부산 앞바다에서 밀려온 쓰나미가 해운대 해변을 덮치는 영화의 핵심 재난 장면,https://busan.grandculture.net/Contents/Contents?RequestBy=%ED%95%AD%EB%AA%A9%EB%A7%81%ED%81%AC&contents_id=GC04212849&dataType=01&gcode=&isTreeSpread=Y,2026-07-30,,,11276049,,윤제균,https://image.tmdb.org/t/p/w500/AgWRG68qAT63wDybxNAebnbstts.jpg,해운대,30,111,107,85.7,2,N,,,Y,언급2회이상_작품내상위15,정승길_v4,
mv_0921_09,해운대,Haeundae,movie,설경구;하지원;박중훈;엄정화;이민기,동백섬,자연경관,부산 해운대구 우동 708-3,35.1539431141198,129.152289970167,https://lh3.googleusercontent.com/place-photos/AG9NLjCpTlC2KmwvczUL0D_79ZCViK5MNKGbk9DeI2ttTtsYaXI8-iR2bimguVcyKAAEbznchGdgOxbi12jkRJBK6eGH8Q5FycJbTlNaZcbN6sCDc5QABV1QVcdB-ABRABowVbjwl82U3qPylwDa=s4800-w800,https://map.naver.com/p/entry/place/11491874,유진과 휘가 국제행사 업무로 동백섬 누리마루APEC하우스에서 자주 마주치는 장면,https://busan.grandculture.net/Contents/Contents?RequestBy=%ED%95%AD%EB%AA%A9%EB%A7%81%ED%81%AC&contents_id=GC04212849&dataType=01&gcode=&isTreeSpread=Y,2026-07-30,,,11276049,,윤제균,https://image.tmdb.org/t/p/w500/AgWRG68qAT63wDybxNAebnbstts.jpg,해운대,16,26,107,45.7,3,N,,,Y,언급2회이상_작품내상위15,정승길_v4,
mv_0921_11,해운대,Haeundae,movie,설경구;하지원;박중훈;엄정화;이민기,오륙도,자연경관,부산 남구 용호동 936,35.09786081865651,129.12405810888256,https://lh3.googleusercontent.com/place-photos/AG9NLjDCTIvVspLsYEpNsSSD1XQBBflCGFJfoZLTz92hK3I-XaUWvDdvje_Xnr0RKrjjJ7tTJW1exQzdS6XLAX6wEDGkh05bhiycevGvSiS1AVHnmeiu7noZLL3rGZ-6o5BwdDAhuJG3EJ-0MrDq6w=s4800-w800,https://map.naver.com/p/entry/place/11491917,,https://busan.grandculture.net/Contents/Contents?RequestBy=%ED%95%AD%EB%AA%A9%EB%A7%81%ED%81%AC&contents_id=GC04212849&dataType=01&gcode=&isTreeSpread=Y,2026-07-30,,,11276049,,윤제균,https://image.tmdb.org/t/p/w500/AgWRG68qAT63wDybxNAebnbstts.jpg,해운대,12,48,107,34.3,4,N,,,Y,언급2회이상_작품내상위15,,
mv_0921_07,해운대,Haeundae,movie,설경구;하지원;박중훈;엄정화;이민기,해운대전통시장,상점가,부산 해운대구 구남로41번길 22-1,35.1613986341697,129.16233605367,https://lh3.googleusercontent.com/place-photos/AG9NLjBfHG_i8zNUIt7km9_FJkiuvRi00IpmZYMQSeIKWjCwmwUrAn52yu1unBYF8v156Q4n9TtW_4tsC3jWE8dcjT1Y-Zoj6xtwN9JSSIDSN2hYU3jc3Pjoa1ljRvhP0gxruK-ss9KgbfnApEVnzmyuEpiU9w=s4800-w800,https://map.naver.com/p/entry/place/1188811618,쓰나미 장면 촬영을 위해 대형 수조를 설치하고 도로를 통제해 촬영한 곳,https://www.ohmynews.com/NWS_Web/View/at_pg.aspx?CNTN_CD=A0001304097,2026-07-30,,,11276049,,윤제균,https://image.tmdb.org/t/p/w500/AgWRG68qAT63wDybxNAebnbstts.jpg,해운대,5,9,107,14.3,5,N,,,Y,언급2회이상_작품내상위15,정승길_v4,
mv_0921_03,해운대,Haeundae,movie,설경구;하지원;박중훈;엄정화;이민기,다대포해수욕장,해변,부산 사하구 다대동,35.0465263488422,128.962741189119,https://lh3.googleusercontent.com/place-photos/AG9NLjAxQ8io-IDhUI6wGnRkObWRBj0GTT2buWwVXMzNxErn2f0dcIy7Ycc6vFq38u6d45kGXqXtaU5sSIFE15AAjEdbxcVRoMw4M-jh5gEu80Kx_i51dSsCCInp5D8sV-UJLptFM_rfRfblkwM0Sw=s4800-w800,https://map.naver.com/p/entry/place/13491855,,https://busan.grandculture.net/Contents/Contents?RequestBy=%ED%95%AD%EB%AA%A9%EB%A7%81%ED%81%AC&contents_id=GC04212849&dataType=01&gcode=&isTreeSpread=Y,2026-07-30,,,11276049,,윤제균,https://image.tmdb.org/t/p/w500/AgWRG68qAT63wDybxNAebnbstts.jpg,해운대,3,7,107,8.6,6,N,,,Y,언급2회이상_작품내상위15,,
mv_1747_02,해적: 바다로 간 산적,The Pirates,movie,김남길;손예진;신정근;유해진;이경영,남양주종합촬영소,폐쇄된 종합촬영소,경기도 남양주시 조안면 북한강로855번길 138,37.6046345,127.3214505,https://lh3.googleusercontent.com/place-photos/AG9NLjCJTNWufRfw2xjvq0zCuI_y4bii6B2ZX5xY8qFzrHG6-SGFktZ5S1w8pSf4LCrwiGWS5haiMGD_DKBBm9iZa9ktU6Ta1pNG_cwgK7o0B4ZSdqC7_8M1k502uEMSXGNjtl2TTsjfB0W7R90PsDQ=s4800-w800,https://map.naver.com/p/entry/place/11863440,장사정과 여월을 비롯한 인물들이 거대한 선박 세트에서 맞붙는 클라이맥스의 4인 난전 장면,https://cine21.com/news/view/?mag_id=77528,2026-07-30,,,8625574,,이석훈,https://image.tmdb.org/t/p/w500/yMydhXOFTKPxxFBJiBMKv2JM7sl.jpg,해적바다로간산적,4,7,31,100.0,1,N,,,Y,언급2회이상_작품내상위15,정승길_v4,
mv_1747_01,해적: 바다로 간 산적,The Pirates,movie,김남길;손예진;신정근;유해진;이경영,천관산,도립공원·산,전라남도 장흥군 관산읍 칠관로 842-1150 일대,34.5316568,126.9197221,https://lh3.googleusercontent.com/place-photos/AG9NLjAV9SS51zTM--m6worO_131xQBDwiRcmhE55YH-DEQs5dlmG5Qz-Xu6mBZBQ35CAO3yNHJtoBCu3GAliC5xvrIRkMsbN6OKQX3N8PZMwLrTfSCiFXNvTrygAEkpnfNWDzsxFVKVefp0nnEBuCIlJimHCw=s4800-w800,https://map.naver.com/p/entry/place/11491532,장사정이 옥새를 찾으면 출세한다는 소식에 해적으로 전향해 수하들과 바다로 향하는 장면,https://asianwiki.com/Pirates_-_Korean_Movie,2026-07-30,,,8625574,,이석훈,https://image.tmdb.org/t/p/w500/yMydhXOFTKPxxFBJiBMKv2JM7sl.jpg,해적바다로간산적,1,1,31,25.0,2,N,,,Y,언급부족_데이터품질기준보존,정승길_v4,
mv_1747_03,해적: 바다로 간 산적,The Pirates,movie,김남길;손예진;신정근;유해진;이경영,고양아쿠아스튜디오,비공개 수중촬영 스튜디오,경기도 고양시 덕양구 통일로396번길 250,37.6742577,126.9003758,https://lh3.googleusercontent.com/place-photos/AG9NLjA7p9bmKRWQtJVnRa1GjQ8_fxf2-Gq-0Pk_hZxnzRBH9uyOqwXWv2jF8uGDYzuFF3a7aMrVh2rHddia05OjlqvdX0cFcUUC2oeCXpbQcyYLIxKMo5rOk7Gne4lWrJSu2ZS8jIPozEyTGzD8oq4=s4800-w800,https://map.naver.com/p/entry/place/21142022,산적과 해적 무리가 배 위에서 전투를 벌이는 장면을 촬영한 수조 세트장,https://www.mygoyang.com/news/articleView.html?idxno=36673,2026-07-30,,,8625574,,이석훈,https://image.tmdb.org/t/p/w500/yMydhXOFTKPxxFBJiBMKv2JM7sl.jpg,해적바다로간산적,0,0,31,0.0,3,N,,,Y,언급부족_데이터품질기준보존,정승길_v4,
st_20258,해피니스,Happiness,drama,한효주;박형식,e편한세상 옥정 더 퍼스트,아파트,경기 양주시 옥정서로1길 60,37.815549833007715,127.08491345597332,https://lh3.googleusercontent.com/place-photos/AG9NLjCgB6BzV24Z3tkZydzSY4IjtpDIH9zo0sNpWrTNUTM3xty5doYClwyfzFm49fX64SETj_kM6ZqrE1KNqjf6nQIMAoyfgEBebRrPstU1Fjp_ZIepXAp5DR6FhlXwbXnUZmSbegqTojNFKqa7Ha4=s4800-w800,https://map.naver.com/p/entry/place/639866834,"해피니스 촬영 분량의 90% 이상이 이곳에서 촬영, 커뮤니티센터·헬스장·놀이터 장면 등장",https://namu.wiki/w/해피니스(드라마),2026-07-30,39,,,,안길호,https://image.tmdb.org/t/p/w500/go3l8u9cyZXotJWqorI8jWW2Jn7.jpg,해피니스,9,16,49,100.0,1,N,,,Y,언급2회이상_작품내상위15,정승길_v4,
st_20932,호텔델루나,Hotel Del Luna,drama,이지은;여진구;이도현,목포근대역사관 1관,박물관/근대건축,전남 목포시 영산로29번길 6,34.7874986,126.3820765,https://lh3.googleusercontent.com/place-photos/AG9NLjBqKJg4IotMnTuX2shkFD-K6PoMh40invHbStMycp7hgo7oT6fsNkrOf-32SqcBYiZ5QM5Vmdb9TEn01aIFpcgPJYjBJWFDNJulXx27xXY9PF40H7tgHEu96th8CedC48GD5tWNbHhZNtxEjYg=s4800-w800,https://map.naver.com/p/entry/place/1281942881,극 중 구찬성이 신비로운 호텔 델루나의 외관을 보고 호기심을 품고 들어가는 장면,https://alienbeing.tistory.com/2256;https://kversal.com/ko/dramas/11567;https://www.imaeil.com/page/view/2019080422551069521;https://korean.visitkorea.or.kr/detail/rem_detail.do?cotid=bc6293d5-0d2c-4908-94d5-e47df8b463c3,2026-07-30,55,,,,오충환,https://image.tmdb.org/t/p/w500/uuQvLgr3xWuW5bb4LeR1jwa0G82.jpg,호텔델루나,31,122,92,100.0,1,N,,,Y,언급2회이상_작품내상위15,정승길_v4,
st_20939,호텔델루나,Hotel Del Luna,drama,이지은;여진구;이도현,성흥산성 사랑나무,유적/명소,충남 부여군 임천면 군사리 산1-1,,,,,5화에서 장만월의 과거와 인연을 보여주는 배경으로 등장하는 장면,https://alienbeing.tistory.com/2256;https://kversal.com/ko/dramas/11567;https://www.wikitree.co.kr/articles/457797,2026-07-30,55,,,,오충환,https://image.tmdb.org/t/p/w500/uuQvLgr3xWuW5bb4LeR1jwa0G82.jpg,호텔델루나,11,39,92,35.5,2,N,,,Y,언급2회이상_작품내상위15,정승길_v4,
st_19704,호텔델루나,Hotel del Luna,drama,아이유;여진구,호텔세느장,호텔/숙박,서울 종로구 돈화문로11길 28-5,37.572818,126.989821,https://lh3.googleusercontent.com/place-photos/AG9NLjA4C8a2aTVLW3yGtfLRh8r68nICYRDJpEDBWugFwtmVsQe7JdEJsUXQddMIb0oLvUc3likLWwqf5p6gXtSjUswXWK_zOnyQbqxkIrjx9mC2tAbm9eDf1tzjpKRs-B8m9oxqLIufBZVUE257rwI=s4800-w800,,과거 호텔 델루나의 촬영 장소,https://kdramamap.com/location/%ed%98%b8%ed%85%94%eb%8d%b8%eb%a3%a8%eb%82%98-%ed%98%b8%ed%85%94%ec%84%b8%eb%8a%90%ec%9e%a5-2644/,2026-07-28,55,,,,오충환,https://image.tmdb.org/t/p/w500/uuQvLgr3xWuW5bb4LeR1jwa0G82.jpg,호텔델루나,10,70,92,32.3,3,N,,,Y,언급2회이상_작품내상위15,정승길_v4,
st_20933,호텔델루나,Hotel Del Luna,drama,이지은;여진구;이도현,파라다이스시티,호텔/리조트,인천 중구 영종해안남로321번길 186,,,https://lh3.googleusercontent.com/place-photos/AG9NLjANROqMoisf0aVgPsSd8ng1hfzHRU1b7gM6sDGJcK9PdOLQ9bVLXmmpgm3nYx5jnKBuL5U45T9F8uxTcVizE999x-Taw_y-u4UXJ4GgYa5JLHu3V6YxofZyJJOYOfyefeWl0lMWiukV6QeO_bA=s4800-w800,,2화에서 구찬성이 여자 귀신을 피하려고 로열퍼시픽호텔 수영장에 빠지는 장면,https://alienbeing.tistory.com/2256,2026-07-30,55,,,,오충환,https://image.tmdb.org/t/p/w500/uuQvLgr3xWuW5bb4LeR1jwa0G82.jpg,호텔델루나,8,14,92,25.8,4,N,,,Y,언급2회이상_작품내상위15,정승길_v4,
st_19698,호텔델루나,Hotel del Luna,drama,아이유;여진구,서울책보고,명소,서울 송파구 신천동 14,37.522392,127.102982,https://lh3.googleusercontent.com/place-photos/AG9NLjA7cHDxkcnir0mNIuTazkcJZXGJTFFHRb61TA5YmzJgwz7T5_PGSfj124YlcLK8sqetz8XleePYp9ppCK0285fv4MgJdA7hBh3-cJ-9fZL7DEBVpamI94w9jLcYgZwgEF82ulQPOqRzV5TsPw=s4800-w800,https://map.naver.com/p/entry/place/1236619811,호텔델루나 내부에 있는 도서관,https://kdramamap.com/location/%ed%98%b8%ed%85%94%eb%8d%b8%eb%a3%a8%eb%82%98-%ec%84%9c%ec%9a%b8%ec%b1%85%eb%b3%b4%ea%b3%a0-2638/;https://alienbeing.tistory.com/2256;https://kversal.com/ko/dramas/11567;https://kr.people.com.cn/n3/2019/0806/c414430-9603781.html,2026-07-28,55,,,,오충환,https://image.tmdb.org/t/p/w500/uuQvLgr3xWuW5bb4LeR1jwa0G82.jpg,호텔델루나,6,16,92,19.4,5,N,,,Y,언급2회이상_작품내상위15,정승길_v4,
st_20934,호텔델루나,Hotel Del Luna,drama,이지은;여진구;이도현,망상해수욕장,해변,강원특별자치도 동해시 동해대로 6270-10,37.5922645,129.0896823,https://lh3.googleusercontent.com/place-photos/AG9NLjDVqX3dhMJX6zgnDvjC6E7SskUZBSzTWVwNTRmCLarNY4fG1er2cI1xiOj1WV57MZzuKV33GKj9riICHme0ay8_0IGRT0e1JvnbhOIkPT2OXVSa3fPKWm6bMSDSnI_FmUVFpooebccBtdHMAA=s4800-w800,https://map.naver.com/p/entry/place/11491695,6화 엔딩에서 노을 지는 해변 장면이 촬영된 망상해수욕장,https://alienbeing.tistory.com/2256,2026-07-30,55,,,,오충환,https://image.tmdb.org/t/p/w500/uuQvLgr3xWuW5bb4LeR1jwa0G82.jpg,호텔델루나,6,9,92,19.4,6,N,,,Y,언급2회이상_작품내상위15,정승길_v4,
st_19706,호텔델루나,Hotel del Luna,drama,아이유;여진구,코리아게스트하우스(복정우물),명소,서울 종로구 삼청로4길 12-1,37.582135,126.982030,,,"이 한옥은 5, 8, 12회에서 볼 수 있듯이 호텔 델루나에서 산체스의 집으로 등장한다. 여기에 구찬성(여진구)도 살고, 8화에서는 이미라(박유나)도 이사를 온다.",https://kdramamap.com/location/%ed%98%b8%ed%85%94%eb%8d%b8%eb%a3%a8%eb%82%98-%ec%bd%94%eb%a6%ac%ec%95%84%ea%b2%8c%ec%8a%a4%ed%8a%b8%ed%95%98%ec%9a%b0%ec%8a%a4-%eb%b3%b5%ec%a0%95%ec%9a%b0%eb%ac%bc-2646/,2026-07-28,55,,,,오충환,https://image.tmdb.org/t/p/w500/uuQvLgr3xWuW5bb4LeR1jwa0G82.jpg,호텔델루나,3,11,92,9.7,7,N,,,Y,언급2회이상_작품내상위15,정승길_v4,
st_20948,호텔델루나,Hotel Del Luna,drama,이지은;여진구;이도현,벽초지수목원,수목원,경기 파주시 광탄면 부흥로 242,37.8005109,126.8754409,https://lh3.googleusercontent.com/place-photos/AG9NLjC__lCHFuceAtlGHKlBKme3lloH6e7yaw0jcHcAmZnjnTFLE2u61TqK4I71D7E4wrXO-PNM1onc7Ha_stdVSV-iA-JVJwIVwyVpDiKzKyoqpG6IPVfQSnawe77qdlJXbddlteSiWj14qjAJHw=s4800-w800,https://map.naver.com/p/entry/place/11631797,왕회장 손녀딸(설리 특별출연)이 등장하는 장수주목터널 장면이 촬영됨,https://korean.visitkorea.or.kr/detail/fes_detail.do?cotid=9ffcf9ff-1b25-4abd-8268-6f3a0dc4c296;https://gnews.gg.go.kr/news/news_detail.do?number=202206101035463517C094&s_code=C094,2026-07-30,55,,,,오충환,https://image.tmdb.org/t/p/w500/uuQvLgr3xWuW5bb4LeR1jwa0G82.jpg,호텔델루나,3,2,92,9.7,8,N,,,Y,언급2회이상_작품내상위15,정승길_v4,
st_19707,호텔델루나,Hotel del Luna,drama,아이유;여진구,커피인뜨락,카페,서울 종로구 삼청로5길 11,37.582525,126.981119,,,"1화에서 구찬성(여진구)은 여자 귀신을 피해 카페 앞을 질주하고, 장만월(아이유/이지은)은 평행벽에서 균형을 잡던 중 그의 뒤를 쫓는다.",https://kdramamap.com/location/%ed%98%b8%ed%85%94%eb%8d%b8%eb%a3%a8%eb%82%98-%ec%bb%a4%ed%94%bc%ec%9d%b8%eb%9c%a8%eb%9d%bd-2647/,2026-07-28,55,,,,오충환,https://image.tmdb.org/t/p/w500/uuQvLgr3xWuW5bb4LeR1jwa0G82.jpg,호텔델루나,2,8,92,6.5,9,N,,,Y,언급2회이상_작품내상위15,정승길_v4,
st_20272,환혼,Alchemy of Souls,drama,이재욱;정소민;황민현,쌍산재,한옥/전통가옥,전남 구례군 마산면 장수길 3-2,35.215754,127.498043,https://lh3.googleusercontent.com/place-photos/AG9NLjAS5CM5OJYUNscriet7n42qp231S4TWfypFCAZQyTuMnDGGlgSaXBd0GIowjCvfLoMpgOVjSTMJ6oWc7ZeX20Dx0mlrDwxiAZxockfpGy6e8tIWHDY07992HA4FJt8ZI6k52N0FRwH28iZ2kQ=s4800-w800,https://map.naver.com/p/entry/place/11823419,"호서정 촬영지, 대나무숲길 배경으로 사용",https://www.ivisitkorea.com/alchemy-of-souls-filming-locations-in-korea/,2026-07-30,23,,,,박준화,https://image.tmdb.org/t/p/w500/pGs6UA4rPUZEokDyTwAGdRvwrAD.jpg,환혼,16,138,56,100.0,1,N,,,Y,언급2회이상_작품내상위15,정승길_v4,
st_20261,환혼,Alchemy of Souls,drama,이재욱;정소민;황민현,성흥산성(가림성),산성/유적,충남 부여군 임천면 성흥로97번길 167,36.197690,126.899638,,,"5화에서 장욱, 무덕, 서율, 박당구가 함께 등장하는 장면",https://www.ivisitkorea.com/alchemy-of-souls-filming-locations-in-korea/,2026-07-30,23,,,,박준화,https://image.tmdb.org/t/p/w500/pGs6UA4rPUZEokDyTwAGdRvwrAD.jpg,환혼,15,134,56,93.8,2,N,,,Y,언급2회이상_작품내상위15,정승길_v4,
st_20260,환혼,Alchemy of Souls,drama,이재욱;정소민;황민현,농월정,정자/관광지,경남 함양군 안의면 농월정길 9-13,35.623894,127.778435,https://lh3.googleusercontent.com/place-photos/AG9NLjCXwrfbNTlHCvz5Stt8VUwljqZA_O5ZPuF3jSIMHJjQ7C7Oln0MN7n8RNpxlIQCGZuR8shuqlVrh0NgjCjjZ_jz2c7nW2m-7oTmxxSXWxd0b4vHOm_L2xcn3icIMV6i9cWZK-FIRLGhlrowteg=s4800-w800,https://map.naver.com/p/entry/place/1866622973,"무덕과 장욱의 수련 장면, 김도주와 박진의 차담 장면 촬영지",https://www.ivisitkorea.com/alchemy-of-souls-filming-locations-in-korea/,2026-07-30,23,,,,박준화,https://image.tmdb.org/t/p/w500/pGs6UA4rPUZEokDyTwAGdRvwrAD.jpg,환혼,8,61,56,50.0,3,N,,,Y,언급2회이상_작품내상위15,정승길_v4,
st_20264,환혼,Alchemy of Souls,drama,이재욱;정소민;황민현,가산수피아,테마파크/자연경관,경북 칠곡군 가산면 학하들안2길 105,36.086109,128.485044,https://lh3.googleusercontent.com/place-photos/AG9NLjCZor_ZwUG0K7N5BEMuxEPwxMG37BcfuJx84dOMZ1kwa1STsAYfMD69eLnZzVe-_PQBp6XWPeaqJeWlhWtgL5RQGNd6Gj0Mnlmk17R8NrXZoLfWYM7V57EqRDdN905AsQIivpcMHId3pDS22J0=s4800-w800,https://map.naver.com/p/entry/place/38716372,5화에서 스승이 수레를 끌고 숲 입구로 향하는 장면(신비로운 문은 CG 합성),https://www.ivisitkorea.com/alchemy-of-souls-filming-locations-in-korea/,2026-07-30,23,,,,박준화,https://image.tmdb.org/t/p/w500/pGs6UA4rPUZEokDyTwAGdRvwrAD.jpg,환혼,6,41,56,37.5,4,N,,,Y,언급2회이상_작품내상위15,정승길_v4,
st_20274,환혼,Alchemy of Souls,drama,이재욱;정소민;황민현,문경 선유동계곡,계곡/자연경관,경북 문경시 가은읍 완장리,36.669582,127.976055,https://lh3.googleusercontent.com/place-photos/AG9NLjAJht2okUDK4hRMy8VrbdxbjvFXBjtE6Yt-V8O5uA1TFTYsJMtvd_fBQT2MjeZXcYgfTP1dSZUh8iyq6gj89pkOYPO9u4A0JcLu8CQzykZY7lTOLCeLwWT7tbqtXFARCwNaqjtTntaTZR7n=s4800-w800,https://map.naver.com/p/entry/place/13491961,4화에서 무덕과 장욱이 포옹하는 장면,https://www.ivisitkorea.com/alchemy-of-souls-filming-locations-in-korea/,2026-07-30,23,,,,박준화,https://image.tmdb.org/t/p/w500/pGs6UA4rPUZEokDyTwAGdRvwrAD.jpg,환혼,6,13,56,37.5,5,N,,,Y,언급2회이상_작품내상위15,정승길_v4,
st_20276,환혼,Alchemy of Souls,drama,이재욱;정소민;황민현,마성 오픈세트장,촬영세트장,경북 문경시 마성면 가은로 311-18,36.650822,128.079454,,https://map.naver.com/p/entry/place/2066426562,송림 정진각·수련장 등 대호국 배경 촬영을 위해 스튜디오드래곤이 신축한 오픈세트장,https://www.yeongnam.com/web/view.php?key=20220623010002927,2026-07-30,23,,,,박준화,https://image.tmdb.org/t/p/w500/pGs6UA4rPUZEokDyTwAGdRvwrAD.jpg,환혼,5,14,56,31.2,6,N,,,Y,언급2회이상_작품내상위15,정승길_v4,
st_20262,환혼,Alchemy of Souls,drama,이재욱;정소민;황민현,용머리해안,해안/자연경관,제주 서귀포시 안덕면 사계리 112-3,33.231660,126.314724,https://lh3.googleusercontent.com/place-photos/AG9NLjAOgYNhX3TavMyEK0yREr3qXlNXfgLGy9htiqQXCY9ktFbyPEhGR-I9KPyHAwLsmxia0flryzAQjbl2EjX-_8oeVgZt9JMgJn85HRA3an-hTyhCaMZEdt5wuPI_j_hTt-q6thAwpf6zMvvo=s4800-w800,https://map.naver.com/p/entry/place/1395039246,2화에서 장욱이 무덕을 찾아 헤매는 장면,https://www.ivisitkorea.com/alchemy-of-souls-filming-locations-in-korea/,2026-07-30,23,,,,박준화,https://image.tmdb.org/t/p/w500/pGs6UA4rPUZEokDyTwAGdRvwrAD.jpg,환혼,5,7,56,31.2,7,N,,,Y,언급2회이상_작품내상위15,정승길_v4,
st_20269,환혼,Alchemy of Souls,drama,이재욱;정소민;황민현,몰운대,절벽/자연경관,강원 정선군 화암면 몰운리 산43,37.316523,128.809684,https://lh3.googleusercontent.com/place-photos/AG9NLjBZ0lgCqcerPlKw2bL73yP8c6hbnTXNWoq3FRDm1W-khq84TY3E-Yn4JLav23pErdKFWQ8b9QIPZt7vFn73l9qnTduGLBf19BoxJD5Bo659V3NDd52kX9heOEkPH02w6VgpgJskE-Q-KHZY=s4800-w800,https://map.naver.com/p/entry/place/19816212,8화에서 장욱과 무덕이 함께 서 있는 장면,https://www.ivisitkorea.com/alchemy-of-souls-filming-locations-in-korea/,2026-07-30,23,,,,박준화,https://image.tmdb.org/t/p/w500/pGs6UA4rPUZEokDyTwAGdRvwrAD.jpg,환혼,4,26,56,25.0,8,N,,,Y,언급2회이상_작품내상위15,정승길_v4,
st_20267,환혼,Alchemy of Souls,drama,이재욱;정소민;황민현,고석정,정자/현무암절벽,강원 철원군 동송읍 장흥리 725-13,38.185262,127.287954,https://lh3.googleusercontent.com/place-photos/AG9NLjAC9nxfF7WdTjTkSG_0yuXUEawjfpAZq-cbXCShxsHKq0Uag_Aya9zTtwlq8N7oiL-5E7vHwntix-Qda68dGicw9rzVc9N5ojkJcjn3ATKn5KOj0IOz94jlOoJ9zF63Uz0A0aeY_uNPUKAZpQ=s4800-w800,https://map.naver.com/p/entry/place/1465442453,"4화, 6화 현무암 절벽 배경 뱃놀이 장면",https://www.ivisitkorea.com/alchemy-of-souls-filming-locations-in-korea/,2026-07-30,23,,,,박준화,https://image.tmdb.org/t/p/w500/pGs6UA4rPUZEokDyTwAGdRvwrAD.jpg,환혼,3,15,56,18.8,9,N,,,Y,언급2회이상_작품내상위15,정승길_v4,
st_20259,환혼,Alchemy of Souls,drama,이재욱;정소민;황민현,백운동원림,정원/관광지,전남 강진군 성전면 월하안운길 100-63,34.742034,126.699875,https://lh3.googleusercontent.com/place-photos/AG9NLjArw4_f6OgK_Oc6RC0MRNONzyb4ezSH_x_pG15igmCtpRdGEwTvC4AE0TYVLxxWjTQUJ2zM_Bf70uky5ZqS7kYt62DyGtPWcapsCb0bufMZD_jsHmUtJ5BmiMfVcEATROsxxxTm93yKieP-DJA=s4800-w800,https://map.naver.com/p/entry/place/2142628691,"3화에서 장욱과 무덕이 함께 이동하는 장면, 메인 포스터 배경으로 사용된 곳",https://www.ivisitkorea.com/alchemy-of-souls-filming-locations-in-korea/,2026-07-30,23,,,,박준화,https://image.tmdb.org/t/p/w500/pGs6UA4rPUZEokDyTwAGdRvwrAD.jpg,환혼,3,13,56,18.8,10,N,,,Y,언급2회이상_작품내상위15,정승길_v4,
st_20268,환혼,Alchemy of Souls,drama,이재욱;정소민;황민현,수옥폭포,폭포/자연경관,충북 괴산군 연풍면 원풍리 산86-1,36.807013,128.028917,https://lh3.googleusercontent.com/place-photos/AG9NLjABJ7RE-G7P1SmLvBXvvhENkfdGbsGXBeqcUWpDhESAAS1PzO2ut_dyarxUyhmb6qST-juceW8--styX_vxkRAXmBFEvXagfNj4wwYjafZ7svrBvgN_6WMeTuhxDc0XObhaA9dz6k71wxLu=s4800-w800,https://map.naver.com/p/entry/place/13491593,1화에서 당구가 폭포 아래에서 화살을 쏘는 장면,https://www.ivisitkorea.com/alchemy-of-souls-filming-locations-in-korea/,2026-07-30,23,,,,박준화,https://image.tmdb.org/t/p/w500/pGs6UA4rPUZEokDyTwAGdRvwrAD.jpg,환혼,3,5,56,18.8,11,N,,,Y,언급2회이상_작품내상위15,정승길_v4,
st_20263,환혼,Alchemy of Souls,drama,이재욱;정소민;황민현,권금성,산성/유적,강원 속초시 설악동 산41,38.163655,128.484969,https://lh3.googleusercontent.com/place-photos/AG9NLjDCt1IVMU4CXLHlogT3aaIZzJOuo8XryeVadxVMnIPDefrDP50FrK3NMaSHevcYRz8cZMXgxRpdL0WGTwuJZlOq6_hjcXCfQBKIaPqGuc5OCNeV2kufasPyoOd9XEVAVeyLxBjDD-44lsBnhA=s4800-w800,https://map.naver.com/p/entry/place/19494153,1화에서 호연법사가 장욱을 가르치는 장면,https://www.ivisitkorea.com/alchemy-of-souls-filming-locations-in-korea/,2026-07-30,23,,,,박준화,https://image.tmdb.org/t/p/w500/pGs6UA4rPUZEokDyTwAGdRvwrAD.jpg,환혼,3,4,56,18.8,12,N,,,Y,언급2회이상_작품내상위15,정승길_v4,
st_20266,환혼,Alchemy of Souls,drama,이재욱;정소민;황민현,세연정,정자/관광지,전남 완도군 보길면 부황길 57,34.162479,126.555944,https://lh3.googleusercontent.com/place-photos/AG9NLjDpYvbJWvbsU_wKuyopELCdnY8xWQqL4MVYg7oqlSJsaDDkLtfCTN4MG4rpin72yvUf0De8DLYPu9-gENSTFHP43YL07tftLGqXtoPSZ_mnr2ZxHC8vh2paJYa8PxF7trMDuQyiQMYsQSXWdQ=s4800-w800,https://map.naver.com/p/entry/place/17177072,10화에서 무덕과 장욱이 밤늦게 대화를 나누는 장면,https://www.ivisitkorea.com/alchemy-of-souls-filming-locations-in-korea/,2026-07-30,23,,,,박준화,https://image.tmdb.org/t/p/w500/pGs6UA4rPUZEokDyTwAGdRvwrAD.jpg,환혼,2,2,56,12.5,13,N,,,Y,언급2회이상_작품내상위15,정승길_v4,
mv_1993_01,히말라야,The Himalayas,movie,황정민;정우;조성하;김인권;라미란,쌍용C&E 영월공장(석회석 채석장),산업시설,강원특별자치도 영월군 한반도면 쌍용로 89,37.1860000155766,128.322213815068,,,휴먼원정대가 에베레스트·칸첸중가 인근 빙벽을 등반하는 장면 대부분을 이곳 채석장에서 촬영했다,https://cine21.com/news/view/?mag_id=82486;https://blog.naver.com/busanpen/220550201558,2026-07-31,,,7725579,,이석훈,https://image.tmdb.org/t/p/w500/buMqU3V2MimuAWiGhsd2sbH8XNC.jpg,히말라야,0,0,54,0.0,1,N,,,Y,언급부족_데이터품질기준보존,정승길_v4,
st_19857,힐러,Healer,drama,지창욱;박민영;유지태,달링(the fab),음식점,서울 강남구 언주로126길 25,37.513964,127.037541,,,이 카페는 힐러에서 '커피베이'로 등장합니다. 채영신(박민영)이 사는 곳이기도 하다.,https://kdramamap.com/location/%ed%9e%90%eb%9f%ac-%eb%8b%ac%eb%a7%81-the-fab-2689/,2026-07-28,53,,,,Kim Jin-woo;Lee Jung-sub,https://image.tmdb.org/t/p/w500/a24Tm3vJoWb3X3DSdTSwIp6xx8w.jpg,힐러,7,14,51,100.0,1,N,,,Y,언급2회이상_작품내상위15,정승길_v4,
st_20954,힐러,Healer,drama,지창욱;박민영;유지태,운보의 집,미술관/한옥,충북 청주시 청원구 내수읍 형동2길 92-41,36.6922311434,127.5651096568,https://lh3.googleusercontent.com/place-photos/AG9NLjAmloBrzj_4GHBEavuztjuXzh-I6lF3bZvhwBtPxbRGKKk9qr85bCsbi5iwRRcBGGiqrCDdBJoZXmSpLZG1_b0DN86j0cRYpTIQf7S944lF0dI4Hk36A_FhA4gQ1VVUSGdzpNLbqFhWdYuOKr0=s4800-w800,https://map.naver.com/p/entry/place/11797270,극 중 어르신이 거주하는 집으로 등장하는 장면,https://korean.visitkorea.or.kr/detail/rem_detail.do?cotid=4999268e-bf23-4c38-b879-9011557eb327;https://www.cfcm.kr/home/sub.php?code3=&code6=&menukey=67&mod=view&no=202;https://www.edaily.co.kr/News/Read?mediaCodeNo=257&newsId=01331686622715896,2026-07-30,53,,,,Kim Jin-woo;Lee Jung-sub,https://image.tmdb.org/t/p/w500/a24Tm3vJoWb3X3DSdTSwIp6xx8w.jpg,힐러,5,16,51,71.4,2,N,,,Y,언급2회이상_작품내상위15,정승길_v4,
st_20951,힐러,Healer,drama,지창욱;박민영;유지태,수암골 벽화마을,벽화마을,충북 청주시 상당구 수암로 일대,36.647334,127.4950614,https://lh3.googleusercontent.com/place-photos/AG9NLjCQDErBVuX3CIg7kB48dKzChDv4yIQjpByCNrpRX7ybCh8OFSRLDE9JS7o2g_mgJvmPSOG7-ZqblXLMpAyZ4BEmhGaOwg4vTVTvdsI3Nh3amRqsm18_KKHRU6YyjkFIDP6qXmugKdJkzcvdeA=s4800-w800,https://map.naver.com/p/entry/place/13508215,극 중 서정후와 채영신 부모 세대의 젊은 날을 회상하는 장면,https://www.yna.co.kr/view/AKR20141103152000064;https://korean.visitkorea.or.kr/detail/rem_detail.do?cotid=4999268e-bf23-4c38-b879-9011557eb327,2026-07-30,53,,,,Kim Jin-woo;Lee Jung-sub,https://image.tmdb.org/t/p/w500/a24Tm3vJoWb3X3DSdTSwIp6xx8w.jpg,힐러,5,9,51,71.4,3,N,,,Y,언급2회이상_작품내상위15,정승길_v4,
st_20956,힐러,Healer,drama,지창욱;박민영;유지태,국립청주박물관,박물관,충북 청주시 상당구 명암로 143,36.6497326,127.5119729,https://lh3.googleusercontent.com/place-photos/AG9NLjCgDbpS5Frfqm5ilxw4-lKIYwnvCuh8OEUQXcIgJxXywK866veBNg-MFlB2nt1P7-PvM_0yBmsDC7fcc-JH-yLyHNJn_V59kUe8JusDlhN0hIjUKnUiaG1IJRpL3WM30hf-uJuYeJSdbPovKLA6UpY=s4800-w800,https://map.naver.com/p/entry/place/11620564,,https://www.yna.co.kr/view/AKR20141103152000064,2026-07-30,53,,,,Kim Jin-woo;Lee Jung-sub,https://image.tmdb.org/t/p/w500/a24Tm3vJoWb3X3DSdTSwIp6xx8w.jpg,힐러,2,3,51,28.6,4,N,,,Y,언급2회이상_작품내상위15,,
st_20968,힘쎈여자도봉순,Strong Woman Do Bong-soon,drama,박보영;박형식;지수,더화이트베일,예식장,서울 서초구 서초중앙로 14,37.4838261,127.0179212,https://lh3.googleusercontent.com/place-photos/AG9NLjCSQ3LoL8PMjB9KAxb6xZuj3h-LmUzyHw2LvURLKDMEKyIJcDBmDOPugI9RwBhtbstkZ7GQpwCy9zq-3hvy1KWniHcNJtJD5Jo_TurnHXJ9CQ9GNiipxphE5ApzOE7DZByERawxeTea9O53Xw=s4800-w800,https://map.naver.com/p/entry/place/12023277,16화에서 봉순과 민혁의 결혼식이 열리는 웨딩홀 장면이 나온다.,https://traveltodrama.com/%eb%93%9c%eb%9d%bc%eb%a7%88-%ed%9e%98%ec%8e%88%ec%97%ac%ec%9e%90-%eb%8f%84%eb%b4%89%ec%88%9c-%ec%b4%ac%ec%98%81%ec%a7%80-22%ea%b3%b3/,2026-07-30,97,,,,이형민,https://image.tmdb.org/t/p/w500/zUeMFnFJKPqe8lNdUYl7oxrwSZ3.jpg,힘쎈여자도봉순,3,20,34,100.0,1,N,,,Y,언급2회이상_작품내상위15,정승길_v4,
st_20001,힘쎈여자도봉순,Strong Woman Do Bong Soon,drama,박보영;박형식,낙산공원,공원,서울 종로구 동숭동 산 2-32,37.580331,127.008107,https://lh3.googleusercontent.com/place-photos/AG9NLjA1iQdOjd3kzTZ5DF-qviF1cANtT1W_C6kc_AWW-IeDEtFCu928RxiIX3TKTxxa-4AvH_EBfeCf37X7l7j7KGgfJYsHMg34dUlYqO1kLjqE23_x_D-WsURbpZWdS4YQ6Arlqza7qfTPnrQiWw=s4800-w800,https://map.naver.com/p/entry/place/13299765,"7화에서 도봉순(박보영)은 낙산공원 놀이터에서 어머니, 할머니와 함께 시간을 보낸다.",https://kdramamap.com/location/%ed%9e%98%ec%8e%88%ec%97%ac%ec%9e%90%eb%8f%84%eb%b4%89%ec%88%9c-%eb%82%99%ec%82%b0%ea%b3%b5%ec%9b%90-2713/;https://traveltodrama.com/%eb%93%9c%eb%9d%bc%eb%a7%88-%ed%9e%98%ec%8e%88%ec%97%ac%ec%9e%90-%eb%8f%84%eb%b4%89%ec%88%9c-%ec%b4%ac%ec%98%81%ec%a7%80-22%ea%b3%b3/,2026-07-28,97,,,,이형민,https://image.tmdb.org/t/p/w500/zUeMFnFJKPqe8lNdUYl7oxrwSZ3.jpg,힘쎈여자도봉순,3,8,34,100.0,2,N,,,Y,언급2회이상_작품내상위15,정승길_v4,
st_19989,힘쎈여자도봉순,Strong Woman Do Bong Soon,drama,박보영;박형식,보라매공원,공원,서울 동작구 여의대방로20길33,37.494892,126.919491,https://lh3.googleusercontent.com/place-photos/AG9NLjDCWr8SV9gA1bJKWp329JUZxxr3a9RbD_g3EM_jr3kYevcpujthhfPBGSxe6C8M4rPgqZUbyStaFr7qsvztTzM6uJ_AwC4LcTrdQloz9QmXSKxdftbgn4KdY2ILhP9G4uvk9waiCpR5X1GzOQ=s4800-w800,https://map.naver.com/p/entry/place/21251978,2회에서 안민혁(박형식)이 개인 경호원으로 출근하는 첫날 도봉순(박보영)을 이곳으로 끌고 온다.,https://kdramamap.com/location/%ed%9e%98%ec%8e%88%ec%97%ac%ec%9e%90%eb%8f%84%eb%b4%89%ec%88%9c-%eb%b3%b4%eb%9d%bc%eb%a7%a4%ea%b3%b5%ec%9b%90-2701/;https://traveltodrama.com/%eb%93%9c%eb%9d%bc%eb%a7%88-%ed%9e%98%ec%8e%88%ec%97%ac%ec%9e%90-%eb%8f%84%eb%b4%89%ec%88%9c-%ec%b4%ac%ec%98%81%ec%a7%80-22%ea%b3%b3/,2026-07-28,97,,,,이형민,https://image.tmdb.org/t/p/w500/zUeMFnFJKPqe8lNdUYl7oxrwSZ3.jpg,힘쎈여자도봉순,2,4,34,66.7,3,N,,,Y,언급2회이상_작품내상위15,정승길_v4,
