id,place_name,search_key,naver_url,naver_lat,naver_lng,confidence,matched_name
st_00022,마곡중앙로(2),마곡중앙2로,https://map.naver.com/p/entry/place/35792905,37.557625,126.8309289,mid,마곡중앙2로
st_00030,여의대로,여의대로,https://map.naver.com/p/entry/place/20618897,37.5289845,126.9292931,mid,여의대로
st_00032,스위치22 여의도점,Switch22,,,,failed,
st_04135,스위치22 여의도점,Switch22,,,,failed,
st_06380,스위치22 여의도점,Switch22,,,,failed,
st_10211,스위치22 여의도점,Switch22,,,,failed,
st_17454,스위치22 여의도점,Switch22,,,,failed,
st_17822,스위치22 여의도점,Switch22,,,,failed,
st_00036,올림픽대로,올림픽대로,,,,failed,
st_00038,노들로,노들로,https://map.naver.com/p/entry/place/34144483,37.5146728,126.9390147,mid,노들로2길
st_00039,강변북로,강변북로,,,,failed,
st_00047,청춘식당(폐업),청춘식당,,,,failed,
st_00051,"경복궁,국립민속박물관 정류장(01540)",경복궁.국립민속박물관,https://map.naver.com/p/entry/place/36501062,37.5814057,126.9798572,mid,경복궁국립민속박물관화장실
st_00052,삼청로,삼청로,https://map.naver.com/p/entry/place/20618890,37.5846562,126.9820991,mid,삼청로
st_00064,서초대로,서초대로,,,,failed,
st_00082,로케이션 이음,로케이션 이음,,,,failed,
st_07472,로케이션 이음,로케이션 이음,,,,failed,
st_17866,로케이션 이음,로케이션 이음,,,,failed,
st_00083,얼반웍스 스튜디오,얼반웍스 스튜디오,,,,failed,
st_03721,얼반웍스 스튜디오,얼반웍스 스튜디오,,,,failed,
st_06293,얼반웍스 스튜디오,얼반웍스 스튜디오,,,,failed,
st_06450,얼반웍스 스튜디오,얼반웍스 스튜디오,,,,failed,
st_06956,얼반웍스 스튜디오,얼반웍스 스튜디오,,,,failed,
st_10298,얼반웍스 스튜디오,얼반웍스 스튜디오,,,,failed,
st_16424,얼반웍스 스튜디오,얼반웍스 스튜디오,,,,failed,
st_16969,얼반웍스 스튜디오,얼반웍스 스튜디오,,,,failed,
st_17522,얼반웍스 스튜디오,얼반웍스 스튜디오,,,,failed,
st_17582,얼반웍스 스튜디오,얼반웍스 스튜디오,,,,failed,
st_18536,얼반웍스 스튜디오,얼반웍스 스튜디오,,,,failed,
st_00091,선향재 한옥 스튜디오,다온재 한옥스튜디오 | 돌사진 | 돌스냅 | 돌잔치,,,,failed,
st_06459,선향재 한옥 스튜디오,다온재 한옥스튜디오 | 돌사진 | 돌스냅 | 돌잔치,,,,failed,
st_18543,선향재 한옥 스튜디오,다온재 한옥스튜디오 | 돌사진 | 돌스냅 | 돌잔치,,,,failed,
st_00094,세트장(치악산드림랜드부지),드림랜드,,,,failed,
st_00097,우암산로,우암산로,https://map.naver.com/p/entry/place/17772549,36.6393484,127.4925059,mid,우암산로
st_00107,오릉,오릉,https://map.naver.com/p/entry/place/20098998,35.8234594,129.2088209,high,경주 오릉
st_00474,동해해물탕 골목,동해해물탕,https://map.naver.com/p/entry/place/37997156,37.5563355,126.9364578,coord,동해해물탕
st_00475,연세로5가길,연세로5가길,https://map.naver.com/p/entry/place/18746227,37.5573128,126.9351737,mid,연세로5가길
st_00476,연세로7안길,연세로7안길,https://map.naver.com/p/entry/place/19470700,37.5581125,126.935625,mid,연세로7안길
st_00477,연세로4길,연세로4길,https://map.naver.com/p/entry/place/18748439,37.55812,126.9390611,mid,연세로4길
st_00479,르바게트메종(폐업),르 바게트 메종,,,,failed,
st_00482,인생네컷 신촌점(폐업),인생네컷 신촌점,,,,failed,
st_00485,보라매역부근,보라매,,,,failed,
st_00497,천주교용인공원묘지,천주교 용인공원 묘원,,,,failed,
st_01411,경인자동차 공업사 앞,경인자동차공업사,https://map.naver.com/p/entry/place/1556638177,37.5011869,126.8776623,coord,경인자동차공업사
st_01414,YTN본사,YTN 뉴스퀘어,https://map.naver.com/p/entry/place/11626729,37.5792102,126.8924972,coord,YTN뉴스퀘어
st_08273,YTN본사,YTN 뉴스퀘어,https://map.naver.com/p/entry/place/11626729,37.5792102,126.8924972,coord,YTN뉴스퀘어
st_11226,YTN본사,YTN 뉴스퀘어,https://map.naver.com/p/entry/place/11626729,37.5792102,126.8924972,coord,YTN뉴스퀘어
st_16937,YTN본사,YTN 뉴스퀘어,https://map.naver.com/p/entry/place/11626729,37.5792102,126.8924972,coord,YTN뉴스퀘어
st_18434,YTN본사,YTN 뉴스퀘어,https://map.naver.com/p/entry/place/11626729,37.5792102,126.8924972,coord,YTN뉴스퀘어
st_19057,YTN본사,YTN 뉴스퀘어,https://map.naver.com/p/entry/place/11626729,37.5792102,126.8924972,coord,YTN뉴스퀘어
st_01415,공덕역주차장,공덕주차장,,,,failed,
st_01431,수봉남로,수봉남로,https://map.naver.com/p/entry/place/16596399,37.4564049,126.6565164,mid,수봉남로6번길
st_01439,송도컨벤시아 사거리,송도컨벤시아,https://map.naver.com/p/entry/place/1393883030,37.3881352,126.645553,coord,송도 컨벤시아
st_01441,송도국제대로,송도국제대로,https://map.naver.com/p/entry/place/20973252,37.3783138,126.6529531,mid,송도국제대로
st_01445,헤이리사거리,헤이리사거리,https://map.naver.com/p/entry/place/19312633,37.7818167,126.6961875,mid,헤이리사거리
st_01447,파주행복요양원,파주행복요양원,,,,failed,
st_01448,한길육교,한길육교,https://map.naver.com/p/entry/place/705627723,37.726762,126.7639164,mid,한길육교
st_01453,리븐델게스트하우스,리븐델,,,,failed,
st_03725,리븐델게스트하우스,리븐델,,,,failed,
st_16551,리븐델게스트하우스,리븐델,,,,failed,
st_01458,대왕판교로,대왕판교로,https://map.naver.com/p/entry/place/20644681,37.4022377,127.1053047,mid,대왕판교로
st_01615,동남아파트 상가동,해송마을동남아파트,https://map.naver.com/p/entry/place/1264045407,37.4012713,126.6681581,coord,해송마을 동남아파트 폐가전수거함
st_01622,애막골성당,천주교 애막골 성당,https://map.naver.com/p/entry/place/13140195,37.8667113,127.7613593,coord,천주교춘천교구애막골성정하상바오로성당
st_02408,스카이피자,스카이피자,https://map.naver.com/p/entry/place/1419012806,37.5096054,126.9370713,mid,스카이피자
st_02409,돼지슈퍼,돼지슈퍼,,,,failed,
st_02413,올가홀푸드,올가홀푸드 방이점,https://map.naver.com/p/entry/place/30811693,37.5103917,127.1263875,coord,올가홀푸드 방이점
st_02414,대호빌라옆다리,대호빌라,https://map.naver.com/p/entry/place/18713484,37.5482543,126.982459,coord,대호빌라
st_02415,자하문터널계단,자하문터널 계단,,,,failed,
st_02514,대성정밀,대성정밀,,,,failed,
st_02517,평창사 세탁,크린토피아 종로평창점,,,,failed,
st_02518,동문열쇠건물,동문열쇠,,,,failed,
st_02519,정릉로8길,정릉로8길,https://map.naver.com/p/entry/place/18905752,37.6088118,126.9968314,mid,정릉로8길
st_02526,길주로,길주로,,,,failed,
st_02531,송도국제대로,송도국제대로,https://map.naver.com/p/entry/place/20973252,37.3783138,126.6529531,mid,송도국제대로
st_02532,남계로,남계로,https://map.naver.com/p/entry/place/19144465,38.0085742,127.017351,mid,남계로
st_02535,행복로,행복로,https://map.naver.com/p/entry/place/35793607,37.741183,127.0496042,mid,행복로
st_02540,혜음로,혜음로,https://map.naver.com/p/entry/place/19314473,37.7944159,126.8478251,mid,혜음로
st_02541,등원로,등원로,https://map.naver.com/p/entry/place/19314600,37.7825747,126.8450714,mid,등원로
st_02544,팔송로(2),팔송로,,,,failed,
st_02545,문발초등학교앞,문발초등학교,https://map.naver.com/p/entry/place/12392624,37.72624,126.7069707,coord,문발초등학교
st_02549,얼반웍스스튜디오,얼반웍스 스튜디오,,,,failed,
st_10862,얼반웍스스튜디오,얼반웍스 스튜디오,,,,failed,
st_02550,덕은로,덕은로,https://map.naver.com/p/entry/place/19045789,37.5866041,126.8763322,mid,덕은로
st_02553,북한강로,북한강로,https://map.naver.com/p/entry/place/18210391,37.599113,127.3392372,mid,북한강로
st_02554,가평 백둔리,백둔리,,,,failed,
st_02558,북한강로,북한강로,https://map.naver.com/p/entry/place/18210391,37.599113,127.3392372,mid,북한강로
st_02559,수대울길,수대울길,https://map.naver.com/p/entry/place/19161336,37.5823191,127.3585894,mid,수대울길
st_02560,북한강로,북한강로,https://map.naver.com/p/entry/place/18210391,37.599113,127.3392372,mid,북한강로
st_02561,원미로149번길,원미로149번길,https://map.naver.com/p/entry/place/19250114,37.4963782,126.7885731,mid,원미로149번길
st_02563,원미로155번길,원미로155번길,https://map.naver.com/p/entry/place/19684666,37.4966802,126.7904574,mid,원미로155번길
st_02566,정왕역2번출구,정왕역,,,,failed,
st_02575,명동타운 정류장(32092),명동타운,,,,failed,
st_02579,설악금강대교로,설악금강대교로,https://map.naver.com/p/entry/place/15098928,38.1966911,128.5949867,mid,설악금강대교로
st_02582,선사유적로,선사유적로,,,,failed,
st_02586,내장호반로(2),내장호반로,https://map.naver.com/p/entry/place/17562924,35.5135148,126.8980117,mid,내장호반로
st_02589,항만9로(2),항만9로,,,,failed,
st_02595,소셜베뉴 라움,라움,,,,failed,
st_02596,동아디지털미디어센터,동아디지털미디어센터,https://map.naver.com/p/entry/place/38514085,37.5784518,126.8928993,coord,빌앤쿡 상암디디엠씨점
st_08794,동아디지털미디어센터,동아디지털미디어센터,https://map.naver.com/p/entry/place/38514085,37.5784518,126.8928993,coord,빌앤쿡 상암디디엠씨점
st_19695,동아디지털미디어센터,동아디지털미디어센터,https://map.naver.com/p/entry/place/38514085,37.5784518,126.8928993,coord,빌앤쿡 상암디디엠씨점
st_02597,커피베이,커피베이증가점,,,,failed,
st_02603,김가네,김가네마포구청역점,https://map.naver.com/p/entry/place/982789282,37.5651175,126.9031831,coord,김가네 마포구청역점
st_02604,다루마,다루마,,,,failed,
st_02610,의외의조합,군중과 고독 사이,,,,failed,
st_11506,의외의조합,군중과 고독 사이,,,,failed,
st_02856,배터지는날,배터지는날,,,,failed,
st_02864,아레카라운지,아레카라운지,,,,failed,
st_02865,인하대학교,인하대학교 용현캠퍼스,,,,failed,
st_02866,bbrick,bbrick,,,,failed,
st_02869,조이마당(촬영장 스튜디오),조이마당,https://map.naver.com/p/entry/place/1741339375,37.8332971,126.8034965,coord,조이마당스튜디오
st_05120,조이마당(촬영장 스튜디오),조이마당,https://map.naver.com/p/entry/place/1741339375,37.8332971,126.8034965,coord,조이마당스튜디오
st_14952,조이마당(촬영장 스튜디오),조이마당,https://map.naver.com/p/entry/place/1741339375,37.8332971,126.8034965,coord,조이마당스튜디오
st_02870,자유로통일리그 성동구장,자유로통일리그 성동야구장,https://map.naver.com/p/entry/place/35489779,37.7802309,126.6898758,coord,자유로통일리그EABALLPARK
st_02880,중흥에스클래스 더테라스리버파크1차,중흥S클래스더테라스리버파크1차,https://map.naver.com/p/entry/place/1264887484,37.1901724,127.0851688,coord,동탄2신도시중흥S-클래스더테라스리버파크I
st_02884,호남농약사,호남농약사,,,,failed,
st_02891,중앙농약종묘사,중앙농약종묘사,,,,failed,
st_02894,신세계양품/은장상회,신세계양품,https://map.naver.com/p/entry/place/1035674652,36.4154034,128.1620591,coord,신세계양품점
st_02897,포항 북구 두호동,두호동,,,,failed,
st_02900,대율1리 정류소,대율1리,https://map.naver.com/p/entry/place/15886831,36.0600985,128.6557027,coord,대율1리마을회관
st_02907,대원슈퍼,대원슈퍼,,,,failed,
st_02918,한촌설렁탕,한촌설렁탕(학익점),,,,failed,
st_02924,사당,사당제1동,,,,failed,
st_02925,진대감,진대감 마포점,https://map.naver.com/p/entry/place/13114967,37.5466313,126.9544398,coord,진대감 마포점
st_02931,서울 영등포구,영등포구,,,,failed,
st_02933,서울 용산구,용산구,,,,failed,
st_02934,본죽,본죽&비빔밥 용산센트럴점,,,,failed,
st_02935,풍전아파트 (Pungjeon Apt),원효로풍전아파트,https://map.naver.com/p/entry/place/18720860,37.532772,126.9542764,mid,풍전아파트
st_02939,틴타입스튜디오,TintypeKorea,,,,failed,
st_02947,서울 은평구,은평구,,,,failed,
st_02952,서울 도렴동,도렴동,,,,failed,
st_03422,참사랑어린이집,참사랑어린이집,,,,failed,
st_03426,장군제2셀프주유소,장군제2주유소,,,,failed,
st_03428,산정호수 둘레길,산정호수 둘레길,,,,failed,
st_03631,CJ ENM 구내식당,CJ ENM,https://map.naver.com/p/entry/place/35597631,37.5786755,126.8916082,coord,CJ ENM
st_03632,"상암DMC푸르지오시티, S-City",상암DMC 푸르지오시티,https://map.naver.com/p/entry/place/37240961,37.5820732,126.8889695,coord,상암DMC푸르지오시티
st_03634,월드컵북로60길,월드컵북로60길,https://map.naver.com/p/entry/place/19685345,37.582112,126.8855518,mid,월드컵북로60길
st_03637,W락볼링장,W락볼링센터,,,,failed,
st_03640,상수나루소공원,용강나루소공원,,,,failed,
st_03643,일흥정공 앞,일흥정공,https://map.naver.com/p/entry/place/18630943,37.5140553,126.890355,mid,일흥정공
st_03654,땡땡거리꼬꼬닭,땡땡거리꼬꼬닭,,,,failed,
st_03655,모아시스템 앞,모아시스템,,,,failed,
st_03656,새창로49길 지하도,새창로49길,https://map.naver.com/p/entry/place/18722535,37.5343489,126.963919,mid,새창로49길
st_03657,아베크부,아베크 청담 Avecque Cheongdam Korean Italian K-Fusion,,,,failed,
st_17555,아베크부,아베크 청담 Avecque Cheongdam Korean Italian K-Fusion,,,,failed,
st_03659,만리재로,만리재로,https://map.naver.com/p/entry/place/18711876,37.5564399,126.9675809,mid,만리재로35길
st_03666,을지로입구역2번출구 앞,을지로입구,,,,failed,
st_03670,미쉬매쉬,미쉬매쉬,https://map.naver.com/p/entry/place/37929317,37.579667,126.9891941,coord,mishmash
st_03671,오공팔샵,마플샵,,,,failed,
st_03673,서울시립대학교 대강당앞,서울시립대학교 대강당,https://map.naver.com/p/entry/place/18851056,37.5830593,127.0598005,coord,서울시립대학교대강당
st_03679,잠원한강공원 제1주차장,잠원한강공원 잠원1주차장,https://map.naver.com/p/entry/place/1046104116,37.5287585,127.0204697,mid,잠원 한강공원1주차장
st_03680,29펍 4호점,29 Pub Champion Masstige(No4),,,,failed,
st_09522,29펍 4호점,29 Pub Champion Masstige(No4),,,,failed,
st_03684,청담초등학교앞 버스정류장,청담초등학교앞,,,,failed,
st_03686,도산공원.호림아트센터앞 정류장,도산공원.호림아트센터앞,,,,failed,
st_03690,삼성리,삼성리,,,,failed,
st_03703,이채사거리,이채사거리,https://map.naver.com/p/entry/place/19309846,37.7145552,126.6876071,mid,이채사거리
st_03709,삼성아파트 102동,일산삼성아파트,https://map.naver.com/p/entry/place/19055685,37.6902569,126.7758098,coord,일산삼성아파트
st_03714,키딩,키딩,,,,failed,
st_03726,청평호,청평호,,,,failed,
st_03727,정부과천청사 2주차장옆도로,정부과천청사,,,,failed,
st_03729,수원대학교 학군단앞 연못,수원대학교,,,,failed,
st_03735,애양원 토플하우스,애양원 팬션 치유의 숲,https://map.naver.com/p/entry/place/17296438,34.8425577,127.6271138,coord,애양원펜션 치유의숲
st_03737,대청동 집,달례식당,,,,failed,
st_03738,중구종합사회복지관 앞,중구종합사회복지관,https://map.naver.com/p/entry/place/11735879,35.1057843,129.0281926,coord,중구종합사회복지관
st_03743,에디스키친,에디스키친(EDDY's Kitchen),,,,failed,
st_04130,여의도환승센터(3번승강장),여의도환승센터,https://map.naver.com/p/entry/place/34975485,37.5259892,126.9240591,mid,여의도환승센터
st_04131,더현대서울 정류장,더현대서울,,,,failed,
st_04132,더현대서울 YPHAUS라운지,더현대 서울 YP HAUS,,,,failed,
st_04134,페어몬트 앰배서더 서울 마리포사 앤 M29,M29,,,,failed,
st_04140,데이터세이브 용산지점,데이터세이브 서울 용산점,https://map.naver.com/p/entry/place/1384862017,37.5336957,126.9609988,coord,데이터세이브 USB외장하드복구센터 서울용산점
st_04148,소파로,소파로,,,,failed,
st_04151,옥토버훼스트 종로점,옥토버훼스트 종로점,,,,failed,
st_04156,우리옛돌박물관앞,우리옛돌박물관,https://map.naver.com/p/entry/place/37275568,37.6009504,126.990056,coord,우리옛돌박물관
st_04158,아차산 지하차도 옆,아차산지하차도,,,,failed,
st_04160,그랜드워커힐 애스톤하우스,애스톤하우스,,,,failed,
st_04162,모트32서울,모트 32 서울,,,,failed,
st_04165,더채플앳논현(CG),더채플앳논현,https://map.naver.com/p/entry/place/1106412731,37.5050847,127.0343736,coord,더채플앳논현
st_04192,오송생명로,오송생명로,https://map.naver.com/p/entry/place/19579401,36.6335006,127.3236003,mid,오송생명로
st_04195,건지마을 풍경포인트,건지마을 풍경 포인트,,,,failed,
st_04199,인포 정육점식당,회인정육점식당,,,,failed,
st_04202,이화동길33번길쪽,이화동길33번길,https://map.naver.com/p/entry/place/17563066,36.9222328,127.0865532,mid,이화동길33번길
st_04203,이화동길33번길쪽(2),이화동길33번길,https://map.naver.com/p/entry/place/17563066,36.9222328,127.0865532,mid,이화동길33번길
st_04204,이화동길33번길쪽(3),이화동길33번길,https://map.naver.com/p/entry/place/17563066,36.9222328,127.0865532,mid,이화동길33번길
st_04205,왕림리,왕림리,,,,failed,
st_04206,장항송림산림욕장,장항송림산림욕장,,,,failed,
st_04212,용연리(1),1,,,,failed,
st_04213,용연리삼거리,용연리,,,,failed,
st_04214,용연리(2),2,,,,failed,
st_04215,용연리(2-2),2,,,,failed,
st_04216,용연리(3),3,,,,failed,
st_04217,용연리(4),4,,,,failed,
st_04218,용연리(5),5,,,,failed,
st_04219,용연리(6),6,,,,failed,
st_04220,용연리(7),7,,,,failed,
st_04221,용연리(8),8,,,,failed,
st_04222,위만리(1),1,,,,failed,
st_04223,위만리(2),2,,,,failed,
st_04224,위만리(3),3-7,,,,failed,
st_04225,위만리(4),4,,,,failed,
st_04226,위만리(5),5,,,,failed,
st_04229,문희로,문희로,https://map.naver.com/p/entry/place/15392919,36.7354751,128.108306,high,문희로
st_04236,엘포리캠핑장,엘포리캠핑장,,,,failed,
st_04240,Botanischer Duftgarten,Botanischer Duftgarten,,,,failed,
st_04241,Schloss Sanssouci(상수시궁전),상수시 궁전,,,,failed,
st_04242,Charité Campus Benjamin Franklin,Charité Campus Benjamin Franklin,,,,failed,
st_04243,Berliner Dom(베를린 돔),베를린 돔,,,,failed,
st_04244,Frankfurt (Main) Platz der Republik,Platz der Republik,,,,failed,
st_04246,Eiserner Steg(아이젤너 다리),아이젤너 다리,,,,failed,
st_04247,아이젤너 다리 앞,아이젤너 다리,,,,failed,
st_04248,Mainuferpark süden,Mainuferpark,,,,failed,
st_04249,Meral Imbiss,Meral Imbiss,,,,failed,
st_04251,Nervenzentrum Potsdam,Nervenzentrum Potsdam,,,,failed,
st_04252,Deutschherrnbrücke,Deutschherrnbrücke,,,,failed,
st_04253,Mayfarthstraße,Mayfarthstraße & Eytelweinstraße,,,,failed,
st_04254,Goethestraße,Goethestraße,,,,failed,
st_04256,AMRIT Restaurant Schoneberg,AMRIT Restaurant Schoneberg,,,,failed,
st_04257,Winterfeldtstraße,Winterfeldtstraße,,,,failed,
st_04258,Wochenmarkt Winterfeldtplatz,Wochenmarkt Winterfeldtplatz,,,,failed,
st_04259,Spreebogen,Spreebogen,,,,failed,
st_04260,Rooftop terrace at Hotel de Rome,The Rooftop Terrace at Hotel de Rome,,,,failed,
st_04262,Alter St.-Matthäus-Kirchhof,Alter St.-Matthäus-Kirchhof,,,,failed,
st_04263,James-Simon-Park,James-Simon-Park,,,,failed,
st_04264,샤리테병원,샤리테,,,,failed,
st_04265,월도프 아스토리아 베를린,월도프 아스토리아 베를린,,,,failed,
st_04266,Dircksenstraße 136-132,Dircksenstraße 136,,,,failed,
st_04267,Glienicker Brücke,Glienicke Bridge,,,,failed,
st_04280,신정중앙로19길,신정중앙로19길,https://map.naver.com/p/entry/place/18814410,37.5272751,126.8617054,mid,신정중앙로19길
st_04282,여의대로,여의대로,https://map.naver.com/p/entry/place/20618897,37.5289845,126.9292931,mid,여의대로
st_04284,신설동1억해장국267,신설동1억해장국267,,,,failed,
st_04285,도래집,도래집 회기점,https://map.naver.com/p/entry/place/1817221181,37.5919942,127.0512657,coord,도래집 회기점
st_04287,뵈르뵈르 성수본점,뵈르뵈르 성수점,,,,failed,
st_04289,마방로10길,마방로10길,https://map.naver.com/p/entry/place/19473198,37.476795,127.0433511,mid,마방로10길
st_04290,언남11길,언남11길,https://map.naver.com/p/entry/place/18754946,37.4753849,127.0424865,mid,언남11길
st_04291,남부순환로358길,남부순환로358길,https://map.naver.com/p/entry/place/18751242,37.4842967,127.040987,mid,남부순환로358길
st_04293,강남대로34길,강남대로34길,https://map.naver.com/p/entry/place/18748298,37.483914,127.0390037,mid,강남대로34길
st_04295,서초중앙로31길,서초중앙로31길,https://map.naver.com/p/entry/place/18765504,37.4996268,127.0108935,mid,서초중앙로31길
st_04296,쏠살롱,SOLESALON,https://map.naver.com/p/entry/place/1455704008,37.4996629,127.0106951,coord,SOLE SALON
st_04299,강남대로,강남대로,,,,failed,
st_04300,강남역사거리,강남역사거리,https://map.naver.com/p/entry/place/18782881,37.4979345,127.0275875,mid,강남역사거리
st_04301,파라디이스시티 새라새,새라새,,,,failed,
st_04376,콘래드서울 37그릴앤바,37 그릴 앤 바,,,,failed,
st_04385,갯마을(폐업),갯마을,,,,failed,
st_04388,BLUEMENT,블루멘트 ( Bluement ),,,,failed,
st_04389,인천공항,인천국제공항,,,,failed,
st_05619,인천공항,인천국제공항,,,,failed,
st_06427,인천공항,인천국제공항,,,,failed,
st_06929,인천공항,인천국제공항,,,,failed,
st_08295,인천공항,인천국제공항,,,,failed,
st_10854,인천공항,인천국제공항,,,,failed,
st_13231,인천공항,인천국제공항,,,,failed,
st_14331,인천공항,인천국제공항,,,,failed,
st_16369,인천공항,인천국제공항,,,,failed,
st_17497,인천공항,인천국제공항,,,,failed,
st_04395,불암사 입구,대한불교조계종 불암사,,,,failed,
st_04403,시곡리(1),1,,,,failed,
st_04405,시곡3리새마을회관,시곡3리새마을회관,,,,failed,
st_04407,의림지 관광안내소쪽,의림지 관광안내소,https://map.naver.com/p/entry/place/1567524800,37.1740279,128.2080604,coord,의림지관광안내소
st_04410,뜰906,"카페, 뜰 906",,,,failed,
st_04412,의림대로사거리,의림대로,https://map.naver.com/p/entry/place/17796987,37.1428337,128.2131173,mid,의림대로
st_04414,명륜로13길,명륜로13길,https://map.naver.com/p/entry/place/17795631,37.1419691,128.2120435,mid,명륜로13길
st_04415,풍양로13길,풍양로13길,https://map.naver.com/p/entry/place/17796652,37.1379215,128.2111531,mid,풍양로13길
st_04416,풍양로 횡단보도,풍양로,https://map.naver.com/p/entry/place/17796331,37.1363084,128.2126172,mid,풍양로
st_04418,물태리주차장,주차장,,,,failed,
st_04424,공주산성시장입구,공주산성시장,https://map.naver.com/p/entry/place/17424773,36.4575705,127.1236341,coord,공주산성시장
st_04427,제민천1길,제민천1길,https://map.naver.com/p/entry/place/17694946,36.459376,127.1218485,mid,제민천1길
st_04430,Jumeirah Burj Al Arab,Jumeirah Burj Al Arab,,,,failed,
st_04431,Bab Al Yam,Bab Al Yam,,,,failed,
st_04432,Jumeira St,873 Jumeira St,,,,failed,
st_04433,미래의 박물관,미래의 박물관,,,,failed,
st_04434,Terra Solis Dubai Desert Destination,Terra Solis Dubai Desert Destination,,,,failed,
st_04435,Souk Al Seef by Dubai Retail,Souk Al Seef by Dubai Retail,,,,failed,
st_04436,두바이몰,두바이 몰,,,,failed,
st_04438,팔라초 베르사체 두바이,팔라초 베르사체 두바이,,,,failed,
st_04439,DTCM Parking,DTCM Parking,,,,failed,
st_04440,MAZMi Coffee & More,MAZMi Coffee & More (Old Souq),,,,failed,
st_04944,도화치안센터,도화치안센터,,,,failed,
st_04945,가온문화공원앞,가온문화공원,https://map.naver.com/p/entry/place/18808738,37.5819667,126.8875874,high,가온문화공원
st_04948,신촌토끼굴,신촌굴다리,,,,failed,
st_07704,신촌토끼굴,신촌굴다리,,,,failed,
st_04949,서브웨이,서브웨이 학동점,,,,failed,
st_18065,서브웨이,서브웨이 학동점,,,,failed,
st_04952,롯데백화점어린이집,롯데백화점 본점,,,,failed,
st_04955,포유인포텍,(주)포유인포텍,,,,failed,
st_05068,대방건설빌딩앞,대방건설,https://map.naver.com/p/entry/place/1923723632,37.558504,126.8349086,coord,대방건설빌딩
st_05075,파고다기원,파고다기원,,,,failed,
st_05077,진담황태국,진담황태국,,,,failed,
st_05085,태릉설렁탕,태능설렁탕,https://map.naver.com/p/entry/place/18204552,37.6164954,127.0792389,coord,태능설렁탕 본점
st_05086,세빛섬 맞은편,세빛섬,,,,failed,
st_05088,파시0914,파시 0914,https://map.naver.com/p/entry/place/37798068,37.5232348,127.0351389,coord,PASSI
st_05090,종합운동장역 물품보관함A,종합운동장,https://map.naver.com/p/entry/place/11622958,37.5148022,127.0736261,mid,잠실종합운동장
st_05099,청라호수공원(청라원),청라호수공원,,,,failed,
st_05100,청라호수공원 창조숲근처,청라호수공원,,,,failed,
st_05101,한신더휴캐널파크아파트 1106동,검단신도시 한신더휴 캐널파크,https://map.naver.com/p/entry/place/1156343360,37.5895585,126.7058677,coord,검단신도시한신더휴캐널파크아파트
st_05102,모아미래도엘리트파크 807동,검단신도시모아미래도엘리트파크,https://map.naver.com/p/entry/place/1563466680,37.5837655,126.7075105,coord,검단신도시모아미래도엘리트파크
st_05112,광장부동산,광장부동산공인중개사사무소,,,,failed,
st_05114,송림메디컬프라자,메디컬프라자,,,,failed,
st_05117,세양스파랜드,세양스파랜드,,,,failed,
st_05124,통진휴게소,통진휴게소,,,,failed,
st_05134,오정부동산,오정부동산,,,,failed,
st_05136,능곡로39번길,능곡로39번길,https://map.naver.com/p/entry/place/19041097,37.6229009,126.8233036,mid,능곡로39번길
st_05141,연리지로,연리지로,https://map.naver.com/p/entry/place/34147045,37.6593496,126.7578121,mid,연리지로
st_05142,남양중앙로,남양중앙로,,,,failed,
st_05143,의정부역 행복로,행복로,https://map.naver.com/p/entry/place/35793607,37.741183,127.0496042,mid,행복로
st_05146,오남저수지 다송쪽,다송,https://map.naver.com/p/entry/place/19773780,37.6971884,127.2222319,coord,다송
st_05154,화성인더스트리,화성인더스트리,,,,failed,
st_05157,홍천블루마운틴cc,블루마운틴,https://map.naver.com/p/entry/place/1144329245,37.8833673,128.1034276,mid,블루마운틴
st_05158,소돌항 등대,소돌항 방파제 등대,,,,failed,
st_05163,중원타워,중원타워-아이본,,,,failed,
st_05168,토속정,토속정식당,https://map.naver.com/p/entry/place/35358583,36.2070171,127.0860539,coord,토속정식당
st_05174,장흥교도소,장흥교도소,https://map.naver.com/p/entry/place/1363633162,34.6878022,126.9139961,coord,빠삐용zip
st_15305,장흥교도소,장흥교도소,https://map.naver.com/p/entry/place/1363633162,34.6878022,126.9139961,coord,빠삐용zip
st_05178,북촌진곰탕,북촌진곰탕,,,,failed,
st_05203,인천 중구 전동,전동,,,,failed,
st_05205,송현근린공원 앞,송현근린공원,https://map.naver.com/p/entry/place/19588978,37.4785662,126.6398566,coord,송현근린공원
st_05207,배다리 헌책방 거리,배다리 헌책방거리,https://map.naver.com/p/entry/place/21301859,37.4724783,126.6374248,coord,배다리헌책방거리
st_05209,송림휴먼시아,송림휴먼시아1단지아파트,https://map.naver.com/p/entry/place/1760885618,37.4801363,126.6511864,coord,인천송림휴먼시아1단지아파트
st_05211,파랑새 피아노학원,파랑새피아노학원,,,,failed,
st_05214,투모로우시티 앞,투모로우시티,,,,failed,
st_05219,아이즈빌아울렛 앞 청수사거리,아이즈빌 아울렛,https://map.naver.com/p/entry/place/12114983,37.5216959,126.7036183,coord,아이즈빌아울렛
st_05222,BBQ,BBQ치킨 개포대청역점 (올리브카페),,,,failed,
st_05223,달콤커피,달콤커피 명지대점,https://map.naver.com/p/entry/place/30834014,37.5795798,126.9242864,coord,달콤커피 명지대점
st_05225,환일고등학교,환일고등학교,,,,failed,
st_05226,신촌설렁탕앞,신촌설렁탕,,,,failed,
st_05227,토끼굴,토끼굴홍대본점,,,,failed,
st_05228,베스킨라빈스,배스킨라빈스 강남대로점,,,,failed,
st_05229,옹근달,옹근달카페,https://map.naver.com/p/entry/place/1395030685,37.5427194,127.052999,coord,옹근달 성수점
st_05230,용답역다리,용답역,https://map.naver.com/p/entry/place/13479403,37.5621786,127.0508533,coord,용답역 2호선
st_05231,홍익대부속중고등학교입구,홍익대부속중고등학교입구,,,,failed,
st_05232,서브웨이,써브웨이 영등포구청역점,,,,failed,
st_05233,국회의사당옆길,국회의사당,,,,failed,
st_05234,재래식소금구이홍돈,홍돈,https://map.naver.com/p/entry/place/11726453,37.5345989,126.9610795,mid,홍돈 용산
st_05235,퍼스트루머,퍼스트루머,,,,failed,
st_05238,메밀향그집맞은편,메밀향그집,https://map.naver.com/p/entry/place/31751937,37.5823739,127.0006657,coord,메밀향그집 혜화본점
st_05239,커피방앗간앞,커피방앗간,https://map.naver.com/p/entry/place/13152757,37.5803379,126.9824861,coord,커피방앗간
st_05391,커피방앗간앞,커피방앗간,https://map.naver.com/p/entry/place/13152757,37.5803379,126.9824861,coord,커피방앗간
st_05242,감고당길,감고당길,https://map.naver.com/p/entry/place/13543814,37.5776779,126.9824667,mid,감고당길
st_11505,감고당길,감고당길,https://map.naver.com/p/entry/place/13543814,37.5776779,126.9824667,mid,감고당길
st_05252,서울중앙고,중앙고등학교,https://map.naver.com/p/entry/place/12111891,37.5841193,126.9868655,coord,중앙고등학교
st_05254,산마루놀이터주차장,산마루 놀이터,https://map.naver.com/p/entry/place/18680478,37.5756748,127.0123353,coord,산마루 놀이터
st_05257,BBQ,BBQ 을지로입구점 BBQ Euljiro Entrance Branch BBQ 乙支路入口店 ウルチロ駅店,,,,failed,
st_05258,갤러리원,갤러리원,,,,failed,
st_05259,한국은행앞,한국은행앞,https://map.naver.com/p/entry/place/18690775,37.561925,126.9812499,mid,한국은행앞사거리
st_05260,덕수궁돌담길,덕수궁 돌담길,,,,failed,
st_05367,PIT COFFEE(폐업),PiTC,,,,failed,
st_05368,월드컵북로,월드컵북로,https://map.naver.com/p/entry/place/18787597,37.55793,126.9202993,mid,월드컵북로6길
st_05373,성미산로,성미산로,https://map.naver.com/p/entry/place/18799315,37.5652661,126.9237529,mid,성미산로
st_05376,한진빌딩,한진빌딩,,,,failed,
st_05378,카페 한,카페 한(cafe HAN),https://map.naver.com/p/entry/place/1949936790,37.5473511,126.9131081,coord,cafe HAN
st_05379,독막로,독막로,https://map.naver.com/p/entry/place/20618813,37.547525,126.9314125,mid,독막로
st_05382,상수역4번출구앞,상수역,,,,failed,
st_05383,얼반스퀘어,얼반스퀘어,,,,failed,
st_05386,두텁바위로40길,두텁바위로40길,https://map.naver.com/p/entry/place/19683446,37.5472288,126.982195,mid,두텁바위로40길
st_05387,삼청동주민센터 정류장,삼청동 주민센터,https://map.naver.com/p/entry/place/11813774,37.5850126,126.981836,coord,삼청동 주민센터
st_05389,감고당길,감고당길,https://map.naver.com/p/entry/place/13543814,37.5776779,126.9824667,mid,감고당길
st_12018,감고당길,감고당길,https://map.naver.com/p/entry/place/13543814,37.5776779,126.9824667,mid,감고당길
st_05392,북촌로4길,북촌로4길,https://map.naver.com/p/entry/place/19688843,37.5793282,126.9865087,mid,북촌로4길
st_05393,이자카야 곤조(폐업),이자카야 곤조,,,,failed,
st_05394,카페 플로체(폐업),카페플로체,,,,failed,
st_05397,일산로441번길,일산로441번길,https://map.naver.com/p/entry/place/19472006,37.6718598,126.7759963,mid,일산로441번길
st_05399,모세로,모세로,https://map.naver.com/p/entry/place/18937491,37.4807795,126.868507,mid,모세로
st_05400,오름,빵오름,,,,failed,
st_05405,명륜4길,명륜4길,https://map.naver.com/p/entry/place/17471732,35.8425117,127.1262482,mid,명륜4길
st_05410,동피랑전망대/동포루,동포루,https://map.naver.com/p/entry/place/1287675438,34.8456932,128.4276356,mid,동포루
st_05597,연희홍연아파트 정류장(13207),연희홍연아파트,https://map.naver.com/p/entry/place/18749549,37.5776976,126.9320798,mid,홍연아파트
st_05598,홍제천로,홍제천로,https://map.naver.com/p/entry/place/18751455,37.5703208,126.9230375,mid,홍제천로
st_05603,경의선숲길,경의선숲길공원,,,,failed,
st_05608,올림픽대로,올림픽대로,,,,failed,
st_05609,야구연습장,야구연습장,,,,failed,
st_05618,잠실중학교 정류장(24131),잠실중학교,https://map.naver.com/p/entry/place/230,37.5176314,127.0992992,mid,잠실중학교
st_05622,맘마농가식자재마트,맘마농가식자재마트,,,,failed,
st_05623,무궁화로,무궁화로,https://map.naver.com/p/entry/place/20973429,37.6715183,126.7826346,mid,무궁화로
st_05910,도적,도적 합정점,https://map.naver.com/p/entry/place/11683257,37.548834,126.9201769,coord,도적 합정점
st_05912,던킨 북창점 앞,던킨 북창점,https://map.naver.com/p/entry/place/11493056,37.5637345,126.9777876,coord,던킨 북창점
st_05918,춘천골닭갈비,춘천골 닭갈비 건대본점,,,,failed,
st_05922,아울렛마트 귤현점,아울렛마트,,,,failed,
st_05923,신세계약국 앞,신세계약국,https://map.naver.com/p/entry/place/13240800,37.4744132,126.6319162,coord,신세계약국
st_05925,송림성결교회,송림성결교회,,,,failed,
st_05926,탐앤탐스 인천주안점,탐앤탐스 인천주안점,,,,failed,
st_05930,루이스클럽,루이스,,,,failed,
st_05932,가와지공원,가와지어린이공원,https://map.naver.com/p/entry/place/34333402,37.6801776,126.7558098,high,가와지어린이공원
st_05933,TGI 롯데백화점 일산점,롯데백화점 일산점,https://map.naver.com/p/entry/place/12133972,37.660478,126.7721024,coord,롯데백화점 일산점
st_05934,대장2교 굴다리,대장2교,https://map.naver.com/p/entry/place/1105530164,37.6206273,126.8000415,high,대장2교
st_05938,금정역 7번출구쪽,금정역,,,,failed,
st_05947,스타나이트클럽 사거리,스타,,,,failed,
st_05948,37.5룸,37.5,,,,failed,
st_05950,목포 중앙성결교회,목포중앙성결교회,https://map.naver.com/p/entry/place/15018496,34.7857873,126.3836915,coord,기독교대한성결교회 목포중앙교회
st_05952,달맞이공원 놀이터,달맞이공원,https://map.naver.com/p/entry/place/17272835,34.7948109,126.4272465,coord,달맞이공원
st_05998,월드컵북로58길,월드컵북로58길,https://map.naver.com/p/entry/place/19684558,37.5812644,126.8863051,mid,월드컵북로58길
st_06002,더바지라운지 앤 웨이크,더바지라운지 앤 웨이크,,,,failed,
st_06009,숙대입구역2번출구,숙대입구,,,,failed,
st_06017,대림상가3층,대림상가,https://map.naver.com/p/entry/place/18701555,37.5670369,126.9954788,coord,세운대림상가
st_06018,창경궁로34길,창경궁로34길,https://map.naver.com/p/entry/place/19685062,37.5848457,127.0009344,mid,창경궁로34길
st_06028,논현로,논현로,,,,failed,
st_06029,도산대로,도산대로,https://map.naver.com/p/entry/place/18809622,37.5249792,127.05035,mid,도산대로89길
st_06031,한양화로 삼성동본점,한양화로삼성동본점,,,,failed,
st_06039,육전국밥,육전국밥 파주야당점,https://map.naver.com/p/entry/place/1425817889,37.7065715,126.7587601,coord,육전국밥 파주야당점
st_06053,단양클레이사격장,단양 사격테마파크 (단양 클레이사격장),https://map.naver.com/p/entry/place/1627142512,36.962988,128.3922823,coord,단양사격테마파크
st_15298,단양클레이사격장,단양 사격테마파크 (단양 클레이사격장),https://map.naver.com/p/entry/place/1627142512,36.962988,128.3922823,coord,단양사격테마파크
st_06276,월드컵북로58길,월드컵북로58길,https://map.naver.com/p/entry/place/19684558,37.5812644,126.8863051,mid,월드컵북로58길
st_13957,월드컵북로58길,월드컵북로58길,https://map.naver.com/p/entry/place/19684558,37.5812644,126.8863051,mid,월드컵북로58길
st_06285,영종순환로,영종순환로,,,,failed,
st_06286,신도시북로,신도시북로,,,,failed,
st_06301,엑스코로,엑스코로,,,,failed,
st_06371,마곡중앙로,마곡중앙로,,,,failed,
st_06372,놋다리문화공원,놋다리문화공원,,,,failed,
st_06377,의사당대로,의사당대로,,,,failed,
st_06386,경인로74길,경인로74길,https://map.naver.com/p/entry/place/19005799,37.511023,126.8931097,mid,경인로74길
st_06400,덕수궁돌담길,덕수궁 돌담길,,,,failed,
st_16506,덕수궁돌담길,덕수궁 돌담길,,,,failed,
st_06403,삼순이계단,삼순이계단,,,,failed,
st_18457,삼순이계단,삼순이계단,,,,failed,
st_06405,종로12길,종로12길,https://map.naver.com/p/entry/place/18669146,37.5694753,126.9857478,mid,종로12길
st_06409,세종대로 사거리,서울 세종로 사거리,https://map.naver.com/p/entry/place/18664576,37.5702093,126.9769749,mid,세종대로사거리
st_06415,서순라길,서순라길,,,,failed,
st_06416,약령중앙로,약령중앙로,https://map.naver.com/p/entry/place/18847442,37.5848647,127.0374993,mid,약령중앙로
st_06418,약령중앙로4길,약령중앙로4길,https://map.naver.com/p/entry/place/18844453,37.5798875,127.0374122,mid,약령중앙로4길
st_06434,계산시장입구,계산전통시장,https://map.naver.com/p/entry/place/13345768,37.5393181,126.7245179,coord,계산전통시장
st_06435,계산시장,계산전통시장,https://map.naver.com/p/entry/place/13345768,37.5393181,126.7245179,coord,계산전통시장
st_06436,히든가든,히든가든,,,,failed,
st_06437,인천타워대로,인천타워대로,https://map.naver.com/p/entry/place/34145190,37.3989677,126.6313612,mid,인천타워대로
st_06438,컨벤시아대로,컨벤시아대로,https://map.naver.com/p/entry/place/16633746,37.3808131,126.6339602,mid,컨벤시아대로
st_06440,센트럴로,센트럴로,https://map.naver.com/p/entry/place/16634514,37.3845357,126.6581388,mid,센트럴로
st_06458,새말길329번길,새말길329번길,https://map.naver.com/p/entry/place/18272934,37.3826372,127.1766542,mid,새말길329번길
st_06463,향호해변,향호해변,,,,failed,
st_06467,마도 해안절벽,마도 해안절벽,,,,failed,
st_09571,마도 해안절벽,마도 해안절벽,,,,failed,
st_06471,요천로(광한루원앞),광한루원,https://map.naver.com/p/entry/place/12292865,35.4032843,127.3795144,coord,광한루원
st_06475,엠버리조트,Amber Pure Hill Hotels&Resorts Jeju,,,,failed,
st_06478,신창풍차해안도로,신창풍차해안,https://map.naver.com/p/entry/place/13481087,33.3453012,126.1775194,mid,신창 풍차해안
st_06768,성아해물생선,성아해물생선,,,,failed,
st_06771,샛강다리,샛강문화다리,https://map.naver.com/p/entry/place/19994574,37.5187612,126.9183975,coord,여의도 샛강생태공원문화다리
st_19700,샛강다리,샛강문화다리,https://map.naver.com/p/entry/place/19994574,37.5187612,126.9183975,coord,여의도 샛강생태공원문화다리
st_19867,샛강다리,샛강문화다리,https://map.naver.com/p/entry/place/19994574,37.5187612,126.9183975,coord,여의도 샛강생태공원문화다리
st_06772,서울마리나 클럽&요트,서울마리나 클럽&요트,https://map.naver.com/p/entry/place/37695740,37.5347983,126.9116093,coord,로얄크루져
st_06775,덕수궁 돌담길,덕수궁 돌담길,,,,failed,
st_06888,소망김밥,소망김밥,,,,failed,
st_06898,계림빌딩앞,계림빌딩,,,,failed,
st_06899,명물길,명물길,https://map.naver.com/p/entry/place/18747755,37.5583712,126.9384913,mid,명물길
st_06905,한강대로7길,한강대로7길,https://map.naver.com/p/entry/place/1658193775,37.524489,126.9615995,coord,용산역점심 넉넉한상
st_06907,새창로49길,새창로49길,https://map.naver.com/p/entry/place/18722535,37.5343489,126.963919,mid,새창로49길
st_06909,뚝섬로,뚝섬로,,,,failed,
st_06913,세종대로,세종대로,,,,failed,
st_06918,독서당로62가길,독서당로62가길,https://map.naver.com/p/entry/place/18779191,37.5497122,127.0319965,mid,독서당로62가길
st_06926,원창로,원창로,,,,failed,
st_06933,자연대로,자연대로,,,,failed,
st_06935,어촌로,어촌로,,,,failed,
st_06939,테크노파크로,테크노파크로,https://map.naver.com/p/entry/place/16634515,37.3841461,126.648401,mid,테크노파크로
st_06955,강매석교공원 주차장,강매석교공원,,,,failed,
st_06975,천안교도소,천안교도소,https://map.naver.com/p/entry/place/36831874,36.8584991,127.1625565,mid,천안교도소앞삼거리
st_06979,월명로,월명로,,,,failed,
st_06982,창제리,창제리,,,,failed,
st_06985,자은고교선착장,고교선착장,,,,failed,
st_06986,한운길,한운길,,,,failed,
st_06987,둔장어촌체험휴양마을,둔장어촌체험마을,https://map.naver.com/p/entry/place/31526405,34.9156773,126.0577535,coord,둔장어촌체험마을
st_06988,사월포길,전남광주통합특별시 혁신도시지원단,,,,failed,
st_06994,흰여울길,흰여울길,https://map.naver.com/p/entry/place/19628277,35.077228,129.046265,mid,흰여울길
st_06997,해양힐링로,해양힐링로,https://map.naver.com/p/entry/place/1196315772,35.0651302,129.0691091,mid,해양힐링로
st_06999,하카타항국제터미널 주차장,하카타항 국제터미널 유료주차장,,,,failed,
st_07000,C.Sビル,CSビル,,,,failed,
st_07001,多門ビル,多門ビル,,,,failed,
st_07003,강변한신코아아파트,강변한신코아,,,,failed,
st_11835,강변한신코아아파트,강변한신코아,,,,failed,
st_07005,パパヒロヤ 中洲のドラッグストア,パパヒロヤ 中洲のドラッグストア,,,,failed,
st_07006,ラインビル,第１ラインビル,,,,failed,
st_07009,ブラザーズジム,ブラザーズジム,,,,failed,
st_07012,はかた近代ビル,はかた近代ビル,,,,failed,
st_07207,연남부동산,이음공인중개사사무소,,,,failed,
st_07209,연남동집,연남동 맛집 연남한양집 | Korean Restaurant Yeonnam Hanyangjip | 韩国餐厅 | 韓国レストラン,,,,failed,
st_07210,신흥아파트3차,신흥아트3차,https://map.naver.com/p/entry/place/18801162,37.566025,126.9216875,coord,신흥아트3차빌라
st_07211,레드문516,레드문,,,,failed,
st_07213,새마을금고,서울은평새마을금고 본사,,,,failed,
st_07216,연남동,연남동,,,,failed,
st_07217,동교로41길,동교로41길,https://map.naver.com/p/entry/place/18799880,37.5636072,126.9234237,mid,동교로41길
st_07223,동아운수 우이동영업소,동아운수,https://map.naver.com/p/entry/place/17931999,37.6609278,127.0137032,mid,동아운수
st_07225,인천공항 D주차장,인천국제공항 제1여객터미널 P2 장기주차장,,,,failed,
st_07226,자유공원남로,자유공원남로,,,,failed,
st_07228,통일로,통일로,,,,failed,
st_07235,성남국빈관나이트,성남국빈관나이트,,,,failed,
st_07237,세명대학교 학술정보원,세명대학교 학술관,,,,failed,
st_07240,주공아파트,산남주공4단지아파트,,,,failed,
st_07246,대청로(1),대청로,https://map.naver.com/p/entry/place/17711445,36.3479716,126.6018619,mid,대청로
st_07249,동대사거리,동대사거리,https://map.naver.com/p/entry/place/17710751,36.3485362,126.6043247,mid,동대사거리
st_07251,주공사거리,주공사거리,,,,failed,
st_07254,당교로,당교로,https://map.naver.com/p/entry/place/15390818,36.5852627,128.1858307,mid,당교로
st_07257,우암로61번길,우암로61번길,https://map.naver.com/p/entry/place/19624961,35.1167127,129.0801425,mid,우암로61번길
st_07258,양지골로169번길,양지골로169번길,https://map.naver.com/p/entry/place/19628413,35.115941,129.0833713,mid,양지골로169번길
st_07259,홍곡로,홍곡로,,,,failed,
st_07261,이원아파트 사거리,이원아파트,,,,failed,
st_07262,홍곡로(2),2,,,,failed,
st_07263,솔개다리 정류장,솔개다리,https://map.naver.com/p/entry/place/16869837,35.1128383,129.0819966,mid,솔개다리
st_07264,우암로26번길,우암로26번길,https://map.naver.com/p/entry/place/16871650,35.1138807,129.0849632,mid,우암로26번길
st_07265,양지골로55번길,양지골로55번길,https://map.naver.com/p/entry/place/16871018,35.1133443,129.0843961,mid,양지골로55번길
st_07266,우암로26번길(2),우암로26번길,https://map.naver.com/p/entry/place/16871650,35.1138807,129.0849632,mid,우암로26번길
st_07373,덕산중학교.두산위브아파트 정류장(12499),덕산중학교.두산위브아파트,,,,failed,
st_07374,증산서길,증산서길,https://map.naver.com/p/entry/place/18692280,37.5807125,126.90385,mid,증산서길
st_07387,여의대로(LG트윈타워앞),LG 트윈타워,https://map.naver.com/p/entry/place/18999575,37.527985,126.9292074,coord,LG트윈타워
st_07394,강변북로,강변북로,,,,failed,
st_07398,서빙고초등학교 정류장,서빙고초등학교,https://map.naver.com/p/entry/place/12379210,37.5212895,126.9922356,mid,서빙고초등학교
st_07400,퇴계로20길,퇴계로20길,https://map.naver.com/p/entry/place/13573290,37.5581107,126.9869447,coord,목멱산방
st_07402,을지로(1),을지로1가,,,,failed,
st_07403,을지로(2),을지로2가,,,,failed,
st_07404,을지로5길,을지로5길,https://map.naver.com/p/entry/place/18688578,37.5665253,126.9844198,mid,을지로5길
st_07405,SK텔레콤빌딩앞 택시정류장,SK텔레콤,https://map.naver.com/p/entry/place/12126990,37.5664749,126.9850375,coord,SK텔레콤 본사
st_07406,명동11길,명동11길,https://map.naver.com/p/entry/place/18688966,37.5653727,126.9859354,mid,명동11길
st_07409,을지로2가교차로,청계2가교차로,https://map.naver.com/p/entry/place/18689203,37.56795,126.9876,mid,청계2가
st_07412,광통교,광통교,https://map.naver.com/p/entry/place/18666283,37.5689915,126.9809874,high,광통교
st_07413,서린동.SK서린빌딩 정류장,서린동.SK서린빌딩,https://map.naver.com/p/entry/place/18666383,37.5697097,126.9804524,mid,SK서린빌딩
st_07414,한화빌딩앞,한화빌딩,https://map.naver.com/p/entry/place/18689239,37.5674605,126.9865371,coord,한화빌딩
st_07417,신당역1번출구,한솥도시락 신당역1번출구점,https://map.naver.com/p/entry/place/21661125,37.5657923,127.0187504,coord,한솥도시락 신당역1번출구점
st_07418,퇴계로83길,퇴계로83길,https://map.naver.com/p/entry/place/18708987,37.5669674,127.0185103,mid,퇴계로83길
st_07419,모아주방설비,모아종합주방,https://map.naver.com/p/entry/place/1809150665,37.5680564,127.0216332,coord,모아종합주방
st_07423,북촌로5길,북촌로5길,https://map.naver.com/p/entry/place/18670969,37.5798402,126.9814168,mid,북촌로5길
st_07425,감고당길(1),감고당길,https://map.naver.com/p/entry/place/13543814,37.5776779,126.9824667,mid,감고당길
st_07426,감고당길(2),감고당길,https://map.naver.com/p/entry/place/13543814,37.5776779,126.9824667,mid,감고당길
st_07427,북촌5가길,북촌로5가길,https://map.naver.com/p/entry/place/19923235,37.5807668,126.9817321,mid,북촌로5가길
st_07430,포토이즘박스 익선동점 앞,포토이즘박스익선동점,https://map.naver.com/p/entry/place/1118162612,37.5741503,126.9902366,coord,포토이즘박스 익선동점
st_07433,아트몬스터 익선동점 앞,아트몬스터 익선동점,https://map.naver.com/p/entry/place/1042113634,37.5736099,126.9904716,coord,아트몬스터 익선동점
st_07435,아씨방앗간 앞,아씨방앗간,https://map.naver.com/p/entry/place/876034195,37.5737031,126.9895736,coord,아씨방앗간
st_07436,뜰안 앞,뜰안,,,,failed,
st_07440,에일당 앞,에일당,https://map.naver.com/p/entry/place/337616098,37.5735492,126.9900564,coord,에일당
st_07441,통돼지집 앞,통돼지집,https://map.naver.com/p/entry/place/19416671,37.5732333,126.9907139,coord,통돼지집
st_07446,티틸 CAFE+BAR,티틸,https://map.naver.com/p/entry/place/1866784569,37.6391246,127.0229277,coord,티틸 CAFE
st_07460,GS25 한강반포2호점,GS25 한강반포2호점,,,,failed,
st_07462,선샤인호텔,호텔선샤인 서울,https://map.naver.com/p/entry/place/11595764,37.520626,127.0288468,coord,호텔선샤인 서울
st_07463,세로수길,세로수길약국,,,,failed,
st_07465,고디바 가로수길 플래그십,고디바 가로수길 플래그십,,,,failed,
st_07466,인천공항,인천국제공항,,,,failed,
st_08668,인천공항,인천국제공항,,,,failed,
st_07471,의정부시 장애인복지회관,의정부시장애인종합복지관,https://map.naver.com/p/entry/place/12295989,37.7437893,127.0923745,coord,의정부시 장애인종합복지관
st_07490,가루실딸기,가루실딸기,,,,failed,
st_07495,창동1길,창동1길,https://map.naver.com/p/entry/place/17717252,36.3224994,126.6065772,mid,창동1길
st_07496,창동3길,창동3길,https://map.naver.com/p/entry/place/17717243,36.3175636,126.6057863,mid,창동3길
st_07503,문화마을 정류장,문화마을,,,,failed,
st_07507,뉴욕증권거래소,뉴욕 증권거래소,,,,failed,
st_07508,Empire Fulton Ferry State Park,Empire Fulton Ferry,,,,failed,
st_07695,팬엔터테인먼트 사옥,팬엔터테인먼트,https://map.naver.com/p/entry/place/12138941,37.58159,126.88704,coord,팬 엔터테인먼트
st_07696,CU성산진영점,CU 성산진영점,,,,failed,
st_07702,정든집,정든집,,,,failed,
st_18787,정든집,정든집,,,,failed,
st_07705,한강대로7길,한강대로7길,https://map.naver.com/p/entry/place/1658193775,37.524489,126.9615995,coord,용산역점심 넉넉한상
st_07706,새창로49길 지하도,새창로49길,https://map.naver.com/p/entry/place/18722535,37.5343489,126.963919,mid,새창로49길
st_07709,남산육교,남산육교,https://map.naver.com/p/entry/place/18690016,37.5574809,126.9763954,mid,남산육교
st_07710,남대문시장4길,남대문시장4길,https://map.naver.com/p/entry/place/18689994,37.5589411,126.977443,mid,남대문시장4길
st_07711,남대문시장7길,남대문시장,,,,failed,
st_07714,낙산길,낙산 성곽길,https://map.naver.com/p/entry/place/13299765,37.5804769,127.0075869,coord,낙산공원
st_07717,할아버지공장,카페 할아버지 공장,,,,failed,
st_07720,대명벨리온 앞,대명벨리온,,,,failed,
st_07723,서운체육공원 매점,서운체육공원,https://map.naver.com/p/entry/place/1506737000,37.5320425,126.7441275,coord,서운체육공원농구장
st_07731,화적연,화적연 (용바위),,,,failed,
st_12429,화적연,화적연 (용바위),,,,failed,
st_07756,공주 메타세콰이어숲길,공주 메타세콰이어숲길,,,,failed,
st_07758,약령길,약령길,https://map.naver.com/p/entry/place/35800188,36.4497073,127.1216449,mid,약령길
st_07762,세븐일레븐 전북대점 앞,세븐일레븐 전북대점,https://map.naver.com/p/entry/place/1638048367,35.842277,127.1272783,coord,세븐일레븐 전주전북대센터점
st_07768,맥문동솔숲,맥문동 솔숲,,,,failed,
st_07771,토모루,토모루,,,,failed,
st_07775,브루클린 교,브루클린 교,,,,failed,
st_08069,루카511,루카511,,,,failed,
st_08074,거화빌딩,거화빌딩,,,,failed,
st_08075,만화카페,카툰플러스 만화카페,,,,failed,
st_08077,오목집,오목집 목동본점,https://map.naver.com/p/entry/place/31714505,37.5294394,126.8752936,coord,오목집 목동본점
st_08081,남산,남산,https://map.naver.com/p/entry/place/38010065,37.5567578,126.9853192,mid,남산 촛불1978
st_08083,북촌한옥마을/담소정,담소정,https://map.naver.com/p/entry/place/21892847,37.5814083,126.9843214,coord,담소정
st_08272,홍제유연,홍제유연,,,,failed,
st_08277,소월로(어반클리프쪽),어반클리프,https://map.naver.com/p/entry/place/2087343638,37.5473846,126.9840582,coord,어반클리프 URBAN CLIFF
st_08279,"을지로입구역3,4번출구쪽",을지로입구,,,,failed,
st_08284,청와대,대한민국 청와대,,,,failed,
st_08285,평창40길,평창40길,https://map.naver.com/p/entry/place/18684767,37.613425,126.9817438,mid,평창40길
st_08286,평창7길,평창7길,https://map.naver.com/p/entry/place/18685221,37.6162708,126.9756562,mid,평창7길
st_08291,강남대로,강남대로,,,,failed,
st_08292,윤빌딩,윤빌딩,,,,failed,
st_08294,코엑스(아셈타워쪽),아셈타워,,,,failed,
st_08307,양지골로,양지골로,https://map.naver.com/p/entry/place/16870881,35.1119841,129.085949,mid,양지골로
st_08454,마포경찰서옆,서울마포경찰서,https://map.naver.com/p/entry/place/18764536,37.5504417,126.9544875,coord,서울마포경찰서별관
st_08460,창신빌라5차,창신빌라,,,,failed,
st_08461,아리따움,아리따움 경희대점,,,,failed,
st_08463,더사보르,더사보르(THESABOR)상월곡점,,,,failed,
st_08467,원조자원대구탕,자원대구탕,https://map.naver.com/p/entry/place/11693446,37.5347476,126.9738923,coord,자원대구탕
st_08624,서울집,서울집,,,,failed,
st_08627,샤론미용실앞,샤론미용실,https://map.naver.com/p/entry/place/1224938340,37.5588323,126.906118,coord,샤론미용실
st_08629,돈치킨,돈치킨호프구운치킨,,,,failed,
st_08633,이태리타올,더이태리타올,,,,failed,
st_08635,몽마르뜨언덕위 은하수다방,몽마르뜨언덕위,,,,failed,
st_11489,몽마르뜨언덕위 은하수다방,몽마르뜨언덕위,,,,failed,
st_08637,캐틀앤비,캐틀앤비,,,,failed,
st_08642,감고당길,감고당길,https://map.naver.com/p/entry/place/13543814,37.5776779,126.9824667,mid,감고당길
st_08643,서울공예박물관앞,서울공예박물관,https://map.naver.com/p/entry/place/1922603121,37.5766474,126.983379,coord,서울공예박물관
st_08649,매그놀리아,magnolia/매그놀리아,,,,failed,
st_08652,충무로5길,충무로5길,https://map.naver.com/p/entry/place/18701256,37.5653229,126.991686,mid,충무로5길
st_08655,천호대로91길,천호대로91길,https://map.naver.com/p/entry/place/19681132,37.5638707,127.0698437,mid,천호대로91길
st_08656,"한강(동호대교,성수대교사이)",동호대교,https://map.naver.com/p/entry/place/18783095,37.5361223,127.0212191,mid,동호대교
st_08663,청라한내로,청라한내로,,,,failed,
st_08664,한내삼거리,한내삼거리,,,,failed,
st_08665,청라한내로162번길,청라한내로162번길,https://map.naver.com/p/entry/place/36486005,37.5396884,126.6301115,coord,청라한내로162번길
st_08666,구움다방(폐업),구움다방,,,,failed,
st_08674,삼송로(2),삼송,,,,failed,
st_08676,장미아파트,장미아파트,,,,failed,
st_08682,자혜로(1),자혜로,https://map.naver.com/p/entry/place/19220620,37.4504329,127.1608535,mid,자혜로
st_08683,자혜로(2),자혜로,https://map.naver.com/p/entry/place/19220860,37.4513804,127.1675323,mid,자혜로
st_08684,산성대로372번길,산성대로372번길,https://map.naver.com/p/entry/place/19220183,37.4449333,127.1586483,mid,산성대로372번길
st_08685,광명로,광명로,https://map.naver.com/p/entry/place/20644705,37.4409086,127.1509698,mid,광명로
st_08688,공원로,공원로,,,,failed,
st_08689,판교역로,판교역로,,,,failed,
st_08692,탄현로(1),탄현로1번길,,,,failed,
st_08693,탄현로(2),탄현로,https://map.naver.com/p/entry/place/19470311,37.0769068,127.055368,mid,탄현로
st_08696,밀리언그라운드 홍천,밀리언그라운드 (어나더 빌라) by 스테이빌리티+LG전자,,,,failed,
st_08699,금송,금송한정식,https://map.naver.com/p/entry/place/32799848,36.667838,127.483776,coord,금송한정식
st_08703,옛장흥교도소,장흥교도소,https://map.naver.com/p/entry/place/1363633162,34.6878022,126.9139961,coord,빠삐용zip
st_08792,청담역3번출구,청담,,,,failed,
st_08796,에브라임안경,브릿지안경,,,,failed,
st_08985,서브웨이,써브웨이 인천길병원점,https://map.naver.com/p/entry/place/1732954815,37.4532432,126.7065586,coord,써브웨이 인천길병원점
st_08987,서래갈매기,서래갈매기,,,,failed,
st_08989,대성관,대성관,https://map.naver.com/p/entry/place/16942714,35.1875151,129.0829422,coord,대성관
st_09491,상암카이저팰리스클래식아파트,상암카이저팰리스클래식,https://map.naver.com/p/entry/place/18808238,37.573746,126.8908024,coord,상암카이저팰리스클래식
st_09492,우리기술빌딩,우리기술,https://map.naver.com/p/entry/place/1423465643,37.581429,126.8874358,coord,우리기술
st_09494,가온문화공원 앞,가온문화공원,https://map.naver.com/p/entry/place/18808738,37.5819667,126.8875874,high,가온문화공원
st_09496,"한강(양화대교,서강대교사이)",양화대교,,,,failed,
st_09497,성산로22길,성산로22길,https://map.naver.com/p/entry/place/19683559,37.5599232,126.9336108,mid,성산로22길
st_09502,카페로드,카페 로드트립 (Cafe Roadtrip),,,,failed,
st_09504,레스케이프호텔 마크다모르,마크다모르,https://map.naver.com/p/entry/place/1873443872,37.5597339,126.9795465,coord,레스케이프 마크 다모르
st_09512,삼일대로32길,삼일대로32길,https://map.naver.com/p/entry/place/18668657,37.575484,126.9889327,mid,삼일대로32길
st_09524,계약주식동네포차,계양주식동네포차,https://map.naver.com/p/entry/place/1394066783,37.5298048,126.7437284,coord,계양주식동네포차
st_09530,시향,시향,,,,failed,
st_09531,부흥로,부흥로,,,,failed,
st_09534,문학사상,문학사상,,,,failed,
st_09537,르팽드파크23,르팽드파크23,,,,failed,
st_09541,올림픽수영장,안산올림픽수영장,https://map.naver.com/p/entry/place/20087111,37.3262168,126.8282828,coord,안산올림픽기념관수영장
st_09551,수원천로392번길,수원천로392번길,https://map.naver.com/p/entry/place/19207706,37.2866124,127.0198125,mid,수원천로392번길
st_09552,경수대로743번길,경수대로743번길,,,,failed,
st_09554,화홍문앞,화홍문,https://map.naver.com/p/entry/place/19802086,37.2875447,127.0176347,high,화홍문
st_09556,화홍문근처,화홍문,https://map.naver.com/p/entry/place/19802086,37.2875447,127.0176347,high,화홍문
st_09557,북동포루가는길,북동포루,https://map.naver.com/p/entry/place/20605520,37.2885976,127.0164688,mid,수원화성북동포루
st_09566,아야진소길,아야진소길,https://map.naver.com/p/entry/place/15151865,38.2697974,128.5536269,high,아야진소길
st_09568,스테이해돋 앞바다,스테이해돋,https://map.naver.com/p/entry/place/1409076222,38.2702456,128.5571024,coord,스테이해돋
st_09572,마도길(2),2,,,,failed,
st_09573,마도길,마도길,https://map.naver.com/p/entry/place/19667002,36.6840487,126.1354871,high,마도길
st_09578,금강공원길,금강공원길,https://map.naver.com/p/entry/place/17695560,36.4667872,127.1217536,mid,금강공원길
st_10114,동일슈퍼,동일슈퍼,,,,failed,
st_10118,오동근린공원,오동근린공원(성북),https://map.naver.com/p/entry/place/2142678881,37.611667,127.0401892,coord,오동근린공원 물놀이장
st_10119,새창로49길,새창로49길,https://map.naver.com/p/entry/place/18722535,37.5343489,126.963919,mid,새창로49길
st_17553,새창로49길,새창로49길,https://map.naver.com/p/entry/place/18722535,37.5343489,126.963919,mid,새창로49길
st_10120,삼부조명,삼부조명,,,,failed,
st_10124,보신각터,보신각,https://map.naver.com/p/entry/place/13541987,37.569795,126.9835376,coord,보신각
st_10153,강변북로,강변북로,https://map.naver.com/p/entry/place/19318790,37.5430479,127.023809,coord,강변북로
st_10155,코엑스교차로,코엑스,,,,failed,
st_10217,그랜드마트앞,그랜드마트,,,,failed,
st_10218,송림로61번길,송림로61번길,,,,failed,
st_10222,약산길,약산길,https://map.naver.com/p/entry/place/19471858,37.6796718,126.7917816,mid,약산길
st_10223,라몬테이탈리아노,라몬테이탈리아노,https://map.naver.com/p/entry/place/1783644094,37.6599747,126.7550712,coord,LA MONTE ITALIANO
st_10230,거북섬로,거북섬로,https://map.naver.com/p/entry/place/401141219,37.3208803,126.679745,mid,거북섬로
st_10232,위례 지웰푸르지오앞,위례지웰푸르지오,https://map.naver.com/p/entry/place/37374405,37.4816044,127.1489327,coord,위례지웰푸르지오
st_10234,단국대학교 죽전캠퍼스 법정관,단국대학교,,,,failed,
st_10278,여의도환승센터 횡단보도,여의도환승센터,https://map.naver.com/p/entry/place/34975485,37.5259892,126.9240591,mid,여의도환승센터
st_10280,여의나루로,여의나루로,https://map.naver.com/p/entry/place/19690407,37.5222087,126.9271891,mid,여의나루로4길
st_10282,여의나루로2길,여의나루로2길,https://map.naver.com/p/entry/place/19689782,37.5190212,126.9243693,mid,여의나루로2길
st_10284,동작대교,동작대교,https://map.naver.com/p/entry/place/18726869,37.5108249,126.9819963,mid,동작대교
st_10292,종합운동장역2번출구,종합운동장,https://map.naver.com/p/entry/place/11622958,37.5148022,127.0736261,mid,잠실종합운동장
st_10293,종합운동장역1번출구,종합운동장,https://map.naver.com/p/entry/place/11622958,37.5148022,127.0736261,mid,잠실종합운동장
st_10302,새마을로3599번길,새마을로3599번길,https://map.naver.com/p/entry/place/19595171,36.1612792,129.09475,high,새마을로3599번길
st_10307,해안로2626번길,해안로2626번길,https://map.naver.com/p/entry/place/19601422,36.2204515,129.3857609,high,해안로2626번길
st_10309,청하로192번길,청하로192번길,https://map.naver.com/p/entry/place/19599467,36.1967955,129.3409993,high,청하로192번길
st_10310,청하로175번길(1),청하로175번길,https://map.naver.com/p/entry/place/19599560,36.194825,129.3347563,high,청하로175번길
st_10311,청하로175번길(2),2,,,,failed,
st_10316,해안로,해안로1732번길,https://map.naver.com/p/entry/place/19595269,36.1534208,129.400125,mid,해안로1732번길
st_10319,새마을발상지길113번길,새마을발상지길11번길,https://map.naver.com/p/entry/place/1084095863,36.0690601,129.2048157,mid,새마을발상지길11번길
st_10322,해안로(4),해안로441번길,https://map.naver.com/p/entry/place/19600696,36.0723686,129.405176,mid,해안로441번길
st_10325,청포도다방(폐업),청포도다방,https://map.naver.com/p/entry/place/2051761280,36.0391647,129.3676183,coord,문화경작소 청포도다방
st_10329,시장칼국수,시장칼국수,,,,failed,
st_10332,서동로,서동로,,,,failed,
st_10335,대신로30번길,대신로30번길,https://map.naver.com/p/entry/place/15704887,36.0467299,129.369353,mid,대신로30번길
st_10339,희망대로,희망대로,,,,failed,
st_10347,호미로,호미로,,,,failed,
st_10349,해맞이로46번길(1),해맞이로46번길,https://map.naver.com/p/entry/place/19603947,36.0652458,129.5724563,high,해맞이로46번길
st_10350,해맞이로46번길,해맞이로46번길,https://map.naver.com/p/entry/place/19603947,36.0652458,129.5724563,high,해맞이로46번길
st_10351,해맞이로46번길(3),해맞이로46번길,https://map.naver.com/p/entry/place/19603947,36.0652458,129.5724563,mid,해맞이로46번길
st_10353,땅끝황토펜션야영장,땅끝황토팬션,https://map.naver.com/p/entry/place/30868387,36.0193089,129.581738,coord,땅끝황토펜션오토캠핑
st_10359,구룡포길,구룡포길,https://map.naver.com/p/entry/place/19603973,35.990692,129.5610403,high,구룡포길
st_10363,호미로,호미로,,,,failed,
st_10367,동해안로3261번길,동해안로3261번길,https://map.naver.com/p/entry/place/34146615,35.8791958,129.5167977,high,동해안로3261번길
st_10369,양포항길,양포항길,https://map.naver.com/p/entry/place/19602559,35.8819333,129.5222375,high,양포항길
st_10371,계원리 등대,계원리 등대,https://map.naver.com/p/entry/place/37784102,35.8706682,129.5341189,coord,양포등대
st_10447,상암DMC홍보관.YTN,상암DMC홍보관.YTN,,,,failed,
st_10453,봄봄,봄봄 한식뷔페 성수점,,,,failed,
st_10454,쉐프조,쉐프조 문래본점,https://map.naver.com/p/entry/place/32873364,37.5192764,126.8927188,coord,쉐프조 문래본점
st_10455,대우트럼프월드II,대우트럼프월드 2차,https://map.naver.com/p/entry/place/19001110,37.5175453,126.9273174,coord,대우트럼프월드2차아파트
st_10460,수노래방,수노래연습장 홍대 럭셔리점,,,,failed,
st_10465,미증유옆,미증유,https://map.naver.com/p/entry/place/1117011869,37.5781938,126.8962757,coord,미증유
st_10466,서브웨이,써브웨이 홍익대점,,,,failed,
st_10478,남산육교,남산육교,https://map.naver.com/p/entry/place/18690016,37.5574809,126.9763954,mid,남산육교
st_10836,더세인트41,THESAINT41,,,,failed,
st_10839,세종대로,세종대로,,,,failed,
st_10841,청계천로,청계천로,,,,failed,
st_10847,강남대로,강남대로,,,,failed,
st_10857,리븐델하우스,리븐델,,,,failed,
st_10866,경기동로186번길,경기동로186번길,,,,failed,
st_10868,스포츠타운길,스포츠타운길,https://map.naver.com/p/entry/place/15636647,37.852075,127.6897438,mid,스포츠타운길
st_10876,황등석산,(주)황등석산,,,,failed,
st_11216,마곡중앙14로,마곡중앙14로,https://map.naver.com/p/entry/place/35792919,37.5699327,126.8299846,mid,마곡중앙14로
st_11219,LG사이언스파크 정류장(16108),LG사이언스파크,https://map.naver.com/p/entry/place/1907138406,37.5631715,126.8317624,coord,LG사이언스파크E2동
st_11222,증산로13가길(1),1,,,,failed,
st_11224,증산로13가길(3),3,,,,failed,
st_11227,희우정로,희우정로,https://map.naver.com/p/entry/place/18794181,37.5543549,126.9015352,mid,희우정로
st_11228,광신빌딩,광신빌딩,,,,failed,
st_11229,서강로,서강로,https://map.naver.com/p/entry/place/19585694,37.5488141,126.9318343,mid,서강로
st_11230,경의선숲길,경의선숲길공원,,,,failed,
st_11235,영등포역 육교,영등포,,,,failed,
st_11236,경인로94길,경인로94길,https://map.naver.com/p/entry/place/19005780,37.5143219,126.9028731,mid,경인로94길
st_11243,매봉18길,매봉18길,https://map.naver.com/p/entry/place/36995944,37.555385,127.0172818,mid,매봉18길
st_11250,압구정로,압구정로,https://map.naver.com/p/entry/place/20618842,37.5281869,127.030376,mid,압구정로
st_11251,도산대로,도산대로,https://map.naver.com/p/entry/place/19585732,37.522137,127.0357568,mid,도산대로
st_11252,인천공항,인천국제공항,,,,failed,
st_11253,영종순환로,영종순환로,,,,failed,
st_11255,차이나타운로,차이나타운로,https://map.naver.com/p/entry/place/19623824,37.474707,126.618134,coord,차이나타운로
st_11256,제물량로,제물량로,,,,failed,
st_11262,도담터스튜디오,(주) 도담터,,,,failed,
st_17579,도담터스튜디오,(주) 도담터,,,,failed,
st_17867,도담터스튜디오,(주) 도담터,,,,failed,
st_11265,월드고양로,월드고양로,https://map.naver.com/p/entry/place/34146923,37.6609373,126.748595,mid,월드고양로
st_11481,인시즌,인시즌,,,,failed,
st_11484,그대와인,그대와인,,,,failed,
st_11492,데이즈쇼룸,데이즈데이즈,https://map.naver.com/p/entry/place/1595708983,37.5359144,127.0006964,coord,데이즈데이즈
st_11494,이태원국민은행,KB국민은행 이태원지점,https://map.naver.com/p/entry/place/11719737,37.5343785,126.9947205,coord,KB국민은행 이태원
st_11496,한담곱창,한담 곱창,https://map.naver.com/p/entry/place/1120176559,37.5306171,126.9670219,coord,한담곱창 용산본점
st_11498,빈티지샵,우니쿠,,,,failed,
st_11500,우리동네키움센터,우리동네키움센터,,,,failed,
st_11501,미미옥,미미옥 신용산점,https://map.naver.com/p/entry/place/1565282758,37.5262851,126.9630047,coord,미미옥 신용산점
st_11503,어항로,어항로,,,,failed,
st_11605,신월동쓰리팝PC방,3POPPC방,,,,failed,
st_11609,삼진기업주변,삼진기업,https://map.naver.com/p/entry/place/13101568,37.5095921,126.8814653,coord,삼진기업
st_11612,어울마당로,어울마당로,https://map.naver.com/p/entry/place/18791648,37.5468416,126.9194538,mid,어울마당로
st_11614,영등포경찰서앞,서울영등포경찰서,https://map.naver.com/p/entry/place/11642496,37.5258475,126.9009425,coord,서울영등포경찰서
st_11615,이앤비하이코,(주)이앤비하이코-HYCO Heavyparts,,,,failed,
st_11616,영등포로,영등포로,,,,failed,
st_11618,영등포로67가길,영등포로67가길,https://map.naver.com/p/entry/place/19011835,37.5148452,126.9200041,mid,영등포로67가길
st_11619,영등포로79가길,영등포로79가길,https://map.naver.com/p/entry/place/19011600,37.5141845,126.9207311,mid,영등포로79가길
st_11622,노량진로26길,노량진로26길,https://map.naver.com/p/entry/place/19028541,37.5118188,126.9542754,mid,노량진로26길
st_11623,문배동이안아파트앞 정류장,문배동이안아파트앞,,,,failed,
st_11625,효창원로69길,효창원로69길,https://map.naver.com/p/entry/place/19469701,37.5423561,126.9604793,mid,효창원로69길
st_11627,중랑천 농구장,중랑천로 농구장,,,,failed,
st_11628,중대로 횡단보도,중대로,,,,failed,
st_11629,송파사회복지관.성요셉성당 정류장,송파사회복지관.성요셉성당,,,,failed,
st_11630,거마로7길,거마로7길,https://map.naver.com/p/entry/place/18886992,37.4971792,127.1421313,mid,거마로7길
st_11632,인천공항,인천국제공항,https://map.naver.com/p/entry/place/1609342642,37.4411124,126.461462,mid,인천국제공항
st_11635,성사교회,성사교회,,,,failed,
st_11639,대전시민천문대 주차장,대전시민천문대,https://map.naver.com/p/entry/place/12121415,36.3816063,127.353708,high,대전시민천문대
st_11642,오랑1길 육교,육교,,,,failed,
st_11643,육교앞,육교,,,,failed,
st_11846,정우빌딩앞,정우빌딩,https://map.naver.com/p/entry/place/18999952,37.5290475,126.9218903,coord,정우빌딩
st_11847,한국수출입은행본점 옆,한국수출입은행 본점,https://map.naver.com/p/entry/place/11583121,37.5288566,126.9234887,coord,한국수출입은행 본점
st_11849,여의공원로,여의공원로,https://map.naver.com/p/entry/place/18999287,37.5265648,126.92141,mid,여의공원로
st_11850,대오빌딩앞,대오빌딩,https://map.naver.com/p/entry/place/19000358,37.522673,126.9249809,coord,대오빌딩
st_11859,덕원,덕원식당,,,,failed,
st_17547,덕원,덕원식당,,,,failed,
st_18789,덕원,덕원식당,,,,failed,
st_11868,남대문시장2길,남대문시장2길,https://map.naver.com/p/entry/place/1297614570,37.559484,126.9765355,mid,남대문시장2길
st_11874,경성의복,경성의복 kyungsungclothes 京城衣服,,,,failed,
st_11875,종로,종로구,,,,failed,
st_11876,종로24길,종로24길,https://map.naver.com/p/entry/place/19689232,37.5703121,126.9941837,mid,종로24길
st_11879,자하문로2길,자하문로2길,https://map.naver.com/p/entry/place/18662309,37.5765293,126.973331,mid,자하문로2길
st_11880,윤보선길,윤보선길,https://map.naver.com/p/entry/place/18670833,37.5779185,126.9836392,mid,윤보선길
st_11884,성덕정17길,성덕정17길,https://map.naver.com/p/entry/place/18793342,37.5376958,127.0552875,mid,성덕정17길
st_11894,장천리보도육교,연안부두 진입 보도육교,,,,failed,
st_11908,협동산업공단,(주)협동산업,,,,failed,
st_11984,세종대로12길,세종대로12길,https://map.naver.com/p/entry/place/19683545,37.5618608,126.9778736,mid,세종대로12길
st_11985,서대문역 주변,서대문,,,,failed,
st_11988,삼일대로,삼일대로,,,,failed,
st_11989,서순라길,서순라길,,,,failed,
st_12004,동교로29길,동교로29길,https://map.naver.com/p/entry/place/19688651,37.5625357,126.9226325,mid,동교로29길
st_12008,제일크리닝,제일크리닝,,,,failed,
st_12009,성산로22길,성산로22길,https://map.naver.com/p/entry/place/19683559,37.5599232,126.9336108,mid,성산로22길
st_12014,남산공원길,남산 공원,,,,failed,
st_12019,감고당길 + 윤보선길,감고당길,https://map.naver.com/p/entry/place/13543814,37.5776779,126.9824667,mid,감고당길
st_12022,삼청로2길,삼청로2길,https://map.naver.com/p/entry/place/19684741,37.5807993,126.9809712,mid,삼청로2길
st_12023,북촌로5길,북촌로5길,https://map.naver.com/p/entry/place/18670969,37.5798402,126.9814168,mid,북촌로5길
st_12024,팔판길,팔판길,https://map.naver.com/p/entry/place/18670537,37.5826333,126.98095,mid,팔판길
st_12025,북촌로12길,북촌로12길,https://map.naver.com/p/entry/place/18671103,37.5823112,126.9857541,mid,북촌로12길
st_12026,창덕궁길,창덕궁길,https://map.naver.com/p/entry/place/18671707,37.5786441,126.9891888,mid,창덕궁길
st_12027,볼링장 정류장,볼링장,,,,failed,
st_12029,왕짱구식당,왕짱구식당,,,,failed,
st_14931,왕짱구식당,왕짱구식당,,,,failed,
st_12031,풍년식품 앞,풍년식품,https://map.naver.com/p/entry/place/20829244,37.582897,126.9888839,coord,풍년식품
st_12032,창덕궁로5길,창덕궁5길,https://map.naver.com/p/entry/place/19683643,37.5833232,126.9890492,mid,창덕궁5길
st_12036,윤동주문학관잎,윤동주 문학관,https://map.naver.com/p/entry/place/1615517743,37.5921273,126.9671519,coord,윤동주문학관
st_12037,한양도성 백악구간(와룡공원쪽),한양도성 백악구간,,,,failed,
st_12040,낙산길,낙산 성곽길,,,,failed,
st_12043,삼선교로4길,삼선교로4길,https://map.naver.com/p/entry/place/18897218,37.5837815,127.0072852,mid,삼선교로4길
st_12044,구포국수앞,구포국수,https://map.naver.com/p/entry/place/1151328168,37.5924937,127.0027807,coord,성북동구포국수
st_12045,오동근린공원(월곡산),오동근린공원(성북),,,,failed,
st_12046,삼양로141길(1),삼양로141길,https://map.naver.com/p/entry/place/18617786,37.6503042,127.0129375,mid,삼양로141길
st_12057,마제스티 타바론 티 라운지,마제스티 타바론 티라운지,,,,failed,
st_12058,개포로116길,개포로116길,https://map.naver.com/p/entry/place/18850863,37.4933994,127.0815167,mid,개포로116길
st_12072,일산로636번길,일산로636번길,https://map.naver.com/p/entry/place/19472775,37.6827743,126.7584496,mid,일산로636번길
st_12077,수정부동산,수정부동산,,,,failed,
st_12079,문수골힐링캠핑장,문수골산장캠핑장,,,,failed,
st_12081,더블트리 바이 힐튼 서울 판교 닉스,더블트리 바이 힐튼 서울 판교,https://map.naver.com/p/entry/place/1159062620,37.3805448,127.1040396,coord,더블트리 바이 힐튼 서울 판교
st_12090,설악산소공원,설악산소공원,,,,failed,
st_12095,오송생명로,오송생명로,https://map.naver.com/p/entry/place/19579401,36.6335006,127.3236003,high,오송생명로
st_12100,동부로73번길,동부로73번길,https://map.naver.com/p/entry/place/16246670,36.3237067,127.4600807,mid,동부로73번길
st_12101,문충사옆길,문충사,https://map.naver.com/p/entry/place/16247568,36.324317,127.459875,high,문충사
st_12103,실비식당,실비식당,,,,failed,
st_12105,월미도테마파크,월미테마파크,,,,failed,
st_12170,위드뷰티살롱,위드뷰티살롱청담직영양재점,,,,failed,
st_12175,멍텅구리,멍텅구리 즉석떡볶이,https://map.naver.com/p/entry/place/13547499,37.6287896,127.0764439,mid,멍텅구리즉석떡볶이 공릉점
st_12177,동아디지털미디어센터옆,동아디지털미디어센터,https://map.naver.com/p/entry/place/38514085,37.5784518,126.8928993,coord,빌앤쿡 상암디디엠씨점
st_12179,서부면허시험장,한국도로교통공단 서부운전면허시험장,,,,failed,
st_12182,땡초,땡초곱창,,,,failed,
st_12184,수노래방럭셔리,수노래연습장 홍대 럭셔리점,,,,failed,
st_12187,춘지본가,춘지본가 삼각지점,,,,failed,
st_12191,츄,츄베릅,,,,failed,
st_12194,모모커피마카롱,모모커피&마카롱,,,,failed,
st_12211,감사원버정,감사원,https://map.naver.com/p/entry/place/11583153,37.586936,126.9850141,mid,감사원
st_12216,청계천옆,청계천,,,,failed,
st_12217,경복궁.국립민속박물관맞은편,국립민속박물관,,,,failed,
st_12218,익선동콤콤오락실,새서울 콤콤오락실,https://map.naver.com/p/entry/place/1269075560,37.5728229,126.9898261,coord,새서울 콤콤오락실
st_12220,별궁식당,별궁식당,,,,failed,
st_12231,지리산흑돼지,지리산흑돼지,,,,failed,
st_12234,명동올리브영,올리브영 센트럴 명동 타운,https://map.naver.com/p/entry/place/2053201132,37.5623924,126.9849467,coord,올리브영 센트럴 명동 타운
st_12389,천하,천하일면 망원점,,,,failed,
st_12390,홍대벽화거리,홍대거리,https://map.naver.com/p/entry/place/18781826,37.5531595,126.9218821,mid,홍대거리
st_12392,오두막,펍오두막,,,,failed,
st_12397,아웃백,아웃백스테이크하우스 신촌점,https://map.naver.com/p/entry/place/11849155,37.5591344,126.938844,coord,아웃백스테이크하우스 신촌점
st_12400,작은마을,작은마을,,,,failed,
st_12402,솔티핫티,솔티핫티,,,,failed,
st_12404,일화부동산,일호부동산,,,,failed,
st_12407,명보아트홀 앞 사거리,명보아트홀,https://map.naver.com/p/entry/place/13147379,37.5646356,126.99322,coord,명보아트홀
st_12435,바람의화원 세트장,바람의 화원 드라마 세트장,,,,failed,
st_12437,부여 가림성 느티나무,부여 가림성 느티나무 (성흥산 사랑나무),,,,failed,
st_13171,사이버고시원,현대사이버고시원,,,,failed,
st_13172,대한병원,대한병원,,,,failed,
st_13173,휴먼안경보청기,휴먼안경&휴먼보청기,,,,failed,
st_13175,민지미용실,민지미용실,,,,failed,
st_13176,뽀꼬팡,뽀꼬팡 창동점,,,,failed,
st_13179,씨유쌍문우이천점,CU 쌍문우이천점,https://map.naver.com/p/entry/place/88142583,37.6497765,127.0200528,coord,CU 쌍문우이천점
st_13181,도봉중앙교회,도봉중앙교회,https://map.naver.com/p/entry/place/18001098,37.6625039,127.0325779,mid,중앙교회
st_13182,힐링호프,힐링호프,,,,failed,
st_13183,양재시민의숲역(양재방향4-4),양재시민의숲,,,,failed,
st_13184,빌리엔젤,Billy Angel Cake Company,,,,failed,
st_13187,여의도역5번출구,여의도역,,,,failed,
st_13192,비단길현대시장(호남수산),비단길현대시장,https://map.naver.com/p/entry/place/1016055405,37.4577373,126.9048812,coord,비단길현대시장
st_13193,신도림로11다길,신도림로11다길,https://map.naver.com/p/entry/place/18954619,37.5085947,126.8779095,mid,신도림로11다길
st_13195,보성금형사,보성금형사,,,,failed,
st_13198,가온문화공원 사거리,가온문화공원,https://map.naver.com/p/entry/place/18808738,37.5819667,126.8875874,high,가온문화공원
st_13199,월드컵북로60길,월드컵북로60길,https://map.naver.com/p/entry/place/19685345,37.582112,126.8855518,mid,월드컵북로60길
st_13200,성암로,성암로,https://map.naver.com/p/entry/place/2014375960,37.584738,126.8858564,coord,대한민국고객만족평가원
st_13201,양화로,양화로,,,,failed,
st_13202,연세안경앞,연세안경,https://map.naver.com/p/entry/place/18329314,37.5554603,126.9349094,coord,연세안경원
st_13203,산장앞,산장,,,,failed,
st_13205,이태원로,이태원로,,,,failed,
st_13211,을지로,을지로,,,,failed,
st_13218,종로구,종로구,https://map.naver.com/p/entry/place/17901328,37.5765375,127.0055596,mid,대한민국무공수훈자회 종로구지회
st_13219,필운대로,필운대로,https://map.naver.com/p/entry/place/19468727,37.57855,126.9691,mid,필운대로
st_13222,답십리역1번출구,답십리역,,,,failed,
st_13225,도봉산역3번출구,도봉산역,,,,failed,
st_13227,옥수역1번출구,옥수역,,,,failed,
st_13228,어린이대공원역3번출구,어린이대공원역3번출구,https://map.naver.com/p/entry/place/21405721,37.5470529,127.0744612,mid,어린이대공원역(세종대)3번출구
st_13229,탄천주차장,탄천공영주차장,,,,failed,
st_13236,천주교공원묘지,천주교 용인공원 묘원,,,,failed,
st_13949,마곡중앙6로,마곡중앙6로,https://map.naver.com/p/entry/place/35792903,37.5604114,126.8324976,mid,마곡중앙6로
st_13954,마곡동로,마곡동로,https://map.naver.com/p/entry/place/35792938,37.5631671,126.8339208,mid,마곡동로
st_13959,연희로11가길,연희로11가길,https://map.naver.com/p/entry/place/18750892,37.56783,126.9292782,mid,연희로11가길
st_13960,WWL스튜디오,WWL STUDIO,https://map.naver.com/p/entry/place/1076987459,37.571359,126.9310792,coord,WWL STUDIO
st_13969,프레임676,Frame676,https://map.naver.com/p/entry/place/1670107646,37.491829,126.9091983,coord,Frame676
st_13972,백범로90길,백범로90길,https://map.naver.com/p/entry/place/35180606,37.5374342,126.969036,mid,백범로90길
st_13974,백범로90다길,백범로90다길,https://map.naver.com/p/entry/place/19684584,37.534391,126.9672437,mid,백범로90다길
st_13975,효창공원앞역 4번출구,효창공원앞,https://map.naver.com/p/entry/place/1946493585,37.5387097,126.9628489,mid,효창공원앞역 4번출구 근처 엘리베이터
st_13976,백범로,백범로,https://map.naver.com/p/entry/place/38341547,37.5388292,126.9653568,coord,대한민국무공수훈자회 용산구지회
st_13977,소월로,소월로,,,,failed,
st_13980,서소문로11길,서소문로11길,https://map.naver.com/p/entry/place/18710479,37.5642208,126.9728826,mid,서소문로11길
st_13981,서애로,서애로,https://map.naver.com/p/entry/place/18696833,37.5606354,126.9974336,mid,서애로
st_13982,필동로,필동로,https://map.naver.com/p/entry/place/18696880,37.5579155,126.9965707,mid,필동로
st_13984,세종대로23길,세종대로23길,https://map.naver.com/p/entry/place/18664277,37.5716229,126.9744882,mid,세종대로23길
st_13986,계동길,계동길,https://map.naver.com/p/entry/place/18671515,37.5804192,126.986756,mid,계동길
st_13996,불타는조개구이 을왕리점,불타는조개구이,https://map.naver.com/p/entry/place/13482935,37.445694,126.3734145,coord,불타는조개구이 을왕리점
st_14004,헤이리마을,헤이리 예술마을,,,,failed,
st_14008,고봉로,고봉로,,,,failed,
st_14017,어울 어린이공원,어울공원,https://map.naver.com/p/entry/place/36142506,37.40168,127.1113299,high,어울공원
st_14027,그랜드 조선 부산앞,그랜드 조선 부산,https://map.naver.com/p/entry/place/1016404332,35.159937,129.1631825,coord,그랜드 조선 부산
st_14042,샹그릴라 비치사이드,샹그릴라 비치 사이드,,,,failed,
st_14045,Fiddler’s Cebu,Fiddler’s Cebu,,,,failed,
st_14048,The Old Angler House,The Old Angler House,,,,failed,
st_14152,국회대로76길 여의도순복음교회 앞,여의도순복음교회,https://map.naver.com/p/entry/place/12176789,37.5311222,126.9230653,coord,여의도순복음교회
st_14160,오중석스튜디오,오중석포웨딩(주),,,,failed,
st_14164,톤앤무드스튜디오 파주점,톤앤무드 스튜디오 파주점,,,,failed,
st_14177,명월국민학교,명월국민학교,,,,failed,
st_14179,이호테우등대,이호테우해변 빨간말등대,,,,failed,
st_14189,김녕바닷길,김녕 바닷길,,,,failed,
st_14192,돌담넘어당근,돌담너머당근,https://map.naver.com/p/entry/place/1024217023,33.5364818,126.8382698,coord,돌담너머당근
st_14193,해맞이해안로,해맞이해안로,https://map.naver.com/p/entry/place/17033014,33.5645005,126.7735768,high,해맞이해안로
st_14195,일주동로,일주동로,,,,failed,
st_14199,종달논길,종달논길,https://map.naver.com/p/entry/place/17032549,33.4913136,126.8995554,high,종달논길
st_14204,오조포구 앞,오조포구,https://map.naver.com/p/entry/place/17076437,33.4632804,126.9211539,mid,오조포구
st_14205,내수면둑방길,사려니숲길,,,,failed,
st_14206,서퀴피안 베이커리,서귀피안 베이커리,https://map.naver.com/p/entry/place/1795151167,33.4352519,126.9219377,coord,서귀피안 베이커리
st_14207,도댓불,김녕리 도대불,,,,failed,
st_14209,지환이네수산물,신산포구 지환이네,,,,failed,
st_14211,삼달하동로31번길,삼달하동로31번길,https://map.naver.com/p/entry/place/17080507,33.3698164,126.8723302,high,삼달하동로31번길
st_14213,해녀의집,해녀의집,,,,failed,
st_14214,삼달하동로32번길,삼달하동로32번길,https://map.naver.com/p/entry/place/17080400,33.3659026,126.869375,high,삼달하동로32번길
st_14217,해비치CC클럽하우스,해비치 CC,,,,failed,
st_14218,망장포,망장포,https://map.naver.com/p/entry/place/17074584,33.2614437,126.6365767,mid,망장포
st_14222,일주서로,일주서로,https://map.naver.com/p/entry/place/17061214,33.2500247,126.5047609,mid,일주서로
st_14226,신화가든,신화가든,,,,failed,
st_14229,뿔소라공원,뿔소라공원,,,,failed,
st_14326,디팰리스오피스텔,덕수궁 디팰리스,https://map.naver.com/p/entry/place/18665871,37.5686546,126.9720624,coord,덕수궁디팰리스
st_14327,대학로9길,대학로9길,https://map.naver.com/p/entry/place/18678489,37.5817451,127.0011285,mid,대학로9길
st_14334,청라대로,청라대로,,,,failed,
st_14335,청라창해문화공원,청라루 ( 더 글로리 바둑공원 촬영지 ),,,,failed,
st_14336,솔빛로,솔빛로,,,,failed,
st_14337,청라힐스테이트 정류장(42987),청라힐스테이트,https://map.naver.com/p/entry/place/19536912,37.5260495,126.6284578,mid,청라힐스테이트아파트
st_14338,솔빛로 횡단보도,솔빛로,,,,failed,
st_14341,믿담,믿담,https://map.naver.com/p/entry/place/1098742624,37.5241923,126.6306424,coord,믿담
st_14350,호야네케이크앞,호야네 케이크,https://map.naver.com/p/entry/place/1072487238,37.3933923,126.6314768,coord,호야네 케이크
st_14351,인천도시역사관 앞,인천도시역사관,https://map.naver.com/p/entry/place/1051193719,37.3928394,126.635901,coord,인천도시역사관
st_14352,컨벤시아대로,컨벤시아대로,https://map.naver.com/p/entry/place/16633746,37.3808131,126.6339602,mid,컨벤시아대로
st_14353,센트럴로,센트럴로,https://map.naver.com/p/entry/place/16634514,37.3845357,126.6581388,mid,센트럴로
st_14354,국립세계문자박물관앞 횡단보도,국립세계문자박물관,https://map.naver.com/p/entry/place/37162865,37.3948563,126.6376908,coord,국립세계문자박물관
st_14355,인천타워대로,인천타워대로,https://map.naver.com/p/entry/place/34145190,37.3989677,126.6313612,mid,인천타워대로
st_14362,와석순환로,와석순환로,https://map.naver.com/p/entry/place/19307822,37.7107126,126.7505272,mid,와석순환로
st_16135,와석순환로,와석순환로,https://map.naver.com/p/entry/place/19307822,37.7107126,126.7505272,mid,와석순환로
st_14365,한류월드로,한류월드로,,,,failed,
st_14372,화서문로,화서문,https://map.naver.com/p/entry/place/19802092,37.2855288,127.0096638,high,화서문
st_14379,기장해안로,기장해안로,,,,failed,
st_14381,마린시티1로(1),마린시티1로,https://map.naver.com/p/entry/place/17005152,35.1543603,129.1436463,mid,마린시티1로
st_14382,마린시티1로(2),마린시티1로,https://map.naver.com/p/entry/place/17005152,35.1543603,129.1436463,mid,마린시티1로
st_14389,감내1로,감내1로,https://map.naver.com/p/entry/place/17049359,35.0944835,129.0084526,mid,감내1로
st_14390,감천문화마을 골목,감천문화마을,,,,failed,
st_14691,맥도날드,맥도날드 구의역점,https://map.naver.com/p/entry/place/1128282294,37.5365175,127.0844928,coord,맥도날드 구의역점
st_14698,공군회관,공군호텔 웨딩홀,https://map.naver.com/p/entry/place/13051290,37.5101752,126.9235157,coord,공군호텔
st_14910,에일크루,에일크루,,,,failed,
st_14911,홍제천길,홍제천,https://map.naver.com/p/entry/place/18749584,37.5811313,126.9375086,mid,홍제천
st_14916,세검초등학교 정류장,세검초등학교,https://map.naver.com/p/entry/place/12312573,37.6034137,126.9610221,mid,세검정초등학교
st_14919,무교로,무교로,https://map.naver.com/p/entry/place/18687726,37.5680792,126.9792375,mid,무교로
st_14927,더블컵커피,더블컵커피,,,,failed,
st_14928,곳 게스트하우스,공심가 한옥 게스트하우스,,,,failed,
st_14932,비담,비담,,,,failed,
st_14933,촌,촌,,,,failed,
st_14936,성지빌딩,성지빌딩,,,,failed,
st_14943,한강대교,한강대교,https://map.naver.com/p/entry/place/18726054,37.5175183,126.9588201,mid,한강대교
st_14954,교하로,교하로,,,,failed,
st_14957,와석순환로/가온지하차도,가온지하차도,https://map.naver.com/p/entry/place/36753075,37.7141544,126.7405449,high,가온지하차도
st_14960,까멜,까멜,,,,failed,
st_14965,수원전통문화관 옆골목,수원전통문화관,https://map.naver.com/p/entry/place/1836463196,37.2874859,127.014489,coord,수원전통문화관
st_14969,용구대로,용구대로,,,,failed,
st_14970,정원생활,정원생활바이오랑쥬리,,,,failed,
st_14976,충주호리조트,(주) 충주호리조트,,,,failed,
st_14983,옥룡암 대웅전,옥룡암,https://map.naver.com/p/entry/place/15235431,35.8156796,129.2335809,coord,옥룡암
st_15173,카자구루마,카자구루마 (우영우 김밥 촬영지),,,,failed,
st_15174,인천골목,인천골목문화지킴이,,,,failed,
st_15176,더리버,더리버 (The River),,,,failed,
st_15177,덕수궁돌담길,덕수궁 돌담길,,,,failed,
st_15261,종각역4번출구,혜화역4번출구,https://map.naver.com/p/entry/place/21405752,37.5836342,127.0013128,mid,혜화역4번출구
st_15269,산곡동,산곡동,,,,failed,
st_15274,신명여고,신명여자고등학교,https://map.naver.com/p/entry/place/12009393,37.4694948,126.7131325,coord,신명여자고등학교
st_15280,시장거리길,시장거리길,https://map.naver.com/p/entry/place/19691594,37.8302647,126.816069,high,시장거리길
st_15281,팜스프링아파트 상가,팜스프링아파트(종합)상가,https://map.naver.com/p/entry/place/1445647010,37.7718893,126.7771448,coord,KB국민은행 팜스프링아파트 종합상가 ATM
st_15289,GS25 김포아라점,GS25,,,,failed,
st_15290,워커힐애스턴하우스,애스톤하우스,,,,failed,
st_15293,평택역1번출구,평택,,,,failed,
st_15294,더체어펜션,더편한펜션,,,,failed,
st_15299,보령청보리밭,천북 청보리밭,https://map.naver.com/p/entry/place/2007884151,36.4799405,126.5310432,coord,카페천북청보리밭
st_15301,태조로,태조로,https://map.naver.com/p/entry/place/17450172,35.814199,127.1505375,mid,태조로
st_15303,경기전길,경기전길,https://map.naver.com/p/entry/place/17450388,35.8140596,127.1511577,mid,경기전길
st_15304,최명희길,최명희길,https://map.naver.com/p/entry/place/17448757,35.8162878,127.1531196,mid,최명희길
st_15306,경주 오봉산 마당바위,오봉산 마당바위,,,,failed,
st_15310,센텀서로,센텀서로,https://map.naver.com/p/entry/place/17004296,35.1725699,129.1271047,mid,센텀서로
st_15315,코다차야,코다차야 신촌,,,,failed,
st_15316,아빠식당(마포소금구이),마포소금구이,https://map.naver.com/p/entry/place/82850318,37.554693,126.9320861,coord,마포소금구이
st_15318,녹사평육교,녹사평육교,,,,failed,
st_15319,써스티몽크맞은편,써스티몽크,,,,failed,
st_15321,단밤1호점,단밤,,,,failed,
st_15324,마루쿠식당/조이의공간,마루,,,,failed,
st_15327,단밤2호점(오리올),단밤,,,,failed,
st_15328,꿀밤포차,꿀밤,,,,failed,
st_15330,천사의날개,(주)천사의날개,,,,failed,
st_15333,더파이니스트,더 파이니스트 the Finest,,,,failed,
st_15337,장가본사/스테이트타워남산,스테이트타워남산,https://map.naver.com/p/entry/place/18692890,37.56025,126.9829249,coord,스테이트타워남산
st_15665,광명신우연립,신우연립,,,,failed,
st_15666,동아미디어센터,동아미디어센터,,,,failed,
st_15668,에이미,AiAi 아이아이,https://map.naver.com/p/entry/place/2050079955,37.5556434,126.9241773,coord,아이아이
st_15669,성갤러리,갤러리성,https://map.naver.com/p/entry/place/1014331903,37.5532625,126.9272512,coord,갤러리성 화방
st_15671,녹사평육교,녹사평육교,,,,failed,
st_15678,광화문역5번출구,광화문,,,,failed,
st_15693,골프존파크,MG골프존파크,,,,failed,
st_16035,누리꿈스퀘어 옆길,누리꿈스퀘어,https://map.naver.com/p/entry/place/32528619,37.5793707,126.8899532,coord,누리꿈스퀘어빌딩
st_16039,월드컵북로44길(4),4,,,,failed,
st_16040,매봉산로,매봉산로,https://map.naver.com/p/entry/place/19681067,37.5756887,126.890888,mid,매봉산로
st_16041,YTN뉴스퀘어.CJE&M정류장앞(14628),YTN뉴스퀘어.CJE&M,,,,failed,
st_16045,구로유통상가,구로유통상가,,,,failed,
st_16047,노들섬 정류장(03340),노들섬,https://map.naver.com/p/entry/place/1640249712,37.5176704,126.9580519,mid,노들섬
st_16048,청파로(원효전자상가앞),원효전자상가,https://map.naver.com/p/entry/place/11609215,37.5336534,126.9606482,coord,원효전자상가
st_16051,새창로42길,새창로42길,https://map.naver.com/p/entry/place/34150651,37.5344199,126.9615778,mid,새창로42길
st_16053,원효로,원효로,,,,failed,
st_16054,신흥시장(르몽블랑앞),르 몽블랑,https://map.naver.com/p/entry/place/1193666985,37.5449235,126.9848503,coord,르몽블랑
st_16061,언주로,언주로,,,,failed,
st_16063,도곡로,도곡로,https://map.naver.com/p/entry/place/20233944,37.497607,127.0569692,mid,도곡로
st_16067,영흥북로35번길(1),1,,,,failed,
st_16068,영흥북로35번길(2),2,,,,failed,
st_16069,영흥북로,영흥북로,https://map.naver.com/p/entry/place/16650706,37.2747495,126.4899067,mid,영흥북로
st_16078,기석무역,기석무역,,,,failed,
st_16079,미래로,미래로골프존,,,,failed,
st_16080,고양대로,고양대로,,,,failed,
st_16081,송포로,송포로,https://map.naver.com/p/entry/place/19059350,37.6743241,126.7294703,mid,송포로
st_16084,평안도찹쌀순대 전문점,평안도식당 화정점,https://map.naver.com/p/entry/place/2003883141,37.6360708,126.8325883,coord,평안도식당 화정점
st_16087,행당로,행당로,https://map.naver.com/p/entry/place/19041631,37.6199021,126.8255183,mid,행당로
st_16088,행신로 횡단보도,횡단보도,,,,failed,
st_16090,강매로,강매로,https://map.naver.com/p/entry/place/19043645,37.6085738,126.8462995,mid,강매로
st_16093,아라육로152번길,아라육로152번길,https://map.naver.com/p/entry/place/21409188,37.5975958,126.7846882,high,아라육로152번길
st_16097,다산순환로,다산순환로,https://map.naver.com/p/entry/place/1143540800,37.6306152,127.1492645,mid,다산순환로
st_16099,다산중앙로(2),다산중앙로,https://map.naver.com/p/entry/place/1359098792,37.6222725,127.1542692,mid,다산중앙로
st_16105,평화로,평화로,,,,failed,
st_16106,올라,카페올라,,,,failed,
st_16107,중앙로77번길,중앙로77번길,https://map.naver.com/p/entry/place/15610910,37.8776979,127.7268696,mid,중앙로77번길
st_16110,(구)광주교도소,광주교도소,,,,failed,
st_16111,장흥교도소,장흥교도소,,,,failed,
st_16114,일광로,일광로,https://map.naver.com/p/entry/place/17124719,35.2688221,129.24155,mid,일광로
st_16116,마린시티1로,마린시티1로,https://map.naver.com/p/entry/place/17005152,35.1543603,129.1436463,mid,마린시티1로
st_16120,봉래나루로,봉래나루로,https://map.naver.com/p/entry/place/16743201,35.0965414,129.0430816,mid,봉래나루로
st_16123,성산로22길 지하도,성산로22길,https://map.naver.com/p/entry/place/19683559,37.5599232,126.9336108,mid,성산로22길
st_16129,파주 롯데프리미엄아울렛,롯데프리미엄아울렛 파주점,,,,failed,
st_16130,유승앙브와즈101동 정류장,유승앙브와즈101동,,,,failed,
st_16136,활자마을 정류장,활자마을,https://map.naver.com/p/entry/place/1984671821,37.7295061,126.689873,mid,활자마을1삼거리
st_16143,INO프라자,인오프라자,https://map.naver.com/p/entry/place/19302123,37.7580719,126.770919,coord,인오프라자
st_16144,금릉역 중앙광장,중앙광장,https://map.naver.com/p/entry/place/19302633,37.7515916,126.7662125,high,중앙광장
st_16145,토르타앳더코너,토르타앳더코너,,,,failed,
st_16152,강변로,강변로,,,,failed,
st_16154,제물량로(인천아트플랫폼쪽),인천아트플랫폼,https://map.naver.com/p/entry/place/1833416199,37.472811,126.620564,coord,인천아트플랫폼
st_16161,제물량로335번길,제물량로335번길,https://map.naver.com/p/entry/place/16578251,37.4817983,126.6187631,coord,제물량로335번길
st_16162,만석부두로6번길,만석부두로6번길,https://map.naver.com/p/entry/place/34145610,37.4882394,126.6224364,coord,만석부두로6번길
st_16164,맥아더장군동상 앞 계단,맥아더 장군 동상,https://map.naver.com/p/entry/place/16573788,37.4747149,126.623458,coord,자유공원맥아더장군동상
st_16174,빛누리정원,빛누리정원,,,,failed,
st_16177,한빛어린이공원,한빛어린이공원,,,,failed,
st_16180,경주오릉 남천 산책길,오릉,https://map.naver.com/p/entry/place/20098998,35.8234594,129.2088209,high,경주 오릉
st_16183,동해안로,동해안로,https://map.naver.com/p/entry/place/37994660,35.8046724,129.4971813,mid,동해안로
st_16189,양남항구길,양남항구길,https://map.naver.com/p/entry/place/19601526,35.7018042,129.4725688,mid,양남항구길
st_16195,행암동종점 정류장,행암동종점,,,,failed,
st_16352,마곡중앙2로,마곡중앙2로,https://map.naver.com/p/entry/place/35792905,37.557625,126.8309289,mid,마곡중앙2로
st_16361,몬테소리빌딩,한국몬테소리,https://map.naver.com/p/entry/place/20223767,37.4982582,127.0268725,coord,한국몬테소리
st_16364,강남역사거리,강남역사거리,https://map.naver.com/p/entry/place/18782881,37.4979345,127.0275875,mid,강남역사거리
st_16365,강남대로,강남대로,,,,failed,
st_16367,롯데타워,롯데월드타워,,,,failed,
st_16368,청라대로(분수광장삼거리),청라호수공원 음악분수,,,,failed,
st_16374,송추계곡입구,북한산 송추계곡,https://map.naver.com/p/entry/place/11491195,37.7118762,126.98545,high,송추계곡
st_16375,중앙 119구조본부 수도권 119특수구조대,중앙119구조대,,,,failed,
st_16377,판교역로,판교역로,,,,failed,
st_16378,정통춘천닭갈비 안산점,정통춘천닭갈비,,,,failed,
st_16380,오성첨단의료산업진흥재단,오송첨단의료산업진흥재단,,,,failed,
st_16382,신성대학교 국제회의실,신성대학교,https://map.naver.com/p/entry/place/17698117,36.852445,126.5932528,coord,신성대학교본관
st_16389,더링크호텔 서울,"더 링크 서울, 트리뷰트 포트폴리오 호텔",https://map.naver.com/p/entry/place/1240305191,37.5055746,126.8838421,coord,"더링크서울, 트리뷰트포트폴리오 호텔"
st_16405,강남대로,강남대로,,,,failed,
st_16413,선릉역사거리,선릉역사거리,https://map.naver.com/p/entry/place/18814500,37.5045714,127.0490091,mid,선릉역사거리
st_16426,중앙로,중앙로,,,,failed,
st_16428,동안로159번길,동안로159번길,https://map.naver.com/p/entry/place/19245114,37.3917547,126.9484875,mid,동안로159번길
st_16429,방아머리로,방아머리로,https://map.naver.com/p/entry/place/1280587154,37.2836881,126.5763239,mid,방아머리로
st_16430,네모,네모콤,,,,failed,
st_16432,분당수지 U타워,유타워,,,,failed,
st_16442,비봉산 전망대,비봉산 전망대,,,,failed,
st_16447,사려니숲길,사려니숲길,,,,failed,
st_16450,김밥천국,김밥천국,,,,failed,
st_16493,연남타코 골목,연남 타코,https://map.naver.com/p/entry/place/1290530498,37.5651958,126.9233043,coord,연남타코 연남본점
st_16497,연세로4길,연세로4길,https://map.naver.com/p/entry/place/18748439,37.55812,126.9390611,mid,연세로4길
st_16500,마포대로,마포대로,,,,failed,
st_16507,정동길,정동길,,,,failed,
st_16513,평창30길,평창30길,https://map.naver.com/p/entry/place/18685825,37.6123,126.9749686,mid,평창30길
st_16516,삼성철물,삼성철물,,,,failed,
st_16520,서울면북초등학교 옆길,서울면북초등학교,https://map.naver.com/p/entry/place/12176729,37.5946236,127.1034519,coord,면북초등학교
st_16523,모퉁이우 하이테이블,모퉁이우 하이테이블,,,,failed,
st_16524,CH캐롤리나헤레라 서울점,CH캐롤리나헤레라,,,,failed,
st_16528,SJ쿤스트할레,SJ 쿤스트할레,https://map.naver.com/p/entry/place/36601325,37.5205228,127.0349452,coord,에스제이쿤스트할레
st_16534,제물량로,제물량로,,,,failed,
st_16536,위켄드라운지,wknd Lounge 위크엔드 라운지,,,,failed,
st_16545,킨텍스로 육교,육교,,,,failed,
st_16547,노브랜드버거 일산라페스타점,노브랜드버거,,,,failed,
st_16549,파파이스 화정역점,파파이스 화정역점,,,,failed,
st_16550,조가네갑오징어 삼송점,조가네 갑오징어 삼송점,,,,failed,
st_16552,고구려대장간마을 절벽,고구려대장간마을,https://map.naver.com/p/entry/place/13043905,37.5606006,127.1108637,coord,구리시고구려대장간마을
st_16554,화랑공원 8호교,화랑공원,https://map.naver.com/p/entry/place/19228334,37.397426,127.1057655,coord,화랑공원
st_16556,미사강변대로,미사강변대로,https://map.naver.com/p/entry/place/35180485,37.5730439,127.1819724,mid,미사강변대로
st_16563,항구마차,항구마차,,,,failed,
st_16567,헌화로,헌화로,https://map.naver.com/p/entry/place/15702641,37.6642362,129.0546221,mid,헌화로
st_16570,삼척로,삼척로,,,,failed,
st_16571,갈남 정류장,갈남,https://map.naver.com/p/entry/place/15112975,37.2806333,129.3240999,mid,갈남
st_16572,갈남길,갈남길,https://map.naver.com/p/entry/place/19597578,37.2781875,129.3264875,high,갈남길
st_16580,솔랑시울길,솔랑시울길,https://map.naver.com/p/entry/place/16250326,36.33589,127.4352528,mid,솔랑시울길
st_16583,동대전로104번길,동대전로104번길,https://map.naver.com/p/entry/place/16248602,36.330534,127.4468199,mid,동대전로104번길
st_16938,홍대입구역 사거리,홍대입구역사거리,https://map.naver.com/p/entry/place/18789154,37.5552108,126.921506,mid,홍대입구역사거리
st_16947,도산대로30길,도산대로30길,https://map.naver.com/p/entry/place/18842855,37.5182203,127.0311508,mid,도산대로30길
st_16956,햇내로안길,햇내로안길,,,,failed,
st_16957,인중로,인중로,,,,failed,
st_16962,수봉안로85번길,수봉로85번길,https://map.naver.com/p/entry/place/19631770,37.4592772,126.6602835,mid,수봉로85번길
st_16964,은전로 지하도,은전로,https://map.naver.com/p/entry/place/19143669,38.024993,127.0624961,mid,은전로
st_16968,KT 브로 라페스타점,KT플라자 장항동 일산점,,,,failed,
st_16972,장안로385번길 횡단보도,장안로385번길,https://map.naver.com/p/entry/place/19197518,37.3143769,126.9838271,mid,장안로385번길
st_16980,은석주차장,은행동상점가 공영주차장,,,,failed,
st_16983,월드컵대로308번길,월드컵대로308번길,https://map.naver.com/p/entry/place/16092520,36.3472266,127.3332153,mid,월드컵대로308번길
st_16985,세종정부청사 교육부,교육부,https://map.naver.com/p/entry/place/33460759,36.4994788,127.2637855,mid,교육부
st_16987,나성로,나성로,https://map.naver.com/p/entry/place/38720384,36.4833134,127.263189,mid,나성로
st_16991,옛 장흥교도소,장흥교도소,https://map.naver.com/p/entry/place/1363633162,34.6878022,126.9139961,coord,빠삐용zip
st_16992,상주활공장,상주활공랜드,,,,failed,
st_17278,압구정퀴즈노스,퀴즈노스 압구정점,https://map.naver.com/p/entry/place/13150293,37.5249333,127.024475,coord,퀴즈노스 압구정점
st_17280,한국거래소앞버정,한국거래소,https://map.naver.com/p/entry/place/19000071,37.5243417,126.9285125,mid,한국거래소
st_17281,베라피자,베라나폴리(한남점),https://map.naver.com/p/entry/place/34658718,37.5387028,127.0019275,coord,베라나폴리
st_17282,삼청동고디바,고디바 삼청점,,,,failed,
st_17439,월드컵북로58길,월드컵북로58길,https://map.naver.com/p/entry/place/19684558,37.5812644,126.8863051,mid,월드컵북로58길
st_17440,상암산로,상암산로,https://map.naver.com/p/entry/place/19680753,37.5750885,126.887446,mid,상암산로
st_17447,와우산로27길,와우산로27길,https://map.naver.com/p/entry/place/18786938,37.5544247,126.9268312,mid,와우산로27길
st_17448,양화로,양화로,,,,failed,
st_17451,월드컵로5길,월드컵로5길,https://map.naver.com/p/entry/place/18792273,37.5514958,126.9099374,mid,월드컵로5길
st_17452,47625커피,47625coffee,https://map.naver.com/p/entry/place/1288630609,37.5546403,126.9122688,coord,갤러리카페 레텍 앳 47625
st_17457,녹사평대로,녹사평대로,https://map.naver.com/p/entry/place/19689709,37.5211234,126.9936555,mid,녹사평대로11길
st_17463,한강대로62길,한강대로62길,https://map.naver.com/p/entry/place/18722668,37.532625,126.9735125,mid,한강대로62길
st_17464,서빙고로,서빙고로,,,,failed,
st_17465,새창로,새창로,,,,failed,
st_17466,새창로50길,새창로50길,https://map.naver.com/p/entry/place/19691052,37.5336357,126.9619289,mid,새창로50길
st_17468,충정로,충정로,,,,failed,
st_17471,소공로 횡단보도,소공로,,,,failed,
st_17473,스테이트타워남산앞,스테이트타워남산,https://map.naver.com/p/entry/place/18692890,37.56025,126.9829249,coord,스테이트타워남산
st_17475,소공로(남산오르미쪽),남산오르미,https://map.naver.com/p/entry/place/1042404885,37.5572096,126.983594,mid,남산오르미
st_17480,창덕궁길,창덕궁길,https://map.naver.com/p/entry/place/19683818,37.5834114,126.9873839,mid,창덕궁길
st_17494,강남대로,강남대로,,,,failed,
st_17496,국제성모병원 장례식장,국제성모장례식장,https://map.naver.com/p/entry/place/1732284501,37.5427099,126.6841198,coord,국제성모장례식장
st_17498,크로마클럽,클럽 크로마,,,,failed,
st_17549,노량진로26길,노량진로26길,https://map.naver.com/p/entry/place/19028541,37.5118188,126.9542754,mid,노량진로26길
st_17565,백사마을(1),백사마을,,,,failed,
st_17566,백사마을(2),백사마을,,,,failed,
st_17567,백사마을(3),백사마을,,,,failed,
st_17570,강남역사거리,강남역사거리,https://map.naver.com/p/entry/place/18782881,37.4979345,127.0275875,mid,강남역사거리
st_17584,수원대학교(학군단앞연못쪽),수원대학교,,,,failed,
st_17586,운천주공아파트(재개발),운천주공아파트,,,,failed,
st_17587,비룡동관로,비룡동관로,https://map.naver.com/p/entry/place/17815779,36.4956761,127.8221605,mid,비룡동관로
st_17589,진용로,진용로,,,,failed,
st_17592,줄포리,줄포리,,,,failed,
st_17816,월드컵북로58길,월드컵북로58길,https://map.naver.com/p/entry/place/19684558,37.5812644,126.8863051,mid,월드컵북로58길
st_17819,매봉산로,매봉산로,https://map.naver.com/p/entry/place/19681067,37.5756887,126.890888,mid,매봉산로
st_17820,양화로,양화로,,,,failed,
st_17824,경인로74길,경인로74길,https://map.naver.com/p/entry/place/19005799,37.511023,126.8931097,mid,경인로74길
st_17828,노량진컵밥거리,노량진 컵밥거리,https://map.naver.com/p/entry/place/37241140,37.5134821,126.9456993,coord,노량진컵밥거리
st_17843,영동대로,영동대로,,,,failed,
st_17845,센터필드 교차로,센터필드교차로,https://map.naver.com/p/entry/place/18791010,37.5025306,127.042738,mid,센터필드교차로
st_17846,서울상록회관.한국기술센터 정류장(23277),서울상록회관.한국기술센터,,,,failed,
st_17847,이네스이든/스텔라드마리에,스텔라드마리에,https://map.naver.com/p/entry/place/13354323,37.5094775,127.0335706,coord,스텔라드마리에
st_17857,자유공원 광장,자유공원,https://map.naver.com/p/entry/place/1724343541,37.475139,126.6229175,coord,자유공원
st_17858,신나는부동산,신진부동산,,,,failed,
st_17862,센트럴로,센트럴로,https://map.naver.com/p/entry/place/16634514,37.3845357,126.6581388,mid,센트럴로
st_17864,인천타워대로,인천타워대로,https://map.naver.com/p/entry/place/34145190,37.3989677,126.6313612,mid,인천타워대로
st_17874,킨텍스로,킨텍스로,,,,failed,
st_17875,아소산,아소산 일산본점,https://map.naver.com/p/entry/place/11549413,37.6591925,126.7826739,coord,아소산 일산본점
st_17886,한도로,한도로,https://map.naver.com/p/entry/place/17075921,33.467055,126.9323095,mid,한도로
st_17890,녹산로,녹산로,https://map.naver.com/p/entry/place/17088757,33.3905883,126.7250436,mid,녹산로
st_17893,예래해안로,예래해안로,https://map.naver.com/p/entry/place/17063507,33.2383691,126.3912892,mid,예래해안로
st_17937,상관반점,상관반점,https://map.naver.com/p/entry/place/17371860,35.7677748,127.2104625,coord,북경반점
st_17966,더 스테이크 하우스 피어 79,더스테이크하우스피어79_로열스테이크,,,,failed,
st_17967,데블스도어 그래머시 센트럴,데블스도어 그래머시 센트럴,https://map.naver.com/p/entry/place/36022164,37.5050013,127.0091359,coord,데블스도어 센트럴시티점
st_17974,그랜드하얏트 인천 육교,그랜드 하얏트 인천,,,,failed,
st_17979,킨텍스로,킨텍스로,,,,failed,
st_17988,우주공원.코스맥스 정류장,우주공원.코스맥스,,,,failed,
st_17989,넥슨 정류장,넥슨,,,,failed,
st_17990,피아제 현대백화점 판교점,현대백화점 판교점,https://map.naver.com/p/entry/place/31564929,37.3929643,127.1121154,coord,현대백화점 판교점
st_17993,초가시골밥상,초가시골밥상,,,,failed,
st_17996,버섯집,버섯집,,,,failed,
st_18001,봉의산길,봉의산길,https://map.naver.com/p/entry/place/15608146,37.8848675,127.7312023,mid,봉의산길
st_18008,솔향바다가든 애월,솔향바다가든,,,,failed,
st_18012,가파도 집,가파도,https://map.naver.com/p/entry/place/13491177,33.1710713,126.2686471,high,가파도
st_18015,웨스트민스터교,웨스트민스터 교,,,,failed,
st_18016,런던 메리어트 호텔,런던 메리어트 호텔 카운티 홀,,,,failed,
st_18017,소피텔 런던 세인트 제임스,소피텔 런던 세인트 제임스,,,,failed,
st_18021,반야트리 방콕,반얀트리 방콕,,,,failed,
st_18024,쿤댕 꾸어이짭 유안,쿤댕 꾸어이짭 유안(끈적국수),,,,failed,
st_18027,아이콘시암,아이콘시암,,,,failed,
st_18057,논현에코셀프세차장,에코24시셀프세차장,https://map.naver.com/p/entry/place/2097676319,37.3997996,126.7200129,coord,뉴 에코24시 셀프세차장
st_18060,포포크,포크포크,,,,failed,
st_18062,닭날다,닭날다,,,,failed,
st_18064,서브웨이,써브웨이 상암점,https://map.naver.com/p/entry/place/34087754,37.5771983,126.8915227,coord,써브웨이 상암점
st_18068,엔터식스 한양대점,엔터식스 왕십리역사점,https://map.naver.com/p/entry/place/13507517,37.5619152,127.0381932,mid,엔터식스 왕십리역점
st_18069,여의도지하차도버정,여의도지하차도,https://map.naver.com/p/entry/place/1931230666,37.5256774,126.9109746,mid,여의2지하차도
st_18087,원효전자상가뒤,원효전자상가,https://map.naver.com/p/entry/place/11609215,37.5336534,126.9606482,coord,원효전자상가
st_18091,국민기획,국민기획,,,,failed,
st_18094,종로2가교차로,청계2가교차로,https://map.naver.com/p/entry/place/18689203,37.56795,126.9876,mid,청계2가
st_18095,종로3가역12번출구앞,종로3가,,,,failed,
st_18097,종로22길,종로22길,https://map.naver.com/p/entry/place/18672562,37.5695243,126.9933351,mid,종로22길
st_18099,돈화문로4길,돈화문로4길,https://map.naver.com/p/entry/place/19689417,37.5700683,126.9935843,mid,돈화문로4길
st_18107,고산자로58길,고산자로58길,https://map.naver.com/p/entry/place/19682950,37.5884808,127.0378244,mid,고산자로58길
st_18108,고산자로56길,고산자로56길,https://map.naver.com/p/entry/place/18847132,37.5896675,127.0385976,mid,고산자로56길
st_18113,효령로31길,효령로31길,https://map.naver.com/p/entry/place/2029145243,37.4828453,126.9959501,coord,방배 왕십리중앙곱창
st_18122,경인항인천컨테이너부두,경인항 컨테이너부두,https://map.naver.com/p/entry/place/32024023,37.56605,126.59733,mid,경인항인천컨테이너부두
st_18124,제주로지스틱스 서울지점,(주)제주로지스틱,,,,failed,
st_18126,홍예문아파트앞,홍예문,https://map.naver.com/p/entry/place/19793161,37.4746811,126.6263001,coord,홍예문
st_18128,우현로62길,우현로62번길,https://map.naver.com/p/entry/place/16577362,37.4724474,126.6311954,coord,우현로62번길
st_18132,강변로,강변로,,,,failed,
st_18139,정발산역 육교,육교,,,,failed,
st_18148,헌화로,헌화로,https://map.naver.com/p/entry/place/15702641,37.6642362,129.0546221,high,헌화로
st_18155,대평남로,대평남로,https://map.naver.com/p/entry/place/16733637,35.0920989,129.0324721,mid,대평남로
st_18157,남부민동,남부민동,,,,failed,
st_18161,더 페닌슐라 방콕,더 페닌슐라 방콕,,,,failed,
st_18171,차트리움 호텔 리버사이드 방콕,차트리움 호텔 리버사이드 방콕,,,,failed,
st_18172,Minburi Criminal Court,Minburi Criminal Court,,,,failed,
st_18173,담넌싸두억 수상시장,담넌싸두억 수상시장,,,,failed,
st_18371,양화로,양화로,,,,failed,
st_18372,하얀공간 합정,하얀공간 합정,,,,failed,
st_18376,노량진로6길,노량진로6길,https://map.naver.com/p/entry/place/19020829,37.5109829,126.9358254,mid,노량진로6길
st_18380,중부건어물시장,중부건어물시장,,,,failed,
st_18384,강동대로,강동대로,https://map.naver.com/p/entry/place/19585726,37.52465,127.126873,mid,강동대로
st_18387,배다리사거리,배다리사거리,https://map.naver.com/p/entry/place/16577119,37.4727526,126.6352174,mid,배다리사거리
st_18398,아이데코,아이데코안경 하남신장점,,,,failed,
st_18400,피엔제이환경자원,(주)피앤제이환경자원,,,,failed,
st_18402,권광로188번길(나혜석거리),김천재의 육회반한연어 나혜석거리점,,,,failed,
st_18404,브릿지타워 사거리,브릿지타워,,,,failed,
st_18406,삼도천터널,삼도천터널,,,,failed,
st_18427,홍지문길,홍지문길,https://map.naver.com/p/entry/place/18753018,37.5967447,126.9541751,mid,홍지문길
st_18430,홍지문2길(좌우반전),홍지문2길,https://map.naver.com/p/entry/place/18755318,37.5965232,126.9554065,mid,홍지문2길
st_18439,의사당대로,의사당대로,,,,failed,
st_18441,브라이튼여의도아파트,브라이튼 여의도,https://map.naver.com/p/entry/place/1043902492,37.5241513,126.9298963,coord,브라이튼여의도
st_18444,노량진로26길,노량진로26길,https://map.naver.com/p/entry/place/19028541,37.5118188,126.9542754,mid,노량진로26길
st_18447,노량진로30길,노량진로30길,https://map.naver.com/p/entry/place/19682127,37.5125241,126.9556049,mid,노량진로30길
st_18448,노량진로32길,노량진로32길,https://map.naver.com/p/entry/place/19028213,37.5097061,126.9534391,mid,노량진로32길
st_18450,용산역 달주차장,아이파크몰 용산점 달 주차장,https://map.naver.com/p/entry/place/35940224,37.5297718,126.9647414,coord,아이파크몰 용산점 달 주차장
st_18452,기찻길주점(폐업),기찻길주점,https://map.naver.com/p/entry/place/2013686655,37.5250743,126.9604558,coord,기찻길주점
st_18453,세종대로,세종대로,,,,failed,
st_18455,서울역앞,서울역앞,https://map.naver.com/p/entry/place/1587205623,37.5569279,126.9725563,mid,서울역앞지하보도 대피소
st_18460,필운대로,필운대로,https://map.naver.com/p/entry/place/19468727,37.57855,126.9691,mid,필운대로
st_18461,"부암동주민센터,무계원 정류장(01138)",부암동주민센터.무계원,,,,failed,
st_18465,아차산로,아차산로,,,,failed,
st_18466,자양로,자양로,,,,failed,
st_18469,한강공원서래섬나들목 진출입로1,반포한강공원,,,,failed,
st_18473,역삼역사거리,역삼,,,,failed,
st_18476,선릉역사거리,선릉역사거리,https://map.naver.com/p/entry/place/18814500,37.5045714,127.0490091,mid,선릉역사거리
st_18487,위크엔드 라운지,wknd Lounge 위크엔드 라운지,,,,failed,
st_18492,송현근린공원 인라인스케이트장,송현근린공원,https://map.naver.com/p/entry/place/19588978,37.4785662,126.6398566,coord,송현근린공원
st_18493,현대시장입구,현대시장,https://map.naver.com/p/entry/place/13345643,37.4768884,126.6460078,coord,현대시장
st_18501,신영아트빌,신영빌라,,,,failed,
st_18506,신안물류,신안물류,,,,failed,
st_18508,회천중앙로,회천중앙로,https://map.naver.com/p/entry/place/1201710215,37.8206945,127.0537475,mid,회천중앙로
st_18509,덕계로,덕계로,https://map.naver.com/p/entry/place/1249140742,37.8171569,127.0581117,mid,덕계로
st_18513,애룡저수지,애룡저수지,,,,failed,
st_18516,문발로,문발로,https://map.naver.com/p/entry/place/19309532,37.7150382,126.6885347,mid,문발로
st_18519,주엽로,주엽로,https://map.naver.com/p/entry/place/35795112,37.6689634,126.7564653,mid,주엽로
st_18520,킨텍스로,킨텍스로,,,,failed,
st_18521,한류월드로(1),한류월드로,https://map.naver.com/p/entry/place/35795160,37.6654639,126.7477234,mid,한류월드로
st_18523,월드고양로,월드고양로,https://map.naver.com/p/entry/place/34146923,37.6609373,126.748595,mid,월드고양로
st_18533,고양시청로,고양시청로,https://map.naver.com/p/entry/place/19032577,37.6574161,126.8333057,mid,고양시청로
st_18551,망양로689번길,망양로689번길,https://map.naver.com/p/entry/place/16949585,35.1273397,129.0396477,mid,망양로689번길
st_18784,고산정 나루터,고산정 나루터 (미스터 션샤인 촬영지),,,,failed,
st_18785,오봉산 마당바위,오봉산 마당바위,,,,failed,
st_18791,한양아파트 E동쪽,한양아파트 E동,https://map.naver.com/p/entry/place/1045570493,37.5215944,126.9316025,mid,한양아파트E동
st_18792,현대타운빌라10동,현대타운빌라,,,,failed,
st_18793,소월로,소월로,,,,failed,
st_18794,장문로49길,장문로49길,https://map.naver.com/p/entry/place/18731189,37.5296769,127.0039795,mid,장문로49길
st_18795,한남동,한남동,,,,failed,
st_18796,염천교수제화거리,염천교 수제화 거리,,,,failed,
st_18799,효자로,효자로,https://map.naver.com/p/entry/place/18662148,37.5800736,126.9732734,mid,효자로9길
st_18800,창덕궁1길,창덕궁1길,https://map.naver.com/p/entry/place/18671461,37.5793585,126.9880813,mid,창덕궁1길
st_18803,삼양로173길,삼양로173길,https://map.naver.com/p/entry/place/18619204,37.6597917,127.0048375,mid,삼양로173길
st_18806,송현공원로,송현공원로,https://map.naver.com/p/entry/place/16585043,37.4803241,126.642263,coord,송현공원로
st_18808,우현로67번길,우현로67번길,https://map.naver.com/p/entry/place/19625565,37.4736973,126.6295815,coord,우현로67번길
st_18816,수정약국앞,수정약국,,,,failed,
st_18817,성일설비사앞,성일설비사,https://map.naver.com/p/entry/place/38623154,35.9884587,126.7128232,coord,성일설비사
st_18818,민방위대피소앞 정류소,민방위대피소앞,,,,failed,
st_18820,흥국생명 정류장,흥국생명,,,,failed,
st_18821,흥국금융가족빌딩,흥국금융가족빌딩,,,,failed,
st_18822,굿모닝정형외과앞,굿모닝정형외과,https://map.naver.com/p/entry/place/11867892,35.8275685,127.1423046,coord,굿모닝정형외과의원
st_18824,충경로,충경로,,,,failed,
st_18825,팔달로 예술회관 정류장,팔달로 예술회관,,,,failed,
st_18826,팔달로(1),1,,,,failed,
st_18837,중앙미용실,중앙미용실,,,,failed,
st_18840,성남이로46번길,성남이로46번길,https://map.naver.com/p/entry/place/19624940,35.1340961,129.0587872,mid,성남이로46번길
st_18846,광령리(추정),광령리,,,,failed,
st_18851,해맞이해안로(토끼섬입구쪽),토끼섬,https://map.naver.com/p/entry/place/13491625,33.5239512,126.9028626,mid,토끼섬
st_18854,칠십리로,칠십리로,https://map.naver.com/p/entry/place/17056390,33.2423345,126.5999685,mid,칠십리로
st_19047,데이터복구연구소,데이터복구연구소,,,,failed,
st_19051,인덕대학앞,인덕대학교,https://map.naver.com/p/entry/place/11591445,37.630813,127.0550871,coord,인덕대학교
st_19062,카나,(주)카나,,,,failed,
st_19068,만물슈퍼옆,만물슈퍼,https://map.naver.com/p/entry/place/18771591,37.5647557,127.0318327,coord,만물슈퍼
st_19073,이마트여의도점앞,이마트 여의도점,https://map.naver.com/p/entry/place/18580641,37.5187329,126.9265305,coord,이마트 여의도점
st_19074,산호아파트C동,C 산호아파트,,,,failed,
st_19076,단군성전앞,단군성전,https://map.naver.com/p/entry/place/18663779,37.5760833,126.9657375,mid,단군성전
st_19692,서울식당,서울식당,,,,failed,
st_19693,커피베이,커피베이 구로디지털단지점,,,,failed,
st_19697,어기어차,어기어차 신내점,,,,failed,
st_19704,호텔세느장,호텔세느장,,,,failed,
st_19708,안국역4번출구,안국역 4번출구 주차장,https://map.naver.com/p/entry/place/1214577219,37.5767221,126.9876736,coord,안국역4번출구주차장
st_19709,창화당 대학로점,창화당 대학로점,,,,failed,
st_19714,서브웨이,써브웨이 광화문점,,,,failed,
st_19856,오렌지힐,오렌지힐,,,,failed,
st_19858,제이큐브빌딩,제이큐브,https://map.naver.com/p/entry/place/34678097,37.513825,127.0378964,coord,제이큐브
st_19861,누리꿈스퀘어.MBC,누리꿈스퀘어.MBC,https://map.naver.com/p/entry/place/35244029,37.5799239,126.8912685,coord,올리브영 상암MBC점
st_19862,누리꿈스퀘어 서쪽,누리꿈스퀘어,https://map.naver.com/p/entry/place/32528619,37.5793707,126.8899532,coord,누리꿈스퀘어빌딩
st_19866,동진아파트,동진빌라,https://map.naver.com/p/entry/place/18749554,37.5774715,126.9366383,coord,동진빌라
st_19992,후암동 플레이트B/영주교회,영주교회,https://map.naver.com/p/entry/place/1954613537,37.5469832,126.9818679,coord,영주교회
st_19997,우미우가,우미우가,,,,failed,
st_19999,이화벽화마을/이화동마을박물관,이화동 벽화마을,https://map.naver.com/p/entry/place/13519224,37.5780674,127.0071351,coord,이화마을
st_20069,부천 까치울 부대(옛 61사단 177연대),까치울,,,,failed,
st_20071,영도구 영선미니아파트,미니아파트,,,,failed,
st_20075,오윤카페(한낮에 커피 달밤에 맥주),커피,,,,failed,
st_20076,청호철물,청우건축철물,,,,failed,
st_20077,보라슈퍼,Cheongha Market,,,,failed,
st_20079,윤치과(청진3리어민복지회관),어민복지회관,https://map.naver.com/p/entry/place/15731804,36.1705175,129.3969553,coord,청진3리어민복지회관
st_20090,곤륜산 활공장,곤륜산 패러글라이딩장,,,,failed,
st_20099,나주영상테마파크,나주영상테마파크,,,,failed,
st_20111,팜랜드,농협경제지주 안성팜랜드,https://map.naver.com/p/entry/place/20770831,36.9911695,127.1939446,coord,농협경제지주 안성팜랜드
st_20125,정릉동 마을(구동 지구 촬영지),정릉,,,,failed,
st_20126,본이 할머니 집,할머니집,,,,failed,
st_20130,인천함찬종합병원,인천힘찬종합병원,https://map.naver.com/p/entry/place/13241014,37.4011304,126.714676,coord,인천힘찬종합병원
st_20133,구 장흥교도소,장흥교도소,https://map.naver.com/p/entry/place/1363633162,34.6878022,126.9139961,coord,빠삐용zip
st_20135,부산해양경찰서 (경찰서 세트),부산해양경찰서,https://map.naver.com/p/entry/place/11637775,35.0821633,129.077791,coord,부산해양경찰서
st_20137,부산대교,부산대교,,,,failed,
st_20146,애신의 집,애신의집,,,,failed,
st_20147,한약방,충남한약방,,,,failed,
st_20148,한성전기,(주)한성전기,,,,failed,
st_20151,동매집,자매집,,,,failed,
st_20153,해드리오,해드리오,,,,failed,
st_20157,전당포,대전가수원전당포,,,,failed,
st_20160,세운상가(세운청계상가),세운청계상가,https://map.naver.com/p/entry/place/1437728989,37.5679121,126.9953938,coord,카페선셋
st_20165,서울로7017,서울로7017,,,,failed,
st_20171,아난티 클럽 서울(아난티코드GC),아난티 코드 골프 클럽,,,,failed,
st_20175,청계천(서린동),청계천,,,,failed,
st_20190,경복궁(근정전·경회루),경복궁 근정전,,,,failed,
st_20200,자하슈퍼(은하수슈퍼),자하슈퍼,,,,failed,
st_20202,북촌로5나길,북촌로5나길,https://map.naver.com/p/entry/place/19685841,37.5812509,126.9817995,mid,북촌로5나길
st_20224,한국지역정보개발원 버스정류장 일대,한국지역정보개발원,https://map.naver.com/p/entry/place/12789991,37.582489,126.8879494,coord,한국지역정보개발원
st_20238,지신정,승산부자마을,,,,failed,
st_20243,문경새재 제1관문 주흘관,문경새재 제1관문 주흘관,,,,failed,
st_20248,원대리자작나무숲,원대리 자작나무숲,,,,failed,
st_20249,내연산 12폭포,내연산 12폭포,https://map.naver.com/p/entry/place/15732870,36.2603886,129.3016435,mid,연산폭포
st_20251,비둘기낭폭포(한탄강),비둘기낭 폭포,https://map.naver.com/p/entry/place/32699964,38.0798033,127.216915,high,비둘기낭폭포
mv_0069_01,매축지마을 철길·육교,매축지 마을,https://map.naver.com/p/entry/place/31683840,35.1315683,129.056348,high,매축지마을
mv_0069_03,영도대교,영도대교,,,,failed,
mv_0300,사북석탄역사체험관,석탄역사체험관,,,,failed,
mv_0302,합천 황매산,황매산,https://map.naver.com/p/entry/place/2141437521,35.4942347,127.9745655,mid,황매산
mv_0303,합천 영상 테마파크,합천 영상테마파크,https://map.naver.com/p/entry/place/13291032,35.5484071,128.0728405,coord,합천영상테마파크
mv_1219,합천 영상 테마파크,합천 영상테마파크,https://map.naver.com/p/entry/place/13291032,35.5484071,128.0728405,coord,합천영상테마파크
mv_2056,합천 영상 테마파크,합천 영상테마파크,https://map.naver.com/p/entry/place/13291032,35.5484071,128.0728405,coord,합천영상테마파크
mv_2802,합천 영상 테마파크,합천 영상테마파크,https://map.naver.com/p/entry/place/13291032,35.5484071,128.0728405,coord,합천영상테마파크
mv_0305,섬진강 기차마을,섬진강기차마을,,,,failed,
mv_0306,낙안읍성민속마을,낙안읍성,https://map.naver.com/p/entry/place/12153665,34.9064463,127.3416564,coord,순천 낙안읍성
mv_0307,외암민속마을,외암민속마을,https://map.naver.com/p/entry/place/1643631213,36.7303755,127.0161335,coord,외암민속마을
mv_0308,공세리성당,천주교 공세리 성당 주차장,https://map.naver.com/p/entry/place/17565509,36.8826108,126.9138976,coord,공세리성당주차장
mv_0476,잠실대교,잠실대교,https://map.naver.com/p/entry/place/18850881,37.5245011,127.0915243,mid,잠실대교
mv_0477,여의도공원,여의도공원,,,,failed,
mv_0478,동작대교,동작대교,https://map.naver.com/p/entry/place/18726869,37.5108249,126.9819963,high,동작대교
mv_0888_01,알펜시아 스키점프센터,알펜시아 스키점프센터,https://map.naver.com/p/entry/place/1402129658,37.6628002,128.6811334,coord,알펜시아 스키점프 센터
mv_0888_02,부귀 메타세쿼이아길,부귀 메타세쿼이아길,https://map.naver.com/p/entry/place/1716577456,35.8079911,127.3220658,high,부귀 메타세쿼이아길
mv_1218,철도박물관,철도박물관,,,,failed,
mv_1220,안동하회마을 만송정 숲,안동 하회마을 만송정 숲,https://map.naver.com/p/entry/place/1153202495,36.54071,128.5161916,high,안동하회마을 만송정 숲
mv_1221,정동길,정동길,,,,failed,
mv_1222,제물포 시장,제물포시장,https://map.naver.com/p/entry/place/1975261105,37.4631047,126.6573578,high,제물포시장
mv_1229_01,공기마을 편백나무숲,공기마을 편백나무숲,https://map.naver.com/p/entry/place/38277392,35.7338037,127.1936962,high,공기마을 편백나무숲
mv_1229_02,황매산,황매산,https://map.naver.com/p/entry/place/13491543,35.494233,127.9745981,mid,황매산
mv_1229_03,운일암반일암,운일암 반일암 계곡,https://map.naver.com/p/entry/place/474716269,35.9789099,127.401263,mid,운일암반일암
mv_1428_03,벡스코,벡스코,https://map.naver.com/p/entry/place/1224934479,35.1690974,129.1363115,coord,부산광역시공예협동조합
st_20414,벡스코,벡스코,https://map.naver.com/p/entry/place/1224934479,35.1690974,129.1363115,coord,부산광역시공예협동조합
mv_1533,대전 근현대사 전시관,대전근현대사전시관,https://map.naver.com/p/entry/place/34299032,36.326717,127.420963,coord,대전근현대사전시관
mv_1534,부산임랑해수욕장,임랑해수욕장,https://map.naver.com/p/entry/place/13491880,35.3171117,129.2632479,mid,임랑해수욕장
mv_1535,흰여울문화마을,흰여울문화마을,https://map.naver.com/p/entry/place/37418047,35.0798603,129.0434588,mid,흰여울문화마을
mv_1536,보수동 책방 골목,보수동책방골목,https://map.naver.com/p/entry/place/12848261,35.1034349,129.0265654,coord,보수동책방골목
mv_1537,군산 둔율동 성당,둔율동 성당,https://map.naver.com/p/entry/place/13139167,35.9818239,126.715602,coord,둔율성당
mv_1538,군산 내항 철도,군산 내항 철도,https://map.naver.com/p/entry/place/1846701302,35.9886582,126.7181177,mid,군산 내항 철도
mv_1539,전북외국어고등학교,전북외국어고등학교,https://map.naver.com/p/entry/place/17499913,35.9815011,126.6844375,coord,전북외국어고등학교본관
mv_1611_03,고창읍성·맹종죽림,고창읍성 맹종죽림 (孟宗竹林),,,,failed,
mv_1733,남양주 종합촬영소,영화진흥위원회 남양주종합촬영소,https://map.naver.com/p/entry/place/11863440,37.6046345,127.3214505,coord,남양주종합촬영소
mv_2363,남양주 종합촬영소,영화진흥위원회 남양주종합촬영소,https://map.naver.com/p/entry/place/11863440,37.6046345,127.3214505,coord,남양주종합촬영소
mv_1734,발포항 공원,발포항,https://map.naver.com/p/entry/place/37787981,34.4835421,127.3385222,mid,발포항
mv_1735,광양항 해양공원,광양항 해양공원,https://map.naver.com/p/entry/place/38344690,34.9207633,127.6932951,coord,광양항 해양공원
mv_1736,완도 수목원,완도수목원,,,,failed,
mv_1737,청해포구촬영장,청해포구 촬영장 (해신 드라마 촬영지),,,,failed,
mv_1738,울돌목,명량해협 울돌목,,,,failed,
mv_1740,궁항 전라좌수영,궁항 전라좌수영 세트장 (불멸의 이순신 세트장),,,,failed,
mv_1766_02,국제시장(꽃분이네),꽃분이네,https://map.naver.com/p/entry/place/36310991,35.1013988,129.0281533,coord,꽃분이네
mv_1766_03,초장동 주택가(초장중학교 인근),초장중학교,https://map.naver.com/p/entry/place/12005979,35.0947986,129.01795,coord,초장중학교
mv_1798_01,구립노원실버카페,노원실버카페,https://map.naver.com/p/entry/place/2033949528,37.6387816,127.0659884,coord,중계어르신센터
mv_1798_02,청운반점,청운반점,,,,failed,
mv_1798_05,오동나무집사철탕,오동나무집,,,,failed,
mv_2010,스테이트 타워 남산,스테이트타워남산,https://map.naver.com/p/entry/place/18692890,37.56025,126.9829249,coord,스테이트타워남산
mv_2032,아소산 일산본점,아소산 일산본점,https://map.naver.com/p/entry/place/11549413,37.6591925,126.7826739,coord,아소산 일산본점
mv_2033,포스코센터,포스코센터,https://map.naver.com/p/entry/place/18825915,37.5060531,127.0558905,coord,포스코센터
mv_2034,마포공덕시장,공덕시장,https://map.naver.com/p/entry/place/35150282,37.5446522,126.953575,high,마포공덕시장
mv_2035,익산 교도소 세트장,익산 교도소 세트장,https://map.naver.com/p/entry/place/37471479,36.0695673,126.9315194,coord,익산 교도소 세트장
mv_2385,익산 교도소 세트장,익산 교도소 세트장,https://map.naver.com/p/entry/place/37471479,36.0695673,126.9315194,coord,익산 교도소 세트장
mv_2036,운보의 집,운보의집,https://map.naver.com/p/entry/place/11797270,36.6921914,127.565099,coord,운보의 집
mv_2037,운보의집운보미술관,운보의집,https://map.naver.com/p/entry/place/11797270,36.6921914,127.565099,coord,운보의 집
mv_2055,황매산 군립 공원,황매산군립공원,,,,failed,
mv_2057,오웬 기념각,오웬기념각,https://map.naver.com/p/entry/place/16295062,35.1382921,126.9158433,coord,오웬기념각
mv_2058,한남 북엇국,한남북엇국,https://map.naver.com/p/entry/place/31139796,37.5339681,127.0080799,coord,한남 북엇국
mv_2060,백인제 가옥,백인제 가옥,https://map.naver.com/p/entry/place/542868369,37.5807993,126.9841756,coord,백인제가옥
mv_2061,운현궁 양관,운현궁 양관,https://map.naver.com/p/entry/place/18668636,37.5761611,126.9877519,coord,운현궁양관
mv_2062,문화역서울284,문화역서울284,https://map.naver.com/p/entry/place/20757885,37.5558207,126.9715927,coord,문화역서울284
mv_2319_02,삽교호함상공원,삽교호함상공원,,,,failed,
mv_2319_03,광천토굴새우젓시장,광천토굴새우젓시장,,,,failed,
mv_2319_05,마시안해변,마시안해변,https://map.naver.com/p/entry/place/1710725652,37.4323817,126.4167661,coord,이마트24 마시안해변점
mv_2333_01,서울중부경찰서,서울중부경찰서,https://map.naver.com/p/entry/place/11642490,37.5600691,126.9797703,coord,서울중부경찰서
mv_2333_02,안양시청,안양시청,https://map.naver.com/p/entry/place/11670560,37.3942904,126.9567534,coord,안양시청
mv_2333_04,위례터널,위례터널,https://map.naver.com/p/entry/place/36643857,37.4685162,127.1274999,coord,위례터널
mv_2333_05,더케이트윈타워,더케이트윈타워A동,,,,failed,
mv_2333_07,봉은사,대한불교조계종 봉은사,https://map.naver.com/p/entry/place/1496685291,37.5151477,127.0569664,coord,대한불교조계종봉은사
mv_2364,원미공원,부천원미공원,,,,failed,
mv_2365,원미상가아파트,원미상가아파트,https://map.naver.com/p/entry/place/19249955,37.495278,126.7872718,coord,원미상가아파트
mv_2366,두물머리,두물머리,,,,failed,
mv_2367,전곡항,전곡항,https://map.naver.com/p/entry/place/13491438,37.1876099,126.6506999,mid,전곡항
mv_2368,송림원,송림원,https://map.naver.com/p/entry/place/19877441,37.5898929,127.0087879,coord,송림원
mv_2369,안즈나선아당신생각,안즈나 선아 당신생각,https://map.naver.com/p/entry/place/36537825,37.5898601,127.0086399,coord,안즈나선아당신생각
mv_2370,용마랜드,용마랜드,https://map.naver.com/p/entry/place/13163164,37.594959,127.1053597,coord,용마랜드
mv_2371,인천아트플랫폼,인천아트플랫폼,https://map.naver.com/p/entry/place/13315483,37.4727405,126.6200491,coord,인천아트플랫폼
mv_2377_01,옥천터널(폐터널),옥천터널,https://map.naver.com/p/entry/place/17821451,36.271441,127.7081026,high,옥천터널
mv_2377_02,증약터널,증약터널,https://map.naver.com/p/entry/place/17823021,36.3483576,127.5180658,high,증약터널
mv_2381,부산외국어대학교 우암동캠퍼스(구),부산외국어대학교,,,,failed,
mv_2382,잠수교,잠수교,https://map.naver.com/p/entry/place/18762982,37.5145083,126.9965328,high,잠수교
mv_2383,대청마루I,대청마루,,,,failed,
mv_2384,쉐라톤 그랜드 인천 호텔,쉐라톤 그랜드 인천,https://map.naver.com/p/entry/place/13134661,37.3902357,126.6453915,coord,쉐라톤 그랜드 인천 호텔
mv_2657_01,KNN타워·센텀광장,KNN 타워,https://map.naver.com/p/entry/place/32693180,35.1719956,129.1286384,coord,씨스페이스KNN타워점
mv_2662,임진각,임진각 평화누리공원,,,,failed,
mv_2663,문화공감수정,문화공감 수정 (구. 정란각),https://map.naver.com/p/entry/place/1138409494,35.1256686,129.042727,coord,문화공감수정
mv_2664,연세대학교 신촌캠퍼스,연세대학교 신촌캠퍼스,,,,failed,
mv_2665,민주인권기념관,민주인권기념관,,,,failed,
mv_2666,천주교 서울대교구 주교좌명동대성당,명동대성당,https://map.naver.com/p/entry/place/1800464119,37.5631285,126.9874269,coord,세븐일레븐 명동대성당점
mv_2667,서울특별시청,서울특별시청,https://map.naver.com/p/entry/place/11556036,37.5666103,126.9783882,coord,서울특별시청
mv_2668,연희네 슈퍼,연희네슈퍼(1987 촬영지),,,,failed,
mv_2753,라한셀렉트 경주,라한셀렉트 경주,,,,failed,
mv_2754,화국반점,화국 반점,https://map.naver.com/p/entry/place/11831272,35.1025749,129.0342247,coord,화국반점
mv_2755,인터컨티넨탈 서울 코엑스,인터컨티넨탈서울코엑스,,,,failed,
mv_2756,이태원앤틱가구거리,이태원앤틱가구거리,,,,failed,
mv_2757,이태원세계음식거리,이태원 세계음식거리,https://map.naver.com/p/entry/place/31193088,37.5349907,126.9933872,high,이태원세계음식거리
mv_2806,경남식당,경남식당,,,,failed,
mv_2808,부산영화촬영스튜디오,부산영화촬영스튜디오,https://map.naver.com/p/entry/place/12008700,35.162711,129.1382149,coord,부산영화촬영스튜디오
mv_2810,청소역 장항선,청소역,https://map.naver.com/p/entry/place/1830754287,36.4459659,126.5907148,mid,청소역출구
mv_3201_07,화암사,대한불교조계종 화암사,,,,failed,
mv_3810_03,자하문터널 계단,자하문터널 계단,,,,failed,
mv_3837,배다리헌책방거리,배다리 헌책방거리,https://map.naver.com/p/entry/place/21301859,37.4724783,126.6374248,coord,배다리헌책방거리
mv_3839,광양항,광양항,,,,failed,
mv_3840,군산내항 부잔교,군산내항 부잔교 (뜬다리),,,,failed,
mv_3841,장항항,장항항,https://map.naver.com/p/entry/place/13538027,36.00765,126.685563,coord,장항항
mv_5816_04,원앙네거리,원앙네거리,https://map.naver.com/p/entry/place/32044856,36.307864,127.334918,mid,원앙네거리
mv_5884_02,흥국사,대한불교조계종 흥국사(여수),,,,failed,
mv_5884_04,전라병영성,강진 전라병영성,https://map.naver.com/p/entry/place/34658463,34.7195443,126.8184536,coord,전라병영성하멜기념관
mv_5897_01,나진상가,나진상가19동,,,,failed,
mv_5897_02,인천아시아드주경기장,인천아시아드주경기장,https://map.naver.com/p/entry/place/35296693,37.5476152,126.6666172,coord,인천아시아드 주경기장
mv_5897_07,이촌한강공원,이촌한강공원,,,,failed,
mv_5897_08,통일부,통일부,https://map.naver.com/p/entry/place/11659717,37.5748263,126.9754407,coord,통일부
mv_5897_09,남북출입사무소,경의선 남북출입사무소,,,,failed,
mv_5897_11,오산대학교,오산대학교,https://map.naver.com/p/entry/place/11591435,37.1558117,127.0610918,coord,오산대학교
mv_5897_12,동화경모공원,(재)동화경모공원,,,,failed,
mv_6177_01,테헤란로86길·명진빌딩 앞,명진빌딩,https://map.naver.com/p/entry/place/18559063,37.5077363,127.0342402,coord,명진빌딩
mv_6302_02,덕만이터널,덕만이터널,https://map.naver.com/p/entry/place/15647112,37.7651142,127.7126134,mid,덕만이터널
mv_6493_03,담양 경상리 느티나무(당산나무),담양 경상리 느티나무,,,,failed,
mv_6493_10,불광산숲(장안사 인근),장안사,https://map.naver.com/p/entry/place/13448785,35.3743953,129.2328197,coord,장안사
st_20279,수영만 요트경기장,수영요트경기장 본관,https://map.naver.com/p/entry/place/17003003,35.1604973,129.1412106,coord,수영요트경기장본관
st_20280,캐틀앤비 양재천점,더바냐,,,,failed,
st_20284,와동육교,와동교,,,,failed,
st_20288,고양 선인장전시관,고양시 선인장 식물원,https://map.naver.com/p/entry/place/20027275,37.6575038,126.7613533,coord,고양시선인장식물원
st_20291,경희대 국제캠퍼스,경희대학교 국제캠퍼스,https://map.naver.com/p/entry/place/11591495,37.2432813,127.0798263,coord,경희대학교 국제캠퍼스
st_20298,월드컵북로44길,월드컵북로44길,https://map.naver.com/p/entry/place/18809299,37.5762347,126.8958411,mid,월드컵북로44길
st_20299,월드컵북로48길,월드컵북로48길,https://map.naver.com/p/entry/place/18808525,37.5772944,126.8953081,mid,월드컵북로48길
st_20300,국회대로76길,국회대로76길,https://map.naver.com/p/entry/place/2051830603,37.5302363,126.9213553,coord,푸에르코 국회의사당
st_20301,왕십리로5길,왕십리로5길,https://map.naver.com/p/entry/place/18786804,37.5475481,127.0440235,mid,왕십리로5길
st_20303,스포츠타운길,스포츠타운길,https://map.naver.com/p/entry/place/15635619,37.8704223,127.7034132,mid,스포츠타운길
st_20306,소양강 인제대교 앞,인제대교,https://map.naver.com/p/entry/place/15136256,38.0386871,128.1507421,high,인제대교
st_20307,성신여대 운정그린캠퍼스,성신여대 미아운정그린캠퍼스,,,,failed,
st_20308,세검정초등학교 버스정류장,세검정초등학교,https://map.naver.com/p/entry/place/12312573,37.6034137,126.9610221,mid,세검정초등학교
st_20316,보정동 카페거리,보정동 카페거리,,,,failed,
st_20318,제부도 워터워크,제부도 워터워크,,,,failed,
st_20334,백범광장 버스정류장,백범광장,https://map.naver.com/p/entry/place/1823335987,37.5559307,126.9771657,mid,백범광장
st_20338,두호동 해안로,두호동,,,,failed,
st_20339,한밤마을 돌담길,대율리 한밤마을,https://map.naver.com/p/entry/place/13507907,36.0592811,128.6549478,coord,행복한밤마을
st_20340,소소밀밀 서악점,소소밀밀,,,,failed,
st_20342,정희네(정희의 집·편의점),정희네,,,,failed,
st_20349,국제성모병원 장례식장,국제성모장례식장,https://map.naver.com/p/entry/place/1732284501,37.5427099,126.6841198,coord,국제성모장례식장
st_20356,용연리마을(용두리),용연리,,,,failed,
st_20357,문경철로자전거 구랑리역,구랑리 철로 자전거,https://map.naver.com/p/entry/place/33244399,36.6609922,128.0994559,coord,구랑리철로자전거
st_20358,가람마루 전망대(건지마을 전망대),가람마루 전망대,,,,failed,
st_20363,논현역 교차로,논현역,,,,failed,
st_20365,뵈르뵈르,뵈르뵈르 성수점,https://map.naver.com/p/entry/place/2058486345,37.5420571,127.0555808,coord,뵈르뵈르 성수점
st_20366,바우뫼로41길,바우뫼로41길,https://map.naver.com/p/entry/place/18748733,37.4819332,127.040838,mid,바우뫼로41길
st_20367,마방로6길,마방로6길,https://map.naver.com/p/entry/place/18753985,37.4741291,127.04315,mid,마방로6길
st_20369,선고리 마을길,선고리,,,,failed,
st_20373,감영길,감영길,https://map.naver.com/p/entry/place/17693853,36.4528114,127.1226911,mid,감영길
st_20376,콘래드37그릴앤바,37 그릴 앤 바,https://map.naver.com/p/entry/place/34033812,37.5255567,126.9265524,coord,콘래드 서울 숯. 더 붓처스 엣지
st_20379,인천국제공항 제1여객터미널,인천제1국제여객터미널,,,,failed,
st_20643,인천국제공항 제1여객터미널,인천제1국제여객터미널,,,,failed,
st_20380,인스파이어 엔터테인먼트 리조트,인스파이어 엔터테인먼트 리조트,,,,failed,
st_20388,일산문화공원,문화공원,https://map.naver.com/p/entry/place/19056741,37.6753867,126.7648142,high,문화공원
st_20389,서울어린이대공원 정문,어린이대공원 정문,https://map.naver.com/p/entry/place/1297007567,37.5490653,127.0770668,coord,이마트24 서울어린이대공원정문점
st_20390,자양역 옛 뚝섬유원지역,뚝섬유원지,,,,failed,
st_20396,상동호수공원,상동호수공원,,,,failed,
st_20402,안성팜랜드,농협경제지주 안성팜랜드,https://map.naver.com/p/entry/place/20770831,36.9911695,127.1939446,coord,농협경제지주 안성팜랜드
st_20415,수영만요트경기장,수영요트경기장 본관,https://map.naver.com/p/entry/place/17003003,35.1604973,129.1412106,coord,수영요트경기장본관
st_20426,나주영상테마파크 너와저잣거리,나주영상테마파크,,,,failed,
st_20429,건국대학교(일감호),건국대학교 일감호,,,,failed,
st_20431,삼청동거리,삼청동길,,,,failed,
st_20436,호서대학교 아산캠퍼스 세출소류지,호서대학교 아산캠퍼스,https://map.naver.com/p/entry/place/11591687,36.7363588,127.0750253,coord,호서대학교 아산캠퍼스
st_20446,세운 대림상가아파트,대림상가,https://map.naver.com/p/entry/place/18701555,37.5670369,126.9954788,coord,세운대림상가
st_20447,T.G.I.프라이데이스 롯데백화점 일산점,롯데백화점 일산점,https://map.naver.com/p/entry/place/12133972,37.660478,126.7721024,coord,롯데백화점 일산점
st_20448,장암저수지(국망봉자연휴양림),장암저수지,,,,failed,
st_20450,SMC신라메디컬의원,SMC신라메디컬의원,,,,failed,
st_20453,성신여자대학교 미아운정그린캠퍼스,성신여대 미아운정그린캠퍼스,,,,failed,
st_20461,로케이션 어스,(주)로케이션어스,,,,failed,
st_20466,인천국제공항 제2여객터미널,인천국제공항제2여객터미널청사,,,,failed,
st_20566,인천국제공항 제2여객터미널,인천국제공항제2여객터미널청사,,,,failed,
st_20468,남산중앙교회 인근 주택(도기·고은의 집),남산중앙교회,https://map.naver.com/p/entry/place/18124180,37.5482542,126.9837751,coord,남산중앙교회
st_20474,레스케이프 서울 명동,"L’Escape, a Luxury Collection Hotel, Seoul Myeongdong",https://map.naver.com/p/entry/place/1409372557,37.560132,126.9794417,coord,레스케이프 호텔
st_20487,성안길,성안길,https://map.naver.com/p/entry/place/17197233,36.6353178,127.489726,coord,대한민국전몰군경미망인회 충북지부
st_20492,남산케이블카(남산돈까스 간판 위치),남산돈까스,,,,failed,
st_20498,연희동,연희동,,,,failed,
st_20500,창동리 농로,창동리,,,,failed,
st_20501,문화마을 버스정류장,문화마을,,,,failed,
st_20502,서울중앙지법,서울중앙지방법원,,,,failed,
st_20503,서울역 서쪽 출구 앞,서울역,,,,failed,
st_20504,을지로,을지로,,,,failed,
st_20505,서빙고초등학교 버스정류장,서빙고초등학교,https://map.naver.com/p/entry/place/12379210,37.5212895,126.9922356,mid,서빙고초등학교
st_20506,동작대교 남단,동작대교,https://map.naver.com/p/entry/place/18726869,37.5108249,126.9819963,high,동작대교
st_20509,파란대문집,파란대문집,,,,failed,
st_20514,서울시립미술관 서소문본관,서울시립미술관,https://map.naver.com/p/entry/place/12125053,37.5642066,126.9737733,coord,서울시립미술관
st_20517,장사도해상공원,장사도해상공원 까멜리아,,,,failed,
st_20524,63스퀘어,63빌딩,https://map.naver.com/p/entry/place/12129728,37.5198158,126.9403138,coord,63빌딩
st_20528,인천국제공항 제1여객터미널,인천제1국제여객터미널,,,,failed,
st_20537,태화원,태화원,https://map.naver.com/p/entry/place/11618762,37.4740536,126.6185787,coord,태화원
st_20542,호텔 라성,라성호텔,https://map.naver.com/p/entry/place/1203751390,37.327086,126.8013278,coord,안산 라성 호텔
st_20563,화랑육교,화랑육교,https://map.naver.com/p/entry/place/1640412138,37.4016025,127.1053213,high,화랑육교
st_20571,선녀바위해변,선녀바위해수욕장,,,,failed,
st_20574,한라산국립공원(어리목),한라산국립공원 어리목 탐방안내소,https://map.naver.com/p/entry/place/1202161078,33.3927552,126.4951089,coord,어리목탐방안내소
st_20579,시크릿블루카페(괜찮은병원),시크릿블루,https://map.naver.com/p/entry/place/1759404618,38.2771333,128.5515807,coord,시크릿블루카페
st_20581,사니다카페(저주받은 성),사니다카페,https://map.naver.com/p/entry/place/1196924392,37.4066623,127.914489,coord,사니다카페 & 레스토랑
st_20593,한벽굴(한벽터널),한벽굴(한벽터널),https://map.naver.com/p/entry/place/1855906474,35.8120171,127.1607981,coord,한벽터널(한벽굴)
st_20595,전주고등학교(분수),전주고등학교,,,,failed,
st_20597,논산여자상업고등학교(태양고),논산여자상업고등학교,https://map.naver.com/p/entry/place/12413113,36.183777,127.0955808,coord,논산여자상업고등학교
st_20600,문화살롱 클로드,문화살롱 끌로드,,,,failed,
st_20610,삼성역교차로(코엑스 교차로),코엑스,,,,failed,
st_20626,군부대(오음리),오음리,https://map.naver.com/p/entry/place/15815036,38.0559157,127.8155692,mid,오음리
st_20627,용마랜드,용마랜드,,,,failed,
st_20633,덕릉로 698 앞 횡단보도,698,,,,failed,
st_20635,문학산 청학동 등산로 입구,문학산,https://map.naver.com/p/entry/place/11491386,37.4314741,126.677291,mid,문학산
st_20636,헌화로,헌화로,https://map.naver.com/p/entry/place/15702641,37.6642362,129.0546221,mid,헌화로
st_20642,리븐델게스트하우스,리븐델,,,,failed,
st_20682,농구장(도봉동),도봉2동 농구장,,,,failed,
st_20686,종로 윤보선길,윤보선길,https://map.naver.com/p/entry/place/18670833,37.5779185,126.9836392,mid,윤보선길
st_20693,대왕판교로644번길,대왕판교로644번길,https://map.naver.com/p/entry/place/19686935,37.3998433,127.1104728,mid,대왕판교로644번길
st_20696,낙원상가 앞,낙원상가앞,,,,failed,
st_20697,삼일대로30길,삼일대로30길,https://map.naver.com/p/entry/place/18668712,37.5740909,126.988891,mid,삼일대로30길
st_20698,세종대로,세종대로,,,,failed,
st_20702,인천국제공항 제1교통센터,인천국제공항 제2교통센터,https://map.naver.com/p/entry/place/1165645464,37.4685883,126.4341033,coord,버거킹 인천공항T2교통센터점
st_20707,와룡공원길 조망지점,와룡공원,https://map.naver.com/p/entry/place/13553388,37.5907944,126.9901671,coord,와룡공원
st_20711,오송호수공원 파크골프장 앞,오송호수공원파크골프장,https://map.naver.com/p/entry/place/1420592527,36.6327372,127.3241997,coord,오송호수공원파크골프장
st_20713,윤보선길,윤보선길,https://map.naver.com/p/entry/place/18670833,37.5779185,126.9836392,mid,윤보선길
st_20727,더 링크호텔 서울,"더 링크 서울, 트리뷰트 포트폴리오 호텔",https://map.naver.com/p/entry/place/1240305191,37.5055746,126.8838421,coord,"더링크서울, 트리뷰트포트폴리오 호텔"
st_20732,왕자만화방(와이앤아니마),와이앤아니마,,,,failed,
st_20733,국립현대미술관 서울관 앞 도로(삼청로),국립현대미술관 서울,,,,failed,
st_20734,감고당길,감고당길,https://map.naver.com/p/entry/place/13543814,37.5776779,126.9824667,mid,감고당길
st_20743,서울시립미술관 서소문본관,서울시립미술관,https://map.naver.com/p/entry/place/12125053,37.5642066,126.9737733,coord,서울시립미술관
st_20745,주문진해변,주문진해수욕장,https://map.naver.com/p/entry/place/13491005,37.9110006,128.8192463,coord,주문진해수욕장
st_20748,보리나라 학원농장(청보리밭),보리나라 학원농장 청보리움,,,,failed,
st_20751,황매산군립공원,황매산군립공원,,,,failed,
st_20756,피커스 종로점,피커스 클라이밍,https://map.naver.com/p/entry/place/1728695677,37.5709092,126.9913988,coord,PEAKERS 클라이밍 종로
st_20771,신창풍차해안도로,신창풍차해안,https://map.naver.com/p/entry/place/13481087,33.3453012,126.1775194,mid,신창 풍차해안
st_20772,애월해안도로,애월해안로,https://map.naver.com/p/entry/place/17025538,33.4789731,126.3614158,mid,애월해안로
st_20774,양재시민의숲역(신분당선 강남방면 승강장),양재시민의숲,,,,failed,
st_20775,상봉시외버스터미널,상봉시외버스터미널,,,,failed,
st_20778,남산공원 산책로,남산 공원,,,,failed,
st_20783,공항철도 공항화물청사역,공항화물청사,https://map.naver.com/p/entry/place/13479777,37.4590672,126.4775041,mid,공항화물청사역 공항철도
st_20788,김녕해변,김녕해변,,,,failed,
st_20799,인천국제공항 제1교통센터,인천공항1터미널,,,,failed,
st_20800,왕산마리나길,왕산마리나길,https://map.naver.com/p/entry/place/37393714,37.460024,126.360808,coord,왕산마리나길
st_20817,새연교(새섬),새연교,https://map.naver.com/p/entry/place/17052534,33.2384435,126.559029,coord,새연교
st_20818,신남방파제(신남항),신남항,https://map.naver.com/p/entry/place/15113063,37.2667667,129.3281874,coord,신남항
st_20820,경기전(전주한옥마을 일대),전주 한옥마을,,,,failed,
st_20821,1기 단밤(언덕집소곱창),단밤,,,,failed,
st_20823,게우지코지,게우지코지 카페,,,,failed,
st_20826,수원 일월수목원(일월저수지),일월수목원,https://map.naver.com/p/entry/place/1751677198,37.2883577,126.9760421,coord,일월수목원
st_20827,스테이트타워 남산(장가본사),스테이트타워남산,https://map.naver.com/p/entry/place/18692890,37.56025,126.9829249,coord,스테이트타워남산
st_20837,감포 해국길,감포해국길,https://map.naver.com/p/entry/place/54062867,35.8049393,129.5018588,high,감포해국길
st_20851,목척교,목척교,https://map.naver.com/p/entry/place/16259006,36.3299107,127.429224,high,목척교
st_20856,위크엔드 라운지 자유공원점,wknd Lounge 위크엔드 라운지,,,,failed,
st_20871,클럽 크로마,클럽 크로마,https://map.naver.com/p/entry/place/1614589323,37.4361679,126.4579606,coord,클럽 크로마
st_20881,삼방산 얼음골,얼음골,,,,failed,
st_20884,새뜰마을,침산리 새뜰마을(침산추월),,,,failed,
st_20888,로케이션 어스,(주)로케이션어스,,,,failed,
st_20893,태양의후예공원(태백 오픈세트장),태양의 후예 공원,https://map.naver.com/p/entry/place/395746011,37.1707569,129.0382042,high,태양의후예공원
st_20909,라센트라 골프빌리지,라센트라,,,,failed,
st_20910,서래섬·반포한강공원 잠수교,반포한강공원,,,,failed,
st_20920,고창 학원농장,학원농장,https://map.naver.com/p/entry/place/17682347,35.3755192,126.542922,coord,학원농장식당
st_20921,계산성당(주교좌계산대성당),주교좌 계산 대성당,https://map.naver.com/p/entry/place/12197472,35.8679331,128.5878604,coord,천주교대구대교구 주교좌계산대성당
st_20923,잠진도 선착장,잠진도 선착장,https://map.naver.com/p/entry/place/16583855,37.416817,126.415039,coord,잠진도선착장
st_20925,청산도 서편제길,서편제길,,,,failed,
st_20926,청산도 도락리 포구,청산도,https://map.naver.com/p/entry/place/36072773,34.1850736,126.8855223,mid,청산도
st_20927,신세계백화점 본점 앞,신세계백화점 본점,https://map.naver.com/p/entry/place/12134149,37.5609578,126.9811163,coord,신세계백화점 본점 더 리저브
st_20928,인제대학교 일산백병원 인근 거리,인제대학교 일산백병원,https://map.naver.com/p/entry/place/1106769759,37.6741539,126.750377,coord,인제대학교일산백병원본관
st_20933,파라다이스시티,파라다이스시티,https://map.naver.com/p/entry/place/304210835,37.4372949,126.455732,coord,파라다이스시티
st_20937,서강대교,서강대교,https://map.naver.com/p/entry/place/18999808,37.5378529,126.9255699,mid,서강대교
st_20940,하남종합운동장 앞 보도육교,하남종합운동장,https://map.naver.com/p/entry/place/19279454,37.5668926,127.1940923,coord,하남종합운동장
st_20945,파라다이스시티 원더박스,파라다이스시티 원더박스,,,,failed,
st_20947,샛강 문화다리,샛강문화다리,https://map.naver.com/p/entry/place/19994574,37.5187612,126.9183975,coord,여의도 샛강생태공원문화다리
st_20949,무릉별유천지 금곡호,무릉별유천지,https://map.naver.com/p/entry/place/1681679726,37.4698339,129.0353851,mid,무릉별유천지입구
mv_6958_03,낙산공원,낙산공원,,,,failed,
mv_6958_06,뚝섬한강공원,뚝섬한강공원,,,,failed,
mv_6958_08,명동거리,명동거리,https://map.naver.com/p/entry/place/18694135,37.562948,126.9846769,mid,명동거리
mv_6958_09,잠실종합운동장(서울올림픽주경기장),서울올림픽주경기장,https://map.naver.com/p/entry/place/1991686372,37.5159126,127.072776,coord,잠실종합운동장올림픽주경기장 (2026년12월예정)
mv_6958_11,서울한방진흥센터,서울한방진흥센터,https://map.naver.com/p/entry/place/1127688736,37.5806004,127.0375866,coord,서울한방진흥센터
