id,place_name,image_url,commons_page,license,author,distance_m
st_00030,여의대로,https://upload.wikimedia.org/wikipedia/commons/thumb/a/a5/%EC%97%AC%EC%9D%98%EB%8F%84%ED%99%98%EC%8A%B9%EC%84%BC%ED%84%B0.jpg/960px-%EC%97%AC%EC%9D%98%EB%8F%84%ED%99%98%EC%8A%B9%EC%84%BC%ED%84%B0.jpg,https://commons.wikimedia.org/wiki/File%3A%EC%97%AC%EC%9D%98%EB%8F%84%ED%99%98%EC%8A%B9%EC%84%BC%ED%84%B0.jpg,CC BY-SA 4.0,AndyKim-2008,34.3
st_04167,오크우드 프리미어 인천,https://upload.wikimedia.org/wikipedia/commons/thumb/e/e2/South_Korea%2C_Incheon%2C_Songdo%2C_the_Sharp_Central_Park_Towers_and_Prugio_Central_Park_Towers.jpg/960px-South_Korea%2C_Incheon%2C_Songdo%2C_the_Sharp_Central_Park_Towers_and_Prugio_Central_Park_Towers.jpg,https://commons.wikimedia.org/wiki/File%3ASouth%20Korea%2C%20Incheon%2C%20Songdo%2C%20the%20Sharp%20Central%20Park%20Towers%20and%20Prugio%20Central%20Park%20Towers.jpg,CC BY-SA 4.0,Vincent van Zeijst,15.9
st_04289,마방로10길,https://upload.wikimedia.org/wikipedia/commons/thumb/b/b7/Yangjae_2-dong_Comunity_Service_Center_20140613_200156.JPG/960px-Yangjae_2-dong_Comunity_Service_Center_20140613_200156.JPG,https://commons.wikimedia.org/wiki/File%3AYangjae%202-dong%20Comunity%20Service%20Center%2020140613%20200156.JPG,CC BY-SA 3.0,안우석,89.2
st_00044,르가드더메인한남,https://upload.wikimedia.org/wikipedia/commons/thumb/7/75/Nudging%2C_Seoul_toilet.jpg/960px-Nudging%2C_Seoul_toilet.jpg,https://commons.wikimedia.org/wiki/File%3ANudging%2C%20Seoul%20toilet.jpg,CC BY-SA 4.0,Christian Bolz,94.5
st_04145,르가드더메인한남,https://upload.wikimedia.org/wikipedia/commons/thumb/7/75/Nudging%2C_Seoul_toilet.jpg/960px-Nudging%2C_Seoul_toilet.jpg,https://commons.wikimedia.org/wiki/File%3ANudging%2C%20Seoul%20toilet.jpg,CC BY-SA 4.0,Christian Bolz,94.5
st_06011,르가드더메인한남,https://upload.wikimedia.org/wikipedia/commons/thumb/7/75/Nudging%2C_Seoul_toilet.jpg/960px-Nudging%2C_Seoul_toilet.jpg,https://commons.wikimedia.org/wiki/File%3ANudging%2C%20Seoul%20toilet.jpg,CC BY-SA 4.0,Christian Bolz,94.5
st_00066,0914 도산공원 플래그십 스토어,https://upload.wikimedia.org/wikipedia/commons/thumb/5/5c/Chevrolet_Express_Explorer_Limited_SE_GMT610_FL_Black.jpg/960px-Chevrolet_Express_Explorer_Limited_SE_GMT610_FL_Black.jpg,https://commons.wikimedia.org/wiki/File%3AChevrolet%20Express%20Explorer%20Limited%20SE%20GMT610%20FL%20Black.jpg,CC BY-SA 4.0,Damian B Oh,102.1
st_00477,연세로4길,https://upload.wikimedia.org/wikipedia/commons/thumb/8/83/20230624_Wikimedia_Korea_Common_Editathon.jpg/960px-20230624_Wikimedia_Korea_Common_Editathon.jpg,https://commons.wikimedia.org/wiki/File%3A20230624%20Wikimedia%20Korea%20Common%20Editathon.jpg,CC BY-SA 4.0,Jjw,38.9
st_00484,호텔나루서울 엠겔러리,https://upload.wikimedia.org/wikipedia/commons/thumb/9/9d/2025-03-22_%EB%82%B4%EB%9E%80%EC%88%98%EA%B4%B4_%EC%9C%A4%EC%84%9D%EC%97%B4_%ED%8C%8C%EB%A9%B4_%EC%B4%89%EA%B5%AC_%EB%8D%94%EB%B6%88%EC%96%B4%EB%AF%BC%EC%A3%BC%EB%8B%B9_%EA%B5%AD%ED%9A%8C%EC%9D%98%EC%9B%90_%EB%8F%84%EB%B3%B4%ED%96%89%EC%A7%84_051.jpg/960px-2025-03-22_%EB%82%B4%EB%9E%80%EC%88%98%EA%B4%B4_%EC%9C%A4%EC%84%9D%EC%97%B4_%ED%8C%8C%EB%A9%B4_%EC%B4%89%EA%B5%AC_%EB%8D%94%EB%B6%88%EC%96%B4%EB%AF%BC%EC%A3%BC%EB%8B%B9_%EA%B5%AD%ED%9A%8C%EC%9D%98%EC%9B%90_%EB%8F%84%EB%B3%B4%ED%96%89%EC%A7%84_051.jpg,https://commons.wikimedia.org/wiki/File%3A2025-03-22%20%EB%82%B4%EB%9E%80%EC%88%98%EA%B4%B4%20%EC%9C%A4%EC%84%9D%EC%97%B4%20%ED%8C%8C%EB%A9%B4%20%EC%B4%89%EA%B5%AC%20%EB%8D%94%EB%B6%88%EC%96%B4%EB%AF%BC%EC%A3%BC%EB%8B%B9%20%EA%B5%AD%ED%9A%8C%EC%9D%98%EC%9B%90%20%EB%8F%84%EB%B3%B4%ED%96%89%EC%A7%84%20051.jpg,CC BY 4.0,ChongDae,93.2
st_02410,기택동네계단,https://upload.wikimedia.org/wikipedia/commons/thumb/8/84/Doijissal_Supermarket.jpg/960px-Doijissal_Supermarket.jpg,https://commons.wikimedia.org/wiki/File%3ADoijissal%20Supermarket.jpg,CC BY-SA 4.0,Aaaatu,33
st_02520,강북해병대전우회,https://upload.wikimedia.org/wikipedia/commons/thumb/0/04/Ui_Line_Bukhansan_Ui_Exit_1.jpg/960px-Ui_Line_Bukhansan_Ui_Exit_1.jpg,https://commons.wikimedia.org/wiki/File%3AUi%20Line%20Bukhansan%20Ui%20Exit%201.jpg,CC BY-SA 4.0,2147483647,86.8
st_02805,철도건널목,https://upload.wikimedia.org/wikipedia/commons/thumb/2/22/20200717_230134unidentified_places_in_south_korea_IMG_4115.jpg/960px-20200717_230134unidentified_places_in_south_korea_IMG_4115.jpg,https://commons.wikimedia.org/wiki/File%3A20200717%20230134unidentified%20places%20in%20south%20korea%20IMG%204115.jpg,CC0,Choi Kwang-mo,130.5
st_02863,그랜드 인터컨티넨탈 서울 파르나스,https://upload.wikimedia.org/wikipedia/commons/thumb/c/cf/%EB%94%94%EC%A7%80%ED%84%B8%EB%A6%AC%EB%8D%94%EC%8B%AD%ED%8F%AC%EB%9F%BC_%EC%A1%B0%EC%B0%AC_%EA%B0%95%EC%97%B0%ED%9A%8C%28%EC%A0%9C12%ED%9A%8C%29_%ED%96%89%EC%82%AC%EC%82%AC%EC%A7%84.jpg/960px-%EB%94%94%EC%A7%80%ED%84%B8%EB%A6%AC%EB%8D%94%EC%8B%AD%ED%8F%AC%EB%9F%BC_%EC%A1%B0%EC%B0%AC_%EA%B0%95%EC%97%B0%ED%9A%8C%28%EC%A0%9C12%ED%9A%8C%29_%ED%96%89%EC%82%AC%EC%82%AC%EC%A7%84.jpg,https://commons.wikimedia.org/wiki/File%3A%EB%94%94%EC%A7%80%ED%84%B8%EB%A6%AC%EB%8D%94%EC%8B%AD%ED%8F%AC%EB%9F%BC%20%EC%A1%B0%EC%B0%AC%20%EA%B0%95%EC%97%B0%ED%9A%8C%28%EC%A0%9C12%ED%9A%8C%29%20%ED%96%89%EC%82%AC%EC%82%AC%EC%A7%84.jpg,CC BY-SA 4.0,한국정보산업연합회,27
st_02929,한국야쿠르트 본사,https://upload.wikimedia.org/wikipedia/commons/thumb/a/a8/Ban-geonjo-ojingeo-gui.jpg/960px-Ban-geonjo-ojingeo-gui.jpg,https://commons.wikimedia.org/wiki/File%3ABan-geonjo-ojingeo-gui.jpg,CC BY 2.0,lazy fri13th,132
st_02944,철도건널목,https://upload.wikimedia.org/wikipedia/commons/thumb/2/22/20200717_230134unidentified_places_in_south_korea_IMG_4115.jpg/960px-20200717_230134unidentified_places_in_south_korea_IMG_4115.jpg,https://commons.wikimedia.org/wiki/File%3A20200717%20230134unidentified%20places%20in%20south%20korea%20IMG%204115.jpg,CC0,Choi Kwang-mo,142.5
st_02953,센터포인트빌딩,https://upload.wikimedia.org/wikipedia/commons/thumb/1/1e/Lincoln_Town_Car_Krystal_Limousine_FN145_FL_Vibrant_White_Clearcoat_%2832%29.jpg/960px-Lincoln_Town_Car_Krystal_Limousine_FN145_FL_Vibrant_White_Clearcoat_%2832%29.jpg,https://commons.wikimedia.org/wiki/File%3ALincoln%20Town%20Car%20Krystal%20Limousine%20FN145%20FL%20Vibrant%20White%20Clearcoat%20%2832%29.jpg,CC BY-SA 4.0,Damian B Oh,43.6
st_03671,오공팔샵,https://upload.wikimedia.org/wikipedia/commons/thumb/a/a1/Seoul_%2853854697800%29.jpg/960px-Seoul_%2853854697800%29.jpg,https://commons.wikimedia.org/wiki/File%3ASeoul%20%2853854697800%29.jpg,CC BY 2.0,"David Lee from Redmond, WA, USA",61.3
st_03685,구찌 청담 플래그십,https://upload.wikimedia.org/wikipedia/commons/thumb/f/f2/Cheongdam_Intersection.jpg/960px-Cheongdam_Intersection.jpg,https://commons.wikimedia.org/wiki/File%3ACheongdam%20Intersection.jpg,CC BY-SA 4.0,Cyberdoomslayer,117.6
st_04129,여의도IFC,https://upload.wikimedia.org/wikipedia/commons/thumb/b/b1/Rolls-Royce_Phantom_VIII_EWB_Series_II_Dark_Emerald_%2817%29.jpg/960px-Rolls-Royce_Phantom_VIII_EWB_Series_II_Dark_Emerald_%2817%29.jpg,https://commons.wikimedia.org/wiki/File%3ARolls-Royce%20Phantom%20VIII%20EWB%20Series%20II%20Dark%20Emerald%20%2817%29.jpg,CC BY-SA 4.0,Damian B Oh,22.3
st_06379,여의도IFC,https://upload.wikimedia.org/wikipedia/commons/thumb/b/b1/Rolls-Royce_Phantom_VIII_EWB_Series_II_Dark_Emerald_%2817%29.jpg/960px-Rolls-Royce_Phantom_VIII_EWB_Series_II_Dark_Emerald_%2817%29.jpg,https://commons.wikimedia.org/wiki/File%3ARolls-Royce%20Phantom%20VIII%20EWB%20Series%20II%20Dark%20Emerald%20%2817%29.jpg,CC BY-SA 4.0,Damian B Oh,22.3
st_17453,여의도IFC,https://upload.wikimedia.org/wikipedia/commons/thumb/b/b1/Rolls-Royce_Phantom_VIII_EWB_Series_II_Dark_Emerald_%2817%29.jpg/960px-Rolls-Royce_Phantom_VIII_EWB_Series_II_Dark_Emerald_%2817%29.jpg,https://commons.wikimedia.org/wiki/File%3ARolls-Royce%20Phantom%20VIII%20EWB%20Series%20II%20Dark%20Emerald%20%2817%29.jpg,CC BY-SA 4.0,Damian B Oh,22.3
st_04140,데이터세이브 용산지점,https://upload.wikimedia.org/wikipedia/commons/thumb/8/8d/%EC%9B%90%ED%9A%A8%EC%83%81%EA%B0%80%284%EB%8F%99_%EC%B2%AD%ED%8C%8C%EB%A1%9C_%EC%B8%A1%EB%A9%B4%29_2025.jpg/960px-%EC%9B%90%ED%9A%A8%EC%83%81%EA%B0%80%284%EB%8F%99_%EC%B2%AD%ED%8C%8C%EB%A1%9C_%EC%B8%A1%EB%A9%B4%29_2025.jpg,https://commons.wikimedia.org/wiki/File%3A%EC%9B%90%ED%9A%A8%EC%83%81%EA%B0%80%284%EB%8F%99%20%EC%B2%AD%ED%8C%8C%EB%A1%9C%20%EC%B8%A1%EB%A9%B4%29%202025.jpg,CC BY 4.0,Narubaru7,31.2
st_04381,서진빌딩2,https://upload.wikimedia.org/wikipedia/commons/thumb/2/2d/%EC%82%BC%EA%B2%B9%EC%82%B4_001.jpg/960px-%EC%82%BC%EA%B2%B9%EC%82%B4_001.jpg,https://commons.wikimedia.org/wiki/File%3A%EC%82%BC%EA%B2%B9%EC%82%B4%20001.jpg,CC BY 2.0 kr,revi,18
st_04411,소연미용실,https://upload.wikimedia.org/wikipedia/commons/thumb/f/ff/2020-07-05_things_places_in_south_korea_IMG_2165.jpg/960px-2020-07-05_things_places_in_south_korea_IMG_2165.jpg,https://commons.wikimedia.org/wiki/File%3A2020-07-05%20things%20places%20in%20south%20korea%20IMG%202165.jpg,CC0,Choi Kwang-mo,129
st_04948,신촌토끼굴,https://upload.wikimedia.org/wikipedia/commons/thumb/e/ea/%EC%9D%B4%ED%99%94%EC%97%AC%EC%9E%90%EB%8C%80%ED%95%99%EA%B5%90_%EC%82%AC%EB%B2%94%EB%8C%80%ED%95%99_%EB%B6%80%EC%86%8D%EC%B4%88%EB%93%B1%ED%95%99%EA%B5%90_001.jpg/960px-%EC%9D%B4%ED%99%94%EC%97%AC%EC%9E%90%EB%8C%80%ED%95%99%EA%B5%90_%EC%82%AC%EB%B2%94%EB%8C%80%ED%95%99_%EB%B6%80%EC%86%8D%EC%B4%88%EB%93%B1%ED%95%99%EA%B5%90_001.jpg,https://commons.wikimedia.org/wiki/File%3A%EC%9D%B4%ED%99%94%EC%97%AC%EC%9E%90%EB%8C%80%ED%95%99%EA%B5%90%20%EC%82%AC%EB%B2%94%EB%8C%80%ED%95%99%20%EB%B6%80%EC%86%8D%EC%B4%88%EB%93%B1%ED%95%99%EA%B5%90%20001.jpg,CC BY 2.0 kr,revi,42.2
st_07704,신촌토끼굴,https://upload.wikimedia.org/wikipedia/commons/thumb/e/ea/%EC%9D%B4%ED%99%94%EC%97%AC%EC%9E%90%EB%8C%80%ED%95%99%EA%B5%90_%EC%82%AC%EB%B2%94%EB%8C%80%ED%95%99_%EB%B6%80%EC%86%8D%EC%B4%88%EB%93%B1%ED%95%99%EA%B5%90_001.jpg/960px-%EC%9D%B4%ED%99%94%EC%97%AC%EC%9E%90%EB%8C%80%ED%95%99%EA%B5%90_%EC%82%AC%EB%B2%94%EB%8C%80%ED%95%99_%EB%B6%80%EC%86%8D%EC%B4%88%EB%93%B1%ED%95%99%EA%B5%90_001.jpg,https://commons.wikimedia.org/wiki/File%3A%EC%9D%B4%ED%99%94%EC%97%AC%EC%9E%90%EB%8C%80%ED%95%99%EA%B5%90%20%EC%82%AC%EB%B2%94%EB%8C%80%ED%95%99%20%EB%B6%80%EC%86%8D%EC%B4%88%EB%93%B1%ED%95%99%EA%B5%90%20001.jpg,CC BY 2.0 kr,revi,42.2
st_04955,포유인포텍,https://upload.wikimedia.org/wikipedia/commons/thumb/a/a6/Nightlife_In_Seoul_Korea_%28148012137%29.jpeg/960px-Nightlife_In_Seoul_Korea_%28148012137%29.jpeg,https://commons.wikimedia.org/wiki/File%3ANightlife%20In%20Seoul%20Korea%20%28148012137%29.jpeg,CC BY-SA 3.0,"
William Anderson",82.1
st_05235,퍼스트루머,https://upload.wikimedia.org/wikipedia/commons/thumb/b/bc/Seoul%2C_traditional_houses_-_panoramio.jpg/960px-Seoul%2C_traditional_houses_-_panoramio.jpg,https://commons.wikimedia.org/wiki/File%3ASeoul%2C%20traditional%20houses%20-%20panoramio.jpg,CC BY-SA 3.0,oimo,55.1
st_05245,스튜디오호세앞,https://upload.wikimedia.org/wikipedia/commons/thumb/3/31/Jeukseok-tteok-bokki_2.jpg/960px-Jeukseok-tteok-bokki_2.jpg,https://commons.wikimedia.org/wiki/File%3AJeukseok-tteok-bokki%202.jpg,CC BY-SA 2.0,bryan...,41.7
st_05258,갤러리원,https://upload.wikimedia.org/wikipedia/commons/thumb/5/5e/%EA%B5%AD%EB%A6%BD%EB%AF%BC%EC%86%8D%EB%B0%95%EB%AC%BC%EA%B4%80_%EC%86%8C%EC%A4%8F%EA%B3%A0%EB%A6%AC%28%EC%83%81%EC%84%A4%EC%A0%84%EC%8B%9C%EC%8B%A4_2%29.jpg/960px-%EA%B5%AD%EB%A6%BD%EB%AF%BC%EC%86%8D%EB%B0%95%EB%AC%BC%EA%B4%80_%EC%86%8C%EC%A4%8F%EA%B3%A0%EB%A6%AC%28%EC%83%81%EC%84%A4%EC%A0%84%EC%8B%9C%EC%8B%A4_2%29.jpg,https://commons.wikimedia.org/wiki/File%3A%EA%B5%AD%EB%A6%BD%EB%AF%BC%EC%86%8D%EB%B0%95%EB%AC%BC%EA%B4%80%20%EC%86%8C%EC%A4%8F%EA%B3%A0%EB%A6%AC%28%EC%83%81%EC%84%A4%EC%A0%84%EC%8B%9C%EC%8B%A4%202%29.jpg,CC BY-SA 3.0,Hare wiki,119.6
st_05364,투비앤 아나운서아카데미,https://upload.wikimedia.org/wikipedia/commons/thumb/3/3a/Seoul%2C_Korea_%2810877753826%29.jpg/960px-Seoul%2C_Korea_%2810877753826%29.jpg,https://commons.wikimedia.org/wiki/File%3ASeoul%2C%20Korea%20%2810877753826%29.jpg,CC BY-SA 2.0,"Michael Sean Gallagher from London, United Kingdom",58.3
st_05392,북촌로4길,https://upload.wikimedia.org/wikipedia/commons/thumb/4/4d/20260409womenphotowork%EA%B8%88%EC%88%B2_20.jpg/960px-20260409womenphotowork%EA%B8%88%EC%88%B2_20.jpg,https://commons.wikimedia.org/wiki/File%3A20260409womenphotowork%EA%B8%88%EC%88%B2%2020.jpg,CC BY 4.0,금숲,20.8
st_05405,명륜4길,https://upload.wikimedia.org/wikipedia/commons/thumb/0/05/Kim_Hyun-tak%2C_Labor_Party_preliminary_candidate_for_Jeollabuk-do_provincial_assembly_attended_The_517_Demonstration_Against_Gender-Based_Violence.jpg/960px-Kim_Hyun-tak%2C_Labor_Party_preliminary_candidate_for_Jeollabuk-do_provincial_assembly_attended_The_517_Demonstration_Against_Gender-Based_Violence.jpg,https://commons.wikimedia.org/wiki/File%3AKim%20Hyun-tak%2C%20Labor%20Party%20preliminary%20candidate%20for%20Jeollabuk-do%20provincial%20assembly%20attended%20The%20517%20Demonstration%20Against%20Gender-Based%20Violence.jpg,CC BY 4.0,고려,132.6
st_05623,무궁화로,https://upload.wikimedia.org/wikipedia/commons/thumb/8/81/Sogogi-ttaro-gukbap.jpg/960px-Sogogi-ttaro-gukbap.jpg,https://commons.wikimedia.org/wiki/File%3ASogogi-ttaro-gukbap.jpg,CC BY 2.0,lazy fri13th,79.1
st_06016,한성전업사,https://upload.wikimedia.org/wikipedia/commons/thumb/6/6a/20200805_143534_things_places_in_south_korea_IMG_9251.jpg/960px-20200805_143534_things_places_in_south_korea_IMG_9251.jpg,https://commons.wikimedia.org/wiki/File%3A20200805%20143534%20things%20places%20in%20south%20korea%20IMG%209251.jpg,CC0,Choi Kwang-mo,18
st_06405,종로12길,https://upload.wikimedia.org/wikipedia/commons/thumb/2/2b/Kia_K7_3.0_VG_PE_Aurora_Black_Pearl_%282%29.jpg/960px-Kia_K7_3.0_VG_PE_Aurora_Black_Pearl_%282%29.jpg,https://commons.wikimedia.org/wiki/File%3AKia%20K7%203.0%20VG%20PE%20Aurora%20Black%20Pearl%20%282%29.jpg,CC BY-SA 4.0,Damian B Oh,21.4
st_06422,오프닝,https://upload.wikimedia.org/wikipedia/commons/thumb/3/31/Maesaengi-guk.jpg/960px-Maesaengi-guk.jpg,https://commons.wikimedia.org/wiki/File%3AMaesaengi-guk.jpg,CC BY 2.0,lazy fri13th,106.7
st_06897,카페베이지크,https://upload.wikimedia.org/wikipedia/commons/thumb/8/8b/200729_%EB%AA%A9%EB%9E%80_%EC%9D%B4%EC%97%B0%EB%B3%B5.jpg/960px-200729_%EB%AA%A9%EB%9E%80_%EC%9D%B4%EC%97%B0%EB%B3%B5.jpg,https://commons.wikimedia.org/wiki/File%3A200729%20%EB%AA%A9%EB%9E%80%20%EC%9D%B4%EC%97%B0%EB%B3%B5.jpg,CC BY-SA 4.0,Explicit,59.1
st_06906,서울드래곤시티,https://upload.wikimedia.org/wikipedia/commons/thumb/a/a3/20200718_034210unidentified_places_in_south_korea_IMG_4400.jpg/960px-20200718_034210unidentified_places_in_south_korea_IMG_4400.jpg,https://commons.wikimedia.org/wiki/File%3A20200718%20034210unidentified%20places%20in%20south%20korea%20IMG%204400.jpg,CC0,Choi Kwang-mo,63.4
st_06912,모노맨션 동국대점,https://upload.wikimedia.org/wikipedia/commons/thumb/8/81/Jinyang_Arcade_Building%2C_2013.jpg/960px-Jinyang_Arcade_Building%2C_2013.jpg,https://commons.wikimedia.org/wiki/File%3AJinyang%20Arcade%20Building%2C%202013.jpg,CC0,PuzzletChung,139.6
st_06923,하이테이블 차병원사거리점,https://upload.wikimedia.org/wikipedia/commons/thumb/9/91/Eonju_Station_20150328_141745736.JPG/960px-Eonju_Station_20150328_141745736.JPG,https://commons.wikimedia.org/wiki/File%3AEonju%20Station%2020150328%20141745736.JPG,CC BY-SA 3.0,안우석,37.3
st_07406,명동11길,https://upload.wikimedia.org/wikipedia/commons/thumb/b/bd/Hyundai_Staria_Lounge_Limousine_2.2D_US4_Abyss_Black_Pearl_%2847%29.jpg/960px-Hyundai_Staria_Lounge_Limousine_2.2D_US4_Abyss_Black_Pearl_%2847%29.jpg,https://commons.wikimedia.org/wiki/File%3AHyundai%20Staria%20Lounge%20Limousine%202.2D%20US4%20Abyss%20Black%20Pearl%20%2847%29.jpg,CC BY-SA 4.0,Damian B Oh,37.1
st_07411,센트로폴리스,https://upload.wikimedia.org/wikipedia/commons/thumb/1/1d/Genesis_G90_RS4_Uyuni_White_%28110%29.jpg/960px-Genesis_G90_RS4_Uyuni_White_%28110%29.jpg,https://commons.wikimedia.org/wiki/File%3AGenesis%20G90%20RS4%20Uyuni%20White%20%28110%29.jpg,CC BY-SA 4.0,Damian B Oh,37
st_07432,온지심 옆,https://upload.wikimedia.org/wikipedia/commons/thumb/2/2d/%EC%82%BC%EA%B2%B9%EC%82%B4_001.jpg/960px-%EC%82%BC%EA%B2%B9%EC%82%B4_001.jpg,https://commons.wikimedia.org/wiki/File%3A%EC%82%BC%EA%B2%B9%EC%82%B4%20001.jpg,CC BY 2.0 kr,revi,46.9
st_07438,낙원역 앞,https://upload.wikimedia.org/wikipedia/commons/thumb/7/73/Pasta_made_by_a_restaurant_named_%EC%97%B4%EB%91%90%EB%8B%AC.jpg/960px-Pasta_made_by_a_restaurant_named_%EC%97%B4%EB%91%90%EB%8B%AC.jpg,https://commons.wikimedia.org/wiki/File%3APasta%20made%20by%20a%20restaurant%20named%20%EC%97%B4%EB%91%90%EB%8B%AC.jpg,CC BY-SA 4.0,Ch sj,57
st_07450,어메이징브루잉컴퍼니,https://upload.wikimedia.org/wikipedia/commons/thumb/0/0c/Cafe_storefront_in_Seongsu-dong.jpg/960px-Cafe_storefront_in_Seongsu-dong.jpg,https://commons.wikimedia.org/wiki/File%3ACafe%20storefront%20in%20Seongsu-dong.jpg,CC BY-SA 4.0,CartoonChess,124.3
st_07509,타임즈스퀘어,https://upload.wikimedia.org/wikipedia/commons/thumb/a/a0/%EA%B2%BD%EB%B0%A9_%EC%98%81%EB%93%B1%ED%8F%AC%ED%83%80%EC%9E%84%EC%8A%A4%ED%80%98%EC%96%B4_%EB%82%B4%EB%B6%80%EB%A1%9C%EB%B9%84_2025.jpg/960px-%EA%B2%BD%EB%B0%A9_%EC%98%81%EB%93%B1%ED%8F%AC%ED%83%80%EC%9E%84%EC%8A%A4%ED%80%98%EC%96%B4_%EB%82%B4%EB%B6%80%EB%A1%9C%EB%B9%84_2025.jpg,https://commons.wikimedia.org/wiki/File%3A%EA%B2%BD%EB%B0%A9%20%EC%98%81%EB%93%B1%ED%8F%AC%ED%83%80%EC%9E%84%EC%8A%A4%ED%80%98%EC%96%B4%20%EB%82%B4%EB%B6%80%EB%A1%9C%EB%B9%84%202025.jpg,CC BY 4.0,Narubaru7,42.9
st_07714,낙산길,https://upload.wikimedia.org/wikipedia/commons/thumb/8/89/%E6%A2%A8%E8%8A%B1%E6%B4%9E%E5%A3%81%E7%95%AB%E6%9D%91_%2826692683113%29.jpg/960px-%E6%A2%A8%E8%8A%B1%E6%B4%9E%E5%A3%81%E7%95%AB%E6%9D%91_%2826692683113%29.jpg,https://commons.wikimedia.org/wiki/File%3A%E6%A2%A8%E8%8A%B1%E6%B4%9E%E5%A3%81%E7%95%AB%E6%9D%91%20%2826692683113%29.jpg,CC BY-SA 2.0,"Wei-Te Wong from Taipei City, Taiwan, Republic of China",16
st_07750,오월커피,https://upload.wikimedia.org/wikipedia/commons/thumb/5/51/20190913_195713_%EC%B9%A0%EC%82%AC%EB%8B%B9.jpg/960px-20190913_195713_%EC%B9%A0%EC%82%AC%EB%8B%B9.jpg,https://commons.wikimedia.org/wiki/File%3A20190913%20195713%20%EC%B9%A0%EC%82%AC%EB%8B%B9.jpg,CC BY-SA 4.0,심선영,127.1
st_07763,렌즈타운 전북대점,https://upload.wikimedia.org/wikipedia/commons/thumb/0/05/Kim_Hyun-tak%2C_Labor_Party_preliminary_candidate_for_Jeollabuk-do_provincial_assembly_attended_The_517_Demonstration_Against_Gender-Based_Violence.jpg/960px-Kim_Hyun-tak%2C_Labor_Party_preliminary_candidate_for_Jeollabuk-do_provincial_assembly_attended_The_517_Demonstration_Against_Gender-Based_Violence.jpg,https://commons.wikimedia.org/wiki/File%3AKim%20Hyun-tak%2C%20Labor%20Party%20preliminary%20candidate%20for%20Jeollabuk-do%20provincial%20assembly%20attended%20The%20517%20Demonstration%20Against%20Gender-Based%20Violence.jpg,CC BY 4.0,고려,45.5
st_08076,부띠끄모나코,https://upload.wikimedia.org/wikipedia/commons/thumb/1/14/Boutique_Monaco_Seoul.jpg/960px-Boutique_Monaco_Seoul.jpg,https://commons.wikimedia.org/wiki/File%3ABoutique%20Monaco%20Seoul.jpg,CC BY-SA 2.0,"Sunghwan Yoon from New York, USA",4.8
st_08628,참농,https://upload.wikimedia.org/wikipedia/commons/thumb/e/e8/Mercado_Mangwon_en_Se%C3%BAl.jpg/960px-Mercado_Mangwon_en_Se%C3%BAl.jpg,https://commons.wikimedia.org/wiki/File%3AMercado%20Mangwon%20en%20Se%C3%BAl.jpg,CC0,Enamoradadecorea,97.5
st_08652,충무로5길,https://upload.wikimedia.org/wikipedia/commons/thumb/8/8e/A_printing_company_in_Euljiro_printing_alley.jpg/960px-A_printing_company_in_Euljiro_printing_alley.jpg,https://commons.wikimedia.org/wiki/File%3AA%20printing%20company%20in%20Euljiro%20printing%20alley.jpg,CC BY-SA 4.0,Aaaatu,4.3
st_08985,서브웨이,https://upload.wikimedia.org/wikipedia/commons/thumb/c/cf/%EA%B5%AC%EC%9B%94%EB%82%A8%EB%A1%9C_%EA%B5%90%EB%B3%B4%EC%83%9D%EB%AA%85_%EB%B9%8C%EB%94%A9_2024.jpg/960px-%EA%B5%AC%EC%9B%94%EB%82%A8%EB%A1%9C_%EA%B5%90%EB%B3%B4%EC%83%9D%EB%AA%85_%EB%B9%8C%EB%94%A9_2024.jpg,https://commons.wikimedia.org/wiki/File%3A%EA%B5%AC%EC%9B%94%EB%82%A8%EB%A1%9C%20%EA%B5%90%EB%B3%B4%EC%83%9D%EB%AA%85%20%EB%B9%8C%EB%94%A9%202024.jpg,CC BY-SA 4.0,Narubaru7,34.2
st_09509,복정우물앞,https://upload.wikimedia.org/wikipedia/commons/thumb/3/30/Cat_%2845803780672%29.jpg/960px-Cat_%2845803780672%29.jpg,https://commons.wikimedia.org/wiki/File%3ACat%20%2845803780672%29.jpg,CC BY 2.0,"Maythee Anegboonlap from Singapore, Singapore",71
st_09542,평촌한림대성심병원,https://upload.wikimedia.org/wikipedia/commons/thumb/c/c5/Flea_market_of_Pyeongchon_Central_Park5.jpg/960px-Flea_market_of_Pyeongchon_Central_Park5.jpg,https://commons.wikimedia.org/wiki/File%3AFlea%20market%20of%20Pyeongchon%20Central%20Park5.jpg,CC BY-SA 4.0,BoeunKim,134.7
st_09551,수원천로392번길,https://upload.wikimedia.org/wikipedia/commons/thumb/3/35/Hwaseong_Fortress_02.jpg/960px-Hwaseong_Fortress_02.jpg,https://commons.wikimedia.org/wiki/File%3AHwaseong%20Fortress%2002.jpg,CC0,Bernard Gagnon,72.8
st_10121,화신유통,https://upload.wikimedia.org/wikipedia/commons/thumb/e/ea/20200718_033846unidentified_places_in_south_korea_IMG_4394.jpg/960px-20200718_033846unidentified_places_in_south_korea_IMG_4394.jpg,https://commons.wikimedia.org/wiki/File%3A20200718%20033846unidentified%20places%20in%20south%20korea%20IMG%204394.jpg,CC0,Choi Kwang-mo,44.2
st_10452,아크로리버파크107동,https://upload.wikimedia.org/wikipedia/commons/thumb/3/33/Lover_%2869068039%29.jpeg/960px-Lover_%2869068039%29.jpeg,https://commons.wikimedia.org/wiki/File%3ALover%20%2869068039%29.jpeg,CC BY-SA 3.0,"
Jaeseop An",122.7
st_10472,동양상가,https://upload.wikimedia.org/wikipedia/commons/thumb/7/74/20200804_231702_things_places_in_south_korea_IMG_8793.jpg/960px-20200804_231702_things_places_in_south_korea_IMG_8793.jpg,https://commons.wikimedia.org/wiki/File%3A20200804%20231702%20things%20places%20in%20south%20korea%20IMG%208793.jpg,CC0,Choi Kwang-mo,35.8
st_10835,명다방,https://upload.wikimedia.org/wikipedia/commons/thumb/b/be/2025-03-22_%EB%82%B4%EB%9E%80%EC%88%98%EA%B4%B4_%EC%9C%A4%EC%84%9D%EC%97%B4_%ED%8C%8C%EB%A9%B4_%EC%B4%89%EA%B5%AC_%EB%8D%94%EB%B6%88%EC%96%B4%EB%AF%BC%EC%A3%BC%EB%8B%B9_%EA%B5%AD%ED%9A%8C%EC%9D%98%EC%9B%90_%EB%8F%84%EB%B3%B4%ED%96%89%EC%A7%84_071.jpg/960px-2025-03-22_%EB%82%B4%EB%9E%80%EC%88%98%EA%B4%B4_%EC%9C%A4%EC%84%9D%EC%97%B4_%ED%8C%8C%EB%A9%B4_%EC%B4%89%EA%B5%AC_%EB%8D%94%EB%B6%88%EC%96%B4%EB%AF%BC%EC%A3%BC%EB%8B%B9_%EA%B5%AD%ED%9A%8C%EC%9D%98%EC%9B%90_%EB%8F%84%EB%B3%B4%ED%96%89%EC%A7%84_071.jpg,https://commons.wikimedia.org/wiki/File%3A2025-03-22%20%EB%82%B4%EB%9E%80%EC%88%98%EA%B4%B4%20%EC%9C%A4%EC%84%9D%EC%97%B4%20%ED%8C%8C%EB%A9%B4%20%EC%B4%89%EA%B5%AC%20%EB%8D%94%EB%B6%88%EC%96%B4%EB%AF%BC%EC%A3%BC%EB%8B%B9%20%EA%B5%AD%ED%9A%8C%EC%9D%98%EC%9B%90%20%EB%8F%84%EB%B3%B4%ED%96%89%EC%A7%84%20071.jpg,CC BY 4.0,ChongDae,104.9
st_11229,서강로,https://upload.wikimedia.org/wikipedia/commons/thumb/8/84/Sogang_University_Station_20140317_105117.jpg/960px-Sogang_University_Station_20140317_105117.jpg,https://commons.wikimedia.org/wiki/File%3ASogang%20University%20Station%2020140317%20105117.jpg,CC BY-SA 3.0,안우석,81.3
st_11254,너와집노래방,https://upload.wikimedia.org/wikipedia/commons/thumb/f/f5/Jjajangmyeon_Museum%2C_2013.jpg/960px-Jjajangmyeon_Museum%2C_2013.jpg,https://commons.wikimedia.org/wiki/File%3AJjajangmyeon%20Museum%2C%202013.jpg,CC0,PuzzletChung,40.3
st_11492,데이즈쇼룸,https://upload.wikimedia.org/wikipedia/commons/thumb/e/e0/2014-04-15_12.32.03_%EC%B5%9C%EA%B4%91%EB%AA%A8.jpg/960px-2014-04-15_12.32.03_%EC%B5%9C%EA%B4%91%EB%AA%A8.jpg,https://commons.wikimedia.org/wiki/File%3A2014-04-15%2012.32.03%20%EC%B5%9C%EA%B4%91%EB%AA%A8.jpg,CC0,최광모 (Choe Kwangmo),45.1
st_11610,헤이피피 홍대점,https://upload.wikimedia.org/wikipedia/commons/thumb/8/89/20200805_011158_things_places_in_south_korea_IMG_8925.jpg/960px-20200805_011158_things_places_in_south_korea_IMG_8925.jpg,https://commons.wikimedia.org/wiki/File%3A20200805%20011158%20things%20places%20in%20south%20korea%20IMG%208925.jpg,CC0,Choi Kwang-mo,38.9
st_11632,인천공항,https://upload.wikimedia.org/wikipedia/commons/thumb/7/7c/Korea-Incheon-International-Airport-Transport-Center.jpg/960px-Korea-Incheon-International-Airport-Transport-Center.jpg,https://commons.wikimedia.org/wiki/File%3AKorea-Incheon-International-Airport-Transport-Center.jpg,CC BY-SA 4.0,Kanchi1979,20.1
st_11984,세종대로12길,https://upload.wikimedia.org/wikipedia/commons/thumb/1/1d/Sungnyemun_Gate_in_Seoul.jpg/960px-Sungnyemun_Gate_in_Seoul.jpg,https://commons.wikimedia.org/wiki/File%3ASungnyemun%20Gate%20in%20Seoul.jpg,CC0,Bernard Gagnon,43.8
st_12006,NGT빌딩,https://upload.wikimedia.org/wikipedia/commons/thumb/0/07/Hapjeong_%28197719473%29.jpeg/960px-Hapjeong_%28197719473%29.jpeg,https://commons.wikimedia.org/wiki/File%3AHapjeong%20%28197719473%29.jpeg,CC BY 3.0,"
Anton Strogonoff",29.2
st_12077,수정부동산,https://upload.wikimedia.org/wikipedia/commons/thumb/3/3f/GM_Daewoo_Kalos_V_LK_T200_White_%283%29.jpg/960px-GM_Daewoo_Kalos_V_LK_T200_White_%283%29.jpg,https://commons.wikimedia.org/wiki/File%3AGM%20Daewoo%20Kalos%20V%20LK%20T200%20White%20%283%29.jpg,CC BY-SA 4.0,Damian B Oh,123
st_12164,스와로브스키,https://upload.wikimedia.org/wikipedia/commons/thumb/8/8b/JP303403.jpg/960px-JP303403.jpg,https://commons.wikimedia.org/wiki/File%3AJP303403.jpg,CC BY-SA 4.0,Flash Coffee,71.2
st_19691,스와로브스키,https://upload.wikimedia.org/wikipedia/commons/thumb/8/8b/JP303403.jpg/960px-JP303403.jpg,https://commons.wikimedia.org/wiki/File%3AJP303403.jpg,CC BY-SA 4.0,Flash Coffee,71.2
st_12171,어바웃복싱,https://upload.wikimedia.org/wikipedia/commons/thumb/f/fe/Mandu-guk_1.jpg/960px-Mandu-guk_1.jpg,https://commons.wikimedia.org/wiki/File%3AMandu-guk%201.jpg,CC BY 2.0,lazy fri13th,43.1
st_12186,홍대수노래방본점,https://upload.wikimedia.org/wikipedia/commons/thumb/8/89/Hongdae_1.jpg/960px-Hongdae_1.jpg,https://commons.wikimedia.org/wiki/File%3AHongdae%201.jpg,CC BY-SA 4.0,Sgroey,5.7
st_12203,닌옆골목1,https://upload.wikimedia.org/wikipedia/commons/thumb/b/bc/Seoul%2C_traditional_houses_-_panoramio.jpg/960px-Seoul%2C_traditional_houses_-_panoramio.jpg,https://commons.wikimedia.org/wiki/File%3ASeoul%2C%20traditional%20houses%20-%20panoramio.jpg,CC BY-SA 3.0,oimo,76
st_00046,나라약국,https://upload.wikimedia.org/wikipedia/commons/thumb/9/9f/Mul_naengmyeon_by_Kuruman_in_Seoul.jpg/960px-Mul_naengmyeon_by_Kuruman_in_Seoul.jpg,https://commons.wikimedia.org/wiki/File%3AMul%20naengmyeon%20by%20Kuruman%20in%20Seoul.jpg,CC BY 2.0,Kuruman,43.3
st_00065,럭셔리판다,https://upload.wikimedia.org/wikipedia/commons/thumb/0/0c/MINI_R56_Hatch_Cooper_S_Inspired_by_Goodwood_Diamond_Black_Metallic_%281%29.jpg/960px-MINI_R56_Hatch_Cooper_S_Inspired_by_Goodwood_Diamond_Black_Metallic_%281%29.jpg,https://commons.wikimedia.org/wiki/File%3AMINI%20R56%20Hatch%20Cooper%20S%20Inspired%20by%20Goodwood%20Diamond%20Black%20Metallic%20%281%29.jpg,CC BY-SA 4.0,Damian B Oh,64.3
st_02847,양화로횟집,https://upload.wikimedia.org/wikipedia/commons/thumb/8/8f/238_Hapjeong_Station_Line_2_Platform_20240630_132245.jpg/960px-238_Hapjeong_Station_Line_2_Platform_20240630_132245.jpg,https://commons.wikimedia.org/wiki/File%3A238%20Hapjeong%20Station%20Line%202%20Platform%2020240630%20132245.jpg,CC BY-SA 4.0,ZKang123,149.7
st_03682,복싱인사이드짐 역삼직영점,https://upload.wikimedia.org/wikipedia/commons/thumb/b/b9/Myeonsu.jpg/960px-Myeonsu.jpg,https://commons.wikimedia.org/wiki/File%3AMyeonsu.jpg,CC BY 2.0,lazy fri13th,110.9
st_04149,CU뉴명동YWCA점,https://upload.wikimedia.org/wikipedia/commons/thumb/b/be/Babymonster_Exhibition_at_The_SameE_Myeongdong.jpg/960px-Babymonster_Exhibition_at_The_SameE_Myeongdong.jpg,https://commons.wikimedia.org/wiki/File%3ABabymonster%20Exhibition%20at%20The%20SameE%20Myeongdong.jpg,CC BY 4.0,Izzatfikry99,54.6
st_04387,KB골든라이프 플러스센터,https://upload.wikimedia.org/wikipedia/commons/thumb/7/7d/MINI_F65_Cooper_S_Favoured_3_Door_Midnight_Black_II.jpg/960px-MINI_F65_Cooper_S_Favoured_3_Door_Midnight_Black_II.jpg,https://commons.wikimedia.org/wiki/File%3AMINI%20F65%20Cooper%20S%20Favoured%203%20Door%20Midnight%20Black%20II.jpg,CC BY-SA 4.0,Damian B Oh,57
st_05091,모던눌랑 라이브,https://upload.wikimedia.org/wikipedia/commons/thumb/8/86/%EC%84%9D%EC%B4%8C_%ED%98%B8%EC%88%98%EA%B3%B5%EC%9B%90_%281%29.jpg/960px-%EC%84%9D%EC%B4%8C_%ED%98%B8%EC%88%98%EA%B3%B5%EC%9B%90_%281%29.jpg,https://commons.wikimedia.org/wiki/File%3A%EC%84%9D%EC%B4%8C%20%ED%98%B8%EC%88%98%EA%B3%B5%EC%9B%90%20%281%29.jpg,CC BY-SA 4.0,Jocelyndurrey,82.5
st_00476,연세로7안길,https://upload.wikimedia.org/wikipedia/commons/5/5d/Mixed-berry_Bingsu.jpg,https://commons.wikimedia.org/wiki/File%3AMixed-berry%20Bingsu.jpg,CC BY-SA 4.0,As.jb18,104.4
st_00482,인생네컷 신촌점(폐업),https://upload.wikimedia.org/wikipedia/commons/thumb/3/3e/Voisper_busking_on_Arisu_Stage_in_Sinchon_2.jpg/960px-Voisper_busking_on_Arisu_Stage_in_Sinchon_2.jpg,https://commons.wikimedia.org/wiki/File%3AVoisper%20busking%20on%20Arisu%20Stage%20in%20Sinchon%202.jpg,CC BY-SA 4.0,Explicit,37.7
st_00491,더쿠스,https://upload.wikimedia.org/wikipedia/commons/thumb/1/1e/Original_Benchmark_of_the_Republic_of_Korea.jpg/960px-Original_Benchmark_of_the_Republic_of_Korea.jpg,https://commons.wikimedia.org/wiki/File%3AOriginal%20Benchmark%20of%20the%20Republic%20of%20Korea.jpg,CC BY-SA 4.0,Trainholic,141.1
st_01414,YTN본사,https://upload.wikimedia.org/wikipedia/commons/thumb/1/18/%ED%95%9C%EA%B5%AD%EC%98%81%EC%83%81%EC%9E%90%EB%A3%8C%EC%9B%90.jpg/960px-%ED%95%9C%EA%B5%AD%EC%98%81%EC%83%81%EC%9E%90%EB%A3%8C%EC%9B%90.jpg,https://commons.wikimedia.org/wiki/File%3A%ED%95%9C%EA%B5%AD%EC%98%81%EC%83%81%EC%9E%90%EB%A3%8C%EC%9B%90.jpg,CC BY-SA 4.0,Jjw,117.1
st_08273,YTN본사,https://upload.wikimedia.org/wikipedia/commons/thumb/1/18/%ED%95%9C%EA%B5%AD%EC%98%81%EC%83%81%EC%9E%90%EB%A3%8C%EC%9B%90.jpg/960px-%ED%95%9C%EA%B5%AD%EC%98%81%EC%83%81%EC%9E%90%EB%A3%8C%EC%9B%90.jpg,https://commons.wikimedia.org/wiki/File%3A%ED%95%9C%EA%B5%AD%EC%98%81%EC%83%81%EC%9E%90%EB%A3%8C%EC%9B%90.jpg,CC BY-SA 4.0,Jjw,117.1
st_11226,YTN본사,https://upload.wikimedia.org/wikipedia/commons/thumb/1/18/%ED%95%9C%EA%B5%AD%EC%98%81%EC%83%81%EC%9E%90%EB%A3%8C%EC%9B%90.jpg/960px-%ED%95%9C%EA%B5%AD%EC%98%81%EC%83%81%EC%9E%90%EB%A3%8C%EC%9B%90.jpg,https://commons.wikimedia.org/wiki/File%3A%ED%95%9C%EA%B5%AD%EC%98%81%EC%83%81%EC%9E%90%EB%A3%8C%EC%9B%90.jpg,CC BY-SA 4.0,Jjw,117.1
st_16937,YTN본사,https://upload.wikimedia.org/wikipedia/commons/thumb/1/18/%ED%95%9C%EA%B5%AD%EC%98%81%EC%83%81%EC%9E%90%EB%A3%8C%EC%9B%90.jpg/960px-%ED%95%9C%EA%B5%AD%EC%98%81%EC%83%81%EC%9E%90%EB%A3%8C%EC%9B%90.jpg,https://commons.wikimedia.org/wiki/File%3A%ED%95%9C%EA%B5%AD%EC%98%81%EC%83%81%EC%9E%90%EB%A3%8C%EC%9B%90.jpg,CC BY-SA 4.0,Jjw,117.1
st_18434,YTN본사,https://upload.wikimedia.org/wikipedia/commons/thumb/1/18/%ED%95%9C%EA%B5%AD%EC%98%81%EC%83%81%EC%9E%90%EB%A3%8C%EC%9B%90.jpg/960px-%ED%95%9C%EA%B5%AD%EC%98%81%EC%83%81%EC%9E%90%EB%A3%8C%EC%9B%90.jpg,https://commons.wikimedia.org/wiki/File%3A%ED%95%9C%EA%B5%AD%EC%98%81%EC%83%81%EC%9E%90%EB%A3%8C%EC%9B%90.jpg,CC BY-SA 4.0,Jjw,117.1
st_19057,YTN본사,https://upload.wikimedia.org/wikipedia/commons/thumb/1/18/%ED%95%9C%EA%B5%AD%EC%98%81%EC%83%81%EC%9E%90%EB%A3%8C%EC%9B%90.jpg/960px-%ED%95%9C%EA%B5%AD%EC%98%81%EC%83%81%EC%9E%90%EB%A3%8C%EC%9B%90.jpg,https://commons.wikimedia.org/wiki/File%3A%ED%95%9C%EA%B5%AD%EC%98%81%EC%83%81%EC%9E%90%EB%A3%8C%EC%9B%90.jpg,CC BY-SA 4.0,Jjw,117.1
st_02519,정릉로8길,https://upload.wikimedia.org/wikipedia/commons/thumb/b/b2/%E7%94%B7%E3%83%88%E3%82%A4%E3%83%AC_%E5%A5%B3%E3%83%88%E3%82%A4%E3%83%AC_%2830335945765%29.jpg/960px-%E7%94%B7%E3%83%88%E3%82%A4%E3%83%AC_%E5%A5%B3%E3%83%88%E3%82%A4%E3%83%AC_%2830335945765%29.jpg,https://commons.wikimedia.org/wiki/File%3A%E7%94%B7%E3%83%88%E3%82%A4%E3%83%AC%20%E5%A5%B3%E3%83%88%E3%82%A4%E3%83%AC%20%2830335945765%29.jpg,CC BY 2.0,"kimubert from Kobe, Japan",111.1
st_02597,커피베이,https://upload.wikimedia.org/wikipedia/commons/thumb/c/c4/Sangam-dong_Community_Service_Center_20140524_192540.jpg/960px-Sangam-dong_Community_Service_Center_20140524_192540.jpg,https://commons.wikimedia.org/wiki/File%3ASangam-dong%20Community%20Service%20Center%2020140524%20192540.jpg,CC BY-SA 4.0,안우석,21.5
st_02802,자매근린공원,https://upload.wikimedia.org/wikipedia/commons/thumb/8/85/%EC%95%99%EC%B9%B4%EB%9D%BC%EA%B3%B5%EC%9B%90_%EC%A0%84%EA%B2%BD_03.jpg/960px-%EC%95%99%EC%B9%B4%EB%9D%BC%EA%B3%B5%EC%9B%90_%EC%A0%84%EA%B2%BD_03.jpg,https://commons.wikimedia.org/wiki/File%3A%EC%95%99%EC%B9%B4%EB%9D%BC%EA%B3%B5%EC%9B%90%20%EC%A0%84%EA%B2%BD%2003.jpg,CC0,Aspere,23.3
st_02949,외교부 부근,https://upload.wikimedia.org/wikipedia/commons/thumb/c/cd/Secretary_Kerry_Meets_With_South_Korean_First_Vice_Foreign_Minister_Lim_Sung-nam_in_Seoul_%2824626852586%29.jpg/960px-Secretary_Kerry_Meets_With_South_Korean_First_Vice_Foreign_Minister_Lim_Sung-nam_in_Seoul_%2824626852586%29.jpg,https://commons.wikimedia.org/wiki/File%3ASecretary%20Kerry%20Meets%20With%20South%20Korean%20First%20Vice%20Foreign%20Minister%20Lim%20Sung-nam%20in%20Seoul%20%2824626852586%29.jpg,Public domain,U.S. Department of State from United States,23.6
st_03656,새창로49길 지하도,https://upload.wikimedia.org/wikipedia/commons/thumb/0/04/20200718_031908unidentified_places_in_south_korea_IMG_4341.jpg/960px-20200718_031908unidentified_places_in_south_korea_IMG_4341.jpg,https://commons.wikimedia.org/wiki/File%3A20200718%20031908unidentified%20places%20in%20south%20korea%20IMG%204341.jpg,CC0,Choi Kwang-mo,16.2
st_04139,서울드래곤시티 랑데부,https://upload.wikimedia.org/wikipedia/commons/thumb/a/a3/20200718_034210unidentified_places_in_south_korea_IMG_4400.jpg/960px-20200718_034210unidentified_places_in_south_korea_IMG_4400.jpg,https://commons.wikimedia.org/wiki/File%3A20200718%20034210unidentified%20places%20in%20south%20korea%20IMG%204400.jpg,CC0,Choi Kwang-mo,63.4
st_04159,아차산어울림정원,https://upload.wikimedia.org/wikipedia/commons/thumb/e/e7/%EC%95%84%EC%B0%A8%EC%82%B0%EC%88%B2%EC%86%8D%EB%8F%84%EC%84%9C%EA%B4%80.jpg/960px-%EC%95%84%EC%B0%A8%EC%82%B0%EC%88%B2%EC%86%8D%EB%8F%84%EC%84%9C%EA%B4%80.jpg,https://commons.wikimedia.org/wiki/File%3A%EC%95%84%EC%B0%A8%EC%82%B0%EC%88%B2%EC%86%8D%EB%8F%84%EC%84%9C%EA%B4%80.jpg,CC0,KSH1015,74.4
st_04291,남부순환로358길,https://upload.wikimedia.org/wikipedia/commons/4/45/Rainbow-new_logo_use.png,https://commons.wikimedia.org/wiki/File%3ARainbow-new%20logo%20use.png,CC BY-SA 4.0,Rainbowseoul,115.2
st_04939,자도르 본점,https://upload.wikimedia.org/wikipedia/commons/thumb/2/23/Hyundai_IONIQ_6_Prestige_CE_Transmission_Blue_Pearl_%281%29.jpg/960px-Hyundai_IONIQ_6_Prestige_CE_Transmission_Blue_Pearl_%281%29.jpg,https://commons.wikimedia.org/wiki/File%3AHyundai%20IONIQ%206%20Prestige%20CE%20Transmission%20Blue%20Pearl%20%281%29.jpg,CC BY-SA 4.0,Damian B Oh,54.8
st_04957,북촌손만두(벽화),https://upload.wikimedia.org/wikipedia/commons/thumb/c/c4/%EC%84%9C%EC%9A%B8_%EB%B6%81%EC%B4%8C_%EB%A8%B9%EC%89%AC%EB%8F%88%EB%82%98_-_panoramio_-_%EC%9A%B0%ED%95%9C%EA%B8%B8%28HK_Woo%29.jpg/960px-%EC%84%9C%EC%9A%B8_%EB%B6%81%EC%B4%8C_%EB%A8%B9%EC%89%AC%EB%8F%88%EB%82%98_-_panoramio_-_%EC%9A%B0%ED%95%9C%EA%B8%B8%28HK_Woo%29.jpg,https://commons.wikimedia.org/wiki/File%3A%EC%84%9C%EC%9A%B8%20%EB%B6%81%EC%B4%8C%20%EB%A8%B9%EC%89%AC%EB%8F%88%EB%82%98%20-%20panoramio%20-%20%EC%9A%B0%ED%95%9C%EA%B8%B8%28HK%20Woo%29.jpg,CC BY 3.0,우한길(HK Woo),6.2
st_05175,아그레아블,https://upload.wikimedia.org/wikipedia/commons/thumb/f/fc/Mayak-gimbap_and_bindae-tteok.jpg/960px-Mayak-gimbap_and_bindae-tteok.jpg,https://commons.wikimedia.org/wiki/File%3AMayak-gimbap%20and%20bindae-tteok.jpg,CC BY-SA 2.0,donchili,91.9
st_05232,서브웨이,https://upload.wikimedia.org/wikipedia/commons/thumb/4/47/2024_Autistic_Pride_Day_Seoul_002.jpg/960px-2024_Autistic_Pride_Day_Seoul_002.jpg,https://commons.wikimedia.org/wiki/File%3A2024%20Autistic%20Pride%20Day%20Seoul%20002.jpg,CC BY 4.0,Jjw,29.6
st_05244,북촌사진관앞,https://upload.wikimedia.org/wikipedia/commons/thumb/3/31/Jeukseok-tteok-bokki_2.jpg/960px-Jeukseok-tteok-bokki_2.jpg,https://commons.wikimedia.org/wiki/File%3AJeukseok-tteok-bokki%202.jpg,CC BY-SA 2.0,bryan...,35.7
st_05252,서울중앙고,https://upload.wikimedia.org/wikipedia/commons/thumb/b/bc/Seoul%2C_traditional_houses_-_panoramio.jpg/960px-Seoul%2C_traditional_houses_-_panoramio.jpg,https://commons.wikimedia.org/wiki/File%3ASeoul%2C%20traditional%20houses%20-%20panoramio.jpg,CC BY-SA 3.0,oimo,61.1
st_05373,성미산로,https://upload.wikimedia.org/wikipedia/commons/thumb/a/a1/Korean_Chinese_fried_rice_3.jpg/960px-Korean_Chinese_fried_rice_3.jpg,https://commons.wikimedia.org/wiki/File%3AKorean%20Chinese%20fried%20rice%203.jpg,CC BY 2.0,chomjong,141.3
st_05908,신송센터빌딩,https://upload.wikimedia.org/wikipedia/commons/thumb/c/c3/2024-12-14_%EC%97%AC%EC%9D%98%EB%8F%84_%EA%B5%AD%ED%9A%8C%EC%9D%98%EC%82%AC%EB%8B%B9_%EC%95%9E_%EC%9C%A4%EC%84%9D%EC%97%B4_%ED%83%84%ED%95%B5_%EC%A7%91%ED%9A%8C_033.jpg/960px-2024-12-14_%EC%97%AC%EC%9D%98%EB%8F%84_%EA%B5%AD%ED%9A%8C%EC%9D%98%EC%82%AC%EB%8B%B9_%EC%95%9E_%EC%9C%A4%EC%84%9D%EC%97%B4_%ED%83%84%ED%95%B5_%EC%A7%91%ED%9A%8C_033.jpg,https://commons.wikimedia.org/wiki/File%3A2024-12-14%20%EC%97%AC%EC%9D%98%EB%8F%84%20%EA%B5%AD%ED%9A%8C%EC%9D%98%EC%82%AC%EB%8B%B9%20%EC%95%9E%20%EC%9C%A4%EC%84%9D%EC%97%B4%20%ED%83%84%ED%95%B5%20%EC%A7%91%ED%9A%8C%20033.jpg,CC BY 4.0,ChongDae,78.8
st_11851,신송센터빌딩,https://upload.wikimedia.org/wikipedia/commons/thumb/c/c3/2024-12-14_%EC%97%AC%EC%9D%98%EB%8F%84_%EA%B5%AD%ED%9A%8C%EC%9D%98%EC%82%AC%EB%8B%B9_%EC%95%9E_%EC%9C%A4%EC%84%9D%EC%97%B4_%ED%83%84%ED%95%B5_%EC%A7%91%ED%9A%8C_033.jpg/960px-2024-12-14_%EC%97%AC%EC%9D%98%EB%8F%84_%EA%B5%AD%ED%9A%8C%EC%9D%98%EC%82%AC%EB%8B%B9_%EC%95%9E_%EC%9C%A4%EC%84%9D%EC%97%B4_%ED%83%84%ED%95%B5_%EC%A7%91%ED%9A%8C_033.jpg,https://commons.wikimedia.org/wiki/File%3A2024-12-14%20%EC%97%AC%EC%9D%98%EB%8F%84%20%EA%B5%AD%ED%9A%8C%EC%9D%98%EC%82%AC%EB%8B%B9%20%EC%95%9E%20%EC%9C%A4%EC%84%9D%EC%97%B4%20%ED%83%84%ED%95%B5%20%EC%A7%91%ED%9A%8C%20033.jpg,CC BY 4.0,ChongDae,78.8
st_05923,신세계약국 앞,https://upload.wikimedia.org/wikipedia/commons/thumb/3/39/%EB%8F%99%EC%9D%B8%EC%B2%9C_%EC%97%A0%EC%BC%80%EC%9D%B4%EB%AA%B0_%ED%88%AC%EC%8B%9C%EB%8F%84.jpg/960px-%EB%8F%99%EC%9D%B8%EC%B2%9C_%EC%97%A0%EC%BC%80%EC%9D%B4%EB%AA%B0_%ED%88%AC%EC%8B%9C%EB%8F%84.jpg,https://commons.wikimedia.org/wiki/File%3A%EB%8F%99%EC%9D%B8%EC%B2%9C%20%EC%97%A0%EC%BC%80%EC%9D%B4%EB%AA%B0%20%ED%88%AC%EC%8B%9C%EB%8F%84.jpg,CC BY-SA 4.0,엠케이몰,134.6
st_05997,목동 SBS 옥상정원,https://upload.wikimedia.org/wikipedia/commons/thumb/a/a1/230404_Billlie_at_SBS_Radio_in_April_2023_04.png/960px-230404_Billlie_at_SBS_Radio_in_April_2023_04.png,https://commons.wikimedia.org/wiki/File%3A230404%20Billlie%20at%20SBS%20Radio%20in%20April%202023%2004.png,CC BY 3.0,SBS Radio 에라오,30.7
st_06026,엘빈에비뉴라운지,https://upload.wikimedia.org/wikipedia/commons/thumb/9/9a/Yeoksam-dong%2C_Gangnam-gu%2C_Seoul%2C_South_Korea_-_panoramio_%284%29.jpg/960px-Yeoksam-dong%2C_Gangnam-gu%2C_Seoul%2C_South_Korea_-_panoramio_%284%29.jpg,https://commons.wikimedia.org/wiki/File%3AYeoksam-dong%2C%20Gangnam-gu%2C%20Seoul%2C%20South%20Korea%20-%20panoramio%20%284%29.jpg,CC BY 3.0,Fumihiko Ueno,61.9
st_06035,경원재앰배세더 인천 앞,https://upload.wikimedia.org/wikipedia/commons/thumb/c/cf/Songdo_Convensia_and_Central_Park_View.jpg/960px-Songdo_Convensia_and_Central_Park_View.jpg,https://commons.wikimedia.org/wiki/File%3ASongdo%20Convensia%20and%20Central%20Park%20View.jpg,CC BY-SA 4.0,Ken Eckert,24.9
st_06383,한강에서만난인어공주,https://upload.wikimedia.org/wikipedia/commons/thumb/6/6a/%EC%84%B1%EC%9E%AC%EA%B8%B0_%EB%82%A8%EC%84%B1%EC%97%B0%EB%8C%80_%EB%8C%80%ED%91%9C_%ED%95%9C%EA%B0%95_%ED%88%AC%EC%8B%A0%EC%82%AC%EA%B1%B4_%EA%B5%AC%EC%A1%B0%ED%99%9C%EB%8F%9913.jpg/960px-%EC%84%B1%EC%9E%AC%EA%B8%B0_%EB%82%A8%EC%84%B1%EC%97%B0%EB%8C%80_%EB%8C%80%ED%91%9C_%ED%95%9C%EA%B0%95_%ED%88%AC%EC%8B%A0%EC%82%AC%EA%B1%B4_%EA%B5%AC%EC%A1%B0%ED%99%9C%EB%8F%9913.jpg,https://commons.wikimedia.org/wiki/File%3A%EC%84%B1%EC%9E%AC%EA%B8%B0%20%EB%82%A8%EC%84%B1%EC%97%B0%EB%8C%80%20%EB%8C%80%ED%91%9C%20%ED%95%9C%EA%B0%95%20%ED%88%AC%EC%8B%A0%EC%82%AC%EA%B1%B4%20%EA%B5%AC%EC%A1%B0%ED%99%9C%EB%8F%9913.jpg,CC BY-SA 4.0,최광모,90
st_06386,경인로74길,https://upload.wikimedia.org/wikipedia/commons/thumb/5/57/ITX_Cheongchun_in_Sindorim.jpg/960px-ITX_Cheongchun_in_Sindorim.jpg,https://commons.wikimedia.org/wiki/File%3AITX%20Cheongchun%20in%20Sindorim.jpg,CC0,Aspere,90.3
st_06396,남산타워,https://upload.wikimedia.org/wikipedia/commons/thumb/0/03/Seoul_Corea_-_Asia_Photography_-_panoramio.jpg/960px-Seoul_Corea_-_Asia_Photography_-_panoramio.jpg,https://commons.wikimedia.org/wiki/File%3ASeoul%20Corea%20-%20Asia%20Photography%20-%20panoramio.jpg,CC BY 3.0,pictures Jettcom,57
st_12013,남산타워,https://upload.wikimedia.org/wikipedia/commons/thumb/0/03/Seoul_Corea_-_Asia_Photography_-_panoramio.jpg/960px-Seoul_Corea_-_Asia_Photography_-_panoramio.jpg,https://commons.wikimedia.org/wiki/File%3ASeoul%20Corea%20-%20Asia%20Photography%20-%20panoramio.jpg,CC BY 3.0,pictures Jettcom,57
st_16395,남산타워,https://upload.wikimedia.org/wikipedia/commons/thumb/0/03/Seoul_Corea_-_Asia_Photography_-_panoramio.jpg/960px-Seoul_Corea_-_Asia_Photography_-_panoramio.jpg,https://commons.wikimedia.org/wiki/File%3ASeoul%20Corea%20-%20Asia%20Photography%20-%20panoramio.jpg,CC BY 3.0,pictures Jettcom,57
st_06421,벨레어 청담,https://upload.wikimedia.org/wikipedia/commons/thumb/a/ac/Aston_Martin_Vantage_in_Gangnam-gu_01.jpg/960px-Aston_Martin_Vantage_in_Gangnam-gu_01.jpg,https://commons.wikimedia.org/wiki/File%3AAston%20Martin%20Vantage%20in%20Gangnam-gu%2001.jpg,CC BY-SA 4.0,Tristan Surtel,56.9
st_06428,인천공항 2터미널,https://upload.wikimedia.org/wikipedia/commons/thumb/e/e4/Incheon_Airport_%2849373502166%29.jpg/960px-Incheon_Airport_%2849373502166%29.jpg,https://commons.wikimedia.org/wiki/File%3AIncheon%20Airport%20%2849373502166%29.jpg,CC BY 2.0,"Martin Lewison from Forest Hills, NY, U.S.A.",40.7
st_06771,샛강다리,https://upload.wikimedia.org/wikipedia/commons/thumb/e/e6/%EC%97%AC%EC%9D%98%EB%8F%84%ED%95%9C%EA%B0%95%EA%B3%B5%EC%9B%90%EC%83%9B%EA%B0%95%EC%83%9D%ED%83%9C%EA%B3%B5%EC%9B%90%EB%AC%B8%ED%99%94%EB%8B%A4%EB%A6%AC_05.jpg/960px-%EC%97%AC%EC%9D%98%EB%8F%84%ED%95%9C%EA%B0%95%EA%B3%B5%EC%9B%90%EC%83%9B%EA%B0%95%EC%83%9D%ED%83%9C%EA%B3%B5%EC%9B%90%EB%AC%B8%ED%99%94%EB%8B%A4%EB%A6%AC_05.jpg,https://commons.wikimedia.org/wiki/File%3A%EC%97%AC%EC%9D%98%EB%8F%84%ED%95%9C%EA%B0%95%EA%B3%B5%EC%9B%90%EC%83%9B%EA%B0%95%EC%83%9D%ED%83%9C%EA%B3%B5%EC%9B%90%EB%AC%B8%ED%99%94%EB%8B%A4%EB%A6%AC%2005.jpg,CC BY 4.0,Sunghyun,68.9
st_19700,샛강다리,https://upload.wikimedia.org/wikipedia/commons/thumb/e/e6/%EC%97%AC%EC%9D%98%EB%8F%84%ED%95%9C%EA%B0%95%EA%B3%B5%EC%9B%90%EC%83%9B%EA%B0%95%EC%83%9D%ED%83%9C%EA%B3%B5%EC%9B%90%EB%AC%B8%ED%99%94%EB%8B%A4%EB%A6%AC_05.jpg/960px-%EC%97%AC%EC%9D%98%EB%8F%84%ED%95%9C%EA%B0%95%EA%B3%B5%EC%9B%90%EC%83%9B%EA%B0%95%EC%83%9D%ED%83%9C%EA%B3%B5%EC%9B%90%EB%AC%B8%ED%99%94%EB%8B%A4%EB%A6%AC_05.jpg,https://commons.wikimedia.org/wiki/File%3A%EC%97%AC%EC%9D%98%EB%8F%84%ED%95%9C%EA%B0%95%EA%B3%B5%EC%9B%90%EC%83%9B%EA%B0%95%EC%83%9D%ED%83%9C%EA%B3%B5%EC%9B%90%EB%AC%B8%ED%99%94%EB%8B%A4%EB%A6%AC%2005.jpg,CC BY 4.0,Sunghyun,68.9
st_19867,샛강다리,https://upload.wikimedia.org/wikipedia/commons/thumb/e/e6/%EC%97%AC%EC%9D%98%EB%8F%84%ED%95%9C%EA%B0%95%EA%B3%B5%EC%9B%90%EC%83%9B%EA%B0%95%EC%83%9D%ED%83%9C%EA%B3%B5%EC%9B%90%EB%AC%B8%ED%99%94%EB%8B%A4%EB%A6%AC_05.jpg/960px-%EC%97%AC%EC%9D%98%EB%8F%84%ED%95%9C%EA%B0%95%EA%B3%B5%EC%9B%90%EC%83%9B%EA%B0%95%EC%83%9D%ED%83%9C%EA%B3%B5%EC%9B%90%EB%AC%B8%ED%99%94%EB%8B%A4%EB%A6%AC_05.jpg,https://commons.wikimedia.org/wiki/File%3A%EC%97%AC%EC%9D%98%EB%8F%84%ED%95%9C%EA%B0%95%EA%B3%B5%EC%9B%90%EC%83%9B%EA%B0%95%EC%83%9D%ED%83%9C%EA%B3%B5%EC%9B%90%EB%AC%B8%ED%99%94%EB%8B%A4%EB%A6%AC%2005.jpg,CC BY 4.0,Sunghyun,68.9
st_07239,서현장로교회,https://upload.wikimedia.org/wikipedia/commons/thumb/b/b6/20220805_%EC%9C%84%ED%82%A4%ED%83%90%EB%B0%A9_3_%EA%B5%AC_%EC%B6%A9%EC%A3%BC%EC%97%AD_%EA%B8%89%EC%88%98%ED%83%91.jpg/960px-20220805_%EC%9C%84%ED%82%A4%ED%83%90%EB%B0%A9_3_%EA%B5%AC_%EC%B6%A9%EC%A3%BC%EC%97%AD_%EA%B8%89%EC%88%98%ED%83%91.jpg,https://commons.wikimedia.org/wiki/File%3A20220805%20%EC%9C%84%ED%82%A4%ED%83%90%EB%B0%A9%203%20%EA%B5%AC%20%EC%B6%A9%EC%A3%BC%EC%97%AD%20%EA%B8%89%EC%88%98%ED%83%91.jpg,CC BY-SA 3.0,이강철 (WMKR),114.3
st_07254,당교로,https://upload.wikimedia.org/wikipedia/commons/thumb/f/f5/Korean_cuisine-Dak_galbi-01.jpg/960px-Korean_cuisine-Dak_galbi-01.jpg,https://commons.wikimedia.org/wiki/File%3AKorean%20cuisine-Dak%20galbi-01.jpg,CC BY 2.0,Kuru man from Japan,97.4
st_07402,을지로(1),https://upload.wikimedia.org/wikipedia/commons/thumb/c/ca/Aleksand_Pushkin_20191221%2C_South_Korea_03.jpg/960px-Aleksand_Pushkin_20191221%2C_South_Korea_03.jpg,https://commons.wikimedia.org/wiki/File%3AAleksand%20Pushkin%2020191221%2C%20South%20Korea%2003.jpg,CC BY 4.0,Ahmed,8
st_07410,시그니쳐타워,https://upload.wikimedia.org/wikipedia/commons/thumb/7/79/Genesis_Electrified_GV70_JK1_EV_Vik_Black_%289%29.jpg/960px-Genesis_Electrified_GV70_JK1_EV_Vik_Black_%289%29.jpg,https://commons.wikimedia.org/wiki/File%3AGenesis%20Electrified%20GV70%20JK1%20EV%20Vik%20Black%20%289%29.jpg,CC BY-SA 4.0,Damian B Oh,15.1
st_07416,디디피,https://upload.wikimedia.org/wikipedia/commons/thumb/8/86/Electronic_Flowers_at_Dongdaemun_Design_Plaza.jpg/960px-Electronic_Flowers_at_Dongdaemun_Design_Plaza.jpg,https://commons.wikimedia.org/wiki/File%3AElectronic%20Flowers%20at%20Dongdaemun%20Design%20Plaza.jpg,CC BY-SA 4.0,Christian Bolz,32.3
st_13983,디디피,https://upload.wikimedia.org/wikipedia/commons/thumb/8/86/Electronic_Flowers_at_Dongdaemun_Design_Plaza.jpg/960px-Electronic_Flowers_at_Dongdaemun_Design_Plaza.jpg,https://commons.wikimedia.org/wiki/File%3AElectronic%20Flowers%20at%20Dongdaemun%20Design%20Plaza.jpg,CC BY-SA 4.0,Christian Bolz,32.3
st_16059,디디피,https://upload.wikimedia.org/wikipedia/commons/thumb/8/86/Electronic_Flowers_at_Dongdaemun_Design_Plaza.jpg/960px-Electronic_Flowers_at_Dongdaemun_Design_Plaza.jpg,https://commons.wikimedia.org/wiki/File%3AElectronic%20Flowers%20at%20Dongdaemun%20Design%20Plaza.jpg,CC BY-SA 4.0,Christian Bolz,32.3
st_07437,익선슈팅클럽 앞,https://upload.wikimedia.org/wikipedia/commons/thumb/7/73/Pasta_made_by_a_restaurant_named_%EC%97%B4%EB%91%90%EB%8B%AC.jpg/960px-Pasta_made_by_a_restaurant_named_%EC%97%B4%EB%91%90%EB%8B%AC.jpg,https://commons.wikimedia.org/wiki/File%3APasta%20made%20by%20a%20restaurant%20named%20%EC%97%B4%EB%91%90%EB%8B%AC.jpg,CC BY-SA 4.0,Ch sj,44.5
st_07466,인천공항,https://upload.wikimedia.org/wikipedia/commons/thumb/1/1f/2025-10-14_17.17.48_Incheon_International_Airport.jpg/960px-2025-10-14_17.17.48_Incheon_International_Airport.jpg,https://commons.wikimedia.org/wiki/File%3A2025-10-14%2017.17.48%20Incheon%20International%20Airport.jpg,CC0,Choikwangmo25,71.7
st_07706,새창로49길 지하도,https://upload.wikimedia.org/wikipedia/commons/thumb/e/ea/20200718_031930unidentified_places_in_south_korea_IMG_4342.jpg/960px-20200718_031930unidentified_places_in_south_korea_IMG_4342.jpg,https://commons.wikimedia.org/wiki/File%3A20200718%20031930unidentified%20places%20in%20south%20korea%20IMG%204342.jpg,CC0,Choi Kwang-mo,11.7
st_08070,비손빌딩,https://upload.wikimedia.org/wikipedia/commons/thumb/0/09/Cadillac_Escalade_Sport_Platinum_GMTT1UL_Black_Raven_%281%29.jpg/960px-Cadillac_Escalade_Sport_Platinum_GMTT1UL_Black_Raven_%281%29.jpg,https://commons.wikimedia.org/wiki/File%3ACadillac%20Escalade%20Sport%20Platinum%20GMTT1UL%20Black%20Raven%20%281%29.jpg,CC BY-SA 4.0,Damian B Oh,35.7
st_08453,본동집,https://upload.wikimedia.org/wikipedia/commons/thumb/1/18/Nodeulseom_%2814005438206%29.jpg/960px-Nodeulseom_%2814005438206%29.jpg,https://commons.wikimedia.org/wiki/File%3ANodeulseom%20%2814005438206%29.jpg,CC BY-SA 2.0,"travel oriented from Seoul, South Korea",122.8
st_08623,청담드메르,https://upload.wikimedia.org/wikipedia/commons/thumb/f/fc/Hyundai_Dynasty_Signature_LX_Hood_Ornament.jpg/960px-Hyundai_Dynasty_Signature_LX_Hood_Ornament.jpg,https://commons.wikimedia.org/wiki/File%3AHyundai%20Dynasty%20Signature%20LX%20Hood%20Ornament.jpg,CC BY-SA 4.0,Damian B Oh,56.6
st_08685,광명로,https://upload.wikimedia.org/wikipedia/commons/thumb/9/94/%EC%8B%A0%EA%B5%AC%EB%8C%80%ED%95%99%EA%B5%90_%EC%95%9E.jpg/960px-%EC%8B%A0%EA%B5%AC%EB%8C%80%ED%95%99%EA%B5%90_%EC%95%9E.jpg,https://commons.wikimedia.org/wiki/File%3A%EC%8B%A0%EA%B5%AC%EB%8C%80%ED%95%99%EA%B5%90%20%EC%95%9E.jpg,CC BY-SA 4.0,Jocelyndurrey,138.3
st_08797,제네시스비비큐,https://upload.wikimedia.org/wikipedia/commons/thumb/0/05/20240825_3%ED%98%B8%EC%84%A0_%EA%B0%80%EB%9D%BD%EC%8B%9C%EC%9E%A5%EC%97%AD_%EC%97%AD%EB%AA%85%ED%8C%90.jpg/960px-20240825_3%ED%98%B8%EC%84%A0_%EA%B0%80%EB%9D%BD%EC%8B%9C%EC%9E%A5%EC%97%AD_%EC%97%AD%EB%AA%85%ED%8C%90.jpg,https://commons.wikimedia.org/wiki/File%3A20240825%203%ED%98%B8%EC%84%A0%20%EA%B0%80%EB%9D%BD%EC%8B%9C%EC%9E%A5%EC%97%AD%20%EC%97%AD%EB%AA%85%ED%8C%90.jpg,CC0,Striker9498,91.7
st_08990,엔젤리너스,https://upload.wikimedia.org/wikipedia/commons/thumb/f/f2/View_to_the_north_from_63_Building_-_panoramio.jpg/960px-View_to_the_north_from_63_Building_-_panoramio.jpg,https://commons.wikimedia.org/wiki/File%3AView%20to%20the%20north%20from%2063%20Building%20-%20panoramio.jpg,CC BY-SA 3.0,Daugilas,115.4
st_09501,TYPE 한강점,https://upload.wikimedia.org/wikipedia/commons/thumb/3/3c/Dangsan_Railway_Bridge1.jpg/960px-Dangsan_Railway_Bridge1.jpg,https://commons.wikimedia.org/wiki/File%3ADangsan%20Railway%20Bridge1.jpg,Public domain,Glabb,102
st_09540,가르텐비어 광명철산점,https://upload.wikimedia.org/wikipedia/commons/thumb/a/a1/Seoul-metro-747-Cheolsan-station-entrance-4-20191023-162220.jpg/960px-Seoul-metro-747-Cheolsan-station-entrance-4-20191023-162220.jpg,https://commons.wikimedia.org/wiki/File%3ASeoul-metro-747-Cheolsan-station-entrance-4-20191023-162220.jpg,CC BY-SA 4.0,LERK,142.6
st_09547,신풍연립앞,https://upload.wikimedia.org/wikipedia/commons/thumb/8/88/Paldal-san.jpg/960px-Paldal-san.jpg,https://commons.wikimedia.org/wiki/File%3APaldal-san.jpg,CC BY-SA 4.0,Symtux,118.1
st_10119,새창로49길,https://upload.wikimedia.org/wikipedia/commons/thumb/e/ea/20200718_031930unidentified_places_in_south_korea_IMG_4342.jpg/960px-20200718_031930unidentified_places_in_south_korea_IMG_4342.jpg,https://commons.wikimedia.org/wiki/File%3A20200718%20031930unidentified%20places%20in%20south%20korea%20IMG%204342.jpg,CC0,Choi Kwang-mo,11.7
st_17553,새창로49길,https://upload.wikimedia.org/wikipedia/commons/thumb/e/ea/20200718_031930unidentified_places_in_south_korea_IMG_4342.jpg/960px-20200718_031930unidentified_places_in_south_korea_IMG_4342.jpg,https://commons.wikimedia.org/wiki/File%3A20200718%20031930unidentified%20places%20in%20south%20korea%20IMG%204342.jpg,CC0,Choi Kwang-mo,11.7
st_10282,여의나루로2길,https://upload.wikimedia.org/wikipedia/commons/thumb/9/9b/%EC%9C%A4%EC%A4%91%EC%B4%88%EB%93%B1%ED%95%99%EA%B5%90.jpg/960px-%EC%9C%A4%EC%A4%91%EC%B4%88%EB%93%B1%ED%95%99%EA%B5%90.jpg,https://commons.wikimedia.org/wiki/File%3A%EC%9C%A4%EC%A4%91%EC%B4%88%EB%93%B1%ED%95%99%EA%B5%90.jpg,CC0,Aspere,17.1
st_10460,수노래방,https://upload.wikimedia.org/wikipedia/commons/thumb/8/84/CATCH_THE_YOUNG_1%EC%A3%BC%EB%85%84_%EA%B8%B0%EB%85%90_%EC%BD%98%EC%84%9C%ED%8A%B8_DREAM_IT.jpg/960px-CATCH_THE_YOUNG_1%EC%A3%BC%EB%85%84_%EA%B8%B0%EB%85%90_%EC%BD%98%EC%84%9C%ED%8A%B8_DREAM_IT.jpg,https://commons.wikimedia.org/wiki/File%3ACATCH%20THE%20YOUNG%201%EC%A3%BC%EB%85%84%20%EA%B8%B0%EB%85%90%20%EC%BD%98%EC%84%9C%ED%8A%B8%20DREAM%20IT.jpg,CC BY-SA 4.0,143kpop,19.1
st_10474,다음코리아,https://upload.wikimedia.org/wikipedia/commons/thumb/b/bf/Statue_of_Lee_Sang-Jae.jpg/960px-Statue_of_Lee_Sang-Jae.jpg,https://commons.wikimedia.org/wiki/File%3AStatue%20of%20Lee%20Sang-Jae.jpg,CC0,Bgag,76.7
st_11285,광한루주차장,https://upload.wikimedia.org/wikipedia/commons/thumb/e/ee/Shrine_of_Chunhyang.JPG/960px-Shrine_of_Chunhyang.JPG,https://commons.wikimedia.org/wiki/File%3AShrine%20of%20Chunhyang.JPG,CC BY-SA 3.0,Namwon030,103.8
st_11497,소월로계단,https://upload.wikimedia.org/wikipedia/commons/thumb/8/80/On_set_filming_location.jpg/960px-On_set_filming_location.jpg,https://commons.wikimedia.org/wiki/File%3AOn%20set%20filming%20location.jpg,CC BY-SA 4.0,Ajvarsak,87.4
st_11898,의정부시외버스터미널,https://upload.wikimedia.org/wikipedia/commons/thumb/3/3f/%EC%9D%98%EC%A0%95%EB%B6%80_%EC%8B%9C%EC%99%B8%2C_%EA%B3%A0%EC%86%8D%EB%B2%84%EC%8A%A4%ED%84%B0%EB%AF%B8%EB%84%90.JPG/960px-%EC%9D%98%EC%A0%95%EB%B6%80_%EC%8B%9C%EC%99%B8%2C_%EA%B3%A0%EC%86%8D%EB%B2%84%EC%8A%A4%ED%84%B0%EB%AF%B8%EB%84%90.JPG,https://commons.wikimedia.org/wiki/File%3A%EC%9D%98%EC%A0%95%EB%B6%80%20%EC%8B%9C%EC%99%B8%2C%20%EA%B3%A0%EC%86%8D%EB%B2%84%EC%8A%A4%ED%84%B0%EB%AF%B8%EB%84%90.JPG,CC BY-SA 3.0,Korail2012,128.3
st_18135,의정부시외버스터미널,https://upload.wikimedia.org/wikipedia/commons/thumb/3/3f/%EC%9D%98%EC%A0%95%EB%B6%80_%EC%8B%9C%EC%99%B8%2C_%EA%B3%A0%EC%86%8D%EB%B2%84%EC%8A%A4%ED%84%B0%EB%AF%B8%EB%84%90.JPG/960px-%EC%9D%98%EC%A0%95%EB%B6%80_%EC%8B%9C%EC%99%B8%2C_%EA%B3%A0%EC%86%8D%EB%B2%84%EC%8A%A4%ED%84%B0%EB%AF%B8%EB%84%90.JPG,https://commons.wikimedia.org/wiki/File%3A%EC%9D%98%EC%A0%95%EB%B6%80%20%EC%8B%9C%EC%99%B8%2C%20%EA%B3%A0%EC%86%8D%EB%B2%84%EC%8A%A4%ED%84%B0%EB%AF%B8%EB%84%90.JPG,CC BY-SA 3.0,Korail2012,128.3
st_12012,콘래드호텔,https://upload.wikimedia.org/wikipedia/commons/thumb/b/b1/Rolls-Royce_Phantom_VIII_EWB_Series_II_Dark_Emerald_%2817%29.jpg/960px-Rolls-Royce_Phantom_VIII_EWB_Series_II_Dark_Emerald_%2817%29.jpg,https://commons.wikimedia.org/wiki/File%3ARolls-Royce%20Phantom%20VIII%20EWB%20Series%20II%20Dark%20Emerald%20%2817%29.jpg,CC BY-SA 4.0,Damian B Oh,22.3
st_12185,공룡슈퍼,https://upload.wikimedia.org/wikipedia/commons/thumb/d/de/20200805_005640_things_places_in_south_korea_IMG_8915.jpg/960px-20200805_005640_things_places_in_south_korea_IMG_8915.jpg,https://commons.wikimedia.org/wiki/File%3A20200805%20005640%20things%20places%20in%20south%20korea%20IMG%208915.jpg,CC0,Choi Kwang-mo,35.3
st_12195,더샘이대점,https://upload.wikimedia.org/wikipedia/commons/thumb/5/5e/%EC%9D%B4%ED%99%94%EC%97%AC%EC%9E%90%EB%8C%80%ED%95%99%EA%B5%90_%EC%A0%95%EB%AC%B8.jpg/960px-%EC%9D%B4%ED%99%94%EC%97%AC%EC%9E%90%EB%8C%80%ED%95%99%EA%B5%90_%EC%A0%95%EB%AC%B8.jpg,https://commons.wikimedia.org/wiki/File%3A%EC%9D%B4%ED%99%94%EC%97%AC%EC%9E%90%EB%8C%80%ED%95%99%EA%B5%90%20%EC%A0%95%EB%AC%B8.jpg,CC BY 2.0 kr,revi,80.7
st_00069,조선팰리스 강남,https://upload.wikimedia.org/wikipedia/commons/thumb/7/72/Yeoksam-dong%2C_Gangnam-gu%2C_Seoul%2C_South_Korea_-_panoramio_%281%29.jpg/960px-Yeoksam-dong%2C_Gangnam-gu%2C_Seoul%2C_South_Korea_-_panoramio_%281%29.jpg,https://commons.wikimedia.org/wiki/File%3AYeoksam-dong%2C%20Gangnam-gu%2C%20Seoul%2C%20South%20Korea%20-%20panoramio%20%281%29.jpg,CC BY 3.0,Fumihiko Ueno,10.5
st_13992,조선팰리스 강남,https://upload.wikimedia.org/wikipedia/commons/thumb/7/72/Yeoksam-dong%2C_Gangnam-gu%2C_Seoul%2C_South_Korea_-_panoramio_%281%29.jpg/960px-Yeoksam-dong%2C_Gangnam-gu%2C_Seoul%2C_South_Korea_-_panoramio_%281%29.jpg,https://commons.wikimedia.org/wiki/File%3AYeoksam-dong%2C%20Gangnam-gu%2C%20Seoul%2C%20South%20Korea%20-%20panoramio%20%281%29.jpg,CC BY 3.0,Fumihiko Ueno,10.5
st_16412,조선팰리스 강남,https://upload.wikimedia.org/wikipedia/commons/thumb/7/72/Yeoksam-dong%2C_Gangnam-gu%2C_Seoul%2C_South_Korea_-_panoramio_%281%29.jpg/960px-Yeoksam-dong%2C_Gangnam-gu%2C_Seoul%2C_South_Korea_-_panoramio_%281%29.jpg,https://commons.wikimedia.org/wiki/File%3AYeoksam-dong%2C%20Gangnam-gu%2C%20Seoul%2C%20South%20Korea%20-%20panoramio%20%281%29.jpg,CC BY 3.0,Fumihiko Ueno,10.5
st_00489,인천제2시립노인전문병원,https://upload.wikimedia.org/wikipedia/commons/thumb/c/ce/Ara_waterway-Gyeyang_Bridge.jpg/960px-Ara_waterway-Gyeyang_Bridge.jpg,https://commons.wikimedia.org/wiki/File%3AAra%20waterway-Gyeyang%20Bridge.jpg,Public domain,User:IRTC1015,84.5
st_02411,북아현동계단,https://upload.wikimedia.org/wikipedia/commons/a/ad/Gyeongui_Line_Ahyeon-ri_Station.jpg,https://commons.wikimedia.org/wiki/File%3AGyeongui%20Line%20Ahyeon-ri%20Station.jpg,CC BY-SA 3.0,User:G43,143.2
st_02568,민들레어린이집,https://upload.wikimedia.org/wikipedia/commons/thumb/e/e3/2017-02-25_Parking_lot_of_Kwanyang_Middle_School_%282%29.jpg/960px-2017-02-25_Parking_lot_of_Kwanyang_Middle_School_%282%29.jpg,https://commons.wikimedia.org/wiki/File%3A2017-02-25%20Parking%20lot%20of%20Kwanyang%20Middle%20School%20%282%29.jpg,CC BY 4.0,고려,64.8
st_02868,브니엘카페,https://upload.wikimedia.org/wikipedia/commons/thumb/6/69/Wonheung_Station_20150304_160155.jpg/960px-Wonheung_Station_20150304_160155.jpg,https://commons.wikimedia.org/wiki/File%3AWonheung%20Station%2020150304%20160155.jpg,CC BY-SA 3.0,안우석,137.8
st_02932,갈월동지하차도,https://upload.wikimedia.org/wikipedia/commons/thumb/1/10/%ED%95%9C%EA%B0%95%EB%8C%80%EB%A1%9C_%EC%88%99%EB%8C%80%EC%9E%85%EA%B5%AC%EC%97%AD_%EA%B5%90%EC%B0%A8%EB%A1%9C_2025.jpg/960px-%ED%95%9C%EA%B0%95%EB%8C%80%EB%A1%9C_%EC%88%99%EB%8C%80%EC%9E%85%EA%B5%AC%EC%97%AD_%EA%B5%90%EC%B0%A8%EB%A1%9C_2025.jpg,https://commons.wikimedia.org/wiki/File%3A%ED%95%9C%EA%B0%95%EB%8C%80%EB%A1%9C%20%EC%88%99%EB%8C%80%EC%9E%85%EA%B5%AC%EC%97%AD%20%EA%B5%90%EC%B0%A8%EB%A1%9C%202025.jpg,CC BY 4.0,Narubaru7,35.9
st_03680,29펍 4호점,https://upload.wikimedia.org/wikipedia/commons/thumb/3/32/Yang-kkochi.jpg/960px-Yang-kkochi.jpg,https://commons.wikimedia.org/wiki/File%3AYang-kkochi.jpg,CC BY 2.0,lazy fri13th,11.9
st_09522,29펍 4호점,https://upload.wikimedia.org/wikipedia/commons/thumb/3/32/Yang-kkochi.jpg/960px-Yang-kkochi.jpg,https://commons.wikimedia.org/wiki/File%3AYang-kkochi.jpg,CC BY 2.0,lazy fri13th,11.9
st_04141,용산전자상가 제4공영주차장,https://upload.wikimedia.org/wikipedia/commons/thumb/c/c7/20200718_033548unidentified_places_in_south_korea_IMG_4389.jpg/960px-20200718_033548unidentified_places_in_south_korea_IMG_4389.jpg,https://commons.wikimedia.org/wiki/File%3A20200718%20033548unidentified%20places%20in%20south%20korea%20IMG%204389.jpg,CC0,Choi Kwang-mo,76.7
st_04282,여의대로,https://upload.wikimedia.org/wikipedia/commons/thumb/d/d8/20241222_%EB%94%B8%EA%B8%B0_%EC%BC%80%EC%9D%B4%ED%81%AC.jpg/960px-20241222_%EB%94%B8%EA%B8%B0_%EC%BC%80%EC%9D%B4%ED%81%AC.jpg,https://commons.wikimedia.org/wiki/File%3A20241222%20%EB%94%B8%EA%B8%B0%20%EC%BC%80%EC%9D%B4%ED%81%AC.jpg,CC0,Striker9498,80.2
st_00032,스위치22 여의도점,https://upload.wikimedia.org/wikipedia/commons/thumb/3/3e/20231007_%EC%97%AC%EC%9D%98%EB%82%98%EB%A3%A8%EB%A1%9C.jpg/960px-20231007_%EC%97%AC%EC%9D%98%EB%82%98%EB%A3%A8%EB%A1%9C.jpg,https://commons.wikimedia.org/wiki/File%3A20231007%20%EC%97%AC%EC%9D%98%EB%82%98%EB%A3%A8%EB%A1%9C.jpg,CC0,Striker9498,45.3
st_04135,스위치22 여의도점,https://upload.wikimedia.org/wikipedia/commons/thumb/3/3e/20231007_%EC%97%AC%EC%9D%98%EB%82%98%EB%A3%A8%EB%A1%9C.jpg/960px-20231007_%EC%97%AC%EC%9D%98%EB%82%98%EB%A3%A8%EB%A1%9C.jpg,https://commons.wikimedia.org/wiki/File%3A20231007%20%EC%97%AC%EC%9D%98%EB%82%98%EB%A3%A8%EB%A1%9C.jpg,CC0,Striker9498,45.3
st_06380,스위치22 여의도점,https://upload.wikimedia.org/wikipedia/commons/thumb/3/3e/20231007_%EC%97%AC%EC%9D%98%EB%82%98%EB%A3%A8%EB%A1%9C.jpg/960px-20231007_%EC%97%AC%EC%9D%98%EB%82%98%EB%A3%A8%EB%A1%9C.jpg,https://commons.wikimedia.org/wiki/File%3A20231007%20%EC%97%AC%EC%9D%98%EB%82%98%EB%A3%A8%EB%A1%9C.jpg,CC0,Striker9498,45.3
st_17454,스위치22 여의도점,https://upload.wikimedia.org/wikipedia/commons/thumb/3/3e/20231007_%EC%97%AC%EC%9D%98%EB%82%98%EB%A3%A8%EB%A1%9C.jpg/960px-20231007_%EC%97%AC%EC%9D%98%EB%82%98%EB%A3%A8%EB%A1%9C.jpg,https://commons.wikimedia.org/wiki/File%3A20231007%20%EC%97%AC%EC%9D%98%EB%82%98%EB%A3%A8%EB%A1%9C.jpg,CC0,Striker9498,45.3
st_00045,그랜드하얏트 서울,https://upload.wikimedia.org/wikipedia/commons/thumb/b/ba/View_from_N_Seoul_Tower_a3.jpg/960px-View_from_N_Seoul_Tower_a3.jpg,https://commons.wikimedia.org/wiki/File%3AView%20from%20N%20Seoul%20Tower%20a3.jpg,CC BY-SA 4.0,CYAN,65.9
st_02608,그랜드하얏트 서울,https://upload.wikimedia.org/wikipedia/commons/thumb/b/ba/View_from_N_Seoul_Tower_a3.jpg/960px-View_from_N_Seoul_Tower_a3.jpg,https://commons.wikimedia.org/wiki/File%3AView%20from%20N%20Seoul%20Tower%20a3.jpg,CC BY-SA 4.0,CYAN,65.9
st_06012,그랜드하얏트 서울,https://upload.wikimedia.org/wikipedia/commons/thumb/b/ba/View_from_N_Seoul_Tower_a3.jpg/960px-View_from_N_Seoul_Tower_a3.jpg,https://commons.wikimedia.org/wiki/File%3AView%20from%20N%20Seoul%20Tower%20a3.jpg,CC BY-SA 4.0,CYAN,65.9
st_00072,온수리성공회,https://upload.wikimedia.org/wikipedia/commons/thumb/c/c0/%EA%B0%95%ED%99%94_%EC%98%A8%EC%88%98%EB%A6%AC_%EC%84%B1%EA%B3%B5%ED%9A%8C%EC%84%B1%EB%8B%B9.jpg/960px-%EA%B0%95%ED%99%94_%EC%98%A8%EC%88%98%EB%A6%AC_%EC%84%B1%EA%B3%B5%ED%9A%8C%EC%84%B1%EB%8B%B9.jpg,https://commons.wikimedia.org/wiki/File%3A%EA%B0%95%ED%99%94%20%EC%98%A8%EC%88%98%EB%A6%AC%20%EC%84%B1%EA%B3%B5%ED%9A%8C%EC%84%B1%EB%8B%B9.jpg,CC BY-SA 4.0,Cuhullin,43.7
st_00480,이노와이즈신촌,https://upload.wikimedia.org/wikipedia/commons/thumb/8/83/20230624_Wikimedia_Korea_Common_Editathon.jpg/960px-20230624_Wikimedia_Korea_Common_Editathon.jpg,https://commons.wikimedia.org/wiki/File%3A20230624%20Wikimedia%20Korea%20Common%20Editathon.jpg,CC BY-SA 4.0,Jjw,83.6
st_02522,대웅빌딩,https://upload.wikimedia.org/wikipedia/commons/thumb/5/5e/Junggyeildongjuminsenteo_20140309_124227.JPG/960px-Junggyeildongjuminsenteo_20140309_124227.JPG,https://commons.wikimedia.org/wiki/File%3AJunggyeildongjuminsenteo%2020140309%20124227.JPG,CC BY-SA 3.0,안우석,51.1
st_02579,설악금강대교로,https://upload.wikimedia.org/wikipedia/commons/thumb/a/ab/Seolak_Bridge%2C_Sokcho.jpg/960px-Seolak_Bridge%2C_Sokcho.jpg,https://commons.wikimedia.org/wiki/File%3ASeolak%20Bridge%2C%20Sokcho.jpg,CC0,Bernard Gagnon,72.6
st_02610,의외의조합,https://upload.wikimedia.org/wikipedia/commons/thumb/2/2e/Seocho-gu_Office_20140613_120312.JPG/960px-Seocho-gu_Office_20140613_120312.JPG,https://commons.wikimedia.org/wiki/File%3ASeocho-gu%20Office%2020140613%20120312.JPG,CC BY-SA 3.0,안우석,97.6
st_11506,의외의조합,https://upload.wikimedia.org/wikipedia/commons/thumb/2/2e/Seocho-gu_Office_20140613_120312.JPG/960px-Seocho-gu_Office_20140613_120312.JPG,https://commons.wikimedia.org/wiki/File%3ASeocho-gu%20Office%2020140613%20120312.JPG,CC BY-SA 3.0,안우석,97.6
st_02855,알로프트 서울명동 루프탑,https://upload.wikimedia.org/wikipedia/commons/thumb/b/b6/Namdaemun-ro%2C_Seoul_at_night.jpg/960px-Namdaemun-ro%2C_Seoul_at_night.jpg,https://commons.wikimedia.org/wiki/File%3ANamdaemun-ro%2C%20Seoul%20at%20night.jpg,CC BY-SA 4.0,Tristan Surtel,17.3
st_02888,까막고무신,https://upload.wikimedia.org/wikipedia/commons/thumb/9/9d/Andong_Market_20220130_01.jpg/960px-Andong_Market_20220130_01.jpg,https://commons.wikimedia.org/wiki/File%3AAndong%20Market%2020220130%2001.jpg,CC BY-SA 4.0,Jjw,66.1
st_02939,틴타입스튜디오,https://upload.wikimedia.org/wikipedia/commons/thumb/2/22/20200717_230134unidentified_places_in_south_korea_IMG_4115.jpg/960px-20200717_230134unidentified_places_in_south_korea_IMG_4115.jpg,https://commons.wikimedia.org/wiki/File%3A20200717%20230134unidentified%20places%20in%20south%20korea%20IMG%204115.jpg,CC0,Choi Kwang-mo,142.6
st_03697,롯데백화점 인천점 문화센터,https://upload.wikimedia.org/wikipedia/commons/thumb/7/73/%EB%A1%AF%EB%8D%B0%EB%B0%B1%ED%99%94%EC%A0%90_%EC%9D%B8%EC%B2%9C%ED%84%B0%EB%AF%B8%EB%84%90%EC%A0%90_%ED%81%AC%EB%A6%AC%EC%8A%A4%EB%A7%88%EC%8A%A4_2024.jpg/960px-%EB%A1%AF%EB%8D%B0%EB%B0%B1%ED%99%94%EC%A0%90_%EC%9D%B8%EC%B2%9C%ED%84%B0%EB%AF%B8%EB%84%90%EC%A0%90_%ED%81%AC%EB%A6%AC%EC%8A%A4%EB%A7%88%EC%8A%A4_2024.jpg,https://commons.wikimedia.org/wiki/File%3A%EB%A1%AF%EB%8D%B0%EB%B0%B1%ED%99%94%EC%A0%90%20%EC%9D%B8%EC%B2%9C%ED%84%B0%EB%AF%B8%EB%84%90%EC%A0%90%20%ED%81%AC%EB%A6%AC%EC%8A%A4%EB%A7%88%EC%8A%A4%202024.jpg,CC BY-SA 4.0,Narubaru7,12.7
st_04146,BBM야구장,https://upload.wikimedia.org/wikipedia/commons/thumb/f/f0/Korail-134-Namyeong-station-entrance-1-20191022-145354.jpg/960px-Korail-134-Namyeong-station-entrance-1-20191022-145354.jpg,https://commons.wikimedia.org/wiki/File%3AKorail-134-Namyeong-station-entrance-1-20191022-145354.jpg,CC BY-SA 4.0,LERK,52.8
st_04290,언남11길,https://upload.wikimedia.org/wikipedia/commons/thumb/b/b7/Yangjae_2-dong_Comunity_Service_Center_20140613_200156.JPG/960px-Yangjae_2-dong_Comunity_Service_Center_20140613_200156.JPG,https://commons.wikimedia.org/wiki/File%3AYangjae%202-dong%20Comunity%20Service%20Center%2020140613%20200156.JPG,CC BY-SA 3.0,안우석,45.1
st_04953,덕성여고앞,https://upload.wikimedia.org/wikipedia/commons/thumb/e/e9/2020-04-05_13.21.35_Jeremy_Amadei_amadeimusic_Deoksugung_Stonewall_Walkway.jpg/960px-2020-04-05_13.21.35_Jeremy_Amadei_amadeimusic_Deoksugung_Stonewall_Walkway.jpg,https://commons.wikimedia.org/wiki/File%3A2020-04-05%2013.21.35%20Jeremy%20Amadei%20amadeimusic%20Deoksugung%20Stonewall%20Walkway.jpg,CC0,Choi Kwang-mo,29.9
st_04956,윤보선생가,https://upload.wikimedia.org/wikipedia/commons/thumb/5/57/Seoul_Education_Museum_2.jpg/960px-Seoul_Education_Museum_2.jpg,https://commons.wikimedia.org/wiki/File%3ASeoul%20Education%20Museum%202.jpg,CC BY-SA 4.0,LittleT889,66.2
st_05071,미니스톱,https://upload.wikimedia.org/wikipedia/commons/thumb/2/20/Seoul%2C_Korea_%2810877717155%29.jpg/960px-Seoul%2C_Korea_%2810877717155%29.jpg,https://commons.wikimedia.org/wiki/File%3ASeoul%2C%20Korea%20%2810877717155%29.jpg,CC BY-SA 2.0,"Michael Sean Gallagher from London, United Kingdom",41.7
st_05228,베스킨라빈스,https://upload.wikimedia.org/wikipedia/commons/thumb/b/b5/Gangnam-daero_in_Seoul.jpg/960px-Gangnam-daero_in_Seoul.jpg,https://commons.wikimedia.org/wiki/File%3AGangnam-daero%20in%20Seoul.jpg,CC BY-SA 4.0,Christophe95,33.6
st_05243,덕성여고앞,https://upload.wikimedia.org/wikipedia/commons/thumb/2/2e/2020-04-05_13.13.13_Jeremy_Amadei_amadeimusic_Deoksugung_Stonewall_Walkway.jpg/960px-2020-04-05_13.13.13_Jeremy_Amadei_amadeimusic_Deoksugung_Stonewall_Walkway.jpg,https://commons.wikimedia.org/wiki/File%3A2020-04-05%2013.13.13%20Jeremy%20Amadei%20amadeimusic%20Deoksugung%20Stonewall%20Walkway.jpg,CC0,Choi Kwang-mo,13.9
st_05246,푸드떼옆,https://upload.wikimedia.org/wikipedia/commons/thumb/4/4c/2020-04-05_13.21.37_Jeremy_Amadei_amadeimusic_Deoksugung_Stonewall_Walkway.jpg/960px-2020-04-05_13.21.37_Jeremy_Amadei_amadeimusic_Deoksugung_Stonewall_Walkway.jpg,https://commons.wikimedia.org/wiki/File%3A2020-04-05%2013.21.37%20Jeremy%20Amadei%20amadeimusic%20Deoksugung%20Stonewall%20Walkway.jpg,CC0,Choi Kwang-mo,97.3
st_05368,월드컵북로,https://upload.wikimedia.org/wikipedia/commons/thumb/9/97/Wikipedian_reading_and_edit_meeting_20190330_-_2.jpg/960px-Wikipedian_reading_and_edit_meeting_20190330_-_2.jpg,https://commons.wikimedia.org/wiki/File%3AWikipedian%20reading%20and%20edit%20meeting%2020190330%20-%202.jpg,CC BY-SA 4.0,Trainholic,117.2
st_05385,여의도광장,https://upload.wikimedia.org/wikipedia/commons/thumb/8/8a/%EC%98%81%EB%93%B1%ED%8F%AC%EA%B5%AC_%EC%97%AC%EC%9D%98%EB%8C%80%EB%B0%A9%EB%A1%9C_375.jpg/960px-%EC%98%81%EB%93%B1%ED%8F%AC%EA%B5%AC_%EC%97%AC%EC%9D%98%EB%8C%80%EB%B0%A9%EB%A1%9C_375.jpg,https://commons.wikimedia.org/wiki/File%3A%EC%98%81%EB%93%B1%ED%8F%AC%EA%B5%AC%20%EC%97%AC%EC%9D%98%EB%8C%80%EB%B0%A9%EB%A1%9C%20375.jpg,CC BY 4.0,Narubaru7,38.7
st_17823,여의도광장,https://upload.wikimedia.org/wikipedia/commons/thumb/8/8a/%EC%98%81%EB%93%B1%ED%8F%AC%EA%B5%AC_%EC%97%AC%EC%9D%98%EB%8C%80%EB%B0%A9%EB%A1%9C_375.jpg/960px-%EC%98%81%EB%93%B1%ED%8F%AC%EA%B5%AC_%EC%97%AC%EC%9D%98%EB%8C%80%EB%B0%A9%EB%A1%9C_375.jpg,https://commons.wikimedia.org/wiki/File%3A%EC%98%81%EB%93%B1%ED%8F%AC%EA%B5%AC%20%EC%97%AC%EC%9D%98%EB%8C%80%EB%B0%A9%EB%A1%9C%20375.jpg,CC BY 4.0,Narubaru7,38.7
st_18079,여의도광장,https://upload.wikimedia.org/wikipedia/commons/thumb/8/8a/%EC%98%81%EB%93%B1%ED%8F%AC%EA%B5%AC_%EC%97%AC%EC%9D%98%EB%8C%80%EB%B0%A9%EB%A1%9C_375.jpg/960px-%EC%98%81%EB%93%B1%ED%8F%AC%EA%B5%AC_%EC%97%AC%EC%9D%98%EB%8C%80%EB%B0%A9%EB%A1%9C_375.jpg,https://commons.wikimedia.org/wiki/File%3A%EC%98%81%EB%93%B1%ED%8F%AC%EA%B5%AC%20%EC%97%AC%EC%9D%98%EB%8C%80%EB%B0%A9%EB%A1%9C%20375.jpg,CC BY 4.0,Narubaru7,38.7
st_05612,블루앤피플여행사,https://upload.wikimedia.org/wikipedia/commons/thumb/2/22/20200717_230134unidentified_places_in_south_korea_IMG_4115.jpg/960px-20200717_230134unidentified_places_in_south_korea_IMG_4115.jpg,https://commons.wikimedia.org/wiki/File%3A20200717%20230134unidentified%20places%20in%20south%20korea%20IMG%204115.jpg,CC0,Choi Kwang-mo,89.3
st_05907,우리풍천장어숯불꼼장어,https://upload.wikimedia.org/wikipedia/commons/thumb/b/b7/20250802_2%ED%98%B8%EC%84%A0_%EB%8B%B9%EC%82%B0%EC%97%AD_%EC%8A%B9%EA%B0%95%EC%9E%A5.jpg/960px-20250802_2%ED%98%B8%EC%84%A0_%EB%8B%B9%EC%82%B0%EC%97%AD_%EC%8A%B9%EA%B0%95%EC%9E%A5.jpg,https://commons.wikimedia.org/wiki/File%3A20250802%202%ED%98%B8%EC%84%A0%20%EB%8B%B9%EC%82%B0%EC%97%AD%20%EC%8A%B9%EA%B0%95%EC%9E%A5.jpg,CC0,Striker9498,58.7
st_05931,클럽거리,https://upload.wikimedia.org/wikipedia/commons/thumb/6/68/%EA%B0%84%EC%84%9D2%EB%8F%99%ED%96%89%EC%A0%95%EB%B3%B5%EC%A7%80%EC%84%BC%ED%84%B0_%EC%A0%84%EA%B2%BD_2024.jpg/960px-%EA%B0%84%EC%84%9D2%EB%8F%99%ED%96%89%EC%A0%95%EB%B3%B5%EC%A7%80%EC%84%BC%ED%84%B0_%EC%A0%84%EA%B2%BD_2024.jpg,https://commons.wikimedia.org/wiki/File%3A%EA%B0%84%EC%84%9D2%EB%8F%99%ED%96%89%EC%A0%95%EB%B3%B5%EC%A7%80%EC%84%BC%ED%84%B0%20%EC%A0%84%EA%B2%BD%202024.jpg,CC BY 4.0,Narubaru7,148.1
st_06018,창경궁로34길,https://upload.wikimedia.org/wikipedia/commons/thumb/0/01/Sungkyunkwan_University_%EC%84%B1%EA%B7%A0%EA%B4%80%EB%8C%80%ED%95%99%EA%B5%90_%E6%88%90%E5%9D%87%E9%A4%A8%E5%A4%A7%E5%AD%B8%E6%A0%A1_%285480659063%29.jpg/960px-Sungkyunkwan_University_%EC%84%B1%EA%B7%A0%EA%B4%80%EB%8C%80%ED%95%99%EA%B5%90_%E6%88%90%E5%9D%87%E9%A4%A8%E5%A4%A7%E5%AD%B8%E6%A0%A1_%285480659063%29.jpg,https://commons.wikimedia.org/wiki/File%3ASungkyunkwan%20University%20%EC%84%B1%EA%B7%A0%EA%B4%80%EB%8C%80%ED%95%99%EA%B5%90%20%E6%88%90%E5%9D%87%E9%A4%A8%E5%A4%A7%E5%AD%B8%E6%A0%A1%20%285480659063%29.jpg,CC BY-SA 2.0,"InSapphoWeTrust from Los Angeles, California, USA",118
st_06277,대신아파트,https://upload.wikimedia.org/wikipedia/commons/thumb/7/70/%EC%9E%A5%ED%9B%88%EA%B3%A0%EB%93%B1%ED%95%99%EA%B5%90.jpg/960px-%EC%9E%A5%ED%9B%88%EA%B3%A0%EB%93%B1%ED%95%99%EA%B5%90.jpg,https://commons.wikimedia.org/wiki/File%3A%EC%9E%A5%ED%9B%88%EA%B3%A0%EB%93%B1%ED%95%99%EA%B5%90.jpg,CC0,Aspere,139.2
st_06376,켄싱턴호텔 여의도 뉴욕뉴욕,https://upload.wikimedia.org/wikipedia/commons/thumb/5/53/South_korea_politician_Park_ji-hyun.jpg/960px-South_korea_politician_Park_ji-hyun.jpg,https://commons.wikimedia.org/wiki/File%3ASouth%20korea%20politician%20Park%20ji-hyun.jpg,CC BY 4.0,Altostratus,58.8
st_11841,켄싱턴호텔 여의도 뉴욕뉴욕,https://upload.wikimedia.org/wikipedia/commons/thumb/5/53/South_korea_politician_Park_ji-hyun.jpg/960px-South_korea_politician_Park_ji-hyun.jpg,https://commons.wikimedia.org/wiki/File%3ASouth%20korea%20politician%20Park%20ji-hyun.jpg,CC BY 4.0,Altostratus,58.8
st_06385,GS25 문래승호점,https://upload.wikimedia.org/wikipedia/commons/thumb/f/f9/234_sindorim_02.jpg/960px-234_sindorim_02.jpg,https://commons.wikimedia.org/wiki/File%3A234%20sindorim%2002.jpg,CC BY 3.0,분당선M,38.3
st_06409,세종대로 사거리,https://upload.wikimedia.org/wikipedia/commons/thumb/7/71/Hyundai_Grandeur_GN7_Taxi_Curated_Silver_Metallic_%281%29.jpg/960px-Hyundai_Grandeur_GN7_Taxi_Curated_Silver_Metallic_%281%29.jpg,https://commons.wikimedia.org/wiki/File%3AHyundai%20Grandeur%20GN7%20Taxi%20Curated%20Silver%20Metallic%20%281%29.jpg,CC BY-SA 4.0,Damian B Oh,10.7
st_06420,달공칠 에비뉴,https://upload.wikimedia.org/wikipedia/commons/thumb/3/3d/%EC%98%A5%EC%88%98%EB%8F%99%EC%A3%BC%EB%AF%BC%EC%84%BC%ED%84%B0.jpg/960px-%EC%98%A5%EC%88%98%EB%8F%99%EC%A3%BC%EB%AF%BC%EC%84%BC%ED%84%B0.jpg,https://commons.wikimedia.org/wiki/File%3A%EC%98%A5%EC%88%98%EB%8F%99%EC%A3%BC%EB%AF%BC%EC%84%BC%ED%84%B0.jpg,CC BY-SA 3.0,KSH1015,70.5
st_06774,코끼리문방구,https://upload.wikimedia.org/wikipedia/commons/thumb/0/0d/Bulgwang_2-dong_Community_Service_Center_20140506_093910.jpg/960px-Bulgwang_2-dong_Community_Service_Center_20140506_093910.jpg,https://commons.wikimedia.org/wiki/File%3ABulgwang%202-dong%20Community%20Service%20Center%2020140506%20093910.jpg,CC BY-SA 4.0,안우석,50.2
st_06889,코끼리문방구,https://upload.wikimedia.org/wikipedia/commons/thumb/0/0d/Bulgwang_2-dong_Community_Service_Center_20140506_093910.jpg/960px-Bulgwang_2-dong_Community_Service_Center_20140506_093910.jpg,https://commons.wikimedia.org/wiki/File%3ABulgwang%202-dong%20Community%20Service%20Center%2020140506%20093910.jpg,CC BY-SA 4.0,안우석,50.2
st_06899,명물길,https://upload.wikimedia.org/wikipedia/commons/5/5d/Mixed-berry_Bingsu.jpg,https://commons.wikimedia.org/wiki/File%3AMixed-berry%20Bingsu.jpg,CC BY-SA 4.0,As.jb18,95.3
st_06907,새창로49길,https://upload.wikimedia.org/wikipedia/commons/thumb/e/ea/20200718_031930unidentified_places_in_south_korea_IMG_4342.jpg/960px-20200718_031930unidentified_places_in_south_korea_IMG_4342.jpg,https://commons.wikimedia.org/wiki/File%3A20200718%20031930unidentified%20places%20in%20south%20korea%20IMG%204342.jpg,CC0,Choi Kwang-mo,20.1
st_06918,독서당로62가길,https://upload.wikimedia.org/wikipedia/commons/thumb/3/38/%EC%9D%91%EB%B4%89%EC%82%B0_%EC%95%94%EB%B2%BD%EB%93%B1%EB%B0%98%EA%B3%B5%EC%9B%90.jpg/960px-%EC%9D%91%EB%B4%89%EC%82%B0_%EC%95%94%EB%B2%BD%EB%93%B1%EB%B0%98%EA%B3%B5%EC%9B%90.jpg,https://commons.wikimedia.org/wiki/File%3A%EC%9D%91%EB%B4%89%EC%82%B0%20%EC%95%94%EB%B2%BD%EB%93%B1%EB%B0%98%EA%B3%B5%EC%9B%90.jpg,CC BY-SA 3.0,KSH1015,83.6
st_06952,오엘크루 행신점,https://upload.wikimedia.org/wikipedia/commons/thumb/f/f5/Kia_Ray_PE_II_Clear_White_%283%29.jpg/960px-Kia_Ray_PE_II_Clear_White_%283%29.jpg,https://commons.wikimedia.org/wiki/File%3AKia%20Ray%20PE%20II%20Clear%20White%20%283%29.jpg,CC BY-SA 4.0,Damian B Oh,86.6
st_07217,동교로41길,https://upload.wikimedia.org/wikipedia/commons/thumb/a/a1/Korean_Chinese_fried_rice_3.jpg/960px-Korean_Chinese_fried_rice_3.jpg,https://commons.wikimedia.org/wiki/File%3AKorean%20Chinese%20fried%20rice%203.jpg,CC BY 2.0,chomjong,64.9
st_07382,준무 연남,https://upload.wikimedia.org/wikipedia/commons/thumb/1/18/20250510_%EA%B2%BD%EC%9D%98%EC%84%A0%EC%88%B2%EA%B8%B8_3.jpg/960px-20250510_%EA%B2%BD%EC%9D%98%EC%84%A0%EC%88%B2%EA%B8%B8_3.jpg,https://commons.wikimedia.org/wiki/File%3A20250510%20%EA%B2%BD%EC%9D%98%EC%84%A0%EC%88%B2%EA%B8%B8%203.jpg,CC0,Striker9498,122
st_07409,을지로2가교차로,https://upload.wikimedia.org/wikipedia/commons/thumb/c/ca/Aleksand_Pushkin_20191221%2C_South_Korea_03.jpg/960px-Aleksand_Pushkin_20191221%2C_South_Korea_03.jpg,https://commons.wikimedia.org/wiki/File%3AAleksand%20Pushkin%2020191221%2C%20South%20Korea%2003.jpg,CC BY 4.0,Ahmed,42.9
st_07415,청계천한빛광장,https://upload.wikimedia.org/wikipedia/commons/thumb/0/0d/Another_Sleeping_Duck_2023-11-04.jpg/960px-Another_Sleeping_Duck_2023-11-04.jpg,https://commons.wikimedia.org/wiki/File%3AAnother%20Sleeping%20Duck%202023-11-04.jpg,CC0,Huntsmanleader,46.8
st_07428,북촌여행,https://upload.wikimedia.org/wikipedia/commons/thumb/c/cb/World_Jewellery_Museum.jpg/960px-World_Jewellery_Museum.jpg,https://commons.wikimedia.org/wiki/File%3AWorld%20Jewellery%20Museum.jpg,CC BY-SA 4.0,LittleT889,31.9
st_07434,빻 앞,https://upload.wikimedia.org/wikipedia/commons/thumb/c/c2/Back_street_%28%E9%90%98%E8%B7%AF%EF%BC%93%E8%A1%97%EF%BC%89_-_panoramio.jpg/960px-Back_street_%28%E9%90%98%E8%B7%AF%EF%BC%93%E8%A1%97%EF%BC%89_-_panoramio.jpg,https://commons.wikimedia.org/wiki/File%3ABack%20street%20%28%E9%90%98%E8%B7%AF%EF%BC%93%E8%A1%97%EF%BC%89%20-%20panoramio.jpg,CC BY 3.0,yamarhythm,88.2
st_07439,치즈인더스트리 앞(폐업),https://upload.wikimedia.org/wikipedia/commons/thumb/7/73/Pasta_made_by_a_restaurant_named_%EC%97%B4%EB%91%90%EB%8B%AC.jpg/960px-Pasta_made_by_a_restaurant_named_%EC%97%B4%EB%91%90%EB%8B%AC.jpg,https://commons.wikimedia.org/wiki/File%3APasta%20made%20by%20a%20restaurant%20named%20%EC%97%B4%EB%91%90%EB%8B%AC.jpg,CC BY-SA 4.0,Ch sj,61.2
st_08278,금세기빌딩,https://upload.wikimedia.org/wikipedia/commons/thumb/0/0d/Fish_on_a_rope_%287446549928%29.jpg/960px-Fish_on_a_rope_%287446549928%29.jpg,https://commons.wikimedia.org/wiki/File%3AFish%20on%20a%20rope%20%287446549928%29.jpg,CC BY 2.0,Paul Keller,7.2
st_08452,동남빌딩,https://upload.wikimedia.org/wikipedia/commons/thumb/d/d3/%E8%8B%91%E6%B4%9E%E3%82%AB%E3%83%AB%E3%83%94_-_panoramio.jpg/960px-%E8%8B%91%E6%B4%9E%E3%82%AB%E3%83%AB%E3%83%94_-_panoramio.jpg,https://commons.wikimedia.org/wiki/File%3A%E8%8B%91%E6%B4%9E%E3%82%AB%E3%83%AB%E3%83%94%20-%20panoramio.jpg,CC BY 3.0,米田賢一,15.6
st_08795,BBQ(이대점),https://upload.wikimedia.org/wikipedia/commons/thumb/d/db/Sinchon-dong_Community_Service_Center_20140513_162355.jpg/960px-Sinchon-dong_Community_Service_Center_20140513_162355.jpg,https://commons.wikimedia.org/wiki/File%3ASinchon-dong%20Community%20Service%20Center%2020140513%20162355.jpg,CC BY-SA 4.0,안우석,143.5
st_09497,성산로22길,https://upload.wikimedia.org/wikipedia/commons/thumb/5/5f/2014-04-12_18.36.48_%EC%B5%9C%EA%B4%91%EB%AA%A8.jpg/960px-2014-04-12_18.36.48_%EC%B5%9C%EA%B4%91%EB%AA%A8.jpg,https://commons.wikimedia.org/wiki/File%3A2014-04-12%2018.36.48%20%EC%B5%9C%EA%B4%91%EB%AA%A8.jpg,CC0,최광모 (Choe Kwangmo),148.9
st_09511,고려사이버대학교인촌관,https://upload.wikimedia.org/wikipedia/commons/thumb/a/a3/Joongang_west_02.jpg/960px-Joongang_west_02.jpg,https://commons.wikimedia.org/wiki/File%3AJoongang%20west%2002.jpg,CC BY-SA 4.0,SEUNG HUI HONG,129.2
st_09545,행궁동주민센터앞,https://upload.wikimedia.org/wikipedia/commons/thumb/8/88/Paldal-san.jpg/960px-Paldal-san.jpg,https://commons.wikimedia.org/wiki/File%3APaldal-san.jpg,CC BY-SA 4.0,Symtux,80.7
st_09552,경수대로743번길,https://upload.wikimedia.org/wikipedia/commons/thumb/6/68/Dongammun_%28East_Secret_Gate%29.jpg/960px-Dongammun_%28East_Secret_Gate%29.jpg,https://commons.wikimedia.org/wiki/File%3ADongammun%20%28East%20Secret%20Gate%29.jpg,CC0,Bernard Gagnon,82.6
st_09578,금강공원길,https://upload.wikimedia.org/wikipedia/commons/thumb/1/1e/View_of_Gongju_02.jpg/960px-View_of_Gongju_02.jpg,https://commons.wikimedia.org/wiki/File%3AView%20of%20Gongju%2002.jpg,CC0,Bernard Gagnon,130.9
st_10473,다미보석,https://upload.wikimedia.org/wikipedia/commons/thumb/2/2e/20240719_%EC%A2%85%EB%A1%9C3%EA%B0%80%EC%97%AD_3%ED%98%B8%EC%84%A0_%EC%8A%B9%EA%B0%95%EC%9E%A5.jpg/960px-20240719_%EC%A2%85%EB%A1%9C3%EA%B0%80%EC%97%AD_3%ED%98%B8%EC%84%A0_%EC%8A%B9%EA%B0%95%EC%9E%A5.jpg,https://commons.wikimedia.org/wiki/File%3A20240719%20%EC%A2%85%EB%A1%9C3%EA%B0%80%EC%97%AD%203%ED%98%B8%EC%84%A0%20%EC%8A%B9%EA%B0%95%EC%9E%A5.jpg,CC0,Striker9498,82.6
st_10852,테헤란로,https://upload.wikimedia.org/wikipedia/commons/thumb/9/93/Yeoksam_Station_2022_January.jpg/960px-Yeoksam_Station_2022_January.jpg,https://commons.wikimedia.org/wiki/File%3AYeoksam%20Station%202022%20January.jpg,CC BY-SA 4.0,Gini Hong,57.1
st_11258,경인상가,https://upload.wikimedia.org/wikipedia/commons/thumb/7/7f/%EC%9D%B8%EC%B2%9C%EA%B4%91%EC%97%AD%EC%8B%9C_%EB%AF%B8%EC%B6%94%ED%99%80%EA%B5%AC_%EC%A3%BC%EC%95%88%EC%A4%91%EB%A1%9C.jpg/960px-%EC%9D%B8%EC%B2%9C%EA%B4%91%EC%97%AD%EC%8B%9C_%EB%AF%B8%EC%B6%94%ED%99%80%EA%B5%AC_%EC%A3%BC%EC%95%88%EC%A4%91%EB%A1%9C.jpg,https://commons.wikimedia.org/wiki/File%3A%EC%9D%B8%EC%B2%9C%EA%B4%91%EC%97%AD%EC%8B%9C%20%EB%AF%B8%EC%B6%94%ED%99%80%EA%B5%AC%20%EC%A3%BC%EC%95%88%EC%A4%91%EB%A1%9C.jpg,CC BY 4.0,Narubaru7,67.2
st_11275,한양대학교 에리카캠퍼스,https://upload.wikimedia.org/wikipedia/commons/thumb/b/be/Volkswagen_Tiguan_2.0_TDI_4Motion_Prestige_AD_Atlas_Blue.jpg/960px-Volkswagen_Tiguan_2.0_TDI_4Motion_Prestige_AD_Atlas_Blue.jpg,https://commons.wikimedia.org/wiki/File%3AVolkswagen%20Tiguan%202.0%20TDI%204Motion%20Prestige%20AD%20Atlas%20Blue.jpg,CC BY-SA 4.0,Damian B Oh,20.6
st_11486,자연인들,https://upload.wikimedia.org/wikipedia/commons/thumb/8/88/%E4%BD%90%E8%97%A4%E5%B0%86%E4%BA%BA%E2%91%A2.JPG/960px-%E4%BD%90%E8%97%A4%E5%B0%86%E4%BA%BA%E2%91%A2.JPG,https://commons.wikimedia.org/wiki/File%3A%E4%BD%90%E8%97%A4%E5%B0%86%E4%BA%BA%E2%91%A2.JPG,CC BY-SA 3.0,佐藤将人,147.8
st_11611,클럽엑스엑스2,https://upload.wikimedia.org/wikipedia/commons/thumb/d/de/20200805_005640_things_places_in_south_korea_IMG_8915.jpg/960px-20200805_005640_things_places_in_south_korea_IMG_8915.jpg,https://commons.wikimedia.org/wiki/File%3A20200805%20005640%20things%20places%20in%20south%20korea%20IMG%208915.jpg,CC0,Choi Kwang-mo,35.3
st_11845,국회앞 지하보도,https://upload.wikimedia.org/wikipedia/commons/thumb/f/f0/2024-12-14_%EC%97%AC%EC%9D%98%EB%8F%84_%EA%B5%AD%ED%9A%8C%EC%9D%98%EC%82%AC%EB%8B%B9_%EC%95%9E_%EC%9C%A4%EC%84%9D%EC%97%B4_%ED%83%84%ED%95%B5_%EC%A7%91%ED%9A%8C_030.jpg/960px-2024-12-14_%EC%97%AC%EC%9D%98%EB%8F%84_%EA%B5%AD%ED%9A%8C%EC%9D%98%EC%82%AC%EB%8B%B9_%EC%95%9E_%EC%9C%A4%EC%84%9D%EC%97%B4_%ED%83%84%ED%95%B5_%EC%A7%91%ED%9A%8C_030.jpg,https://commons.wikimedia.org/wiki/File%3A2024-12-14%20%EC%97%AC%EC%9D%98%EB%8F%84%20%EA%B5%AD%ED%9A%8C%EC%9D%98%EC%82%AC%EB%8B%B9%20%EC%95%9E%20%EC%9C%A4%EC%84%9D%EC%97%B4%20%ED%83%84%ED%95%B5%20%EC%A7%91%ED%9A%8C%20030.jpg,CC BY 4.0,ChongDae,68.1
st_11876,종로24길,https://upload.wikimedia.org/wikipedia/commons/thumb/9/97/20200804_231738_things_places_in_south_korea_IMG_8798.jpg/960px-20200804_231738_things_places_in_south_korea_IMG_8798.jpg,https://commons.wikimedia.org/wiki/File%3A20200804%20231738%20things%20places%20in%20south%20korea%20IMG%208798.jpg,CC0,Choi Kwang-mo,76.9
st_12004,동교로29길,https://upload.wikimedia.org/wikipedia/commons/thumb/5/5c/250510_kowiki_x_galloa_meetup_01.jpg/960px-250510_kowiki_x_galloa_meetup_01.jpg,https://commons.wikimedia.org/wiki/File%3A250510%20kowiki%20x%20galloa%20meetup%2001.jpg,CC BY-SA 4.0,Youngjin (WMKR),101.6
st_12022,삼청로2길,https://upload.wikimedia.org/wikipedia/commons/thumb/b/b6/Exterior_spherical_lantern_on_a_matte_red_painted_brick_facade_in_Seoul.jpg/960px-Exterior_spherical_lantern_on_a_matte_red_painted_brick_facade_in_Seoul.jpg,https://commons.wikimedia.org/wiki/File%3AExterior%20spherical%20lantern%20on%20a%20matte%20red%20painted%20brick%20facade%20in%20Seoul.jpg,CC BY-SA 4.0,Basile Morin,28.6
st_12067,만화속으로,https://upload.wikimedia.org/wikipedia/commons/thumb/1/17/Banchan%2C_Basic_Dishes_of_Korean_Food.jpg/960px-Banchan%2C_Basic_Dishes_of_Korean_Food.jpg,https://commons.wikimedia.org/wiki/File%3ABanchan%2C%20Basic%20Dishes%20of%20Korean%20Food.jpg,CC0,Jo Hanshin,63.5
st_12184,수노래방럭셔리,https://upload.wikimedia.org/wikipedia/commons/thumb/8/84/CATCH_THE_YOUNG_1%EC%A3%BC%EB%85%84_%EA%B8%B0%EB%85%90_%EC%BD%98%EC%84%9C%ED%8A%B8_DREAM_IT.jpg/960px-CATCH_THE_YOUNG_1%EC%A3%BC%EB%85%84_%EA%B8%B0%EB%85%90_%EC%BD%98%EC%84%9C%ED%8A%B8_DREAM_IT.jpg,https://commons.wikimedia.org/wiki/File%3ACATCH%20THE%20YOUNG%201%EC%A3%BC%EB%85%84%20%EA%B8%B0%EB%85%90%20%EC%BD%98%EC%84%9C%ED%8A%B8%20DREAM%20IT.jpg,CC BY-SA 4.0,143kpop,19.1
st_12190,마리네일홍대점,https://upload.wikimedia.org/wikipedia/commons/thumb/6/6d/Zzzaam_in_Club_Bbang%2C_2025.jpg/960px-Zzzaam_in_Club_Bbang%2C_2025.jpg,https://commons.wikimedia.org/wiki/File%3AZzzaam%20in%20Club%20Bbang%2C%202025.jpg,CC BY 4.0,올해의수상자,146
st_12204,닌옆골목2,https://upload.wikimedia.org/wikipedia/commons/thumb/b/bc/Seoul%2C_traditional_houses_-_panoramio.jpg/960px-Seoul%2C_traditional_houses_-_panoramio.jpg,https://commons.wikimedia.org/wiki/File%3ASeoul%2C%20traditional%20houses%20-%20panoramio.jpg,CC BY-SA 3.0,oimo,64
st_00070,제이에스티나빌딩,https://upload.wikimedia.org/wikipedia/commons/thumb/6/64/00_daewoo_damas_1.jpg/960px-00_daewoo_damas_1.jpg,https://commons.wikimedia.org/wiki/File%3A00%20daewoo%20damas%201.jpg,CC BY-SA 4.0,Benespit,96
st_00475,연세로5가길,https://upload.wikimedia.org/wikipedia/commons/5/5d/Mixed-berry_Bingsu.jpg,https://commons.wikimedia.org/wiki/File%3AMixed-berry%20Bingsu.jpg,CC BY-SA 4.0,As.jb18,60
st_02920,너없는이곳너없는하루,https://upload.wikimedia.org/wikipedia/commons/thumb/4/4a/%EC%9D%B8%EC%B2%9C%EC%A7%80%EB%B0%A9%EA%B2%80%EC%B0%B0%EC%B2%AD_%EC%A0%84%EA%B2%BD_2024.jpg/960px-%EC%9D%B8%EC%B2%9C%EC%A7%80%EB%B0%A9%EA%B2%80%EC%B0%B0%EC%B2%AD_%EC%A0%84%EA%B2%BD_2024.jpg,https://commons.wikimedia.org/wiki/File%3A%EC%9D%B8%EC%B2%9C%EC%A7%80%EB%B0%A9%EA%B2%80%EC%B0%B0%EC%B2%AD%20%EC%A0%84%EA%B2%BD%202024.jpg,CC BY-SA 4.0,Narubaru7,79.4
st_03649,마호가니 여의도점,https://upload.wikimedia.org/wikipedia/commons/thumb/e/ee/20241222_%EB%94%B8%EA%B8%B0%EC%BC%80%EC%9D%B4%ED%81%AC_2.jpg/960px-20241222_%EB%94%B8%EA%B8%B0%EC%BC%80%EC%9D%B4%ED%81%AC_2.jpg,https://commons.wikimedia.org/wiki/File%3A20241222%20%EB%94%B8%EA%B8%B0%EC%BC%80%EC%9D%B4%ED%81%AC%202.jpg,CC0,Striker9498,87.2
st_04144,그랜드하얏트서울 테니스장,https://upload.wikimedia.org/wikipedia/commons/thumb/b/ba/View_from_N_Seoul_Tower_a3.jpg/960px-View_from_N_Seoul_Tower_a3.jpg,https://commons.wikimedia.org/wiki/File%3AView%20from%20N%20Seoul%20Tower%20a3.jpg,CC BY-SA 4.0,CYAN,65.9
st_04181,백합칼국수&보쌈,https://upload.wikimedia.org/wikipedia/commons/thumb/5/51/BMW_E66_745Li_Black_Sapphire_Metallic_%281%29.jpg/960px-BMW_E66_745Li_Black_Sapphire_Metallic_%281%29.jpg,https://commons.wikimedia.org/wiki/File%3ABMW%20E66%20745Li%20Black%20Sapphire%20Metallic%20%281%29.jpg,CC BY-SA 4.0,Damian B Oh,34.5
st_04292,이화빌딩,https://upload.wikimedia.org/wikipedia/commons/4/45/Rainbow-new_logo_use.png,https://commons.wikimedia.org/wiki/File%3ARainbow-new%20logo%20use.png,CC BY-SA 4.0,Rainbowseoul,129.6
st_04297,신반포로,https://upload.wikimedia.org/wikipedia/commons/thumb/d/d1/2025_Wonju_Photowalk_jjw_001.jpg/960px-2025_Wonju_Photowalk_jjw_001.jpg,https://commons.wikimedia.org/wiki/File%3A2025%20Wonju%20Photowalk%20jjw%20001.jpg,CC BY 4.0,Jjw,145
st_04954,꽃집(보틀),https://upload.wikimedia.org/wikipedia/commons/thumb/a/a6/Nightlife_In_Seoul_Korea_%28148012137%29.jpeg/960px-Nightlife_In_Seoul_Korea_%28148012137%29.jpeg,https://commons.wikimedia.org/wiki/File%3ANightlife%20In%20Seoul%20Korea%20%28148012137%29.jpeg,CC BY-SA 3.0,"
William Anderson",58.2
st_05076,정주빌딩,https://upload.wikimedia.org/wikipedia/commons/thumb/6/64/%EC%84%9C%EC%9A%B8_%EB%B0%B1%EC%A0%9C%EC%A0%95%EC%9C%A1%EC%A0%90_%EC%9C%A1%ED%9A%8C_-_panoramio.jpg/960px-%EC%84%9C%EC%9A%B8_%EB%B0%B1%EC%A0%9C%EC%A0%95%EC%9C%A1%EC%A0%90_%EC%9C%A1%ED%9A%8C_-_panoramio.jpg,https://commons.wikimedia.org/wiki/File%3A%EC%84%9C%EC%9A%B8%20%EB%B0%B1%EC%A0%9C%EC%A0%95%EC%9C%A1%EC%A0%90%20%EC%9C%A1%ED%9A%8C%20-%20panoramio.jpg,CC BY 3.0,우한길(HK Woo),46.6
st_05248,이니스프리앞,https://upload.wikimedia.org/wikipedia/commons/thumb/d/d3/Jeukseok-tteok-bokki-bokkeum-bap_1.jpg/960px-Jeukseok-tteok-bokki-bokkeum-bap_1.jpg,https://commons.wikimedia.org/wiki/File%3AJeukseok-tteok-bokki-bokkeum-bap%201.jpg,CC BY-SA 2.0,bryan...,37.2
st_05250,솔트24앞,https://upload.wikimedia.org/wikipedia/commons/thumb/d/d3/Jeukseok-tteok-bokki-bokkeum-bap_1.jpg/960px-Jeukseok-tteok-bokki-bokkeum-bap_1.jpg,https://commons.wikimedia.org/wiki/File%3AJeukseok-tteok-bokki-bokkeum-bap%201.jpg,CC BY-SA 2.0,bryan...,29.9
st_06005,전문건설회관,https://upload.wikimedia.org/wikipedia/commons/thumb/8/87/20220124_%EB%B3%B4%EB%9D%BC%EB%A7%A4%EB%B3%91%EC%9B%90%EC%97%AD_%EC%B6%9C%EC%9E%85%EA%B5%AC.jpg/960px-20220124_%EB%B3%B4%EB%9D%BC%EB%A7%A4%EB%B3%91%EC%9B%90%EC%97%AD_%EC%B6%9C%EC%9E%85%EA%B5%AC.jpg,https://commons.wikimedia.org/wiki/File%3A20220124%20%EB%B3%B4%EB%9D%BC%EB%A7%A4%EB%B3%91%EC%9B%90%EC%97%AD%20%EC%B6%9C%EC%9E%85%EA%B5%AC.jpg,CC BY-SA 3.0,"Striker9498

 This photo was taken with Samsung Galaxy A32",71.9
st_06033,소피텔 앰배서더 서울 레지던스,https://upload.wikimedia.org/wikipedia/commons/thumb/8/86/%EC%84%9D%EC%B4%8C_%ED%98%B8%EC%88%98%EA%B3%B5%EC%9B%90_%281%29.jpg/960px-%EC%84%9D%EC%B4%8C_%ED%98%B8%EC%88%98%EA%B3%B5%EC%9B%90_%281%29.jpg,https://commons.wikimedia.org/wiki/File%3A%EC%84%9D%EC%B4%8C%20%ED%98%B8%EC%88%98%EA%B3%B5%EC%9B%90%20%281%29.jpg,CC BY-SA 4.0,Jocelyndurrey,82.5
st_07399,서울역(15번출구쪽),https://upload.wikimedia.org/wikipedia/commons/thumb/0/00/The_tourist_%2827420582166%29.jpg/960px-The_tourist_%2827420582166%29.jpg,https://commons.wikimedia.org/wiki/File%3AThe%20tourist%20%2827420582166%29.jpg,CC BY 2.0,Roberto Ciucci,112.3
st_07698,엠플레이그라운드 앞,https://upload.wikimedia.org/wikipedia/commons/thumb/2/2d/Kkochi-eomuk.jpg/960px-Kkochi-eomuk.jpg,https://commons.wikimedia.org/wiki/File%3AKkochi-eomuk.jpg,CC BY-SA 2.0,anokarina,100.7
st_07765,전북대 앞,https://upload.wikimedia.org/wikipedia/commons/thumb/0/05/Kim_Hyun-tak%2C_Labor_Party_preliminary_candidate_for_Jeollabuk-do_provincial_assembly_attended_The_517_Demonstration_Against_Gender-Based_Violence.jpg/960px-Kim_Hyun-tak%2C_Labor_Party_preliminary_candidate_for_Jeollabuk-do_provincial_assembly_attended_The_517_Demonstration_Against_Gender-Based_Violence.jpg,https://commons.wikimedia.org/wiki/File%3AKim%20Hyun-tak%2C%20Labor%20Party%20preliminary%20candidate%20for%20Jeollabuk-do%20provincial%20assembly%20attended%20The%20517%20Demonstration%20Against%20Gender-Based%20Violence.jpg,CC BY 4.0,고려,8.9
st_08633,이태리타올,https://upload.wikimedia.org/wikipedia/commons/thumb/6/63/Covered_car_in_an_alley_in_Yeonnam-dong%2C_Mapo-gu%2C_Seoul.jpg/960px-Covered_car_in_an_alley_in_Yeonnam-dong%2C_Mapo-gu%2C_Seoul.jpg,https://commons.wikimedia.org/wiki/File%3ACovered%20car%20in%20an%20alley%20in%20Yeonnam-dong%2C%20Mapo-gu%2C%20Seoul.jpg,CC BY 2.0,Paul Keller,90.2
st_08702,군산체육관,https://upload.wikimedia.org/wikipedia/commons/thumb/9/9b/Dongguktemple.jpg/960px-Dongguktemple.jpg,https://commons.wikimedia.org/wiki/File%3ADongguktemple.jpg,CC BY-SA 4.0,Kimhs5400,135.3
st_10455,대우트럼프월드II,https://upload.wikimedia.org/wikipedia/commons/thumb/4/44/%EC%97%AC%EC%9D%98%EB%8F%84%ED%95%9C%EA%B0%95%EA%B3%B5%EC%9B%90%EC%83%9B%EA%B0%95%EC%83%9D%ED%83%9C%EA%B3%B5%EC%9B%90%EB%AC%B8%ED%99%94%EB%8B%A4%EB%A6%AC_47.jpg/960px-%EC%97%AC%EC%9D%98%EB%8F%84%ED%95%9C%EA%B0%95%EA%B3%B5%EC%9B%90%EC%83%9B%EA%B0%95%EC%83%9D%ED%83%9C%EA%B3%B5%EC%9B%90%EB%AC%B8%ED%99%94%EB%8B%A4%EB%A6%AC_47.jpg,https://commons.wikimedia.org/wiki/File%3A%EC%97%AC%EC%9D%98%EB%8F%84%ED%95%9C%EA%B0%95%EA%B3%B5%EC%9B%90%EC%83%9B%EA%B0%95%EC%83%9D%ED%83%9C%EA%B3%B5%EC%9B%90%EB%AC%B8%ED%99%94%EB%8B%A4%EB%A6%AC%2047.jpg,CC BY 4.0,Sunghyun,20.1
st_11621,쓰리팝PC카페대방점,https://upload.wikimedia.org/wikipedia/commons/thumb/3/35/Intersection_of_Deungyong-ro_and_Noryangjin-ro_20240501152555.jpg/960px-Intersection_of_Deungyong-ro_and_Noryangjin-ro_20240501152555.jpg,https://commons.wikimedia.org/wiki/File%3AIntersection%20of%20Deungyong-ro%20and%20Noryangjin-ro%2020240501152555.jpg,CC BY-SA 4.0,TurnOnTheNight,133.6
st_11868,남대문시장2길,https://upload.wikimedia.org/wikipedia/commons/thumb/f/ff/At_the_Namdaemun_Market_in_Jung-gu%2C_Seoul_on_the_Lee_Nak-yon%2C_leader_of_the_Democratic_Party%2C_two_potential_candidates_for_the_Seoul_mayor_Park_Young-sun_and_Woo_Sang-ho%2C_are_making_a_relay_visit_to_the_COVID-19_public_welfare_site_%285%29.jpg/960px-thumbnail.jpg,https://commons.wikimedia.org/wiki/File%3AAt%20the%20Namdaemun%20Market%20in%20Jung-gu%2C%20Seoul%20on%20the%20Lee%20Nak-yon%2C%20leader%20of%20the%20Democratic%20Party%2C%20two%20potential%20candidates%20for%20the%20Seoul%20mayor%20Park%20Young-sun%20and%20Woo%20Sang-ho%2C%20are%20making%20a%20relay%20visit%20to%20the%20COVID-19%20public%20welfare%20site%20%285%29.jpg,CC BY 4.0,고려,32.6
st_11879,자하문로2길,https://upload.wikimedia.org/wikipedia/commons/thumb/9/94/Hyundai_Grandeur_GN7_Serenity_White_Pearl_%283%29.jpg/960px-Hyundai_Grandeur_GN7_Serenity_White_Pearl_%283%29.jpg,https://commons.wikimedia.org/wiki/File%3AHyundai%20Grandeur%20GN7%20Serenity%20White%20Pearl%20%283%29.jpg,CC BY-SA 4.0,Damian B Oh,57.9
st_12212,가회동골목,https://upload.wikimedia.org/wikipedia/commons/thumb/3/3a/Red_mailbox_in_South_Korea.jpg/960px-Red_mailbox_in_South_Korea.jpg,https://commons.wikimedia.org/wiki/File%3ARed%20mailbox%20in%20South%20Korea.jpg,CC BY-SA 4.0,Tobias Preuss,85.2
st_12218,익선동콤콤오락실,https://upload.wikimedia.org/wikipedia/commons/thumb/7/73/Pasta_made_by_a_restaurant_named_%EC%97%B4%EB%91%90%EB%8B%AC.jpg/960px-Pasta_made_by_a_restaurant_named_%EC%97%B4%EB%91%90%EB%8B%AC.jpg,https://commons.wikimedia.org/wiki/File%3APasta%20made%20by%20a%20restaurant%20named%20%EC%97%B4%EB%91%90%EB%8B%AC.jpg,CC BY-SA 4.0,Ch sj,33.6
st_12222,소허당,https://upload.wikimedia.org/wikipedia/commons/thumb/3/31/Jeukseok-tteok-bokki_2.jpg/960px-Jeukseok-tteok-bokki_2.jpg,https://commons.wikimedia.org/wiki/File%3AJeukseok-tteok-bokki%202.jpg,CC BY-SA 2.0,bryan...,97.5
st_12225,덕성여고앞,https://upload.wikimedia.org/wikipedia/commons/thumb/c/c4/%EC%84%9C%EC%9A%B8_%EB%B6%81%EC%B4%8C_%EB%A8%B9%EC%89%AC%EB%8F%88%EB%82%98_-_panoramio_-_%EC%9A%B0%ED%95%9C%EA%B8%B8%28HK_Woo%29.jpg/960px-%EC%84%9C%EC%9A%B8_%EB%B6%81%EC%B4%8C_%EB%A8%B9%EC%89%AC%EB%8F%88%EB%82%98_-_panoramio_-_%EC%9A%B0%ED%95%9C%EA%B8%B8%28HK_Woo%29.jpg,https://commons.wikimedia.org/wiki/File%3A%EC%84%9C%EC%9A%B8%20%EB%B6%81%EC%B4%8C%20%EB%A8%B9%EC%89%AC%EB%8F%88%EB%82%98%20-%20panoramio%20-%20%EC%9A%B0%ED%95%9C%EA%B8%B8%28HK%20Woo%29.jpg,CC BY 3.0,우한길(HK Woo),6.2
st_12234,명동올리브영,https://upload.wikimedia.org/wikipedia/commons/thumb/1/10/Olive_Young_Myeongdong.jpg/960px-Olive_Young_Myeongdong.jpg,https://commons.wikimedia.org/wiki/File%3AOlive%20Young%20Myeongdong.jpg,CC BY-SA 4.0,Sgroey,36.9
st_13184,빌리엔젤,https://upload.wikimedia.org/wikipedia/commons/thumb/7/76/20260726_%EC%97%AC%EC%9D%98%EB%8F%84%ED%99%98%EC%8A%B9%EC%84%BC%ED%84%B0_1%EB%B2%88_%EC%8A%B9%EA%B0%95%EC%9E%A5%28%EC%9C%A0%EB%A6%AC%EA%B9%A8%EC%A7%90%29.jpg/960px-20260726_%EC%97%AC%EC%9D%98%EB%8F%84%ED%99%98%EC%8A%B9%EC%84%BC%ED%84%B0_1%EB%B2%88_%EC%8A%B9%EA%B0%95%EC%9E%A5%28%EC%9C%A0%EB%A6%AC%EA%B9%A8%EC%A7%90%29.jpg,https://commons.wikimedia.org/wiki/File%3A20260726%20%EC%97%AC%EC%9D%98%EB%8F%84%ED%99%98%EC%8A%B9%EC%84%BC%ED%84%B0%201%EB%B2%88%20%EC%8A%B9%EA%B0%95%EC%9E%A5%28%EC%9C%A0%EB%A6%AC%EA%B9%A8%EC%A7%90%29.jpg,CC0,Striker9498,77.1
st_13188,신한금융투자,https://upload.wikimedia.org/wikipedia/commons/thumb/7/76/20260726_%EC%97%AC%EC%9D%98%EB%8F%84%ED%99%98%EC%8A%B9%EC%84%BC%ED%84%B0_1%EB%B2%88_%EC%8A%B9%EA%B0%95%EC%9E%A5%28%EC%9C%A0%EB%A6%AC%EA%B9%A8%EC%A7%90%29.jpg/960px-20260726_%EC%97%AC%EC%9D%98%EB%8F%84%ED%99%98%EC%8A%B9%EC%84%BC%ED%84%B0_1%EB%B2%88_%EC%8A%B9%EA%B0%95%EC%9E%A5%28%EC%9C%A0%EB%A6%AC%EA%B9%A8%EC%A7%90%29.jpg,https://commons.wikimedia.org/wiki/File%3A20260726%20%EC%97%AC%EC%9D%98%EB%8F%84%ED%99%98%EC%8A%B9%EC%84%BC%ED%84%B0%201%EB%B2%88%20%EC%8A%B9%EA%B0%95%EC%9E%A5%28%EC%9C%A0%EB%A6%AC%EA%B9%A8%EC%A7%90%29.jpg,CC0,Striker9498,50.6
st_13202,연세안경앞,https://upload.wikimedia.org/wikipedia/commons/thumb/b/b2/The_Dahn_Society_of_Korea_Seoul_2020-06.jpg/960px-The_Dahn_Society_of_Korea_Seoul_2020-06.jpg,https://commons.wikimedia.org/wiki/File%3AThe%20Dahn%20Society%20of%20Korea%20Seoul%202020-06.jpg,CC0,Logicprmer,134.5
st_13208,23번지 남산돈까스본점 옆건물,https://upload.wikimedia.org/wikipedia/commons/thumb/a/ac/Hyundai_Stellar_88_Y1_Blue_Spirit_%2827%29.jpg/960px-Hyundai_Stellar_88_Y1_Blue_Spirit_%2827%29.jpg,https://commons.wikimedia.org/wiki/File%3AHyundai%20Stellar%2088%20Y1%20Blue%20Spirit%20%2827%29.jpg,CC BY-SA 4.0,Damian B Oh,122.9
st_13215,뚜레쥬르 종로점,https://upload.wikimedia.org/wikipedia/commons/thumb/d/d5/Genesis_G70_Shooting_Brake_Premium_2.0T_AWD_IKSB_Uyuni_White_%283%29.jpg/960px-Genesis_G70_Shooting_Brake_Premium_2.0T_AWD_IKSB_Uyuni_White_%283%29.jpg,https://commons.wikimedia.org/wiki/File%3AGenesis%20G70%20Shooting%20Brake%20Premium%202.0T%20AWD%20IKSB%20Uyuni%20White%20%283%29.jpg,CC BY-SA 4.0,Damian B Oh,10.2
st_13959,연희로11가길,https://upload.wikimedia.org/wikipedia/commons/thumb/5/5a/Emart24.jpg/960px-Emart24.jpg,https://commons.wikimedia.org/wiki/File%3AEmart24.jpg,CC BY-SA 4.0,Sgroey,88.2
st_13962,합정역,https://upload.wikimedia.org/wikipedia/commons/thumb/3/3f/238_Hapjeong_Station_Line_2_Platform_20240630_102523.jpg/960px-238_Hapjeong_Station_Line_2_Platform_20240630_102523.jpg,https://commons.wikimedia.org/wiki/File%3A238%20Hapjeong%20Station%20Line%202%20Platform%2020240630%20102523.jpg,CC BY-SA 4.0,ZKang123,11.4
st_13969,프레임676,https://upload.wikimedia.org/wikipedia/commons/thumb/7/73/20240514_%EB%8C%80%EB%A6%BC%EC%82%BC%EA%B1%B0%EB%A6%AC_%EA%B5%90%EC%B0%A8%EB%A1%9C.jpg/960px-20240514_%EB%8C%80%EB%A6%BC%EC%82%BC%EA%B1%B0%EB%A6%AC_%EA%B5%90%EC%B0%A8%EB%A1%9C.jpg,https://commons.wikimedia.org/wiki/File%3A20240514%20%EB%8C%80%EB%A6%BC%EC%82%BC%EA%B1%B0%EB%A6%AC%20%EA%B5%90%EC%B0%A8%EB%A1%9C.jpg,CC0,Striker9498,111.3
st_13981,서애로,https://upload.wikimedia.org/wikipedia/commons/thumb/d/d1/%EC%A0%9C%EA%B8%B0%EB%8F%99%ED%95%B4%ED%92%8D%EB%B6%80%EC%9B%90%EA%B5%B0%EC%9C%A4%ED%83%9D%EC%98%81%EC%9E%AC%EC%8B%A45.jpg/960px-%EC%A0%9C%EA%B8%B0%EB%8F%99%ED%95%B4%ED%92%8D%EB%B6%80%EC%9B%90%EA%B5%B0%EC%9C%A4%ED%83%9D%EC%98%81%EC%9E%AC%EC%8B%A45.jpg,https://commons.wikimedia.org/wiki/File%3A%EC%A0%9C%EA%B8%B0%EB%8F%99%ED%95%B4%ED%92%8D%EB%B6%80%EC%9B%90%EA%B5%B0%EC%9C%A4%ED%83%9D%EC%98%81%EC%9E%AC%EC%8B%A45.jpg,CC BY-SA 4.0,울234,122.6
st_13984,세종대로23길,https://upload.wikimedia.org/wikipedia/commons/thumb/7/7a/Hyundai_Grandeur_Hybrid_IG_HEV_Midnight_Black_%281%29.jpg/960px-Hyundai_Grandeur_Hybrid_IG_HEV_Midnight_Black_%281%29.jpg,https://commons.wikimedia.org/wiki/File%3AHyundai%20Grandeur%20Hybrid%20IG%20HEV%20Midnight%20Black%20%281%29.jpg,CC BY-SA 4.0,Damian B Oh,30.6
st_14004,헤이리마을,https://upload.wikimedia.org/wikipedia/commons/thumb/0/04/Book_Cafe_Bandi%2C_Heyri%2C_Paju_%28%EB%B6%81%EC%B9%B4%ED%8E%98_%EB%B0%98%EB%94%94%2C_%ED%97%A4%EC%9D%B4%EB%A6%AC%29_-_panoramio.jpg/960px-Book_Cafe_Bandi%2C_Heyri%2C_Paju_%28%EB%B6%81%EC%B9%B4%ED%8E%98_%EB%B0%98%EB%94%94%2C_%ED%97%A4%EC%9D%B4%EB%A6%AC%29_-_panoramio.jpg,https://commons.wikimedia.org/wiki/File%3ABook%20Cafe%20Bandi%2C%20Heyri%2C%20Paju%20%28%EB%B6%81%EC%B9%B4%ED%8E%98%20%EB%B0%98%EB%94%94%2C%20%ED%97%A4%EC%9D%B4%EB%A6%AC%29%20-%20panoramio.jpg,CC BY-SA 3.0,골뱅이,69.4
st_14039,ICC 제주국제컴벤션센터,https://upload.wikimedia.org/wikipedia/commons/thumb/d/d7/ICC_Jeju_in_Seogwipo_-_panoramio.jpg/960px-ICC_Jeju_in_Seogwipo_-_panoramio.jpg,https://commons.wikimedia.org/wiki/File%3AICC%20Jeju%20in%20Seogwipo%20-%20panoramio.jpg,CC BY-SA 3.0,Cho's,108.3
st_14160,오중석스튜디오,https://upload.wikimedia.org/wikipedia/commons/thumb/4/47/The_3rd_seoul_international_ai_film_festival_P20250928_185100736_8B5E325A-A7A0-4821-9075-48D4132BE0A7.jpg/960px-The_3rd_seoul_international_ai_film_festival_P20250928_185100736_8B5E325A-A7A0-4821-9075-48D4132BE0A7.jpg,https://commons.wikimedia.org/wiki/File%3AThe%203rd%20seoul%20international%20ai%20film%20festival%20P20250928%20185100736%208B5E325A-A7A0-4821-9075-48D4132BE0A7.jpg,CC BY 4.0,Choikwangmo25,77.2
st_14326,디팰리스오피스텔,https://upload.wikimedia.org/wikipedia/commons/thumb/1/16/Samsung_Super_Aladdin_Boy_II.jpg/960px-Samsung_Super_Aladdin_Boy_II.jpg,https://commons.wikimedia.org/wiki/File%3ASamsung%20Super%20Aladdin%20Boy%20II.jpg,CC BY-SA 4.0,Christian Bolz,111.7
st_14389,감내1로,https://upload.wikimedia.org/wikipedia/commons/thumb/b/b5/Busan_%2853854736770%29.jpg/960px-Busan_%2853854736770%29.jpg,https://commons.wikimedia.org/wiki/File%3ABusan%20%2853854736770%29.jpg,CC BY 2.0,"David Lee from Redmond, WA, USA",36.5
st_14694,그린클라우드,https://upload.wikimedia.org/wikipedia/commons/thumb/8/88/SweetClara_%26_Cat.jpg/960px-SweetClara_%26_Cat.jpg,https://commons.wikimedia.org/wiki/File%3ASweetClara%20%26%20Cat.jpg,CC BY-SA 4.0,Sweetclara,88.4
st_14906,위플168,https://upload.wikimedia.org/wikipedia/commons/thumb/b/b4/Autumn_in_Seoul%2C_Korea_2013_%2810325190484%29.jpg/960px-Autumn_in_Seoul%2C_Korea_2013_%2810325190484%29.jpg,https://commons.wikimedia.org/wiki/File%3AAutumn%20in%20Seoul%2C%20Korea%202013%20%2810325190484%29.jpg,CC BY-SA 2.0,"Michael Sean Gallagher from London, United Kingdom",78.5
st_00473,"연세로,문화의거리 정류장(13324)",https://upload.wikimedia.org/wikipedia/commons/thumb/3/3c/2014_%ED%80%B4%EC%96%B4%EB%AC%B8%ED%99%94%EC%B6%95%EC%A0%9C_%EB%B0%98%EB%8C%80%EC%A7%91%ED%9A%8C_001.jpg/960px-2014_%ED%80%B4%EC%96%B4%EB%AC%B8%ED%99%94%EC%B6%95%EC%A0%9C_%EB%B0%98%EB%8C%80%EC%A7%91%ED%9A%8C_001.jpg,https://commons.wikimedia.org/wiki/File%3A2014%20%ED%80%B4%EC%96%B4%EB%AC%B8%ED%99%94%EC%B6%95%EC%A0%9C%20%EB%B0%98%EB%8C%80%EC%A7%91%ED%9A%8C%20001.jpg,CC BY 2.0 kr,revi,19.5
st_02569,부림공원,https://upload.wikimedia.org/wikipedia/commons/thumb/9/9e/Gwanyang_2-dong_Community_Service_Center%2C_Photographed_from_the_Hyeonmi_apt.jpg/960px-Gwanyang_2-dong_Community_Service_Center%2C_Photographed_from_the_Hyeonmi_apt.jpg,https://commons.wikimedia.org/wiki/File%3AGwanyang%202-dong%20Community%20Service%20Center%2C%20Photographed%20from%20the%20Hyeonmi%20apt.jpg,CC BY 4.0,고려,125.3
st_02807,별장아파트,https://upload.wikimedia.org/wikipedia/commons/thumb/2/26/Hoehyeondong_1%28il%29-ga%2C_Jung-gu%2C_Seoul%2C_South_Korea_-_panoramio.jpg/960px-Hoehyeondong_1%28il%29-ga%2C_Jung-gu%2C_Seoul%2C_South_Korea_-_panoramio.jpg,https://commons.wikimedia.org/wiki/File%3AHoehyeondong%201%28il%29-ga%2C%20Jung-gu%2C%20Seoul%2C%20South%20Korea%20-%20panoramio.jpg,CC BY-SA 3.0,::::=UT=::::,145.5
st_06911,별장아파트,https://upload.wikimedia.org/wikipedia/commons/thumb/2/26/Hoehyeondong_1%28il%29-ga%2C_Jung-gu%2C_Seoul%2C_South_Korea_-_panoramio.jpg/960px-Hoehyeondong_1%28il%29-ga%2C_Jung-gu%2C_Seoul%2C_South_Korea_-_panoramio.jpg,https://commons.wikimedia.org/wiki/File%3AHoehyeondong%201%28il%29-ga%2C%20Jung-gu%2C%20Seoul%2C%20South%20Korea%20-%20panoramio.jpg,CC BY-SA 3.0,::::=UT=::::,145.5
st_02919,명인빌딩,https://upload.wikimedia.org/wikipedia/commons/thumb/7/7a/%EC%9D%B8%EC%B2%9C%EC%A7%80%EB%B0%A9%EA%B2%80%EC%B0%B0%EC%B2%AD_2024.jpg/960px-%EC%9D%B8%EC%B2%9C%EC%A7%80%EB%B0%A9%EA%B2%80%EC%B0%B0%EC%B2%AD_2024.jpg,https://commons.wikimedia.org/wiki/File%3A%EC%9D%B8%EC%B2%9C%EC%A7%80%EB%B0%A9%EA%B2%80%EC%B0%B0%EC%B2%AD%202024.jpg,CC BY-SA 4.0,Narubaru7,65.9
st_03637,W락볼링장,https://upload.wikimedia.org/wikipedia/commons/thumb/8/83/Shui_jiao_1.jpg/960px-Shui_jiao_1.jpg,https://commons.wikimedia.org/wiki/File%3AShui%20jiao%201.jpg,CC BY 2.0,lazy fri13th,89.1
st_03648,여의대로 IFC쪽,https://upload.wikimedia.org/wikipedia/commons/thumb/b/b1/Rolls-Royce_Phantom_VIII_EWB_Series_II_Dark_Emerald_%2817%29.jpg/960px-Rolls-Royce_Phantom_VIII_EWB_Series_II_Dark_Emerald_%2817%29.jpg,https://commons.wikimedia.org/wiki/File%3ARolls-Royce%20Phantom%20VIII%20EWB%20Series%20II%20Dark%20Emerald%20%2817%29.jpg,CC BY-SA 4.0,Damian B Oh,22.3
st_04379,남산타워,https://upload.wikimedia.org/wikipedia/commons/thumb/2/2a/%40_Seoul_Tower_-_panoramio.jpg/960px-%40_Seoul_Tower_-_panoramio.jpg,https://commons.wikimedia.org/wiki/File%3A%40%20Seoul%20Tower%20-%20panoramio.jpg,CC BY-SA 3.0,::::=UT=::::,11.8
st_08639,남산타워,https://upload.wikimedia.org/wikipedia/commons/thumb/2/2a/%40_Seoul_Tower_-_panoramio.jpg/960px-%40_Seoul_Tower_-_panoramio.jpg,https://commons.wikimedia.org/wiki/File%3A%40%20Seoul%20Tower%20-%20panoramio.jpg,CC BY-SA 3.0,::::=UT=::::,11.8
st_12198,남산타워,https://upload.wikimedia.org/wikipedia/commons/thumb/2/2a/%40_Seoul_Tower_-_panoramio.jpg/960px-%40_Seoul_Tower_-_panoramio.jpg,https://commons.wikimedia.org/wiki/File%3A%40%20Seoul%20Tower%20-%20panoramio.jpg,CC BY-SA 3.0,::::=UT=::::,11.8
st_17961,남산타워,https://upload.wikimedia.org/wikipedia/commons/thumb/2/2a/%40_Seoul_Tower_-_panoramio.jpg/960px-%40_Seoul_Tower_-_panoramio.jpg,https://commons.wikimedia.org/wiki/File%3A%40%20Seoul%20Tower%20-%20panoramio.jpg,CC BY-SA 3.0,::::=UT=::::,11.8
st_05075,파고다기원,https://upload.wikimedia.org/wikipedia/commons/thumb/9/9d/Intersection_of_Donhwamun-ro_sipil-gil_and_Supyo-ro.jpg/960px-Intersection_of_Donhwamun-ro_sipil-gil_and_Supyo-ro.jpg,https://commons.wikimedia.org/wiki/File%3AIntersection%20of%20Donhwamun-ro%20sipil-gil%20and%20Supyo-ro.jpg,CC BY-SA 4.0,Tristan Surtel,27.7
st_05249,피케이엠북스앞,https://upload.wikimedia.org/wikipedia/commons/thumb/d/d3/Jeukseok-tteok-bokki-bokkeum-bap_1.jpg/960px-Jeukseok-tteok-bokki-bokkeum-bap_1.jpg,https://commons.wikimedia.org/wiki/File%3AJeukseok-tteok-bokki-bokkeum-bap%201.jpg,CC BY-SA 2.0,bryan...,13.6
st_05379,독막로,https://upload.wikimedia.org/wikipedia/commons/thumb/7/7e/Seoul-metro-623-Sangsu-station-entrance-1-20191022-080026.jpg/960px-Seoul-metro-623-Sangsu-station-entrance-1-20191022-080026.jpg,https://commons.wikimedia.org/wiki/File%3ASeoul-metro-623-Sangsu-station-entrance-1-20191022-080026.jpg,CC BY-SA 4.0,LERK,88.5
st_06001,낙원주택,https://upload.wikimedia.org/wikipedia/commons/thumb/6/63/Korail-K314-Hongik-university-station-entrance-7-20191023-080740.jpg/960px-Korail-K314-Hongik-university-station-entrance-7-20191023-080740.jpg,https://commons.wikimedia.org/wiki/File%3AKorail-K314-Hongik-university-station-entrance-7-20191023-080740.jpg,CC BY-SA 4.0,LERK,65.8
st_06414,이노88타워,https://upload.wikimedia.org/wikipedia/commons/thumb/e/e1/Imperial_examination_of_Joseon_in_Unhyeongung.jpg/960px-Imperial_examination_of_Joseon_in_Unhyeongung.jpg,https://commons.wikimedia.org/wiki/File%3AImperial%20examination%20of%20Joseon%20in%20Unhyeongung.jpg,CC BY-SA 3.0,Choi2451,15.5
st_06773,후암동집,https://upload.wikimedia.org/wikipedia/commons/thumb/8/80/On_set_filming_location.jpg/960px-On_set_filming_location.jpg,https://commons.wikimedia.org/wiki/File%3AOn%20set%20filming%20location.jpg,CC BY-SA 4.0,Ajvarsak,99.5
st_06910,후암동집,https://upload.wikimedia.org/wikipedia/commons/thumb/8/80/On_set_filming_location.jpg/960px-On_set_filming_location.jpg,https://commons.wikimedia.org/wiki/File%3AOn%20set%20filming%20location.jpg,CC BY-SA 4.0,Ajvarsak,99.5
st_11493,후암동집,https://upload.wikimedia.org/wikipedia/commons/thumb/8/80/On_set_filming_location.jpg/960px-On_set_filming_location.jpg,https://commons.wikimedia.org/wiki/File%3AOn%20set%20filming%20location.jpg,CC BY-SA 4.0,Ajvarsak,99.5
st_07400,퇴계로20길,https://upload.wikimedia.org/wikipedia/commons/thumb/0/07/2015-03-23_15.04.16_%EC%B5%9C%EA%B4%91%EB%AA%A8.jpg/960px-2015-03-23_15.04.16_%EC%B5%9C%EA%B4%91%EB%AA%A8.jpg,https://commons.wikimedia.org/wiki/File%3A2015-03-23%2015.04.16%20%EC%B5%9C%EA%B4%91%EB%AA%A8.jpg,CC0,최광모 (Choe Kwangmo),41.5
st_07429,진닭강정 앞,https://upload.wikimedia.org/wikipedia/commons/thumb/7/73/Pasta_made_by_a_restaurant_named_%EC%97%B4%EB%91%90%EB%8B%AC.jpg/960px-Pasta_made_by_a_restaurant_named_%EC%97%B4%EB%91%90%EB%8B%AC.jpg,https://commons.wikimedia.org/wiki/File%3APasta%20made%20by%20a%20restaurant%20named%20%EC%97%B4%EB%91%90%EB%8B%AC.jpg,CC BY-SA 4.0,Ch sj,28.7
st_08632,틈,https://upload.wikimedia.org/wikipedia/commons/thumb/6/63/Covered_car_in_an_alley_in_Yeonnam-dong%2C_Mapo-gu%2C_Seoul.jpg/960px-Covered_car_in_an_alley_in_Yeonnam-dong%2C_Mapo-gu%2C_Seoul.jpg,https://commons.wikimedia.org/wiki/File%3ACovered%20car%20in%20an%20alley%20in%20Yeonnam-dong%2C%20Mapo-gu%2C%20Seoul.jpg,CC BY 2.0,Paul Keller,68.9
st_08986,송도아울렛,https://upload.wikimedia.org/wikipedia/commons/thumb/e/e0/Triple_street.jpg/960px-Triple_street.jpg,https://commons.wikimedia.org/wiki/File%3ATriple%20street.jpg,CC0,dongil0324,120.3
st_09550,K3마트앞,https://upload.wikimedia.org/wikipedia/commons/thumb/b/bf/Dongbuk_%28Northeastern_Guard_Pavilion%29.jpg/960px-Dongbuk_%28Northeastern_Guard_Pavilion%29.jpg,https://commons.wikimedia.org/wiki/File%3ADongbuk%20%28Northeastern%20Guard%20Pavilion%29.jpg,CC0,Bernard Gagnon,96.7
st_10842,동대문신발상가,https://upload.wikimedia.org/wikipedia/commons/thumb/5/59/Emart_24_in_Cheonggye_6_ga_underground_shopping_centre_-_%EC%9D%B4%EB%A7%88%ED%8A%B824_%EB%8F%99%EB%8C%80%EB%AC%B8%EC%A0%90.jpg/960px-Emart_24_in_Cheonggye_6_ga_underground_shopping_centre_-_%EC%9D%B4%EB%A7%88%ED%8A%B824_%EB%8F%99%EB%8C%80%EB%AC%B8%EC%A0%90.jpg,https://commons.wikimedia.org/wiki/File%3AEmart%2024%20in%20Cheonggye%206%20ga%20underground%20shopping%20centre%20-%20%EC%9D%B4%EB%A7%88%ED%8A%B824%20%EB%8F%99%EB%8C%80%EB%AC%B8%EC%A0%90.jpg,CC BY-SA 4.0,RyuMinjoo,39.4
st_11491,수금속,https://upload.wikimedia.org/wikipedia/commons/thumb/5/55/Mullae-dong_cityscape.jpg/960px-Mullae-dong_cityscape.jpg,https://commons.wikimedia.org/wiki/File%3AMullae-dong%20cityscape.jpg,CC BY-SA 4.0,Minseong Kim,44.2
st_11494,이태원국민은행,https://upload.wikimedia.org/wikipedia/commons/thumb/8/8c/Hamilton_Hotel_in_Itaewon%2C_Seoul%2C_March_18%2C_2016.jpg/960px-Hamilton_Hotel_in_Itaewon%2C_Seoul%2C_March_18%2C_2016.jpg,https://commons.wikimedia.org/wiki/File%3AHamilton%20Hotel%20in%20Itaewon%2C%20Seoul%2C%20March%2018%2C%202016.jpg,CC BY-SA 2.0,anokarina,50.7
st_12017,혜화경찰서,https://upload.wikimedia.org/wikipedia/commons/thumb/a/ae/20200805_152942_things_places_in_south_korea_IMG_9303.jpg/960px-20200805_152942_things_places_in_south_korea_IMG_9303.jpg,https://commons.wikimedia.org/wiki/File%3A20200805%20152942%20things%20places%20in%20south%20korea%20IMG%209303.jpg,CC0,Choi Kwang-mo,81.4
st_12025,북촌로12길,https://upload.wikimedia.org/wikipedia/commons/thumb/1/18/Area_east_of_Bukchon_Hanok_Village_B.JPG/960px-Area_east_of_Bukchon_Hanok_Village_B.JPG,https://commons.wikimedia.org/wiki/File%3AArea%20east%20of%20Bukchon%20Hanok%20Village%20B.JPG,CC BY-SA 3.0,Sakaori (talk),30.6
st_12215,소쇼,https://upload.wikimedia.org/wikipedia/commons/thumb/6/6f/%E6%98%9F%E5%B7%B4%E5%85%8B_%2827024419610%29.jpg/960px-%E6%98%9F%E5%B7%B4%E5%85%8B_%2827024419610%29.jpg,https://commons.wikimedia.org/wiki/File%3A%E6%98%9F%E5%B7%B4%E5%85%8B%20%2827024419610%29.jpg,CC BY-SA 2.0,"Wei-Te Wong from Taipei City, Taiwan, Republic of China",86.8
st_12223,북촌세븐,https://upload.wikimedia.org/wikipedia/commons/thumb/5/57/Seoul_Education_Museum_2.jpg/960px-Seoul_Education_Museum_2.jpg,https://commons.wikimedia.org/wiki/File%3ASeoul%20Education%20Museum%202.jpg,CC BY-SA 4.0,LittleT889,62.2
st_12231,지리산흑돼지,https://upload.wikimedia.org/wikipedia/commons/thumb/a/ae/2013-11-28_17.26.45_%EC%B5%9C%EA%B4%91%EB%AA%A8.jpg/960px-2013-11-28_17.26.45_%EC%B5%9C%EA%B4%91%EB%AA%A8.jpg,https://commons.wikimedia.org/wiki/File%3A2013-11-28%2017.26.45%20%EC%B5%9C%EA%B4%91%EB%AA%A8.jpg,CC0,최광모 (Choe Kwangmo),14.7
st_12390,홍대벽화거리,https://upload.wikimedia.org/wikipedia/commons/thumb/8/88/%E4%BD%90%E8%97%A4%E5%B0%86%E4%BA%BA%E2%91%A2.JPG/960px-%E4%BD%90%E8%97%A4%E5%B0%86%E4%BA%BA%E2%91%A2.JPG,https://commons.wikimedia.org/wiki/File%3A%E4%BD%90%E8%97%A4%E5%B0%86%E4%BA%BA%E2%91%A2.JPG,CC BY-SA 3.0,佐藤将人,147.8
st_12402,솔티핫티,https://upload.wikimedia.org/wikipedia/commons/b/b7/2011-02-01_Paintings_by_Michael_Lin_in_Leeum_Museum.jpg,https://commons.wikimedia.org/wiki/File%3A2011-02-01%20Paintings%20by%20Michael%20Lin%20in%20Leeum%20Museum.jpg,CC BY 2.0,Nam-ho Park,28.5
st_13204,엔비,https://upload.wikimedia.org/wikipedia/commons/thumb/b/b3/Kebab_in_Hongdae.jpg/960px-Kebab_in_Hongdae.jpg,https://commons.wikimedia.org/wiki/File%3AKebab%20in%20Hongdae.jpg,CC BY-SA 3.0,Mumbo jiggy,118
st_13217,종로슈퍼,https://upload.wikimedia.org/wikipedia/commons/thumb/2/2e/20240719_%EC%A2%85%EB%A1%9C3%EA%B0%80%EC%97%AD_3%ED%98%B8%EC%84%A0_%EC%8A%B9%EA%B0%95%EC%9E%A5.jpg/960px-20240719_%EC%A2%85%EB%A1%9C3%EA%B0%80%EC%97%AD_3%ED%98%B8%EC%84%A0_%EC%8A%B9%EA%B0%95%EC%9E%A5.jpg,https://commons.wikimedia.org/wiki/File%3A20240719%20%EC%A2%85%EB%A1%9C3%EA%B0%80%EC%97%AD%203%ED%98%B8%EC%84%A0%20%EC%8A%B9%EA%B0%95%EC%9E%A5.jpg,CC0,Striker9498,118.4
st_13963,서강팔경,https://upload.wikimedia.org/wikipedia/commons/thumb/3/3c/Dangsan_Railway_Bridge1.jpg/960px-Dangsan_Railway_Bridge1.jpg,https://commons.wikimedia.org/wiki/File%3ADangsan%20Railway%20Bridge1.jpg,Public domain,Glabb,102
st_13980,서소문로11길,https://upload.wikimedia.org/wikipedia/commons/thumb/4/42/Seokjojeon_%28Korean_Empire_History_Museum%29_20191221_13.jpg/960px-Seokjojeon_%28Korean_Empire_History_Museum%29_20191221_13.jpg,https://commons.wikimedia.org/wiki/File%3ASeokjojeon%20%28Korean%20Empire%20History%20Museum%29%2020191221%2013.jpg,CC BY 4.0,Ahmed,21.4
st_13982,필동로,https://upload.wikimedia.org/wikipedia/commons/thumb/5/53/%EC%82%BC%EC%B2%AD%EB%8F%99%EC%98%A4%EC%9C%84%EC%9E%A5%EA%B9%80%EC%B6%98%EC%98%81%EA%B0%80%EC%98%A57.jpg/960px-%EC%82%BC%EC%B2%AD%EB%8F%99%EC%98%A4%EC%9C%84%EC%9E%A5%EA%B9%80%EC%B6%98%EC%98%81%EA%B0%80%EC%98%A57.jpg,https://commons.wikimedia.org/wiki/File%3A%EC%82%BC%EC%B2%AD%EB%8F%99%EC%98%A4%EC%9C%84%EC%9E%A5%EA%B9%80%EC%B6%98%EC%98%81%EA%B0%80%EC%98%A57.jpg,CC BY-SA 4.0,울234,121.7
st_14029,벡스코 구름다리,https://upload.wikimedia.org/wikipedia/commons/thumb/8/84/Janet_Yang_at_ACFM_2025_in_Busan%2C_South_Korea_02.jpg/960px-Janet_Yang_at_ACFM_2025_in_Busan%2C_South_Korea_02.jpg,https://commons.wikimedia.org/wiki/File%3AJanet%20Yang%20at%20ACFM%202025%20in%20Busan%2C%20South%20Korea%2002.jpg,CC BY 4.0,Jay Dixit,25.9
st_14154,콘래드서울 아트리오,https://upload.wikimedia.org/wikipedia/commons/thumb/b/b1/Rolls-Royce_Phantom_VIII_EWB_Series_II_Dark_Emerald_%2817%29.jpg/960px-Rolls-Royce_Phantom_VIII_EWB_Series_II_Dark_Emerald_%2817%29.jpg,https://commons.wikimedia.org/wiki/File%3ARolls-Royce%20Phantom%20VIII%20EWB%20Series%20II%20Dark%20Emerald%20%2817%29.jpg,CC BY-SA 4.0,Damian B Oh,22.3
st_14158,농협종로지점,https://upload.wikimedia.org/wikipedia/commons/thumb/0/0e/Maybach_62S_Zeppelin_Taiga_Black_Metallic_Rocky_Mountain_Light_Brown_Stripe_%281%29.jpg/960px-Maybach_62S_Zeppelin_Taiga_Black_Metallic_Rocky_Mountain_Light_Brown_Stripe_%281%29.jpg,https://commons.wikimedia.org/wiki/File%3AMaybach%2062S%20Zeppelin%20Taiga%20Black%20Metallic%20Rocky%20Mountain%20Light%20Brown%20Stripe%20%281%29.jpg,CC BY-SA 4.0,Damian B Oh,29.1
st_14171,천안역,https://upload.wikimedia.org/wikipedia/commons/thumb/7/7e/20240826_%EC%B2%9C%EC%95%88%EC%97%AD_%EC%8A%B9%EA%B0%95%EC%9E%A5%28%EA%B4%91%EC%9A%B4%EB%8C%80_%EB%B0%A9%EB%A9%B4%29.jpg/960px-20240826_%EC%B2%9C%EC%95%88%EC%97%AD_%EC%8A%B9%EA%B0%95%EC%9E%A5%28%EA%B4%91%EC%9A%B4%EB%8C%80_%EB%B0%A9%EB%A9%B4%29.jpg,https://commons.wikimedia.org/wiki/File%3A20240826%20%EC%B2%9C%EC%95%88%EC%97%AD%20%EC%8A%B9%EA%B0%95%EC%9E%A5%28%EA%B4%91%EC%9A%B4%EB%8C%80%20%EB%B0%A9%EB%A9%B4%29.jpg,CC0,Striker9498,131.7
st_14175,한서치안센터,https://upload.wikimedia.org/wikipedia/commons/thumb/3/33/Jeju_Island_%2853853393722%29.jpg/960px-Jeju_Island_%2853853393722%29.jpg,https://commons.wikimedia.org/wiki/File%3AJeju%20Island%20%2853853393722%29.jpg,CC BY 2.0,"David Lee from Redmond, WA, USA",120.2
st_14179,이호테우등대,https://upload.wikimedia.org/wikipedia/commons/thumb/a/a7/Ihoil-dong%2C_Jeju-si%2C_Jeju-do%2C_South_Korea_-_panoramio_-_song_songroov_%28132%29.jpg/960px-Ihoil-dong%2C_Jeju-si%2C_Jeju-do%2C_South_Korea_-_panoramio_-_song_songroov_%28132%29.jpg,https://commons.wikimedia.org/wiki/File%3AIhoil-dong%2C%20Jeju-si%2C%20Jeju-do%2C%20South%20Korea%20-%20panoramio%20-%20song%20songroov%20%28132%29.jpg,CC BY 3.0,song songroov,13.4
st_05199,카페 화요일,https://upload.wikimedia.org/wikipedia/commons/thumb/2/20/Former_Jemulpo_Club_191124003.jpg/960px-Former_Jemulpo_Club_191124003.jpg,https://commons.wikimedia.org/wiki/File%3AFormer%20Jemulpo%20Club%20191124003.jpg,CC BY-SA 4.0,Jjw,11.4
st_06384,영문빌딩,https://upload.wikimedia.org/wikipedia/commons/thumb/f/f9/234_sindorim_02.jpg/960px-234_sindorim_02.jpg,https://commons.wikimedia.org/wiki/File%3A234%20sindorim%2002.jpg,CC BY 3.0,분당선M,38.3
st_09523,인천강화경찰서,https://upload.wikimedia.org/wikipedia/commons/thumb/0/01/Yongheung-gung.jpg/960px-Yongheung-gung.jpg,https://commons.wikimedia.org/wiki/File%3AYongheung-gung.jpg,CC BY-SA 3.0,Jjw,31.9
st_16952,인천강화경찰서,https://upload.wikimedia.org/wikipedia/commons/thumb/0/01/Yongheung-gung.jpg/960px-Yongheung-gung.jpg,https://commons.wikimedia.org/wiki/File%3AYongheung-gung.jpg,CC BY-SA 3.0,Jjw,31.9
st_18121,인천강화경찰서,https://upload.wikimedia.org/wikipedia/commons/thumb/0/01/Yongheung-gung.jpg/960px-Yongheung-gung.jpg,https://commons.wikimedia.org/wiki/File%3AYongheung-gung.jpg,CC BY-SA 3.0,Jjw,31.9
st_09548,화홍마트,https://upload.wikimedia.org/wikipedia/commons/thumb/8/87/Hwaseong_fortress_walls.jpg/960px-Hwaseong_fortress_walls.jpg,https://commons.wikimedia.org/wiki/File%3AHwaseong%20fortress%20walls.jpg,CC BY-SA 4.0,Adil,76.7
st_10850,조선팰리스 서울 강남,https://upload.wikimedia.org/wikipedia/commons/thumb/7/72/Yeoksam-dong%2C_Gangnam-gu%2C_Seoul%2C_South_Korea_-_panoramio_%281%29.jpg/960px-Yeoksam-dong%2C_Gangnam-gu%2C_Seoul%2C_South_Korea_-_panoramio_%281%29.jpg,https://commons.wikimedia.org/wiki/File%3AYeoksam-dong%2C%20Gangnam-gu%2C%20Seoul%2C%20South%20Korea%20-%20panoramio%20%281%29.jpg,CC BY 3.0,Fumihiko Ueno,10.5
st_17968,조선팰리스 서울 강남,https://upload.wikimedia.org/wikipedia/commons/thumb/7/72/Yeoksam-dong%2C_Gangnam-gu%2C_Seoul%2C_South_Korea_-_panoramio_%281%29.jpg/960px-Yeoksam-dong%2C_Gangnam-gu%2C_Seoul%2C_South_Korea_-_panoramio_%281%29.jpg,https://commons.wikimedia.org/wiki/File%3AYeoksam-dong%2C%20Gangnam-gu%2C%20Seoul%2C%20South%20Korea%20-%20panoramio%20%281%29.jpg,CC BY 3.0,Fumihiko Ueno,10.5
st_12221,Y&아니마,https://upload.wikimedia.org/wikipedia/commons/thumb/a/a6/Nightlife_In_Seoul_Korea_%28148012137%29.jpeg/960px-Nightlife_In_Seoul_Korea_%28148012137%29.jpeg,https://commons.wikimedia.org/wiki/File%3ANightlife%20In%20Seoul%20Korea%20%28148012137%29.jpeg,CC BY-SA 3.0,"
William Anderson",82.1
st_13212,약수역,https://upload.wikimedia.org/wikipedia/commons/thumb/d/d1/Seoul_-_panoramio.jpg/960px-Seoul_-_panoramio.jpg,https://commons.wikimedia.org/wiki/File%3ASeoul%20-%20panoramio.jpg,CC BY-SA 3.0,masanori shiratori,118.8
st_13974,백범로90다길,https://upload.wikimedia.org/wikipedia/commons/thumb/9/92/%EC%A1%B0%EC%A7%81%EA%B1%B0%EB%B2%84%EB%84%8C%EC%8A%A4.jpg/960px-%EC%A1%B0%EC%A7%81%EA%B1%B0%EB%B2%84%EB%84%8C%EC%8A%A4.jpg,https://commons.wikimedia.org/wiki/File%3A%EC%A1%B0%EC%A7%81%EA%B1%B0%EB%B2%84%EB%84%8C%EC%8A%A4.jpg,CC BY-SA 4.0,Dominic.jg.lee,8.3
st_14162,인천공항 제2여객터미널,https://upload.wikimedia.org/wikipedia/commons/thumb/1/1f/2025-10-14_17.17.48_Incheon_International_Airport.jpg/960px-2025-10-14_17.17.48_Incheon_International_Airport.jpg,https://commons.wikimedia.org/wiki/File%3A2025-10-14%2017.17.48%20Incheon%20International%20Airport.jpg,CC0,Choikwangmo25,71.7
st_14163,일백집서울포차 구월점,https://upload.wikimedia.org/wikipedia/commons/thumb/0/07/%EA%B5%AC%EC%9B%94%EB%8F%99_%EC%9D%B8%ED%95%98%EB%A1%9C507%EB%B2%88%EA%B8%B8_23-1_%EB%89%B4%EC%9A%95%ED%94%84%EB%9D%BC%EC%9E%90_2025.jpg/960px-%EA%B5%AC%EC%9B%94%EB%8F%99_%EC%9D%B8%ED%95%98%EB%A1%9C507%EB%B2%88%EA%B8%B8_23-1_%EB%89%B4%EC%9A%95%ED%94%84%EB%9D%BC%EC%9E%90_2025.jpg,https://commons.wikimedia.org/wiki/File%3A%EA%B5%AC%EC%9B%94%EB%8F%99%20%EC%9D%B8%ED%95%98%EB%A1%9C507%EB%B2%88%EA%B8%B8%2023-1%20%EB%89%B4%EC%9A%95%ED%94%84%EB%9D%BC%EC%9E%90%202025.jpg,CC BY 4.0,Narubaru7,26.1
st_14188,신한당약국,https://upload.wikimedia.org/wikipedia/commons/thumb/7/76/Kia_ev6_1gen_back.jpg/960px-Kia_ev6_1gen_back.jpg,https://commons.wikimedia.org/wiki/File%3AKia%20ev6%201gen%20back.jpg,CC BY-SA 4.0,Nord794ub,52.6
st_14220,한마음식당,https://upload.wikimedia.org/wikipedia/commons/thumb/1/1f/Korean_melons_4.jpg/960px-Korean_melons_4.jpg,https://commons.wikimedia.org/wiki/File%3AKorean%20melons%204.jpg,CC BY-SA 2.0,Mohamed Yahya,67.1
st_14693,최규하대통령가옥,https://upload.wikimedia.org/wikipedia/commons/thumb/4/42/Seogyo-dong_Community_Service_Center_20140524_175246.jpg/960px-Seogyo-dong_Community_Service_Center_20140524_175246.jpg,https://commons.wikimedia.org/wiki/File%3ASeogyo-dong%20Community%20Service%20Center%2020140524%20175246.jpg,CC BY-SA 4.0,안우석,26.3
st_14909,네버마인드,https://upload.wikimedia.org/wikipedia/commons/thumb/2/2d/Wikipedian_reading_and_edit_meeting_20190330.jpg/960px-Wikipedian_reading_and_edit_meeting_20190330.jpg,https://commons.wikimedia.org/wiki/File%3AWikipedian%20reading%20and%20edit%20meeting%2020190330.jpg,CC BY-SA 4.0,Jjw,33.5
st_14913,스위스그랜드호텔 수영장,https://upload.wikimedia.org/wikipedia/commons/thumb/d/d5/3-Cushion_Challenge_2019-2_in_Seoul_%28KOR%29-Trainingsbillard.jpg/960px-3-Cushion_Challenge_2019-2_in_Seoul_%28KOR%29-Trainingsbillard.jpg,https://commons.wikimedia.org/wiki/File%3A3-Cushion%20Challenge%202019-2%20in%20Seoul%20%28KOR%29-Trainingsbillard.jpg,CC BY-SA 3.0,Carambol,108.4
st_14921,미레에셋센터원,https://upload.wikimedia.org/wikipedia/commons/thumb/5/50/Genesis_G90_RS4_Vik_Black_%28239%29.jpg/960px-Genesis_G90_RS4_Vik_Black_%28239%29.jpg,https://commons.wikimedia.org/wiki/File%3AGenesis%20G90%20RS4%20Vik%20Black%20%28239%29.jpg,CC BY-SA 4.0,Damian B Oh,11.3
st_14924,공평동꼼장어 직영 1호점,https://upload.wikimedia.org/wikipedia/commons/thumb/b/ba/Hyundai_Grandeur_Q270_TG_PE_Black_Diamond_%284%29.jpg/960px-Hyundai_Grandeur_Q270_TG_PE_Black_Diamond_%284%29.jpg,https://commons.wikimedia.org/wiki/File%3AHyundai%20Grandeur%20Q270%20TG%20PE%20Black%20Diamond%20%284%29.jpg,CC BY-SA 4.0,Damian B Oh,10.2
st_14928,곳 게스트하우스,https://upload.wikimedia.org/wikipedia/commons/thumb/6/6f/%E6%98%9F%E5%B7%B4%E5%85%8B_%2827024419610%29.jpg/960px-%E6%98%9F%E5%B7%B4%E5%85%8B_%2827024419610%29.jpg,https://commons.wikimedia.org/wiki/File%3A%E6%98%9F%E5%B7%B4%E5%85%8B%20%2827024419610%29.jpg,CC BY-SA 2.0,"Wei-Te Wong from Taipei City, Taiwan, Republic of China",83.1
st_14929,카비네,https://upload.wikimedia.org/wikipedia/commons/thumb/6/6f/%E6%98%9F%E5%B7%B4%E5%85%8B_%2827024419610%29.jpg/960px-%E6%98%9F%E5%B7%B4%E5%85%8B_%2827024419610%29.jpg,https://commons.wikimedia.org/wiki/File%3A%E6%98%9F%E5%B7%B4%E5%85%8B%20%2827024419610%29.jpg,CC BY-SA 2.0,"Wei-Te Wong from Taipei City, Taiwan, Republic of China",94.1
st_14935,인사동그집 골목,https://upload.wikimedia.org/wikipedia/commons/thumb/c/ce/Insadong-gil_Mar_2025_09.jpg/960px-Insadong-gil_Mar_2025_09.jpg,https://commons.wikimedia.org/wiki/File%3AInsadong-gil%20Mar%202025%2009.jpg,CC BY-SA 4.0,Epicgenius,11.1
st_14937,세운상가 3층,https://upload.wikimedia.org/wikipedia/commons/thumb/3/32/Orange_building_in_Euljiro.jpg/960px-Orange_building_in_Euljiro.jpg,https://commons.wikimedia.org/wiki/File%3AOrange%20building%20in%20Euljiro.jpg,CC BY-SA 4.0,Aaaatu,26.5
st_15175,오복수퍼,https://upload.wikimedia.org/wikipedia/commons/thumb/8/84/Doijissal_Supermarket.jpg/960px-Doijissal_Supermarket.jpg,https://commons.wikimedia.org/wiki/File%3ADoijissal%20Supermarket.jpg,CC BY-SA 4.0,Aaaatu,70.1
st_15256,어도횟집,https://upload.wikimedia.org/wikipedia/commons/thumb/9/93/%EC%84%9C%EC%86%8C%EB%AC%B8%EC%95%84%ED%8C%8C%ED%8A%B8.jpg/960px-%EC%84%9C%EC%86%8C%EB%AC%B8%EC%95%84%ED%8C%8C%ED%8A%B8.jpg,https://commons.wikimedia.org/wiki/File%3A%EC%84%9C%EC%86%8C%EB%AC%B8%EC%95%84%ED%8C%8C%ED%8A%B8.jpg,CC BY-SA 4.0,HappyMidnight,87.5
st_15258,본동 집,https://upload.wikimedia.org/wikipedia/commons/thumb/1/18/Nodeulseom_%2814005438206%29.jpg/960px-Nodeulseom_%2814005438206%29.jpg,https://commons.wikimedia.org/wiki/File%3ANodeulseom%20%2814005438206%29.jpg,CC BY-SA 2.0,"travel oriented from Seoul, South Korea",75.9
st_15261,종각역4번출구,https://upload.wikimedia.org/wikipedia/commons/thumb/0/05/Bars_entry_in_Seoul.jpg/960px-Bars_entry_in_Seoul.jpg,https://commons.wikimedia.org/wiki/File%3ABars%20entry%20in%20Seoul.jpg,CC BY-SA 4.0,Zubro,48.8
st_15274,신명여고,https://upload.wikimedia.org/wikipedia/commons/thumb/f/f6/%EC%8B%A0%EB%AA%85%EC%97%AC%EC%9E%90%EA%B3%A0%EB%93%B1%ED%95%99%EA%B5%90.jpg/960px-%EC%8B%A0%EB%AA%85%EC%97%AC%EC%9E%90%EA%B3%A0%EB%93%B1%ED%95%99%EA%B5%90.jpg,https://commons.wikimedia.org/wiki/File%3A%EC%8B%A0%EB%AA%85%EC%97%AC%EC%9E%90%EA%B3%A0%EB%93%B1%ED%95%99%EA%B5%90.jpg,CC BY 4.0,Narubaru7,57.9
st_15302,태조로(2),https://upload.wikimedia.org/wikipedia/commons/thumb/c/c8/20240727_Jeonju_Jungang_Elementary_School_001.jpg/960px-20240727_Jeonju_Jungang_Elementary_School_001.jpg,https://commons.wikimedia.org/wiki/File%3A20240727%20Jeonju%20Jungang%20Elementary%20School%20001.jpg,CC BY 4.0,Jjw,21.9
st_15304,최명희길,https://upload.wikimedia.org/wikipedia/commons/thumb/b/b8/20240727_Jeonju_Hanok_Villiage_005.jpg/960px-20240727_Jeonju_Hanok_Villiage_005.jpg,https://commons.wikimedia.org/wiki/File%3A20240727%20Jeonju%20Hanok%20Villiage%20005.jpg,CC BY 4.0,Jjw,30.8
st_15313,오토바이사고거리,https://upload.wikimedia.org/wikipedia/commons/thumb/d/db/Above_door_display_on_AREX_Class_2000.jpg/960px-Above_door_display_on_AREX_Class_2000.jpg,https://commons.wikimedia.org/wiki/File%3AAbove%20door%20display%20on%20AREX%20Class%202000.jpg,CC0,R151trains,114.3
st_15314,장가포차(만만코코로),https://upload.wikimedia.org/wikipedia/commons/thumb/9/94/20200805_030608_things_places_in_south_korea_IMG_8948.jpg/960px-20200805_030608_things_places_in_south_korea_IMG_8948.jpg,https://commons.wikimedia.org/wiki/File%3A20200805%20030608%20things%20places%20in%20south%20korea%20IMG%208948.jpg,CC0,Choi Kwang-mo,16.6
st_15322,디펜스거리,https://upload.wikimedia.org/wikipedia/commons/thumb/e/e7/Noksapyeong_Station_20140228_162552.JPG/960px-Noksapyeong_Station_20140228_162552.JPG,https://commons.wikimedia.org/wiki/File%3ANoksapyeong%20Station%2020140228%20162552.JPG,CC BY-SA 3.0,안우석,62.9
st_15323,노리테이블,https://upload.wikimedia.org/wikipedia/commons/thumb/e/e7/Noksapyeong_Station_20140228_162552.JPG/960px-Noksapyeong_Station_20140228_162552.JPG,https://commons.wikimedia.org/wiki/File%3ANoksapyeong%20Station%2020140228%20162552.JPG,CC BY-SA 3.0,안우석,62.9
st_15325,수아네집(뉴일무이),https://upload.wikimedia.org/wikipedia/commons/thumb/8/80/On_set_filming_location.jpg/960px-On_set_filming_location.jpg,https://commons.wikimedia.org/wiki/File%3AOn%20set%20filming%20location.jpg,CC BY-SA 4.0,Ajvarsak,30.6
st_15329,이태원거리(세계음식문화거리),https://upload.wikimedia.org/wikipedia/commons/thumb/5/56/Bulgogi_6.jpg/960px-Bulgogi_6.jpg,https://commons.wikimedia.org/wiki/File%3ABulgogi%206.jpg,CC BY-SA 2.0,anokarina,32.7
st_15330,천사의날개,https://upload.wikimedia.org/wikipedia/commons/thumb/5/5f/Seoul%2C_Korea_April_2014_%2813967318215%29.jpg/960px-Seoul%2C_Korea_April_2014_%2813967318215%29.jpg,https://commons.wikimedia.org/wiki/File%3ASeoul%2C%20Korea%20April%202014%20%2813967318215%29.jpg,CC BY-SA 2.0,"Michael Sean Gallagher from London, United Kingdom",14
st_15331,싸대기골목,https://upload.wikimedia.org/wikipedia/commons/thumb/1/1a/Road_in_Seoul%2C_KOREA_5.jpg/960px-Road_in_Seoul%2C_KOREA_5.jpg,https://commons.wikimedia.org/wiki/File%3ARoad%20in%20Seoul%2C%20KOREA%205.jpg,CC BY-SA 4.0,AhmedAlElq,37.2
st_15332,라운지클럽(펌킨),https://upload.wikimedia.org/wikipedia/commons/thumb/8/8b/Itaewon_Halloween_crowd_crush_memorial_alley_02.jpg/960px-Itaewon_Halloween_crowd_crush_memorial_alley_02.jpg,https://commons.wikimedia.org/wiki/File%3AItaewon%20Halloween%20crowd%20crush%20memorial%20alley%2002.jpg,CC BY-SA 3.0,*Youngjin,24.8
st_15334,놀이터(창의어린이공원),https://upload.wikimedia.org/wikipedia/commons/thumb/a/a1/September_Seoul_Corea_-_Asia_Photography_2012_-_panoramio.jpg/960px-September_Seoul_Corea_-_Asia_Photography_2012_-_panoramio.jpg,https://commons.wikimedia.org/wiki/File%3ASeptember%20Seoul%20Corea%20-%20Asia%20Photography%202012%20-%20panoramio.jpg,CC BY 3.0,pictures Jettcom,98.3
st_15335,단밤회식장소(더부스 광화문),https://upload.wikimedia.org/wikipedia/commons/thumb/9/9e/Genesis_Electrified_G80_RG3_EV_Vik_Black_%2839%29.jpg/960px-Genesis_Electrified_G80_RG3_EV_Vik_Black_%2839%29.jpg,https://commons.wikimedia.org/wiki/File%3AGenesis%20Electrified%20G80%20RG3%20EV%20Vik%20Black%20%2839%29.jpg,CC BY-SA 4.0,Damian B Oh,13.5
st_15336,백범광장공원,https://upload.wikimedia.org/wikipedia/commons/6/66/Protest_in_Jongno%2C_Seoul%2C_Korea_-_2004_2.jpg,https://commons.wikimedia.org/wiki/File%3AProtest%20in%20Jongno%2C%20Seoul%2C%20Korea%20-%202004%202.jpg,CC BY-SA 2.0,Michael Gallagher,85.3
st_15668,에이미,https://upload.wikimedia.org/wikipedia/commons/thumb/8/8d/Fat_Hamster_and_Kang_New_in_Strange_Fruit.jpg/960px-Fat_Hamster_and_Kang_New_in_Strange_Fruit.jpg,https://commons.wikimedia.org/wiki/File%3AFat%20Hamster%20and%20Kang%20New%20in%20Strange%20Fruit.jpg,CC BY 4.0,올해의수상자,148.2
st_15675,숭의여대,https://upload.wikimedia.org/wikipedia/commons/thumb/0/0c/2015-04-16_14.09.42_%EC%B5%9C%EA%B4%91%EB%AA%A8.jpg/960px-2015-04-16_14.09.42_%EC%B5%9C%EA%B4%91%EB%AA%A8.jpg,https://commons.wikimedia.org/wiki/File%3A2015-04-16%2014.09.42%20%EC%B5%9C%EA%B4%91%EB%AA%A8.jpg,CC0,최광모 (Choe Kwangmo),42.5
st_15682,충현슈퍼,https://upload.wikimedia.org/wikipedia/commons/thumb/2/2e/Seocho-gu_Office_20140613_120312.JPG/960px-Seocho-gu_Office_20140613_120312.JPG,https://commons.wikimedia.org/wiki/File%3ASeocho-gu%20Office%2020140613%20120312.JPG,CC BY-SA 3.0,안우석,100.2
st_15689,올리브빌딩,https://upload.wikimedia.org/wikipedia/commons/thumb/a/ac/Aston_Martin_Vantage_in_Gangnam-gu_01.jpg/960px-Aston_Martin_Vantage_in_Gangnam-gu_01.jpg,https://commons.wikimedia.org/wiki/File%3AAston%20Martin%20Vantage%20in%20Gangnam-gu%2001.jpg,CC BY-SA 4.0,Tristan Surtel,104.2
st_16051,새창로42길,https://upload.wikimedia.org/wikipedia/commons/thumb/e/ef/20200718_032222unidentified_places_in_south_korea_IMG_4352.jpg/960px-20200718_032222unidentified_places_in_south_korea_IMG_4352.jpg,https://commons.wikimedia.org/wiki/File%3A20200718%20032222unidentified%20places%20in%20south%20korea%20IMG%204352.jpg,CC0,Choi Kwang-mo,21.2
st_16058,삼영기계상사(폐업),https://upload.wikimedia.org/wikipedia/commons/thumb/8/8a/Bibim-naengmyeon_2.jpg/960px-Bibim-naengmyeon_2.jpg,https://commons.wikimedia.org/wiki/File%3ABibim-naengmyeon%202.jpg,CC BY 2.0,lazy fri13th,149.6
st_16071,인천 서구청,https://upload.wikimedia.org/wikipedia/commons/thumb/d/df/Seo-gu_Assembly%2C_Incheon.jpg/960px-Seo-gu_Assembly%2C_Incheon.jpg,https://commons.wikimedia.org/wiki/File%3ASeo-gu%20Assembly%2C%20Incheon.jpg,Public domain,IRTC1015,52.2
st_16084,평안도찹쌀순대 전문점,https://upload.wikimedia.org/wikipedia/commons/thumb/3/32/%EC%97%AC%EC%84%B1%EC%82%AC%EC%A0%84%EC%8B%9C%EA%B4%802%EC%B8%B5-%EB%94%94%EC%8A%A4%ED%94%8C%EB%A0%88%EC%9D%B4.jpg/960px-%EC%97%AC%EC%84%B1%EC%82%AC%EC%A0%84%EC%8B%9C%EA%B4%802%EC%B8%B5-%EB%94%94%EC%8A%A4%ED%94%8C%EB%A0%88%EC%9D%B4.jpg,https://commons.wikimedia.org/wiki/File%3A%EC%97%AC%EC%84%B1%EC%82%AC%EC%A0%84%EC%8B%9C%EA%B4%802%EC%B8%B5-%EB%94%94%EC%8A%A4%ED%94%8C%EB%A0%88%EC%9D%B4.jpg,CC BY-SA 3.0,믿음나무,120.4
st_16123,성산로22길 지하도,https://upload.wikimedia.org/wikipedia/commons/thumb/5/5f/2014-04-12_18.36.48_%EC%B5%9C%EA%B4%91%EB%AA%A8.jpg/960px-2014-04-12_18.36.48_%EC%B5%9C%EA%B4%91%EB%AA%A8.jpg,https://commons.wikimedia.org/wiki/File%3A2014-04-12%2018.36.48%20%EC%B5%9C%EA%B4%91%EB%AA%A8.jpg,CC0,최광모 (Choe Kwangmo),120.9
st_16155,경화,https://upload.wikimedia.org/wikipedia/commons/thumb/d/d6/The_Museum_of_Korean_Modern_Literature_191124006.jpg/960px-The_Museum_of_Korean_Modern_Literature_191124006.jpg,https://commons.wikimedia.org/wiki/File%3AThe%20Museum%20of%20Korean%20Modern%20Literature%20191124006.jpg,CC BY-SA 4.0,Jjw,15.4
st_16158,카페 나인티플러스,https://upload.wikimedia.org/wikipedia/commons/thumb/2/20/Incheon_18Bank.jpg/960px-Incheon_18Bank.jpg,https://commons.wikimedia.org/wiki/File%3AIncheon%2018Bank.jpg,CC0,Boubloub,15
st_16167,강화경찰서,https://upload.wikimedia.org/wikipedia/commons/thumb/0/01/Yongheung-gung.jpg/960px-Yongheung-gung.jpg,https://commons.wikimedia.org/wiki/File%3AYongheung-gung.jpg,CC BY-SA 3.0,Jjw,31.9
st_16195,행암동종점 정류장,https://upload.wikimedia.org/wikipedia/commons/thumb/5/5a/Inokim_oxo_%EB%8C%80%EA%B0%81_%EC%82%AC%EC%A7%84.jpg/960px-Inokim_oxo_%EB%8C%80%EA%B0%81_%EC%82%AC%EC%A7%84.jpg,https://commons.wikimedia.org/wiki/File%3AInokim%20oxo%20%EB%8C%80%EA%B0%81%20%EC%82%AC%EC%A7%84.jpg,CC BY-SA 4.0,NIKON9018,19.4
st_16196,웨스틴조선 부산,https://upload.wikimedia.org/wikipedia/commons/d/db/Secret_Poison_Jieun_Hyosung_acrofan.JPG,https://commons.wikimedia.org/wiki/File%3ASecret%20Poison%20Jieun%20Hyosung%20acrofan.JPG,CC BY-SA 3.0,acrofan.com,18.2
st_16355,유진빌딩,https://upload.wikimedia.org/wikipedia/commons/thumb/8/85/Genesis_G90_RS4_Vik_Black_%28349%29.jpg/960px-Genesis_G90_RS4_Vik_Black_%28349%29.jpg,https://commons.wikimedia.org/wiki/File%3AGenesis%20G90%20RS4%20Vik%20Black%20%28349%29.jpg,CC BY-SA 4.0,Damian B Oh,89.5
st_16360,삼흥빌딩,https://upload.wikimedia.org/wikipedia/commons/thumb/7/7c/500px_photo_%2816143213%29.jpeg/960px-500px_photo_%2816143213%29.jpeg,https://commons.wikimedia.org/wiki/File%3A500px%20photo%20%2816143213%29.jpeg,CC BY 3.0,"
Jorge Cortell",84.8
st_16361,몬테소리빌딩,https://upload.wikimedia.org/wikipedia/commons/thumb/3/3c/Gangnam_Station_Exit_8.jpg/960px-Gangnam_Station_Exit_8.jpg,https://commons.wikimedia.org/wiki/File%3AGangnam%20Station%20Exit%208.jpg,CC BY-SA 4.0,Christian Bolz,18.9
st_16362,대각빌딩,https://upload.wikimedia.org/wikipedia/commons/thumb/f/f9/20250513_2%ED%98%B8%EC%84%A0_%EA%B0%95%EB%82%A8%EC%97%AD_%EC%97%AD%EB%AA%85%ED%8C%90.jpg/960px-20250513_2%ED%98%B8%EC%84%A0_%EA%B0%95%EB%82%A8%EC%97%AD_%EC%97%AD%EB%AA%85%ED%8C%90.jpg,https://commons.wikimedia.org/wiki/File%3A20250513%202%ED%98%B8%EC%84%A0%20%EA%B0%95%EB%82%A8%EC%97%AD%20%EC%97%AD%EB%AA%85%ED%8C%90.jpg,CC0,Striker9498,93.8
st_16375,중앙 119구조본부 수도권 119특수구조대,https://upload.wikimedia.org/wikipedia/commons/thumb/5/5b/2013-04-18_10.40.42_pre-exercise_of_ARF_DiREx_2013%2C_National_119_Rescue_Headquarters.jpg/960px-2013-04-18_10.40.42_pre-exercise_of_ARF_DiREx_2013%2C_National_119_Rescue_Headquarters.jpg,https://commons.wikimedia.org/wiki/File%3A2013-04-18%2010.40.42%20pre-exercise%20of%20ARF%20DiREx%202013%2C%20National%20119%20Rescue%20Headquarters.jpg,CC0,최광모 (Choe Kwangmo),147.7
st_16390,에이알센트레,https://upload.wikimedia.org/wikipedia/commons/thumb/3/33/Seoul-metro-746-Gasan-digital-complex-station-entrance-3-20191023-180232.jpg/960px-Seoul-metro-746-Gasan-digital-complex-station-entrance-3-20191023-180232.jpg,https://commons.wikimedia.org/wiki/File%3ASeoul-metro-746-Gasan-digital-complex-station-entrance-3-20191023-180232.jpg,CC BY-SA 4.0,LERK,63.4
st_16392,여의도 IFC,https://upload.wikimedia.org/wikipedia/commons/thumb/b/b1/Rolls-Royce_Phantom_VIII_EWB_Series_II_Dark_Emerald_%2817%29.jpg/960px-Rolls-Royce_Phantom_VIII_EWB_Series_II_Dark_Emerald_%2817%29.jpg,https://commons.wikimedia.org/wiki/File%3ARolls-Royce%20Phantom%20VIII%20EWB%20Series%20II%20Dark%20Emerald%20%2817%29.jpg,CC BY-SA 4.0,Damian B Oh,22.3
st_16397,전국은행협회,https://upload.wikimedia.org/wikipedia/commons/thumb/7/71/Hana_Financial_Group_Myeongdong_Building_20240217.jpg/960px-Hana_Financial_Group_Myeongdong_Building_20240217.jpg,https://commons.wikimedia.org/wiki/File%3AHana%20Financial%20Group%20Myeongdong%20Building%2020240217.jpg,CC BY 4.0,Sean Young (@assanges),65.8
st_16407,하이파킹 청담디자이너크럽 주차장,https://upload.wikimedia.org/wikipedia/commons/thumb/a/a8/Red_braised_pork_belly.jpg/960px-Red_braised_pork_belly.jpg,https://commons.wikimedia.org/wiki/File%3ARed%20braised%20pork%20belly.jpg,CC BY 2.0,lazy fri13th,14.6
st_16410,강남구수어통역센터,https://upload.wikimedia.org/wikipedia/commons/thumb/b/bc/20250721_7%ED%98%B8%EC%84%A0_%EA%B0%95%EB%82%A8%EA%B5%AC%EC%B2%AD%EC%97%AD_%EC%97%AD%EB%AA%85%ED%8C%90.jpg/960px-20250721_7%ED%98%B8%EC%84%A0_%EA%B0%95%EB%82%A8%EA%B5%AC%EC%B2%AD%EC%97%AD_%EC%97%AD%EB%AA%85%ED%8C%90.jpg,https://commons.wikimedia.org/wiki/File%3A20250721%207%ED%98%B8%EC%84%A0%20%EA%B0%95%EB%82%A8%EA%B5%AC%EC%B2%AD%EC%97%AD%20%EC%97%AD%EB%AA%85%ED%8C%90.jpg,CC0,Striker9498,61.5
st_16414,삼성역주변,https://upload.wikimedia.org/wikipedia/commons/thumb/f/fd/20250124_%EC%82%BC%EC%84%B1_%EA%B0%A4%EB%9F%AD%EC%8B%9C_s25%2B.jpg/960px-20250124_%EC%82%BC%EC%84%B1_%EA%B0%A4%EB%9F%AD%EC%8B%9C_s25%2B.jpg,https://commons.wikimedia.org/wiki/File%3A20250124%20%EC%82%BC%EC%84%B1%20%EA%B0%A4%EB%9F%AD%EC%8B%9C%20s25%2B.jpg,CC0,Striker9498,10.2
st_16453,치즈밥있슈 성균관대점,https://upload.wikimedia.org/wikipedia/commons/thumb/8/8e/SKKU_Main_Gate.jpg/960px-SKKU_Main_Gate.jpg,https://commons.wikimedia.org/wiki/File%3ASKKU%20Main%20Gate.jpg,CC BY-SA 3.0,Christian Bolz,90.4
st_16494,한솔빌라,https://upload.wikimedia.org/wikipedia/commons/thumb/8/82/Yeonnam-dong_Community_Service_Center_20140524_184843.jpg/960px-Yeonnam-dong_Community_Service_Center_20140524_184843.jpg,https://commons.wikimedia.org/wiki/File%3AYeonnam-dong%20Community%20Service%20Center%2020140524%20184843.jpg,CC BY-SA 4.0,안우석,83.9
st_16497,연세로4길,https://upload.wikimedia.org/wikipedia/commons/thumb/3/3e/Voisper_busking_on_Arisu_Stage_in_Sinchon_2.jpg/960px-Voisper_busking_on_Arisu_Stage_in_Sinchon_2.jpg,https://commons.wikimedia.org/wiki/File%3AVoisper%20busking%20on%20Arisu%20Stage%20in%20Sinchon%202.jpg,CC BY-SA 4.0,Explicit,113.7
st_16501,CU공덕미네뜨점,https://upload.wikimedia.org/wikipedia/commons/thumb/0/02/Gongdeok-dong_Community_Service_Center_20140514_153331.jpg/960px-Gongdeok-dong_Community_Service_Center_20140514_153331.jpg,https://commons.wikimedia.org/wiki/File%3AGongdeok-dong%20Community%20Service%20Center%2020140514%20153331.jpg,CC BY-SA 4.0,안우석,18.6
st_16508,업텐션 약수점,https://upload.wikimedia.org/wikipedia/commons/thumb/9/95/Gimchi-jjigae_2.jpg/960px-Gimchi-jjigae_2.jpg,https://commons.wikimedia.org/wiki/File%3AGimchi-jjigae%202.jpg,CC BY 2.0,lazy fri13th,29
st_16510,보안책방,https://upload.wikimedia.org/wikipedia/commons/thumb/e/ed/2007_Chong_Wa_Dae_Seoul_Korea_-_panoramio.jpg/960px-2007_Chong_Wa_Dae_Seoul_Korea_-_panoramio.jpg,https://commons.wikimedia.org/wiki/File%3A2007%20Chong%20Wa%20Dae%20Seoul%20Korea%20-%20panoramio.jpg,CC BY-SA 3.0,张元柏,16.4
st_16512,홈코리안퀴진,https://upload.wikimedia.org/wikipedia/commons/thumb/1/12/%E6%99%AF%E7%A6%8F%E5%AE%AE%2C_%E9%A6%96%E7%88%BE%2C_%E6%BC%A2%E5%9F%8E%2C_%E9%9F%93%E5%9C%8B%2C_%E5%8D%97%E9%9F%93%2C_%E5%A4%A7%E9%9F%93%E6%B0%91%E5%9C%8B%2C_Gyeongbokgung%2C_Gyeongbokgung_Palace%2C_Gyeongbok_Palace%2C_Seoul%2C_South_Korea%2C_Republic_of_Korea%2C_ROK%2C_Daehan_Minguk%2C_%EA%B2%BD%EB%B3%B5%EA%B6%81%2C_%EC%84%9C%EC%9A%B8%2C_%EB%8C%80%ED%95%9C%EB%AF%BC%EA%B5%AD_%2844835511045%29.jpg/960px-thumbnail.jpg,https://commons.wikimedia.org/wiki/File%3A%E6%99%AF%E7%A6%8F%E5%AE%AE%2C%20%E9%A6%96%E7%88%BE%2C%20%E6%BC%A2%E5%9F%8E%2C%20%E9%9F%93%E5%9C%8B%2C%20%E5%8D%97%E9%9F%93%2C%20%E5%A4%A7%E9%9F%93%E6%B0%91%E5%9C%8B%2C%20Gyeongbokgung%2C%20Gyeongbokgung%20Palace%2C%20Gyeongbok%20Palace%2C%20Seoul%2C%20South%20Korea%2C%20Republic%20of%20Korea%2C%20ROK%2C%20Daehan%20Minguk%2C%20%EA%B2%BD%EB%B3%B5%EA%B6%81%2C%20%EC%84%9C%EC%9A%B8%2C%20%EB%8C%80%ED%95%9C%EB%AF%BC%EA%B5%AD%20%2844835511045%29.jpg,CC BY-SA 2.0,bryan...,71.1
st_16538,트라이보올,https://upload.wikimedia.org/wikipedia/commons/thumb/a/a6/Songdo_IBD_Incheon_2014_HDR_2.jpg/960px-Songdo_IBD_Incheon_2014_HDR_2.jpg,https://commons.wikimedia.org/wiki/File%3ASongdo%20IBD%20Incheon%202014%20HDR%202.jpg,CC BY-SA 4.0,Fleetham,27.2
st_16947,도산대로30길,https://upload.wikimedia.org/wikipedia/commons/thumb/6/60/Ojingeo-bokkeum_1.jpg/960px-Ojingeo-bokkeum_1.jpg,https://commons.wikimedia.org/wiki/File%3AOjingeo-bokkeum%201.jpg,CC BY 2.0,lazy fri13th,92.1
st_16958,차이나 짱나라,https://upload.wikimedia.org/wikipedia/commons/thumb/8/8d/Tempel%2C_Chinatown%2C_Incheon_08.jpg/960px-Tempel%2C_Chinatown%2C_Incheon_08.jpg,https://commons.wikimedia.org/wiki/File%3ATempel%2C%20Chinatown%2C%20Incheon%2008.jpg,CC BY-SA 4.0,AhmadElq,74.2
st_16959,파라다이스인천,https://upload.wikimedia.org/wikipedia/commons/thumb/4/47/Museum_of_Jajangmyeon_%28Former_Gonghwachun%29.jpg/960px-Museum_of_Jajangmyeon_%28Former_Gonghwachun%29.jpg,https://commons.wikimedia.org/wiki/File%3AMuseum%20of%20Jajangmyeon%20%28Former%20Gonghwachun%29.jpg,CC BY-SA 4.0,Jjw,94.9
st_16961,태양악기사,https://upload.wikimedia.org/wikipedia/commons/thumb/9/95/%EC%A0%9C%EB%AC%BC%ED%8F%AC%EC%97%AD_2023.jpg/960px-%EC%A0%9C%EB%AC%BC%ED%8F%AC%EC%97%AD_2023.jpg,https://commons.wikimedia.org/wiki/File%3A%EC%A0%9C%EB%AC%BC%ED%8F%AC%EC%97%AD%202023.jpg,CC BY-SA 4.0,Narubaru7,50.7
st_17281,베라피자,https://upload.wikimedia.org/wikipedia/commons/thumb/4/43/Q278103_Hangangjin_A01.jpg/960px-Q278103_Hangangjin_A01.jpg,https://commons.wikimedia.org/wiki/File%3AQ278103%20Hangangjin%20A01.jpg,CC BY 2.0 kr,revi,107.1
st_17433,북가좌파출소,https://upload.wikimedia.org/wikipedia/commons/thumb/e/e3/Bukgajwa_2-dong_Community_Service_Center_20140514_143108.jpg/960px-Bukgajwa_2-dong_Community_Service_Center_20140514_143108.jpg,https://commons.wikimedia.org/wiki/File%3ABukgajwa%202-dong%20Community%20Service%20Center%2020140514%20143108.jpg,CC BY-SA 4.0,안우석,38.1
st_17440,상암산로,https://upload.wikimedia.org/wikipedia/commons/thumb/1/18/%ED%95%9C%EA%B5%AD%EC%98%81%EC%83%81%EC%9E%90%EB%A3%8C%EC%9B%90.jpg/960px-%ED%95%9C%EA%B5%AD%EC%98%81%EC%83%81%EC%9E%90%EB%A3%8C%EC%9B%90.jpg,https://commons.wikimedia.org/wiki/File%3A%ED%95%9C%EA%B5%AD%EC%98%81%EC%83%81%EC%9E%90%EB%A3%8C%EC%9B%90.jpg,CC BY-SA 4.0,Jjw,117.1
st_17449,코너136,https://upload.wikimedia.org/wikipedia/commons/thumb/6/63/20200805_031056_things_places_in_south_korea_IMG_8974.jpg/960px-20200805_031056_things_places_in_south_korea_IMG_8974.jpg,https://commons.wikimedia.org/wiki/File%3A20200805%20031056%20things%20places%20in%20south%20korea%20IMG%208974.jpg,CC0,Choi Kwang-mo,82
st_17451,월드컵로5길,https://upload.wikimedia.org/wikipedia/commons/thumb/0/07/Hapjeong_%28197719473%29.jpeg/960px-Hapjeong_%28197719473%29.jpeg,https://commons.wikimedia.org/wiki/File%3AHapjeong%20%28197719473%29.jpeg,CC BY 3.0,"
Anton Strogonoff",119.2
st_17452,47625커피,https://upload.wikimedia.org/wikipedia/commons/thumb/0/01/%2810pm_dinner%29.jpg/960px-%2810pm_dinner%29.jpg,https://commons.wikimedia.org/wiki/File%3A%2810pm%20dinner%29.jpg,CC0,Crazyanddeliciousapple,65.2
st_17466,새창로50길,https://upload.wikimedia.org/wikipedia/commons/thumb/0/04/20200718_031908unidentified_places_in_south_korea_IMG_4341.jpg/960px-20200718_031908unidentified_places_in_south_korea_IMG_4341.jpg,https://commons.wikimedia.org/wiki/File%3A20200718%20031908unidentified%20places%20in%20south%20korea%20IMG%204341.jpg,CC0,Choi Kwang-mo,25.7
st_17489,에르메스 메종 도산,https://upload.wikimedia.org/wikipedia/commons/thumb/d/d8/BMW_G80_M3_Competition_M_xDrive_Black_Sapphire_Metallic_%283%29.jpg/960px-BMW_G80_M3_Competition_M_xDrive_Black_Sapphire_Metallic_%283%29.jpg,https://commons.wikimedia.org/wiki/File%3ABMW%20G80%20M3%20Competition%20M%20xDrive%20Black%20Sapphire%20Metallic%20%283%29.jpg,CC BY-SA 4.0,Damian B Oh,104.4
st_17491,삼성역주변,https://upload.wikimedia.org/wikipedia/commons/thumb/c/cf/%EB%94%94%EC%A7%80%ED%84%B8%EB%A6%AC%EB%8D%94%EC%8B%AD%ED%8F%AC%EB%9F%BC_%EC%A1%B0%EC%B0%AC_%EA%B0%95%EC%97%B0%ED%9A%8C%28%EC%A0%9C12%ED%9A%8C%29_%ED%96%89%EC%82%AC%EC%82%AC%EC%A7%84.jpg/960px-%EB%94%94%EC%A7%80%ED%84%B8%EB%A6%AC%EB%8D%94%EC%8B%AD%ED%8F%AC%EB%9F%BC_%EC%A1%B0%EC%B0%AC_%EA%B0%95%EC%97%B0%ED%9A%8C%28%EC%A0%9C12%ED%9A%8C%29_%ED%96%89%EC%82%AC%EC%82%AC%EC%A7%84.jpg,https://commons.wikimedia.org/wiki/File%3A%EB%94%94%EC%A7%80%ED%84%B8%EB%A6%AC%EB%8D%94%EC%8B%AD%ED%8F%AC%EB%9F%BC%20%EC%A1%B0%EC%B0%AC%20%EA%B0%95%EC%97%B0%ED%9A%8C%28%EC%A0%9C12%ED%9A%8C%29%20%ED%96%89%EC%82%AC%EC%82%AC%EC%A7%84.jpg,CC BY-SA 4.0,한국정보산업연합회,27
st_17501,세이브모텔,https://upload.wikimedia.org/wikipedia/commons/thumb/f/fd/Audi_A3_Sportback_e-tron_8V_Brilliant_Red_%281%29.jpg/960px-Audi_A3_Sportback_e-tron_8V_Brilliant_Red_%281%29.jpg,https://commons.wikimedia.org/wiki/File%3AAudi%20A3%20Sportback%20e-tron%208V%20Brilliant%20Red%20%281%29.jpg,CC BY-SA 4.0,Damian B Oh,114.2
st_17503,인천내동교회,https://upload.wikimedia.org/wikipedia/commons/thumb/b/b2/%EC%84%B1%EA%B3%B5%ED%9A%8C_%EB%82%B4%EB%8F%99%EC%84%B1%EB%8B%B9.jpg/960px-%EC%84%B1%EA%B3%B5%ED%9A%8C_%EB%82%B4%EB%8F%99%EC%84%B1%EB%8B%B9.jpg,https://commons.wikimedia.org/wiki/File%3A%EC%84%B1%EA%B3%B5%ED%9A%8C%20%EB%82%B4%EB%8F%99%EC%84%B1%EB%8B%B9.jpg,CC BY-SA 4.0,Logosblf,9.3
st_17545,세븐일레븐 여의도공원3호점,https://upload.wikimedia.org/wikipedia/commons/thumb/1/1e/Yeouido_Park_a2.jpg/960px-Yeouido_Park_a2.jpg,https://commons.wikimedia.org/wiki/File%3AYeouido%20Park%20a2.jpg,CC BY-SA 4.0,CYAN,93.8
st_17546,신송센타빌딩,https://upload.wikimedia.org/wikipedia/commons/thumb/c/c3/2024-12-14_%EC%97%AC%EC%9D%98%EB%8F%84_%EA%B5%AD%ED%9A%8C%EC%9D%98%EC%82%AC%EB%8B%B9_%EC%95%9E_%EC%9C%A4%EC%84%9D%EC%97%B4_%ED%83%84%ED%95%B5_%EC%A7%91%ED%9A%8C_033.jpg/960px-2024-12-14_%EC%97%AC%EC%9D%98%EB%8F%84_%EA%B5%AD%ED%9A%8C%EC%9D%98%EC%82%AC%EB%8B%B9_%EC%95%9E_%EC%9C%A4%EC%84%9D%EC%97%B4_%ED%83%84%ED%95%B5_%EC%A7%91%ED%9A%8C_033.jpg,https://commons.wikimedia.org/wiki/File%3A2024-12-14%20%EC%97%AC%EC%9D%98%EB%8F%84%20%EA%B5%AD%ED%9A%8C%EC%9D%98%EC%82%AC%EB%8B%B9%20%EC%95%9E%20%EC%9C%A4%EC%84%9D%EC%97%B4%20%ED%83%84%ED%95%B5%20%EC%A7%91%ED%9A%8C%20033.jpg,CC BY 4.0,ChongDae,78.8
st_17555,아베크부,https://upload.wikimedia.org/wikipedia/commons/thumb/3/30/Red_White_%2881044889%29.jpeg/960px-Red_White_%2881044889%29.jpeg,https://commons.wikimedia.org/wiki/File%3ARed%20White%20%2881044889%29.jpeg,CC BY 3.0,"
나무사진기 Namusajingi",128.4
st_17557,건국빌딩,https://upload.wikimedia.org/wikipedia/commons/thumb/1/1b/Korea_Seoul_Scenic_08_%287892348802%29.jpg/960px-Korea_Seoul_Scenic_08_%287892348802%29.jpg,https://commons.wikimedia.org/wiki/File%3AKorea%20Seoul%20Scenic%2008%20%287892348802%29.jpg,CC BY-SA 2.0,"Republic of  Korea from Seoul, Republic of Korea",44.1
st_17568,로우포레스트(폐업),https://upload.wikimedia.org/wikipedia/commons/thumb/9/9f/Seongsu_seoul_5.jpg/960px-Seongsu_seoul_5.jpg,https://commons.wikimedia.org/wiki/File%3ASeongsu%20seoul%205.jpg,CC BY-SA 4.0,Sgroey,100.1
st_17575,에어조이,https://upload.wikimedia.org/wikipedia/commons/thumb/0/01/South_Korea_quarantine_for_visitors_-4.jpg/960px-South_Korea_quarantine_for_visitors_-4.jpg,https://commons.wikimedia.org/wiki/File%3ASouth%20Korea%20quarantine%20for%20visitors%20-4.jpg,CC BY-SA 4.0,Bonnielou2013,84.8
st_17816,월드컵북로58길,https://upload.wikimedia.org/wikipedia/commons/thumb/e/e4/%EC%98%81%EC%83%81%EC%9E%90%EB%A3%8C%EC%9B%90_%EC%98%81%ED%99%94%EB%B0%95%EB%AC%BC%EA%B4%80.jpg/960px-%EC%98%81%EC%83%81%EC%9E%90%EB%A3%8C%EC%9B%90_%EC%98%81%ED%99%94%EB%B0%95%EB%AC%BC%EA%B4%80.jpg,https://commons.wikimedia.org/wiki/File%3A%EC%98%81%EC%83%81%EC%9E%90%EB%A3%8C%EC%9B%90%20%EC%98%81%ED%99%94%EB%B0%95%EB%AC%BC%EA%B4%80.jpg,CC BY-SA 4.0,Jjw,115.1
st_17821,어반플랜트 합정,https://upload.wikimedia.org/wikipedia/commons/thumb/6/67/D.I.Y_coffee_roaster_%287446557762%29.jpg/960px-D.I.Y_coffee_roaster_%287446557762%29.jpg,https://commons.wikimedia.org/wiki/File%3AD.I.Y%20coffee%20roaster%20%287446557762%29.jpg,CC BY 2.0,Paul Keller,65
st_17840,버드맨,https://upload.wikimedia.org/wikipedia/commons/thumb/c/c5/Apple_%EA%B0%80%EB%A1%9C%EC%88%98%EA%B8%B8_02.jpeg/960px-Apple_%EA%B0%80%EB%A1%9C%EC%88%98%EA%B8%B8_02.jpeg,https://commons.wikimedia.org/wiki/File%3AApple%20%EA%B0%80%EB%A1%9C%EC%88%98%EA%B8%B8%2002.jpeg,CC BY 2.0 kr,revi,85.3
st_17845,센터필드 교차로,https://upload.wikimedia.org/wikipedia/commons/thumb/9/93/Yeoksam_Station_2022_January.jpg/960px-Yeoksam_Station_2022_January.jpg,https://commons.wikimedia.org/wiki/File%3AYeoksam%20Station%202022%20January.jpg,CC BY-SA 4.0,Gini Hong,57.1
st_17853,삼목선창장,https://upload.wikimedia.org/wikipedia/commons/thumb/4/4c/Incheon%2C_South_Korea_%28Unsplash%29.jpg/960px-Incheon%2C_South_Korea_%28Unsplash%29.jpg,https://commons.wikimedia.org/wiki/File%3AIncheon%2C%20South%20Korea%20%28Unsplash%29.jpg,CC0,Kevin LEE kevinglobal,89.7
st_17854,복성동집,https://upload.wikimedia.org/wikipedia/commons/2/23/Jjajangmyeon_%EC%A7%9C%EC%9E%A5%EB%A9%B4_%E7%82%B8%E9%86%AC%E9%BA%B5.jpg,https://commons.wikimedia.org/wiki/File%3AJjajangmyeon%20%EC%A7%9C%EC%9E%A5%EB%A9%B4%20%E7%82%B8%E9%86%AC%E9%BA%B5.jpg,CC BY-SA 2.0,Scarlet Sappho,143.7
st_17880,인터불고엑스코 그랑파티오,https://upload.wikimedia.org/wikipedia/commons/thumb/e/ec/Daegu_EXCO_4.jpg/960px-Daegu_EXCO_4.jpg,https://commons.wikimedia.org/wiki/File%3ADaegu%20EXCO%204.jpg,Public domain,Syonsi,96
st_17886,한도로,https://upload.wikimedia.org/wikipedia/commons/thumb/5/5e/Jeju_Island_%2853854660669%29.jpg/960px-Jeju_Island_%2853854660669%29.jpg,https://commons.wikimedia.org/wiki/File%3AJeju%20Island%20%2853854660669%29.jpg,CC BY 2.0,"David Lee from Redmond, WA, USA",13.2
st_17963,그랜드 하얏트 서울,https://upload.wikimedia.org/wikipedia/commons/thumb/b/ba/View_from_N_Seoul_Tower_a3.jpg/960px-View_from_N_Seoul_Tower_a3.jpg,https://commons.wikimedia.org/wiki/File%3AView%20from%20N%20Seoul%20Tower%20a3.jpg,CC BY-SA 4.0,CYAN,65.9
st_18001,봉의산길,https://upload.wikimedia.org/wikipedia/commons/thumb/d/d1/Panoramachuncheon.jpg/960px-Panoramachuncheon.jpg,https://commons.wikimedia.org/wiki/File%3APanoramachuncheon.jpg,CC BY-SA 4.0,Mimmodipalma,110.9
st_18063,홍대달동네,https://upload.wikimedia.org/wikipedia/commons/thumb/8/8d/Fat_Hamster_and_Kang_New_in_Strange_Fruit.jpg/960px-Fat_Hamster_and_Kang_New_in_Strange_Fruit.jpg,https://commons.wikimedia.org/wiki/File%3AFat%20Hamster%20and%20Kang%20New%20in%20Strange%20Fruit.jpg,CC BY 4.0,올해의수상자,23.3
st_18068,엔터식스 한양대점,https://upload.wikimedia.org/wikipedia/commons/thumb/9/97/Bulldok_%EB%B6%88%EB%8F%85_%EC%A7%80%EC%BC%9C%EC%A3%BC%EA%B0%9C_%EC%BD%98%EC%84%9C%ED%8A%B8.jpg/960px-Bulldok_%EB%B6%88%EB%8F%85_%EC%A7%80%EC%BC%9C%EC%A3%BC%EA%B0%9C_%EC%BD%98%EC%84%9C%ED%8A%B8.jpg,https://commons.wikimedia.org/wiki/File%3ABulldok%20%EB%B6%88%EB%8F%85%20%EC%A7%80%EC%BC%9C%EC%A3%BC%EA%B0%9C%20%EC%BD%98%EC%84%9C%ED%8A%B8.jpg,CC BY-SA 4.0,Han-Jun Cho,28.2
st_18088,제이알펍,https://upload.wikimedia.org/wikipedia/commons/thumb/8/8c/Hamilton_Hotel_in_Itaewon%2C_Seoul%2C_March_18%2C_2016.jpg/960px-Hamilton_Hotel_in_Itaewon%2C_Seoul%2C_March_18%2C_2016.jpg,https://commons.wikimedia.org/wiki/File%3AHamilton%20Hotel%20in%20Itaewon%2C%20Seoul%2C%20March%2018%2C%202016.jpg,CC BY-SA 2.0,anokarina,50.7
st_18091,국민기획,https://upload.wikimedia.org/wikipedia/commons/thumb/0/0a/A_paper_wholesaler_in_Euljiro_printing_alley%2C_paper_delivery_packed_in_front_of_the_shop.jpg/960px-A_paper_wholesaler_in_Euljiro_printing_alley%2C_paper_delivery_packed_in_front_of_the_shop.jpg,https://commons.wikimedia.org/wiki/File%3AA%20paper%20wholesaler%20in%20Euljiro%20printing%20alley%2C%20paper%20delivery%20packed%20in%20front%20of%20the%20shop.jpg,CC BY-SA 4.0,Aaaatu,25.2
st_18094,종로2가교차로,https://upload.wikimedia.org/wikipedia/commons/thumb/3/37/The_Proclamation_of_Korean_Independence_%28English_text%29_in_Tapgol_Park.jpg/960px-The_Proclamation_of_Korean_Independence_%28English_text%29_in_Tapgol_Park.jpg,https://commons.wikimedia.org/wiki/File%3AThe%20Proclamation%20of%20Korean%20Independence%20%28English%20text%29%20in%20Tapgol%20Park.jpg,CC BY-SA 4.0,Seudo,9.6
st_18096,경일의료기,https://upload.wikimedia.org/wikipedia/commons/thumb/d/d6/Pelodiscus_maackii_31494528.jpg/960px-Pelodiscus_maackii_31494528.jpg,https://commons.wikimedia.org/wiki/File%3APelodiscus%20maackii%2031494528.jpg,CC BY-SA 4.0,Micha Baum,26
st_18097,종로22길,https://upload.wikimedia.org/wikipedia/commons/thumb/d/d6/Pelodiscus_maackii_31494528.jpg/960px-Pelodiscus_maackii_31494528.jpg,https://commons.wikimedia.org/wiki/File%3APelodiscus%20maackii%2031494528.jpg,CC BY-SA 4.0,Micha Baum,69.3
st_18098,한성전자,https://upload.wikimedia.org/wikipedia/commons/thumb/d/d6/Pelodiscus_maackii_31494528.jpg/960px-Pelodiscus_maackii_31494528.jpg,https://commons.wikimedia.org/wiki/File%3APelodiscus%20maackii%2031494528.jpg,CC BY-SA 4.0,Micha Baum,84.8
st_18099,돈화문로4길,https://upload.wikimedia.org/wikipedia/commons/thumb/d/d6/Pelodiscus_maackii_31494528.jpg/960px-Pelodiscus_maackii_31494528.jpg,https://commons.wikimedia.org/wiki/File%3APelodiscus%20maackii%2031494528.jpg,CC BY-SA 4.0,Micha Baum,60.8
st_18103,신설종합시장,https://upload.wikimedia.org/wikipedia/commons/thumb/4/43/%ED%99%A9%ED%95%99%EB%8F%99_%EB%A1%AF%EB%8D%B0%EC%BA%90%EC%8A%AC%EB%B2%A0%EB%84%A4%EC%B9%98%EC%95%84_%EC%98%86_%EC%B2%AD%EA%B3%84%EC%B2%9C_-_panoramio.jpg/960px-%ED%99%A9%ED%95%99%EB%8F%99_%EB%A1%AF%EB%8D%B0%EC%BA%90%EC%8A%AC%EB%B2%A0%EB%84%A4%EC%B9%98%EC%95%84_%EC%98%86_%EC%B2%AD%EA%B3%84%EC%B2%9C_-_panoramio.jpg,https://commons.wikimedia.org/wiki/File%3A%ED%99%A9%ED%95%99%EB%8F%99%20%EB%A1%AF%EB%8D%B0%EC%BA%90%EC%8A%AC%EB%B2%A0%EB%84%A4%EC%B9%98%EC%95%84%20%EC%98%86%20%EC%B2%AD%EA%B3%84%EC%B2%9C%20-%20panoramio.jpg,CC BY 3.0,우한길(HK Woo),138.4
st_18113,효령로31길,https://upload.wikimedia.org/wikipedia/commons/thumb/f/f2/%EC%95%88%EC%96%91%EB%8C%80%EC%9D%B4%EC%9D%80%EC%84%A0%EA%B5%90%EC%88%98%28AMJ%29.jpg/960px-%EC%95%88%EC%96%91%EB%8C%80%EC%9D%B4%EC%9D%80%EC%84%A0%EA%B5%90%EC%88%98%28AMJ%29.jpg,https://commons.wikimedia.org/wiki/File%3A%EC%95%88%EC%96%91%EB%8C%80%EC%9D%B4%EC%9D%80%EC%84%A0%EA%B5%90%EC%88%98%28AMJ%29.jpg,CC BY-SA 3.0,칼빈500,116.2
st_18375,유플러스 일상의틈 도화동 마포점,https://upload.wikimedia.org/wikipedia/commons/thumb/5/54/%EB%A7%88%ED%8F%AC%ED%8A%B8%EB%9D%BC%ED%8C%B0%EB%A6%AC%EC%8A%A4_-_panoramio.jpg/960px-%EB%A7%88%ED%8F%AC%ED%8A%B8%EB%9D%BC%ED%8C%B0%EB%A6%AC%EC%8A%A4_-_panoramio.jpg,https://commons.wikimedia.org/wiki/File%3A%EB%A7%88%ED%8F%AC%ED%8A%B8%EB%9D%BC%ED%8C%B0%EB%A6%AC%EC%8A%A4%20-%20panoramio.jpg,CC BY 3.0,junilly,38.7
st_18379,대동유통,https://upload.wikimedia.org/wikipedia/commons/thumb/3/3f/Artosis_at_2011_South_Korean_StarCraft_tournament_%286012884181%29_%28cropped%29.jpg/960px-Artosis_at_2011_South_Korean_StarCraft_tournament_%286012884181%29_%28cropped%29.jpg,https://commons.wikimedia.org/wiki/File%3AArtosis%20at%202011%20South%20Korean%20StarCraft%20tournament%20%286012884181%29%20%28cropped%29.jpg,CC BY 2.0,"Nick Pettit from Orlando, Florida, United States of America",131.3
st_18384,강동대로,https://upload.wikimedia.org/wikipedia/commons/thumb/4/4f/%EC%84%9C%EC%9A%B8%EC%95%84%EC%82%B0%EB%B3%91%EC%9B%90.jpg/960px-%EC%84%9C%EC%9A%B8%EC%95%84%EC%82%B0%EB%B3%91%EC%9B%90.jpg,https://commons.wikimedia.org/wiki/File%3A%EC%84%9C%EC%9A%B8%EC%95%84%EC%82%B0%EB%B3%91%EC%9B%90.jpg,CC BY-SA 3.0,이강철,103
st_18447,노량진로30길,https://upload.wikimedia.org/wikipedia/commons/thumb/1/18/Nodeulseom_%2814005438206%29.jpg/960px-Nodeulseom_%2814005438206%29.jpg,https://commons.wikimedia.org/wiki/File%3ANodeulseom%20%2814005438206%29.jpg,CC BY-SA 2.0,"travel oriented from Seoul, South Korea",68.7
st_18450,용산역 달주차장,https://upload.wikimedia.org/wikipedia/commons/thumb/5/59/20200718_015242unidentified_places_in_south_korea_IMG_4293.jpg/960px-20200718_015242unidentified_places_in_south_korea_IMG_4293.jpg,https://commons.wikimedia.org/wiki/File%3A20200718%20015242unidentified%20places%20in%20south%20korea%20IMG%204293.jpg,CC0,Choi Kwang-mo,2.6
st_18486,역무선방파제등대,https://upload.wikimedia.org/wikipedia/commons/thumb/9/9a/20050502_Port_of_Incheon_010.jpg/960px-20050502_Port_of_Incheon_010.jpg,https://commons.wikimedia.org/wiki/File%3A20050502%20Port%20of%20Incheon%20010.jpg,CC BY-SA 4.0,Jjw,11.2
st_18495,또와분식,https://upload.wikimedia.org/wikipedia/commons/thumb/c/cd/%EC%84%B1%EA%B3%B5%ED%9A%8C_%EB%82%B4%EB%8F%99%EA%B5%90%ED%9A%8C_%EC%9E%85%EA%B5%AC.jpg/960px-%EC%84%B1%EA%B3%B5%ED%9A%8C_%EB%82%B4%EB%8F%99%EA%B5%90%ED%9A%8C_%EC%9E%85%EA%B5%AC.jpg,https://commons.wikimedia.org/wiki/File%3A%EC%84%B1%EA%B3%B5%ED%9A%8C%20%EB%82%B4%EB%8F%99%EA%B5%90%ED%9A%8C%20%EC%9E%85%EA%B5%AC.jpg,CC BY-SA 4.0,Logosblf,120.3
st_18503,용현시민유통,https://upload.wikimedia.org/wikipedia/commons/thumb/b/b2/%EC%9D%B8%EC%B2%9C%EA%B4%91%EC%97%AD%EC%8B%9C_%EC%9A%A9%ED%98%84%EC%8B%9C%EC%9E%A5_%EC%A0%95%EB%AC%B8_2025%EB%85%84_%EA%B2%A8%EC%9A%B8.jpg/960px-%EC%9D%B8%EC%B2%9C%EA%B4%91%EC%97%AD%EC%8B%9C_%EC%9A%A9%ED%98%84%EC%8B%9C%EC%9E%A5_%EC%A0%95%EB%AC%B8_2025%EB%85%84_%EA%B2%A8%EC%9A%B8.jpg,https://commons.wikimedia.org/wiki/File%3A%EC%9D%B8%EC%B2%9C%EA%B4%91%EC%97%AD%EC%8B%9C%20%EC%9A%A9%ED%98%84%EC%8B%9C%EC%9E%A5%20%EC%A0%95%EB%AC%B8%202025%EB%85%84%20%EA%B2%A8%EC%9A%B8.jpg,CC BY 4.0,Narubaru7,142
st_18519,주엽로,https://upload.wikimedia.org/wikipedia/commons/thumb/c/cb/Genesis_Electrified_GV70_JK1_EV_Matterhorn_White_%2812%29.jpg/960px-Genesis_Electrified_GV70_JK1_EV_Matterhorn_White_%2812%29.jpg,https://commons.wikimedia.org/wiki/File%3AGenesis%20Electrified%20GV70%20JK1%20EV%20Matterhorn%20White%20%2812%29.jpg,CC BY-SA 4.0,Damian B Oh,57.9
st_18525,베베,https://upload.wikimedia.org/wikipedia/commons/thumb/6/6e/Genesis_G70_Sport_3.3T_RWD_IK_FL_Bond_Silver_%281%29.jpg/960px-Genesis_G70_Sport_3.3T_RWD_IK_FL_Bond_Silver_%281%29.jpg,https://commons.wikimedia.org/wiki/File%3AGenesis%20G70%20Sport%203.3T%20RWD%20IK%20FL%20Bond%20Silver%20%281%29.jpg,CC BY-SA 4.0,Damian B Oh,75.9
st_18530,무궁화로,https://upload.wikimedia.org/wikipedia/commons/thumb/5/50/Cadillac_CT4_Sport_Modified_6DC69_Black_Raven_%283%29.jpg/960px-Cadillac_CT4_Sport_Modified_6DC69_Black_Raven_%283%29.jpg,https://commons.wikimedia.org/wiki/File%3ACadillac%20CT4%20Sport%20Modified%206DC69%20Black%20Raven%20%283%29.jpg,CC BY-SA 4.0,Damian B Oh,51.7
st_18788,봉원고가차도,https://upload.wikimedia.org/wikipedia/commons/thumb/2/2b/Mul-naengmyeon_5.jpg/960px-Mul-naengmyeon_5.jpg,https://commons.wikimedia.org/wiki/File%3AMul-naengmyeon%205.jpg,CC BY 2.0,lazy fri13th,85.3
st_18798,상오빌딩,https://upload.wikimedia.org/wikipedia/commons/thumb/d/d6/%EB%B0%95%EC%8A%A4%EC%A0%9C%EC%9E%91_%EC%87%BC%EB%A3%B8.jpg/960px-%EB%B0%95%EC%8A%A4%EC%A0%9C%EC%9E%91_%EC%87%BC%EB%A3%B8.jpg,https://commons.wikimedia.org/wiki/File%3A%EB%B0%95%EC%8A%A4%EC%A0%9C%EC%9E%91%20%EC%87%BC%EB%A3%B8.jpg,CC BY-SA 4.0,Boxne1,43.7
st_18808,우현로67번길,https://upload.wikimedia.org/wikipedia/commons/thumb/1/1a/%EC%84%B1%EA%B3%B5%ED%9A%8C%EA%B8%B0%EB%8F%84%EC%84%9C.jpg/960px-%EC%84%B1%EA%B3%B5%ED%9A%8C%EA%B8%B0%EB%8F%84%EC%84%9C.jpg,https://commons.wikimedia.org/wiki/File%3A%EC%84%B1%EA%B3%B5%ED%9A%8C%EA%B8%B0%EB%8F%84%EC%84%9C.jpg,CC BY-SA 4.0,Logosblf,129.6
st_18826,팔달로(1),https://upload.wikimedia.org/wikipedia/commons/thumb/0/0c/%EC%A0%84%EC%A3%BC_%EA%B2%BD%EA%B8%B0%EC%A0%84_%EC%A0%84%EA%B2%BD.jpg/960px-%EC%A0%84%EC%A3%BC_%EA%B2%BD%EA%B8%B0%EC%A0%84_%EC%A0%84%EA%B2%BD.jpg,https://commons.wikimedia.org/wiki/File%3A%EC%A0%84%EC%A3%BC%20%EA%B2%BD%EA%B8%B0%EC%A0%84%20%EC%A0%84%EA%B2%BD.jpg,CC BY-SA 4.0,박태빈,130.2
st_18827,팔달로(2),https://upload.wikimedia.org/wikipedia/commons/thumb/0/0c/%EC%A0%84%EC%A3%BC_%EA%B2%BD%EA%B8%B0%EC%A0%84_%EC%A0%84%EA%B2%BD.jpg/960px-%EC%A0%84%EC%A3%BC_%EA%B2%BD%EA%B8%B0%EC%A0%84_%EC%A0%84%EA%B2%BD.jpg,https://commons.wikimedia.org/wiki/File%3A%EC%A0%84%EC%A3%BC%20%EA%B2%BD%EA%B8%B0%EC%A0%84%20%EC%A0%84%EA%B2%BD.jpg,CC BY-SA 4.0,박태빈,67.1
st_18844,제원3차아파트,https://upload.wikimedia.org/wikipedia/commons/thumb/c/cc/Yeon-dong%2C_Jeju-si%2C_Jeju-do%2C_South_Korea_-_panoramio_-_song_songroov_%284%29.jpg/960px-Yeon-dong%2C_Jeju-si%2C_Jeju-do%2C_South_Korea_-_panoramio_-_song_songroov_%284%29.jpg,https://commons.wikimedia.org/wiki/File%3AYeon-dong%2C%20Jeju-si%2C%20Jeju-do%2C%20South%20Korea%20-%20panoramio%20-%20song%20songroov%20%284%29.jpg,CC BY 3.0,song songroov,65
st_19049,하계2치안센터,https://upload.wikimedia.org/wikipedia/commons/thumb/a/a4/Hagyeidongjuminsenteo_20140309_121007.JPG/960px-Hagyeidongjuminsenteo_20140309_121007.JPG,https://commons.wikimedia.org/wiki/File%3AHagyeidongjuminsenteo%2020140309%20121007.JPG,CC BY-SA 3.0,안우석,56.5
st_19060,중앙공인중개사사무소,https://upload.wikimedia.org/wikipedia/commons/thumb/3/36/Seoul-metro-Hapjeong-station-entrance-2-20181121-084458.jpg/960px-Seoul-metro-Hapjeong-station-entrance-2-20181121-084458.jpg,https://commons.wikimedia.org/wiki/File%3ASeoul-metro-Hapjeong-station-entrance-2-20181121-084458.jpg,CC BY-SA 4.0,LERK,103.1
st_19062,카나,https://upload.wikimedia.org/wikipedia/commons/thumb/1/17/Gan_and_yang.jpg/960px-Gan_and_yang.jpg,https://commons.wikimedia.org/wiki/File%3AGan%20and%20yang.jpg,CC BY-SA 2.0,Michael Sean Gallagher,12.8
st_19706,코리아게스트하우스(복정우물),https://upload.wikimedia.org/wikipedia/commons/thumb/3/30/Cat_%2845803780672%29.jpg/960px-Cat_%2845803780672%29.jpg,https://commons.wikimedia.org/wiki/File%3ACat%20%2845803780672%29.jpg,CC BY 2.0,"Maythee Anegboonlap from Singapore, Singapore",71
st_19707,커피인뜨락,https://upload.wikimedia.org/wikipedia/commons/thumb/3/30/Cat_%2845803780672%29.jpg/960px-Cat_%2845803780672%29.jpg,https://commons.wikimedia.org/wiki/File%3ACat%20%2845803780672%29.jpg,CC BY 2.0,"Maythee Anegboonlap from Singapore, Singapore",97.6
st_19710,골목구석,https://upload.wikimedia.org/wikipedia/commons/thumb/3/36/KOCIS_Korea_Cheongwadae_Honor_Guards_Event_05_%288656363533%29.jpg/960px-KOCIS_Korea_Cheongwadae_Honor_Guards_Event_05_%288656363533%29.jpg,https://commons.wikimedia.org/wiki/File%3AKOCIS%20Korea%20Cheongwadae%20Honor%20Guards%20Event%2005%20%288656363533%29.jpg,CC BY-SA 2.0,Korea.net / Korean Culture and Information Service (Jeon Han),122.9
st_19711,정독도서관앞,https://upload.wikimedia.org/wikipedia/commons/thumb/8/88/%E6%AF%9B%E6%AB%BB%E6%A1%83_Cerasus_tomentosa_-%E9%A6%96%E7%88%BE%E6%AD%A3%E8%AE%80%E5%9C%96%E6%9B%B8%E9%A4%A8_Seoul%2C_South_Korea-_%2833797750412%29.jpg/960px-%E6%AF%9B%E6%AB%BB%E6%A1%83_Cerasus_tomentosa_-%E9%A6%96%E7%88%BE%E6%AD%A3%E8%AE%80%E5%9C%96%E6%9B%B8%E9%A4%A8_Seoul%2C_South_Korea-_%2833797750412%29.jpg,https://commons.wikimedia.org/wiki/File%3A%E6%AF%9B%E6%AB%BB%E6%A1%83%20Cerasus%20tomentosa%20-%E9%A6%96%E7%88%BE%E6%AD%A3%E8%AE%80%E5%9C%96%E6%9B%B8%E9%A4%A8%20Seoul%2C%20South%20Korea-%20%2833797750412%29.jpg,CC BY-SA 2.0,阿橋 HQ,32.7
st_19857,달링(the fab),https://upload.wikimedia.org/wikipedia/commons/thumb/d/d6/%ED%98%9C%EC%9D%B4%EB%8B%88%EC%82%AC%EC%A7%84.jpg/960px-%ED%98%9C%EC%9D%B4%EB%8B%88%EC%82%AC%EC%A7%84.jpg,https://commons.wikimedia.org/wiki/File%3A%ED%98%9C%EC%9D%B4%EB%8B%88%EC%82%AC%EC%A7%84.jpg,CC0,Jaewoni3,135.4
st_19866,동진아파트,https://upload.wikimedia.org/wikipedia/commons/thumb/f/fe/%EC%A4%91%EC%95%99%ED%99%80_%ED%81%AC%EC%8B%9C%ED%8C%8D%ED%8B%B0%EB%88%84%EC%8A%A4%26%ED%8C%8C%ED%82%A4%EB%A6%AC%EC%A1%B0%EB%91%90%EC%8A%A4.jpg/960px-%EC%A4%91%EC%95%99%ED%99%80_%ED%81%AC%EC%8B%9C%ED%8C%8D%ED%8B%B0%EB%88%84%EC%8A%A4%26%ED%8C%8C%ED%82%A4%EB%A6%AC%EC%A1%B0%EB%91%90%EC%8A%A4.jpg,https://commons.wikimedia.org/wiki/File%3A%EC%A4%91%EC%95%99%ED%99%80%20%ED%81%AC%EC%8B%9C%ED%8C%8D%ED%8B%B0%EB%88%84%EC%8A%A4%26%ED%8C%8C%ED%82%A4%EB%A6%AC%EC%A1%B0%EB%91%90%EC%8A%A4.jpg,CC BY-SA 4.0,Microbrain000,135.8
st_19991,금성하이츠빌라,https://upload.wikimedia.org/wikipedia/commons/thumb/8/80/On_set_filming_location.jpg/960px-On_set_filming_location.jpg,https://commons.wikimedia.org/wiki/File%3AOn%20set%20filming%20location.jpg,CC BY-SA 4.0,Ajvarsak,139.8
st_19995,포맨인테리어,https://upload.wikimedia.org/wikipedia/commons/thumb/8/83/Hangang-daero_near_100-gil_20181126_171220.jpg/960px-Hangang-daero_near_100-gil_20181126_171220.jpg,https://commons.wikimedia.org/wiki/File%3AHangang-daero%20near%20100-gil%2020181126%20171220.jpg,CC BY-SA 4.0,LERK,54.4
st_19998,다나약국,https://upload.wikimedia.org/wikipedia/commons/thumb/9/9c/425_Hoehyeon_station_20240702_110948.jpg/960px-425_Hoehyeon_station_20240702_110948.jpg,https://commons.wikimedia.org/wiki/File%3A425%20Hoehyeon%20station%2020240702%20110948.jpg,CC BY-SA 4.0,ZKang123,140.2
st_19999,이화벽화마을/이화동마을박물관,https://upload.wikimedia.org/wikipedia/commons/thumb/a/a1/Seoul_%2853854697800%29.jpg/960px-Seoul_%2853854697800%29.jpg,https://commons.wikimedia.org/wiki/File%3ASeoul%20%2853854697800%29.jpg,CC BY 2.0,"David Lee from Redmond, WA, USA",68.7
st_20000,508샵,https://upload.wikimedia.org/wikipedia/commons/thumb/a/a1/Seoul_%2853854697800%29.jpg/960px-Seoul_%2853854697800%29.jpg,https://commons.wikimedia.org/wiki/File%3ASeoul%20%2853854697800%29.jpg,CC BY 2.0,"David Lee from Redmond, WA, USA",61.3
st_20141,세운전자상가,https://upload.wikimedia.org/wikipedia/commons/thumb/c/c0/20200805_143326_things_places_in_south_korea_IMG_9234.jpg/960px-20200805_143326_things_places_in_south_korea_IMG_9234.jpg,https://commons.wikimedia.org/wiki/File%3A20200805%20143326%20things%20places%20in%20south%20korea%20IMG%209234.jpg,CC0,Choi Kwang-mo,81.8
st_20142,돈화문로 고깃집,https://upload.wikimedia.org/wikipedia/commons/thumb/2/2d/%EC%82%BC%EA%B2%B9%EC%82%B4_001.jpg/960px-%EC%82%BC%EA%B2%B9%EC%82%B4_001.jpg,https://commons.wikimedia.org/wiki/File%3A%EC%82%BC%EA%B2%B9%EC%82%B4%20001.jpg,CC BY 2.0 kr,revi,28.8
st_20177,그랜드 머큐어 앰배서더 호텔 앤 레지던스 서울 용산(구 서울드래곤시티),https://upload.wikimedia.org/wikipedia/commons/thumb/a/a3/20200718_034210unidentified_places_in_south_korea_IMG_4400.jpg/960px-20200718_034210unidentified_places_in_south_korea_IMG_4400.jpg,https://commons.wikimedia.org/wiki/File%3A20200718%20034210unidentified%20places%20in%20south%20korea%20IMG%204400.jpg,CC0,Choi Kwang-mo,61.2
st_20181,레스케이프 호텔,https://upload.wikimedia.org/wikipedia/commons/thumb/1/1b/Rau_mam_happy1.jpg/960px-Rau_mam_happy1.jpg,https://commons.wikimedia.org/wiki/File%3ARau%20mam%20happy1.jpg,CC BY-SA 4.0,Gv102toandien,47.2
st_20186,남원 광한루원,https://upload.wikimedia.org/wikipedia/commons/thumb/e/ee/Shrine_of_Chunhyang.JPG/960px-Shrine_of_Chunhyang.JPG,https://commons.wikimedia.org/wiki/File%3AShrine%20of%20Chunhyang.JPG,CC BY-SA 3.0,Namwon030,144
st_20189,창덕궁(낙선재·인정전),https://upload.wikimedia.org/wikipedia/commons/thumb/c/c1/%EC%B0%BD%EB%8D%95%EA%B6%81_%ED%9A%8C%ED%99%94%EB%82%98%EB%AC%B4_%EA%B5%B0.jpg/960px-%EC%B0%BD%EB%8D%95%EA%B6%81_%ED%9A%8C%ED%99%94%EB%82%98%EB%AC%B4_%EA%B5%B0.jpg,https://commons.wikimedia.org/wiki/File%3A%EC%B0%BD%EB%8D%95%EA%B6%81%20%ED%9A%8C%ED%99%94%EB%82%98%EB%AC%B4%20%EA%B5%B0.jpg,CC BY-SA 3.0,Chrisxjohnson,56.4
st_20195,백희성 차지원 집,https://upload.wikimedia.org/wikipedia/commons/thumb/5/5e/%EA%B5%AD%EB%A6%BD%EB%AF%BC%EC%86%8D%EB%B0%95%EB%AC%BC%EA%B4%80_%EC%86%8C%EC%A4%8F%EA%B3%A0%EB%A6%AC%28%EC%83%81%EC%84%A4%EC%A0%84%EC%8B%9C%EC%8B%A4_2%29.jpg/960px-%EA%B5%AD%EB%A6%BD%EB%AF%BC%EC%86%8D%EB%B0%95%EB%AC%BC%EA%B4%80_%EC%86%8C%EC%A4%8F%EA%B3%A0%EB%A6%AC%28%EC%83%81%EC%84%A4%EC%A0%84%EC%8B%9C%EC%8B%A4_2%29.jpg,https://commons.wikimedia.org/wiki/File%3A%EA%B5%AD%EB%A6%BD%EB%AF%BC%EC%86%8D%EB%B0%95%EB%AC%BC%EA%B4%80%20%EC%86%8C%EC%A4%8F%EA%B3%A0%EB%A6%AC%28%EC%83%81%EC%84%A4%EC%A0%84%EC%8B%9C%EC%8B%A4%202%29.jpg,CC BY-SA 3.0,Hare wiki,125.8
st_20201,GVO 안산본점,https://upload.wikimedia.org/wikipedia/commons/thumb/5/55/Seokhogongwon-ro%2C_Sangnok-gu%2C_Ansan-si%2C_Gyeonggi-do%2C_South_Korea_-_panoramio.jpg/960px-Seokhogongwon-ro%2C_Sangnok-gu%2C_Ansan-si%2C_Gyeonggi-do%2C_South_Korea_-_panoramio.jpg,https://commons.wikimedia.org/wiki/File%3ASeokhogongwon-ro%2C%20Sangnok-gu%2C%20Ansan-si%2C%20Gyeonggi-do%2C%20South%20Korea%20-%20panoramio.jpg,CC BY-SA 3.0,anonymouse1,138.1
st_20206,도해수집,https://upload.wikimedia.org/wikipedia/commons/thumb/f/f0/Se%C3%BAl%2C_Corea_Del_Sur_-_panoramio_%287%29.jpg/960px-Se%C3%BAl%2C_Corea_Del_Sur_-_panoramio_%287%29.jpg,https://commons.wikimedia.org/wiki/File%3ASe%C3%BAl%2C%20Corea%20Del%20Sur%20-%20panoramio%20%287%29.jpg,CC BY-SA 3.0,Nelson Pérez,142.3
st_20207,원미상가아파트,https://upload.wikimedia.org/wikipedia/commons/thumb/1/18/%EA%B2%BD%EA%B8%B0%EB%8F%84_%EB%B6%80%EC%B2%9C%EC%8B%9C_%EC%9B%90%EB%AF%B8%EA%B5%AC%EC%B2%AD_%EC%95%9E_%EC%9B%90%EB%AF%B8%EB%8F%99%EC%82%AC%EB%9E%8C%EB%93%A4%EC%9D%98_%EA%B1%B0%EB%A6%AC.jpg/960px-%EA%B2%BD%EA%B8%B0%EB%8F%84_%EB%B6%80%EC%B2%9C%EC%8B%9C_%EC%9B%90%EB%AF%B8%EA%B5%AC%EC%B2%AD_%EC%95%9E_%EC%9B%90%EB%AF%B8%EB%8F%99%EC%82%AC%EB%9E%8C%EB%93%A4%EC%9D%98_%EA%B1%B0%EB%A6%AC.jpg,https://commons.wikimedia.org/wiki/File%3A%EA%B2%BD%EA%B8%B0%EB%8F%84%20%EB%B6%80%EC%B2%9C%EC%8B%9C%20%EC%9B%90%EB%AF%B8%EA%B5%AC%EC%B2%AD%20%EC%95%9E%20%EC%9B%90%EB%AF%B8%EB%8F%99%EC%82%AC%EB%9E%8C%EB%93%A4%EC%9D%98%20%EA%B1%B0%EB%A6%AC.jpg,CC BY 4.0,Narubaru7,85.3
st_20214,스텝백 골목,https://upload.wikimedia.org/wikipedia/commons/thumb/9/9d/Intersection_of_Donhwamun-ro_sipil-gil_and_Supyo-ro.jpg/960px-Intersection_of_Donhwamun-ro_sipil-gil_and_Supyo-ro.jpg,https://commons.wikimedia.org/wiki/File%3AIntersection%20of%20Donhwamun-ro%20sipil-gil%20and%20Supyo-ro.jpg,CC BY-SA 4.0,Tristan Surtel,63.2
mv_0921_05,해운대미포횟집,https://upload.wikimedia.org/wikipedia/commons/thumb/c/ce/Silica_%28228495591%29.jpeg/960px-Silica_%28228495591%29.jpeg,https://commons.wikimedia.org/wiki/File%3ASilica%20%28228495591%29.jpeg,CC BY-SA 3.0,"
Michael Mommert",85.7
mv_0921_06,해운대 포장마차촌 바다마을,https://upload.wikimedia.org/wikipedia/commons/thumb/c/ce/Silica_%28228495591%29.jpeg/960px-Silica_%28228495591%29.jpeg,https://commons.wikimedia.org/wiki/File%3ASilica%20%28228495591%29.jpeg,CC BY-SA 3.0,"
Michael Mommert",104.9
mv_0921_12,수영만요트경기장,https://upload.wikimedia.org/wikipedia/commons/thumb/5/58/Yacht_-_panoramio_%281%29.jpg/960px-Yacht_-_panoramio_%281%29.jpg,https://commons.wikimedia.org/wiki/File%3AYacht%20-%20panoramio%20%281%29.jpg,CC BY-SA 3.0,michiel1972,82.6
mv_1538,군산 내항 철도,https://upload.wikimedia.org/wikipedia/commons/thumb/7/76/LVT-P7_used_by_ROKMC.jpg/960px-LVT-P7_used_by_ROKMC.jpg,https://commons.wikimedia.org/wiki/File%3ALVT-P7%20used%20by%20ROKMC.jpg,CC BY-SA 4.0,Jjw,129.3
mv_1766_05,수영만 요트경기장,https://upload.wikimedia.org/wikipedia/commons/thumb/5/58/Yacht_-_panoramio_%281%29.jpg/960px-Yacht_-_panoramio_%281%29.jpg,https://commons.wikimedia.org/wiki/File%3AYacht%20-%20panoramio%20%281%29.jpg,CC BY-SA 3.0,michiel1972,82.6
st_20279,수영만 요트경기장,https://upload.wikimedia.org/wikipedia/commons/thumb/5/58/Yacht_-_panoramio_%281%29.jpg/960px-Yacht_-_panoramio_%281%29.jpg,https://commons.wikimedia.org/wiki/File%3AYacht%20-%20panoramio%20%281%29.jpg,CC BY-SA 3.0,michiel1972,82.6
mv_1798_08,잠실실내체육관(잠실학생체육관),https://upload.wikimedia.org/wikipedia/commons/thumb/7/79/Wonder_Girls-M_Star_Concert_03.jpg/960px-Wonder_Girls-M_Star_Concert_03.jpg,https://commons.wikimedia.org/wiki/File%3AWonder%20Girls-M%20Star%20Concert%2003.jpg,CC BY 2.0,suksim,94.4
mv_2365,원미상가아파트,https://upload.wikimedia.org/wikipedia/commons/thumb/1/18/%EA%B2%BD%EA%B8%B0%EB%8F%84_%EB%B6%80%EC%B2%9C%EC%8B%9C_%EC%9B%90%EB%AF%B8%EA%B5%AC%EC%B2%AD_%EC%95%9E_%EC%9B%90%EB%AF%B8%EB%8F%99%EC%82%AC%EB%9E%8C%EB%93%A4%EC%9D%98_%EA%B1%B0%EB%A6%AC.jpg/960px-%EA%B2%BD%EA%B8%B0%EB%8F%84_%EB%B6%80%EC%B2%9C%EC%8B%9C_%EC%9B%90%EB%AF%B8%EA%B5%AC%EC%B2%AD_%EC%95%9E_%EC%9B%90%EB%AF%B8%EB%8F%99%EC%82%AC%EB%9E%8C%EB%93%A4%EC%9D%98_%EA%B1%B0%EB%A6%AC.jpg,https://commons.wikimedia.org/wiki/File%3A%EA%B2%BD%EA%B8%B0%EB%8F%84%20%EB%B6%80%EC%B2%9C%EC%8B%9C%20%EC%9B%90%EB%AF%B8%EA%B5%AC%EC%B2%AD%20%EC%95%9E%20%EC%9B%90%EB%AF%B8%EB%8F%99%EC%82%AC%EB%9E%8C%EB%93%A4%EC%9D%98%20%EA%B1%B0%EB%A6%AC.jpg,CC BY 4.0,Narubaru7,86
mv_5816_02,인천항 연안부두,https://upload.wikimedia.org/wikipedia/commons/thumb/7/7a/20050502_Port_of_Incheon_001.jpg/960px-20050502_Port_of_Incheon_001.jpg,https://commons.wikimedia.org/wiki/File%3A20050502%20Port%20of%20Incheon%20001.jpg,CC BY-SA 4.0,Jjw,67.7
mv_5897_04,세빛섬,https://upload.wikimedia.org/wikipedia/commons/thumb/6/65/Han_river_architecture_-_as_seen_on_TV_-_panoramio.jpg/960px-Han_river_architecture_-_as_seen_on_TV_-_panoramio.jpg,https://commons.wikimedia.org/wiki/File%3AHan%20river%20architecture%20-%20as%20seen%20on%20TV%20-%20panoramio.jpg,CC BY 3.0,gary4now,82.5
st_20611,세빛섬,https://upload.wikimedia.org/wikipedia/commons/thumb/6/65/Han_river_architecture_-_as_seen_on_TV_-_panoramio.jpg/960px-Han_river_architecture_-_as_seen_on_TV_-_panoramio.jpg,https://commons.wikimedia.org/wiki/File%3AHan%20river%20architecture%20-%20as%20seen%20on%20TV%20-%20panoramio.jpg,CC BY 3.0,gary4now,82.5
mv_5897_06,조선팰리스 강남,https://upload.wikimedia.org/wikipedia/commons/thumb/7/72/Yeoksam-dong%2C_Gangnam-gu%2C_Seoul%2C_South_Korea_-_panoramio_%281%29.jpg/960px-Yeoksam-dong%2C_Gangnam-gu%2C_Seoul%2C_South_Korea_-_panoramio_%281%29.jpg,https://commons.wikimedia.org/wiki/File%3AYeoksam-dong%2C%20Gangnam-gu%2C%20Seoul%2C%20South%20Korea%20-%20panoramio%20%281%29.jpg,CC BY 3.0,Fumihiko Ueno,11.6
mv_6177_01,테헤란로86길·명진빌딩 앞,https://upload.wikimedia.org/wikipedia/commons/thumb/7/73/Eonju_Station_exit_5.jpg/960px-Eonju_Station_exit_5.jpg,https://commons.wikimedia.org/wiki/File%3AEonju%20Station%20exit%205.jpg,CC BY-SA 4.0,심현우,21.7
mv_6493_02,더 플라자 서울,https://upload.wikimedia.org/wikipedia/commons/thumb/8/8c/Bentley_Flying_Spur_W12_III_Navy_%287%29.jpg/960px-Bentley_Flying_Spur_W12_III_Navy_%287%29.jpg,https://commons.wikimedia.org/wiki/File%3ABentley%20Flying%20Spur%20W12%20III%20Navy%20%287%29.jpg,CC BY-SA 4.0,Damian B Oh,9.3
st_20286,오크우드 프리미어 인천,https://upload.wikimedia.org/wikipedia/commons/thumb/e/e2/South_Korea%2C_Incheon%2C_Songdo%2C_the_Sharp_Central_Park_Towers_and_Prugio_Central_Park_Towers.jpg/960px-South_Korea%2C_Incheon%2C_Songdo%2C_the_Sharp_Central_Park_Towers_and_Prugio_Central_Park_Towers.jpg,https://commons.wikimedia.org/wiki/File%3ASouth%20Korea%2C%20Incheon%2C%20Songdo%2C%20the%20Sharp%20Central%20Park%20Towers%20and%20Prugio%20Central%20Park%20Towers.jpg,CC BY-SA 4.0,Vincent van Zeijst,18.6
st_20288,고양 선인장전시관,https://upload.wikimedia.org/wikipedia/commons/thumb/6/6e/Cactus_garden_ILSan_lake_-_panoramio.jpg/960px-Cactus_garden_ILSan_lake_-_panoramio.jpg,https://commons.wikimedia.org/wiki/File%3ACactus%20garden%20ILSan%20lake%20-%20panoramio.jpg,CC BY 3.0,kykoh,1.1
st_20299,월드컵북로48길,https://upload.wikimedia.org/wikipedia/commons/thumb/2/2f/Gnocchi_alla_romana_1.jpg/960px-Gnocchi_alla_romana_1.jpg,https://commons.wikimedia.org/wiki/File%3AGnocchi%20alla%20romana%201.jpg,CC BY 2.0,lazy fri13th,103.7
st_20300,국회대로76길,https://upload.wikimedia.org/wikipedia/commons/thumb/d/d9/Yoon_Seok-youl%2C_leave_the_main_opposition_People_Power_Party%27s_headquarters_in_Seoul_on_July_30%2C_2021.jpg/960px-Yoon_Seok-youl%2C_leave_the_main_opposition_People_Power_Party%27s_headquarters_in_Seoul_on_July_30%2C_2021.jpg,https://commons.wikimedia.org/wiki/File%3AYoon%20Seok-youl%2C%20leave%20the%20main%20opposition%20People%20Power%20Party%27s%20headquarters%20in%20Seoul%20on%20July%2030%2C%202021.jpg,CC BY 4.0,고려,13.2
st_20301,왕십리로5길,https://upload.wikimedia.org/wikipedia/commons/thumb/c/c7/Dwaeji-galbi-gui.jpg/960px-Dwaeji-galbi-gui.jpg,https://commons.wikimedia.org/wiki/File%3ADwaeji-galbi-gui.jpg,CC BY 2.0,lazy fri13th,54.2
st_20335,알로프트 서울 명동,https://upload.wikimedia.org/wikipedia/commons/thumb/b/b6/Namdaemun-ro%2C_Seoul_at_night.jpg/960px-Namdaemun-ro%2C_Seoul_at_night.jpg,https://commons.wikimedia.org/wiki/File%3ANamdaemun-ro%2C%20Seoul%20at%20night.jpg,CC BY-SA 4.0,Tristan Surtel,17.8
st_20347,정수사(강화),https://upload.wikimedia.org/wikipedia/commons/thumb/9/92/Jeonsusa_%28Ganghwa%29_13-01431.JPG/960px-Jeonsusa_%28Ganghwa%29_13-01431.JPG,https://commons.wikimedia.org/wiki/File%3AJeonsusa%20%28Ganghwa%29%2013-01431.JPG,CC BY-SA 4.0,Steve46814,1.6
st_20353,29펍 Tokyo Elegant 4호점,https://upload.wikimedia.org/wikipedia/commons/thumb/3/32/Yang-kkochi.jpg/960px-Yang-kkochi.jpg,https://commons.wikimedia.org/wiki/File%3AYang-kkochi.jpg,CC BY 2.0,lazy fri13th,11.2
st_20355,배팅연습장(남영역),https://upload.wikimedia.org/wikipedia/commons/thumb/f/f0/Korail-134-Namyeong-station-entrance-1-20191022-145354.jpg/960px-Korail-134-Namyeong-station-entrance-1-20191022-145354.jpg,https://commons.wikimedia.org/wiki/File%3AKorail-134-Namyeong-station-entrance-1-20191022-145354.jpg,CC BY-SA 4.0,LERK,52.8
st_20368,웨이브앤샌드,https://upload.wikimedia.org/wikipedia/commons/thumb/b/b7/Yangjae_2-dong_Comunity_Service_Center_20140613_200156.JPG/960px-Yangjae_2-dong_Comunity_Service_Center_20140613_200156.JPG,https://commons.wikimedia.org/wiki/File%3AYangjae%202-dong%20Comunity%20Service%20Center%2020140613%20200156.JPG,CC BY-SA 3.0,안우석,42
st_20373,감영길,https://upload.wikimedia.org/wikipedia/commons/thumb/a/ac/%EA%B3%B5%EC%A3%BC_%EB%B0%98%EC%A3%BD%EB%8F%99_%EB%8B%B9%EA%B0%84%EC%A7%80%EC%A3%BC.jpg/960px-%EA%B3%B5%EC%A3%BC_%EB%B0%98%EC%A3%BD%EB%8F%99_%EB%8B%B9%EA%B0%84%EC%A7%80%EC%A3%BC.jpg,https://commons.wikimedia.org/wiki/File%3A%EA%B3%B5%EC%A3%BC%20%EB%B0%98%EC%A3%BD%EB%8F%99%20%EB%8B%B9%EA%B0%84%EC%A7%80%EC%A3%BC.jpg,CC BY-SA 4.0,문화재청 (공공누리 제1유형),131.7
st_20415,수영만요트경기장,https://upload.wikimedia.org/wikipedia/commons/thumb/5/58/Yacht_-_panoramio_%281%29.jpg/960px-Yacht_-_panoramio_%281%29.jpg,https://commons.wikimedia.org/wiki/File%3AYacht%20-%20panoramio%20%281%29.jpg,CC BY-SA 3.0,michiel1972,82.6
st_20431,삼청동거리,https://upload.wikimedia.org/wikipedia/commons/thumb/2/2d/Bentley_Arnage_by_Fayez_Barakat_%283%29.jpg/960px-Bentley_Arnage_by_Fayez_Barakat_%283%29.jpg,https://commons.wikimedia.org/wiki/File%3ABentley%20Arnage%20by%20Fayez%20Barakat%20%283%29.jpg,CC BY-SA 4.0,Damian B Oh,94.9
mv_6958_12,삼청동거리,https://upload.wikimedia.org/wikipedia/commons/thumb/2/2d/Bentley_Arnage_by_Fayez_Barakat_%283%29.jpg/960px-Bentley_Arnage_by_Fayez_Barakat_%283%29.jpg,https://commons.wikimedia.org/wiki/File%3ABentley%20Arnage%20by%20Fayez%20Barakat%20%283%29.jpg,CC BY-SA 4.0,Damian B Oh,94.9
st_20449,던킨도너츠(남대문로1길),https://upload.wikimedia.org/wikipedia/commons/thumb/b/b4/CFLs_%287446548446%29.jpg/960px-CFLs_%287446548446%29.jpg,https://commons.wikimedia.org/wiki/File%3ACFLs%20%287446548446%29.jpg,CC BY 2.0,Paul Keller,28.3
st_20450,SMC신라메디컬의원,https://upload.wikimedia.org/wikipedia/commons/thumb/7/72/Yeoksam-dong%2C_Gangnam-gu%2C_Seoul%2C_South_Korea_-_panoramio_%281%29.jpg/960px-Yeoksam-dong%2C_Gangnam-gu%2C_Seoul%2C_South_Korea_-_panoramio_%281%29.jpg,https://commons.wikimedia.org/wiki/File%3AYeoksam-dong%2C%20Gangnam-gu%2C%20Seoul%2C%20South%20Korea%20-%20panoramio%20%281%29.jpg,CC BY 3.0,Fumihiko Ueno,148.1
st_20471,도당고등학교,https://upload.wikimedia.org/wikipedia/commons/thumb/2/23/%EB%B6%80%EC%B2%9C%EB%B6%81%EA%B3%A0%EB%93%B1%ED%95%99%EA%B5%90.jpg/960px-%EB%B6%80%EC%B2%9C%EB%B6%81%EA%B3%A0%EB%93%B1%ED%95%99%EA%B5%90.jpg,https://commons.wikimedia.org/wiki/File%3A%EB%B6%80%EC%B2%9C%EB%B6%81%EA%B3%A0%EB%93%B1%ED%95%99%EA%B5%90.jpg,CC BY 4.0,Narubaru7,82.5
st_20474,레스케이프 서울 명동,https://upload.wikimedia.org/wikipedia/commons/thumb/1/1b/Rau_mam_happy1.jpg/960px-Rau_mam_happy1.jpg,https://commons.wikimedia.org/wiki/File%3ARau%20mam%20happy1.jpg,CC BY-SA 4.0,Gv102toandien,49.3
st_20484,상암 프리즘타워,https://upload.wikimedia.org/wikipedia/commons/thumb/1/18/%ED%95%9C%EA%B5%AD%EC%98%81%EC%83%81%EC%9E%90%EB%A3%8C%EC%9B%90.jpg/960px-%ED%95%9C%EA%B5%AD%EC%98%81%EC%83%81%EC%9E%90%EB%A3%8C%EC%9B%90.jpg,https://commons.wikimedia.org/wiki/File%3A%ED%95%9C%EA%B5%AD%EC%98%81%EC%83%81%EC%9E%90%EB%A3%8C%EC%9B%90.jpg,CC BY-SA 4.0,Jjw,106
st_20489,동대문시장,https://upload.wikimedia.org/wikipedia/commons/thumb/9/97/Dak-han-mari_2.jpg/960px-Dak-han-mari_2.jpg,https://commons.wikimedia.org/wiki/File%3ADak-han-mari%202.jpg,CC BY-SA 2.0,bryan...,149.3
st_20491,남산서울타워,https://upload.wikimedia.org/wikipedia/commons/thumb/0/03/Seoul_Corea_-_Asia_Photography_-_panoramio.jpg/960px-Seoul_Corea_-_Asia_Photography_-_panoramio.jpg,https://commons.wikimedia.org/wiki/File%3ASeoul%20Corea%20-%20Asia%20Photography%20-%20panoramio.jpg,CC BY 3.0,pictures Jettcom,57
st_20493,인천국제공항 제1교통센터,https://upload.wikimedia.org/wikipedia/commons/thumb/7/7c/Korea-Incheon-International-Airport-Transport-Center.jpg/960px-Korea-Incheon-International-Airport-Transport-Center.jpg,https://commons.wikimedia.org/wiki/File%3AKorea-Incheon-International-Airport-Transport-Center.jpg,CC BY-SA 4.0,Kanchi1979,21.2
st_20512,홍대 어울마당로,https://upload.wikimedia.org/wikipedia/commons/7/7b/GOEN%2C_Japanese_restaurant_-_panoramio.jpg,https://commons.wikimedia.org/wiki/File%3AGOEN%2C%20Japanese%20restaurant%20-%20panoramio.jpg,CC BY-SA 3.0,jmyi,54.3
st_20513,노벨로,https://upload.wikimedia.org/wikipedia/commons/thumb/f/fa/Abai-sundae.jpg/960px-Abai-sundae.jpg,https://commons.wikimedia.org/wiki/File%3AAbai-sundae.jpg,CC BY 2.0,lazy fri13th,93.1
st_20521,인천시립박물관,https://upload.wikimedia.org/wikipedia/commons/thumb/d/d8/%EC%9D%B8%EC%B2%9C%EA%B3%B5%EB%8B%A8%EC%86%8C%EB%B0%A9%EC%84%9C_%EC%98%A5%EB%A0%A8119%EC%95%88%EC%A0%84%EC%84%BC%ED%84%B0_%EC%99%B8%EA%B4%80_2024.jpg/960px-%EC%9D%B8%EC%B2%9C%EA%B3%B5%EB%8B%A8%EC%86%8C%EB%B0%A9%EC%84%9C_%EC%98%A5%EB%A0%A8119%EC%95%88%EC%A0%84%EC%84%BC%ED%84%B0_%EC%99%B8%EA%B4%80_2024.jpg,https://commons.wikimedia.org/wiki/File%3A%EC%9D%B8%EC%B2%9C%EA%B3%B5%EB%8B%A8%EC%86%8C%EB%B0%A9%EC%84%9C%20%EC%98%A5%EB%A0%A8119%EC%95%88%EC%A0%84%EC%84%BC%ED%84%B0%20%EC%99%B8%EA%B4%80%202024.jpg,CC BY-SA 4.0,Narubaru7,100.5
st_20524,63스퀘어,https://upload.wikimedia.org/wikipedia/commons/thumb/6/6d/63_Building%27s_stuffed_Coelacanth.jpg/960px-63_Building%27s_stuffed_Coelacanth.jpg,https://commons.wikimedia.org/wiki/File%3A63%20Building%27s%20stuffed%20Coelacanth.jpg,CC0,HaulS,28.3
st_20548,이강분무교동낙지나라,https://upload.wikimedia.org/wikipedia/commons/thumb/7/76/Jungnang_Myeonmok_7-dong_Community_Service_Center.jpg/960px-Jungnang_Myeonmok_7-dong_Community_Service_Center.jpg,https://commons.wikimedia.org/wiki/File%3AJungnang%20Myeonmok%207-dong%20Community%20Service%20Center.jpg,CC0,안우석,53.9
st_20550,남이섬,https://upload.wikimedia.org/wikipedia/commons/thumb/e/e0/Winter_Sonata_Nami_Island.jpg/960px-Winter_Sonata_Nami_Island.jpg,https://commons.wikimedia.org/wiki/File%3AWinter%20Sonata%20Nami%20Island.jpg,CC BY 3.0,Penmerahpenbiru,111.5
st_20592,크로싱 게스트하우스(오목대),https://upload.wikimedia.org/wikipedia/commons/thumb/7/74/Bixi_in_Jeonju.jpg/960px-Bixi_in_Jeonju.jpg,https://commons.wikimedia.org/wiki/File%3ABixi%20in%20Jeonju.jpg,CC0,Bernard Gagnon,36.3
st_20594,소리방앗간(만화방),https://upload.wikimedia.org/wikipedia/commons/thumb/9/97/Jeonju_Wansan_Police_Station_Seohak_Police_substation.jpg/960px-Jeonju_Wansan_Police_Station_Seohak_Police_substation.jpg,https://commons.wikimedia.org/wiki/File%3AJeonju%20Wansan%20Police%20Station%20Seohak%20Police%20substation.jpg,CC BY 4.0,고려,95.3
st_20600,문화살롱 클로드,https://upload.wikimedia.org/wikipedia/commons/thumb/2/20/Former_Jemulpo_Club_191124003.jpg/960px-Former_Jemulpo_Club_191124003.jpg,https://commons.wikimedia.org/wiki/File%3AFormer%20Jemulpo%20Club%20191124003.jpg,CC BY-SA 4.0,Jjw,11.4
st_20608,수원화성(교동),https://upload.wikimedia.org/wikipedia/commons/thumb/d/da/Suwon_Jeil_Church.jpg/960px-Suwon_Jeil_Church.jpg,https://commons.wikimedia.org/wiki/File%3ASuwon%20Jeil%20Church.jpg,CC BY-SA 4.0,Zubro,25.5
st_20618,여의도한강공원 물빛광장,https://upload.wikimedia.org/wikipedia/commons/thumb/4/44/%ED%95%9C%EA%B0%95.jpg/960px-%ED%95%9C%EA%B0%95.jpg,https://commons.wikimedia.org/wiki/File%3A%ED%95%9C%EA%B0%95.jpg,CC BY-SA 4.0,Shinhee Kim,70.9
st_20658,오크우드 프리미어 코엑스센터,https://upload.wikimedia.org/wikipedia/commons/d/d4/2016_Dia_Festival_in_Kwak_Tori_%26_Ryeori.jpg,https://commons.wikimedia.org/wiki/File%3A2016%20Dia%20Festival%20in%20Kwak%20Tori%20%26%20Ryeori.jpg,CC BY 2.0 kr,LushEric (wldbs6519),35.3
st_20670,국립경국대학교 안동캠퍼스,https://upload.wikimedia.org/wikipedia/commons/thumb/8/8d/Genesis_Electrified_G80_RG3_EV_Vik_Black_%2891%29.jpg/960px-Genesis_Electrified_G80_RG3_EV_Vik_Black_%2891%29.jpg,https://commons.wikimedia.org/wiki/File%3AGenesis%20Electrified%20G80%20RG3%20EV%20Vik%20Black%20%2891%29.jpg,CC BY-SA 4.0,Damian B Oh,84.3
st_20680,홍대축제거리,https://upload.wikimedia.org/wikipedia/commons/thumb/d/d3/%EC%83%81%EC%83%81%EB%B0%94%EB%8B%B9_%E2%80%A2_sangsangmadang_-_panoramio.jpg/960px-%EC%83%81%EC%83%81%EB%B0%94%EB%8B%B9_%E2%80%A2_sangsangmadang_-_panoramio.jpg,https://commons.wikimedia.org/wiki/File%3A%EC%83%81%EC%83%81%EB%B0%94%EB%8B%B9%20%E2%80%A2%20sangsangmadang%20-%20panoramio.jpg,CC BY-SA 3.0,Daugilas,6.4
st_20681,인천국제공항 제1교통센터,https://upload.wikimedia.org/wikipedia/commons/thumb/7/7c/Korea-Incheon-International-Airport-Transport-Center.jpg/960px-Korea-Incheon-International-Airport-Transport-Center.jpg,https://commons.wikimedia.org/wiki/File%3AKorea-Incheon-International-Airport-Transport-Center.jpg,CC BY-SA 4.0,Kanchi1979,3.8
st_20683,쓰리팝 PC방 대방점,https://upload.wikimedia.org/wikipedia/commons/thumb/3/35/Intersection_of_Deungyong-ro_and_Noryangjin-ro_20240501152555.jpg/960px-Intersection_of_Deungyong-ro_and_Noryangjin-ro_20240501152555.jpg,https://commons.wikimedia.org/wiki/File%3AIntersection%20of%20Deungyong-ro%20and%20Noryangjin-ro%2020240501152555.jpg,CC BY-SA 4.0,TurnOnTheNight,136.5
st_20697,삼일대로30길,https://upload.wikimedia.org/wikipedia/commons/thumb/b/b4/Pasta_made_by_a_restaurant_named_%EC%97%B4%EB%91%90%EB%8B%AC_2.jpg/960px-Pasta_made_by_a_restaurant_named_%EC%97%B4%EB%91%90%EB%8B%AC_2.jpg,https://commons.wikimedia.org/wiki/File%3APasta%20made%20by%20a%20restaurant%20named%20%EC%97%B4%EB%91%90%EB%8B%AC%202.jpg,CC BY-SA 4.0,Ch sj,127.1
st_20715,남산서울타워,https://upload.wikimedia.org/wikipedia/commons/thumb/f/f6/September_Asia_Backstrike_City_Seoul_Corea_-_Master_Asia_Photography_2012_Pacific_-_panoramio.jpg/960px-September_Asia_Backstrike_City_Seoul_Corea_-_Master_Asia_Photography_2012_Pacific_-_panoramio.jpg,https://commons.wikimedia.org/wiki/File%3ASeptember%20Asia%20Backstrike%20City%20Seoul%20Corea%20-%20Master%20Asia%20Photography%202012%20Pacific%20-%20panoramio.jpg,CC BY 3.0,pictures Jettcom,4.4
st_20848,남산서울타워,https://upload.wikimedia.org/wikipedia/commons/thumb/f/f6/September_Asia_Backstrike_City_Seoul_Corea_-_Master_Asia_Photography_2012_Pacific_-_panoramio.jpg/960px-September_Asia_Backstrike_City_Seoul_Corea_-_Master_Asia_Photography_2012_Pacific_-_panoramio.jpg,https://commons.wikimedia.org/wiki/File%3ASeptember%20Asia%20Backstrike%20City%20Seoul%20Corea%20-%20Master%20Asia%20Photography%202012%20Pacific%20-%20panoramio.jpg,CC BY 3.0,pictures Jettcom,4.4
st_20718,콘래드 서울 아트리오,https://upload.wikimedia.org/wikipedia/commons/thumb/8/85/Genesis_G90_RS4_Vik_Black_%28349%29.jpg/960px-Genesis_G90_RS4_Vik_Black_%28349%29.jpg,https://commons.wikimedia.org/wiki/File%3AGenesis%20G90%20RS4%20Vik%20Black%20%28349%29.jpg,CC BY-SA 4.0,Damian B Oh,23.6
st_20719,독투독(우쭈쭈케어센터 합정점),https://upload.wikimedia.org/wikipedia/commons/thumb/6/6e/Pyogo-mandu.jpg/960px-Pyogo-mandu.jpg,https://commons.wikimedia.org/wiki/File%3APyogo-mandu.jpg,CC BY 2.0,lazy fri13th,128.9
st_20729,연세대학교 신촌캠퍼스 연희관,https://upload.wikimedia.org/wikipedia/commons/thumb/5/5c/South_Korea%2C_Seoul%2C_Sinchon-dong%2C_%EC%97%B0%EC%84%B8%EB%8C%80%ED%95%99%EA%B5%90_%EC%97%B0%ED%9D%AC%EA%B4%80_-_panoramio.jpg/960px-South_Korea%2C_Seoul%2C_Sinchon-dong%2C_%EC%97%B0%EC%84%B8%EB%8C%80%ED%95%99%EA%B5%90_%EC%97%B0%ED%9D%AC%EA%B4%80_-_panoramio.jpg,https://commons.wikimedia.org/wiki/File%3ASouth%20Korea%2C%20Seoul%2C%20Sinchon-dong%2C%20%EC%97%B0%EC%84%B8%EB%8C%80%ED%95%99%EA%B5%90%20%EC%97%B0%ED%9D%AC%EA%B4%80%20-%20panoramio.jpg,CC BY 3.0,Fumihiko Ueno,56.1
st_20730,콤콤오락실 익선동점,https://upload.wikimedia.org/wikipedia/commons/thumb/7/73/Pasta_made_by_a_restaurant_named_%EC%97%B4%EB%91%90%EB%8B%AC.jpg/960px-Pasta_made_by_a_restaurant_named_%EC%97%B4%EB%91%90%EB%8B%AC.jpg,https://commons.wikimedia.org/wiki/File%3APasta%20made%20by%20a%20restaurant%20named%20%EC%97%B4%EB%91%90%EB%8B%AC.jpg,CC BY-SA 4.0,Ch sj,33.9
st_20756,피커스 종로점,https://upload.wikimedia.org/wikipedia/commons/thumb/9/96/20200804_231534_things_places_in_south_korea_IMG_8783.jpg/960px-20200804_231534_things_places_in_south_korea_IMG_8783.jpg,https://commons.wikimedia.org/wiki/File%3A20200804%20231534%20things%20places%20in%20south%20korea%20IMG%208783.jpg,CC0,Choi Kwang-mo,52.8
st_20757,숙명여자대학교 명신관,https://upload.wikimedia.org/wikipedia/commons/thumb/a/a4/%EC%88%99%EB%AA%85%EC%97%AC%EC%9E%90%EB%8C%80%ED%95%99%EA%B5%90_001.jpg/960px-%EC%88%99%EB%AA%85%EC%97%AC%EC%9E%90%EB%8C%80%ED%95%99%EA%B5%90_001.jpg,https://commons.wikimedia.org/wiki/File%3A%EC%88%99%EB%AA%85%EC%97%AC%EC%9E%90%EB%8C%80%ED%95%99%EA%B5%90%20001.jpg,CC BY 2.0 kr,revi,138.6
st_20777,혜화역 달고나 상점,https://upload.wikimedia.org/wikipedia/commons/thumb/b/b0/SAMTOH_BLUEBIRD_Theater_in_DaeHakRo_-_panoramio.jpg/960px-SAMTOH_BLUEBIRD_Theater_in_DaeHakRo_-_panoramio.jpg,https://commons.wikimedia.org/wiki/File%3ASAMTOH%20BLUEBIRD%20Theater%20in%20DaeHakRo%20-%20panoramio.jpg,CC BY 3.0,JaehyeonYou,105.9
st_20784,남산서울타워,https://upload.wikimedia.org/wikipedia/commons/thumb/f/f6/September_Asia_Backstrike_City_Seoul_Corea_-_Master_Asia_Photography_2012_Pacific_-_panoramio.jpg/960px-September_Asia_Backstrike_City_Seoul_Corea_-_Master_Asia_Photography_2012_Pacific_-_panoramio.jpg,https://commons.wikimedia.org/wiki/File%3ASeptember%20Asia%20Backstrike%20City%20Seoul%20Corea%20-%20Master%20Asia%20Photography%202012%20Pacific%20-%20panoramio.jpg,CC BY 3.0,pictures Jettcom,7.3
st_20802,쌍문역,https://upload.wikimedia.org/wikipedia/commons/thumb/e/ee/Sindobong_Middle_School.jpg/960px-Sindobong_Middle_School.jpg,https://commons.wikimedia.org/wiki/File%3ASindobong%20Middle%20School.jpg,CC BY-SA 4.0,97wiki,96.3
st_20822,클리프 서울(2기 단밤),https://upload.wikimedia.org/wikipedia/commons/thumb/8/80/On_set_filming_location.jpg/960px-On_set_filming_location.jpg,https://commons.wikimedia.org/wiki/File%3AOn%20set%20filming%20location.jpg,CC BY-SA 4.0,Ajvarsak,24.6
st_20824,만만코로코로(장가포차),https://upload.wikimedia.org/wikipedia/commons/thumb/9/94/20200805_030608_things_places_in_south_korea_IMG_8948.jpg/960px-20200805_030608_things_places_in_south_korea_IMG_8948.jpg,https://commons.wikimedia.org/wiki/File%3A20200805%20030608%20things%20places%20in%20south%20korea%20IMG%208948.jpg,CC0,Choi Kwang-mo,16.6
st_20832,삼성역 캐논코리아,https://upload.wikimedia.org/wikipedia/commons/thumb/5/52/National_sports_games_Seoul_2019_edit-a-ton_2.jpg/960px-National_sports_games_Seoul_2019_edit-a-ton_2.jpg,https://commons.wikimedia.org/wiki/File%3ANational%20sports%20games%20Seoul%202019%20edit-a-ton%202.jpg,CC BY-SA 4.0,Trainholic,86.5
st_20844,시엔 구월점,https://upload.wikimedia.org/wikipedia/commons/thumb/6/67/%EC%9D%B8%EC%B2%9C%EA%B3%A0%EC%9A%A9%EB%B3%B5%EC%A7%80%EC%84%BC%ED%84%B0_2024.jpg/960px-%EC%9D%B8%EC%B2%9C%EA%B3%A0%EC%9A%A9%EB%B3%B5%EC%A7%80%EC%84%BC%ED%84%B0_2024.jpg,https://commons.wikimedia.org/wiki/File%3A%EC%9D%B8%EC%B2%9C%EA%B3%A0%EC%9A%A9%EB%B3%B5%EC%A7%80%EC%84%BC%ED%84%B0%202024.jpg,CC BY 4.0,Narubaru7,114.9
st_20850,안동탈춤공연장(탈춤공원),https://upload.wikimedia.org/wikipedia/commons/thumb/e/e5/Andong_Dam_Certification_Center.jpg/960px-Andong_Dam_Certification_Center.jpg,https://commons.wikimedia.org/wiki/File%3AAndong%20Dam%20Certification%20Center.jpg,CC0,Kstevens97,5.6
st_20866,서울드래곤시티,https://upload.wikimedia.org/wikipedia/commons/thumb/1/1c/20200718_034600unidentified_places_in_south_korea_IMG_4403.jpg/960px-20200718_034600unidentified_places_in_south_korea_IMG_4403.jpg,https://commons.wikimedia.org/wiki/File%3A20200718%20034600unidentified%20places%20in%20south%20korea%20IMG%204403.jpg,CC0,Choi Kwang-mo,44.2
st_20887,일품양고치,https://upload.wikimedia.org/wikipedia/commons/thumb/1/10/Sookmyung_Women%27s_University.jpg/960px-Sookmyung_Women%27s_University.jpg,https://commons.wikimedia.org/wiki/File%3ASookmyung%20Women%27s%20University.jpg,CC BY-SA 4.0,Manju Shakya,131.4
st_20890,그랜드인터컨티넨탈 서울파르나스,https://upload.wikimedia.org/wikipedia/commons/thumb/c/cf/%EB%94%94%EC%A7%80%ED%84%B8%EB%A6%AC%EB%8D%94%EC%8B%AD%ED%8F%AC%EB%9F%BC_%EC%A1%B0%EC%B0%AC_%EA%B0%95%EC%97%B0%ED%9A%8C%28%EC%A0%9C12%ED%9A%8C%29_%ED%96%89%EC%82%AC%EC%82%AC%EC%A7%84.jpg/960px-%EB%94%94%EC%A7%80%ED%84%B8%EB%A6%AC%EB%8D%94%EC%8B%AD%ED%8F%AC%EB%9F%BC_%EC%A1%B0%EC%B0%AC_%EA%B0%95%EC%97%B0%ED%9A%8C%28%EC%A0%9C12%ED%9A%8C%29_%ED%96%89%EC%82%AC%EC%82%AC%EC%A7%84.jpg,https://commons.wikimedia.org/wiki/File%3A%EB%94%94%EC%A7%80%ED%84%B8%EB%A6%AC%EB%8D%94%EC%8B%AD%ED%8F%AC%EB%9F%BC%20%EC%A1%B0%EC%B0%AC%20%EA%B0%95%EC%97%B0%ED%9A%8C%28%EC%A0%9C12%ED%9A%8C%29%20%ED%96%89%EC%82%AC%EC%82%AC%EC%A7%84.jpg,CC BY-SA 4.0,한국정보산업연합회,27
st_20907,신사역,https://upload.wikimedia.org/wikipedia/commons/thumb/3/33/20250730_3%ED%98%B8%EC%84%A0_%EC%8B%A0%EC%82%AC%EC%97%AD_%EC%8A%B9%EA%B0%95%EC%9E%A5.jpg/960px-20250730_3%ED%98%B8%EC%84%A0_%EC%8B%A0%EC%82%AC%EC%97%AD_%EC%8A%B9%EA%B0%95%EC%9E%A5.jpg,https://commons.wikimedia.org/wiki/File%3A20250730%203%ED%98%B8%EC%84%A0%20%EC%8B%A0%EC%82%AC%EC%97%AD%20%EC%8A%B9%EA%B0%95%EC%9E%A5.jpg,CC0,Striker9498,32.8
st_20911,호텔나루서울 엠갤러리(레스토랑 부아쟁),https://upload.wikimedia.org/wikipedia/commons/thumb/9/9d/2025-03-22_%EB%82%B4%EB%9E%80%EC%88%98%EA%B4%B4_%EC%9C%A4%EC%84%9D%EC%97%B4_%ED%8C%8C%EB%A9%B4_%EC%B4%89%EA%B5%AC_%EB%8D%94%EB%B6%88%EC%96%B4%EB%AF%BC%EC%A3%BC%EB%8B%B9_%EA%B5%AD%ED%9A%8C%EC%9D%98%EC%9B%90_%EB%8F%84%EB%B3%B4%ED%96%89%EC%A7%84_051.jpg/960px-2025-03-22_%EB%82%B4%EB%9E%80%EC%88%98%EA%B4%B4_%EC%9C%A4%EC%84%9D%EC%97%B4_%ED%8C%8C%EB%A9%B4_%EC%B4%89%EA%B5%AC_%EB%8D%94%EB%B6%88%EC%96%B4%EB%AF%BC%EC%A3%BC%EB%8B%B9_%EA%B5%AD%ED%9A%8C%EC%9D%98%EC%9B%90_%EB%8F%84%EB%B3%B4%ED%96%89%EC%A7%84_051.jpg,https://commons.wikimedia.org/wiki/File%3A2025-03-22%20%EB%82%B4%EB%9E%80%EC%88%98%EA%B4%B4%20%EC%9C%A4%EC%84%9D%EC%97%B4%20%ED%8C%8C%EB%A9%B4%20%EC%B4%89%EA%B5%AC%20%EB%8D%94%EB%B6%88%EC%96%B4%EB%AF%BC%EC%A3%BC%EB%8B%B9%20%EA%B5%AD%ED%9A%8C%EC%9D%98%EC%9B%90%20%EB%8F%84%EB%B3%B4%ED%96%89%EC%A7%84%20051.jpg,CC BY 4.0,ChongDae,96.9
mv_6958_04,코엑스 K팝 스퀘어,https://upload.wikimedia.org/wikipedia/commons/thumb/2/27/Korea_PHILAKorea_2014_04_%2814852654091%29.jpg/960px-Korea_PHILAKorea_2014_04_%2814852654091%29.jpg,https://commons.wikimedia.org/wiki/File%3AKorea%20PHILAKorea%202014%2004%20%2814852654091%29.jpg,CC BY-SA 2.0,"Republic of  Korea from Seoul, Republic of Korea",18.5
mv_6958_07,자양역,https://upload.wikimedia.org/wikipedia/commons/thumb/2/2d/20260416womenphotowalk%EA%B8%88%EC%88%B215.jpg/960px-20260416womenphotowalk%EA%B8%88%EC%88%B215.jpg,https://commons.wikimedia.org/wiki/File%3A20260416womenphotowalk%EA%B8%88%EC%88%B215.jpg,CC BY-SA 4.0,금숲,7.4
