id,title,place_name,place_address,place_latitude,place_longitude
st_00021,21세기대군부인,마곡중앙로(1),서울 강서구 마곡중앙10로 10,37.563497,126.830233
st_00022,21세기대군부인,마곡중앙로(2),서울 강서구 마곡동 721-7,37.558059,126.826650
st_00023,21세기대군부인,마곡중앙로(3),서울 강서구 마곡중앙로 168,37.568432,126.828720
st_00024,21세기대군부인,월드컵북로(5단지앞),서울 마포구 상암동 1715,37.579999,126.887548
st_00025,21세기대군부인,MBC,서울 마포구 성암로 267,37.581123,126.890989
st_00026,21세기대군부인,누리꿈스퀘어,서울 마포구 월드컵북로 396,37.579428,126.889783
st_00027,21세기대군부인,당산철교,서울 영등포구 여의도동 80-3,37.539915,126.907842
st_00028,21세기대군부인,서강대교,서울 영등포구 여의도동 83-1,37.535855,126.924794
st_00029,21세기대군부인,마포대교,서울 영등포구 여의도동 85-2,37.532429,126.935734
st_00030,21세기대군부인,여의대로,서울 영등포구 여의도동 2-11,37.525698,126.924241
st_00031,21세기대군부인,IFC,서울 영등포구 국제금융로 10,37.525178,126.924877
st_00032,21세기대군부인,스위치22 여의도점,서울 영등포구 여의대로 108,37.525191,126.929113
st_00033,21세기대군부인,국제금융로,서울 영등포구 여의도동 2-2,37.525493,126.927362
st_00034,21세기대군부인,고척스카이돔,서울 구로구 경인로 430,37.498213,126.867089
st_00035,21세기대군부인,고려대학교 구로병원,서울 구로구 구로동로 148,37.491150,126.884511
st_00036,21세기대군부인,올림픽대로,서울 영등포구 여의도동 87-5,37.517397,126.945660
st_00037,21세기대군부인,노량대교,서울 동작구 본동 477,37.515777,126.953220
st_00038,21세기대군부인,노들로,서울 동작구 노량진동 320-1,37.515580,126.936599
st_00039,21세기대군부인,강변북로,서울 용산구 이촌동 375,37.521994,126.960328
st_00040,21세기대군부인,동작대교,서울 용산구 이촌동 385,37.509920,126.981704
st_00041,21세기대군부인,녹트,서울 용산구 올림픽대로 2085-96,37.508032,126.984552
st_00042,21세기대군부인,국립서울현충원,서울 동작구 동작동 212-6,37.502144,126.974274
st_00043,21세기대군부인,국립중앙박물관,서울 용산구 서빙고로 137,37.524702,126.977740
st_00044,21세기대군부인,르가드더메인한남,서울 용산구 한남대로10길 16,37.531551,127.009903
st_00045,21세기대군부인,그랜드하얏트 서울,서울 용산구 소월로 322,37.539763,126.996241
st_00046,21세기대군부인,나라약국,서울 용산구 청파로47길 7,37.544706,126.970224
st_00047,21세기대군부인,청춘식당(폐업),서울 용산구 청파로 289,37.545381,126.970195
st_00048,21세기대군부인,신세계백화점 본점,서울 중구 소공로 63,37.560919,126.980979
st_00049,21세기대군부인,대한민국역사박물관,서울 종로구 세종대로 198,37.573714,126.978339
st_00050,21세기대군부인,경복궁,서울 종로구 사직로 161,37.575904,126.976842
st_00051,21세기대군부인,"경복궁,국립민속박물관 정류장(01540)",서울 종로구 세종로 1-61,37.580109,126.979842
st_00052,21세기대군부인,삼청로,서울 종로구 세종로 3,37.577935,126.979542
st_00053,21세기대군부인,서울경찰청,서울 종로구 사직로8길 31,37.574946,126.971980
st_00054,21세기대군부인,서순라길,서울 종로구 서순라길 51,37.572815,126.993120
st_00055,21세기대군부인,종묘,서울 종로구 종로 157,37.573134,126.994864
st_00056,21세기대군부인,써브웨이 종암점,서울 성북구 종암로 110,37.600095,127.034338
st_00057,21세기대군부인,경희대학교,서울 동대문구 경희대로 26,37.593949,127.054891
st_00058,21세기대군부인,성신여자대학교 운정그린캠퍼스,서울 강북구 도봉로76가길 55,37.632038,127.027124
st_00059,21세기대군부인,응봉산,서울 성동구 금호동4가 1540,37.547091,127.029190
st_00060,21세기대군부인,청담대교,서울 광진구 자양동 824,37.526286,127.064885
st_00061,21세기대군부인,캐틀앤비(폐업),서울 서초구 양재천로 131,37.478802,127.041977
st_00062,21세기대군부인,시티악기,서울 서초구 남부순환로323길 25,37.482212,127.013503
st_00063,21세기대군부인,잠수교,서울 서초구 반포동 649,37.512545,126.996906
st_00064,21세기대군부인,서초대로,서울 서초구 서초대로 347,37.495671,127.019253
st_00065,21세기대군부인,럭셔리판다,서울 강남구 논현로152길 33,37.521720,127.030809
st_00066,21세기대군부인,0914 도산공원 플래그십 스토어,서울 강남구 도산대로45길 15,37.523231,127.035117
st_00067,21세기대군부인,CGV청담씨네시티,서울 강남구 도산대로 323,37.522897,127.037016
st_00068,21세기대군부인,테헤란로,서울 강남구 테헤란로 201,37.501311,127.037178
st_00069,21세기대군부인,조선팰리스 강남,서울 강남구 테헤란로 231,37.502881,127.041357
st_00070,21세기대군부인,제이에스티나빌딩,서울 송파구 양재대로62길 53,37.495607,127.121295
st_00071,21세기대군부인,웰킵스타워,서울 강동구 고덕비즈밸리로 54,37.567539,127.158593
st_00072,21세기대군부인,온수리성공회,인천 강화군 길상면 온수길38번길 14,37.640518,126.489703
st_00073,21세기대군부인,파라다이스시티호텔,인천 영종구 영종해안남로321번길 186,37.437412,126.455555
st_00074,21세기대군부인,인천문학경기장,인천 미추홀구 매소홀로 618,37.435082,126.690760
st_00075,21세기대군부인,써브웨이 인천송도8공구점,인천 연수구 랜드마크로 20,37.416075,126.624537
st_00076,21세기대군부인,경원재 바이 워커힐,인천 연수구 테크노파크로 200,37.392287,126.637858
st_00077,21세기대군부인,오크우드프리미어 인천 파노라믹65,인천 연수구 컨벤시아대로 165,37.389141,126.644443
st_00078,21세기대군부인,라운지25,인천 연수구 센트럴로 232,37.397422,126.636641
st_00079,21세기대군부인,양주한국병원,경기 양주시 화합로 1489,37.838900,127.072898
st_00080,21세기대군부인,모터리,경기 양주시 고암길 154-54,37.832312,127.074778
st_00081,21세기대군부인,조이마당스튜디오,경기 파주시 파주읍 봉서산로 245,37.833300,126.803485
st_00082,21세기대군부인,로케이션 이음,경기 파주시 탄현면 새오리로286번길 48-70,37.804057,126.693139
st_00083,21세기대군부인,얼반웍스 스튜디오,경기 고양시 덕양구 호원길 3-2,37.585967,126.875599
st_00084,21세기대군부인,오르다온,경기 양평군 서종면 송골길 233,37.561228,127.411124
st_00085,21세기대군부인,하남돼지집 본점,경기 하남시 미사강변중앙로 43,37.550956,127.192867
st_00086,21세기대군부인,화서문,경기 수원시 팔달구 장안동 331,37.286608,127.013903
st_00087,21세기대군부인,보바스기념병원,경기 성남시 분당구 대왕판교로 155-8,37.357434,127.100004
st_00088,21세기대군부인,경희대학교 국제캠퍼스,경기 용인시 기흥구 덕영대로 1732,37.239800,127.081199
st_00089,21세기대군부인,용인대장금파크,경기 용인시 처인구 백암면 용천드라마길 25,37.119444,127.337089
st_00090,21세기대군부인,광주경찰서,경기 광주시 포돌이로 135,37.408779,127.239425
st_00091,21세기대군부인,선향재 한옥 스튜디오,경기 광주시 새말길329번길 17,37.382781,127.176182
st_00092,21세기대군부인,당남리섬,경기 여주시 대신면 천서리 545-5,37.395258,127.542649
st_00093,21세기대군부인,마임비전빌리지,경기 여주시 세종대왕면 용은길 28,37.290669,127.540148
st_00094,21세기대군부인,세트장(치악산드림랜드부지),강원 원주시 소초면 학곡리 223-3,37.431877,128.062776
st_00095,21세기대군부인,뮤지엄산,강원 원주시 지정면 오크밸리2길 260,37.415333,127.823409
st_00096,21세기대군부인,더한옥헤리티지,강원 영월군 남면 문개실길 37-150,37.200539,128.429215
st_00097,21세기대군부인,우암산로,충북 청주시 상당구 수동 81-394,36.646072,127.495808
st_00098,21세기대군부인,수암골전망대,충북 청주시 상당구 수동 81-245,36.645746,127.495439
st_00099,21세기대군부인,청남대,충북 청주시 상당구 문의면 청남대길 646,36.462249,127.490095
st_00100,21세기대군부인,백제문화단지,충남 부여군 규암면 백제문로 455,36.307572,126.908495
st_00101,21세기대군부인,아원고택,전북 완주군 소양면 송광수만로 516-7,35.903569,127.244688
st_00102,21세기대군부인,소양고택,전북 완주군 소양면 송광수만로 472-23,35.903680,127.243089
st_00103,21세기대군부인,광한루원,전북 남원시 요천로 1447,35.404132,127.380504
st_00104,21세기대군부인,경상북도청,경북 안동시 풍천면 도청대로 455,36.576121,128.505723
st_00105,21세기대군부인,마성오픈세트장,경북 문경시 마성면 가은로 311-18,36.650819,128.079457
st_00106,21세기대군부인,예천진호국제양궁장,경북 예천군 예천읍 양궁장길 38,36.634632,128.468367
st_00107,21세기대군부인,오릉,경북 경주시 탑동 392-2,35.820904,129.209200
st_00108,21세기대군부인,이순신대로(1),부산 중구 중앙동4가 113,35.108100,129.043770
st_00109,21세기대군부인,이순신대로(2),부산 중구 중앙동4가 104,35.105630,129.041126
st_00110,21세기대군부인,센텀서로(1),부산 해운대구 센텀7로 12,35.174001,129.125535
st_00111,21세기대군부인,센텀서로(2),부산 해운대구 수영강변대로 140,35.172729,129.125609
st_00112,21세기대군부인,케이엔엔타워,부산 해운대구 센텀서로 30,35.172059,129.128433
st_00113,21세기대군부인,부산요트투어,부산 해운대구 해운대해변로 52,35.162498,129.138079
st_00114,21세기대군부인,무진정,경남 함안군 함안면 괴산4길 25,35.255420,128.422748
st_00471,S라인,파랑새어린이집,서울 서대문구 통일로39다길 8,37.587157,126.942653
st_00472,S라인,청자모텔,서울 서대문구 통일로37나길 21,37.586903,126.943327
st_00473,S라인,"연세로,문화의거리 정류장(13324)",서울 서대문구 연세로 6-1,37.556135,126.937056
st_00474,S라인,동해해물탕 골목,서울 서대문구 연세로 9-5,37.556339,126.936448
st_00475,S라인,연세로5가길,서울 서대문구 연세로5가길 8-6,37.557505,126.936438
st_00476,S라인,연세로7안길,서울 서대문구 연세로7안길 6,37.557977,126.936401
st_00477,S라인,연세로4길,서울 서대문구 연세로4길 6,37.556920,126.937355
st_00478,S라인,연세로4길(2),서울 서대문구 창천동 18-65,37.557176,126.937633
st_00479,S라인,르바게트메종(폐업),서울 서대문구 명물길 28,37.558008,126.938317
st_00481,S라인,필더필딩,서울 서대문구 연세로4길 40,37.557859,126.938886
st_00482,S라인,인생네컷 신촌점(폐업),서울 서대문구 명물길 46,37.558539,126.939088
st_00485,S라인,보라매역부근,서울 영등포구 여의대방로 145,37.500210,126.919990
st_00488,S라인,바이온,서울 광진구 구의강변로 47,37.535094,127.091648
st_01411,경이로운소문2,경인자동차 공업사 앞,서울 구로구 경인로 536,37.501317,126.877829
st_01412,경이로운소문2,미래에코지식산업센터 앞,서울 구로구 경인로53길 32,37.502858,126.876204
st_01415,경이로운소문2,공덕역주차장,서울 마포구 독막로 319,,
st_01418,경이로운소문2,콤콤오락실 열정도점,서울 용산구 백범로87길 51,37.539559,126.969281
st_01425,경이로운소문2,산곡6구역,인천 부평구 길주로341번길 29,,
st_01428,경이로운소문2,송현방앗간 앞,인천 제물포구 쌍우물로 32,37.481886,126.632103
st_01430,경이로운소문2,용현동 집,인천 미추홀구 수봉로128번길 34,37.457046,126.661860
st_01431,경이로운소문2,수봉남로,인천 미추홀구 수봉남로18번길 81-59,37.457053,126.659785
st_01432,경이로운소문2,인천미추홀경찰서 학동지구대,인천 미추홀구 인하로 150-1,37.448944,126.664617
st_01434,경이로운소문2,송도랜드마크씨티1호근린공원,인천 연수구 송도동 330-1,37.412257,126.632712
st_01439,경이로운소문2,송도컨벤시아 사거리,인천 연수구 센트럴로 123,37.388143,126.645553
st_01441,경이로운소문2,송도국제대로,인천 연수구 송도미래로 10,37.369465,126.645694
st_01442,경이로운소문2,서정대학교 서정관,경기 양주시 은현면 화합로 1049-56,,
st_01447,경이로운소문2,파주행복요양원,경기 파주시 광탄면 양지말길 89,37.750243,126.859072
st_01448,경이로운소문2,한길육교,경기 파주시 와동동 1471-1,37.726366,126.765203
st_01450,경이로운소문2,일산호수공원선인장전시관,경기 고양시 일산동구 호수로 731,37.664447,126.760442
st_01454,경이로운소문2,벚꽃마을 세종그라시아 옆,경기 부천시 상이로 46,37.493981,126.744771
st_01458,경이로운소문2,대왕판교로,경기 성남시 분당구 대왕판교로 660,37.400466,127.106813
st_02514,김부장,대성정밀,서울 구로구 경인로55길 61,37.504458,126.875885
st_02515,김부장,세검정초등학교 정류장(01133),서울 종로구 세검정로 267,37.602373,126.961002
st_02516,김부장,세검정초등학교 정류장(01144),서울 종로구 신영동 124-1,37.602459,126.961287
st_02518,김부장,동문열쇠건물,서울 종로구 창신길 25,37.572852,127.010638
st_02519,김부장,정릉로8길,서울 성북구 정릉로8길 50,37.608830,126.997812
st_02520,김부장,강북해병대전우회,서울 강북구 삼양로170길 62,37.663038,127.013447
st_02526,김부장,길주로,인천 부평구 길주로 382,37.508342,126.704393
st_02531,김부장,송도국제대로,인천 연수구 송도동 13-8,37.368599,126.639920
st_02532,김부장,남계로,경기 연천군 군남면 남계리 1161-9,38.008316,127.016888
st_02533,김부장,남계대교,경기 연천군 전곡읍 마포리 산 40,38.007356,127.003143
st_02539,김부장,새한오토바이,경기 파주시 광탄면 혜음로 1163,37.784850,126.845458
st_02540,김부장,혜음로,경기 파주시 광탄면 신산리 373-2,37.782124,126.846988
st_02541,김부장,등원로,경기 파주시 광탄면 신산리 582-4,37.781776,126.843221
st_02542,김부장,옥계동 정류장(31600),경기 파주시 광탄면 용미리 460-3,37.744764,126.873439
st_02543,김부장,팔송로(1),경기 파주시 탄현면 성동리 647,37.778940,126.683289
st_02544,김부장,팔송로(2),경기 파주시 탄현면 성동리 692-18,37.773075,126.682921
st_02545,김부장,문발초등학교앞,경기 파주시 노을빛로 16,37.726944,126.706823
st_02547,김부장,목동동집,경기 파주시 산내로123번길 6-12,37.725842,126.735437
st_02550,김부장,덕은로,경기 고양시 덕양구 덕은로 36,37.586855,126.876168
st_02554,김부장,가평 백둔리,경기 가평군 북면 백둔로 483,37.903650,127.455327
st_02557,김부장,북한강변,경기 가평군 청평면 삼회리 601-4,37.662820,127.379367
st_02558,김부장,북한강로,경기 양평군 서종면 문호리 산 151-326,37.583298,127.340107
st_02559,김부장,수대울길,경기 양평군 서종면 수대울길 20,37.587416,127.345298
st_02560,김부장,북한강로,경기 양평군 서종면 북한강로 577,37.591596,127.344678
st_02561,김부장,원미로149번길,경기 부천시 원미구 원미로149번길 23,37.496066,126.789740
st_02563,김부장,원미로155번길,경기 부천시 원미구 원미로155번길 28,37.496826,126.790338
st_02564,김부장,대한특공무술,경기 부천시 원미구 원미로155번길 37-1,37.496672,126.789846
st_02565,김부장,심곡본동집,경기 부천시 소사구 성무로 40,37.479397,126.784513
st_02570,김부장,신세대상가앞,경기 안양시 동안구 관평로182번길 48,37.393750,126.962945
st_02574,김부장,신현동집,경기 광주시 새말길329번길 19,37.383046,127.176213
st_02575,김부장,명동타운 정류장(32092),경기 이천시 중리천로 58,37.279645,127.444159
st_02577,김부장,기린면집,강원 인제군 기린면 상하답로 175-20,38.008841,128.294807
st_02578,김부장,고성 폐리조트,강원 고성군 간성읍 흘리령길 52,38.264866,128.377077
st_02579,김부장,설악금강대교로,강원 속초시 청호로 121-15,38.200396,128.594000
st_02582,김부장,선사유적로,강원 양양군 손양면 가평리 산 2-2,38.097124,128.653926
st_02585,김부장,내장호반로(1),전북 정읍시 내장동 산 232-2,35.507688,126.906414
st_02586,김부장,내장호반로(2),전북 정읍시 내장동 156-1,35.504552,126.910961
st_02587,김부장,캐슬라콘티넨탈,전남광주 순천시 왕지로 331,34.981647,127.553124
st_02588,김부장,항만9로,전남광주 광양시 중동 1816-7,34.922045,127.691714
st_02589,김부장,항만9로(2),전남광주 광양시 중동 1816-6,34.921612,127.692777
st_02594,김부장,캄보디아 프놈펜,"Preah Monivong Blvd (93), Phnom Penh 120101",,
st_02596,김비서가왜그럴까,동아디지털미디어센터,서울 마포구 매봉산로 75,37.578452,126.892899
st_02597,김비서가왜그럴까,커피베이,서울 마포구 매봉산로2길 15,37.578527,126.894978
st_02604,김비서가왜그럴까,다루마,서울 마포구 월드컵북로44길 73,37.577515,126.893659
st_02801,나빌레라,아이티고시원,서울 영등포구 시흥대로 629,37.488637,126.905662
st_02802,나빌레라,자매근린공원,서울 영등포구 여의도동 56,37.517529,126.930460
st_02805,나빌레라,철도건널목,서울 용산구 이촌로29길 25,37.524830,126.960232
st_02808,나빌레라,백범광장버정,서울 중구 퇴계로8길 94,37.555829,126.980114
st_02846,나쁜엄마,태평양물산 본사,서울 구로구 디지털로31길 12,37.485176,126.894870
st_02851,나쁜엄마,파크준오피스텔 뒷골목,서울 서대문구 이화여대3길 14,37.558132,126.944966
st_02855,나쁜엄마,알로프트 서울명동 루프탑,서울 중구 남대문로 56,37.562285,126.981923
st_02856,나쁜엄마,배터지는날,서울 용산구 원효로48길 11,37.534440,126.960899
st_02858,나쁜엄마,짜장나라,서울 동작구 상도로50길 10,37.498371,126.950873
st_02860,나쁜엄마,프리데카 라운지,서울 강남구 도산대로57길 8 b1,37.524138,127.041443
st_02864,나쁜엄마,아레카라운지,인천 미추홀구 미추홀대로734번길 29 5층,37.463123,126.682019
st_02865,나쁜엄마,인하대학교,인천 미추홀구 용현동 253,,
st_02866,나쁜엄마,bbrick,인천 남동구 문화서로28번길 19-12,37.448175,126.697432
st_02867,나쁜엄마,참숯황소막창구이,인천 연수구 독배로 53,37.425481,126.644377
st_02869,나쁜엄마,조이마당(촬영장 스튜디오),경기 파주시 파주읍 봉서산로 245,37.833300,126.803485
st_02873,나쁜엄마,디플랫(폐점),경기 파주시 회동길 446,37.720239,126.694585
st_02877,나쁜엄마,고기동 단독주택,경기 용인시 수지구 이종무로140번길 36-6,37.362267,127.040931
st_02878,나쁜엄마,명주병원,경기 용인시 처인구 금령로39번길 8-6,37.235396,127.201080
st_02881,나쁜엄마,오크밸리 피에트분하우스,강원 원주시 지정면 오크밸리1길 95,37.433770,127.820810
st_02882,나쁜엄마,미래농원,대구 북구 호국로 300-22,35.929979,128.600747
st_02884,나쁜엄마,호남농약사,전남광주통합특별시 보성군 득량면 예당중앙길 4-1,34.778882,127.199825
st_02889,나쁜엄마,양지공인중개사,경북 안동시 풍산읍 풍산중앙길 102,36.579603,128.571921
st_02890,나쁜엄마,부부온누리약국,경북 안동시 풍산읍 풍산중앙길 117,36.579400,128.573650
st_02892,나쁜엄마,풍산읍 골목,경북 안동시 풍산읍 풍산중앙길 151-1,36.578119,128.577074
st_02893,나쁜엄마,구남연식품,경북 상주시 중앙시장길 40,36.414908,128.161973
st_02894,나쁜엄마,신세계양품/은장상회,경북 상주시 중앙시장길 50,36.415424,128.162140
st_02895,나쁜엄마,울진항수산,경북 울진군 울진읍 현내항길 252-8,36.989612,129.414282
st_02897,나쁜엄마,포항 북구 두호동,경북 포항시 북구 해안로 231,36.063565,129.387996
st_02899,나쁜엄마,한밤마을,경북 군위군 부계면 한밤2길 10,36.056134,128.654131
st_02900,나쁜엄마,대율1리 정류소,경북 군위군 부계면 한티로 2150-1,36.060470,128.655382
st_02904,나쁜엄마,커뮤니케이션센터,대구광역시 동구 동내동 1120,35.878561,128.736471
st_02906,나의아저씨,솔빛인테리어,인천 제물포구 제물량로341번길 29,37.482359,126.619465
st_02907,나의아저씨,대원슈퍼,인천 제물포구 제물량로341번길 37,37.482580,126.619338
st_02908,나의아저씨,만석동집,인천 제물포구 제물량로341번길 43,37.482798,126.619095
st_02910,나의아저씨,전주식당,인천 제물포구 화도진로43번길 3,37.476218,126.633451
st_02912,나의아저씨,송현동집,인천 제물포구 안송로95번길 12-13,37.479936,126.642531
st_02913,나의아저씨,대전슈퍼,인천 제물포구 안송로 70,37.478311,126.642848
st_02915,나의아저씨,숭의동집1,인천 미추홀구 우각로152번길 6,,
st_02916,나의아저씨,숭의동집2,인천 미추홀구 우각로152번길 18,,
st_02917,나의아저씨,송림동집,인천 제물포구 우각로147번길 16-1,,
st_02918,나의아저씨,한촌설렁탕,인천 미추홀구 소성로 166-1 1층,37.441620,126.666764
st_02920,나의아저씨,너없는이곳너없는하루,인천 미추홀구 학익소로 62,37.442138,126.670209
st_02921,나의아저씨,미니스톱,인천 미추홀구 학익소로 63,37.441969,126.670662
st_02923,나의아저씨,무지개약국,인천 연수구 새말로 31,37.422442,126.675010
st_02929,나의아저씨,한국야쿠르트 본사,서울 서초구 강남대로 577,37.513251,127.019823
st_02931,나의아저씨,서울 영등포구,서울 영등포구 신길동 23-2,37.517697,126.916997
st_02933,나의아저씨,서울 용산구,서울 용산구 새창로 102-1,37.538146,126.959757
st_02938,나의아저씨,카페에스크,서울 용산구 이촌로29길 11,37.524423,126.959524
st_02943,나의아저씨,꼬꼬닭,서울 용산구 한강대로7길 39,37.525138,126.961051
st_02944,나의아저씨,철도건널목,서울 용산구 한강로3가 40-45,37.524885,126.960442
st_02947,나의아저씨,서울 은평구,서울 은평구 통일로 699,37.608381,126.931469
st_02949,나의아저씨,외교부 부근,서울 종로구 도렴동 82-6,37.573124,126.974620
st_02951,나의아저씨,미니스톱,서울 종로구 새문안로5가길 3-1,37.572486,126.974266
st_02952,나의아저씨,서울 도렴동,서울 종로구 새문안로5길 31,37.572977,126.974351
st_03416,낭만닥터김사부3,생각공장데시앙플렉스,서울 성동구 아차산로17길 49,37.546768,127.065279
st_03417,낭만닥터김사부3,소피텔 앰배서더 서울 라티튜드32,서울 송파구 잠실로 209,37.513865,127.106100
st_03421,낭만닥터김사부3,해빛 고양고갯마루쉼터,경기 고양시 덕양구 보광로 379,37.747098,126.912186
st_03422,낭만닥터김사부3,참사랑어린이집,경기 고양시 덕양구 원당로125번길 40-12,,
st_03423,낭만닥터김사부3,대당빌라,경기 고양시 덕양구 원당로135번길 53,,
st_03429,낭만닥터김사부3,카페라로사 앞,경기 동두천시 벌마들로 59,37.902109,127.040022
st_03433,낭만닥터김사부3,현대꽃화원,경기 가평군 가평읍 오리나무길 25,37.825321,127.514095
st_03435,낭만닥터김사부3,인터컨티넨탈 알펜시아 평창리조트,강원 평창군 대관령면 솔봉로 325,37.659254,128.684011
st_03436,낭만닥터김사부3,문화8구역(재개발지역),대전 중구 천근로69번길 72,,
st_03628,내남편과결혼해줘,YES24 강서NC점,"서울 강서구 강서로56길 17 8,9층",37.559976256836194,126.8405121622669
st_03630,내남편과결혼해줘,YTN 옥상정원,서울 마포구 상암산로 76,37.579194,126.892315
st_03631,내남편과결혼해줘,CJ ENM 구내식당,서울 마포구 상암산로 66,37.578396,126.891522
st_03633,내남편과결혼해줘,비엔나커피하우스 상암팬엔터점,서울 마포구 월드컵북로58길 10,37.581600,126.887076
st_03634,내남편과결혼해줘,월드컵북로60길,서울 마포구 월드컵북로60길 24,37.582947,126.887174
st_03639,내남편과결혼해줘,미래하이빌,서울 마포구 토정로11길 19,37.545788,126.925474
st_03642,내남편과결혼해줘,문래동 골목,서울 영등포구 도림로131길 18,37.514138,126.893859
st_03643,내남편과결혼해줘,일흥정공 앞,서울 영등포구 경인로77길 38,37.514059,126.890347
st_03645,내남편과결혼해줘,씨티플라자 앞,서울 영등포구 국제금융로2길 17,37.524063,126.926031
st_03648,내남편과결혼해줘,여의대로 IFC쪽,서울 영등포구 국제금융로 10,37.525178,126.924877
st_03650,내남편과결혼해줘,서울로인 여의도점,서울 영등포구 국제금융로8길 2,37.522016,126.930049
st_03651,내남편과결혼해줘,롯데캐슬아이비아파트 앞,서울 영등포구 국제금융로 86,37.520206,126.931800
st_03654,내남편과결혼해줘,땡땡거리꼬꼬닭,서울 용산구 한강대로21가길 61,37.525290,126.961135
st_03655,내남편과결혼해줘,모아시스템 앞,서울 용산구 새창로49길 7,37.533944,126.962981
st_03656,내남편과결혼해줘,새창로49길 지하도,서울 용산구 새창로 156,37.533756,126.962464
st_03659,내남편과결혼해줘,만리재로,서울 중구 만리재로 209-1,37.556114,126.968231
st_03661,내남편과결혼해줘,에스헤어앞,서울 중구 퇴계로44길 8,37.561566,126.997218
st_03666,내남편과결혼해줘,을지로입구역2번출구 앞,서울 중구 을지로 35,37.566492,126.981866
st_03673,내남편과결혼해줘,서울시립대학교 대강당앞,서울 동대문구 서울시립대로 163,37.582578,127.059988
st_03675,내남편과결혼해줘,파크캐슬9,서울 광진구 천호대로116길 94,37.552651,127.081408
st_03677,내남편과결혼해줘,빌라 디 메트로시티,서울 강남구 가로수길 33,37.520169,127.022848
st_03679,내남편과결혼해줘,잠원한강공원 제1주차장,서울 강남구 압구정동 386,37.527293,127.018867
st_03682,내남편과결혼해줘,복싱인사이드짐 역삼직영점,서울 강남구 역삼로 159 지하2층,37.495205,127.036419
st_03684,내남편과결혼해줘,청담초등학교앞 버스정류장,서울 강남구 압구정로 440,37.526389,127.045109
st_03686,내남편과결혼해줘,도산공원.호림아트센터앞 정류장,서울 강남구 언주로 805,37.522156,127.033172
st_03690,내남편과결혼해줘,삼성리,서울 강남구 봉은사로86길 28,37.511592,127.056763
st_03695,내남편과결혼해줘,일리카페 롯데백화점인천점,인천 미추홀구 연남로 35 2층,37.442506,126.701519
st_03696,내남편과결혼해줘,롯데백화점 인천점 3층,인천 미추홀구 연남로 35,37.442506,126.701519
st_03700,내남편과결혼해줘,폐공장,경기 파주시 광탄면 혜음로 1400,37.805407,126.851121
st_03708,내남편과결혼해줘,교하정,경기 파주시 교하로 1290,37.748774,126.736998
st_03710,내남편과결혼해줘,한류월드로,경기 고양시 일산서구 한류월드로 300,37.664554,126.754527
st_03713,내남편과결혼해줘,화신프라자 앞,경기 고양시 일산동구 일산로 71,37.644588,126.789383
st_03716,내남편과결혼해줘,일산수목장,경기 고양시 일산동구 지영동 산 44,37.706721,126.827670
st_03723,내남편과결혼해줘,조종농협웨딩홀,경기 가평군 조종면 청군로 1311-14,37.820536,127.343646
st_03726,내남편과결혼해줘,청평호,경기 가평군 설악면 회곡리,37.698203,127.444773
st_03727,내남편과결혼해줘,정부과천청사 2주차장옆도로,경기 과천시 중앙동 64,37.423376,126.982455
st_03729,내남편과결혼해줘,수원대학교 학군단앞 연못,경기 화성시 효행구 봉담읍 와우안길 17,37.210110,126.979532
st_03738,내남편과결혼해줘,중구종합사회복지관 앞,부산 중구 망양로314번길 2-6,35.105606,129.028487
st_03741,내남편과결혼해줘,다대포해수욕장,부산 사하구 다대동,35.060278,128.967656
st_04126,눈물의여왕,마포대교아래,서울 영등포구 여의도동 84,37.530000,126.929941
st_04130,눈물의여왕,여의도환승센터(3번승강장),서울 영등포구 여의대로 122-2,,
st_04131,눈물의여왕,더현대서울 정류장,서울 영등포구 여의대로 108,37.525191,126.929113
st_04132,눈물의여왕,더현대서울 YPHAUS라운지,서울 영등포구 여의대로 108,37.525191,126.929113
st_04134,눈물의여왕,페어몬트 앰배서더 서울 마리포사 앤 M29,서울 영등포구 여의대로 108,37.525191,126.929113
st_04137,눈물의여왕,더리버 옆,서울 용산구 용산동6가 451-1,37.506691,126.984900
st_04138,눈물의여왕,동작대교 아래,서울 용산구 용산동6가 452-1,37.515324,126.983151
st_04139,눈물의여왕,서울드래곤시티 랑데부,서울 용산구 청파로20길 95,37.532168,126.960884
st_04145,눈물의여왕,르가드더메인한남,서울 용산구 한남대로10길 16,37.531551,127.009903
st_04146,눈물의여왕,BBM야구장,서울 용산구 한강대로81길 32,37.542113,126.971532
st_04148,눈물의여왕,소파로,서울 중구 남창동 202-11,37.556168,126.979023
st_04150,눈물의여왕,앰배서더서울풀만 클럽앰배서더라운지,서울 중구 동호로 287,37.560599,127.002136
st_04151,눈물의여왕,옥토버훼스트 종로점,서울 종로구 종로5길 13,37.571033,126.980465
st_04156,눈물의여왕,우리옛돌박물관앞,서울 성북구 대사관로13길 77,37.600526,126.989737
st_04158,눈물의여왕,아차산 지하차도 옆,서울 광진구 광장동 399-12,37.546693,127.099554
st_04165,눈물의여왕,더채플앳논현(CG),서울 강남구 논현로 549,37.505123,127.034426
st_04173,눈물의여왕,예담원 장례식장,경기 파주시 문산읍 화석정로 31,37.876606,126.804543
st_04176,눈물의여왕,더스테이지,경기 파주시 문발로 330,37.722314,126.692038
st_04178,눈물의여왕,서강빌딩,경기 고양시 일산서구 강성로 239,37.675718,126.750334
st_04182,눈물의여왕,강화대교,경기 김포시 월곶면 성동리,37.746106,126.537462
st_04192,눈물의여왕,오송생명로,충북 청주시 흥덕구 오송읍 오송생명로 186,36.631115,127.329616
st_04193,눈물의여왕,오송생명1로(프레스티지바이오로직스앞),충북 청주시 흥덕구 오송읍 오송생명1로 197,36.637413,127.322180
st_04199,눈물의여왕,인포 정육점식당,충북 옥천군 안내면 현리길 86-1,36.393906,127.659741
st_04200,눈물의여왕,왕지3길 신안농원쪽,충남 천안시 서북구 성환읍 왕지3길 50,36.910877,127.096541
st_04201,눈물의여왕,왕지3길 정부지원농산물간이집하장 쪽,충남 천안시 서북구 성환읍 왕지3길 100,36.913849,127.095814
st_04202,눈물의여왕,이화동길33번길쪽,충남 아산시 둔포면 신왕리 279,36.915931,127.090237
st_04203,눈물의여왕,이화동길33번길쪽(2),충남 아산시 둔포면 신왕리 130-2,36.911182,127.093110
st_04204,눈물의여왕,이화동길33번길쪽(3),충남 아산시 둔포면 신왕리 산 3-1,36.909125,127.091079
st_04205,눈물의여왕,왕림리,충남 천안시 서북구 성환읍 왕림리 592,36.909354,127.093468
st_04206,눈물의여왕,장항송림산림욕장,충남 서천군 장항읍 송림리 산 65,36.015445,126.666501
st_04210,눈물의여왕,용연길 다리,경북 문경시 문경읍 용연리 437-1,36.777196,128.169364
st_04211,눈물의여왕,용연길 다리지나서,경북 문경시 문경읍 용연리 702,36.777244,128.168099
st_04212,눈물의여왕,용연리(1),경북 문경시 문경읍 용연길 80,36.776670,128.171891
st_04213,눈물의여왕,용연리삼거리,경북 문경시 문경읍 용연리 252-2,36.776147,128.172518
st_04214,눈물의여왕,용연리(2),경북 문경시 문경읍 용연길 91,36.777024,128.173095
st_04215,눈물의여왕,용연리(2-2),경북 문경시 문경읍 용연길 101,36.777005,128.174206
st_04216,눈물의여왕,용연리(3),경북 문경시 문경읍 용연안길 16-2,36.776596,128.173790
st_04217,눈물의여왕,용연리(4),경북 문경시 문경읍 용연리 280,36.776377,128.174191
st_04218,눈물의여왕,용연리(5),경북 문경시 문경읍 용연안길 22,36.776309,128.174579
st_04219,눈물의여왕,용연리(6),경북 문경시 문경읍 용연길 107,36.776955,128.175033
st_04220,눈물의여왕,용연리(7),경북 문경시 문경읍 용연길 111,36.777090,128.175793
st_04221,눈물의여왕,용연리(8),경북 문경시 문경읍 용연길 145,36.776319,128.178998
st_04222,눈물의여왕,위만리(1),경북 문경시 산양면 위만리 86,36.640644,128.301311
st_04223,눈물의여왕,위만리(2),경북 문경시 산양면 위만리 440,36.639557,128.301240
st_04224,눈물의여왕,위만리(3),경북 문경시 산양면 위만길 26,36.638083,128.301996
st_04225,눈물의여왕,위만리(4),경북 문경시 산양면 위만길 1,36.636177,128.302561
st_04226,눈물의여왕,위만리(5),경북 문경시 산양면 위만리 산 30,36.636697,128.300762
st_04229,눈물의여왕,문희로,경북 문경시 문경읍 문희로 24,36.734423,128.108664
st_04237,눈물의여왕,사유원,대구 군위군 부계면 치산효령로 1150,36.095558,128.686011
st_04239,눈물의여왕,Fonte de Neptuno,"Rathausstraße 1, 10178 Berlin, 독일",,
st_04240,눈물의여왕,Botanischer Duftgarten,"Am Duftgarten 1, 32791 Lage, 독일",,
st_04241,눈물의여왕,Schloss Sanssouci(상수시궁전),"Maulbeerallee, 14469 Potsdam, 독일",,
st_04242,눈물의여왕,Charité Campus Benjamin Franklin,"Hindenburgdamm 30, 12203 Berlin, 독일",,
st_04243,눈물의여왕,Berliner Dom(베를린 돔),"Am Lustgarten, 10178 Berlin, 독일",,
st_04244,눈물의여왕,Frankfurt (Main) Platz der Republik,"60329 Innenstadt I, 독일",,
st_04245,눈물의여왕,마인강 옆,"Mainkai 35a, 60311 Frankfurt am Main, 독일",,
st_04246,눈물의여왕,Eiserner Steg(아이젤너 다리),"Eiserner Steg, 60311 Frankfurt am Main, 독일",,
st_04247,눈물의여왕,아이젤너 다리 앞,"Mainkai 36, 60311 Frankfurt am Main, 독일",,
st_04248,눈물의여왕,Mainuferpark süden,"Unnamed Road,60594, Frankfurt am Main, 독일",,
st_04249,눈물의여왕,Meral Imbiss,"Schaumainkai 35, 60594 Frankfurt am Main, 독일",,
st_04250,눈물의여왕,Nikolassee,14129 베를린 독일,,
st_04251,눈물의여왕,Nervenzentrum Potsdam,"Otto-Braun-Platz 1, 14467 Potsdam, 독일",,
st_04252,눈물의여왕,Deutschherrnbrücke,"Deutschherrnbrücke, 60314 Frankfurt am Main, 독일",,
st_04253,눈물의여왕,Mayfarthstraße,"Eytelweinstraße 1, 60314 Frankfurt am Main, 독일",,
st_04254,눈물의여왕,Goethestraße,"Goethestraße 2, 60313 Frankfurt am Main, 독일",,
st_04255,눈물의여왕,Faber-Castell Flagship Store Frankfurt,"Steinweg 12, 60313 Frankfurt am Main, 독일",,
st_04256,눈물의여왕,AMRIT Restaurant Schoneberg,"Winterfeldtstraße 40, 10781 Berlin, 독일",,
st_04257,눈물의여왕,Winterfeldtstraße,"Winterfeldtstraße 40, 10781 Berlin, 독일",,
st_04258,눈물의여왕,Wochenmarkt Winterfeldtplatz,"Winterfeldtplatz, Berlin, 독일",,
st_04259,눈물의여왕,Spreebogen,"10117 Berlin, 독일",,
st_04260,눈물의여왕,Rooftop terrace at Hotel de Rome,"Behrenstraße 37, 10117 Berlin, 독일",,
st_04261,눈물의여왕,Oberbaumbrücke,"10243 베를린-Friedrichshain-Kreuzberg, 독일",,
st_04262,눈물의여왕,Alter St.-Matthäus-Kirchhof,"Großgörschenstraße 12, 10829 Berlin, 독일",,
st_04263,눈물의여왕,James-Simon-Park,"Burgstraße 28, 10178 Berlin, 독일",,
st_04264,눈물의여왕,샤리테병원,"Charitépl. 1, 10117 Berlin, 독일",,
st_04265,눈물의여왕,월도프 아스토리아 베를린,"Hardenbergstraße 28, 10623 Berlin, 독일",,
st_04266,눈물의여왕,Dircksenstraße 136-132,"Dircksenstraße 136, 10178 Berlin, 독일",,
st_04267,눈물의여왕,Glienicker Brücke,"Königstraße, 14467 Berlin, 독일",,
st_04280,뉴토피아,신정중앙로19길,서울 양천구 신정중앙로19길 8,37.527193,126.861766
st_04282,뉴토피아,여의대로,서울 영등포구 여의도동 23-4,37.524235,126.923360
st_04284,뉴토피아,신설동1억해장국267,서울 동대문구 난계로26길 7,37.572311,127.023940
st_04287,뉴토피아,뵈르뵈르 성수본점,서울 성동구 연무장7길 8,37.543302,127.054591
st_04289,뉴토피아,마방로10길,서울 서초구 마방로10길 34-5,37.475775,127.044166
st_04290,뉴토피아,언남11길,서울 서초구 언남11길 34-13,37.475981,127.043589
st_04291,뉴토피아,남부순환로358길,서울 서초구 남부순환로 2640-11,37.484615,127.039644
st_04293,뉴토피아,강남대로34길,서울 서초구 강남대로34길 53,37.483969,127.038794
st_04294,뉴토피아,메가커피 양재말죽거리점앞,서울 서초구 남부순환로356길 33,37.483560,127.038220
st_04295,뉴토피아,서초중앙로31길,서울 서초구 서초중앙로31길 18,37.499667,127.010334
st_04299,뉴토피아,강남대로,서울 서초구 강남대로 565,37.512224,127.020313
st_04300,뉴토피아,강남역사거리,서울 강남구 역삼동,37.495367,127.033065
st_04301,뉴토피아,파라디이스시티 새라새,인천 영종구 영종해안남로321번길 186,37.437412,126.455555
st_04303,뉴토피아,진궁 운중점,경기 성남시 분당구 운중로125번길 3-5,37.392606,127.076855
st_04376,다이루어질지니,콘래드서울 37그릴앤바,서울 영등포구 국제금융로 10,37.525178,126.924877
st_04385,다이루어질지니,갯마을(폐업),서울 광진구 아차산로 443,37.538927,127.091655
st_04388,다이루어질지니,BLUEMENT,서울 강남구 선릉로153길 26,37.524901,127.037357
st_04391,다이루어질지니,윤숙이네감자탕,경기 파주시 적성면 청송로 1050,37.955535,126.921385
st_04393,다이루어질지니,삼회리집,경기 가평군 청평면 북한강로1556번길 29-4,37.658717,127.384201
st_04398,다이루어질지니,안성추모공원,경기 안성시 보개면 북가현리 산49-1,,
st_04401,다이루어질지니,치킨플러스(폐업),강원 홍천군 홍천읍 송학로3길 25,37.684813,127.873521
st_04403,다이루어질지니,시곡리(1),충북 제천시 송학면 시곡리 1117-7,37.188275,128.263963
st_04404,다이루어질지니,시곡리(2),충북 제천시 송학면 시곡리 1403-61,37.186788,128.264183
st_04407,다이루어질지니,의림지 관광안내소쪽,충북 제천시 모산동 238-33,37.173700,128.208361
st_04410,다이루어질지니,뜰906,충북 제천시 죽하로11안길 14,37.157370,128.223800
st_04412,다이루어질지니,의림대로사거리,충북 제천시 칠성로 76,37.143055,128.212975
st_04414,다이루어질지니,명륜로13길,충북 제천시 명륜로13길,37.142213,128.212183
st_04415,다이루어질지니,풍양로13길,충북 제천시 풍양로13길 6-1,37.137736,128.211351
st_04416,다이루어질지니,풍양로 횡단보도,충북 제천시 풍양로 100-1,37.137323,128.210760
st_04418,다이루어질지니,물태리주차장,충북 제천시 청풍면 물태리 299,36.998709,128.166119
st_04419,다이루어질지니,월악산중기,충북 제천시 덕산면 약초로 69,36.911138,128.164554
st_04427,다이루어질지니,제민천1길,충남 공주시 제민천1길 55,36.450879,127.123259
st_04428,다이루어질지니,봉황교앞,충남 공주시 제민천1길 31,36.448924,127.122077
st_04429,다이루어질지니,BohoX,55 Sheikh Mohammed bin Rashid Blvd - Burj Khalifa - Dubai - 아랍에미리트,,
st_04430,다이루어질지니,Jumeirah Burj Al Arab,Umm Suqeim Third - Umm Suqeim 3 - Dubai - 아랍에미리트,,
st_04431,다이루어질지니,Bab Al Yam,Umm Suqeim Third - Umm Suqeim 3 - Dubai - 아랍에미리트,,
st_04432,다이루어질지니,Jumeira St,873 Jumeira St - Umm Suqeim - Umm Suqeim 3 - Dubai - 아랍에미리트,,
st_04433,다이루어질지니,미래의 박물관,Sheikh Zayed Rd - Trade Centre - Trade Centre 2 - Dubai - 아랍에미리트,,
st_04434,다이루어질지니,Terra Solis Dubai Desert Destination,Dubai Heritage Vision Exit - 29 Jebel Ali - Lehbab Rd - Dubai - 아랍에미리트,,
st_04435,다이루어질지니,Souk Al Seef by Dubai Retail,7873+RP9 7873 + RP9 - Al Seef St - Umm Hurair First - Al Hamriya - Dubai - 아랍에미리트,,
st_04436,다이루어질지니,두바이몰,Burj Khalifa - Dubai - 아랍에미리트,,
st_04437,다이루어질지니,Trade Centre 2,Trade Center Second - Trade Centre 2 - 두바이 - 아랍에미리트,,
st_04438,다이루어질지니,팔라초 베르사체 두바이,Al Jadaf - Jaddaf Waterfront - Dubai - 아랍에미리트,,
st_04439,다이루어질지니,DTCM Parking,"Sheikh Zayed Road One Central, World Trade Center Level 3,The Offices 3 - Dubai - 아랍에미리트",,
st_04440,다이루어질지니,MAZMi Coffee & More,"Creekside, Behind Dubai Museum، Bur Dubai - Dubai - 아랍에미리트",,
st_04939,당신이잠든사이에,자도르 본점,경기 안산시 단원구 광덕대로 161,37.310996,126.829110
st_04940,당신이잠든사이에,수원지방검찰정 안산지청,경기 안산시 단원구 광덕서로 73,37.311026,126.826107
st_04944,당신이잠든사이에,도화치안센터,서울 마포구 도화길 40,37.541287,126.950206
st_04945,당신이잠든사이에,가온문화공원앞,서울 마포구 상암동 1594,37.581846,126.887624
st_04946,당신이잠든사이에,mbc몰프라자앞,서울 마포구 상암동 1604,37.580255,126.891804
st_04953,당신이잠든사이에,덕성여고앞,서울 종로구 안국동 27-4,37.577844,126.982509
st_04954,당신이잠든사이에,꽃집(보틀),서울 종로구 윤보선길 28,37.577352,126.983976
st_04955,당신이잠든사이에,포유인포텍,서울 종로구 윤보선길 31,37.577380,126.983707
st_04956,당신이잠든사이에,윤보선생가,서울 종로구 윤보선길 62,37.579235,126.983701
st_04957,당신이잠든사이에,북촌손만두(벽화),서울 종로구 율곡로3길 64,37.578454,126.982249
st_05067,더글로리,개화동집,서울 강서구 개화동로7길 18-5,37.580050,126.800571
st_05068,더글로리,대방건설빌딩앞,서울 강서구 공항대로 248,37.558404,126.834894
st_05071,더글로리,미니스톱,서울 마포구 새창로 7,37.542480,126.950924
st_05075,더글로리,파고다기원,서울 종로구 돈화문로11길 41,37.572395,126.989077
st_05076,더글로리,정주빌딩,서울 종로구 종로39길 53,37.572957,127.004231
st_05077,더글로리,진담황태국,서울 종로구 종로41가길 12-13,37.572861,127.005252
st_05078,더글로리,평창동집,서울 종로구 평창35길 13,37.614020,126.972947
st_05086,더글로리,세빛섬 맞은편,서울 용산구 서빙고동 287-4,37.517620,126.992304
st_05090,더글로리,종합운동장역 물품보관함A,서울 송파구 올림픽로 지하 23,37.510969,127.073356
st_05091,더글로리,모던눌랑 라이브,서울 송파구 잠실로 209,37.513865,127.106100
st_05092,더글로리,에이치비지니스파크,서울 송파구 법원로11길 25,37.484888,127.116322
st_05098,더글로리,공촌4교,인천 서해구 로봇랜드로 473,37.545785,126.609552
st_05099,더글로리,청라호수공원(청라원),인천 서해구 크리스탈로 59,37.530563,126.636323
st_05100,더글로리,청라호수공원 창조숲근처,인천 서해구 크리스탈로 59,37.530563,126.636323
st_05103,더글로리,송림동 주택,인천 제물포구 안송로39번길 30,37.477256,126.640861
st_05105,더글로리,송도32호공원,인천 연수구 송도동 80-12,37.386765,126.621729
st_05109,더글로리,2398스튜디오,경기 파주시 회동길 37-9,37.705740,126.684309
st_05117,더글로리,세양스파랜드,경기 파주시 조리읍 통일로 317,37.743724,126.808912
st_05120,더글로리,조이마당(촬영장 스튜디오),경기 파주시 파주읍 봉서산로 245,37.833300,126.803485
st_05124,더글로리,통진휴게소,경기 김포시 월곶면 김포대로 2857-41,37.717685,126.535742
st_05125,더글로리,금광테크노벨리,경기 김포시 태장로 765,37.639845,126.682262
st_05127,더글로리,사우프라자,경기 김포시 사우중로 82,37.621723,126.721183
st_05134,더글로리,오정부동산,경기 고양시 일산동구 성석로 183,37.693524,126.797191
st_05136,더글로리,능곡로39번길,경기 고양시 덕양구 능곡로39번길,37.623420,126.823466
st_05138,더글로리,능곡고등학교 후문,경기 고양시 덕양구 지도로80번길 14-7,37.624296,126.825542
st_05139,더글로리,워시테리아 원흥점,경기 고양시 덕양구 도래울2로 31,37.629131,126.872507
st_05140,더글로리,위프라임트윈타워,경기 고양시 덕양구 으뜸로 130,37.579453,126.870613
st_05141,더글로리,연리지로,경기 고양시 일산동구 장항동 1808-2,37.657535,126.758798
st_05142,더글로리,남양중앙로,경기 화성시 만세구 남양읍 남양리 2393,37.207780,126.836912
st_05146,더글로리,오남저수지 다송쪽,경기 남양주시 오남읍 진건오남로690번길 121,37.697358,127.222578
st_05147,더글로리,한강 구리사암대교,경기 구리시 아천동 1,37.571817,127.129118
st_05153,더글로리,고급주택,경기 화성시 만세구 남양읍 활초리 231-11,37.181297,126.828678
st_05161,더글로리,원일씽크공장,충북 청주시 상당구 남사로 102,36.631835,127.486371
st_05163,더글로리,중원타워,충북 청주시 상당구 호미로 3,36.613596,127.516419
st_05166,더글로리,Studio with,충북 청주시 흥덕구 송화로166번길 40-1,36.663641,127.453166
st_05167,더글로리,영산장례식장,충남 아산시 염치읍 곡교리길10번길 33-25,36.806623,126.979490
st_05168,더글로리,토속정,충남 논산시 중앙로492번길 28-1,36.206894,127.086183
st_05171,더글로리,세종호수공원,세종 연기면 세종리 114-380,,
st_05172,더글로리,새나루마을12단지 1202동쪽,세종 집현북로 52,36.501640,127.325130
st_05174,더글로리,장흥교도소,전남광주통합특별시 장흥군 장흥읍 원도리 191,34.687303,126.913304
st_05175,더킹,아그레아블,서울 강남구 역삼로 110,,
st_05176,더킹,파리바게트,서울 마포구 와우산로 99,37.553185,126.924585
st_05178,더킹,북촌진곰탕,서울 종로구 북촌로 137-2,37.587213,126.982871
st_05199,도깨비,카페 화요일,인천 제물포구 신포로23번길 80,37.473191,126.621360
st_05203,도깨비,인천 중구 전동,인천 제물포구 전동로6번길 2-7,37.476265,126.626805
st_05205,도깨비,송현근린공원 앞,인천 제물포구 송림동 182-159,,
st_05208,도깨비,서흥초등학교 버스정류장,인천 제물포구 인중로 672,37.480230,126.646336
st_05209,도깨비,송림휴먼시아,인천 제물포구 인중로716번길 8-10,,
st_05210,도깨비,금벨세탁,인천 제물포구 인중로716번길 1,,
st_05211,도깨비,파랑새 피아노학원,인천 제물포구 인중로716번길 6,,
st_05213,도깨비,인천의료원 앞 횡단보도,인천 제물포구 방축로 217,37.478797,126.668656
st_05214,도깨비,투모로우시티 앞,인천 연수구 컨벤시아대로 204,37.388540,126.639957
st_05216,도깨비,스마트밸리 지식산업센터,인천 연수구 송도미래로 30,37.366641,126.647280
st_05217,도깨비,미추홀타워,인천 연수구 송도동 갯벌로 12,37.382542,126.655842
st_05218,도깨비,테크노어린이공원,인천 연수구 송도동 7-32,37.385445,126.651047
st_05220,도깨비,홈누리마트 부개점,인천 부평구 수변로57번길 9,,
st_05221,도깨비,미광세탁소,서울 강남구 선릉로115길 27,37.511665,127.040779
st_05223,도깨비,달콤커피,서울 강남구 테헤란로 611,,
st_05226,도깨비,신촌설렁탕앞,서울 서대문구 대신동 143-24,37.560454,126.941431
st_05230,도깨비,용답역다리,서울 성동구 용답길 86,37.562005,127.050729
st_05231,도깨비,홍익대부속중고등학교입구,서울 성북구 성북로 66,37.593393,127.001707
st_05233,도깨비,국회의사당옆길,서울 영등포구 의사당대로 1,37.532912,126.916404
st_05235,도깨비,퍼스트루머,서울 종로구 계동길 125,37.582935,126.986776
st_05238,도깨비,메밀향그집맞은편,서울 종로구 명륜4가 103-12,37.582202,127.000917
st_05239,도깨비,커피방앗간앞,서울 종로구 북촌로5가길 8-11,37.580326,126.982479
st_05243,도깨비,덕성여고앞,서울 종로구 안국동 177-2,37.577418,126.982538
st_05244,도깨비,북촌사진관앞,서울 종로구 윤보선길 65,37.578837,126.983084
st_05245,도깨비,스튜디오호세앞,서울 종로구 윤보선길 69,37.579087,126.983195
st_05246,도깨비,푸드떼옆,서울 종로구 율곡로1길 40-31,37.577787,126.981358
st_05248,도깨비,이니스프리앞,서울 종로구 율곡로3길 73,37.578822,126.982036
st_05249,도깨비,피케이엠북스앞,서울 종로구 율곡로3길 74-1,37.579013,126.982258
st_05250,도깨비,솔트24앞,서울 종로구 율곡로3길 75,37.578981,126.982068
st_05253,도깨비,달커피앞,서울 종로구 창신6가길 48,37.576082,127.012801
st_05254,도깨비,산마루놀이터주차장,서울 종로구 창신동 23-348,37.575984,127.012368
st_05255,도깨비,창신동골목,서울 종로구 창신동 23-407,37.576378,127.012880
st_05256,도깨비,창신동집,서울 종로구 창신동 23-660,37.575972,127.011990
st_05260,도깨비,덕수궁돌담길,서울 중구 덕수궁길 116,37.567558,126.973424
st_05365,디어엠,타로café썸(폐업),서울 서대문구 연세로5나길 6,37.557047,126.935907
st_05366,디어엠,연남동주막(이전),서울 마포구 월드컵북로6길 56,37.559097,126.921430
st_05367,디어엠,PIT COFFEE(폐업),서울 마포구 월드컵북로6길 52,37.559022,126.921235
st_05368,디어엠,월드컵북로,서울 마포구 월드컵북로 22,37.556896,126.920022
st_05369,디어엠,버바나(폐업),서울 마포구 월드컵북로6길 88,37.560088,126.922760
st_05372,디어엠,플러피도넛(폐업),서울 마포구 성미산로 163,37.564917,126.924266
st_05373,디어엠,성미산로,서울 마포구 성미산로 161-6,37.565102,126.924139
st_05374,디어엠,교동마을짬뽕순두부(폐업),서울 마포구 서강로13길 43,37.554501,126.931913
st_05375,디어엠,카페요호(폐업),서울 마포구 잔다리로 88,37.555238,126.915824
st_05379,디어엠,독막로,서울 마포구 독막로 75,37.547958,126.921786
st_05380,디어엠,바비레드 홍대점(폐업),서울 마포구 독막로15길 21-2,37.548779,126.921922
st_05382,디어엠,상수역4번출구앞,서울 마포구 독막로 84,37.547589,126.922628
st_05383,디어엠,얼반스퀘어,서울 마포구 독막로8길 15,37.547223,126.918287
st_05384,디어엠,사심가득(폐업),서울 마포구 백범로24길 11-3,37.545900,126.945023
st_05386,디어엠,두텁바위로40길,서울 용산구 두텁바위로40길 3,37.547312,126.981996
st_05387,디어엠,삼청동주민센터 정류장,서울 종로구 삼청동 80,37.583956,126.981825
st_05390,디어엠,가배도 삼청(폐업),서울 종로구 북촌로5길 56-8,37.579895,126.982180
st_05391,디어엠,커피방앗간앞,서울 종로구 북촌로5가길 8-11,37.580326,126.982479
st_05392,디어엠,북촌로4길,서울 종로구 북촌로4길 28,37.579244,126.986629
st_05393,디어엠,이자카야 곤조(폐업),서울 종로구 대명1길 7,37.583129,127.001009
st_05394,디어엠,카페 플로체(폐업),인천 미추홀구 경원대로 825,37.456353,126.689076
st_05396,디어엠,호야분식(폐업),경기 고양시 일산동구 일산로441번길 18,37.672651,126.777018
st_05397,디어엠,일산로441번길,경기 고양시 일산동구 일산로441번길 22,37.672496,126.776925
st_05398,디어엠,철산주공8단지(재개발),경기 광명시 철산동 235,37.482576,126.869846
st_05399,디어엠,모세로,경기 광명시 철산동 508,37.479135,126.868431
st_05400,디어엠,오름,경기 수원시 팔달구 행궁로 41-1,37.278946,127.015271
st_05402,디어엠,우아한빛(폐업),충남 천안시 서북구 불당28길 25,36.811180,127.101920
st_05405,디어엠,명륜4길,전북 전주시 덕진구 명륜4길 11,35.842919,127.126366
st_05407,디어엠,아로미마실,전북 전주시 덕진구 백제대로 567,35.841138,127.131589
st_05408,디어엠,만개부엌(폐업),전북 전주시 완산구 전주객사2길 75,35.820053,127.139620
st_05410,디어엠,동피랑전망대/동포루,경남 통영시 태평동 449-11,34.845686,128.427617
st_05412,디어엠,빠담빠담 점빵,경남 통영시 동피랑1길 6-14,34.845347,128.427668
st_05413,디어엠,미수동방파제,경남 통영시 미수해안로 53-1,34.830571,128.404455
st_05415,디어엠,바다여행펜션앞,경남 거제시 남부면 저구2길 29,34.731570,128.607679
st_05595,러브미,개화동집,서울 강서구 개화동로13길 26-16,37.577540,126.802477
st_05597,러브미,연희홍연아파트 정류장(13207),서울 서대문구 연희동 729-1,37.578036,126.932418
st_05598,러브미,홍제천로,서울 서대문구 연희동 729-1,37.578036,126.932418
st_05607,러브미,본동집,서울 동작구 노량진로26길 16-19,37.510709,126.954202
st_05608,러브미,올림픽대로,서울 동작구 본동 479,37.512916,126.959349
st_05618,러브미,잠실중학교 정류장(24131),서울 송파구 올림픽로35길 125,37.516298,127.100468
st_05622,러브미,맘마농가식자재마트,경기 고양시 일산동구 고일로 16,37.672380,126.804362
st_05623,러브미,무궁화로,경기 고양시 일산동구 무궁화로 42-28,37.662231,126.769747
st_05906,마스크걸,백석초등학교 옆길,서울 강서구 화곡로66길 186-17,37.553380,126.862879
st_05907,마스크걸,우리풍천장어숯불꼼장어,서울 영등포구 당산로47길 7,37.535104,126.901830
st_05909,마스크걸,태양사,서울 영등포구 영등포로 248,37.518864,126.908763
st_05911,마스크걸,썰스데이파티 이태원점,서울 용산구 이태원로27길 6,37.535027,126.995615
st_05912,마스크걸,던킨 북창점 앞,서울 중구 남대문로1길 60,37.563675,126.977790
st_05916,마스크걸,으뜸부동산 앞,서울 성북구 성북로 46,37.591941,127.003233
st_05918,마스크걸,춘천골닭갈비,서울 광진구 면목로 105,37.562993,127.079521
st_05921,마스크걸,레몬비 노원점,서울 노원구 상계로3길 16,37.656981,127.062485
st_05922,마스크걸,아울렛마트 귤현점,인천 계양구 굴재방터길 42,37.566666,126.749284
st_05923,마스크걸,신세계약국 앞,인천 제물포구 참외전로 134-1,37.474421,126.631924
st_05925,마스크걸,송림성결교회,인천 제물포구 금송로 79,,
st_05926,마스크걸,탐앤탐스 인천주안점,인천 미추홀구 석바위로 90,37.460719,126.683164
st_05927,마스크걸,용현학익 2-2블록 도시개발구역,인천 미추홀구 용현동 604-7,37.445331,126.644475
st_05931,마스크걸,클럽거리,인천 남동구 남동대로922번길 21,37.464858,126.709417
st_05933,마스크걸,TGI 롯데백화점 일산점,경기 고양시 일산동구 중앙로 1283,37.660472,126.772126
st_05934,마스크걸,대장2교 굴다리,경기 고양시 덕양구 토당동 703-12,37.620513,126.800233
st_05937,마스크걸,그린미아2차,경기 과천시 장군마을4길 6-26,37.461999,127.033745
st_05938,마스크걸,금정역 7번출구쪽,경기 군포시 군포로 759,37.372842,126.942367
st_05947,마스크걸,스타나이트클럽 사거리,충남 천안시 서북구 성정공원1길 21,36.827628,127.139070
st_05949,마스크걸,대봉치안센터,대구 중구 명륜로 152,35.860325,128.600571
st_05951,마스크걸,목포 유동로 주택,전남광주통합특별시 목포시 유동로42번길 19,34.785850,126.382852
st_05953,마스크걸,폐교회,경북 포항시 북구 흥해읍 초곡리 104-48,36.102829,129.333053
st_05997,마이데몬,목동 SBS 옥상정원,서울 양천구 목동서로 161,37.529190,126.873747
st_05998,마이데몬,월드컵북로58길,서울 마포구 월드컵북로58길 15,37.582358,126.886699
st_05999,마이데몬,구룡근린공원,서울 마포구 상암동 313-3,,
st_06002,마이데몬,더바지라운지 앤 웨이크,서울 영등포구 여의도동 80-2,37.536141,126.908800
st_06008,마이데몬,서강껍데기 이촌점,서울 용산구 이촌로 9,37.530799,126.954854
st_06011,마이데몬,르가드더메인한남,서울 용산구 한남대로10길 16,37.531551,127.009903
st_06013,마이데몬,비타카페 남산스퀘어,서울 중구 퇴계로 173,37.561826,126.991059
st_06015,마이데몬,대화기공,서울 중구 창경궁로5다길 13,37.567523,126.996398
st_06017,마이데몬,대림상가3층,서울 중구 을지로 157 대림상가3층,37.567146,126.995451
st_06018,마이데몬,창경궁로34길,서울 종로구 창경궁로 266,37.584790,127.000837
st_06028,마이데몬,논현로,서울 강남구 논현로 635,37.510231,127.032197
st_06029,마이데몬,도산대로,서울 강남구 청담동 50-2,37.524202,127.050103
st_06031,마이데몬,한양화로 삼성동본점,서울 강남구 봉은사로 632,37.514755,127.064507
st_06032,마이데몬,소피텔 앰배서더 서울 라티튜드32,서울 송파구 잠실로 209,37.513865,127.106100
st_06035,마이데몬,경원재앰배세더 인천 앞,인천 연수구 테크노파크로 200,37.392287,126.637858
st_06045,마이데몬,거풍스튜디오,경기 남양주시 별내면 청학로54번길 247,37.722912,127.136661
st_06046,마이데몬,양평 폐휴게소,경기 양평군 청운면 설악로 412,37.575475,127.747474
st_06049,마이데몬,오크밸리 피에트분하우스,강원 원주시 지정면 오크밸리1길 95,37.433770,127.820810
st_06051,마이데몬,자작도해수욕장,강원 고성군 죽왕면 문암진리,38.303749,128.544221
st_06276,맨끝줄소년,월드컵북로58길,서울 마포구 상암동 1701,37.582117,126.887873
st_06279,맨끝줄소년,레스케이프 라망 시크레,서울 중구 퇴계로 67,37.559732,126.979523
st_06283,맨끝줄소년,햇내로(1),인천 영종구 운서동 3047-1,37.497796,126.501968
st_06284,맨끝줄소년,햇내로(2),인천 영종구 운서동 665-1,37.501645,126.501586
st_06285,맨끝줄소년,영종순환로,인천 영종구 운북동 1329-4,37.507331,126.499252
st_06286,맨끝줄소년,신도시북로,인천 영종구 운서동 2743-2,37.500906,126.487609
st_06296,맨끝줄소년,수원시립박물관,경기 수원시 팔달구 정조로 833,37.282705,127.015825
st_06298,맨끝줄소년,하산운동집,경기 성남시 분당구 두밀로123번길 66,37.375356,127.077946
st_06299,맨끝줄소년,오산종합병원,경기 오산시 북삼미로 175,37.190936,127.061473
st_06370,멋진신세계,부안영상테마파크,전북 부안군 변산면 격포로 309-64,35.621797,126.485367
st_06371,멋진신세계,마곡중앙로,서울 강서구 마곡동 767-2,37.565948,126.826968
st_06372,멋진신세계,놋다리문화공원,서울 강서구 마곡동 790-6,37.561973,126.836314
st_06373,멋진신세계,디와이피엔에프 마곡사옥,서울 강서구 마곡중앙8로7길 39,37.564404,126.838941
st_06374,멋진신세계,월드컵북로(4단지앞),서울 마포구 상암동 1715,37.579999,126.887548
st_06375,멋진신세계,서강대교,서울 영등포구 여의도동 83-1,37.535855,126.924794
st_06376,멋진신세계,켄싱턴호텔 여의도 뉴욕뉴욕,서울 영등포구 국회대로76길 16,37.530289,126.921969
st_06377,멋진신세계,의사당대로,서울 영등포구 의사당대로 26,37.526537,126.918107
st_06378,멋진신세계,파리바게뜨 KBS여의도점,서울 영등포구 의사당대로 26,37.526537,126.918107
st_06379,멋진신세계,여의도IFC,서울 영등포구 국제금융로 10,37.525178,126.924877
st_06380,멋진신세계,스위치22 여의도점,서울 영등포구 여의대로 108,37.525191,126.929113
st_06381,멋진신세계,여의도한강공원,서울 영등포구 여의도동 70-1,37.519089,126.942306
st_06382,멋진신세계,여의도한강공원,서울 영등포구 한강남자전거길 1451,37.530849,126.927746
st_06383,멋진신세계,한강에서만난인어공주,서울 영등포구 한강남자전거길 1451,37.530849,126.927746
st_06384,멋진신세계,영문빌딩,서울 영등포구 경인로77길 14,37.513006,126.892913
st_06385,멋진신세계,GS25 문래승호점,서울 영등포구 경인로77길 14,37.513006,126.892913
st_06386,멋진신세계,경인로74길,서울 영등포구 문래동1가 86-1,37.510086,126.893308
st_06387,멋진신세계,대림동 우리시장,서울 영등포구 도림로64길 16-1,37.496458,126.905085
st_06388,멋진신세계,SBS,서울 양천구 목동서로 161,37.529190,126.873747
st_06389,멋진신세계,아울렛DC백화점,서울 금천구 독산로85길 22,37.472599,126.901819
st_06390,멋진신세계,현충로 육교,서울 동작구 흑석동 172-5,37.511529,126.960900
st_06391,멋진신세계,르다,서울 용산구 올림픽대로 2085-96,37.508032,126.984552
st_06392,멋진신세계,리버힐스파 웰니스센터,서울 용산구 유엔빌리지3길 183,37.536761,127.014257
st_06393,멋진신세계,아이파크몰 용산점,서울 용산구 한강대로23길 55,37.529772,126.964742
st_06394,멋진신세계,용산아이파크몰 달주차장,서울 용산구 한강대로23길 55,37.529772,126.964742
st_06395,멋진신세계,열정갈비 본점,서울 용산구 백범로90라길 31,37.538734,126.969046
st_06396,멋진신세계,남산타워,서울 용산구 용산동2가 산 1-3,37.548943,126.989404
st_06397,멋진신세계,반얀트리 클럽 앤 스파 서울,서울 중구 장충단로 60,37.550071,127.000497
st_06398,멋진신세계,숭례문,서울 중구 세종대로 40,37.559928,126.975360
st_06399,멋진신세계,덕수궁,서울 중구 세종대로 99,37.566087,126.973726
st_06400,멋진신세계,덕수궁돌담길,서울 중구 정동 34-22,37.564836,126.974531
st_06401,멋진신세계,스테이트타워 남산,서울 중구 퇴계로 100,37.560207,126.982926
st_06402,멋진신세계,남산케이블카,서울 중구 소파로 83,37.556925,126.984078
st_06403,멋진신세계,삼순이계단,서울 중구 소파로 46,37.554549,126.981283
st_06404,멋진신세계,어글리베이커스베이글 신당 본점,서울 중구 다산로40길 17,37.564028,127.017085
st_06405,멋진신세계,종로12길,서울 종로구 청계천로 71,37.568783,126.985500
st_06406,멋진신세계,장통교,서울 중구 삼각동 6,37.567922,126.985295
st_06407,멋진신세계,청계천,서울 종로구 관철동 164-2,37.568526,126.985323
st_06408,멋진신세계,서울역사박물관,서울 종로구 새문안로 55,37.570497,126.971075
st_06409,멋진신세계,세종대로 사거리,서울 종로구 세종로 1-78,37.569760,126.977024
st_06410,멋진신세계,KT광화문빌딩,서울 종로구 세종대로 178,37.572151,126.977792
st_06411,멋진신세계,편안한집,서울 종로구 북촌로 133,37.587321,126.983323
st_06412,멋진신세계,경복궁,서울 종로구 사직로 161,37.575904,126.976842
st_06413,멋진신세계,창덕궁,서울 종로구 율곡로 99,37.578870,126.989710
st_06414,멋진신세계,이노88타워,서울 종로구 율곡로 88,37.576808,126.988924
st_06415,멋진신세계,서순라길,서울 종로구 서순라길 149,37.576834,126.991586
st_06416,멋진신세계,약령중앙로,서울 동대문구 약령중앙로 23-2,37.580501,127.036869
st_06417,멋진신세계,인생한의원,서울 동대문구 약령동길 27,37.579569,127.037742
st_06418,멋진신세계,약령중앙로4길,서울 동대문구 약령동길 38,37.579942,127.037971
st_06419,멋진신세계,그랜드 워커힐 서울 더파빌리온,서울 광진구 워커힐로 177,37.558629,127.111707
st_06420,멋진신세계,달공칠 에비뉴,서울 성동구 독서당로 202,37.542968,127.013357
st_06421,멋진신세계,벨레어 청담,서울 강남구 선릉로152길 30,37.524177,127.041921
st_06422,멋진신세계,오프닝,서울 강남구 도산대로34길 22,37.518882,127.031019
st_06423,멋진신세계,브링턴,서울 강남구 학동로42길 21,37.514138,127.036603
st_06424,멋진신세계,파크 하얏트 서울,서울 강남구 테헤란로 606,37.508734,127.064282
st_06425,멋진신세계,파크 하얏트 서울 더 팀버 하우스,서울 강남구 테헤란로 606,37.508734,127.064282
st_06426,멋진신세계,메종 드 플래터 스타시티서울 레스토랑,서울 강동구 구천면로 140,37.542278,127.120514
st_06427,멋진신세계,인천공항,인천 영종구 공항로 272,37.458351,126.427700
st_06428,멋진신세계,인천공항 2터미널,인천 영종구 운서동 2868,37.468432,126.437521
st_06429,멋진신세계,파라다이스시티 아트파라디소,인천 영종구 영종해안남로321번길 186,37.437412,126.455555
st_06430,멋진신세계,네스트호텔,인천 영종구 영종해안남로 19-5,37.424562,126.425382
st_06431,멋진신세계,인천시민애집,인천 제물포구 신포로39번길 74,37.474391,126.622547
st_06432,멋진신세계,서울이엔지 삼월주유소,인천 서해구 경제로 70,37.536008,126.626313
st_06433,멋진신세계,하얀김,인천 계양구 계산로111번길 7,37.538094,126.724357
st_06434,멋진신세계,계산시장입구,인천 계양구 계산시장길 24,37.540602,126.724622
st_06435,멋진신세계,계산시장,인천 계양구 계산시장길 24,37.540602,126.724622
st_06436,멋진신세계,히든가든,인천 연수구 넘말로79번길 58,37.429570,126.694259
st_06437,멋진신세계,인천타워대로,인천 연수구 송도동 29-14,37.398930,126.631971
st_06438,멋진신세계,컨벤시아대로,인천 연수구 해돋이로 130,37.393620,126.649681
st_06439,멋진신세계,샤머니짐 송도점,인천 연수구 컨벤시아대로 81,37.394942,126.650165
st_06440,멋진신세계,센트럴로,인천 연수구 센트럴로 194,37.393786,126.641874
st_06441,멋진신세계,양주한국병원,경기 양주시 화합로 1489,37.838900,127.072898
st_06442,멋진신세계,MBC문화동산,경기 양주시 만송로 394-104,37.790206,127.102776
st_06443,멋진신세계,명가,경기 양주시 장흥면 일영로 365-5,37.677418,126.922301
st_06444,멋진신세계,조이마당스튜디오,경기 파주시 파주읍 봉서산로 245,37.833300,126.803485
st_06445,멋진신세계,홍원연수원,경기 파주시 조리읍 삼릉로 53,37.741229,126.826947
st_06446,멋진신세계,크리스찬메모리얼파크,경기 파주시 조리읍 홀작로 164,37.780754,126.830439
st_06447,멋진신세계,이마트 파주운정점,경기 파주시 한울로 123,37.710389,126.745102
st_06448,멋진신세계,SBS 일산제작센터,경기 고양시 일산서구 일현로 111,37.696804,126.762572
st_06449,멋진신세계,일산호수공원,경기 고양시 일산동구 호수로 595,37.653639,126.768814
st_06450,멋진신세계,얼반웍스 스튜디오,경기 고양시 덕양구 호원길 3-2,37.585967,126.875599
st_06451,멋진신세계,가평대교,경기 가평군 설악면 사룡리 산 140,37.707281,127.490481
st_06452,멋진신세계,아난티코드,경기 가평군 설악면 유명로 1007-90,37.624105,127.480109
st_06453,멋진신세계,HJ매그놀리아국제병원,경기 가평군 설악면 미사리로 267-177,37.691138,127.521375
st_06454,멋진신세계,화성행궁,경기 수원시 팔달구 정조로 825,37.281882,127.014394
st_06455,멋진신세계,메종디탈리,경기 성남시 수정구 설개로 39,37.419607,127.107741
st_06456,멋진신세계,느린마을양조장 야탑점,경기 성남시 분당구 장미로92번길 12,37.412730,127.130701
st_06457,멋진신세계,용인대장금파크,경기 용인시 처인구 백암면 용천드라마길 25,37.119444,127.337089
st_06458,멋진신세계,새말길329번길,경기 광주시 새말길329번길 19,37.383046,127.176213
st_06459,멋진신세계,선향재 한옥 스튜디오,경기 광주시 새말길329번길 17,37.382781,127.176182
st_06460,멋진신세계,광주경찰서,경기 광주시 포돌이로 135,37.408779,127.239425
st_06461,멋진신세계,더한옥헤리티지,강원 영월군 남면 문개실길 37-150,37.200539,128.429215
st_06462,멋진신세계,BTS버스정류장,강원 강릉시 주문진읍 향호리 8-39,37.912408,128.817104
st_06463,멋진신세계,향호해변,강원 강릉시 주문진읍 향호리,37.903776,128.782778
st_06464,멋진신세계,경포생태저류지,강원 강릉시 죽헌동 784,37.781732,128.882443
st_06465,멋진신세계,콩두부한식(재개발),충북 청주시 서원구 충렬로 47-2,36.632664,127.474739
st_06466,멋진신세계,신두리해수욕장,충남 태안군 원북면 신두리 1414-18,36.839961,126.189211
st_06467,멋진신세계,마도 해안절벽,충남 태안군 근흥면 신진도리 산11,36.683561,126.129123
st_06468,멋진신세계,홍산현관아,충남 부여군 홍산면 동헌로 38,36.215270,126.755106
st_06469,멋진신세계,전주향교,전북 전주시 완산구 향교길 139,35.812178,127.157227
st_06470,멋진신세계,도청리쉼터,전북 부안군 변산면 도청리 산 26-34,35.586590,126.492359
st_06471,멋진신세계,요천로(광한루원앞),전북 남원시 요천로 1447,35.404132,127.380504
st_06472,멋진신세계,대산동한주종택,경북 성주군 월항면 한개2길 43,35.930215,128.328461
st_06473,멋진신세계,제주대학교병원,제주 제주시 아란13길 15,33.467209,126.545201
st_06474,멋진신세계,엠버퓨어힐 호텔&리조트 제주,제주 제주시 1100로 2671-30,33.424198,126.488001
st_06475,멋진신세계,엠버리조트,제주 제주시 1100로 2671-51,33.423691,126.489455
st_06476,멋진신세계,산굼부리 주차장,제주 제주시 조천읍 비자림로 768,33.434874,126.688504
st_06477,멋진신세계,산굼부리,제주 제주시 조천읍 비자림로 768,33.434874,126.688504
st_06478,멋진신세계,신창풍차해안도로,제주 제주시 한경면 신창리 1481-22,33.343728,126.169516
st_06479,멋진신세계,토끼섬,제주 제주시 구좌읍 하도리 산 85,33.523982,126.902719
st_06480,멋진신세계,굴동포구,제주 제주시 구좌읍 하도리 385-12,33.522083,126.898861
st_06481,멋진신세계,성읍녹차동굴,제주 서귀포시 표선면 성읍리 2192,33.381613,126.786882
st_06766,모범택시1,개화동집,서울 강서구 개화동로13길 26-10,37.577737,126.802347
st_06768,모범택시1,성아해물생선,서울 동대문구 왕산로33길 28,37.580581,127.041927
st_06772,모범택시1,서울마리나 클럽&요트,서울 영등포구 여의서로 160,37.534815,126.911584
st_06773,모범택시1,후암동집,서울 용산구 두텁바위로60길 78,37.548117,126.983904
st_06777,모범택시1,신내동집,서울 중랑구 신내로4길 14,37.600869,127.097202
st_06888,모범택시3,소망김밥,서울 강서구 강서로 429,37.564003,126.839511
st_06890,모범택시3,생오리숯불구이(폐업),서울 은평구 증산로11길 14,37.587594,126.911092
st_06892,모범택시3,증산동집,서울 은평구 증산로13가길 9-12,37.588809,126.909202
st_06894,모범택시3,매봉산로(월드컵파크3단지쪽),서울 마포구 상암동 1718,37.575118,126.890284
st_06898,모범택시3,계림빌딩앞,서울 서대문구 연세로5가길 1,37.557051,126.936097
st_06899,모범택시3,명물길,서울 서대문구 창천동 31-94,37.557834,126.937579
st_06900,모범택시3,한강산책로(서울마리나리조트쪽),서울 영등포구 여의도동 81-8,37.534924,126.913194
st_06902,모범택시3,에프케이아이타워앞 택시정류장,서울 영등포구 여의대로 24,37.522180,126.919917
st_06904,모범택시3,그린코너,서울 용산구 한강대로11길 26,37.525627,126.962367
st_06905,모범택시3,한강대로7길,서울 용산구 한강대로7길 30-39,37.525577,126.961936
st_06907,모범택시3,새창로49길,서울 용산구 새창로49길 3,37.533852,126.962881
st_06909,모범택시3,뚝섬로,서울 용산구 한남동 773-17,37.537170,127.015638
st_06910,모범택시3,후암동집,서울 용산구 두텁바위로60길 78,37.548117,126.983904
st_06918,모범택시3,독서당로62가길,서울 성동구 독서당로62가길 66,37.548445,127.031698
st_06919,모범택시3,생각공장데시앙플렉스,서울 성동구 아차산로17길 49,37.546768,127.065279
st_06922,모범택시3,LIE SANGBONG,서울 강남구 도산대로 451,37.524371,127.045729
st_06923,모범택시3,하이테이블 차병원사거리점,서울 강남구 논현로 604,37.507648,127.034040
st_06926,모범택시3,원창로,인천 서해구 원창로 92,37.517593,126.659320
st_06930,모범택시3,영종대로(1),인천 영종구 은하수로 104,37.495091,126.571850
st_06931,모범택시3,영종대로(2),인천 영종구 중산동 1994,37.491401,126.568626
st_06932,모범택시3,은하수로75번길,인천 영종구 중산동 2000,37.490236,126.570693
st_06933,모범택시3,자연대로,인천 영종구 자연대로 47,37.488696,126.559048
st_06935,모범택시3,어촌로,인천 제물포구 만석동 36-11,37.481961,126.621212
st_06939,모범택시3,테크노파크로,인천 연수구 송도동 78-1,37.388277,126.637944
st_06948,모범택시3,바버샵 웰던 맨즈헤어,경기 고양시 일산동구 중앙로1275번길 38-31,37.660480,126.769588
st_06960,모범택시3,암사대교아래,경기 구리시 아천동 1,37.571817,127.129118
st_06963,모범택시3,안성장례식장(폐업),경기 안성시 능길 35-1,36.996291,127.256759
st_06966,모범택시3,폐리조트,강원 고성군 간성읍 흘리령길 52,38.264866,128.377077
st_06971,모범택시3,수청중앙로,충남 당진시 수청동 2281,36.893514,126.651092
st_06973,모범택시3,오토메카 부설주차장,충남 천안시 서북구 2공단4로 40-6,36.849225,127.121460
st_06975,모범택시3,천안교도소,충남 천안시 서북구 성거읍 상고1길 127,,
st_06978,모범택시3,군산초등학교,전북 군산시 중앙로 170,35.987985,126.712544
st_06979,모범택시3,월명로,전북 군산시 수송동 52-21,35.955734,126.715652
st_06982,모범택시3,창제리,전북 김제시 광활면 창제리 1097-2,35.823470,126.709603
st_06983,모범택시3,천사대교,전남광주통합특별시 신안군 암태면 당사리 산 129,34.874935,126.183176
st_06985,모범택시3,자은고교선착장,전남광주통합특별시 신안군 자은면 한운리,34.920776,126.069272
st_06986,모범택시3,한운길,전남광주통합특별시 신안군 자은면 한운리 307-11,34.922196,126.075198
st_06995,모범택시3,흰여울마을 해안산책로,부산 영도구 영선동4가 605-6,35.079741,129.042816
st_06997,모범택시3,해양힐링로,부산 영도구 동삼동 산33-6,35.063930,129.068286
st_06998,모범택시3,미나토카시이도로,"2-chōme-1 Minatokashii, Higashi Ward, Fukuoka, 813-0019 일본",,
st_06999,모범택시3,하카타항국제터미널 주차장,"14 Okihamamachi, Hakata Ward, Fukuoka, 812-0031 일본",,
st_07000,모범택시3,C.Sビル,"Fukuoka, Chuo Ward, Daimyo, 2 Chome-1-57",,
st_07001,모범택시3,多門ビル,"3-chōme-4 Nakasu, Hakata Ward, Fukuoka, 810-0801 일본",,
st_07002,모범택시3,多門通り,"Fukuoka, Hakata Ward, Nakasu, 3 Chome-3-8",,
st_07004,모범택시3,多門Build’83,"3-chōme-3 Nakasu, Hakata Ward, Fukuoka",,
st_07005,모범택시3,パパヒロヤ 中洲のドラッグストア,"Fukuoka, Hakata Ward, Nakasu, 2 Chome-5-18 20ラインビル 1階",,
st_07006,모범택시3,ラインビル,"2-chōme-5 Nakasu, Hakata Ward, Fukuoka",,
st_07007,모범택시3,Nakagawa St,"2 Chome-3-11 Nakasu, Hakata Ward, Fukuoka, 810-0801 일본",,
st_07008,모범택시3,大丸別荘,"1 Chome-20-1 Yumachi, Chikushino, Fukuoka 818-0058 일본",,
st_07009,모범택시3,ブラザーズジム,"4 Chome-3-12 Nabeshima, Saga, 849-0937 일본",,
st_07010,모범택시3,照葉浅部クリニック,"2 Chome-2-7 Kashiiteriha, Higashi Ward, Fukuoka",,
st_07011,모범택시3,Kashiiteriha St,"7-chōme-1 Kashiiteriha, Higashi Ward, Fukuoka",,
st_07012,모범택시3,はかた近代ビル,"1-chōme-1 Hakataekihigashi, Hakata Ward, Fukuoka",,
st_07013,모범택시3,高橋ビル옆주차장,"2-chōme-5-7 Ropponmatsu, Chuo Ward, Fukuoka",,
st_07014,모범택시3,タイムスペース 今泉第9,"1 Chome-18-45 Imaizumi, Chuo Ward, Fukuoka",,
st_07015,모범택시3,高祖神社,"1240 Takasu, Itoshima, Fukuoka",,
st_07016,모범택시3,宝来軒,"20-21 Shinmachi, Tagawa, Fukuoka",,
st_07017,모범택시3,후쿠오카 컨벤션 센터앞 주차장,"2-2 Sekijomachi, Hakata Ward, Fukuoka",,
st_07018,모범택시3,児童会館通り,"1 Chome-16-12 Imaizumi, Chuo Ward, Fukuoka",,
st_07019,모범택시3,金田駅,"후쿠오카현 Tagawa District, 후쿠치마치 가나다",,
st_07020,모범택시3,唐津市歴史民俗資料館,"7181 Kaigandori, Karatsu, Saga",,
st_07021,모범택시3,ベスト電器みすず庵共同ビル,"1 Chome-9-1 Tenjin, Chuo Ward, Fukuoka",,
st_07210,무브투헤븐,신흥아파트3차,서울 마포구 성미산로29길 45,37.566004,126.921670
st_07211,무브투헤븐,레드문516,서울 마포구 월드컵북로 94,37.562037,126.915063
st_07213,무브투헤븐,새마을금고,서울 은평구 진흥로 77,37.603945,126.921272
st_07214,무브투헤븐,청계상가,서울 중구 청계천로 160,37.567980,126.995365
st_07217,무빙,동교로41길,서울 마포구 동교로41길 31,37.563648,126.923197
st_07222,무빙,이마트24 덕성여대후문점(폐업),서울 도봉구 우이천로 446-3,37.653196,127.017120
st_07224,무빙,대한민국 국가정보원,서울 서초구 내곡동,37.458246,127.076917
st_07228,무빙,통일로,경기 고양시 덕양구 통일로 937-81,37.699714,126.852988
st_07232,무빙,천안슈퍼,경기 광명시 가림로201번길 13,,
st_07235,무빙,성남국빈관나이트,경기 성남시 중원구 산성대로 176-7,37.435882,127.139391
st_07237,무빙,세명대학교 학술정보원,충북 제천시 세명로 65,37.173842,128.196159
st_07241,무빙,(구)홍성여자고등학교,충남 홍성군 홍성읍 도청대로93번길 13-17,36.612559,126.660718
st_07242,무빙,남장로(상가동앞),충남 홍성군 홍성읍 문화로72번길 72,36.590139,126.665287
st_07245,무빙,넙티로 철도건널목,충남 보령시 청소면 진죽리 393-7,36.444664,126.590054
st_07246,무빙,대청로(1),충남 보령시 작은오랏1길 3,36.348073,126.604561
st_07247,무빙,대청로(2),충남 보령시 큰오랏1길 36,36.349474,126.606004
st_07252,무빙,승평동길,전남광주통합특별시 순천시 승주읍 승평동길 61,35.020078,127.376663
st_07254,무빙,당교로,경북 문경시 당교로 188-1,36.584636,128.183791
st_07255,무빙,당교로(2),경북 문경시 당교로 212,36.585129,128.186411
st_07257,무빙,우암로61번길,부산 남구 우암로61번길 16,35.116202,129.080498
st_07258,무빙,양지골로169번길,부산 남구 양지골로169번길 56,35.115989,129.082802
st_07259,무빙,홍곡로,부산 남구 감만동 173-29,35.116307,129.083244
st_07260,무빙,까치익스프레스앞,부산 남구 홍곡로 38,35.116268,129.083437
st_07261,무빙,이원아파트 사거리,부산 남구 양지골로 192,35.116851,129.085954
st_07262,무빙,홍곡로(2),부산 남구 홍곡로 142,35.118193,129.087017
st_07263,무빙,솔개다리 정류장,부산 남구 무민사로 30,35.112671,129.081862
st_07264,무빙,우암로26번길,부산 남구 우암로26번길 14,35.113131,129.082816
st_07265,무빙,양지골로55번길,부산 남구 양지골로55번길 56,35.113623,129.084086
st_07266,무빙,우암로26번길(2),부산 남구 우암로26번길 46,35.113887,129.084152
st_07373,미지의서울,덕산중학교.두산위브아파트 정류장(12499),서울 은평구 신사동 292-5,37.599993,126.904841
st_07374,미지의서울,증산서길,서울 은평구 증산로13길 10,37.588157,126.911775
st_07375,미지의서울,증산동 골목,서울 은평구 증산서길 153-2,37.588441,126.911735
st_07382,미지의서울,준무 연남,서울 마포구 동교로38길 6,37.561651,126.924692
st_07387,미지의서울,여의대로(LG트윈타워앞),서울 영등포구 여의대로 122-2,,
st_07394,미지의서울,강변북로,서울 용산구 청암동 170-1,37.534082,126.945925
st_07398,미지의서울,서빙고초등학교 정류장,서울 용산구 서빙고로51길 17,37.521253,126.990591
st_07399,미지의서울,서울역(15번출구쪽),서울 용산구 청파로 378,37.549118,126.970484
st_07400,미지의서울,퇴계로20길,서울 중구 남산동2가 24-2,37.558032,126.987031
st_07402,미지의서울,을지로(1),서울 중구 을지로2가 9-7,37.566045,126.983664
st_07403,미지의서울,을지로(2),서울 중구 을지로2가 17,37.566571,126.984513
st_07405,미지의서울,SK텔레콤빌딩앞 택시정류장,서울 중구 을지로 65,37.566488,126.985128
st_07406,미지의서울,명동11길,서울 중구 을지로2가 185-1,37.565699,126.985894
st_07409,미지의서울,을지로2가교차로,서울 중구 을지로2가,37.565861,126.984004
st_07413,미지의서울,서린동.SK서린빌딩 정류장,서울 종로구 종로 26,37.569691,126.980304
st_07414,미지의서울,한화빌딩앞,서울 중구 수하동 68-4,37.568033,126.985953
st_07416,미지의서울,디디피,서울 중구 을지로 281,37.568045,127.010890
st_07418,미지의서울,퇴계로83길,서울 중구 퇴계로83길 14,37.566324,127.018657
st_07423,미지의서울,북촌로5길,서울 종로구 북촌로5길 19-7,37.579139,126.984217
st_07425,미지의서울,감고당길(1),서울 종로구 율곡로3길 64,37.578454,126.982249
st_07426,미지의서울,감고당길(2),서울 종로구 율곡로3길 78,37.579119,126.982258
st_07427,미지의서울,북촌5가길,서울 종로구 북촌로5가길 12,37.580151,126.982191
st_07429,미지의서울,진닭강정 앞,서울 종로구 익선동 166-96,37.573265,126.989783
st_07430,미지의서울,포토이즘박스 익선동점 앞,서울 종로구 돈화문로11나길 27,37.573989,126.990173
st_07432,미지의서울,온지심 옆,서울 종로구 돈화문로11다길 17,37.573135,126.990467
st_07433,미지의서울,아트몬스터 익선동점 앞,서울 종로구 돈화문로11다길 30,37.573606,126.990456
st_07434,미지의서울,빻 앞,서울 종로구 돈화문로11다길 40,37.573799,126.989955
st_07435,미지의서울,아씨방앗간 앞,서울 종로구 돈화문로11다길 47,37.573702,126.989563
st_07436,미지의서울,뜰안 앞,서울 종로구 수표로28길 17-35,37.573682,126.989415
st_07437,미지의서울,익선슈팅클럽 앞,서울 종로구 수표로28길 21-13,37.573439,126.989714
st_07438,미지의서울,낙원역 앞,서울 종로구 수표로28길 33-5,37.573359,126.990122
st_07439,미지의서울,치즈인더스트리 앞(폐업),서울 종로구 수표로28길 33-7,37.573429,126.990109
st_07440,미지의서울,에일당 앞,서울 종로구 수표로28길 33-9,37.573514,126.990086
st_07441,미지의서울,통돼지집 앞,서울 종로구 수표로28길 44,37.573226,126.990687
st_07442,미지의서울,마전교지하쇼핑센터(대신사),서울 종로구 동호로 398,37.569939,127.002288
st_07446,미지의서울,티틸 CAFE+BAR,서울 강북구 노해로 42,37.639177,127.022955
st_07448,미지의서울,이설함흥냉면 수유본점,서울 강북구 4.19로 42,37.647336,127.009662
st_07450,미지의서울,어메이징브루잉컴퍼니,서울 성동구 성수일로4길 4,37.542853,127.049366
st_07465,미지의서울,고디바 가로수길 플래그십,서울 강남구 가로수길 46,37.521018,127.023018
st_07485,미지의서울,당진우리병원,충남 당진시 서부로 254,36.894880,126.623886
st_07490,미지의서울,가루실딸기,충남 예산군 덕산면 가루실안길 20-33,36.664691,126.642884
st_07493,미지의서울,남포면집,충남 보령시 남포면 창동3길 31-26,36.318229,126.606569
st_07495,미지의서울,창동1길,충남 보령시 남포면 창동1길 80-22,36.319718,126.608646
st_07496,미지의서울,창동3길,충남 보령시 남포면 창동리 640-6,36.316679,126.609242
st_07498,미지의서울,상월면 농장,충남 논산시 상월면 석종로 30-19,36.313178,127.176488
st_07499,미지의서울,고부천길,전북 부안군 백산면 평교리 604-2,35.702710,126.780576
st_07503,미지의서울,문화마을 정류장,전남광주통합특별시 담양군 수북면 풍수리 1077-1,35.303417,126.935595
st_07504,미지의서울,추성1로,전남광주통합특별시 담양군 수북면 풍수리 1183-1,35.304744,126.938760
st_07507,미지의서울,뉴욕증권거래소,"11 Wall St, New York, NY 10005 미국",,
st_07508,미지의서울,Empire Fulton Ferry State Park,"1 Water St, Brooklyn, NY 11201 미국",,
st_07509,미지의서울,타임즈스퀘어,"165 W 46th St Suite 901, New York, NY 10036 미국",,
st_07695,반짝이는워터멜론,팬엔터테인먼트 사옥,서울 마포구 월드컵북로58길 10,37.581600,126.887076
st_07698,반짝이는워터멜론,엠플레이그라운드 앞,서울 마포구 어울마당로 132,37.555832,126.924667
st_07700,반짝이는워터멜론,삼양 앞,서울 마포구 독막로9길 43,37.550158,126.920520
st_07701,반짝이는워터멜론,참신한약국,서울 마포구 어울마당로 62,37.550601,126.921429
st_07702,반짝이는워터멜론,정든집,서울 마포구 잔다리로 20-13,37.551422,126.920733
st_07705,반짝이는워터멜론,한강대로7길,서울 용산구 한강대로7길 30-12,37.525224,126.961841
st_07706,반짝이는워터멜론,새창로49길 지하도,서울 용산구 새창로 157-1,37.533786,126.962792
st_07707,반짝이는워터멜론,정인케이블 앞,서울 용산구 새창로 153-3,37.534161,126.962680
st_07711,반짝이는워터멜론,남대문시장7길,서울 중구 남대문시장길 7,37.560116,126.976417
st_07712,반짝이는워터멜론,허리케인박 떡볶이닭발,서울 중구 퇴계로76길 58,37.562785,127.014693
st_07717,반짝이는워터멜론,할아버지공장,서울 성동구 성수이로7가길 9,37.541169,127.054965
st_07720,반짝이는워터멜론,대명벨리온 앞,서울 송파구 법원로 127,37.486316,127.118783
st_07723,반짝이는워터멜론,서운체육공원 매점,인천 계양구 봉오대로 855,37.532463,126.743887
st_07724,반짝이는워터멜론,대광그린빌라,인천 부평구 마곡로13번길 19,,
st_07728,반짝이는워터멜론,인하대학교 본관,인천 미추홀구 인하로 100,37.451482,126.651351
st_07731,반짝이는워터멜론,화적연,경기 포천시 영북면 자일리,38.100964,127.288107
st_07734,반짝이는워터멜론,엠아이 폴리스 스튜디오,경기 고양시 일산서구 송산로 502,37.688830,126.734028
st_07735,반짝이는워터멜론,진밭국수 1호점,경기 고양시 일산동구 진밭로 11,37.699831,126.799476
st_07736,반짝이는워터멜론,효자동 저택,경기 고양시 덕양구 북한산로553번길 60,37.672045,126.953595
st_07740,반짝이는워터멜론,운중동 저택,경기 성남시 분당구 운중로165번길 14-6,37.392447,127.081886
st_07741,반짝이는워터멜론,구미동 주택가,경기 성남시 분당구 구미로192번길 32,37.341559,127.127606
st_07743,반짝이는워터멜론,양지파인빌 A동,경기 용인시 처인구 양지면 은이로 191-10,37.213970,127.279320
st_07749,반짝이는워터멜론,명주동,강원 강릉시 명주동,37.750478,128.890673
st_07750,반짝이는워터멜론,오월커피,강원 강릉시 경강로2046번길 11-2,37.750790,128.893149
st_07753,반짝이는워터멜론,충청남도 관사촌,대전 중구 보문로205번길 35,36.321514,127.422254
st_07758,반짝이는워터멜론,약령길,충남 공주시 약령길,36.449707,127.121645
st_07759,반짝이는워터멜론,장대1길 골목,충남 공주시 장대1길,36.450045,127.121188
st_07761,반짝이는워터멜론,벼락 앞,전북 전주시 덕진구 명륜4길 18-3,35.843296,127.127470
st_07762,반짝이는워터멜론,세븐일레븐 전북대점 앞,전북 전주시 덕진구 명륜4길 18,35.843296,127.127013
st_07765,반짝이는워터멜론,전북대 앞,전북 전주시 덕진구 덕진동1가 664-2,35.843887,127.127321
st_07771,반짝이는워터멜론,토모루,경남 거제시 거제중앙로 1898-13,34.888212,128.624750
st_07773,반짝이는워터멜론,신선대,경남 거제시 남부면 갈곶리,34.740631,128.672022
st_07774,반짝이는워터멜론,워싱턴스트리트,"40-58 Washington St, Brooklyn, NY 11201 미국",,
st_07775,반짝이는워터멜론,브루클린 교,10038 New York 미국,,
st_08071,별에서온그대,이즈타워,서울 강남구 테헤란로 101,37.498623,127.028066
st_08074,별에서온그대,거화빌딩,서울 서대문구 신촌로 73,37.556307,126.934520
st_08075,별에서온그대,만화카페,서울 서대문구 창천동 50-6,37.558589,126.937741
st_08079,별에서온그대,한국전령공사 남서울지역옆,서울 영등포구 문래동3가 72-1,37.520278,126.894300
st_08080,별에서온그대,한국전령공사 남서울지역,서울 영등포구 문래동3가 80-1,37.520166,126.892859
st_08084,별에서온그대,세종대로 횡단보도,서울 종로구 세종로 1-68,37.572432,126.976902
st_08085,별에서온그대,원서공원,서울 종로구 원서동 206-4,,
st_08277,북극성,소월로(어반클리프쪽),서울 용산구 후암동 406-97,37.547688,126.984415
st_08278,북극성,금세기빌딩,서울 중구 무교로 6,37.566481,126.979470
st_08279,북극성,"을지로입구역3,4번출구쪽",서울 중구 을지로2가 1-1,37.566261,126.983223
st_08284,북극성,청와대,서울 종로구 청와대로 1,37.586476,126.974937
st_08285,북극성,평창40길,서울 종로구 평창동 411-5,37.615235,126.979673
st_08286,북극성,평창7길,서울 종로구 평창7길 89,37.615855,126.980099
st_08291,북극성,강남대로,서울 강남구 강남대로 446,37.502390,127.025949
st_08292,북극성,윤빌딩,서울 서초구 서초대로74길 3,37.497225,127.026201
st_08294,북극성,코엑스(아셈타워쪽),서울 강남구 영동대로 511,37.510357,127.061024
st_08308,북극성,중앙디엔씨,부산 남구 이기대공원로 57-170,35.131468,129.120672
st_08453,비밀의숲,본동집,서울 동작구 노량진로32길 78,37.510437,126.956576
st_08454,비밀의숲,마포경찰서옆,서울 마포구 마포대로 173,37.549902,126.954456
st_08456,비밀의숲,5500012카페,서울 성북구 장월로 23,37.608229,127.047155
st_08458,비밀의숲,성북구집,서울 성북구 장월로6길 11,37.609206,127.047940
st_08459,비밀의숲,승진슈퍼,서울 성북구 장월로6길 38,37.609740,127.048728
st_08461,비밀의숲,아리따움,서울 성북구 종암로 100,37.599071,127.034729
st_08463,비밀의숲,더사보르,서울 성북구 화랑로19길 20-1,37.607657,127.049468
st_08464,비밀의숲,시져지카페,서울 성북구 화랑로32길 59,37.607972,127.057708
st_08468,비밀의숲,신광사,서울 종로구 종로 176,37.570456,126.997080
st_08623,사내맞선,청담드메르,서울 강남구 도산대로 452,37.523630,127.045734
st_08627,사내맞선,샤론미용실앞,서울 마포구 망원로11길 27-10,37.558854,126.906106
st_08629,사내맞선,돈치킨,서울 마포구 방울내로11길 14,37.561456,126.904520
st_08630,사내맞선,LA갈비,서울 마포구 방울내로11길 35,37.562163,126.903558
st_08633,사내맞선,이태리타올,서울 마포구 와우산로3길 47,37.545542,126.920441
st_08635,사내맞선,몽마르뜨언덕위 은하수다방,서울 마포구 토정로 33-1,37.545772,126.914711
st_08638,사내맞선,에리트빌딩,서울 영등포구 여의대방로65길 12,37.519629,126.930032
st_08643,사내맞선,서울공예박물관앞,서울 종로구 율곡로3길 4,37.576611,126.983261
st_08647,사냥개들2,피자쏭앞,서울 양천구 오목로38길 36,37.521938,126.856536
st_08651,사냥개들2,충무로,서울 중구 충무로 39-1,37.564769,126.992619
st_08652,사냥개들2,충무로5길,서울 중구 을지로3가 320-2,37.565432,126.991376
st_08655,사냥개들2,천호대로91길,서울 동대문구 장한로2길 63,37.561840,127.068807
st_08656,사냥개들2,"한강(동호대교,성수대교사이)",서울 성동구 옥수동 488,37.539603,127.026970
st_08659,사냥개들2,삼성로146길,서울 강남구 삼성로 760,37.522771,127.048424
st_08662,사냥개들2,청라동집,인천 서해구 청라동 77-24,37.540152,126.631322
st_08663,사냥개들2,청라한내로,인천 서해구 청라동 76-7,37.540368,126.628286
st_08665,사냥개들2,청라한내로162번길,인천 서해구 청라한내로162번길 7,37.539831,126.629048
st_08666,사냥개들2,구움다방(폐업),인천 서해구 청라커낼로223번길 4-3,37.528757,126.644137
st_08673,사냥개들2,삼송로(1),경기 고양시 덕양구 삼송동 394,37.651869,126.887236
st_08674,사냥개들2,삼송로(2),경기 고양시 덕양구 원흥동 58-16,37.649727,126.877916
st_08675,사냥개들2,삼송로(3),경기 고양시 덕양구 삼송동 387,37.650353,126.881826
st_08677,사냥개들2,천광카센타,경기 남양주시 화도읍 수레로 1193,37.643691,127.302947
st_08681,사냥개들2,AXIS금정,경기 성남시 중원구 산성대로 398,37.447305,127.158394
st_08682,사냥개들2,자혜로(1),경기 성남시 중원구 자혜로 3,37.450766,127.160037
st_08683,사냥개들2,자혜로(2),경기 성남시 중원구 금빛로 101,37.450707,127.165736
st_08684,사냥개들2,산성대로372번길,경기 성남시 중원구 광명로 299,37.444662,127.159375
st_08685,사냥개들2,광명로,경기 성남시 중원구 광명로 365,37.446675,127.166230
st_08687,사냥개들2,산성대로,경기 성남시 수정구 산성대로 539,37.458973,127.164595
st_08688,사냥개들2,공원로,경기 성남시 수정구 공원로 391,37.445899,127.145647
st_08689,사냥개들2,판교역로,경기 성남시 분당구 판교역로 235,37.402048,127.108691
st_08691,사냥개들2,심재훈 동물병원,경기 평택시 탄현로 310-1,37.080089,127.055196
st_08692,사냥개들2,탄현로(1),경기 평택시 탄현로 315-1,37.080637,127.055226
st_08693,사냥개들2,탄현로(2),경기 평택시 탄현로 262,37.075883,127.055454
st_08694,사냥개들2,우성세라믹스공업,경기 평택시 포승읍 서둔물길 30-34,36.994008,126.894149
st_08698,사냥개들2,청주국제공항,충북 청주시 청원구 내수읍 오창대로 980 5-4,,
st_08703,사냥개들2,옛장흥교도소,전남광주통합특별시 장흥군 장흥읍 원도리 191,34.687303,126.913304
st_08704,사냥개들2,김천 폐대학,경북 김천시 어모면 옥율리 산 27-1,36.175127,128.109025
st_08791,사랑의불시착,아크레도 청담점,서울 강남구 압구정로 410,37.527214,127.041632
st_08794,사랑의불시착,동아디지털미디어센터,서울 마포구 매봉산로 75,37.578452,126.892899
st_08797,사랑의불시착,제네시스비비큐,서울 송파구 중대로 64,37.491494,127.116019
st_08801,사랑의불시착,엔젤리너스,경기 수원시 팔달구 권광로 187,37.264251,127.032472
st_08804,사랑의불시착,신제물포구락부스튜디오,인천 미추홀구 석정로 200,37.467626,126.657471
st_08806,사랑의불시착,영림홈앤리빙 인천갤러리,인천 남동구 아암대로 1085,37.387258,126.688843
st_08981,사이코지만괜찮아,일광전구라이트하우스,인천 제물포구 참외전로174번길 8-1,37.472105,126.635059
st_08982,사이코지만괜찮아,버스정류장,인천 제물포구 화도진로 88,37.479418,126.630347
st_08984,사이코지만괜찮아,웰빙쌈밥앤칡불냉면,인천 남동구 남동대로799번길 44,37.454125,126.705721
st_08987,사이코지만괜찮아,서래갈매기,서울 강남구 강남대로96길 17,37.500136,127.028390
st_08989,사이코지만괜찮아,대성관,서울 동작구 여의대방로 204-1,,
st_08990,사이코지만괜찮아,엔젤리너스,서울 영등포구 여의도동 61-5,37.519410,126.938626
st_08992,사이코지만괜찮아,노들견우카페,서울 용산구 이촌동 361-1,37.520546,126.962485
st_08993,사이코지만괜찮아,후암동집,서울 용산구 후암로28마길 30,37.550410,126.980801
st_09493,선재업고튀어,비엔나커피하우스 상암팬엔터점,서울 마포구 월드컵북로58길 10,37.581600,126.887076
st_09494,선재업고튀어,가온문화공원 앞,서울 마포구 월드컵북로56길 19,37.582343,126.888366
st_09496,선재업고튀어,"한강(양화대교,서강대교사이)",서울 영등포구 여의도동 81-7,37.540607,126.913257
st_09497,선재업고튀어,성산로22길,서울 서대문구 성산로22길 22,37.559882,126.934044
st_09500,선재업고튀어,메머드익스프레스 홍대정문점 앞,서울 마포구 와우산로18길 38,37.551924,126.924000
st_09502,선재업고튀어,카페로드,서울 금천구 범안로 1152,37.466359,126.889851
st_09509,선재업고튀어,복정우물앞,서울 종로구 삼청로4길 12-1,37.582135,126.982030
st_09512,선재업고튀어,삼일대로32길,서울 종로구 삼일대로32길 31-8,37.575703,126.988730
st_09517,선재업고튀어,정릉풍림아이원아파트 125동,서울 성북구 솔샘로25길 28,37.618577,127.006962
st_09518,선재업고튀어,에픽에스프레소더커피바,서울 성동구 무학로 33,37.569164,127.026348
st_09521,선재업고튀어,아크레도 청담점,서울 강남구 압구정로 410,37.527214,127.041632
st_09524,선재업고튀어,계약주식동네포차,인천 계양구 서운로 45-1,37.529796,126.743711
st_09530,선재업고튀어,시향,경기 양주시 은현면 평화로1889번길 101-9,37.857977,127.049361
st_09531,선재업고튀어,부흥로,경기 양주시 만송동 712,37.799537,127.084296
st_09537,선재업고튀어,르팽드파크23,경기 고양시 일산서구 주엽로 80,37.666063,126.756436
st_09545,선재업고튀어,행궁동주민센터앞,경기 수원시 팔달구 신풍로23번길 40,37.284050,127.012648
st_09547,선재업고튀어,신풍연립앞,경기 수원시 팔달구 신풍로39번길 6,37.284629,127.013993
st_09550,선재업고튀어,K3마트앞,경기 수원시 장안구 경수대로743번길 96-2,37.288296,127.019281
st_09551,선재업고튀어,수원천로392번길,경기 수원시 장안구 연무동 189-11,37.288456,127.018812
st_09552,선재업고튀어,경수대로743번길,경기 수원시 장안구 경수대로743번길 64,37.288033,127.020964
st_09554,선재업고튀어,화홍문앞,경기 수원시 팔달구 북수동 25-36,37.287339,127.017147
st_09555,선재업고튀어,수원천,경기 수원시 팔달구 북수동 419,37.284638,127.017841
st_09556,선재업고튀어,화홍문근처,경기 수원시 장안구 영화동 135-1,37.287732,127.017331
st_09564,선재업고튀어,아야진해수욕장,강원 고성군 토성면 아야진리,38.276421,128.548190
st_09565,선재업고튀어,삼원슈퍼,강원 고성군 토성면 아야진옛길 31,38.270499,128.555270
st_09568,선재업고튀어,스테이해돋 앞바다,강원 고성군 토성면 아야진리 56-26,38.270209,128.557249
st_09571,선재업고튀어,마도 해안절벽,충남 태안군 근흥면 신진도리 산11,36.683561,126.129123
st_09572,선재업고튀어,마도길(2),충남 태안군 근흥면 신진도리 233-20,36.680997,126.127413
st_09573,선재업고튀어,마도길,충남 태안군 근흥면 마도길 154-1,36.685586,126.135281
st_09574,선재업고튀어,신진부두,충남 태안군 근흥면 신진부두길 122,36.682108,126.134925
st_09578,선재업고튀어,금강공원길,충남 공주시 금강공원길 5,36.466075,127.123044
st_09581,선재업고튀어,김천실내수영장,경북 김천시 운동장길 1,36.139694,128.086502
st_10114,스물다섯스물하나,동일슈퍼,인천 제물포구 월미로 26-1,37.476503,126.615399
st_10117,스물다섯스물하나,마포진짜원조최대포본점,서울 마포구 마포대로 112-4,37.544561,126.951975
st_10119,스물다섯스물하나,새창로49길,서울 용산구 새창로 157-1,37.533786,126.962792
st_10120,스물다섯스물하나,삼부조명,서울 용산구 청파로 101,37.533463,126.962168
st_10121,스물다섯스물하나,화신유통,서울 용산구 청파로 91,37.533363,126.961387
st_10123,스물다섯스물하나,교보빌딩앞,서울 종로구 종로 1,37.570986,126.977983
st_10153,스위트홈2,강변북로,서울 성동구 금호동4가 1523-2,37.543740,127.024430
st_10214,스터디그룹,한림연예에술고등학교,서울 송파구 충민로 172,37.485109,127.133354
st_10217,스터디그룹,그랜드마트앞,인천 제물포구 송림동 168-15,37.476669,126.640384
st_10218,스터디그룹,송림로61번길,인천 제물포구 송림로61번길 32,37.476132,126.640510
st_10221,스터디그룹,서화어린이공원,인천 미추홀구 도화동 1003-2,37.474667,126.662125
st_10231,스터디그룹,카페 웨이브 시흥거북섬점,경기 시흥시 거북섬둘레길 28,37.324657,126.678566
st_10232,스터디그룹,위례 지웰푸르지오앞,경기 하남시 위례대로 220,37.481718,127.148160
st_10234,스터디그룹,단국대학교 죽전캠퍼스 법정관,경기 용인시 수지구 죽전로 152,37.321194,127.132536
st_10276,스프링피버,해피베어데이 합정 본점,서울 마포구 양화로12길 16-6,37.551704,126.918203
st_10278,스프링피버,여의도환승센터 횡단보도,서울 영등포구 여의도동 2-11,37.525698,126.924241
st_10280,스프링피버,여의나루로,서울 영등포구 여의나루로 60,37.522300,126.926225
st_10281,스프링피버,부국증권사거리,서울 영등포구 국제금융로6길 17,37.521837,126.928150
st_10282,스프링피버,여의나루로2길,서울 영등포구 여의도동 3-7,37.519546,126.923832
st_10283,스프링피버,대륭포스트타워8차,서울 구로구 디지털로26길 43,37.481007,126.894422
st_10288,스프링피버,"서울 중구,종로일대",서울 중구 명동길 74,37.563676,126.986776
st_10295,스프링피버,메종 드 플래터 스타스티서울 레스토랑,서울 강동구 구천면로 140,37.542278,127.120514
st_10297,스프링피버,엠아이 폴리스 스튜디오,경기 고양시 일산서구 송산로 502,37.688830,126.734028
st_10299,스프링피버,삼양라운드힐,강원 평창군 대관령면 횡계리 산1-136,37.736190,128.731515
st_10302,스프링피버,새마을로3599번길,경북 포항시 북구 죽장면 새마을로 3619-7,36.161222,129.094786
st_10307,스프링피버,해안로2626번길,경북 포항시 북구 송라면 해안로2626번길 47,36.222247,129.385403
st_10309,스프링피버,청하로192번길,경북 포항시 북구 청하면 청하로192번길 5-8,36.196749,129.340174
st_10310,스프링피버,청하로175번길(1),경북 포항시 북구 청하면 청하로151번길 20-22,36.194139,129.337253
st_10311,스프링피버,청하로175번길(2),경북 포항시 북구 청하면 미남리 428-3,36.194378,129.336137
st_10316,스프링피버,해안로,경북 포항시 북구 흥해읍 해안로 1773,36.161119,129.397249
st_10317,스프링피버,칠포항,경북 포항시 북구 흥해읍 칠포리,36.145511,129.386812
st_10319,스프링피버,새마을발상지길113번길,경북 포항시 북구 기계면 문성리 702-4,36.064291,129.196407
st_10320,스프링피버,해안로(2),경북 포항시 북구 환호동 산 65-3,36.063808,129.396833
st_10321,스프링피버,해안로(3),경북 포항시 북구 환호동 478-2,36.071613,129.404767
st_10322,스프링피버,해안로(4),경북 포항시 북구 환호동 480-3,36.072502,129.408072
st_10325,스프링피버,청포도다방(폐업),경북 포항시 북구 중앙로298번길 14-6,36.039164,129.367615
st_10332,스프링피버,서동로,경북 포항시 북구 신흥동 678-28,36.041173,129.362238
st_10335,스프링피버,대신로30번길,경북 포항시 북구 대신로30번길 10-2,36.046701,129.369141
st_10339,스프링피버,희망대로,경북 포항시 남구 희망대로 1171-1,36.034051,129.380538
st_10343,스프링피버,포항공대 메타세콰이어,경북 포항시 남구 청암로 77,36.010588,129.321301
st_10347,스프링피버,호미로,경북 포항시 남구 호미곶면 대동배리 산 26-8,36.065666,129.537282
st_10349,스프링피버,해맞이로46번길(1),경북 포항시 남구 호미곶면 해맞이로46번길 34,36.066166,129.571229
st_10350,스프링피버,해맞이로46번길,경북 포항시 남구 호미곶면 대보리 53-7,36.065274,129.572191
st_10351,스프링피버,해맞이로46번길(3),경북 포항시 남구 호미곶면 강사리 772-17,36.059221,129.575807
st_10352,스프링피버,일출로,경북 포항시 남구 호미곶면 일출로596번길 5,36.042110,129.579657
st_10354,스프링피버,구평리집,경북 포항시 남구 구룡포읍 동해안로4260번길 18,35.946377,129.538566
st_10355,스프링피버,구평보건소 정류장(285034),경북 포항시 남구 구룡포읍 동해안로4260번길 3,35.946620,129.536878
st_10356,스프링피버,석병리집(1),경북 포항시 남구 구룡포읍 일출로328번길 48-4,36.023068,129.578396
st_10358,스프링피버,석병리집(2),경북 포항시 남구 구룡포읍 일출로204번길 17,36.013067,129.578212
st_10360,스프링피버,구룡포길계단(동백꽃필무렵),경북 포항시 남구 구룡포읍 구룡포리 384-1,35.991110,129.560590
st_10361,스프링피버,구룡포생활문화센터,경북 포항시 남구 구룡포읍 용주로7번길 30,,
st_10363,스프링피버,호미로,경북 포항시 남구 구룡포읍 구룡포리 954-32,35.990759,129.559408
st_10367,스프링피버,동해안로3261번길,경북 포항시 남구 장기면 동해안로 3261,35.878168,129.516681
st_10369,스프링피버,양포항길,경북 포항시 남구 장기면 양포항길 54,35.881619,129.519448
st_10371,스프링피버,계원리 등대,경북 포항시 남구 장기면 계원리 1-2,35.870555,129.533516
st_10445,슬기로운감빵생활,개화동집,서울 강서구 개화동로7길 26-11,37.580080,126.801035
st_10447,슬기로운감빵생활,상암DMC홍보관.YTN,서울 마포구 상암동 1715,37.579999,126.887548
st_10448,슬기로운감빵생활,히브루스,서울 마포구 서강로 144,37.554486,126.936628
st_10450,슬기로운감빵생활,신촌설렁탕,서울 서대문구 성산로 494-30,37.560609,126.941377
st_10453,슬기로운감빵생활,봄봄,서울 성동구 성수동2가 314-20,37.543529,127.054562
st_10457,슬기로운의사생활,하남돼지/코엑스점,서울 강남구 테헤란로81길 53,37.510575,127.055624
st_10459,슬기로운의사생활,병원1층/파리크라상,서울 강서구 공항대로 260,37.557263,126.836267
st_10462,슬기로운의사생활,보나베띠/여의도점,서울 영등포구 은행로 30,37.528200,126.922656
st_10464,시그널,GS25 중계에이스점,서울 노원구 덕릉로 699,37.660129,127.075210
st_10465,시그널,미증유옆,서울 마포구 상암동 2-65,37.578285,126.896040
st_10470,시그널,CU맞은편,서울 은평구 갈현로 326,37.625540,126.918099
st_10471,시그널,은영슈퍼,서울 은평구 증산로13길 32,37.588228,126.909425
st_10474,시그널,다음코리아,서울 종로구 서순라길 17-9,37.571816,126.993344
st_10477,시그널,전일모터스,서울 종로구 율곡로 269,37.573435,127.007358
st_10479,시그널,헬로양꼬치,서울 마포구 동교동 201-20,37.556695,126.921386
st_10839,신입사원강회장,세종대로,서울 종로구 세종로 1-68,37.572432,126.976902
st_10841,신입사원강회장,청계천로,서울 종로구 창신동 436-91,37.569895,127.011088
st_10842,신입사원강회장,동대문신발상가,서울 종로구 청계천로 307,37.570071,127.011949
st_10847,신입사원강회장,강남대로,서울 서초구 강남대로 403,37.498458,127.026816
st_10852,신입사원강회장,테헤란로,서울 강남구 역삼동 804,37.501249,127.038332
st_10866,신입사원강회장,경기동로186번길,경기 오산시 부산동 790,37.156967,127.092250
st_10867,신입사원강회장,춘천시종합경기장,강원 춘천시 스포츠타운길 136,37.855221,127.693260
st_10878,신입사원강회장,Gardens by the Bay East,"11 Rhu Cross,싱가포르 437440",,
st_11216,아이돌아이,마곡중앙14로,서울 강서구 마곡중앙14로 22,37.568866,126.830044
st_11219,아이돌아이,LG사이언스파크 정류장(16108),서울 강서구 마곡중앙10로 30,37.563403,126.831230
st_11220,아이돌아이,증산동집(1),서울 은평구 증산로13가길 12-7,37.589226,126.910226
st_11221,아이돌아이,증산동집(2),서울 은평구 증산로13가길 12-9,37.589213,126.910343
st_11222,아이돌아이,증산로13가길(1),서울 은평구 증산동 131-167,37.588847,126.910019
st_11223,아이돌아이,증산로13가길(2),서울 은평구 증산로13가길 13,37.589036,126.909660
st_11224,아이돌아이,증산로13가길(3),서울 은평구 증산로13가길 16-1,37.589105,126.909373
st_11227,아이돌아이,희우정로,서울 마포구 희우정로15길 1,37.553794,126.902079
st_11229,아이돌아이,서강로,서울 마포구 노고산동 112-12,37.553245,126.933709
st_11235,아이돌아이,영등포역 육교,서울 영등포구 영등포동 618-499,37.513605,126.904079
st_11236,아이돌아이,경인로94길,서울 영등포구 경인로94길 9-7,37.514519,126.903322
st_11241,아이돌아이,경희초등학교,서울 동대문구 경희대로 26,37.593949,127.054891
st_11243,아이돌아이,매봉18길,서울 성동구 금호동2가 산 9-14,37.551542,127.017195
st_11250,아이돌아이,압구정로,서울 강남구 청담동 145,37.526108,127.046215
st_11251,아이돌아이,도산대로,서울 강남구 도산대로 322,37.522216,127.037175
st_11253,아이돌아이,영종순환로,인천 영종구 운북동 1367-3,37.526414,126.507413
st_11254,아이돌아이,너와집노래방,인천 제물포구 차이나타운로52번길 11,37.474967,126.617978
st_11255,아이돌아이,차이나타운로,인천 제물포구 차이나타운로 56-19,37.474854,126.617928
st_11256,아이돌아이,제물량로,인천 제물포구 제물량로 258,37.474791,126.617831
st_11263,아이돌아이,엠아이 폴리스 스튜디오,경기 고양시 일산서구 송산로 502,37.688830,126.734028
st_11265,아이돌아이,월드고양로,경기 고양시 일산동구 월드고양로 138-1,37.656316,126.759736
st_11277,아이돌아이,사랑마트,경기 성남시 수정구 태평로108번길 8-1,37.450273,127.138547
st_11480,알고있지만,샛별빌라,서울 마포구 독막로19길 20-15,37.548686,126.925586
st_11481,알고있지만,인시즌,서울 마포구 성미산로29길 16,37.564851,126.922600
st_11484,알고있지만,그대와인,서울 마포구 어울마당로5길 52,37.550084,126.917981
st_11485,알고있지만,산울림소극장버정,서울 마포구 와우산로 150-1,37.554348,126.929917
st_11486,알고있지만,자연인들,서울 마포구 와우산로22길 34,37.551024,126.924189
st_11489,알고있지만,몽마르뜨언덕위 은하수다방,서울 마포구 토정로 33-1,37.545772,126.914711
st_11493,알고있지만,후암동집,서울 용산구 두텁바위로60길 78,37.548117,126.983904
st_11497,알고있지만,소월로계단,서울 용산구 소월로 168,37.547958,126.984237
st_11498,알고있지만,빈티지샵,서울 용산구 우사단로10길 114,37.531309,127.001269
st_11500,알고있지만,우리동네키움센터,서울 용산구 이태원로36길 7,,
st_11502,알고있지만,골목집화로구이/한대포,서울 용산구 한강대로39길 12-12,37.531194,126.968697
st_11606,약한영웅2,CU신월하나점(폐업),서울 양천구 곰달래로 46,37.529795,126.837911
st_11607,약한영웅2,한성상가,서울 구로구 경인로55길 51,37.503773,126.876244
st_11609,약한영웅2,삼진기업주변,서울 구로구 신도림로15길 20,37.509704,126.881466
st_11610,약한영웅2,헤이피피 홍대점,서울 마포구 와우산로17길 19-11,37.549666,126.921696
st_11612,약한영웅2,어울마당로,서울 마포구 서교동 365-28,37.551328,126.921372
st_11614,약한영웅2,영등포경찰서앞,서울 영등포구 국회대로 608,37.525989,126.901193
st_11615,약한영웅2,이앤비하이코,서울 영등포구 버드나루로8길 12,37.523604,126.911854
st_11616,약한영웅2,영등포로,서울 영등포구 영등포로 379-1,37.513964,126.920433
st_11617,약한영웅2,밤동산지하보도,서울 영등포구 신길동 5-8,37.514628,126.922259
st_11618,약한영웅2,영등포로67가길,서울 영등포구 영등포로79길 9,37.514607,126.921223
st_11619,약한영웅2,영등포로79가길,서울 영등포구 영등포로79가길 12,37.514639,126.920191
st_11621,약한영웅2,쓰리팝PC카페대방점,서울 동작구 등용로 123,37.512143,126.931722
st_11622,약한영웅2,노량진로26길,서울 동작구 노량진로26길 57,37.510114,126.955479
st_11623,약한영웅2,문배동이안아파트앞 정류장,서울 용산구 청파로 205-6,37.538227,126.970348
st_11625,약한영웅2,효창원로69길,서울 용산구 효창원로69길 15,37.541854,126.961261
st_11628,약한영웅2,중대로 횡단보도,서울 송파구 중대로 192,37.498902,127.126295
st_11629,약한영웅2,송파사회복지관.성요셉성당 정류장,서울 송파구 문정로 221,37.498225,127.140635
st_11630,약한영웅2,거마로7길,서울 송파구 거마로7길 44,37.497752,127.141487
st_11639,약한영웅2,대전시민천문대 주차장,대전 유성구 과학로 213-48,36.381622,127.353662
st_11642,약한영웅2,오랑1길 육교,대전 서구 대신2길 49,36.311264,127.379756
st_11643,약한영웅2,육교앞,대전 서구 대신2길 49,36.311264,127.379756
st_11830,언더커버미쓰홍,다원레스토랑,서울 강서구 공항대로65길 1-5,37.550390,126.867060
st_11831,언더커버미쓰홍,스위스그랜드호텔,서울 서대문구 연희로 353,37.589378,126.935518
st_11832,언더커버미쓰홍,뱅센느,서울 서대문구 연희로11길 41,37.568242,126.929206
st_11833,언더커버미쓰홍,판자집,서울 서대문구 연세로2길 29,37.556347,126.938510
st_11834,언더커버미쓰홍,대포막창,서울 마포구 양화로6길 57-5,37.548945,126.917471
st_11835,언더커버미쓰홍,강변한신코아아파트,서울 마포구 마포대로4다길 18,37.536326,126.943912
st_11836,언더커버미쓰홍,서울마리나뒤쪽,서울 영등포구 여의도동 81-10,37.535716,126.911166
st_11837,언더커버미쓰홍,서강대교,서울 영등포구 여의도동 83-1,37.535855,126.924794
st_11838,언더커버미쓰홍,국회의사당,서울 영등포구 의사당대로 1,37.532912,126.916404
st_11839,언더커버미쓰홍,글래드여의도,서울 영등포구 의사당대로 16,37.527409,126.917265
st_11840,언더커버미쓰홍,미켈레커피 여의도점,서울 영등포구 의사당대로 38,37.526108,126.918710
st_11841,언더커버미쓰홍,켄싱턴호텔 여의도 뉴욕뉴욕,서울 영등포구 국회대로76길 16,37.530289,126.921969
st_11842,언더커버미쓰홍,여의도일대&마포대교,서울 영등포구 여의도동 85-2,37.532429,126.935734
st_11843,언더커버미쓰홍,여의도순복음교회 제2교육관,서울 영등포구 국회대로76길 25,37.530100,126.923668
st_11844,언더커버미쓰홍,엄마손감자탕,서울 영등포구 은행로 3,37.527512,126.919666
st_11845,언더커버미쓰홍,국회앞 지하보도,서울 영등포구 은행로 14,37.527122,126.920832
st_11846,언더커버미쓰홍,정우빌딩앞,서울 영등포구 은행로 29,37.529082,126.921889
st_11847,언더커버미쓰홍,한국수출입은행본점 옆,서울 영등포구 은행로 38,37.528637,126.923399
st_11848,언더커버미쓰홍,백원,서울 영등포구 여의공원로 101,37.529272,126.924893
st_11849,언더커버미쓰홍,여의공원로,서울 영등포구 여의공원로 111,37.529797,126.925781
st_11850,언더커버미쓰홍,대오빌딩앞,서울 영등포구 여의나루로 53-1,37.522702,126.924994
st_11851,언더커버미쓰홍,신송센터빌딩,서울 영등포구 여의나루로 57,37.523046,126.925616
st_11852,언더커버미쓰홍,여의주,서울 영등포구 국제금융로6길 33,37.520791,126.926912
st_11853,언더커버미쓰홍,리버타워 맞은편,서울 영등포구 63로 36,37.519421,126.938610
st_11854,언더커버미쓰홍,장미의집,서울 영등포구 국제금융로7길 32,37.523309,126.933882
st_11855,언더커버미쓰홍,여의도따로국밥,서울 영등포구 여의대방로69길 28,37.521399,126.930233
st_11856,언더커버미쓰홍,서글렁탕,서울 영등포구 여의대방로 394,37.519391,126.932766
st_11857,언더커버미쓰홍,여의도한강공원(오리배),서울 영등포구 여의동로 252,37.522837,126.941575
st_11858,언더커버미쓰홍,여의도한강공원,서울 영등포구 여의도동 86-7,37.521193,126.941899
st_11859,언더커버미쓰홍,덕원,서울 영등포구 버드나루로6길 6,37.522294,126.912035
st_11860,언더커버미쓰홍,노들섬,서울 용산구 양녕로 445,37.517664,126.958036
st_11861,언더커버미쓰홍,한강대교 아래,서울 용산구 이촌동 376,37.521176,126.960181
st_11862,언더커버미쓰홍,서호교 아래,서울 용산구 이촌동 321-1,37.527948,126.952434
st_11863,언더커버미쓰홍,이촌한강공원,서울 용산구 이촌동 389-1,37.523923,126.954094
st_11864,언더커버미쓰홍,홍돈 용산점,서울 용산구 원효로2가 93-3,37.534583,126.961050
st_11865,언더커버미쓰홍,대원정사 주차장,서울 용산구 두텁바위로60길 49,37.549249,126.983355
st_11866,언더커버미쓰홍,서울스퀘어,서울 중구 한강대로 416,37.555504,126.973751
st_11867,언더커버미쓰홍,남대문시장 E동,서울 중구 남대문시장4길 21,37.559186,126.977654
st_11868,언더커버미쓰홍,남대문시장2길,서울 중구 남창동 51-8,37.559119,126.976516
st_11869,언더커버미쓰홍,명동예술극장,서울 중구 명동길 35,37.564041,126.984202
st_11870,언더커버미쓰홍,로얄호텔서울,서울 중구 명동길 61,37.564386,126.985864
st_11871,언더커버미쓰홍,약현성당,서울 중구 청파로 447-1,37.559193,126.966980
st_11872,언더커버미쓰홍,설가온,서울 종로구 세종대로 175,37.571848,126.976168
st_11873,언더커버미쓰홍,노들집,서울 종로구 돈화문로11다길 14,37.572979,126.990765
st_11874,언더커버미쓰홍,경성의복,서울 종로구 삼일대로30길 56,37.574335,126.990804
st_11875,언더커버미쓰홍,종로,서울 종로구 종로 146-1,37.570242,126.993809
st_11876,언더커버미쓰홍,종로24길,서울 종로구 종로 150,37.570253,126.994235
st_11877,언더커버미쓰홍,남도식당,서울 종로구 수표로20길 18,37.569883,126.990462
st_11878,언더커버미쓰홍,서울보증보험,서울 종로구 김상옥로 29,37.573646,127.000602
st_11879,언더커버미쓰홍,자하문로2길,서울 종로구 통의동 37-4,37.576557,126.972822
st_11880,언더커버미쓰홍,윤보선길,서울 종로구 윤보선길 21,37.576978,126.983938
st_11881,언더커버미쓰홍,이화벽화마을,서울 종로구 율곡로19길 68-48,37.577372,127.007872
st_11882,언더커버미쓰홍,딱지치기,서울 종로구 대학로 127-6,37.582599,127.001337
st_11883,언더커버미쓰홍,해바라기어린이공원,서울 노원구 하계동 277,37.634864,127.071286
st_11884,언더커버미쓰홍,성덕정17길,서울 성동구 성덕정17길 8-1,37.538039,127.055354
st_11885,언더커버미쓰홍,밤과음악사이건대입구점,서울 광진구 아차산로 235,37.540613,127.069530
st_11886,언더커버미쓰홍,더리버사이드호텔,서울 서초구 강남대로107길 6,37.518569,127.018084
st_11887,언더커버미쓰홍,붓처스컷 도산,서울 강남구 언주로 837,37.525255,127.032753
st_11888,언더커버미쓰홍,볼트1932,서울 강남구 압구정로 152,37.525565,127.026049
st_11889,언더커버미쓰홍,로리스 더 프라임 립,서울 서초구 서초대로 411,37.498108,127.025923
st_11890,언더커버미쓰홍,필경재,서울 강남구 광평로 205,37.484906,127.095107
st_11891,언더커버미쓰홍,배재고등학교,서울 강동구 고덕로 227,37.555056,127.150161
st_11892,언더커버미쓰홍,동화마을슈퍼,인천 제물포구 자유공원로 101,37.477769,126.622773
st_11893,언더커버미쓰홍,개항로통닭,인천 제물포구 참외전로 164,37.472910,126.634584
st_11894,언더커버미쓰홍,장천리보도육교,인천 제물포구 유동 3-25,37.470308,126.638953
st_11895,언더커버미쓰홍,송도센트럴파크호텔,인천 연수구 테크노파크로 193,37.390514,126.637403
st_11896,언더커버미쓰홍,양주한국병원,경기 양주시 화합로 1489,37.838900,127.072898
st_11897,언더커버미쓰홍,양주장례문화원,경기 양주시 평화로1357번길 8,37.812501,127.044545
st_11898,언더커버미쓰홍,의정부시외버스터미널,경기 의정부시 동일로 640,37.745212,127.055078
st_11899,언더커버미쓰홍,두원공과대학교,경기 파주시 파주읍 주라위길 159,37.816901,126.800710
st_11900,언더커버미쓰홍,조이마당스튜디오,경기 파주시 파주읍 봉서산로 245,37.833300,126.803485
st_11901,언더커버미쓰홍,용상사,경기 파주시 월롱면 용상골길 403,37.798224,126.766278
st_11902,언더커버미쓰홍,광탄성당,경기 파주시 광탄면 심궁로 76-38,37.778093,126.859039
st_11903,언더커버미쓰홍,금촌동골목,경기 파주시 황골로 46-7,37.754932,126.774088
st_11904,언더커버미쓰홍,장촌공원,경기 고양시 일산서구 중앙로 1525,37.674020,126.751507
st_11905,언더커버미쓰홍,법원공무원교육원,경기 고양시 일산동구 호수로 523,37.649036,126.771122
st_11906,언더커버미쓰홍,바람개비 레스토랑,경기 고양시 덕양구 동헌로9번길 8,37.704898,126.859169
st_11907,언더커버미쓰홍,상동아크로텔오피스텔,경기 부천시 원미구 부일로205번길 54,37.490834,126.753631
st_11908,언더커버미쓰홍,협동산업공단,경기 남양주시 의안로260번길 46-18,37.649026,127.247822
st_11909,언더커버미쓰홍,캔모아 용인점,경기 용인시 처인구 금령로 99,37.235743,127.207486
st_11910,언더커버미쓰홍,책마을 광주점,경기 광주시 중앙로145번길 25,37.412380,127.254569
st_11911,언더커버미쓰홍,서정리장례식장,경기 평택시 정암로 78-14,37.055151,127.063528
st_11912,언더커버미쓰홍,양양국제공항,강원 양양군 손양면 공항로 201,38.058894,128.662743
st_11913,언더커버미쓰홍,한라생활공조관,대전 대덕구 대덕대로1448번길 70,36.444473,127.409122
st_11914,언더커버미쓰홍,진복식당,전북 부안군 줄포면 줄포중앙로 62,35.591305,126.679158
st_11983,언젠가는 슬기로울 전공의생활,서울역11번출구 정류장,서울 용산구 동자동 12-1,37.553606,126.973790
st_11984,언젠가는 슬기로울 전공의생활,세종대로12길,서울 중구 태평로2가 71,37.561872,126.976668
st_11985,언젠가는 슬기로울 전공의생활,서대문역 주변,서울 종로구 송월길 99,37.570861,126.962352
st_11986,언젠가는 슬기로울 전공의생활,광화문 주변,서울 종로구 사직로 161,37.575904,126.976842
st_11987,언젠가는 슬기로울 전공의생활,이디야 낙원동점앞,서울 종로구 삼일대로 436-1,37.573602,126.988019
st_11988,언젠가는 슬기로울 전공의생활,삼일대로,서울 종로구 경운동 2-5,37.574948,126.987102
st_12000,언젠가는 슬기로울 전공의생활,용인 동백호수공원,경기 용인시 기흥구 중동,37.268293,127.158732
st_12004,엄마친구아들,동교로29길,서울 마포구 동교로39길 11,37.561702,126.923615
st_12007,엄마친구아들,NGT빌딩 옆골목,서울 마포구 합정동 429-66,37.552073,126.910519
st_12009,엄마친구아들,성산로22길,서울 서대문구 창천동 89-19,37.560172,126.933821
st_12013,엄마친구아들,남산타워,서울 용산구 용산동2가 산 1-3,37.548943,126.989404
st_12015,엄마친구아들,충현슈퍼 앞,서울 중구 동호로17길 105,37.554305,127.005092
st_12019,엄마친구아들,감고당길 + 윤보선길,서울 종로구 안국동 177-1,37.577327,126.982752
st_12020,엄마친구아들,보뜨 플라워앞,서울 종로구 윤보선길 28,37.577352,126.983976
st_12021,엄마친구아들,소허당앞,서울 종로구 윤보선길 51,37.578308,126.983414
st_12022,엄마친구아들,삼청로2길,서울 종로구 삼청로2길 37-1,37.580089,126.981369
st_12023,엄마친구아들,북촌로5길,서울 종로구 북촌로5길 78,37.580079,126.980669
st_12025,엄마친구아들,북촌로12길,서울 종로구 북촌로12길 24-1,37.582438,126.985847
st_12026,엄마친구아들,창덕궁길,서울 종로구 창덕궁길 45,37.579553,126.989150
st_12027,엄마친구아들,볼링장 정류장,서울 종로구 창덕궁1길 13,37.579111,126.988428
st_12029,엄마친구아들,왕짱구식당,서울 종로구 계동길 83,37.581091,126.986679
st_12031,엄마친구아들,풍년식품 앞,서울 종로구 창덕궁길 127,37.582885,126.988875
st_12032,엄마친구아들,창덕궁로5길,서울 종로구 창덕궁5길 9,37.583359,126.989108
st_12036,엄마친구아들,윤동주문학관잎,서울 종로구 창의문로 119,37.592097,126.967069
st_12037,엄마친구아들,한양도성 백악구간(와룡공원쪽),서울 종로구 삼청동,37.584998,126.981758
st_12039,엄마친구아들,한국문예회관 골목,서울 종로구 대학로8길 7,37.581186,127.003000
st_12043,엄마친구아들,삼선교로4길,서울 성북구 삼선교로4길 63,37.584913,127.007276
st_12044,엄마친구아들,구포국수앞,서울 성북구 성북로12길 2,37.592684,127.002653
st_12046,엄마친구아들,삼양로141길(1),서울 강북구 삼양로141길 14,37.650233,127.012397
st_12047,엄마친구아들,우이동 주택,서울 강북구 삼양로141길 30,37.650024,127.011463
st_12048,엄마친구아들,삼양로141길(2),서울 강북구 삼양로141길 55,37.649097,127.011049
st_12052,엄마친구아들,고반식당 수락산점,서울 노원구 동일로242길 66,37.674334,127.058770
st_12054,엄마친구아들,서래섬,서울 서초구 반포동 137-41,,
st_12057,엄마친구아들,마제스티 타바론 티 라운지,서울 강남구 도산대로 327,37.523120,127.037599
st_12058,엄마친구아들,개포로116길,서울 강남구 개포로116길 19,37.493025,127.081850
st_12059,엄마친구아들,"중동빌딩, 마루공원 주차장앞",서울 강남구 개포로 638,37.494351,127.082380
st_12061,엄마친구아들,인하대학교 하이데거의숲,인천 미추홀구 소성로 71,37.447533,126.659507
st_12062,엄마친구아들,투썸플레이스 송도센트럴파크점,인천 연수구 센트럴로 194 A동,37.393786,126.641874
st_12066,엄마친구아들,금강헬스,경기 의정부시 흥선로 92,37.742440,127.036939
st_12067,엄마친구아들,만화속으로,경기 의정부시 평화로542번길 7,37.740528,127.048005
st_12072,엄마친구아들,일산로636번길,경기 고양시 일산서구 일산로636번길 37-7,37.683381,126.759388
st_12076,엄마친구아들,능안어린이공원,경기 고양시 일산동구 마두동 958,37.659918,126.783307
st_12081,엄마친구아들,더블트리 바이 힐튼 서울 판교 닉스,경기 성남시 분당구 백현로 26,37.380365,127.104382
st_12090,엄마친구아들,설악산소공원,강원 속초시 설악동,38.166461,128.467815
st_12092,엄마친구아들,헌화로,강원 강릉시 강동면 헌화로,37.658759,129.056623
st_12095,엄마친구아들,오송생명로,충북 청주시 흥덕구 오송읍 오송생명로 123,36.635404,127.324632
st_12096,엄마친구아들,오송프라자,충북 청주시 흥덕구 오송읍 오송생명로 186,36.631115,127.329616
st_12100,엄마친구아들,동부로73번길,대전 동구 동부로73번길 108,36.326448,127.458763
st_12101,엄마친구아들,문충사옆길,대전 동구 동부로85번길 57,36.324703,127.460495
st_12102,엄마친구아들,용운동 집,대전 동구 새울로91번길 32-3,36.326682,127.459676
st_12103,엄마친구아들,실비식당,충남 천안시 서북구 쌍용14길 53,36.796803,127.121629
st_12104,엄마친구아들,수화림,충남 서산시 해미면 일락골길 368-10,36.724028,126.578917
st_12105,엄마친구아들,월미도테마파크,인천 제물포구 월미문화로 81,37.471461,126.596296
st_12164,여신강림,스와로브스키,서울 강남구 가로수길 59,37.521890,127.022521
st_12165,여신강림,에이바우트커피 역삼,서울 강남구 논현로 319,37.493786,127.039877
st_12169,여신강림,우리은행버정,서울 강남구 도산대로 513,37.524794,127.049471
st_12170,여신강림,위드뷰티살롱,서울 강남구 도산대로70길 16,37.522564,127.045129
st_12172,여신강림,글렌페딕,서울 강남구 압구정로50길 14,37.527429,127.037876
st_12173,여신강림,압구정곱떡,서울 강남구 압구정로50길 28,37.526648,127.037303
st_12174,여신강림,에이바우트커피 강남대치점,서울 강남구 역삼로 415,37.501289,127.052396
st_12177,여신강림,동아디지털미디어센터옆,서울 마포구 상암동 1708,37.578320,126.893551
st_12180,여신강림,파쿠모리앞,서울 마포구 어울마당로 132-1,37.555804,126.924804
st_12181,여신강림,은행골앞,서울 마포구 어울마당로 143-1,37.556561,126.925782
st_12182,여신강림,땡초,서울 마포구 어울마당로 151,37.556780,126.926616
st_12185,여신강림,공룡슈퍼,서울 마포구 와우산로17길 10,37.550321,126.922492
st_12186,여신강림,홍대수노래방본점,서울 마포구 와우산로21길 37,37.552279,126.921797
st_12187,여신강림,춘지본가,서울 마포구 와우산로25길 28,37.554583,126.926143
st_12191,여신강림,츄,서울 마포구 와우산로29다길 20,37.554796,126.927275
st_12192,여신강림,미래하이빌,서울 마포구 토정로11길 19,37.545788,126.925474
st_12194,여신강림,모모커피마카롱,서울 서대문구 이화여대길 22,37.557821,126.946000
st_12195,여신강림,더샘이대점,서울 서대문구 이화여대길 63,37.559065,126.944927
st_12196,여신강림,네이처리퍼블릭,서울 서대문구 이화여대길 83,37.559051,126.943753
st_12197,여신강림,미니스톱,서울 영등포구 여의도동 2,37.525536,126.921593
st_12200,여신강림,숙대옆길,서울 용산구 청파동2가 134-6,37.545515,126.963342
st_12202,여신강림,중앙중버정,서울 종로구 계동 1-27,37.586251,126.985678
st_12203,여신강림,닌옆골목1,서울 종로구 계동길 116,37.582509,126.986909
st_12204,여신강림,닌옆골목2,서울 종로구 계동길 117,37.582537,126.986771
st_12205,여신강림,닌,서울 종로구 계동길 122-1,37.582772,126.986907
st_12209,여신강림,위드메이트,서울 종로구 동숭2길 3,37.580834,127.004448
st_12211,여신강림,감사원버정,서울 종로구 북촌로 109,37.586217,126.985011
st_12212,여신강림,가회동골목,서울 종로구 북촌로 46-3,37.580960,126.985806
st_12215,여신강림,소쇼,서울 종로구 북촌로6길 32-4,37.580205,126.986371
st_12216,여신강림,청계천옆,서울 종로구 서린동 161,37.569370,126.978059
st_12217,여신강림,경복궁.국립민속박물관맞은편,서울 종로구 소격동 57-2,37.580221,126.980092
st_12221,여신강림,Y&아니마,서울 종로구 윤보선길 31,37.577380,126.983707
st_12223,여신강림,북촌세븐,서울 종로구 윤보선길 78,37.579275,126.983683
st_12225,여신강림,덕성여고앞,서울 종로구 율곡로3길 64,37.578454,126.982249
st_12227,여신강림,윤동주시인문학관앞,서울 종로구 창의문로 119,37.592097,126.967069
st_12230,여신강림,평창동집,서울 종로구 평창11길 51,37.609946,126.966073
st_12231,여신강림,지리산흑돼지,서울 중구 명동10길 19-27,37.563172,126.985836
st_12232,여신강림,장군보쌈,서울 중구 명동10길 7-6,37.563344,126.985558
st_12235,여신강림,명동에그드랍,서울 중구 명동8길 8-10,37.563372,126.984101
st_12386,역도요정김복주,홍대공차,서울 마포구 어울마당로 114,37.554836,126.923220
st_12387,역도요정김복주,홍익숯불갈비소금구이,서울 마포구 어울마당로 146-1,37.556260,126.926243
st_12388,역도요정김복주,그린클라우드,서울 마포구 와우산로 138,37.553572,126.928993
st_12389,역도요정김복주,천하,서울 마포구 와우산로14길 4,37.550062,126.923372
st_12391,역도요정김복주,몬스터치즈떡볶이,서울 마포구 와우산로29길 57,37.555849,126.926997
st_12392,역도요정김복주,오두막,서울 마포구 와우산로29바길 11-4,37.555613,126.926164
st_12393,역도요정김복주,신발가게,서울 마포구 홍익로 7,37.553248,126.923499
st_12394,역도요정김복주,신촌던킨,서울 서대문구 명물길 34,37.558206,126.938508
st_12395,역도요정김복주,순두부랑생선구이앞,서울 서대문구 명물길 54,37.558807,126.939328
st_12396,역도요정김복주,신촌메인길(뽕잎사랑),서울 서대문구 연세로 30,37.558269,126.937133
st_12398,역도요정김복주,부엉이돈까스앞,서울 서대문구 연세로4길 62,37.558505,126.939760
st_12400,역도요정김복주,작은마을,서울 성북구 정릉로6길 35,37.610220,126.994588
st_12402,역도요정김복주,솔티핫티,서울 용산구 이태원로55길 45,37.537864,126.998922
st_12405,역도요정김복주,창경궁옆놀이터,서울 종로구 성균관로5길 29,37.584554,126.995722
st_12406,역도요정김복주,서소문미술관앞,서울 중구 정동 6-1,37.565776,126.972580
st_12429,연인,화적연,경기 포천시 영북면 자일리,38.100964,127.288107
st_13171,오징어게임,사이버고시원,인천 미추홀구 석정로150번길 43,37.467541,126.654352
st_13173,오징어게임,휴먼안경보청기,서울 강북구 삼양로 579,37.654697,127.012711
st_13175,오징어게임,민지미용실,서울 노원구 한글비석로36길 86,37.664569,127.073677
st_13176,오징어게임,뽀꼬팡,서울 도봉구 덕릉로60가길 59,37.637161,127.038719
st_13180,오징어게임,쌍문동집,서울 도봉구 우이천로48길 30-7,37.655858,127.017632
st_13182,오징어게임,힐링호프,서울 마포구 큰우물로 41,37.543134,126.943456
st_13183,오징어게임,양재시민의숲역(양재방향4-4),서울 서초구 매헌로 지하 116,37.469979,127.038326
st_13188,오징어게임,신한금융투자,서울 영등포구 여의대로 70,37.524839,126.924185
st_13191,오징어게임,상봉터미널,서울 중랑구 상봉로 117,,
st_13192,오징어게임2,비단길현대시장(호남수산),서울 금천구 독산로39길 34,37.458249,126.903590
st_13193,오징어게임2,신도림로11다길,서울 구로구 신도림동 291-176,37.508897,126.876798
st_13196,오징어게임2,풍아산업앞,서울 구로구 신도림로11다길 22-13,37.508708,126.877072
st_13198,오징어게임2,가온문화공원 사거리,서울 마포구 상암동 1594,37.581846,126.887624
st_13199,오징어게임2,월드컵북로60길,서울 마포구 월드컵북로58길 15,37.582358,126.886699
st_13200,오징어게임2,성암로,서울 마포구 상암동 1695-1,37.583764,126.886354
st_13201,오징어게임2,양화로,서울 마포구 양화로 129,37.555061,126.920694
st_13202,오징어게임2,연세안경앞,서울 마포구 신촌로16길 4,37.555506,126.934817
st_13203,오징어게임2,산장앞,서울 마포구 와우산로18길 10,37.550619,126.923604
st_13204,오징어게임2,엔비,서울 마포구 와우산로 72,37.550873,126.923407
st_13205,오징어게임2,이태원로,서울 용산구 한남동 727-64,37.540242,127.002332
st_13208,오징어게임2,23번지 남산돈까스본점 옆건물,서울 중구 퇴계로6길 46-5,37.556252,126.979393
st_13210,오징어게임2,충무로,서울 중구 충무로 51,37.565791,126.992498
st_13215,오징어게임2,뚜레쥬르 종로점,서울 종로구 종로 62,37.569934,126.984287
st_13218,오징어게임2,종로구,서울 종로구 대학로 57,37.576559,127.001450
st_13219,오징어게임2,필운대로,서울 종로구 필운대로 35-1,37.579125,126.968652
st_13239,오징어게임2,신선대,경남 거제시 남부면 갈곶리,34.740631,128.672022
st_13240,오징어게임3,IBK기업은행365,서울 강서구 양천로 698,37.549888,126.873321
st_13244,오징어게임3,천안외국인교도소,충남 천안시 서북구 성거읍 상고1길 127,,
st_13247,오징어게임3,LA집,"1025 Marview Ave, Los Angeles, CA 90026 미국",,
st_13248,오징어게임3,LA골목,"214 W 7th St, Los Angeles, CA 90014 미국",,
st_13948,월간남친,마곡역4번출구 정류장(16387),서울 강서구 공항대로 190,37.559042,126.828637
st_13949,월간남친,마곡중앙6로,서울 강서구 강서로 391,37.560545,126.838428
st_13951,월간남친,마곡중앙8로7길(1),서울 강서구 마곡동 792-12,37.562080,126.837998
st_13952,월간남친,마곡중앙8로7길(2),서울 강서구 강서로 419,37.562985,126.839209
st_13953,월간남친,밀화당 강서직영점(폐업),서울 강서구 공항대로 236,37.558541,126.833754
st_13954,월간남친,마곡동로,서울 강서구 공항대로 236,37.558541,126.833754
st_13956,월간남친,월드컵북로(5단지앞),서울 마포구 상암동 1715,37.579999,126.887548
st_13957,월간남친,월드컵북로58길,서울 마포구 상암동 1701,37.582117,126.887873
st_13959,월간남친,연희로11가길,서울 서대문구 연희로11가길 35,37.566812,126.928195
st_13961,월간남친,락휴코인노래연습장 홍대본점,서울 마포구 어울마당로 74,37.551560,126.921632
st_13964,월간남친,한강,서울 영등포구 여의도동 85-2,37.532429,126.935734
st_13965,월간남친,시선 당산역점(폐점),서울 영등포구 양평로 53,37.534319,126.900417
st_13968,월간남친,98도씨국밥 보라매점,서울 동작구 보라매로5길 43,37.491431,126.923417
st_13972,월간남친,백범로90길,서울 용산구 백범로 341,37.537981,126.967988
st_13974,월간남친,백범로90다길,서울 용산구 문배동 31-2,37.536135,126.969723
st_13976,월간남친,백범로,서울 용산구 백범로 320,37.538295,126.964454
st_13977,월간남친,소월로,서울 용산구 이태원동 262-73,37.545311,126.990353
st_13980,월간남친,서소문로11길,서울 중구 정동 34-29,37.565078,126.972897
st_13981,월간남친,서애로,서울 중구 필동3가 29-6,37.559640,126.996303
st_13982,월간남친,필동로,서울 중구 필동로 25,37.559330,126.996376
st_13983,월간남친,디디피,서울 중구 을지로 281,37.568045,127.010890
st_13984,월간남친,세종대로23길,서울 종로구 세종로 81-13,37.571671,126.975935
st_13986,월간남친,계동길,서울 종로구 계동길 89,37.581297,126.986653
st_13990,월간남친,전풍호텔 경양식당 본점,서울 성동구 무학봉28길 7,37.562202,127.033075
st_13991,월간남친,메가박스 성수점(폐점),서울 성동구 왕십리로 50,37.541900,127.044976
st_13994,월간남친,클로리스 코엑스몰(폐업),서울 강남구 영동대로 513,37.511824,127.059159
st_14008,월간남친,고봉로,경기 고양시 일산동구 고봉로 26-14,37.664012,126.765379
st_14014,월간남친,신양수대교,경기 양평군 양서면 용담리 629-2,37.537932,127.322099
st_14015,월간남친,빌리드지디 안산,경기 안산시 단원구 광덕4로 140,37.314931,126.827921
st_14019,월간남친,성남대로287번길,경기 성남시 분당구 정자동 186-3,37.361679,127.106540
st_14027,월간남친,그랜드 조선 부산앞,부산 해운대구 해운대해변로 292,35.160066,129.163128
st_14029,월간남친,벡스코 구름다리,부산 해운대구 APEC로 55,35.169064,129.136018
st_14030,월간남친,광안대교,부산 수영구 민락동 113-52,35.152641,129.128988
st_14031,월간남친,제주 드림타워 스카이뷰 라운지 38,제주 제주시 노연로 12,33.485262,126.481459
st_14039,월간남친,ICC 제주국제컴벤션센터,제주 서귀포시 중문관광로 224,33.241290,126.424443
st_14041,월간남친,NUSTAR Resort & Casino,"Kawit Island, Cebu City, 6000 Cebu, 필리핀",,
st_14042,월간남친,샹그릴라 비치사이드,"Punta Engaño Rd, Lapu-Lapu City, Cebu, 6015 Cebu, 필리핀",,
st_14043,월간남친,Docking Bridge,"824C+6CV Golf Helipad at Shangri-La's Mactan Resort and Spa - Cebu, Lapu-Lapu, Cebu, 필리핀",,
st_14044,월간남친,The Ocean Pavilion at Shangri-La’s Mactan Resort,"824C+576, Road, Lapu-Lapu, Cebu, 필리핀",,
st_14045,월간남친,Fiddler’s Cebu,"F. Ramos St, Cebu City, 6000 Cebu, 필리핀",,
st_14046,월간남친,Bluewater Garden,"72P2+MFR, Maribago, Lapu-Lapu, Cebu, 필리핀",,
st_14047,월간남친,Oyster Bar,"Buyong Rd, Lapu-Lapu, 6015 Cebu, 필리핀",,
st_14048,월간남친,The Old Angler House,"1 Punta Engaño Rd, Punta Engaño, Cebu, 6016 Cebu, 필리핀",,
st_14152,웰컴투삼달리,국회대로76길 여의도순복음교회 앞,서울 영등포구 국회대로76길 15,37.530965,126.923189
st_14155,웰컴투삼달리,플러스준스튜디오 용산,서울 용산구 한강대로98가길 7,37.548000,126.973249
st_14158,웰컴투삼달리,농협종로지점,서울 종로구 우정국로 38,37.572352,126.983465
st_14166,웰컴투삼달리,마두동 전원주택(1),경기 고양시 일산동구 정발산로166번길 20-6,37.661341,126.784249
st_14167,웰컴투삼달리,마두동 전원주택(2),경기 고양시 일산동구 일산로285번길 34-7,37.660925,126.783845
st_14177,웰컴투삼달리,명월국민학교,제주 제주시 한림읍 명월로 48,33.388903,126.264849
st_14191,웰컴투삼달리,올레길20코스,제주 제주시 구좌읍 김녕리 1200-5,33.557706,126.756298
st_14193,웰컴투삼달리,해맞이해안로,제주 제주시 구좌읍 월정리 1400-36,33.563992,126.775990
st_14195,웰컴투삼달리,일주동로,제주 제주시 구좌읍 일주동로 3121,33.523004,126.853060
st_14204,웰컴투삼달리,오조포구 앞,제주 서귀포시 성산읍 오조리,33.461343,126.906686
st_14206,웰컴투삼달리,서퀴피안 베이커리,제주 서귀포시 성산읍 신양로122번길 17,33.435254,126.921975
st_14209,웰컴투삼달리,지환이네수산물,제주 서귀포시 성산읍 신산리 1130-17,33.376000,126.876542
st_14210,웰컴투삼달리,귤창고,제주 서귀포시 성산읍 삼달신풍로4번길 29,33.365786,126.838429
st_14211,웰컴투삼달리,삼달하동로31번길,제주 서귀포시 성산읍 삼달하동로31번길 23,33.369461,126.872249
st_14212,웰컴투삼달리,해안가,제주 서귀포시 성산읍 삼달리 1-14,33.366980,126.871344
st_14213,웰컴투삼달리,해녀의집,제주 서귀포시 성산읍 삼달하동로32번길 3,33.366216,126.871769
st_14217,웰컴투삼달리,해비치CC클럽하우스,제주 서귀포시 남원읍 원님로399번길 319,33.362310,126.721898
st_14218,웰컴투삼달리,망장포,제주 서귀포시 남원읍 하례리,33.282782,126.619242
st_14219,웰컴투삼달리,법환동 해변,제주 서귀포시 최영로 20-1,33.233436,126.512731
st_14222,웰컴투삼달리,일주서로,제주 서귀포시 일주서로 157,33.249924,126.490788
st_14226,웰컴투삼달리,신화가든,제주 서귀포시 안덕면 서광리 산 24-8,33.298961,126.317334
st_14326,유미의세포들3,디팰리스오피스텔,서울 종로구 새문안로2길 10,37.568703,126.971984
st_14327,유미의세포들3,대학로9길,서울 종로구 대학로9길 33,37.581847,127.000185
st_14328,유미의세포들3,멘츠루 대학로점,서울 종로구 창경궁로26길 39,37.582009,126.999790
st_14329,유미의세포들3,L65호텔 웨딩컨벤션,서울 동대문구 왕산로 200,37.579890,127.046161
st_14330,유미의세포들3,백작바이피렌체 청담본점,서울 강남구 삼성로 715,37.519658,127.049404
st_14331,유미의세포들3,인천공항,인천 영종구 공항로 272,37.458351,126.427700
st_14332,유미의세포들3,청라동집,인천 서해구 비즈니스로182번길 17-7,37.540022,126.623878
st_14333,유미의세포들3,청라4교,인천 서해구 청라동 92-31,37.532924,126.627540
st_14334,유미의세포들3,청라대로,인천 서해구 청라동 106-4,37.536019,126.631909
st_14335,유미의세포들3,청라창해문화공원,인천 서해구 청라동 155-19,37.532972,126.642623
st_14336,유미의세포들3,솔빛로,인천 서해구 솔빛로 82,37.525421,126.630106
st_14337,유미의세포들3,청라힐스테이트 정류장(42987),인천 서해구 청라한내로 7,37.525620,126.628093
st_14338,유미의세포들3,솔빛로 횡단보도,인천 서해구 청라동 103-20,37.525446,126.629396
st_14339,유미의세포들3,포시즌키친 청라점,인천 서해구 옥빛로15번길 8,37.524684,126.632373
st_14340,유미의세포들3,더바타타(폐업),인천 서해구 옥빛로15번길 6,37.524597,126.632003
st_14341,유미의세포들3,믿담,인천 검단구 푸른로15번길 6,37.524189,126.630644
st_14342,유미의세포들3,낭만주택앞,인천 검단구 푸른로15번길 16,37.524397,126.631353
st_14343,유미의세포들3,페이지37,인천 서해구 청라에메랄드로41번길 13,37.529058,126.655077
st_14344,유미의세포들3,한마음병원,인천 계양구 계양대로 51,37.528361,126.722058
st_14345,유미의세포들3,메가박스 인천학익점,인천 미추홀구 학익로80번길 11,37.440225,126.646394
st_14346,유미의세포들3,아르도레,인천 연수구 신송로 160,37.398018,126.649196
st_14347,유미의세포들3,호수1교,인천 연수구 송도동 31,37.394779,126.631760
st_14348,유미의세포들3,센트럴파크,인천 연수구 송도동 31,37.394779,126.631760
st_14349,유미의세포들3,송도 아트포레 푸르지오시티,인천 연수구 인천타워대로 257,37.393762,126.633308
st_14350,유미의세포들3,호야네케이크앞,인천 연수구 송도동 85,37.393191,126.630756
st_14351,유미의세포들3,인천도시역사관 앞,인천 연수구 인천타워대로 238,37.392813,126.635889
st_14352,유미의세포들3,컨벤시아대로,인천 연수구 컨벤시아대로 177,37.388314,126.643324
st_14353,유미의세포들3,센트럴로,인천 연수구 센트럴로 232,37.397422,126.636641
st_14354,유미의세포들3,국립세계문자박물관앞 횡단보도,인천 연수구 센트럴로 217,37.394709,126.637887
st_14355,유미의세포들3,인천타워대로,인천 연수구 인천타워대로 185,37.387932,126.637184
st_14356,유미의세포들3,밥상편지 송도점,인천 연수구 하모니로 124,37.385662,126.645167
st_14357,유미의세포들3,트리플스트리트B동,인천 연수구 송도과학로16번길 33-2,37.380445,126.660232
st_14358,유미의세포들3,트리플스트리트D동,인천 연수구 송도과학로16번길 33-4,37.378661,126.662842
st_14359,유미의세포들3,AIT센터,인천 연수구 송도과학로 80,37.379653,126.665958
st_14360,유미의세포들3,대광철물,경기 연천군 신서면 도대로7번길 59,38.184521,127.106429
st_14361,유미의세포들3,니지모리스튜디오,경기 동두천시 천보산로 567-12,37.879202,127.092002
st_14362,유미의세포들3,와석순환로,경기 파주시 와석순환로 417,37.723412,126.751783
st_14363,유미의세포들3,킨텍스,경기 고양시 일산서구 킨텍스로 217-59,37.664695,126.742064
st_14364,유미의세포들3,펫워크,경기 고양시 일산서구 주엽로 80,37.666063,126.756436
st_14365,유미의세포들3,한류월드로,경기 고양시 일산동구 장항동 1871,37.662320,126.752903
st_14366,유미의세포들3,라피아노,경기 김포시 모담공원로28번길 46-42,37.650002,126.686827
st_14367,유미의세포들3,광명역,경기 광명시 광명역로 21,37.416364,126.884877
st_14368,유미의세포들3,오이도로(CG),경기 시흥시 오이도로 143,37.348014,126.688911
st_14369,유미의세포들3,오이도횟집,경기 시흥시 오이도로 127,37.348045,126.690174
st_14370,유미의세포들3,수원KT위즈파크,경기 수원시 장안구 경수대로 893,37.297843,127.011348
st_14371,유미의세포들3,칠링더데이,경기 수원시 팔달구 화서문로41번길 15-14,37.286168,127.011809
st_14372,유미의세포들3,화서문로,경기 수원시 팔달구 화서문로42번길 1,37.285142,127.012721
st_14373,유미의세포들3,빌리브하남 오피스텔,경기 하남시 덕풍서로 80,37.553550,127.205966
st_14374,유미의세포들3,GS25 동탄타워점,경기 화성시 동탄구 동탄첨단산업1로 27,37.210865,127.089446
st_14375,유미의세포들3,세븐일레븐 동탄반도유보라점,경기 화성시 동탄구 동탄광역환승로 73,37.202886,127.090020
st_14376,유미의세포들3,제이드가든,강원 춘천시 남산면 햇골길 80,37.832747,127.542141
st_14377,유미의세포들3,스카이어드벤처,충북 충주시 앙성면 단암길 19-1,37.193752,127.743557
st_14378,유미의세포들3,아난티 코브,부산 기장군 기장읍 기장해안로 268-31,35.200164,129.228896
st_14379,유미의세포들3,기장해안로,부산 해운대구 송정동 288-52,35.181302,129.205806
st_14380,유미의세포들3,루아앤티그리,부산 해운대구 청사포로67번길 99,35.162361,129.192430
st_14381,유미의세포들3,마린시티1로(1),부산 해운대구 마린시티1로 147,35.156488,129.147493
st_14382,유미의세포들3,마린시티1로(2),부산 해운대구 마린시티3로 37,35.155449,129.146607
st_14383,유미의세포들3,광안대교,부산 수영구 민락동 113-52,35.152641,129.128988
st_14384,유미의세포들3,부산역,부산 동구 중앙대로 206,35.117605,129.045060
st_14385,유미의세포들3,보수동 책방골목,부산 중구 대청로 63-1,35.103208,129.027035
st_14386,유미의세포들3,카페385,부산 영도구 태종로 539,35.084266,129.076290
st_14387,유미의세포들3,레드펄스 부산점,부산 영도구 해양로117번길 1,35.094734,129.067323
st_14388,유미의세포들3,계단위푸른집,부산 사하구 감내1로243번길 3,35.098215,129.009686
st_14389,유미의세포들3,감내1로,부산 사하구 감내1로 249,35.097869,129.010010
st_14390,유미의세포들3,감천문화마을 골목,부산 사하구 감천동 산 96-3,35.097272,129.009831
st_14391,유미의세포들3,감천문화마을,부산 사하구 감내2로 142,35.098337,129.008810
st_14690,응답하라1988,뮈렌,서울 강남구 봉은사로2길 31 2층,37.502610,127.026544
st_14694,응답하라1988,그린클라우드,서울 마포구 와우산로 138,37.553572,126.928993
st_14700,응답하라1988,후암동 골목,서울 용산구 한강대로102다길 33,37.548117,126.974960
st_14701,응답하라1988,후암동 골목,서울 용산구 한강대로102다길 34,37.547908,126.974759
st_14903,이번생도잘부탁해,서부트럭터미널,서울 양천구 신정로 167,37.509345,126.841884
st_14911,이번생도잘부탁해,홍제천길,서울 서대문구 홍제동 266-271,37.592085,126.944680
st_14915,이번생도잘부탁해,유진상가,서울 서대문구 통일로 484,37.591574,126.943076
st_14916,이번생도잘부탁해,세검초등학교 정류장,서울 종로구 진흥로 497,37.604316,126.961513
st_14917,이번생도잘부탁해,평창동 집,서울 종로구 평창11길 51,37.609946,126.966073
st_14919,이번생도잘부탁해,무교로,서울 중구 무교로 32,37.568766,126.979562
st_14921,이번생도잘부탁해,미레에셋센터원,서울 중구 을지로5길 26,37.567340,126.985209
st_14922,이번생도잘부탁해,한화빌딩,서울 중구 청계천로 86,37.567521,126.986527
st_14923,이번생도잘부탁해,미니스톱 앞,서울 종로구 청계천로 61,37.568981,126.984314
st_14925,이번생도잘부탁해,리플린,서울 종로구 북촌로4길 2,37.578969,126.985381
st_14926,이번생도잘부탁해,재동초앞 삼거리,서울 종로구 재동 23,37.579419,126.985452
st_14931,이번생도잘부탁해,왕짱구식당,서울 종로구 계동길 83,37.581091,126.986679
st_14932,이번생도잘부탁해,비담,서울 종로구 북촌로8길 5,37.581070,126.985458
st_14935,이번생도잘부탁해,인사동그집 골목,서울 종로구 인사동12길 3,37.574465,126.984650
st_14937,이번생도잘부탁해,세운상가 3층,서울 중구 을지로 157,37.567146,126.995451
st_14942,이번생도잘부탁해,영등포고 뒷골목,서울 동작구 등용로4길 81-10,,
st_14944,이번생도잘부탁해,큰길타워빌딩 앞,서울 강남구 테헤란로 223,37.502400,127.040673
st_14946,이번생도잘부탁해,프리데카 라운지,서울 강남구 도산대로57길 8,37.524138,127.041443
st_14952,이번생도잘부탁해,조이마당(촬영장 스튜디오),경기 파주시 파주읍 봉서산로 245,37.833300,126.803485
st_14953,이번생도잘부탁해,문발동 집,경기 파주시 유채꽃길 72,37.722294,126.704879
st_14954,이번생도잘부탁해,교하로,경기 파주시 동패동 1833,37.715182,126.739050
st_14955,이번생도잘부탁해,퍼스트가든 그린하우스,경기 파주시 탑삭골길 260,37.732645,126.794974
st_14957,이번생도잘부탁해,와석순환로/가온지하차도,경기 파주시 와석순환로172번길 7-25,37.714750,126.740192
st_14960,이번생도잘부탁해,까멜,경기 고양시 일산동구 중앙로1261번길 17,37.658020,126.772808
st_14961,이번생도잘부탁해,다온프라자,경기 김포시 김포한강9로 80,37.644123,126.626053
st_14962,이번생도잘부탁해,한강어린이15공원,경기 김포시 운양동 1315-1,37.651106,126.690711
st_14965,이번생도잘부탁해,수원전통문화관 옆골목,경기 수원시 팔달구 정조로 893,37.287551,127.014492
st_14968,이번생도잘부탁해,더스윙블랙 용인보정점,경기 용인시 기흥구 죽전로 2,37.320215,127.108971
st_14969,이번생도잘부탁해,용구대로,경기 용인시 기흥구 죽현로 8-22,37.319771,127.108965
st_14970,이번생도잘부탁해,정원생활,경기 용인시 처인구 백암면 백원로 436,37.159677,127.361619
st_14971,이번생도잘부탁해,마임비전빌리지 스테이지풀,경기 여주시 세종대왕면 용은리 444-6,37.289690,127.539340
st_14972,이번생도잘부탁해,마임비전빌리지 돌담가든,경기 여주시 세종대왕면 용은리 444-6,37.289690,127.539340
st_14973,이번생도잘부탁해,마임비전빌리지 흙집돌집,경기 여주시 세종대왕면 용은리 444-6,37.289690,127.539340
st_14975,이번생도잘부탁해,별별별장,강원 강릉시 하남길 197-18,37.807994,128.886227
st_14976,이번생도잘부탁해,충주호리조트,충북 충주시 동량면 호반로 675-20,37.033721,128.040923
st_14977,이번생도잘부탁해,한국테크노링,충남 태안군 남면 기업도시로 1298,36.648080,126.343596
st_14978,이번생도잘부탁해,피스플라워팜,충남 아산시 배방읍 중리길 46,36.742748,127.046949
st_14979,이번생도잘부탁해,채석강,전북 부안군 변산면 격포리,35.632873,126.473262
st_14980,이번생도잘부탁해,고창 메밀밭,전북 고창군 공음면 학원농장길 242-9,35.381047,126.541246
st_14983,이번생도잘부탁해,옥룡암 대웅전,경북 경주시 탑골길 36,35.815356,129.233247
st_14985,이번생도잘부탁해,명선도,울산 울주군 서생면 진하리,35.380871,129.344979
st_14987,이번생도잘부탁해,나사등대,울산 울주군 서생면 나사리,35.361483,129.337013
st_15173,이상한변호사우영우,카자구루마,경기 수원시 팔달구 신풍로23번길 61,37.283716,127.011557
st_15174,이상한변호사우영우,인천골목,인천 제물포구 송현공원로 92,37.480248,126.642351
st_15179,이상한변호사우영우,금호대우아파트203동,서울 성동구 독서당로 272,37.545330,127.017925
st_15180,이상한변호사우영우,외환은행빌딩,서울 중구 서소문로 110,37.562669,126.973564
st_15251,이재곧죽습니다,커피빈 앞,서울 마포구 성암로 301,37.582469,126.887938
st_15252,이재곧죽습니다,합정역스퀘어리버뷰어피스텔,서울 마포구 양화로 13,37.548844,126.910554
st_15258,이재곧죽습니다,본동 집,서울 동작구 노량진로32길 70,37.510888,126.956789
st_15261,이재곧죽습니다,종각역4번출구,서울 종로구 종로2가 84-11,37.569929,126.987728
st_15263,이재곧죽습니다,신설동종합시장 우성빌딩,서울 종로구 종로66길 50,37.572643,127.021779
st_15264,이재곧죽습니다,서울시립대 경농관 앞,서울 동대문구 서울시립대로 163,37.582578,127.059988
st_15268,이재곧죽습니다,테헤란로,서울 강남구 테헤란로 517,37.508615,127.059765
st_15269,이재곧죽습니다,산곡동,인천 부평구 마장로307번길 36,,
st_15277,이재곧죽습니다,아일랜드캐슬 그랜드볼룸,경기 의정부시 장곡로 22,37.706993,127.053385
st_15280,이재곧죽습니다,시장거리길,경기 파주시 파주읍 시장거리길 54,37.831605,126.817929
st_15285,이재곧죽습니다,미그웨치 앞,경기 고양시 덕양구 화신로272번길 42,37.632778,126.831927
st_15286,이재곧죽습니다,진솔그린프라자 앞,경기 고양시 덕양구 화신로260번길 37,37.632486,126.832531
st_15289,이재곧죽습니다,GS25 김포아라점,경기 김포시 고촌읍 아라육로58번길 105,37.593830,126.789276
st_15292,이재곧죽습니다,석현전원마을 주택,경기 용인시 기흥구 석현로 39,37.271137,127.078923
st_15295,이재곧죽습니다,신남방파제,강원 삼척시 원덕읍 갈남리,37.270409,129.323271
st_15302,이재곧죽습니다,태조로(2),전북 전주시 완산구 태조로 31,35.814255,127.151260
st_15304,이재곧죽습니다,최명희길,전북 전주시 완산구 최명희길 17-5,35.816105,127.152710
st_15305,이재곧죽습니다,장흥교도소,전남광주통합특별시 장흥군 장흥읍 원도리 191,34.687303,126.913304
st_15309,이재곧죽습니다,이순신대로,부산 동구 초량동 1232-1,,
st_15310,이재곧죽습니다,센텀서로,부산 해운대구 센텀중앙로 55,35.173046,129.127655
st_15311,이재곧죽습니다,센턴시티사거리,부산 해운대구 센텀서로 20,35.171321,129.128981
st_15313,이태원클라쓰,오토바이사고거리,서울 마포구 성암로 13길 36,37.576566,126.897119
st_15314,이태원클라쓰,장가포차(만만코코로),서울 마포구 양화로16길 34,37.552888,126.921357
st_15315,이태원클라쓰,코다차야,서울 마포구 와우산로 48,37.548556,126.923441
st_15316,이태원클라쓰,아빠식당(마포소금구이),서울 마포구 와우산로32길 38-2,37.554614,126.932240
st_15319,이태원클라쓰,써스티몽크맞은편,서울 용산구 녹사평대로 40길 52,37.534355,126.988574
st_15321,이태원클라쓰,단밤1호점,서울 용산구 녹사평대로 40길 59,37.534476,126.989097
st_15322,이태원클라쓰,디펜스거리,서울 용산구 녹사평대로 40나길 1,37.534597,126.987983
st_15323,이태원클라쓰,노리테이블,서울 용산구 녹사평대로 40나길 1,37.534597,126.987983
st_15324,이태원클라쓰,마루쿠식당/조이의공간,서울 용산구 녹사평대로 46길 31,37.537503,126.988484
st_15325,이태원클라쓰,수아네집(뉴일무이),서울 용산구 두텁바위로 40길 28-16,37.547497,126.983871
st_15327,이태원클라쓰,단밤2호점(오리올),서울 용산구 신흥로20길 43,37.547398,126.984058
st_15329,이태원클라쓰,이태원거리(세계음식문화거리),서울 용산구 이태원동 108-3,37.535021,126.994592
st_15330,이태원클라쓰,천사의날개,서울 용산구 이태원동 116-18,37.535010,126.992331
st_15331,이태원클라쓰,싸대기골목,서울 용산구 이태원로 143-13,37.534595,126.989260
st_15332,이태원클라쓰,라운지클럽(펌킨),서울 용산구 이태원로 179,37.534814,126.993735
st_15333,이태원클라쓰,더파이니스트,서울 용산구 회나무로 41,37.539835,126.991167
st_15334,이태원클라쓰,놀이터(창의어린이공원),서울 용산구 회나무로6길 11-8,37.538406,126.989035
st_15335,이태원클라쓰,단밤회식장소(더부스 광화문),서울 종로구 청계천로 11,37.569484,126.978868
st_15336,이태원클라쓰,백범광장공원,서울 중구 남창동 205-4,37.555678,126.977501
st_15337,이태원클라쓰,장가본사/스테이트타워남산,서울 중구 퇴계로 100,37.560207,126.982926
st_15665,작은아씨들,광명신우연립,경기 광명시 가림로215번길 19,,
st_15669,작은아씨들,성갤러리,서울 마포구 와우산로 124,37.553218,126.927232
st_15670,작은아씨들,기계회관본관앞 횡단보도,서울 영등포구 은행로 37,37.529453,126.922618
st_15681,작은아씨들,평창동집,서울 종로구 평창6길 91,37.617623,126.977039
st_15683,작은아씨들,반얀트리 페스타,서울 중구 장충단로 60,37.550071,127.000497
st_15687,작은아씨들,아크레도 청담점,서울 강남구 압구정로 410,37.527214,127.041632
st_15694,작은아씨들,영상산업센터,부산 해운대구 센텀서로 39,35.172286,129.126629
st_16034,조각도시,월드컵북로,서울 마포구 상암동 1715,37.579999,126.887548
st_16035,조각도시,누리꿈스퀘어 옆길,서울 마포구 상암동 1705,37.580289,126.890547
st_16036,조각도시,월드컵북로44길(1),서울 마포구 월드컵북로44길 39,37.576491,126.895022
st_16037,조각도시,월드컵북로44길(2),서울 마포구 월드컵북로44길 50,37.576904,126.894893
st_16038,조각도시,월드컵북로44길(3),서울 마포구 월드컵북로44길 68,37.577531,126.894124
st_16039,조각도시,월드컵북로44길(4),서울 마포구 월드컵북로44길 76-10,37.577957,126.894001
st_16040,조각도시,매봉산로,서울 마포구 상암동 1708-2,37.578149,126.894173
st_16041,조각도시,YTN뉴스퀘어.CJE&M정류장앞(14628),서울 마포구 상암산로 66,37.578396,126.891522
st_16042,조각도시,오야스시(폐업),서울 마포구 월드컵북로 338,37.576203,126.894408
st_16045,조각도시,구로유통상가,서울 구로구 경인로54길 4,37.500594,126.878082
st_16047,조각도시,노들섬 정류장(03340),서울 용산구 이촌동 304-16,37.517420,126.958574
st_16048,조각도시,청파로(원효전자상가앞),서울 용산구 한강로3가 16-19,37.533290,126.960983
st_16049,조각도시,원효전자상가(1),서울 용산구 원효로3가 51-46,37.533727,126.959639
st_16050,조각도시,원효전자상가(2),서울 용산구 원효로3가 51-29,37.533674,126.960274
st_16051,조각도시,새창로42길,서울 용산구 새창로42길 8,37.534516,126.961594
st_16052,조각도시,청파로(전자랜드앞),서울 용산구 한강로3가 16-46,37.532831,126.961039
st_16053,조각도시,원효로,서울 용산구 원효로 147,37.534715,126.959448
st_16054,조각도시,신흥시장(르몽블랑앞),서울 용산구 신흥로 99-4,37.544909,126.984857
st_16056,조각도시,명동일대,서울 중구 명동8길 27,37.562531,126.985167
st_16057,조각도시,중부공원여가센터 앞 터널,서울 중구 삼일대로 231,37.555624,126.992200
st_16058,조각도시,삼영기계상사(폐업),서울 중구 을지로36길 35,37.565063,127.001905
st_16059,조각도시,디디피,서울 중구 을지로 281,37.568045,127.010890
st_16060,조각도시,도산공원 정류장(23162),서울 강남구 언주로 812,37.522962,127.033873
st_16061,조각도시,언주로,서울 강남구 언주로 710-2,37.517007,127.035594
st_16062,조각도시,테헤란로,서울 강남구 역삼동 804,37.501249,127.038332
st_16063,조각도시,도곡로,서울 강남구 도곡로 458,37.498340,127.060454
st_16067,조각도시,영흥북로35번길(1),인천 옹진군 영흥면 영흥북로35번길 39,37.257968,126.499530
st_16068,조각도시,영흥북로35번길(2),인천 옹진군 영흥면 내리 5-51,37.258428,126.499844
st_16069,조각도시,영흥북로,인천 옹진군 영흥면 영흥북로 47,37.257036,126.500568
st_16075,조각도시,명인빌딩앞,경기 파주시 가온로 284,37.725649,126.757987
st_16079,조각도시,미래로,경기 고양시 일산서구 대화동 121-23,37.687206,126.743502
st_16080,조각도시,고양대로,경기 고양시 일산서구 대화동 2514,37.669794,126.740875
st_16081,조각도시,송포로,경기 고양시 일산서구 대화동 1966-15,37.676956,126.727216
st_16086,조각도시,진미상가,경기 고양시 덕양구 행당로11번길 5,37.620121,126.825930
st_16087,조각도시,행당로,경기 고양시 덕양구 행당로 24-12,37.618999,126.826869
st_16088,조각도시,행신로 횡단보도,경기 고양시 덕양구 행신동 653-2,37.618821,126.829138
st_16090,조각도시,강매로,경기 고양시 덕양구 강매동 650-1,37.598452,126.832419
st_16093,조각도시,아라육로152번길,경기 김포시 고촌읍 아라육로152번길 100,37.597237,126.785234
st_16097,조각도시,다산순환로,경기 남양주시 다산동 6273-2,37.615140,127.151427
st_16098,조각도시,다산중앙로(1),경기 남양주시 다산중앙로 119,37.623835,127.153009
st_16099,조각도시,다산중앙로(2),경기 남양주시 다산중앙로 132,37.625554,127.153316
st_16103,조각도시,아마빌리스,경기 광주시 머루숯길81번길 35,37.366662,127.154853
st_16105,조각도시,평화로,강원 춘천시 근화동 590-9,37.886014,127.714901
st_16106,조각도시,올라,강원 춘천시 중앙로77번길 39-1,37.877610,127.729331
st_16107,조각도시,중앙로77번길,강원 춘천시 중앙로77번길 41,37.877665,127.729414
st_16110,조각도시,(구)광주교도소,전남광주통합특별시 북구 문흥동 88-1,35.187161,126.930272
st_16111,조각도시,장흥교도소,전남광주통합특별시 장흥군 용산면 장흥대로 2667,,
st_16114,조각도시,일광로,부산 기장군 일광읍 일광로 236,35.271951,129.244157
st_16117,조각도시,누리마루APCE하우스,부산 해운대구 동백로 116,35.152342,129.151362
st_16118,조각도시,해운대,부산 해운대구 우동,35.172727,129.148400
st_16119,조각도시,광안대교,부산 수영구 민락동 113-52,35.152641,129.128988
st_16120,조각도시,봉래나루로,부산 영도구 봉래나루로 182,35.096494,129.043673
st_16121,조립식가족,푸른수목원,서울 구로구 항동 96-4,37.4839833354275,126.82541340864
st_16123,조립식가족,성산로22길 지하도,서울 서대문구 창천동 84-88,37.559496,126.934396
st_16125,조립식가족,산울림피아노,경기 의정부시 호국로1291번길 10,37.744365,127.047661
st_16129,조립식가족,파주 롯데프리미엄아울렛,경기 파주시 탄현면 필승로 200,37.769351,126.695385
st_16130,조립식가족,유승앙브와즈101동 정류장,경기 파주시 탄현면 법흥리 1761-2,37.771976,126.699151
st_16135,조립식가족,와석순환로,경기 파주시 와석순환로 417,37.723412,126.751783
st_16136,조립식가족,활자마을 정류장,경기 파주시 신촌동 736-2,37.731162,126.690952
st_16141,조립식가족,밀밭베이커리 금촌 본점,경기 파주시 번영로 20,37.758042,126.771091
st_16142,조립식가족,복술,경기 파주시 번영로 20,37.758042,126.771091
st_16145,조립식가족,토르타앳더코너,경기 파주시 청암로48번길 8-17,37.732485,126.736276
st_16148,조립식가족,소노캄고양 옆길,경기 고양시 일산동구 장항동 1768,37.661951,126.750214
st_16154,조립식가족,제물량로(인천아트플랫폼쪽),인천 제물포구 제물량로218번길 3,37.472789,126.620609
st_16157,조립식가족,사주일기,인천 제물포구 자유공원남로 1,37.473762,126.620848
st_16158,조립식가족,카페 나인티플러스,인천 제물포구 신포로23번길 80-1,37.473276,126.621046
st_16161,조립식가족,제물량로335번길,인천 제물포구 제물량로335번길 57,37.482460,126.618255
st_16162,조립식가족,만석부두로6번길,인천 제물포구 만석부두로6번길 14-1,37.487808,126.622751
st_16164,조립식가족,맥아더장군동상 앞 계단,인천 제물포구 송학동1가 1-1,37.474661,126.623441
st_16172,조립식가족,경주톨게이트,경북 경주시 율동 502-12,35.810752,129.191820
st_16173,조립식가족,화랑의언덕,경북 경주시 산내면 내일리 산261-2,35.767325,129.089873
st_16177,조립식가족,한빛어린이공원,경북 경주시 성건동 692,35.853715,129.204214
st_16180,조립식가족,경주오릉 남천 산책길,경북 경주시 탑동 904-112,35.824787,129.206755
st_16183,조립식가족,동해안로,경북 경주시 감포읍 동해안로 2546,35.828610,129.512134
st_16187,조립식가족,나정감포모래해변,경북 경주시 감포읍 동해안로 1915,35.778940,129.492726
st_16189,조립식가족,양남항구길,경북 경주시 양남면 양남항구길 61-1,35.694406,129.475075
st_16195,조립식가족,행암동종점 정류장,경남 창원시 진해구 행암동 153-4,35.115968,128.701137
st_16352,중증외상센터,마곡중앙2로,서울 강서구 마곡동 801-14,37.557333,126.834089
st_16358,중증외상센터,우정국로,서울 종로구 관훈동 151-2,37.574744,126.982956
st_16362,중증외상센터,대각빌딩,서울 서초구 서초대로78길 5,37.497259,127.027374
st_16363,중증외상센터,미진프라자,서울 강남구 강남대로 390,37.497840,127.028579
st_16370,중증외상센터,인하대학교 본관,인천 미추홀구 인하로 100,37.451482,126.651351
st_16372,중증외상센터,호국로550번길(1),경기 양주시 장흥면 울대리 423-8,37.716598,126.979028
st_16373,중증외상센터,호국로550번길(2),경기 양주시 장흥면 호국로550번길 157,37.714409,126.981680
st_16377,중증외상센터,판교역로,경기 성남시 분당구 삼평동 641-2,37.397154,127.109672
st_16378,중증외상센터,정통춘천닭갈비 안산점,경기 안산시 상록구 송호3길 4,37.312139,126.846351
st_16380,중증외상센터,오성첨단의료산업진흥재단,충북 청주시 흥덕구 오송읍 오송생명로 123,36.635404,127.324632
st_16382,중증외상센터,신성대학교 국제회의실,충남 당진시 정미면 대학로 1,36.853709,126.593769
st_16395,지금거신전화는,남산타워,서울 용산구 용산동2가 산 1-3,37.548943,126.989404
st_16399,지금거신전화는,평창동집,서울 종로구 평창동 489-8,37.613706,126.970751
st_16403,지금거신전화는,강남역 주변,서울 서초구 서초대로74길 11,37.496633,127.026914
st_16404,지금거신전화는,테헤란로,서울 강남구 테헤란로 317,37.503974,127.045763
st_16405,지금거신전화는,강남대로,서울 강남구 강남대로 562,37.512173,127.021251
st_16407,지금거신전화는,하이파킹 청담디자이너크럽 주차장,서울 강남구 선릉로152길 11,37.524298,127.040431
st_16414,지금거신전화는,삼성역주변,서울 강남구 테헤란로 지하 538,37.508862,127.063073
st_16417,지금거신전화는,동막2교 삼거리,경기 연천군 연천읍 동막리 246-5,38.090404,127.110735
st_16421,지금거신전화는,목동동집,경기 파주시 산내로123번길 6-12,37.725842,126.735437
st_16426,지금거신전화는,중앙로,경기 양평군 양평읍 중앙로 112,37.493324,127.501279
st_16428,지금거신전화는,동안로159번길,경기 안양시 동안구 동안로159번길 26,37.392194,126.948619
st_16429,지금거신전화는,방아머리로,경기 안산시 단원구 사근여길 23,37.283403,126.572855
st_16430,지금거신전화는,네모,경기 성남시 수정구 창업로 17,37.412013,127.097830
st_16436,지금거신전화는,세븐일레븐 평택고덕산업단지점,경기 평택시 고덕면 고덕여염11길 14,,
st_16441,지금거신전화는,경천섬공원,경북 상주시 중동면 오상리,36.432128,128.260010
st_16442,지금거신전화는,비봉산 전망대,경북 상주시 중동면 오상리,36.432128,128.260010
st_16446,지금거신전화는,어반정글,제주 제주시 조천읍 일주동로 1611,33.552903,126.704296
st_16447,지금거신전화는,사려니숲길,제주 서귀포시 남원읍 수망리,33.336523,126.710233
st_16449,지금우리학교는,중앙자유시장,경기 부천시 부천로47번길 9,37.488371,126.782367
st_16450,지금우리학교는,김밥천국,경기 부천시 호현로 495,37.481743,126.792507
st_16451,지금우리학교는,재궁치안센터,경기 군포시 오금로 77,37.355606,126.935695
st_16453,지금우리학교는,치즈밥있슈 성균관대점,서울 종로구 성균관로5가길 1-6,37.584079,126.997140
st_16493,지옥에서 온 판사,연남타코 골목,서울 마포구 성미산로29안길 18,37.565179,126.923228
st_16494,지옥에서 온 판사,한솔빌라,서울 마포구 성미산로29안길 6,37.564911,126.922727
st_16497,지옥에서 온 판사,연세로4길,서울 서대문구 연세로4길 39,37.557934,126.938665
st_16498,지옥에서 온 판사,신촌골목,서울 서대문구 연세로4길 46-3,37.557980,126.939193
st_16500,지옥에서 온 판사,마포대로,서울 마포구 마포대로 180,37.550190,126.955541
st_16507,지옥에서 온 판사,정동길,서울 중구 정동길 46,37.565183,126.972450
st_16509,지옥에서 온 판사,엠버서더서울풀만 남산룸,서울 중구 동호로 287,37.560599,127.002136
st_16513,지옥에서 온 판사,평창30길,서울 종로구 평창30길 66,37.613255,126.972478
st_16519,지옥에서 온 판사,고기반햄반김치찌개&김치찜 상봉본점,서울 중랑구 상봉로 76,37.592605,127.093583
st_16520,지옥에서 온 판사,서울면북초등학교 옆길,서울 중랑구 망우동 산 69-485,37.593967,127.104113
st_16523,지옥에서 온 판사,모퉁이우 하이테이블,서울 강남구 도산대로 150,37.517974,127.025180
st_16524,지옥에서 온 판사,CH캐롤리나헤레라 서울점,서울 강남구 압구정로 451,37.526066,127.046639
st_16526,지옥에서 온 판사,글로본빌딩앞,서울 강남구 도산대로 331,37.523296,127.038121
st_16531,지옥에서 온 판사,트레이드타워,서울 강남구 영동대로 511,37.510357,127.061024
st_16534,지옥에서 온 판사,제물량로,인천 제물포구 제물량로 401,37.484034,126.626355
st_16538,지옥에서 온 판사,트라이보올,인천 연수구 인천타워대로 250,37.394114,126.635029
st_16540,지옥에서 온 판사,24시 진선소고기국밥회천직영점,경기 양주시 회천중앙로 217,37.817605,127.051548
st_16544,지옥에서 온 판사,여명양평해장국전문,경기 고양시 일산서구 덕산로 315,37.696734,126.737675
st_16545,지옥에서 온 판사,킨텍스로 육교,경기 고양시 일산서구 대화동 2607-2,37.666726,126.746459
st_16547,지옥에서 온 판사,노브랜드버거 일산라페스타점,경기 고양시 일산동구 중앙로1275번길 56,37.659252,126.769874
st_16549,지옥에서 온 판사,파파이스 화정역점,경기 고양시 덕양구 화신로272번길 57,37.633543,126.831449
st_16550,지옥에서 온 판사,조가네갑오징어 삼송점,경기 고양시 덕양구 통일로 69,37.646174,126.907338
st_16552,지옥에서 온 판사,고구려대장간마을 절벽,경기 구리시 우미내길 41,37.560808,127.110949
st_16554,지옥에서 온 판사,화랑공원 8호교,경기 성남시 분당구 대왕판교로 609,37.397084,127.106227
st_16556,지옥에서 온 판사,미사강변대로,경기 하남시 선동 442,37.574771,127.180829
st_16562,지옥에서 온 판사,벨라45컨트리클럽,강원 횡성군 서원면 창촌리 산132,37.471477,127.859580
st_16563,지옥에서 온 판사,항구마차,강원 강릉시 옥계면 금진리 149-3,37.649138,129.047316
st_16564,지옥에서 온 판사,양양주택,강원 양양군 강현면 용호길 24-9,38.130256,128.619799
st_16567,지옥에서 온 판사,헌화로,강원 강릉시 옥계면 금진리 1048,37.656424,129.055384
st_16570,지옥에서 온 판사,삼척로,강원 삼척시 원덕읍 갈남리 30-10,37.280391,129.323391
st_16571,지옥에서 온 판사,갈남 정류장,강원 삼척시 원덕읍 갈남리 102-7,37.280780,129.322907
st_16572,지옥에서 온 판사,갈남길,강원 삼척시 원덕읍 갈남길 90,37.278906,129.325800
st_16573,지옥에서 온 판사,갈남리 집,강원 삼척시 원덕읍 갈남길 49-103,37.280987,129.323409
st_16574,지옥에서 온 판사,갈남해수욕장,강원 삼척시 원덕읍 갈남리,37.270409,129.323271
st_16578,지옥에서 온 판사,태평동 주택,대전 중구 계백로1653번길 123,36.325282,127.401572
st_16580,지옥에서 온 판사,솔랑시울길,대전 동구 솔랑시울길 38,36.335798,127.434590
st_16581,지옥에서 온 판사,정은사앞,대전 동구 솔랑시울길 44,36.335546,127.434539
st_16583,지옥에서 온 판사,동대전로104번길,대전 동구 동대전로104번길 33-18,36.331089,127.447269
st_16935,참교육,마곡중앙로 횡단보도,서울 강서구 마곡동 756-4,37.570726,126.827907
st_16936,참교육,상암MBC주변,서울 마포구 상암동 1705,37.580289,126.890547
st_16943,참교육,제기동집,서울 동대문구 약령시로11길 28,37.584165,127.035935
st_16945,참교육,분식을품다 본점,서울 서초구 강남대로47길 30,37.488573,127.030017
st_16946,참교육,부띠끄아지트,서울 서초구 서초대로 397,37.497434,127.024517
st_16947,참교육,도산대로30길,서울 강남구 도산대로 210,37.519838,127.029765
st_16954,참교육,금별맥주 청라수변점,인천 서해구 중봉대로586번길 9-11,37.532623,126.651182
st_16956,참교육,햇내로안길,인천 영종구 햇내로안길 24,37.495980,126.499238
st_16957,참교육,인중로,인천 제물포구 항동1가 5-40,37.475811,126.616094
st_16958,참교육,차이나 짱나라,인천 제물포구 차이나타운로 31,37.476468,126.619425
st_16959,참교육,파라다이스인천,인천 제물포구 제물량로 257,37.474268,126.616782
st_16962,참교육,수봉안로85번길,인천 미추홀구 숭의동 8-39,37.459805,126.660515
st_16964,참교육,은전로 지하도,경기 연천군 전곡읍 은대리 574-3,38.027915,127.065641
st_16970,참교육,순이네한식부페,경기 김포시 대곶면 율마로 144,37.663977,126.597179
st_16971,참교육,블루버드로스터스 하이테크시티점,경기 안양시 동안구 흥안대로 457-27,37.394603,126.973612
st_16972,참교육,장안로385번길 횡단보도,경기 수원시 장안구 이목동 307-2,37.313882,126.983333
st_16983,참교육,월드컵대로308번길,대전 유성구 월드컵대로308번길 20,36.347594,127.334036
st_16987,참교육,나성로,세종 나성로 38,36.483475,127.263766
st_16989,참교육,더센트럴 사거리,세종 나성로 96,36.487879,127.261003
st_16991,참교육,옛 장흥교도소,전남광주통합특별시 장흥군 장흥읍 원도리 191,34.687303,126.913304
st_17280,초콜릿,한국거래소앞버정,서울 영등포구 여의나루로 76,37.522912,126.928041
st_17282,초콜릿,삼청동고디바,서울 종로구 삼청로 112,37.585387,126.982190
st_17435,친애하는X,연희상가아파트옆 놀이터,서울 서대문구 연희동 188-42,37.572912,126.927734
st_17437,친애하는X,월드컵북로(5단지앞),서울 마포구 상암동 1715,37.579999,126.887548
st_17438,친애하는X,월드컵북로(4단지앞),서울 마포구 상암동 1715,37.579999,126.887548
st_17439,친애하는X,월드컵북로58길,서울 마포구 상암동 1594,37.581846,126.887624
st_17440,친애하는X,상암산로,서울 마포구 상암산로 76,37.579194,126.892315
st_17443,친애하는X,DDMC앞,서울 마포구 매봉산로 75,37.578452,126.892899
st_17444,친애하는X,상암파출소앞,서울 마포구 매봉산로 76,37.578281,126.893845
st_17446,친애하는X,카페 오로라,서울 마포구 와우산로 139,37.553972,126.928752
st_17447,친애하는X,와우산로27길,서울 마포구 와우산로27길 68,37.555471,126.925139
st_17448,친애하는X,양화로,서울 마포구 양화로 148,37.555618,126.922661
st_17450,친애하는X,월드컵로 횡단보도,서울 마포구 서교동 489,37.551675,126.913144
st_17451,친애하는X,월드컵로5길,서울 마포구 월드컵로5길 8,37.551902,126.911913
st_17457,친애하는X,녹사평대로,서울 용산구 서빙고동 158-4,37.520721,126.994056
st_17459,친애하는X,르가드더메인한남,서울 용산구 한남대로10길 16,37.531551,127.009903
st_17460,친애하는X,엘비비 쇼룸,서울 용산구 이태원로55길 45,37.537864,126.998922
st_17463,친애하는X,한강대로62길,서울 용산구 한강대로62길 50,37.532703,126.973382
st_17464,친애하는X,서빙고로,서울 용산구 서빙고로 4-2,37.525950,126.965375
st_17465,친애하는X,새창로,서울 용산구 새창로 157-1,37.533786,126.962792
st_17466,친애하는X,새창로50길,서울 용산구 새창로46길 11,37.533737,126.962356
st_17467,친애하는X,충정로 육교,서울 서대문구 충정로2가 164-2,37.563635,126.964992
st_17468,친애하는X,충정로,서울 서대문구 충정로3가 227-16,37.562379,126.964729
st_17471,친애하는X,소공로 횡단보도,서울 중구 소공로 지하 58,37.560667,126.981848
st_17472,친애하는X,퇴계로 횡단보도,서울 중구 회현동2가 1-1,37.560543,126.982682
st_17473,친애하는X,스테이트타워남산앞,서울 중구 퇴계로 100,37.560207,126.982926
st_17475,친애하는X,소공로(남산오르미쪽),서울 중구 회현동2가 49-11,37.557048,126.983252
st_17480,친애하는X,창덕궁길,서울 종로구 계동 2-21,37.583067,126.987523
st_17490,친애하는X,테헤란로,서울 강남구 삼성동 172-66,37.507409,127.058026
st_17491,친애하는X,삼성역주변,서울 강남구 테헤란로 521,37.509192,127.060807
st_17494,친애하는X,강남대로,서울 강남구 강남대로 422,37.500394,127.026985
st_17504,친애하는X,도성사,경기 포천시 화현면 화동로 548-47,37.914210,127.312158
st_17520,친애하는X,설문동집,경기 고양시 일산동구 고봉로770번길 45-22,37.722988,126.795541
st_17521,친애하는X,양평해장국 원흥역점,경기 고양시 덕양구 삼송로 12,37.649617,126.875531
st_17549,캐셔로,노량진로26길,서울 동작구 노량진로26길 61,37.509905,126.955589
st_17551,캐셔로,노량대교 아래,서울 동작구 흑석동 1-4,37.510207,126.964167
st_17553,캐셔로,새창로49길,서울 용산구 새창로 157-1,37.533786,126.962792
st_17556,캐셔로,덕산주차장 골목,서울 용산구 효창원로110길 4,37.551542,126.963708
st_17561,캐셔로,월곡역교차로 육교,서울 성북구 종암동 1-73,37.600018,127.040689
st_17563,캐셔로,경희초등학교,서울 동대문구 경희대로 26,37.593949,127.054891
st_17565,캐셔로,백사마을(1),서울 노원구 중계로2길 84,37.643409,127.083550
st_17566,캐셔로,백사마을(2),서울 노원구 중계로2라길 9,,
st_17567,캐셔로,백사마을(3),서울 노원구 중계로2길 32,,
st_17568,캐셔로,로우포레스트(폐업),서울 성동구 서울숲길 38,37.547891,127.041677
st_17569,캐셔로,생각공장데시앙플렉스,서울 성동구 아차산로17길 49,37.546768,127.065279
st_17575,캐셔로,에어조이,인천 영종구 공항로424번길 36,37.439931,126.457794
st_17584,캐셔로,수원대학교(학군단앞연못쪽),경기 화성시 효행구 봉담읍 와우리 2-4,37.207019,126.975338
st_17586,캐셔로,운천주공아파트(재개발),충북 청주시 흥덕구 1순환로501번길 15,36.649458,127.468966
st_17587,캐셔로,비룡동관로,충북 보은군 속리산면 삼가리 산 26-5,36.493007,127.846930
st_17589,캐셔로,진용로,전북 진안군 용담면 월계리 산 49-2,35.941968,127.505692
st_17595,캐셔로,제일대학교 승주캠퍼스,전남광주통합특별시 순천시 승주읍 승평길 21,35.020081,127.374820
st_17815,키스는괜히해서,비건식당 공간녹음,서울 강서구 공항대로 227,37.559600,126.832686
st_17816,키스는괜히해서,월드컵북로58길,서울 마포구 상암동 1703,37.581613,126.888848
st_17817,키스는괜히해서,우리기술사옥 정류장(14605),서울 마포구 월드컵북로56길 19,37.582343,126.888366
st_17818,키스는괜히해서,SBS프리즘타워,서울 마포구 상암산로 82,37.579716,126.892774
st_17819,키스는괜히해서,매봉산로,서울 마포구 상암동 1722,37.576254,126.890678
st_17820,키스는괜히해서,양화로,서울 마포구 양화로 16,37.548239,126.911124
st_17821,키스는괜히해서,어반플랜트 합정,서울 마포구 독막로6길 35,37.546487,126.917099
st_17822,키스는괜히해서,스위치22 여의도점,서울 영등포구 여의대로 108,37.525191,126.929113
st_17823,키스는괜히해서,여의도광장,서울 영등포구 여의대방로65길 6,37.519190,126.930533
st_17824,키스는괜히해서,경인로74길,서울 영등포구 경인로76길 14,37.510560,126.894241
st_17825,키스는괜히해서,SBS,서울 양천구 목동서로 161,37.529190,126.873747
st_17826,키스는괜히해서,노량진역,서울 동작구 노량진로 151,37.515802,126.948358
st_17827,키스는괜히해서,노량진역앞 횡단보도,서울 동작구 노량진동 67-3,37.513728,126.942748
st_17828,키스는괜히해서,노량진컵밥거리,서울 동작구 노량진로 174,37.513502,126.945307
st_17829,키스는괜히해서,동작대교,서울 용산구 이촌동 385,37.509920,126.981704
st_17830,키스는괜히해서,서울로 PH,서울 중구 만리재로 211,37.556308,126.968160
st_17831,키스는괜히해서,만리재비스트로,서울 중구 만리재로 201,37.555607,126.967833
st_17832,키스는괜히해서,코블러,서울 종로구 사직로12길 16,37.575301,126.970904
st_17833,키스는괜히해서,오무사,서울 종로구 필운대로9길 1,37.582182,126.967556
st_17834,키스는괜히해서,선운각,서울 강북구 삼양로173길 223,37.655516,126.998709
st_17835,키스는괜히해서,서울숲2번출입구 정류장(04868),서울 성동구 성수동1가 685-703,37.544482,127.043075
st_17836,키스는괜히해서,트리마제,서울 성동구 왕십리로 16,37.539258,127.044672
st_17837,키스는괜히해서,까사그랑데 센트로,서울 광진구 능동로 87,37.539122,127.069634
st_17838,키스는괜히해서,광진어린이공연장,서울 광진구 능동로 400,37.565058,127.084457
st_17839,키스는괜히해서,에그드랍 강남본점,서울 서초구 강남대로55길 24,37.495672,127.025554
st_17840,키스는괜히해서,버드맨,서울 강남구 가로수길 55-4,37.521705,127.022455
st_17841,키스는괜히해서,헤리티크뉴욕,서울 강남구 도산대로45길 16-9,37.523653,127.036053
st_17842,키스는괜히해서,영동대교,서울 강남구 청담동 340,37.526627,127.058018
st_17843,키스는괜히해서,영동대로,서울 강남구 청담동 77-4,37.523282,127.055286
st_17844,키스는괜히해서,딘트 청담본점,서울 강남구 삼성로 734,37.521114,127.049362
st_17845,키스는괜히해서,센터필드 교차로,서울 강남구 역삼동 804,37.501249,127.038332
st_17846,키스는괜히해서,서울상록회관.한국기술센터 정류장(23277),서울 강남구 테헤란로 305,37.503341,127.043781
st_17847,키스는괜히해서,이네스이든/스텔라드마리에,서울 강남구 봉은사로29길 35,37.509598,127.033567
st_17848,키스는괜히해서,라움아트센터,서울 강남구 언주로 564,37.508391,127.039775
st_17849,키스는괜히해서,물푸레시골집,인천 강화군 강화읍 해안북로611번길 9,37.781243,126.499319
st_17850,키스는괜히해서,드림파크 야생화단지,인천 서해구 자원순환로 170,37.573007,126.647735
st_17851,키스는괜히해서,신현동 회화나무,인천 서해구 신현동 131-7,37.516542,126.667473
st_17852,키스는괜히해서,마리아유치원,인천 계양구 임학서로42번길 17,37.546794,126.733867
st_17853,키스는괜히해서,삼목선창장,인천 영종구 운서동 2508-30,37.499438,126.452512
st_17854,키스는괜히해서,복성동집,인천 제물포구 자유공원서로 27,37.476763,126.620476
st_17855,키스는괜히해서,동화마을슈퍼,인천 제물포구 자유공원로 101,37.477769,126.622773
st_17856,키스는괜히해서,자유공원,인천 제물포구 자유공원남로 25,37.474581,126.622669
st_17857,키스는괜히해서,자유공원 광장,인천 제물포구 자유공원남로 25,37.474581,126.622669
st_17858,키스는괜히해서,신나는부동산,인천 제물포구 참외전로33번길 2,37.479868,126.623887
st_17859,키스는괜히해서,용현동집,인천 미추홀구 수봉남로18번길 81-31,37.456605,126.660529
st_17860,키스는괜히해서,용현동골목,인천 미추홀구 용현동 61-81,37.456795,126.660465
st_17861,키스는괜히해서,경원재 바이 워커힐,인천 연수구 테크노파크로 200,37.392287,126.637858
st_17862,키스는괜히해서,센트럴로,인천 연수구 송도동 67,37.394555,126.639622
st_17863,키스는괜히해서,송도센트럴파크호텔,인천 연수구 테크노파크로 193,37.390514,126.637403
st_17864,키스는괜히해서,인천타워대로,인천 연수구 송도동 29-15,37.397575,126.632822
st_17865,키스는괜히해서,양주한국병원,경기 양주시 화합로 1489,37.838900,127.072898
st_17866,키스는괜히해서,로케이션 이음,경기 파주시 탄현면 새오리로286번길 48-70,37.804057,126.693139
st_17867,키스는괜히해서,도담터스튜디오,경기 파주시 장터고개길 40-40,37.774041,126.734812
st_17868,키스는괜히해서,미메시스아트뮤지엄,경기 파주시 문발로 253,37.716649,126.689097
st_17869,키스는괜히해서,롯데프리미엄아울렛 파주점,경기 파주시 문발로 284,37.718093,126.692549
st_17870,키스는괜히해서,산남동집,경기 파주시 산남로157번길 114,37.700942,126.704617
st_17871,키스는괜히해서,대한검도회 운정검도관,경기 파주시 와석순환로 78,37.711039,126.750810
st_17872,키스는괜히해서,헤리티지실버케어 파주,경기 파주시 광탄면 양지말길 89,37.750243,126.859072
st_17873,키스는괜히해서,킨텍스 제2전시장,경기 고양시 일산서구 킨텍스로 217-59,37.664695,126.742064
st_17874,키스는괜히해서,킨텍스로,경기 고양시 일산서구 대화동 2601-1,37.666831,126.747023
st_17875,키스는괜히해서,아소산,경기 고양시 일산동구 정발산로 128,37.659203,126.782642
st_17876,키스는괜히해서,제주하영,경기 고양시 일산동구 동국로 157,37.684998,126.806052
st_17877,키스는괜히해서,시골집,경기 고양시 덕양구 서정로 75,37.619454,126.856448
st_17878,키스는괜히해서,방아머리로,경기 안산시 단원구 대부북동,37.261435,126.574361
st_17879,키스는괜히해서,스튜디오 산책,경기 이천시 이섭대천로 1304-1,37.285870,127.449397
st_17880,키스는괜히해서,인터불고엑스코 그랑파티오,대구 북구 유통단지로 80,35.906999,128.611286
st_17881,키스는괜히해서,아난티 앳 부산 빌라쥬,부산 기장군 기장읍 기장해안로 267-7,35.198661,129.221108
st_17882,키스는괜히해서,중앙병원,제주 제주시 월랑로 91,33.492321,126.470481
st_17883,키스는괜히해서,돌하루방 미술관,제주 제주시 조천읍 북촌서1길 70,33.538848,126.688812
st_17884,키스는괜히해서,비밀의숲,제주 제주시 구좌읍 송당리 2173,33.453713,126.755313
st_17885,키스는괜히해서,한도교,제주 서귀포시 성산읍 성산리 400-18,33.465481,126.931938
st_17886,키스는괜히해서,한도로,제주 서귀포시 성산읍 오조리 2-5,33.468735,126.922899
st_17887,키스는괜히해서,일출로,제주 서귀포시 성산읍 고성리 264-15,33.456427,126.926589
st_17888,키스는괜히해서,신천목장,제주 서귀포시 성산읍 신천리 5,33.354824,126.866835
st_17889,키스는괜히해서,제주올레길3코스,제주 서귀포시 성산읍 신천동로 124,33.348944,126.862827
st_17890,키스는괜히해서,녹산로,제주 서귀포시 표선면 녹산로 332,33.382077,126.741642
st_17891,키스는괜히해서,해비치 호텔 리조트 제주,제주 서귀포시 표선면 민속해안로 537,33.322599,126.843978
st_17892,키스는괜히해서,중문관광로110번길 횡단보도,제주 서귀포시 색달동 2864-20,33.249869,126.414365
st_17893,키스는괜히해서,예래해안로,제주 서귀포시 하예동 532-1,33.235703,126.386707
st_17894,키스는괜히해서,카페루시아 본점,제주 서귀포시 안덕면 난드르로 49-17,33.235221,126.363080
st_17932,킬러들의쇼핑몰,행운맨션,경기 성남시 중원구 희망로375번길 22,,
st_17933,킬러들의쇼핑몰,섬강 수변공원,강원 원주시 부론면 흥호리 664,37.249050,127.753757
st_17937,킬러들의쇼핑몰,상관반점,전북 완주군 상관면 신리로 45,35.766972,127.211372
st_17954,킹더랜드,한국수출입은행빌딩 옆,서울 영등포구 은행로 38,37.528637,126.923399
st_17955,킹더랜드,서강대교,서울 영등포구 여의도동,37.526785,126.930167
st_17966,킹더랜드,더 스테이크 하우스 피어 79,서울 서초구 잠원동 121-9,37.519048,127.008065
st_17967,킹더랜드,데블스도어 그래머시 센트럴,서울 서초구 사평대로 205,37.504492,127.007845
st_17971,킹더랜드,MCM 롯데면세점 월드타워점,서울 송파구 올림픽로 300 에비뉴엘동 9F,37.513713,127.104302
st_17974,킹더랜드,그랜드하얏트 인천 육교,인천 영종구 영종해안남로321번길 190,37.439781,126.456086
st_17980,킹더랜드,웨스턴빌리프,경기 고양시 일산동구 정발산로 24 3차 9층,,
st_17985,킹더랜드,에어로피스,경기 김포시 대곶면 천호로 210,37.616094,126.572525
st_17988,킹더랜드,우주공원.코스맥스 정류장,경기 성남시 분당구 판교로 255,37.403742,127.103047
st_17989,킹더랜드,넥슨 정류장,경기 성남시 분당구 판교로256번길 19,37.401276,127.103148
st_17990,킹더랜드,피아제 현대백화점 판교점,경기 성남시 분당구 판교역로146번길 20,37.392794,127.112017
st_17991,킹더랜드,광주공원묘원,경기 광주시 매산동 산 30-5,37.345825,127.269182
st_17993,킹더랜드,초가시골밥상,경기 양평군 옥천면 옥천길 5,37.517682,127.454741
st_17995,킹더랜드,메이폴하우스,경기 양평군 단월면 통골길 97,37.600081,127.678213
st_17996,킹더랜드,버섯집,경기 양평군 단월면 통골길 103,37.599216,127.677875
st_18001,킹더랜드,봉의산길,강원 춘천시 봉의산길 45,37.886084,127.733206
st_18003,킹더랜드,오크밸리 피에트분하우스,강원 원주시 지정면 오크밸리1길 95,37.433770,127.820810
st_18006,킹더랜드,마마티라,강원 삼척시 수로부인길 453,37.470261,129.164529
st_18008,킹더랜드,솔향바다가든 애월,제주 제주시 애월읍 일주서로 6113,33.456653,126.309049
st_18012,킹더랜드,가파도 집,제주 서귀포시 대정읍 가파로67번길 88,33.172823,126.269823
st_18013,킹더랜드,애쉬리지 하우스,"Ashridge House, Berkhamsted HP4 1NS 영국",,
st_18014,킹더랜드,런던아이,"Victoria Embankment, London SW1A 2JH 영국",,
st_18015,킹더랜드,웨스트민스터교,"Westminster Bridge, London SW1A 2JH 영국",,
st_18016,킹더랜드,런던 메리어트 호텔,"County Hall, Westminster Bridge Rd, London SE1 7PB 영국",,
st_18017,킹더랜드,소피텔 런던 세인트 제임스,"6 Waterloo Pl, St. James's, London SW1Y 4AN 영국",,
st_18018,킹더랜드,리젠트 스트리트,"176 Regent St., London W1B 5TJ 영국",,
st_18019,킹더랜드,피커딜리 서커스,"Piccadilly Circus, London WIJ 9HP 영국",,
st_18020,킹더랜드,아룬 사원,"158 Thanon Wang Doem, Wat Arun, Bangkok Yai, Bangkok",,
st_18021,킹더랜드,반야트리 방콕,"21/100 S Sathon Rd, Thung Maha Mek, Sathon, Bangkok",,
st_18022,킹더랜드,산펫 프라삿 궁전,"296, Sukhumvit Road, Bang Pu Mai, Mueang Samut Prakan District, Samut Prakan",,
st_18023,킹더랜드,시리 살라,28/8 Soi Charan Sanitwong 34 Arun Amarin Bangkok Noi Bangkok,,
st_18024,킹더랜드,쿤댕 꾸어이짭 유안,"68 Phra Athit Rd, Khwaeng Chana Songkhram, Khet Phra Nakhon, Krung Thep Maha Nakhon",,
st_18025,킹더랜드,Saphan Han 다리,"4 592 Chakkraphet Rd, Wang Burapha Phirom, Phra Nakhon, Bangkok",,
st_18026,킹더랜드,크렁옹앙 보행자거리,"PGV3+Q4M, Wang Burapha Phirom, Phra Nakhon, Bangkok",,
st_18027,킹더랜드,아이콘시암,"299 Charoen Nakhon 5 Alley, Khlong Ton Sai, Khlong San, Bangkok",,
st_18028,킹더랜드,살라 림 남,"597 Charoen Nakhon Rd, Khlong Ton Sai, Khlong San, Bangkok",,
st_18029,킹더랜드,로하 쁘라삿,"2 Ratchadamnoen Klang Rd, Wat Bowon Niwet, Phra Nakhon, Bangkok",,
st_18058,태양의후예,선진플라워,인천 제물포구 우현로39번길 23,37.471109,126.625379
st_18059,태양의후예,선릉양조장족발,서울 강남구 선릉로 563,37.508852,127.044213
st_18060,태양의후예,포포크,서울 마포구 성미산로29길 23,37.564995,126.922109
st_18062,태양의후예,닭날다,서울 마포구 와우산로18길 22,37.551112,126.924119
st_18066,태양의후예,서울 양재동 달콤커피,서울 서초구 강남대로27길 7-21,37.478251,127.038086
st_18069,태양의후예,여의도지하차도버정,서울 영등포구 의사당대로 83,37.523367,126.923451
st_18071,태양의후예,종로3가역앞,서울 종로구 수표로 127,37.572477,126.988530
st_18073,태풍상사,연희숲속쉼터,서울 서대문구 연희동 2-75,37.5893782439197,126.935518414726
st_18077,태풍상사,대오빌딩,서울 영등포구 여의나루로 53-1,37.522702,126.924994
st_18081,태풍상사,노량진역,서울 동작구 노량진로 151,37.515802,126.948358
st_18083,태풍상사,우슬재옆 계단,서울 동작구 서달로14길 19,37.507961,126.964144
st_18087,태풍상사,원효전자상가뒤,서울 용산구 신계동 43-18,37.533575,126.960987
st_18088,태풍상사,제이알펍,서울 용산구 보광로 127,37.534084,126.993719
st_18089,태풍상사,공간두두,서울 중구 퇴계로8길 71,37.556721,126.980426
st_18090,태풍상사,충무로역7번출구앞,서울 중구 충무로 2,37.561601,126.993476
st_18093,태풍상사,청계5가지하쇼핑센터,서울 중구 동호로 384,37.568964,127.002091
st_18095,태풍상사,종로3가역12번출구앞,서울 종로구 종로 138,37.570204,126.992855
st_18097,태풍상사,종로22길,서울 종로구 종로22길 12,37.569771,126.993207
st_18099,태풍상사,돈화문로4길,서울 종로구 돈화문로4길 23,37.570118,126.993560
st_18101,태풍상사,수진사,서울 종로구 창신길 54,37.574046,127.010716
st_18107,태풍상사,고산자로58길,서울 동대문구 고산자로58길 22,37.588890,127.038079
st_18108,태풍상사,고산자로56길,서울 동대문구 고산자로56길 13-1,37.588414,127.037937
st_18109,태풍상사,정릉동집,서울 성북구 보국문로29나길 28,37.614632,127.002185
st_18113,태풍상사,효령로31길,서울 서초구 효령로31길 36,37.482758,126.996092
st_18122,태풍상사,경인항인천컨테이너부두,인천 서해구 거첨로 295,37.566544,126.597712
st_18126,태풍상사,홍예문아파트앞,인천 제물포구 송학로 51,37.474509,126.625852
st_18128,태풍상사,우현로62길,인천 제물포구 경동 208-12,37.472160,126.630966
st_18130,태풍상사,남동공단 산업용품상가,인천 남동구 은청로 4-7,37.406946,126.693402
st_18132,태풍상사,강변로,경기 동두천시 강변로702번길 13-39,37.931253,127.049917
st_18137,태풍상사,킨텍스로 횡단보도,경기 고양시 일산서구 주엽동 141,37.678556,126.757576
st_18139,태풍상사,정발산역 육교,경기 고양시 일산동구 장항동 1487-2,37.659733,126.772983
st_18142,태풍상사,한국한공대역,경기 고양시 덕양구 화랑로 53,37.603314,126.868385
st_18143,태풍상사,양평 폐공장,경기 양평군 옥천면 경강로 1447,37.512223,127.444836
st_18149,태풍상사,부남해변,강원 삼척시 근덕면 부남리,37.360593,129.244224
st_18153,태풍상사,송정항서방파제,부산 해운대구 송정동 288-56,35.180130,129.207271
st_18155,태풍상사,대평남로,부산 영도구 대평남로 72,35.094009,129.032151
st_18156,태풍상사,혜인선박,부산 영도구 대평남로51번길 8-5,35.092033,129.031673
st_18161,태풍상사,더 페닌슐라 방콕,"333 Charoen Nakhon Rd, Khlong Ton Sai, Khlong San, Bangkok 10600 태국",,
st_18162,태풍상사,Abandoned Mansion,"41 Soi Sukhumvit 14, Klongtoey, Bangkok 10110 태국",,
st_18163,태풍상사,방콕차이나타운(1),"591 Maitri Chit Rd, Pom Prap, Pom Prap Sattru Phai, Bangkok 10100 태국",,
st_18164,태풍상사,방콕차이나타운(2),"683 Maitri Chit Rd, Pom Prap, Pom Prap Sattru Phai, Bangkok 10100 태국",,
st_18165,태풍상사,방콕차이나타운(3),"25, 27 Soi Rammaitree, Pom Prap, Pom Prap Sattru Phai, Bangkok 10100 태국",,
st_18166,태풍상사,방콕차이나타운(4),"462, 2 Maitri Chit Rd, Pom Prap, Pom Prap Sattru Phai, Bangkok 10100 태국",,
st_18167,태풍상사,595 Mittraphan Rd,"664 ถ. เจริญกรุง Samphanthawong, Bangkok 10100 태국",,
st_18168,태풍상사,103 Rama IV Rd,"52-54 Rama IV Rd, Talat Noi, Samphanthawong, Bangkok 10100 태국",,
st_18169,태풍상사,126 Rama IV Rd,"122 Rama IV Rd, Talat Noi, Samphanthawong, Bangkok 10100 태국",,
st_18170,태풍상사,Laem Chabang Port,"Sukhumvit Rd., Tungsukla, Sriracha 20230, 20230 태국",,
st_18171,태풍상사,차트리움 호텔 리버사이드 방콕,"28 ถ. เจริญกรุง Wat Phraya Krai, Bang Kho Laem, Bangkok 10120 태국",,
st_18172,태풍상사,Minburi Criminal Court,"47 Sihaburanukit Rd, Min Buri, Bangkok 10510 태국",,
st_18173,태풍상사,담넌싸두억 수상시장,"Damnoen Saduak, Damnoen Saduak District, Ratchaburi 70130 태국",,
st_18174,태풍상사,Thetsaban Bang Pu 74 Alley,"200 22 หมู่ 1 Thetsaban Bang Pu 74 Alley, Bang Pu Mai, Mueang Samut Prakan District, Samut Prakan 10280 태국",,
st_18371,트웰브,양화로,서울 마포구 양화로 86,37.551908,126.917619
st_18372,트웰브,하얀공간 합정,서울 마포구 성지길 40,37.546913,126.912693
st_18376,트웰브,노량진로6길,서울 동작구 노량진로6길 45,37.510940,126.935984
st_18378,트웰브,레이어스스튜디오,서울 용산구 원효로1가 129-20,37.538954,126.967924
st_18379,트웰브,대동유통,서울 중구 을지로30길 43,37.565253,126.999064
st_18384,트웰브,강동대로,서울 송파구 풍납동 468-5,37.528581,127.108157
st_18389,트웰브,재인폭포,경기 연천군 연천읍 부곡리 산 235,38.069195,127.147776
st_18394,트웰브,문촌마을12단지 상가,경기 고양시 일산서구 중앙로 1493,37.672544,126.754006
st_18398,트웰브,아이데코,경기 하남시 조정대로 150,37.553526,127.194669
st_18404,트웰브,브릿지타워 사거리,경기 성남시 분당구 판교로227번길 6,37.403035,127.099241
st_18406,트웰브,삼도천터널,충북 제천시 봉양읍 원박리 산 99-2,37.123454,128.089279
st_18427,판사이한영,홍지문길,서울 서대문구 홍은동 5-98,37.596499,126.954649
st_18428,판사이한영,연안리버빌 골목(추정),서울 서대문구 홍지문2길 18,37.596470,126.955631
st_18429,판사이한영,홍지문길 놀이터,서울 서대문구 홍은동 5-93,37.596300,126.955458
st_18430,판사이한영,홍지문2길(좌우반전),서울 서대문구 홍지문2길 31,37.597084,126.956016
st_18431,판사이한영,개미마을,서울 서대문구 세검정로4길 127,37.590748,126.953255
st_18432,판사이한영,월드컵북로(상암고앞),서울 마포구 상암동 1715,37.579999,126.887548
st_18433,판사이한영,월드컵북로(4단지앞),서울 마포구 상암동 1715,37.579999,126.887548
st_18434,판사이한영,YTN본사,서울 마포구 상암산로 76,37.579194,126.892315
st_18435,판사이한영,난지한강공원,서울 마포구 상암동 482-271,37.567201,126.873687
st_18436,판사이한영,호텔 나루 서울 레스토랑 부아쟁,서울 마포구 마포대로 8,37.537307,126.944273
st_18437,판사이한영,서강대교,서울 영등포구 여의도동 83-1,37.535855,126.924794
st_18438,판사이한영,국회의사당,서울 영등포구 여의도동 의사당대로 1,37.532912,126.916404
st_18439,판사이한영,의사당대로,서울 영등포구 여의도동 1-6,37.527392,126.918559
st_18440,판사이한영,여의도공원,서울 영등포구 여의공원로 68,37.526809,126.922284
st_18441,판사이한영,브라이튼여의도아파트,서울 영등포구 국제금융로 39,37.524292,126.929339
st_18442,판사이한영,대륭포스트타워7차,서울 구로구 디지털로33길 48,37.487258,126.894505
st_18443,판사이한영,영등포고등학교,서울 동작구 등용로8길 5-13,37.509058,126.934734
st_18444,판사이한영,노량진로26길,서울 동작구 노량진로26길 16-6,37.511439,126.954078
st_18445,판사이한영,용양봉저정공원,서울 동작구 본동 산 3-9,37.511800,126.958588
st_18446,판사이한영,노량진로32길(1),서울 동작구 본동 17-2,37.510895,126.957099
st_18447,판사이한영,노량진로30길,서울 동작구 노량진로32길 68,37.510936,126.956697
st_18448,판사이한영,노량진로32길,서울 동작구 노량진로26길 65,37.509778,126.955607
st_18449,판사이한영,녹트,서울 용산구 올림픽대로 2085-96,37.508032,126.984552
st_18450,판사이한영,용산역 달주차장,서울 용산구 한강대로23길 55,37.529772,126.964742
st_18451,판사이한영,백빈건널목,서울 용산구 한강로3가 40-1007,37.525674,126.959175
st_18452,판사이한영,기찻길주점(폐업),서울 용산구 이촌로29길 35,37.525094,126.960618
st_18453,판사이한영,세종대로,서울 중구 남대문로5가 84-15,37.557467,126.972984
st_18454,판사이한영,센트레빌아스테리움서울,서울 용산구 동자동 49,37.551355,126.973002
st_18455,판사이한영,서울역앞,서울 중구 한강대로 405,37.554728,126.969526
st_18456,판사이한영,남산공원,서울 중구 남창동 205-4,37.555678,126.977501
st_18457,판사이한영,삼순이계단,서울 중구 소파로 46,37.554549,126.981283
st_18458,판사이한영,한국의집,서울 중구 퇴계로36길 10,37.560223,126.994498
st_18459,판사이한영,KT 광화문 빌딩 West,서울 종로구 세종대로 178,37.572151,126.977792
st_18460,판사이한영,필운대로,서울 종로구 필운대로 15,37.577583,126.969237
st_18461,판사이한영,"부암동주민센터,무계원 정류장(01138)",서울 종로구 창의문로 145,37.592411,126.964065
st_18462,판사이한영,성신여자대학교 운정그린캠퍼스,서울 강북구 도봉로76가길 55,37.632038,127.027124
st_18463,판사이한영,대도식당 왕십리본점,서울 성동구 무학로12길 3,37.567415,127.030657
st_18464,판사이한영,아차산지하차도,서울 광진구 광장동 399-12,37.546693,127.099554
st_18465,판사이한영,아차산로,서울 광진구 아차산로 546,37.542926,127.101957
st_18466,판사이한영,자양로,서울 광진구 자양로 112,37.537669,127.083668
st_18467,판사이한영,곱창이야기 강변점,서울 광진구 구의강변로7길 3,37.538085,127.093315
st_18468,판사이한영,비스타워커힐,서울 광진구 워커힐로 177,37.558629,127.111707
st_18469,판사이한영,한강공원서래섬나들목 진출입로1,서울 서초구 반포동 1338,37.506183,126.986919
st_18470,판사이한영,서래섬,서울 서초구 반포동 137-41,,
st_18471,판사이한영,잠수교,서울 서초구 반포동 649,37.512545,126.996906
st_18472,판사이한영,반포한강공원,서울 서초구 반포동 115-5,37.509646,126.995132
st_18473,판사이한영,역삼역사거리,서울 강남구 테헤란로 152,37.500024,127.036509
st_18474,판사이한영,역삼빌딩,서울 강남구 테헤란로 205,37.501624,127.038393
st_18475,판사이한영,브그즈트컬렉션,서울 강남구 테헤란로 231,37.502881,127.041357
st_18476,판사이한영,선릉역사거리,서울 강남구 테헤란로 401,37.504970,127.049146
st_18477,판사이한영,아셈타워,서울 강남구 영동대로 517,37.513110,127.059758
st_18478,판사이한영,트레이드타워,서울 강남구 영동대로 511,37.510357,127.061024
st_18479,판사이한영,올림픽대교,서울 송파구 신천동 253,37.532435,127.105384
st_18480,판사이한영,천호대교,서울 송파구 풍납동 383,37.541432,127.112078
st_18481,판사이한영,시옌,인천 남동구 인주대로 560,37.449832,126.699084
st_18482,판사이한영,CU 만수사랑점,인천 남동구 구월말로103번길 25,37.458176,126.723878
st_18483,판사이한영,대림자원,인천 남동구 용천로4번길 43-6,37.449870,126.716771
st_18484,판사이한영,복개동로 주차장,인천 남동구 복개동로 48,37.452101,126.726099
st_18485,판사이한영,장승백이전통시장,인천 남동구 장승로 17,37.446238,126.734861
st_18486,판사이한영,역무선방파제등대,인천 제물포구 연안동 82-11,37.454453,126.591264
st_18487,판사이한영,위크엔드 라운지,인천 제물포구 송학로 63,37.474859,126.624787
st_18488,판사이한영,중앙옥,인천 제물포구 신포로15번길 34-1,37.471575,126.622846
st_18489,판사이한영,동국빌리지,인천 제물포구 신포로35번길 54,37.473293,126.623607
st_18490,판사이한영,해양센타,인천 제물포구 연안부두로 16,37.456571,126.603669
st_18491,판사이한영,인항파출소 만석출장소,인천 제물포구 만석부두로 43,37.491393,126.621406
st_18492,판사이한영,송현근린공원 인라인스케이트장,인천 제물포구 송현동 23-62,37.479560,126.640565
st_18493,판사이한영,현대시장입구,인천 제물포구 샛골로 162,37.476863,126.644985
st_18494,판사이한영,현대시장,인천 제물포구 송림동 50-97,37.477150,126.645343
st_18495,판사이한영,또와분식,인천 제물포구 송림로99번길 21,37.477244,126.645522
st_18496,판사이한영,용일시장,인천 미추홀구 인주대로174번길 25,37.454928,126.657378
st_18497,판사이한영,친구네포차,인천 미추홀구 인주대로 184,37.455320,126.657223
st_18498,판사이한영,로지모텔,인천 미추홀구 주안중로 32,37.461261,126.683020
st_18499,판사이한영,인형문구완구,인천 미추홀구 경인로354번길 54,37.456063,126.679003
st_18500,판사이한영,알짜마트,인천 미추홀구 경인로 51,37.464716,126.648611
st_18501,판사이한영,신영아트빌,인천 미추홀구 독정안길 55-4,37.459563,126.655144
st_18502,판사이한영,대승주택,인천 미추홀구 독정안길 55-5,37.459419,126.655325
st_18503,판사이한영,용현시민유통,인천 미추홀구 독정이로16번길 14,37.457882,126.655239
st_18504,판사이한영,긴자 송도유원지점,인천 연수구 청량로120번길 10,37.418720,126.655182
st_18505,판사이한영,양주한국병원,경기 양주시 화합로 1489,37.838900,127.072898
st_18506,판사이한영,신안물류,경기 양주시 백석읍 고릉말로 117-10,37.795581,126.994597
st_18507,판사이한영,파리바게뜨 덕계역점,경기 양주시 회천중앙로 248,37.819666,127.053551
st_18508,판사이한영,회천중앙로,경기 양주시 회천중앙로 236,37.818900,127.053053
st_18509,판사이한영,덕계로,경기 양주시 덕계동 899,37.818570,127.053075
st_18510,판사이한영,호맥 양주옥정점,경기 양주시 옥정동로7나길 15,37.820210,127.093394
st_18511,판사이한영,공간채향,경기 파주시 광탄면 소령원길 92,37.775586,126.905169
st_18512,판사이한영,조이마당스튜디오,경기 파주시 파주읍 봉서산로 245,37.833300,126.803485
st_18513,판사이한영,애룡저수지,경기 파주시 법원읍 애룡길 182,37.827482,126.857441
st_18514,판사이한영,화이트블럭,경기 파주시 탄현면 헤이리마을길 72,37.788893,126.699402
st_18515,판사이한영,에델바움 카페 파주점,경기 파주시 산남로 5-64,37.707136,126.689310
st_18516,판사이한영,문발로,경기 파주시 문발로 137,37.706730,126.685959
st_18517,판사이한영,파주리조트골프클럽,경기 파주시 교하로 1097-33,37.740867,126.718390
st_18518,판사이한영,하우스 오브 컨티뉴,경기 파주시 송학말길 34-3,37.706265,126.763208
st_18519,판사이한영,주엽로,경기 고양시 일산서구 한류월드로 300,37.664554,126.754527
st_18520,판사이한영,킨텍스로,경기 고양시 일산서구 대화동 2729,37.663567,126.744277
st_18521,판사이한영,한류월드로(1),경기 고양시 일산동구 장항동 1763-1,37.659004,126.759880
st_18522,판사이한영,한류월드로(2),경기 고양시 일산동구 장항동 1770,37.662279,126.754509
st_18523,판사이한영,월드고양로,경기 고양시 일산동구 장항동 1811,37.661036,126.748350
st_18524,판사이한영,MBC드림센터,경기 고양시 일산동구 호수로 596,37.655528,126.770475
st_18525,판사이한영,베베,경기 고양시 일산동구 무궁화로 31-17,37.663236,126.766951
st_18526,판사이한영,고양관광정보센터,경기 고양시 일산동구 중앙로 1271-1,37.659487,126.772699
st_18527,판사이한영,중앙로 육교,경기 고양시 일산동구 중앙로 1271-1,37.659487,126.772699
st_18528,판사이한영,무봉리토종순대국 일산라페스타점,경기 고양시 일산동구 무궁화로 20-38,37.660339,126.767749
st_18529,판사이한영,카페앤,경기 고양시 일산동구 무궁화로 25-3,37.662459,126.766939
st_18530,판사이한영,무궁화로,경기 고양시 일산동구 무궁화로 11,37.661898,126.765754
st_18531,판사이한영,청담한식 식사점,경기 고양시 일산동구 무궁화로 370,37.677235,126.800610
st_18532,판사이한영,주인,경기 고양시 일산동구 중앙로 1123,37.647146,126.781429
st_18533,판사이한영,고양시청로,경기 고양시 덕양구 고양시청로 18,37.657612,126.831714
st_18534,판사이한영,힐스테이트 라피아노 삼송,경기 고양시 덕양구 오금로 193,37.662944,126.915576
st_18535,판사이한영,강마루,경기 고양시 덕양구 행주산성로 99,37.600058,126.820607
st_18536,판사이한영,얼반웍스 스튜디오,경기 고양시 덕양구 호원길 3-2,37.585967,126.875599
st_18537,판사이한영,옛날국밥&갈비한판,경기 고양시 덕양구 지도로49번길 7-21,37.620948,126.823098
st_18538,판사이한영,한국항공대학교,경기 고양시 덕양구 항공대학로 76,37.599016,126.864173
st_18539,판사이한영,구해줘 부동산,경기 고양시 덕양구 청초로 10,37.580692,126.857160
st_18540,판사이한영,부환복집,경기 김포시 양촌읍 누산로 12,37.664106,126.660378
st_18541,판사이한영,무궁화공원묘원,경기 양평군 서종면 도장리 산26,37.616848,127.390967
st_18542,판사이한영,라센트라,경기 용인시 처인구 이동읍 기흥단지로 579-1,37.221219,127.151722
st_18543,판사이한영,선향재 한옥 스튜디오,경기 광주시 새말길329번길 17,37.382781,127.176182
st_18544,판사이한영,장안대학교,경기 화성시 효행구 봉담읍 삼천병마로 1182,37.213287,126.944482
st_18545,판사이한영,블루포트 장안대학교점,경기 화성시 효행구 봉담읍 삼천병마로 1182,37.213287,126.944482
st_18546,판사이한영,운보의집,충북 청주시 청원구 내수읍 형동2길 92-41,36.691933,127.565063
st_18547,판사이한영,선문대학교 아산캠퍼스,충남 아산시 탕정면 선문로221번길 70,36.801040,127.075732
st_18548,판사이한영,선문대학교 천안캠퍼스,충남 천안시 동남구 천안대로 277,36.774793,127.163598
st_18549,판사이한영,천안시청,충남 천안시 서북구 번영로 156,36.816130,127.113047
st_18550,판사이한영,익산교도소세트장,전북 익산시 성당면 함낭로 207,36.069431,126.930601
st_18551,판사이한영,망양로689번길,부산 동구 망양로689번길 3,35.127308,129.040694
st_18784,폭군의셰프,고산정 나루터,경북 안동시 도산면 가송리 901,36.770887,128.890758
st_18787,폭싹 속았수다,정든집,서울 마포구 잔다리로 20-13,37.551422,126.920733
st_18790,폭싹 속았수다,"여의동로(여의도중,고등학교쪽)",서울 영등포구 여의도동 8-1,37.531167,126.924232
st_18791,폭싹 속았수다,한양아파트 E동쪽,서울 영등포구 여의도동 4-2,37.520982,126.931782
st_18792,폭싹 속았수다,현대타운빌라10동,서울 구로구 오류로 62-15,37.489455,126.841347
st_18793,폭싹 속았수다,소월로,서울 용산구 용산동2가 1-1237,37.546252,126.986290
st_18794,폭싹 속았수다,장문로49길,서울 용산구 장문로49길 75,37.530188,127.003948
st_18795,폭싹 속았수다,한남동,서울 서대문구 연희동,37.573910,126.935231
st_18799,폭싹 속았수다,효자로,서울 종로구 창성동 6,37.581341,126.973600
st_18800,폭싹 속았수다,창덕궁1길,서울 종로구 계동 140-6,37.579420,126.988001
st_18802,폭싹 속았수다,아지오(폐업),서울 종로구 인사동11길 23,37.573678,126.983428
st_18803,폭싹 속았수다,삼양로173길,서울 강북구 삼양로173길 38,37.662708,127.010388
st_18804,폭싹 속았수다,삼양로173길(2),서울 강북구 삼양로173길 55,37.662054,127.009458
st_18808,폭싹 속았수다,우현로67번길,인천 제물포구 우현로67번길 19,37.474073,126.629138
st_18810,폭싹 속았수다,재궁치안센터,경기 군포시 오금로 77,37.355606,126.935695
st_18816,폭싹 속았수다,수정약국앞,전북 군산시 대학로 10,35.988759,126.712603
st_18817,폭싹 속았수다,성일설비사앞,전북 군산시 대학로 11-1,35.988426,126.712821
st_18818,폭싹 속았수다,민방위대피소앞 정류소,전북 군산시 중앙로1가 25-10,35.987593,126.712072
st_18820,폭싹 속았수다,흥국생명 정류장,전북 전주시 덕진구 팔달로 299,35.828217,127.141720
st_18822,폭싹 속았수다,굿모닝정형외과앞,전북 전주시 완산구 팔달로 291,35.827560,127.142316
st_18823,폭싹 속았수다,봉구스밥버거앞,전북 전주시 완산구 경원동3가 65-4,35.819194,127.146669
st_18824,폭싹 속았수다,충경로,전북 전주시 완산구 충경로 65,35.818910,127.146531
st_18825,폭싹 속았수다,팔달로 예술회관 정류장,전북 전주시 완산구 팔달로 163,35.817346,127.146929
st_18826,폭싹 속았수다,팔달로(1),전북 전주시 완산구 팔달로 147-2,35.815676,127.147663
st_18827,폭싹 속았수다,팔달로(2),전북 전주시 완산구 팔달로 140,35.814987,127.148420
st_18833,폭싹 속았수다,장환마을,전남광주통합특별시 장흥군 관산읍 고마장환길 542,34.568162,127.005139
st_18835,폭싹 속았수다,주교좌계산대성당,대구 중구 서성로 10,35.873323,128.587063
st_18836,폭싹 속았수다,호민저수지,경북 안동시 풍천면 가곡리 964,36.565548,128.513834
st_18837,폭싹 속았수다,중앙미용실,경북 안동시 일직면 중앙통길 10,36.475061,128.659795
st_18840,폭싹 속았수다,성남이로46번길,부산 동구 성남이로46번길 10-2,35.133346,129.057258
st_18846,폭싹 속았수다,광령리(추정),제주 제주시 애월읍 광령리 산 173-2,33.410986,126.444048
st_18851,폭싹 속았수다,해맞이해안로(토끼섬입구쪽),제주 제주시 구좌읍 하도리 385-12,33.522083,126.898861
st_18854,폭싹 속았수다,칠십리로,제주 서귀포시 보목동 1236-8,33.244202,126.594173
st_19047,피노키오,데이터복구연구소,서울 강남구 언주로133길 28,37.516118,127.032732
st_19049,피노키오,하계2치안센터,서울 노원구 공릉로55길 96,37.631944,127.067548
st_19052,피노키오,동작대교전망대앞,서울 동작구 동작대로 335,37.506037,126.980046
st_19053,피노키오,성산동집,서울 마포구 동교로23길 102,37.559887,126.917756
st_19056,피노키오,YTN&CJ사이,서울 마포구 상암산로 66,37.578396,126.891522
st_19059,피노키오,MBC앞,서울 마포구 성암로 267,37.581123,126.890989
st_19062,피노키오,카나,서울 마포구 토정로 303,37.540615,126.942836
st_19068,피노키오,만물슈퍼옆,서울 서대문구 홍제천로2길 54-4,,
st_19072,피노키오,KDB산업은행앞,서울 영등포구 여의도동 1-6,37.527392,126.918559
st_19073,피노키오,이마트여의도점앞,서울 영등포구 여의도동 47,37.518172,126.926054
st_19076,피노키오,단군성전앞,서울 종로구 인왕산로 22,37.576099,126.965730
st_19691,호텔델루나,스와로브스키,서울 강남구 가로수길 59,37.521890,127.022521
st_19695,호텔델루나,동아디지털미디어센터,서울 마포구 매봉산로 75,37.578452,126.892899
st_19697,호텔델루나,어기어차,서울 마포구 월드컵북로 351,37.576540,126.892930
st_19702,호텔델루나,피자알볼로 문래직영점,서울 영등포구 영등포로12길 3,,
st_19703,호텔델루나,버틀러스테이블,서울 용산구 백범로87길 48-1,37.539351,126.969309
st_19704,호텔델루나,호텔세느장,서울 종로구 돈화문로11길 28-5,37.572818,126.989821
st_19706,호텔델루나,코리아게스트하우스(복정우물),서울 종로구 삼청로4길 12-1,37.582135,126.982030
st_19707,호텔델루나,커피인뜨락,서울 종로구 삼청로5길 11,37.582525,126.981119
st_19709,호텔델루나,창화당 대학로점,서울 종로구 창경궁로26길 39,37.582009,126.999790
st_19710,호텔델루나,골목구석,서울 종로구 팔판동 118,37.583120,126.980435
st_19711,호텔델루나,정독도서관앞,서울 종로구 화동 2,37.580782,126.982757
st_19856,힐러,오렌지힐,서울 강남구 대치동 903-30,37.503166,127.058187
st_19857,힐러,달링(the fab),서울 강남구 언주로126길 25,37.513964,127.037541
st_19858,힐러,제이큐브빌딩,서울 강남구 학동로44길 29,37.513798,127.037857
st_19862,힐러,누리꿈스퀘어 서쪽,서울 마포구 상암동 1605,37.579406,126.890419
st_19863,힐러,patternETHIOPIA,서울 마포구 서교동 325-16,37.555145,126.930608
st_19865,힐러,상암중고등학교입구버정,서울 마포구 월드컵북로 424,37.581095,126.886871
st_19992,힘쎈여자도봉순,후암동 플레이트B/영주교회,서울 용산구 두텁바위로 89,37.547247,126.981534
st_19993,힘쎈여자도봉순,다리밑,서울 용산구 두텁바위로58길 2,37.549758,126.981889
st_19997,힘쎈여자도봉순,우미우가,서울 용산구 한강대로104길 50,37.550312,126.974878
st_20000,힘쎈여자도봉순,508샵,서울 종로구 낙산성곽서1길 15,37.577656,127.007989
st_20069,D.P.,부천 까치울 부대(옛 61사단 177연대),경기도 부천시 오정구 작동,37.513291343602,126.815988741765
st_20070,D.P.,부산 충무시설(광안동 지하벙커),부산광역시 수영구 광안동,35.1582894962252,129.109517930175
st_20071,D.P.,영도구 영선미니아파트,부산광역시 영도구,35.0912398945932,129.06788880232
st_20072,D.P.,사창리터미널,강원특별자치도 화천군 사내면 사창리,38.0759057789129,127.516290127639
st_20073,D.P.,울산대학교,울산광역시 남구 대학로 93,35.54183711963,129.257425346502
st_20074,갯마을 차차차,청하공진시장,경상북도 포항시 북구 청하면 청하로200번길 6,36.1970562908719,129.339877192623
st_20075,갯마을 차차차,오윤카페(한낮에 커피 달밤에 맥주),경상북도 포항시 북구 청하면 청하로200번길 6,36.1970562908719,129.339877192623
st_20076,갯마을 차차차,청호철물,경상북도 포항시 북구 청하면 청하로200번길 6,36.1970562908719,129.339877192623
st_20077,갯마을 차차차,보라슈퍼,경상북도 포항시 북구 청하면 청하로200번길 6,36.1970562908719,129.339877192623
st_20078,갯마을 차차차,공진시장 오징어 동상,경상북도 포항시 북구 청하면 청하로200번길 6,36.1970562908719,129.339877192623
st_20079,갯마을 차차차,윤치과(청진3리어민복지회관),경상북도 포항시 북구 청하면 청진리 청진3리어민복지회관,36.1705099890383,129.396975394872
st_20080,갯마을 차차차,목은봉,,,
st_20081,갯마을 차차차,이가리 닻 전망대,경상북도 포항시 북구 청하면 이가리,36.18319704275,129.378664301227
st_20082,갯마을 차차차,카페1703,,,
st_20083,갯마을 차차차,구룡포항 언덕(전망 계단),,,
st_20084,갯마을 차차차,구룡포공원(구룡 조형물),,,
st_20085,갯마을 차차차,석병1리 방파제,,,
st_20086,갯마을 차차차,청진리 마을회관,,,
st_20087,갯마을 차차차,구룡포해수욕장,,,
st_20088,갯마을 차차차,홍환해수욕장,,,
st_20089,갯마을 차차차,월포해수욕장,,,
st_20090,갯마을 차차차,곤륜산 활공장,경상북도 포항시 북구 흥해읍 칠포리 914-5,36.1367168847819,129.386762727513
st_20091,달의연인-보보경심 려,포천 아트밸리,경기도 포천시 신북면 아트밸리로 234,37.9234466506997,127.236500949033
st_20092,달의연인-보보경심 려,월화원(수원 효원공원),경기도 수원시 팔달구 동수원로 399,37.2649062083029,127.039457090913
st_20093,달의연인-보보경심 려,강릉 선교장,강원특별자치도 강릉시 운정길 63,37.7873054456205,128.8845298873
st_20094,달의연인-보보경심 려,단양 온달관광지,충청북도 단양군 영춘면 온달로 23,37.0629552611025,128.492923305038
st_20095,달의연인-보보경심 려,백제문화단지,충청남도 부여군 규암면 백제문로 455,36.3075715788732,126.908494592976
st_20096,달의연인-보보경심 려,서동요테마파크,충청남도 부여군 충화면 천신로 616,,
st_20097,달의연인-보보경심 려,밀양 위양지(위양못),경상남도 밀양시 부북면 위양리 279-2,35.5467190304711,128.717502064325
st_20098,달의연인-보보경심 려,광한루,전라북도 남원시 요천로 1447,35.4041318359584,127.38050354021
st_20099,달의연인-보보경심 려,나주영상테마파크,전라남도 나주시 공산면 덕음로 450,,
st_20100,달의연인-보보경심 려,화순 만연사,전라남도 화순군 화순읍 진각로 367,35.0830992019912,126.984422306116
st_20101,달의연인-보보경심 려,영월 요선암·요선정,강원특별자치도 영월군 무릉도원면 도원운학로 13-39,37.2972765094039,128.26189595029
st_20102,달의연인-보보경심 려,구례 사성암,전라남도 구례군 문척면 사성암길 303,35.1801334135705,127.480605665028
st_20103,달의연인-보보경심 려,경산 반곡지,경상북도 경산시 남산면 반곡리 246,35.7804593618526,128.806655040703
st_20104,라켓소년단,사천중학교,강원특별자치도 강릉시 사천면 석교골말길 8,37.8281322902103,128.845779329628
st_20105,라켓소년단,보리나라 학원농장,전북특별자치도 고창군 공음면 학원농장길 150,35.37539053097195,126.54323017579813
st_20106,라켓소년단,워시엔조이 세탁소,충남 천안시 동남구 통정6로 30,36.77426597909,127.137334291881
st_20107,라켓소년단,1913송정역시장,광주 광산구 송정동 986-3,35.13616389018537,126.79176678104224
st_20108,라켓소년단,양구 거리,"74-29 Samyeong-gil, Yanggu, Gangwon-do",,
st_20109,라켓소년단,돔베이커리,강원특별자치도 강릉시 하평길 50,37.7699105222999,128.914100649586
st_20110,라켓소년단,주문진해변,강원특별자치도 강릉시 주문진읍 향호리 8-35,37.9111195197386,128.818780222834
st_20111,라켓소년단,팜랜드,경기 안성시 공도읍 대신두길 28,36.99131661871017,127.19351655765155
st_20112,라켓소년단,광안리해수욕장,부산 수영구 광안해변로 219,35.1531932736837,129.118976093583
st_20113,라켓소년단,강릉고등학교,강원특별자치도 강릉시 강릉대로587번길 68,37.7880660291926,128.917974362897
st_20114,마더,오정동 선교사촌(한남대학교 선교사촌),대전 대덕구 한남로 70,127.42550540929,36.3545067444102
st_20115,마더,남이섬,강원특별자치도 춘천시 남산면 남이섬길 1,127.52521014329739,37.79144074509299
st_20116,마더,서산버드랜드(천수만 철새도래지),충남 서산시 부석면 천수만로 655-73,126.378401358524,36.6310953015444
st_20117,마더,국립산림과학원,서울 동대문구 회기로 57,127.04391992943849,37.593339617077156
st_20118,마더,불은초등학교,인천 강화군 불은면 불은남로544번길 9,126.487059220143,37.6834065540609
st_20119,마더,삼척항,강원특별자치도 삼척시 정상동,129.190686803117,37.4355783508
st_20120,마더,롯데콘서트홀,서울 송파구 올림픽로 300,127.10500067293846,37.513989875871125
st_20121,마더,무릉계곡관광지,강원특별자치도 동해시 삼화로 538,129.01937723543205,37.463467444794226
st_20122,마더,삼화사,강원특별자치도 동해시 삼화로 584,129.0142262988823,37.463564398828034
st_20123,마더,약천사,제주특별자치도 서귀포시 이어도로 293-28,126.449458505086,33.2462362179287
st_20124,마우스,대방동 아파트 단지,서울 동작구 여의대방로44길 47,37.5099235104732,126.930418625519
st_20125,마우스,정릉동 마을(구동 지구 촬영지),서울 성북구 보국문로29마길 12,37.6143101367766,126.999644355728
st_20126,마우스,본이 할머니 집,서울 성북구 보국문로29마길 24,37.6139187466038,126.999460873293
st_20127,마우스,정바름(정재훈)의 집,서울 성북구 보국문로29바길 6,37.6145081634441,126.998376490921
st_20128,마우스,서울방배경찰서,서울 서초구 방배천로 54,37.4813549867658,126.982858178461
st_20129,마우스,성남시청,경기 성남시 중원구 성남대로 997,37.4200218720325,127.126586301128
st_20130,마우스,인천함찬종합병원,인천 남동구 논현로 72,37.4010623210134,126.714686842521
st_20131,마우스,응급센터 촬영 세트장,경기 파주시 탄현면 새오리로286번길 48-70,37.8040570125946,126.693139276293
st_20132,마우스,조이매드 스튜디오,경기 파주시 파주읍 봉서산로 245,37.833299848007,126.803485371702
st_20133,마우스,구 장흥교도소,전남 장흥군 장흥읍 원도리 191,34.6873032505802,126.91330421771
st_20134,마우스,고양시 장항동 촬영지,경기 고양시 일산동구 장항동 652-33,37.6502782897011,126.756021654171
st_20135,마이네임,부산해양경찰서 (경찰서 세트),부산광역시 영도구 해양로 293,35.082284528292,129.077327872729
st_20136,마이네임,깡깡이예술마을,부산광역시 영도구 대평북로 36,35.093176660642,129.034170207797
st_20137,마이네임,부산대교,부산광역시 영도구 대교동,35.0924257352017,129.03831524531
st_20138,마이네임,해동용궁사,부산광역시 기장군 기장읍 용궁길 86,35.1882392674714,129.223245860198
st_20139,마이네임,을지로4가 공중전화 골목,서울특별시 중구 을지로4가 77,37.5671035267047,126.997687168469
st_20140,마이네임,산림동 골목,서울특별시 중구 산림동 25,37.567495363617,126.997390933977
st_20141,마이네임,세운전자상가,서울특별시 종로구 청계천로 159,37.5692814302828,126.995239727442
st_20142,마이네임,돈화문로 고깃집,서울특별시 종로구 돈화문로11가길 9,37.5730714920731,126.991027766147
st_20143,미스터 션샤인,글로리호텔,충남 논산시 연무읍 봉황로 90,36.1025580132223,127.104295525413
st_20144,미스터 션샤인,홍예문(홍예교),충남 논산시 연무읍 봉황로 90,36.1025580132223,127.104295525413
st_20145,미스터 션샤인,화월루,충남 논산시 연무읍 봉황로 90,36.1025580132223,127.104295525413
st_20146,미스터 션샤인,애신의 집,충남 논산시 연무읍 봉황로 90,36.1025580132223,127.104295525413
st_20147,미스터 션샤인,한약방,충남 논산시 연무읍 봉황로 90,36.1025580132223,127.104295525413
st_20148,미스터 션샤인,한성전기,충남 논산시 연무읍 봉황로 90,36.1025580132223,127.104295525413
st_20149,미스터 션샤인,대안문,충남 논산시 연무읍 봉황로 90,36.1025580132223,127.104295525413
st_20150,미스터 션샤인,원수부(양품점),충남 논산시 연무읍 봉황로 90,36.1025580132223,127.104295525413
st_20151,미스터 션샤인,동매집,충남 논산시 연무읍 봉황로 90,36.1025580132223,127.104295525413
st_20152,미스터 션샤인,불란셔제빵소,충남 논산시 연무읍 봉황로 90,36.1025580132223,127.104295525413
st_20153,미스터 션샤인,해드리오,충남 논산시 연무읍 봉황로 90,36.1025580132223,127.104295525413
st_20154,미스터 션샤인,경의선,충남 논산시 연무읍 봉황로 90,36.1025580132223,127.104295525413
st_20155,미스터 션샤인,김희성 신문사,충남 논산시 연무읍 봉황로 90,36.1025580132223,127.104295525413
st_20156,미스터 션샤인,마당집,충남 논산시 연무읍 봉황로 90,36.1025580132223,127.104295525413
st_20157,미스터 션샤인,전당포,충남 논산시 연무읍 봉황로 90,36.1025580132223,127.104295525413
st_20158,미스터 션샤인,학인당,전라북도 전주시 완산구 향교길 45,35.8121476560019,127.151843827487
st_20159,미스터 션샤인,부안영상테마파크,전북특별자치도 부안군 변산면 격포로 309-64,35.6217966399436,126.485366697404
st_20160,빈센조,세운상가(세운청계상가),서울 종로구 청계천로 159,37.569138,126.995237
st_20161,빈센조,서대문형무소역사관,서울 서대문구 통일로 251,37.574609,126.955612
st_20162,빈센조,IFC서울,서울 영등포구 국제금융로 10,37.525006,126.925874
st_20163,빈센조,콘래드 서울 호텔,서울 영등포구 국제금융로 10,37.525419,126.926744
st_20164,빈센조,대구오페라하우스,대구 북구 호암로 15,35.883533,128.592213
st_20165,빈센조,서울로7017,서울 중구 남대문로5가 84-15,37.557109,126.975414
st_20166,빈센조,노들섬,서울 용산구 양녕로 445,37.517660,126.958034
st_20167,빈센조,파크 하얏트 서울,서울 강남구 테헤란로 606,37.508732,127.064283
st_20168,빈센조,벽초지수목원,경기 파주시 광탄면 부흥로 242,37.800770,126.874258
st_20169,빈센조,두리랜드,경기 양주시 장흥면 권율로 120,37.724634,126.950163
st_20170,빈센조,강촌레일파크(김유정레일바이크),강원 춘천시 신동면 김유정로 1383,37.815773,127.712332
st_20171,빈센조,아난티 클럽 서울(아난티코드GC),경기 가평군 설악면 유명로 961-34,37.620089,127.482353
st_20172,빈센조,블룸비스타 호텔앤컨퍼런스(구 현대블룸비스타),경기 양평군 강하면 강남로 316,37.500371,127.421925
st_20173,빈센조,동대문디자인플라자(DDP),서울 중구 을지로 281,37.567184,127.009911
st_20174,빈센조,한국은행 화폐박물관,서울 중구 남대문로 39,37.562098,126.980523
st_20175,빈센조,청계천(서린동),서울 종로구 서린동,37.569147,126.978647
st_20176,빈센조,신세계센트럴시티,서울 서초구 신반포로 176,37.504683,127.004131
st_20177,빈센조,그랜드 머큐어 앰배서더 호텔 앤 레지던스 서울 용산(구 서울드래곤시티),서울 용산구 청파로20길 95,37.532175,126.960940
st_20178,빈센조,선문대학교 천안캠퍼스,충남 천안시 동남구 천안대로 277,36.770451,127.164254
st_20179,빈센조,석파랑,서울 종로구 자하문로 309,37.599283,126.958651
st_20180,빈센조,포시즌스 호텔 서울,서울 종로구 새문안로 97,37.570682,126.975405
st_20181,빈센조,레스케이프 호텔,서울 중구 퇴계로 67,37.559988,126.979511
st_20182,빈센조,인천국제공항,인천 영종구 공항로 272,37.449168,126.450920
st_20183,슈룹,문경새재오픈세트장,경상북도 문경시 문경읍 새재로 932,36.7616034289935,128.076989152595
st_20184,슈룹,전주향교,전라북도 전주시 완산구 향교길 139,35.812177597872,127.157226774295
st_20185,슈룹,전주한옥마을,전라북도 전주시 완산구 기린대로 99,35.8182133310179,127.153608497904
st_20186,슈룹,남원 광한루원,전라북도 남원시 요천로 1447,35.4041318359584,127.38050354021
st_20187,슈룹,통영 세병관,경상남도 통영시 세병로 27,34.8471548606626,128.423489026299
st_20188,슈룹,나주향교,전라남도 나주시 금계동,35.0306021119211,126.714371815349
st_20189,슈룹,창덕궁(낙선재·인정전),서울특별시 종로구 율곡로 99,37.5788697347103,126.989710338876
st_20190,슈룹,경복궁(근정전·경회루),서울특별시 종로구 사직로 161,37.5759040910202,126.976842133821
st_20191,슈룹,덕수궁,서울특별시 중구 세종대로 99,37.5660868250943,126.973725785222
st_20192,슈룹,용인대장금파크,경기도 용인시 처인구 백암면 용천리,37.123487100611,127.356224010357
st_20193,악의꽃,행복한유치원,경기 안산시 단원구 보배4길 10,37.3307635935104,126.829373449263
st_20194,악의꽃,독일약국,서울 마포구 도화4길 19 지원빌딩 1층,37.5410675293711,126.951023454276
st_20195,악의꽃,백희성 차지원 집,서울 종로구 팔판길 13,37.5825613346848,126.980738496133
st_20196,악의꽃,안산단원경찰서,경기 안산시 단원구 화랑로 373,37.3219505315136,126.829573552814
st_20197,악의꽃,북경원,서울 은평구 갈현로 271,37.6210376126716,126.916327380736
st_20198,악의꽃,세운교,서울 종로구 장사동 156-8,37.5686754395166,126.995732949522
st_20199,악의꽃,용산꿈나무종합타운,서울 용산구 백범로 329,37.5389037956572,126.965012154483
st_20200,악의꽃,자하슈퍼(은하수슈퍼),서울 종로구 자하문로42길 57,37.6002505491153,126.962806271568
st_20201,악의꽃,GVO 안산본점,경기 안산시 상록구 석호공원로 73,37.3015879070542,126.851452156862
st_20202,악의꽃,북촌로5나길,서울 종로구 북촌로5나길 3-21,37.5819311037697,126.981968269619
st_20203,악의꽃,고성 알프스리조트,강원 고성군 간성읍 흘리 106-28,38.2630887484813,128.377542340169
st_20204,악의꽃,양도슈퍼,인천 강화군 강화남로 718-20,37.6630124193948,126.421281374059
st_20205,악의꽃,길정YB낚시터,인천 강화군 양도면 고려왕릉로 210-21,37.661811414336,126.467170839876
st_20206,악의꽃,도해수집,서울 중구 서소문로 89-11,37.5628437172621,126.97077858004
st_20207,악의꽃,원미상가아파트,경기 부천시 원미구 조마루로398번길 56,37.4952873485307,126.787159611052
st_20208,악의꽃,인천중앙공원,인천 남동구 예술로 125,37.4456245378907,126.699420040481
st_20209,악의꽃,가온문화공원,서울 마포구 상암동 1594,37.5818462852626,126.887624489057
st_20210,악의꽃,돼지각시와 연탄불,경기 수원시 영통구 동수원로507번길 15,,
st_20211,악의꽃,이촌2동 육교,서울 용산구 이촌로2가길 122,37.5254656474891,126.954478744002
st_20212,악의꽃,박샘다비드조소학원,서울 강남구 선릉로82길 5 캥거루빌딩,37.5026172372113,127.050479425828
st_20213,악의꽃,할리스커피,경기 양주시 광사동 654-2,37.7954335648233,127.079909836072
st_20214,악의꽃,스텝백 골목,서울 종로구 수표로 132,37.5728090878462,126.98854612223
st_20215,악의꽃,평해옥,서울 종로구 낙원동 삼일대로26길 17,37.5733988267483,126.988941667722
st_20216,악의꽃,헤이리 가드너스,경기 파주시 탄현면 헤이리마을길 59-52,37.7896168119528,126.696192765943
st_20217,악의꽃,구로기계공구상가,서울 구로구 경인로 577,37.5040744764923,126.880912215582
st_20218,지옥,익산 구 농촌진흥원 폐가,전북특별자치도 익산시,,
st_20219,지옥,"제일병원(충무로, 폐업)",서울 중구 충무로 일대,,
st_20220,지옥,의정부경찰서,경기 의정부시 호국로 1265,127.044326754764,37.7444428561207
st_20221,지옥,KBS 본관,서울 영등포구 여의공원로 13,126.91704732872681,37.52480864061534
st_20222,지옥,하나증권빌딩(구 하나금융투자빌딩),서울 영등포구 의사당대로 82,126.921908279976,37.5227504615294
st_20223,지옥,한국지역정보개발원,서울 마포구 성암로 301,126.887937156123,37.5824691687483
st_20224,지옥,한국지역정보개발원 버스정류장 일대,서울 마포구 월드컵북로58길 20,,
st_20225,지옥,영등포역,서울 영등포구 경인로 846,126.9078782908411,37.515682796141235
st_20226,지옥,법원로12길 일대(문정동),서울 송파구 법원로12길,,
st_20227,지옥,경희대학교 국제캠퍼스 중앙도서관,경기 용인시 기흥구 덕영대로 1732,127.079711519692,37.2410027970193
st_20228,지옥,제물포시장,인천 미추홀구 숭의동 27-57,126.657172192085,37.4632486061443
st_20229,지옥,대전정보문화산업진흥원 인근 실내스튜디오,대전 유성구 대덕대로512번길 20,127.3794605573082,36.37827165814569
st_20230,철인왕후,허균·허난설헌 기념공원,강원 강릉시 난설헌로193번길 1-29,37.7910301468257,128.909552420373
st_20231,철인왕후,궁남지,충청남도 부여군 부여읍 동남리 152-1,36.271819292326,126.913187020415
st_20232,철인왕후,선교장,강원 강릉시 운정길 63,37.7873054456205,128.8845298873
st_20233,철인왕후,광한루원,전북 남원시 요천로 1447,35.4041318359584,127.38050354021
st_20234,철인왕후,문경새재 오픈세트장,경북 문경시 문경읍 새재로 932,36.7616034289935,128.076989152595
st_20235,철인왕후,병산서원,경북 안동시 풍천면 병산길 386,36.5403022642502,128.552787482737
st_20236,철인왕후,안동 군자마을,경북 안동시 와룡면 오천리 산27-1,36.6732587288722,128.802392180429
st_20237,철인왕후,경상남도수목원,경남 진주시 이반성면 수목원로 386,35.1571982460115,128.295736047431
st_20238,철인왕후,지신정,경상남도 진주시 지수면 승산리 260,35.2377059973846,128.267747558214
st_20239,철인왕후,용인대장금파크,경기도 용인시 처인구 백암면 용천드라마길 25,37.1194440425504,127.337088732809
st_20240,킹덤,창경궁,서울 종로구 창경궁로 185,37.579417,126.995200
st_20241,킹덤,창덕궁,서울 종로구 율곡로 99,37.579647,126.991000
st_20242,킹덤,경복궁,서울 종로구 사직로 161,37.577613,126.976898
st_20243,킹덤,문경새재 제1관문 주흘관,경북 문경시 문경읍 상초리 521,36.768441,128.075218
st_20244,킹덤,문경새재 제2관문 조곡관,경북 문경시 문경읍 상초리 산42-36,36.789583,128.065686
st_20245,킹덤,문경새재 오픈세트장,경북 문경시 문경읍 새재로 1037,36.771400,128.074072
st_20246,킹덤,부안영상테마파크,전북 부안군 변산면 격포로 309-64,35.621807,126.485383
st_20247,킹덤,화성행궁,경기 수원시 팔달구 정조로 825,37.281914,127.014041
st_20248,킹덤,원대리자작나무숲,강원 인제군 인제읍 원대리 산75-22,37.988191,128.198988
st_20249,킹덤,내연산 12폭포,경북 포항시 북구 송라면 중산리 산97,36.252360,129.311061
st_20250,킹덤,황매산,경남 합천군 가회면 둔내리 산219,35.494292,127.974661
st_20251,킹덤,비둘기낭폭포(한탄강),경기 포천시 영북면 대회산리 415-2,38.079883,127.217035
st_20252,킹덤,안동 하회마을 부용대,경북 안동시 풍천면 광덕솔밭길 72,36.542852,128.516615
st_20253,킹덤,전주한옥마을,전북 전주시 완산구 풍남동3가 63-1,35.814777,127.152557
st_20254,킹덤,남양주종합촬영소,경기 남양주시 조안면 북한강로855번길 138,37.604002,127.322515
st_20255,킹덤,순천드라마촬영장,전남 순천시 비례골길 24,34.957084,127.538034
st_20256,킹덤,화암동굴,강원 정선군 화암면 화암리 산213-1,37.349007,128.794188
st_20257,킹덤,헤이리예술마을,경기 파주시 탄현면 헤이리마을길 70-21,37.788041,126.699304
st_20258,해피니스,e편한세상 옥정 더 퍼스트,경기 양주시 옥정서로1길 60,37.815549833007715,127.08491345597332
st_20259,환혼,백운동원림,전남 강진군 성전면 월하안운길 100-63,34.742034,126.699875
st_20260,환혼,농월정,경남 함양군 안의면 농월정길 9-13,35.623894,127.778435
st_20261,환혼,성흥산성(가림성),충남 부여군 임천면 성흥로97번길 167,36.197690,126.899638
st_20262,환혼,용머리해안,제주 서귀포시 안덕면 사계리 112-3,33.231660,126.314724
st_20263,환혼,권금성,강원 속초시 설악동 산41,38.163655,128.484969
st_20264,환혼,가산수피아,경북 칠곡군 가산면 학하들안2길 105,36.086109,128.485044
st_20265,환혼,아침고요수목원,경기 가평군 상면 수목원로 427,37.743004,127.351661
st_20266,환혼,세연정,전남 완도군 보길면 부황길 57,34.162479,126.555944
st_20267,환혼,고석정,강원 철원군 동송읍 장흥리 725-13,38.185262,127.287954
st_20268,환혼,수옥폭포,충북 괴산군 연풍면 원풍리 산86-1,36.807013,128.028917
st_20269,환혼,몰운대,강원 정선군 화암면 몰운리 산43,37.316523,128.809684
st_20270,환혼,파도리해변(해안동굴 인근),충남 태안군 소원면 파도리,36.738981,126.133582
st_20271,환혼,포천아트밸리,경기 포천시 신북면 아트밸리로 234,37.923174,127.237246
st_20272,환혼,쌍산재,전남 구례군 마산면 장수길 3-2,35.215754,127.498043
st_20273,환혼,계명대학교 성서캠퍼스,대구 달서구 달구벌대로 1095,35.855868,128.484537
st_20274,환혼,문경 선유동계곡,경북 문경시 가은읍 완장리,36.669582,127.976055
st_20275,환혼,무수천,제주 제주시 애월읍 광령리,33.461053,126.447644
st_20276,환혼,마성 오픈세트장,경북 문경시 마성면 가은로 311-18,36.650822,128.079454
st_20277,환혼,바람의화원 오픈세트장,충북 괴산군 청천면 덕평리 산38-2,36.729875,127.799710
st_20278,21세기 대군부인,경희대학교 평화의전당,서울 동대문구 경희대로 26,37.5986824730534,127.052773814646
st_20279,21세기 대군부인,수영만 요트경기장,부산 해운대구 해운대해변로 84,35.16026170107591,129.14127264196568
st_20280,21세기 대군부인,캐틀앤비 양재천점,서울 서초구 양재천로 131,37.4787997290078,127.041976048942
st_20281,21세기 대군부인,합천영상테마파크,경남 합천군 용주면 합천호수로 757,35.54875124468043,128.0718460684288
st_20282,S라인,호텔 나루 서울 엠갤러리,서울 마포구 마포대로 8,,
st_20283,경이로운소문2,송도 트리플스트리트,인천 연수구 송도과학로16번길 33-1,,
st_20284,경이로운소문2,와동육교,경기 파주시 와동동 1471-1,,
st_20285,경이로운소문2,서울중앙지방법원,서울 서초구 서초중앙로 157,,
st_20286,경이로운소문2,오크우드 프리미어 인천,인천 연수구 컨벤시아대로 165,,
st_20287,경이로운소문2,헤이리마을 사거리,경기 파주시 탄현면 헤이리마을길 일대,,
st_20288,경이로운소문2,고양 선인장전시관,경기 고양시 일산동구 호수로 731,,
st_20289,경이로운소문2,벚꽃마을 세종그라시아 앞 공원,경기 부천시 원미구 상이로 46 일대,,
st_20290,경이로운소문2,가톨릭대학교 의정부성모병원,경기 의정부시 천보로 271,,
st_20291,광장,경희대 국제캠퍼스,경기 용인시 기흥구 덕영대로 1732,,
st_20292,광장,안국빌딩,서울 종로구 율곡로 33,,
st_20293,광장,동호대교,서울 성동구 옥수동 487,,
st_20294,광장,콘래드 서울,서울 영등포구 국제금융로 10,,
st_20295,광장,팔현캠프,경기 남양주시 오남읍 팔현로 175번길 310-60,,
st_20296,광장,남산 일대,서울 용산구 용산동2가 산 1-11,,
st_20297,광장,그랑시티 시그니처타워,경기 안산시 상록구 해양3로 15,,
st_20298,광장,월드컵북로44길,서울 마포구 상암동 35-7,,
st_20299,광장,월드컵북로48길,서울 마포구 상암동 36-28,,
st_20300,광장,국회대로76길,서울 영등포구 여의도동 11-17,,
st_20301,광장,왕십리로5길,서울 성동구 성수동1가 685-201,,
st_20302,광장,송도라마다호텔,인천 연수구 능허대로267번길 29,,
st_20303,광장,스포츠타운길,강원 춘천시 삼천동 290-2,,
st_20304,광장,가평성모병원,경기 가평군 가평읍 가화로 75,,
st_20305,광장,군축교,강원 인제군 남면 남전리 704-2,,
st_20306,광장,소양강 인제대교 앞,강원 인제군 남면 남전리 707-1,,
st_20307,광장,성신여대 운정그린캠퍼스,서울 강북구 도봉로76가길 55,,
st_20308,김부장,세검정초등학교 버스정류장,서울 종로구 신영동 124-1,37.6024593796465,126.961287355465
st_20309,김부장,산본제일병원,경기 군포시 산본로 374,37.3636596397959,126.931147114043
st_20310,김부장,로미코리아 클래식카 차고,경기 파주시 탄현면 요풍길 68-23,37.7831437838105,126.684234016398
st_20311,김부장,거제도 근포땅굴,경남 거제시 남부면 근포3길 42-14,34.7228836813022,128.590211070941
st_20312,김부장,거제 한옥펜션 소낭구,경남 거제시 일운면 서이말길 113,,
st_20313,김비서가 왜 그럴까,에버랜드,경기도 용인시 처인구 포곡읍 에버랜드로 199,,
st_20314,김비서가 왜 그럴까,한탄강 하늘다리,경기도 포천시 영북면 비둘기낭길 207,,
st_20315,김비서가 왜 그럴까,지혜의숲,경기도 파주시 회동길 145,,
st_20316,김비서가 왜 그럴까,보정동 카페거리,경기도 용인시 기흥구 보정동 1344,,
st_20317,김비서가 왜 그럴까,3·1만세운동길 계단,대구광역시 중구 동산동 261,,
st_20318,김비서가 왜 그럴까,제부도 워터워크,경기도 화성시 서신면 제부리 190-198,,
st_20319,나빌레라,메디테리움 의학박물관,경기 파주시 회동길 338,,
st_20320,나빌레라,성신여자대학교 운정그린캠퍼스,서울 강북구 도봉로76가길 55,,
st_20321,나빌레라,아침고요수목원,경기 가평군 상면 수목원로 432,,
st_20322,나빌레라,인천국제공항,인천 영종구 공항로 272,,
st_20323,나빌레라,합천영상테마파크,경남 합천군 용주면 합천호수로 757,,
st_20324,나빌레라,당진문예의전당,충남 당진시 무수동2길 25-21,,
st_20325,나빌레라,무원마을 버스정류장,경기 고양시 덕양구 행신동 무원마을단독주택단지,,
st_20326,나빌레라,비맨션,경기 부천시 소사구 소사동로 205,,
st_20327,나빌레라,서강대교,서울 영등포구 여의도동 83-1,,
st_20328,나빌레라,스위스 그랜드 호텔,서울 서대문구 연희로 353,,
st_20329,나빌레라,에어플레인모드,서울 서대문구 연세로4길 36,,
st_20330,나빌레라,웅진플레이도시,경기 부천시 원미구 조마루로 2,,
st_20331,나빌레라,이촌로29길 철도건널목,서울 용산구 이촌로29길 25,,
st_20332,나빌레라,잉글랜드돈까스,인천 제물포구 우현로90번길 7,,
st_20333,나빌레라,중계마을,서울 노원구 중계본동 104-3,,
st_20334,나빌레라,백범광장 버스정류장,서울 중구 퇴계로8길 94,,
st_20335,나쁜엄마,알로프트 서울 명동,서울 중구 남대문로 56,,
st_20336,나쁜엄마,미래농원 MRNW,대구 북구 호국로 300-22,,
st_20337,나쁜엄마,상주중앙시장,경북 상주시 중앙시장길 40-50 일대,,
st_20338,나쁜엄마,두호동 해안로,경북 포항시 북구 해안로 231,,
st_20339,나쁜엄마,한밤마을 돌담길,대구 군위군 부계면 한밤2길 10 일대,,
st_20340,나쁜엄마,소소밀밀 서악점,경북 경주시 능남길 15,,
st_20341,나의 아저씨,백빈건널목(삼각지 철길건널목),서울 용산구 한강로3가 40-1007,37.525112,126.960790
st_20342,나의 아저씨,정희네(정희의 집·편의점),인천 제물포구 제물량로341번길 43,37.482798,126.619095
st_20343,나의 아저씨,국립중앙도서관,서울 서초구 반포대로 201,37.497423,127.003227
st_20344,나의 아저씨,팔달공원,경기 수원시 팔달구 팔달산로 108,37.277604,127.010365
st_20345,나의 아저씨,운현궁,서울 종로구 삼일대로 464,37.576226,126.987086
st_20346,나의 아저씨,세종문화회관,서울 종로구 세종대로 175,37.572595,126.975779
st_20347,나의 아저씨,정수사(강화),인천 강화군 화도면 해안남로1258번길 142,37.607782,126.445604
st_20348,나의 아저씨,동호대교,서울 성동구 옥수동 487,37.536324,127.021159
st_20349,나의 아저씨,국제성모병원 장례식장,인천 서구 심곡동 291,37.542743,126.684097
st_20350,낭만닥터 김사부 3,돌담 권역외상센터 세트장,경기 포천시 영북면 산정리(산정호수 일대),38.071161,127.320868
st_20351,내 남편과 결혼해줘,청계천,서울특별시 종로구 서린동 148,37.5691469686793,126.978647068151
st_20352,내 남편과 결혼해줘,IFC서울,서울특별시 영등포구 국제금융로 10,37.5250055230105,126.925874436207
st_20353,내 남편과 결혼해줘,29펍 Tokyo Elegant 4호점,서울특별시 강남구 강남대로110길 14,37.50375500787789,127.02606620105381
st_20354,눈물의 여왕,그랜드 워커힐 서울 애스톤하우스,경기 구리시 아차산로 1,37.5599296185078,127.113284244788
st_20355,눈물의 여왕,배팅연습장(남영역),서울 용산구 한강대로81길 32,37.5421127466826,126.971532239389
st_20356,눈물의 여왕,용연리마을(용두리),경북 문경시 문경읍 용연길 97-6,36.7772112014644,128.174225238258
st_20357,눈물의 여왕,문경철로자전거 구랑리역,경북 문경시 마성면 구랑로 20,36.66098884453637,128.09932042498332
st_20358,눈물의 여왕,가람마루 전망대(건지마을 전망대),충북 충주시 동량면 조동리 산 180-14,37.00885851709,127.991836410816
st_20359,눈물의 여왕,문경새재도립공원,경북 문경시 문경읍 새재로 932,36.7619075850083,128.07668565475
st_20360,눈물의 여왕,봉천사,경북 문경시 호계면 봉서2길 201,36.6296057601921,128.227393139077
st_20361,뉴토피아,국립중앙박물관,서울 용산구 서빙고로 137,,
st_20362,뉴토피아,파라다이스시티 아트파라디소 새라새,인천 중구 영종해안남로321번길 186,,
st_20363,뉴토피아,논현역 교차로,서울 서초구 잠원동 37-12,,
st_20364,뉴토피아,순복음강남교회,서울 강남구 역삼로8길 12,,
st_20365,뉴토피아,뵈르뵈르,서울 성동구 연무장7길 6,,
st_20366,뉴토피아,바우뫼로41길,서울 서초구 양재동 7-1,,
st_20367,뉴토피아,마방로6길,서울 서초구 마방로6길 7-63,,
st_20368,뉴토피아,웨이브앤샌드,서울 서초구 언남11길 34-2,,
st_20369,다 이루어질지니,선고리 마을길,충북 제천시 덕산면 선고리 1708,36.8938676221144,128.19714266242
st_20370,다 이루어질지니,서동요테마파크,충남 부여군 충화면 가화리 281-3,36.1444664598795,126.823866371031
st_20371,다 이루어질지니,옛 호서극장,충남 공주시 중동 199,36.4530620024972,127.12381627041
st_20372,다 이루어질지니,미술관 자작나무숲,강원 횡성군 우천면 두곡리 5,37.4927626005527,128.050002973568
st_20373,다 이루어질지니,감영길,충남 공주시 반죽동 170-1,36.4528542938369,127.12284734673
st_20374,다 이루어질지니,세이지우드 홍천,강원 홍천군 두촌면 괘석리 산 25,37.8860055264791,128.118713519224
st_20375,다 이루어질지니,불암산 애기봉,경기 남양주시 별내동 산 237-1,37.6648726372514,127.09893328882
st_20376,다 이루어질지니,콘래드37그릴앤바,서울 영등포구 여의도동 23,37.5249785804442,126.925298305571
st_20377,다 이루어질지니,서울타워,서울 용산구 용산동2가 산 1-3,37.5489431139548,126.989404159753
st_20378,다 이루어질지니,뮤지엄 산 명상관,강원 원주시 지정면 월송리 999-13,37.4181979617707,127.823234544294
st_20379,다 이루어질지니,인천국제공항 제1여객터미널,인천 중구 운서동 2851,37.4478413047644,126.452569722753
st_20380,다 이루어질지니,인스파이어 엔터테인먼트 리조트,인천 중구 운서동 2955-74,37.465436913645,126.387985373465
st_20381,당신이 잠든 사이에,공지로 촬영 지점,강원 춘천시 공지로 387,,
st_20382,당신이 잠든 사이에,서울마포경찰서 월드컵지구대,서울 마포구 월드컵북로30길 24,,
st_20383,당신이 잠든 사이에,꿈의숲아트센터,서울 강북구 월계로 173,,
st_20384,당신이 잠든 사이에,가천대 길병원,인천 남동구 남동대로774번길 21,,
st_20385,당신이 잠든 사이에,WE ARE YOUNG 벽화,서울 종로구 율곡로3길 64,,
st_20386,당신이 잠든 사이에,덕성여자고등학교,서울 종로구 율곡로3길 50,,
st_20387,당신이 잠든 사이에,북촌마을안내소,서울 종로구 북촌로5길 48,,
st_20388,당신이 잠든 사이에,일산문화공원,경기 고양시 일산동구 중앙로 1271-4,,
st_20389,당신이 잠든 사이에,서울어린이대공원 정문,서울 광진구 능동로 216,,
st_20390,당신이 잠든 사이에,자양역 옛 뚝섬유원지역,서울 광진구 능동로 10,,
st_20391,당신이 잠든 사이에,성보고등학교 정문,서울 관악구 남부순환로156길 39,,
st_20392,당신이 잠든 사이에,고양종합터미널,경기 고양시 일산동구 중앙로 1036,,
st_20393,당신이 잠든 사이에,여의도환승센터,서울 영등포구 여의도동 2-11,,
st_20394,당신이 잠든 사이에,스탠포드호텔 서울,서울 마포구 월드컵북로58길 15,,
st_20395,당신이 잠든 사이에,수원지방법원 안산지원,경기 안산시 단원구 광덕서로 75,,
st_20396,당신이 잠든 사이에,상동호수공원,경기 부천시 원미구 조마루로 15,,
st_20397,당신이 잠든 사이에,서울영등포경찰서,서울 영등포구 국회대로 608,,
st_20398,당신이 잠든 사이에,건국대학교 청심대,서울 광진구 능동로 120,,
st_20399,당신이 잠든 사이에,서울특별시 보라매병원,서울 동작구 보라매로5길 20,,
st_20400,당신이 잠든 사이에,YTN 뉴스퀘어,서울 마포구 상암산로 76,,
st_20401,당신이 잠든 사이에,서울의료원,서울 중랑구 신내로 156,,
st_20402,당신이 잠든 사이에,안성팜랜드,경기 안성시 공도읍 대신두길 28,,
st_20403,당신이 잠든 사이에,서대문형무소역사관,서울 서대문구 통일로 251,,
st_20404,당신이 잠든 사이에,삼척해수욕장,강원 삼척시 갈천동 14-22,,
st_20405,더 글로리,청주교육대학교,충청북도 청주시 서원구 청남로 2065,36.616043,127.484972
st_20406,더 글로리,세이지우드 홍천,강원특별자치도 홍천군 두촌면 광석로 898-160,37.885966,128.118672
st_20407,더 글로리,엘리시안강촌 스키장,강원특별자치도 춘천시 남산면 북한강변길 688,37.819615,127.588232
st_20408,더 글로리,의정부 행복로,경기도 의정부시 행복로 12,37.739750,127.048839
st_20409,더킹,오산 드라마세트장,경기도 오산시 내삼미동 240,,
st_20410,더킹,사성암,전라남도 구례군 문척면 사성암길 303,,
st_20411,더킹,아홉산숲,부산광역시 기장군 철마면 미동길 37-1,,
st_20412,더킹,동백섬,부산광역시 해운대구 우동 710-1,,
st_20413,더킹,마린시티 영화의 거리,부산광역시 해운대구 마린시티1로 91,,
st_20414,더킹,벡스코,부산광역시 해운대구 APEC로 55,,
st_20415,더킹,수영만요트경기장,부산광역시 해운대구 해운대해변로 84,,
st_20416,더킹,다대포해수욕장,부산광역시 사하구 몰운대1길 14,,
st_20417,더킹,부산외국어대학교 남산동캠퍼스,부산광역시 금정구 금샘로485번길 65,,
st_20418,더킹,국립부산국악원,부산광역시 부산진구 국악로 2,,
st_20419,더킹,이기대공원,부산광역시 남구 용호동 산25,,
st_20420,더킹,충무동 새벽시장,부산광역시 서구 해안새벽시장길 68,,
st_20421,더킹,부산광역시 교통정보서비스센터,부산광역시 연제구 고분로 221,,
st_20422,도깨비,주문진방파제,강원특별자치도 강릉시 주문진읍 교항리,37.8798554564007,128.834204251177
st_20423,도깨비,경포대,강원특별자치도 강릉시 경포로 365,37.7950741626953,128.896636344738
st_20424,도깨비,전등사,인천 강화군 길상면 전등사로 37-41,37.6321456856267,126.484778944969
st_20425,도깨비,송도센트럴파크,인천 연수구 송도동 24-5,37.393063959939425,126.63862968940775
st_20426,도깨비,나주영상테마파크 너와저잣거리,전남 나주시 공산면 신곡리 1042,,
st_20427,도깨비,사근용답간인도교,서울 성동구 사근동 235-1,37.5624925499828,127.050036387802
st_20428,도깨비,북촌한옥마을,서울 종로구 북촌로 53,37.581768153833444,126.98481245064092
st_20429,도깨비,건국대학교(일감호),서울 광진구 능동로 120,37.543536094587516,127.07741635877292
st_20430,도깨비,월정사,강원특별자치도 평창군 진부면 오대산로 374-8,37.73175082498766,128.59212296344094
st_20431,도깨비,삼청동거리,서울 종로구 팔판동 67-1,37.5820641053666,126.981482777468
st_20432,도깨비,반포한강공원,서울 서초구 반포동 115-5,37.51081992690844,126.99716104081192
st_20433,도깨비,인천국제공항 제1여객터미널,인천 영종구 공항로 272,37.44917416578355,126.45092032325644
st_20434,도깨비,강릉중앙시장,강원특별자치도 강릉시 금성로 21,37.754025117657804,128.8986237900098
st_20435,도깨비,강릉월화거리,강원특별자치도 강릉시 경강로 2111,37.755909823698,128.897496501722
st_20436,동궁,호서대학교 아산캠퍼스 세출소류지,충남 아산시 배방읍 호서로79번길 20,36.7354919411134,127.074101992493
st_20437,동궁,부안영상테마파크,전북 부안군 변산면 격포로 309-64,35.6217966399436,126.485366697404
st_20438,동궁,용인대장금파크,경기 용인시 처인구 백암면 용천드라마길 25,37.1194440425504,127.337088732809
st_20439,동궁,도봉산,서울 도봉구 도봉산길 92-1,37.6949273722736,127.015080208308
st_20440,동궁,경기전,전북 전주시 완산구 태조로 44,35.8149865196345,127.150208050981
st_20441,동궁,경주 오릉,경북 경주시 포석로 907,35.8231949525119,129.208290562502
st_20442,동궁,학원농장,전북 고창군 공음면 학원농장길 142,35.3753953270893,126.543330621694
st_20443,동궁,문경새재 오픈세트장,경북 문경시 문경읍 새재로 1037,36.7711781142953,128.073971379538
st_20444,동궁,옥산천,경북 경주시 안강읍 옥산리,36.0112341831224,129.162919976058
st_20445,동궁,문경새재 제2관문 조곡관,경북 문경시 문경읍 상초리,36.7892787839213,128.066444897621
st_20446,마스크걸,세운 대림상가아파트,서울특별시 중구 을지로 157,37.5671458986322,126.995451191045
st_20447,마스크걸,T.G.I.프라이데이스 롯데백화점 일산점,경기도 고양시 일산동구 중앙로 1283,37.6604717553584,126.77212625922
st_20448,마스크걸,장암저수지(국망봉자연휴양림),경기도 포천시 이동면 장암리,38.0519146282801,127.358962835717
st_20449,마스크걸,던킨도너츠(남대문로1길),서울특별시 중구 남대문로1길 60,37.5636747018255,126.977790455377
st_20450,마스크걸,SMC신라메디컬의원,서울특별시 강남구 언주로 517,37.5042815416175,127.04154245088
st_20451,마이 데몬,청계천,서울 종로구 서린동 148,37.569147,126.978647
st_20452,마이 데몬,서울어린이대공원,서울 광진구 능동로 216,37.549977,127.080235
st_20453,마이 데몬,성신여자대학교 미아운정그린캠퍼스,서울 강북구 도봉로76가길 55,37.632019,127.027229
st_20454,마이 데몬,일산호수공원,경기 고양시 일산동구 호수로 595,37.656136,126.764142
st_20455,마이 데몬,오크밸리리조트,강원특별자치도 원주시 지정면 오크밸리1길 66,37.434470,127.817561
st_20456,마이 데몬,거풍아트랜드스케이프센터,경기 남양주시 별내면 청학로247번길 54,,
st_20457,맨 끝줄 소년,앤드테라스 파주점,경기 파주시 오도동 216-1,37.7477883870008,126.719335225738
st_20458,맨 끝줄 소년,수원시립미술관,경기 수원시 팔달구 신풍동 238-1,37.2826953944131,127.015754773892
st_20459,맨 끝줄 소년,삼성본병원,경기 오산시 외삼미동 641,37.1910866493677,127.061580541752
st_20460,맨 끝줄 소년,한국지도자아카데미,경기 시흥시 목감동 산8-1,37.4000728525756,126.870746884722
st_20461,맨 끝줄 소년,로케이션 어스,경기 파주시 축현리 283-41,37.8032540637756,126.730281078278
st_20462,멋진 신세계,코리아나호텔,서울 중구 세종대로 135,37.5683019063811,126.97664583425
st_20463,멋진 신세계,일민미술관,서울 종로구 세종대로 152,37.5697955938153,126.977665029004
st_20464,멋진 신세계,한국프레스센터,서울 중구 세종대로 124,37.567418716091,126.97787106804
st_20465,멋진 신세계,정부서울청사,서울 종로구 세종대로 209,37.57494148278842,126.97514065344677
st_20466,멋진 신세계,인천국제공항 제2여객터미널,인천 중구 제2터미널대로 444,37.4684322176904,126.437520618366
st_20467,멋진 신세계,제주 비밀의 숲,제주특별자치도 제주시 구좌읍 비자림로 1741-212,33.4537132534714,126.755312777251
st_20468,모범택시,남산중앙교회 인근 주택(도기·고은의 집),서울 용산구 두텁바위로60길 74,37.54829689626989,126.98368196074098
st_20469,모범택시,의정부지방검찰청,경기 의정부시 녹양로34번길 23,37.7549192994141,127.0334347204
st_20470,모범택시,매일절임식품,충남 홍성군 광천읍 옹암3길 28,36.4835336461388,126.6187981241
st_20471,모범택시,도당고등학교,경기 부천시 원미구 삼작로256번길 53-3,37.5187235692492,126.790609890504
st_20472,모범택시,신거북시장,인천 서해구 거북로 117,37.50337633098291,126.67490970106154
st_20473,모범택시,SBS 일산제작센터,경기 고양시 일산서구 일현로 111,37.6969422138387,126.763699383734
st_20474,모범택시,레스케이프 서울 명동,서울 중구 퇴계로 67,37.560012794944306,126.97935591995754
st_20475,모범택시,대진대학교,경기 포천시 호국로 1007,37.870684661337016,127.15612168310325
st_20476,모범택시,쌍용반점,전북특별자치도 군산시 내항2길 121,35.9930687889244,126.710237237643
st_20477,모범택시,비응항,전북특별자치도 군산시 비응로 6,35.9352610809149,126.526361755521
st_20478,모범택시,월드컵대교,서울 마포구 상암동 1541,37.5567091981514,126.885514182887
st_20479,모범택시,만석부두,인천 제물포구 만석동 2-407,37.4915995052787,126.622264886915
st_20480,모범택시,BMW드라이빙센터,인천 영종구 공항동로 136,37.46198748697042,126.48704970606595
st_20481,모범택시,나로우주센터 우주과학관,전남광주통합특별시 고흥군 봉래면 하반로 490,34.453408084334384,127.51774103712972
st_20482,모범택시,청라호수공원,인천 서해구 청라동 106-2,37.53249042934526,126.63427992472252
st_20483,모범택시3,더작심 김포걸포점,경기 김포시 걸포2로 33,37.63328050797935,126.70367336738157
st_20484,모범택시3,상암 프리즘타워,서울 마포구 상암동 1607-1,37.5797103213346,126.892781019504
st_20485,모범택시3,주원산업(부지),전남 진도군 군내면 녹진리 1224-15,34.5800197232029,126.279741097591
st_20486,무브투헤븐,두꺼비생태문화관 인근(산남동),충북 청주시 서원구 원흥로 81,36.6136644309564,127.468632614108
st_20487,무브투헤븐,성안길,충북 청주시 상당구 북문로1가 210-1,36.6358512548562,127.48901399655
st_20488,무브투헤븐,아쿠아플라넷 일산,경기 고양시 일산서구 한류월드로 282,37.6637875549962,126.755485560508
st_20489,무빙,동대문시장,서울 종로구 종로36길 12,37.5703476126083,127.00381243794
st_20490,무빙,원효아파트,서울 용산구 원효로2가 94-2,37.5350244616566,126.961576811432
st_20491,무빙,남산서울타워,서울 용산구 용산동2가 산 1-3,37.5489431139548,126.989404159753
st_20492,무빙,남산케이블카(남산돈까스 간판 위치),서울 중구 회현동1가 산 1-19,37.5565696462715,126.984090642873
st_20493,무빙,인천국제공항 제1교통센터,인천 영종구 운서동 2851,37.4478413047644,126.452569722753
st_20494,무빙,서울마리나,서울 영등포구 여의도동 81-8,37.5349235751575,126.913193926769
st_20495,무빙,부산항연안여객터미널,부산 중구 중앙동4가 15-3,35.1056703382935,129.039485285364
st_20496,무빙,세명대학교,충북 제천시 신월동 579,37.1776398711202,128.195545183914
st_20497,무빙,부산외국어대학교,부산 금정구 남산동 857-1,35.2671760251776,129.079156495424
st_20498,무빙,연희동,서울 서대문구 연희동 541-49,37.5696255114262,126.92022290945
st_20499,무빙,영메이슨 도예 스튜디오,서울 마포구 연남동 257-3,37.5625955422966,126.923151575736
st_20500,미지의 서울,창동리 농로,충남 보령시 남포면 창동리 421,,
st_20501,미지의 서울,문화마을 버스정류장,전남 담양군 수북면 풍수리 1077-1,,
st_20502,미지의 서울,서울중앙지법,서울 서초구 서초중앙로 157,,
st_20503,미지의 서울,서울역 서쪽 출구 앞,서울 용산구 동자동 43-234,,
st_20504,미지의 서울,을지로,서울 중구 을지로2가 20-2,,
st_20505,미지의 서울,서빙고초등학교 버스정류장,서울 용산구 서빙고동 235-1,,
st_20506,미지의 서울,동작대교 남단,서울 용산구 이촌동 357,,
st_20507,미지의 서울,을지로7길,서울 중구 수하동 68-4,,
st_20508,반짝이는 워터멜론,전북대학교,전북특별자치도 전주시 덕진구 백제대로 567,35.84572115414923,127.1296051529039
st_20509,반짝이는 워터멜론,파란대문집,강원특별자치도 강릉시 경강로2024번길 19,37.7511199748724,128.892515992997
st_20510,반짝이는 워터멜론,거제 엠파크거리,경남 거제시 고현로11길 20,34.8893026804108,128.624666172788
st_20511,반짝이는 워터멜론,공주 금강철교,충남 공주시 신관동 553,36.46832668450109,127.12574921576268
st_20512,반짝이는 워터멜론,홍대 어울마당로,서울 마포구 어울마당로,37.5496832548778,126.920691961345
st_20513,반짝이는 워터멜론,노벨로,서울 영등포구 도림로 456,37.51542513683899,126.89294997375781
st_20514,별에서 온 그대,서울시립미술관 서소문본관,서울 중구 덕수궁길 61,,
st_20515,별에서 온 그대,현대원서공원,서울 종로구 원서동 181,,
st_20516,별에서 온 그대,N서울타워,서울 용산구 남산공원길 105,,
st_20517,별에서 온 그대,장사도해상공원,경남 통영시 한산면 장사도길 55,,
st_20518,별에서 온 그대,쁘띠프랑스,경기 가평군 청평면 호반로 1063,,
st_20519,별에서 온 그대,인천대학교 송도캠퍼스,인천 연수구 아카데미로 119,,
st_20520,별에서 온 그대,한국민속촌,경기 용인시 기흥구 민속촌로 90,,
st_20521,별에서 온 그대,인천시립박물관,인천 연수구 청량로160번길 26,,
st_20522,별에서 온 그대,동대문디자인플라자,서울 중구 을지로 281,,
st_20523,별에서 온 그대,석촌호수,서울 송파구 잠실동 47,,
st_20524,별에서 온 그대,63스퀘어,서울 영등포구 63로 50,,
st_20525,별에서 온 그대,반포한강공원,서울 서초구 신반포로11길 40,,
st_20526,별에서 온 그대,광화문광장,서울 종로구 세종대로 175,,
st_20527,북극성,경희대학교 평화의전당,서울특별시 동대문구 경희대로 26,37.593949,127.054891
st_20528,북극성,인천국제공항 제1여객터미널,인천광역시 중구 공항로 272,37.458351,126.427700
st_20529,북극성,합천영상테마파크,경상남도 합천군 용주면 합천호수로 757,35.548751,128.071846
st_20530,북극성,광안대교,부산광역시 수영구 민락동 113-52,35.147470,129.130067
st_20531,북극성,부산항대교,부산광역시 남구 감만동 626-2,35.106115,129.065370
st_20532,북극성,을지로입구역 지하도상가,서울특별시 중구 을지로2가,37.565861,126.984004
st_20533,북극성,성균관대학교,서울특별시 종로구 성균관로 25-2,37.587228,126.993115
st_20534,북극성,소월로,서울특별시 용산구 소월로,37.546207,126.988687
st_20535,비밀의 숲,인하대학교 본관,인천 미추홀구 인하로 100,37.44939909637399,126.65435131686084
st_20536,비밀의 숲,인하대학교 정석학술정보관,인천 미추홀구 인하로 100,37.44939181956702,126.65248437808384
st_20537,비밀의 숲,태화원,인천 중구 차이나타운로59번길 10,37.47402887194698,126.61856842488434
st_20538,비밀의 숲,라마다송도호텔,인천 연수구 능허대로267번길 29,37.41399118488802,126.65530028885652
st_20539,비밀의 숲,학익풍림아이원아파트,인천 미추홀구 매소홀로 340,37.44110964747053,126.65863826478837
st_20540,비밀의 숲,금강약돌참숯찜질방,인천 연수구 능허대로165번길 13,37.4207537816734,126.647519565927
st_20541,비밀의 숲,장위전통시장,서울 성북구 장위동 68-185,37.61070051399762,127.05133148312079
st_20542,비밀의 숲,호텔 라성,경기 안산시 단원구 화랑로 107,37.32698492273387,126.8012504032847
st_20543,비밀의 숲,경찰청,서울 서대문구 통일로 97,37.56339789088336,126.96756106914329
st_20544,비밀의 숲,강화군농업기술센터,인천 강화군 불은면 중앙로 742-2,37.7040039005824,126.435280590463
st_20545,비밀의 숲,서울고등검찰청,서울 서초구 반포대로 172,37.4952503818107,127.006898030003
st_20546,비밀의 숲,수원지방검찰청,경기 수원시 영통구 법조로 91,37.28940187680626,127.06725820775641
st_20547,비밀의 숲,마들원,서울 노원구 공릉로62길 27-11,37.63641692609326,127.07129493677537
st_20548,비밀의 숲,이강분무교동낙지나라,서울 중랑구 면목로 302,37.57929784782939,127.08731617528564
st_20549,비밀의 숲,임마트,서울 종로구 창신8길 49,37.5780214175567,127.010641506555
st_20550,사내맞선,남이섬,강원특별자치도 춘천시 남산면 남이섬길 1,37.79144074509299,127.52521014329739
st_20551,사내맞선,블루스퀘어,서울 용산구 이태원로 294,37.5408611480276,127.002548167462
st_20552,사내맞선,밤가시공원,경기 고양시 일산동구 정발산동 1299,37.669018942899406,126.78280163214589
st_20553,사내맞선,카페 산들언덕,대구 수성구 화랑로34길 93,35.8744297212638,128.649866234374
st_20554,사내맞선,듀레베이커리 호암점,충북 충주시 중원대로 3250,36.9585297274053,127.924376948812
st_20555,사내맞선,아다마스253,경기 파주시 탄현면 헤이리마을길 47,37.78776823522972,126.6980192529987
st_20556,사내맞선,이포보편의점,경기 여주시 금사면 금사로 48,37.405141791438524,127.5359659738788
st_20557,사내맞선,모로미쿠시 광교카페거리점,경기 수원시 영통구 센트럴파크로127번길 48,37.29472669563087,127.05377426954995
st_20558,사내맞선,메가박스 코엑스,서울 강남구 영동대로 513,37.5127460688163,127.05884035234267
st_20559,사내맞선,서피비치,강원특별자치도 양양군 현북면 하조대해안길 119,38.027834441415756,128.71728231189653
st_20560,사내맞선,스카이베이호텔 경포,강원특별자치도 강릉시 해안로 476,37.8043103469937,128.907740305833
st_20561,사내맞선,고구려대장간마을 주차장,경기 구리시 아천동 40-4,37.5612513479411,127.110465748511
st_20562,사내맞선,롯데월드 어드벤처,서울 송파구 올림픽로 240,37.51113059993883,127.09811980036908
st_20563,사내맞선,화랑육교,경기 성남시 분당구 삼평동 668-3,37.401614451716185,127.1053202882348
st_20564,사내맞선,은성회관,서울 영등포구 여의대방로65길 12,37.5196200649199,126.930033501093
st_20565,사내맞선,N서울타워,서울 용산구 남산공원길 105,37.5513049702718,126.988230622132
st_20566,사냥개들2,인천국제공항 제2여객터미널,인천 중구 제2터미널대로 444,37.4684322176904,126.437520618366
st_20567,사냥개들2,영등포시장역,서울 영등포구 양산로 지하 200,37.5221830164968,126.905289623098
st_20568,사냥개들2,이마트 트레이더스 킨텍스점,경기 고양시 일산서구 킨텍스로 171,37.6616287799794,126.744088625915
st_20569,사냥개들2,별내푸르지오아파트,경기 남양주시 송산로307번길 22,37.6678534692848,127.130249821085
st_20570,사랑의 불시착,포천 한탄강 하늘다리,경기도 포천시 영북면 대회산리 산 42-1,38.084263,127.217991
st_20571,사랑의 불시착,선녀바위해변,인천광역시 중구 을왕동 678-188,37.439476,126.378708
st_20572,사랑의 불시착,한국민속촌,경기도 용인시 기흥구 민속촌로 90,37.259615,127.119801
st_20573,사랑의 불시착,코모도호텔 부산,부산광역시 중구 중구로 151,35.108959,129.035188
st_20574,사랑의 불시착,한라산국립공원(어리목),제주특별자치도 제주시 1100로 2070-61,33.392079,126.494612
st_20575,사랑의 불시착,별마로천문대,강원특별자치도 영월군 영월읍 영흥리 154-3,37.198329,128.486782
st_20576,사랑의 불시착,비내섬,충청북도 충주시 소태면 복탄리 908,37.107632,127.817726
st_20577,사랑의 불시착,탄금호 무지개길,충청북도 충주시 중앙탑면 루암리 642,37.012295,127.869548
st_20578,사랑의 불시착,중앙탑사적공원,충청북도 충주시 중앙탑면 탑정안길 6,37.017117,127.866859
st_20579,사이코지만 괜찮아,시크릿블루카페(괜찮은병원),강원특별자치도 고성군 토성면 아야진북길 31-6,38.27709750135499,128.55014577164226
st_20580,사이코지만 괜찮아,아야진해변,강원특별자치도 고성군 토성면 아야진리,38.2768350126307,128.553373007462
st_20581,사이코지만 괜찮아,사니다카페(저주받은 성),강원특별자치도 원주시 호저면 칠봉로 109-127,37.406615802077525,127.91449123282918
st_20582,사이코지만 괜찮아,소금산출렁다리,강원특별자치도 원주시 지정면 간현리 산 116-1,37.36866589283165,127.8246811974251
st_20583,사이코지만 괜찮아,의정부미술도서관,경기 의정부시 민락로 248,37.74514581177362,127.10612742019957
st_20584,사이코지만 괜찮아,옥정호수공원,경기 양주시 옥정동 864-798,37.8243663744687,127.096877003443
st_20585,사이코지만 괜찮아,속초설악한옥펜션,강원특별자치도 속초시 신흥3길 20,38.2022199226675,128.535207929068
st_20586,사이코지만 괜찮아,상도문 돌담마을,강원특별자치도 속초시 상도문1길 30,38.1651766432137,128.553122375034
st_20587,사이코지만 괜찮아,현대프리미엄아울렛 송도점,인천 연수구 송도국제대로 123,37.38162883007503,126.65791670971504
st_20588,선재 업고 튀어,행궁동벽화마을,경기 수원시 팔달구 화서문로 82-6,37.28581656557075,127.01661979365463
st_20589,선재 업고 튀어,수원화성 화홍문,경기 수원시 팔달구 북수동 9000-1,37.28754551327953,127.01762609024438
st_20590,선재 업고 튀어,방화수류정,경기 수원시 팔달구 화성성곽길 233,37.28757246777094,127.01813356571698
st_20591,선재 업고 튀어,연무대주차장,경기 수원시 팔달구 매향동 3-17,37.28734446514351,127.02348560317266
st_20592,스물다섯 스물하나,크로싱 게스트하우스(오목대),전북특별자치도 전주시 완산구 오목대길 5-19,35.813187,127.155359
st_20593,스물다섯 스물하나,한벽굴(한벽터널),전북특별자치도 전주시 완산구 기린대로 2,35.811887,127.160825
st_20594,스물다섯 스물하나,소리방앗간(만화방),전북특별자치도 전주시 완산구 서학3길 63,35.808341,127.151738
st_20595,스물다섯 스물하나,전주고등학교(분수),전북특별자치도 전주시 완산구 관선5길 15,35.820962,127.158065
st_20596,스물다섯 스물하나,전주한옥마을,전북특별자치도 전주시 완산구 기린대로 99,35.818213,127.153608
st_20597,스물다섯 스물하나,논산여자상업고등학교(태양고),충남 논산시 시민로 197,36.184828,127.095928
st_20598,스물다섯 스물하나,와룡공원,서울 종로구 와룡공원길 192,37.591169,126.990124
st_20599,스물다섯 스물하나,애기능생태공원,서울 성북구 장월로3길 93-27,37.610378,127.044374
st_20600,스물다섯 스물하나,문화살롱 클로드,인천 제물포구 신포로23번길 80,37.473191,126.621360
st_20601,스물다섯 스물하나,묵호항,강원특별자치도 동해시 발한동 2-69,37.549790,129.111775
st_20602,스물다섯 스물하나,신남해수욕장(방파제),강원특별자치도 삼척시 원덕읍 갈남리,37.264717,129.327072
st_20603,스물다섯 스물하나,하조대해변,강원특별자치도 양양군 현북면 하륜길 54,38.021819,128.728374
st_20604,스물다섯 스물하나,춘천대교,강원특별자치도 춘천시 근화동 609,37.887001,127.710017
st_20605,스물다섯 스물하나,동명해변(금진리),강원특별자치도 강릉시 옥계면 금진리 176-2,37.638603,129.043873
st_20606,스물다섯 스물하나,가애택 오션뷰펜션,강원특별자치도 강릉시 사천면 해안로 720,37.819192,128.890434
st_20607,스물다섯 스물하나,삼포해수욕장,강원특별자치도 고성군 죽왕면 삼포리,38.315374,128.535097
st_20608,스물다섯 스물하나,수원화성(교동),경기 수원시 팔달구 교동 6-197,37.277301,127.013316
st_20609,스물다섯 스물하나,동네슈퍼(남고산2길),전북특별자치도 전주시 완산구 남고산2길 21,,
st_20610,스위트홈 2,삼성역교차로(코엑스 교차로),서울 강남구 삼성동,37.5090533767801,127.06306186049
st_20611,스위트홈 2,세빛섬,서울 서초구 반포동 649,37.51233177478449,126.99588851601666
st_20612,스위트홈 2,동부산관광단지 센트럴원,부산 기장군 기장읍 동부산관광9로 15,35.19057087438953,129.21720100583423
st_20613,스위트홈 2,서울대학교병원 암병원,서울 종로구 대학로 101,37.5787787078733,126.997599976339
st_20614,스터디그룹,래미안어반비스타아파트,경기 부천시 소사구 중동로 19,37.480921,126.763086
st_20615,스터디그룹,단국대학교 죽전캠퍼스,경기 용인시 수지구 죽전로 152,37.321920,127.126592
st_20616,스프링 피버,삽교호놀이동산,충남 당진시 신평면 삽교천3길 15,36.890161,126.822144
st_20617,스프링 피버,포항 죽도시장,경북 포항시 북구 죽도시장13길 13-1,36.036360,129.368390
st_20618,스프링 피버,여의도한강공원 물빛광장,서울 영등포구 여의도동 84-9,37.526711,126.934711
st_20619,스프링 피버,메종 드 플래터 스타시티서울,서울 강동구 구천면로 140,37.542240,127.120458
st_20620,슬기로운감빵생활,익산교도소세트장,전북특별자치도 익산시 성당면 함낭로 207,,
st_20621,슬기로운감빵생활,빠삐용Zip(옛 장흥교도소),전남 장흥군 장흥읍 장흥로 98,,
st_20622,슬기로운감빵생활,지노,경기 파주시 탄현면 새오리로 211-17,,
st_20623,슬기로운 의사생활,고바우(칼국수집),서울 용산구 이촌로 34,37.528818,126.954325
st_20624,슬기로운 의사생활,석형 집(밴드연습 장소),서울 서대문구 연희로11바길 24,37.569578,126.927230
st_20625,슬기로운 의사생활,로사의 집,인천 강화군 화도면 신촌길 77-12,37.624572,126.447107
st_20626,슬기로운 의사생활,군부대(오음리),강원특별자치도 화천군 간동면 오음리 87-3,38.051909,127.830818
st_20627,슬기로운 의사생활,용마랜드,서울 광진구 용마산로 127,37.565086,127.085777
st_20628,슬기로운 의사생활,북악팔각정,서울 종로구 북악산로 267,37.601590,126.980658
st_20629,슬기로운 의사생활,서울식물원,서울 강서구 마곡동 737,37.567322,126.823817
st_20630,슬기로운 의사생활,경인미술관,서울 종로구 인사동5길 11,37.572653,126.985658
st_20631,슬기로운 의사생활,봉산문화회관,대구 중구 봉산문화길 77,35.863358,128.596552
st_20632,슬기로운 의사생활,쉴낙원 김포장례식장,경기 김포시 승가로58번길 7,37.607145,126.715410
st_20633,시그널,덕릉로 698 앞 횡단보도,서울 노원구 덕릉로 698 앞,,
st_20634,시그널,중계동 156-29 일대 골목·인도,서울 노원구 중계동 156-29 일대,,
st_20635,시그널,문학산 청학동 등산로 입구,인천 연수구 청학동 문학산 일대,,
st_20636,시그널,헌화로,강원특별자치도 강릉시 옥계면 헌화로 일대,,
st_20637,시그널,옥계해변,강원특별자치도 강릉시 옥계면 금진리 일대,,
st_20638,시그널,금진항,강원특별자치도 강릉시 옥계면 금진리 일대,,
st_20639,시그널,정동진,강원특별자치도 강릉시 강동면 정동역길 17,,
st_20640,시그널,가든갤러리 팔당덕소본점,경기 남양주시 강변북로632번길 57-28,,
st_20641,신입사원 강회장,춘천송암스포츠타운 주경기장,강원 춘천시 스포츠타운길 136,37.8552212445809,127.693259570335
st_20642,신입사원 강회장,리븐델게스트하우스,경기 가평군 청평면 고성리 21,37.7026023437603,127.516685245256
st_20643,신입사원 강회장,인천국제공항 제1여객터미널,인천 중구 운서동 2851,37.4478413047644,126.452569722753
st_20644,아이돌아이,한양대학교 ERICA캠퍼스,경기 안산시 상록구 한양대학로 55,37.297441,126.835597
st_20645,아파트,e편한세상 송도,인천 연수구 랜드마크로 113,37.411462722347345,126.61744005941496
st_20646,아파트,저스트코타워,서울 강남구 테헤란로 431,37.50662681212177,127.05431382704866
st_20647,아파트,콘코디언빌딩,서울 종로구 새문안로 76,37.5697260865479,126.973145627885
st_20648,아파트,아트센터 인천,인천 연수구 아트센터대로 222,37.39324161171678,126.6262146149416
st_20649,아파트,코코에르 밤리단길카페점,경기 고양시 일산동구 일산로380번길 63-38,37.67127591306564,126.78281205657161
st_20650,아파트,노량진로32길 계단길,서울 동작구 노량진로32길 156,37.5098255059797,126.95451844252156
st_20651,아파트,노량진 주택(강하리집),서울 동작구 노량진로32길 156,37.5098255059797,126.95451844252156
st_20652,아파트,스테이트타워 남산,서울 중구 퇴계로 100,37.5602205973777,126.982945950518
st_20653,아파트,도봉산,서울 도봉구 도봉동 산 31,37.69884206393718,127.01545859321786
st_20654,아파트,불암산 애기봉,경기 남양주시 식송1로 236-31,37.6608147811049,127.101813930366
st_20655,아파트,양심장어 강남도곡점,서울 강남구 남부순환로 2728,37.4856852489513,127.044410863734
st_20656,아파트,삼양체육과학공원,서울 강북구 미아동 산 108-94,37.6250790500348,127.010911584694
st_20657,아파트,서울중앙지방법원,서울 서초구 서초중앙로 157,37.4961816229426,127.011919039168
st_20658,아파트,오크우드 프리미어 코엑스센터,서울 강남구 테헤란로87길 46,37.5110453302872,127.05811853031
st_20659,아파트,더링크서울 트리뷰트 포트폴리오 호텔,서울 구로구 경인로 610,37.50549207786017,126.88395026004707
st_20660,아파트,의정부교도소,경기 의정부시 고산동 818,37.7230116521717,127.091434043715
st_20661,아파트,영화빌딩 경동전기상사 상가건물,경기 파주시 중앙로 237,37.7575319479468,126.778781237907
st_20662,아파트,장승백이 상가,인천 남동구 장승로 25,37.445546984972,126.735983958702
st_20663,아파트,카페 릴리블랑,서울 서초구 양재천로19길 52,37.47762070192781,127.03815636178277
st_20664,아파트,로이터 커피 셸터,서울 중구 필동3가 62-11,37.556603096133,126.996302682436
st_20665,아파트,와인컬렉터 삼성점,서울 강남구 삼성동,37.5143225723289,127.062831022499
st_20666,알고있지만,여유도예공방,전남 여수시 만성리길 53,,
st_20667,알고있지만,삽교호놀이동산,충남 당진시 신평면 삽교천3길 15,,
st_20668,알고있지만,3917마중,전남 나주시 향교길 42-16,,
st_20669,알고있지만,울산대학교,울산 남구 대학로 93,,
st_20670,알고있지만,국립경국대학교 안동캠퍼스,경북 안동시 경동로 1375,,
st_20671,알고있지만,홍대 와우산로27길,서울 마포구 와우산로27길,,
st_20672,알고있지만,여수서시장,전남 여수시 서교연등천길 43,,
st_20673,알고있지만,홀통해수욕장,전남 무안군 현경면 홀통길 156,,
st_20674,알고있지만,미미옥 신용산점,서울 용산구 한강대로15길 27,,
st_20675,알고있지만,미메시스 아트 뮤지엄,경기 파주시 문발로 253,,
st_20676,약한영웅 Class 2,대신고 앞 철길 횡단 육교,대전 서구 도마동 186-24,36.3112690759213,127.379794348247
st_20677,약한영웅 Class 2,강동경희대병원,서울 강동구 상일동 149,37.5529178560471,127.157130980304
st_20678,약한영웅 Class 2,지산빌딩,서울 영등포구 버드나루로8길 12,37.5236042035237,126.911854178991
st_20679,약한영웅 Class 2,우송정보대학 동캠퍼스,대전 동구 자양동 17-2,36.3361499130919,127.453420606431
st_20680,약한영웅 Class 2,홍대축제거리,서울 마포구 서교동 365-28,37.5512343122068,126.921348949577
st_20681,약한영웅 Class 2,인천국제공항 제1교통센터,인천 영종구 공항로 271,37.44774200812161,126.4523739226961
st_20682,약한영웅 Class 2,농구장(도봉동),서울 도봉구 도봉동 2-6,37.6912149618867,127.049433404842
st_20683,약한영웅 Class 2,쓰리팝 PC방 대방점,서울 동작구 등용로 123,37.51211660013201,126.93173146874808
st_20684,약한영웅 Class 2,CU 공군호텔점,서울 영등포구 신길동 1279,37.5109001498169,126.922936432973
st_20685,언더커버 미쓰홍,한온시스템 생활관(구 한라공조 생활관),대전 대덕구 신일서로 95,36.437211956878,127.411176846136
st_20686,언더커버 미쓰홍,종로 윤보선길,서울 종로구 통의동,37.5780584194584,126.972852824323
st_20687,언더커버 미쓰홍,63빌딩,서울 영등포구 63로 50,37.519814891570896,126.94026158444098
st_20688,언더커버 미쓰홍,책마을 경기광주점,경기 광주시 중앙로145번길 25,37.4123231065302,127.254506984792
st_20689,언젠가는 슬기로울 전공의생활,종로 일대,서울 종로구 세종로 1-68,,
st_20690,언젠가는 슬기로울 전공의생활,루하스사우나,서울 은평구 통일로 1020,,
st_20691,언젠가는 슬기로울 전공의생활,서울역 11번 출구 버스정류장,서울 용산구 동자동 12-1,,
st_20692,언젠가는 슬기로울 전공의생활,지후아타네호,경기 성남시 분당구 판교공원로2길 45,,
st_20693,언젠가는 슬기로울 전공의생활,대왕판교로644번길,경기 성남시 분당구 삼평동 667-7,,
st_20694,언젠가는 슬기로울 전공의생활,서울여자대학교 50주년기념관,서울 노원구 화랑로 621,,
st_20695,언젠가는 슬기로울 전공의생활,삼거마을삼성래미안1차아파트,경기 용인시 기흥구 용구대로2394번길 27,,
st_20696,언젠가는 슬기로울 전공의생활,낙원상가 앞,서울 종로구 삼일대로 428,,
st_20697,언젠가는 슬기로울 전공의생활,삼일대로30길,서울 종로구 낙원동 10-2,,
st_20698,언젠가는 슬기로울 전공의생활,세종대로,서울 중구 남대문로4가 17-3,,
st_20699,언젠가는 슬기로울 전공의생활,명륜진사갈비 포천시청점,경기 포천시 신북면 중앙로 332,,
st_20700,엄마친구아들,오동근린공원 등산로,서울 성북구 상월곡동 산 1-1,,
st_20701,엄마친구아들,월곡산 애기릉터공원,서울 성북구 상월곡동 산 1-1,,
st_20702,엄마친구아들,인천국제공항 제1교통센터,인천 중구 공항로 272,,
st_20703,엄마친구아들,월드컵대교,서울 마포구 상암동 1541,,
st_20704,엄마친구아들,계동길 카페 탐탐 앞,서울 종로구 계동길 93,,
st_20705,엄마친구아들,포비 합정점 앞,서울 마포구 양화로3길 66,,
st_20706,엄마친구아들,한강시민공원 원효대교 남단,서울 영등포구 여의도동 85,,
st_20707,엄마친구아들,와룡공원길 조망지점,서울 종로구 명륜1가 산 1-3,,
st_20708,엄마친구아들,청운공원 다목적운동장,서울 종로구 청운동 7-6,,
st_20709,엄마친구아들,윤동주문학관 앞,서울 종로구 창의문로 119,,
st_20710,엄마친구아들,안산올림픽기념관,경기 안산시 단원구 적금로 202,,
st_20711,엄마친구아들,오송호수공원 파크골프장 앞,충북 청주시 흥덕구 오송읍 연제리 883,,
st_20712,엄마친구아들,송도IBS타워,인천 연수구 센트럴로 263,,
st_20713,엄마친구아들,윤보선길,서울 종로구 안국동 177-1,,
st_20714,엄마친구아들,남산공원 전망대(팔각광장),서울 중구 예장동 산 5-6,,
st_20715,엄마친구아들,남산서울타워,서울 용산구 남산공원길 105,,
st_20716,에스콰이어: 변호사를 꿈꾸는 변호사들,오렌지플래닛,서울 강남구 테헤란로 217,37.5020753178482,127.039772457988
st_20717,에스콰이어: 변호사를 꿈꾸는 변호사들,서울법원종합청사,서울 서초구 서초중앙로 157,37.4982792627793,127.010919683251
st_20718,에스콰이어: 변호사를 꿈꾸는 변호사들,콘래드 서울 아트리오,서울 영등포구 국제금융로 10,37.52545659112212,126.92678353913301
st_20719,에스콰이어: 변호사를 꿈꾸는 변호사들,독투독(우쭈쭈케어센터 합정점),서울 마포구 월드컵로 44,37.553180933154,126.912410895391
st_20720,에스콰이어: 변호사를 꿈꾸는 변호사들,달빛애견글램핑,경기 포천시 일동면 사기막길 67-6,37.9650223409047,127.33765622403578
st_20721,에스콰이어: 변호사를 꿈꾸는 변호사들,아나키아,경기 의정부시 잔돌길 22,37.72851584538706,127.11371978779302
st_20722,에스콰이어: 변호사를 꿈꾸는 변호사들,위드포레타운하우스,경기 용인시 처인구 포곡읍 백옥대로1922번길 35-17,37.2982727411144,127.237535579537
st_20723,에스콰이어: 변호사를 꿈꾸는 변호사들,훗닭,서울 서대문구 홍제천로 160,37.57730531524892,126.93108898467563
st_20724,에스콰이어: 변호사를 꿈꾸는 변호사들,동막골유황천,경기 연천군 연천읍 동막로25번길 181,38.089434556991904,127.08106633039839
st_20725,에스콰이어: 변호사를 꿈꾸는 변호사들,서원밸리컨트리클럽,경기 파주시 광탄면 서원길 333,37.824655201146875,126.89329994677779
st_20726,에스콰이어: 변호사를 꿈꾸는 변호사들,구스커피앤바,서울 마포구 월드컵로17길 56,37.5549058171353,126.90758331424
st_20727,에스콰이어: 변호사를 꿈꾸는 변호사들,더 링크호텔 서울,서울 구로구 경인로 610,37.5053261553684,126.883810275865
st_20728,에스콰이어: 변호사를 꿈꾸는 변호사들,송도웰니스센터,인천 연수구 송도동,,
st_20729,여신강림,연세대학교 신촌캠퍼스 연희관,서울특별시 서대문구 신촌동 134,37.5672843227725,126.939048770499
st_20730,여신강림,콤콤오락실 익선동점,서울특별시 종로구 익선동 171-1,37.5730625790772,126.989992213529
st_20731,여신강림,서울중앙고등학교,서울특별시 종로구 창덕궁길 164,37.584025386322,126.98684423018
st_20732,여신강림,왕자만화방(와이앤아니마),서울특별시 종로구 윤보선길 31,37.5773802560574,126.983707313955
st_20733,여신강림,국립현대미술관 서울관 앞 도로(삼청로),서울특별시 종로구 삼청로 30,37.5787436166877,126.980032718285
st_20734,여신강림,감고당길,서울특별시 종로구 송현동 34-2,37.5779809290429,126.982316995538
st_20735,여신강림,설리 스카이워크,경상남도 남해군 미조면 송정리 산352-4,34.7085894481572,128.022435611668
st_20736,여신강림,상주은모래비치,경상남도 남해군 상주면 상주리,34.7372887059436,128.000888589203
st_20737,여신강림,남해상상양떼목장편백숲,경상남도 남해군 설천면 설천로775번길 364,34.9360461767834,127.88961943347
st_20738,역도요정 김복주,용인대학교,경기도 용인시 처인구 용인대학로 134,,
st_20739,역도요정 김복주,인하대학교,인천광역시 미추홀구 인하로 100,,
st_20740,역도요정 김복주,서울과학기술대학교,서울특별시 노원구 공릉로 232,,
st_20741,역도요정 김복주,삼육대학교,서울특별시 노원구 화랑로 815,,
st_20742,역도요정 김복주,한국체육대학교,서울특별시 송파구 양재대로 1239,,
st_20743,역도요정 김복주,서울시립미술관 서소문본관,서울특별시 중구 덕수궁길 61,,
st_20744,역도요정 김복주,이월드,대구광역시 달서구 두류공원로 200,,
st_20745,역도요정 김복주,주문진해변,강원특별자치도 강릉시 주문진읍 주문북로 210,,
st_20746,역도요정 김복주,응봉산 팔각정,서울특별시 성동구 금호동4가 1540,,
st_20747,역도요정 김복주,옥순봉,충청북도 제천시 수산면 괴곡리 산9,,
st_20748,연인,보리나라 학원농장(청보리밭),전북특별자치도 고창군 공음면 학원농장길 150,35.375391,126.543230
st_20749,연인,상당산성,충북 청주시 상당구 산성동 산 28-2,36.662301,127.541395
st_20750,연인,무등산 증심사 편백숲,전남광주통합특별시 동구 증심사길 177,35.128577,126.969689
st_20751,연인,황매산군립공원,경남 합천군 가회면 둔내리 산 219,35.494292,127.974661
st_20752,연인,무릉계곡관광지,강원특별자치도 동해시 삼화로 538,37.463467,129.019377
st_20753,오싹한 연애,그랜드 워커힐 서울,서울 광진구 워커힐로 177,37.55522778434594,127.11089257243468
st_20754,오싹한 연애,콘래드 서울,서울 영등포구 국제금융로 10,37.52541872450673,126.92674398135534
st_20755,오싹한 연애,경희대학교 서울캠퍼스,서울 동대문구 경희대로 26,37.5971656623384,127.05173889409078
st_20756,오싹한 연애,피커스 종로점,서울 종로구 돈화문로5가길 1,37.57091093329,126.991397046749
st_20757,오싹한 연애,숙명여자대학교 명신관,서울 용산구 청파로47길 100,37.5458975469105,126.963562828318
st_20758,오싹한 연애,아스톤하우스,경기 구리시 아천동,37.5681673219842,127.114324507713
st_20759,오싹한 연애,롯데백화점 일산점,경기 고양시 일산동구 중앙로 1283,37.66047104881414,126.77213362798275
st_20760,오싹한 연애,W스퀘어컨벤션,경기 성남시 분당구 판교역로226번길 16,37.40056452397243,127.11147743565441
st_20761,오싹한 연애,스카이247,경기 하남시 망월동,37.5680994614325,127.189475097868
st_20762,오싹한 연애,롯데백화점 중동점,경기 부천시 원미구 길주로 300,37.50256910703231,126.77520420831686
st_20763,오싹한 연애,오크밸리리조트 피클볼파크,강원특별자치도 원주시 지정면 월송리 1061-16,37.43394946932,127.820008613122
st_20764,오싹한 연애,용인대장금테마파크,경기 용인시 처인구 백암면 용천드라마길 25,37.1211916935391,127.337579430944
st_20765,오싹한 연애,월미공원,인천 제물포구 북성동1가 산 125,37.4734712371964,126.603540269676
st_20766,오싹한 연애,인하대학교 정석학술정보관,인천 미추홀구 인하로 100,37.44939181956702,126.65248437808384
st_20767,오싹한 연애,인천국제공항 제1여객터미널,인천 영종구 공항로 272,37.44917416578355,126.45092032325644
st_20768,오싹한 연애,클럽디 더플레이어스,강원특별자치도 춘천시 동산면 새술막길 438,37.777435373010945,127.75070136198872
st_20769,오싹한 연애,롯데호텔 제주,제주특별자치도 서귀포시 중문관광로72번길 35,33.24859943127331,126.41032986158476
st_20770,오싹한 연애,제주신라호텔,제주특별자치도 서귀포시 중문관광로72번길 75,33.24743087763671,126.40804141124566
st_20771,오싹한 연애,신창풍차해안도로,제주특별자치도 제주시 한경면 신창리 1322-1,33.343081026740045,126.17420604655737
st_20772,오싹한 연애,애월해안도로,제주특별자치도 제주시 애월읍 신엄리 2719-3,33.4781232943703,126.36867872098
st_20773,오싹한 연애,농암종택,경북 안동시 도산면 가송길 162-133,36.7640813102203,128.884746420384
st_20774,오징어 게임,양재시민의숲역(신분당선 강남방면 승강장),서울 서초구 매헌로 116,37.4701332061395,127.038471341381
st_20775,오징어 게임,상봉시외버스터미널,서울 중랑구 상봉로 117,,
st_20776,오징어 게임,CU 쌍문우이천점,서울 도봉구 우이천로39길 11,37.64976952734834,127.02005132556158
st_20777,오징어 게임,혜화역 달고나 상점,서울 종로구 대학로10길 17,37.5820961487244,127.003178474246
st_20778,오징어 게임,남산공원 산책로,서울 중구 남산공원길 125-54,37.5524979951415,126.989316855952
st_20779,오징어 게임,백운시장,서울 도봉구 삼양로154길 42,37.6557112804272,127.015598103219
st_20780,오징어 게임,월미도 마이랜드,인천 제물포구 월미로234번길 1,37.474982179180806,126.59898876083552
st_20781,오징어 게임,선갑도,인천 옹진군 자월면 승봉리 산 240,37.0922404328576,126.07921129863
st_20782,오징어 게임,강화 교동초등학교,인천 강화군 교동면 대룡안길 29,37.7836810115014,126.281719814224
st_20783,오징어 게임,공항철도 공항화물청사역,인천 영종구 공항동로135번길 86,37.459060707641875,126.47751554914322
st_20784,월간남친,남산서울타워,서울 용산구 용산동2가 산 1-3,37.55127433407266,126.98820799353979
st_20785,월간남친,동강시스타리조트,강원특별자치도 영월군 영월읍 삼옥리 108,37.2177611843874,128.518742574221
st_20786,월간남친,헤이리예술마을,경기 파주시 탄현면 법흥리 1652-239,37.788040908736896,126.69930440147027
st_20787,월간남친,해운대해수욕장,부산 해운대구 우동,35.1585232170784,129.159854668484
st_20788,웰컴투 삼달리,김녕해변,제주 제주시 구좌읍 월정리 1400-36,,
st_20789,웰컴투 삼달리,평대리 팽나무(폭낭),제주 제주시 구좌읍 평대리 2031-20,,
st_20790,웰컴투 삼달리,광치기해변,제주 서귀포시 성산읍 고성리 224-33,,
st_20791,웰컴투 삼달리,김경숙해바라기농장,제주 제주시 번영로 854-1,,
st_20792,웰컴투 삼달리,신창풍차해안도로,제주 제주시 한경면 신창리 1481-23,,
st_20793,유미의 세포들 3,스카이다이브 코리아,충북 충주시 앙성면 단암리 125,37.1956542139808,127.746369896893
st_20794,유미의 세포들 3,덕수궁 디팰리스,서울 종로구 신문로2가 171,37.5686709353326,126.97200207461
st_20795,유미의 세포들 3,당산철교,서울 영등포구 여의도동 80-3,37.5399148444454,126.907841697488
st_20796,유미의 세포들 3,아난티 앳 부산 코브,부산 기장군 기장읍 시랑리 704-1,35.1978556468345,129.228365318805
st_20797,유미의 세포들 3,메가박스 코엑스,서울 강남구 삼성동 159,37.5125211887102,127.058819250731
st_20798,유미의 세포들 3,서울역,서울 중구 봉래동2가 122-11,37.55600841335,126.969433231383
st_20799,유미의 세포들 3,인천국제공항 제1교통센터,인천 중구 운서동 2851,37.4478413047644,126.452569722753
st_20800,유미의 세포들 3,왕산마리나길,인천 중구 을왕동 893-68,37.4599164278706,126.36055983674
st_20801,응답하라 1988,낙산공원,서울특별시 종로구 낙산길 41,37.580570,127.007522
st_20802,응답하라 1988,쌍문역,서울특별시 도봉구 도봉로 지하 486-1,37.648543,127.034656
st_20803,응답하라 1988,얄개분식,충청남도 서산시 해미면 읍성마을4길 24-1,36.710647,126.546235
st_20804,응답하라 1988,해미읍성,충청남도 서산시 해미면 남문2로 143,36.712655,126.548216
st_20805,응답하라 1988,동광극장,경기도 동두천시 생연동 585-152,37.908605,127.052288
st_20806,이번 생도 잘 부탁해,보리나라 학원농장,전북특별자치도 고창군 공음면 학원농장길 154,,
st_20807,이상한 변호사 우영우,우영김밥(카자구루마),경기도 수원시 팔달구 신풍로23번길 61,,
st_20808,이상한 변호사 우영우,소소바,경기도 고양시 일산서구 강성로232번길 8-10,,
st_20809,이상한 변호사 우영우,울산지방법원,울산광역시 남구 법대로 55,35.539345,129.287506
st_20810,이상한 변호사 우영우,장화리 일몰 조망지,인천광역시 강화군 화도면 장화리 1359,37.616024,126.377742
st_20811,이상한 변호사 우영우,더현대서울,서울특별시 영등포구 여의대로 108,37.525872,126.928446
st_20812,이상한 변호사 우영우,창원 북부리 팽나무,경상남도 창원시 의창구 대산면 북부리 102-1,35.349106,128.727538
st_20813,이상한 변호사 우영우,카페 온더데스크,경기도 성남시 분당구 서현로237번길 3,37.385537,127.128173
st_20814,이상한 변호사 우영우,창꼼,제주특별자치도 제주시 조천읍 북촌리 403-9,33.552942,126.700002
st_20815,이상한 변호사 우영우,함덕해수욕장,제주특별자치도 제주시 조천읍 조함해안로 525,33.543062,126.669239
st_20816,이상한 변호사 우영우,관음사,제주특별자치도 제주시 산록북로 660,33.423740,126.558124
st_20817,이상한 변호사 우영우,새연교(새섬),제주특별자치도 서귀포시 서홍동 707-4,33.238533,126.558886
st_20818,이재 곧 죽습니다,신남방파제(신남항),강원특별자치도 삼척시 원덕읍 갈남리,37.2661775445771,129.327378866207
st_20819,이재 곧 죽습니다,태화강국가정원 십리대숲,울산 중구 태화동 636,35.54564016727036,129.296551316054
st_20820,이재 곧 죽습니다,경기전(전주한옥마을 일대),전북특별자치도 전주시 완산구 태조로 44,35.81537944320413,127.1497232503336
st_20821,이태원 클라쓰,1기 단밤(언덕집소곱창),서울 용산구 녹사평대로 40길 57,37.534472389975,126.988995163791
st_20822,이태원 클라쓰,클리프 서울(2기 단밤),서울 용산구 신흥로20길 43,37.547398201331,126.984057964952
st_20823,이태원 클라쓰,게우지코지,제주 서귀포시 보목포로 46,33.2392180366622,126.606761567165
st_20824,이태원 클라쓰,만만코로코로(장가포차),서울 마포구 양화로16길 34,37.5528878290259,126.921357057691
st_20825,이태원 클라쓰,한옥카페 선운각,서울 강북구 삼양로173길 223,37.655515620157,126.998708547527
st_20826,이태원 클라쓰,수원 일월수목원(일월저수지),경기 수원시 장안구 일월로 61,37.2877810107055,126.976476031701
st_20827,이태원 클라쓰,스테이트타워 남산(장가본사),서울 중구 퇴계로 100,37.5602069895052,126.982926486564
st_20828,이태원 클라쓰,쌍대포소금구이,서울 용산구 청파로 291,37.5455836506879,126.970011767483
st_20829,이태원 클라쓰,예빈산,경기 남양주시 와부읍 팔당리,37.5501588054454,127.252969637051
st_20830,이태원 클라쓰,용산구청,서울 용산구 녹사평대로 150,37.5324522944579,126.990478820837
st_20831,이태원 클라쓰,장자호수공원,경기 구리시 교문동 537,37.5825384280394,127.138798048409
st_20832,이태원 클라쓰,삼성역 캐논코리아,서울 강남구 테헤란로 607,37.5095109420719,127.064001573733
st_20833,이태원 클라쓰,트리플 스트리트,인천 연수구 송도과학로16번길 33-1,37.3806957155085,126.658783691215
st_20834,작은 아씨들,지미추 여주프리미엄아울렛점,경기도 여주시 명품로 360,37.241343275192826,127.61248274136896
st_20835,조각도시,YTN 뉴스퀘어,서울 마포구 상암산로 76,,
st_20836,조각도시,동대문디자인플라자,서울 중구 을지로 281,37.566526,127.009224
st_20837,조립식 가족,감포 해국길,경북 경주시 감포읍 감포로 119-6,35.8048184547196,129.501882865249
st_20838,조립식 가족,나정고운모래해변,경북 경주시 감포읍 동해안로 1915,35.7822895513597,129.491498984723
st_20839,조립식 가족,자유공원,인천 제물포구 송학동1가 11-1,37.4755030373606,126.621970582675
st_20840,조립식 가족,의정부중앙초등학교,경기 의정부시 호국로1291번길 17,37.7450797151881,127.046977594827
st_20841,조립식 가족,건양고등학교,충남 논산시 양촌면 황산벌로 486-21,36.1415310158341,127.234269350558
st_20842,중증외상센터,오송첨단의료산업진흥재단,충북 청주시 흥덕구 오송읍 오송생명로 123,36.635404,127.324632
st_20843,중증외상센터,페어몬트 앰배서더 서울,서울 영등포구 여의도대로 108,37.530015,126.919154
st_20844,중증외상센터,시엔 구월점,인천 남동구 인주대로 560,37.449832,126.699084
st_20845,지금 거신 전화는,이엔갤러리,서울 종로구 평창동 495-19,,
st_20846,지금 거신 전화는,이월드,대구 달서구 두류공원로 200,,
st_20847,지금 거신 전화는,숭례문,서울 중구 세종대로 40,,
st_20848,지금 거신 전화는,남산서울타워,서울 용산구 남산공원길 105,,
st_20849,지금 우리 학교는,성희여자고등학교,경북 안동시 강남로 246,36.5515531537569,128.729138973614
st_20850,지금 우리 학교는,안동탈춤공연장(탈춤공원),경북 안동시 육사로 239,36.5604298676949,128.732629446256
st_20851,지금 우리 학교는,목척교,대전 중구 은행동 331,36.3299139841888,127.429202917597
st_20852,지옥에서 온 판사,문경새재오픈세트장,경북 문경시 문경읍 새재로 1037,36.7713996802656,128.074072026373
st_20853,지옥에서 온 판사,가은오픈세트장,경북 문경시 가은읍 왕능길 112,36.6525908672075,128.064787990459
st_20854,지옥에서 온 판사,신남해수욕장,강원특별자치도 삼척시 원덕읍 갈남리,37.2647170012813,129.327072402921
st_20855,지옥에서 온 판사,삽교호놀이공원,충남 당진시 신평면 삽교천3길 15,36.8902283318714,126.822377296393
st_20856,지옥에서 온 판사,위크엔드 라운지 자유공원점,인천 제물포구 송학로 63,37.4748490028739,126.624827286032
st_20857,지옥에서 온 판사,더판다,서울 강남구 테헤란로 326,37.5035470555751,127.047033596011
st_20858,지옥에서 온 판사,대전광역시청,대전 서구 둔산로 100,36.3505388993078,127.384834846753
st_20859,참교육,마곡중앙로,서울 강서구 마곡중앙로,37.5632523620364,126.827375940145
st_20860,초콜릿,정도리 구계등,전남 완도군 완도읍 정도리 960,,
st_20861,초콜릿,대천해수욕장,충남 보령시 머드로 123,,
st_20862,초콜릿,계명대학교 동산병원,대구 달서구 달구벌대로 1035,,
st_20863,초콜릿,당머리 참장어거리,전남 여수시 남산남1길 일대,,
st_20864,초콜릿,더스테이힐링파크,경기 가평군 설악면 한서로268번길 157,,
st_20865,초콜릿,알펜시아 리조트,강원특별자치도 평창군 대관령면 솔봉로 325,,
st_20866,초콜릿,서울드래곤시티,서울 용산구 청파로20길 95,,
st_20867,초콜릿,자연부여유스호스텔,충남 부여군 외산면 반교동로 6,,
st_20868,초콜릿,나프플리오,그리스 펠로폰네소스주 아르골리스현 나프플리오,,
st_20869,초콜릿,아크로나플리아 성,"Akronafplia Castle, Nafplio 211 00, Greece",,
st_20870,초콜릿,모넴바시아 다리,"Monemvasia 230 70, Greece",,
st_20871,친애하는 X,클럽 크로마,인천 중구 영종해안남로321번길 186,37.436467,126.458007
st_20872,캐셔로,경희대학교 평화의전당,서울 동대문구 경희대로 26,,
st_20873,키스는 괜히 해서!,송월동동화마을,인천 제물포구 송월동3가 17-1,37.47866091520962,126.61967997247474
st_20874,키스는 괜히 해서!,인천국제공항 제1여객터미널,인천 영종구 공항로 272,37.44917416578355,126.45092032325644
st_20875,키스는 괜히 해서!,시흥갯골생태공원,경기 시흥시 동서로 287,37.3906904238162,126.780983949421
st_20876,키스는 괜히 해서!,제주국제공항,제주특별자치도 제주시 공항로 2,33.50683984835887,126.49272304493574
st_20877,키스는 괜히 해서!,성산일출봉,제주특별자치도 서귀포시 성산읍 성산리 78,33.4591349705437,126.940537521366
st_20878,키스는 괜히 해서!,돌하르방미술관,제주특별자치도 제주시 조천읍 북촌서1길 70,33.53884325550264,126.6888110831401
st_20879,키스는 괜히 해서!,아난티 코브,부산 기장군 기장읍 기장해안로 268-31,35.2002410464161,129.22901421995851
st_20880,킬러들의 쇼핑몰,놀뫼시민장례식장,충남 논산시 내동 497,36.178905,127.096871
st_20881,킬러들의 쇼핑몰,삼방산 얼음골,강원특별자치도 영월군 북면 공기리 산102,37.317295,128.435855
st_20882,킬러들의 쇼핑몰,삽교호 놀이동산,충남 당진시 신평면 운정리 208-1,36.890103,126.822390
st_20883,킬러들의 쇼핑몰,제원예술대학교,경북 영천시 망정동 산14,35.990748,128.948861
st_20884,킬러들의 쇼핑몰,새뜰마을,충남 서산시 고북면 사기리 838,36.643148,126.472942
st_20885,킬러들의 쇼핑몰,포천아트밸리,경기 포천시 신북면 기지리 282,37.923595,127.236697
st_20886,킬러들의 쇼핑몰,창경궁로5길 일대,서울 중구 산림동 20,37.567243,126.997327
st_20887,킬러들의 쇼핑몰,일품양고치,경기 군포시 당동 750-28,37.353602,126.947000
st_20888,킬러들의 쇼핑몰,로케이션 어스,경기 파주시 탄현면 축현리 283-41,37.803254,126.730281
st_20889,킬러들의 쇼핑몰,흥호리 세트장,강원특별자치도 원주시 부론면 흥호리 664,37.249050,127.753757
st_20890,킹더랜드,그랜드인터컨티넨탈 서울파르나스,서울 강남구 테헤란로 521,37.50919151190288,127.06080669351726
st_20891,킹더랜드,N서울타워,서울 용산구 남산공원길 105,37.5513049702718,126.988230622132
st_20892,킹더랜드,탄도항(탄도바닷길),경기 안산시 단원구 선감동 717-3,37.19012161013,126.645806950496
st_20893,태양의 후예,태양의후예공원(태백 오픈세트장),강원특별자치도 태백시 통동 산 51-3,37.170733,129.038291
st_20894,태양의 후예,통리탄탄파크,강원특별자치도 태백시 통골길 116-44,37.160838,129.043257
st_20895,태양의 후예,삼탄아트마인,강원특별자치도 정선군 고한읍 함백산로 1445-44,37.185017,128.882863
st_20896,태양의 후예,월미도,인천 제물포구 북성동1가 125,37.471738,126.599231
st_20897,태양의 후예,신포국제시장,인천 제물포구 우현로49번길 25,37.471369,126.627094
st_20898,태양의 후예,송도센트럴파크,인천 연수구 송도동 24-5,37.393064,126.638630
st_20899,태양의 후예,충북대학교병원,충북 청주시 서원구 1순환로 776,36.624028,127.461468
st_20900,태풍상사,정릉동 주택가,서울 성북구 정릉동,37.618580825547,126.995482832879
st_20901,태풍상사,경동 골목,인천 중구 경동 208-12,37.4721596418204,126.630965730109
st_20902,트웰브,천호대교,서울 송파구 풍납동 383,37.542724676423795,127.11274901389532
st_20903,트웰브,중부시장,서울 중구 을지로5가 270-37,37.5666261112491,127.000303349922
st_20904,트웰브,반포한강공원,서울 서초구 반포동 115-5,37.51081992690844,126.99716104081192
st_20905,트웰브,한남대교,서울 강남구 신사동 490,37.52702107996311,127.01305185425754
st_20906,트웰브,올림픽대교,서울 송파구 신천동 253,37.53413377380422,127.10376059659
st_20907,트웰브,신사역,서울 강남구 도산대로 지하 102,37.51643597531432,127.02030856272764
st_20908,트웰브,설악산 울산바위,강원특별자치도 고성군 토성면 원암리 산 1-2,38.19434965992276,128.474262354101
st_20909,판사 이한영,라센트라 골프빌리지,경기 용인시 처인구 이동읍 기흥단지로 579,37.2194071623658,127.154846656677
st_20910,판사 이한영,서래섬·반포한강공원 잠수교,서울 서초구 반포동,37.50514467674,127.013359062646
st_20911,판사 이한영,호텔나루서울 엠갤러리(레스토랑 부아쟁),서울 마포구 마포대로 8,37.537435984833536,126.94436944325074
st_20912,폭군의 셰프,고산정,경북 안동시 도산면 가송길 177-42,36.7676870297818,128.892122846986
st_20913,폭군의 셰프,용인대장금테마파크,경기 용인시 처인구 백암면 용천드라마길 25,37.1211916935391,127.337579430944
st_20914,폭군의 셰프,담양 존현각,전남 담양군 담양읍 메타세쿼이아로 67,35.3257036878979,127.009406877323
st_20915,폭군의 셰프,경복궁,서울 종로구 사직로 161,37.577613288258206,126.97689786832184
st_20916,폭싹 속았수다,김녕해수욕장,제주특별자치도 제주시 구좌읍 해맞이해안로 7-6,33.557439,126.759314
st_20917,폭싹 속았수다,오라동 메밀꽃밭,제주특별자치도 제주시 오라이동 산 76,33.426905,126.505261
st_20918,폭싹 속았수다,섭지코지,제주특별자치도 서귀포시 성산읍 섭지코지로 107,33.423938,126.930609
st_20919,폭싹 속았수다,제주돌문화공원,제주특별자치도 제주시 조천읍 남조로 2023,33.448562,126.660273
st_20920,폭싹 속았수다,고창 학원농장,전북특별자치도 고창군 공음면 학원농장길 150,35.375391,126.543230
st_20921,폭싹 속았수다,계산성당(주교좌계산대성당),대구광역시 중구 서성로 10,35.867958,128.587814
st_20922,피노키오,YTN 상암사옥,서울 마포구 상암산로 76,,
st_20923,피노키오,잠진도 선착장,인천 중구 덕교동 잠진도 일대,,
st_20924,피노키오,청산도 슬로길 1코스 화랑포길,전남 완도군 청산면 당락리 일대,,
st_20925,피노키오,청산도 서편제길,전남 완도군 청산면 당락리 일대,,
st_20926,피노키오,청산도 도락리 포구,전남 완도군 청산면 도청리 일대,,
st_20927,피노키오,신세계백화점 본점 앞,서울 중구 소공로 63 앞,,
st_20928,피노키오,인제대학교 일산백병원 인근 거리,경기 고양시 일산서구 주화로 170 일대,,
st_20929,피노키오,원마운트,경기 고양시 일산서구 한류월드로 300,,
st_20930,피노키오,NC백화점 강서점,서울 강서구 강서로56길 17,,
st_20931,호텔델루나,반포대교,서울 서초구 반포동 647 일대,,
st_20932,호텔델루나,목포근대역사관 1관,전남 목포시 영산로29번길 6,,
st_20933,호텔델루나,파라다이스시티,인천 중구 영종해안남로321번길 186,,
st_20934,호텔델루나,망상해수욕장,강원특별자치도 동해시 동해대로 6270-10,,
st_20935,호텔델루나,서울대공원,경기 과천시 대공원광장로 102,,
st_20936,호텔델루나,롯데월드타워,서울 송파구 올림픽로 300,,
st_20937,호텔델루나,서강대교,서울 마포구 신정동 일대,,
st_20938,호텔델루나,한양대학교 ERICA캠퍼스,경기 안산시 상록구 한양대학로 55,,
st_20939,호텔델루나,성흥산성 사랑나무,충남 부여군 임천면 군사리 산1-1,,
st_20940,호텔델루나,하남종합운동장 앞 보도육교,경기 하남시 아리수로 600 앞,,
st_20941,호텔델루나,일산호수공원,경기 고양시 일산동구 호수로 731,,
st_20942,호텔델루나,서울약령시장,서울 동대문구 약령중앙로 일대,,
st_20943,호텔델루나,문경새재 오픈세트장,경북 문경시 문경읍 새재로 932,,
st_20944,호텔델루나,전곡항,경기 화성시 서신면 전곡항로 5,,
st_20945,호텔델루나,파라다이스시티 원더박스,인천 중구 영종해안남로321번길 186,,
st_20946,호텔델루나,화성시 우리꽃식물원,경기 화성시 팔탄면 3.1만세로 777-17,,
st_20947,호텔델루나,샛강 문화다리,서울 영등포구 신길동 1368 일대,,
st_20948,호텔델루나,벽초지수목원,경기 파주시 광탄면 부흥로 242,,
st_20949,호텔델루나,무릉별유천지 금곡호,강원특별자치도 동해시 삼화로 380,,
st_20950,힐러,문화제조창,충북 청주시 청원구 상당로 314,,
st_20951,힐러,수암골 벽화마을,충북 청주시 상당구 수암로 일대,,
st_20952,힐러,청남대 본관,충북 청주시 상당구 문의면 청남대길 646,,
st_20953,힐러,청남대 김영삼대통령길,충북 청주시 상당구 문의면 청남대길 646,,
st_20954,힐러,운보의 집,충북 청주시 청원구 내수읍 형동2길 92-41,,
st_20955,힐러,성안길,충북 청주시 상당구 북문로1가 일대,,
st_20956,힐러,국립청주박물관,충북 청주시 상당구 명암로 143,,
st_20957,힐러,청주 공항로,충북 청주시 청원구 공항로 일대,,
st_20958,힘쎈여자도봉순,현대프리미엄아울렛 김포점,경기 김포시 고촌읍 아라육로152번길 100,,
st_20959,힘쎈여자도봉순,두텁바위로58길 육교,서울 용산구 두텁바위로58길 2,,
st_20960,힘쎈여자도봉순,대둔산,전북특별자치도 완주군 운주면 산북리 611-34,,
st_20961,힘쎈여자도봉순,한강대로 철도 굴다리,서울 용산구 한강대로 347,,
st_20962,힘쎈여자도봉순,인천문학경기장 암벽장,인천 미추홀구 매소홀로 618,,
st_20963,힘쎈여자도봉순,서울대공원,경기 과천시 대공원광장로 102,,
st_20964,힘쎈여자도봉순,하늘공원 메타세쿼이아길,서울 마포구 상암동 482-49,,
st_20965,힘쎈여자도봉순,대포항 등대,강원특별자치도 속초시 대포동,,
st_20966,힘쎈여자도봉순,쏠비치 양양,강원특별자치도 양양군 손양면 선사유적로 678,,
st_20967,힘쎈여자도봉순,난지한강공원,서울 마포구 한강난지로 162,,
st_20968,힘쎈여자도봉순,더화이트베일,서울 서초구 서초중앙로 14,,
st_20969,힘쎈여자도봉순,여의도 윤중로 벚꽃길,서울 영등포구 여의도동 윤중로 일대,,
st_20970,힘쎈여자도봉순,동화힐링캠프,경기 파주시 파평면 파평산로363번길 32-9,,
