qid,official_en,alias,type,lat,lon,wikidata_url
Q884,South Korea,Republic of Korea,country,36.0,128.0,http://www.wikidata.org/entity/Q884
Q884,South Korea,Silla,country,36.0,128.0,http://www.wikidata.org/entity/Q884
Q884,South Korea,Choson,country,36.0,128.0,http://www.wikidata.org/entity/Q884
Q884,South Korea,Korea (South),country,36.0,128.0,http://www.wikidata.org/entity/Q884
Q884,South Korea,Hanguk,country,36.0,128.0,http://www.wikidata.org/entity/Q884
Q884,South Korea,Daehan Minguk,country,36.0,128.0,http://www.wikidata.org/entity/Q884
Q884,South Korea,Daehanminguk,country,36.0,128.0,http://www.wikidata.org/entity/Q884
Q884,South Korea,Korea Republic,country,36.0,128.0,http://www.wikidata.org/entity/Q884
Q884,South Korea,Rep. Korea,country,36.0,128.0,http://www.wikidata.org/entity/Q884
Q884,South Korea,S. Korea,country,36.0,128.0,http://www.wikidata.org/entity/Q884
Q50331,Cheongsong County,Cheongsong-gun,county of South Korea,36.432777777,129.06,http://www.wikidata.org/entity/Q50331
Q50340,Hampyeong County,Hampʻyŏng-gun,county of South Korea,35.063888888,126.519444444,http://www.wikidata.org/entity/Q50340
Q50358,Geumjeong District,Geumjeong-gu,district of Busan,35.24166667,129.09166667,http://www.wikidata.org/entity/Q50358
Q50359,Geumcheon District,Geumcheon-gu,district of Seoul,37.451852777,126.902036111,http://www.wikidata.org/entity/Q50359
Q50361,Nam District,Nam-gu,district of South Korea  (autonomous),35.12,126.91,http://www.wikidata.org/entity/Q50361
Q42067,Gwangyang,Gwangyang-si,big city,34.940277777,127.701666666,http://www.wikidata.org/entity/Q42067
Q42074,Gunsan,Gunsan-si,big city,35.978611111,126.711388888,http://www.wikidata.org/entity/Q42074
Q42074,Gunsan,Kunsan,big city,35.978611111,126.711388888,http://www.wikidata.org/entity/Q42074
Q50329,Cheorwon County,Cheolwon,county of South Korea,38.209167,127.2175,http://www.wikidata.org/entity/Q50329
Q50329,Cheorwon County,Cheorwon-gun,county of South Korea,38.209167,127.2175,http://www.wikidata.org/entity/Q50329
Q50329,Cheorwon County,South Cheorwon,county of South Korea,38.209167,127.2175,http://www.wikidata.org/entity/Q50329
Q42075,Gunpo,Kunp'o,big city,37.3675,126.946944444,http://www.wikidata.org/entity/Q42075
Q42077,Gimje,Gimje-si,city of South Korea,35.801666666,126.888888888,http://www.wikidata.org/entity/Q42077
Q50362,Nam District,Nam-gu,district of South Korea  (autonomous),35.85,128.6,http://www.wikidata.org/entity/Q50362
Q50363,Nam District,Nam-gu,district of Busan,35.14,129.08,http://www.wikidata.org/entity/Q50363
Q50364,Nam District,Nam-gu,district of South Korea  (autonomous),35.54,129.33,http://www.wikidata.org/entity/Q50364
Q50365,Michuhol District,Nam-gu,district of Incheon,37.46,126.65,http://www.wikidata.org/entity/Q50365
Q50365,Michuhol District,Michuhol-gu,district of Incheon,37.46,126.65,http://www.wikidata.org/entity/Q50365
Q42061,Goyang,Goyang-si,big city,37.656388888,126.835,http://www.wikidata.org/entity/Q42061
Q42064,Gwacheon,Kwach'ŏn-si,city of South Korea,37.428888888,126.989166666,http://www.wikidata.org/entity/Q42064
Q50422,Yeonje District,Yeonje-gu,district of Busan,35.1756,129.079,http://www.wikidata.org/entity/Q50422
Q50423,Yeongdo District,Yeongdo-gu,district of South Korea  (autonomous),35.07849,129.06483,http://www.wikidata.org/entity/Q50423
Q50420,Yangcheon District,Yangcheon-gu,district of Seoul,37.516872222,126.866397222,http://www.wikidata.org/entity/Q50420
Q50421,Yeonsu District,Yeonsu-gu,district of Incheon,37.409444,126.678333,http://www.wikidata.org/entity/Q50421
Q50431,Yuseong District,Yuseong-gu,district of South Korea  (autonomous),36.362,127.356,http://www.wikidata.org/entity/Q50431
Q50432,Eunpyeong District,Eunpyeong-gu,district of Seoul,37.602697222,126.929111111,http://www.wikidata.org/entity/Q50432
Q50344,Hongcheon County,Hongcheon,county of South Korea,37.6925,127.88,http://www.wikidata.org/entity/Q50344
Q50344,Hongcheon County,Hongchon,county of South Korea,37.6925,127.88,http://www.wikidata.org/entity/Q50344
Q50344,Hongcheon County,Hongcheon-gun,county of South Korea,37.6925,127.88,http://www.wikidata.org/entity/Q50344
Q50367,Namdong District,Namdong-gu,district of Incheon,37.44333333,126.73194444,http://www.wikidata.org/entity/Q50367
Q50368,Nowon District,Nowon-gu,district of Seoul,37.654191666,127.056794444,http://www.wikidata.org/entity/Q50368
Q9680,2018 Winter Olympics,Pyeongchang 2018,Winter Olympic Games edition,37.667,128.706,http://www.wikidata.org/entity/Q9680
Q9680,2018 Winter Olympics,2018 Olympics,Winter Olympic Games edition,37.667,128.706,http://www.wikidata.org/entity/Q9680
Q9680,2018 Winter Olympics,23rd Olympic Winter Games,Winter Olympic Games edition,37.667,128.706,http://www.wikidata.org/entity/Q9680
Q9680,2018 Winter Olympics,23rd Winter Olympics,Winter Olympic Games edition,37.667,128.706,http://www.wikidata.org/entity/Q9680
Q9680,2018 Winter Olympics,PyeongChang 2018,Winter Olympic Games edition,37.667,128.706,http://www.wikidata.org/entity/Q9680
Q9680,2018 Winter Olympics,The XXIII Olympic Winter Games,Winter Olympic Games edition,37.667,128.706,http://www.wikidata.org/entity/Q9680
Q9680,2018 Winter Olympics,XXIII Olympic Winter Games,Winter Olympic Games edition,37.667,128.706,http://www.wikidata.org/entity/Q9680
Q50343,Hongseong County,Gwangcheon,list of capitals in South Korea,36.599444444,126.662777777,http://www.wikidata.org/entity/Q50343
Q50343,Hongseong County,Guhang,list of capitals in South Korea,36.599444444,126.662777777,http://www.wikidata.org/entity/Q50343
Q50343,Hongseong County,Eunha,list of capitals in South Korea,36.599444444,126.662777777,http://www.wikidata.org/entity/Q50343
Q50343,Hongseong County,Gyeolseong,list of capitals in South Korea,36.599444444,126.662777777,http://www.wikidata.org/entity/Q50343
Q42080,Gimpo,Kimpo,human settlement,37.623611111,126.714166666,http://www.wikidata.org/entity/Q42080
Q42082,Gimhae,Kimhae,big city,35.234166666,128.881111111,http://www.wikidata.org/entity/Q42082
Q16520,Busan,Busan Metropolitan City,city,35.18,129.075,http://www.wikidata.org/entity/Q16520
Q16520,Busan,Fuzan,city,35.18,129.075,http://www.wikidata.org/entity/Q16520
Q16520,Busan,Pusan Metropolitan City,city,35.18,129.075,http://www.wikidata.org/entity/Q16520
Q16520,Busan,Pusang,city,35.18,129.075,http://www.wikidata.org/entity/Q16520
Q50408,Seodaemun District,Seodaemun-gu,district of Seoul,37.579217,126.936666,http://www.wikidata.org/entity/Q50408
Q50409,Seobuk District,Seobuk district,district of South Korea (non-autonomous),36.8784,127.155194,http://www.wikidata.org/entity/Q50409
Q50409,Seobuk District,Seobuk-gu,district of South Korea (non-autonomous),36.8784,127.155194,http://www.wikidata.org/entity/Q50409
Q50411,Seongdong District,Seongdong-gu,district of Seoul,37.563375,127.037033,http://www.wikidata.org/entity/Q50411
Q50412,Seongbuk District,Seongbuk-gu,district of Seoul,37.589181,127.018206,http://www.wikidata.org/entity/Q50412
Q50415,Songpa District,Songpa-gu,district of Seoul,37.514166666,127.106666666,http://www.wikidata.org/entity/Q50415
Q50416,Suseong District,Suseong-gu,district of South Korea  (autonomous),35.85905,128.62625,http://www.wikidata.org/entity/Q50416
Q20398,Gangnam District,Gangnam-gu,district of Seoul,37.496666666,127.0275,http://www.wikidata.org/entity/Q20398
Q20714,Suwon,Suwon-si,big city,37.285833333,127.01,http://www.wikidata.org/entity/Q20714
Q50429,Yongsan District,"Yongsan Trade Center, Districtul Yongsan, Seul",district of Seoul,37.538333333,126.965555555,http://www.wikidata.org/entity/Q50429
Q50429,Yongsan District,Yongsan-gu,district of Seoul,37.538333333,126.965555555,http://www.wikidata.org/entity/Q50429
Q50247,Buyeo County,Puyŏ,county of South Korea,36.26257,126.85802,http://www.wikidata.org/entity/Q50247
Q50247,Buyeo County,Puyŏ-gun,county of South Korea,36.26257,126.85802,http://www.wikidata.org/entity/Q50247
Q42098,Boryeong,Boryeong City,big city,36.333333333,126.616666666,http://www.wikidata.org/entity/Q42098
Q42098,Boryeong,Boryeong-si,big city,36.333333333,126.616666666,http://www.wikidata.org/entity/Q42098
Q42096,Miryang,Miryang-si,big city,35.493333333,128.748888888,http://www.wikidata.org/entity/Q42096
Q42096,Miryang,Milyang,big city,35.493333333,128.748888888,http://www.wikidata.org/entity/Q42096
Q50443,Jung District,Jung-gu,district of Incheon,37.47222222,126.62222222,http://www.wikidata.org/entity/Q50443
Q50444,Jungnang District,Jungnang-gu,district of Seoul,37.606395,127.09263,http://www.wikidata.org/entity/Q50444
Q50446,Jinhae district,Jinhae,district of South Korea (non-autonomous),35.149444444,128.659722222,http://www.wikidata.org/entity/Q50446
Q50446,Jinhae district,Jinhae-gu,district of South Korea (non-autonomous),35.149444444,128.659722222,http://www.wikidata.org/entity/Q50446
Q42088,Nonsan,Nonsan-si,big city,36.203888888,127.084722222,http://www.wikidata.org/entity/Q42088
Q50320,Jangseong County,Jangseong-gun,county of South Korea,35.297777777,126.784444444,http://www.wikidata.org/entity/Q50320
Q42099,Bucheon,Puch'on,big city of South Korea,37.498888888,126.783055555,http://www.wikidata.org/entity/Q42099
Q42099,Bucheon,Puch'ŏn,big city of South Korea,37.498888888,126.783055555,http://www.wikidata.org/entity/Q42099
Q42097,Gyeongju,Kyŏngju,big city,35.85,129.216666666,http://www.wikidata.org/entity/Q42097
Q42097,Gyeongju,Kyongiu,big city,35.85,129.216666666,http://www.wikidata.org/entity/Q42097
Q42097,Gyeongju,Kyongju,big city,35.85,129.216666666,http://www.wikidata.org/entity/Q42097
Q50404,Seo District,Seo-gu,district of South Korea  (autonomous),35.87,128.56,http://www.wikidata.org/entity/Q50404
Q50405,Seo District,Seo-gu,district of South Korea  (autonomous),36.35,127.38,http://www.wikidata.org/entity/Q50405
Q50406,Seo District,Seo-gu,district of Busan,35.1,129.02,http://www.wikidata.org/entity/Q50406
Q50407,Seo District,Seo-gu,district of Incheon,37.55,126.68,http://www.wikidata.org/entity/Q50407
Q16950,Seoul Metropolitan Subway,Seoul Metro,rapid transit,37.56,126.99,http://www.wikidata.org/entity/Q16950
Q16950,Seoul Metropolitan Subway,Seoul Subway,rapid transit,37.56,126.99,http://www.wikidata.org/entity/Q16950
Q16950,Seoul Metropolitan Subway,Sudogwon Metro,rapid transit,37.56,126.99,http://www.wikidata.org/entity/Q16950
Q50259,Yeonggwang County,Yeonggwang-gun,county of South Korea,35.28714,126.28701,http://www.wikidata.org/entity/Q50259
Q50442,Jung District,Jung-gu,district of South Korea  (autonomous),35.56666667,129.33333333,http://www.wikidata.org/entity/Q50442
Q50244,Boeun County,Boeun-gun,county of South Korea,36.484444444,127.718611111,http://www.wikidata.org/entity/Q50244
Q50247,Buyeo County,Buyeo,county of South Korea,36.26257,126.85802,http://www.wikidata.org/entity/Q50247
Q50242,Muju County,Muju-gun,county of South Korea,36.006944444,127.660555555,http://www.wikidata.org/entity/Q50242
Q50243,Boseong County,Boseong-gun,county of South Korea,34.770555555,127.081666666,http://www.wikidata.org/entity/Q50243
Q50438,Jung District,Jung-gu,district of South Korea  (autonomous),35.86916667,128.60527778,http://www.wikidata.org/entity/Q50438
Q50439,Jung District,Jung-gu,district of South Korea  (autonomous),36.32388889,127.42083333,http://www.wikidata.org/entity/Q50439
Q50440,Jung District,Jung-gu,district of Busan,35.102636,129.034594,http://www.wikidata.org/entity/Q50440
Q50441,Jung District,Jung-gu,district of Seoul,37.555922222,126.970347222,http://www.wikidata.org/entity/Q50441
Q50441,Jung District,Seoul/Jung,district of Seoul,37.555922222,126.970347222,http://www.wikidata.org/entity/Q50441
Q50352,Gyeyang District,Gyeyang-gu,district of South Korea  (autonomous),37.536944,126.737778,http://www.wikidata.org/entity/Q50352
Q50353,Gwanak District,Gwanak-gu,district of Seoul,37.47843,126.951596,http://www.wikidata.org/entity/Q50353
Q50354,Gwangsan District,Gwangsan-gu,district of South Korea  (autonomous),35.13472222,126.79444444,http://www.wikidata.org/entity/Q50354
Q50355,Gwangjin District,Gwangjin-gu,district of Seoul,37.537908,127.082086,http://www.wikidata.org/entity/Q50355
Q42117,Ansan,Ansan-si,city,37.323611111,126.821944444,http://www.wikidata.org/entity/Q42117
Q50348,Gangdong District,Gangdong-gu,district of Seoul,37.530127,127.123751,http://www.wikidata.org/entity/Q50348
Q50349,Gangbuk District,Gangbuk-gu,district of Seoul,37.639611111,127.025655555,http://www.wikidata.org/entity/Q50349
Q42131,Wonju,Wŏnju-si (Korea),big city,37.321111111,127.921388888,http://www.wikidata.org/entity/Q42131
Q42131,Wonju,Wonju-si,big city,37.321111111,127.921388888,http://www.wikidata.org/entity/Q42131
Q42116,Andong,Andong-si,big city,36.565555555,128.725,http://www.wikidata.org/entity/Q42116
Q42116,Andong,Andong City,big city,36.565555555,128.725,http://www.wikidata.org/entity/Q42116
Q42142,Jeju,Jeju City,big city,33.509722222,126.521944444,http://www.wikidata.org/entity/Q42142
Q42142,Jeju,Juju-si,big city,33.509722222,126.521944444,http://www.wikidata.org/entity/Q42142
Q50356,Guro District,Guro-gu,district of Seoul,37.502587805,126.883883395,http://www.wikidata.org/entity/Q50356
Q50356,Guro District,Gulo-gu,district of Seoul,37.502587805,126.883883395,http://www.wikidata.org/entity/Q50356
Q50356,Guro District,Gulogu,district of Seoul,37.502587805,126.883883395,http://www.wikidata.org/entity/Q50356
Q50356,Guro District,Gurogu,district of Seoul,37.502587805,126.883883395,http://www.wikidata.org/entity/Q50356
Q50252,Sinan County,Shinan-gun,county of South Korea,34.83107,126.09872,http://www.wikidata.org/entity/Q50252
Q50252,Sinan County,Sinan-gun,county of South Korea,34.83107,126.09872,http://www.wikidata.org/entity/Q50252
Q489696,Korea National University of Arts,KARTS,university,37.6055,127.05605556,http://www.wikidata.org/entity/Q489696
Q489696,Korea National University of Arts,Korean National University of Arts,university,37.6055,127.05605556,http://www.wikidata.org/entity/Q489696
Q489696,Korea National University of Arts,Pusan Yesul Kodŭng Hakkyo,university,37.6055,127.05605556,http://www.wikidata.org/entity/Q489696
Q489704,Daejeon Hanbat Baseball Stadium,Hanwha Park,stadium,36.316944,127.429444,http://www.wikidata.org/entity/Q489704
Q20921,Daejeon,Taejŏn,metropolitan city of South Korea,36.35,127.385,http://www.wikidata.org/entity/Q20921
Q50450,Heungdeok-gu,Fundoku,district of South Korea (non-autonomous),36.637528,127.469594,http://www.wikidata.org/entity/Q50450
Q50450,Heungdeok-gu,Tak Hing,district of South Korea (non-autonomous),36.637528,127.469594,http://www.wikidata.org/entity/Q50450
Q50595,YG Entertainment,YG,record label,37.548782,126.907718,http://www.wikidata.org/entity/Q50595
Q50595,YG Entertainment,Y.G Entertainment Inc.,record label,37.548782,126.907718,http://www.wikidata.org/entity/Q50595
Q50595,YG Entertainment,YGENT,record label,37.548782,126.907718,http://www.wikidata.org/entity/Q50595
Q489488,Chungnam National University,CNU,public university,36.368888888,127.346111111,http://www.wikidata.org/entity/Q489488
Q489490,Incheon SSG Landers Field,Incheon SK Happy Dream Park,stadium,37.437111,126.693306,http://www.wikidata.org/entity/Q489490
Q489490,Incheon SSG Landers Field,Munhak Baseball Stadium,stadium,37.437111,126.693306,http://www.wikidata.org/entity/Q489490
Q489528,Geumsansa,Geumsansa temple,Korean Buddhist temple,35.722731,127.053032,http://www.wikidata.org/entity/Q489528
Q489672,Bucheon International Fantastic Film Festival,BiFan,film festival,37.4989,126.7831,http://www.wikidata.org/entity/Q489672
Q489672,Bucheon International Fantastic Film Festival,PiFan,film festival,37.4989,126.7831,http://www.wikidata.org/entity/Q489672
Q489672,Bucheon International Fantastic Film Festival,Puchon International Fantastic Film Festival,film festival,37.4989,126.7831,http://www.wikidata.org/entity/Q489672
Q42147,Cheongju,Chongju,big city,36.637222222,127.489722222,http://www.wikidata.org/entity/Q42147
Q41164,Jeju Province,Jeju,special self-governing province and state of South Korea,33.366666666,126.533333333,http://www.wikidata.org/entity/Q41164
Q41164,Jeju Province,Jeju-do,special self-governing province and state of South Korea,33.366666666,126.533333333,http://www.wikidata.org/entity/Q41164
Q41164,Jeju Province,Cheju T'ŭkpyŏl Chach'ido,special self-governing province and state of South Korea,33.366666666,126.533333333,http://www.wikidata.org/entity/Q41164
Q41164,Jeju Province,Jeju Special Autonomous Province,special self-governing province and state of South Korea,33.366666666,126.533333333,http://www.wikidata.org/entity/Q41164
Q41164,Jeju Province,Jeju Special Self-governing Province,special self-governing province and state of South Korea,33.366666666,126.533333333,http://www.wikidata.org/entity/Q41164
Q42144,Jinju,Jinju-si,big city,35.192777777,128.084722222,http://www.wikidata.org/entity/Q42144
Q45341,East China Sea,Eastern China Sea,marginal sea,30.0,125.0,http://www.wikidata.org/entity/Q45341
Q45341,East China Sea,Tung Hai,marginal sea,30.0,125.0,http://www.wikidata.org/entity/Q45341
Q45341,East China Sea,Tung-hai,marginal sea,30.0,125.0,http://www.wikidata.org/entity/Q45341
Q42125,Yeosu,Yŏsu,big city,34.760689,127.662163,http://www.wikidata.org/entity/Q42125
Q42126,Yeongju,Yeongju-si,big city,36.821666666,128.630833333,http://www.wikidata.org/entity/Q42126
Q42126,Yeongju,Yŏngju-si,big city,36.821666666,128.630833333,http://www.wikidata.org/entity/Q42126
Q41161,South Jeolla,Jeollanam,province of South Korea,34.816252,126.462975,http://www.wikidata.org/entity/Q41161
Q41161,South Jeolla,Jeonnam,province of South Korea,34.816252,126.462975,http://www.wikidata.org/entity/Q41161
Q52052,Korea Strait,Corea Str.,strait,34.599444444,129.796666666,http://www.wikidata.org/entity/Q52052
Q52052,Korea Strait,Corea Strait,strait,34.599444444,129.796666666,http://www.wikidata.org/entity/Q52052
Q52052,Korea Strait,Korea Str.,strait,34.599444444,129.796666666,http://www.wikidata.org/entity/Q52052
Q52052,Korea Strait,Str. of Corea,strait,34.599444444,129.796666666,http://www.wikidata.org/entity/Q52052
Q52052,Korea Strait,Str. of Korea,strait,34.599444444,129.796666666,http://www.wikidata.org/entity/Q52052
Q52052,Korea Strait,Strait of Corea,strait,34.599444444,129.796666666,http://www.wikidata.org/entity/Q52052
Q52052,Korea Strait,Strait of Korea,strait,34.599444444,129.796666666,http://www.wikidata.org/entity/Q52052
Q29151,Jeju Island,Cheju I.,island,33.365556,126.528056,http://www.wikidata.org/entity/Q29151
Q29151,Jeju Island,Cheju Is.,island,33.365556,126.528056,http://www.wikidata.org/entity/Q29151
Q29151,Jeju Island,Cheju Island,island,33.365556,126.528056,http://www.wikidata.org/entity/Q29151
Q29151,Jeju Island,I. Quelpaert,island,33.365556,126.528056,http://www.wikidata.org/entity/Q29151
Q29151,Jeju Island,I. Quelpart,island,33.365556,126.528056,http://www.wikidata.org/entity/Q29151
Q29151,Jeju Island,Isle of Quelpaert,island,33.365556,126.528056,http://www.wikidata.org/entity/Q29151
Q29151,Jeju Island,Isle of Quelpart,island,33.365556,126.528056,http://www.wikidata.org/entity/Q29151
Q29151,Jeju Island,Jejudo,island,33.365556,126.528056,http://www.wikidata.org/entity/Q29151
Q29151,Jeju Island,Quelpaert,island,33.365556,126.528056,http://www.wikidata.org/entity/Q29151
Q29151,Jeju Island,Quelpaert I.,island,33.365556,126.528056,http://www.wikidata.org/entity/Q29151
Q29151,Jeju Island,Quelpaert Is.,island,33.365556,126.528056,http://www.wikidata.org/entity/Q29151
Q29151,Jeju Island,Quelpaert Island,island,33.365556,126.528056,http://www.wikidata.org/entity/Q29151
Q29151,Jeju Island,Quelpart,island,33.365556,126.528056,http://www.wikidata.org/entity/Q29151
Q29151,Jeju Island,Quelpart I.,island,33.365556,126.528056,http://www.wikidata.org/entity/Q29151
Q29151,Jeju Island,Quelpart Island,island,33.365556,126.528056,http://www.wikidata.org/entity/Q29151
Q42129,Osan,Osan-si,big city,37.145,127.069444444,http://www.wikidata.org/entity/Q42129
Q50213,Goesan County,Goesan,county of South Korea,36.810833333,127.794722222,http://www.wikidata.org/entity/Q50213
Q50213,Goesan County,Goesan-gun,county of South Korea,36.810833333,127.794722222,http://www.wikidata.org/entity/Q50213
Q50449,Haeundae District,Haeundae-gu,district of Busan,35.1619,129.164,http://www.wikidata.org/entity/Q50449
Q42152,Tongyeong,Yongyeong-si,big city,34.845833333,128.423611111,http://www.wikidata.org/entity/Q42152
Q42154,Pyeongtaek,"Pyeongtaek, Gyeonggi",big city,36.994722222,127.088888888,http://www.wikidata.org/entity/Q42154
Q42154,Pyeongtaek,"Pyeongtaek, South Korea",big city,36.994722222,127.088888888,http://www.wikidata.org/entity/Q42154
Q20317,Liancourt Rocks,Takeshima,archipelago,37.241666666,131.866666666,http://www.wikidata.org/entity/Q20317
Q20317,Liancourt Rocks,Dokdo,archipelago,37.241666666,131.866666666,http://www.wikidata.org/entity/Q20317
Q20317,Liancourt Rocks,Hornet Islands,archipelago,37.241666666,131.866666666,http://www.wikidata.org/entity/Q20317
Q20317,Liancourt Rocks,Kajido,archipelago,37.241666666,131.866666666,http://www.wikidata.org/entity/Q20317
Q20317,Liancourt Rocks,Liancourt Islands,archipelago,37.241666666,131.866666666,http://www.wikidata.org/entity/Q20317
Q20317,Liancourt Rocks,Liancourt Islets,archipelago,37.241666666,131.866666666,http://www.wikidata.org/entity/Q20317
Q20317,Liancourt Rocks,Sambongdo,archipelago,37.241666666,131.866666666,http://www.wikidata.org/entity/Q20317
Q20317,Liancourt Rocks,Tok Island,archipelago,37.241666666,131.866666666,http://www.wikidata.org/entity/Q20317
Q20317,Liancourt Rocks,Tok Islets,archipelago,37.241666666,131.866666666,http://www.wikidata.org/entity/Q20317
Q51972,Busan Metro,Busan Subway,rapid transit,35.18,129.075,http://www.wikidata.org/entity/Q51972
Q18180,Korean Air Lines Flight 007 crash,KE007,airspace intrusion,46.566666666,141.283333333,http://www.wikidata.org/entity/Q18180
Q18180,Korean Air Lines Flight 007 crash,Korean Air Lines 007 crash,airspace intrusion,46.566666666,141.283333333,http://www.wikidata.org/entity/Q18180
Q52054,Western Channel,Busan Strait,strait,34.57,128.89,http://www.wikidata.org/entity/Q52054
Q52055,Tsushima Strait,Eastern Channel,strait,34.0075,129.49,http://www.wikidata.org/entity/Q52055
Q37960,Yellow Sea,Huang Hai,sea,35.0,123.0,http://www.wikidata.org/entity/Q37960
Q37960,Yellow Sea,Huanghai,sea,35.0,123.0,http://www.wikidata.org/entity/Q37960
Q37960,Yellow Sea,Huanghai Sea,sea,35.0,123.0,http://www.wikidata.org/entity/Q37960
Q37960,Yellow Sea,Hwang Hai,sea,35.0,123.0,http://www.wikidata.org/entity/Q37960
Q37960,Yellow Sea,Hwang Hai Sea,sea,35.0,123.0,http://www.wikidata.org/entity/Q37960
Q37960,Yellow Sea,Whang-hai,sea,35.0,123.0,http://www.wikidata.org/entity/Q37960
Q37960,Yellow Sea,Whang-hai Sea,sea,35.0,123.0,http://www.wikidata.org/entity/Q37960
Q50209,Goseong County,Goseong,county of South Korea,38.380833333,128.469722222,http://www.wikidata.org/entity/Q50209
Q17168,Anheung Proving Ground,Anheung Jonghapsiheomjang,launch pad,36.7,126.483333333,http://www.wikidata.org/entity/Q17168
Q17501,Seoul Subway Line 2,Seoul Metro Green Line,circle route,37.556,126.94,http://www.wikidata.org/entity/Q17501
Q17501,Seoul Subway Line 2,Seoul Metro Line 2,circle route,37.556,126.94,http://www.wikidata.org/entity/Q17501
Q42157,Pohang,Po-Hang,big city,36.032222222,129.365,http://www.wikidata.org/entity/Q42157
Q42157,Pohang,Po'hang,big city,36.032222222,129.365,http://www.wikidata.org/entity/Q42157
Q36929,Jongno District,Jongno-gu,district of Seoul,37.572916,126.979378,http://www.wikidata.org/entity/Q36929
Q31038,Jeongja Station,Baekgung Station,metro station,37.366277777,127.108122222,http://www.wikidata.org/entity/Q31038
Q31094,Chungju,Ch'ungju-si,big city,37.017777777,127.877222222,http://www.wikidata.org/entity/Q31094
Q41172,Ulleungdo,Dagelet Island,island,37.501111111,130.856388888,http://www.wikidata.org/entity/Q41172
Q41172,Ulleungdo,Ulleung Island,island,37.501111111,130.856388888,http://www.wikidata.org/entity/Q41172
Q41172,Ulleungdo,Ullŭng-do,island,37.501111111,130.856388888,http://www.wikidata.org/entity/Q41172
Q41172,Ulleungdo,Utsuryo-do,island,37.501111111,130.856388888,http://www.wikidata.org/entity/Q41172
Q53118,Busan station,Busan,railway station,35.114722222,129.041944444,http://www.wikidata.org/entity/Q53118
Q53122,Pusan National University,PNU,university,35.23398,129.07931,http://www.wikidata.org/entity/Q53122
Q53122,Pusan National University,Busan National University,university,35.23398,129.07931,http://www.wikidata.org/entity/Q53122
Q53122,Pusan National University,Busan University,university,35.23398,129.07931,http://www.wikidata.org/entity/Q53122
Q20927,Daegu,Taegu,metropolitan city of South Korea,35.871666666,128.601666666,http://www.wikidata.org/entity/Q20927
Q20927,Daegu,Daegu Metropolitan City,metropolitan city of South Korea,35.871666666,128.601666666,http://www.wikidata.org/entity/Q20927
Q42148,Chuncheon,Ch'unch'ŏn,big city,37.874722222,127.734166666,http://www.wikidata.org/entity/Q42148
Q42148,Chuncheon,Chun Chon City,big city,37.874722222,127.734166666,http://www.wikidata.org/entity/Q42148
Q42148,Chuncheon,Chunchŏn,big city,37.874722222,127.734166666,http://www.wikidata.org/entity/Q42148
Q49942,Buramsan Station,Danggogae Station,railway station,37.66996,127.07877,http://www.wikidata.org/entity/Q49942
Q50190,Yeongdeungpo District,Yeongdeungpo-gu,district of Seoul,37.526337,126.896271,http://www.wikidata.org/entity/Q50190
Q50191,Gangseo District,Gangseo-gu,district of Busan,35.20694444,128.98055556,http://www.wikidata.org/entity/Q50191
Q50192,Gangseo District,Gangseo-gu,district of Seoul,37.550983,126.849548,http://www.wikidata.org/entity/Q50192
Q20932,Incheon International Airport,Incheon Airport,international airport,37.4625,126.439166666,http://www.wikidata.org/entity/Q20932
Q20932,Incheon International Airport,Seoul–Incheon International Airport,international airport,37.4625,126.439166666,http://www.wikidata.org/entity/Q20932
Q55500,Han River,Han Gang River,river,37.5267,127.3106,http://www.wikidata.org/entity/Q55500
Q55500,Han River,Han R.,river,37.75,126.1833,http://www.wikidata.org/entity/Q55500
Q55500,Han River,Han River (Korea),river,37.75,126.1833,http://www.wikidata.org/entity/Q55500
Q55500,Han River,Han-kang,river,37.75,126.1833,http://www.wikidata.org/entity/Q55500
Q55500,Han River,Han-kang River,river,37.75,126.1833,http://www.wikidata.org/entity/Q55500
Q55500,Han River,Han'gang,river,37.75,126.1833,http://www.wikidata.org/entity/Q55500
Q55500,Han River,Hang R.,river,37.75,126.1833,http://www.wikidata.org/entity/Q55500
Q55500,Han River,Hang River,river,37.75,126.1833,http://www.wikidata.org/entity/Q55500
Q55500,Han River,Hang-kiang,river,37.75,126.1833,http://www.wikidata.org/entity/Q55500
Q55500,Han River,Hangang River,river,37.75,126.1833,http://www.wikidata.org/entity/Q55500
Q55500,Han River,R. Han,river,37.75,126.1833,http://www.wikidata.org/entity/Q55500
Q55500,Han River,R. Hang,river,37.75,126.1833,http://www.wikidata.org/entity/Q55500
Q55500,Han River,R. Seoul,river,37.75,126.1833,http://www.wikidata.org/entity/Q55500
Q55500,Han River,R. Seul,river,37.75,126.1833,http://www.wikidata.org/entity/Q55500
Q55500,Han River,River Han,river,37.75,126.1833,http://www.wikidata.org/entity/Q55500
Q55500,Han River,River Hang,river,37.75,126.1833,http://www.wikidata.org/entity/Q55500
Q55500,Han River,River Seoul,river,37.75,126.1833,http://www.wikidata.org/entity/Q55500
Q55500,Han River,River Seul,river,37.75,126.1833,http://www.wikidata.org/entity/Q55500
Q55500,Han River,Seoul R.,river,37.75,126.1833,http://www.wikidata.org/entity/Q55500
Q55500,Han River,Seoul River,river,37.75,126.1833,http://www.wikidata.org/entity/Q55500
Q495739,Korean axe murder incident,hatchet incident,axe murder,37.95599722,126.67259167,http://www.wikidata.org/entity/Q495739
Q495739,Korean axe murder incident,poplar tree incident,axe murder,37.95599722,126.67259167,http://www.wikidata.org/entity/Q495739
Q495938,Dongcheon Arena,Dongchun Gymnasium,sports venue,35.562438,129.350367,http://www.wikidata.org/entity/Q495938
Q495953,Korean Air Flight 858,KAL858,aviation accident,14.55,97.3833,http://www.wikidata.org/entity/Q495953
Q495953,Korean Air Flight 858,KE858,aviation accident,14.55,97.3833,http://www.wikidata.org/entity/Q495953
Q8684,Seoul,Hanyang,city,37.56,126.99,http://www.wikidata.org/entity/Q8684
Q8684,Seoul,Gyeongseong,city,37.56,126.99,http://www.wikidata.org/entity/Q8684
Q8684,Seoul,Keijō,city,37.56,126.99,http://www.wikidata.org/entity/Q8684
Q8684,Seoul,Wiryeseong,city,37.56,126.99,http://www.wikidata.org/entity/Q8684
Q8684,Seoul,Hanseong,city,37.56,126.99,http://www.wikidata.org/entity/Q8684
Q8684,Seoul,Keijou,city,37.56,126.99,http://www.wikidata.org/entity/Q8684
Q8684,Seoul,Namgyeong,city,37.56,126.99,http://www.wikidata.org/entity/Q8684
Q8684,Seoul,Seoul Special City,city,37.56,126.99,http://www.wikidata.org/entity/Q8684
Q8684,Seoul,Sŏul T'ŭkpyŏlsi,city,37.56,126.99,http://www.wikidata.org/entity/Q8684
Q489990,Dog poop girl,Dog shit girl,incident,37.556,126.941,http://www.wikidata.org/entity/Q489990
Q490064,Kwangwoon University Station,Seongbuk Station,railway station,37.623055555,127.061388888,http://www.wikidata.org/entity/Q490064
Q46176,Gachon University Station,Kyungwon University Station,metro station,37.447777777,127.126944444,http://www.wikidata.org/entity/Q46176
Q46176,Gachon University Station,Gachon Univ. Station,metro station,37.447777777,127.126944444,http://www.wikidata.org/entity/Q46176
Q46351,Isu Station,Chongshin University Station,metro station,37.487769444,126.982038888,http://www.wikidata.org/entity/Q46351
Q491246,Dongchun Station,E-mart,railway station,37.40414722,126.680125,http://www.wikidata.org/entity/Q491246
Q491258,Gunsan Airport,KUV,airport,35.925961111,126.615666666,http://www.wikidata.org/entity/Q491258
Q491258,Gunsan Airport,RKJK,airport,35.925961111,126.615666666,http://www.wikidata.org/entity/Q491258
Q491511,Hongik University,Hong-ik University,private university,37.55055556,126.92583333,http://www.wikidata.org/entity/Q491511
Q491524,Daekyeung University,Taekyeung college,private university,35.83525,128.823313888,http://www.wikidata.org/entity/Q491524
Q490681,Seoul Racecourse Park Station,Gyeongmajang-yeok,metro station,37.444030555,127.007838888,http://www.wikidata.org/entity/Q490681
Q495194,Gageodo,Soheuksan-do,island,34.071388888,125.113055555,http://www.wikidata.org/entity/Q495194
Q625961,Daegu Catholic University,DCU,Catholic university,35.91219,128.80775,http://www.wikidata.org/entity/Q625961
Q625961,Daegu Catholic University,Catholic University of Daegu,Catholic university,35.91219,128.80775,http://www.wikidata.org/entity/Q625961
Q625985,Seoul Anglican Cathedral,Seoul Cathedral,Anglican or Episcopal cathedral,37.56694444,126.97611111,http://www.wikidata.org/entity/Q625985
Q626043,Dongmyo,Tongmyo,shrine,37.5731,127.0182,http://www.wikidata.org/entity/Q626043
Q626117,Gosu Cave,Danyang Gosu Cave,natural monument,36.98856,128.381778,http://www.wikidata.org/entity/Q626117
Q626126,Busan Exhibition and Convention Center,BEXCO,convention center,35.169135,129.136288,http://www.wikidata.org/entity/Q626126
Q64506,Jeoldu-san,Jeoldu-san Martyr's Shrine,memorial,37.54419,126.91172,http://www.wikidata.org/entity/Q64506
Q64506,Jeoldu-san,Jeoldusan,memorial,37.54419,126.91172,http://www.wikidata.org/entity/Q64506
Q64506,Jeoldu-san,Jeoldusan Martyr's Shrine,memorial,37.54419,126.91172,http://www.wikidata.org/entity/Q64506
Q68866,Jayang Station,Ttukseom Hangang Park,railway station,37.531666666,127.066666666,http://www.wikidata.org/entity/Q68866
Q68866,Jayang Station,Ttukseom Park Station,railway station,37.531666666,127.066666666,http://www.wikidata.org/entity/Q68866
Q68866,Jayang Station,Ttukseom Resort Station,railway station,37.531666666,127.066666666,http://www.wikidata.org/entity/Q68866
Q68914,Hak-dong Station,Hakdong Station,railway station,37.514166666,127.031666666,http://www.wikidata.org/entity/Q68914
Q489904,Air China Flight 129,CA129,aviation accident,35.2327,128.928,http://www.wikidata.org/entity/Q489904
Q20929,Sejong,Sejong City,smart city,36.487002,127.282234,http://www.wikidata.org/entity/Q20929
Q20929,Sejong,Sejong smart city,smart city,36.487002,127.282234,http://www.wikidata.org/entity/Q20929
Q20929,Sejong,Sejong Special Self-Governing City,smart city,36.487002,127.282234,http://www.wikidata.org/entity/Q20929
Q20937,Gyeonggi Province,Gyeonggi,province of South Korea,37.5,127.25,http://www.wikidata.org/entity/Q20937
Q20937,Gyeonggi Province,Gyeonggi-do,province of South Korea,37.5,127.25,http://www.wikidata.org/entity/Q20937
Q45341,East China Sea,Dong Hai,marginal sea,30.0,125.0,http://www.wikidata.org/entity/Q45341
Q45341,East China Sea,Donghai,marginal sea,30.0,125.0,http://www.wikidata.org/entity/Q45341
Q45341,East China Sea,Eastern Sea,marginal sea,30.0,125.0,http://www.wikidata.org/entity/Q45341
Q45341,East China Sea,Chinese Sea,marginal sea,30.0,125.0,http://www.wikidata.org/entity/Q45341
Q45341,East China Sea,East Sea,marginal sea,30.0,125.0,http://www.wikidata.org/entity/Q45341
Q487498,"Leeum, Samsung Museum of Art",Leeum Museum of Art,art museum,37.537969,126.99949,http://www.wikidata.org/entity/Q487498
Q487536,Namiseom,Nami Island,island,37.791538888,127.525436111,http://www.wikidata.org/entity/Q487536
Q487536,Namiseom,Namisŏm,island,37.791538888,127.525436111,http://www.wikidata.org/entity/Q487536
Q487576,Yeongnam,Ryongnam,region,35.676313,128.912105,http://www.wikidata.org/entity/Q487576
Q20934,Incheon,Inchon,metropolitan city of South Korea,37.463888888,126.648611111,http://www.wikidata.org/entity/Q20934
Q20934,Incheon,Jemulpo,metropolitan city of South Korea,37.463888888,126.648611111,http://www.wikidata.org/entity/Q20934
Q20934,Incheon,Chemulpo,metropolitan city of South Korea,37.463888888,126.648611111,http://www.wikidata.org/entity/Q20934
Q20934,Incheon,Inch'on,metropolitan city of South Korea,37.463888888,126.648611111,http://www.wikidata.org/entity/Q20934
Q495366,2014 Asian Games,Incheon 2014,multi-sport event,37.966667,124.65,http://www.wikidata.org/entity/Q495366
Q495366,2014 Asian Games,17th Asian Games,multi-sport event,37.966667,124.65,http://www.wikidata.org/entity/Q495366
Q495366,2014 Asian Games,XVII Asiad,multi-sport event,37.966667,124.65,http://www.wikidata.org/entity/Q495366
Q495366,2014 Asian Games,XVII Asian Games,multi-sport event,37.966667,124.65,http://www.wikidata.org/entity/Q495366
Q22968,63 Building,63 SQUARE,skyscraper,37.519722222,126.94,http://www.wikidata.org/entity/Q22968
Q22968,63 Building,Hanhwa 63 City,skyscraper,37.519722222,126.94,http://www.wikidata.org/entity/Q22968
Q27010,Socotra Rock,Ieodo,reef,32.12295278,125.18244722,http://www.wikidata.org/entity/Q27010
Q27010,Socotra Rock,Parangdo,reef,32.12295278,125.18244722,http://www.wikidata.org/entity/Q27010
Q41283,Gwangju,Gwangju City,metropolitan city of South Korea,35.166666666,126.916666666,http://www.wikidata.org/entity/Q41283
Q42163,Sangju,Sangiu,big city,36.415277777,128.160555555,http://www.wikidata.org/entity/Q42163
Q42163,Sangju,Sangju city,big city,36.415277777,128.160555555,http://www.wikidata.org/entity/Q42163
Q42163,Sangju,Sangju-si,big city,36.415277777,128.160555555,http://www.wikidata.org/entity/Q42163
Q50203,Gapyeong County,Gapyeong,county of South Korea,37.831388888,127.513888888,http://www.wikidata.org/entity/Q50203
Q50204,Gangjin County,Gangjin-gun,county of South Korea,34.640555555,126.77,http://www.wikidata.org/entity/Q50204
Q55500,Han River,Seul R.,river,37.75,126.1833,http://www.wikidata.org/entity/Q55500
Q55500,Han River,Seul River,river,37.75,126.1833,http://www.wikidata.org/entity/Q55500
Q491554,Namhaedo,Namhae-do,island,34.783333333,127.916666666,http://www.wikidata.org/entity/Q491554
Q491597,Korea National Open University,KNOU,university,37.579027777,127.002833333,http://www.wikidata.org/entity/Q491597
Q59978,Dong Seoul Bus Terminal,Dongseoul Jonghap Teomineol,bus station,37.534388888,127.094055555,http://www.wikidata.org/entity/Q59978
Q60294,Tomb of Yeonsangun,Yeonsangunmyo,burial plot,37.661388888,127.022777777,http://www.wikidata.org/entity/Q60294
Q487603,Bosingak,Jonggak,Chinese pavilion,37.5699,126.9834,http://www.wikidata.org/entity/Q487603
Q487613,Seoul National University of Education,Sŏul Kyoyuk Taehak,university,37.49,127.01638889,http://www.wikidata.org/entity/Q487613
Q487662,Beomeosa,beomeosa,Korean Buddhist temple,35.2839135,129.068992,http://www.wikidata.org/entity/Q487662
Q487804,Dongguk University,DGU,private university,37.55825,127.000194,http://www.wikidata.org/entity/Q487804
Q487828,Hyochang Park Station,Hyochang Station,railway station,37.53925,126.95945,http://www.wikidata.org/entity/Q487828
Q626752,Camp Humphreys,Pyeongtaek Airfield,military base,36.966667,127.033333,http://www.wikidata.org/entity/Q626752
Q626752,Camp Humphreys,United States Army Garrison-Humphreys,military base,36.966667,127.033333,http://www.wikidata.org/entity/Q626752
Q626752,Camp Humphreys,USAG-H,military base,36.966667,127.033333,http://www.wikidata.org/entity/Q626752
Q626811,Independence Hall of Korea,Dongnip Ginyeomgwan,museum,36.78358,127.22297,http://www.wikidata.org/entity/Q626811
Q626811,Independence Hall of Korea,Tongnip Kinyŏmgwan,museum,36.78358,127.22297,http://www.wikidata.org/entity/Q626811
Q626848,Korea Atomic Energy Research Institute,KAERI,research institute,36.341995,127.395666,http://www.wikidata.org/entity/Q626848
Q495375,Expo 2012,Yeosu Expo,world's fair,34.749194,127.747263,http://www.wikidata.org/entity/Q495375
Q495375,Expo 2012,Yeosu Expo 2012,world's fair,34.749194,127.747263,http://www.wikidata.org/entity/Q495375
Q495375,Expo 2012,Expo 2012 Yeosu,world's fair,34.749194,127.747263,http://www.wikidata.org/entity/Q495375
Q41790,Chung-Ang University,Chung,private university,37.50489,126.95503,http://www.wikidata.org/entity/Q41790
Q41790,Chung-Ang University,CAU,private university,37.50489,126.95503,http://www.wikidata.org/entity/Q41790
Q41790,Chung-Ang University,Ang University,private university,37.50489,126.95503,http://www.wikidata.org/entity/Q41790
Q53122,Pusan National University,Pusan University,university,35.23398,129.07931,http://www.wikidata.org/entity/Q53122
Q54255,Incheon International Airport Terminal 1 Station,Incheon International Airport Station,underground railway station,37.447383333,126.452641666,http://www.wikidata.org/entity/Q54255
Q54294,Gyeongju Station,Singyeongju Station,railway station,35.798333333,129.138888888,http://www.wikidata.org/entity/Q54294
Q54299,Geumcheon-gu Office Station,Siheung Station,railway station,37.455555555,126.894166666,http://www.wikidata.org/entity/Q54299
Q54310,Seodongtan Station,West Dongtan,dead-end railway station,37.19567,127.05204,http://www.wikidata.org/entity/Q54310
Q54328,Gasan Digital Complex Station,Garibong Station,railway station,37.481666666,126.8825,http://www.wikidata.org/entity/Q54328
Q494649,Korean Folk Village,Hangungminsokchon,park,37.25892,127.1181,http://www.wikidata.org/entity/Q494649
Q494652,Bukhansan,Samgaksan,mountain,37.660833333,126.993333333,http://www.wikidata.org/entity/Q494652
Q717804,Jirisan National Park,Chirisan National Park,national park,35.29,127.632,http://www.wikidata.org/entity/Q717804
Q1586402,Seodaejeonnegeori Station,Seodaejeon Negeori Station,railway station,36.3224,127.413,http://www.wikidata.org/entity/Q1586402
Q1591787,Danyang Station,Danyang station,railway station,36.973222222,128.34375,http://www.wikidata.org/entity/Q1591787
Q1592725,Sucheol-ri Station,Sucheolli Station,railway station,37.54335,127.022981,http://www.wikidata.org/entity/Q1592725
Q42056,Gangneung,Kangnŭng,big city,37.755555555,128.896111111,http://www.wikidata.org/entity/Q42056
Q496078,Sajik Arena,Sajik Indoor Gymnasium,arena,35.19231944,129.06053056,http://www.wikidata.org/entity/Q496078
Q496145,Sancheong-Hamyang massacre,Sancheong and Hamyang massacre,war crime,35.41694444,127.87361111,http://www.wikidata.org/entity/Q496145
Q496248,Hanul Nuclear Power Plant,Uljin Nuclear Power Plant,nuclear power plant,37.084586989,129.389490474,http://www.wikidata.org/entity/Q496248
Q626534,Academy of Korean Studies,AKS,academic institution,37.390738888,127.059030555,http://www.wikidata.org/entity/Q626534
Q626534,Academy of Korean Studies,The Academy of Korean Studies,academic institution,37.390738888,127.059030555,http://www.wikidata.org/entity/Q626534
Q626678,Moran Folk 5-Day Market,Moran Market,market,37.430611,127.127528,http://www.wikidata.org/entity/Q626678
Q626710,Korea Media Rating Board,KMRB,non-classified public institution,35.1711,129.127,http://www.wikidata.org/entity/Q626710
Q488334,University of Seoul,Seoul sirim daehakgyo,university,37.583325,127.05838611,http://www.wikidata.org/entity/Q488334
Q488334,University of Seoul,Sŏul Sirip Taehakkyo,university,37.583325,127.05838611,http://www.wikidata.org/entity/Q488334
Q488355,Sacheon Airport,HIN,airport,35.088541666,128.070369444,http://www.wikidata.org/entity/Q488355
Q488355,Sacheon Airport,RKPS,airport,35.088541666,128.070369444,http://www.wikidata.org/entity/Q488355
Q492822,Hantan River,Hantaan River,river,38.004722222,127.010833333,http://www.wikidata.org/entity/Q492822
Q492822,Hantan River,Hantangang,river,38.004722222,127.010833333,http://www.wikidata.org/entity/Q492822
Q492965,Osan Air Base,K-55,airbase,37.090555555,127.029722222,http://www.wikidata.org/entity/Q492965
Q492965,Osan Air Base,OSN,airbase,37.090555555,127.029722222,http://www.wikidata.org/entity/Q492965
Q492965,Osan Air Base,Osan AB,airbase,37.090555555,127.029722222,http://www.wikidata.org/entity/Q492965
Q492965,Osan Air Base,Osan AB Airport,airbase,37.090555555,127.029722222,http://www.wikidata.org/entity/Q492965
Q492965,Osan Air Base,Osan AFB,airbase,37.090555555,127.029722222,http://www.wikidata.org/entity/Q492965
Q492965,Osan Air Base,RKSO,airbase,37.090555555,127.029722222,http://www.wikidata.org/entity/Q492965
Q41114,Ewha Womans University,Ewha Womans University faculty,private university,37.5625,126.945,http://www.wikidata.org/entity/Q41114
Q41114,Ewha Womans University,Ewha Women's University,private university,37.5625,126.945,http://www.wikidata.org/entity/Q41114
Q488491,Constitutional Court of Korea,Constitutional Court of South Korea,constitutional court,37.578055555,126.984722222,http://www.wikidata.org/entity/Q488491
Q488491,Constitutional Court of Korea,Portal:Constitutional Court of Korea,constitutional court,37.578055555,126.984722222,http://www.wikidata.org/entity/Q488491
Q488491,Constitutional Court of Korea,South Korean Constitutional Court,constitutional court,37.578055555,126.984722222,http://www.wikidata.org/entity/Q488491
Q41151,South Gyeongsang,South Gyeongsang Province,province of South Korea,35.237968,128.691918,http://www.wikidata.org/entity/Q41151
Q41151,South Gyeongsang,Gyeongnam,province of South Korea,35.237968,128.691918,http://www.wikidata.org/entity/Q41151
Q41151,South Gyeongsang,Gyeongsangnam-do,province of South Korea,35.237968,128.691918,http://www.wikidata.org/entity/Q41151
Q41151,South Gyeongsang,Kyŏngsang-namdo,province of South Korea,35.237968,128.691918,http://www.wikidata.org/entity/Q41151
Q55500,Han River,Han Gang,river,37.75,126.1833,http://www.wikidata.org/entity/Q55500
Q55500,Han River,Han Jiang,river,37.75,126.1833,http://www.wikidata.org/entity/Q55500
Q55500,Han River,Hangang,river,37.75,126.1833,http://www.wikidata.org/entity/Q55500
Q55500,Han River,Han-gang,river,37.75,126.1833,http://www.wikidata.org/entity/Q55500
Q55500,Han River,Hanjiang,river,37.75,126.1833,http://www.wikidata.org/entity/Q55500
Q50375,"Dong District, Gwangju",Dong-gu,district of South Korea  (autonomous),35.15,126.92,http://www.wikidata.org/entity/Q50375
Q50377,Dong District,Dong-gu,district of South Korea  (autonomous),36.33,127.43,http://www.wikidata.org/entity/Q50377
Q50378,Dong District,Dong-gu,district of Busan,35.1294,129.0455,http://www.wikidata.org/entity/Q50378
Q50379,Dong District,Dong-gu,district of South Korea  (autonomous),35.5,129.41666667,http://www.wikidata.org/entity/Q50379
Q488308,Alpensia Ski Jumping Stadium,Alpensia Ski Jumping Centre,stadium,37.6617,128.6806,http://www.wikidata.org/entity/Q488308
Q488308,Alpensia Ski Jumping Stadium,Pyeongchang Ski Jumping Centre,stadium,37.6617,128.6806,http://www.wikidata.org/entity/Q488308
Q489240,Dongdaemun Stadium,Stadium Dongdaemun,stadium,37.56758,127.010595,http://www.wikidata.org/entity/Q489240
Q489336,Sorokdo,Sorok-to,island,34.5,127.11666667,http://www.wikidata.org/entity/Q489336
Q496473,Anmyeondo,Anmyŏn-do,island,36.5,126.366666666,http://www.wikidata.org/entity/Q496473
Q496884,Jangchung Arena,Jangchung Gymnasium,architectural structure,37.55805556,127.00666667,http://www.wikidata.org/entity/Q496884
Q41085,Sungkyunkwan University,성균관대학교,private university,37.587222222,126.994166666,http://www.wikidata.org/entity/Q41085
Q59848,Korea Aerospace University station,Hwajeon station,railway station,37.603525,126.867713888,http://www.wikidata.org/entity/Q59848
Q50310,Ongjin County,Ongjin Gun,county of South Korea,37.21388889,126.17833333,http://www.wikidata.org/entity/Q50310
Q50310,Ongjin County,Ongjin-Gun,county of South Korea,37.21388889,126.17833333,http://www.wikidata.org/entity/Q50310
Q56148,Yeungnam University,YNU,university,35.834166666,128.758055555,http://www.wikidata.org/entity/Q56148
Q58873,Gyeongju Station,Gyeongju Station (1918-2021),railway station,35.84416667,129.21805556,http://www.wikidata.org/entity/Q58873
Q58977,Seogyeongju Station (Jungang Line),Geumjang Station,former railway station,35.868741666,129.200613888,http://www.wikidata.org/entity/Q58977
Q50383,Dongnae District,Dongnae-gu,list of districts in South Korea,35.20361111,129.08388889,http://www.wikidata.org/entity/Q50383
Q50385,Dongjak District,Dongjak-gu,district of Seoul,37.512402777,126.939252777,http://www.wikidata.org/entity/Q50385
Q50388,Mapo District,Mapo,district of Seoul,37.563813,126.908408,http://www.wikidata.org/entity/Q50388
Q50388,Mapo District,Mapo-gu,district of Seoul,37.563813,126.908408,http://www.wikidata.org/entity/Q50388
Q496260,Hanbit Nuclear Power Plant,Yeonggwang Nuclear Power Plant,nuclear power plant,35.415,126.42388889,http://www.wikidata.org/entity/Q496260
Q496402,Upo wetland,Upo Swamp,swamp,35.55194,128.41472,http://www.wikidata.org/entity/Q496402
Q496451,Gansong Art Museum,Kansong Art Museum,art museum,37.59420278,126.99657778,http://www.wikidata.org/entity/Q496451
Q496454,Donggung Palace and Wolji Pond,Anapji,artificial pond,35.834619444,129.227113888,http://www.wikidata.org/entity/Q496454
Q496454,Donggung Palace and Wolji Pond,Wolji,artificial pond,35.834619444,129.227113888,http://www.wikidata.org/entity/Q496454
Q496473,Anmyeondo,Anmyeon Island,island,36.5,126.366666666,http://www.wikidata.org/entity/Q496473
Q626872,Korean National Police University,KNPU,university,36.749029,126.956592,http://www.wikidata.org/entity/Q626872
Q492992,Seoul Air Base,SSN,airbase,37.445833333,127.113888888,http://www.wikidata.org/entity/Q492992
Q492992,Seoul Air Base,RKSM,airbase,37.445833333,127.113888888,http://www.wikidata.org/entity/Q492992
Q492992,Seoul Air Base,Seongnam Air Base,airbase,37.445833333,127.113888888,http://www.wikidata.org/entity/Q492992
Q492992,Seoul Air Base,Seoul / Domestic Airport,airbase,37.445833333,127.113888888,http://www.wikidata.org/entity/Q492992
Q50370,Dalseo District,Dalseo-gu,district of South Korea  (autonomous),35.82805556,128.53333333,http://www.wikidata.org/entity/Q50370
Q50371,Daedeok District,Daedeok-gu,district of South Korea  (autonomous),36.34638889,127.41583333,http://www.wikidata.org/entity/Q50371
Q50374,Dobong District,Dobong-gu,district of Seoul,37.679564518,127.045442407,http://www.wikidata.org/entity/Q50374
Q495437,Cheonggyecheon,Cheonggyecheon Stream,river,37.56902,126.97771,http://www.wikidata.org/entity/Q495437
Q495437,Cheonggyecheon,Cheonggye River,river,37.56902,126.97771,http://www.wikidata.org/entity/Q495437
Q495437,Cheonggyecheon,Cheonggye Stream,river,37.56902,126.97771,http://www.wikidata.org/entity/Q495437
Q55501,Nakdong River,Rakdong River,river,35.057051,128.924633,http://www.wikidata.org/entity/Q55501
Q56143,Chosun University,Chodae,private university,35.142222222,126.933055555,http://www.wikidata.org/entity/Q56143
Q56143,Chosun University,Chosundae,private university,35.142222222,126.933055555,http://www.wikidata.org/entity/Q56143
Q56143,Chosun University,Joseon University,private university,35.142222222,126.933055555,http://www.wikidata.org/entity/Q56143
Q50380,Dong District,Dong-gu,district of Incheon,37.47,126.64,http://www.wikidata.org/entity/Q50380
Q50381,Dongnam District,Dongnam district,district of South Korea (non-autonomous),36.806991,127.150335,http://www.wikidata.org/entity/Q50381
Q50381,Dongnam District,Dongnam-gu,district of South Korea (non-autonomous),36.806991,127.150335,http://www.wikidata.org/entity/Q50381
Q50382,Dongdaemun District,Dongdaemun-gu,human settlement,37.57418,127.03988,http://www.wikidata.org/entity/Q50382
Q490871,Gwangnaru Station,Jangsindae station,underground railway station,37.545277777,127.103611111,http://www.wikidata.org/entity/Q490871
Q490942,Muuido,Richy Island,island,37.391944444,126.415555555,http://www.wikidata.org/entity/Q490942
Q494758,Gwangju World Cup Stadium,Guus Hiddink Stadium,association football venue,35.133727,126.874914,http://www.wikidata.org/entity/Q494758
Q490297,Ganeung Station,Uijeongbu Bukbu Station,railway station,37.748333333,127.044166666,http://www.wikidata.org/entity/Q490297
Q493626,Eonyang,Onyang,eup of South Korea,35.56948,129.12854,http://www.wikidata.org/entity/Q493626
Q493626,Eonyang,Eonyang-eup,eup of South Korea,35.56948,129.12854,http://www.wikidata.org/entity/Q493626
Q493693,Soswaewon,Damyang Soswaewon,garden,35.183333333,127.0075,http://www.wikidata.org/entity/Q493693
Q493693,Soswaewon,Sosaewon,garden,35.183333333,127.0075,http://www.wikidata.org/entity/Q493693
Q493760,Gunsan Wallmyeong Baseball Stadium,Wolmyeong Stadium,stadium,35.966,126.748,http://www.wikidata.org/entity/Q493760
Q493808,Dong Seoul University,Dong Seoul College,private university,37.45966111,127.12954167,http://www.wikidata.org/entity/Q493808
Q493835,Joint Security Area,JSA,border checkpoint,37.95583333,126.67666667,http://www.wikidata.org/entity/Q493835
Q493835,Joint Security Area,Truce Village,border checkpoint,37.95583333,126.67666667,http://www.wikidata.org/entity/Q493835
Q41070,South Chungcheong,South Chungcheong Province,province of South Korea,36.659268,126.673005,http://www.wikidata.org/entity/Q41070
Q41070,South Chungcheong,Chungcheongnam-do,province of South Korea,36.659268,126.673005,http://www.wikidata.org/entity/Q41070
Q41070,South Chungcheong,Chungnam,province of South Korea,36.659268,126.673005,http://www.wikidata.org/entity/Q41070
Q174990,Gwangju Uprising,Gwangju massacre,social movement,35.166666666,126.916666666,http://www.wikidata.org/entity/Q174990
Q174990,Gwangju Uprising,May 18 Gwangju democratization movement,social movement,35.166666666,126.916666666,http://www.wikidata.org/entity/Q174990
Q174990,Gwangju Uprising,May 18 movement,social movement,35.166666666,126.916666666,http://www.wikidata.org/entity/Q174990
Q195792,Wando,Wan-do,island,34.34861,126.70083,http://www.wikidata.org/entity/Q195792
Q488457,Liancourt Rocks dispute,Dokdo dispute,territorial dispute,37.241666666,131.866666666,http://www.wikidata.org/entity/Q488457
Q488457,Liancourt Rocks dispute,Takeshima dispute,territorial dispute,37.241666666,131.866666666,http://www.wikidata.org/entity/Q488457
Q488480,Korea Coast Guard,Maritime Police Agency,coast guard,37.393531,126.649272,http://www.wikidata.org/entity/Q488480
Q488480,Korea Coast Guard,Republic of Korea Coast Guard,coast guard,37.393531,126.649272,http://www.wikidata.org/entity/Q488480
Q488480,Korea Coast Guard,Republic of Korea Maritime Police Agency,coast guard,37.393531,126.649272,http://www.wikidata.org/entity/Q488480
Q488480,Korea Coast Guard,RoKCG,coast guard,37.393531,126.649272,http://www.wikidata.org/entity/Q488480
Q488480,Korea Coast Guard,RoKMPA,coast guard,37.393531,126.649272,http://www.wikidata.org/entity/Q488480
Q495534,Imjin River,Rimjin River,river,37.79,126.66,http://www.wikidata.org/entity/Q495534
Q495590,Love Land,Jeju Loveland,erotic museum,33.45166522,126.48972603,http://www.wikidata.org/entity/Q495590
Q495611,1986 Asian Games,10th Asian Games,multi-sport event,37.56,126.99,http://www.wikidata.org/entity/Q495611
Q495611,1986 Asian Games,Seoul 1986,multi-sport event,37.56,126.99,http://www.wikidata.org/entity/Q495611
Q41157,North Jeolla,North Jeolla Province,special self-governing province and state of South Korea,35.82013,127.10957,http://www.wikidata.org/entity/Q41157
Q41157,North Jeolla,Jeollabuk-do,special self-governing province and state of South Korea,35.82013,127.10957,http://www.wikidata.org/entity/Q41157
Q41157,North Jeolla,Jeonbuk,special self-governing province and state of South Korea,35.82013,127.10957,http://www.wikidata.org/entity/Q41157
Q41157,North Jeolla,Jeonbuk Province,special self-governing province and state of South Korea,35.82013,127.10957,http://www.wikidata.org/entity/Q41157
Q41157,North Jeolla,Jeonbuk Special Self-governing Province,special self-governing province and state of South Korea,35.82013,127.10957,http://www.wikidata.org/entity/Q41157
Q41157,North Jeolla,Jeonbuk State,special self-governing province and state of South Korea,35.82013,127.10957,http://www.wikidata.org/entity/Q41157
Q41157,North Jeolla,North Jeolla Special Self-Governing Province,special self-governing province and state of South Korea,35.82013,127.10957,http://www.wikidata.org/entity/Q41157
Q626140,Nodeulseom,Nodeul island,artificial island,37.516944444,126.96,http://www.wikidata.org/entity/Q626140
Q626140,Nodeulseom,Nodeulseom Island,artificial island,37.516944444,126.96,http://www.wikidata.org/entity/Q626140
Q626211,Gyeongnyeolbi-yeoldo,Gyeongnyeolbi Archipelago,island,36.6167,125.55,http://www.wikidata.org/entity/Q626211
Q626269,Cheongpyeong,Cheongpyeong-myeon,myeon,37.7333,127.417,http://www.wikidata.org/entity/Q626269
Q626271,Namhang Bridge,Namhangdaegyo bridge,road bridge,35.080164,129.032192,http://www.wikidata.org/entity/Q626271
Q626288,Korea Development Institute,KDI,research institute,36.481192666,127.30950904,http://www.wikidata.org/entity/Q626288
Q626306,Yungneung and Geolleung,Yunggeolleung,royal tomb,37.2122,126.991,http://www.wikidata.org/entity/Q626306
Q626458,Catholic Kwandong University,Kwandong University,Catholic university,37.7364444,128.871567,http://www.wikidata.org/entity/Q626458
Q1593043,Inha University Station,Yonghyeon Station,railway station,37.44847222,126.64963889,http://www.wikidata.org/entity/Q1593043
Q40018,Pohang University of Science and Technology,POSTECH,private university,36.010883333,129.322669444,http://www.wikidata.org/entity/Q40018
Q40018,Pohang University of Science and Technology,POSTECH ACADEMY-INDUSTRY FOUNDATION (Pohang),private university,36.010883333,129.322669444,http://www.wikidata.org/entity/Q40018
Q706310,Seoraksan National Park,Seoraksangungnipgongwon,national park,38.125,128.416,http://www.wikidata.org/entity/Q706310
Q707067,Bukhansan National Park,Bukhansangungnipgongwon,national park,37.675,126.982,http://www.wikidata.org/entity/Q707067
Q713285,Gyeongdong Market,Gyeongdong Dog Meat Market,market,37.581,127.037,http://www.wikidata.org/entity/Q713285
Q713285,Gyeongdong Market,Kyungdong Market,market,37.581,127.037,http://www.wikidata.org/entity/Q713285
Q27231,East Asia,Eastern Asia,region,47.210277777,102.847777777,http://www.wikidata.org/entity/Q27231
Q27231,East Asia,E Asia,region,47.210277777,102.847777777,http://www.wikidata.org/entity/Q27231
Q27231,East Asia,East Asian Cultural Sphere,region,47.210277777,102.847777777,http://www.wikidata.org/entity/Q27231
Q27231,East Asia,Far East Asia,region,47.210277777,102.847777777,http://www.wikidata.org/entity/Q27231
Q488571,Seodaemun Prison,Seodaemun Prison History Hall,historic site,37.57442,126.95663,http://www.wikidata.org/entity/Q488571
Q488571,Seodaemun Prison,Sŏdaemun,historic site,37.57442,126.95663,http://www.wikidata.org/entity/Q488571
Q497095,Tancheon Sports Complex,Seongnam Tancheon Sports Complex,stadium,37.410166,127.121273,http://www.wikidata.org/entity/Q497095
Q41066,North Chungcheong,North Chungcheong Province,province of South Korea,36.633855,127.491528,http://www.wikidata.org/entity/Q41066
Q41066,North Chungcheong,Chungbuk,province of South Korea,36.633855,127.491528,http://www.wikidata.org/entity/Q41066
Q41066,North Chungcheong,Chungcheongbuk-do,province of South Korea,36.633855,127.491528,http://www.wikidata.org/entity/Q41066
Q188624,Pyeongchang County,P'yŏngch'ang,county of South Korea,37.368888888,128.390277777,http://www.wikidata.org/entity/Q188624
Q188624,Pyeongchang County,Pjongchang,county of South Korea,37.368888888,128.390277777,http://www.wikidata.org/entity/Q188624
Q188624,Pyeongchang County,Pyeongchang,county of South Korea,37.368888888,128.390277777,http://www.wikidata.org/entity/Q188624
Q41154,North Gyeongsang,North Gyeongsang Province,province of South Korea,36.576144,128.50556,http://www.wikidata.org/entity/Q41154
Q41154,North Gyeongsang,Gyeongbuk,province of South Korea,36.576144,128.50556,http://www.wikidata.org/entity/Q41154
Q41154,North Gyeongsang,Gyeongsangbuk-do,province of South Korea,36.576144,128.50556,http://www.wikidata.org/entity/Q41154
Q493922,Third Battle of Seoul,1.4 Retreat,battle,37.5689,126.977,http://www.wikidata.org/entity/Q493922
Q493922,Third Battle of Seoul,Chinese New Year's Offensive,battle,37.5689,126.977,http://www.wikidata.org/entity/Q493922
Q493922,Third Battle of Seoul,January Fourth Retreat,battle,37.5689,126.977,http://www.wikidata.org/entity/Q493922
Q493922,Third Battle of Seoul,Third Phase Campaign Western Sector,battle,37.5689,126.977,http://www.wikidata.org/entity/Q493922
Q497488,Incheon National University,INU,university,37.37561389,126.63331111,http://www.wikidata.org/entity/Q497488
Q497488,Incheon National University,University of Incheon,university,37.37561389,126.63331111,http://www.wikidata.org/entity/Q497488
Q497991,Ansan Station,Ansan station,railway station,37.327088888,126.78845,http://www.wikidata.org/entity/Q497991
Q498209,Taereung Indoor Ice Rink,Taereung International Skating Rink,architectural structure,37.63861,127.10278,http://www.wikidata.org/entity/Q498209
Q498303,Pyeongchang Alpensia Resort,Alpensia,ski resort,37.6615917,128.679861,http://www.wikidata.org/entity/Q498303
Q498303,Pyeongchang Alpensia Resort,Alpensia Resort,ski resort,37.6615917,128.679861,http://www.wikidata.org/entity/Q498303
Q69027,Gwangmyeongsageori Station,Gwangmyeong Station,railway station,37.479166666,126.854722222,http://www.wikidata.org/entity/Q69027
Q498474,Munsan,Munsan-eup,eup of South Korea,37.85293,126.78484,http://www.wikidata.org/entity/Q498474
Q498516,Geoncheon,Geoncheon-eup,eup of South Korea,35.84899,129.10257,http://www.wikidata.org/entity/Q498516
Q498516,Geoncheon,Konchon,eup of South Korea,35.84899,129.10257,http://www.wikidata.org/entity/Q498516
Q498554,Cheongshim International Academy,CSIA,private school,37.687128,127.541222,http://www.wikidata.org/entity/Q498554
Q495646,Itaewon,Itʻaewŏn,neighborhood,37.54,126.99194444,http://www.wikidata.org/entity/Q495646
Q495655,Hwangudan,Hwanggungu,altar,37.5651,126.98,http://www.wikidata.org/entity/Q495655
Q495655,Hwangudan,Wongudan,altar,37.5651,126.98,http://www.wikidata.org/entity/Q495655
Q39949,KAIST,KAIST university,Institute of Science and Technology,36.372,127.363,http://www.wikidata.org/entity/Q39949
Q39949,KAIST,Korea Advanced Institute of Science and Technology,Institute of Science and Technology,36.372,127.363,http://www.wikidata.org/entity/Q39949
Q39949,KAIST,KOREA ADVANCED INSTITUTE OF SCIENCE AND TECHNOLOGY (KAIST) (Daejeon),Institute of Science and Technology,36.372,127.363,http://www.wikidata.org/entity/Q39949
Q407538,Seoul Capital Area,Sudogown,administrative territorial entity,37.566667,126.978056,http://www.wikidata.org/entity/Q407538
Q407538,Seoul Capital Area,Seoul metropolitan area,administrative territorial entity,37.566667,126.978056,http://www.wikidata.org/entity/Q407538
Q494786,Ganghwa Island,Ganghwa,island,37.71,126.44,http://www.wikidata.org/entity/Q494786
Q494786,Ganghwa Island,Kanghwa,island,37.71,126.44,http://www.wikidata.org/entity/Q494786
Q494786,Ganghwa Island,Ganghwa Do,island,37.71,126.44,http://www.wikidata.org/entity/Q494786
Q494786,Ganghwa Island,Ganghwa I.,island,37.71,126.44,http://www.wikidata.org/entity/Q494786
Q494786,Ganghwa Island,Ganghwa Is.,island,37.71,126.44,http://www.wikidata.org/entity/Q494786
Q494786,Ganghwa Island,Ganghwado,island,37.71,126.44,http://www.wikidata.org/entity/Q494786
Q494786,Ganghwa Island,Jianghua Dao,island,37.71,126.44,http://www.wikidata.org/entity/Q494786
Q494786,Ganghwa Island,Jianghua Island,island,37.71,126.44,http://www.wikidata.org/entity/Q494786
Q494786,Ganghwa Island,Jianghuadao,island,37.71,126.44,http://www.wikidata.org/entity/Q494786
Q494786,Ganghwa Island,Kang-hoa,island,37.71,126.44,http://www.wikidata.org/entity/Q494786
Q494786,Ganghwa Island,Kang-hoa I.,island,37.71,126.44,http://www.wikidata.org/entity/Q494786
Q494786,Ganghwa Island,Kang-hoa Is.,island,37.71,126.44,http://www.wikidata.org/entity/Q494786
Q494786,Ganghwa Island,Kang-hoa Island,island,37.71,126.44,http://www.wikidata.org/entity/Q494786
Q494786,Ganghwa Island,Kanghwa I.,island,37.71,126.44,http://www.wikidata.org/entity/Q494786
Q494786,Ganghwa Island,Kanghwa Is.,island,37.71,126.44,http://www.wikidata.org/entity/Q494786
Q494786,Ganghwa Island,Kanghwa Island,island,37.71,126.44,http://www.wikidata.org/entity/Q494786
Q494786,Ganghwa Island,Kanghwado,island,37.71,126.44,http://www.wikidata.org/entity/Q494786
Q497259,Kangwon National University,KNU,national university,37.86944444,127.74416667,http://www.wikidata.org/entity/Q497259
Q497354,Asiana Airlines Flight 733,AAR733,aviation accident,34.708611111,126.310833333,http://www.wikidata.org/entity/Q497354
Q497354,Asiana Airlines Flight 733,ASIANA 733,aviation accident,34.708611111,126.310833333,http://www.wikidata.org/entity/Q497354
Q497354,Asiana Airlines Flight 733,OZ733,aviation accident,34.708611111,126.310833333,http://www.wikidata.org/entity/Q497354
Q497430,Incheon Asiad Main Stadium,Incheon Asiad Stadium,stadium,37.547675,126.666682,http://www.wikidata.org/entity/Q497430
Q497430,Incheon Asiad Main Stadium,Incheon Stadium,stadium,37.547675,126.666682,http://www.wikidata.org/entity/Q497430
Q41071,Gangwon Province,"Gangwon Province, South Korea",special self-governing province and state of South Korea,37.5,128.25,http://www.wikidata.org/entity/Q41071
Q41071,Gangwon Province,Gangwon Special Self-Governing Province,special self-governing province and state of South Korea,37.5,128.25,http://www.wikidata.org/entity/Q41071
Q41071,Gangwon Province,"Gangwon State, South Korea",special self-governing province and state of South Korea,37.5,128.25,http://www.wikidata.org/entity/Q41071
Q41071,Gangwon Province,Gangwon-do,special self-governing province and state of South Korea,37.5,128.25,http://www.wikidata.org/entity/Q41071
Q27092,Sea of Japan,East Sea,marginal sea,40.0,135.0,http://www.wikidata.org/entity/Q27092
Q27092,Sea of Japan,East Sea of Korea,marginal sea,40.0,135.0,http://www.wikidata.org/entity/Q27092
Q208736,Hankuk University of Foreign Studies,HUFS,university,37.597215,127.058537,http://www.wikidata.org/entity/Q208736
Q243327,Changwon,Changwon City,special-status city,35.228055555,128.681111111,http://www.wikidata.org/entity/Q243327
Q243327,Changwon,Changwon-si,special-status city,35.228055555,128.681111111,http://www.wikidata.org/entity/Q243327
Q623989,Nanjido,Nanji-do,former island,37.56972222,126.88055556,http://www.wikidata.org/entity/Q623989
Q39997,Korea University,Bosung College,private university,37.589166666,127.0325,http://www.wikidata.org/entity/Q39997
Q39997,Korea University,Bosung Professional College,private university,37.589166666,127.0325,http://www.wikidata.org/entity/Q39997
Q39997,Korea University,Koljŏ Tähakkjo,private university,37.589166666,127.0325,http://www.wikidata.org/entity/Q39997
Q562098,Taebaek Mountains,Taebaeksanmaek,mountain range,38.216666666,128.183333333,http://www.wikidata.org/entity/Q562098
Q562701,Seoul Sports Complex,Jamsil Sports Complex,sports complex,37.51588889,127.07275,http://www.wikidata.org/entity/Q562701
Q562741,Sihwa Lake Tidal Power Station,Sihwa Narae Tidal Power Park,tidal power station,37.313656,126.612282,http://www.wikidata.org/entity/Q562741
Q562741,Sihwa Lake Tidal Power Station,T-Light Park,tidal power station,37.313656,126.612282,http://www.wikidata.org/entity/Q562741
Q562970,Military Ordinariate of South Korea,Military Ordinariate of Korea,military ordinariate,37.55,126.983,http://www.wikidata.org/entity/Q562970
Q562970,Military Ordinariate of South Korea,"Military Ordinariate of Korea, Military",military ordinariate,37.55,126.983,http://www.wikidata.org/entity/Q562970
Q392086,Seoul Olympic Main Stadium,Jamsil Olympic Stadium,Olympic stadium,37.515889,127.07275,http://www.wikidata.org/entity/Q392086
Q392086,Seoul Olympic Main Stadium,Seoul Olympic Stadium,Olympic stadium,37.515889,127.07275,http://www.wikidata.org/entity/Q392086
Q498580,Korea National University of Welfare,Korea National College of Welfare,national university,37.05166667,127.095,http://www.wikidata.org/entity/Q498580
Q502223,Miari,Mia-ri,red-light district,37.60334,127.02502,http://www.wikidata.org/entity/Q502223
Q502223,Miari,Mia-ri Texas,red-light district,37.60334,127.02502,http://www.wikidata.org/entity/Q502223
Q502223,Miari,Miari Texas,red-light district,37.60334,127.02502,http://www.wikidata.org/entity/Q502223
Q509539,Daebudo,Taebu-do,island,37.266667,126.583333,http://www.wikidata.org/entity/Q509539
Q509539,Daebudo,Daebu Island,island,37.266667,126.583333,http://www.wikidata.org/entity/Q509539
Q408318,Bulguksa,Bulguksa Temple,temple,35.79,129.332222222,http://www.wikidata.org/entity/Q408318
Q495446,No Gun Ri Massacre,Nogeun-ri massacre,massacre,36.215277777,127.880277777,http://www.wikidata.org/entity/Q495446
Q495446,No Gun Ri Massacre,Nogŭn-ri massacre,massacre,36.215277777,127.880277777,http://www.wikidata.org/entity/Q495446
Q495483,Oedo,Oejora-do,island,34.76833,128.71333,http://www.wikidata.org/entity/Q495483
Q100867,Daecheong Station,Daecheong (SH Corporation),metro station,37.493519444,127.079538888,http://www.wikidata.org/entity/Q100867
Q100882,Iksan Station,Iri Station,railway station,35.941636111,126.945797222,http://www.wikidata.org/entity/Q100882
Q128325,Bank of Korea Museum,Han'guk ŭnhaeng Hwap'ye Pangmulgwan,economics,37.562,126.98066111,http://www.wikidata.org/entity/Q128325
Q128325,Bank of Korea Museum,Hanguk Eunhaeng Hwapye Bangmulgwan,economics,37.562,126.98066111,http://www.wikidata.org/entity/Q128325
Q129839,Haeundae Doosan We've the Zenith,Busan Doosan We've the Zenith,building complex,35.1575,129.14444444,http://www.wikidata.org/entity/Q129839
Q129839,Haeundae Doosan We've the Zenith,Doosan We’ve the Zenith,building complex,35.1575,129.14444444,http://www.wikidata.org/entity/Q129839
Q129839,Haeundae Doosan We've the Zenith,We've the Zenith,building complex,35.1575,129.14444444,http://www.wikidata.org/entity/Q129839
Q130821,Deogyusan,Tŏgyu-san,mountain,35.860555555,127.746388888,http://www.wikidata.org/entity/Q130821
Q27301,Jeongseok Airport,JDG,airport,33.398333333,126.713055555,http://www.wikidata.org/entity/Q27301
Q27301,Jeongseok Airport,RKPD,airport,33.398333333,126.713055555,http://www.wikidata.org/entity/Q27301
Q29151,Jeju Island,Jeju,island,33.365556,126.528056,http://www.wikidata.org/entity/Q29151
Q29151,Jeju Island,Jeju-do,island,33.365556,126.528056,http://www.wikidata.org/entity/Q29151
Q39913,Seoul National University,SNU,national university,37.46,126.9525,http://www.wikidata.org/entity/Q39913
Q39913,Seoul National University,Seoul University,national university,37.46,126.9525,http://www.wikidata.org/entity/Q39913
Q39913,Seoul National University,Seoul Daehakgyo,national university,37.46,126.9525,http://www.wikidata.org/entity/Q39913
Q39913,Seoul National University,Seoul-dae,national university,37.46,126.9525,http://www.wikidata.org/entity/Q39913
Q39913,Seoul National University,Sŏul Taehakkyo,national university,37.46,126.9525,http://www.wikidata.org/entity/Q39913
Q493954,Oedong,Oedong-eup,eup of South Korea,35.71714,129.32831,http://www.wikidata.org/entity/Q493954
Q494058,ROKS Cheonan sinking,PCC-772 sinking,naval battle,37.92916667,124.60055556,http://www.wikidata.org/entity/Q494058
Q494399,Posco Tower Songdo,NEATT,tower block,37.389166666,126.643888888,http://www.wikidata.org/entity/Q494399
Q494399,Posco Tower Songdo,Northeast Asia Trade Tower,tower block,37.389166666,126.643888888,http://www.wikidata.org/entity/Q494399
Q376842,Anyang HL IHC,Anyang Halla,ice hockey team,37.4052778,126.9466667,http://www.wikidata.org/entity/Q376842
Q376842,Anyang HL IHC,HL Anyang,ice hockey team,37.4052778,126.9466667,http://www.wikidata.org/entity/Q376842
Q376842,Anyang HL IHC,Anyang Halla IHC,ice hockey team,37.4052778,126.9466667,http://www.wikidata.org/entity/Q376842
Q376842,Anyang HL IHC,Anyang Halla Winia IHC,ice hockey team,37.4052778,126.9466667,http://www.wikidata.org/entity/Q376842
Q376842,Anyang HL IHC,Halla Winia Ice Hockey Club,ice hockey team,37.4052778,126.9466667,http://www.wikidata.org/entity/Q376842
Q376842,Anyang HL IHC,Mando Winia Ice Hockey Club,ice hockey team,37.4052778,126.9466667,http://www.wikidata.org/entity/Q376842
Q490981,Bukchon Hanok Village,Bukchon,neighborhood,37.58305556,126.98361111,http://www.wikidata.org/entity/Q490981
Q491066,Jong-ro,Syoro,road,37.57295,126.979358,http://www.wikidata.org/entity/Q491066
Q491066,Jong-ro,Jongno,road,37.57295,126.979358,http://www.wikidata.org/entity/Q491066
Q491066,Jong-ro,Chong-ro,road,37.57295,126.979358,http://www.wikidata.org/entity/Q491066
Q491066,Jong-ro,Chongno,road,37.57295,126.979358,http://www.wikidata.org/entity/Q491066
Q491127,Dankook University,DKU,private university,37.321944444,127.126111111,http://www.wikidata.org/entity/Q491127
Q482493,Gimpo International Airport,GMP,international airport,37.556944444,126.7975,http://www.wikidata.org/entity/Q482493
Q482493,Gimpo International Airport,RKSS,international airport,37.556944444,126.7975,http://www.wikidata.org/entity/Q482493
Q482493,Gimpo International Airport,Kimpo Airport,international airport,37.556944444,126.7975,http://www.wikidata.org/entity/Q482493
Q482493,Gimpo International Airport,Kimpo International Airport,international airport,37.556944444,126.7975,http://www.wikidata.org/entity/Q482493
Q488639,Taeanhaean National Park,Taean Coast National Park,national park,36.7872,126.144,http://www.wikidata.org/entity/Q488639
Q488639,Taeanhaean National Park,Taean Seaside National Park,national park,36.7872,126.144,http://www.wikidata.org/entity/Q488639
Q488678,Insa-dong,Insadong,dong of South Korea,37.573,126.986,http://www.wikidata.org/entity/Q488678
Q579632,Sobaeksan National Park,소백산국립공원,national park,36.965,128.507,http://www.wikidata.org/entity/Q579632
Q623528,Ssanggyesa,"Ssanggyesa, Hadong",Korean Buddhist temple,35.2322,127.651,http://www.wikidata.org/entity/Q623528
Q623599,Angang,Angang-eup,eup of South Korea,35.99,129.227,http://www.wikidata.org/entity/Q623599
Q623863,Electronics and Telecommunications Research Institute,ELECTRONICS AND TELECOMMUNICATIONS RESEARCH INSTITUTE     (Daejeon),research institute,36.379459,127.333864,http://www.wikidata.org/entity/Q623863
Q623863,Electronics and Telecommunications Research Institute,Electronics and Telecommunications Research Institute (ETRI),research institute,36.379459,127.333864,http://www.wikidata.org/entity/Q623863
Q623863,Electronics and Telecommunications Research Institute,"Electronics and Telecommunications Research Institute, Korea",research institute,36.379459,127.333864,http://www.wikidata.org/entity/Q623863
Q623863,Electronics and Telecommunications Research Institute,ETRI,research institute,36.379459,127.333864,http://www.wikidata.org/entity/Q623863
Q718476,Geography of South Korea,South Korea geography,geography of geographic location,36.0,128.0,http://www.wikidata.org/entity/Q718476
Q727651,Punggi Station,Punggi station,railway station,36.8740088,128.5231183,http://www.wikidata.org/entity/Q727651
Q39988,Yonsei University,Yonsei,private university,37.560277777,126.936944444,http://www.wikidata.org/entity/Q39988
Q40006,Hanyang University,Hanyang Taehakkyo,private university,37.55638889,127.04444444,http://www.wikidata.org/entity/Q40006
Q491203,Haeundae Beach,Haeundae,beach,35.158552435,129.160539102,http://www.wikidata.org/entity/Q491203
Q491213,Mokpo Airport,MPK,airbase,34.758611111,126.38,http://www.wikidata.org/entity/Q491213
Q491213,Mokpo Airport,RKJM,airbase,34.758611111,126.38,http://www.wikidata.org/entity/Q491213
Q491220,Gangneung Airbase,KAG,airbase,37.75333333,128.94361111,http://www.wikidata.org/entity/Q491220
Q491220,Gangneung Airbase,RKNN,airbase,37.75333333,128.94361111,http://www.wikidata.org/entity/Q491220
Q279611,Siege of Haengju,Battle of Haengju,siege,37.595555555,126.828888888,http://www.wikidata.org/entity/Q279611
Q331990,Korean Demilitarized Zone,Korean Demilitarised Zone,demilitarized zone,38.32,127.2,http://www.wikidata.org/entity/Q331990
Q335998,National Palace Museum of Korea,Museum of the Yi Dynasty,national museum,37.57666667,126.97527778,http://www.wikidata.org/entity/Q335998
Q482485,Gyeongbokgung,Gyeongbok Palace,palace,37.5798841,126.9767996,http://www.wikidata.org/entity/Q482485
Q482485,Gyeongbokgung,Gyeongbokgung Palace,palace,37.5798841,126.9767996,http://www.wikidata.org/entity/Q482485
Q482485,Gyeongbokgung,Kyŏngbok Palace,palace,37.5798841,126.9767996,http://www.wikidata.org/entity/Q482485
Q494824,Biathlon World Championships 2009,2009 Biathlon World Championships,sports season,37.6636,128.688,http://www.wikidata.org/entity/Q494824
Q494824,Biathlon World Championships 2009,43rd Biathlon World Championships,sports season,37.6636,128.688,http://www.wikidata.org/entity/Q494824
Q488748,National Assembly Building,Korea National Assembly Building,parliament building,37.53200278,126.91407222,http://www.wikidata.org/entity/Q488748
Q488748,National Assembly Building,Yeouido National Assembly Building,parliament building,37.53200278,126.91407222,http://www.wikidata.org/entity/Q488748
Q488758,Dabotap,Dabotap Pagoda,pagoda,35.790041,129.33224,http://www.wikidata.org/entity/Q488758
Q488965,Songdo,Songdo IBD,human settlement,37.385,126.645,http://www.wikidata.org/entity/Q488965
Q488965,Songdo,Songdo International Business District,human settlement,37.385,126.645,http://www.wikidata.org/entity/Q488965
Q488988,Gwangju–Daegu Expressway,88 Olympic Expressway,road,35.1595,126.853,http://www.wikidata.org/entity/Q488988
Q465345,Namdaemun,Gate of Exalted Ceremonies,city gate,37.559972222,126.975308333,http://www.wikidata.org/entity/Q465345
Q465345,Namdaemun,Namdaemun Gate,city gate,37.559972222,126.975308333,http://www.wikidata.org/entity/Q465345
Q465345,Namdaemun,South Great Gate,city gate,37.559972222,126.975308333,http://www.wikidata.org/entity/Q465345
Q465345,Namdaemun,Sungnyemun,city gate,37.559972222,126.975308333,http://www.wikidata.org/entity/Q465345
Q465345,Namdaemun,Sungnyemun gate,city gate,37.559972222,126.975308333,http://www.wikidata.org/entity/Q465345
Q69134,Namsan Seoul Tower,N Seoul Tower,architectural landmark,37.551216,126.988276,http://www.wikidata.org/entity/Q69134
Q69134,Namsan Seoul Tower,Namsan Tower,architectural landmark,37.551216,126.988276,http://www.wikidata.org/entity/Q69134
Q69134,Namsan Seoul Tower,Seoul Tower,architectural landmark,37.551216,126.988276,http://www.wikidata.org/entity/Q69134
Q69134,Namsan Seoul Tower,YTN Seoul Tower,architectural landmark,37.551216,126.988276,http://www.wikidata.org/entity/Q69134
Q79827,Jeongbalsan Station,Goyang Aramnuri,railway station,37.659675,126.773291666,http://www.wikidata.org/entity/Q79827
Q458321,Korean Air Lines Flight 902,KAL902,aviation accident,66.048333333,33.070555555,http://www.wikidata.org/entity/Q458321
Q458321,Korean Air Lines Flight 902,KE902,aviation accident,66.048333333,33.070555555,http://www.wikidata.org/entity/Q458321
Q167502,PyeongtaekJije Station,Jije Station,metro station,37.018888888,127.070277777,http://www.wikidata.org/entity/Q167502
Q167502,PyeongtaekJije Station,Pyeongtaek-Jije Station,metro station,37.018888888,127.070277777,http://www.wikidata.org/entity/Q167502
Q171385,Korean International Circuit,Korea International Circuit,motorsport racing track,34.73333,126.41667,http://www.wikidata.org/entity/Q171385
Q487252,Government-General of Chōsen Building,Government-General of Korea Building,building of public administration,37.577393,126.97725,http://www.wikidata.org/entity/Q487252
Q487252,Government-General of Chōsen Building,Gyeongseong Capital Building,building of public administration,37.577393,126.97725,http://www.wikidata.org/entity/Q487252
Q487252,Government-General of Chōsen Building,"Japanese General Government Building, Seoul",building of public administration,37.577393,126.97725,http://www.wikidata.org/entity/Q487252
Q487252,Government-General of Chōsen Building,Keijō Capital Building,building of public administration,37.577393,126.97725,http://www.wikidata.org/entity/Q487252
Q487252,Government-General of Chōsen Building,Seoul Capital Building,building of public administration,37.577393,126.97725,http://www.wikidata.org/entity/Q487252
Q545338,Samsan Station,Pandae Station,railway station,37.3922547,127.7797374,http://www.wikidata.org/entity/Q545338
Q547163,Hogupo Station,Nonhyeon Station,railway station,37.401622,126.708682,http://www.wikidata.org/entity/Q547163
Q623629,Seodaemun Independence Park,Independence Park,park,37.5752858,126.9550192,http://www.wikidata.org/entity/Q623629
Q623629,Seodaemun Independence Park,Sŏdaemun Tongnip Kongwŏn,park,37.5752858,126.9550192,http://www.wikidata.org/entity/Q623629
Q623741,KBS Cheongju Broadcasting Station,KBS Cheongju,Korean Broadcasting System,36.618669,127.456728,http://www.wikidata.org/entity/Q623741
Q623798,Dong-eui University,Dongeui University,private university,35.13944444,129.03336111,http://www.wikidata.org/entity/Q623798
Q623807,Daeheungsa,Daedunsa,Korean Buddhist temple,34.4765959,126.6168285,http://www.wikidata.org/entity/Q623807
Q623817,Korea National University of Cultural Heritage,NUCH,university,36.308,126.897,http://www.wikidata.org/entity/Q623817
Q623851,Jeonbuk National University,Chonbuk National University,university,35.84682,127.12935,http://www.wikidata.org/entity/Q623851
Q623851,Jeonbuk National University,Jeonbuk Daehakgyo,university,35.84682,127.12935,http://www.wikidata.org/entity/Q623851
Q623851,Jeonbuk National University,JNBU,university,35.84682,127.12935,http://www.wikidata.org/entity/Q623851
Q335998,National Palace Museum of Korea,Yi Dynasty Museum,national museum,37.57666667,126.97527778,http://www.wikidata.org/entity/Q335998
Q339039,Geonbongsa,Kŏnbongsa,Korean Buddhist temple,38.4033,128.378,http://www.wikidata.org/entity/Q339039
Q374457,Sogang University,SU,private university,37.551111111,126.941111111,http://www.wikidata.org/entity/Q374457
Q478199,Heuksando,Heuksan Island,island,34.666666666,125.416666666,http://www.wikidata.org/entity/Q478199
Q482654,Chongshin University,Chongshin University and Seminary,private university,37.488,126.966,http://www.wikidata.org/entity/Q482654
Q482663,Gangneung–Wonju National University,G. W. Nat'l Univ.,national university,37.768778055,128.870138888,http://www.wikidata.org/entity/Q482663
Q482663,Gangneung–Wonju National University,GWNU,national university,37.768778055,128.870138888,http://www.wikidata.org/entity/Q482663
Q482673,Kongju National University,KNU,national university,36.469,127.14,http://www.wikidata.org/entity/Q482673
Q482674,Gyeongnam National University of Science and Technology,GNTECH,university,35.180583333,128.093972222,http://www.wikidata.org/entity/Q482674
Q482678,Seoul National University of Science and Technology,SeoulTech,university,37.63166667,127.07861111,http://www.wikidata.org/entity/Q482678
Q482703,Busan National University of Education,BNUE,national university,35.19584,129.07505,http://www.wikidata.org/entity/Q482703
Q482709,Woraksan,Worak Mountain,mountain,36.883333333,128.083333333,http://www.wikidata.org/entity/Q482709
Q482716,Sungkonghoe University,Anglican Church University,private university,37.48744444,126.82575,http://www.wikidata.org/entity/Q482716
Q482716,Sungkonghoe University,SKHU,private university,37.48744444,126.82575,http://www.wikidata.org/entity/Q482716
Q487841,Kyungpook National University,KNUT,university,35.891388888,128.610555555,http://www.wikidata.org/entity/Q487841
Q487841,Kyungpook National University,knu.ac.kr,university,35.891388888,128.610555555,http://www.wikidata.org/entity/Q487841
Q487841,Kyungpook National University,Kyungpook National University Taegu,university,35.891388888,128.610555555,http://www.wikidata.org/entity/Q487841
Q487855,Jeju National University,JNU,university,33.455972222,126.5619,http://www.wikidata.org/entity/Q487855
Q928831,Seoul Broadcasting System,SBS,public company,37.528888888,126.873888888,http://www.wikidata.org/entity/Q928831
Q928831,Seoul Broadcasting System,Eseubieseu,public company,37.528888888,126.873888888,http://www.wikidata.org/entity/Q928831
Q486960,Suncheon Bay,Suncheon Bay Nature Reserve,World Heritage Site,34.8428,127.506,http://www.wikidata.org/entity/Q486960
Q486968,Parangcho,Dingyan,reef,33.145833333,125.223611111,http://www.wikidata.org/entity/Q486968
Q486968,Parangcho,Dingyan Islet,reef,33.145833333,125.223611111,http://www.wikidata.org/entity/Q486968
Q486992,Deokjeokdo,Deokjeok Island,island,37.242777777,126.131111111,http://www.wikidata.org/entity/Q486992
Q486992,Deokjeokdo,Takuchaku Island,island,37.242777777,126.131111111,http://www.wikidata.org/entity/Q486992
Q486992,Deokjeokdo,Takuchaku-do,island,37.242777777,126.131111111,http://www.wikidata.org/entity/Q486992
Q486992,Deokjeokdo,Takuchakudo,island,37.242777777,126.131111111,http://www.wikidata.org/entity/Q486992
Q623906,Supreme Court of Korea,Supreme Court of South Korea,supreme court,37.492238888,127.005247222,http://www.wikidata.org/entity/Q623906
Q623906,Supreme Court of Korea,Supreme Court of the Republic of Korea,supreme court,37.492238888,127.005247222,http://www.wikidata.org/entity/Q623906
Q702150,Battle off Ulsan,Battle of the Japanese Sea,battle,35.07266667,129.944,http://www.wikidata.org/entity/Q702150
Q702150,Battle off Ulsan,Battle of the Korean Strait,battle,35.07266667,129.944,http://www.wikidata.org/entity/Q702150
Q702664,Yongin Jungang Market Station,Stadium–Songdam College Station,elevated station,37.238,127.209,http://www.wikidata.org/entity/Q702664
Q702664,Yongin Jungang Market Station,Yongin Arts&Science Univ.,elevated station,37.238,127.209,http://www.wikidata.org/entity/Q702664
Q493608,ACTS University,ACTS,private university,37.511138888,127.42825,http://www.wikidata.org/entity/Q493608
Q627009,Myeongnyang Strait,Uldolmok Strait,strait,34.56833333,126.3077778,http://www.wikidata.org/entity/Q627009
Q637440,Lazard,Lazard Brothers & Co,credit institution,48.2104,16.3713,http://www.wikidata.org/entity/Q637440
Q637440,Lazard,Lazard Frères & Co,credit institution,48.2104,16.3713,http://www.wikidata.org/entity/Q637440
Q699509,Sogang University station,Sogang station,railway station,37.552132,126.935389,http://www.wikidata.org/entity/Q699509
Q138554,Incheon Munhak Sports Complex,Incheon Munhak Stadium,stadium,37.434984,126.690699,http://www.wikidata.org/entity/Q138554
Q138733,Tripitaka Koreana,Goryeo Tripiṭaka,cultural heritage,35.8,128.1,http://www.wikidata.org/entity/Q138733
Q138733,Tripitaka Koreana,Palman Daejanggyeong,cultural heritage,35.8,128.1,http://www.wikidata.org/entity/Q138733
Q624438,Board of Audit and Inspection,BAI,Independent Institution of Korea,37.586666666,126.985277777,http://www.wikidata.org/entity/Q624438
Q624475,Daewon University College,Daewon Daehak,private university,37.1753,128.1923,http://www.wikidata.org/entity/Q624475
Q624475,Daewon University College,Daewon Junior College,private university,37.1753,128.1923,http://www.wikidata.org/entity/Q624475
Q624569,Namhae,South Sea,sea,34.014722222,128.756666666,http://www.wikidata.org/entity/Q624569
Q624575,Duksung Women's University,Geun-Hwa School,women's college,37.6509,127.017,http://www.wikidata.org/entity/Q624575
Q477157,Changdeokgung,Ch'angdŏkkung,palace,37.579444444,126.991666666,http://www.wikidata.org/entity/Q477157
Q477157,Changdeokgung,Changdeok Palace,palace,37.579444444,126.991666666,http://www.wikidata.org/entity/Q477157
Q477157,Changdeokgung,Changdeokgung Palace,palace,37.579444444,126.991666666,http://www.wikidata.org/entity/Q477157
Q477157,Changdeokgung,Changdok-kung Palace,palace,37.579444444,126.991666666,http://www.wikidata.org/entity/Q477157
Q477157,Changdeokgung,Chʻangdŏkkung Palace,palace,37.579444444,126.991666666,http://www.wikidata.org/entity/Q477157
Q495167,Panmunjom,Panmunjeom,military base,37.955555555,126.677777777,http://www.wikidata.org/entity/Q495167
Q482631,Deoksugung,Deoksugung Palace,palace,37.566111111,126.975,http://www.wikidata.org/entity/Q482631
Q482631,Deoksugung,Tŏksu Palace,palace,37.566111111,126.975,http://www.wikidata.org/entity/Q482631
Q482631,Deoksugung,Tŏksugung,palace,37.566111111,126.975,http://www.wikidata.org/entity/Q482631
Q493039,Sokcho Airport,RKND,airbase,38.1425,128.598333333,http://www.wikidata.org/entity/Q493039
Q493039,Sokcho Airport,Sokcho Aero Airport,airbase,38.1425,128.598333333,http://www.wikidata.org/entity/Q493039
Q493592,Gyodongdo,Gyodong Island,island,37.787777777,126.271666666,http://www.wikidata.org/entity/Q493592
Q495194,Gageodo,Gagado,island,34.071388888,125.113055555,http://www.wikidata.org/entity/Q495194
Q495194,Gageodo,Soheugsan Island,island,34.071388888,125.113055555,http://www.wikidata.org/entity/Q495194
Q624034,Soyang Dam,Soyanggang Dam,embankment dam,37.94555556,127.81444444,http://www.wikidata.org/entity/Q624034
Q624061,Cheongna Hill Station,Seomun Market Station,railway station,35.865,128.58305556,http://www.wikidata.org/entity/Q624061
Q624061,Cheongna Hill Station,Sinnam Station,railway station,35.865,128.58305556,http://www.wikidata.org/entity/Q624061
Q624160,Gampo,Kampo,eup of South Korea,35.80779,129.49791,http://www.wikidata.org/entity/Q624160
Q624160,Gampo,Gampo-eup,eup of South Korea,35.80779,129.49791,http://www.wikidata.org/entity/Q624160
Q624200,Daejeon Metro,Dajeon Metropolitan Transit,rapid transit,36.35,127.385,http://www.wikidata.org/entity/Q624200
Q846598,East Asian Football Federation,EAFF,international sport governing body,35.4857035,137.2704806,http://www.wikidata.org/entity/Q846598
Q495005,National Library of Korea,National Library of Korea (Seoul),national library,37.497538888,127.003261111,http://www.wikidata.org/entity/Q495005
Q495005,National Library of Korea,National Library of Korea of Seoul,national library,37.497538888,127.003261111,http://www.wikidata.org/entity/Q495005
Q495005,National Library of Korea,National Library of Korea Seoul,national library,37.497538888,127.003261111,http://www.wikidata.org/entity/Q495005
Q495005,National Library of Korea,국립중앙도서관,national library,37.497538888,127.003261111,http://www.wikidata.org/entity/Q495005
Q490741,Busan-Geoje Fixed Link,Busan-Geoje bridge,bridge–tunnel,35.01417,128.75389,http://www.wikidata.org/entity/Q490741
Q490741,Busan-Geoje Fixed Link,Geoga Grand Bridge,bridge–tunnel,35.01417,128.75389,http://www.wikidata.org/entity/Q490741
Q490741,Busan-Geoje Fixed Link,Grand Geoga bridge,bridge–tunnel,35.01417,128.75389,http://www.wikidata.org/entity/Q490741
Q490746,Korea Maritime and Ocean University,KMOU,public university,35.074472,129.087489,http://www.wikidata.org/entity/Q490746
Q490746,Korea Maritime and Ocean University,Korea Maritime University,public university,35.074472,129.087489,http://www.wikidata.org/entity/Q490746
Q490746,Korea Maritime and Ocean University,National Korea Maritime University,public university,35.074472,129.087489,http://www.wikidata.org/entity/Q490746
Q482589,Busan Asiad Main Stadium,Busan Asiad Stadium,sports venue,35.190103,129.058361,http://www.wikidata.org/entity/Q482589
Q482589,Busan Asiad Main Stadium,Busan World Cup Stadium,sports venue,35.190103,129.058361,http://www.wikidata.org/entity/Q482589
Q624623,Seooreung,West Five Royals Tombs,burial plot,37.6356,126.8944,http://www.wikidata.org/entity/Q624623
Q624663,Dong-gu Office Station,Keungogae Station,metro station,35.88444444,128.63222222,http://www.wikidata.org/entity/Q624663
Q624714,Digital Media City,DMC,neighborhood,37.57699722,126.88977222,http://www.wikidata.org/entity/Q624714
Q624768,Namhae Bridge,Hadong-Namhae Bridge,suspension bridge,34.9442,127.872,http://www.wikidata.org/entity/Q624768
Q978836,"solar eclipse of January 6, 2019",2019-01-06,solar eclipse,67.4,153.6,http://www.wikidata.org/entity/Q978836
Q978836,"solar eclipse of January 6, 2019",2019 Jan 06,solar eclipse,67.4,153.6,http://www.wikidata.org/entity/Q978836
Q624775,Hyochang Stadium,Seoul Hyochang Stadium,sports venue,37.543562,126.961184,http://www.wikidata.org/entity/Q624775
Q624865,National Assembly Library of Korea,NAL,national library,37.5312,126.917,http://www.wikidata.org/entity/Q624865
Q624865,National Assembly Library of Korea,nanet.go.kr,national library,37.5312,126.917,http://www.wikidata.org/entity/Q624865
Q624908,Gyeonggi Broadcasting Corporation,KFM,radio station,37.256286,127.073959,http://www.wikidata.org/entity/Q624908
Q1162912,Yeosu EXPO Station,Yeosu Station,dead-end railway station,34.7531,127.749,http://www.wikidata.org/entity/Q1162912
Q1234112,Centum Station,Suyeong Station,railway station,35.17945,129.12451,http://www.wikidata.org/entity/Q1234112
Q1234350,Ilgwang Station,Samseong Station,railway station,35.2665475,129.2328169,http://www.wikidata.org/entity/Q1234350
Q1234521,Gaeunpo Station,Seonam Station,railway station,35.5078483,129.3213002,http://www.wikidata.org/entity/Q1234521
Q1234724,Namhae German Village,Dogil Maeul,,34.79888889,128.04,http://www.wikidata.org/entity/Q1234724
Q1234724,Namhae German Village,Dogilmaeul,,34.79888889,128.04,http://www.wikidata.org/entity/Q1234724
Q1234724,Namhae German Village,"German Village, Namhae",,34.79888889,128.04,http://www.wikidata.org/entity/Q1234724
Q1234724,Namhae German Village,"German Village, South Korea",,34.79888889,128.04,http://www.wikidata.org/entity/Q1234724
Q484060,Muan International Airport,MWX,international airport,34.991388888,126.382777777,http://www.wikidata.org/entity/Q484060
Q484060,Muan International Airport,Muan Airport,international airport,34.991388888,126.382777777,http://www.wikidata.org/entity/Q484060
Q484060,Muan International Airport,Muan Gukje Gonghang,international airport,34.991388888,126.382777777,http://www.wikidata.org/entity/Q484060
Q484060,Muan International Airport,RKJB,international airport,34.991388888,126.382777777,http://www.wikidata.org/entity/Q484060
Q487170,Busan University of Foreign Studies,BUFS,language school,35.12451,129.08283,http://www.wikidata.org/entity/Q487170
Q487180,Sungkyunkwan,Seonggyungwan,educational institution,37.585555555,126.995833333,http://www.wikidata.org/entity/Q487180
Q487224,Olympic Gymnastics Arena,KSPO Dome,arena,37.51916,127.127514,http://www.wikidata.org/entity/Q487224
Q494895,Lotte World Tower,Lotte Super Tower,skyscraper,37.5125,127.1025,http://www.wikidata.org/entity/Q494895
Q494895,Lotte World Tower,Lotte Tower,skyscraper,37.5125,127.1025,http://www.wikidata.org/entity/Q494895
Q495005,National Library of Korea,KRNLK,national library,37.497538888,127.003261111,http://www.wikidata.org/entity/Q495005
Q482633,Busan International Film Festival,PIFF,film festival,35.18,129.075,http://www.wikidata.org/entity/Q482633
Q482633,Busan International Film Festival,BIFF,film festival,35.18,129.075,http://www.wikidata.org/entity/Q482633
Q482633,Busan International Film Festival,Pusan International Film Festival,film festival,35.18,129.075,http://www.wikidata.org/entity/Q482633
Q4896139,Gaesimsa,Gaesim Temple,Buddhist temple,36.746893,126.590405,http://www.wikidata.org/entity/Q4896139
Q483657,Korea New Network,KNN,radio station,35.186709,129.084096,http://www.wikidata.org/entity/Q483657
Q483663,Seoul Land,Category:Seoul Land,amusement park,37.43421389,127.019975,http://www.wikidata.org/entity/Q483663
Q483675,Cheongju International Airport,CJJ,international airport,36.716388888,127.499166666,http://www.wikidata.org/entity/Q483675
Q483714,Bangudae Petroglyphs,"Petroglyphs of Bangudae Terrace in Daegok-ri, Ulju",petroglyph,35.6040176,129.1777157,http://www.wikidata.org/entity/Q483714
Q483744,Korea National Sport University,KNSU,national university,37.51963889,127.13097222,http://www.wikidata.org/entity/Q483744
Q483744,Korea National Sport University,Korea National University of Sports,national university,37.51963889,127.13097222,http://www.wikidata.org/entity/Q483744
Q490356,Hanyang University at Ansan Station,Handaeap Station,metro station,37.309772222,126.853580555,http://www.wikidata.org/entity/Q490356
Q490392,Unhyeongung,Unhyŏnʼgung,palace,37.5761,126.987,http://www.wikidata.org/entity/Q490392
Q490455,Miasageori Station,Miasamgeori Station,metro station,37.613211111,127.029988888,http://www.wikidata.org/entity/Q490455
Q490479,Jemulpo Station,University of Incheon,railway station,37.466783333,126.6568,http://www.wikidata.org/entity/Q490479
Q490495,Yeongjongdo,Yeongjong Island,island,37.483333333,126.516666666,http://www.wikidata.org/entity/Q490495
Q494577,Blue House,Cheongwadae,building of public administration,37.58669167,126.97486389,http://www.wikidata.org/entity/Q494577
Q494577,Blue House,Chʻŏngwadae,building of public administration,37.58669167,126.97486389,http://www.wikidata.org/entity/Q494577
Q494577,Blue House,Gyeongmudae,building of public administration,37.58669167,126.97486389,http://www.wikidata.org/entity/Q494577
Q9176,Korean,Korean language,natural language,38.0,127.0,http://www.wikidata.org/entity/Q9176
Q487866,Saejeol Station,Sinsa Station,railway station,37.591111111,126.913611111,http://www.wikidata.org/entity/Q487866
Q488070,Hallyeohaesang National Park,Hallyeo Marine National Park,national park of South Korea,34.75888889,127.97583333,http://www.wikidata.org/entity/Q488070
Q488126,Jamsilsaenae Station,Jamsil Saenae Station,metro station,37.51138889,127.08611111,http://www.wikidata.org/entity/Q488126
Q488126,Jamsilsaenae Station,Sincheon Station,metro station,37.51138889,127.08611111,http://www.wikidata.org/entity/Q488126
Q494602,Jukdo,Chuk-to,island,37.529166666,130.938055555,http://www.wikidata.org/entity/Q494602
Q494638,Gyeongguk National University,Andong National University,university,36.54157,128.79642,http://www.wikidata.org/entity/Q494638
Q494645,Hallasan,Halla Mountain,shield volcano,33.35,126.516666666,http://www.wikidata.org/entity/Q494645
Q625804,Bell of King Seongdeok,Bell of Bongdeoksa Temple,bell,35.8296,129.228,http://www.wikidata.org/entity/Q625804
Q625804,Bell of King Seongdeok,Divine Bell of King Seongdeok the Great,bell,35.8296,129.228,http://www.wikidata.org/entity/Q625804
Q625804,Bell of King Seongdeok,Emille Bell,bell,35.8296,129.228,http://www.wikidata.org/entity/Q625804
Q625804,Bell of King Seongdeok,Sacred Bell of King Seongdeok the Great,bell,35.8296,129.228,http://www.wikidata.org/entity/Q625804
Q625830,Yecheon Air Base,YEC,airbase,36.631722,128.355055,http://www.wikidata.org/entity/Q625830
Q625830,Yecheon Air Base,RKTY,airbase,36.631722,128.355055,http://www.wikidata.org/entity/Q625830
Q625830,Yecheon Air Base,Yecheon Aero Airport,airbase,36.631722,128.355055,http://www.wikidata.org/entity/Q625830
Q487332,Battle of Hansan Island,Battle of Hansando,naval battle,34.762222222,128.5025,http://www.wikidata.org/entity/Q487332
Q490346,Neunggil Station,Singil Oncheon Station,railway station,37.337472222,126.76725,http://www.wikidata.org/entity/Q490346
Q490346,Neunggil Station,Singiloncheon Station,railway station,37.337472222,126.76725,http://www.wikidata.org/entity/Q490346
Q490697,Geomun Do,Komun Do,island,34.033333333,127.316666666,http://www.wikidata.org/entity/Q490697
Q490697,Geomun Do,Port Hamilton,island,34.033333333,127.316666666,http://www.wikidata.org/entity/Q490697
Q490697,Geomun Do,Santo Group,island,34.033333333,127.316666666,http://www.wikidata.org/entity/Q490697
Q484032,Wondeok Station,Wondok Station,railway station,37.4686,127.547,http://www.wikidata.org/entity/Q484032
Q484054,"National Museum of Modern and Contemporary Art, South Korea",MMCA,museum,37.5785,126.98,http://www.wikidata.org/entity/Q484054
Q484054,"National Museum of Modern and Contemporary Art, South Korea","National Museum of Contemporary Art, Gwacheon",museum,37.5785,126.98,http://www.wikidata.org/entity/Q484054
Q484054,"National Museum of Modern and Contemporary Art, South Korea","The National Museum of Modern and Contemporary Art, Korea",museum,37.5785,126.98,http://www.wikidata.org/entity/Q484054
Q482721,Heunginjimun,Dongdaemun,city gate,37.571152777,127.009638888,http://www.wikidata.org/entity/Q482721
Q482721,Heunginjimun,Heunginmun,city gate,37.571152777,127.009638888,http://www.wikidata.org/entity/Q482721
Q482730,Pukyong National University,PKNU,national university,35.13416667,129.10361111,http://www.wikidata.org/entity/Q482730
Q496974,Sejong Center,Sejong Center for the Performing Arts,theatre building,37.5725,126.9756,http://www.wikidata.org/entity/Q496974
Q496974,Sejong Center,Sejong Cultural Center,theatre building,37.5725,126.9756,http://www.wikidata.org/entity/Q496974
Q497046,Siege of Busan,Siege of Busanjin,siege,35.162958333,129.0529,http://www.wikidata.org/entity/Q497046
Q497066,Independence Gate,Dongnimmun,gate,37.572406,126.9595282,http://www.wikidata.org/entity/Q497066
Q497066,Independence Gate,Dongnimmun Arch,gate,37.572406,126.9595282,http://www.wikidata.org/entity/Q497066
Q497066,Independence Gate,Dongnimmun Gate,gate,37.572406,126.9595282,http://www.wikidata.org/entity/Q497066
Q702738,Provincial Government North Office Station,North Gyeonggi Provincial Government Office Station,metro station,37.75072,127.07162,http://www.wikidata.org/entity/Q702738
Q704815,Gangseo-gu Office Station,Gangseogucheong Station,railway station,35.2112,128.982,http://www.wikidata.org/entity/Q704815
Q704830,Gimhae International Airport Station,Gonghang Station,railway station,35.172,128.949,http://www.wikidata.org/entity/Q704830
Q625526,Hwarangdae Station,Taereung station,former railway station,37.62479167,127.09351389,http://www.wikidata.org/entity/Q625526
Q625548,SinGyeongju University,Gyeongju University,private university,35.829833,129.161972,http://www.wikidata.org/entity/Q625548
Q625553,Jeongipumsong Pine Tree,Jeongipumsong,remarkable tree,36.517390826,127.815522944,http://www.wikidata.org/entity/Q625553
Q625553,Jeongipumsong Pine Tree,Songni Jeongipumsong Pine Tree,remarkable tree,36.517390826,127.815522944,http://www.wikidata.org/entity/Q625553
Q625677,Bugaksan,Bugak Mountain,mountain,37.60614,126.983242,http://www.wikidata.org/entity/Q625677
Q625709,Munmyo,"Munmyo, Seoul",cultural heritage,37.585338,126.996688,http://www.wikidata.org/entity/Q625709
Q625749,Tteok Museum,Tteok & Kitchen Utensil Museum,museum,37.5749,126.991,http://www.wikidata.org/entity/Q625749
Q625781,Museum Kimchikan,Kimchi Field Museum,museum,37.5125,127.0588,http://www.wikidata.org/entity/Q625781
Q625781,Museum Kimchikan,Museum Kimchi Kan,museum,37.5125,127.0588,http://www.wikidata.org/entity/Q625781
Q625782,Jinhae Airport,CHF,airport,35.14111111,128.69583333,http://www.wikidata.org/entity/Q625782
Q625782,Jinhae Airport,R-813 Airport,airport,35.14111111,128.69583333,http://www.wikidata.org/entity/Q625782
Q625782,Jinhae Airport,RKPE,airport,35.14111111,128.69583333,http://www.wikidata.org/entity/Q625782
Q483254,Daegu International Airport,TAE,international airport,35.894166666,128.658888888,http://www.wikidata.org/entity/Q483254
Q483254,Daegu International Airport,RKTN,international airport,35.894166666,128.658888888,http://www.wikidata.org/entity/Q483254
Q483291,Gyeonghuigung,Kyŏnghŭi Palace,palace,37.571444444,126.968138888,http://www.wikidata.org/entity/Q483291
Q483291,Gyeonghuigung,Kyŏnghŭigung,palace,37.571444444,126.968138888,http://www.wikidata.org/entity/Q483291
Q482441,Daegu Stadium,Daegu World Cup Stadium,stadium,35.829739,128.690205,http://www.wikidata.org/entity/Q482441
Q482497,Jeju International Airport,CJU,international airport,33.512222222,126.492777777,http://www.wikidata.org/entity/Q482497
Q482497,Jeju International Airport,RKPC,international airport,33.512222222,126.492777777,http://www.wikidata.org/entity/Q482497
Q624999,Pyeongchang,Pyeongchang-eup,eup of South Korea,37.3675,128.39583333,http://www.wikidata.org/entity/Q624999
Q624999,Pyeongchang,Pyongchang,eup of South Korea,37.3675,128.39583333,http://www.wikidata.org/entity/Q624999
Q625159,Armed Forces Nursing Academy,KAFNA,military academy,36.401451,127.349674,http://www.wikidata.org/entity/Q625159
Q625165,Kumoh National Institute of Technology,Kumoh Gonggwa Daehakgyo,institute of technology,36.144417,128.393278,http://www.wikidata.org/entity/Q625165
Q625165,Kumoh National Institute of Technology,KumohGongdae,institute of technology,36.144417,128.393278,http://www.wikidata.org/entity/Q625165
Q625203,National Debt Redemption Movement Memorial Park,Gukchae-bosang Memorial Park,park,35.868833333,128.602111111,http://www.wikidata.org/entity/Q625203
Q625295,Seobu Bus Terminal Station,Seongdangmot Station,railway station,35.839303,128.565482,http://www.wikidata.org/entity/Q625295
Q483458,Jeju Uprising,Jeju 3 April incident,rebellion,33.366666666,126.533333333,http://www.wikidata.org/entity/Q483458
Q483458,Jeju Uprising,Jeju 4.3 events,rebellion,33.366666666,126.533333333,http://www.wikidata.org/entity/Q483458
Q483458,Jeju Uprising,Jeju 4.3 incident,rebellion,33.366666666,126.533333333,http://www.wikidata.org/entity/Q483458
Q483458,Jeju Uprising,Jeju April 3 incident,rebellion,33.366666666,126.533333333,http://www.wikidata.org/entity/Q483458
Q483458,Jeju Uprising,Jeju massacre,rebellion,33.366666666,126.533333333,http://www.wikidata.org/entity/Q483458
Q483464,Battle of Chipyong-ni,Battle of Chipyongni,battle,37.475,127.637,http://www.wikidata.org/entity/Q483464
Q483469,Yangyang International Airport,YNY,international airport,38.061388888,128.669166666,http://www.wikidata.org/entity/Q483469
Q483469,Yangyang International Airport,Yangyang Airport,international airport,38.061388888,128.669166666,http://www.wikidata.org/entity/Q483469
Q483650,Cheongsan station,Choseong-ri Station,railway station,37.9951914,127.0745124,http://www.wikidata.org/entity/Q483650
Q5001270,Busan Presbyterian University,Busan Jangsin University,university,35.25633,128.8609,http://www.wikidata.org/entity/Q5001270
Q5001277,Busanjinseong,Busanjinjiseong,castle,35.135916666,129.061166666,http://www.wikidata.org/entity/Q5001277
Q5001277,Busanjinseong,Busanjinseong Fortress,castle,35.135916666,129.061166666,http://www.wikidata.org/entity/Q5001277
Q5053266,Catholic University of Pusan,CUP,Catholic university,35.244888888,129.097202777,http://www.wikidata.org/entity/Q5053266
Q5089726,Cheju Halla University,CHU,university,33.47616,126.4756,http://www.wikidata.org/entity/Q5089726
Q5091594,Yonam University,Cheonan Yonam College,private university,36.94699,127.15545,http://www.wikidata.org/entity/Q5091594
Q5535460,Geomdansan (Hanam),Geomdansan,mountain,37.518888888,127.247777777,http://www.wikidata.org/entity/Q5535460
Q5535460,Geomdansan (Hanam),Hanam Geomdansan,mountain,37.518888888,127.247777777,http://www.wikidata.org/entity/Q5535460
Q5554858,Geumjeongsanseong,Dongnaesanseong,Korean fortress,35.28305556,129.05555556,http://www.wikidata.org/entity/Q5554858
Q5554883,Geumtapsa,Kŭmt'ap-sa,Korean Buddhist temple,34.5427801,127.2876513,http://www.wikidata.org/entity/Q5554883
Q5554883,Geumtapsa,Kŭmt'apsa,Korean Buddhist temple,34.5427801,127.2876513,http://www.wikidata.org/entity/Q5554883
Q5554883,Geumtapsa,金塔寺,Korean Buddhist temple,34.5427801,127.2876513,http://www.wikidata.org/entity/Q5554883
Q5562691,Gimhae Foreign Language High School,GIMFL,high school in South Korea,35.1708,128.805,http://www.wikidata.org/entity/Q5562691
Q483844,Bridge of No Return,Neolmun Bridge,road bridge,37.956125,126.67059722,http://www.wikidata.org/entity/Q483844
Q483875,2008 Namdaemun fire,2008년 숭례문 방화 사건,arson,37.56,126.975277777,http://www.wikidata.org/entity/Q483875
Q483938,SM Entertainment,S.M. Entertainment,record label,37.544143,127.044148,http://www.wikidata.org/entity/Q483938
Q483938,SM Entertainment,Star Museum Entertainment,record label,37.544143,127.044148,http://www.wikidata.org/entity/Q483938
Q483836,Donuimun,Loyalty Gate,city gate,37.56824444,126.968975,http://www.wikidata.org/entity/Q483836
Q483836,Donuimun,Seodaemun Gu,city gate,37.56824444,126.968975,http://www.wikidata.org/entity/Q483836
Q483836,Donuimun,Sŏdaemun-gu,city gate,37.56824444,126.968975,http://www.wikidata.org/entity/Q483836
Q483836,Donuimun,Tonŭimun,city gate,37.56824444,126.968975,http://www.wikidata.org/entity/Q483836
Q483836,Donuimun,West Big Gate,city gate,37.56824444,126.968975,http://www.wikidata.org/entity/Q483836
Q483838,Game Rating and Administration Committee,GRAC,non-classified public institution,35.1711,129.127,http://www.wikidata.org/entity/Q483838
Q483838,Game Rating and Administration Committee,GRB,non-classified public institution,35.1711,129.127,http://www.wikidata.org/entity/Q483838
Q483838,Game Rating and Administration Committee,Game Rating Board,non-classified public institution,35.1711,129.127,http://www.wikidata.org/entity/Q483838
Q485389,COEX Convention & Exhibition Center,COEX,convention center,37.51194444,127.05888889,http://www.wikidata.org/entity/Q485389
Q485409,Yongpyong Resort,Yongpyong Alpine Centre,ski resort,37.643,128.682,http://www.wikidata.org/entity/Q485409
Q485443,Gwangan Bridge,Diamond Bridge,suspension bridge,35.14633333,129.1286389,http://www.wikidata.org/entity/Q485443
Q485443,Gwangan Bridge,Gwangandaegyo,suspension bridge,35.14633333,129.1286389,http://www.wikidata.org/entity/Q485443
Q485570,Ulleung County,Ulleung,county of South Korea,37.483333333,130.9,http://www.wikidata.org/entity/Q485570
Q7075287,Obongsan (Hwacheon/Chuncheon),Obongsan,mountain,37.999722222,127.803055555,http://www.wikidata.org/entity/Q7075287
Q7077223,Odaesan National Park,오대산국립공원,national park,37.79527778,128.54305556,http://www.wikidata.org/entity/Q7077223
Q7089147,Olympic Weightlifting Gymnasium,Woori Financial Art Hall,sports venue,37.5148,127.127456,http://www.wikidata.org/entity/Q7089147
Q7093835,Onggi Folk Museum,Goryeo Folk Museum,museum,37.6545,127.0146,http://www.wikidata.org/entity/Q7093835
Q7093835,Onggi Folk Museum,Onggi Folk Museum {{Infobox Korean name|child=yes |hangul = 옹기민속박물관 |hanja = {{linktext|甕|器|民|俗|博物館}} |rr = Onggi minsok bakmulgwan |mr = Onggi minsok pakmulkwan }},museum,37.6545,127.0146,http://www.wikidata.org/entity/Q7093835
Q7127024,Palbongsan,Palbongsan (Gangwon),mountain,37.702836111,127.753830555,http://www.wikidata.org/entity/Q7127024
Q7128743,Yeongsanjeon,Palsangjeon,tower,36.54197222,127.83305556,http://www.wikidata.org/entity/Q7128743
Q7132596,Paper Art Museum,Jong Ie Nara Paper Art Museum,paper museum,37.5596195,127.0061614,http://www.wikidata.org/entity/Q7132596
Q7207756,Pohang Sports Complex,Pohang Stadium,multi-purpose sports venue,36.00861,129.363816,http://www.wikidata.org/entity/Q7207756
Q7260153,Punggi,Punggi-eup,eup of South Korea,36.87032,128.52442,http://www.wikidata.org/entity/Q7260153
Q7260180,Pungsan,Pungsan-eup,eup of South Korea,36.58001,128.57197,http://www.wikidata.org/entity/Q7260180
Q7261701,Busan Foreign Language High School,Pusan Foreign Language High School,high school in South Korea,35.1831,129.098,http://www.wikidata.org/entity/Q7261701
Q7262975,Pyeongtaek Meister High School,Pyeongtaek Mechanical and Technical High School,high school in South Korea,36.998941,127.089931,http://www.wikidata.org/entity/Q7262975
Q7284652,Korea Foreign School,Rainbow International School,school,37.48473889,127.04102222,http://www.wikidata.org/entity/Q7284652
Q7286703,Rakkojae,Rakkojae hanok collection,hotel,37.5802,126.9858,http://www.wikidata.org/entity/Q7286703
Q7286703,Rakkojae,Rakkojae hanok hotel,hotel,37.5802,126.9858,http://www.wikidata.org/entity/Q7286703
Q7286703,Rakkojae,Rakkojae hotel,hotel,37.5802,126.9858,http://www.wikidata.org/entity/Q7286703
Q11269664,Jeonju Sports Complex,Jeonju Stadium,stadium,35.839009,127.126355,http://www.wikidata.org/entity/Q11269664
Q11270798,Jeju Strait,Saishu Strait,strait,33.67056,126.4975,http://www.wikidata.org/entity/Q11270798
Q490777,Diamond Tower,Busan Diamond Tower,fixed construction,35.101222222,129.032305555,http://www.wikidata.org/entity/Q490777
Q490777,Diamond Tower,Busan Tower,fixed construction,35.101222222,129.032305555,http://www.wikidata.org/entity/Q490777
Q490798,"Haeinsa Temple Janggyeong Panjeon, the Depositories for the Tripitaka Koreana Woodblocks",Haeinsa monastery,Buddhist temple,35.8,128.1,http://www.wikidata.org/entity/Q490798
Q490809,Jagalchi Market,Jagalchi Sijang,market,35.09665,129.029661,http://www.wikidata.org/entity/Q490809
Q490809,Jagalchi Market,Jagalchisijang,market,35.09665,129.029661,http://www.wikidata.org/entity/Q490809
Q482731,Calvin University,Galbin Daehakgyo,private university,37.305,127.1287,http://www.wikidata.org/entity/Q482731
Q482731,Calvin University,Kalbin Daehakgyo,private university,37.305,127.1287,http://www.wikidata.org/entity/Q482731
Q482731,Calvin University,Kalbin Taehakkyo,private university,37.305,127.1287,http://www.wikidata.org/entity/Q482731
Q482852,Changgyeonggung,Chʻanggyŏng Palace,palace,37.578430555,126.995980555,http://www.wikidata.org/entity/Q482852
Q482852,Changgyeonggung,Chʻanggyŏnggung,palace,37.578430555,126.995980555,http://www.wikidata.org/entity/Q482852
Q482952,Sunchon National University,Suncheon Daehakgyo,university,34.9695,127.480194444,http://www.wikidata.org/entity/Q482952
Q4870744,Battle of Chuncheon,Battle of Chuncheon and Hongcheon,battle,37.86666667,127.73333333,http://www.wikidata.org/entity/Q4870744
Q4876770,Bears Field,Bears Park,stadium,37.33152778,127.45755556,http://www.wikidata.org/entity/Q4876770
Q4940911,Bomun Lake Resort,Bomun Tourist Complex,,35.8426836,129.2841382,http://www.wikidata.org/entity/Q4940911
Q4945137,Borimsa,Borimsa Temple,temple,34.8078,126.897,http://www.wikidata.org/entity/Q4945137
Q4973311,Broken Arrow,Haktang-ni,hill,38.21,127.15,http://www.wikidata.org/entity/Q4973311
Q4973311,Broken Arrow,Hill 391,hill,38.21,127.15,http://www.wikidata.org/entity/Q4973311
Q4986824,Bukchon Art Museum,Bukchon Art Museum {{Infobox Korean name|child=yes |hangul = 북촌미술관 |hanja = {{linktext|北|村|美|術|館}} |rr = Bukchon misulgwan |mr = Pukch'on misulgwan }},art museum,37.5803,126.9846,http://www.wikidata.org/entity/Q4986824
Q4997502,Bundang Jesaeng Hospital,Daejin Medical Center,hospital,37.38816667,127.12177778,http://www.wikidata.org/entity/Q4997502
Q4997505,Bundang Central Park,Seongnam Central Park,park,37.37709167,127.12383333,http://www.wikidata.org/entity/Q4997505
Q5001263,Busan Gudeok Stadium,"Busan Public Stadium, Gudeok Sports Complex",stadium,35.116543,129.014543,http://www.wikidata.org/entity/Q5001263
Q1235070,Angang Station,Ankang Station,railway station,35.9706198,129.232943,http://www.wikidata.org/entity/Q1235070
Q1242598,We've the Zenith Tower A,Doosan Haeundae We've the Zenith Tower A,skyscraper,35.1575,129.14444444,http://www.wikidata.org/entity/Q1242598
Q1242598,We've the Zenith Tower A,Doosan Haeundae We’ve the Zenith Tower A,skyscraper,35.1575,129.14444444,http://www.wikidata.org/entity/Q1242598
Q1242598,We've the Zenith Tower A,We’ve the Zenith Tower A,skyscraper,35.1575,129.14444444,http://www.wikidata.org/entity/Q1242598
Q1255215,35th parallel north,35°N,circle of latitude,35.0,0.0,http://www.wikidata.org/entity/Q1255215
Q1262667,Congregation of the Sisters of Divine Providence,CDP,Catholic religious institute,49.987094,8.175746,http://www.wikidata.org/entity/Q1262667
Q1262667,Congregation of the Sisters of Divine Providence,C.D.P.,Catholic religious institute,49.987094,8.175746,http://www.wikidata.org/entity/Q1262667
Q1262667,Congregation of the Sisters of Divine Providence,Congregation of Divine Providence,Catholic religious institute,49.987094,8.175746,http://www.wikidata.org/entity/Q1262667
Q1320312,Samsung Tower Palace 3 – Tower G,"Samsung Tower Palace 3, Tower G",skyscraper,37.48711,127.05284,http://www.wikidata.org/entity/Q1320312
Q1332395,Yonggang Station,Yonggang Signal Box,railway station,35.2711843,128.6391634,http://www.wikidata.org/entity/Q1332395
Q483317,Korea Naval Academy,Republic of Korea Naval Academy,naval academy,35.128859,128.664805,http://www.wikidata.org/entity/Q483317
Q483317,Korea Naval Academy,ROKNA,naval academy,35.128859,128.664805,http://www.wikidata.org/entity/Q483317
Q483351,Daehangno,Daehak-ro,street,37.576944444,127.001944444,http://www.wikidata.org/entity/Q483351
Q483357,Tapgol Park,Pagoda Park,park,37.5711,126.988,http://www.wikidata.org/entity/Q483357
Q483357,Tapgol Park,Tapgol Gongwon,park,37.5711,126.988,http://www.wikidata.org/entity/Q483357
Q483357,Tapgol Park,Tapgolgongwon,park,37.5711,126.988,http://www.wikidata.org/entity/Q483357
Q483402,Keimyung University,Kei-dae,private university,35.8574,128.4834,http://www.wikidata.org/entity/Q483402
Q483402,Keimyung University,Kyemyŏng Taehakkyo,private university,35.8574,128.4834,http://www.wikidata.org/entity/Q483402
Q11271869,Jumunjin,Chumunjin,eup of South Korea,37.8833,128.833,http://www.wikidata.org/entity/Q11271869
Q11271869,Jumunjin,Jumunjin-eup,eup of South Korea,37.8833,128.833,http://www.wikidata.org/entity/Q11271869
Q11273167,Chagwido,Cha-gwido Island,natural monument,33.3115,126.14888,http://www.wikidata.org/entity/Q11273167
Q11273167,Chagwido,Chagwi Island,natural monument,33.3115,126.14888,http://www.wikidata.org/entity/Q11273167
Q11273167,Chagwido,Chagwido Island,natural monument,33.3115,126.14888,http://www.wikidata.org/entity/Q11273167
Q11273167,Chagwido,Jukdo Island,natural monument,33.3115,126.14888,http://www.wikidata.org/entity/Q11273167
Q11284963,Korea Institute of Curriculum & Evaluation,KICE,government agency,36.897296948,127.534643092,http://www.wikidata.org/entity/Q11284963
Q11284963,Korea Institute of Curriculum & Evaluation,Korea Institute for Curriculum and Evaluation,government agency,36.897296948,127.534643092,http://www.wikidata.org/entity/Q11284963
Q11287171,1978 Hongseong Earthquake,Hongseong Earthquake,earthquake,36.6,126.7,http://www.wikidata.org/entity/Q11287171
Q11315093,Seoul Jungnang Police Station,Jungnang Police Station,police station,37.605649,127.0765358,http://www.wikidata.org/entity/Q11315093
Q11315098,Seoul Bangbae Police Station,Bangbae Police Station,police station,37.481627,126.983018,http://www.wikidata.org/entity/Q11315098
Q11315100,Seoul Gangseo Police Station,Gangseo Police Station,police station,37.551334,126.850017,http://www.wikidata.org/entity/Q11315100
Q11315105,Seoul Nowon Police Station,Nowon Police Station,police station,37.642335,127.0714084,http://www.wikidata.org/entity/Q11315105
Q11315106,Seoul Geumcheon Police Station,Geumcheon Police Station,police station,37.457,126.897,http://www.wikidata.org/entity/Q11315106
Q11315107,Seoul Dobong Police Station,Dobong Police Station,police station,37.6534487,127.052775,http://www.wikidata.org/entity/Q11315107
Q892586,Samnangjin,Samnangjin-eup,eup of South Korea,35.395,128.83833333,http://www.wikidata.org/entity/Q892586
Q913972,Order of Friars Minor,OFM,mendicant order,41.898046132,12.445600596,http://www.wikidata.org/entity/Q913972
Q913972,Order of Friars Minor,Ordo Fratrum Minorum,mendicant order,41.898046132,12.445600596,http://www.wikidata.org/entity/Q913972
Q913972,Order of Friars Minor,Franciscans,mendicant order,41.898046132,12.445600596,http://www.wikidata.org/entity/Q913972
Q913972,Order of Friars Minor,O.F.M.,mendicant order,41.898046132,12.445600596,http://www.wikidata.org/entity/Q913972
Q913972,Order of Friars Minor,Seraphic Order,mendicant order,41.898046132,12.445600596,http://www.wikidata.org/entity/Q913972
Q483826,Baeksang Arts Awards,Paeksang Arts Awards,television award,37.56,126.99,http://www.wikidata.org/entity/Q483826
Q483826,Baeksang Arts Awards,PaekSang Arts Awards,television award,37.56,126.99,http://www.wikidata.org/entity/Q483826
Q483836,Donuimun,West Gate,city gate,37.56824444,126.968975,http://www.wikidata.org/entity/Q483836
Q483836,Donuimun,Seodaemun,city gate,37.56824444,126.968975,http://www.wikidata.org/entity/Q483836
Q625800,Chungcheong Korean,Chungcheong dialect,dialect,36.63,127.31,http://www.wikidata.org/entity/Q625800
Q625800,Chungcheong Korean,Hoseo dialect,dialect,36.63,127.31,http://www.wikidata.org/entity/Q625800
Q11558548,Buseoksa,Buseoksa Temple,Buddhist temple,36.937721,126.446726,http://www.wikidata.org/entity/Q11558548
Q483088,Battle of Chilcheollyang,Battle of Chilcheonryang,naval battle,34.8181,128.566,http://www.wikidata.org/entity/Q483088
Q485201,Waegwan,Waegwan-eup,eup of South Korea,35.982777777,128.402777777,http://www.wikidata.org/entity/Q485201
Q485222,Geojedo,Geoje Island,island,34.858055555,128.618333333,http://www.wikidata.org/entity/Q485222
Q4803501,Asan Medical Center,Seoul Asan Hospital,hospital,37.526503,127.108125,http://www.wikidata.org/entity/Q4803501
Q4806425,Asia Pacific International School,APIS,school,37.63180556,127.0505,http://www.wikidata.org/entity/Q4806425
Q4841260,Baekseok Arts University,BAU,private university,37.480186111,126.996330555,http://www.wikidata.org/entity/Q4841260
Q4855180,Songpanaru station,Bangisageori Station,metro station,37.51125,127.11279,http://www.wikidata.org/entity/Q4855180
Q4859328,Jeamni massacre,Jeamri massacre,massacre,37.126194,126.893556,http://www.wikidata.org/entity/Q4859328
Q11235641,Dongsan High School,Dongsan-go,high school,37.473564,126.649039,http://www.wikidata.org/entity/Q11235641
Q11235641,Dongsan High School,Dongsango,high school,37.473564,126.649039,http://www.wikidata.org/entity/Q11235641
Q11241513,Mungyeong-eup,Mungyeong,eup of South Korea,36.76687,128.12707,http://www.wikidata.org/entity/Q11241513
Q11241513,Mungyeong-eup,Mungyong,eup of South Korea,36.76687,128.12707,http://www.wikidata.org/entity/Q11241513
Q11245842,Bongdam,Pongdam,eup of South Korea,37.22,126.94944444,http://www.wikidata.org/entity/Q11245842
Q11245961,Bumingwan,Buminkwan,performing arts center,37.567555555,126.976611111,http://www.wikidata.org/entity/Q11245961
Q11245961,Bumingwan,Fuminkan,performing arts center,37.567555555,126.976611111,http://www.wikidata.org/entity/Q11245961
Q11245961,Bumingwan,Gyeongseong Bumingwan,performing arts center,37.567555555,126.976611111,http://www.wikidata.org/entity/Q11245961
Q11245961,Bumingwan,Gyeongseong Buminkwan,performing arts center,37.567555555,126.976611111,http://www.wikidata.org/entity/Q11245961
Q11245961,Bumingwan,Keijō Fuminkan,performing arts center,37.567555555,126.976611111,http://www.wikidata.org/entity/Q11245961
Q11245961,Bumingwan,Seoul Old National Assembly Building,performing arts center,37.567555555,126.976611111,http://www.wikidata.org/entity/Q11245961
Q11250166,Jeolla,Honam dialect,dialect,35.133333333,126.833333333,http://www.wikidata.org/entity/Q11250166
Q11250166,Jeolla,Jeolla dialect,dialect,35.133333333,126.833333333,http://www.wikidata.org/entity/Q11250166
Q11250166,Jeolla,Seonam dialect,dialect,35.133333333,126.833333333,http://www.wikidata.org/entity/Q11250166
Q11250166,Jeolla,Jeolla Korean,dialect,35.133333333,126.833333333,http://www.wikidata.org/entity/Q11250166
Q11250360,Seoul Gwanak Police Station,Gwanak Police Station,police station,37.474518,126.951066,http://www.wikidata.org/entity/Q11250360
Q11252889,Suwon Air Base,SWU,airbase,37.235555555,127.009444444,http://www.wikidata.org/entity/Q11252889
Q11252889,Suwon Air Base,RKSW,airbase,37.235555555,127.009444444,http://www.wikidata.org/entity/Q11252889
Q11252889,Suwon Air Base,Suwon Ab,airbase,37.235555555,127.009444444,http://www.wikidata.org/entity/Q11252889
Q5472741,Seoul City Wall,Fortress Wall of Seoul,city walls,37.5728474,127.0085027,http://www.wikidata.org/entity/Q5472741
Q5472741,Seoul City Wall,Hansung,city walls,37.5728474,127.0085027,http://www.wikidata.org/entity/Q5472741
Q5472741,Seoul City Wall,Hanyangdoseong,city walls,37.5728474,127.0085027,http://www.wikidata.org/entity/Q5472741
Q5472741,Seoul City Wall,Hanyangdosong,city walls,37.5728474,127.0085027,http://www.wikidata.org/entity/Q5472741
Q5472741,Seoul City Wall,Seoulseonggwak,city walls,37.5728474,127.0085027,http://www.wikidata.org/entity/Q5472741
Q5472741,Seoul City Wall,Seoulsongkwak,city walls,37.5728474,127.0085027,http://www.wikidata.org/entity/Q5472741
Q50393,Buk District,Buk-gu,district of South Korea  (autonomous),35.89,128.58,http://www.wikidata.org/entity/Q50393
Q50394,Buk District,Buk-gu,district of Busan,35.2,128.99,http://www.wikidata.org/entity/Q50394
Q50395,Buk District,Buk-gu,district of South Korea  (autonomous),35.58138889,129.36111111,http://www.wikidata.org/entity/Q50395
Q50397,Bundang,Budang-gu,district of South Korea (non-autonomous),37.382780555,127.118905555,http://www.wikidata.org/entity/Q50397
Q50397,Bundang,Bundang-gu,district of South Korea (non-autonomous),37.382780555,127.118905555,http://www.wikidata.org/entity/Q50397
Q50390,Busanjin District,Busanjin-gu,district of South Korea  (autonomous),35.162958333,129.0529,http://www.wikidata.org/entity/Q50390
Q50391,Bupyeong District,Bupyeong-gu,district of Incheon,37.507,126.722,http://www.wikidata.org/entity/Q50391
Q50392,Buk District,Buk-gu,district of South Korea  (autonomous),35.17,126.91,http://www.wikidata.org/entity/Q50392
Q484477,Chuncheon National University of Education,CNUE,university,37.85961,127.74879,http://www.wikidata.org/entity/Q484477
Q484477,Chuncheon National University of Education,Chuncheon Normal School,university,37.85961,127.74879,http://www.wikidata.org/entity/Q484477
Q484630,Jeonju Airport,CHN,airport,35.878333333,127.119444444,http://www.wikidata.org/entity/Q484630
Q484630,Jeonju Airport,RKJU,airport,35.878333333,127.119444444,http://www.wikidata.org/entity/Q484630
Q484665,Korea International Exhibition Center,KINTEX,convention center,37.66888889,126.74555556,http://www.wikidata.org/entity/Q484665
Q484718,Yeosu Airport,RSU,airport,34.840174,127.614025,http://www.wikidata.org/entity/Q484718
Q484718,Yeosu Airport,RKJY,airport,34.840174,127.614025,http://www.wikidata.org/entity/Q484718
Q2647320,Cheongnyangni-dong,Cheongnyangni,dong of South Korea,37.586,127.047,http://www.wikidata.org/entity/Q2647320
Q5623300,Gwanghwamun Plaza,Gwanghwamun Square,square,37.57277778,126.97666667,http://www.wikidata.org/entity/Q5623300
Q5623304,Gwangju Baseball Stadium,Gwangju-Kia Champions Field,baseball venue,35.1683,126.889,http://www.wikidata.org/entity/Q5623304
Q5623307,Gwangju City Public Stadium,Gwangju Public Stadium,multi-purpose sports venue,37.415273,127.252035,http://www.wikidata.org/entity/Q5623307
Q5624056,Gyeonggi Academy of Foreign Languages,GAFL,high school in South Korea,37.3469,126.96,http://www.wikidata.org/entity/Q5624056
Q5638300,Haeundae I Park,Haeundae I Park Marina Tower,skyscraper,35.156258,129.141815,http://www.wikidata.org/entity/Q5638300
Q5643247,Hallym Polytechnic University,Hallim Seongsimdaehakkyo,university,37.899341666,127.755763888,http://www.wikidata.org/entity/Q5643247
Q5643247,Hallym Polytechnic University,Hallim Sŏngsimtaehakkyo,university,37.899341666,127.755763888,http://www.wikidata.org/entity/Q5643247
Q5644362,Hamchang,Hamchang-eup,eup of South Korea,36.57011,128.17955,http://www.wikidata.org/entity/Q5644362
Q5646877,Hanam,Hanam-eup,eup of South Korea,35.37509,128.71183,http://www.wikidata.org/entity/Q5646877
Q624306,Poseokjeong,Poseokjeong Pavilion Site,pavilion,35.809182,129.212265,http://www.wikidata.org/entity/Q624306
Q624306,Poseokjeong,"Poseokjeong Pavilion Site, Gyeongju",pavilion,35.809182,129.212265,http://www.wikidata.org/entity/Q624306
Q624313,Palgongsan,Palgong Mountain,mountain,36.016944444,128.695277777,http://www.wikidata.org/entity/Q624313
Q624332,Busan Institute of Science and Technology,Busan College of Information Technology,college,35.19446,129.00415,http://www.wikidata.org/entity/Q624332
Q624367,City Air Logistics & Transportation,CALT,logistics company,37.5098,127.0596,http://www.wikidata.org/entity/Q624367
Q624367,City Air Logistics & Transportation,COEX City Airport,logistics company,37.5098,127.0596,http://www.wikidata.org/entity/Q624367
Q624374,Gwangju University,Gwangju Gyeongsang Jeonmun Daehak,university,35.10633333,126.89513889,http://www.wikidata.org/entity/Q624374
Q624409,Mapo Bridge,Mapo Grand Bridge,road bridge,37.53361111,126.93638889,http://www.wikidata.org/entity/Q624409
Q624409,Mapo Bridge,Seoul Bridge,road bridge,37.53361111,126.93638889,http://www.wikidata.org/entity/Q624409
Q484775,Gwangju National University of Education,Chonnam Public Teachers School,school,35.165,126.926,http://www.wikidata.org/entity/Q484775
Q484775,Gwangju National University of Education,Gwangju Normal School,school,35.165,126.926,http://www.wikidata.org/entity/Q484775
Q484775,Gwangju National University of Education,Kwangju National University of Education,school,35.165,126.926,http://www.wikidata.org/entity/Q484775
Q7521876,Hanseong Baekje station,Sinbangi Station,metro station,37.51667,127.11621,http://www.wikidata.org/entity/Q7521876
Q7562661,Sookmyung Girls' High School,Myeongsin Girls' School,girls' high school,37.4907289,127.0533366,http://www.wikidata.org/entity/Q7562661
Q7572004,Soyang River,Soyanggang,river,37.8976,127.7225,http://www.wikidata.org/entity/Q7572004
Q7606976,Stele of Bongseon Honggyeongsa,Stele of Bongseon Honggyeongsa Temple,stele,36.9430927,127.1346745,http://www.wikidata.org/entity/Q7606976
Q7628201,Studio Mir,"Studio Mir Co., Ltd.",animation studio,37.479118619,126.886078768,http://www.wikidata.org/entity/Q7628201
Q7641750,Sunwoo & Company,Sunwoo Animation,animation studio,37.483438626,126.896254491,http://www.wikidata.org/entity/Q7641750
Q7641750,Sunwoo & Company,Sunwoo Entertainment,animation studio,37.483438626,126.896254491,http://www.wikidata.org/entity/Q7641750
Q7641750,Sunwoo & Company,Sunwoo Production,animation studio,37.483438626,126.896254491,http://www.wikidata.org/entity/Q7641750
Q11495113,Gyeongnam Police Agency,Gyeongsangnam-do Provincial Police Agency,police,35.237402,128.69362,http://www.wikidata.org/entity/Q11495113
Q11495120,Gyeongsangnam-do Fire Department,Gyeongnam Fire Department,fire department,35.236588888,128.690438888,http://www.wikidata.org/entity/Q11495120
Q484900,Gwangju Institute of Science and Technology,GIST,research university,35.22652778,126.84,http://www.wikidata.org/entity/Q484900
Q484900,Gwangju Institute of Science and Technology,Kwangju Institute of Science and Technology,research university,35.22652778,126.84,http://www.wikidata.org/entity/Q484900
Q485029,Hansando,Hansan Island,island,34.7818,128.485,http://www.wikidata.org/entity/Q485029
Q485029,Hansando,Hansan-do,island,34.7818,128.485,http://www.wikidata.org/entity/Q485029
Q485034,Gwanghwamun,Bright Light Gate,gate,37.57604444,126.97701944,http://www.wikidata.org/entity/Q485034
Q485034,Gwanghwamun,Kwanghwamun,gate,37.57604444,126.97701944,http://www.wikidata.org/entity/Q485034
Q485034,Gwanghwamun,The Arch of Enlightenment,gate,37.57604444,126.97701944,http://www.wikidata.org/entity/Q485034
Q483039,Battle of Inchon,Operation Chromite,battle,37.476111111,126.602777777,http://www.wikidata.org/entity/Q483039
Q483039,Battle of Inchon,Battle of Incheon,battle,37.476111111,126.602777777,http://www.wikidata.org/entity/Q483039
Q483039,Battle of Inchon,Inchon Landing,battle,37.476111111,126.602777777,http://www.wikidata.org/entity/Q483039
Q485040,Tsushima Basin,Ulleung Basin,oceanic basin,36.5802,131.649,http://www.wikidata.org/entity/Q485040
Q485061,Pohang Steel Yard,Pohang Football Stadium,association football venue,35.997745,129.384412,http://www.wikidata.org/entity/Q485061
Q485073,LetsRun Park Seoul,Seoul Race Park,horse racing venue,37.446925,127.015471,http://www.wikidata.org/entity/Q485073
Q4841275,Baengnyeonsa,Baengnyeon Temple,Buddhist temple,35.86,127.766,http://www.wikidata.org/entity/Q4841275
Q483656,Wonkwang University,WKU,private university,35.969389,126.957333,http://www.wikidata.org/entity/Q483656
Q5521134,Gangjin-eup,Gangjin,eup of South Korea,34.624444444,126.765277777,http://www.wikidata.org/entity/Q5521134
Q5521134,Gangjin-eup,Kangjin,eup of South Korea,34.624444444,126.765277777,http://www.wikidata.org/entity/Q5521134
Q5521161,Gangneung Indoor Ice Rink,Gangneung Curling Centre,stadium,37.7737639,128.892519,http://www.wikidata.org/entity/Q5521161
Q5521164,Gangneung Stadium,Gangneung High1 Arena,sports venue,37.773561,128.897503,http://www.wikidata.org/entity/Q5521164
Q5521285,Gangwon State University,Gangwon Provincial College,public university,37.877119444,128.829294444,http://www.wikidata.org/entity/Q5521285
Q5526956,Gatbawi,"Stone Seated Medicine Buddha at Gwan Peak, Mt. Palgong in Gyeongsan",statue,35.981537,128.73644,http://www.wikidata.org/entity/Q5526956
Q5526958,Gatbawi,Mokpo Gatbawi,group of rocks,34.79193,126.425714,http://www.wikidata.org/entity/Q5526958
Q5535287,Geoje POW Camp,Geoje Island prisoner of war camp,prisoner-of-war camp,34.8758202,128.6242828,http://www.wikidata.org/entity/Q5535287
Q5535287,Geoje POW Camp,Historic Park of Geoje POW Camp,prisoner-of-war camp,34.8758202,128.6242828,http://www.wikidata.org/entity/Q5535287
Q5587391,Gospel Hospital,KUGH,hospital,35.080592,129.015898,http://www.wikidata.org/entity/Q5587391
Q5587391,Gospel Hospital,Kosin University Gospel Hospital,hospital,35.080592,129.015898,http://www.wikidata.org/entity/Q5587391
Q483204,Jirisan,Chirisan,mountain,35.336944444,127.730555555,http://www.wikidata.org/entity/Q483204
Q483204,Jirisan,Mt. Jiri,mountain,35.336944444,127.730555555,http://www.wikidata.org/entity/Q483204
Q5472744,Fortress site of Gyeongsang Jwasuyeong,Gyeongsangjwa Suyeongseong Fortress,fortress,35.170833333,129.113888888,http://www.wikidata.org/entity/Q5472744
Q5516183,Gachang,Gachang-myeon,myeon,35.80229,128.62372,http://www.wikidata.org/entity/Q5516183
Q5516733,Gaeun,Kaun,eup of South Korea,36.65,128.06666667,http://www.wikidata.org/entity/Q5516733
Q5516733,Gaeun,Gaeun-eup,eup of South Korea,36.65,128.06666667,http://www.wikidata.org/entity/Q5516733
Q5516945,Gahoe Museum,Gahoe Museum {{Infobox Korean name|child=yes |hangul = 가회박물관 |hanja = {{linktext|嘉|會|博物館}}| |rr = Gahoe Bakmulgwan |mr = Kahoe Pakmulk'wan }},museum,37.5822,126.9856,http://www.wikidata.org/entity/Q5516945
Q5519553,Gamaksan,Kamak Mountain,mountain,37.94166667,126.96888889,http://www.wikidata.org/entity/Q5519553
Q5520399,Gamsansa,Gamsansa Temple Site,Korean Buddhist temple,35.7665,129.337,http://www.wikidata.org/entity/Q5520399
Q5521127,Ganghwa Maehwamarum Habitat,Ganghwa Maehwamareum Habitat,wetland,37.616666666,126.516666666,http://www.wikidata.org/entity/Q5521127
Q483223,Gimhae International Airport,PUS,aerodrome,35.180555555,128.938055555,http://www.wikidata.org/entity/Q483223
Q483223,Gimhae International Airport,RKPK,aerodrome,35.180555555,128.938055555,http://www.wikidata.org/entity/Q483223
Q485651,Jindo,Chin-do,island,34.4575,126.253333333,http://www.wikidata.org/entity/Q485651
Q485651,Jindo,Jin-do,island,34.4575,126.253333333,http://www.wikidata.org/entity/Q485651
Q484894,Daecheongdo,Techong Do,island,37.82028,124.7025,http://www.wikidata.org/entity/Q484894
Q484896,Wolseong Nuclear Power Plant,Wolseong Nuclear Power Complex,nuclear power plant,35.71111111,129.475,http://www.wikidata.org/entity/Q484896
Q484896,Wolseong Nuclear Power Plant,Wolsong Nuclear Power Complex,nuclear power plant,35.71111111,129.475,http://www.wikidata.org/entity/Q484896
Q484896,Wolseong Nuclear Power Plant,Wolsong Nuclear Power Plant,nuclear power plant,35.71111111,129.475,http://www.wikidata.org/entity/Q484896
Q11252889,Suwon Air Base,Suwon Airport,airbase,37.235555555,127.009444444,http://www.wikidata.org/entity/Q11252889
Q11259935,Yeoui-dong,Yeouido-dong,dong of South Korea,37.52468,126.92678,http://www.wikidata.org/entity/Q11259935
Q11261050,Oryukdo,Oryuk-to,island,35.09194,129.12694,http://www.wikidata.org/entity/Q11261050
Q11267359,Incheon Jayu Park,Incheon Freedom Park,park,37.475833333,126.621388888,http://www.wikidata.org/entity/Q11267359
Q11267359,Incheon Jayu Park,Jayu Park,park,37.475833333,126.621388888,http://www.wikidata.org/entity/Q11267359
Q484090,Korea National University of Education,KNUE,national university,36.608983,127.36064,http://www.wikidata.org/entity/Q484090
Q484090,Korea National University of Education,Hanguk Kyowon Daehakgyo,national university,36.608983,127.36064,http://www.wikidata.org/entity/Q484090
Q484108,Ulsan National Institute of Science and Technology,UNIST,university,35.573,129.19,http://www.wikidata.org/entity/Q484108
Q484112,Dadohaehaesang National Park,Dadohae Marine National Park,national park,34.191,126.7,http://www.wikidata.org/entity/Q484112
Q484154,Gongju National University of Education,GJUE,national university,36.444,127.119,http://www.wikidata.org/entity/Q484154
Q484154,Gongju National University of Education,GNUE,national university,36.444,127.119,http://www.wikidata.org/entity/Q484154
Q484230,Seoul Women's University,Seoul yeoja daehakgyo,private university,37.592,127.022,http://www.wikidata.org/entity/Q484230
Q484230,Seoul Women's University,Sŏul Yŏja Taehak,private university,37.592,127.022,http://www.wikidata.org/entity/Q484230
Q6296418,President of South Korea,POTROK,public office,37.533528,126.977694,http://www.wikidata.org/entity/Q6296418
Q6296418,President of South Korea,President of the Republic of Korea,public office,37.533528,126.977694,http://www.wikidata.org/entity/Q6296418
Q6296418,President of South Korea,South Korean president,public office,37.533528,126.977694,http://www.wikidata.org/entity/Q6296418
Q50398,Sasang District,Sasang-gu,district of South Korea  (autonomous),35.15111111,128.99,http://www.wikidata.org/entity/Q50398
Q50400,Saha District,Saha-gu,district of South Korea  (autonomous),35.10166667,128.97222222,http://www.wikidata.org/entity/Q50400
Q50401,Sangdang-gu,Sangdang district,district of South Korea (non-autonomous),36.651027,127.48658,http://www.wikidata.org/entity/Q50401
Q485254,Nam River,Namgang,river,35.3919,128.4356,http://www.wikidata.org/entity/Q485254
Q485315,Baengnyeongdo,Pengyong To,island,37.966666666,124.65,http://www.wikidata.org/entity/Q485315
Q485327,Sannae-myeon,"Sannae-myeon, Gyeongju",myeon,35.758,129.047,http://www.wikidata.org/entity/Q485327
Q1704837,Cathedral of Saint John,St. John's Cathedral,cathedral,37.369166666,127.148055555,http://www.wikidata.org/entity/Q1704837
Q2647659,Yongsan-dong,Yongsan-tong,dong of South Korea,37.53753,126.98279,http://www.wikidata.org/entity/Q2647659
Q12583939,Gyeonghoeru,Gyeonghoeru Pavilion of Gyeongbokgung Palace,building,37.57975,126.975888888,http://www.wikidata.org/entity/Q12583939
Q12583981,Keimyung College University,Commandments Culture University,educational institution,35.859755,128.490842,http://www.wikidata.org/entity/Q12583981
Q12583981,Keimyung College University,Keimyung Culture University,educational institution,35.859755,128.490842,http://www.wikidata.org/entity/Q12583981
Q12583999,Gyeseong Girls' High School,Gyeseong Girls' Commercial High School,high school,35.183186,129.067477,http://www.wikidata.org/entity/Q12583999
Q12584162,Cyber University of Korea,CUK,university,37.586917,126.987028,http://www.wikidata.org/entity/Q12584162
Q12584195,Samgungnyusa-myeon,Goro-myeon,myeon,36.14837,128.81951,http://www.wikidata.org/entity/Q12584195
Q12584206,Komyung Food Service High School,Komyung Management High School,high school in South Korea,37.597462,127.019946,http://www.wikidata.org/entity/Q12584206
Q12584239,Gobuk-myeon,Gobukmyeon,myeon,36.66881,126.51725,http://www.wikidata.org/entity/Q12584239
Q12584322,Goa,Koa,eup of South Korea,36.21062,128.32787,http://www.wikidata.org/entity/Q12584322
Q12584322,Goa,Goa-eup,eup of South Korea,36.21062,128.32787,http://www.wikidata.org/entity/Q12584322
Q12584325,Goyang Global High School,GGHS,high school in South Korea,37.6842434,126.8085202,http://www.wikidata.org/entity/Q12584325
Q5152193,Jinhae Naval Base,Chinhae Naval Base,naval base,35.148091,128.633766,http://www.wikidata.org/entity/Q5152193
Q5170223,Coreana Cosmetic Museum,Coreana Art & Culture Complex,art museum,37.524048,127.032799,http://www.wikidata.org/entity/Q5170223
Q5170223,Coreana Cosmetic Museum,Coreana Museum of Art,art museum,37.524048,127.032799,http://www.wikidata.org/entity/Q5170223
Q5203240,D-Cube City,D-CUBE CITY,building,37.5097,126.89,http://www.wikidata.org/entity/Q5203240
Q5208178,Daeduk University,DDU,junior college,36.390833,127.365336,http://www.wikidata.org/entity/Q5208178
Q5208178,Daeduk University,Chungnam Business College,junior college,36.390833,127.365336,http://www.wikidata.org/entity/Q5208178
Q5208178,Daeduk University,Daeduk College,junior college,36.390833,127.365336,http://www.wikidata.org/entity/Q5208178
Q5208188,Daegu Future College,DFC,college,35.814203,128.765012,http://www.wikidata.org/entity/Q5208188
Q5208188,Daegu Future College,Daegu Mirae College,college,35.814203,128.765012,http://www.wikidata.org/entity/Q5208188
Q5208188,Daegu Future College,Daegu Mirae Daehak,college,35.814203,128.765012,http://www.wikidata.org/entity/Q5208188
Q5208188,Daegu Future College,Taegu Mirae Taehak,college,35.814203,128.765012,http://www.wikidata.org/entity/Q5208188
Q5208191,Daegu Health College,Daegu Bogeon Daehak,private university,35.9274,128.544,http://www.wikidata.org/entity/Q5208191
Q5208191,Daegu Health College,Daegu Health Professional Institute,private university,35.9274,128.544,http://www.wikidata.org/entity/Q5208191
Q5208191,Daegu Health College,Daegu Technical School of Health,private university,35.9274,128.544,http://www.wikidata.org/entity/Q5208191
Q5208191,Daegu Health College,Taegu Pogŏn Taehak,private university,35.9274,128.544,http://www.wikidata.org/entity/Q5208191
Q5208202,Daegu University of Foreign Studies,DUFS,private university,35.78472222,128.72702778,http://www.wikidata.org/entity/Q5208202
Q5208208,Daegwallyeong,Talkanzan,mountain pass,37.6875,128.760555555,http://www.wikidata.org/entity/Q5208208
Q2648244,Chang-dong,Changdong,dong of South Korea,37.648,127.044,http://www.wikidata.org/entity/Q2648244
Q2681364,Muak-dong,Muak dong,dong of South Korea,37.57492,126.95802,http://www.wikidata.org/entity/Q2681364
Q5208223,Hanbat Sports Complex,Daejeon Hanbat Sports Complex,sports venue,36.316139,127.431556,http://www.wikidata.org/entity/Q5208223
Q5208224,Daejeon Health Institute of Technology,HIT,private university,36.35,127.455,http://www.wikidata.org/entity/Q5208224
Q5208224,Daejeon Health Institute of Technology,Daejeon Health Sciences College,private university,36.35,127.455,http://www.wikidata.org/entity/Q5208224
Q5208241,Daelim University College,Daelim College,private university,37.40416667,126.93055556,http://www.wikidata.org/entity/Q5208241
Q7650616,Suwon Gymnasium,Suwon Indoor Stadium,sports venue,37.2984,127.009,http://www.wikidata.org/entity/Q7650616
Q5091647,Cheongju Sports Complex,Cheongju Stadium,stadium,36.637851,127.472375,http://www.wikidata.org/entity/Q5091647
Q5095160,Chiaksan,Jeokaksan,mountain,37.365,128.055277777,http://www.wikidata.org/entity/Q5095160
Q5102609,Chiwoo Craft Museum,The Chiwoo Craft Museum,art museum,37.45777,127.01232,http://www.wikidata.org/entity/Q5102609
Q5103857,Chohong Museum of Finance,Chohung Financial Museum,museum,37.56858,126.97642,http://www.wikidata.org/entity/Q5103857
Q5103857,Chohong Museum of Finance,Korea Museum of Finance,museum,37.56858,126.97642,http://www.wikidata.org/entity/Q5103857
Q5103857,Chohong Museum of Finance,Shinhan Museum,museum,37.56858,126.97642,http://www.wikidata.org/entity/Q5103857
Q5104180,Chojun Textile & Quilt Art Museum,Chojun Textile & Quilt Art Museum {{Infobox Korean name|child = yes  |hangul        = 초전섬유퀼트박물관  |hanja         =  |rr            = Chojeon seomyu kwilteu bangmulgwan  |mr            = Ch'ojŏn sŏmyu k‘wil’tŭ pangmulgwan }},art museum,37.558119444,126.984219444,http://www.wikidata.org/entity/Q5104180
Q5116276,Chung Cheong University,Chung Cheong Business and Industry College,university,36.61986,127.36839,http://www.wikidata.org/entity/Q5116276
Q5116354,Chung Young Yang Embroidery Museum,Sookmyung Women's University Chung Young Yang Embroidery Museum,university museum,37.5446761,126.9640826,http://www.wikidata.org/entity/Q5116354
Q5116379,Chungju Public Stadium,Chungju Stadium,stadium,36.980383,127.936387,http://www.wikidata.org/entity/Q5116379
Q5116393,Chungnyungsan,Chungnyeongsan,mountain,37.751666666,127.3325,http://www.wikidata.org/entity/Q5116393
Q5121153,Ciné de Chef,Cine de Chef,fixed construction,37.524315488,127.029334035,http://www.wikidata.org/entity/Q5121153
Q5133595,climate of Seoul,Seoul climate,climate of geographic location,37.56888889,126.97666667,http://www.wikidata.org/entity/Q5133595
Q11315108,Seoul Dongjak Police Station,Dongjak Police Station,police station,37.5129925,126.942801,http://www.wikidata.org/entity/Q11315108
Q11315109,Seoul Yangcheon Police Station,Yangcheon Police Station,police station,37.516552,126.865546,http://www.wikidata.org/entity/Q11315109
Q11352630,Ilsan Dongbu Police Station,Dongbu Police Station,police station,37.664913,126.769602,http://www.wikidata.org/entity/Q11352630
Q11352630,Ilsan Dongbu Police Station,Eastern Ilsan Police Station,police station,37.664913,126.769602,http://www.wikidata.org/entity/Q11352630
Q12585152,Gwangju Women's University,KWU,private university,35.163694,126.7975,http://www.wikidata.org/entity/Q12585152
Q12585152,Gwangju Women's University,Kwangju Women's University,private university,35.163694,126.7975,http://www.wikidata.org/entity/Q12585152
Q12585165,Gwangju Automatic Equipment Technical Meister High School,Gwangju Automatic Equipment Technical High School,high school in South Korea,35.149533,126.813405,http://www.wikidata.org/entity/Q12585165
Q12585166,Gwangju Natural Science High School,KNSHS,high school in South Korea,35.190047,126.917772,http://www.wikidata.org/entity/Q12585166
Q12585198,Gwangcheon,Gwangcheon-eup,eup of South Korea,36.50248,126.63895,http://www.wikidata.org/entity/Q12585198
Q12585198,Gwangcheon,Kwangchon,eup of South Korea,36.50248,126.63895,http://www.wikidata.org/entity/Q12585198
Q12585323,Daejeon Prison Watchtower,Former Daejeon Prison Watchtower,cultural heritage,36.336666666,127.410555555,http://www.wikidata.org/entity/Q12585323
Q12585329,Industrial Bank of Korea Daejeon Branch,Former Industrial Bank of Korea Daejeon Branch,cultural heritage,36.3303719,127.4286635,http://www.wikidata.org/entity/Q12585329
Q12585330,Yongsan Water Level Observatory,Former Yongsan Water Level Observatory,cultural heritage,37.533888888,126.9475,http://www.wikidata.org/entity/Q12585330
Q12585334,Former Incheon Government Office Building,Former Incheon Prefecture building,historic site,37.473611111,126.621388888,http://www.wikidata.org/entity/Q12585334
Q12585395,Guryongpo,Guryongpo-eup,eup of South Korea,35.98317,129.53569,http://www.wikidata.org/entity/Q12585395
Q12585395,Guryongpo,Kuryongpo,eup of South Korea,35.98317,129.53569,http://www.wikidata.org/entity/Q12585395
Q484333,Gwandong,Kwandong,region,37.5,128.25,http://www.wikidata.org/entity/Q484333
Q484407,Myeong-dong,Myeongdong,dong of South Korea,37.5637,126.984,http://www.wikidata.org/entity/Q484407
Q484428,Dora Observatory,Dora OP,observatory,37.90916667,126.70583333,http://www.wikidata.org/entity/Q484428
Q484448,Namsan,Mokmyeoksan,mountain,37.54968111,126.99191083,http://www.wikidata.org/entity/Q484448
Q484448,Namsan,Seoul Namsan,mountain,37.54968111,126.99191083,http://www.wikidata.org/entity/Q484448
Q4780049,Apo,Apo-eup,eup of South Korea,36.16252,128.25209,http://www.wikidata.org/entity/Q4780049
Q486694,Olympic Park,Olympic Gongwon,park,37.520277777,127.1225,http://www.wikidata.org/entity/Q486694
Q486694,Olympic Park,Seoul Olympic Park,park,37.520277777,127.1225,http://www.wikidata.org/entity/Q486694
Q5952091,Hwawangsan,Hwawang,mountain,35.54777778,128.53277778,http://www.wikidata.org/entity/Q5952091
Q5957035,Hyochang Park,Hyochang Gongwon,park,37.54538889,126.96036111,http://www.wikidata.org/entity/Q5957035
Q5957035,Hyochang Park,Hyochang Kongwon,park,37.54538889,126.96036111,http://www.wikidata.org/entity/Q5957035
Q5957035,Hyochang Park,Hyochanggongwon,park,37.54538889,126.96036111,http://www.wikidata.org/entity/Q5957035
Q5957035,Hyochang Park,Hyochangwon,park,37.54538889,126.96036111,http://www.wikidata.org/entity/Q5957035
Q5961370,Haeundae LCT The Sharp,Haeundae LCT,skyscraper,35.160425,129.168885,http://www.wikidata.org/entity/Q5961370
Q5986070,Icheon Sports Complex,Icheon Stadium,stadium,37.285788,127.496645,http://www.wikidata.org/entity/Q5986070
Q625874,Jingbirok,Book of Corrections,cultural heritage,36.7020756,128.808382,http://www.wikidata.org/entity/Q625874
Q625874,Jingbirok,Chingbirok,cultural heritage,36.7020756,128.808382,http://www.wikidata.org/entity/Q625874
Q625874,Jingbirok,Chingpirok,cultural heritage,36.7020756,128.808382,http://www.wikidata.org/entity/Q625874
Q625874,Jingbirok,The Book of Corrections,cultural heritage,36.7020756,128.808382,http://www.wikidata.org/entity/Q625874
Q625881,Ulsan Castle,Hakseong Park,Japanese castle in Korea,35.554944444,129.338861111,http://www.wikidata.org/entity/Q625881
Q4307051,Kaya University,Gaya University,private university,35.269806,128.872556,http://www.wikidata.org/entity/Q4307051
Q4403620,Three International Finance Center,3IFC Seoul,skyscraper,37.525219,126.926025,http://www.wikidata.org/entity/Q4403620
Q4403620,Three International Finance Center,Three International Finance Centre,skyscraper,37.525219,126.926025,http://www.wikidata.org/entity/Q4403620
Q4518468,Cheonbokgung,Family Federation for World Peace and Unification Cheonbokgung Church,temple,37.524465,126.969362,http://www.wikidata.org/entity/Q4518468
Q4641942,63 Seaworld,Aquarium 63 Seaworld,public aquarium,37.5198,126.94,http://www.wikidata.org/entity/Q4641942
Q4743291,Yeongdeok-dong,Yeongdeok,dong of South Korea,37.26248,127.0866,http://www.wikidata.org/entity/Q4743291
Q4754533,Andong Science College,ASC,private university,36.58996,128.6546,http://www.wikidata.org/entity/Q4754533
Q4770503,Ansan Wa Stadium,Ansan Wa~ Stadium,multi-purpose sports venue,37.319314,126.818766,http://www.wikidata.org/entity/Q4770503
Q50403,Seo District,Seo-gu,district of South Korea  (autonomous),35.15,126.89166667,http://www.wikidata.org/entity/Q50403
Q50403,Seo District,"Seo-gu, Gwangju",district of South Korea  (autonomous),35.15,126.89166667,http://www.wikidata.org/entity/Q50403
Q3088884,North Korea–South Korea border,border between North Korea and South Korea,demilitarized zone,38.204722222,123.5475,http://www.wikidata.org/entity/Q3088884
Q3088884,North Korea–South Korea border,border between South Korea and North Korea,demilitarized zone,38.204722222,123.5475,http://www.wikidata.org/entity/Q3088884
Q3088884,North Korea–South Korea border,North Korea-South Korea border,demilitarized zone,38.204722222,123.5475,http://www.wikidata.org/entity/Q3088884
Q3088884,North Korea–South Korea border,South Korea-North Korea border,demilitarized zone,38.204722222,123.5475,http://www.wikidata.org/entity/Q3088884
Q3088884,North Korea–South Korea border,South Korea–North Korea border,demilitarized zone,38.204722222,123.5475,http://www.wikidata.org/entity/Q3088884
Q12583156,Yeoju Ganghansa,Yeoju Ganghansa Temple,historic site,37.299166666,127.632777777,http://www.wikidata.org/entity/Q12583156
Q484722,Pohang Gyeongju Airport,Pohang Aero Airport,airport,35.987777777,129.420277777,http://www.wikidata.org/entity/Q484722
Q484730,Ulsan Airport,USN,airport,35.593333333,129.351666666,http://www.wikidata.org/entity/Q484730
Q484730,Ulsan Airport,RKPU,airport,35.593333333,129.351666666,http://www.wikidata.org/entity/Q484730
Q5623299,Gwanghuimun,Namsomun,city gate,37.564375,127.010075,http://www.wikidata.org/entity/Q5623299
Q5623299,Gwanghuimun,Gwangheemun,city gate,37.564375,127.010075,http://www.wikidata.org/entity/Q5623299
Q5623299,Gwanghuimun,South Small Gate,city gate,37.564375,127.010075,http://www.wikidata.org/entity/Q5623299
Q5623299,Gwanghuimun,Southeast Gate,city gate,37.564375,127.010075,http://www.wikidata.org/entity/Q5623299
Q5623299,Gwanghuimun,Sugumun,city gate,37.564375,127.010075,http://www.wikidata.org/entity/Q5623299
Q5623299,Gwanghuimun,Water Channel Gate,city gate,37.564375,127.010075,http://www.wikidata.org/entity/Q5623299
Q2157711,Daepo Jusangjeolli Cliff,Daepo Columnar Joints,natural monument,33.23669444,126.42533333,http://www.wikidata.org/entity/Q2157711
Q2157711,Daepo Jusangjeolli Cliff,Jeju Jungmun·Daepo Coast Columnar Joints,natural monument,33.23669444,126.42533333,http://www.wikidata.org/entity/Q2157711
Q2157711,Daepo Jusangjeolli Cliff,Jusangjeollidae,natural monument,33.23669444,126.42533333,http://www.wikidata.org/entity/Q2157711
Q2187707,Busan Harbor Bridge,Bukhang bridge,cable-stayed bridge,35.105555555,129.065,http://www.wikidata.org/entity/Q2187707
Q2187707,Busan Harbor Bridge,Busanhang Bridge),cable-stayed bridge,35.105555555,129.065,http://www.wikidata.org/entity/Q2187707
Q2187707,Busan Harbor Bridge,Busanhangdaegyo,cable-stayed bridge,35.105555555,129.065,http://www.wikidata.org/entity/Q2187707
Q2472610,83 Tower,Woobang Tower,television tower,35.85338889,128.56644444,http://www.wikidata.org/entity/Q2472610
Q2494268,Haedong Yonggungsa,Haedong Yonggung temple,Korean Buddhist temple,35.188333333,129.223333333,http://www.wikidata.org/entity/Q2494268
Q2494268,Haedong Yonggungsa,Haedong Yonggungsa Temple,Korean Buddhist temple,35.188333333,129.223333333,http://www.wikidata.org/entity/Q2494268
Q5382160,Busan Gijang Police Station,Gijang Police Station,police station,35.2560917,129.224925,http://www.wikidata.org/entity/Q5382160
Q5408614,Gimhae Jungbu Police Station,Jungbu Police Station,police station,35.226702777,128.879188888,http://www.wikidata.org/entity/Q5408614
Q5408614,Gimhae Jungbu Police Station,Central Gimhae Police Station,police station,35.226702777,128.879188888,http://www.wikidata.org/entity/Q5408614
Q5408843,Gimhae Seobu Police Station,Seobu Police Station,police station,35.189985,128.797125,http://www.wikidata.org/entity/Q5408843
Q5408843,Gimhae Seobu Police Station,Western Gimhae Police Station,police station,35.189985,128.797125,http://www.wikidata.org/entity/Q5408843
Q5420902,Incheon Yeonsu Police Station,Yeonsu Police Station,police station,37.456256,126.705206,http://www.wikidata.org/entity/Q5420902
Q5259972,Deoksusan,Toksu-san,mountain,37.49,128.354444444,http://www.wikidata.org/entity/Q5259972
Q5287823,Dodeuramsan,Jeomyong-san,mountain,37.26696,127.39231,http://www.wikidata.org/entity/Q5287823
Q5295691,Dong-Ah Institute of Media and Arts,Dong-A Broadcasting Arts University,academic institution,37.0586,127.358,http://www.wikidata.org/entity/Q5295691
Q5295691,Dong-Ah Institute of Media and Arts,Dong-Ah Broadcasting College,academic institution,37.0586,127.358,http://www.wikidata.org/entity/Q5295691
Q5295691,Dong-Ah Institute of Media and Arts,Dong-Ah Institute of Media,academic institution,37.0586,127.358,http://www.wikidata.org/entity/Q5295691
Q5295691,Dong-Ah Institute of Media and Arts,Donga Broadcasting University of Arts,academic institution,37.0586,127.358,http://www.wikidata.org/entity/Q5295691
Q2819232,AKOM,KO,business,37.482312961,127.126300245,http://www.wikidata.org/entity/Q2819232
Q2945878,Sahmyook Medical Center,Seoul Adventist Hospital,hospital,37.588056,127.065556,http://www.wikidata.org/entity/Q2945878
Q2945878,Sahmyook Medical Center,Sahmyook Seoul Hospital,hospital,37.588056,127.065556,http://www.wikidata.org/entity/Q2945878
Q2949550,South Pyeongan,"South Pyeongan Province, Republic of Korea",province of South Korea,39.031859,125.753765,http://www.wikidata.org/entity/Q2949550
Q3009606,West Nakdong River,Rakdong,river,35.2,128.906,http://www.wikidata.org/entity/Q3009606
Q3009606,West Nakdong River,Sŏnaktong-gang,river,35.2,128.906,http://www.wikidata.org/entity/Q3009606
Q3011805,Daesan,Taesan,eup of South Korea,36.938642,126.435034,http://www.wikidata.org/entity/Q3011805
Q3011805,Daesan,Daesan-eup,eup of South Korea,36.938642,126.435034,http://www.wikidata.org/entity/Q3011805
Q12586829,Gilsangsa,Gilsangsa Temple (Seoul),Buddhist temple,37.59913,126.99427,http://www.wikidata.org/entity/Q12586829
Q5295824,Dongbaekdongsan Wetland,Jeju Dongbaekdongsan Wetland,wetland,33.5,126.716666666,http://www.wikidata.org/entity/Q5295824
Q5296014,Dongsam-dong Shell Midden,Dongsam-dong Shell Midden or Shell Mound,archaeological site,35.071198,129.079678,http://www.wikidata.org/entity/Q5296014
Q5297278,Doowon University of Technology,Doowon Technical Junior College,private university,37.0654,127.42222,http://www.wikidata.org/entity/Q5297278
Q5297278,Doowon University of Technology,Duwon Gonggwa Daehak,private university,37.0654,127.42222,http://www.wikidata.org/entity/Q5297278
Q5316832,Duryu Park,Duryugongwon,park,36.847136,128.557787,http://www.wikidata.org/entity/Q5316832
Q5316832,Duryu Park,Duryu Gongwon,park,36.847136,128.557787,http://www.wikidata.org/entity/Q5316832
Q5316832,Duryu Park,Duryu Kongwon,park,36.847136,128.557787,http://www.wikidata.org/entity/Q5316832
Q5322590,EBS International Documentary Festival,EIDF,film festival,37.566666666,126.983333333,http://www.wikidata.org/entity/Q5322590
Q11439401,Daegu Bukbu Police Station,Bukbu Police Station,police station,35.886164,128.582971,http://www.wikidata.org/entity/Q11439401
Q11439401,Daegu Bukbu Police Station,Northern Daegu Police Station,police station,35.886164,128.582971,http://www.wikidata.org/entity/Q11439401
Q11439403,Daegu Seongseo Police Station,Seongseo Police Station,police station,35.853093,128.508794,http://www.wikidata.org/entity/Q11439403
Q11439409,Daegu Fire and Safety Department,Daegu Fire Department,fire department,35.877994444,128.592322222,http://www.wikidata.org/entity/Q11439409
Q11439414,Daegu Dalseong Police Station,Dalseong Police Station,police station,35.691226,128.447375,http://www.wikidata.org/entity/Q11439414
Q11439415,Daegu Dalseo Police Station,Dalseo Police Station,police station,35.830518,128.533574,http://www.wikidata.org/entity/Q11439415
Q11442525,Cheonan Seobuk Police Station,North-West Cheonan Police Station,police station,36.8577608,127.1368927,http://www.wikidata.org/entity/Q11442525
Q11442525,Cheonan Seobuk Police Station,Seobuk Police Station,police station,36.8577608,127.1368927,http://www.wikidata.org/entity/Q11442525
Q11456958,Bucheon Ojeong Police Station,Ojeong Police Station,police station,37.514649,126.800426,http://www.wikidata.org/entity/Q11456958
Q11456960,Bucheon Sosa Police Station,Sosa Police Station,police station,37.480452,126.772419,http://www.wikidata.org/entity/Q11456960
Q11456963,Bucheon Wonmi Police Station,Wonmi Police Station,police station,37.502297,126.777434,http://www.wikidata.org/entity/Q11456963
Q11370972,Gupo Waeseong,Gamgamposeong,Japanese castle in Korea,35.216666666,129.006944444,http://www.wikidata.org/entity/Q11370972
Q11374689,Gyeonggi-do Fire Department,Gyeonggi Fire Department,fire department,37.254613888,127.036669444,http://www.wikidata.org/entity/Q11374689
Q11374691,Gyeonggi Northern Fire Department,Gyeonggi Bukbu Fire Department,fire department,37.731608333,127.044455555,http://www.wikidata.org/entity/Q11374691
Q11376356,Incheon Michuhol Police Station,Incheon Nambu Police Station,police station,37.442675,126.653669,http://www.wikidata.org/entity/Q11376356
Q11376356,Incheon Michuhol Police Station,Nambu Police Station,police station,37.442675,126.653669,http://www.wikidata.org/entity/Q11376356
Q11376356,Incheon Michuhol Police Station,Southern Incheon Police Station,police station,37.442675,126.653669,http://www.wikidata.org/entity/Q11376356
Q11376358,Incheon Bupyeong Police Station,Bupyeong Police Station,police station,37.508055555,126.719166666,http://www.wikidata.org/entity/Q11376358
Q11376359,Incheon Gyeyang Police Station,Gyeyang Police Station,police station,37.537752,126.734716,http://www.wikidata.org/entity/Q11376359
Q11376361,Incheon Ganghwa Police Station,Ganghwa Police Station,police station,37.747768,126.48666,http://www.wikidata.org/entity/Q11376361
Q11376364,Incheon Seobu Police Station,Seobu Police Station,police station,37.544583,126.678251,http://www.wikidata.org/entity/Q11376364
Q11376364,Incheon Seobu Police Station,Western Incheon Police Station,police station,37.544583,126.678251,http://www.wikidata.org/entity/Q11376364
Q11388365,Gwangju Gwangsan Police Station,Gwangsan Police Station,police station,35.152722,126.782709,http://www.wikidata.org/entity/Q11388365
Q11388366,Gwangju Bukbu Police Station,Bukbu Police Station,police station,35.1866844,126.8990104,http://www.wikidata.org/entity/Q11388366
Q11388366,Gwangju Bukbu Police Station,Northern Gwangju Police Station,police station,35.1866844,126.8990104,http://www.wikidata.org/entity/Q11388366
Q11388368,Gwangju Nambu Police Station,Nambu Police Station,police station,35.1228325,126.920563,http://www.wikidata.org/entity/Q11388368
Q11388368,Gwangju Nambu Police Station,Southern Gwangju Police Station,police station,35.1228325,126.920563,http://www.wikidata.org/entity/Q11388368
Q11388369,Gwangju Dongbu Police Station,Dongbu Police Station,police station,35.149415,126.919975,http://www.wikidata.org/entity/Q11388369
Q11388369,Gwangju Dongbu Police Station,Eastern Gwangju Police Station,police station,35.149415,126.919975,http://www.wikidata.org/entity/Q11388369
Q11388370,Gwangju Fire and Safety Headquarters,Gwangju Fire Department,fire department,35.159611111,126.852352777,http://www.wikidata.org/entity/Q11388370
Q11388372,Gwangju Seobu Police Station,Seobu Police Station,police station,35.1508031,126.8421072,http://www.wikidata.org/entity/Q11388372
Q11388372,Gwangju Seobu Police Station,Western Gwangju Police Station,police station,35.1508031,126.8421072,http://www.wikidata.org/entity/Q11388372
Q11389127,Jeollabuk-do Fire Department,Jeonbuk Fire Department,fire department,35.820858333,127.109888888,http://www.wikidata.org/entity/Q11389127
Q11389129,Jeollanam-do Fire Department,Jeonnam Fire Department,fire department,34.817527777,126.462697222,http://www.wikidata.org/entity/Q11389129
Q11426024,Seongnam Jungwon Police Station,Jungwon Police Station,police station,37.442639,127.170381,http://www.wikidata.org/entity/Q11426024
Q11426036,Seongnam Sujeong Police Station,Sujeong Police Station,police station,37.44226,127.126675,http://www.wikidata.org/entity/Q11426036
Q11437828,Daejeon Jungbu Police Station,Jungbu Police Station,police station,36.3266891,127.4225925,http://www.wikidata.org/entity/Q11437828
Q11437828,Daejeon Jungbu Police Station,Central Daejeon Police Station,police station,36.3266891,127.4225925,http://www.wikidata.org/entity/Q11437828
Q11437915,Daejeon Daedeok Police Station,Daedeok Police Station,police station,36.4469141,127.4059272,http://www.wikidata.org/entity/Q11437915
Q11437917,Daejeon Dunsan Police Station,Dunsan Police Station,police station,36.358538,127.3802371,http://www.wikidata.org/entity/Q11437917
Q11437941,Daejeon Dongbu Police Station,Dongbu Police Station,police station,36.321666666,127.440555555,http://www.wikidata.org/entity/Q11437941
Q11437941,Daejeon Dongbu Police Station,Eastern Daejeon Police Station,police station,36.321666666,127.440555555,http://www.wikidata.org/entity/Q11437941
Q11437962,Daejeon Seobu Police Station,Seobu Police Station,police station,36.3087573,127.3729718,http://www.wikidata.org/entity/Q11437962
Q11437962,Daejeon Seobu Police Station,Western Daejeon Police Station,police station,36.3087573,127.3729718,http://www.wikidata.org/entity/Q11437962
Q483134,Korean Peninsula,Korea,peninsula,37.5,127.0,http://www.wikidata.org/entity/Q483134
Q12584516,Goheung,Goheung-eup,eup of South Korea,34.60362,127.26172,http://www.wikidata.org/entity/Q12584516
Q12584516,Goheung,Kohung,eup of South Korea,34.60362,127.26172,http://www.wikidata.org/entity/Q12584516
Q12584534,Gokseong,Gokseong-eup,eup of South Korea,35.27799,127.2688,http://www.wikidata.org/entity/Q12584534
Q12584534,Gokseong,Koksong,eup of South Korea,35.27799,127.2688,http://www.wikidata.org/entity/Q12584534
Q12584554,Gonjiam-eup,Gonjiam,eup of South Korea,37.36107,127.38151,http://www.wikidata.org/entity/Q12584554
Q12584573,Goryak-dong,"Hwanggeum-dong, Gwangyang",dong of South Korea,34.9086,127.63676,http://www.wikidata.org/entity/Q12584573
Q12584638,Gongdo,Gongdo-eup,eup of South Korea,36.99073,127.16891,http://www.wikidata.org/entity/Q12584638
Q12584638,Gongdo,Kongdo,eup of South Korea,36.99073,127.16891,http://www.wikidata.org/entity/Q12584638
Q12584649,Gongnyong Ridge in Seoraksan Mountain,Dinosaur Ridge,protected area,38.145493994,128.450401084,http://www.wikidata.org/entity/Q12584649
Q12585085,Gwangju Gwangsan Fire Station,Gwangsan Fire Station,fire station,35.186197222,126.796538888,http://www.wikidata.org/entity/Q12585085
Q12585089,Gwangju Dongbu Office of Education,Eastern Gwangju Office of Education,board of education,35.170748,126.904801,http://www.wikidata.org/entity/Q12585089
Q12585091,Gwangju Seobu Office of Education,Western Gwangju Office of Education,board of education,35.158486,126.853726,http://www.wikidata.org/entity/Q12585091
Q12585108,Gwangju Metropolitan Government,City Hall (Gwangju),regional local government in South Korea,35.159611,126.852353,http://www.wikidata.org/entity/Q12585108
Q12585108,Gwangju Metropolitan Government,Gwangju City Hall,regional local government in South Korea,35.159611,126.852353,http://www.wikidata.org/entity/Q12585108
Q12585116,Kwangju Christian Hospital,KCH,hospital,35.136745,126.912047,http://www.wikidata.org/entity/Q12585116
Q12585121,Gwangju Nambu Fire Station,Southern Gwangju Fire Station,fire station,35.110469444,126.878405555,http://www.wikidata.org/entity/Q12585121
Q12585125,Gwangju Dongbu Fire Station,Eastern Gwangju Fire Station,fire station,35.154572222,126.914697222,http://www.wikidata.org/entity/Q12585125
Q12585141,Gwangju Seobu Fire Station,Western Gwangju Fire Station,fire station,35.156433333,126.876430555,http://www.wikidata.org/entity/Q12585141
Q12584338,Ilsan Fire Station,Goyang Ilsan Fire Station,fire station,37.663026,126.769591,http://www.wikidata.org/entity/Q12584338
Q12584427,Gochang Seonunsa Camellia Forest,Camellia Forest in Samin ri Gochang,forest,35.497222222,126.577222222,http://www.wikidata.org/entity/Q12584427
Q12584429,"Pine tree at Dosolam, Seonunsa Temple, Asan-myeon, Gochang-gun, Jeollabuk-do",Gochang Seonunsa Dosalam Jangsa Pine,natural monument,35.4811781,126.5639745,http://www.wikidata.org/entity/Q12584429
Q12584429,"Pine tree at Dosolam, Seonunsa Temple, Asan-myeon, Gochang-gun, Jeollabuk-do",Jangsa pine,natural monument,35.4811781,126.5639745,http://www.wikidata.org/entity/Q12584429
Q12584429,"Pine tree at Dosolam, Seonunsa Temple, Asan-myeon, Gochang-gun, Jeollabuk-do",Jangsasong Pine Tree at Dosoram Hermitage of Seonunsa Temple,natural monument,35.4811781,126.5639745,http://www.wikidata.org/entity/Q12584429
Q12584429,"Pine tree at Dosolam, Seonunsa Temple, Asan-myeon, Gochang-gun, Jeollabuk-do",Jinheung Pine,natural monument,35.4811781,126.5639745,http://www.wikidata.org/entity/Q12584429
Q12584447,Gochang-eup,Gochang,eup of South Korea,35.42899,126.70349,http://www.wikidata.org/entity/Q12584447
Q12584447,Gochang-eup,Kochang,eup of South Korea,35.42899,126.70349,http://www.wikidata.org/entity/Q12584447
Q12584481,Gohan,Kohan,eup of South Korea,37.18855,128.8672,http://www.wikidata.org/entity/Q12584481
Q12584481,Gohan,Gohan-eup,eup of South Korea,37.18855,128.8672,http://www.wikidata.org/entity/Q12584481
Q12584491,Geoje Gohyeonseong,Geoje Hyunseong Ko,fortress,34.880555555,128.619444444,http://www.wikidata.org/entity/Q12584491
Q6875957,1999 incheon Beer Hope Fire,incheon Inhyeon-dong Beer Hope Fire,conflagration,37.474742,126.629811,http://www.wikidata.org/entity/Q6875957
Q6934028,Mulyeongari-Oreum,Mulyeongari-oreum,marsh,33.366666666,126.683333333,http://www.wikidata.org/entity/Q6934028
Q6940911,Buddhism Central Museum,Museum of Korean Art,museum,37.57441,126.98212,http://www.wikidata.org/entity/Q6940911
Q6940911,Buddhism Central Museum,Museum of Korean Buddhist Art,museum,37.57441,126.98212,http://www.wikidata.org/entity/Q6940911
Q6961695,Namhae Japanese Castle,Namhae Castle,Japanese castle in Korea,34.848638888,127.911277777,http://www.wikidata.org/entity/Q6961695
Q6961695,Namhae Japanese Castle,Seonso Castle,Japanese castle in Korea,34.848638888,127.911277777,http://www.wikidata.org/entity/Q6961695
Q12591150,Daekyeong Life Science High School,Daekyeong Commercial High School,private school,37.556701,127.017465,http://www.wikidata.org/entity/Q12591150
Q12591150,Daekyeong Life Science High School,DKCHS,private school,37.556701,127.017465,http://www.wikidata.org/entity/Q12591150
Q12591204,Daegu Catholic University Medical Center,DCUMC,university hospital,35.843683,128.567763,http://www.wikidata.org/entity/Q12591204
Q12591209,Daegu Gyeongbuk Institute of Science and Technology,DGIST,research university,35.70527778,128.45711111,http://www.wikidata.org/entity/Q12591209
Q12591211,Daegu-Gyeongbuk Medical Innovation Foundation,DGMIF,organization,35.879142,128.735904,http://www.wikidata.org/entity/Q12591211
Q12591216,Taegu Science University,TSU,educational institution,35.929612,128.543085,http://www.wikidata.org/entity/Q12591216
Q12591216,Taegu Science University,Daegu Science University,educational institution,35.929612,128.543085,http://www.wikidata.org/entity/Q12591216
Q12591218,Daegu Dongbu Office of Education,Eastern Daegu Office of Education,board of education,35.864063,128.591578,http://www.wikidata.org/entity/Q12591218
Q12591222,Daegu Special Rescue Squad,Daegu Fire Aviation Squad,fire station,35.899416666,128.638394444,http://www.wikidata.org/entity/Q12591222
Q12591252,Daegu Nambu Police Station,Nambu Police Station,police station,35.842912,128.583646,http://www.wikidata.org/entity/Q12591252
Q12591252,Daegu Nambu Police Station,Southern Daegu Police Station,police station,35.842912,128.583646,http://www.wikidata.org/entity/Q12591252
Q12591259,Daegu Dalsan Elementary School,Dalsan Elementary School,primary school,35.887983,128.585319,http://www.wikidata.org/entity/Q12591259
Q12591260,Daegu Dalseo Fire Station,Dalseo Fire Station,fire station,35.831094444,128.534763888,http://www.wikidata.org/entity/Q12591260
Q12591262,Daegu Dalseong Fire Station,Dalseong Fire Station,fire station,35.682530555,128.447011111,http://www.wikidata.org/entity/Q12591262
Q12591273,Daegu Dongbu Police Station,Dongbu Police Station,police station,35.874336,128.720489,http://www.wikidata.org/entity/Q12591273
Q12591273,Daegu Dongbu Police Station,Eastern Daegu Police Station,police station,35.874336,128.720489,http://www.wikidata.org/entity/Q12591273
Q12594781,Mangyeong,Mangyeong-eup,eup of South Korea,35.86216,126.82543,http://www.wikidata.org/entity/Q12594781
Q12594781,Mangyeong,Mangyong,eup of South Korea,35.86216,126.82543,http://www.wikidata.org/entity/Q12594781
Q12594802,Namwon Manboksa-ji Temple,Manbok temple,archaeological site,35.406944444,127.362777777,http://www.wikidata.org/entity/Q12594802
Q12594802,Namwon Manboksa-ji Temple,Manboksa,archaeological site,35.406944444,127.362777777,http://www.wikidata.org/entity/Q12594802
Q12594802,Namwon Manboksa-ji Temple,Manboksa temple,archaeological site,35.406944444,127.362777777,http://www.wikidata.org/entity/Q12594802
Q12594802,Namwon Manboksa-ji Temple,Namwon Manboksaji,archaeological site,35.406944444,127.362777777,http://www.wikidata.org/entity/Q12594802
Q12594963,Maepo,Maepo-eup,eup of South Korea,37.04815,128.30129,http://www.wikidata.org/entity/Q12594963
Q12595301,Moseulpo Port,Moseulpo Harbor,port,33.2159843,126.250474,http://www.wikidata.org/entity/Q12595301
Q12595301,Moseulpo Port,Mosulpo Port,port,33.2159843,126.250474,http://www.wikidata.org/entity/Q12595301
Q12595384,Mokcheon,Mokcheon-eup,eup of South Korea,36.78556,127.21188,http://www.wikidata.org/entity/Q12595384
Q12595384,Mokcheon,Mokchon,eup of South Korea,36.78556,127.21188,http://www.wikidata.org/entity/Q12595384
Q12585692,National Forensic Service,NFS,government agency,37.330278,127.974167,http://www.wikidata.org/entity/Q12585692
Q12585701,National Institute of Meteorological Sciences,NIMS,research institute,33.254721,126.560118,http://www.wikidata.org/entity/Q12585701
Q12585707,National Academy of Agricultural Science,NAAS,national academy,35.831361,127.040718,http://www.wikidata.org/entity/Q12585707
Q12585714,Masan National Quarantine Station,National Quarantine Station,quarantine facility,35.195191,128.572035,http://www.wikidata.org/entity/Q12585714
Q12585719,National Research Institute of Cultural Heritage,NRICH,research institute,36.389756,127.392359,http://www.wikidata.org/entity/Q12585719
Q12585723,National Baekdu-daegan Arboretum,Baekdudaegan National Arboretum,garden,37.00851,128.830316,http://www.wikidata.org/entity/Q12585723
Q12585735,National Veterinary Research and Quarantine Service,NVRQS,government agency,37.403683,126.929325,http://www.wikidata.org/entity/Q12585735
Q12585755,National Rehabilitation Center,NRC,hospital,37.638831,127.010548,http://www.wikidata.org/entity/Q12585755
Q12585756,National Disaster Management Research Institute,NDMI,government agency,35.56205,129.3515,http://www.wikidata.org/entity/Q12585756
Q12585770,National Institute of Animal Science,NIAS,facility,35.820835,127.022059,http://www.wikidata.org/entity/Q12585770
Q12585776,National Research Institute of Maritime Heritage,National Maritime Research Institute of Cultural Heritage,research institute,34.791804,126.421679,http://www.wikidata.org/entity/Q12585776
Q12585876,University of Brain Education,UBE,educational institution,36.792545,127.195376,http://www.wikidata.org/entity/Q12585876
Q12585876,University of Brain Education,International Graduate School of Brain Education,educational institution,36.792545,127.195376,http://www.wikidata.org/entity/Q12585876
Q12585885,Gukje Market,Busan Gukje Market,international marketplace,35.101,129.028,http://www.wikidata.org/entity/Q12585885
Q12585885,Gukje Market,Gukje Sijang,international marketplace,35.101,129.028,http://www.wikidata.org/entity/Q12585885
Q12585885,Gukje Market,Gukjesijang,international marketplace,35.101,129.028,http://www.wikidata.org/entity/Q12585885
Q12585885,Gukje Market,International Market,international marketplace,35.101,129.028,http://www.wikidata.org/entity/Q12585885
Q12585920,Korea Research Institute For Human Settlements,Korea Research Institute for Human Settlements,research institute,36.491777098,127.300560171,http://www.wikidata.org/entity/Q12585920
Q12585920,Korea Research Institute For Human Settlements,KRIHS,research institute,36.491777098,127.300560171,http://www.wikidata.org/entity/Q12585920
Q12585981,Gunsan Vessel Traffic Service Center,Gunsan VTS,vessel traffic service,35.970222,126.551867,http://www.wikidata.org/entity/Q12585981
Q11548329,Suwon Nambu Police Station,Nambu Police Station,police station,37.272159,127.054428,http://www.wikidata.org/entity/Q11548329
Q11548329,Suwon Nambu Police Station,Southern Suwon Police Station,police station,37.272159,127.054428,http://www.wikidata.org/entity/Q11548329
Q11548355,Suwon Seobu Police Station,Seobu Police Station,police station,37.258757,126.97227,http://www.wikidata.org/entity/Q11548355
Q11548355,Suwon Seobu Police Station,Western Suwon Police Station,police station,37.258757,126.97227,http://www.wikidata.org/entity/Q11548355
Q11550720,Gangwon Fire Headquarters,Gangwon Fire Department,fire department,37.885569444,127.730188888,http://www.wikidata.org/entity/Q11550720
Q11550720,Gangwon Fire Headquarters,Gangwon-do Fire Department,fire department,37.885569444,127.730188888,http://www.wikidata.org/entity/Q11550720
Q11558381,Pohang Nambu Police Station,Southern Pohang Police Station,police station,36.007392,129.3471562,http://www.wikidata.org/entity/Q11558381
Q11558382,Pohang Bukbu Police Station,Northern Pohang Police Station,police station,36.007392,129.3471562,http://www.wikidata.org/entity/Q11558382
Q11558548,Buseoksa,Buseok-sa,Buddhist temple,36.937721,126.446726,http://www.wikidata.org/entity/Q11558548
Q11560619,Cheongju Cheongwon Police Station,Cheongwon Police Station,police station,36.651101,127.4856639,http://www.wikidata.org/entity/Q11560619
Q11560621,Cheongju Sangdang Police Station,Sangdang Police Station,police station,36.6094937,127.5325366,http://www.wikidata.org/entity/Q11560621
Q11560623,Cheongju Heungdeok Police Station,Heungdeok Police Station,police station,36.656399,127.455,http://www.wikidata.org/entity/Q11560623
Q11561491,Jeju Fire Safety Headquarters,Jeju Fire Department,fire department,33.490552777,126.499022222,http://www.wikidata.org/entity/Q11561491
Q11581145,Bundang Police Station,Seongnam Bundang Police Station,police station,37.365321,127.10549,http://www.wikidata.org/entity/Q11581145
Q11599303,Jukjeon rest area,Jukjeon service area,rest area,37.332596803,127.104738977,http://www.wikidata.org/entity/Q11599303
Q11620055,Osan Police Station,Dongbu Police Station,police station,37.153776,127.082243,http://www.wikidata.org/entity/Q11620055
Q11620055,Osan Police Station,Eastern Hwaseong Police Station,police station,37.153776,127.082243,http://www.wikidata.org/entity/Q11620055
Q11621795,Ulsan Jungbu Police Station,Jungbu Police Station,police station,35.5694634,129.3493284,http://www.wikidata.org/entity/Q11621795
Q11621795,Ulsan Jungbu Police Station,Ulsan Central Police Station,police station,35.5694634,129.3493284,http://www.wikidata.org/entity/Q11621795
Q11621796,Ulsan Nambu Police Station,Nambu Police Station,police station,35.5356851,129.3102563,http://www.wikidata.org/entity/Q11621796
Q11621796,Ulsan Nambu Police Station,Ulsan Southern Police Station,police station,35.5356851,129.3102563,http://www.wikidata.org/entity/Q11621796
Q11621799,Ulsan Dongbu Police Station,Dongbu Police Station,police station,35.5085487,129.4289032,http://www.wikidata.org/entity/Q11621799
Q11621799,Ulsan Dongbu Police Station,Ulsan Eastern Police Station,police station,35.5085487,129.4289032,http://www.wikidata.org/entity/Q11621799
Q11621802,Ulsan Ulju Police Station,Ulju Police Station,police station,35.56936,129.242912,http://www.wikidata.org/entity/Q11621802
Q11647582,Gimhae Dongbu Fire Station,Eastern Gimhae Fire Station,fire station,35.228594444,128.901413888,http://www.wikidata.org/entity/Q11647582
Q11648082,Busan Yeongdo Police Station,Yeongdo Police Station,police station,35.093894,129.036594,http://www.wikidata.org/entity/Q11648082
Q11648085,Busan Japanese School,Pusan Japanese School,nihonjin gakkō,35.15669,129.12199,http://www.wikidata.org/entity/Q11648085
Q11648087,Busan Metropolitan City Fire Safety Headquarters,Busan Fire Department,fire station,35.183852777,129.105927777,http://www.wikidata.org/entity/Q11648087
Q7674728,Taeduk Radio Astronomy Observatory,TRAO,astronomical observatory,36.397586111,127.375208333,http://www.wikidata.org/entity/Q7674728
Q7674740,Taegu Foreign Language High School,Daegu Foreign Language High School,foreign-language high school,35.860277777,128.498055555,http://www.wikidata.org/entity/Q7674740
Q7674740,Taegu Foreign Language High School,TFLHS,foreign-language high school,35.860277777,128.498055555,http://www.wikidata.org/entity/Q7674740
Q7712137,The Abraham Park Kenneth Vine Collection,The Abraham Park Kenneth Vine Collection {{Infobox Korean name|child=yes |hangul        = 평강성서유물박물관 |hanja         = |rr            = Pyeonggang Seongseo Bakmulgwan |mr            = Pyongkang Songso Pakmulkwan }},museum,37.492,126.844,http://www.wikidata.org/entity/Q7712137
Q7739606,"The High Moor, Yongneup of Mt. Daeam",Yongneup of Mount Daeam,wetland,38.215555555,128.123888888,http://www.wikidata.org/entity/Q7739606
Q7784991,Third Tunnel of Aggression,Paju tunnel,tunnel of aggression,37.9164,126.699,http://www.wikidata.org/entity/Q7784991
Q7784991,Third Tunnel of Aggression,Third Infiltration Tunnel,tunnel of aggression,37.9164,126.699,http://www.wikidata.org/entity/Q7784991
Q7828041,Total Museum,Muija Total Museum,art museum,37.612,126.976,http://www.wikidata.org/entity/Q7828041
Q7850455,Ttangkkeut,Tomal,,34.29233,126.52486,http://www.wikidata.org/entity/Q7850455
Q7878065,Uijeongbu Sports Complex,Uijeongbu Stadium,stadium,37.757921,127.029747,http://www.wikidata.org/entity/Q7878065
Q7885767,Gangneung Hockey Centre,Union Hockey Centre,sports venue,37.7749,128.901,http://www.wikidata.org/entity/Q7885767
Q12589851,Namsan High School,Namsan-go,high school,35.267901,129.085238,http://www.wikidata.org/entity/Q12589851
Q12589851,Namsan High School,Namsango,high school,35.267901,129.085238,http://www.wikidata.org/entity/Q12589851
Q12589975,Namwon,Namwon-eup,eup of South Korea,33.32421,126.66559,http://www.wikidata.org/entity/Q12589975
Q12589976,Namwon-eupseong Fortress,Namwonseong,cultural heritage,35.412944444,127.3845,http://www.wikidata.org/entity/Q12589976
Q12590048,Namji,Namji-eup,eup of South Korea,35.418,128.44383,http://www.wikidata.org/entity/Q12590048
Q12590077,Nampyeong,Nampyeong-eup,eup of South Korea,35.02535,126.86224,http://www.wikidata.org/entity/Q12590077
Q12590077,Nampyeong,Nampyong,eup of South Korea,35.02535,126.86224,http://www.wikidata.org/entity/Q12590077
Q12590183,Naeseo,Naeseo-eup,eup of South Korea,35.236,128.506,http://www.wikidata.org/entity/Q12590183
Q12590183,Naeseo,Naeso,eup of South Korea,35.236,128.506,http://www.wikidata.org/entity/Q12590183
Q12590323,Nodong cave,Danyang Nodong Cave,natural monument,36.952614,128.381997,http://www.wikidata.org/entity/Q12590323
Q12590323,Nodong cave,"Nodongdonggul Cave, Danyang",natural monument,36.952614,128.381997,http://www.wikidata.org/entity/Q12590323
Q12590385,Nonsan Noseongsanseong,Nonsan Noseong Fortress,fortress,36.295555555,127.123611111,http://www.wikidata.org/entity/Q12590385
Q12590511,Nongong,Nongong-eup,eup of South Korea,35.75156,128.43479,http://www.wikidata.org/entity/Q12590511
Q7451601,Seongnam Stadium,Seongnam Sports Complex,stadium,37.433128,127.13752,http://www.wikidata.org/entity/Q7451601
Q7451617,Seonsan,Seonsan-eup,eup of South Korea,36.24699,128.29534,http://www.wikidata.org/entity/Q7451617
Q7451617,Seonsan,Sonsan,eup of South Korea,36.24699,128.29534,http://www.wikidata.org/entity/Q7451617
Q7451629,Seosan City Stadium,Seosan Stadium,stadium,36.79766944,126.43441944,http://www.wikidata.org/entity/Q7451629
Q7451660,Some Sevit,Sebit Island,artificial island,37.512266,126.995274,http://www.wikidata.org/entity/Q7451660
Q7451660,Some Sevit,Sebitseom,artificial island,37.512266,126.995274,http://www.wikidata.org/entity/Q7451660
Q7451660,Some Sevit,Seoul Floating Island,artificial island,37.512266,126.995274,http://www.wikidata.org/entity/Q7451660
Q7451664,International Finance Centre Seoul,IFC Seoul,building complex,37.525265,126.925892,http://www.wikidata.org/entity/Q7451664
Q7451665,Seoul International School,SIS,foreigners' school,37.465833333,127.128888888,http://www.wikidata.org/entity/Q7451665
Q7451676,Seoul Museum of Art,Seosomun Main Branch,art museum,37.56412222,126.97380833,http://www.wikidata.org/entity/Q7451676
Q7451680,Seoul National University Museum of Art,SNU MoA,art museum,37.46631,126.94979,http://www.wikidata.org/entity/Q7451680
Q7451687,Seoul Science High School,Seoul Science High School for Gifted Students,high school,37.5915,126.999,http://www.wikidata.org/entity/Q7451687
Q7477555,Jeonju Wansan Police Station,Wansan Police Station,police station,35.815435,127.146557,http://www.wikidata.org/entity/Q7477555
Q7477562,Jeonju Deokjin Police Station,Deokjin Police Station,police station,35.843154,127.093138,http://www.wikidata.org/entity/Q7477562
Q7479782,Jeju Dongbu Police Station,Dongbu Police Station,police station,33.503065,126.536,http://www.wikidata.org/entity/Q7479782
Q7479782,Jeju Dongbu Police Station,Eastern Jeju Police Station,police station,33.503065,126.536,http://www.wikidata.org/entity/Q7479782
Q7479786,Jeju Seobu Police Station,Seobu Police Station,police station,33.474047,126.405692,http://www.wikidata.org/entity/Q7479786
Q7479786,Jeju Seobu Police Station,Western Jeju Police Station,police station,33.474047,126.405692,http://www.wikidata.org/entity/Q7479786
Q7482850,Incheon Jungbu Police Station,Jungbu Police Station,police station,37.472851,126.61825,http://www.wikidata.org/entity/Q7482850
Q3073428,Korean Sign Language,KSL,sign language,37.0,128.0,http://www.wikidata.org/entity/Q3073428
Q3181302,Sungkyul University,SKU,private university,37.379972,126.926778,http://www.wikidata.org/entity/Q3181302
Q3236179,Muyejebo,Martial arts report,written work,37.521111111,126.980833333,http://www.wikidata.org/entity/Q3236179
Q3726956,Korea Polytechnic Semi Convergence,Korea Women's Polytechnic,academic institution,37.008238888,127.176383333,http://www.wikidata.org/entity/Q3726956
Q3954913,Hwasung Medi Science University,HSMU,private university,37.20263889,126.83944444,http://www.wikidata.org/entity/Q3954913
Q3954913,Hwasung Medi Science University,Shingyeong University,private university,37.20263889,126.83944444,http://www.wikidata.org/entity/Q3954913
Q6431677,Taereung National Training Center of KSOC,Korea National Taining Center,sports venue,37.635801,127.103896,http://www.wikidata.org/entity/Q6431677
Q12591309,Daegu Bukbu Fire Station,Northern Daegu Fire Station,fire station,35.877994444,128.592322222,http://www.wikidata.org/entity/Q12591309
Q12591315,Daegu Seobu Police Station,Seobu Police Station,police station,35.871534,128.558202,http://www.wikidata.org/entity/Q12591315
Q12591315,Daegu Seobu Police Station,Western Daegu Police Station,police station,35.871534,128.558202,http://www.wikidata.org/entity/Q12591315
Q12591327,Daegu Suseong Police Station,Suseong Police Station,police station,35.858322,128.631638,http://www.wikidata.org/entity/Q12591327
Q12591370,Daegu Jungbu Police Station,Jungbu Police Station,police station,35.871857,128.590413,http://www.wikidata.org/entity/Q12591370
Q12591370,Daegu Jungbu Police Station,Central Daegu Police Station,police station,35.871857,128.590413,http://www.wikidata.org/entity/Q12591370
Q12591397,Daegu TechnoPark,TP,cultural institution,35.873514,128.62493,http://www.wikidata.org/entity/Q12591397
Q12599976,Sannae-myeon,"Sannae-myeon, Jeongeup",myeon,35.55127,127.04817,http://www.wikidata.org/entity/Q12599976
Q485662,Gwangju Airport,KWJ,domestic airport,35.126388888,126.808888888,http://www.wikidata.org/entity/Q485662
Q485662,Gwangju Airport,Kwangju Ab,domestic airport,35.126388888,126.808888888,http://www.wikidata.org/entity/Q485662
Q485688,Seongmu Airport,RKTE,airport,36.568055555,127.5,http://www.wikidata.org/entity/Q485688
Q485757,Munmudaewang-myeon,Yangbuk-myeon,myeon,35.7906,129.44135,http://www.wikidata.org/entity/Q485757
Q6000822,Ilmin Museum of Art,Ilmin Museum of Art {{Infobox Korean name|child=yes |hangul = 일민미술관 |hanja = {{linktext|一|民|美術館}} |rr = Ilmin Misulgwan |mr = Ilmin Misulgwan }},art museum,37.5699,126.9775,http://www.wikidata.org/entity/Q6000822
Q6050760,International Graduate School of English,IGSE,private university,37.52422,127.1296,http://www.wikidata.org/entity/Q6050760
Q6054165,International University of Korea,IUK,private university,35.173142,128.202639,http://www.wikidata.org/entity/Q6054165
Q6054165,International University of Korea,Jinju International University,private university,35.173142,128.202639,http://www.wikidata.org/entity/Q6054165
Q6064606,2002 FIFA World Cup Match 59,Spain v South Korea,quarter-final,35.1338938,126.8748637,http://www.wikidata.org/entity/Q6064606
Q6064606,2002 FIFA World Cup Match 59,Spain 0-0 South Korea,quarter-final,35.1338938,126.8748637,http://www.wikidata.org/entity/Q6064606
Q6154110,Jangseogak,Jangseogak archive,archives,37.39267,127.05432,http://www.wikidata.org/entity/Q6154110
Q6176549,Jeju Civilian-Military Complex Port,Jeju Naval Base,naval base,33.228,126.484,http://www.wikidata.org/entity/Q6176549
Q6176564,Jeju Sports Complex,Jeju Stadium,stadium,33.497169,126.51367,http://www.wikidata.org/entity/Q6176564
Q6180305,Jeongdongjin,Chongdongjin,city,37.6919,129.033,http://www.wikidata.org/entity/Q6180305
Q6202946,Jipyeong-ri,Chipyong-ni,village,37.475,127.637,http://www.wikidata.org/entity/Q6202946
Q6202946,Jipyeong-ri,Chipyongni,village,37.475,127.637,http://www.wikidata.org/entity/Q6202946
Q6202946,Jipyeong-ri,Jipyeongri,village,37.475,127.637,http://www.wikidata.org/entity/Q6202946
Q6431706,Korea Research Institute of Standards and Science,Korea Standards Research Institute,research institute,36.387789,127.372303,http://www.wikidata.org/entity/Q6431706
Q6431706,Korea Research Institute of Standards and Science,KRISS,research institute,36.387789,127.372303,http://www.wikidata.org/entity/Q6431706
Q6431709,Korea Science Academy of KAIST,KSA,high school in South Korea,35.1658,129.025,http://www.wikidata.org/entity/Q6431709
Q6431709,Korea Science Academy of KAIST,KSA of KAIST,high school in South Korea,35.1658,129.025,http://www.wikidata.org/entity/Q6431709
Q6431717,Korea Testing & Research Institute,KTR,institute,37.51013,127.055304,http://www.wikidata.org/entity/Q6431717
Q6363711,Incheon Samsan Police Station,Samsan Police Station,police station,37.511133,126.73242,http://www.wikidata.org/entity/Q6363711
Q6431586,Korea Aerospace University,Hankuk Aviation University,university,37.59936111,126.86511111,http://www.wikidata.org/entity/Q6431586
Q6431604,Korea Carbon Capture & Sequestration R&D Center,KCRC,research institute,36.383623,127.358856,http://www.wikidata.org/entity/Q6431604
Q6431604,Korea Carbon Capture & Sequestration R&D Center,Korea CCS R&D Center,research institute,36.383623,127.358856,http://www.wikidata.org/entity/Q6431604
Q6431653,Korea Institute of Science & Technology Information,KISTI,research institute,36.369595,127.364025,http://www.wikidata.org/entity/Q6431653
Q6431653,Korea Institute of Science & Technology Information,Korea Institute of Science and Technology Information,research institute,36.369595,127.364025,http://www.wikidata.org/entity/Q6431653
Q6431669,Korea Museum of Modern Costume,KMMC,fashion museum,37.575508333,127.005530555,http://www.wikidata.org/entity/Q6431669
Q6431670,Korea National Arboretum,Gwangneung Forest,arboretum,37.754188,127.165276,http://www.wikidata.org/entity/Q6431670
Q6431677,Taereung National Training Center of KSOC,Taereung,sports venue,37.635801,127.103896,http://www.wikidata.org/entity/Q6431677
Q12582491,Gachon University Gil Hospital,Gil Hospital,teaching hospital,37.451831,126.709192,http://www.wikidata.org/entity/Q12582491
Q12582491,Gachon University Gil Hospital,GUHC,teaching hospital,37.451831,126.709192,http://www.wikidata.org/entity/Q12582491
Q12582505,"The Catholic University of Korea, Uijeongbu St. Mary's Hospital",Uijeongbu St. Mary's Hospital,university hospital,37.758602,127.077713,http://www.wikidata.org/entity/Q12582505
Q12582515,Gapyeong-eup,Gapyeong,eup of South Korea,37.82293,127.4783,http://www.wikidata.org/entity/Q12582515
Q12582515,Gapyeong-eup,Kapyong,eup of South Korea,37.82293,127.4783,http://www.wikidata.org/entity/Q12582515
Q12582530,Sacheon Gaksan Fortress,Sacheon Gaksan Mountain Fortress,fortress,34.941388888,128.054444444,http://www.wikidata.org/entity/Q12582530
Q12582530,Sacheon Gaksan Fortress,Sacheon Gaksansanseong,fortress,34.941388888,128.054444444,http://www.wikidata.org/entity/Q12582530
Q12582559,Ganseong,Ganseong-eup,eup of South Korea,38.35574,128.40255,http://www.wikidata.org/entity/Q12582559
Q12582559,Ganseong,Kansong,eup of South Korea,38.35574,128.40255,http://www.wikidata.org/entity/Q12582559
Q12582562,Ganwolam,Ganwol-am,hermitage,36.603702,126.411141,http://www.wikidata.org/entity/Q12582562
Q12582562,Ganwolam,Ganwolam temple,hermitage,36.603702,126.411141,http://www.wikidata.org/entity/Q12582562
Q12582597,Galmal,Galmal-eup,eup of South Korea,38.16667,127.33333,http://www.wikidata.org/entity/Q12582597
Q12582597,Galmal,Kalmal,eup of South Korea,38.16667,127.33333,http://www.wikidata.org/entity/Q12582597
Q12582630,Methodist Theological University,MTU,seminary,37.567453,126.962149,http://www.wikidata.org/entity/Q12582630
Q12582642,CamSung Elementary School,Gamseong Elementary School,primary school,36.443473,127.288975,http://www.wikidata.org/entity/Q12582642
Q12582656,Gameunsa,Gameunsa Temple Site,cultural heritage,35.748333333,129.476944444,http://www.wikidata.org/entity/Q12582656
Q12582812,Gangneung Jeongdongjin Coastal Terrace,"Marine Terrace in Jeongdongjin, Gangneung",natural monument,37.678611111,129.051666666,http://www.wikidata.org/entity/Q12582812
Q5380841,Busan Jungbu Police Station,Jungbu Police Station,police station,35.107282,129.035788,http://www.wikidata.org/entity/Q5380841
Q5380841,Busan Jungbu Police Station,Central Busan Police Station,police station,35.107282,129.035788,http://www.wikidata.org/entity/Q5380841
Q5380925,Busan Saha Police Station,Saha Police Station,police station,35.085693,128.978112,http://www.wikidata.org/entity/Q5380925
Q5381103,Busan Seobu Police Station,Seobu Police Station,police station,35.109753,129.013295,http://www.wikidata.org/entity/Q5381103
Q5381103,Busan Seobu Police Station,Western Busan Police Station,police station,35.109753,129.013295,http://www.wikidata.org/entity/Q5381103
Q5381174,Busan Dongbu Police Station,Dongbu Police Station,police station,35.129957,129.049175,http://www.wikidata.org/entity/Q5381174
Q5381174,Busan Dongbu Police Station,Eastern Busan Police Station,police station,35.129957,129.049175,http://www.wikidata.org/entity/Q5381174
Q5381290,Busan Bukbu Police Station,Bukbu Police Station,police station,35.230094,129.009318,http://www.wikidata.org/entity/Q5381290
Q5381290,Busan Bukbu Police Station,Northern Busan Police Station,police station,35.230094,129.009318,http://www.wikidata.org/entity/Q5381290
Q5381343,Busan Sasang Police Station,Sasang Police Station,police station,35.174871,128.979185,http://www.wikidata.org/entity/Q5381343
Q5381704,Busan Gangseo Police Station,Gangseo Police Station,police station,35.116465,128.906275,http://www.wikidata.org/entity/Q5381704
Q5381885,Busan Geumjeong Police Station,Geumjeong Police Station,police station,35.247001,129.091934,http://www.wikidata.org/entity/Q5381885
Q5382062,Busan Yeonje Police Station,Yeonje Police Station,police station,35.182914,129.10464,http://www.wikidata.org/entity/Q5382062
Q5382088,Busan Nambu Police Station,Nambu Police Station,police station,35.153032,129.089651,http://www.wikidata.org/entity/Q5382088
Q5382088,Busan Nambu Police Station,Southern Busan Police Station,police station,35.153032,129.089651,http://www.wikidata.org/entity/Q5382088
Q5382119,Busan Haeundae Police Station,Haeundae Police Station,police station,35.18591,129.121588,http://www.wikidata.org/entity/Q5382119
Q11482253,Statue of Peace,The Statue of a Girl for Peace,statue,37.5749345,126.9803476,http://www.wikidata.org/entity/Q11482253
Q11491330,Chungcheongbuk-do Fire Department,Chungbuk Fire Department,fire department,36.639627777,127.440052777,http://www.wikidata.org/entity/Q11491330
Q11491332,Chungcheongnam-do Fire Department,Chungnam Fire Department,fire department,36.658822222,126.672830555,http://www.wikidata.org/entity/Q11491332
Q12583672,Gyeongbuk Provincial Police Agency,Gyeongsangbuk-do Police Agency,police,35.892461,128.601444,http://www.wikidata.org/entity/Q12583672
Q12583683,Gyeongsan rugby stadium,Gyeongsan Songhwa rugby stadium,rugby union venue,35.817892,128.745611,http://www.wikidata.org/entity/Q12583683
Q12583697,Gyeongsangnam-do Special Rescue Squad,Gyeongnam Fire Aviation Squad,fire station,35.555305555,128.115397222,http://www.wikidata.org/entity/Q12583697
Q12583697,Gyeongsangnam-do Special Rescue Squad,Gyeongnam Special Rescue Squad,fire station,35.555305555,128.115397222,http://www.wikidata.org/entity/Q12583697
Q12583697,Gyeongsangnam-do Special Rescue Squad,Gyeongsangnam-do Fire Aviation Squad,fire station,35.555305555,128.115397222,http://www.wikidata.org/entity/Q12583697
Q12583698,Gyeongsangnam-do Geoje Office of Education,Geoje Office of Education,government agency,34.879836,128.624447,http://www.wikidata.org/entity/Q12583698
Q12583699,Gyeongsangnam-do Goseong Office of Education,Goseong Office of Education,government agency,34.972375,128.326778,http://www.wikidata.org/entity/Q12583699
Q12583701,Gyeongsangnam-do Gimhae Office of Education,Gimhae Office of Education,government agency,35.235624,128.879112,http://www.wikidata.org/entity/Q12583701
Q12583702,Gyeongnam Provincial Office of Education,Gyeongsangnam-do Office of Education,local government,35.234429,128.688009,http://www.wikidata.org/entity/Q12583702
Q12583703,Gyeongsangnam-do Miryang Office of Education,Miryang Office of Education,government agency,35.466325,128.760058,http://www.wikidata.org/entity/Q12583703
Q12583704,Gyeongsangnam-do Sancheong Office of Education,Sancheong Office of Education,government agency,35.419203,127.877698,http://www.wikidata.org/entity/Q12583704
Q12583705,Gyeongsangnam-do Sacheon Office of Education,Sacheon Office of Education,government agency,34.937515,128.08236,http://www.wikidata.org/entity/Q12583705
Q12583714,Gyeongsangnam-do Uiryeong Office of Education,Uiryeong Office of Education,government agency,35.321777,128.259886,http://www.wikidata.org/entity/Q12583714
Q12583716,Gyeongsangnam-do Changnyeong Office of Education,Changnyeong Office of Education,government agency,35.53434,128.497664,http://www.wikidata.org/entity/Q12583716
Q12583717,Gyeongsangnam-do Haman Office of Education,Haman Office of Education,government agency,35.271536,128.405985,http://www.wikidata.org/entity/Q12583717
Q12583718,Gyeongsangnam-do Hamyang Office of Education,Hamyang Office of Education,government agency,35.522299,127.725431,http://www.wikidata.org/entity/Q12583718
Q12583724,Gyeongbuk Provincial Office of Education,Gyeongsangbuk-do Office of Education,local government,36.579367,128.513077,http://www.wikidata.org/entity/Q12583724
Q12583726,Gyeongsangbuk-do Special Rescue Squad,Gyeongbuk Special Rescue Squad,fire station,35.899416666,128.638394444,http://www.wikidata.org/entity/Q12583726
Q12583737,Gyeongbuk Provincial Government,Gyeongsangbuk-do Government,regional local government in South Korea,35.892618,128.600019,http://www.wikidata.org/entity/Q12583737
Q12583747,Seoul Cinema,Keisei Keikyouji,movie theater,37.566535,126.9779692,http://www.wikidata.org/entity/Q12583747
Q12583747,Seoul Cinema,Kyoto Theatre,movie theater,37.566535,126.9779692,http://www.wikidata.org/entity/Q12583747
Q12583747,Seoul Cinema,Seoul Genji,movie theater,37.566535,126.9779692,http://www.wikidata.org/entity/Q12583747
Q12583864,Mangdŏksa,Mangdeoksa,cultural heritage,35.8175,129.243055555,http://www.wikidata.org/entity/Q12583864
Q12583867,Lotus Flower Bridge and Seven Treasure Bridge,"Yeonhwagyo and Chilbogyo Bridge of Bulguksa Temple, Gyeongju",bridge,35.790413888,129.331725,http://www.wikidata.org/entity/Q12583867
Q7966282,Kunsan Air Base,K-8,airbase,35.903611111,126.615833333,http://www.wikidata.org/entity/Q7966282
Q7966282,Kunsan Air Base,KUV,airbase,35.903611111,126.615833333,http://www.wikidata.org/entity/Q7966282
Q7966282,Kunsan Air Base,RKJK,airbase,35.903611111,126.615833333,http://www.wikidata.org/entity/Q7966282
Q7993659,Whimoon High School,Hwimun Ŭisuk,high school,37.505,127.062,http://www.wikidata.org/entity/Q7993659
Q7993659,Whimoon High School,Whimoon,high school,37.505,127.062,http://www.wikidata.org/entity/Q7993659
Q8034064,Woosuk University,Woosuk Women's Unversity,university,35.91263889,127.06669444,http://www.wikidata.org/entity/Q8034064
Q8034123,Woraksan National Park,Woraksangungnipgongwon,park,36.835,128.198,http://www.wikidata.org/entity/Q8034123
Q8048577,Yanghwajin Foreign Missionary Cemetery,Yanghwajin Foreigners' Cemetery,cemetery,37.54655,126.91102,http://www.wikidata.org/entity/Q8048577
Q8048651,Dongwon Institute of Science and Technology,Donggwon Science and Technology University,private university,35.344266,129.067619,http://www.wikidata.org/entity/Q8048651
Q8048651,Dongwon Institute of Science and Technology,Yangsan University,private university,35.344266,129.067619,http://www.wikidata.org/entity/Q8048651
Q7482850,Incheon Jungbu Police Station,Central Incheon Police Station,police station,37.472851,126.61825,http://www.wikidata.org/entity/Q7482850
Q7494685,Sheraton Incheon Hotel,Sheraton Grand Incheon Hotel,hotel,37.3904,126.6456,http://www.wikidata.org/entity/Q7494685
Q6305266,Jujaksan,Chujak-san,mountain,34.5055,126.6933,http://www.wikidata.org/entity/Q6305266
Q6305266,Jujaksan,Shujaku-san,mountain,34.5055,126.6933,http://www.wikidata.org/entity/Q6305266
Q6312985,Jungnyeong Tunnel,Jukryeong Tunnel,road tunnel,36.902805555,128.433716666,http://www.wikidata.org/entity/Q6312985
Q6312985,Jungnyeong Tunnel,Jungryeong Tunnel,road tunnel,36.902805555,128.433716666,http://www.wikidata.org/entity/Q6312985
Q11079219,Seoul Songpa Police Station,Songpa Police Station,police station,37.502238,127.128335,http://www.wikidata.org/entity/Q11079219
Q11080811,Seoul Suseo Police Station,Suseo Police Station,police station,37.493455,127.077099,http://www.wikidata.org/entity/Q11080811
Q11080852,Seoul Seongbuk Police Station,Seongbuk Police Station,police station,37.589911,127.016084,http://www.wikidata.org/entity/Q11080852
Q11080917,Seoul Gangnam Police Station,Gangnam Police Station,police station,37.509036,127.067177,http://www.wikidata.org/entity/Q11080917
Q11080971,Seoul Gwangjin Police Station,Gwangjin Police Station,police station,37.542915,127.083849,http://www.wikidata.org/entity/Q11080971
Q11081063,Seoul Seobu Police Station,Seobu Police Station,police station,37.602155,126.921276,http://www.wikidata.org/entity/Q11081063
Q11081063,Seoul Seobu Police Station,Western Seoul Police Station,police station,37.602155,126.921276,http://www.wikidata.org/entity/Q11081063
Q11081429,Seoul Gangdong Police Station,Gangdong Police Station,police station,37.529774,127.124372,http://www.wikidata.org/entity/Q11081429
Q11081504,Seoul Jongam Police Station,Jongam Police Station,police station,37.602147,127.032389,http://www.wikidata.org/entity/Q11081504
Q11081592,Seoul Yeongdeungpo Police Station,Yeongdeungpo Police Station,police station,37.525848,126.900943,http://www.wikidata.org/entity/Q11081592
Q11081638,Seoul Hyehwa Police Station,Hyehwa Police Station,police station,37.571876,126.998932,http://www.wikidata.org/entity/Q11081638
Q11082799,Seoul Eunpyeong Police Station,Eunpyeong Police Station,police station,37.628295,126.92853,http://www.wikidata.org/entity/Q11082799
Q11121414,Seoul Dongdaemun Police Station,Dongdaemun Police Station,police station,37.5851,127.045764,http://www.wikidata.org/entity/Q11121414
Q11126421,Seoul Mapo Police Station,Mapo Police Station,police station,37.55075,126.954166666,http://www.wikidata.org/entity/Q11126421
Q11156587,Korea University–Yonsei University rivalry,Korea-Yonsei Match,tournament,37.588671,127.032938,http://www.wikidata.org/entity/Q11156587
Q12583273,Nonsan Gaetaesa Temple Site,Gaetaesa Temple site,ruins,36.242778,127.230278,http://www.wikidata.org/entity/Q12583273
Q12583307,Geomunoreum,Geomun Oreum,natural monument,33.454722222,126.719166666,http://www.wikidata.org/entity/Q12583307
Q12583307,Geomunoreum,Jeju Seonheul-ri Geomun Oreum,natural monument,33.454722222,126.719166666,http://www.wikidata.org/entity/Q12583307
Q12583323,"Haegeumgang Islets, Geoje",Haegeumgang,,34.73278,128.68444,http://www.wikidata.org/entity/Q12583323
Q12583329,Geoje University,Koje College,private university,34.849571,128.726653,http://www.wikidata.org/entity/Q12583329
Q12583344,Geojin,Kojin,eup of South Korea,38.42895,128.37679,http://www.wikidata.org/entity/Q12583344
Q12583344,Geojin,Geojin-eup,eup of South Korea,38.42895,128.37679,http://www.wikidata.org/entity/Q12583344
Q12583352,Geochang Interchange,Geochang IC,interchange,35.679428,127.935586,http://www.wikidata.org/entity/Q12583352
Q12583366,Geochang-eup,Geochang,eup of South Korea,35.70205,127.91187,http://www.wikidata.org/entity/Q12583366
Q12583366,Geochang-eup,Kochang,eup of South Korea,35.70205,127.91187,http://www.wikidata.org/entity/Q12583366
Q12583384,Konkuk University Hospital,Konkuk University Medical Center,hospital,37.540943,127.072205,http://www.wikidata.org/entity/Q12583384
Q12583384,Konkuk University Hospital,Konkuk University Medical Center Konkuk University Chungju Hospital,hospital,37.540943,127.072205,http://www.wikidata.org/entity/Q12583384
Q12583425,Geomryongso,Taebaek Geomryongso,spring,37.2275,128.918611111,http://www.wikidata.org/entity/Q12583425
Q12583429,Suncheon Geomdansanseong Fortress,Suncheon Geomdansanseong,fortress,34.9125,127.55,http://www.wikidata.org/entity/Q12583429
Q12583523,Gyeonggyojang,Gyeonggyojang House,house,37.5684597,126.9680114,http://www.wikidata.org/entity/Q12583523
Q12583539,Gyeonggi-do Special Rescue Squad,Gyeonggi Special Rescue Squad,fire station,37.124152777,127.120594444,http://www.wikidata.org/entity/Q12583539
Q12583541,Gyeonggi Provincial Office of Education,Gyeonggi-do Office of Education,local government,37.297971,127.023285,http://www.wikidata.org/entity/Q12583541
Q12583547,Gyeonggi Provincial Government,Gyeonggi-do Government,Rathaus,37.275052,127.009447,http://www.wikidata.org/entity/Q12583547
Q12599974,Sannae-myeon,"Sannae-myeon, Namwon",myeon,35.37577,127.59166,http://www.wikidata.org/entity/Q12599974
Q12599983,Sandong-eup,Sandong-myeon,myeon,36.16865,128.43018,http://www.wikidata.org/entity/Q12599983
Q12600027,Sanyang,Sanyang-eup,eup of South Korea,34.80208,128.38585,http://www.wikidata.org/entity/Q12600027
Q12600072,Sancheong,Sanchong,eup of South Korea,35.40469,127.89983,http://www.wikidata.org/entity/Q12600072
Q12600072,Sancheong,Sancheong-eup,eup of South Korea,35.40469,127.89983,http://www.wikidata.org/entity/Q12600072
Q12600086,Salgot Bridge,Jebangyo,cultural heritage,37.553333333,127.046388888,http://www.wikidata.org/entity/Q12600086
Q12600086,Salgot Bridge,Jeongot Bridge,cultural heritage,37.553333333,127.046388888,http://www.wikidata.org/entity/Q12600086
Q12600086,Salgot Bridge,Salgoji Bridge,cultural heritage,37.553333333,127.046388888,http://www.wikidata.org/entity/Q12600086
Q12600163,Samnye,Samnye-eup,eup of South Korea,35.91557,127.08174,http://www.wikidata.org/entity/Q12600163
Q12600354,Owijang Kim Chun-yeong's house,Samcheong-dong Kim Hong-gi House,cultural heritage,37.5583775,126.9914082,http://www.wikidata.org/entity/Q12600354
Q11664027,Korean Academy of Film Arts,KAFA,film school,35.1526434,129.105632,http://www.wikidata.org/entity/Q11664027
Q11664027,Korean Academy of Film Arts,KAFA Films,film school,35.1526434,129.105632,http://www.wikidata.org/entity/Q11664027
Q11679192,Yongin Seobu Police Station,Seobu Police Station,police station,37.30959,127.106228,http://www.wikidata.org/entity/Q11679192
Q11679192,Yongin Seobu Police Station,Western Yongin Police Station,police station,37.30959,127.106228,http://www.wikidata.org/entity/Q11679192
Q11696977,Eocheongdo,Eocheong,island,36.11667,125.97972,http://www.wikidata.org/entity/Q11696977
Q12011011,Yonghungdo power station,Yeongheung Power Plant,coal-fired power station,37.2410147,126.4385676,http://www.wikidata.org/entity/Q12011011
Q12011011,Yonghungdo power station,Youngheung power station,coal-fired power station,37.2410147,126.4385676,http://www.wikidata.org/entity/Q12011011
Q12060693,Imha Dam,Imha multipurpose dam,embankment dam,36.5375,128.88333333,http://www.wikidata.org/entity/Q12060693
Q12073347,Yerim Seowon,Miryang Yerim Seowon,cultural heritage,35.4661929,128.7272374,http://www.wikidata.org/entity/Q12073347
Q12106014,Cheoneunsa Temple,Cheoneunsa,cultural heritage,35.2738,127.4763,http://www.wikidata.org/entity/Q12106014
Q12189982,Ulsan College,Ulsan College of Science,college,35.4958,129.416,http://www.wikidata.org/entity/Q12189982
Q12189982,Ulsan College,Ulsan Industrial Technology Institute,college,35.4958,129.416,http://www.wikidata.org/entity/Q12189982
Q12438381,Port of Busan,Busan Port,port,35.10388889,129.07888889,http://www.wikidata.org/entity/Q12438381
Q10386337,USS LST-120,ROKS Munsan,shipwreck,36.2800486,129.3788641,http://www.wikidata.org/entity/Q10386337
Q10854396,5·18 Memorial Park,5.18 Memorial Park,park,35.155267,126.857049,http://www.wikidata.org/entity/Q10854396
Q10854396,5·18 Memorial Park,May 18 Memorial Park,park,35.155267,126.857049,http://www.wikidata.org/entity/Q10854396
Q10855076,Gapado,Gapa Island,island,33.17,126.270833333,http://www.wikidata.org/entity/Q10855076
Q10855076,Gapado,Gapa-do,island,33.17,126.270833333,http://www.wikidata.org/entity/Q10855076
Q10855076,Gapado,Gapa-ri,island,33.17,126.270833333,http://www.wikidata.org/entity/Q10855076
Q10855076,Gapado,Kapa-do,island,33.17,126.270833333,http://www.wikidata.org/entity/Q10855076
Q10855114,Ganggyeong,Ganggyeong-eup,eup of South Korea,36.14912,127.01786,http://www.wikidata.org/entity/Q10855114
Q10855114,Ganggyeong,Kanggyong,eup of South Korea,36.14912,127.01786,http://www.wikidata.org/entity/Q10855114
Q10855119,Gangneung Junction,Gangneung JC,road junction,37.772731,128.834911,http://www.wikidata.org/entity/Q10855119
Q10855136,Gangwon Provincial Police Agency,Gangwon-do Police Agency,police,37.860083,127.784477,http://www.wikidata.org/entity/Q10855136
Q10855208,Gyeonggi Nambu Provincial Police Agency,Southern Gyeonggi Provincial Police Agency,police,37.294762,127.033796,http://www.wikidata.org/entity/Q10855208
Q10855238,Kyungil University,KIU,private university,35.9084,128.801,http://www.wikidata.org/entity/Q10855238
Q10855359,Gocheok Sky Dome,Gocheok Dome,dome,37.49833333,126.86666667,http://www.wikidata.org/entity/Q10855359
Q12591434,Daedeok,Daedeok-eup,eup of South Korea,34.48994,126.88144,http://www.wikidata.org/entity/Q12591434
Q12591434,Daedeok,Taedok,eup of South Korea,34.48994,126.88144,http://www.wikidata.org/entity/Q12591434
Q12591485,Daema-do,Daema Island,island,34.266388888,125.992222222,http://www.wikidata.org/entity/Q12591485
Q12591485,Daema-do,Daemado,island,34.266388888,125.992222222,http://www.wikidata.org/entity/Q12591485
Q12591621,Daeamsan Daewoosan Nature Reserve,Daeam Mountain and Daewoo Mountain Natural Reserve,nature reserve,38.210833333,128.131666666,http://www.wikidata.org/entity/Q12591621
Q12591621,Daeamsan Daewoosan Nature Reserve,Daeam Mountain and Daewoo Mountain Nature Reserve,nature reserve,38.210833333,128.131666666,http://www.wikidata.org/entity/Q12591621
Q12591734,Daejeon Nambu Fire Station,Nambu Fire Station,fire station,36.309286111,127.372358333,http://www.wikidata.org/entity/Q12591734
Q12591734,Daejeon Nambu Fire Station,Southern Daejeon Fire Station,fire station,36.309286111,127.372358333,http://www.wikidata.org/entity/Q12591734
Q12591747,Daejeon Dongbu Fire Station,Dongbu Fire Station,fire station,36.372358333,127.429030555,http://www.wikidata.org/entity/Q12591747
Q12591747,Daejeon Dongbu Fire Station,Eastern Daejeon Fire Station,fire station,36.372358333,127.429030555,http://www.wikidata.org/entity/Q12591747
Q12595420,Mokpo Vessel Traffic Service Center,Mokpo VTS,vessel traffic service,34.792694,126.363765,http://www.wikidata.org/entity/Q12595420
Q12595555,Pyeongtaek Museongsanseong Fortress,Museongsanseong,fortress,37.028983333,126.923533333,http://www.wikidata.org/entity/Q12595555
Q12595568,Muaksan Beacon site,Mount Buak Beacon site,cultural heritage,37.569722222,126.948611111,http://www.wikidata.org/entity/Q12595568
Q12595579,Muan,Muan-eup,eup of South Korea,34.98942,126.47032,http://www.wikidata.org/entity/Q12595579
Q12595601,Geungnakbojeon,Geungnakbojeon Hall of Muwisa Temple,National Treasures of South Korea,34.738777777,126.686777777,http://www.wikidata.org/entity/Q12595601
Q12595601,Geungnakbojeon,"Geungnakbojeon Hall of Muwisa Temple, Gangjin",National Treasures of South Korea,34.738777777,126.686777777,http://www.wikidata.org/entity/Q12595601
Q12595601,Geungnakbojeon,Geukrakbojeon,National Treasures of South Korea,34.738777777,126.686777777,http://www.wikidata.org/entity/Q12595601
Q12595601,Geungnakbojeon,Geukrakbojeon Hall,National Treasures of South Korea,34.738777777,126.686777777,http://www.wikidata.org/entity/Q12595601
Q12595601,Geungnakbojeon,Kŭgrakbojŏn,National Treasures of South Korea,34.738777777,126.686777777,http://www.wikidata.org/entity/Q12595601
Q12595601,Geungnakbojeon,Kŭngnakbojŏn,National Treasures of South Korea,34.738777777,126.686777777,http://www.wikidata.org/entity/Q12595601
Q12595609,Mujangeupseong,Gochang Mujang-hyeon Government Office and Eupseong,fortified town,35.4188564,126.5533044,http://www.wikidata.org/entity/Q12595609
Q12595609,Mujangeupseong,"Mujang-hyeon Government Office and Town Wall, Gochang",fortified town,35.4188564,126.5533044,http://www.wikidata.org/entity/Q12595609
Q12595625,Muju-eup,Muju,eup of South Korea,36.01172,127.65602,http://www.wikidata.org/entity/Q12595625
Q12595720,Cheongju Munmunsan-gwan,Cheongju Munsan Hall,cultural heritage,36.507222222,127.493611111,http://www.wikidata.org/entity/Q12595720
Q12595725,Munsan,Munsan-eup,eup of South Korea,35.15549,128.17784,http://www.wikidata.org/entity/Q12595725
Q12595748,Munsusan (Yongin),Munsusan Mountain (Yongin),mountain,37.324987,127.20005,http://www.wikidata.org/entity/Q12595748
Q12595776,Munui-myeon,문의면,myeon,36.47787,127.51119,http://www.wikidata.org/entity/Q12595776
Q12595776,Munui-myeon,文義面,myeon,36.47787,127.51119,http://www.wikidata.org/entity/Q12595776
Q12595845,Munmunseowon,Seocheon Munhak Seowon,seowon,36.091666666,126.781388888,http://www.wikidata.org/entity/Q12595845
Q12607626,Yesan-eup,Yesan,eup of South Korea,36.70621,126.85978,http://www.wikidata.org/entity/Q12607626
Q12607757,Onam,Onam-eup,eup of South Korea,37.69103,127.23074,http://www.wikidata.org/entity/Q12607757
Q12607921,Osong Medical Innovation Foundation,KBIO,organization,36.620716,127.327314,http://www.wikidata.org/entity/Q12607921
Q12607921,Osong Medical Innovation Foundation,KBIO Health,organization,36.620716,127.327314,http://www.wikidata.org/entity/Q12607921
Q12607921,Osong Medical Innovation Foundation,Osong advanced medical Industry Promotion Foundation,organization,36.620716,127.327314,http://www.wikidata.org/entity/Q12607921
Q12601266,Seoul Seongbuk Fire Station,Seongbuk Fire Station,fire station,37.602393,127.03174,http://www.wikidata.org/entity/Q12601266
Q12601269,Seoul Songpa Post Office,Songpa Post Office,post office,37.502487,127.128012,http://www.wikidata.org/entity/Q12601269
Q12601290,Seoul Yangcheon Fire Station,Yangcheon Fire Station,fire station,37.530116666,126.872266666,http://www.wikidata.org/entity/Q12601290
Q12601292,Seoul Women’s College of Nursing,SWCN,private university,37.597472222,126.947416666,http://www.wikidata.org/entity/Q12601292
Q12601297,Seoul Yeongdeungpo Fire Station,Yeongdeungpo Fire Station,fire station,37.5184,126.904172222,http://www.wikidata.org/entity/Q12601297
Q12601307,Seoul Yongsan Fire Station,Yongsan Fire Station,fire station,37.534072222,126.971505555,http://www.wikidata.org/entity/Q12601307
Q12601330,Seoul Jungnang Fire Station,Jungnang Fire Station,fire station,37.615344444,127.094872222,http://www.wikidata.org/entity/Q12601330
Q12601332,Seoul Jungbu Fire Station,Central Seoul Fire Station,fire station,37.564827777,127.015355555,http://www.wikidata.org/entity/Q12601332
Q12601358,Seoul Metropolitan Seobuk Hospital,North-west Seoul Hospital,hospital,37.603984,126.904172,http://www.wikidata.org/entity/Q12601358
Q12601358,Seoul Metropolitan Seobuk Hospital,Seobuk Hospital,hospital,37.603984,126.904172,http://www.wikidata.org/entity/Q12601358
Q12601363,Seoul Metropolitan Eunpyeong Hospital,Eunpyeong Hospital,hospital,37.594004,126.923233,http://www.wikidata.org/entity/Q12601363
Q10855565,National Children’s Science Center,Seoul National Science Museum,museum,37.58225,126.996972222,http://www.wikidata.org/entity/Q10855565
Q10855566,National Institute of Fisheries Science,National Fisheries Research & Development Institute,research institute,35.19122,129.222851,http://www.wikidata.org/entity/Q10855566
Q10855566,National Institute of Fisheries Science,National Fisheries Research and Development Institute,research institute,35.19122,129.222851,http://www.wikidata.org/entity/Q10855566
Q10855566,National Institute of Fisheries Science,NFRDI),research institute,35.19122,129.222851,http://www.wikidata.org/entity/Q10855566
Q10855906,Gimcheon Junction,Gimcheon JC,road junction,36.159636111,128.266272222,http://www.wikidata.org/entity/Q10855906
Q10855907,Kimcheon Science College,Gyeongbuk College of Health,private university,36.13838,128.08436,http://www.wikidata.org/entity/Q10855907
Q10856086,Namtaeryeong,Namtaeryeonggogae,mountain pass,37.458333333,126.988333333,http://www.wikidata.org/entity/Q10856086
Q10856217,Nohwa,Nohwa-eup,eup of South Korea,34.19936,126.56517,http://www.wikidata.org/entity/Q10856217
Q10856217,Nohwa,Rohwa,eup of South Korea,34.19936,126.56517,http://www.wikidata.org/entity/Q10856217
Q10938507,Government Complex Seoul,Central Government Complex,building of public administration,37.57488251,126.9752121,http://www.wikidata.org/entity/Q10938507
Q11077498,Seoul Seodaemun Police Station,Seodaemun Police Station,police station,37.564902,126.966785,http://www.wikidata.org/entity/Q11077498
Q11077564,Seoul Jungbu Police Station,Central Seoul Police Station,police station,37.563514,126.989614,http://www.wikidata.org/entity/Q11077564
Q11077564,Seoul Jungbu Police Station,Jungbu Police Station,police station,37.563514,126.989614,http://www.wikidata.org/entity/Q11077564
Q11077657,Seoul Namdaemun Police Station,Namdaemun Police Station,police station,37.554888888,126.973388888,http://www.wikidata.org/entity/Q11077657
Q11078902,Seoul Jongno Police Station,Jongno Police Station,police station,37.575658,126.984875,http://www.wikidata.org/entity/Q11078902
Q11079174,Seoul Yongsan Police Station,Yongsan Police Station,police station,37.541213,126.967773,http://www.wikidata.org/entity/Q11079174
Q6431743,Korea University Medical Center,KUMC,medical organization,37.589382,127.025913,http://www.wikidata.org/entity/Q6431743
Q6431745,Korea University Museum,The University Museum,museum,37.5893,127.0347,http://www.wikidata.org/entity/Q6431745
Q6431747,Korea University Sejong Campus,Korea University Sejeong Campus,university,36.6107,127.2879,http://www.wikidata.org/entity/Q6431747
Q6431749,Korea University of Technology and Education,Koreatech,private university,36.7637,127.282,http://www.wikidata.org/entity/Q6431749
Q6431840,Korean Film Archive,KOFA,film archive,37.72,126.692222222,http://www.wikidata.org/entity/Q6431840
Q6431874,Korean Minjok Leadership Academy,KMLA,boarding school,37.46,128.143,http://www.wikidata.org/entity/Q6431874
Q6431893,Korean Ocean Research and Development Institute,Korea Ocean Research and Development Institute,institute,37.285896,126.834161,http://www.wikidata.org/entity/Q6431893
Q6432048,Hotel Koreana,Koreana Hotel,hotel,37.56833333,126.97638889,http://www.wikidata.org/entity/Q6432048
Q6445757,Seoul Seongdong Police Station,Seongdong Police Station,police station,37.561837,127.036491,http://www.wikidata.org/entity/Q6445757
Q6447174,Masan Jungbu Police Station,Jungbu Police Station,police station,35.19216,128.563938,http://www.wikidata.org/entity/Q6447174
Q6447174,Masan Jungbu Police Station,Central Masan Police Station,police station,35.19216,128.563938,http://www.wikidata.org/entity/Q6447174
Q6447214,Masan Dongbu Police Station,Dongbu Police Station,police station,35.238139,128.590246,http://www.wikidata.org/entity/Q6447214
Q6447214,Masan Dongbu Police Station,Eastern Masan Police Station,police station,35.238139,128.590246,http://www.wikidata.org/entity/Q6447214
Q6447276,Changwon Jungbu Police Station,Jungbu Police Station,police station,35.228472,128.686049,http://www.wikidata.org/entity/Q6447276
Q6447276,Changwon Jungbu Police Station,Central Changwon Police Station,police station,35.228472,128.686049,http://www.wikidata.org/entity/Q6447276
Q6447317,Changwon Seobu Police Station,Seobu Police Station,police station,35.252139,128.637079,http://www.wikidata.org/entity/Q6447317
Q6447317,Changwon Seobu Police Station,Western Changwon Police Station,police station,35.252139,128.637079,http://www.wikidata.org/entity/Q6447317
Q1378602,Sobaek Mountains,Sobaeksanmaek,mountain range,35.337777777,127.730555555,http://www.wikidata.org/entity/Q1378602
Q1455457,French Revolution,French Revolution2 VR,roller coaster,37.510365551,127.097391195,http://www.wikidata.org/entity/Q1455457
Q1583121,Airport station,Gwangju Airport Station,metro station,35.1441,126.812,http://www.wikidata.org/entity/Q1583121
Q1586272,Daedong Station,Dae-dong Station,metro station,36.3295,127.443,http://www.wikidata.org/entity/Q1586272
Q7409597,Samjeon Station,Station 931,metro station,37.50453,127.08721,http://www.wikidata.org/entity/Q7409597
Q7413177,Samyeongsan,mt Samyeong,mountain,38.08333333,127.9,http://www.wikidata.org/entity/Q7413177
Q7413177,Samyeongsan,Samyeong mountain,mountain,38.08333333,127.9,http://www.wikidata.org/entity/Q7413177
Q7420953,Sapgyo,Sapgyo-eup,eup of South Korea,36.686388888,126.736666666,http://www.wikidata.org/entity/Q7420953
Q7420953,Sapgyo,Sapkyo,eup of South Korea,36.686388888,126.736666666,http://www.wikidata.org/entity/Q7420953
Q7422037,Busan Sasang Fire Station,sasang Fire Station,fire station,35.174605555,128.978688888,http://www.wikidata.org/entity/Q7422037
Q7422301,Busan Jungbu Fire Station,Central Busan Fire Station,fire station,35.107011111,129.036752777,http://www.wikidata.org/entity/Q7422301
Q7428260,Savina Museum,Savina Museum {{Infobox Korean name|child=yes |hangul = 사비나미술관 |hanja = 사비나{{linktext|美術館}} |rr = Sabina misulgwan |mr = Sabina misulkwan }},art museum,37.5765,126.985,http://www.wikidata.org/entity/Q7428260
Q7451596,Seongjusa,Boryeong Seongjusa Temple Site,temple,36.3443,126.656,http://www.wikidata.org/entity/Q7451596
Q12599045,Bukgwangju Post Office,Northern Gwangju Post Office,post office,35.160379,126.901262,http://www.wikidata.org/entity/Q12599045
Q12599069,Bukbaesan,Pukpae-san,mountain,37.920408,127.612645,http://www.wikidata.org/entity/Q12599069
Q12599133,Information Center on North Korea,Information center on North Korea,documentation centre,37.49757,127.00297,http://www.wikidata.org/entity/Q12599133
Q12599251,Gwangyang Bulamsanseong,Gwangyang Bulamsanseong Fortress,fortress,35.038333333,127.716666666,http://www.wikidata.org/entity/Q12599251
Q12599255,Bulyeongsa Temple,Buryeong-sa,Buddhist temple,36.9406,129.274,http://www.wikidata.org/entity/Q12599255
Q12599255,Bulyeongsa Temple,Puryŏng sa,Buddhist temple,36.9406,129.274,http://www.wikidata.org/entity/Q12599255
Q12599527,Bilemot Cave,"Billemotdonggul Lava Tube in Eoeum-ri ,",natural monument,33.404333333,126.349777777,http://www.wikidata.org/entity/Q12599527
Q12599527,Bilemot Cave,Jeju Eeum-ri Bilemot Cave,natural monument,33.404333333,126.349777777,http://www.wikidata.org/entity/Q12599527
Q12599605,Hamyang Sageun Fortress,Hamyang Sageunsanseong Fortress,fortress,35.547222222,127.785,http://www.wikidata.org/entity/Q12599605
Q12599696,Saryang-myeon,Saryangmyeon,myeon,34.82706,128.21013,http://www.wikidata.org/entity/Q12599696
Q12599751,Sabuk,Sabuk-eup,eup of South Korea,37.22759,128.82122,http://www.wikidata.org/entity/Q12599751
Q6458430,GS Tower,GS Gangnam Tower,skyscraper,37.502423,127.037589,http://www.wikidata.org/entity/Q6458430
Q6458430,GS Tower,LG Gangnam Tower,skyscraper,37.502423,127.037589,http://www.wikidata.org/entity/Q6458430
Q6674241,Presbyterian University and Theological Seminary,PUTS,educational institution,37.550472222,127.103472222,http://www.wikidata.org/entity/Q6674241
Q6674642,Jangan,Changan,eup of South Korea,35.34657,129.24639,http://www.wikidata.org/entity/Q6674642
Q6674642,Jangan,Jangan-eup,eup of South Korea,35.34657,129.24639,http://www.wikidata.org/entity/Q6674642
Q6705649,Luther University,Luther Theological University,seminary,37.26527786,127.11316681,http://www.wikidata.org/entity/Q6705649
Q6729143,Maeil Broadcasting Network,MBN,television station,37.560475,126.9928191,http://www.wikidata.org/entity/Q6729143
Q6750353,"Gimnyeong Cave, Manjanggul Cave",Manjanggul,natural monument,33.52825,126.770138888,http://www.wikidata.org/entity/Q6750353
Q6761875,Jebudo,Chebu-do,island,37.168611111,126.621666666,http://www.wikidata.org/entity/Q6761875
Q12589099,Gimpo Science Technology High School,Gimpo Jeil Technical High School,high school in South Korea,37.620733,126.709449,http://www.wikidata.org/entity/Q12589099
Q12589190,Gimhae Yeong-Un High School,Gimhae Yeongun High School,high school,35.254226,128.905718,http://www.wikidata.org/entity/Q12589190
Q12589190,Gimhae Yeong-Un High School,Yeong-Un High School,high school,35.254226,128.905718,http://www.wikidata.org/entity/Q12589190
Q12589684,Sanctuary of Migratory Birds at Nakdonggang River Estuary,Eulsukdo Migratory Bird Sanctuary,natural monument,35.10575,128.942444444,http://www.wikidata.org/entity/Q12589684
Q12589757,Namgye Seowon,Hamyang Namgyeseowon,seowon,35.548888888,127.783611111,http://www.wikidata.org/entity/Q12589757
Q12589757,Namgye Seowon,Namgyeseowon,seowon,35.548888888,127.783611111,http://www.wikidata.org/entity/Q12589757
Q12589810,Guktojeongjungang-myeon,Nam-myeon,myeon,38.08021,128.04912,http://www.wikidata.org/entity/Q12589810
Q12599875,Sacheon Seongnae-ri Zelkova Tree,Sacheon Seongnae-ri Bijanamu,cultural heritage,35.057222222,127.959722222,http://www.wikidata.org/entity/Q12599875
Q12599887,Sacheon-eup,Sacheon,eup of South Korea,35.08276,128.09037,http://www.wikidata.org/entity/Q12599887
Q12599887,Sacheon-eup,Sachon,eup of South Korea,35.08276,128.09037,http://www.wikidata.org/entity/Q12599887
Q12600532,Sangju Unpyeong-ri Gusang Granite,"Orbicular Granite in Unpyeong-ri, Sangju",cultural heritage,36.376666666,128.213611111,http://www.wikidata.org/entity/Q12600532
Q12600532,Sangju Unpyeong-ri Gusang Granite,Sangju Unpyeong-ri Spherical Granite,cultural heritage,36.376666666,128.213611111,http://www.wikidata.org/entity/Q12600532
Q12600802,Seogwangju IC,West Gwangju IC,interchange,35.184876172,126.882619053,http://www.wikidata.org/entity/Q12600802
Q12600803,Seogwangju Post Office,Western Gwangju Post Office,post office,35.146546,126.87199,http://www.wikidata.org/entity/Q12600803
Q12600968,Seosan High School,Seosan-go,high school,36.71578,126.546718,http://www.wikidata.org/entity/Q12600968
Q12600968,Seosan High School,Seosango,high school,36.71578,126.546718,http://www.wikidata.org/entity/Q12600968
Q12461893,Pangyo Techno Valley,PTV,technology center,37.403726111,127.105096388,http://www.wikidata.org/entity/Q12461893
Q12485627,"Heungdeok Temple Site, Cheongju",Heungdeoksa,temple,36.643888888,127.471944444,http://www.wikidata.org/entity/Q12485627
Q12485627,"Heungdeok Temple Site, Cheongju",Heungdeoksa Temple site,temple,36.643888888,127.471944444,http://www.wikidata.org/entity/Q12485627
Q12506721,Bogildo,Bogil Island,island,34.155833333,126.539444444,http://www.wikidata.org/entity/Q12506721
Q12506721,Bogildo,Pogil-to,island,34.155833333,126.539444444,http://www.wikidata.org/entity/Q12506721
Q12582289,Jungangtap-myeon,Gageum-myeon,myeon,37.029722222,127.850833333,http://www.wikidata.org/entity/Q12582289
Q12582309,Garak Interchange,Garak IC,interchange,35.165347,128.891903,http://www.wikidata.org/entity/Q12582309
Q12582404,Gaya,Kaya,eup of South Korea,35.27193,128.39785,http://www.wikidata.org/entity/Q12582404
Q12582404,Gaya,Gaya-eup,eup of South Korea,35.27193,128.39785,http://www.wikidata.org/entity/Q12582404
Q12582465,Gajo Interchange,Gajo IC,interchange,35.703947,128.027892,http://www.wikidata.org/entity/Q12582465
Q12582467,Gajo Bridge,Gajo Arch Bridge,bridge,34.925933792,128.527443639,http://www.wikidata.org/entity/Q12582467
Q12582477,Gajwa Interchange,Gajwa IC,interchange,37.484528,126.674919,http://www.wikidata.org/entity/Q12582477
Q12601099,Seoul Samcheong-dong Thuja,"Oriental Arborvitae of Samcheong-dong, Seoul",cultural heritage,37.584722222,126.980833333,http://www.wikidata.org/entity/Q12601099
Q12601128,Seoul Jogyesa Baeksong,"Lacebark Pine of Jogyesa Temple, Seoul",cultural heritage,37.574166666,126.981944444,http://www.wikidata.org/entity/Q12601128
Q12601140,Seoul Gangseo Fire Station,Gangseo Fire Station,fire station,37.558044444,126.859969444,http://www.wikidata.org/entity/Q12601140
Q12601159,Seoul Gwanak Fire Station,Gwanak Fire Station,fire station,37.473777777,126.952538888,http://www.wikidata.org/entity/Q12601159
Q12601161,Seoul Gwangjin Fire Station,Gwangjin Fire Station,fire station,37.544761111,127.082813888,http://www.wikidata.org/entity/Q12601161
Q12601163,Seoul Guro Fire Station,Guro Fire Station,fire station,37.497838888,126.865419444,http://www.wikidata.org/entity/Q12601163
Q12601166,Seoul Detention Center,Seoul Prison,prison,37.39672222,126.99155556,http://www.wikidata.org/entity/Q12601166
Q12601179,Seoul Nowon Fire Station,Nowon Fire Station,fire station,37.638113888,127.071088888,http://www.wikidata.org/entity/Q12601179
Q12601191,Seoul National University School of Law,Seoul National University College of Law,law school,37.4625,126.951666666,http://www.wikidata.org/entity/Q12601191
Q12601191,Seoul National University School of Law,Seoul National University Law School,law school,37.4625,126.951666666,http://www.wikidata.org/entity/Q12601191
Q12601191,Seoul National University School of Law,SNU Law,law school,37.4625,126.951666666,http://www.wikidata.org/entity/Q12601191
Q12601191,Seoul National University School of Law,SNU Law school,law school,37.4625,126.951666666,http://www.wikidata.org/entity/Q12601191
Q12601205,Seoul Dobong Fire Station,Dobong Fire Station,fire station,37.664011111,127.043377777,http://www.wikidata.org/entity/Q12601205
Q12601210,Seoul Urban Science Technical High School,SUSTHS,high school in South Korea,37.607309,127.032476,http://www.wikidata.org/entity/Q12601210
Q12601212,Seoul Dongdaemun Fire Station,Dongdaemun Fire Station,fire station,37.563869444,127.066805555,http://www.wikidata.org/entity/Q12601212
Q12601255,Seoul Seodaemun Fire Station,Seodaemun Fire Station,fire station,37.573116666,126.936008333,http://www.wikidata.org/entity/Q12601255
Q12601259,Seoul Seocho Fire Station,Seocho Fire Station,fire station,37.498580555,126.991958333,http://www.wikidata.org/entity/Q12601259
Q12601260,Seoul Seocho Post Office,Seocho Post Office,post office,37.469853,127.041298,http://www.wikidata.org/entity/Q12601260
Q12604364,Shinseong Girls' Middle School,Divine Girls' Middle School,middle school,33.477185,126.563753,http://www.wikidata.org/entity/Q12604364
Q6450185,Kwangwoon Artificial Intelligence High School,Kwangwoon Electronic Technical High School,high school in South Korea,37.620791,127.056287,http://www.wikidata.org/entity/Q6450185
Q6763186,Taegangneung,태강릉,burial plot,37.6347,127.0969,http://www.wikidata.org/entity/Q6763186
Q6783462,Gijang,Kijang,eup of South Korea,35.22219,129.20766,http://www.wikidata.org/entity/Q6783462
Q6783462,Gijang,Gijang-eup,eup of South Korea,35.22219,129.20766,http://www.wikidata.org/entity/Q6783462
Q12583575,University of Gyeongnam Namhae,Gyeongnam Provincial Namhae College,public university,34.837266666,127.898172222,http://www.wikidata.org/entity/Q12583575
Q12583588,Kyungnam College of Information and Technology,KIT,educational institution,35.147422,129.01217,http://www.wikidata.org/entity/Q12583588
Q12583630,Gyeongmo Shrine,Gyeongmojeon,cultural heritage,37.580194444,126.99925,http://www.wikidata.org/entity/Q12583630
Q12583644,Gyeongbokgung Palace Jagyeongjeon,Jagyeongjeon,building,37.579616666,126.977688888,http://www.wikidata.org/entity/Q12583644
Q12585995,Gunwi,Gunwi-eup,eup of South Korea,36.23392,128.572,http://www.wikidata.org/entity/Q12585995
Q12585995,Gunwi,Kunwi,eup of South Korea,36.23392,128.572,http://www.wikidata.org/entity/Q12585995
Q12586270,Grand InterContinental Seoul Parnas,InterContinental Grand Seoul Parnas,hotel,37.50848333,127.061025,http://www.wikidata.org/entity/Q12586270
Q12586319,Korea Polar Research Institute,KOPRI,research institute,37.385276,126.642481,http://www.wikidata.org/entity/Q12586319
Q12586319,Korea Polar Research Institute,Korean Polar Research Institute,research institute,37.385276,126.642481,http://www.wikidata.org/entity/Q12586319
Q12586344,Gaui-do,Kaŭi-do,island,36.675555555,126.072777777,http://www.wikidata.org/entity/Q12586344
Q12586420,Geumnam-myeon,Geumnam-myeon (Hadong-gun),myeon,34.97441,127.85552,http://www.wikidata.org/entity/Q12586420
Q12586471,International Ginseng & Herb Research Institute,IGHRI,facility,36.60193,126.668626,http://www.wikidata.org/entity/Q12586471
Q12586477,Kumsan Industry High School,Geumsan Industrial High School,high school,36.104168,127.478966,http://www.wikidata.org/entity/Q12586477
Q12586480,Geumsan-eup,Geumsan,eup of South Korea,36.09517,127.47267,http://www.wikidata.org/entity/Q12586480
Q12586480,Geumsan-eup,Kumsan,eup of South Korea,36.09517,127.47267,http://www.wikidata.org/entity/Q12586480
Q486172,Nakseongdae,Nakseongdae Park,park,37.47105556,126.96,http://www.wikidata.org/entity/Q486172
Q486345,SK Olympic Handball Gymnasium,Olympic Gymnasium No. 2,sports venue,37.517345,127.126313,http://www.wikidata.org/entity/Q486345
Q486345,SK Olympic Handball Gymnasium,Seoul Olympic Gymnasium,sports venue,37.517345,127.126313,http://www.wikidata.org/entity/Q486345
Q486345,SK Olympic Handball Gymnasium,SK Handball Stadium,sports venue,37.517345,127.126313,http://www.wikidata.org/entity/Q486345
Q486345,SK Olympic Handball Gymnasium,ticketLINK Live Arena,sports venue,37.517345,127.126313,http://www.wikidata.org/entity/Q486345
Q5651476,Hanzhong University,Donghae Technical College,private university,37.50441667,129.08766667,http://www.wikidata.org/entity/Q5651476
Q5651476,Hanzhong University,Donghae University,private university,37.50441667,129.08766667,http://www.wikidata.org/entity/Q5651476
Q5943662,Hunminjeongeum Haerye,Hunmin Chongum Manuscript,manuscript,37.57288,126.99036,http://www.wikidata.org/entity/Q5943662
Q5943662,Hunminjeongeum Haerye,Hunminjeongum,manuscript,37.57288,126.99036,http://www.wikidata.org/entity/Q5943662
Q12583010,Gangwon-do Fire Academy,Gangwon Fire Academy,fire academy,37.103591666,129.040622222,http://www.wikidata.org/entity/Q12583010
Q12583073,Gangil Interchange,Gangil IC,road junction,37.573131,127.165211,http://www.wikidata.org/entity/Q12583073
Q12583073,Gangil Interchange,Gangil Junction,road junction,37.573131,127.165211,http://www.wikidata.org/entity/Q12583073
Q12583108,Gangjin Kamakseom Evergreen Forest,Gangjin Kkamak Island Evergreen Forest,natural monument,34.449166666,126.8125,http://www.wikidata.org/entity/Q12583108
Q12583113,"Pujo tree in Sadang-ri, Gangjin","Muku Tree of Sadang-ri, Gangjin",natural monument,34.508333333,126.805555555,http://www.wikidata.org/entity/Q12583113
Q12583186,Ganghwa-eup,Ganghwa,eup of South Korea,37.75224,126.48948,http://www.wikidata.org/entity/Q12583186
Q12583186,Ganghwa-eup,Kanghwa,eup of South Korea,37.75224,126.48948,http://www.wikidata.org/entity/Q12583186
Q12586495,Altar for Prince Geumseong,Prince Geumseong Shrine of Yeongju,altar,36.926944444,128.578333333,http://www.wikidata.org/entity/Q12586495
Q12586495,Altar for Prince Geumseong,Yeongju Geumseongdaegun Shrine,altar,36.926944444,128.578333333,http://www.wikidata.org/entity/Q12586495
Q12586509,Geumsugangsan-myeon,Geumsu-myeon,myeon,35.92642,128.16339,http://www.wikidata.org/entity/Q12586509
Q12586532,Geumwang Kkotdongne Interchange,Geumwang IC,interchange,36.954814,127.551136,http://www.wikidata.org/entity/Q12586532
Q12586532,Geumwang Kkotdongne Interchange,Geumwang Kkotdongne IC,interchange,36.954814,127.551136,http://www.wikidata.org/entity/Q12586532
Q12586546,Geumiseong,Geum Yi-seong,fortress,36.6325,127.204444444,http://www.wikidata.org/entity/Q12586546
Q12586549,Geumil,Geumil-eup,eup of South Korea,34.33378,127.06021,http://www.wikidata.org/entity/Q12586549
Q12586549,Geumil,Kumil,eup of South Korea,34.33378,127.06021,http://www.wikidata.org/entity/Q12586549
Q12598146,Byeokdo Mountain,Byeokdosan,mountain,35.80675,129.1599,http://www.wikidata.org/entity/Q12598146
Q12598159,Byeokjin-myeon,Byeokjin Town,myeon,35.97599,128.20121,http://www.wikidata.org/entity/Q12598159
Q12598159,Byeokjin-myeon,Byeokjinmyeon,myeon,35.97599,128.20121,http://www.wikidata.org/entity/Q12598159
Q12598297,Bogyeongsa Temple,Pogyŏng sa,temple,36.2525,129.318,http://www.wikidata.org/entity/Q12598297
Q12585452,Gubongsan,Gubongsan Mountain (Jeonbuk),mountain,35.923333333,127.416388888,http://www.wikidata.org/entity/Q12585452
Q12585543,Gujwa,Gujwa-eup,eup of South Korea,33.5025,126.79444,http://www.wikidata.org/entity/Q12585543
Q12585543,Gujwa,Kujwa,eup of South Korea,33.5025,126.79444,http://www.wikidata.org/entity/Q12585543
Q12585546,Guji,Guji-myeon,myeon,35.65711,128.40225,http://www.wikidata.org/entity/Q12585546
Q12585602,National Institute for Mathematical Sciences,NIMS,research institute,36.401603,127.399268,http://www.wikidata.org/entity/Q12585602
Q12585635,Korea Institute of Fusion Energy,NFRI,research institute,36.377241,127.358184,http://www.wikidata.org/entity/Q12585635
Q12585635,Korea Institute of Fusion Energy,National Fusion Research Institute,research institute,36.377241,127.358184,http://www.wikidata.org/entity/Q12585635
Q12585635,Korea Institute of Fusion Energy,KFE,research institute,36.377241,127.358184,http://www.wikidata.org/entity/Q12585635
Q12585691,Korea National Park Service,KNPS,cultural institution,37.557397,126.990913,http://www.wikidata.org/entity/Q12585691
Q12585691,Korea National Park Service,Kungnip Kongwŏn Kwalli Kongdan,cultural institution,37.557397,126.990913,http://www.wikidata.org/entity/Q12585691
Q8052425,Yeoju Institute of Technology,Yeoju University,educational institution,37.30971,127.605057,http://www.wikidata.org/entity/Q8052425
Q8052461,Yeongam,Yeongam-eup,eup of South Korea,34.78763,126.72257,http://www.wikidata.org/entity/Q8052461
Q8052461,Yeongam,Yongam,eup of South Korea,34.78763,126.72257,http://www.wikidata.org/entity/Q8052461
Q8053073,Yeungnam University College,Yeungnam College of Science and Technology,academic institution,35.847,128.586,http://www.wikidata.org/entity/Q8053073
Q8058582,U1 University,Youngdong University,private university,36.19580556,127.7995,http://www.wikidata.org/entity/Q8058582
Q8058617,Youngnam Theological University and Seminary,Youngnam Seminary,seminary,35.88091667,128.81797222,http://www.wikidata.org/entity/Q8058617
Q8058617,Youngnam Theological University and Seminary,YTUS,seminary,35.88091667,128.81797222,http://www.wikidata.org/entity/Q8058617
Q8060443,Yuhan University,Yuhan College,private university,37.486811111,126.821888888,http://www.wikidata.org/entity/Q8060443
Q8060443,Yuhan University,Yuhan Daehakgyo,private university,37.486811111,126.821888888,http://www.wikidata.org/entity/Q8060443
Q8060443,Yuhan University,Yuhan Taehakkyo,private university,37.486811111,126.821888888,http://www.wikidata.org/entity/Q8060443
Q8060443,Yuhan University,Yuhan Technical College,private university,37.486811111,126.821888888,http://www.wikidata.org/entity/Q8060443
Q8060443,Yuhan University,Yuhan Technical Junior College,private university,37.486811111,126.821888888,http://www.wikidata.org/entity/Q8060443
Q8060899,Yuldong Park,Yul-dong Park,park,37.375,127.15,http://www.wikidata.org/entity/Q8060899
Q12591769,Daejeon Bukbu Fire Station,Bukbu Fire Station,fire station,36.379252777,127.378933333,http://www.wikidata.org/entity/Q12591769
Q12591769,Daejeon Bukbu Fire Station,Northern Daejeon Fire Station,fire station,36.379252777,127.378933333,http://www.wikidata.org/entity/Q12591769
Q12591771,Daejeon Seobu Fire Station,Seobu Fire Station,fire station,36.347866666,127.371127777,http://www.wikidata.org/entity/Q12591771
Q12591771,Daejeon Seobu Fire Station,Western Daejeon Fire Station,fire station,36.347866666,127.371127777,http://www.wikidata.org/entity/Q12591771
Q12591780,Daejeon Theological University,Presbyterian Daejeon Theological University,seminary,36.350527777,127.4235,http://www.wikidata.org/entity/Q12591780
Q12591792,Daejeon Jungbu Fire Station,Central Daejeon Fire Station,fire station,36.340386111,127.421944444,http://www.wikidata.org/entity/Q12591792
Q12591792,Daejeon Jungbu Fire Station,Jungbu Fire Station,fire station,36.340386111,127.421944444,http://www.wikidata.org/entity/Q12591792
Q12591922,Korean Nursing Association,KNA,organization,37.562518,127.002941,http://www.wikidata.org/entity/Q12591922
Q12592575,Korean Association for Radiation Protection,KARP,learned society,37.557251,127.045329,http://www.wikidata.org/entity/Q12592575
Q12592611,Korean Bible Society,KBS,nonprofit organization,37.484693,127.031646,http://www.wikidata.org/entity/Q12592611
Q12592618,Korean Mathematical Society,KMS,organization,37.504616,127.049393,http://www.wikidata.org/entity/Q12592618
Q12592674,Geological Society of Korea,GSK,organization,37.501534,127.030708,http://www.wikidata.org/entity/Q12592674
Q12601864,Naedong Anglican Church,Naedong Church,church building,37.474027589,126.627521985,http://www.wikidata.org/entity/Q12601864
Q12601867,Ganghwa Onsuri Anglican Church,St Andrews,church building,37.640555555,126.490277777,http://www.wikidata.org/entity/Q12601867
Q12601892,Bundang Fire Station,Seongnam Bundang Fire Station,fire station,37.385997222,127.119472222,http://www.wikidata.org/entity/Q12601892
Q12601937,Seoul Seongdong Gwangjin District Office of Education,Seongdong Gwangjin District Office of Education,board of education,37.563056,127.036715,http://www.wikidata.org/entity/Q12601937
Q12601947,Seongnyugul Cave,Seongnyugul,natural monument,36.9558893,129.379072,http://www.wikidata.org/entity/Q12601947
Q12601947,Seongnyugul Cave,Seongryugul Cave,natural monument,36.9558893,129.379072,http://www.wikidata.org/entity/Q12601947
Q12601947,Seongnyugul Cave,Songnyugul,natural monument,36.9558893,129.379072,http://www.wikidata.org/entity/Q12601947
Q12601947,Seongnyugul Cave,Uljin Seongryu Cave,natural monument,36.9558893,129.379072,http://www.wikidata.org/entity/Q12601947
Q12590816,Dasa,Tasa,eup of South Korea,35.8722,128.46564,http://www.wikidata.org/entity/Q12590816
Q12590816,Dasa,Dasa-eup,eup of South Korea,35.8722,128.46564,http://www.wikidata.org/entity/Q12590816
Q12590821,Dasan Station,Dasan Arctic Station,polar station,78.916666666,11.933333333,http://www.wikidata.org/entity/Q12590821
Q12590821,Dasan Station,Dasan Science Station,polar station,78.916666666,11.933333333,http://www.wikidata.org/entity/Q12590821
Q12590934,Dankook University Software High School,Dankook Technical High School,high school in South Korea,37.495625,127.057612,http://www.wikidata.org/entity/Q12590934
Q12590934,Dankook University Software High School,DKSH,high school in South Korea,37.495625,127.057612,http://www.wikidata.org/entity/Q12590934
Q12590983,Danyang-eup,Danyang,eup of South Korea,36.95775,128.39051,http://www.wikidata.org/entity/Q12590983
Q12590983,Danyang-eup,Tanyang,eup of South Korea,36.95775,128.39051,http://www.wikidata.org/entity/Q12590983
Q12591062,Damyang-eup,Damyang,eup of South Korea,35.31787,126.98203,http://www.wikidata.org/entity/Q12591062
Q12591062,Damyang-eup,Tamyang,eup of South Korea,35.31787,126.98203,http://www.wikidata.org/entity/Q12591062
Q12591068,Dapdong Cathedral,St. Paul's Cathedral,cathedral,37.47119,126.62969,http://www.wikidata.org/entity/Q12591068
Q12591068,Dapdong Cathedral,Cathedral of Incheon,cathedral,37.47119,126.62969,http://www.wikidata.org/entity/Q12591068
Q12591068,Dapdong Cathedral,"St. Paul's Cathedral, Incheon",cathedral,37.47119,126.62969,http://www.wikidata.org/entity/Q12591068
Q12591088,Dangsa-do,Dangsa Island,island,34.105,126.591111111,http://www.wikidata.org/entity/Q12591088
Q12591088,Dangsa-do,Geongan-do,island,34.105,126.591111111,http://www.wikidata.org/entity/Q12591088
Q12591088,Dangsa-do,Jajido,island,34.105,126.591111111,http://www.wikidata.org/entity/Q12591088
Q12591088,Dangsa-do,Tangsa-do,island,34.105,126.591111111,http://www.wikidata.org/entity/Q12591088
Q12603276,Suwon Research Institute,SRI,organization,37.264451,127.028424,http://www.wikidata.org/entity/Q12603276
Q12603276,Suwon Research Institute,Suwon Municipal Research Institute,organization,37.264451,127.028424,http://www.wikidata.org/entity/Q12603276
Q12603282,Suwon Jungbu Police Station,Jungbu Police Station,police station,37.297956,126.996282,http://www.wikidata.org/entity/Q12603282
Q12603282,Suwon Jungbu Police Station,Central Suwon Police Station,police station,37.297956,126.996282,http://www.wikidata.org/entity/Q12603282
Q12603322,Sujongsa Temple,Namyangju Sujongsa,historic site,37.5704644,127.2996304,http://www.wikidata.org/entity/Q12603322
Q12603322,Sujongsa Temple,Sujongsa,historic site,37.5704644,127.2996304,http://www.wikidata.org/entity/Q12603322
Q12603359,Suhyeonsa Temple,Suhyeonsa,historic site,36.270277777,126.678888888,http://www.wikidata.org/entity/Q12603359
Q12603446,Sunchang-eup,Sunchang,eup of South Korea,35.36723,127.13267,http://www.wikidata.org/entity/Q12603446
Q12603455,Suncheon Pyeongjung-ri Ipapa Tree,Ipapa Tree in Ssangam-myeon,natural monument,35.020277777,127.366388888,http://www.wikidata.org/entity/Q12603455
Q12603455,Suncheon Pyeongjung-ri Ipapa Tree,"Retusa Fringe Tree of Pyeongjung-ri, Suncheon",natural monument,35.020277777,127.366388888,http://www.wikidata.org/entity/Q12603455
Q12603459,Pair of Chinese Junipers at Cheonjaam Hermitage of Songgwangsa Temple,Suncheon Songgwangsa Cheonjaam Twin Incense Tree (Gopsangnamu),natural monument,34.981388888,127.29,http://www.wikidata.org/entity/Q12603459
Q12603476,Suncheon Jeil College,Suncheon Cheil University,educational institution,34.933364,127.486375,http://www.wikidata.org/entity/Q12603476
Q12603476,Suncheon Jeil College,Suncheon Jeil University,educational institution,34.933364,127.486375,http://www.wikidata.org/entity/Q12603476
Q12603527,Soongeui Women's College,Sungwon Women's University,private university,37.562095,126.982904,http://www.wikidata.org/entity/Q12603527
Q12603532,Sungui Sports Complex,Incheon Sungui Sports Complex,stadium,37.465679,126.64342,http://www.wikidata.org/entity/Q12603532
Q12603860,Seungju,Seungju-eup,eup of South Korea,35.01446,127.3614,http://www.wikidata.org/entity/Q12603860
Q12603860,Seungju,Sungju,eup of South Korea,35.01446,127.3614,http://www.wikidata.org/entity/Q12603860
Q12604064,National Institute of Food and Drug Safety Evaluation,NIFDS,research institute,36.640158,127.330262,http://www.wikidata.org/entity/Q12604064
Q12604169,Samsong-dong,Sindo-dong,dong of South Korea,37.65859,126.90053,http://www.wikidata.org/entity/Q12604169
Q12604172,"Sindoh Co., Ltd.",Sindoh,public company,37.545483333,127.059130555,http://www.wikidata.org/entity/Q12604172
Q12604172,"Sindoh Co., Ltd.",Sindoricoh,public company,37.545483333,127.059130555,http://www.wikidata.org/entity/Q12604172
Q12584692,Gongsanseong,Kongsansŏng,fortress,36.46194444,127.12722222,http://www.wikidata.org/entity/Q12584692
Q12584692,Gongsanseong,Ssangsusanseong Fortress.,fortress,36.46194444,127.12722222,http://www.wikidata.org/entity/Q12584692
Q12584692,Gongsanseong,Ungjinseong Fortress,fortress,36.46194444,127.12722222,http://www.wikidata.org/entity/Q12584692
Q12584815,Gwacheonhyanggyo,Gwacheon Hyanggyo,hyanggyo,37.431838888,126.988063888,http://www.wikidata.org/entity/Q12584815
Q12584895,Tourism Management Research Organization,TMRO,organization,37.507861,127.055543,http://www.wikidata.org/entity/Q12584895
Q12584895,Tourism Management Research Organization,Tourism Management Association of Korea,organization,37.507861,127.055543,http://www.wikidata.org/entity/Q12584895
Q12584901,Gwandeokjeong,Jeju Gwandeokjeong,cultural heritage,33.513338888,126.521538888,http://www.wikidata.org/entity/Q12584901
Q12584917,Gwansan,Gwansan-eup,eup of South Korea,34.55056,126.93704,http://www.wikidata.org/entity/Q12584917
Q12584917,Gwansan,Kwansan,eup of South Korea,34.55056,126.93704,http://www.wikidata.org/entity/Q12584917
Q12584992,Gyeonggi Aviation High School,Gwangmyeong Technical High School,high school,37.473584,126.857391,http://www.wikidata.org/entity/Q12584992
Q12585044,Gwangyang-eup Water and Ipop Trees,Gwangyangeupsu Grove and Retusa Fringe Trees,natural monument,34.969722222,127.591666666,http://www.wikidata.org/entity/Q12585044
Q12586600,Homaesil-dong,Geumho-dong,dong of South Korea,37.26496,126.94775,http://www.wikidata.org/entity/Q12586600
Q12586603,Geumho,Geumho-eup,eup of South Korea,35.91857,128.89872,http://www.wikidata.org/entity/Q12586603
Q12586603,Geumho,Kumho,eup of South Korea,35.91857,128.89872,http://www.wikidata.org/entity/Q12586603
Q12586769,Institute for Basic Science,SII,research institute,36.376587,127.384822,http://www.wikidata.org/entity/Q12586769
Q12586769,Institute for Basic Science,El Instituto de Ciencias Básicas,research institute,36.376587,127.384822,http://www.wikidata.org/entity/Q12586769
Q12592972,Dalseong Dodong Seowon,Dodong Seowon,seowon,35.701242,128.371575,http://www.wikidata.org/entity/Q12592972
Q12593049,Doyang,Doyang-eup,eup of South Korea,34.52785,127.14974,http://www.wikidata.org/entity/Q12593049
Q12593049,Doyang,Toyang,eup of South Korea,34.52785,127.14974,http://www.wikidata.org/entity/Q12593049
Q12593069,Mount Doeumsan,Doeumsan Mountain,mountain,36.07652,129.27797,http://www.wikidata.org/entity/Q12593069
Q12593069,Mount Doeumsan,Toŭm-san,mountain,36.07652,129.27797,http://www.wikidata.org/entity/Q12593069
Q12593195,Dolsan,Dolsan-eup,eup of South Korea,34.64,127.76,http://www.wikidata.org/entity/Q12593195
Q12593195,Dolsan,Tolsan,eup of South Korea,34.64,127.76,http://www.wikidata.org/entity/Q12593195
Q12593318,Yeonggwimi-myeon,Dong-myeon,myeon,37.66008,128.00324,http://www.wikidata.org/entity/Q12593318
Q12596146,Michuhol Library,Michuhol Doseogwan,library,37.447101,126.725111,http://www.wikidata.org/entity/Q12596146
Q12597388,Bannam,Bannam-myeon,myeon,34.9106,126.65419,http://www.wikidata.org/entity/Q12597388
Q12597673,Pai Chai Hakdang,Baejae Academy,secondary school,37.563333333,126.972222222,http://www.wikidata.org/entity/Q12597673
Q12597755,Baengnyong Cave,Beakryong Cave,cave,37.277777777,128.576944444,http://www.wikidata.org/entity/Q12597755
Q12597755,Baengnyong Cave,Pyeongchang Baekryong Cave,cave,37.277777777,128.576944444,http://www.wikidata.org/entity/Q12597755
Q12597787,Baeksanseong Fortress,Buan Baeksanseong,fortress,35.719166666,126.808055555,http://www.wikidata.org/entity/Q12597787
Q12597797,Baekseok,Baekseok-eup,eup of South Korea,37.78667,126.97589,http://www.wikidata.org/entity/Q12597797
Q12597797,Baekseok,Paeksok,eup of South Korea,37.78667,126.97589,http://www.wikidata.org/entity/Q12597797
Q12597807,Baeksu,Baeksu-eup,eup of South Korea,35.2985,126.39896,http://www.wikidata.org/entity/Q12597807
Q12597807,Baeksu,Paeksu,eup of South Korea,35.2985,126.39896,http://www.wikidata.org/entity/Q12597807
Q12597827,Baegado,Baega Island,island,37.088333333,125.953055555,http://www.wikidata.org/entity/Q12597827
Q12597827,Baegado,Paega-do,island,37.088333333,125.953055555,http://www.wikidata.org/entity/Q12597827
Q12597831,Baegam-myeon,Baegam,myeon,37.14117,127.37901,http://www.wikidata.org/entity/Q12597831
Q12597992,Beolgyo,Beolgyo-eup,eup of South Korea,34.86667,127.33333,http://www.wikidata.org/entity/Q12597992
Q12597992,Beolgyo,Polgyo,eup of South Korea,34.86667,127.33333,http://www.wikidata.org/entity/Q12597992
Q12598074,Korean Association of Law Schools,Law School Council,educational institution,37.560799,126.999829,http://www.wikidata.org/entity/Q12598074
Q12598074,Korean Association of Law Schools,Law School Graduate School Council,educational institution,37.560799,126.999829,http://www.wikidata.org/entity/Q12598074
Q12601366,Seoul Cheongwadae Fire Bridge,Presidential Fire Bridge,fire station,37.480352777,127.022152777,http://www.wikidata.org/entity/Q12601366
Q12601367,Seoul Special Rescue Squad,Seoul Fire Aviation Squad,fire station,37.553205555,126.789088888,http://www.wikidata.org/entity/Q12601367
Q12601388,Seoul municipal council,Seoul Metropolitan Council,city council,37.567777777,126.976666666,http://www.wikidata.org/entity/Q12601388
Q12601446,Seojeong University,Seojeong College,private university,37.857224,127.037928,http://www.wikidata.org/entity/Q12601446
Q12601494,Seocheon Bridge,Seocheon Bridge (Gyeongju-si),bridge,35.8239363,129.1666957,http://www.wikidata.org/entity/Q12601494
Q12601494,Seocheon Bridge,Seocheongyo,bridge,35.8239363,129.1666957,http://www.wikidata.org/entity/Q12601494
Q12601507,Seochulji Pond,Seochulji,artificial pond,35.796388888,129.241944444,http://www.wikidata.org/entity/Q12601507
Q12601507,Seochulji Pond,Sochulji,artificial pond,35.796388888,129.241944444,http://www.wikidata.org/entity/Q12601507
Q12601507,Seochulji Pond,Sŏchulji,artificial pond,35.796388888,129.241944444,http://www.wikidata.org/entity/Q12601507
Q12601574,Seoknamsa,Seoknamsa (Ulju-gun),temple,35.6214,129.033,http://www.wikidata.org/entity/Q12601574
Q12601621,Dankook University Seokjuseon Memorial Museum,Seok Ju-Seon Memorial Museum,museum,37.3191,127.1281,http://www.wikidata.org/entity/Q12601621
Q12601738,Seonyudo,Seonyudo Park,river island,37.543694444,126.899805555,http://www.wikidata.org/entity/Q12601738
Q12601846,Seonggeosan,Mount Seonggeo,mountain,36.8509,127.2268,http://www.wikidata.org/entity/Q12601846
Q12601849,Seonggeo,Seonggeo-eup,eup of South Korea,36.87646,127.1967,http://www.wikidata.org/entity/Q12601849
Q12601849,Seonggeo,Songgo,eup of South Korea,36.87646,127.1967,http://www.wikidata.org/entity/Q12601849
Q12593579,Dongtan Global High School,DGHS,high school in South Korea,37.188611,127.07803,http://www.wikidata.org/entity/Q12593579
Q12593595,Donghae Kwanghee High School,Kwanghee High School,high school,37.489943,129.104153,http://www.wikidata.org/entity/Q12593595
Q12593839,Dilkusha,Albert Taylor House,house,37.573055555,126.963611111,http://www.wikidata.org/entity/Q12593839
Q12593839,Dilkusha,"Dilkusha, Seoul",house,37.573055555,126.963611111,http://www.wikidata.org/entity/Q12593839
Q12598693,Juwangsan-myeon,Budong-myeon,myeon,36.36487,129.15407,http://www.wikidata.org/entity/Q12598693
Q12598711,Bubal,Pubal,eup of South Korea,37.27026,127.5061,http://www.wikidata.org/entity/Q12598711
Q12598711,Bubal,Bubal-eup,eup of South Korea,37.27026,127.5061,http://www.wikidata.org/entity/Q12598711
Q12598736,"Crepe myrtle tree in Yangjeong-dong, Busan",Busan Yangjeong-dong Barong tree,natural monument,35.177944444,129.061444444,http://www.wikidata.org/entity/Q12598736
Q12598738,Busan Jwasuyeong Shrine Gomsol,"Black Pine at Jwasuyeong Fortress Site, Busan",natural monument,35.171111111,129.113611111,http://www.wikidata.org/entity/Q12598738
Q12598765,The Busan Metropolitan Simin Municipal Library,Busan Metropolitan City Citizen's Library,cultural institution,35.183651,129.050157,http://www.wikidata.org/entity/Q12598765
Q12598765,The Busan Metropolitan Simin Municipal Library,Busan Metropolitan City Lip City Library,cultural institution,35.183651,129.050157,http://www.wikidata.org/entity/Q12598765
Q12607960,Osipcheon,Osipcheon (Samcheok City),river,37.1903,129.0364,http://www.wikidata.org/entity/Q12607960
Q12608061,Ojukheon,Ojukheon House,,37.778559444,128.877776388,http://www.wikidata.org/entity/Q12608061
Q12608169,Okgu,Okgu-eup,eup of South Korea,35.90986,126.6882,http://www.wikidata.org/entity/Q12608169
Q12608169,Okgu,Okku,eup of South Korea,35.90986,126.6882,http://www.wikidata.org/entity/Q12608169
Q12608220,Okcheonsa Temple,Goseongokcheonsa Temple,historic site,35.0802944,128.2597789,http://www.wikidata.org/entity/Q12608220
Q12608220,Okcheonsa Temple,Okcheonsa,historic site,35.0802944,128.2597789,http://www.wikidata.org/entity/Q12608220
Q12608220,Okcheonsa Temple,Yeonhwasan Okcheonsa Temple,historic site,35.0802944,128.2597789,http://www.wikidata.org/entity/Q12608220
Q12608241,Olleung,온릉,burial plot,37.72,126.9508,http://www.wikidata.org/entity/Q12608241
Q12608246,Onsan,Onsan-eup,eup of South Korea,35.41667,129.33333,http://www.wikidata.org/entity/Q12608246
Q12608320,Ongjin Baeknyeongdo Jincheon-ri Gamlamampohak Basalt Distribution Site,"Peridotite Xenolith-Bearing Basalt in Jinchon-ri, Baengnyeongdo Island, Ongjin",natural monument,37.975805555,124.730444444,http://www.wikidata.org/entity/Q12608320
Q12608322,Ongjin Shindo breeding site for yellow-billed egrets and black-tailed gulls,Ongjin Shindo Yellow-billed Egret and Black-tailed Gull Breeding Ground,island,37.5075,126.045,http://www.wikidata.org/entity/Q12608322
Q12608322,Ongjin Shindo breeding site for yellow-billed egrets and black-tailed gulls,Shindo (Jangbong-ri),island,37.5075,126.045,http://www.wikidata.org/entity/Q12608322
Q12608338,Wabu,Wabu-eup,eup of South Korea,37.5917,127.24639,http://www.wikidata.org/entity/Q12608338
Q12608357,Wando Daemun-ri Mogamju Tree Grove,Grove of Golden Rain Trees in Daemun ri Wando,natural monument,34.3622075,126.6420171,http://www.wikidata.org/entity/Q12608357
Q12608364,Wando Yejakdo Gamtangnamu,"Machi Tree of Yejakdo Island, Wando",natural monument,34.1340533,126.5666948,http://www.wikidata.org/entity/Q12608364
Q12608376,Wando-eup,Wando,eup of South Korea,34.32483,126.71528,http://www.wikidata.org/entity/Q12608376
Q12608378,Wando Vessel Traffic Service Center,Wando VTS,vessel traffic service,34.31517,126.767009,http://www.wikidata.org/entity/Q12608378
Q12608511,Waegwan Interchange,Waegwan IC,interchange,35.978194444,128.428805555,http://www.wikidata.org/entity/Q12608511
Q12608615,Dragon Mountain Fortress,Wanju Yonggyesan Fortress,fortress,36.0673613,127.3048606,http://www.wikidata.org/entity/Q12608615
Q12598409,Bowonsa,Bowonsaji,Buddhist temple,36.761802,126.602531,http://www.wikidata.org/entity/Q12598409
Q12602909,Songsan-myeon,Songsanmyeon,myeon,37.22862,126.71754,http://www.wikidata.org/entity/Q12602909
Q12598340,Boryeong Power Plant,Boryeong Power Station,natural gas-fired power station,36.402,126.49,http://www.wikidata.org/entity/Q12598340
Q12598362,Bomun Lake,Bomunho,reservoir,35.844444,129.275833,http://www.wikidata.org/entity/Q12598362
Q12598375,Bosung Bulgyo,Boseong Beolgyo Tidal Flat,natural monument,34.823988888,127.425463888,http://www.wikidata.org/entity/Q12598375
Q12598376,Boseong Beolgyo Honggyo,Boseong Beolgyo Bridge,cultural heritage,34.849904,127.338399,http://www.wikidata.org/entity/Q12598376
Q12598388,Bosung Girls' High School,Seoul Boseong Girls High School,high school,37.543112,126.9843,http://www.wikidata.org/entity/Q12598388
Q12598391,Boseong Jeonil-ri Hackberry Forest,"Forest of Japanese Hackberries in Jeonil-ri, Boseong",natural monument,34.6677915,127.0558376,http://www.wikidata.org/entity/Q12598391
Q12598392,Boseong-eup,Boseong,eup of South Korea,34.74781,127.06914,http://www.wikidata.org/entity/Q12598392
Q12598392,Boseong-eup,Posong,eup of South Korea,34.74781,127.06914,http://www.wikidata.org/entity/Q12598392
Q12598409,Bowonsa,Bowon temple site,Buddhist temple,36.761802,126.602531,http://www.wikidata.org/entity/Q12598409
Q12598421,Boeun-eup,Boeun,eup of South Korea,36.4917,127.71764,http://www.wikidata.org/entity/Q12598421
Q12598421,Boeun-eup,Poun,eup of South Korea,36.4917,127.71764,http://www.wikidata.org/entity/Q12598421
Q12598554,Boreumdo,Boeumdo,island,37.669444444,126.195555555,http://www.wikidata.org/entity/Q12598554
Q12598554,Boreumdo,Boreum Island,island,37.669444444,126.195555555,http://www.wikidata.org/entity/Q12598554
Q12598554,Boreumdo,Poromu To,island,37.669444444,126.195555555,http://www.wikidata.org/entity/Q12598554
Q12598608,Bongsu Branch School Burim Elementary School,Bongsu Elementary School,primary school,35.479178542,128.240181109,http://www.wikidata.org/entity/Q12598608
Q12598615,Bongyang,Bongyang-eup,eup of South Korea,37.14982,128.11155,http://www.wikidata.org/entity/Q12598615
Q12598615,Bongyang,Pongyang,eup of South Korea,37.14982,128.11155,http://www.wikidata.org/entity/Q12598615
Q12598678,Bugok,Bugok Hot Springs,hot spring,35.544414,128.492181,http://www.wikidata.org/entity/Q12598678
Q12598691,Budo,Bu Island,island,37.063333333,125.994444444,http://www.wikidata.org/entity/Q12598691
Q12598691,Budo,Pu-do,island,37.063333333,125.994444444,http://www.wikidata.org/entity/Q12598691
Q12598795,Pusan National University Hospital,PNUH,university hospital,35.100538888,129.019069444,http://www.wikidata.org/entity/Q12598795
Q12598800,Korea Art and Design High School,ADK,high school,35.120176,129.116935,http://www.wikidata.org/entity/Q12598800
Q12598827,Haeyeon Girl's High School,Busan Girls' Commercial High School,private school,35.16895,129.096533,http://www.wikidata.org/entity/Q12598827
Q12598880,Busan Vessel Traffic Service Center,Busan VTS,vessel traffic service,35.0781,129.093733,http://www.wikidata.org/entity/Q12598880
Q12598905,Buan Horanggasi Namu Gunrak,"Population of Horned Hollies in Docheong-ri, Buan",natural monument,35.585277777,126.508333333,http://www.wikidata.org/entity/Q12598905
Q12598915,Buan-eup,Puan,eup of South Korea,35.70559,126.74418,http://www.wikidata.org/entity/Q12598915
Q12598915,Buan-eup,Buan,eup of South Korea,35.70559,126.74418,http://www.wikidata.org/entity/Q12598915
Q12598931,Buyeo Seokseong Fortress,Buyeo Seokseongsanseong,fortress,36.243611111,126.978611111,http://www.wikidata.org/entity/Q12598931
Q12598943,Buyeo-eup,Puyo,eup of South Korea,36.27538,126.91239,http://www.wikidata.org/entity/Q12598943
Q12598943,Buyeo-eup,Buyeo,eup of South Korea,36.27538,126.91239,http://www.wikidata.org/entity/Q12598943
Q12609127,Ulsan Nambu Fire Station,Southern Ulsan Fire Station,fire station,35.547202777,129.335341666,http://www.wikidata.org/entity/Q12609127
Q12609128,Ulsan Dongbu Fire Station,Eastern Ulsan Fire Station,fire station,35.482444444,129.412680555,http://www.wikidata.org/entity/Q12609128
Q12604831,Yongin Simgokseowon,Yongin Simgok Seowon,seowon,37.305833333,127.076666666,http://www.wikidata.org/entity/Q12604831
Q12605595,Andong Guri Cupress Tree Forest,"Forest of Oriental Arborvitae in Gu-ri, Andong",forest,36.508611111,128.683611111,http://www.wikidata.org/entity/Q12605595
Q12605598,Andong Songsa-dong Sotaenamu,"Indian Quassiawood of Songsa-dong, Andong",cultural heritage,36.369166666,128.928611111,http://www.wikidata.org/entity/Q12605598
Q12605606,Andong Hahoe Village Mansongjeong Forest,"Pinewoods of Mansongjeong Pavilion in Hahoe Village, Andong",forest,36.540833333,128.516111111,http://www.wikidata.org/entity/Q12605606
Q12605674,Ansan Danwon Police Station,Danwon Police Station,police station,37.321733,126.829163,http://www.wikidata.org/entity/Q12605674
Q12605681,Ansan Sangnok Police Station,Sangnok Police Station,police station,37.299398,126.844904,http://www.wikidata.org/entity/Q12605681
Q12605747,Anyang Manan Police Station,Manan Police Station,police station,37.38716,126.926402,http://www.wikidata.org/entity/Q12605747
Q12601997,Seongsan,Seongsan-eup,eup of South Korea,33.41567,126.86633,http://www.wikidata.org/entity/Q12601997
Q12601997,Seongsan,Songsan,eup of South Korea,33.41567,126.86633,http://www.wikidata.org/entity/Q12601997
Q12602071,Seongeup Folk Village,Seongeup Historic Village,village,33.386666666,126.785277777,http://www.wikidata.org/entity/Q12602071
Q12602318,Sejong Special Self-governing City Office of Education,Sejong Office of Education,local government,36.596326,127.292828,http://www.wikidata.org/entity/Q12602318
Q12602634,Soheul,Soheul-eup,eup of South Korea,37.823378,127.138724,http://www.wikidata.org/entity/Q12602634
Q12602634,Soheul,Sohul,eup of South Korea,37.823378,127.138724,http://www.wikidata.org/entity/Q12602634
Q12602853,Songdo High School,Hanyeongseowon,high school,37.429063,126.644658,http://www.wikidata.org/entity/Q12602853
Q12603045,Songhyeon-dong,Songhyeon-dong (Andong),dong of South Korea,36.57765,128.6888,http://www.wikidata.org/entity/Q12603045
Q12603153,Suryun-myeon,Suryun-myŏn,myeon,35.84552,128.21296,http://www.wikidata.org/entity/Q12603153
Q12603172,Subongsan,Mount Subong,mountain,37.56382,126.66506,http://www.wikidata.org/entity/Q12603172
Q12603172,Subongsan,Subongsan Mountain,mountain,37.56382,126.66506,http://www.wikidata.org/entity/Q12603172
Q12603194,Susaek Airfield,RKSK,airport,37.6,126.866667,http://www.wikidata.org/entity/Q12603194
Q12603263,Gyeonggi Suwon Office of Education,Suwon Office of Education,government agency,37.293404,127.019005,http://www.wikidata.org/entity/Q12603263
Q12608723,Yongam-myeon,Yongam myeon,myeon,35.8483,128.31142,http://www.wikidata.org/entity/Q12608723
Q12608723,Yongam-myeon,Yongammyeon,myeon,35.8483,128.31142,http://www.wikidata.org/entity/Q12608723
Q12608744,Yongin Dongbu Police Station,Dongbu Police Station,police station,37.241301,127.1805,http://www.wikidata.org/entity/Q12608744
Q12608744,Yongin Dongbu Police Station,Eastern Yongin Police Station,police station,37.241301,127.1805,http://www.wikidata.org/entity/Q12608744
Q12608747,Gyeonggi Yongin Office of Education,Yongin Office of Education,government agency,37.242592,127.179733,http://www.wikidata.org/entity/Q12608747
Q12608758,Jindo Yongjangseong,Yongjangsanseong,fortress,34.515555555,126.338055555,http://www.wikidata.org/entity/Q12608758
Q12608825,U Island,Udo,island,37.61111111,125.975,http://www.wikidata.org/entity/Q12608825
Q12608825,U Island,U-do,island,37.61111111,125.975,http://www.wikidata.org/entity/Q12608825
Q12608955,Korea Post Officeals Training Institute,KPOTI,training facility,36.813321,127.189607,http://www.wikidata.org/entity/Q12608955
Q12608961,Central Post Office,Ujeongchongguk,post office,37.5743849,126.982602,http://www.wikidata.org/entity/Q12608961
Q12609032,Unbong,Unbong-eup,eup of South Korea,35.42752,127.53473,http://www.wikidata.org/entity/Q12609032
Q12609045,Unam-myeon,Unam-myŏn,myeon,35.6143,127.15601,http://www.wikidata.org/entity/Q12609045
Q12609060,Unjusanseong,Unju Fortress,fortress,36.683055555,127.2425,http://www.wikidata.org/entity/Q12609060
Q12609060,Unjusanseong,Unjusanseong Fortress,fortress,36.683055555,127.2425,http://www.wikidata.org/entity/Q12609060
Q12609080,Ulleung Seonginbong Primeval Forest,Seonginbong primeval forest,forest,37.5061329,130.8565735,http://www.wikidata.org/entity/Q12609080
Q12609080,Ulleung Seonginbong Primeval Forest,Ulleung Seonginbong virgin forest,forest,37.5061329,130.8565735,http://www.wikidata.org/entity/Q12609080
Q12609089,Ulleung,Ulleung-eup,eup of South Korea,37.50333,130.88933,http://www.wikidata.org/entity/Q12609089
Q12609089,Ulleung,Ullung,eup of South Korea,37.50333,130.88933,http://www.wikidata.org/entity/Q12609089
Q12615055,Chungnam National University Law School,Chungnam Law,law school,36.376666666,127.344722222,http://www.wikidata.org/entity/Q12615055
Q12615057,Chonnam National University Hospital,CNUH,university hospital,35.142068,126.921635,http://www.wikidata.org/entity/Q12615057
Q12618857,Chollipo,Cheonripo Arboretum,arboretum,36.798956,126.149509,http://www.wikidata.org/entity/Q12618857
Q12618857,Chollipo,Cheonripo Sumokwon,arboretum,36.798956,126.149509,http://www.wikidata.org/entity/Q12618857
Q12618857,Chollipo,Chollipo Sumokwon,arboretum,36.798956,126.149509,http://www.wikidata.org/entity/Q12618857
Q12618887,Cheonsansanseong,Cheonsansanseong Fortress,fortress,36.1233058,128.479463,http://www.wikidata.org/entity/Q12618887
Q12618918,Cheonan Seobuk Fire Station,North-West Cheonan Fire Station,fire station,36.862588888,127.116191666,http://www.wikidata.org/entity/Q12618918
Q12618918,Cheonan Seobuk Fire Station,Seobuk Fire Station,fire station,36.862588888,127.116191666,http://www.wikidata.org/entity/Q12618918
Q12618590,Changgyeseowon (Jeonbuk),Changgyeseowon,seowon,35.663427777,127.523244444,http://www.wikidata.org/entity/Q12618590
Q12618603,Korea Science Technology High School,Changnyeong Technical High School,high school in South Korea,35.567018,128.507824,http://www.wikidata.org/entity/Q12618603
Q12618610,Changnyeong-eup,Changnyeong,eup of South Korea,35.544414,128.492181,http://www.wikidata.org/entity/Q12618610
Q12618610,Changnyeong-eup,Changnyong,eup of South Korea,35.544414,128.492181,http://www.wikidata.org/entity/Q12618610
Q12618615,Injeongjeon,Changdeokgung Injeongjeon,,37.579411652,126.991064866,http://www.wikidata.org/entity/Q12618615
Q12618644,Changsu myeon,"Changsu-myeon, Yeongdeok-gun",myeon,36.60009,129.30029,http://www.wikidata.org/entity/Q12618644
Q12614116,Jaraseom,Jaraseom Islands,river island,37.81548595,127.5286308,http://www.wikidata.org/entity/Q12614116
Q12614116,Jaraseom,Jarasum,river island,37.81548595,127.5286308,http://www.wikidata.org/entity/Q12614116
Q12614116,Jaraseom,Jarasum Islands,river island,37.81548595,127.5286308,http://www.wikidata.org/entity/Q12614116
Q12614175,Jaunseowon,Jaun Seowon,seowon,37.867222222,126.871388888,http://www.wikidata.org/entity/Q12614175
Q12614415,Jangdo,Jangdo (Hadong-gun),island,34.92562,127.8397,http://www.wikidata.org/entity/Q12614415
Q12614441,Jangneung,Jangneung Royal Tomb,royal tomb,37.773592,126.708072,http://www.wikidata.org/entity/Q12614441
Q12614453,Geoje Jangmokjin Gaeksa,Jang Mok-jin guesthouse,cultural heritage,34.985,128.678944444,http://www.wikidata.org/entity/Q12614453
Q12614453,Geoje Jangmokjin Gaeksa,Jangmokjin Guest House,cultural heritage,34.985,128.678944444,http://www.wikidata.org/entity/Q12614453
Q12614535,Jangseong-eup,Changsong,eup of South Korea,35.3,126.81667,http://www.wikidata.org/entity/Q12614535
Q12614535,Jangseong-eup,Jangseong,eup of South Korea,35.3,126.81667,http://www.wikidata.org/entity/Q12614535
Q12614776,Janghang,Changhang,eup of South Korea,36.01667,126.7,http://www.wikidata.org/entity/Q12614776
Q12614776,Janghang,Janghang-eup,eup of South Korea,36.01667,126.7,http://www.wikidata.org/entity/Q12614776
Q12614807,Jangheung Okdang-ri Hyojasong,Jangheung Okdang-ri Filial Pine Tree,natural monument,34.5525922,126.9317046,http://www.wikidata.org/entity/Q12614807
Q12614817,Jangheung-eup,Changhung,eup of South Korea,34.67665,126.90477,http://www.wikidata.org/entity/Q12614817
Q12614817,Jangheung-eup,Jangheung,eup of South Korea,34.67665,126.90477,http://www.wikidata.org/entity/Q12614817
Q12614843,Korea Institute of Materials Science,KIMS,research institute,35.214809,128.677943,http://www.wikidata.org/entity/Q12614843
Q12614968,Jeongok,Chongok,eup of South Korea,37.99138,127.03594,http://www.wikidata.org/entity/Q12614968
Q12614968,Jeongok,Jeongok-eup,eup of South Korea,37.99138,127.03594,http://www.wikidata.org/entity/Q12614968
Q12618278,Jinan Pyeongji-ri Ipop Tree Group,Jinan Pyeongji-ri Poplar Tree Group,natural monument,35.7353365,127.3669765,http://www.wikidata.org/entity/Q12618278
Q12618287,Jinan-eup,Jinan,eup of South Korea,35.77768,127.44179,http://www.wikidata.org/entity/Q12618287
Q12618287,Jinan-eup,Chinan,eup of South Korea,35.77768,127.44179,http://www.wikidata.org/entity/Q12618287
Q12618303,Jinyeong,Chinyong,eup of South Korea,35.29164,128.73906,http://www.wikidata.org/entity/Q12618303
Q12618303,Jinyeong,Jinyeong-eup,eup of South Korea,35.29164,128.73906,http://www.wikidata.org/entity/Q12618303
Q12618350,Jinju Fortress,Jinju Castle,Korean fortress,35.19,128.073333333,http://www.wikidata.org/entity/Q12618350
Q12618350,Jinju Fortress,Jinjuseong,Korean fortress,35.19,128.073333333,http://www.wikidata.org/entity/Q12618350
Q12618378,Jincheon-eup,Jincheon,eup of South Korea,36.84496,127.41201,http://www.wikidata.org/entity/Q12618378
Q12618378,Jincheon-eup,Chinchon,eup of South Korea,36.84496,127.41201,http://www.wikidata.org/entity/Q12618378
Q12618419,Korea Centers for Disease Control and Prevention,KCDC,research institute,36.639599,127.329265,http://www.wikidata.org/entity/Q12618419
Q12618419,Korea Centers for Disease Control and Prevention,Centers for Disease Control and Prevention Korea,research institute,36.639599,127.329265,http://www.wikidata.org/entity/Q12618419
Q12618419,Korea Centers for Disease Control and Prevention,Korea Center for Disease Control and Prevention,research institute,36.639599,127.329265,http://www.wikidata.org/entity/Q12618419
Q12618419,Korea Centers for Disease Control and Prevention,Korea Centers for Disease Control & Prevention,research institute,36.639599,127.329265,http://www.wikidata.org/entity/Q12618419
Q12610550,Yuldo,Nuldo,island,34.80333,126.32361,http://www.wikidata.org/entity/Q12610550
Q12622913,Korea Institute of Finance,KIF,organization,37.567251,126.985191,http://www.wikidata.org/entity/Q12622913
Q12622915,Korea Testing Certification,KTC,organization,37.376975,126.944714,http://www.wikidata.org/entity/Q12622915
Q12622915,Korea Testing Certification,Korea Institute of Machinery & Electric Testing,organization,37.376975,126.944714,http://www.wikidata.org/entity/Q12622915
Q12623238,Korea Testing Laboratory,KTL,facility,35.176851,128.145741,http://www.wikidata.org/entity/Q12623238
Q12623242,Korea Planning & Evaluation Institute of Industrial Technology,KEIT,government agency,35.833539,128.559831,http://www.wikidata.org/entity/Q12623242
Q12623276,Korea Petroleum Quality & Distribution Authority,K-Petro,organization,37.386009,127.099471,http://www.wikidata.org/entity/Q12623276
Q12623290,Korean Ceramic Society,The Korean Ceramic Society,organization,37.48112,126.998265,http://www.wikidata.org/entity/Q12623290
Q12623315,Korea Fisheries Resources Agency,FIRA,organization,35.27349,129.245681,http://www.wikidata.org/entity/Q12623315
Q12623315,Korea Fisheries Resources Agency,Korea Fisheries Resources Management Corporation,organization,35.27349,129.245681,http://www.wikidata.org/entity/Q12623315
Q12618978,Cheonjinam,Chonjinam,sacred place,37.4243925,127.3827929,http://www.wikidata.org/entity/Q12618978
Q12619041,Cheorwon-eup,Cheorwon,eup of South Korea,38.25,127.18333,http://www.wikidata.org/entity/Q12619041
Q12619041,Cheorwon-eup,Chorwon,eup of South Korea,38.25,127.18333,http://www.wikidata.org/entity/Q12619041
Q12619098,The Weeping Pine tree of Unmunsa Temple in Cheongdo,drooping pine tree at Unmunsa Temple in Cheongdo,natural monument,35.661111111,128.960833333,http://www.wikidata.org/entity/Q12619098
Q12619110,Cheongdo-eup,Cheongdo,eup of South Korea,35.62501,128.75589,http://www.wikidata.org/entity/Q12619110
Q12619110,Cheongdo-eup,Chongdo,eup of South Korea,35.62501,128.75589,http://www.wikidata.org/entity/Q12619110
Q12619144,Cheongmyeong-san,Cheongmyeong Hill,mountain,37.258888888,127.083061111,http://www.wikidata.org/entity/Q12619144
Q12619144,Cheongmyeong-san,Mount Cheongmyeong,mountain,37.258888888,127.083061111,http://www.wikidata.org/entity/Q12619144
Q12619187,Cheongsong,Cheongsong-eup,eup of South Korea,36.41957,129.10927,http://www.wikidata.org/entity/Q12619187
Q12619187,Cheongsong,Chongsong,eup of South Korea,36.41957,129.10927,http://www.wikidata.org/entity/Q12619187
Q12619201,Cheongamsa Temple,Cheongam Temple,temple,35.8908,128.003,http://www.wikidata.org/entity/Q12619201
Q12619214,Cheongyang-eup,Chongyang,eup of South Korea,36.44935,126.77402,http://www.wikidata.org/entity/Q12619214
Q12619214,Cheongyang-eup,Cheongyang,eup of South Korea,36.44935,126.77402,http://www.wikidata.org/entity/Q12619214
Q12619269,Cheongju Dongbu Fire Station,Eastern Cheongju Fire Station,fire station,36.620708333,127.494666666,http://www.wikidata.org/entity/Q12619269
Q12619985,Chubongdo,Chubong Island,island,34.761077777,128.523775,http://www.wikidata.org/entity/Q12619985
Q12619997,Chuja Islands,Shushi Group,island,33.9471139,126.3201806,http://www.wikidata.org/entity/Q12619997
Q12622916,Korean Christian Museum at Soongsil University,Korean Christian Museum,university museum,37.495555555,126.956944444,http://www.wikidata.org/entity/Q12622916
Q12622916,Korean Christian Museum at Soongsil University,The Korean Christian Museum at Soongsil University,university museum,37.495555555,126.956944444,http://www.wikidata.org/entity/Q12622916
Q12622922,Korean Christian Society,Korea Association of Christian Studies,organization,37.576813,127.000266,http://www.wikidata.org/entity/Q12622922
Q12622926,Korean Technical Management Institute,KTMI,organization,36.924063,127.241996,http://www.wikidata.org/entity/Q12622926
Q12622929,Korea Basic Science Institute,KBSI,research institute,36.373,127.351,http://www.wikidata.org/entity/Q12622929
Q12622952,Korea Labor Institute,KLI,institute,36.494095,127.304624,http://www.wikidata.org/entity/Q12622952
Q12622983,Korea Rural Economic Institute,KREI,public institution in South Korea,35.01604,126.710754,http://www.wikidata.org/entity/Q12622983
Q12622988,Korea Institute of Brain Science,KIBS,research institute,37.52616,127.022697,http://www.wikidata.org/entity/Q12622988
Q12623040,The Korean Society of Design Culture,KSDC,organization,37.353443,127.105416,http://www.wikidata.org/entity/Q12623040
Q12623085,Korea Culture & Tourism Institute,KCTI,research institute,37.579527535,126.813793842,http://www.wikidata.org/entity/Q12623085
Q12623103,Korean Cultural Heritage Association,Association of Korean Cultural Properties Researchers,organization,36.366926,127.382566,http://www.wikidata.org/entity/Q12623103
Q12623103,Korean Cultural Heritage Association,Korean Association for Archaeological Heritage,organization,36.366926,127.382566,http://www.wikidata.org/entity/Q12623103
Q12623103,Korean Cultural Heritage Association,Korean Cultural Properties Research Institute Association,organization,36.366926,127.382566,http://www.wikidata.org/entity/Q12623103
Q12623103,Korean Cultural Heritage Association,Korean Cultural Properties Survey Research Association,organization,36.366926,127.382566,http://www.wikidata.org/entity/Q12623103
Q12623103,Korean Cultural Heritage Association,Korean Cultural Properties Survey Research Institute Association,organization,36.366926,127.382566,http://www.wikidata.org/entity/Q12623103
Q12623121,Korean Society for Microbiology and Biotechnology,KSMB,organization,37.500504,127.030816,http://www.wikidata.org/entity/Q12623121
Q12623121,Korean Society for Microbiology and Biotechnology,The Korean Society for Microbiology and Biotechnology (Q12623121),organization,37.500504,127.030816,http://www.wikidata.org/entity/Q12623121
Q12623123,The Art History Research Institute of Korea,Buddhist Art History Society,organization,37.601558,126.956826,http://www.wikidata.org/entity/Q12623123
Q12623123,The Art History Research Institute of Korea,Korea Institute of Art History,organization,37.601558,126.956826,http://www.wikidata.org/entity/Q12623123
Q12623124,Art History Association Of Korea,Korean Society of Art History,organization,37.480379,126.953496,http://www.wikidata.org/entity/Q12623124
Q12623135,Korean Folklore Society,The Korean Folklore Society,organization,37.562392,126.907954,http://www.wikidata.org/entity/Q12623135
Q12623148,Korea Invention Promotion Association,KIPA,non-classified public institution,37.502444,127.032399,http://www.wikidata.org/entity/Q12623148
Q12623151,Korea Radiation Industry Association,KSRI,learned society,35.512653,126.833748,http://www.wikidata.org/entity/Q12623151
Q12623175,Korea Legislation Research Institute,KLRI,research institute,36.4922922,127.302146,http://www.wikidata.org/entity/Q12623175
Q12623181,Korea Health Personnel Licensing Examination Institute,KHPLEI,government agency,37.531949,127.085409,http://www.wikidata.org/entity/Q12623181
Q12623181,Korea Health Personnel Licensing Examination Institute,Korea Health Insurance Licensing Examination Institute,government agency,37.531949,127.085409,http://www.wikidata.org/entity/Q12623181
Q12623181,Korea Health Personnel Licensing Examination Institute,National Health Personnel Licensing Examination Board,government agency,37.531949,127.085409,http://www.wikidata.org/entity/Q12623181
Q12623215,Korea Social Science Data Archive,Korean Social Science Resource Center,website,37.574653,126.964301,http://www.wikidata.org/entity/Q12623215
Q12623215,Korea Social Science Data Archive,KOSSDA,website,37.574653,126.964301,http://www.wikidata.org/entity/Q12623215
Q12623215,Korea Social Science Data Archive,kossda.or.kr,website,37.574653,126.964301,http://www.wikidata.org/entity/Q12623215
Q12623236,Tech University of Korea,KPU,university,37.3404,126.733,http://www.wikidata.org/entity/Q12623236
Q12623236,Tech University of Korea,Korea Polytechnic University,university,37.3404,126.733,http://www.wikidata.org/entity/Q12623236
Q12623236,Tech University of Korea,TU Korea,university,37.3404,126.733,http://www.wikidata.org/entity/Q12623236
Q12616387,Jeil High School,Jeil-go,high school,37.478266,126.708373,http://www.wikidata.org/entity/Q12616387
Q12616387,Jeil High School,Jeilgo,high school,37.478266,126.708373,http://www.wikidata.org/entity/Q12616387
Q12616407,April 3 Jeju Peace Park,Jeju 4.3 Peace Park,museum,33.451138,126.618941,http://www.wikidata.org/entity/Q12616407
Q12616412,Jeju Sanbangsan Rock Plant Zone,"Rock Wall Plant Zone, Sanbangsan Mountain, Jeju",natural monument,33.2410459,126.2396255,http://www.wikidata.org/entity/Q12616412
Q12616413,Jeju Sancheondan Gomsol trees,"Gomsol in Ara-dong, Jeju-si, Jeju Special Self-Governing Province.",cultural heritage,33.4475,126.554166666,http://www.wikidata.org/entity/Q12616413
Q12616414,Jeju Samdo Banana leaf Conservation area,"Natural Habitat of Spleenworts on Samdo Island, Jeju",natural monument,33.230277777,126.549444444,http://www.wikidata.org/entity/Q12616414
Q12616442,Jeju National University Hospital,Jeju Clinic,university hospital,33.467074,126.544706,http://www.wikidata.org/entity/Q12616442
Q12616442,Jeju National University Hospital,JNUH,university hospital,33.467074,126.544706,http://www.wikidata.org/entity/Q12616442
Q12605749,Anyang Dongan Police Station,Dongan Police Station,police station,37.368227777,126.958827777,http://www.wikidata.org/entity/Q12605749
Q12605799,Korea Institute of Toxicology,KIT,research institute,36.38793,127.361621,http://www.wikidata.org/entity/Q12605799
Q12605969,Aphaedo,Aphae Island,island,34.86306,126.305,http://www.wikidata.org/entity/Q12605969
Q12605969,Aphaedo,Aphae-do,island,34.86306,126.305,http://www.wikidata.org/entity/Q12605969
Q12606208,Yanggu-eup,Yanggu,eup of South Korea,38.11117,127.95255,http://www.wikidata.org/entity/Q12606208
Q12606297,Yangsu Railway Bridge,Bukhan River Bridge,railway bridge,37.5519385,127.3162257,http://www.wikidata.org/entity/Q12606297
Q12606326,Yangyang-eup,Yangyang,eup of South Korea,38.08916,128.60023,http://www.wikidata.org/entity/Q12606326
Q12606428,Site of Yangcheonhyanggyo Confucian School,Yangcheonhyanggyoji Temple,temple,37.57305556,126.83916667,http://www.wikidata.org/entity/Q12606428
Q12606443,Yangpyeong Yongmunsa Ginkgo Tree,Ginkgo tree of Yongmunsa Temple,natural monument,37.549724,127.570844,http://www.wikidata.org/entity/Q12606443
Q12606452,Yangpyeong-eup,Yangpyeong,eup of South Korea,37.49061,127.513,http://www.wikidata.org/entity/Q12606452
Q12606452,Yangpyeong-eup,Yangpyong,eup of South Korea,37.49061,127.513,http://www.wikidata.org/entity/Q12606452
Q12606641,Eomjeong-myeon,Ŏmjŏng-myŏn,myeon,37.11219,127.92511,http://www.wikidata.org/entity/Q12606641
Q12606659,Korea Energy Economics Institute,KEEI,facility,35.567847,129.319409,http://www.wikidata.org/entity/Q12606659
Q12606769,EXCO,Daegu Exhibition and Convention Center,convention center,35.907083333,128.613138888,http://www.wikidata.org/entity/Q12606769
Q12606885,Jinnamgwan,Yeosu Jinnamgwan,cultural heritage,34.74194444,127.73666667,http://www.wikidata.org/entity/Q12606885
Q12606897,Yeosu Vessel Traffic Service Center,Yeosu VTS,vessel traffic service,34.609257,127.654029,http://www.wikidata.org/entity/Q12606897
Q12616233,Lotte World Mall,Lotte World Tower & Lotte World Mall,shopping center,37.5137,127.1043,http://www.wikidata.org/entity/Q12616233
Q12622418,Hadong-eup,Hadong,eup of South Korea,35.08255,127.73686,http://www.wikidata.org/entity/Q12622418
Q12622432,Eunpung-myeon,Hari-myeon,myeon,36.74218,128.44172,http://www.wikidata.org/entity/Q12622432
Q12622460,Habin,Habin-myeon,myeon,35.89825,128.43024,http://www.wikidata.org/entity/Q12622460
Q12622464,Haseong-myeon,Haseong,myeon,37.73548,126.64134,http://www.wikidata.org/entity/Q12622464
Q12622476,Hayang,Hayang-eup,eup of South Korea,35.916666666,128.816666666,http://www.wikidata.org/entity/Q12622476
Q12622583,Hakgojae,Hakgojae artcenter,art gallery,37.580308,126.9802664,http://www.wikidata.org/entity/Q12622583
Q12622583,Hakgojae,Hakgojae gallery,art gallery,37.580308,126.9802664,http://www.wikidata.org/entity/Q12622583
Q12622715,Korea Public Relations Consultancy Association,KPRCA,organization,37.553792,126.980884,http://www.wikidata.org/entity/Q12622715
Q12622784,Korean Society for Emotion and Sensibility,Korean Emotional Science Society,organization,36.350762,127.384504,http://www.wikidata.org/entity/Q12622784
Q12622784,Korean Society for Emotion and Sensibility,KOSES,organization,36.350762,127.384504,http://www.wikidata.org/entity/Q12622784
Q12622787,Korea Association of Health Promotion,KAHP,organization,37.578084,127.031918,http://www.wikidata.org/entity/Q12622787
Q12622790,Korea Institute of Construction Technology,KICT,research institute,37.696462,126.551195,http://www.wikidata.org/entity/Q12622790
Q12622790,Korea Institute of Construction Technology,Korea Institute of Civil Engineering and Building Technology,research institute,37.696462,126.551195,http://www.wikidata.org/entity/Q12622790
Q12622804,Korean Operations Research and Management Science Society,Korea Management Science Society,nonprofit organization,37.481069,126.998276,http://www.wikidata.org/entity/Q12622804
Q12622804,Korean Operations Research and Management Science Society,KORMS,nonprofit organization,37.481069,126.998276,http://www.wikidata.org/entity/Q12622804
Q12622848,Korea Institute of S&T Evaluation and Planning,KISTEP,organization,37.480094,127.044171,http://www.wikidata.org/entity/Q12622848
Q12622848,Korea Institute of S&T Evaluation and Planning,Korea Institute of Science and Technology Evaluation and Planning,organization,37.480094,127.044171,http://www.wikidata.org/entity/Q12622848
Q12622856,Korea Foundation for the Advancement of Science and Creativity,KOFAC,organization,37.559574,126.986793,http://www.wikidata.org/entity/Q12622856
Q12622870,Korea Customs Trade Development Institute,KCTDI,organization,37.662835,127.035922,http://www.wikidata.org/entity/Q12622870
Q12622876,Korea Advertising Society,KAS,organization,37.557941,126.994343,http://www.wikidata.org/entity/Q12622876
Q12622892,Korean Educational Research Association,KERA,organization,37.583272,126.974409,http://www.wikidata.org/entity/Q12622892
Q12622906,The Korean Studies Institute,Korea Institute for the Advancement of Korean Studies,research institute,36.7022,128.8106,http://www.wikidata.org/entity/Q12622906
Q12622906,The Korean Studies Institute,Korean Studies Advancement Center,research institute,36.7022,128.8106,http://www.wikidata.org/entity/Q12622906
Q12622906,The Korean Studies Institute,KSI,research institute,36.7022,128.8106,http://www.wikidata.org/entity/Q12622906
Q12622906,The Korean Studies Institute,The Advanced Center for Korean Studies,research institute,36.7022,128.8106,http://www.wikidata.org/entity/Q12622906
Q12622906,The Korean Studies Institute,Advanced Center for Korean Studies,research institute,36.7022,128.8106,http://www.wikidata.org/entity/Q12622906
Q12609133,Ulsan Culture & Arts Center,Jonghap Culture & Arts Center,convention center,35.5429,129.327,http://www.wikidata.org/entity/Q12609133
Q12609149,Ulsan Jungbu Fire Station,Central Ulsan Fire Station,fire station,35.56317,129.2990667,http://www.wikidata.org/entity/Q12609149
Q12609157,Ulsan Vessel Traffic Service Center,Ulsan VTS,vessel traffic service,35.503985,129.387164,http://www.wikidata.org/entity/Q12609157
Q12609164,"Petroglyphs of Cheonjeon-ri, Ulju",Cheonjeon-ri petroglyphs,petroglyphic site,35.614444,129.174083,http://www.wikidata.org/entity/Q12609164
Q12609174,"Juniper tree in Hujeong-ri, Uljin",Uljin Hwasong-ri fragrant tree,natural monument,37.1177743,128.7814512,http://www.wikidata.org/entity/Q12609174
Q12609175,Uljin Hwaseong-ri Juniper tree,"Juniper tree in Hwaseong-ri, Uljin",cultural heritage,37.0428465,128.2253838,http://www.wikidata.org/entity/Q12609175
Q12609184,Uljin,Ulchin,eup of South Korea,37.002004,129.400349,http://www.wikidata.org/entity/Q12609184
Q12609184,Uljin,Uljin-eup,eup of South Korea,37.002004,129.400349,http://www.wikidata.org/entity/Q12609184
Q12609217,Changwon Angol Waeseong,Changwon Angol Japanese Fortress,Japanese castle in Korea,35.093888888,128.803333333,http://www.wikidata.org/entity/Q12609217
Q12609222,Ungcheon,Ungcheon-eup,eup of South Korea,36.25341,126.59682,http://www.wikidata.org/entity/Q12609222
Q12609222,Ungcheon,Ungchon,eup of South Korea,36.25341,126.59682,http://www.wikidata.org/entity/Q12609222
Q12609255,Wonkwang Digital University,WDU,educational institution,35.972412,126.956091,http://www.wikidata.org/entity/Q12609255
Q12609287,Wonmi High School,원미고등학교,high school,37.49804,126.782397,http://www.wikidata.org/entity/Q12609287
Q12609287,Wonmi High School,遠美高等學校,high school,37.49804,126.782397,http://www.wikidata.org/entity/Q12609287
Q12609341,Korea Cancer Center Hospital,Korea Atomic Energy Academy,hospital,37.6294332,127.0826468,http://www.wikidata.org/entity/Q12609341
Q12609367,Mirae High School,Wonju Technical High School,high school,37.339098,128.00692,http://www.wikidata.org/entity/Q12609367
Q12609478,Moonlight Bridge,Wolyeonggyo,bridge,36.576667,128.76075,http://www.wikidata.org/entity/Q12609478
Q12609478,Moonlight Bridge,Woryeonggyo,bridge,36.576667,128.76075,http://www.wikidata.org/entity/Q12609478
Q12609555,Wido,Wi-do,island,35.596111111,126.285277777,http://www.wikidata.org/entity/Q12609555
Q12609669,Yugu,Yugu-eup,eup of South Korea,36.5937,126.96765,http://www.wikidata.org/entity/Q12609669
Q12607085,Yeonmu,Yeonmu-eup,eup of South Korea,36.10687,127.1025,http://www.wikidata.org/entity/Q12607085
Q12607085,Yeonmu,Yonmu,eup of South Korea,36.10687,127.1025,http://www.wikidata.org/entity/Q12607085
Q12607151,Yeonil,Yeonil-eup,eup of South Korea,36.00134,129.31587,http://www.wikidata.org/entity/Q12607151
Q12607151,Yeonil,Yonil,eup of South Korea,36.00134,129.31587,http://www.wikidata.org/entity/Q12607151
Q12607171,Yeoncheon-eup,Yeoncheon,eup of South Korea,38.09762,127.11363,http://www.wikidata.org/entity/Q12607171
Q12607171,Yeoncheon-eup,Yonchon,eup of South Korea,38.09762,127.11363,http://www.wikidata.org/entity/Q12607171
Q12607259,Yeomchi,Yeomchi-eup,eup of South Korea,36.81677,126.98157,http://www.wikidata.org/entity/Q12607259
Q12607259,Yeomchi,Yomchi,eup of South Korea,36.81677,126.98157,http://www.wikidata.org/entity/Q12607259
Q12607280,Northernmost population of Neolitsea sericea,"Northernmost Population of Sericeous Newlitse at Bulgapsa Temple, Yeonggwang",natural monument,35.2007754,126.5472752,http://www.wikidata.org/entity/Q12607280
Q12607299,Yeongguk Temple,Yeongguksa,Buddhist temple,36.158107,127.6059779,http://www.wikidata.org/entity/Q12607299
Q12607305,Yeungnam University Medical Center,YUMC,medical organization,35.847328,128.584808,http://www.wikidata.org/entity/Q12607305
Q12607317,Yeongdeok,Yeongdeok-eup,eup of South Korea,36.43531,129.38252,http://www.wikidata.org/entity/Q12607317
Q12607317,Yeongdeok,Yongdok,eup of South Korea,36.43531,129.38252,http://www.wikidata.org/entity/Q12607317
Q12607341,Yeongdong-eup,Yongdong,eup of South Korea,36.1792,127.80894,http://www.wikidata.org/entity/Q12607341
Q12607341,Yeongdong-eup,Yeongdong,eup of South Korea,36.1792,127.80894,http://www.wikidata.org/entity/Q12607341
Q12607389,Jeonbuk Artificial Intelligence High School,Youngsun High School,private school,35.414047,126.557641,http://www.wikidata.org/entity/Q12607389
Q12607411,Yeongam Dogapsa Stone Seated Buddha Statue,Stone Seated Buddha of Dogapsa Temple in Yeongam,statue,34.753888888,126.663888888,http://www.wikidata.org/entity/Q12607411
Q12607434,Yeongyang,Yongyang,eup of South Korea,36.63689,129.1788,http://www.wikidata.org/entity/Q12607434
Q12607434,Yeongyang,Yeongyang-eup,eup of South Korea,36.63689,129.1788,http://www.wikidata.org/entity/Q12607434
Q12607462,"Ginkgo tree in Hasong-ri, Yeongwol",Yeongwol Hasong-ri Ginkgo Tree,natural monument,37.1791808,128.461686,http://www.wikidata.org/entity/Q12607462
Q12607471,"Plinths of Yeongeunmun Gate, Seoul",Plinths of Yeongeunmun,Historic sites of South Korea,37.57231,126.9596161,http://www.wikidata.org/entity/Q12607471
Q12615087,Jeollanam-do Fire Aviation Bridge,Jeonnam Fire Aviation Bridge,fire station,34.828472222,126.703202777,http://www.wikidata.org/entity/Q12615087
Q12615100,Jeonnam Provincial Government,Jeollanam-do Government,regional local government in South Korea,34.816222222,126.462916666,http://www.wikidata.org/entity/Q12615100
Q12615104,Jeonbuk Provincial Office of Education,Jeollabuk-do Office of Education,local government,35.804273,127.102568,http://www.wikidata.org/entity/Q12615104
Q12615114,Jeonbuk Provincial Government,Jeollabuk-do Government,regional local government in South Korea,35.820358,127.108726,http://www.wikidata.org/entity/Q12615114
Q12615121,Korean Security Agency Of Trade And Industry,KOSTI,public institution in South Korea,37.5103238,127.0610228,http://www.wikidata.org/entity/Q12615121
Q12615161,Jeonbuk National University Hospital,Chonbuk National University Hospital,university hospital,35.846906,127.1406635,http://www.wikidata.org/entity/Q12615161
Q12615163,Jeonbuk Provincial Police Agency,Jeollabuk-do Police Agency,police,35.824191,127.105116,http://www.wikidata.org/entity/Q12615163
Q12615260,Korea Electronics Technology Institute,KETI,research institute,37.40358,127.160017,http://www.wikidata.org/entity/Q12615260
Q12615292,Jeonju guest house,Jeonju Pungpaejigwan,historic site,35.8186646,127.1426821,http://www.wikidata.org/entity/Q12615292
Q12615324,Jeonju Wansan Fire Station,Wansan Fire Station,fire station,35.799063888,127.116402777,http://www.wikidata.org/entity/Q12615324
Q12615327,Jeonju Eunhwa School,Eunhwa School,special education school,35.819219684,127.086449969,http://www.wikidata.org/entity/Q12615327
Q12615507,Jeongnam-myeon,Jeongnammyeon,myeon,37.15904,126.98526,http://www.wikidata.org/entity/Q12615507
Q12615535,Chungdong First Methodist Church,Chung Dong First Methodist Church,church building,37.565555555,126.972222222,http://www.wikidata.org/entity/Q12615535
Q12615535,Chungdong First Methodist Church,Chung-dong First Methodist Church,church building,37.565555555,126.972222222,http://www.wikidata.org/entity/Q12615535
Q12615535,Chungdong First Methodist Church,Jeong-dong First Methodist Church,church building,37.565555555,126.972222222,http://www.wikidata.org/entity/Q12615535
Q12615535,Chungdong First Methodist Church,Jeongdong First Church,church building,37.565555555,126.972222222,http://www.wikidata.org/entity/Q12615535
Q12615535,Chungdong First Methodist Church,Jeongdong First Methodist Church,church building,37.565555555,126.972222222,http://www.wikidata.org/entity/Q12615535
Q12615656,Korea Information Society Development Institute,KISDI,government agency,36.903185903,127.542713304,http://www.wikidata.org/entity/Q12615656
Q12615656,Korea Information Society Development Institute,Korea Information Strategy Development Institute,government agency,36.903185903,127.542713304,http://www.wikidata.org/entity/Q12615656
Q12615673,Government Complex Sejong,"Government Complex, Sejong",building complex,36.504722222,127.265277777,http://www.wikidata.org/entity/Q12615673
Q12615713,"Sanhodonggul Cave, Jeongseon",Jeongseon Coral Cave,natural monument,37.469138888,128.730444444,http://www.wikidata.org/entity/Q12615713
Q12615714,Jeongseon Baekbokryeong Karst Zone,Jeongseon Baekbokryeong Karst Area,natural monument,37.535111111,128.92975,http://www.wikidata.org/entity/Q12615714
Q12615726,Jeongseon-eup,Chongson,eup of South Korea,37.37235,128.63287,http://www.wikidata.org/entity/Q12615726
Q12615726,Jeongseon-eup,Jeongseon,eup of South Korea,37.37235,128.63287,http://www.wikidata.org/entity/Q12615726
Q12617659,Chung-Ang University Hospital,CAUH,university hospital,37.506805,126.960763,http://www.wikidata.org/entity/Q12617659
Q12610648,Eumseong-eup,Eumseong,eup of South Korea,36.93897,127.65425,http://www.wikidata.org/entity/Q12610648
Q12610648,Eumseong-eup,Umsong,eup of South Korea,36.93897,127.65425,http://www.wikidata.org/entity/Q12610648
Q12610716,Uiryeong,Uiryeong-eup,eup of South Korea,35.30218,128.26813,http://www.wikidata.org/entity/Q12610716
Q12610716,Uiryeong,Uiryong,eup of South Korea,35.30218,128.26813,http://www.wikidata.org/entity/Q12610716
Q12610744,Uiseong Jeori Dinosaur Footprint Fossil Site,"Dinosaur Tracksite in Jeo-ri, Uiseong",natural monument,36.284861111,128.6965,http://www.wikidata.org/entity/Q12610744
Q12610751,Uiseong,Uiseong-eup,eup of South Korea,36.34824,128.70422,http://www.wikidata.org/entity/Q12610751
Q12610751,Uiseong,Uisong,eup of South Korea,36.34824,128.70422,http://www.wikidata.org/entity/Q12610751
Q12611409,Imun Seolnongtang,Imun Seollongtang,restaurant,37.5726,126.9839,http://www.wikidata.org/entity/Q12611409
Q12612282,Gadeokdo,Katoku Somu,island,35.03,128.83,http://www.wikidata.org/entity/Q12612282
Q12623836,Korea Institute of Oriental Medicine,KIOM,research institute,36.399188,127.394635,http://www.wikidata.org/entity/Q12623836
Q12623837,Graduate School of Korean Studies,GSKS,graduate university,37.393305555,127.053661111,http://www.wikidata.org/entity/Q12623837
Q12623890,Korea Research Institute of Chemical Technology,KRICT,research institute,36.388717,127.359805,http://www.wikidata.org/entity/Q12623890
Q12623975,Hallym University Medical Center,HUMC,medical organization,37.886225,127.737751,http://www.wikidata.org/entity/Q12623975
Q12623979,Hallim,Hallim-eup,eup of South Korea,33.37294,126.28275,http://www.wikidata.org/entity/Q12623979
Q12624052,The Society of Korean Traditional Costume,Hanbok Culture Society,organization,37.725606,126.767098,http://www.wikidata.org/entity/Q12624052
Q12624172,Hanyang University Medical Center,HYUMC,university hospital,37.557262,127.0453,http://www.wikidata.org/entity/Q12624172
Q12624185,Hanyeong University,Hanyeong College,private university,34.754,127.715,http://www.wikidata.org/entity/Q12624185
Q12624192,Seoul Hanyoung University,Hanyoung Theological University,private university,37.496541,126.851219,http://www.wikidata.org/entity/Q12624192
Q12624294,Hanil General Hospital,HGH,hospital,37.645856,127.028576,http://www.wikidata.org/entity/Q12624294
Q12624294,Hanil General Hospital,Kepco Medical Center,hospital,37.645856,127.028576,http://www.wikidata.org/entity/Q12624294
Q12624348,Hantangang Daegyocheon Basalt Gorge,Hantangang Daegyocheon Basalt Canyon,natural monument,38.182111111,127.279166666,http://www.wikidata.org/entity/Q12624348
Q12624384,Halmi Mountain Fortress,Yongin Halmi Fortress,fortress,37.287652777,127.176908333,http://www.wikidata.org/entity/Q12624384
Q12624384,Halmi Mountain Fortress,Yongin Halmi Mountain Fortress,fortress,37.287652777,127.176908333,http://www.wikidata.org/entity/Q12624384
Q12624446,Hamyeol,Hamyeol-eup,eup of South Korea,36.07435,126.96324,http://www.wikidata.org/entity/Q12624446
Q12624446,Hamyeol,Hamyol,eup of South Korea,36.07435,126.96324,http://www.wikidata.org/entity/Q12624446
Q12624461,"Hampyeong Hyanggyo-ri Zelkova, Hackberry, and Hornbeam Forest",Forest of Hackberry Zelkova and Hornbeam in Hyanggyo ri Hampyeong,forest,35.065704,126.533605,http://www.wikidata.org/entity/Q12624461
Q12624472,Hampyeong-eup,Hampyeong,eup of South Korea,35.06498,126.48778,http://www.wikidata.org/entity/Q12624472
Q12624472,Hampyeong-eup,Hampyong,eup of South Korea,35.06498,126.48778,http://www.wikidata.org/entity/Q12624472
Q12624518,Hapcheon,Hapcheon-eup,eup of South Korea,35.60668,128.12924,http://www.wikidata.org/entity/Q12624518
Q12624518,Hapcheon,Hapchon,eup of South Korea,35.60668,128.12924,http://www.wikidata.org/entity/Q12624518
Q12624565,Haenam-eup,Haenam,eup of South Korea,34.55467,126.56461,http://www.wikidata.org/entity/Q12624565
Q12613701,Ilsan,Ilsan New Town,planned community,37.666667,126.75,http://www.wikidata.org/entity/Q12613701
Q12613888,Imsil-eup,Imsil,eup of South Korea,35.58913,127.27195,http://www.wikidata.org/entity/Q12613888
Q12620109,Chungnam National University Hospital,CNUH,university hospital,36.316889,127.414886,http://www.wikidata.org/entity/Q12620109
Q12620119,Chungnam Provincial Police Agency,Chungcheongnam-do Police Agency,police,36.661267,126.676244,http://www.wikidata.org/entity/Q12620119
Q12620173,"Iron Seated Buddha, Chungju",Chungju Cheoljo Yeorae Seated Statue,statue,36.969444444,127.929166666,http://www.wikidata.org/entity/Q12620173
Q12620195,Chungnam Provincial Government,Chungcheongnam-do Government,regional local government in South Korea,36.658827,126.672835,http://www.wikidata.org/entity/Q12620195
Q12620199,Chungcheongbuk-do Special Rescue Squad,Chungbuk Special Rescue Squad,fire station,36.712363888,127.483780555,http://www.wikidata.org/entity/Q12620199
Q12620207,Chungbuk Provincial Government,Chungcheongbuk-do Government,regional local government in South Korea,36.635684,127.49139,http://www.wikidata.org/entity/Q12620207
Q12620927,Tap·Daeseong-dong,Tapdaeseong-dong,dong of South Korea,36.62883,127.49713,http://www.wikidata.org/entity/Q12620927
Q12620970,Taebaek Jangseong Early Paleozoic Fossil Site,aebaek Jangseong Ordovician Fossil Site,natural monument,37.101666666,129.016666666,http://www.wikidata.org/entity/Q12620970
Q12620970,Taebaek Jangseong Early Paleozoic Fossil Site,Taebaek Jangseong Ordovician Fossil Site,natural monument,37.101666666,129.016666666,http://www.wikidata.org/entity/Q12620970
Q12620970,Taebaek Jangseong Early Paleozoic Fossil Site,"Trilobite fossil site,Jangseong-dong, Taebaek-si, Gangwon-do",natural monument,37.101666666,129.016666666,http://www.wikidata.org/entity/Q12620970
Q12621006,Taean-eup,Taean,eup of South Korea,36.76147,126.31205,http://www.wikidata.org/entity/Q12621006
Q12621143,Tokki-seom,To-do,island,37.0575,126.01083,http://www.wikidata.org/entity/Q12621143
Q12623410,Korea Institute of Energy Research,KIER,facility,36.383716,127.359638,http://www.wikidata.org/entity/Q12623410
Q12623411,Korea Institute of Energy Technology Evaluation and Planning,KETEP,government agency,37.559929,126.990923,http://www.wikidata.org/entity/Q12623411
Q12623419,Korean Women's Development Institute,KWDI,government agency,37.610936,126.93506,http://www.wikidata.org/entity/Q12623419
Q12623460,Korean Cinema Association,KCA,professional association,37.593066,126.978529,http://www.wikidata.org/entity/Q12623460
Q12623460,Korean Cinema Association,Korean Film Society,professional association,37.593066,126.978529,http://www.wikidata.org/entity/Q12623460
Q12623488,Korea Institute of Radiological and Medical Sciences,KIRAMS,medical organization,37.630214,127.082389,http://www.wikidata.org/entity/Q12623488
Q12623500,The Genetics Society of Korea,GSK,organization,37.500695,127.030373,http://www.wikidata.org/entity/Q12623500
Q12623524,Recording Industry Association of Korea,RIAK,nonprofit organization,37.581638888,126.887055555,http://www.wikidata.org/entity/Q12623524
Q12623621,Korea Disabled People s Development Institute,KODDI,organization,37.527659,126.917756,http://www.wikidata.org/entity/Q12623621
Q12623676,Korea Pharmaceutical and Bio-Pharma Manufacturers Association,Chosun Pharmaceutical Manufacturers Association,association,37.482477,127.001626,http://www.wikidata.org/entity/Q12623676
Q12623676,Korea Pharmaceutical and Bio-Pharma Manufacturers Association,Korea Pharmaceutical Manufacturers Association,association,37.482477,127.001626,http://www.wikidata.org/entity/Q12623676
Q12623676,Korea Pharmaceutical and Bio-Pharma Manufacturers Association,KPBMA,association,37.482477,127.001626,http://www.wikidata.org/entity/Q12623676
Q12623720,Korean Vacuum Society,the Korean Vacuum Society,scientific society,37.5066225,127.0544959,http://www.wikidata.org/entity/Q12623720
Q12623737,Korea Railroad Research Institute,KRRI,research institute,37.314221,126.951305,http://www.wikidata.org/entity/Q12623737
Q12623750,Korea Youth Association,KOYA,organization,37.493302,126.91969,http://www.wikidata.org/entity/Q12623750
Q12623751,National Youth Policy Institute,NYPI,facility,36.495312053,127.305283816,http://www.wikidata.org/entity/Q12623751
Q12623770,Korean Publishing Science Society,Korea Publishing Society,organization,37.540094,126.96222,http://www.wikidata.org/entity/Q12623770
Q12623801,Korea Integrated Logistics Association,KILA,organization,37.560812,127.066784,http://www.wikidata.org/entity/Q12623801
Q12623801,Korea Integrated Logistics Association,Korea Logistics Management Association,organization,37.560812,127.066784,http://www.wikidata.org/entity/Q12623801
Q12623832,Korean Standards Association,KSA,standards organization,37.5062005,127.0524709,http://www.wikidata.org/entity/Q12623832
Q12623832,Korean Standards Association,Korean Standards Association Media,standards organization,37.5062005,127.0524709,http://www.wikidata.org/entity/Q12623832
Q12623832,Korean Standards Association,KSAM,standards organization,37.5062005,127.0524709,http://www.wikidata.org/entity/Q12623832
Q12625652,Hwayang,Hwayang-eup,eup of South Korea,35.66672,128.71209,http://www.wikidata.org/entity/Q12625652
Q12625666,Hwawon,Hwawon-eup,eup of South Korea,35.78348,128.51092,http://www.wikidata.org/entity/Q12625666
Q12625805,Hwangnyong River,Hwangryong River,river,35.101166666,126.799583333,http://www.wikidata.org/entity/Q12625805
Q12626009,Hoengseong-eup,Hoengseong,eup of South Korea,37.4967,127.98826,http://www.wikidata.org/entity/Q12626009
Q12626009,Hoengseong-eup,Hoengsong,eup of South Korea,37.4967,127.98826,http://www.wikidata.org/entity/Q12626009
Q12626123,Seoul Semiconductor High School,Hwigyeong Technical High School,vocational high school,37.585216,127.070001,http://www.wikidata.org/entity/Q12626123
Q12626155,Heukseongsanseong,Heukseongsanseong Fortress,fortress,36.796833333,127.209208333,http://www.wikidata.org/entity/Q12626155
Q12626228,Heunghae,Heunghae-eup,eup of South Korea,36.10681,129.34183,http://www.wikidata.org/entity/Q12626228
Q12626228,Heunghae,Hunghae,eup of South Korea,36.10681,129.34183,http://www.wikidata.org/entity/Q12626228
Q12692781,G 536 Airport,RKUL,airport,36.269422,127.113832,http://www.wikidata.org/entity/Q12692781
Q12694601,R-217 Aero Airport,Pocheon airfield,airport,37.865322,127.176917,http://www.wikidata.org/entity/Q12694601
Q12694601,R-217 Aero Airport,RKRO,airport,37.865322,127.176917,http://www.wikidata.org/entity/Q12694601
Q12694606,R-510 Airport,RKGA,airport,37.2,127.471667,http://www.wikidata.org/entity/Q12694606
Q12694607,R-222 Airport,RKSD,airport,37.831667,126.99,http://www.wikidata.org/entity/Q12694607
Q12625616,Hwaseong Seobu Police Station,Seobu Police Station,police station,37.190972,126.822384,http://www.wikidata.org/entity/Q12625616
Q12625616,Hwaseong Seobu Police Station,Western Hwaseogn Police Station,police station,37.190972,126.822384,http://www.wikidata.org/entity/Q12625616
Q12625637,Hwasun-eup,Hwasun,eup of South Korea,35.05838,126.96196,http://www.wikidata.org/entity/Q12625637
Q12616477,Jeju Special Self-governing Provincial Police Agency,Jeju Police Agency,police,33.48904,126.499202,http://www.wikidata.org/entity/Q12616477
Q12616491,Jeju Special Self-governing Municipal Police,Jeju Municipal Police,municipal police,33.485022222,126.544288888,http://www.wikidata.org/entity/Q12616491
Q12616503,Port of Jeju,Jeju Port,port,33.52239444,126.54078611,http://www.wikidata.org/entity/Q12616503
Q12616506,Jeju Vessel Traffic Service Center,Jeju VTS,vessel traffic service,33.5277,126.545116666,http://www.wikidata.org/entity/Q12616506
Q12616752,Chosun University Hospital,CUH,university hospital,35.138605,126.924484,http://www.wikidata.org/entity/Q12616752
Q12617105,Jocheon,Chochon,eup of South Korea,33.46934,126.66636,http://www.wikidata.org/entity/Q12617105
Q12617105,Jocheon,Jocheon-eup,eup of South Korea,33.46934,126.66636,http://www.wikidata.org/entity/Q12617105
Q12617121,Jochiwon,Chochiwon,eup of South Korea,36.602777777,127.304166666,http://www.wikidata.org/entity/Q12617121
Q12617121,Jochiwon,Jochiwon-eup,eup of South Korea,36.602777777,127.304166666,http://www.wikidata.org/entity/Q12617121
Q12617461,American Chamber of Commerce in Korea,AMCHAM Korea,chamber of commerce and industry,37.525603,126.925461,http://www.wikidata.org/entity/Q12617461
Q12617461,American Chamber of Commerce in Korea,The American Chamber of Commerce in Korea,chamber of commerce and industry,37.525603,126.925461,http://www.wikidata.org/entity/Q12617461
Q12617574,Sansol-myeon,Jungdong-myeon,myeon,37.1731,128.749,http://www.wikidata.org/entity/Q12617574
Q12617606,Namhansanseong-myeon,Jungbu-myeon,myeon,37.45633,127.23331,http://www.wikidata.org/entity/Q12617606
Q12613458,Incheon Ganghwa Fire Station,Ganghwa Fire Station,fire station,37.739380555,126.487311111,http://www.wikidata.org/entity/Q12613458
Q12613466,Incheon Gongdan Fire Station,Incheon Industrial Complex Fire Station,fire station,37.408077777,126.693005555,http://www.wikidata.org/entity/Q12613466
Q12613475,Incheon Seobu Office of Education,Western Incheon Office of Education,board of education,37.552324,126.687939,http://www.wikidata.org/entity/Q12613475
Q12613488,Incheon Metropolitan Government,Incheon City Hall,regional local government in South Korea,37.456089,126.705918,http://www.wikidata.org/entity/Q12613488
Q12613488,Incheon Metropolitan Government,Incheon Metropolitan City Hall,regional local government in South Korea,37.456089,126.705918,http://www.wikidata.org/entity/Q12613488
Q12613491,Guard of Incheon International Airport,Guard of Incheon Airport,police station,37.446821,126.454044,http://www.wikidata.org/entity/Q12613491
Q12613495,Incheon Namdong Fire Station,South-East Incheon Fire Station,fire station,37.448911111,126.716161111,http://www.wikidata.org/entity/Q12613495
Q12613497,Incheon Michuhol Fire Station,Nambu Fire Station,fire station,37.448366666,126.669013888,http://www.wikidata.org/entity/Q12613497
Q12613497,Incheon Michuhol Fire Station,Incheon Nambu Fire Station,fire station,37.448366666,126.669013888,http://www.wikidata.org/entity/Q12613497
Q12613497,Incheon Michuhol Fire Station,Michuhol Fire Station,fire station,37.448366666,126.669013888,http://www.wikidata.org/entity/Q12613497
Q12613497,Incheon Michuhol Fire Station,Southern Incheon Fire Station,fire station,37.448366666,126.669013888,http://www.wikidata.org/entity/Q12613497
Q12613512,Incheon Seobu Fire Station,Western Incheon Fire Station,fire station,37.543102777,126.677288888,http://www.wikidata.org/entity/Q12613512
Q12613535,JEI University,Incheon Jaeneung University,private university,37.475487,126.649937,http://www.wikidata.org/entity/Q12613535
Q12613535,JEI University,Incheon JEI University,private university,37.475487,126.649937,http://www.wikidata.org/entity/Q12613535
Q12613543,Incheon Jungbu Fire Station,Central Incheon Fire Station,fire station,37.470144444,126.62245,http://www.wikidata.org/entity/Q12613543
Q12613556,Incheon Popular Arts High School,Incheon Hitech High School,high school in South Korea,37.474387,126.652864,http://www.wikidata.org/entity/Q12613556
Q12613561,Incheon Vessel Traffic Service Center,Incheon VTS,vessel traffic service,37.462672222,126.599697222,http://www.wikidata.org/entity/Q12613561
Q12613616,Ilgwang-eup,Ilgwang-myeon,eup of South Korea,35.28455,129.22274,http://www.wikidata.org/entity/Q12613616
Q12613640,Illo,Illo-eup,eup of South Korea,34.83073,126.50747,http://www.wikidata.org/entity/Q12613640
Q12622085,Pungmoon High School,Pungmoon Girls' High School,high school,37.47136,127.100693,http://www.wikidata.org/entity/Q12622085
Q16079779,Seongnam Foreign Language High school,SNFL,high school,37.3783,127.096,http://www.wikidata.org/entity/Q16079779
Q12621927,Pocheon Pillow Lava,"Pillow Lava in Auraji, Pocheon",cultural heritage,38.040647,127.11703,http://www.wikidata.org/entity/Q12621927
Q12621973,Pohang Bukbu Fire Station,Bukbu Fire Station,fire station,36.042472222,129.366127777,http://www.wikidata.org/entity/Q12621973
Q12621973,Pohang Bukbu Fire Station,Northern Pohang Fire Station,fire station,36.042472222,129.366127777,http://www.wikidata.org/entity/Q12621973
Q12621988,Pohang Vessel Traffic Service Center,Pohang VTS,vessel traffic service,36.051993,129.375087,http://www.wikidata.org/entity/Q12621988
Q12621990,Korea Marine Meister High School,Pohang Marine Science High School,high school in South Korea,36.074625,129.406043,http://www.wikidata.org/entity/Q12621990
Q12624599,Haemi-myeon,Haemimyeon,myeon,36.72442,126.54748,http://www.wikidata.org/entity/Q12624599
Q12624653,Busan Naval Science Technical High School,Haeundae Technical High School,high school in South Korea,35.167278,129.144415,http://www.wikidata.org/entity/Q12624653
Q12624761,Haengjusanseong,Haengju Mountain Fortress,rocca,37.596947,126.831958,http://www.wikidata.org/entity/Q12624761
Q12625179,Daejeon Institute of Science and Technology,DST,private university,36.302407,127.375239,http://www.wikidata.org/entity/Q12625179
Q12625259,Seoul Hoamsanseong Fortress,Hoam Mountain Fortress,fortress,37.446388888,126.914444444,http://www.wikidata.org/entity/Q12625259
Q12625259,Seoul Hoamsanseong Fortress,Hoamsanseong,fortress,37.446388888,126.914444444,http://www.wikidata.org/entity/Q12625259
Q12625259,Seoul Hoamsanseong Fortress,Hoamsanseong Fortress,fortress,37.446388888,126.914444444,http://www.wikidata.org/entity/Q12625259
Q12625347,Hongnong,Hongnong-eup,eup of South Korea,35.39883,126.44388,http://www.wikidata.org/entity/Q12625347
Q12625411,Hongseong-eup,Hongseong,eup of South Korea,36.59464,126.66254,http://www.wikidata.org/entity/Q12625411
Q12625411,Hongseong-eup,Hongsong,eup of South Korea,36.59464,126.66254,http://www.wikidata.org/entity/Q12625411
Q12625526,Hongcheon-eup,Hongcheon,eup of South Korea,37.67122,127.88083,http://www.wikidata.org/entity/Q12625526
Q12625526,Hongcheon-eup,Hongchon,eup of South Korea,37.67122,127.88083,http://www.wikidata.org/entity/Q12625526
Q12625549,Hwagyesa,Hwagye Temple,Buddhist temple,37.6325,127.007,http://www.wikidata.org/entity/Q12625549
Q12621840,Pyeongtaek Vessel Traffic Service Center,Pyeongtaek VTS,vessel traffic service,36.957605,126.847706,http://www.wikidata.org/entity/Q12621840
Q12621865,Pogok,Pogok-eup,eup of South Korea,37.28773,127.2169,http://www.wikidata.org/entity/Q12621865
Q12621900,POSCO TJ Park Foundation,Steel Scholarship Foundation,nonprofit organization,37.55903,126.992973,http://www.wikidata.org/entity/Q12621900
Q12617802,Jeungpyeong-eup,Chungpyong,eup of South Korea,36.76667,127.61667,http://www.wikidata.org/entity/Q12617802
Q12617802,Jeungpyeong-eup,Jeungpyeong,eup of South Korea,36.76667,127.61667,http://www.wikidata.org/entity/Q12617802
Q12617857,Jido,Chido,eup of South Korea,35.05728,126.2091,http://www.wikidata.org/entity/Q12617857
Q12617857,Jido,Jido-eup,eup of South Korea,35.05728,126.2091,http://www.wikidata.org/entity/Q12617857
Q12618131,Jiksan,Chiksan,eup of South Korea,36.88437,127.14205,http://www.wikidata.org/entity/Q12618131
Q12618131,Jiksan,Jiksan-eup,eup of South Korea,36.88437,127.14205,http://www.wikidata.org/entity/Q12618131
Q12618158,Jingeon,Chingon,eup of South Korea,37.65383,127.18312,http://www.wikidata.org/entity/Q12618158
Q12618158,Jingeon,Jingeon-eup,eup of South Korea,37.65383,127.18312,http://www.wikidata.org/entity/Q12618158
Q12618183,Jindo White-crowned Cranes' Arrival Site,Jindo stork arrival site,natural monument,34.533055555,126.234722222,http://www.wikidata.org/entity/Q12618183
Q12618193,Jindo Vessel Traffic Service Center,Jindo VTS,vessel traffic service,34.367066,126.135102,http://www.wikidata.org/entity/Q12618193
Q12618195,Jindo-eup,Jindo,eup of South Korea,34.48745,126.23933,http://www.wikidata.org/entity/Q12618195
Q12618195,Jindo-eup,Chindo,eup of South Korea,34.48745,126.23933,http://www.wikidata.org/entity/Q12618195
Q12618205,Jillyang,Chillyang,eup of South Korea,35.86754,128.83419,http://www.wikidata.org/entity/Q12618205
Q12618205,Jillyang,Jillyang-eup,eup of South Korea,35.86754,128.83419,http://www.wikidata.org/entity/Q12618205
Q16094889,Jeollabuk-do Gunsan Medical Center,Gunsan Medical Center,hospital,35.954948,126.711438,http://www.wikidata.org/entity/Q16094889
Q16094914,Dongbaek Bridge,Camellia Bridge,road bridge,36.000003715,126.707210854,http://www.wikidata.org/entity/Q16094914
Q16094946,Geumgang Bridge,Geumgang-daegyo,bridge,36.4431937,127.0003005,http://www.wikidata.org/entity/Q16094946
Q16094996,Geumho Bridge,Geumho Bridge (Yeongcheon City),road bridge,35.93718,128.92493,http://www.wikidata.org/entity/Q16094996
Q16095004,Inje University Seoul Paik Hospital,Inje University Paik Hospital,university hospital,37.565176,126.98883,http://www.wikidata.org/entity/Q16095004
Q16095017,Gochang Jungsan-ri Ipop Tree,"Retusa Fringe Tree of Jungsan-ri, Gochang",natural monument,35.36,126.596111111,http://www.wikidata.org/entity/Q16095017
Q16095024,Kimdaejung Convention Center,GEXCO,convention center,35.147083333,126.840333333,http://www.wikidata.org/entity/Q16095024
Q16095024,Kimdaejung Convention Center,Gwangju Exhibition and Convention Center,convention center,35.147083333,126.840333333,http://www.wikidata.org/entity/Q16095024
Q16095037,Gyeongsangbuk-do Gimcheon Medical Center,Gimcheon Medical Center,hospital,36.122676,128.125963,http://www.wikidata.org/entity/Q16095037
Q16095044,Kangwon National University Hospital,KNUH,university hospital,37.87499,127.744721,http://www.wikidata.org/entity/Q16095044
Q16095048,Chungbuk National University Hospital,CBNUH,university hospital,36.623767,127.461645,http://www.wikidata.org/entity/Q16095048
Q16095057,Seoul Metropolitan Boramae Hospital,Boramae Hospital,hospital,37.493428,126.924059,http://www.wikidata.org/entity/Q16095057
Q16095057,Seoul Metropolitan Boramae Hospital,Boramae Medical Center,hospital,37.493428,126.924059,http://www.wikidata.org/entity/Q16095057
Q16095057,Seoul Metropolitan Boramae Hospital,Seoul Boramae Hospital,hospital,37.493428,126.924059,http://www.wikidata.org/entity/Q16095057
Q16095057,Seoul Metropolitan Boramae Hospital,Seoul Municipal Yeoungdeungpo Hospital,hospital,37.493428,126.924059,http://www.wikidata.org/entity/Q16095057
Q16095057,Seoul Metropolitan Boramae Hospital,SMG-SNU,hospital,37.493428,126.924059,http://www.wikidata.org/entity/Q16095057
Q16095088,Jindo Donggeochado Spherical Peperite,Jindo Donggeochado Rhyolite Nodules,natural monument,34.242166666,125.953138888,http://www.wikidata.org/entity/Q16095088
Q16095088,Jindo Donggeochado Spherical Peperite,Jindo Donggeochado-Maldo,natural monument,34.242166666,125.953138888,http://www.wikidata.org/entity/Q16095088
Q16095106,Jinju Yusuri Cretaceous Fossil Site,"Cretaceous Fossil Site in Yusu-ri, Jinju",natural monument,35.1250041,128.0149128,http://www.wikidata.org/entity/Q16095106
Q16095117,Jincheon Nowon-ri Black-crowned Crane Breeding Site,"Breeding Ground of Grey Herons in Nowon-ri, Jincheon",natural monument,36.923333333,127.415833333,http://www.wikidata.org/entity/Q16095117
Q16095133,Gangwha Chamseongdan Sosan Tree,"Turczaninow Hornbeam of Chamseongdan Altar, Ganghwa",cultural heritage,37.615833333,126.428055555,http://www.wikidata.org/entity/Q16095133
Q16095138,Changgyeonggung Palace Okcheon Bridge,Geumcheongyo Bridge,bridge,37.58,126.994722222,http://www.wikidata.org/entity/Q16095138
Q16095138,Changgyeonggung Palace Okcheon Bridge,Okcheon Bridge,bridge,37.58,126.994722222,http://www.wikidata.org/entity/Q16095138
Q16095138,Changgyeonggung Palace Okcheon Bridge,Okcheongyo,bridge,37.58,126.994722222,http://www.wikidata.org/entity/Q16095138
Q16095148,Jeollabuk-do Namwon Medical Center,Namwon Medical Center,hospital,35.431911,127.406661,http://www.wikidata.org/entity/Q16095148
Q16095154,Sungui Station,Namincheon Station,railway station,37.46080556,126.63830556,http://www.wikidata.org/entity/Q16095154
Q16095155,Daegu Catholic University Chilgok Catholic Hospital,Chilgok Catholic Hospital,university hospital,35.934895,128.549232,http://www.wikidata.org/entity/Q16095155
Q16095157,Namincheon Post Office,Southern Incheon Post Office,post office,37.460617,126.696463,http://www.wikidata.org/entity/Q16095157
Q12621233,Tongyeong Bijindo Palsoninamu Habitat,"Natural Habitat of Formosa Rice plants on Bijindo Island, Tongyeong",natural monument,34.730277777,128.458333333,http://www.wikidata.org/entity/Q12621233
Q12621253,Tongil Bridge,Tong-il Bridge,road bridge,37.90336111,126.74288889,http://www.wikidata.org/entity/Q12621253
Q12621253,Tongil Bridge,Unification Bridge,road bridge,37.90336111,126.74288889,http://www.wikidata.org/entity/Q12621253
Q12621289,Toegyewon,Toegyewon-eup,eup of South Korea,37.65075,127.14267,http://www.wikidata.org/entity/Q12621289
Q12621424,Pagyesa,Pagye Temple,Buddhist temple,36.001111111,128.641111111,http://www.wikidata.org/entity/Q12621424
Q12621449,Lake Paro,Hwacheonho,reservoir,38.115833333,127.778333333,http://www.wikidata.org/entity/Q12621449
Q12621449,Lake Paro,Lake Hwacheon,reservoir,38.115833333,127.778333333,http://www.wikidata.org/entity/Q12621449
Q12621449,Lake Paro,Paroho,reservoir,38.115833333,127.778333333,http://www.wikidata.org/entity/Q12621449
Q12621512,Paju-eup,Paju,eup of South Korea,37.82549,126.81435,http://www.wikidata.org/entity/Q12621512
Q12621570,Paldang Lake,Lake Paldang,reservoir,37.50625,127.296166666,http://www.wikidata.org/entity/Q12621570
Q12621580,Palmido Island,Palmido,island,37.358070721,126.511861096,http://www.wikidata.org/entity/Q12621580
Q12621647,Paengseong,Paengseong-eup,eup of South Korea,36.96385,127.0625,http://www.wikidata.org/entity/Q12621647
Q12621647,Paengseong,Paengsong,eup of South Korea,36.96385,127.0625,http://www.wikidata.org/entity/Q12621647
Q12621649,Paengseong-eup Guest House,Paengseong-eup Gaeksa,cultural heritage,36.9648511,127.0608361,http://www.wikidata.org/entity/Q12621649
Q12621827,Pyeongtaek University,Pierson Memorial Union Bible Institute,university,36.992004,127.089906,http://www.wikidata.org/entity/Q12621827
Q12621839,Pyeonghae,Pyeonghae-eup,eup of South Korea,36.725606,129.441617,http://www.wikidata.org/entity/Q12621839
Q12621839,Pyeonghae,Pyonghae,eup of South Korea,36.725606,129.441617,http://www.wikidata.org/entity/Q12621839
Q16095177,Changdeokgung Palace Geumcheongyo Bridge,Geumcheongyo Bridge,bridge,37.5827691,126.9887534,http://www.wikidata.org/entity/Q16095177
Q16095200,Buyeo Changnyeolsa Temple,Changnyeol Seowon,cultural heritage,36.245194444,126.796638888,http://www.wikidata.org/entity/Q16095200
Q16095200,Buyeo Changnyeolsa Temple,Changnyeolsa,cultural heritage,36.245194444,126.796638888,http://www.wikidata.org/entity/Q16095200
Q16095249,Busan Digital University,BDU,private university,35.143944444,129.010555555,http://www.wikidata.org/entity/Q16095249
Q16095310,"The Catholic University of Korea, Bucheon ST. Mary’s Hospital",Bucheon St. Mary's Hospital,university hospital,37.486905,126.792363,http://www.wikidata.org/entity/Q16095310
Q16079842,Korea Culinary Arts Science High School,KCAS,private school,37.458805,126.83303,http://www.wikidata.org/entity/Q16079842
Q16092181,Ganghwa Samrangseong,Ganghwa Samrang Fortress,fortress,37.631666666,126.488611111,http://www.wikidata.org/entity/Q16092181
Q16092181,Ganghwa Samrangseong,Jeongjoksanseong Fortress,fortress,37.631666666,126.488611111,http://www.wikidata.org/entity/Q16092181
Q16092181,Ganghwa Samrangseong,"Samnangseong Fortress, Ganghwa",fortress,37.631666666,126.488611111,http://www.wikidata.org/entity/Q16092181
Q16092192,Gaesimsa Daeungjeon,Seosan Gaesimsa Temple Daeungjeon,building,36.746666666,126.590277777,http://www.wikidata.org/entity/Q16092192
Q16092200,Seocheon Geonji Mountain Fortress,"Geonjisanseong Fortress, Seocheon",fortress,36.086138888,126.799802777,http://www.wikidata.org/entity/Q16092200
Q16092206,Sujeongjeon Hall of Gyeongbokgung Palace,Sujeongjeon,palace,37.578959102,126.97592687,http://www.wikidata.org/entity/Q16092206
Q16092211,Gyeongsangjwa-do Byeongyeongseong,Gyeongsangjwa-do Byeongyeong Fortress,fortress,35.576666666,129.343611111,http://www.wikidata.org/entity/Q16092211
Q16092211,Gyeongsangjwa-do Byeongyeongseong,"Military Headquarters of Gyeongsangjwa-do Province, Ulsan",fortress,35.576666666,129.343611111,http://www.wikidata.org/entity/Q16092211
Q16092219,Myeonghwalseong Fortress,"Myeonghwalseong, Gyeongju",fortress,35.835555555,129.255277777,http://www.wikidata.org/entity/Q16092219
Q16092221,Gyeongju Busanseong,Gyeongju Busan Fortress,fortress,35.846944444,129.054444444,http://www.wikidata.org/entity/Q16092221
Q16092252,Goryeong Jusanseong,Goryeong Jusan Fortress,historic site,35.729833333,128.253805555,http://www.wikidata.org/entity/Q16092252
Q16092257,Deongmyeong dinosaur fossil site,"Tracksite of Dinosaurs and Birds in Deongmyeong-ri, Goseong",paleontological site,34.908055555,128.148888888,http://www.wikidata.org/entity/Q16092257
Q16092264,Gossi Cave,Yeongwol Gossi Cave,natural monument,37.129616,128.532939,http://www.wikidata.org/entity/Q16092264
Q16092264,Gossi Cave,Yeongwol Gossigul,natural monument,37.129616,128.532939,http://www.wikidata.org/entity/Q16092264
Q16092268,Goyang Songpo Baeksong,Goyang Songpo White Pine,natural monument,37.694166666,126.738333333,http://www.wikidata.org/entity/Q16092268
Q16092272,Gochang Munsusa Maple Tree Forest,"Forest of Maple Trees at Munsusa Temple, Gochang",forest,35.390732,126.722989,http://www.wikidata.org/entity/Q16092272
Q16092275,Goheung Geumtapsa Temple nutmeg tree forest,Torreya Forest of Geumtapsa Temple in Goheung,forest,34.542777777,127.2875,http://www.wikidata.org/entity/Q16092275
Q16092283,Gonjiam Rock,Gonjiam,cultural heritage,37.349444444,127.338611111,http://www.wikidata.org/entity/Q16092283
Q16092325,Namwon Gyoryongsanseong Fortress,Gyoryongsanseong Fortress,fortress,35.429725,127.361958333,http://www.wikidata.org/entity/Q16092325
Q16092325,Namwon Gyoryongsanseong Fortress,Namwon Eupseong,fortress,35.429725,127.361958333,http://www.wikidata.org/entity/Q16092325
Q16093854,Andong Sasin-ri Zelkova,"Zelkova tree in Sasin-ri, Andong",natural monument,36.6975,128.771666666,http://www.wikidata.org/entity/Q16093854
Q16093885,North Gyeongsang Province municipal council,Gyeongsangbuk-do Provincial Council,mayor–council government,36.576007,128.507278,http://www.wikidata.org/entity/Q16093885
Q16093885,North Gyeongsang Province municipal council,North Gyeongsang Province FLACS council,mayor–council government,36.576007,128.507278,http://www.wikidata.org/entity/Q16093885
Q16093925,"National Research Council for Economics, Humanities and Social Sciences",NRCS,public institution in South Korea,36.494937367,127.303795694,http://www.wikidata.org/entity/Q16093925
Q16093925,"National Research Council for Economics, Humanities and Social Sciences",NRC,public institution in South Korea,36.494937367,127.303795694,http://www.wikidata.org/entity/Q16093925
Q16093925,"National Research Council for Economics, Humanities and Social Sciences",National Research Council for Economics Humanities and Social Science,public institution in South Korea,36.494937367,127.303795694,http://www.wikidata.org/entity/Q16093925
Q16093966,Daegu Science Technology High School,Daegu Seoboo Technical High School,high school in South Korea,35.85729,128.548358,http://www.wikidata.org/entity/Q16093966
Q16094011,Yeongihyanggyo,Yeongyeonhyanggyo,cultural heritage,36.543333333,127.281111111,http://www.wikidata.org/entity/Q16094011
Q16094020,Seoul Daegil Elementary School,Daegil Elementary School,primary school,37.498112,126.913823,http://www.wikidata.org/entity/Q16094020
Q16094054,Goyang Deogyang Post Office,Deogyang Post Office,post office,37.637283,126.835216,http://www.wikidata.org/entity/Q16094054
Q16092406,Gongju Geumgang Railroad Bridge,Gongju Geumgang Bridge,cultural heritage,36.467777777,127.125555555,http://www.wikidata.org/entity/Q16092406
Q16092406,Gongju Geumgang Railroad Bridge,Princess Geumgang Bridge,cultural heritage,36.467777777,127.125555555,http://www.wikidata.org/entity/Q16092406
Q16092449,Geumsan Chungnyeolsa Temple,Chungnyeolsa,historic site,36.130277777,127.456111111,http://www.wikidata.org/entity/Q16092449
Q16092449,Geumsan Chungnyeolsa Temple,Chungryeolsa,historic site,36.130277777,127.456111111,http://www.wikidata.org/entity/Q16092449
Q16092456,Damyang Geumseongsanseong,Damyang Geumseong,fortress,35.382222222,127.034444444,http://www.wikidata.org/entity/Q16092456
Q16092456,Damyang Geumseongsanseong,Damyang Geumseong Fortress,fortress,35.382222222,127.034444444,http://www.wikidata.org/entity/Q16092456
Q16092513,Gimhae Sincheon-ri Ipop tree,"Ipop tree in Sincheon-ri, Gimhae",natural monument,35.2794942,128.8270223,http://www.wikidata.org/entity/Q16092513
Q16092527,Korea Global Business Meister High School,Gampo High School,high school in South Korea,35.810959,129.506252,http://www.wikidata.org/entity/Q16092527
Q16092532,Najeong Well,"Najeong, Gyeongju",historic site,35.8159334,129.2125973,http://www.wikidata.org/entity/Q16092532
Q16092555,Yeongdong Nangyesa Temple,Nangyesa,historic site,36.210277777,127.7025,http://www.wikidata.org/entity/Q16092555
Q16092604,Namhae Mulgeon-ri Tide-blocking Forest,Namhae Mulgeonri Bangjo Eoburim,forest,34.796111111,128.050277777,http://www.wikidata.org/entity/Q16092604
Q16092604,Namhae Mulgeon-ri Tide-blocking Forest,Windbreak forest in Mulgeon ri Namhae,forest,34.796111111,128.050277777,http://www.wikidata.org/entity/Q16092604
Q16092605,Namhae Chungnyeolsa Temple,Chungnyeolsa,historic site,34.941944444,127.875833333,http://www.wikidata.org/entity/Q16092605
Q16092653,Damyang Daechiri Zelkova Tree,Damyang Daechiri Zelkova,natural monument,35.277777777,126.89,http://www.wikidata.org/entity/Q16092653
Q16092667,Daegu Dodong Arborvitae Forest,"Forest of Oriental Arborvitae in Do-dong, Daegu",forest,35.918055555,128.663333333,http://www.wikidata.org/entity/Q16092667
Q16092668,Gyeonggi University of Science and Technology,GTEC,educational institution,37.338424,126.735941,http://www.wikidata.org/entity/Q16092668
Q16092668,Gyeonggi University of Science and Technology,Gyeonggi College of Science and Technology,educational institution,37.338424,126.735941,http://www.wikidata.org/entity/Q16092668
Q16092668,Gyeonggi University of Science and Technology,Kyonggi Institute of Technology,educational institution,37.338424,126.735941,http://www.wikidata.org/entity/Q16092668
Q16092702,Kyungdong University,KDU,private university,38.250857,128.55549,http://www.wikidata.org/entity/Q16092702
Q16092707,Kyungmin University,Kyungmin College,private university,37.746072222,127.023894444,http://www.wikidata.org/entity/Q16092707
Q16092712,Kyungbok University,KBU,private university,37.734766666,127.211080555,http://www.wikidata.org/entity/Q16092712
Q16092718,Jincheon Daemo Mountain Fortress,Jincheon Daemosan Fortress,fortress,36.8676856,127.4620476,http://www.wikidata.org/entity/Q16092718
Q16092718,Jincheon Daemo Mountain Fortress,Jincheon Daemosanseong,fortress,36.8676856,127.4620476,http://www.wikidata.org/entity/Q16092718
Q16092721,Yangju Daemosanseong,Daemo Fortress,fortress,37.786388888,127.011388888,http://www.wikidata.org/entity/Q16092721
Q16092721,Yangju Daemosanseong,Yangju Daemo Mountain Fortress,fortress,37.786388888,127.011388888,http://www.wikidata.org/entity/Q16092721
Q16092775,Anseong Deokbong Seowon,Deokbong Seowon,seowon,37.046111111,127.192222222,http://www.wikidata.org/entity/Q16092775
Q16092819,Dokdo Perpetual Tree,Dokdo Safflower,heritage tree,37.240555555,131.869722222,http://www.wikidata.org/entity/Q16092819
Q16092819,Dokdo Perpetual Tree,Dokdo Spindle Tree,heritage tree,37.240555555,131.869722222,http://www.wikidata.org/entity/Q16092819
Q16093495,Monument for the 40th Anniversary of King Gojong's Enthronement,Bigak,,37.570486,126.977524,http://www.wikidata.org/entity/Q16093495
Q16093536,Gangwon Yeongwol Office of Education,Yeongwol Office of Education,government agency,37.182831,128.458254,http://www.wikidata.org/entity/Q16093536
Q16093555,Gyeonggi Gwangju Post Office,Gwangju Post Office,post office,37.427156,127.252839,http://www.wikidata.org/entity/Q16093555
Q16093565,Gyeonggi Gapyeong Office of Education,Gapyeong Office of Education,government agency,37.829451,127.507997,http://www.wikidata.org/entity/Q16093565
Q16093571,Gyeonggi Goyang Office of Education,Goyang Office of Education,government agency,37.66176,126.772675,http://www.wikidata.org/entity/Q16093571
Q16093575,Gyeonggi Gwangmyeong Office of Education,Gwangmyeong Office of Education,government agency,37.469747,126.848193,http://www.wikidata.org/entity/Q16093575
Q16093578,Gyeonggi Gwangju Hanam Office of Education,Gwangju Hanam Office of Education,government agency,37.422848,127.258906,http://www.wikidata.org/entity/Q16093578
Q16093583,Gyeonggo Guri Namyangju Office of Education,Guri Namyangju Office of Education,government agency,37.610641,127.170023,http://www.wikidata.org/entity/Q16093583
Q16093584,Cheonan Seonggeosan Wiryeseong Fortress,Wiryeseong Fortress,fortress,36.879111111,127.251333333,http://www.wikidata.org/entity/Q16093584
Q16093586,Gyeonggi Gunpo Uiwang Office of Education,Gunpo Uiwang Office of Education,government agency,37.36214,126.932897,http://www.wikidata.org/entity/Q16093586
Q16093591,Gyeonggi Gimpo Office of Education,Gimpo Office of Education,government agency,37.620947,126.711719,http://www.wikidata.org/entity/Q16093591
Q16093595,Gyeonggi Dongducheon Yangju Office of Education,Dongducheon Yangju Office of Education,government agency,37.890892,127.053956,http://www.wikidata.org/entity/Q16093595
Q16093602,Cheonan Seongbulsa Temple,Seongbulsa Temple,Buddhist temple,36.829167,127.196389,http://www.wikidata.org/entity/Q16093602
Q16093606,Gyeonggi Bucheon Office of Education,Bucheon Office of Education,government agency,37.507577,126.773571,http://www.wikidata.org/entity/Q16093606
Q16093613,Gyeonggi Siheung Office of Education,Siheung Office of Education,government agency,37.354539,126.743933,http://www.wikidata.org/entity/Q16093613
Q16093619,Gyeonggi Ansan Office of Education,Ansan Office of Education,government agency,37.320039,126.826609,http://www.wikidata.org/entity/Q16093619
Q16093624,Gyeonggi Anseong Office of Education,Anseong Office of Education,government agency,37.011437,127.272921,http://www.wikidata.org/entity/Q16093624
Q16093629,Gyeonggi Anyang Gwacheon Office of Education,Anyang Gwacheon Office of Education,government agency,37.395383,126.960017,http://www.wikidata.org/entity/Q16093629
Q16093632,Gyeonggi Yangpyeong Office of Education,Yangpyeong Office of Education,government agency,37.494335,127.485325,http://www.wikidata.org/entity/Q16093632
Q16093637,Gyeonggi Yeoju Office of Education,Yeoju Office of Education,government agency,37.297194,127.640531,http://www.wikidata.org/entity/Q16093637
Q16093639,Population of Spreading Yews in Sobaeksan Mountain,Sobaeksan yew colony,natural monument,36.9595,128.479972222,http://www.wikidata.org/entity/Q16093639
Q16093639,Population of Spreading Yews in Sobaeksan Mountain,Sobaeksan Red Maple Grove,natural monument,36.9595,128.479972222,http://www.wikidata.org/entity/Q16093639
Q16093643,Gyeonggi Yeoncheon Office of Education,Yeoncheon Office of Education,government agency,38.108117,127.075063,http://www.wikidata.org/entity/Q16093643
Q16093655,Gyeonggi Uijeongbu Office of Education,Uijeongbu Office of Education,government agency,37.745938,127.046947,http://www.wikidata.org/entity/Q16093655
Q16093666,Gyeonggi Icheon Office of  Education,Icheon Office of Education,board of education,37.28763,127.449386,http://www.wikidata.org/entity/Q16093666
Q16093670,Gyeonggi Paju Office of Education,Paju Office of Education,government agency,37.756739,126.778638,http://www.wikidata.org/entity/Q16093670
Q16093674,Gyeonggi Pyeongtaek Office of Education,Pyeongtaek Office of Education,government agency,36.999282,127.089675,http://www.wikidata.org/entity/Q16093674
Q16093679,Gyeonggi Pocheon Office of Education,Pocheon Office of Education,government agency,37.889785,127.200917,http://www.wikidata.org/entity/Q16093679
Q16093704,Susukri Toseong,Susuri Toseong,fortress,37.590833333,127.176111111,http://www.wikidata.org/entity/Q16093704
Q16093704,Susukri Toseong,Tomize,fortress,37.590833333,127.176111111,http://www.wikidata.org/entity/Q16093704
Q16093724,Supyogyo,Supyo Bridge,stone bridge,37.5580919,127.0049949,http://www.wikidata.org/entity/Q16093724
Q16093727,Gyeongsangnam-do Masan Medical Center,Masan Medical Center,hospital,35.19882,128.565948,http://www.wikidata.org/entity/Q16093727
Q16093739,Gyeongnam Provincial Government,Gyeongsangnam-do Government,regional local government in South Korea,35.236591,128.690441,http://www.wikidata.org/entity/Q16093739
Q16093744,Gyeongsangbuk-do Fire Academy,Gyeongbuk Fire Academy,fire academy,35.899416666,128.638394444,http://www.wikidata.org/entity/Q16093744
Q16095335,Daegu Nambu Office of Education,Southern Daegu Office of Education,board of education,35.834474,128.546286,http://www.wikidata.org/entity/Q16095335
Q16095339,Daegu Dalseong Office of Education,Dalseong Office of Education,board of education,35.841271,128.56147,http://www.wikidata.org/entity/Q16095339
Q16095345,Daegu Seobu Office of Education,Western Daegu Office of Education,board of education,35.858948,128.556097,http://www.wikidata.org/entity/Q16095345
Q16095349,Daegu municipal council,Daegu FLACS konseyi,city council,35.871763,128.601256,http://www.wikidata.org/entity/Q16095349
Q16095363,Daegu Dongbu Fire Station,Eastern Daegu Fire Station,fire station,35.876072222,128.625183333,http://www.wikidata.org/entity/Q16095363
Q16095374,Iksan Cheonho Cave,Cheonho Cave,natural monument,36.050555555,127.121944444,http://www.wikidata.org/entity/Q16095374
Q16095374,Iksan Cheonho Cave,"Cheonhodonggul Cave, Iksan",natural monument,36.050555555,127.121944444,http://www.wikidata.org/entity/Q16095374
Q16095386,Daegu Seobu Fire Station,Western Daegu Fire Station,fire station,35.876072222,128.625183333,http://www.wikidata.org/entity/Q16095386
Q16095391,Daegu Suseong Fire Station,Suseong Fire Station,fire station,35.825519444,128.644266666,http://www.wikidata.org/entity/Q16095391
Q16095400,Samgye Non-Commissioned Officer High School,Samgye High School,high school,35.258128,126.666116,http://www.wikidata.org/entity/Q16095400
Q16095403,Daegu Jungbu Fire Station,Central Daegu Fire Station,fire station,35.862319444,128.575252777,http://www.wikidata.org/entity/Q16095403
Q16095406,Cheongdo Seokbinggo,Cheongdo Stone Ice Depot,cultural heritage,35.649414,128.708363,http://www.wikidata.org/entity/Q16095406
Q16095460,Daesan Vessel Traffic Service Center,Daesan VTS,vessel traffic service,36.972762,126.391562,http://www.wikidata.org/entity/Q16095460
Q16095490,Daejeon Interchange,Daejeon Nadeulmok,interchange,36.363294444,127.451138888,http://www.wikidata.org/entity/Q16095490
Q16095490,Daejeon Interchange,Match Interchange,interchange,36.363294444,127.451138888,http://www.wikidata.org/entity/Q16095490
Q16095504,Daejeon Dongbu Office of Education,Eastern Daejeon Office of Education,board of education,36.332796,127.423419,http://www.wikidata.org/entity/Q16095504
Q16095507,Daejeon Seobu Office of Education,Western Daejeon Office of Education,board of education,36.313037,127.378889,http://www.wikidata.org/entity/Q16095507
Q16095510,Daejeon municipal council,Daejeon FLACS Council,city council,36.350225,127.383815,http://www.wikidata.org/entity/Q16095510
Q16095567,Sorabol University,Sorabol College,educational institution,35.821527,129.258766,http://www.wikidata.org/entity/Q16095567
Q16095606,"The Catholic University of Korea, Seoul St. Mary's Hospital",St. Mary's Hospital,university hospital,37.501736,127.004716,http://www.wikidata.org/entity/Q16095606
Q16095845,Boryeong Chungcheong Suyeongseong Fortress,"Navy Headquarters of Chungcheong-do Province, Boryeong",fortress,36.439388888,126.523027777,http://www.wikidata.org/entity/Q16095845
Q16095900,Taean Napo Coastal Pebble Top,"Coastal Topography on Naepasudo Island, Taean",natural monument,36.453333333,126.236666666,http://www.wikidata.org/entity/Q16095900
Q16095900,Taean Napo Coastal Pebble Top,Taean Naepasudo coastal terrain,natural monument,36.453333333,126.236666666,http://www.wikidata.org/entity/Q16095900
Q16095900,Taean Napo Coastal Pebble Top,Taean Napo Waterway Coastal Gravel Top,natural monument,36.453333333,126.236666666,http://www.wikidata.org/entity/Q16095900
Q16095942,"Maemil Chestnut Forest, Yokjido Island, Tongyeong","Forest of Cyathea Cuspidata on Yokjido Island, Tongyeong",forest,34.635027777,128.268111111,http://www.wikidata.org/entity/Q16095942
Q16095942,"Maemil Chestnut Forest, Yokjido Island, Tongyeong",Tongyeong Yokjido Momijatbam Forest,forest,34.635027777,128.268111111,http://www.wikidata.org/entity/Q16095942
Q16095974,Pocheon Hantan River Basalt Gorge and Bidulginan Waterfall,Pocheon Hantangang Basalt Canyon and Bidulginang Falls,natural monument,38.079722222,127.216944444,http://www.wikidata.org/entity/Q16095974
Q16095976,Gwangju Pochungsa,Gwangju Pochungsa Temple,temple of Confucius,35.090555555,126.847222222,http://www.wikidata.org/entity/Q16095976
Q16095976,Gwangju Pochungsa,Pochungsa Shrine,temple of Confucius,35.090555555,126.847222222,http://www.wikidata.org/entity/Q16095976
Q16096104,Hyangiram,Hyangiram Hermitage,Buddhist temple,34.5916,127.80391,http://www.wikidata.org/entity/Q16096104
Q16096000,"The Catholic University of Korea, St. Vincent's Hospital",St. Vincent's Hospital,university hospital,37.278335,127.027789,http://www.wikidata.org/entity/Q16096000
Q16096002,Hadong Songnim,Hadong Pine Forest,forest,35.0625,127.743611111,http://www.wikidata.org/entity/Q16096002
Q16096053,Hampyeong Gikgak-ri Red Oak Tree Native Bukhanji,Hampyeong Gikgak-ri Red Oak Tree Northern Limit,natural monument,35.0708137,126.5156617,http://www.wikidata.org/entity/Q16096053
Q16096095,Gangwon Biology Science High School,Soyang High School,high school in South Korea,37.90946,127.724558,http://www.wikidata.org/entity/Q16096095
Q16096143,Suseong University,SSU,private university,35.853511111,128.647747222,http://www.wikidata.org/entity/Q16096143
Q16096172,Honghwamun,Honghwamun (Gate),gate,37.578927777,126.996372222,http://www.wikidata.org/entity/Q16096172
Q16096172,Honghwamun,Honghwamun Gate,gate,37.578927777,126.996372222,http://www.wikidata.org/entity/Q16096172
Q16096192,Gojeongri dinosaur's egg fossil area,Hwaseong Gojeong-ri Dinosaur Egg Fossil Site,natural monument,37.2625,126.746944444,http://www.wikidata.org/entity/Q16096192
Q16096214,Hwaseong Jeongok-ri ash tree,Hwaseong Jeongok-ri Water Lily Tree,natural monument,37.194444444,126.697777777,http://www.wikidata.org/entity/Q16096214
Q16096224,Hwasun dinosaur fossil site,Hwasun Seoyuri Dinosaur Footprint Fossil Site,natural monument,35.164166666,127.608611111,http://www.wikidata.org/entity/Q16096224
Q16093085,Bansong Samjeolsa,Bansong Samjeolsa Temple,historic site,35.229166666,129.161388888,http://www.wikidata.org/entity/Q16093085
Q16092902,Gyeseong Elementary School,Roman Catholic Archdiocese of Seoul,primary school,37.5633,126.987,http://www.wikidata.org/entity/Q16092902
Q16092955,Stone Guardian from the Tomb of King Muryeong,King Muryeong's tomb stone carving,national treasure,36.465555555,127.111388888,http://www.wikidata.org/entity/Q16092955
Q16092978,muyejebobeon-yeogsogjip,Muye jebo beonyeok sokjip,cultural heritage,35.8561452,128.4845575,http://www.wikidata.org/entity/Q16092978
Q16092978,muyejebobeon-yeogsogjip,Sequel to the Book of Martial Arts,cultural heritage,35.8561452,128.4845575,http://www.wikidata.org/entity/Q16092978
Q16092978,muyejebobeon-yeogsogjip,Translated Supplement to Manual of Martial Arts,cultural heritage,35.8561452,128.4845575,http://www.wikidata.org/entity/Q16092978
Q16093054,Miryang Maneosan Rock Formation,Miryang Maneosan rock massif,natural monument,35.455,128.846111111,http://www.wikidata.org/entity/Q16093054
Q16093158,Gamgok Interchange,Gamgok IC,interchange,37.124572,127.670114,http://www.wikidata.org/entity/Q16093158
Q16094063,Goyang Ilsan Post Office,Ilsan Post Office,post office,37.661313,126.771714,http://www.wikidata.org/entity/Q16094063
Q16094085,Yeongyang Gamcheon-ri Arborvitae Forest,"Forest of Oriental Arborvitae in Gamcheon-ri, Yeongyang",forest,36.627777777,129.091944444,http://www.wikidata.org/entity/Q16094085
Q16094093,Yeongwol Mureung-ri Yoseonam Dolgaegoong,"Potholes on Yoseonam Rock in Mureung-ri, Yeongwol",natural monument,37.284722222,128.266666666,http://www.wikidata.org/entity/Q16094093
Q16094112,Daeshin University,Taeshin Christian University,private university,35.804221,128.744307,http://www.wikidata.org/entity/Q16094112
Q16094165,Chungcheongnam-do Gongju Medical Center,Gongju Medical Center,hospital,36.459054,127.109454,http://www.wikidata.org/entity/Q16094165
Q16094174,Oreung,Five Royal Tombs,cemetery,35.823333333,129.208888888,http://www.wikidata.org/entity/Q16094174
Q16094174,Oreung,Five Tombs,cemetery,35.823333333,129.208888888,http://www.wikidata.org/entity/Q16094174
Q16094174,Oreung,Gyeongju Five Royal Tombs,cemetery,35.823333333,129.208888888,http://www.wikidata.org/entity/Q16094174
Q16094174,Oreung,Gyeongju Five Tombs,cemetery,35.823333333,129.208888888,http://www.wikidata.org/entity/Q16094174
Q16094174,Oreung,Gyeongju Oreung,cemetery,35.823333333,129.208888888,http://www.wikidata.org/entity/Q16094174
Q16094174,Oreung,Orŭng,cemetery,35.823333333,129.208888888,http://www.wikidata.org/entity/Q16094174
Q16094192,Ondal Cave,Danyang Ondal Cave,natural monument,37.061388888,128.493333333,http://www.wikidata.org/entity/Q16094192
Q16094197,Ongjin Baekryeongdo Nampo-ri Kongdol Beach,"Kongdol Pebble Beach in Nampo-ri, Baengnyeongdo Island, Ongjin",natural monument,37.936111111,124.687777777,http://www.wikidata.org/entity/Q16094197
Q16094197,Ongjin Baekryeongdo Nampo-ri Kongdol Beach,Ongjin Baekryeongdo Nampo-ri Kongdol Coast,natural monument,37.936111111,124.687777777,http://www.wikidata.org/entity/Q16094197
Q16094204,Gwanmunseong,Gwanmunseong  Fortress,fortress,35.67,129.334722222,http://www.wikidata.org/entity/Q16094204
Q16094211,Wando Jeongdo-ri Gugyedeung,Wando Jeongdo-ri nine storey lantern,cultural heritage,34.298333333,126.705,http://www.wikidata.org/entity/Q16094211
Q16094218,Oeam,Oeam Folk Village,village,36.7311,127.0136,http://www.wikidata.org/entity/Q16094218
Q16094230,Seoraksan Yonga Jangseong Fortress,Yongajangseong,fortress,38.152424107,128.396802025,http://www.wikidata.org/entity/Q16094230
Q16094233,Gwaneumsa Temple (Jeju City),Gwaneumsa,Buddhist temple,33.4233,126.5587,http://www.wikidata.org/entity/Q16094233
Q16094233,Gwaneumsa Temple (Jeju City),Kwanumsa,Buddhist temple,33.4233,126.5587,http://www.wikidata.org/entity/Q16094233
Q16094259,Uljin Susan-ri Oak Tree,"Cork oak of Susan-ri, Uljin",cultural heritage,36.9675,129.397222222,http://www.wikidata.org/entity/Q16094259
Q16094312,Gwangju Gwangsan Post Office,Gwangsan Post Office,post office,35.160071,126.806162,http://www.wikidata.org/entity/Q16094312
Q16094314,Yuaesa Temple,Yuae temple,cultural heritage,35.534722222,126.826083333,http://www.wikidata.org/entity/Q16094314
Q16094314,Yuaesa Temple,Yuaesa,cultural heritage,35.534722222,126.826083333,http://www.wikidata.org/entity/Q16094314
Q16094320,Gwangju Special Rescue Squad,Gwangju Fire Aviation Squad,fire station,35.140422222,126.809977777,http://www.wikidata.org/entity/Q16094320
Q16094335,Gwangju municipal council,Gwangju FLACS Council,city council,37.429312,127.255588,http://www.wikidata.org/entity/Q16094335
Q16094351,Gwangju Bukbu Fire Station,Northern Gwangju Fire Station,fire station,35.186461111,126.912288888,http://www.wikidata.org/entity/Q16094351
Q16094377,Uiseong Sachon-ri Roadside Forest,Roadside Forest in Sachon ri Uiseong,forest,36.424166666,128.758611111,http://www.wikidata.org/entity/Q16094377
Q13999930,Byeollae-myeon,Byeolnae-myeon,myeon,37.68724,127.11999,http://www.wikidata.org/entity/Q13999930
Q13999933,Chowol-eup,Chowoleup,eup of South Korea,37.39422,127.31044,http://www.wikidata.org/entity/Q13999933
Q13999959,Mado,Mado-myeon,myeon,37.18921,126.76235,http://www.wikidata.org/entity/Q13999959
Q13999959,Mado,Madomyeon,myeon,37.18921,126.76235,http://www.wikidata.org/entity/Q13999959
Q14404357,Yongin Suji Post Office,Suji Post Office,post office,37.321134,127.096929,http://www.wikidata.org/entity/Q14404357
Q12694955,Seosan Airport,HMY,airbase,36.70555556,126.48722222,http://www.wikidata.org/entity/Q12694955
Q12694955,Seosan Airport,Hae Mi,airbase,36.70555556,126.48722222,http://www.wikidata.org/entity/Q12694955
Q12694955,Seosan Airport,RKTP,airbase,36.70555556,126.48722222,http://www.wikidata.org/entity/Q12694955
Q12694955,Seosan Airport,Seosan Air Base,airbase,36.70555556,126.48722222,http://www.wikidata.org/entity/Q12694955
Q13219510,Hangyeore High School,한겨레고등학교,high school,37.03063,127.42247,http://www.wikidata.org/entity/Q13219510
Q13231715,Trilateral Cooperation Secretariat,TCS,international organization,37.5697611,126.9739377,http://www.wikidata.org/entity/Q13231715
Q13582469,Daegu Gangbuk Police Station,Gangbuk Police Station,police station,35.943322,128.56565,http://www.wikidata.org/entity/Q13582469
Q13609919,Geomdansan (Seongnam),Geomdansan,mountain,37.4586,127.184,http://www.wikidata.org/entity/Q13609919
Q13609919,Geomdansan (Seongnam),Seongnam Geomdansan,mountain,37.4586,127.184,http://www.wikidata.org/entity/Q13609919
Q13656017,Onyang,Onyang-eup,eup of South Korea,35.419,129.2807,http://www.wikidata.org/entity/Q13656017
Q13999922,Hwado,Hwado-eup,eup of South Korea,37.64999,127.31482,http://www.wikidata.org/entity/Q13999922
Q13999928,Jinjeop,Chinjop,eup of South Korea,37.72287,127.19223,http://www.wikidata.org/entity/Q13999928
Q13999928,Jinjeop,Jinjeop-eup,eup of South Korea,37.72287,127.19223,http://www.wikidata.org/entity/Q13999928
Q16098071,Jeollanam-do Suncheon Medical Center,Suncheon Medical Center,hospital,34.958167,127.482957,http://www.wikidata.org/entity/Q16098071
Q16098196,Cha University,CHA,medical school,37.856722222,127.137805555,http://www.wikidata.org/entity/Q16098196
Q16098214,Ayang Bridge,Ayanggyo,bridge,35.888861111,128.641666666,http://www.wikidata.org/entity/Q16098214
Q16098275,Gyeongsangbuk-do Andong Medical Center,Andong Medical Center,hospital,36.568133,128.731755,http://www.wikidata.org/entity/Q16098275
Q16096339,Dongseoul Mail Center,Eastern Seoul Mail Center,post office,37.535539,127.086069,http://www.wikidata.org/entity/Q16096339
Q16096342,Dongsuwon Post Office,Eastern Suwon Post Office,post office,37.267198,127.033575,http://www.wikidata.org/entity/Q16096342
Q16096368,Dongcheonan Post Office,Eastern Cheonan Post Office,post office,36.783802,127.155848,http://www.wikidata.org/entity/Q16096368
Q16096389,Donghae Vessel Traffic Service Center,Donghae VTS,vessel traffic service,37.528131,129.117151,http://www.wikidata.org/entity/Q16096389
Q16096441,Masan Vessel Traffic Service Center,Masan VTS,vessel traffic service,35.194931,128.573303,http://www.wikidata.org/entity/Q16096441
Q16096446,Pusan National University Yangsan Hospital,PNUYH,hospital,35.327787,129.005948,http://www.wikidata.org/entity/Q16096446
Q16096481,Mokpo-si Medical Center,Mokpo City Medical Center,hospital,34.803913,126.4048818,http://www.wikidata.org/entity/Q16096481
Q16096481,Mokpo-si Medical Center,Mokpo Medical Center,hospital,34.803913,126.4048818,http://www.wikidata.org/entity/Q16096481
Q16096487,Port of Mokpo,Mokpo Port,port,34.79604,126.35788,http://www.wikidata.org/entity/Q16096487
Q16096532,Yonsei University Mirae Campus,Yonsei University Wonju Campus,academic institution,37.279416666,127.9015,http://www.wikidata.org/entity/Q16096532
Q16096532,Yonsei University Mirae Campus,Yonsei Wonju Campus,academic institution,37.279416666,127.9015,http://www.wikidata.org/entity/Q16096532
Q16094414,Gyeongsangnam-do Jinju Office of Education,Jinju Office of Education,government agency,35.192735,128.077734,http://www.wikidata.org/entity/Q16094414
Q16094416,Gyeongsangnam-do Tongyeong Office of Education,Tongyeong Office of Education,government agency,34.881888,128.41455,http://www.wikidata.org/entity/Q16094416
Q16094421,Gyeongsangnam-do Hapcheon Office of Education,Hapcheon Office of Education,government agency,35.565254,128.166229,http://www.wikidata.org/entity/Q16094421
Q16094464,Pohang Janggi-eupseong,castle of Janggi-eup,fortified town,35.9071966,129.456531,http://www.wikidata.org/entity/Q16094464
Q16094554,Korean Agency for Technology and Standards,KATS,government agency,36.914722222,127.551111111,http://www.wikidata.org/entity/Q16094554
Q16094559,Daegu Smart High School,Daejung Technical High School,high school,35.955687156,128.552983642,http://www.wikidata.org/entity/Q16094559
Q16094598,Jeongchungsa Temple,Jeongchungsa Temple (Hongseong-gun),historic site,36.551388888,126.526944444,http://www.wikidata.org/entity/Q16094598
Q16094599,Jeju Bonggae-dong King Cherry Tree Habitat,"Natural Habitat of Yoshino Cherries in Bonggae-dong, Jeju",cultural heritage,33.438611111,126.626666666,http://www.wikidata.org/entity/Q16094599
Q16094605,Jeju Suwolbong Volcanic Clast,"Pyroclastic Deposit on Suwolbong Tuff Cone, Jeju",natural monument,33.298302777,126.177444444,http://www.wikidata.org/entity/Q16094605
Q16094611,Bijarim Forest,Bija forest,forest,33.485,126.810277777,http://www.wikidata.org/entity/Q16094611
Q16094611,Bijarim Forest,Habitat of Torreya nucifera in Pyeongdae ri Jeju,forest,33.485,126.810277777,http://www.wikidata.org/entity/Q16094611
Q16094611,Bijarim Forest,Jeju Pyeongdaeri nutmeg tree forest,forest,33.485,126.810277777,http://www.wikidata.org/entity/Q16094611
Q16094637,National Institute of Biological Resources,NIBR,research institute,37.56614,126.638198,http://www.wikidata.org/entity/Q16094637
Q16094640,National Institute of Ecology,NIE,laboratory,36.034507,126.717854,http://www.wikidata.org/entity/Q16094640
Q16094640,National Institute of Ecology,National saengtaewon,laboratory,36.034507,126.717854,http://www.wikidata.org/entity/Q16094640
Q16094664,Gijangsanseong Fortress,Gijangsanseong,fortress,35.241416666,129.193666666,http://www.wikidata.org/entity/Q16094664
Q16093219,Gangwon-do Special Rescue Squad,Gangwon Special Rescue Squad,fire station,38.068563888,128.650813888,http://www.wikidata.org/entity/Q16093219
Q16093221,Gangwon State Gangneung Medical Center,Gangneung Medical Center,hospital,37.749271,128.888176,http://www.wikidata.org/entity/Q16093221
Q16093227,Gangwon Goseong Office of Education,Goseong Office of Education,government agency,38.380045,128.466189,http://www.wikidata.org/entity/Q16093227
Q16093230,Gangwon Samcheok Office of Education,Samcheok Office of Education,government agency,37.449851,129.177003,http://www.wikidata.org/entity/Q16093230
Q16093234,Gangwon-do Samcheok Medical Center,Samcheok Medical Center,hospital,37.440285,129.163106,http://www.wikidata.org/entity/Q16093234
Q16093237,Gugak National Middle School,Gukak National Middle School,miscellaneous school,37.476031542,127.051778498,http://www.wikidata.org/entity/Q16093237
Q16093238,Gangwon Yanggu Office of Education,Yanggu Office of Education,government agency,38.109236,127.990272,http://www.wikidata.org/entity/Q16093238
Q16093243,Gangwon State Council,Gangwon Province FLACS council,mayor–council government,37.88598,127.729162,http://www.wikidata.org/entity/Q16093243
Q16093243,Gangwon State Council,Gangwon Province municipal council,mayor–council government,37.88598,127.729162,http://www.wikidata.org/entity/Q16093243
Q16093251,Gangwon Jeongseon Office of Education,Jeongseon Office of Education,government agency,37.381588,128.662921,http://www.wikidata.org/entity/Q16093251
Q16093252,Bugang Namseonggolsanseong,Bukang Namseonggol Mountain Fortress,fortress,36.531388888,127.376111111,http://www.wikidata.org/entity/Q16093252
Q16093255,Gangwon Cheorwon Office of Education,Cheorwon Office of Education,government agency,38.145247,127.302366,http://www.wikidata.org/entity/Q16093255
Q16093259,Gangwon Pyeongchang Office of Education,Pyeongchang Office of Education,government agency,37.36903,128.400782,http://www.wikidata.org/entity/Q16093259
Q16093264,Gangwon Hongcheon Office of Education,Hongcheon Office of Education,government agency,37.69173,127.884239,http://www.wikidata.org/entity/Q16093264
Q16093269,Gangwon Hwacheon Office of Education,Hwacheon Office of Education,government agency,38.10337,127.702438,http://www.wikidata.org/entity/Q16093269
Q16093272,Gangwon Hoengseong Office of Education,Hoengseong Office of Education,government agency,37.491757,127.981111,http://www.wikidata.org/entity/Q16093272
Q16093273,Gunpo Elementary School,Kunpo Elementary School,primary school,37.34797,126.942686,http://www.wikidata.org/entity/Q16093273
Q16093292,Ch'ŏngmasansŏng,Ch'ŏngma Mountain Fortress,fortress,36.279167,126.971944,http://www.wikidata.org/entity/Q16093292
Q16093292,Ch'ŏngmasansŏng,Ch'ŏngmasan Fortress,fortress,36.279167,126.971944,http://www.wikidata.org/entity/Q16093292
Q16093292,Ch'ŏngmasansŏng,Ch'ŏngmasansŏng Fortress,fortress,36.279167,126.971944,http://www.wikidata.org/entity/Q16093292
Q16093292,Ch'ŏngmasansŏng,Cheongma Mountain Fortress,fortress,36.279167,126.971944,http://www.wikidata.org/entity/Q16093292
Q16093292,Ch'ŏngmasansŏng,Cheongmasan Fortress,fortress,36.279167,126.971944,http://www.wikidata.org/entity/Q16093292
Q16093292,Ch'ŏngmasansŏng,Cheongmasanseong,fortress,36.279167,126.971944,http://www.wikidata.org/entity/Q16093292
Q16093292,Ch'ŏngmasansŏng,Cheongmasanseong Fortress,fortress,36.279167,126.971944,http://www.wikidata.org/entity/Q16093292
Q16093297,Buyeo Hyanggyo,Buyeohyanggyo,cultural heritage,36.280411111,126.914480555,http://www.wikidata.org/entity/Q16093297
Q16093301,Jeollanam-do Gangjin Medical Center,Gangjin Medical Center,hospital,34.636661,126.755821,http://www.wikidata.org/entity/Q16093301
Q16093338,Geumho Middle School,Kumho Girls' Middle School,middle school,37.5579934,127.02051,http://www.wikidata.org/entity/Q16093338
Q16093403,Sach'ŏnwangsa,Sacheonwangsa,cultural heritage,35.819166666,129.241944444,http://www.wikidata.org/entity/Q16093403
Q16093403,Sach'ŏnwangsa,Sacheonwangsa Temple,cultural heritage,35.819166666,129.241944444,http://www.wikidata.org/entity/Q16093403
Q16093426,Gapyeong Railway Bridge,Gapyeong Bridge,railway bridge,37.822260613,127.525700987,http://www.wikidata.org/entity/Q16093426
Q16094708,Jeokseongsanseong Fortress,Danyang Jeokseong,fortress,36.9448,128.321225,http://www.wikidata.org/entity/Q16094708
Q16094756,NTS Liquor License Support Center,Liquor License Support Center,government agency,33.257294,126.51805,http://www.wikidata.org/entity/Q16094756
Q16094756,NTS Liquor License Support Center,National Tax Service of South Korea Liquor License Support Center,government agency,33.257294,126.51805,http://www.wikidata.org/entity/Q16094756
Q16094759,Tomb of Munmu of Silla,Tomb of King Munmu,royal tomb,35.7381906,129.4846487,http://www.wikidata.org/entity/Q16094759
Q16094759,Tomb of Munmu of Silla,Underwater Tomb of King Munmu,royal tomb,35.7381906,129.4846487,http://www.wikidata.org/entity/Q16094759
Q16094783,Guard of National Assembly,National Assembly Security Company,police unit,37.527871,126.913699,http://www.wikidata.org/entity/Q16094783
Q16094824,Gyeonggi Seongnam Office of Education,Seongnam Office of Education,government agency,37.386843,127.120138,http://www.wikidata.org/entity/Q16094824
Q16094829,Gyeongsangnam-do Geochang Office of Education,Geochang Office of Education,government agency,35.681867,127.913437,http://www.wikidata.org/entity/Q16094829
Q16094835,South Gyeongsang Province municipal council,South Gyeongsang Province FLACS council,mayor–council government,35.236427,128.694507,http://www.wikidata.org/entity/Q16094835
Q16096591,Institute of Justice (South Korea),Legal Research and Training Institute (South Korea),research institute,36.871325,127.434804,http://www.wikidata.org/entity/Q16096591
Q16096591,Institute of Justice (South Korea),Pŏmmu Yŏnsuwŏn,research institute,36.871325,127.434804,http://www.wikidata.org/entity/Q16096591
Q16096653,Bongam Port (Tongyeong City),Bongam Port,fishing port,34.759444444,128.51,http://www.wikidata.org/entity/Q16096653
Q16096681,Busan Gangseo Fire Station,Gangseo Fire Station,fire station,35.089591666,128.856811111,http://www.wikidata.org/entity/Q16096681
Q16096687,Busan Nambu Office of Education,Southern Busan Office of Education,board of education,35.136107,129.085445,http://www.wikidata.org/entity/Q16096687
Q16096688,Busan Dongnae Office of Education,Dongnae Office of Education,board of education,35.205102,129.090222,http://www.wikidata.org/entity/Q16096688
Q16096692,Busan Bukbu Office of Education,Northern Busan Office of Education,board of education,35.194154,128.995172,http://www.wikidata.org/entity/Q16096692
Q16096694,Busan Seobu Office of Education,Western Busan Office of Education,board of education,35.116929,129.011917,http://www.wikidata.org/entity/Q16096694
Q16096701,Busan Haeundae Office of Education,Haeundae Office of Education,board of education,35.176998,129.17558,http://www.wikidata.org/entity/Q16096701
Q16096709,Busan Gijang Fire Station,Gijang Fire Station,fire station,35.324827777,129.179663888,http://www.wikidata.org/entity/Q16096709
Q16096711,Busan Nambu Fire Station,Southern Busan Fire Station,fire station,35.163163888,129.107058333,http://www.wikidata.org/entity/Q16096711
Q16096729,Busan Saha Fire Station,Saha Fire Station,fire station,35.090263888,128.973677777,http://www.wikidata.org/entity/Q16096729
Q16096777,Gyeongbuk Natural Science High School,Yongun High School,high school,36.278259,128.095465,http://www.wikidata.org/entity/Q16096777
Q16096787,Busan Hangman Fire Station,Busan Port Fire Station,fire station,35.081147222,129.075922222,http://www.wikidata.org/entity/Q16096787
Q16096793,Busan Haeundae Fire Station,Haeundae Fire Station,fire station,35.159447222,129.14345,http://www.wikidata.org/entity/Q16096793
Q16096834,Ulsan University Hospital,UUH,university hospital,35.55024,129.255099,http://www.wikidata.org/entity/Q16096834
Q16098464,Yeosu Port Vessel Traffic Service Center,Yeosu Port VTS,vessel traffic service,34.739071,127.751251,http://www.wikidata.org/entity/Q16098464
Q16098469,Myodo Bridge,Myo Island Bridge,bridge,34.866188,127.719708,http://www.wikidata.org/entity/Q16098469
Q16098628,Gangwon-do Yeongwol Medical Center,Yeongwol Medical Center,hospital,37.186471,128.464707,http://www.wikidata.org/entity/Q16098628
Q16098628,Gangwon-do Yeongwol Medical Center,Gangwon State Yeongwol Medical Center,hospital,37.186471,128.464707,http://www.wikidata.org/entity/Q16098628
Q16098697,SUNY Korea,State University of New York Korea,educational institution,37.377017,126.666768,http://www.wikidata.org/entity/Q16098697
Q16098717,Center for Art Studies,CAS,research institute,37.606224,127.057963,http://www.wikidata.org/entity/Q16098717
Q16098717,Center for Art Studies,Korea Art Research Institute,research institute,37.606224,127.057963,http://www.wikidata.org/entity/Q16098717
Q16098717,Center for Art Studies,Korean Art Institute,research institute,37.606224,127.057963,http://www.wikidata.org/entity/Q16098717
Q16098759,Seoul Seongbuk Gangbuk District Office of Education,Seongbuk Gangbuk District Office of Education,board of education,37.62365,127.028303,http://www.wikidata.org/entity/Q16098759
Q15249399,Hyeonchungsa,Hyeonchungsa Temple,shrine,36.8046,127.0291,http://www.wikidata.org/entity/Q15249399
Q16097110,Seogwangsan IC,West Gwangsan IC,interchange,35.118556812,126.732530048,http://www.wikidata.org/entity/Q16097110
Q16097113,Seogwipo City Office of Education,Seogwipo Office of Education,board of education,33.270567,126.589217,http://www.wikidata.org/entity/Q16097113
Q16097120,Jeju Special Self-governing Seogwipo Medical Center,Seogwipo Medical Center,hospital,33.255272,126.563726,http://www.wikidata.org/entity/Q16097120
Q16097167,Chungcheongnam-do Seosan Medical Center,Seosan Medical Center,hospital,36.775555,126.465185,http://www.wikidata.org/entity/Q16097167
Q16097194,Seoul Gangnam Fire Station,Gangnam Fire Station,fire station,37.510236111,127.066808333,http://www.wikidata.org/entity/Q16097194
Q16097203,Seoul Gangdong Post Office,Gangdong Post Office,post office,37.536394,127.143234,http://www.wikidata.org/entity/Q16097203
Q16097209,Seoul Gangbuk Fire Station,Gangbuk Fire Station,fire station,37.632680555,127.038055555,http://www.wikidata.org/entity/Q16097209
Q16097218,Seoul Gangseo Post Office,Gangseo Post Office,post office,37.565258,126.840841,http://www.wikidata.org/entity/Q16097218
Q16097227,Seoul Gwanak Post Office,Gwanak Post Office,post office,37.48496,126.933144,http://www.wikidata.org/entity/Q16097227
Q16097229,Seoul Gwangjin Post Office,Gwangjin Post Office,post office,37.537735,127.089912,http://www.wikidata.org/entity/Q16097229
Q16097230,"The Catholic University of Korea, Incheon St. Mary's Hospital",Incheon St. Mary's Hospital,university hospital,37.48462509,126.72500802,http://www.wikidata.org/entity/Q16097230
Q16097250,Seoul Geumcheon Post Office,Geumcheon Post Office,post office,37.470098,126.898482,http://www.wikidata.org/entity/Q16097250
Q16097317,Seoul Dongjak Fire Station,Dongjak Fire Station,fire station,37.494572222,126.917644444,http://www.wikidata.org/entity/Q16097317
Q16097321,Seoul Dongjak Post Office,Dongjak Post Office,post office,37.497985,126.924507,http://www.wikidata.org/entity/Q16097321
Q16097333,Seoul Mapo Fire Station,Mapo Fire Station,fire station,37.549136111,126.933177777,http://www.wikidata.org/entity/Q16097333
Q16097336,Seoul Mapo Post Office,Mapo Post Office,post office,37.539344,126.944832,http://www.wikidata.org/entity/Q16097336
Q14491541,Paradise City Station,International Business Center Station,metro station,37.437217,126.459858,http://www.wikidata.org/entity/Q14491541
Q14847464,Kongju National University High School,KNUHS,high school in South Korea,36.452684,127.120131,http://www.wikidata.org/entity/Q14847464
Q14847645,Korea Future Culture High School,Seocheon Girls' Information High School,high school in South Korea,36.083697,126.699855,http://www.wikidata.org/entity/Q14847645
Q14850161,Changwon Baseball Stadium,Changwon NC Park,baseball venue,35.22244444,128.58183333,http://www.wikidata.org/entity/Q14850161
Q14897472,Seoul Nowon Post Office,Nowon Post Office,post office,37.646191,127.081123,http://www.wikidata.org/entity/Q14897472
Q14897473,Seoul Gangnam Post Office,Gangnam Post Office,post office,37.493645,127.078283,http://www.wikidata.org/entity/Q14897473
Q14897474,Seoul Sungbuk Post Office,Seongbuk Post Office,post office,37.607281,127.029326,http://www.wikidata.org/entity/Q14897474
Q14945161,Seoul Guro Police Station,Guro Police Station,police station,37.4948934,126.8867298,http://www.wikidata.org/entity/Q14945161
Q15041913,Gyeonggi Hwaseong Osan Office of Education,Hwaseong Osan Officen of Education,board of education,37.185972,127.0616,http://www.wikidata.org/entity/Q15041913
Q15060384,Maeheon Citizen's Forest,Yangjae Citizen's Forest,park,37.470833333,127.035833333,http://www.wikidata.org/entity/Q15060384
Q15060384,Maeheon Citizen's Forest,Yangjaesiminuisup,park,37.470833333,127.035833333,http://www.wikidata.org/entity/Q15060384
Q15076316,Tower Infinity,Ecoprism Tower,building,37.53296667,126.63410278,http://www.wikidata.org/entity/Q15076316
Q15108512,Busan Medical Center,BMC,hospital,35.187248,129.059031,http://www.wikidata.org/entity/Q15108512
Q15115960,Goransa Temple,Goransa,cultural heritage,36.29269,126.91328,http://www.wikidata.org/entity/Q15115960
Q15135398,Taeansa Temple,Daesansa Temple,temple,35.1314,127.387,http://www.wikidata.org/entity/Q15135398
Q15135398,Taeansa Temple,T'aean sa,temple,35.1314,127.387,http://www.wikidata.org/entity/Q15135398
Q15135398,Taeansa Temple,Taean sa,temple,35.1314,127.387,http://www.wikidata.org/entity/Q15135398
Q15135398,Taeansa Temple,Taean Temple,temple,35.1314,127.387,http://www.wikidata.org/entity/Q15135398
Q15139437,NEXON Korea,NEXON Korea Corporation,video game developer,37.401995,127.103503611,http://www.wikidata.org/entity/Q15139437
Q15206232,Byeonsan-bando National Park,변산반도국립공원,national park,35.644,126.586,http://www.wikidata.org/entity/Q15206232
Q15214634,Dong-A University Hospital,Dong-a University Hospital,university hospital,35.120053,129.017786,http://www.wikidata.org/entity/Q15214634
Q15221694,Gimhae Air Base,PUS,airbase,35.17944444,128.93833333,http://www.wikidata.org/entity/Q15221694
Q15221694,Gimhae Air Base,RKPK,airbase,35.17944444,128.93833333,http://www.wikidata.org/entity/Q15221694
Q15229863,Jungwon Air Base,JWO,airbase,37.03,127.88527778,http://www.wikidata.org/entity/Q15229863
Q15229863,Jungwon Air Base,Jungwon Aero Airport,airbase,37.03,127.88527778,http://www.wikidata.org/entity/Q15229863
Q15229863,Jungwon Air Base,RKTI,airbase,37.03,127.88527778,http://www.wikidata.org/entity/Q15229863
Q15249399,Hyeonchungsa,Asan Lee Chungmugong Yuheo,shrine,36.8046,127.0291,http://www.wikidata.org/entity/Q15249399
Q16097756,Seoincheon Post Office,Western Incheon Post Office,post office,37.545799,126.677291,http://www.wikidata.org/entity/Q16097756
Q16099755,Jeonju Deokjin Fire Station,Deokjin Fire Station,fire station,35.842261111,127.136686111,http://www.wikidata.org/entity/Q16099755
Q16099773,Gyeongnam Regional Government Complex,Government Complex in South Gyeongsang Province,Joint Government Building,35.195167,128.572071,http://www.wikidata.org/entity/Q16099773
Q16099810,Jeju Dongbu Fire Station,Eastern Jeju Fire Station,fire station,33.460366666,126.909741666,http://www.wikidata.org/entity/Q16099810
Q16099816,Jeju Seobu Fire Station,Western Jeju Fire Station,fire station,33.402444444,126.270405555,http://www.wikidata.org/entity/Q16099816
Q16099828,Jeju City Office of Education,Jeju Office of Education,board of education,33.493927,126.538306,http://www.wikidata.org/entity/Q16099828
Q16097867,Seongnam Bundang Post Office,Bundang Post Office,post office,37.386861,127.123225,http://www.wikidata.org/entity/Q16097867
Q16097886,Seoul Dongbu Detention Center,Dongbu Detention Center,prison,37.481829,127.116424,http://www.wikidata.org/entity/Q16097886
Q16097886,Seoul Dongbu Detention Center,Eastern Seoul Detention Center,prison,37.481829,127.116424,http://www.wikidata.org/entity/Q16097886
Q16097908,Sejong City municipal council,Sejong Şehri FLACS konseyi,city council,36.592509,127.292116,http://www.wikidata.org/entity/Q16097908
Q16097915,Sejong Special City Government,Sejong City Hall,regional local government in South Korea,36.480071,127.289009,http://www.wikidata.org/entity/Q16097915
Q16097955,Gangwon-do Sokcho Medical Center,Sokcho Medical Center,hospital,38.216542,128.588525,http://www.wikidata.org/entity/Q16097955
Q16097998,Chosun College of Science & Technology,Chosun University of Science and Technology,educational institution,35.140887,126.931634,http://www.wikidata.org/entity/Q16097998
Q16097998,Chosun College of Science & Technology,Shipbuilding yigongdae School,educational institution,35.140887,126.931634,http://www.wikidata.org/entity/Q16097998
Q16167394,Korea Food Research Institute,KFRI,research institute,35.8345,127.05,http://www.wikidata.org/entity/Q16167394
Q16167452,Korean Institute of Footwear and Leather Technology,KIFLT,facility,35.171968,129.029706,http://www.wikidata.org/entity/Q16167452
Q16167452,Korean Institute of Footwear and Leather Technology,Korean Institute of Footwear Technology,facility,35.171968,129.029706,http://www.wikidata.org/entity/Q16167452
Q16167466,Sangsa,Sangsa-myeon,myeon,34.93406,127.41836,http://www.wikidata.org/entity/Q16167466
Q16167859,Daejeong,Daejeong-eup,eup of South Korea,33.25639,126.24806,http://www.wikidata.org/entity/Q16167859
Q16167859,Daejeong,Taejong,eup of South Korea,33.25639,126.24806,http://www.wikidata.org/entity/Q16167859
Q16167912,Sangchujado,Sober Island,island,33.96111,126.29167,http://www.wikidata.org/entity/Q16167912
Q16167952,Jauendo,North Twin,island,34.88389,126.04833,http://www.wikidata.org/entity/Q16167952
Q16167952,Jauendo,Ja-eun Island,island,34.88389,126.04833,http://www.wikidata.org/entity/Q16167952
Q16099041,Ulsan Gangnam Office of Education,Gangnam Office of Education,board of education,35.543294,129.314945,http://www.wikidata.org/entity/Q16099041
Q16099041,Ulsan Gangnam Office of Education,Ulsan Metropolitan Gangnam Support Office of Education,board of education,35.543294,129.314945,http://www.wikidata.org/entity/Q16099041
Q16099044,Ulsan Gangbuk Office of Education,Gangbuk Office of Education,board of education,35.583751,129.358609,http://www.wikidata.org/entity/Q16099044
Q16099044,Ulsan Gangbuk Office of Education,Ulsan Metropolitan Gangbuk Support Office of Education,board of education,35.583751,129.358609,http://www.wikidata.org/entity/Q16099044
Q16099046,Chonnam National University Hwasun Hospital,CNUHH,university hospital,35.018585,127.02659,http://www.wikidata.org/entity/Q16099046
Q16099049,Ulsan Metropolitan Council,Ulsan FLACS council,city council,35.538913,129.31128,http://www.wikidata.org/entity/Q16099049
Q16099049,Ulsan Metropolitan Council,Ulsan municipal council,city council,35.538913,129.31128,http://www.wikidata.org/entity/Q16099049
Q16099142,Uljingun Medical Center,Uljin County Medical Center,hospital,36.992678,129.408983,http://www.wikidata.org/entity/Q16099142
Q16099142,Uljingun Medical Center,Uljin Medical Center,hospital,36.992678,129.408983,http://www.wikidata.org/entity/Q16099142
Q16099186,Gangwon-do Wonju Medical Center,Wonju Medical Center,hospital,37.332609,127.948668,http://www.wikidata.org/entity/Q16099186
Q16099199,Hallym University Dongtan Sacred Heart Hospital,Dongtan Sacred Heart Hospital,university hospital,37.216751,127.080012,http://www.wikidata.org/entity/Q16099199
Q16099241,U Square,Gwangju Bus Terminal,bus terminus,37.4096,127.2612,http://www.wikidata.org/entity/Q16099241
Q16099348,Yi Sun-sin Stadium,Asan Yi Sun-sin Stadium,multi-purpose sports venue,36.768172,127.021685,http://www.wikidata.org/entity/Q16099348
Q16099410,Incheon Gyeyang Fire Station,Gyeyang Fire Station,fire station,37.536997222,126.735213888,http://www.wikidata.org/entity/Q16099410
Q16099414,Incheon Gyeyang Post Office,Gyeyang Post Office,post office,37.537567,126.736371,http://www.wikidata.org/entity/Q16099414
Q16099424,Incheon Ganghwa Office of Education,Ganghwa Office of Education,board of education,37.708773,126.448857,http://www.wikidata.org/entity/Q16099424
Q16099429,Incheon Dongbu Office of Education,Eastern Incheon Office of Education,board of education,37.448496,126.740223,http://www.wikidata.org/entity/Q16099429
Q16099440,Incheon Bukbu Office of Education,Nothern Incheon Office of Education,board of education,37.495637,126.721169,http://www.wikidata.org/entity/Q16099440
Q16099444,Incheon Metropolitan Medical Center,Incheon Medical Center,hospital,37.478791,126.668094,http://www.wikidata.org/entity/Q16099444
Q16099606,FKI Tower,Federation of Korean Industries Head Office Building,skyscraper,37.52210833,126.919475,http://www.wikidata.org/entity/Q16099606
Q16099606,FKI Tower,FKI Head Office Building,skyscraper,37.52210833,126.919475,http://www.wikidata.org/entity/Q16099606
Q16099612,Jeonnam Provincial Police Agency,Jeollanam-do Police Agency,police,34.817441,126.469757,http://www.wikidata.org/entity/Q16099612
Q16099669,South Jeolla Province municipal council,South Jeolla Province FLACS council,mayor–council government,34.816147,126.464227,http://www.wikidata.org/entity/Q16099669
Q16099688,Jeollabuk-do Fire Aviation Bridge,Jeonbuk Fire Aviation Bridge,fire station,35.944055555,127.127433333,http://www.wikidata.org/entity/Q16099688
Q16099836,Jeju Special Self-governing Jeju Medical Center,Jeju Medical Center,hospital,33.444869,126.560386,http://www.wikidata.org/entity/Q16099836
Q16100016,Changseon-Samcheonpo Bridge,Changseon Bridge,road bridge,34.927235005,128.049090552,http://www.wikidata.org/entity/Q16100016
Q16100016,Changseon-Samcheonpo Bridge,Choyang Bridge,road bridge,34.927235005,128.049090552,http://www.wikidata.org/entity/Q16100016
Q16100016,Changseon-Samcheonpo Bridge,Danhang Bridge,road bridge,34.927235005,128.049090552,http://www.wikidata.org/entity/Q16100016
Q16100016,Changseon-Samcheonpo Bridge,Neukdo Bridge,road bridge,34.927235005,128.049090552,http://www.wikidata.org/entity/Q16100016
Q16100016,Changseon-Samcheonpo Bridge,Samcheonpo Bridge,road bridge,34.927235005,128.049090552,http://www.wikidata.org/entity/Q16100016
Q16100059,Cheonan Dongnam Fire Station,Dongnam Fire Station,fire station,36.799794444,127.164966666,http://www.wikidata.org/entity/Q16100059
Q16100059,Cheonan Dongnam Fire Station,South-East Cheonan Fire Station,fire station,36.799794444,127.164966666,http://www.wikidata.org/entity/Q16100059
Q16100068,Chungcheongnam-do Cheonan Medical Center,Cheonan Medical Center,hospital,36.775441,127.178619,http://www.wikidata.org/entity/Q16100068
Q16100117,Cheongju Seobu Fire Station,Western Cheongju FIre Station,fire station,36.62735,127.437113888,http://www.wikidata.org/entity/Q16100117
Q16100139,Chungcheongbuk-do Cheongju Medical Center,Cheongju Medical Center,hospital,36.640073,127.472484,http://www.wikidata.org/entity/Q16100139
Q16167097,Sangdong,Sangdong-eup,eup of South Korea,37.1107,128.8087,http://www.wikidata.org/entity/Q16167097
Q16167194,Korea Institute of Sport Science,KISS,government agency,37.62753,127.084531,http://www.wikidata.org/entity/Q16167194
Q16167231,Hyoja-myeon,Sangni-myeon,myeon,36.79098,128.4213,http://www.wikidata.org/entity/Q16167231
Q16167309,COMWEL Changwon Hospital,Korea Workers' Compensation and Welfare Service Changwon Hospital,hospital,35.21847222,128.67108333,http://www.wikidata.org/entity/Q16167309
Q16097486,Seoul Yangcheon Post Office,Yangcheon Post Office,post office,37.532841,126.876174,http://www.wikidata.org/entity/Q16097486
Q16097525,Incheon Jinsan Science High School,IJSS,high school in South Korea,37.513004,126.743439,http://www.wikidata.org/entity/Q16097525
Q16097525,Incheon Jinsan Science High School,IJSHS,high school in South Korea,37.513004,126.743439,http://www.wikidata.org/entity/Q16097525
Q16097549,Seoul Eunpyeong Post Office,Eunpyeong Post Office,post office,37.63547,126.918362,http://www.wikidata.org/entity/Q16097549
Q16097602,Shinhan University,SHU,private university,37.903556,127.037861,http://www.wikidata.org/entity/Q16097602
Q16097608,Dongjeonju Post Office,Eastern Jeonju Post Office,post office,35.844552,127.146703,http://www.wikidata.org/entity/Q16097608
Q16097633,Blue Square,BLUESQUARE IMARKET HALL,performing place,37.5408694,127.0024852,http://www.wikidata.org/entity/Q16097633
Q16097649,Cheonsa Bridge,Second Saecheonnyeon Bridg,suspension bridge,34.860555555,126.193611111,http://www.wikidata.org/entity/Q16097649
Q16097660,Seoul Songpa Fire Station,Songpa Fire Station,fire station,37.4998,127.142583333,http://www.wikidata.org/entity/Q16097660
Q16097664,Seoul Yongsan Post Office,Yongsan Post Office,post office,37.529984,126.9695,http://www.wikidata.org/entity/Q16097664
Q16097667,Seoul Jongno Fire Station,Jongno Fire Station,fire station,37.572758333,126.978802777,http://www.wikidata.org/entity/Q16097667
Q16097674,Seoul Jungnang Post Office,Jungnang Post Office,post office,37.595921,127.082679,http://www.wikidata.org/entity/Q16097674
Q16097678,Seoul Central Post Office,Central Seoul Post Office,post office,37.561758,126.981617,http://www.wikidata.org/entity/Q16097678
Q16097678,Seoul Central Post Office,Seoul Jungang Post Office,post office,37.561758,126.981617,http://www.wikidata.org/entity/Q16097678
Q16097713,Seoul Gangnam Seocho District Office of Education,Gangnam Seocho District Office of Education,board of education,37.514304,127.046405,http://www.wikidata.org/entity/Q16097713
Q16097716,Seoul Gangdong Songpa District Office of Education,Gangdong Songpa District Office of Education,board of education,37.514396,127.088843,http://www.wikidata.org/entity/Q16097716
Q16097722,Seoul Nambu District Office of Education,Nambu District Office of Education,board of education,37.5194,126.89551,http://www.wikidata.org/entity/Q16097722
Q16097722,Seoul Nambu District Office of Education,Southern Seoul District Office of Education,board of education,37.5194,126.89551,http://www.wikidata.org/entity/Q16097722
Q16097725,Seoul Dongbu District Office of Education,Dongbu District Office of Education,board of education,37.579738,127.056592,http://www.wikidata.org/entity/Q16097725
Q16097725,Seoul Dongbu District Office of Education,Eastern District of Seoul Office of Education,board of education,37.579738,127.056592,http://www.wikidata.org/entity/Q16097725
Q16097728,Seoul Dongjak Gwanak District Office of Education,Dongjak Gwanak District Office of Education,board of education,37.503357,126.940724,http://www.wikidata.org/entity/Q16097728
Q16097731,Seoul Bukbu District Office of Education,Bukbu District Office of Education,board of education,37.651686,127.043393,http://www.wikidata.org/entity/Q16097731
Q16097731,Seoul Bukbu District Office of Education,Northern Seoul District Office of Education,board of education,37.651686,127.043393,http://www.wikidata.org/entity/Q16097731
Q16097733,Seoul Seobu District Office of Education,Seobu District Office of Education,board of education,37.557736,126.946855,http://www.wikidata.org/entity/Q16097733
Q16097733,Seoul Seobu District Office of Education,Western Seoul District Office of Education,board of education,37.557736,126.946855,http://www.wikidata.org/entity/Q16097733
Q16097738,Seoul Jungbu District Office of Education,Central Seoul District Office of Education,board of education,37.571826,127.002943,http://www.wikidata.org/entity/Q16097738
Q16097738,Seoul Jungbu District Office of Education,Jungbu District Office of Education,board of education,37.571826,127.002943,http://www.wikidata.org/entity/Q16097738
Q16161801,Goesan-eup,Goesan,eup of South Korea,36.82378,127.80447,http://www.wikidata.org/entity/Q16161801
Q16161801,Goesan-eup,Koesan,eup of South Korea,36.82378,127.80447,http://www.wikidata.org/entity/Q16161801
Q16099935,Central Veterans Hospital,Seoul Veterans Hospital,hospital,37.529303,127.147683,http://www.wikidata.org/entity/Q16099935
Q16164403,Uncheon·Sinbong-dong,Uncheonsinbong-dong,dong of South Korea,36.64943,127.47015,http://www.wikidata.org/entity/Q16164403
Q16164574,Maekdo-gang,Maekto-gang,stream,35.12389,128.93556,http://www.wikidata.org/entity/Q16164574
Q16165608,Maehwa-myeon,Maehwa-myŏn,myeon,36.86192,129.35557,http://www.wikidata.org/entity/Q16165608
Q16165608,Maehwa-myeon,Weonnam-myeon,myeon,36.86192,129.35557,http://www.wikidata.org/entity/Q16165608
Q16165608,Maehwa-myeon,Weonnam-myŏn,myeon,36.86192,129.35557,http://www.wikidata.org/entity/Q16165608
Q16165608,Maehwa-myeon,Wŏnnam-myeon,myeon,36.86192,129.35557,http://www.wikidata.org/entity/Q16165608
Q16165608,Maehwa-myeon,Wŏnnam-myŏn,myeon,36.86192,129.35557,http://www.wikidata.org/entity/Q16165608
Q16165718,Wondeok,Wondeok-eup,eup of South Korea,37.18743,129.28468,http://www.wikidata.org/entity/Q16165718
Q16165718,Wondeok,Wondok,eup of South Korea,37.18743,129.28468,http://www.wikidata.org/entity/Q16165718
Q16166221,Lotte Fine Chemical,LFC,public company,35.53028,129.361285,http://www.wikidata.org/entity/Q16166221
Q16166221,Lotte Fine Chemical,Lotte Fine Chemical (South Korea),public company,35.53028,129.361285,http://www.wikidata.org/entity/Q16166221
Q16166221,Lotte Fine Chemical,Samsung Fine Chemicals,public company,35.53028,129.361285,http://www.wikidata.org/entity/Q16166221
Q16166361,Asan Institute for Policy Studies,峨山政策硏究院,think tank,37.5722,126.96833,http://www.wikidata.org/entity/Q16166361
Q16166513,Korea Industrial Technology Association,KOITA,nonprofit organization,37.48,127.039053,http://www.wikidata.org/entity/Q16166513
Q16166593,Asia Pacific Center for Theoretical Physics,APCTP,facility,36.014163,129.323205,http://www.wikidata.org/entity/Q16166593
Q16167065,Gureopdo,Gureop Island,island,37.191388888,125.979722222,http://www.wikidata.org/entity/Q16167065
Q16167065,Gureopdo,Gureop-do,island,37.191388888,125.979722222,http://www.wikidata.org/entity/Q16167065
Q16167065,Gureopdo,Kurop-do,island,37.191388888,125.979722222,http://www.wikidata.org/entity/Q16167065
Q16167065,Gureopdo,Kuropdo,island,37.191388888,125.979722222,http://www.wikidata.org/entity/Q16167065
Q16167065,Gureopdo,Obeto,island,37.191388888,125.979722222,http://www.wikidata.org/entity/Q16167065
Q16170676,Amtaedo,South Twin,island,34.8325,126.10778,http://www.wikidata.org/entity/Q16170676
Q16170676,Amtaedo,Amtae Island,island,34.8325,126.10778,http://www.wikidata.org/entity/Q16170676
Q16170802,Geumwang,Geumwang-eup,eup of South Korea,36.98516,127.57263,http://www.wikidata.org/entity/Q16170802
Q16170802,Geumwang,Kumwang,eup of South Korea,36.98516,127.57263,http://www.wikidata.org/entity/Q16170802
Q16171123,Korean Institute of Criminology and Justice,KIC,research institute,37.465777,127.028113,http://www.wikidata.org/entity/Q16171123
Q16171123,Korean Institute of Criminology and Justice,Korean Institute of Criminology,research institute,37.465777,127.028113,http://www.wikidata.org/entity/Q16171123
Q16171136,Korea Institute of Atmospheric Prediction Systems,KIAPS,nonprofit organization,37.4920688,126.9234976,http://www.wikidata.org/entity/Q16171136
Q16171239,Korea Environment Institute,KEI,research institute,36.49596324,127.304362225,http://www.wikidata.org/entity/Q16171239
Q16171330,Aewol,Aewol-eup,eup of South Korea,33.43198,126.38876,http://www.wikidata.org/entity/Q16171330
Q16161068,Gwangyang-eup,Kwangyang,eup of South Korea,34.95713,127.60319,http://www.wikidata.org/entity/Q16161068
Q16161138,Korean Critical Sociological Association,CSA,organization,37.604167,126.928361,http://www.wikidata.org/entity/Q16161138
Q16161138,Korean Critical Sociological Association,Critical Society,organization,37.604167,126.928361,http://www.wikidata.org/entity/Q16161138
Q16161138,Korean Critical Sociological Association,Critical Sociological Association of Korea,organization,37.604167,126.928361,http://www.wikidata.org/entity/Q16161138
Q16161138,Korean Critical Sociological Association,Korean Society for the Study of Industrial Societies,organization,37.604167,126.928361,http://www.wikidata.org/entity/Q16161138
Q16161138,Korean Critical Sociological Association,Korean Society of Industrial Sociology,organization,37.604167,126.928361,http://www.wikidata.org/entity/Q16161138
Q16161579,Gwangju River,Gwangjucheon,river,35.148444444,126.830083333,http://www.wikidata.org/entity/Q16161579
Q16162387,Sintaein,Sintaein-eup,eup of South Korea,35.69854,126.8708,http://www.wikidata.org/entity/Q16162387
Q16162785,Gurye,Gurye-eup,eup of South Korea,35.19993,127.42559,http://www.wikidata.org/entity/Q16162785
Q16162785,Gurye,Kurye,eup of South Korea,35.19993,127.42559,http://www.wikidata.org/entity/Q16162785
Q16163045,Sabeolguk-myeon,Sabeol-myeon,myeon,36.48457,128.21912,http://www.wikidata.org/entity/Q16163045
Q16163475,Uido,Ui-do,island,34.61,125.845277777,http://www.wikidata.org/entity/Q16163475
Q16164002,Kupabal Falls,Gupabal Falls,waterfall,37.636638888,126.919308333,http://www.wikidata.org/entity/Q16164002
Q16176289,Idong-eup,Idong-myeon,eup of South Korea,37.16181,127.2104,http://www.wikidata.org/entity/Q16176289
Q16176585,Jeongu-myeon,Jeongu myeon,myeon,35.64368,126.88527,http://www.wikidata.org/entity/Q16176585
Q16176586,Lake Soyang,Soyangho,reservoir,37.945833333,127.817222222,http://www.wikidata.org/entity/Q16176586
Q16219986,Seonnam-myeon,Sŏnnam-myŏn,myeon,35.90915,128.36671,http://www.wikidata.org/entity/Q16219986
Q16219996,Seolcheon-myeon,Solcheon-myeon (Namhae-gun),myeon,34.91568,127.89915,http://www.wikidata.org/entity/Q16219996
Q16220016,Sohn Kee-chung Sports Park,Sohn Kee Chung Park,park,37.556294,126.965974,http://www.wikidata.org/entity/Q16220016
Q16220016,Sohn Kee-chung Sports Park,Sohn Kee-chung Park,park,37.556294,126.965974,http://www.wikidata.org/entity/Q16220016
Q16220016,Sohn Kee-chung Sports Park,Son Kee Chung Park,park,37.556294,126.965974,http://www.wikidata.org/entity/Q16220016
Q16220016,Sohn Kee-chung Sports Park,Son Kee-chung Park,park,37.556294,126.965974,http://www.wikidata.org/entity/Q16220016
Q16100158,Cheongpyeongsa,Cheongpyeong Temple,Buddhist temple,37.9858718,127.8060665,http://www.wikidata.org/entity/Q16100158
Q16100164,Cheong poong bridge,Cheongpung Bridge,road bridge,37.0034695,128.1795931,http://www.wikidata.org/entity/Q16100164
Q16100197,Chuncheon Dam Sam,Chuncheon Dam,dam,37.968138888,127.669388888,http://www.wikidata.org/entity/Q16100197
Q16100227,Chungbuk Provincial Police Agency,Chungcheongbuk-do Police Agency,police,36.675512,127.500806,http://www.wikidata.org/entity/Q16100227
Q16100240,Chungcheongbuk-do Chungju Medical Center,Chungju Medical Center,hospital,36.979429,127.969927,http://www.wikidata.org/entity/Q16100240
Q16100247,Chungcheongnam-do Special Rescue Squad,Chungnam Special Rescue Squad,fire station,36.818394444,127.188997222,http://www.wikidata.org/entity/Q16100247
Q16100275,South Chungcheong Province municipal council,South Chungcheong Province FLACS council,mayor–council government,36.660322,126.67358,http://www.wikidata.org/entity/Q16100275
Q16100304,North Chungcheong Province municipal council,North Chungcheong Province FLACS council,mayor–council government,36.636238,127.491196,http://www.wikidata.org/entity/Q16100304
Q16100412,Pohang Nambu Fire Station,Nambu Fire Station,fire station,35.993355555,129.418938888,http://www.wikidata.org/entity/Q16100412
Q16100412,Pohang Nambu Fire Station,Southern Pohang Fire Station,fire station,35.993355555,129.418938888,http://www.wikidata.org/entity/Q16100412
Q16100424,Gyeongsangbuk-do Pohang Medical Center,Pohang Medical Center,hospital,36.034903,129.354376,http://www.wikidata.org/entity/Q16100424
Q16100730,Hyeongsan River Railroad Bridge,Hyeongsan Steel Bridge (Gyeongju City),railway bridge,35.8733073,129.2107362,http://www.wikidata.org/entity/Q16100730
Q16100741,Hoguksa Temple (Jinju City),Hoguksa Temple,Buddhist temple,35.1875992,128.0732654,http://www.wikidata.org/entity/Q16100741
Q16100782,Chungcheongnam-do Hongseong Medical Center,Hongseong Medical Center,hospital,36.599285,126.67384,http://www.wikidata.org/entity/Q16100782
Q16100808,Incheon Nambu Office of Education,Southern Incheon Office of Education,board of education,37.474864,126.621262,http://www.wikidata.org/entity/Q16100808
Q16100811,Incheon Bupyeong Fire Station,Bupyeong Fire Station,fire station,37.520194444,126.722127777,http://www.wikidata.org/entity/Q16100811
Q16100817,Jeju municipal council,Jeju FLACS council,mayor–council government,33.490236,126.498951,http://www.wikidata.org/entity/Q16100817
Q16160000,Science and Technology Policy Institute,Center for Science Technology Policy,facility,36.495594,127.304646,http://www.wikidata.org/entity/Q16160000
Q16160000,Science and Technology Policy Institute,CSTP,facility,36.495594,127.304646,http://www.wikidata.org/entity/Q16160000
Q16160000,Science and Technology Policy Institute,STEPI,facility,36.495594,127.304646,http://www.wikidata.org/entity/Q16160000
Q16160241,Bigeumdo,Bigeum Island,island,34.76417,125.9375,http://www.wikidata.org/entity/Q16160241
Q16160241,Bigeumdo,Pigumu Do,island,34.76417,125.9375,http://www.wikidata.org/entity/Q16160241
Q16161068,Gwangyang-eup,Gwangyang,eup of South Korea,34.95713,127.60319,http://www.wikidata.org/entity/Q16161068
Q16192568,Sindong,Shindong,eup of South Korea,37.24657,128.65608,http://www.wikidata.org/entity/Q16192568
Q16192568,Sindong,Sindong-eup,eup of South Korea,37.24657,128.65608,http://www.wikidata.org/entity/Q16192568
Q16219439,Association of Koguryo Balhae,Goguryeo Bohai Society,organization,37.567194,126.97718,http://www.wikidata.org/entity/Q16219439
Q16219439,Association of Koguryo Balhae,Goguryeo Study Group,organization,37.567194,126.97718,http://www.wikidata.org/entity/Q16219439
Q16219439,Association of Koguryo Balhae,Institute of Koguryo,organization,37.567194,126.97718,http://www.wikidata.org/entity/Q16219439
Q16219439,Association of Koguryo Balhae,Koguryo Bohai Society,organization,37.567194,126.97718,http://www.wikidata.org/entity/Q16219439
Q16219461,Technology Management Economics Society,The Institute of Technology Management and Economics,organization,37.47957,126.943521,http://www.wikidata.org/entity/Q16219461
Q16219461,Technology Management Economics Society,The Korea Society for Innovation Management & Economics,organization,37.47957,126.943521,http://www.wikidata.org/entity/Q16219461
Q16219517,Mulgeum,Mulgeum-eup,eup of South Korea,35.31127,128.98799,http://www.wikidata.org/entity/Q16219517
Q16219517,Mulgeum,Mulgum,eup of South Korea,35.31127,128.98799,http://www.wikidata.org/entity/Q16219517
Q16219554,Korea Institute for Industrial Economics & Trade,KIER,organization,36.494400847,127.30498559,http://www.wikidata.org/entity/Q16219554
Q16219554,Korea Institute for Industrial Economics & Trade,KIET,organization,36.494400847,127.30498559,http://www.wikidata.org/entity/Q16219554
Q16219554,Korea Institute for Industrial Economics & Trade,Korea Institute for Industrial Economics and Trade,organization,36.494400847,127.30498559,http://www.wikidata.org/entity/Q16219554
Q16219600,Sinbuk,Sinbuk-eup,eup of South Korea,37.95,127.75,http://www.wikidata.org/entity/Q16219600
Q16219637,The Korean Historical Association,KHA,organization,37.576796,126.969244,http://www.wikidata.org/entity/Q16219637
Q16219652,Ocheon,Ocheon-eup,eup of South Korea,35.91667,129.38333,http://www.wikidata.org/entity/Q16219652
Q16219652,Ocheon,Ochon,eup of South Korea,35.91667,129.38333,http://www.wikidata.org/entity/Q16219652
Q16219723,Gangwon Provincial Office of Education,Gangwon-do Office of Education,local government,37.907362,127.725506,http://www.wikidata.org/entity/Q16219723
Q16219823,"Korea Institute of Planning and Evaluation for Technology in Food, Agriculture, and Forestry",IPET,government agency,37.39817,126.962824,http://www.wikidata.org/entity/Q16219823
Q16219823,"Korea Institute of Planning and Evaluation for Technology in Food, Agriculture, and Forestry",iPET,government agency,37.39817,126.962824,http://www.wikidata.org/entity/Q16219823
Q16219823,"Korea Institute of Planning and Evaluation for Technology in Food, Agriculture, and Forestry","Korea Institute of Planning and Evaluation for Technology in Food, Agriculture, Forestry and Fisheries",government agency,37.39817,126.962824,http://www.wikidata.org/entity/Q16219823
Q16219854,Duchon-myeon,Duchon,myeon,37.893333333,128.051111111,http://www.wikidata.org/entity/Q16219854
Q16219871,Mohyeon-eup,Mohyeon-myeon,eup of South Korea,37.32355,127.21747,http://www.wikidata.org/entity/Q16219871
Q16180157,Beomseo,Beomseo-eup,eup of South Korea,35.59344,129.24536,http://www.wikidata.org/entity/Q16180157
Q16168488,Korea Nuclear International Cooperation Foundation,KONICOF,facility,36.363545,127.355197,http://www.wikidata.org/entity/Q16168488
Q16168738,Korea Music Copyright Association,KOMCA,nonprofit organization,37.557777777,126.844388888,http://www.wikidata.org/entity/Q16168738
Q16168835,Munmak,Munmak-eup,eup of South Korea,37.28538,127.81946,http://www.wikidata.org/entity/Q16168835
Q16168873,"Economic, Social & Labor Council",ESLC,government agency,37.569848372,126.974044919,http://www.wikidata.org/entity/Q16168873
Q16168938,Munboksan,Munboksan Mountain,mountain,35.676,129.034,http://www.wikidata.org/entity/Q16168938
Q16169083,Nangok Tunnel,Munseong Tunnel,tunnel,37.478626,126.922039,http://www.wikidata.org/entity/Q16169083
Q16169121,Anmyeon-eup,Anmyeon,eup of South Korea,36.52563,126.35985,http://www.wikidata.org/entity/Q16169121
Q16169121,Anmyeon-eup,Anmyon,eup of South Korea,36.52563,126.35985,http://www.wikidata.org/entity/Q16169121
Q16169141,Munsusan (Gimpo),Munsusan Mountain (Gimpo),mountain,37.739092,126.538897,http://www.wikidata.org/entity/Q16169141
Q16169855,Korea Information & Communication Contractors Association,KICA,nonprofit organization,37.545797,126.97221,http://www.wikidata.org/entity/Q16169855
Q16169906,Jangsan-do,Changsando,island,34.642222222,126.155277777,http://www.wikidata.org/entity/Q16169906
Q16169955,Culinary Society of Korea,CSK,organization,36.332707,127.404958,http://www.wikidata.org/entity/Q16169955
Q16169955,Culinary Society of Korea,Culinary Institute of Korea,organization,36.332707,127.404958,http://www.wikidata.org/entity/Q16169955
Q16169955,Culinary Society of Korea,The Culinary Society of Korea,organization,36.332707,127.404958,http://www.wikidata.org/entity/Q16169955
Q16170010,Cheongnyang-eup,Cheongryang-eup,eup of South Korea,35.49604,129.26905,http://www.wikidata.org/entity/Q16170010
Q16170135,Jangsu-eup,Changsu,eup of South Korea,35.63184,127.51603,http://www.wikidata.org/entity/Q16170135
Q16170135,Jangsu-eup,Jangsu,eup of South Korea,35.63184,127.51603,http://www.wikidata.org/entity/Q16170135
Q16170191,Korea Institute of Geoscience and Mineral Resources,KIGAM,research institute,36.342434,127.391927,http://www.wikidata.org/entity/Q16170191
Q16174520,"Seonghwa, Gaesin, Jungnim-dong",성화동,dong of South Korea,36.61197,127.45136,http://www.wikidata.org/entity/Q16174520
Q16174546,Seonghwan,Seonghwan-eup,eup of South Korea,36.94179,127.1385,http://www.wikidata.org/entity/Q16174546
Q16174546,Seonghwan,Songhwan,eup of South Korea,36.94179,127.1385,http://www.wikidata.org/entity/Q16174546
Q16174738,Chungju Lake,Cheongpung Lake,artificial lake,36.95189205,128.04277021,http://www.wikidata.org/entity/Q16174738
Q16174738,Chungju Lake,Chungjuho,artificial lake,36.95189205,128.04277021,http://www.wikidata.org/entity/Q16174738
Q16174738,Chungju Lake,Chungjuho Lake,artificial lake,36.95189205,128.04277021,http://www.wikidata.org/entity/Q16174738
Q16174863,Chungbuk Provincial Office of Education,Chungcheongbuk-do Office of Education,local government,36.606688,127.479448,http://www.wikidata.org/entity/Q16174863
Q16174921,Chungcheongbuk-do Jecheon Office of Education,Jecheon Office of Education,board of education,37.13272,128.209781,http://www.wikidata.org/entity/Q16174921
Q16174952,Chungcheongbuk-do Chungju Office of Education,Chungju Office of Education,board of education,36.971124,127.93631,http://www.wikidata.org/entity/Q16174952
Q16175953,Gajo-myeon,Gajomyeon,myeon,35.71636,128.04466,http://www.wikidata.org/entity/Q16175953
Q16180648,Beobwon,Beobwon-eup,eup of South Korea,37.86475,126.89202,http://www.wikidata.org/entity/Q16180648
Q16180648,Beobwon,Pobwon,eup of South Korea,37.86475,126.89202,http://www.wikidata.org/entity/Q16180648
Q16180684,Yecheon-eup,Yecheon,eup of South Korea,36.65403,128.45243,http://www.wikidata.org/entity/Q16180684
Q16180684,Yecheon-eup,Yechon,eup of South Korea,36.65403,128.45243,http://www.wikidata.org/entity/Q16180684
Q16180794,Dowon-dong,Dowondong,dong of South Korea,35.79235,128.55747,http://www.wikidata.org/entity/Q16180794
Q16180966,Dochodo,Docho Island,island,34.69139,125.95778,http://www.wikidata.org/entity/Q16180966
Q16181433,Geyang-dong,Gyeyang-dong,dong of South Korea,37.568,126.74004,http://www.wikidata.org/entity/Q16181433
Q16181517,Mureungdowon-myeon,Suju-myeon,myeon,37.34138,128.20774,http://www.wikidata.org/entity/Q16181517
Q16181673,Gyeongsangnam-do Namhae Office of Education,Namhae Office of Education,government agency,34.8403,127.890045,http://www.wikidata.org/entity/Q16181673
Q16181684,Gyeongsangnam-do Yangsan Office of Education,Yangsan Office of Education,government agency,35.327929,128.992179,http://www.wikidata.org/entity/Q16181684
Q16181696,Gyeongsangnam-do Changwon Office of Education,Changwon Office of Education,government agency,35.232726,128.685844,http://www.wikidata.org/entity/Q16181696
Q16181701,Yeoui-dong,Dongsan-dong,dong of South Korea,35.85649,127.07343,http://www.wikidata.org/entity/Q16181701
Q16181712,Gyeongsangnam-do Hadong Office of Education,Hadong Office of Education,government agency,35.060661,127.765245,http://www.wikidata.org/entity/Q16181712
Q16181772,Hwacheon-eup,Hwacheon,eup of South Korea,38.2,127.78333,http://www.wikidata.org/entity/Q16181772
Q16181772,Hwacheon-eup,Hwachon,eup of South Korea,38.2,127.78333,http://www.wikidata.org/entity/Q16181772
Q16180157,Beomseo,Pomso,eup of South Korea,35.59344,129.24536,http://www.wikidata.org/entity/Q16180157
Q16180220,Korean Film Council,KOFIC,fund-management-type quasi-governmental institution,35.1731656,129.12766,http://www.wikidata.org/entity/Q16180220
Q16180220,Korean Film Council,Korean Film Commission,fund-management-type quasi-governmental institution,35.1731656,129.12766,http://www.wikidata.org/entity/Q16180220
Q17503649,Icheon Seolbongsanseong,Seolbong Mountain Fortress,fortress,37.288333333,127.419722222,http://www.wikidata.org/entity/Q17503649
Q17503649,Icheon Seolbongsanseong,Seolbongsanseong,fortress,37.288333333,127.419722222,http://www.wikidata.org/entity/Q17503649
Q16171501,Janghowon,Changhowon,eup of South Korea,37.13758,127.59583,http://www.wikidata.org/entity/Q16171501
Q16171501,Janghowon,Janghowon-eup,eup of South Korea,37.13758,127.59583,http://www.wikidata.org/entity/Q16171501
Q16171621,Chojeon Town,Chojeon,myeon,36.00768,128.24756,http://www.wikidata.org/entity/Q16171621
Q16171621,Chojeon Town,Chojeon-myeon,myeon,36.00768,128.24756,http://www.wikidata.org/entity/Q16171621
Q16171828,Seocheon-eup,Seocheon,eup of South Korea,36.08225,126.7007,http://www.wikidata.org/entity/Q16171828
Q16171828,Seocheon-eup,Sochon,eup of South Korea,36.08225,126.7007,http://www.wikidata.org/entity/Q16171828
Q16172542,"Sacred Heart Cathedral, Changwon",Yangduk Cathedral,Catholic cathedral,35.23294,128.58006,http://www.wikidata.org/entity/Q16172542
Q16172866,Seonjaedo,Seonjae island,island,37.25583,126.51972,http://www.wikidata.org/entity/Q16172866
Q16173315,Yangji-eup,Yangji,eup,37.23921,127.28792,http://www.wikidata.org/entity/Q16173315
Q16173806,Eulsukdo,Ŭlsuk-to,island,35.09722,128.94028,http://www.wikidata.org/entity/Q16173806
Q16173873,Hamyang-eup,Hamyang,eup of South Korea,35.5039,127.71506,http://www.wikidata.org/entity/Q16173873
Q16174030,Eoseom,Ŏ-sŏm,island,37.24778,126.6525,http://www.wikidata.org/entity/Q16174030
Q16174343,Seongju,Songju,eup of South Korea,35.91094,128.29656,http://www.wikidata.org/entity/Q16174343
Q16174343,Seongju,Seongju-eup,eup of South Korea,35.91094,128.29656,http://www.wikidata.org/entity/Q16174343
Q16630928,Bomunsa,Bomunsa Temple,Buddhist temple,37.584722,127.016111,http://www.wikidata.org/entity/Q16630928
Q16630928,Bomunsa,"Bomunsa Temple (Seongbuk-gu, Seoul)",Buddhist temple,37.584722,127.016111,http://www.wikidata.org/entity/Q16630928
Q16726310,Gongju Gapsa Stone Standing Bodhisattva Statue,Gapsa Stone Standing Bodhisattva Statue,statue,36.365555555,127.184722222,http://www.wikidata.org/entity/Q16726310
Q16726325,"Stone Brick Pagoda of Bunhwangsa Temple, Gyeongju",Gyeongju Bunhwangsa Mojeon Stone Pagoda,cultural heritage,35.840561548,129.233641826,http://www.wikidata.org/entity/Q16726325
Q16726325,"Stone Brick Pagoda of Bunhwangsa Temple, Gyeongju",Mojeon Stone Pagoda,cultural heritage,35.840561548,129.233641826,http://www.wikidata.org/entity/Q16726325
Q16726325,"Stone Brick Pagoda of Bunhwangsa Temple, Gyeongju",Stone Brick Pagoda of Bunhwangsa Temple,cultural heritage,35.840561548,129.233641826,http://www.wikidata.org/entity/Q16726325
Q16181905,Bonri-dong,Bolli-dong,dong of South Korea,35.83694,128.53769,http://www.wikidata.org/entity/Q16181905
Q16181935,Gimhwa,Kimhwa,eup of South Korea,38.28333,127.46667,http://www.wikidata.org/entity/Q16181935
Q16181935,Gimhwa,Gimhwa-eup,eup of South Korea,38.28333,127.46667,http://www.wikidata.org/entity/Q16181935
Q15898617,Ulsan Museum,Ulsan Museum {{Infobox Korean name | child = yes | hangul = 울산박물관 | rr = Ulsan Bangmulgwan | mr = Ulsan Pangmulgwan }},museum,35.5271621,129.3081145,http://www.wikidata.org/entity/Q15898617
Q15958441,Oeosa Temple,Hangsa,temple,35.9261,129.369,http://www.wikidata.org/entity/Q15958441
Q15958441,Oeosa Temple,Hangsa Temple,temple,35.9261,129.369,http://www.wikidata.org/entity/Q15958441
Q15958441,Oeosa Temple,Oeosa,temple,35.9261,129.369,http://www.wikidata.org/entity/Q15958441
Q15958610,Jecheon Wolgwangsa Temple,Wŏlgwang sa,temple,35.7347,128.152,http://www.wikidata.org/entity/Q15958610
Q16183941,Okcheon-eup,Okcheon,eup of South Korea,36.30738,127.574906,http://www.wikidata.org/entity/Q16183941
Q16183941,Okcheon-eup,Okchon,eup of South Korea,36.30738,127.574906,http://www.wikidata.org/entity/Q16183941
Q16184000,Korean Society of Ginseng,KSG,organization,37.555764,126.988853,http://www.wikidata.org/entity/Q16184000
Q16184000,Korean Society of Ginseng,The Korean Society of Ginseng,organization,37.555764,126.988853,http://www.wikidata.org/entity/Q16184000
Q17349309,a building of Gwangju Chosun University Affiliated Middle School,Former Chosun University Middle School Building,cultural heritage,35.1419272,126.9305802,http://www.wikidata.org/entity/Q17349309
Q17351727,China–South Korea border,border between China and South Korea,border,38.204722222,123.5475,http://www.wikidata.org/entity/Q17351727
Q17351727,China–South Korea border,border between South Korea and China,border,38.204722222,123.5475,http://www.wikidata.org/entity/Q17351727
Q17351727,China–South Korea border,China-South Korea border,border,38.204722222,123.5475,http://www.wikidata.org/entity/Q17351727
Q17351727,China–South Korea border,South Korea-China border,border,38.204722222,123.5475,http://www.wikidata.org/entity/Q17351727
Q17351727,China–South Korea border,South Korea–China border,border,38.204722222,123.5475,http://www.wikidata.org/entity/Q17351727
Q17487029,Daejeon Daedeok Post Office,Daedeok Post Office,post office,36.446094,127.403052,http://www.wikidata.org/entity/Q17487029
Q17487039,Daejeon Dunsan Post Office,Dunsan Post Office,post office,36.351577,127.385586,http://www.wikidata.org/entity/Q17487039
Q15261355,Kangnam Middle School,Gangnam Middle School,middle school,37.502277777,126.922361111,http://www.wikidata.org/entity/Q15261355
Q15269226,"Punchbowl, Korea",Haean Basin,basin,38.285,128.14,http://www.wikidata.org/entity/Q15269226
Q15297483,Seongnam Girls' Middle School,Seongnam Girls' Middle School (Gyeongbuk),middle school,35.948967747,128.932700797,http://www.wikidata.org/entity/Q15297483
Q15302850,Chungnam Provincial Office of Education,Chungcheongnam-do Office of Education,local government,36.657699,126.67772,http://www.wikidata.org/entity/Q15302850
Q15397800,Namsansinseong,Gyeongju Namsansinseong,fortress,35.816944444,129.228611111,http://www.wikidata.org/entity/Q15397800
Q15397800,Namsansinseong,Namsansin Fortress,fortress,35.816944444,129.228611111,http://www.wikidata.org/entity/Q15397800
Q15465499,United Nations Memorial Cemetery,UN Memorial Cemetery,war cemetery,35.12845,129.09623,http://www.wikidata.org/entity/Q15465499
Q15465499,United Nations Memorial Cemetery,UNMCK,war cemetery,35.12845,129.09623,http://www.wikidata.org/entity/Q15465499
Q15465499,United Nations Memorial Cemetery,재한유엔기념공원,war cemetery,35.12845,129.09623,http://www.wikidata.org/entity/Q15465499
Q15621434,Port of Gwangyang,Gwangyang Port,port,34.85,127.8,http://www.wikidata.org/entity/Q15621434
Q15621440,Incheon POSCO Academy,Incheon POSCO High School,high school,37.40139,126.648803,http://www.wikidata.org/entity/Q15621440
Q15622253,Yongin Daejanggeum Park,MBC Dramia,film studio,37.1212,127.337,http://www.wikidata.org/entity/Q15622253
Q15715109,"National Academy of Sciences, Republic of Korea",NAS,national academy,37.495583333,127.002444444,http://www.wikidata.org/entity/Q15715109
Q15898585,Hengso Museum of Keimyung University,Hengso Museum,museum,35.8567557,128.4898973,http://www.wikidata.org/entity/Q15898585
Q16261089,Goegokseong Fortress,Gogokseong Fortress,fortress,36.9399,128.203633333,http://www.wikidata.org/entity/Q16261089
Q16261372,Dosalseong fortress,Dosalseong,fortress,36.85665,128.31045,http://www.wikidata.org/entity/Q16261372
Q16262010,Korea Housing Association,KHA,organization,37.51848,127.034019,http://www.wikidata.org/entity/Q16262010
Q16262206,Chungcheongbuk-do Cheongju Office of Education,Cheongju Office of Education,board of education,36.613477,127.470124,http://www.wikidata.org/entity/Q16262206
Q16338015,sinking of the MV Sewol,2014 South Korean ferry capsizing,accident,34.239833,125.866361,http://www.wikidata.org/entity/Q16338015
Q16630672,Ganggyeong Minae Bridge,Minae Bridge,cultural heritage,36.152777777,127.031111111,http://www.wikidata.org/entity/Q16630672
Q16630683,Ganghwa Outer Fortress,Ganghwa Outer Wall,rampart,37.683611111,126.518888888,http://www.wikidata.org/entity/Q16630683
Q16630683,Ganghwa Outer Fortress,Ganghwajeonseong,rampart,37.683611111,126.518888888,http://www.wikidata.org/entity/Q16630683
Q16630957,Seosan Children Library,Children Library,library,36.793111,126.462888,http://www.wikidata.org/entity/Q16630957
Q16630961,Seoul Dobong Post Office,Dobong Post Office,post office,37.647967,127.027131,http://www.wikidata.org/entity/Q16630961
Q16689597,Busan Museum,Busan Metropolitan Museum,museum,35.12959,129.09405,http://www.wikidata.org/entity/Q16689597
Q16725547,Nonsan Wonmok Bridge,Wonhang Bridge,cultural heritage,36.168055555,127.055277777,http://www.wikidata.org/entity/Q16725547
Q16725547,Nonsan Wonmok Bridge,Wonhanggyo,cultural heritage,36.168055555,127.055277777,http://www.wikidata.org/entity/Q16725547
Q16725547,Nonsan Wonmok Bridge,Wonmok Bridge,cultural heritage,36.168055555,127.055277777,http://www.wikidata.org/entity/Q16725547
Q16725564,Sesan Haemi library,Haemi Dosegwan,library,36.715859,126.543313,http://www.wikidata.org/entity/Q16725564
Q16725564,Sesan Haemi library,Hami Library,library,36.715859,126.543313,http://www.wikidata.org/entity/Q16725564
Q17564366,Goheung Sorokdo-gu Noksan Elementary School building,"Former Noksan Elementary School Building on Sorokdo Island, Goheung",cultural heritage,34.509375,127.120355555,http://www.wikidata.org/entity/Q17564366
Q17564367,Seongseong High School Bible School building,"Former Seongsil Bible Middle and High School Building on Sorokdo Island, Goheung",cultural heritage,34.510141666,127.119058333,http://www.wikidata.org/entity/Q17564367
Q17564465,Deokju Sanseong,Jecheon Deokjusanseong Fortress,fortress,36.861111,128.099444,http://www.wikidata.org/entity/Q17564465
Q16182414,Yongsang - Dong,Yongsang Dong,dong of South Korea,36.55865,128.78492,http://www.wikidata.org/entity/Q16182414
Q16182959,Dongsong,Dongsong-eup,eup of South Korea,38.23818,127.24829,http://www.wikidata.org/entity/Q16182959
Q16182959,Dongsong,Tongsong,eup of South Korea,38.23818,127.24829,http://www.wikidata.org/entity/Q16182959
Q16183501,Dong-eup,Dong,eup of South Korea,35.30479,128.66889,http://www.wikidata.org/entity/Q16183501
Q16183501,Dong-eup,Tong,eup of South Korea,35.30479,128.66889,http://www.wikidata.org/entity/Q16183501
Q16183501,Dong-eup,Tong-up,eup of South Korea,35.30479,128.66889,http://www.wikidata.org/entity/Q16183501
Q16183712,Bongdong,Bongdong-eup,eup of South Korea,35.95015,127.13929,http://www.wikidata.org/entity/Q16183712
Q16183712,Bongdong,Pongdong,eup of South Korea,35.95015,127.13929,http://www.wikidata.org/entity/Q16183712
Q16183867,Donghae-myeon,Donghae,myeon,35.99491,129.48595,http://www.wikidata.org/entity/Q16183867
Q16192214,Korea Reformed Theology Society,Korea Reformed Theological Society,organization,37.478799,126.951457,http://www.wikidata.org/entity/Q16192214
Q16192220,Korea Health Promotion Institute,Korea Health Promotion Foundation,nonprofit organization,37.560663,126.994165,http://www.wikidata.org/entity/Q16192220
Q16192227,Korean Institute of Architects,KIA,organization,37.548051,126.869686,http://www.wikidata.org/entity/Q16192227
Q16192231,Korean Association for Architectural History,Korean Association of Architectural History,organization,37.560119,126.997091,http://www.wikidata.org/entity/Q16192231
Q16192255,Korea Economic Research Institute,KERI,organization,37.522291,126.920173,http://www.wikidata.org/entity/Q16192255
Q16192296,Korea Federation Of Science And Technology Societies,KOFST,government agency,37.500735,127.030931,http://www.wikidata.org/entity/Q16192296
Q16192309,Korea Photonics Technology Institute,KOPTI,facility,37.4072545,127.231543,http://www.wikidata.org/entity/Q16192309
Q16192328,Korea Institute of Machinery and Materials,KIMM,facility,36.396252,127.358927,http://www.wikidata.org/entity/Q16192328
Q16192328,Korea Institute of Machinery and Materials,Korea Institute of Machinery & Materials,facility,36.396252,127.358927,http://www.wikidata.org/entity/Q16192328
Q16192328,Korea Institute of Machinery and Materials,Korea Institute of Machinery Material,facility,36.396252,127.358927,http://www.wikidata.org/entity/Q16192328
Q16192383,Korea Institute of Robot and Convergence,KIRO,facility,36.0226974,129.3223589,http://www.wikidata.org/entity/Q16192383
Q17487228,Seodaegu Post Office,Western Daegu Post Office,post office,35.866822,128.555199,http://www.wikidata.org/entity/Q17487228
Q17487250,Seoul Youngsin Elementary School,Youngsin Elementary School,primary school,37.509853,126.918192,http://www.wikidata.org/entity/Q17487250
Q17487297,Soonchunhyang University Cheonan Hospital,SCHMC,hospital,36.80288,127.136365,http://www.wikidata.org/entity/Q17487297
Q17345897,Haslla Middle School,Haseulla Middle School,middle school,37.772017,128.907062,http://www.wikidata.org/entity/Q17345897
Q17345987,Daegu Dalseo Post Office,Dalseo Post Office,post office,35.830661,128.534369,http://www.wikidata.org/entity/Q17345987
Q17345990,Daegu Suseong Post Office,Suseong Post Office,post office,35.859297,128.61586,http://www.wikidata.org/entity/Q17345990
Q17346013,Dongdaegu Post Office,Eastern Daegu Post Office,post office,35.892404,128.644217,http://www.wikidata.org/entity/Q17346013
Q18015972,Gochang Dolmen Museum,Gochang Ancient Stone Museum,museum,35.4415639,126.6153976,http://www.wikidata.org/entity/Q18015972
Q17503593,Seodaejeon Post Office,Western Daejeon Post Office,post office,36.320665,127.413581,http://www.wikidata.org/entity/Q17503593
Q17346053,Myungil Middle School,Myeongil Middle School,middle school,37.556929,127.147966,http://www.wikidata.org/entity/Q17346053
Q17346101,Bukdaegu Post Office,Northern Daegu Post Office,post office,35.941506,128.565697,http://www.wikidata.org/entity/Q17346101
Q16189127,Imjado,Imja Island,island,35.086944444,126.086111111,http://www.wikidata.org/entity/Q16189127
Q16189127,Imjado,Imja-do,island,35.086944444,126.086111111,http://www.wikidata.org/entity/Q16189127
Q16189154,Judeok,Chudok,eup of South Korea,37.0197,127.8026,http://www.wikidata.org/entity/Q16189154
Q16189154,Judeok,Judeok-eup,eup of South Korea,37.0197,127.8026,http://www.wikidata.org/entity/Q16189154
Q16190286,Jinseo-myeon,Jinseomyeon,myeon,35.587594,126.605419,http://www.wikidata.org/entity/Q16190286
Q16192086,Hangang bikeway,Han River Bike Path,bikeway,37.53382,127.03714,http://www.wikidata.org/entity/Q16192086
Q16192123,Korean Academic Society for Public Relations,KASPR,organization,37.589494,126.992997,http://www.wikidata.org/entity/Q16192123
Q16192123,Korean Academic Society for Public Relations,Korea PR Society,organization,37.589494,126.992997,http://www.wikidata.org/entity/Q16192123
Q16192123,Korean Academic Society for Public Relations,Korean Public Relations Research Institute,organization,37.589494,126.992997,http://www.wikidata.org/entity/Q16192123
Q17486924,Gwangju Dongsung Middle School,GJDSM,middle school,35.116772,126.895827,http://www.wikidata.org/entity/Q17486924
Q16184051,Bonghwa,Bonghwa-eup,eup of South Korea,36.8871,128.70664,http://www.wikidata.org/entity/Q16184051
Q16184051,Bonghwa,Ponghwa,eup of South Korea,36.8871,128.70664,http://www.wikidata.org/entity/Q16184051
Q16184071,Daegaya-eup,Daegaya,eup of South Korea,35.73333,128.25,http://www.wikidata.org/entity/Q16184071
Q16184071,Daegaya-eup,Goryeong,eup of South Korea,35.73333,128.25,http://www.wikidata.org/entity/Q16184071
Q16184071,Daegaya-eup,Goryeong-eup,eup of South Korea,35.73333,128.25,http://www.wikidata.org/entity/Q16184071
Q16184071,Daegaya-eup,Goryong,eup of South Korea,35.73333,128.25,http://www.wikidata.org/entity/Q16184071
Q16184071,Daegaya-eup,Taegaya,eup of South Korea,35.73333,128.25,http://www.wikidata.org/entity/Q16184071
Q16184316,Buri-myeon,Puri-myŏn,myeon,36.05807,127.57488,http://www.wikidata.org/entity/Q16184316
Q16184414,Goseong-eup,Goseong,eup of South Korea,34.97666,128.31687,http://www.wikidata.org/entity/Q16184414
Q16184414,Goseong-eup,Kosong,eup of South Korea,34.97666,128.31687,http://www.wikidata.org/entity/Q16184414
Q16184501,Federation of Busan Science and Technology,FOBST,educational institution,35.205446,129.212673,http://www.wikidata.org/entity/Q16184501
Q16184633,Jongmyo Square Park,Jongmyo Park,park,37.57291667,126.99433333,http://www.wikidata.org/entity/Q16184633
Q16184633,Jongmyo Square Park,Jongmyo Square,park,37.57291667,126.99433333,http://www.wikidata.org/entity/Q16184633
Q16184701,Buseok-myeon,Buseokmyeon,myeon,36.68447,126.40027,http://www.wikidata.org/entity/Q16184701
Q16187536,Namhae-eup,Namhae,eup of South Korea,34.82871,127.89018,http://www.wikidata.org/entity/Q16187536
Q16187695,Naesu,Naesu-eup,eup of South Korea,36.69988,127.54637,http://www.wikidata.org/entity/Q16187695
Q16187908,Gonggeun-myeon,Gonggeun,myeon,37.53641,127.96283,http://www.wikidata.org/entity/Q16187908
Q16188707,Inje-eup,Inje,eup of South Korea,38.14697222,128.2472,http://www.wikidata.org/entity/Q16188707
Q16978509,Daecheon Hannaedoldari,Daecheon Hannae Stone Bridge,cultural heritage,36.347777777,126.600833333,http://www.wikidata.org/entity/Q16978509
Q16978668,Seosan gaeksa,Seosan Gaeksa,cultural heritage,36.783888888,126.45,http://www.wikidata.org/entity/Q16978668
Q16978668,Seosan gaeksa,Seosan guest house,cultural heritage,36.783888888,126.45,http://www.wikidata.org/entity/Q16978668
Q16978766,Wanju Ansimsa Temple Bronze Bell,Ansimsa temple bell,bell,36.1085,127.302972222,http://www.wikidata.org/entity/Q16978766
Q16985276,Daejeon Airfield,K-5 Air Base,aerodrome,36.358,127.395,http://www.wikidata.org/entity/Q16985276
Q16985276,Daejeon Airfield,Taejon Airfield,aerodrome,36.358,127.395,http://www.wikidata.org/entity/Q16985276
Q17022241,Yongjugol,Yongju-Gol,red-light district,37.8292,126.84,http://www.wikidata.org/entity/Q17022241
Q17062469,Hana Academy Seoul,Hana High School,private school,37.6417,126.937,http://www.wikidata.org/entity/Q17062469
Q17063485,Sun Cruise Resort & Yacht,Sun Cruise Resort and Yacht,hotel,37.68348,129.04385,http://www.wikidata.org/entity/Q17063485
Q17094865,Dogye Seowon,Dogye Seowon (Jeonbuk),cultural heritage,35.638,126.812305555,http://www.wikidata.org/entity/Q17094865
Q17094949,Namwon Siprosa,Siprosa,temple,35.331666666,127.191666666,http://www.wikidata.org/entity/Q17094949
Q17094949,Namwon Siprosa,Ten Elder Temple,temple,35.331666666,127.191666666,http://www.wikidata.org/entity/Q17094949
Q17094993,Unbonghyanggyo,Unbonghyanggyo Daeseongjeon,cultural heritage,35.4213762,127.5280952,http://www.wikidata.org/entity/Q17094993
Q17095002,Wolgangsa Temple,Wolgangsa,temple,35.7321771,127.5937253,http://www.wikidata.org/entity/Q17095002
Q17095091,Taein Hyanggyo,Taein Hyanggyo Daeseongjeon,cultural heritage,35.6535356,126.9373459,http://www.wikidata.org/entity/Q17095091
Q17095103,Hapmiseong,Hapmi Fortress,fortress,35.462222222,127.250277777,http://www.wikidata.org/entity/Q17095103
Q17128567,Hamyeolhyanggyo,Iksan Hamyeolhyanggyo Daeseongjeon,cultural heritage,36.0636136,126.9070065,http://www.wikidata.org/entity/Q17128567
Q17128712,Korean Broadcasters Association,KBA,organization,37.528837,126.87113,http://www.wikidata.org/entity/Q17128712
Q17158817,Impihyanggyo,Impihyanggyo Daeseongjeon,cultural heritage,35.988361111,126.848111111,http://www.wikidata.org/entity/Q17158817
Q17995800,Sobaeksan Optical Astronomy Observatory,SOAO,astronomical observatory,36.934411111,128.4576,http://www.wikidata.org/entity/Q17995800
Q18013337,Donggosanseong,Donggosanseong Fortress,fortress,35.809972222,127.173361111,http://www.wikidata.org/entity/Q18013337
Q18013337,Donggosanseong,Jeonju Fortress,fortress,35.809972222,127.173361111,http://www.wikidata.org/entity/Q18013337
Q18013337,Donggosanseong,Seungamsanseong Fortress,fortress,35.809972222,127.173361111,http://www.wikidata.org/entity/Q18013337
Q18013370,Iksan National Museum,Mireuksaji Museum,museum,36.01156,127.028674,http://www.wikidata.org/entity/Q18013370
Q18013612,Usanseong,Usanseong  Fortress,fortress,36.458055555,126.808888888,http://www.wikidata.org/entity/Q18013612
Q17314495,Ulsan Onsan Fire Station,Onsan Fire Station,fire station,35.433233333,129.306619444,http://www.wikidata.org/entity/Q17314495
Q16745726,Muljangori-oreum wetland,Muljangori Oreum Wetland,wetland,33.4,126.616666666,http://www.wikidata.org/entity/Q16745726
Q16745780,Hyangwonjeong,Hyangwonjeong Pavilion,pavilion,37.582329997,126.977019218,http://www.wikidata.org/entity/Q16745780
Q16766744,Gochang Muganggaeksa,Muganggaeksa,cultural heritage,35.418333333,126.556944444,http://www.wikidata.org/entity/Q16766744
Q16766899,Munhaksan Fortress,Munhak Mountain Fortress,fortress,37.429444,126.681111,http://www.wikidata.org/entity/Q16766899
Q16766929,Korea Venture Business Association,KOVA,nonprofit organization,37.482453,126.895281,http://www.wikidata.org/entity/Q16766929
Q16773574,Homigot Lighthouse,Hanggigot,lighthouse,36.07638889,129.5686111,http://www.wikidata.org/entity/Q16773574
Q16782151,Daesan library,Seosan Municipal Daesan Library,library,36.940177,126.439625,http://www.wikidata.org/entity/Q16782151
Q17189468,Bihongsanseong,Bihong Mountain Fortress,fortress,35.3975,127.266666666,http://www.wikidata.org/entity/Q17189468
Q17189468,Bihongsanseong,Feihong Mountain Fortress,fortress,35.3975,127.266666666,http://www.wikidata.org/entity/Q17189468
Q17189473,Seosan Fortress,Seosansanseong Fortress,fortress,35.448722222,126.640722222,http://www.wikidata.org/entity/Q17189473
Q17304808,Handle Middle School,Gimje Girls' Middle School,middle school,35.803721,126.891204,http://www.wikidata.org/entity/Q17304808
Q17313731,Pai Chai Middle School,Paichai Middle School,middle school,37.555727,127.1496,http://www.wikidata.org/entity/Q17313731
Q17313754,Busan Geumjeong Fire Station,Geumjeong Fire Station,fire station,35.243955555,129.092588888,http://www.wikidata.org/entity/Q17313754
Q17487437,Asia-Pacific Centre of Education for International Understanding,APCEIU,organization,37.50856,126.892799,http://www.wikidata.org/entity/Q17487437
Q17487437,Asia-Pacific Centre of Education for International Understanding,Asia-Pacific Centre of Education for International Understanding under the Auspices of Unesco,organization,37.50856,126.892799,http://www.wikidata.org/entity/Q17487437
Q17487437,Asia-Pacific Centre of Education for International Understanding,UNESCO APCEIU,organization,37.50856,126.892799,http://www.wikidata.org/entity/Q17487437
Q17487906,Brothers home,Brothers Home,government agency,35.15403056,129.009975,http://www.wikidata.org/entity/Q17487906
Q17503399,Daejeon Yuseong Post Office,Yuseong Post Office,post office,36.355659,127.343087,http://www.wikidata.org/entity/Q17503399
Q17564557,Seocheongju Post Office,Western Cheongju Post Office,post office,36.638097,127.435284,http://www.wikidata.org/entity/Q17564557
Q17564578,Songgok Middle School,Songgok Girls' Middle School,middle school,37.606028,127.104974,http://www.wikidata.org/entity/Q17564578
Q17685141,Catholic Kwandong University International St. Mary's Hospital,International St. Mary's Hospital,university hospital,37.542475,126.683815,http://www.wikidata.org/entity/Q17685141
Q18605516,Changnyeong Yeongsan-eupseongji,Changnyeong Yeongsan-eup Fortress,fortified town,35.465277777,128.527222222,http://www.wikidata.org/entity/Q18605516
Q18052674,Jinju Namak Seowon,Namak Seowon,seowon,35.076388888,128.172777777,http://www.wikidata.org/entity/Q18052674
Q18110901,Cemetery for North Korean and Chinese Soldiers,북한군/중국군 묘지 제 1 묘역,cemetery,37.957222222,126.853055555,http://www.wikidata.org/entity/Q18110901
Q18605567,Seoul Graduate School of Counseling Psychology,Yongmoon Graduate School of Counseling Psychology,educational institution,37.576061111,126.995880555,http://www.wikidata.org/entity/Q18605567
Q18605794,Jinhae-hyeon government office and guesthouse,Jinhae-hyeon Gaeksa,cultural heritage,35.115,128.488055555,http://www.wikidata.org/entity/Q18605794
Q18605797,Changnyeong guest house,Changnyeong gaeksa,cultural heritage,35.54075,128.501583333,http://www.wikidata.org/entity/Q18605797
Q18605797,Changnyeong guest house,Changnyeong guesthouse,cultural heritage,35.54075,128.501583333,http://www.wikidata.org/entity/Q18605797
Q16177873,Gangwon Gangneung Office of Education,Gangneung Office of Education,government agency,37.745658,128.900221,http://www.wikidata.org/entity/Q16177873
Q16177925,Gangwon Donghae Office of Education,Donghae Office of Education,government agency,37.525413,129.117319,http://www.wikidata.org/entity/Q16177925
Q16177940,Gangwon Sokcho Yangyang Office of Education,Sokcho Yangyang Office of Education,government agency,38.204792,128.572461,http://www.wikidata.org/entity/Q16177940
Q16177952,Gangwon Wonju Office of Education,Wonju Office of Education,government agency,37.338221,127.946215,http://www.wikidata.org/entity/Q16177952
Q16177961,Gangwon Chuncheon Office of Education,Chuncheon Office of Education,government agency,37.877147,127.729524,http://www.wikidata.org/entity/Q16177961
Q16177975,Gangwon Taebaek Office of Education,Taebaek Office of Education,government agency,37.102852,129.020952,http://www.wikidata.org/entity/Q16177975
Q16178671,Yeonggwang-eup,Yonggwang,eup of South Korea,35.2915,126.5049,http://www.wikidata.org/entity/Q16178671
Q16178671,Yeonggwang-eup,Yeonggwang,eup of South Korea,35.2915,126.5049,http://www.wikidata.org/entity/Q16178671
Q16179096,Yeongdo,Yon-do,island,35.07417,129.06806,http://www.wikidata.org/entity/Q16179096
Q16179275,Taean Thermal Power Plant,Taean Power Station,coal-fired power station,36.905555555,126.234722222,http://www.wikidata.org/entity/Q16179275
Q16179404,Deoksan,Deoksan-eup,eup of South Korea,36.89585,127.50616,http://www.wikidata.org/entity/Q16179404
Q16179575,Mountain Gaehwa,Gaehwasan,mountain,37.583358,126.803255,http://www.wikidata.org/entity/Q16179575
Q16179652,Geogeumdo,Geogeum Island,island,34.452222222,127.185833333,http://www.wikidata.org/entity/Q16179652
Q16179791,Yeongwol-eup,Yeongwol,eup of South Korea,37.18767,128.46485,http://www.wikidata.org/entity/Q16179791
Q16179791,Yeongwol-eup,Yongwol,eup of South Korea,37.18767,128.46485,http://www.wikidata.org/entity/Q16179791
Q16179843,Geochagundo,Goecha Islands,island,34.25,125.925,http://www.wikidata.org/entity/Q16179843
Q16179935,Health Insurance Review and Assessment Service,HIRA,government agency,37.88678,127.740676,http://www.wikidata.org/entity/Q16179935
Q16179965,Dogye,Dogye-eup,eup of South Korea,37.23774,129.07926,http://www.wikidata.org/entity/Q16179965
Q16179965,Dogye,Togye,eup of South Korea,37.23774,129.07926,http://www.wikidata.org/entity/Q16179965
Q17686172,Daedeoksanseong Fortress,Apsansanseong,fortress,35.819167,128.571667,http://www.wikidata.org/entity/Q17686172
Q17686172,Daedeoksanseong Fortress,Daedeoksanseong,fortress,35.819167,128.571667,http://www.wikidata.org/entity/Q17686172
Q17687379,Seoul Gangdong Fire Station,Gangdong Fire Station,fire station,37.529380555,127.125102777,http://www.wikidata.org/entity/Q17687379
Q17687386,Seoul Eunpyeong Fire Station,Eunpyeong Fire Station,fire station,37.628716666,126.920044444,http://www.wikidata.org/entity/Q17687386
Q17687991,Yongamsanseong,Yeongam Mountain Fortress,fortress,35.923611111,128.675555555,http://www.wikidata.org/entity/Q17687991
Q18119260,Yangsan Gasan-ri Rock-carved Buddha Statue,Gasan-ri Rock-carved Buddha Statue,statue,35.288611111,129.034166666,http://www.wikidata.org/entity/Q18119260
Q18141464,Namulsan Post Office,Southern Ulsan Post Office,post office,35.545765,129.326529,http://www.wikidata.org/entity/Q18141464
Q18141663,Dongulsan Post Office,Eastern Ulsan Post Office,post office,35.511382,129.429719,http://www.wikidata.org/entity/Q18141663
Q18142473,"Kolmar Korea Co., Ltd.",Kolmar Korea (South Korea),public company,36.699035,127.214287,http://www.wikidata.org/entity/Q18142473
Q18684455,Seoul Sindong Elementary School,Sindong Elementary School,primary school,37.516892,127.011898,http://www.wikidata.org/entity/Q18684455
Q18156293,Roman Catholic Shrine of Solmoe,Roman Catholic Shrine of Solmoi,church building,36.819727,126.785793,http://www.wikidata.org/entity/Q18156293
Q18156349,Busan Geumjeong Post Office,Geumjeong Post Office,post office,35.244119,129.091531,http://www.wikidata.org/entity/Q18156349
Q18156350,Busan Yeonje Post Office,Yeonje Post Office,post office,35.194106,129.07004,http://www.wikidata.org/entity/Q18156350
Q18156453,Jeongnam Library,Jeongnam doseogwan,library,37.168472222,126.982888888,http://www.wikidata.org/entity/Q18156453
Q18156503,Haeundae Post Office,Busan Haeundae Post Office,post office,35.218215,129.119483,http://www.wikidata.org/entity/Q18156503
Q18229777,Gimcheon Gimsan Hyanggyo,Gimsan Hyanggyo,cultural heritage,36.139444444,128.096861111,http://www.wikidata.org/entity/Q18229777
Q18230154,Mangisanseong,Mangyisanseong,fortress,37.055833333,127.483333333,http://www.wikidata.org/entity/Q18230154
Q18230270,Sacheon Seonghwangdangsanseong,Sacheonseong Hwangdangsanseong Fortress,fortress,35.057777777,128.098888888,http://www.wikidata.org/entity/Q18230270
Q18230687,Yongsansanseong,Yongsan Mountain Fortress,fortress,35.771666666,128.861944444,http://www.wikidata.org/entity/Q18230687
Q18444143,Daeheunghyanggyo,Yesan Daeheunghyanggyo,cultural heritage,36.616111111,126.786944444,http://www.wikidata.org/entity/Q18444143
Q18444243,"Kiln Site in Yucheon-ri, Buan","Yoji in Yucheon-ri, Buan",archeological kiln site,35.613888888,126.665277777,http://www.wikidata.org/entity/Q18444243
Q18444340,Sinchang Hyanggyo,Sinchanghyanggyo,cultural heritage,36.779922222,126.928813888,http://www.wikidata.org/entity/Q18444340
Q18444345,Asan Hyanggyo,Asanhyanggyo,cultural heritage,36.8495,126.946333333,http://www.wikidata.org/entity/Q18444345
Q18444357,Yesanhyanggyo,Yesan Hyanggyo,cultural heritage,36.683816666,126.850013888,http://www.wikidata.org/entity/Q18444357
Q18444363,Ocheonhyanggyo,Ocheon Hyanggyo,cultural heritage,36.418202777,126.5454,http://www.wikidata.org/entity/Q18444363
Q18444368,Onyanghyanggyo,Onyang Hyanggyo,cultural heritage,36.762777777,127.014722222,http://www.wikidata.org/entity/Q18444368
Q18444423,Jeokseonghyanggyo,Jeokseong Hyanggyo,cultural heritage,37.963333333,126.923611111,http://www.wikidata.org/entity/Q18444423
Q18444428,Jeongsanhyanggyo,Jeongsan Hyanggyo,cultural heritage,36.415833333,126.943611111,http://www.wikidata.org/entity/Q18444428
Q18444492,Cheongjuhyanggyo,Cheongju Hyanggyo,cultural heritage,36.637161111,127.489080555,http://www.wikidata.org/entity/Q18444492
Q18444504,Chungju Hyanggyo,Chungjuhyanggyo,cultural heritage,36.974625,127.937833333,http://www.wikidata.org/entity/Q18444504
Q18444614,Dangjin Hyanggyo,Dangjinhyanggyo,cultural heritage,36.8925,126.633055555,http://www.wikidata.org/entity/Q18444614
Q18444689,Cheongyang Hyanggyo,Cheongyanghyanggyo,cultural heritage,36.455,126.815277777,http://www.wikidata.org/entity/Q18444689
Q18444693,Cheongpunghyanggyo,Cheongpung Hyanggyo,cultural heritage,37.000277777,128.166111111,http://www.wikidata.org/entity/Q18444693
Q18444701,Taean Hyanggyo,Taeanhyanggyo,cultural heritage,36.758888888,126.296944444,http://www.wikidata.org/entity/Q18444701
Q18444745,Haemihyanggyo,Haemi Hyanggyo,cultural heritage,36.720833333,126.549722222,http://www.wikidata.org/entity/Q18444745
Q18493372,Hongjuhyanggyo,Hongju Hyanggyo,cultural heritage,36.609416666,126.665638888,http://www.wikidata.org/entity/Q18493372
Q18531377,Hamyang Banjisanseong,Hamyang Banji Mountain Fortressnseong,fortress,35.678611111,127.68,http://www.wikidata.org/entity/Q18531377
Q18648213,Midopa,Lotte Midopa,shopping center,37.5635483,126.9814822,http://www.wikidata.org/entity/Q18648213
Q18648213,Midopa,Midopa Department Store,shopping center,37.5635483,126.9814822,http://www.wikidata.org/entity/Q18648213
Q18648369,Wonju Severance Christian Hospital,Wonju Christian Hospital,hospital,37.565792,126.938561,http://www.wikidata.org/entity/Q18648369
Q18648369,Wonju Severance Christian Hospital,Wonju Christian Union Hospital,hospital,37.565792,126.938561,http://www.wikidata.org/entity/Q18648369
Q17688051,Oesol Middle School,Ulsan Dong Middle School,middle school,35.584226,129.343389,http://www.wikidata.org/entity/Q17688051
Q18648588,Korea University of International Studies,KUIS,private university,37.543037,126.960079,http://www.wikidata.org/entity/Q18648588
Q18648588,Korea University of International Studies,Graduate School of International Studies on Korean Peninsula,private university,37.543037,126.960079,http://www.wikidata.org/entity/Q18648588
Q18648660,Hwacheon People's Army Headquarters Barracks,Hwacheon People's Army Command Barracks,barracks,38.175611111,127.547352777,http://www.wikidata.org/entity/Q18648660
Q18648664,Hwanhaejangseong,Hwanhae Great Wall,defensive wall,33.417222222,126.906944444,http://www.wikidata.org/entity/Q18648664
Q18648664,Hwanhaejangseong,Hwanhae Wall,defensive wall,33.417222222,126.906944444,http://www.wikidata.org/entity/Q18648664
Q18657526,Baengnokdam,Baengnok Dam,dam,33.361388888,126.533888888,http://www.wikidata.org/entity/Q18657526
Q18700050,Seoul Namsung Elementary School,Namseong Elementary School,primary school,37.484442,126.976092,http://www.wikidata.org/entity/Q18700050
Q18700050,Seoul Namsung Elementary School,Namsung Elementary School,primary school,37.484442,126.976092,http://www.wikidata.org/entity/Q18700050
Q18700050,Seoul Namsung Elementary School,Seoul Namseong Elementary School,primary school,37.484442,126.976092,http://www.wikidata.org/entity/Q18700050
Q18730719,Monument to Teacher Go Gyeong-myeong,Monument to the late Go Gyeong-myeong,cultural heritage,36.122777777,127.473472222,http://www.wikidata.org/entity/Q18730719
Q17964682,BLengnyeonsa,Baengnyeonsa,Buddhist temple,34.5877,126.748,http://www.wikidata.org/entity/Q17964682
Q17964690,Geobukseon bridge,Second Dolsan Bridge,road bridge,34.7348,127.74884,http://www.wikidata.org/entity/Q17964690
Q17988282,Daejeon Bipasanseong,Bipasanseong,fortress,36.270833333,127.448888888,http://www.wikidata.org/entity/Q17988282
Q17988282,Daejeon Bipasanseong,Sohodongsanseong,fortress,36.270833333,127.448888888,http://www.wikidata.org/entity/Q17988282
Q17988311,Sajeongseong,Sajeong Fortress,fortress,36.290277777,127.384722222,http://www.wikidata.org/entity/Q17988311
Q18230989,Cheorwonhyanggyoji,Cheorwon Hyanggyo,cultural heritage,38.239166666,127.214444444,http://www.wikidata.org/entity/Q18230989
Q18231031,Hadong Goseongsanseong,Bukbanggoseong Fortress,fortress,35.165,127.916944444,http://www.wikidata.org/entity/Q18231031
Q18231031,Hadong Goseongsanseong,Hadong Goseong Mountain Fortress,fortress,35.165,127.916944444,http://www.wikidata.org/entity/Q18231031
Q18328470,Nambusan Post Office,Southern Busan Post Office,post office,35.145749,129.10967,http://www.wikidata.org/entity/Q18328470
Q18328662,Dongbusan Post Office,Eastern Busan Post Office,post office,35.138335,129.061874,http://www.wikidata.org/entity/Q18328662
Q18328741,Busan Gangseo Post Office,Gangseo Post Office,post office,35.217546,128.958214,http://www.wikidata.org/entity/Q18328741
Q18328744,Busan Sasang Post Office,Sasang Post Office,post office,35.160414,128.98552,http://www.wikidata.org/entity/Q18328744
Q18328747,Busan Saha Post Office,Saha Post Office,post office,35.101032,128.979271,http://www.wikidata.org/entity/Q18328747
Q18328750,Busan Yeongdo Post Office,Yeongdo Post Office,post office,35.091923,129.040406,http://www.wikidata.org/entity/Q18328750
Q18328755,Bukbusan Post Office,Northern Busan Post Office,post office,35.232268,129.009514,http://www.wikidata.org/entity/Q18328755
Q18329008,Komori Mountain Fortress,Pocheon Komori Fortress,fortress,37.789166666,127.157777777,http://www.wikidata.org/entity/Q18329008
Q18381061,Yangsan Jeungsan-ri Waeseong,Mulgeumjeungsanseong,Japanese castle in Korea,35.311666666,128.988888888,http://www.wikidata.org/entity/Q18381061
Q18815340,National Research Council of Science and Technology,Korea Research Council of Fundamental Science and Technology,government agency,36.495034554,127.303849647,http://www.wikidata.org/entity/Q18815340
Q18815340,National Research Council of Science and Technology,"NST, KRCF",government agency,36.495034554,127.303849647,http://www.wikidata.org/entity/Q18815340
Q18815340,National Research Council of Science and Technology,國家科學技術硏究會,government agency,36.495034554,127.303849647,http://www.wikidata.org/entity/Q18815340
Q18815541,Saengil,Saengil-myeon,myeon,34.3167,126.983,http://www.wikidata.org/entity/Q18815541
Q17990495,Wonsando,Onsan To,island,36.36666667,126.41666667,http://www.wikidata.org/entity/Q17990495
Q19709612,Hwado,Hwa-do,island,35.097777777,128.671111111,http://www.wikidata.org/entity/Q19709612
Q19794491,Geoje Gabaeyangjin Fortress,Geoje Gabaeyangjinseong,fortress,34.781944444,128.570277777,http://www.wikidata.org/entity/Q19794491
Q19794498,Gulsansaji,Gangneung Gulsansa Temple Site,ruins,37.707222222,128.886944444,http://www.wikidata.org/entity/Q19794498
Q19794560,National Health Insurance Service Ilsan Hospital,NHIC Ilsan Hospital,hospital,37.645443,126.793013,http://www.wikidata.org/entity/Q19794560
Q18605130,Miryang Eupseong,Milyangeupseong,fortified town,35.492222222,128.756666666,http://www.wikidata.org/entity/Q18605130
Q18605162,Beopsu Middle School,Bupsu Middle School,middle school,35.312398,128.349326,http://www.wikidata.org/entity/Q18605162
Q18605186,Busan Aloysius Elementary School,Aloysius Elementary School,primary school,35.083528,129.015851,http://www.wikidata.org/entity/Q18605186
Q18605273,Seoul Nanwoo Primary School,Seoul Nanu Primary School,primary school,37.477128,126.915345,http://www.wikidata.org/entity/Q18605273
Q18604907,Gijang eupseong,Gijangeupseong,cultural heritage,35.245666666,129.213472222,http://www.wikidata.org/entity/Q18604907
Q18605020,Daeheung-dong Catholic Church,Daeheung-dong Cathedral,Catholic cathedral,36.32661944,127.42531667,http://www.wikidata.org/entity/Q18605020
Q18605103,Dangjin Miancheon Fortress,Dangjin Myeoncheon Eupseong Fortress,fortress,36.8162925,126.6657684,http://www.wikidata.org/entity/Q18605103
Q18604794,Gangjineupseong,Gangjin Jeolla Barracks,fortress,34.6406823,126.7684906,http://www.wikidata.org/entity/Q18604794
Q18604794,Gangjineupseong,Gangjin eupseong,fortress,34.6406823,126.7684906,http://www.wikidata.org/entity/Q18604794
Q18604794,Gangjineupseong,Seolseong,fortress,34.6406823,126.7684906,http://www.wikidata.org/entity/Q18604794
Q18604794,Gangjineupseong,Seryuseong,fortress,34.6406823,126.7684906,http://www.wikidata.org/entity/Q18604794
Q18604801,Reformed Theological Seminary,Reformed Graduate University,educational institution,37.571548,126.978551,http://www.wikidata.org/entity/Q18604801
Q19941189,Jidohyanggyo,Jido Hyanggyo,cultural heritage,35.063416666,126.205861111,http://www.wikidata.org/entity/Q19941189
Q19941229,Changpyeonghyanggyo,Changpyeong Hyanggyo,cultural heritage,35.216694444,126.984333333,http://www.wikidata.org/entity/Q19941229
Q19941245,Cheongdohyanggyo,Cheongdo Hyanggyo,cultural heritage,35.646833333,128.708638888,http://www.wikidata.org/entity/Q19941245
Q19941253,Cheongsong Hyanggyo,Cheongsonghyanggyo,cultural heritage,36.434722222,129.0575,http://www.wikidata.org/entity/Q19941253
Q19941267,Cheonghahyanggyo,Cheongha Hyanggyo,cultural heritage,36.20025,129.338555555,http://www.wikidata.org/entity/Q19941267
Q19941311,Haman Chilwonhyanggyo,Haman Chilwon Hyanggyo,cultural heritage,35.307777777,128.513888888,http://www.wikidata.org/entity/Q19941311
Q19941416,Hayang Hyanggyo,Hayanghyanggyo,cultural heritage,35.928888888,128.813888888,http://www.wikidata.org/entity/Q19941416
Q18605301,Seoul Bangil Elementary School,Seoul Bang-il Elementary School,primary school,37.485366,126.998102,http://www.wikidata.org/entity/Q18605301
Q18605324,Seoul Shindap Elementary School,Shindap Elementary School,primary school,37.573001,127.043399,http://www.wikidata.org/entity/Q18605324
Q18605391,Seocheon-eupseong,Seocheon Namsanseong,fortress,36.080555555,126.693611111,http://www.wikidata.org/entity/Q18605391
Q19161839,Yeosu Munsu Elementary School,Munsu Elementary School,primary school,34.750983,127.693739,http://www.wikidata.org/entity/Q19161839
Q19161870,Wangsong Lake Park,Wangsong Reservoir,reservoir,37.306145,126.946826,http://www.wikidata.org/entity/Q19161870
Q19161870,Wangsong Lake Park,Wangsongho,reservoir,37.306145,126.946826,http://www.wikidata.org/entity/Q19161870
Q19162234,Korea Foundation Of Nuclear Safety,Korea Radiation Safety Foundation,non-classified public institution,37.3841,127.122667,http://www.wikidata.org/entity/Q19162234
Q19284667,Mr. Toilet House,Haewoojae,architectural structure,37.319196,126.977977,http://www.wikidata.org/entity/Q19284667
Q19795061,Huaedondae,Huae Dondae,cultural heritage,37.601944444,126.489166666,http://www.wikidata.org/entity/Q19795061
Q19894565,Saejowi,Saejowi Initiative for National Integration,non-governmental organization,37.5725583,126.9981008,http://www.wikidata.org/entity/Q19894565
Q19939284,Hapcheon Gangyanghyanggyo,Gangyang Hyanggyo,cultural heritage,35.563888888,128.161388888,http://www.wikidata.org/entity/Q19939284
Q19939284,Hapcheon Gangyanghyanggyo,Gangyanghyanggyo,cultural heritage,35.563888888,128.161388888,http://www.wikidata.org/entity/Q19939284
Q19939289,Gangjinhyanggyo,Gangjin Hyanggyo,cultural heritage,34.650027777,126.769611111,http://www.wikidata.org/entity/Q19939289
Q19939302,Geochanghyanggyo,Geochang Hyanggyo,hyanggyo,35.691444444,127.903388888,http://www.wikidata.org/entity/Q19939302
Q19939314,Gyeongsanhyanggyo,Gyeongsan Hyanggyo,cultural heritage,35.821388888,128.738055555,http://www.wikidata.org/entity/Q19939314
Q19939327,Goryeonghyanggyo,Goryeong Hyanggyo,cultural heritage,35.729166666,128.265277777,http://www.wikidata.org/entity/Q19939327
Q19939345,Gokseonghyanggyo,Gokseong Hyanggyo,cultural heritage,35.284722222,127.281944444,http://www.wikidata.org/entity/Q19939345
Q19939346,Gonyang Hyanggyo,Gonyanghyanggyo,cultural heritage,35.061111111,127.968611111,http://www.wikidata.org/entity/Q19939346
Q19939381,Gwangyang Hyanggyo,Gwangyanghyanggyo,cultural heritage,34.9825,127.5875,http://www.wikidata.org/entity/Q19939381
Q19939405,Guryehyanggyo,Gurye Hyanggyo,cultural heritage,35.201111111,127.454166666,http://www.wikidata.org/entity/Q19939405
Q20445222,Ongnyongsa,Ongnyong temple,heritage site,35.047222222,127.603333333,http://www.wikidata.org/entity/Q20445222
Q20445226,Okpo Fortress,Geoje Okpojinseongji,fortress,34.890555555,128.694722222,http://www.wikidata.org/entity/Q20445226
Q20188948,Sokcho Sports Complex,Sokcho Stadium,stadium,38.192747,128.534658,http://www.wikidata.org/entity/Q20188948
Q20425104,Jeonju Abu Bakr Al-Seddiq Mosque,Jeonju Mosque,mosque,35.849138888,127.150388888,http://www.wikidata.org/entity/Q20425104
Q20444179,Dongpirang Mural Village,Dongpirang,village,34.845833333,128.4275,http://www.wikidata.org/entity/Q20444179
Q20444179,Dongpirang Mural Village,Mural Village,village,34.845833333,128.4275,http://www.wikidata.org/entity/Q20444179
Q18815568,Soando,Soan-do,island,34.144063,126.654835,http://www.wikidata.org/entity/Q18815568
Q18815596,Sinji,Sinji-myeon,myeon,34.32648,126.83829,http://www.wikidata.org/entity/Q18815596
Q18815644,Yokjido,Yokji Island,island,34.635601,128.249357,http://www.wikidata.org/entity/Q18815644
Q18815674,Uijeongbu condominium fire accident,2015 Uijeongbu Apartment fire,disaster,37.733486111,127.047175,http://www.wikidata.org/entity/Q18815674
Q18815834,Korea Institute of Public Finance,KIPF,institute,36.49337,127.30453,http://www.wikidata.org/entity/Q18815834
Q18815841,Suncheon Hyanglimsa Temple,Hyanglimsa Temple,historic site,34.972555555,127.47835,http://www.wikidata.org/entity/Q18815841
Q18880591,Daejeon Eo-eun Elementary School,Daejeon Eoeun Elementary School,primary school,36.364605,127.353072,http://www.wikidata.org/entity/Q18880591
Q18999206,National Institute of Green Technology,NIG,research institute,37.561939,126.990786,http://www.wikidata.org/entity/Q18999206
Q18999206,National Institute of Green Technology,GTC,research institute,37.561939,126.990786,http://www.wikidata.org/entity/Q18999206
Q18999206,National Institute of Green Technology,Green Technology Center,research institute,37.561939,126.990786,http://www.wikidata.org/entity/Q18999206
Q19000000,Jeju Island military aircraft crash,February 1982 Korean Air Force C-123 accident,aviation accident,33.391868055,126.537026944,http://www.wikidata.org/entity/Q19000000
Q19000225,"Park Chung-hee's House in Sindang-dong, Seoul",Park Chung Hee's House,house,37.561388888,127.019722222,http://www.wikidata.org/entity/Q19000225
Q19000225,"Park Chung-hee's House in Sindang-dong, Seoul",Park Chung-hee's house,house,37.561388888,127.019722222,http://www.wikidata.org/entity/Q19000225
Q19939463,Geummadotoseong,Geumma Dotoseong,fortress,35.997222222,127.048777777,http://www.wikidata.org/entity/Q19939463
Q19939549,Gimhae Kim Clan Monument,Jinju Gimhae Kim Clan Monument,cultural heritage,35.190555555,128.080277777,http://www.wikidata.org/entity/Q19939549
Q19939586,Naju hyanggyo,Najumok Government Office and Hyanggyo,historic site,35.032777777,126.713055555,http://www.wikidata.org/entity/Q19939586
Q19939591,Naganhyanggyo,Nagan Hyanggyo,cultural heritage,34.900555555,127.344722222,http://www.wikidata.org/entity/Q19939591
Q19939591,Naganhyanggyo,Nakan Hyanggyo,cultural heritage,34.900555555,127.344722222,http://www.wikidata.org/entity/Q19939591
Q19939591,Naganhyanggyo,Nakanhyanggyo,cultural heritage,34.900555555,127.344722222,http://www.wikidata.org/entity/Q19939591
Q19939610,Nampyeonghyanggyo,Nampyeong Hyanggyo,cultural heritage,35.037194444,126.847194444,http://www.wikidata.org/entity/Q19939610
Q19939647,Neungju Hyanggyo,Neungjuhyanggyo,cultural heritage,34.989583333,126.951333333,http://www.wikidata.org/entity/Q19939647
Q19939660,Sancheong Danseonghyanggyo,Sancheong Danseong Hyanggyo,cultural heritage,35.3075,127.957777777,http://www.wikidata.org/entity/Q19939660
Q19939686,Daegu Gangseo Fire Station,Gangseo Fire Station,fire station,35.855458333,128.467261111,http://www.wikidata.org/entity/Q19939686
Q19939696,Daejeonghyanggyo,Daejeong Hyanggyo,cultural heritage,33.239444444,126.288333333,http://www.wikidata.org/entity/Q19939696
Q19359906,Seoul Daelim Elementary School,Daelim Elementary School,primary school,37.500615,126.925733,http://www.wikidata.org/entity/Q19359906
Q19359921,Siheung Elementary School (Seoul),Seoul Siheung Elementary School,primary school,37.454742,126.90268,http://www.wikidata.org/entity/Q19359921
Q19420824,Seoul Station City Airport Terminal,Seoul City Airport,airport terminal,37.5537,126.9696,http://www.wikidata.org/entity/Q19420824
Q19420824,Seoul Station City Airport Terminal,Seoul City Airport Terminal,airport terminal,37.5537,126.9696,http://www.wikidata.org/entity/Q19420824
Q19359964,Yeonghwasa,Yeonghwasa temple,Buddhist temple,37.554166666,127.098333333,http://www.wikidata.org/entity/Q19359964
Q19939719,Dolsanhyanggyo,Dolsan Hyanggyo,cultural heritage,34.617305555,127.727611111,http://www.wikidata.org/entity/Q19939719
Q19939733,Dongbokhyanggyo,Dongbok Hyanggyo,cultural heritage,35.076666666,127.113888888,http://www.wikidata.org/entity/Q19939733
Q19939849,Muanhyanggyo,Muan Hyanggyo,cultural heritage,34.989583333,126.467694444,http://www.wikidata.org/entity/Q19939849
Q19940002,Boseonghyanggyo,Boseong Hyanggyo,cultural heritage,34.768611111,127.078611111,http://www.wikidata.org/entity/Q19940002
Q20444752,Yangdong Lecture Hall,Gyeongju Yangdong Village Lecture Hall,cultural heritage,35.999722222,129.255,http://www.wikidata.org/entity/Q20444752
Q19940020,Bonghwahyanggyo,Bonghwa Hyanggyo,cultural heritage,36.888388888,128.815722222,http://www.wikidata.org/entity/Q19940020
Q19940050,Bianhyanggyo,Bian Hyanggyo,cultural heritage,36.37025,128.472,http://www.wikidata.org/entity/Q19940050
Q19940093,Sangju Hamchanghyanggyo,Sangju Hamchang Hyanggyo,cultural heritage,36.576222222,128.155055555,http://www.wikidata.org/entity/Q19940093
Q19940232,Sunheunghyanggyo,Sunheung Hyanggyo,cultural heritage,36.930277777,128.576666666,http://www.wikidata.org/entity/Q19940232
Q19940341,Ansan Reed Marsh Park,Ansan Swamp Reed Park,park,37.27,126.843055555,http://www.wikidata.org/entity/Q19940341
Q19940341,Ansan Reed Marsh Park,Shihwa Reed Park,park,37.27,126.843055555,http://www.wikidata.org/entity/Q19940341
Q19483709,Daejeon Hanwha Life Ballpark,Baseball Dream Park,baseball venue,36.31625,127.431444444,http://www.wikidata.org/entity/Q19483709
Q19483861,Stone Seated Vairochana Buddha Statue,Stone Seated Vairochana Buddha Statue at Seoknamamsa Temple Site,statue,35.300277777,127.804166666,http://www.wikidata.org/entity/Q19483861
Q19483913,Seoul Usin Elementary School,Seoul Usin Primary School,primary school,37.509427,126.911785,http://www.wikidata.org/entity/Q19483913
Q20444999,Geoje Jisepojinseong,Geoje Jisepo Jinseong Fortress,fortress,34.833055555,128.718611111,http://www.wikidata.org/entity/Q20444999
Q20445069,Yeongju Geumgwang-ri Uigwan-daek,Yeongju Geumgwang-ri Uigwan house,cultural heritage,36.727194444,128.667944444,http://www.wikidata.org/entity/Q20445069
Q21060148,North Jeolla Province municipal council,North Jeolla Province FLACS council,mayor–council government,35.820386,127.109974,http://www.wikidata.org/entity/Q21060148
Q21060260,Jeju Dream Tower,제주 드림타워,building,33.485352777,126.48155,http://www.wikidata.org/entity/Q21060260
Q20445510,Taean Nammun-ri Five-storey Stone Pagoda,Nammun Five-storey Stone Pagoda,cultural heritage,36.755,126.288333333,http://www.wikidata.org/entity/Q20445510
Q20445545,Pohang Nodongjae Temple,Pohang Nodong Jaesa,historic site,36.023055555,129.338055555,http://www.wikidata.org/entity/Q20445545
Q20447305,R 500 Airport,RKTO,airport,36.111112,127.103888,http://www.wikidata.org/entity/Q20447305
Q20448908,A-306 Airport,RKNC,airport,37.885,127.715,http://www.wikidata.org/entity/Q20448908
Q20459808,G 505 Airport,RKUC,airport,36.571553,127.295383,http://www.wikidata.org/entity/Q20459808
Q20583722,Mon National Day,Raman People,occurrence,16.453888,97.5891463,http://www.wikidata.org/entity/Q20583722
Q20651678,Gimhae Seobu Fire Station,Western Gimhae Fire Station,fire station,35.196561111,128.817294444,http://www.wikidata.org/entity/Q20651678
Q20651691,Namwon Sports Town,Namwon Public Stadium,sports venue,35.430209,127.404779,http://www.wikidata.org/entity/Q20651691
Q19940419,Eonyanghyanggyo,Eonyang Hyanggyo,cultural heritage,35.556666666,129.113888888,http://www.wikidata.org/entity/Q19940419
Q19940429,Yeosuhyanggyo,Yeosu Hyanggyo,cultural heritage,34.742777777,127.7325,http://www.wikidata.org/entity/Q19940429
Q19940459,Yeonggwanghyanggyo,Yeonggwang Hyanggyo,cultural heritage,35.273888888,126.518888888,http://www.wikidata.org/entity/Q19940459
Q19940461,Yeongdeok Yeonghae Hyanggyo,Yeongdeok Yeonghaehyanggyo,cultural heritage,36.538361111,129.413138888,http://www.wikidata.org/entity/Q19940461
Q19940467,Yeongdong Hwangganhyanggyo,Hwanggan Hyanggyo,cultural heritage,36.228333333,127.915277777,http://www.wikidata.org/entity/Q19940467
Q19940467,Yeongdong Hwangganhyanggyo,Yeongdong Hwanggan Hyanggyo,cultural heritage,36.228333333,127.915277777,http://www.wikidata.org/entity/Q19940467
Q19940468,Yeongdonghyanggyo,Yeongdong Hyanggyo,cultural heritage,36.176111111,127.768888888,http://www.wikidata.org/entity/Q19940468
Q19940471,Yeongamhyanggyo,Yeongam Hyanggyo,cultural heritage,34.796388888,126.6925,http://www.wikidata.org/entity/Q19940471
Q19940472,Yeongyanghyanggyo,Yeongyang Hyanggyo,cultural heritage,36.704722222,129.123611111,http://www.wikidata.org/entity/Q19940472
Q19940526,Saemangeum Elementary School,Osikdo Elementary School,primary school,35.966856,126.561148,http://www.wikidata.org/entity/Q19940526
Q19940548,Okgwahyanggyo,Okgwa Hyanggyo,cultural heritage,35.278416666,127.133527777,http://www.wikidata.org/entity/Q19940548
Q19940563,Okcheon Taenan-ri Dolmen,Okcheon Stone Tomb,cultural heritage,36.319444444,127.617777777,http://www.wikidata.org/entity/Q19940563
Q19940573,Wandohyanggyo,Wando Hyanggyo,cultural heritage,34.346111111,126.727777777,http://www.wikidata.org/entity/Q19940573
Q19940590,Yonggung Hyanggyo,Yonggunghyanggyo,cultural heritage,36.593416666,128.303833333,http://www.wikidata.org/entity/Q19940590
Q19603659,Historic Site of Anti-Mongolian Struggle,Hangpaduri Hangmong Historic Site,,33.4525,126.4075,http://www.wikidata.org/entity/Q19603659
Q19657151,Baek Inje House,Baek In-je's House,building,37.58068,126.98423,http://www.wikidata.org/entity/Q19657151
Q21060855,Hwacheon Geomeok Bridge,Kkeomeok Bridge,bridge,38.106583333,127.76325,http://www.wikidata.org/entity/Q21060855
Q19940880,Injehyanggyo,Inje Hyanggyo,cultural heritage,38.071944444,128.174444444,http://www.wikidata.org/entity/Q19940880
Q19940887,Incheon Yeongjong Fire Station,Gonghang Fire Station,fire station,37.486925,126.415555555,http://www.wikidata.org/entity/Q19940887
Q19940887,Incheon Yeongjong Fire Station,Incheon Airport Fire Station,fire station,37.486925,126.415555555,http://www.wikidata.org/entity/Q19940887
Q19940887,Incheon Yeongjong Fire Station,Incheon Gonghang Fire Station,fire station,37.486925,126.415555555,http://www.wikidata.org/entity/Q19940887
Q19940887,Incheon Yeongjong Fire Station,Yeongjong Fire Station,fire station,37.486925,126.415555555,http://www.wikidata.org/entity/Q19940887
Q19940943,Jainhyanggyo,Jain Hyanggyo,cultural heritage,35.822777777,128.826388888,http://www.wikidata.org/entity/Q19940943
Q19940956,Janggihyanggyo,Janggi Hyanggyo,cultural heritage,35.896694444,129.486361111,http://www.wikidata.org/entity/Q19940956
Q19940966,Jangseonghyanggyo,Jangseong Hyanggyo,cultural heritage,35.301388888,126.780833333,http://www.wikidata.org/entity/Q19940966
Q19941072,Jeongeuihyanggyo,Jeongeui Hyanggyo,cultural heritage,33.386944444,126.8,http://www.wikidata.org/entity/Q19941072
Q25707064,Sincheon 4(sa)-dong,Sincheon 4-dong,dong of South Korea,35.86996,128.62913,http://www.wikidata.org/entity/Q25707064
Q25725812,Bongseon 1(il)-dong,Bongseon 1 dong,dong of South Korea,35.1272,126.90787,http://www.wikidata.org/entity/Q25725812
Q25725819,Bongseon 2(i)-dong,Bongseon 2 dong,dong of South Korea,35.11912,126.91278,http://www.wikidata.org/entity/Q25725819
Q21710210,Yudo,Ryudo,island,37.776944444,126.535277777,http://www.wikidata.org/entity/Q21710210
Q21710245,Eunkye Elementary School,Eungye Elementary School,primary school,37.447452,126.797766,http://www.wikidata.org/entity/Q21710245
Q21710599,Jinangun Medical Center,Jinan County Medical Center,hospital,35.794666,127.431685,http://www.wikidata.org/entity/Q21710599
Q21710599,Jinangun Medical Center,Jinan Medical Center,hospital,35.794666,127.431685,http://www.wikidata.org/entity/Q21710599
Q20651823,Seosuwon Post Office,Western Suwon Post Office,post office,37.256765,126.968839,http://www.wikidata.org/entity/Q20651823
Q20779829,Gyeonggido Assembly,Gyeonggi Province FLACS council,mayor–council government,37.275604,127.0081,http://www.wikidata.org/entity/Q20779829
Q20779829,Gyeonggido Assembly,Gyeonggi Province municipal council,mayor–council government,37.275604,127.0081,http://www.wikidata.org/entity/Q20779829
Q20823464,Seohae-gu Office Station,Seo-gu Office Station,metro station,37.5440129,126.676861,http://www.wikidata.org/entity/Q20823464
Q20943969,KNN Tower,KNN Broadcasting Center,tower block,35.17210278,129.12843333,http://www.wikidata.org/entity/Q20943969
Q20944511,Gangseo University,GSU,private university,37.548361111,126.854777777,http://www.wikidata.org/entity/Q20944511
Q20945533,Deokpyeong Eco Rest Area,Deokpyeong Eco Service Area,rest area,37.24145684,127.389124756,http://www.wikidata.org/entity/Q20945533
Q20945533,Deokpyeong Eco Rest Area,Deokpyeong Rest Area,rest area,37.24145684,127.389124756,http://www.wikidata.org/entity/Q20945533
Q20945533,Deokpyeong Eco Rest Area,Deokpyeong Service Area,rest area,37.24145684,127.389124756,http://www.wikidata.org/entity/Q20945533
Q20946045,Lotte Hotel Seoul,Lotte Hotel Seoul Executive Tower,hotel,37.56521,126.98073,http://www.wikidata.org/entity/Q20946045
Q21283543,Jeju Island UNESCO Global Geopark,Jeju Island Geopark,geopark,33.5,126.57,http://www.wikidata.org/entity/Q21283543
Q21422559,Korean conflict,Korean crisis,armed conflict,38.316666666,127.233333333,http://www.wikidata.org/entity/Q21422559
Q21576062,Bonghwa Doamjeong,Doamjeong,cultural heritage,36.875833333,128.743611111,http://www.wikidata.org/entity/Q21576062
Q24000169,Miniature Shape of the Korean Peninsula,Hanbando Wetland Protection Area,wetland,37.218055555,128.331944444,http://www.wikidata.org/entity/Q24000169
Q24000169,Miniature Shape of the Korean Peninsula,Miniature Shape of the Korean Peninsula in Yeongwol,wetland,37.218055555,128.331944444,http://www.wikidata.org/entity/Q24000169
Q24000169,Miniature Shape of the Korean Peninsula,Yeongwol Korean Peninsula topography,wetland,37.218055555,128.331944444,http://www.wikidata.org/entity/Q24000169
Q24000177,Gyeonggi Bukbu Provincial Police Agency,Northern Gyeonggi Police Agency,police,37.756154,127.069959,http://www.wikidata.org/entity/Q24000177
Q24000299,Haman Pasan Beacon Fire Tower,Haman Pasan Bongsudae,beacon,35.17972222,128.44166667,http://www.wikidata.org/entity/Q24000299
Q24000638,Gangneung Bangdong-ri Mugunghwa,"Rose of Sharon of Bangdong-ri, Gangneung",natural monument,37.8275,128.863611111,http://www.wikidata.org/entity/Q24000638
Q24000648,Yangyang Osaek-ri Osaek medicinal spring,"Osaegyaksu Mineral Water in Osaek-ri, Yangyang",spring,38.077777777,128.444722222,http://www.wikidata.org/entity/Q24000648
Q24795740,Wooden Pagoda Site of Sajasa Temple in Yeongam,Yeongam Lion Temple Pagoda Site,cultural heritage,34.769722222,126.715833333,http://www.wikidata.org/entity/Q24795740
Q24795740,Wooden Pagoda Site of Sajasa Temple in Yeongam,Yeongam Saja Temple Wooden Pagoda Site,cultural heritage,34.769722222,126.715833333,http://www.wikidata.org/entity/Q24795740
Q24855595,Seoul Daeeun Elementary School,서울대은초등학교,primary school,37.611837,126.926239,http://www.wikidata.org/entity/Q24855595
Q21709992,Yakcheonsa,Yakchunsa,Buddhist temple,33.24533333,126.44966667,http://www.wikidata.org/entity/Q21709992
Q21577143,Seonam-mae of Suncheon Seonam-sa Temple,Suncheon Seonam-mae,cultural heritage,34.996111111,127.327222222,http://www.wikidata.org/entity/Q21577143
Q21709701,Dongtan-gu,Dongtan District,district of South Korea (non-autonomous),37.197245,127.09686,http://www.wikidata.org/entity/Q21709701
Q21709751,Byeongjeom-gu,Byeongjeom District,district of South Korea (non-autonomous),37.208794,127.036076,http://www.wikidata.org/entity/Q21709751
Q27266886,Dunbyeongdo,Todo To,island,34.533333333,127.716666666,http://www.wikidata.org/entity/Q27266886
Q27266935,Ulsan Man,Urusan Wan,bay,35.50694,129.38917,http://www.wikidata.org/entity/Q27266935
Q27266936,Uldo,Ul-to,island,37.036944444,125.986666666,http://www.wikidata.org/entity/Q27266936
Q25793295,Yeongju 1(il)-dong,Yeongju 1(il) Dong,dong of South Korea,36.82634,128.62021,http://www.wikidata.org/entity/Q25793295
Q25793322,Yeongju 2(i)-dong,Yeongju 2(i) Dong,dong of South Korea,36.82035,128.61792,http://www.wikidata.org/entity/Q25793322
Q25834542,Sujeong 1(il)-dong,Sujeong 1(il) Dong,dong of South Korea,35.12188,129.03989,http://www.wikidata.org/entity/Q25834542
Q25842401,Hanyang University ERICA Campus,Hanyang University - Ansan Campus,campus,37.296923,126.834216,http://www.wikidata.org/entity/Q25842401
Q25842461,"Ginkgo tree in Jangsu-dong, Incheon",Jangsu-dong ginkgo tree,cultural heritage,37.460416666,126.769694444,http://www.wikidata.org/entity/Q25842461
Q20947988,Bohyunsan Optical Astronomy Observatory,BOAO,astronomical observatory,36.164775,128.976577777,http://www.wikidata.org/entity/Q20947988
Q21016422,Association of World Election Bodies,A-WEB,international organization,37.395833333,126.634166666,http://www.wikidata.org/entity/Q21016422
Q21025128,Dongcheon Station,Dongcheon Station (Yongin),metro station,37.337874,127.102882,http://www.wikidata.org/entity/Q21025128
Q21025129,Suji-gu Office Station,Sujigucheong Station,railway station,37.322829,127.095273,http://www.wikidata.org/entity/Q21025129
Q21025132,Gwanggyo Jungang Station,Gwanggyojungang Station,metro station,37.288483,127.051646,http://www.wikidata.org/entity/Q21025132
Q21057784,Daejeon Yuseong Police Station,Yuseong Police Station,police station,36.3785,127.3252,http://www.wikidata.org/entity/Q21057784
Q21825423,Haenam Bangsan-ri Janggobong Kofun,Haenam Bangsan-ri Janggobong Gobun,kofun,34.45666667,126.68555556,http://www.wikidata.org/entity/Q21825423
Q21825423,Haenam Bangsan-ri Janggobong Kofun,Janggobong Gobun,kofun,34.45666667,126.68555556,http://www.wikidata.org/entity/Q21825423
Q21825423,Haenam Bangsan-ri Janggobong Kofun,Janggobong Kofun,kofun,34.45666667,126.68555556,http://www.wikidata.org/entity/Q21825423
Q22284731,Desiderio Army Airfield,Desiderio AAF,airbase,36.962213888,127.031072222,http://www.wikidata.org/entity/Q22284731
Q22284731,Desiderio Army Airfield,Pyongtaek Ab,airbase,36.962213888,127.031072222,http://www.wikidata.org/entity/Q22284731
Q22973017,COMWEL Daegu Hospital,Korea Workers' Compensation and Welfare Service Daegu Hospital,hospital,35.95080556,128.56469444,http://www.wikidata.org/entity/Q22973017
Q22973780,Wando Myodangdo Admiral Yi Sun-sin Historic Site,Myodangdo Yi Sun-shin Memorial Park,cultural heritage,34.400555555,126.859722222,http://www.wikidata.org/entity/Q22973780
Q22974041,Saryangdo,Saryang Island,archipelago,34.825555555,128.205277777,http://www.wikidata.org/entity/Q22974041
Q22974041,Saryangdo,Saryang-do,archipelago,34.825555555,128.205277777,http://www.wikidata.org/entity/Q22974041
Q22974115,Seoul Metropolitan Dongbu Hospital,Dongbu Hospital,hospital,37.575342,127.030973,http://www.wikidata.org/entity/Q22974115
Q22974115,Seoul Metropolitan Dongbu Hospital,Eastern Seoul Hospital,hospital,37.575342,127.030973,http://www.wikidata.org/entity/Q22974115
Q22974116,Seoul Metropolitan Bukbu Hospital,Bukbu Hospital,hospital,37.604234,127.107099,http://www.wikidata.org/entity/Q22974116
Q22974116,Seoul Metropolitan Bukbu Hospital,Northern Seoul Hospital,hospital,37.604234,127.107099,http://www.wikidata.org/entity/Q22974116
Q22974117,Seoul Metropolitan Seonam Hospital,Seonam Hospital,hospital,37.511996,126.832612,http://www.wikidata.org/entity/Q22974117
Q22974117,Seoul Metropolitan Seonam Hospital,South-west Seoul Hospital,hospital,37.511996,126.832612,http://www.wikidata.org/entity/Q22974117
Q22974303,Sinwol Interchange,Sinwol IC,interchange,37.525536,126.834889,http://www.wikidata.org/entity/Q22974303
Q22974603,Wonkwang University Medical Center,Wonkwang University Hospital,medical organization,35.964329,126.959653,http://www.wikidata.org/entity/Q22974603
Q22974766,Ewha Womans University Medical center,EUMC,medical organization,37.53648,126.886199,http://www.wikidata.org/entity/Q22974766
Q22974801,Im Jinseong,Imjinsanseong,fortress,34.779166666,127.866666666,http://www.wikidata.org/entity/Q22974801
Q22974920,Jeju TechnoPark,JTP,cultural institution,33.500977,126.529863,http://www.wikidata.org/entity/Q22974920
Q22975011,Jinkwansa,Jingwansa,Buddhist temple,37.638133333,126.946938888,http://www.wikidata.org/entity/Q22975011
Q22975068,Cheongju Yeonje-ri Quince Tree,Cheongju Yeonje-ri Chinese Quince Tree,natural monument,36.6380922,127.3170201,http://www.wikidata.org/entity/Q22975068
Q26197574,Seongsan 2(i)-dong,Seongsan 2(i) Dong,dong of South Korea,37.56528,126.90122,http://www.wikidata.org/entity/Q26197574
Q22975206,Paju Yukgye Toseong,Yukgyetoseong,fortress,37.992222222,126.897222222,http://www.wikidata.org/entity/Q22975206
Q23044836,Institute for Information and Communications Technology Planning and Evaluation,IITP,government agency,36.40612,127.383948,http://www.wikidata.org/entity/Q23044836
Q23044836,Institute for Information and Communications Technology Planning and Evaluation,Institute for Information and Communications Technology Promotion,government agency,36.40612,127.383948,http://www.wikidata.org/entity/Q23044836
Q23044897,Yongma Land,Yongma Land Abandoned Theme Park,amusement park,37.594357213,127.105538442,http://www.wikidata.org/entity/Q23044897
Q23664321,Sinpyeong-ri doyoji,Sinpyeongri doyoji,kiln,33.265083,126.264306,http://www.wikidata.org/entity/Q23664321
Q23936228,Sejongdaewangneung Station,Yeongneung Station,railway station,37.293653,127.570796,http://www.wikidata.org/entity/Q23936228
Q23954759,Dongtan Station,동탄역,railway station,37.199301,127.097039,http://www.wikidata.org/entity/Q23954759
Q23995030,"Gujibong Peak, Gimhae",Gujibong,summit,35.243194444,128.875888888,http://www.wikidata.org/entity/Q23995030
Q26205125,Sinjeong 3(sam)-dong,Sinjeong 3(sam) Dong,dong of South Korea,37.50903,126.8388,http://www.wikidata.org/entity/Q26205125
Q26205202,Mok 2(i)-dong,Mok 2(i) Dong,dong of South Korea,37.54082,126.87352,http://www.wikidata.org/entity/Q26205202
Q26205203,Mok 3(sam)-dong,Mok 3(sam) Dong,dong of South Korea,37.54236,126.86476,http://www.wikidata.org/entity/Q26205203
Q26205204,Mok 4(sa)-dong,Mok 4(sa) Dong,dong of South Korea,37.53256,126.86615,http://www.wikidata.org/entity/Q26205204
Q26205205,Mok 5(o)-dong,Mok 5(o) Dong,dong of South Korea,37.53354,126.88031,http://www.wikidata.org/entity/Q26205205
Q26205268,Sinwol 2(i)-dong,Sinwol 2(i) Dong,dong of South Korea,37.52059,126.84551,http://www.wikidata.org/entity/Q26205268
Q26205269,Sinwol 3(sam)-dong,Sinwol 3(sam) Dong,dong of South Korea,37.52951,126.82667,http://www.wikidata.org/entity/Q26205269
Q26205272,Sinwol 4(sa)-dong,Sinwol 4(sa) Dong,dong of South Korea,37.51935,126.83905,http://www.wikidata.org/entity/Q26205272
Q26205273,Sinwol 5(o)-dong,Sinwol 5(o) Dong,dong of South Korea,37.53726,126.82914,http://www.wikidata.org/entity/Q26205273
Q26205275,Sinwol 7(chil)-dong,Sinwol 7(chil) Dong,dong of South Korea,37.51787,126.83153,http://www.wikidata.org/entity/Q26205275
Q26213754,Incheon Namdong Post Office,Namdong Post Office,post office,37.401711111,126.711911111,http://www.wikidata.org/entity/Q26213754
Q26215671,Banpo 3(sam)-dong,Banpo 3(sam) Dong,dong of South Korea,37.50949,127.00283,http://www.wikidata.org/entity/Q26215671
Q26215672,Banpo 4(sa)-dong,Banpo 4(sa) Dong,dong of South Korea,37.4968,127.00256,http://www.wikidata.org/entity/Q26215672
Q27275707,Mungapdo,Munkap-do,island,37.1775,126.0975,http://www.wikidata.org/entity/Q27275707
Q27275720,Munyeodo,Munyeo Island,island,35.8,126.42639,http://www.wikidata.org/entity/Q27275720
Q27275777,Nang Passa To,Naepa Waterway,island,36.44778,126.2325,http://www.wikidata.org/entity/Q27275777
Q27275777,Nang Passa To,Naepasudo,island,36.44778,126.2325,http://www.wikidata.org/entity/Q27275777
Q27275827,Nangdo,Nando,island,34.607222222,127.549444444,http://www.wikidata.org/entity/Q27275827
Q27267117,Kyon To,Daegyeongdo,island,34.706944444,127.729166666,http://www.wikidata.org/entity/Q27267117
Q21058453,Seoul Trimage,Trimage,skyscraper,37.53933056,127.04515833,http://www.wikidata.org/entity/Q21058453
Q21058550,Sunchang Primary School,Sunchang School,primary school,35.187974,126.834533,http://www.wikidata.org/entity/Q21058550
Q27267148,Taemo-do,Daemo Island,island,34.195,126.760277777,http://www.wikidata.org/entity/Q27267148
Q27267148,Taemo-do,Daemodo,island,34.195,126.760277777,http://www.wikidata.org/entity/Q27267148
Q27267214,Dangsa-do,Tangsa-do,island,34.89083,126.18333,http://www.wikidata.org/entity/Q27267214
Q27278432,Ma-do,Mado,island,34.935277777,128.033055555,http://www.wikidata.org/entity/Q27278432
Q27278432,Ma-do,Ma Island,island,34.935277777,128.033055555,http://www.wikidata.org/entity/Q27278432
Q27278515,Mal-to,Maldo,island,35.854722222,126.323055555,http://www.wikidata.org/entity/Q27278515
Q27278515,Mal-to,Maldo Island,island,35.854722222,126.323055555,http://www.wikidata.org/entity/Q27278515
Q27289020,Jeju City,Jeju-si,city,33.50972,126.52194,http://www.wikidata.org/entity/Q27289020
Q27280390,Gopado,Gopa Island,island,36.905,126.33528,http://www.wikidata.org/entity/Q27280390
Q27280390,Gopado,Gopado Island,island,36.905,126.33528,http://www.wikidata.org/entity/Q27280390
Q27281084,Karan-do,Garando,island,34.87111,126.36722,http://www.wikidata.org/entity/Q27281084
Q27267395,Seongap-do,Sangap-to,island,37.09444,126.07917,http://www.wikidata.org/entity/Q27267395
Q27267395,Seongap-do,Seongap Island,island,37.09444,126.07917,http://www.wikidata.org/entity/Q27267395
Q27267395,Seongap-do,Seongapdo,island,37.09444,126.07917,http://www.wikidata.org/entity/Q27267395
Q27267438,Seonmi-do,Chaoul-do,island,37.27972,126.09083,http://www.wikidata.org/entity/Q27267438
Q27245586,Hambakseom island,Hambak-do,island,37.678333333,126.027777777,http://www.wikidata.org/entity/Q27245586
Q27264627,Yeosu Bay,Willes Gulf,gulf,34.69444,127.83028,http://www.wikidata.org/entity/Q27264627
Q27264627,Yeosu Bay,Yeosu Gulf,gulf,34.69444,127.83028,http://www.wikidata.org/entity/Q27264627
Q27267536,Daechima-do,South Rocky Island,island,35.02944,125.97028,http://www.wikidata.org/entity/Q27267536
Q26721245,Baekje Cultural Land,백제문화단지,museum,36.3069,126.9066,http://www.wikidata.org/entity/Q26721245
Q26755865,UN Forces First Battle Memorial,UN FORCES First Battle Memorial,museum,37.184331,127.049005,http://www.wikidata.org/entity/Q26755865
Q27283675,Beomseom,Hodo,island,33.21778,126.51639,http://www.wikidata.org/entity/Q27283675
Q27283710,Josling Island,흑일도,island,34.27833,126.55528,http://www.wikidata.org/entity/Q27283710
Q27283710,Josling Island,黑日島,island,34.27833,126.55528,http://www.wikidata.org/entity/Q27283710
Q27284005,Ganwoldo,Ganwol Island,tied island,36.607222222,126.412777777,http://www.wikidata.org/entity/Q27284005
Q27267881,Sochima-do,North Rocky Island,island,35.03972,125.9725,http://www.wikidata.org/entity/Q27267881
Q27267883,Soch'o-do,Socho-do,island,34.619444444,128.322777777,http://www.wikidata.org/entity/Q27267883
Q27267918,Soijak-do,Soijak island,island,37.184722222,126.2325,http://www.wikidata.org/entity/Q27267918
Q27267918,Soijak-do,Soijakdo,island,37.184722222,126.2325,http://www.wikidata.org/entity/Q27267918
Q27270357,Ho-do,Beomseom Island,island,34.686666666,128.045277777,http://www.wikidata.org/entity/Q27270357
Q27287926,Geumgu-do,Geumgo-do,island,38.48639,128.44361,http://www.wikidata.org/entity/Q27287926
Q27284502,Hajuk-do,Hajukdo,island,34.637222222,126.095833333,http://www.wikidata.org/entity/Q27284502
Q27286123,Chorakdo,Ch'orakto,island,36.983333333,126.516666666,http://www.wikidata.org/entity/Q27286123
Q25513914,Jeonha 1(il)-dong,Jeonha  Dong,dong of South Korea,35.52163,129.43385,http://www.wikidata.org/entity/Q25513914
Q25513916,Nammok 1(il)-dong,Nammok1 Dong,dong of South Korea,35.53562,129.4145,http://www.wikidata.org/entity/Q25513916
Q25549664,We've the Zenith Tower C,Doosan Haeundae We’ve the Zenith Tower C,skyscraper,35.156091,129.14521,http://www.wikidata.org/entity/Q25549664
Q25707063,Sincheon 3(sam)-dong,Sincheon 3-dong,dong of South Korea,35.86965,128.6218,http://www.wikidata.org/entity/Q25707063
Q27293182,Gulbae-seom,Gulbae-do,island,34.6175,126.177777777,http://www.wikidata.org/entity/Q27293182
Q27288843,Daedo,Taedo,island,34.933333333,127.831111111,http://www.wikidata.org/entity/Q27288843
Q24856619,Daehan Cinema,Daehan Geukjang,movie theater,37.561090155,126.995318416,http://www.wikidata.org/entity/Q24856619
Q24856619,Daehan Cinema,Daehan Theater,movie theater,37.561090155,126.995318416,http://www.wikidata.org/entity/Q24856619
Q24856619,Daehan Cinema,Daehan Theatre,movie theater,37.561090155,126.995318416,http://www.wikidata.org/entity/Q24856619
Q24857359,Palma Sports Complex,Palma Stadium,sports venue,34.938306,127.519455,http://www.wikidata.org/entity/Q24857359
Q24857359,Palma Sports Complex,Suncheon Palma Stadium,sports venue,34.938306,127.519455,http://www.wikidata.org/entity/Q24857359
Q24861751,Gyeongui Line Forest Park,Yeontral Park,park,37.559397072,126.924869497,http://www.wikidata.org/entity/Q24861751
Q24862082,Gwangyang Okryongsa Camellia Forest,"Forest of Common Camellias at Ongnyongsa Temple, Gwangyang",forest,35.046944444,127.606388888,http://www.wikidata.org/entity/Q24862082
Q24862676,Jangseong Osan Changgui Monument and Changuisa Temple,"Changgui Monument and Changgui Temple in Osan, Jangseong",temple,35.428611111,126.8075,http://www.wikidata.org/entity/Q24862676
Q24862676,Jangseong Osan Changgui Monument and Changuisa Temple,Jangseong Nammun Creative Monument,temple,35.428611111,126.8075,http://www.wikidata.org/entity/Q24862676
Q24864125,Sau Station,Gimpo City Hall Station,metro station,37.620361111,126.719722222,http://www.wikidata.org/entity/Q24864125
Q24864168,"Josadang Shrine of Silleuksa Temple, Yeoju",Josadang,cultural heritage,37.297222222,127.661388888,http://www.wikidata.org/entity/Q24864168
Q24867013,Korea Advanced Nano Fab Center,KANC,organization,37.29351,127.04227,http://www.wikidata.org/entity/Q24867013
Q24867013,Korea Advanced Nano Fab Center,Korea Nano Technology Institute,organization,37.29351,127.04227,http://www.wikidata.org/entity/Q24867013
Q24867026,National Marine Biodiversity Institute of Korea,MABIK,organization,36.017594,126.67001,http://www.wikidata.org/entity/Q24867026
Q24867026,National Marine Biodiversity Institute of Korea,Marine Biodiversity Institute of Korea,organization,36.017594,126.67001,http://www.wikidata.org/entity/Q24867026
Q24867240,"Namyeong-dong Human Rights Center, Korean National Police Agency",Namyeong-dong Anti-Communist Branch,memorial,37.540846,126.971757,http://www.wikidata.org/entity/Q24867240
Q24867240,"Namyeong-dong Human Rights Center, Korean National Police Agency",Namyeong-dong Anti-Communist Detached Office,memorial,37.540846,126.971757,http://www.wikidata.org/entity/Q24867240
Q24867240,"Namyeong-dong Human Rights Center, Korean National Police Agency",Namyeong-dong Daegong Bunsil,memorial,37.540846,126.971757,http://www.wikidata.org/entity/Q24867240
Q24891900,Yeongam Taegan-ri Jarabong Gobun,Yeongam Taegan-ri Jarabong Kofun,kofun,34.849656,126.612433,http://www.wikidata.org/entity/Q24891900
Q24966008,Uisanseowon Confucian Academy,Uisanseowon,seowon,36.783055555,128.544444444,http://www.wikidata.org/entity/Q24966008
Q24966008,Uisanseowon Confucian Academy,Yeongju Uisanseowon,seowon,36.783055555,128.544444444,http://www.wikidata.org/entity/Q24966008
Q24966008,Uisanseowon Confucian Academy,Yeongju Uisanseowon Confucian Academy,seowon,36.783055555,128.544444444,http://www.wikidata.org/entity/Q24966008
Q24997727,"Immaculate Conception Cathedral, Jeju",Jungang Cathedral of the Immaculate Conception of Mary,cathedral,33.51169,126.52294,http://www.wikidata.org/entity/Q24997727
Q25103907,SAMG Entertainment,SAMG,animation studio,37.504271852,127.046687866,http://www.wikidata.org/entity/Q25103907
Q25103907,SAMG Entertainment,SAMG Animation,animation studio,37.504271852,127.046687866,http://www.wikidata.org/entity/Q25103907
Q25104239,Gyeonggi Museum of Art,Gyeonggi Museum of Modern Art,museum,37.325768,126.813874,http://www.wikidata.org/entity/Q25104239
Q27273102,Eoui-do,Eouido,island,35.141388888,126.1925,http://www.wikidata.org/entity/Q27273102
Q27288950,Chang-do,Jangdo,island,34.358888888,126.7375,http://www.wikidata.org/entity/Q27288950
Q27288968,Janggundo,Changgun Island,island,34.73316,127.73596,http://www.wikidata.org/entity/Q27288968
Q27288968,Janggundo,Changgun-do,island,34.73316,127.73596,http://www.wikidata.org/entity/Q27288968
Q27288968,Janggundo,Changgundo,island,34.73316,127.73596,http://www.wikidata.org/entity/Q27288968
Q27288968,Janggundo,Janggun Island,island,34.73316,127.73596,http://www.wikidata.org/entity/Q27288968
Q27288968,Janggundo,Janggun-do,island,34.73316,127.73596,http://www.wikidata.org/entity/Q27288968
Q27273212,Banwol-do,Panwŏl-to,island,34.705,126.105,http://www.wikidata.org/entity/Q27273212
Q27312947,Mul-gogae,Mul gogae,mountain pass,37.5552,128.0408,http://www.wikidata.org/entity/Q27312947
Q27313014,Major Kang Jae-gu Memorial Tower Park,Gangjaegusoryeongginyeomtapgongwon,park,37.728611111,127.865,http://www.wikidata.org/entity/Q27313014
Q27302553,Yeoja-do,Yŏja-do,island,34.76,127.496111111,http://www.wikidata.org/entity/Q27302553
Q27307447,Mount Wangjae,Wangjaesan,mountain,37.331388888,128.629444444,http://www.wikidata.org/entity/Q27307447
Q27307448,Wangjae-san,Mount Wangjae,mountain,37.480277777,128.745833333,http://www.wikidata.org/entity/Q27307448
Q27309808,Deoksan Oncheon,Deoksan Hot Springs,hot spring,36.689444444,126.66,http://www.wikidata.org/entity/Q27309808
Q27322179,Wollyubong,Wollyu-bong,summit,36.22959,127.89018,http://www.wikidata.org/entity/Q27322179
Q27336585,Yeoninsandoripgongwon,Yeoninsan Provincial park,park,37.879166666,127.44,http://www.wikidata.org/entity/Q27336585
Q27341127,Naksan Provincial Park,Naksandoripgongwon,park,38.092777777,128.656388888,http://www.wikidata.org/entity/Q27341127
Q27320253,Kwanamsan,Kwanam Mountain,mountain,36.3273,127.2599,http://www.wikidata.org/entity/Q27320253
Q27320253,Kwanamsan,Kwanam san,mountain,36.3273,127.2599,http://www.wikidata.org/entity/Q27320253
Q27337469,Bullodaegok-dong,Geomdan 2-dong,dong of South Korea,37.61511,126.67645,http://www.wikidata.org/entity/Q27337469
Q27337471,Wondang-dong,Geomdan 3-dong,dong of South Korea,37.58905,126.70499,http://www.wikidata.org/entity/Q27337471
Q27337472,Dangha-dong,Geomdan 4-dong,dong of South Korea,37.58843,126.67654,http://www.wikidata.org/entity/Q27337472
Q27330792,Yongdam-2-dong,Yongdam-dong,haengjeongdong,33.50666,126.49824,http://www.wikidata.org/entity/Q27330792
Q27330796,Sinpyeong 2(i) Dong,Sinpyeong-dong,dong of South Korea,36.12236,128.36509,http://www.wikidata.org/entity/Q27330796
Q27330984,Ganghwa Gapgotdon,Gapgotdon,cultural heritage,37.733055555,126.516388888,http://www.wikidata.org/entity/Q27330984
Q27330984,Ganghwa Gapgotdon,Gapgotdondae,cultural heritage,37.733055555,126.516388888,http://www.wikidata.org/entity/Q27330984
Q27340793,Hallim Park,Hallimgongwon,park,33.388888888,126.241666666,http://www.wikidata.org/entity/Q27340793
Q27576594,Daeho-do,Daehodo,island,34.76315,128.225977777,http://www.wikidata.org/entity/Q27576594
Q27951512,Jeonju Gyeonggijeon,Gyeonggijeon Shrine,cultural heritage,35.81481,127.14981,http://www.wikidata.org/entity/Q27951512
Q27951705,Goseong Surim Seowon,Surim Seowon,cultural heritage,35.061111111,128.336666666,http://www.wikidata.org/entity/Q27951705
Q27951866,"Nowon Eulji Medical Center, Eulji University",Nowon Eulji Medical Center,university hospital,37.636208,127.07003,http://www.wikidata.org/entity/Q27951866
Q27951951,Corruption Investigation Office For High-ranking Officials,CIO,anti-corruption agency,37.428228,126.985955,http://www.wikidata.org/entity/Q27951951
Q27951951,Corruption Investigation Office For High-ranking Officials,Kowi Kongjikcha Pŏmjoe Susach'ŏ,anti-corruption agency,37.428228,126.985955,http://www.wikidata.org/entity/Q27951951
Q27952402,Ganghwa Naega Osang-ri Dolmen,Ganghwa I Osang-ri Dolmen,cultural heritage,37.73,126.401666666,http://www.wikidata.org/entity/Q27952402
Q27952693,"Daejeon Eulji Medical Center, Eulji University",Daejeon Eulji Medical Center,university hospital,36.355233,127.381963,http://www.wikidata.org/entity/Q27952693
Q27953039,Daegu Holy Mother's Shrine,Daegu Seongmodang,Catholic church building,35.86092,128.5864,http://www.wikidata.org/entity/Q27953039
Q27953116,Missionary Champness House,Missionary Chamnis House,cultural heritage,35.866666666,128.585277777,http://www.wikidata.org/entity/Q27953116
Q30264037,Chosun University Dental Hospital,CUDH,hospital,35.144186,126.927176,http://www.wikidata.org/entity/Q30264037
Q30264083,IC Design Education Center,IDEC,educational institution,36.37075,127.357329,http://www.wikidata.org/entity/Q30264083
Q30264172,Korea Human Resource Development Institute for Health and Welfare,KOHI,organization,36.639357,127.325568,http://www.wikidata.org/entity/Q30264172
Q30264181,Central Radio Management Service,CRMO,government agency,37.507989,127.11,http://www.wikidata.org/entity/Q30264181
Q30264181,Central Radio Management Service,Central Radio Management Office,government agency,37.507989,127.11,http://www.wikidata.org/entity/Q30264181
Q30264181,Central Radio Management Service,CRMS,government agency,37.507989,127.11,http://www.wikidata.org/entity/Q30264181
Q30264680,Korean Association of Shipping and Logistics,KASS,organization,36.52194,127.317411,http://www.wikidata.org/entity/Q30264680
Q30264680,Korean Association of Shipping and Logistics,KASL,organization,36.52194,127.317411,http://www.wikidata.org/entity/Q30264680
Q30264680,Korean Association of Shipping and Logistics,"Korean Assocaition of Shipping and Logistics, Inc",organization,36.52194,127.317411,http://www.wikidata.org/entity/Q30264680
Q30264680,Korean Association of Shipping and Logistics,Korean Association of Shipping Studies,organization,36.52194,127.317411,http://www.wikidata.org/entity/Q30264680
Q30264754,Korea Agency for Infrastructure Technology Advancement,KAIA,government agency,37.404092,126.92675,http://www.wikidata.org/entity/Q30264754
Q30264796,Korea Green Promotion Agency,KGPA,government agency,36.35141,127.387327,http://www.wikidata.org/entity/Q30264796
Q30265202,Dongguk University Ilsan Hospital,Dongguk University Ilsan Medical Center,hospital,37.55754,127.000778,http://www.wikidata.org/entity/Q30265202
Q30265256,"The Catholic University of Korea, Daejeon St. Mary's Hospital",Daejeon St. Mary's Hospital,university hospital,36.322431,127.420376,http://www.wikidata.org/entity/Q30265256
Q30265804,Korean Society of Neurogastroenterology and Motility,KSNM,nonprofit organization,37.504138,127.052034,http://www.wikidata.org/entity/Q30265804
Q30266598,Korea Nano Technology Research Society,KoNTRS,organization,37.484268,127.037025,http://www.wikidata.org/entity/Q30266598
Q30267004,Center for Integrated Smart Sensors,CISS,facility,36.369394,127.364021,http://www.wikidata.org/entity/Q30267004
Q30270004,Korean Society of Critical Care Medicine,KSCCM,educational institution,37.556308,126.986793,http://www.wikidata.org/entity/Q30270004
Q30270028,Kyungpook National University Medical Center,KNUMC,medical organization,35.87154,128.60128,http://www.wikidata.org/entity/Q30270028
Q30272643,Korea Foundation for Advanced Studies,KFAS,nonprofit organization,37.497373,127.063817,http://www.wikidata.org/entity/Q30272643
Q30272649,Korea Foundation for International Healthcare,KOFIH,nonprofit organization,37.565419,126.979185,http://www.wikidata.org/entity/Q30272649
Q30272658,Korean Academy of Medical Sciences,KAMS,organization,37.540453,126.976675,http://www.wikidata.org/entity/Q30272658
Q30272666,Korean Dermatological Association,KDA,organization,37.473281,127.02793,http://www.wikidata.org/entity/Q30272666
Q30272673,Korean Society of Echocardiography,KSE,organization,37.544424,126.955616,http://www.wikidata.org/entity/Q30272673
Q30272703,Kwanjeong Educational Foundation,KEF,nonprofit organization,37.587119,126.999045,http://www.wikidata.org/entity/Q30272703
Q30274160,Korea Automotive Technology Institute,KATECH,facility,36.3836853,127.3596598,http://www.wikidata.org/entity/Q30274160
Q30274180,Cheorwon Plasma Research Institute,CPRI,facility,38.136832,127.302661,http://www.wikidata.org/entity/Q30274180
Q30274226,Scripps Korea Antibody Institute,SKAI,facility,37.8694815,127.7444653,http://www.wikidata.org/entity/Q30274226
Q30274334,Jangheung Mushroom Industry Research,JMI,facility,34.667252,126.945743,http://www.wikidata.org/entity/Q30274334
Q30275918,Seoullo 7017,Seoul Skypark,urban park,37.5567,126.9716,http://www.wikidata.org/entity/Q30275918
Q30275918,Seoullo 7017,Seoullo 7017 Skygarden,urban park,37.5567,126.9716,http://www.wikidata.org/entity/Q30275918
Q30275918,Seoullo 7017,Seoullo 7017 Skypark,urban park,37.5567,126.9716,http://www.wikidata.org/entity/Q30275918
Q30275918,Seoullo 7017,Skygarden,urban park,37.5567,126.9716,http://www.wikidata.org/entity/Q30275918
Q30279678,Hallym University Hangang Sacred Heart Hospital,HSHH,university hospital,37.523201,126.909571,http://www.wikidata.org/entity/Q30279678
Q27954263,National Development Institute of Korean Medicine,NIKOM,facility,35.823275,128.76693,http://www.wikidata.org/entity/Q27954263
Q28359831,Wolmyeongdong,Wolmyeong Dong,,36.124693,127.370191,http://www.wikidata.org/entity/Q28359831
Q28671311,Daehan Dawon Boseong Green tea Plantation,Boseong Green tea Plantation,plantation,34.7150291,127.0787128,http://www.wikidata.org/entity/Q28671311
Q28671311,Daehan Dawon Boseong Green tea Plantation,Daehan Dawon,plantation,34.7150291,127.0787128,http://www.wikidata.org/entity/Q28671311
Q28671311,Daehan Dawon Boseong Green tea Plantation,Daehan Dawon Green tea Plantation,plantation,34.7150291,127.0787128,http://www.wikidata.org/entity/Q28671311
Q28685845,The Shore Hotel Jeju,Hyatt Regency Jeju,hotel,33.244638888,126.40575,http://www.wikidata.org/entity/Q28685845
Q28698151,death of Bak Jongcheol,Bak Jongcheol death,torture,37.540846111,126.971756944,http://www.wikidata.org/entity/Q28698151
Q28698151,death of Bak Jongcheol,Bak Jongcheol's death,torture,37.540846111,126.971756944,http://www.wikidata.org/entity/Q28698151
Q28698225,Ondal Sanseong,Danyang Ondalsanseong Fortress,fortress,37.057646,128.484985,http://www.wikidata.org/entity/Q28698225
Q28698381,Founder Aircraft,National Donor (T-6),airplane,36.578477,127.523938,http://www.wikidata.org/entity/Q28698381
Q28698434,Andong Kwon Clan Sodeungjaesa,Chuwonjae,cultural heritage,36.6136138,128.7523445,http://www.wikidata.org/entity/Q28698434
Q28698434,Andong Kwon Clan Sodeungjaesa,Sodeungjaesa,cultural heritage,36.6136138,128.7523445,http://www.wikidata.org/entity/Q28698434
Q28698491,Eunyeoul Middle and High School,Eunyeoul Middle School,miscellaneous school,36.793703,127.486183,http://www.wikidata.org/entity/Q28698491
Q28698491,Eunyeoul Middle and High School,Eunyeoul High School,miscellaneous school,36.793703,127.486183,http://www.wikidata.org/entity/Q28698491
Q28698707,Jincheon Nongdari Bridge,Jincheon Nonggyo,bridge,36.825833333,127.493333333,http://www.wikidata.org/entity/Q28698707
Q28699446,Yesu Seonggyo Jeonseo,yesuseong-gyojeonseo,New Testament,37.563888888,126.936944444,http://www.wikidata.org/entity/Q28699446
Q28699458,Yesu seonggyo nugabogum jeonseo,Yesu syŏnggyo Nuga pogŭm chyŏnsyŏ,Gospel of Luke,37.484583333,127.031666666,http://www.wikidata.org/entity/Q28699458
Q28699526,Ilsan Seobu Police Station,Seobu Police Station,police station,37.67983,126.740318,http://www.wikidata.org/entity/Q28699526
Q28699526,Ilsan Seobu Police Station,Western Ilsan Police Station,police station,37.67983,126.740318,http://www.wikidata.org/entity/Q28699526
Q28699794,Haengdam Island Rest Area,Haengdam Island Service Area,rest area,36.944805616,126.807617941,http://www.wikidata.org/entity/Q28699794
Q28699794,Haengdam Island Rest Area,Haengdam-do Rest Area,rest area,36.944805616,126.807617941,http://www.wikidata.org/entity/Q28699794
Q28699794,Haengdam Island Rest Area,Haengdam-do Service Area,rest area,36.944805616,126.807617941,http://www.wikidata.org/entity/Q28699794
Q28700044,Songseogwon,Byeoksusanjang,neighborhood,37.582027777,126.966416666,http://www.wikidata.org/entity/Q28700044
Q28700220,Manseokboji,Manseokbo dam remains,cultural heritage,35.680555555,126.861666666,http://www.wikidata.org/entity/Q28700220
Q30263950,Korean society of speech sciences,KSSS,organization,37.55903,126.984046,http://www.wikidata.org/entity/Q30263950
Q29933128,Juksa,Juksa Temple,Buddhist temple,36.792862,126.412038,http://www.wikidata.org/entity/Q29933128
Q29933337,Munsusa,Munsu-sa,Buddhist temple,36.778813,126.589619,http://www.wikidata.org/entity/Q29933337
Q29933337,Munsusa,Munsusa temple,Buddhist temple,36.778813,126.589619,http://www.wikidata.org/entity/Q29933337
Q29933360,Cheonjangsa,Cheonjangsa temple,Buddhist temple,36.669871,126.571728,http://www.wikidata.org/entity/Q29933360
Q29933492,Illaksa,Illaksa temple,Buddhist temple,36.728082,126.588747,http://www.wikidata.org/entity/Q29933492
Q29933732,seongwangsa,Seongwangsa temple,Buddhist temple,36.81136,126.472207,http://www.wikidata.org/entity/Q29933732
Q29939300,Haewolsa,Haewolsa temple,Buddhist temple,36.99723,126.440349,http://www.wikidata.org/entity/Q29939300
Q29939356,Seogwangsa,Seogwangsa Temple,Buddhist temple,36.791742,126.445396,http://www.wikidata.org/entity/Q29939356
Q29939356,Seogwangsa,Seokwangsa,Buddhist temple,36.791742,126.445396,http://www.wikidata.org/entity/Q29939356
Q30279765,Cheil General Hospital and Women's Healthcare Center,CGH,hospital,37.561264,126.999224,http://www.wikidata.org/entity/Q30279765
Q30280520,Seoul Medical Center,Gangnam General Hospital Public Corporation,medical organization,37.612811,127.098125,http://www.wikidata.org/entity/Q30280520
Q30280520,Seoul Medical Center,Seoul Metropolitan City Seoul Medical Center,medical organization,37.612811,127.098125,http://www.wikidata.org/entity/Q30280520
Q29933128,Juksa,Juk-sa,Buddhist temple,36.792862,126.412038,http://www.wikidata.org/entity/Q29933128
Q29933360,Cheonjangsa,Cheonjang-sa,Buddhist temple,36.669871,126.571728,http://www.wikidata.org/entity/Q29933360
Q29933430,Songdeogam,Songdeog-am,hermitage,36.685155,126.579933,http://www.wikidata.org/entity/Q29933430
Q29933430,Songdeogam,Songdeogam Hermitage,hermitage,36.685155,126.579933,http://www.wikidata.org/entity/Q29933430
Q29933430,Songdeogam,Songdeogam temple,hermitage,36.685155,126.579933,http://www.wikidata.org/entity/Q29933430
Q29933492,Illaksa,Illak-sa,Buddhist temple,36.728082,126.588747,http://www.wikidata.org/entity/Q29933492
Q29933732,seongwangsa,Seongwang-sa,Buddhist temple,36.81136,126.472207,http://www.wikidata.org/entity/Q29933732
Q29939300,Haewolsa,Haewol-sa,Buddhist temple,36.99723,126.440349,http://www.wikidata.org/entity/Q29939300
Q29939356,Seogwangsa,Seogwang-sa,Buddhist temple,36.791742,126.445396,http://www.wikidata.org/entity/Q29939356
Q30156824,Du-ung wetland,Duung Wetland,wetland,36.833333333,126.183333333,http://www.wikidata.org/entity/Q30156824
Q30156824,Du-ung wetland,Taean Duwoong Wetland,wetland,36.833333333,126.183333333,http://www.wikidata.org/entity/Q30156824
Q30253909,Kyung Hee University East-West Neo Medical Center,KHNMC,medical organization,37.538939,127.150008,http://www.wikidata.org/entity/Q30253909
Q30253967,Inje University Sanggye Paik Hospital,Sanggye Paik Hospital,university hospital,37.648677,127.063036,http://www.wikidata.org/entity/Q30253967
Q30254021,Hanyang University Seoul Hospital,Hanyang University Hospital,university hospital,37.5596404,127.04366755,http://www.wikidata.org/entity/Q30254021
Q30254021,Hanyang University Seoul Hospital,Hanyang University Hospital for Rheumatic Disease,university hospital,37.5596404,127.04366755,http://www.wikidata.org/entity/Q30254021
Q30254152,Yonsei University Health System,YUHS,medical organization,37.565785,126.938571,http://www.wikidata.org/entity/Q30254152
Q30254271,Daehang Hospital,DH,hospital,37.475592,126.987922,http://www.wikidata.org/entity/Q30254271
Q30259604,Korean Association for Science Education,KASE,learned society,36.641116,127.458217,http://www.wikidata.org/entity/Q30259604
Q30259604,Korean Association for Science Education,Korean Association For Science Education,learned society,36.641116,127.458217,http://www.wikidata.org/entity/Q30259604
Q30259604,Korean Association for Science Education,The Korean Association For Science Education (KASE),learned society,36.641116,127.458217,http://www.wikidata.org/entity/Q30259604
Q30259606,Korean Society for Quality Management,KSQM,organization,37.571026,126.982115,http://www.wikidata.org/entity/Q30259606
Q30261254,Korea Centre for Atmospheric Environment Research,K-CCAR,facility,36.575713,127.367491,http://www.wikidata.org/entity/Q30261254
Q30261254,Korea Centre for Atmospheric Environment Research,KCAER,facility,36.575713,127.367491,http://www.wikidata.org/entity/Q30261254
Q30261254,Korea Centre for Atmospheric Environment Research,Korea-China Centre for Atmospheric Research,facility,36.575713,127.367491,http://www.wikidata.org/entity/Q30261254
Q30262810,Dongnam Institute of Radiological & Medical Sciences,DIRAMS,facility,35.322025,129.243549,http://www.wikidata.org/entity/Q30262810
Q30262829,Hallym University Kangnam Sacred Heart Hospital,Kangnam Sacred Heart Hospital,university hospital,37.492984,126.908812,http://www.wikidata.org/entity/Q30262829
Q30262846,Research Institute of Industrial Science and Technology,RIST,facility,36.010781,129.323148,http://www.wikidata.org/entity/Q30262846
Q30262849,Seoul Women's College of Nursing,SWCN,educational institution,37.597509,126.947352,http://www.wikidata.org/entity/Q30262849
Q30263722,Animal and Plant Quarantine Agency,QIA,government agency,37.499971,127.027088,http://www.wikidata.org/entity/Q30263722
Q30263722,Animal and Plant Quarantine Agency,Animal Plant and Fisheries Quarantine and Inspection Agency,government agency,37.499971,127.027088,http://www.wikidata.org/entity/Q30263722
Q31179037,Cheoncheonsa,Cheoncheon Temple,historic site,36.669871,126.571728,http://www.wikidata.org/entity/Q31179037
Q33122113,Korean Society of Cardiology,The Korean Society of Cardiology,learned society,37.554675,126.990913,http://www.wikidata.org/entity/Q33122113
Q34891474,Angye Reservoir,Angye-Jeosuju,reservoir,36.01235,129.26422,http://www.wikidata.org/entity/Q34891474
Q31178979,Gwangju Chunghyo-dong Wangbeodeul tree group,Group of protected Salix chaenomeloides,natural monument,35.184722222,127.000833333,http://www.wikidata.org/entity/Q31178979
Q31179211,Chilseong Market,Chilseong Dog Meat Market,market,35.8766,128.6044,http://www.wikidata.org/entity/Q31179211
Q31179211,Chilseong Market,Seven Star Dog Meat Market,market,35.8766,128.6044,http://www.wikidata.org/entity/Q31179211
Q31179211,Chilseong Market,Seven Star Market,market,35.8766,128.6044,http://www.wikidata.org/entity/Q31179211
Q31179474,Sutasa Temple,Hongcheon Sutasa Temple,temple,37.698611111,127.958888888,http://www.wikidata.org/entity/Q31179474
Q31180594,Haemi Sanctuarium Internationale,Haemi International Sanctuary,sacred place,36.713127,126.537628,http://www.wikidata.org/entity/Q31180594
Q31180594,Haemi Sanctuarium Internationale,Haemi Martyrdom Holy Ground,sacred place,36.713127,126.537628,http://www.wikidata.org/entity/Q31180594
Q31180594,Haemi Sanctuarium Internationale,International Shrine of Haemi Martyrs,sacred place,36.713127,126.537628,http://www.wikidata.org/entity/Q31180594
Q31180789,Bongmujeong,Daegu Bongmujeong,cultural heritage,35.928055555,128.640833333,http://www.wikidata.org/entity/Q31180789
Q31180834,Seoul Guro Post Office,Guro Post Office,post office,37.481444,126.842052,http://www.wikidata.org/entity/Q31180834
Q33060618,Seoul Foundation of Women and Family,Seoul Foundation of Women & Family,organization,37.511562,126.92717,http://www.wikidata.org/entity/Q33060618
Q33060618,Seoul Foundation of Women and Family,SFWF,organization,37.511562,126.92717,http://www.wikidata.org/entity/Q33060618
Q33121838,Center For Advanced Meta-Materials,CAMM,nonprofit organization,36.344264,127.385355,http://www.wikidata.org/entity/Q33121838
Q33121840,Center for Advanced Soft Electronics,CASE,facility,36.095606,129.353804,http://www.wikidata.org/entity/Q33121840
Q33121921,Global Core Research Center for Ships and Offshore Plants,GCRC-SOP,organization,35.233824,129.079785,http://www.wikidata.org/entity/Q33121921
Q33122023,Innovative Research Institute for Cell Therapy,IRICT,facility,37.578721,126.997512,http://www.wikidata.org/entity/Q33122023
Q33122094,Korean Breast Cancer Society,Breast Cancer Research,learned society,37.558486,126.993659,http://www.wikidata.org/entity/Q33122094
Q33122094,Korean Breast Cancer Society,KBCS,learned society,37.558486,126.993659,http://www.wikidata.org/entity/Q33122094
Q33122117,Korean Society of Hypertension,KSH,organization,37.556853,126.98336,http://www.wikidata.org/entity/Q33122117
Q33122118,Korean Society of Radiology,KSR,organization,37.556853,126.992286,http://www.wikidata.org/entity/Q33122118
Q33122118,Korean Society of Radiology,Korean Radiological Society,organization,37.556853,126.992286,http://www.wikidata.org/entity/Q33122118
Q33122120,Korean Society of Ultrasound in Medicine,KSUM,learned society,37.555764,126.9813,http://www.wikidata.org/entity/Q33122120
Q33122120,Korean Society of Ultrasound in Medicine,Korean Society of Medical Ultrasound,learned society,37.555764,126.9813,http://www.wikidata.org/entity/Q33122120
Q33625595,National Fire Agency of the Republic of Korea,National Fire Agency,Korean Executive Administration Agency,36.503761111,127.266111111,http://www.wikidata.org/entity/Q33625595
Q52853152,Northeast Asian Forest Forum,NAEFF,organization,37.527575,126.916502,http://www.wikidata.org/entity/Q52853152
Q52853171,Korean Women's Literature,KWLA,organization,37.568532,127.00591,http://www.wikidata.org/entity/Q52853171
Q52853188,Hallym University of Graduate Studies,Hallym International Graduate School of International Studies,graduate university,37.50221,127.051265,http://www.wikidata.org/entity/Q52853188
Q52853211,Seoul Business Agency,SBA,organization,37.565277,126.889517,http://www.wikidata.org/entity/Q52853211
Q52853240,Pan-Korea English Teachers Association,Pan Korea English Education Association,organization,35.154329,128.098084,http://www.wikidata.org/entity/Q52853240
Q52853240,Pan-Korea English Teachers Association,PKETA,organization,35.154329,128.098084,http://www.wikidata.org/entity/Q52853240
Q52853258,Kukdong Communication (South Korea),KDT,business,36.221712,127.148371,http://www.wikidata.org/entity/Q52853258
Q52853258,Kukdong Communication (South Korea),Far East Communications,business,36.221712,127.148371,http://www.wikidata.org/entity/Q52853258
Q52853268,Microbial Institute for Fermentation Industry,MIFI,facility,35.368065,127.107692,http://www.wikidata.org/entity/Q52853268
Q52853286,Future Human Resources Research Institute,Future Human Resources Foundation,facility,37.57017,126.974911,http://www.wikidata.org/entity/Q52853286
Q52853314,Korean Society of Mathematical Education,KSME,organization,37.460163,126.951873,http://www.wikidata.org/entity/Q52853314
Q52853327,Korea Research Institute of Mechanical Facilities Industry,KRIMFI,facility,37.5145,127.031582,http://www.wikidata.org/entity/Q52853327
Q52853354,Korean Association of Regional Geographers,KARG,organization,35.890226,128.611285,http://www.wikidata.org/entity/Q52853354
Q52853363,International Area Studies Society,IAAS,organization,37.300436,127.035836,http://www.wikidata.org/entity/Q52853363
Q52853377,International Association of Korean Literary and Cultural Studies,INAKOS,organization,37.564385,126.938975,http://www.wikidata.org/entity/Q52853377
Q52853414,International Association of Comparative Korean Studies,IACKS,organization,37.452201,126.653316,http://www.wikidata.org/entity/Q52853414
Q52853422,KoreaBio,Korea Bio Associations,organization,37.406053,127.105032,http://www.wikidata.org/entity/Q52853422
Q52853422,KoreaBio,Korea Biotechnology Industry Organization,organization,37.406053,127.105032,http://www.wikidata.org/entity/Q52853422
Q52853431,Women in Nuclear Korea,WIN,nonprofit organization,36.420685,127.375118,http://www.wikidata.org/entity/Q52853431
Q52853431,Women in Nuclear Korea,WiN Korea,nonprofit organization,36.420685,127.375118,http://www.wikidata.org/entity/Q52853431
Q52853438,Korea Bio Solution (South Korea),"KOREA BIO SOLUTIONS CO., LTD.",business,35.166167,129.132376,http://www.wikidata.org/entity/Q52853438
Q52853447,Korean International Maritime Law Association,KIMLA,organization,35.076333,129.088948,http://www.wikidata.org/entity/Q52853447
Q52853463,Global Cultural Contents Association,AAGCC,organization,37.597344,127.057822,http://www.wikidata.org/entity/Q52853463
Q52853463,Global Cultural Contents Association,Academic Association of Global Cultural Contents,organization,37.597344,127.057822,http://www.wikidata.org/entity/Q52853463
Q52853474,Korean Society for Biology Education,KSBE,organization,37.460137,126.951884,http://www.wikidata.org/entity/Q52853474
Q52853484,Re-shaping Development Institute,Global Development Research Institute,educational institution,37.536099,126.90089,http://www.wikidata.org/entity/Q52853484
Q52853484,Re-shaping Development Institute,ReDI,educational institution,37.536099,126.90089,http://www.wikidata.org/entity/Q52853484
Q52853501,International Network for Korean Language and Culture,INK,organization,37.557397,126.990225,http://www.wikidata.org/entity/Q52853501
Q52853544,Brand Design Association of Korea,BDAK,organization,37.341832,127.120366,http://www.wikidata.org/entity/Q52853544
Q52853552,Costume Culture Association,CCA,organization,37.460069,126.951819,http://www.wikidata.org/entity/Q52853552
Q52853552,Costume Culture Association,The Costume Culture Society,organization,37.460069,126.951819,http://www.wikidata.org/entity/Q52853552
Q52853577,Korean Brecht Society,KBG,organization,37.55903,126.98061,http://www.wikidata.org/entity/Q52853577
Q52853577,Korean Brecht Society,Koreanische Brecht-Gesellschaft,organization,37.55903,126.98061,http://www.wikidata.org/entity/Q52853577
Q52853584,Global English Teachers Association,GETA,organization,35.842563,127.126756,http://www.wikidata.org/entity/Q52853584
Q52853584,Global English Teachers Association,Global English Education Association,organization,35.842563,127.126756,http://www.wikidata.org/entity/Q52853584
Q52853584,Global English Teachers Association,Honam English Teachers Association,organization,35.842563,127.126756,http://www.wikidata.org/entity/Q52853584
Q52853611,Korea Communications Industry Cooperative,KBIZ,organization,37.560874,126.911866,http://www.wikidata.org/entity/Q52853611
Q52853622,Global optical communication (South Korea),GOC,business,35.234823,126.859821,http://www.wikidata.org/entity/Q52853622
Q52853663,Korean Academy of International Business Management,Korea International Business Management Association,learned society,36.370281,127.345923,http://www.wikidata.org/entity/Q52853663
Q52853663,Korean Academy of International Business Management,Southeast International Business Association,learned society,36.370281,127.345923,http://www.wikidata.org/entity/Q52853663
Q52853673,CrystalGenomics (South Korea),CG,business,37.399523,127.112451,http://www.wikidata.org/entity/Q52853673
Q52853731,Dongbang Culture University,Graduate School of Oriental Culture,educational institution,37.596807,126.99164,http://www.wikidata.org/entity/Q52853731
Q52853750,Korea Association of Vocational Education,Korea Vocational Education Association,organization,37.577454,127.069787,http://www.wikidata.org/entity/Q52853750
Q52853797,Korean Society for Child Education,The Korean Society for Child Education,organization,35.864567,128.486684,http://www.wikidata.org/entity/Q52853797
Q52853815,Gwangyang Health College,Gwangyang Health University,educational institution,34.954433,127.567712,http://www.wikidata.org/entity/Q52853815
Q52853815,Gwangyang Health College,Kwangyang Health College,educational institution,34.954433,127.567712,http://www.wikidata.org/entity/Q52853815
Q52853830,Korean Economic Association,KEA,organization,37.57603,126.976802,http://www.wikidata.org/entity/Q52853830
Q52853830,Korean Economic Association,The Korean Economic Association,organization,37.57603,126.976802,http://www.wikidata.org/entity/Q52853830
Q52853848,Gyeongbuk IT Convergence Industrial Technology Institute,GITC,educational institution,35.863134,128.835651,http://www.wikidata.org/entity/Q52853848
Q52853870,Gyeongbuk Marine Bio-Industry Research Institute,GIMB,facility,37.073968,129.408411,http://www.wikidata.org/entity/Q52853870
Q52853115,Korean Association of French Studies,ACEF,organization,35.14298,126.934691,http://www.wikidata.org/entity/Q52853115
Q52853123,Busan TechnoPark,Busan Techno Park,organization,35.166053,129.054621,http://www.wikidata.org/entity/Q52853123
Q52853123,Busan TechnoPark,Busan Technopark,organization,35.166053,129.054621,http://www.wikidata.org/entity/Q52853123
Q52855002,Korean Association Of Business Education,KABE,organization,35.181402,128.553385,http://www.wikidata.org/entity/Q52855002
Q52855002,Korean Association Of Business Education,Korea Association of Business Education,organization,35.181402,128.553385,http://www.wikidata.org/entity/Q52855002
Q52855002,Korean Association Of Business Education,Korean Society for Management Education,organization,35.181402,128.553385,http://www.wikidata.org/entity/Q52855002
Q52855033,The Korean Regional Development Association,Korea Regional Development Institute,organization,37.500461,127.030816,http://www.wikidata.org/entity/Q52855033
Q52855039,Korea Kacoh (South Korea),Korea Kako,business,37.488959,126.897995,http://www.wikidata.org/entity/Q52855039
Q52855059,The Korean Association for the Study of English Language and Linguistics,KASELL,organization,37.538429,126.716458,http://www.wikidata.org/entity/Q52855059
Q52855067,Korean Society for Engineering Education,KSEE,organization,37.503332,127.043762,http://www.wikidata.org/entity/Q52855067
Q52855088,The Korean Society of British and American Fiction,BAF,educational institution,37.191863,126.838393,http://www.wikidata.org/entity/Q52855088
Q52855097,Korea Music Educators Society,KMES,organization,37.571548,126.978551,http://www.wikidata.org/entity/Q52855097
Q52855097,Korea Music Educators Society,Korean Music Education Research Society,organization,37.571548,126.978551,http://www.wikidata.org/entity/Q52855097
Q52855106,The Korean Society Of Western Civilization,Korean Western Cultural History Society,organization,36.353515,127.34518,http://www.wikidata.org/entity/Q52855106
Q52855117,New Testament Society of Korea,NTSK,organization,37.557397,126.983358,http://www.wikidata.org/entity/Q52855117
Q52855127,Latin American Studies Association of Korea,LASAK,organization,37.515219,127.062824,http://www.wikidata.org/entity/Q52855127
Q52855139,The Association for Historical Studies on Korean National Movement,Korean National Movement History Society,organization,37.471342,126.940818,http://www.wikidata.org/entity/Q52855139
Q52855155,Korean Society for Brain and Neural Sciences,KSBNS,organization,37.532152,126.969707,http://www.wikidata.org/entity/Q52855155
Q52855155,Korean Society for Brain and Neural Sciences,The Korean Society for Brain and Neural Sciences,organization,37.532152,126.969707,http://www.wikidata.org/entity/Q52855155
Q52855155,Korean Society for Brain and Neural Sciences,The Korean Society of Neurobiology,organization,37.532152,126.969707,http://www.wikidata.org/entity/Q52855155
Q52855155,Korean Society for Brain and Neural Sciences,The Korean Society of Neuroscience,organization,37.532152,126.969707,http://www.wikidata.org/entity/Q52855155
Q52855184,Korean Society for Western Medieval History,KSWMH,organization,37.575272,127.039737,http://www.wikidata.org/entity/Q52855184
Q52855191,The Society of Korean Performance Art and Culture,Korean Performance Culture Institute,organization,37.459899,126.951873,http://www.wikidata.org/entity/Q52855191
Q52855218,Korean Society for Teaching English Literature,Korean English and American Literature Education Society,organization,37.873431,127.156804,http://www.wikidata.org/entity/Q52855218
Q52855218,Korean Society for Teaching English Literature,KSTEL,organization,37.873431,127.156804,http://www.wikidata.org/entity/Q52855218
Q52855218,Korean Society for Teaching English Literature,The Korean Society for Teaching English Literature,organization,37.873431,127.156804,http://www.wikidata.org/entity/Q52855218
Q52855227,The Musicological Society of Korea,Korean Western Music Society,organization,37.557283,127.0453,http://www.wikidata.org/entity/Q52855227
Q52855469,Korean Technology Education Association,KTEA,organization,37.890474,127.737499,http://www.wikidata.org/entity/Q52855469
Q52855476,The Korean Generative Grammar Circle,KGGC,facility,37.54265,127.076642,http://www.wikidata.org/entity/Q52855476
Q52853878,The Korea Society for Children's Media,Korean Children's Media Institute,organization,36.987122,127.868042,http://www.wikidata.org/entity/Q52853878
Q52853906,Gyeonggi Research Institute,GRI,think tank,37.314893,126.98969,http://www.wikidata.org/entity/Q52853906
Q52853906,Gyeonggi Research Institute,Gyeonggi Development Institute,think tank,37.314893,126.98969,http://www.wikidata.org/entity/Q52853906
Q52853906,Gyeonggi Research Institute,Kyonggi Research Institute,think tank,37.314893,126.98969,http://www.wikidata.org/entity/Q52853906
Q52853913,Korean Educational Idea Association,KEIA,organization,35.154401,128.990563,http://www.wikidata.org/entity/Q52853913
Q52853921,The Daedong Philosophical Association,DDPA,organization,35.168201,128.99585,http://www.wikidata.org/entity/Q52853921
Q52853921,The Daedong Philosophical Association,Daedong Philosophical Association,organization,35.168201,128.99585,http://www.wikidata.org/entity/Q52853921
Q52853931,Korea Christian Educational Information Society,KSCEIT,organization,35.765857,127.206198,http://www.wikidata.org/entity/Q52853931
Q52853955,Korean Educational Psychology Association,KEPA,organization,37.541337,126.946268,http://www.wikidata.org/entity/Q52853955
Q52853995,The Korea Society of Fashion Design,KSFD,organization,35.830955,128.563439,http://www.wikidata.org/entity/Q52853995
Q52854002,Institute of the History of Christianity in Korea,Korean Church History Society,organization,37.573928,126.968415,http://www.wikidata.org/entity/Q52854002
Q52854024,The Daegu Historical Association,Daegu Historical Society,cultural institution,35.890078,128.611317,http://www.wikidata.org/entity/Q52854024
Q52854043,Korean Elementary Art Education Association,KEAEA,organization,36.617112,127.481775,http://www.wikidata.org/entity/Q52854043
Q52854118,Korean Academy of Speech-Language Pathology and Audiology,KASA,organization,37.562946,126.946829,http://www.wikidata.org/entity/Q52854118
Q52854136,Korean Clinical Psychological Association,KCPA,organization,37.576217,126.976805,http://www.wikidata.org/entity/Q52854136
Q52854167,Korean Psychological Association,KPA,organization,37.573876,126.964589,http://www.wikidata.org/entity/Q52854167
Q52854178,The Hegel Society of Korea,Korea Hegel Institute,organization,37.57943,126.938234,http://www.wikidata.org/entity/Q52854178
Q52854200,Korea Information & Communication Technology Industry Association,KITA,nonprofit organization,37.542027,126.872958,http://www.wikidata.org/entity/Q52854200
Q52854200,Korea Information & Communication Technology Industry Association,KICTA,nonprofit organization,37.542027,126.872958,http://www.wikidata.org/entity/Q52854200
Q52854200,Korea Information & Communication Technology Industry Association,Korea ICT,nonprofit organization,37.542027,126.872958,http://www.wikidata.org/entity/Q52854200
Q52854200,Korea Information & Communication Technology Industry Association,Korea Information Technology Industry Association,nonprofit organization,37.542027,126.872958,http://www.wikidata.org/entity/Q52854200
Q51275449,Sosaeul Station,Boksa Station,metro station,37.468222222,126.797388888,http://www.wikidata.org/entity/Q51275449
Q51275450,Siheung Daeya Station,Daeya Station,underground railway station,37.450222222,126.793,http://www.wikidata.org/entity/Q51275450
Q51275461,Siheung Neunggok Station,Yeonseong Station,metro station,37.370138888,126.808888888,http://www.wikidata.org/entity/Q51275461
Q51275465,Dalmi Station,Seoksugol Station,metro station,37.348666666,126.809472222,http://www.wikidata.org/entity/Q51275465
Q51275679,Siu Station,Wongok Station,metro station,37.313083333,126.795722222,http://www.wikidata.org/entity/Q51275679
Q52843428,Korean Political Science Association,KPSA,organization,37.517542,127.047332,http://www.wikidata.org/entity/Q52843428
Q52843435,Cellumed (South Korea),"Cellumed Co., Ltd.",business,37.484447,126.882039,http://www.wikidata.org/entity/Q52843435
Q52843437,Korean Association for Radioactive Application,KARA,organization,37.547406,127.050328,http://www.wikidata.org/entity/Q52843437
Q52843437,Korean Association for Radioactive Application,Korea Isotope Association,organization,37.547406,127.050328,http://www.wikidata.org/entity/Q52843437
Q52843437,Korean Association for Radioactive Application,Korea Radiation Association,organization,37.547406,127.050328,http://www.wikidata.org/entity/Q52843437
Q52843437,Korean Association for Radioactive Application,Korea Radiation Promotion Association,organization,37.547406,127.050328,http://www.wikidata.org/entity/Q52843437
Q52843446,Chungang Industry (South Korea),Central Industry,business,37.499627,126.724978,http://www.wikidata.org/entity/Q52843446
Q52843449,Institute for National Security Strategy,INSS,facility,37.486732,127.051225,http://www.wikidata.org/entity/Q52843449
Q52843457,Korea Association for Nondestructive Testing,KANDT,organization,37.476183,126.972774,http://www.wikidata.org/entity/Q52843457
Q52843463,The Association of East Asian Ancient Studies,Ancient Asia Society,organization,36.308619,126.896724,http://www.wikidata.org/entity/Q52843463
Q52843465,Jeil Pharmaceutical (South Korea),Cheil Pharmaceutical,business,37.557693,126.989515,http://www.wikidata.org/entity/Q52843465
Q52843467,Korea Management Association,KMA,organization,37.531611,126.9247,http://www.wikidata.org/entity/Q52843467
Q52843469,Korea Social Science Research Council,KOSSREC,nonprofit organization,37.574478,126.964357,http://www.wikidata.org/entity/Q52843469
Q52843472,NDT Engineering & Aerospace (South Korea),"Enditi Engineering Co., Ltd",business,35.215136,128.61256,http://www.wikidata.org/entity/Q52843472
Q52843476,Korean Comparative Education Society,KCES,organization,36.610275,127.359395,http://www.wikidata.org/entity/Q52843476
Q52843480,Asia Pacific Satellite (South Korea),APSI,business,37.478745,126.878897,http://www.wikidata.org/entity/Q52843480
Q52843480,Asia Pacific Satellite (South Korea),AP Satellite,business,37.478745,126.878897,http://www.wikidata.org/entity/Q52843480
Q52843484,Korea Atomic Industrial Forum,KAIF,organization,37.485257,127.02896,http://www.wikidata.org/entity/Q52843484
Q52843488,Asian Comparative Folklore Society,ACFS,organization,37.505236,126.956911,http://www.wikidata.org/entity/Q52843488
Q52843499,Korea Medical Devices Industry Association,KMDIA,organization,37.499553,127.03137,http://www.wikidata.org/entity/Q52843499
Q52843505,Korea Smart Manufacturing Industry Association (South Korea),KOSMIA,business,37.470442,126.892072,http://www.wikidata.org/entity/Q52843505
Q52843560,The Society of Korean Practical Arts Education Research,SKPAER,organization,35.830212,127.118207,http://www.wikidata.org/entity/Q52843560
Q52843561,The Korean Society of Art Theories,KSAT,organization,36.991822,127.092164,http://www.wikidata.org/entity/Q52843561
Q52843563,Korean Philosophical Association,Korean Philosophy Society,organization,37.479246,127.008085,http://www.wikidata.org/entity/Q52843563
Q52843566,Korea Association of Teachers of English,KATE,organization,37.871085,127.743214,http://www.wikidata.org/entity/Q52843566
Q52843568,Korean Association of Feminist Philosophers,KAFPH,organization,37.561917,126.946808,http://www.wikidata.org/entity/Q52843568
Q52843568,Korean Association of Feminist Philosophers,Korean Women's Philosophy Research Society,organization,37.561917,126.946808,http://www.wikidata.org/entity/Q52843568
Q52843571,The Korean Association for Children with Special Needs,KACSN,organization,35.236701,129.081156,http://www.wikidata.org/entity/Q52843571
Q52843571,The Korean Association for Children with Special Needs,Korean Society for Special Education,organization,35.236701,129.081156,http://www.wikidata.org/entity/Q52843571
Q52843572,Korean Society for Political Thought,Korean Political Thought Society,organization,37.59079,127.027756,http://www.wikidata.org/entity/Q52843572
Q52843573,Korean Association of Southeast Asian Studies,KASEAS,organization,37.346379,127.946436,http://www.wikidata.org/entity/Q52843573
Q52843576,Korea Entrepreneurship Foundation,KoEF,nonprofit organization,37.486931,127.006563,http://www.wikidata.org/entity/Q52843576
Q52843578,Korean Society of Sport Psychology,KSSP,organization,35.909374,129.271207,http://www.wikidata.org/entity/Q52843578
Q52854712,Korean Nuclear Society,Korea Nuclear Power Society,organization,36.362615,127.337358,http://www.wikidata.org/entity/Q52854712
Q52854720,Korea Distribution Science Institute,KDSRI,organization,35.147104,129.060789,http://www.wikidata.org/entity/Q52854720
Q52854740,Korean Institute of Southeast Asian Studies,KISEAS,nonprofit organization,37.488483,126.965623,http://www.wikidata.org/entity/Q52854740
Q52854748,Korean Industrial Economic Association,KIEA,organization,35.971525,126.954585,http://www.wikidata.org/entity/Q52854748
Q52854764,The Korean Society of Special Education,KSSE,organization,35.198901,128.708105,http://www.wikidata.org/entity/Q52854764
Q52854790,Korea Academic Society of Industrial Organization,KASIO,organization,37.508142,126.94969,http://www.wikidata.org/entity/Q52854790
Q52854804,Korean Society of Alchol Science and Health Behavior,Alcohol and Health Behavioral Society,organization,37.643172,127.105433,http://www.wikidata.org/entity/Q52854804
Q52854804,Korean Society of Alchol Science and Health Behavior,Korean Alcohol Science Association,organization,37.643172,127.105433,http://www.wikidata.org/entity/Q52854804
Q52854804,Korean Society of Alchol Science and Health Behavior,Korean Alcohol Science Society,organization,37.643172,127.105433,http://www.wikidata.org/entity/Q52854804
Q52854804,Korean Society of Alchol Science and Health Behavior,KSAH,organization,37.643172,127.105433,http://www.wikidata.org/entity/Q52854804
Q52854812,Korean Infant and Child Care Society,Korean Infant and Toddler Care Education,organization,36.639532,127.439388,http://www.wikidata.org/entity/Q52854812
Q52854818,The Korea Association of Yeolin Education,Korea Open Education Society,organization,37.537129,126.943531,http://www.wikidata.org/entity/Q52854818
Q52854831,Korea Petroleum Group (South Korea),Korea Petroleum Industry,business,37.521693,126.965251,http://www.wikidata.org/entity/Q52854831
Q52854831,Korea Petroleum Group (South Korea),KP Group,business,37.521693,126.965251,http://www.wikidata.org/entity/Q52854831
Q52854837,The Korean Society of Management Information Systems,Korean Society for Management Information,organization,37.532455,126.969472,http://www.wikidata.org/entity/Q52854837
Q52854850,The Korean Association for Policy Analysis and Evaluation,KAPAE,organization,37.579294,126.939951,http://www.wikidata.org/entity/Q52854850
Q52854854,National Information Society Agency,NIA,organization,37.571122,126.978792,http://www.wikidata.org/entity/Q52854854
Q52854854,National Information Society Agency,Korea Information Society Agency,organization,37.571122,126.978792,http://www.wikidata.org/entity/Q52854854
Q52854854,National Information Society Agency,Korea Information Technology Agency,organization,37.571122,126.978792,http://www.wikidata.org/entity/Q52854854
Q52854860,Korea Information System (South Korea),KIS,business,36.352089,127.386711,http://www.wikidata.org/entity/Q52854860
Q52854868,Korea Service Management Society,KSMA,organization,37.551422,126.940742,http://www.wikidata.org/entity/Q52854868
Q52854881,Korea Association of Information Systems,KAIS,nonprofit organization,35.167036,129.052989,http://www.wikidata.org/entity/Q52854881
Q52854881,Korea Association of Information Systems,Korea Information Systems Society,nonprofit organization,35.167036,129.052989,http://www.wikidata.org/entity/Q52854881
Q52854895,Korean Society for Education through Art,KoSEA,organization,37.513855,127.031083,http://www.wikidata.org/entity/Q52854895
Q52854902,The Korean Association of Slavic Eurasian Studies,KASS,organization,37.612385,126.996855,http://www.wikidata.org/entity/Q52854902
Q52854902,The Korean Association of Slavic Eurasian Studies,KASEUS,organization,37.612385,126.996855,http://www.wikidata.org/entity/Q52854902
Q52854902,The Korean Association of Slavic Eurasian Studies,Korean Association for Slavic Studies,organization,37.612385,126.996855,http://www.wikidata.org/entity/Q52854902
Q52854902,The Korean Association of Slavic Eurasian Studies,Korean Association of Slavic and Eurasian Studies,organization,37.612385,126.996855,http://www.wikidata.org/entity/Q52854902
Q52854902,The Korean Association of Slavic Eurasian Studies,Korean Association of Slavic-Eurasian Studies,organization,37.612385,126.996855,http://www.wikidata.org/entity/Q52854902
Q52854908,Korea Art Education Association,KAEA,organization,37.491912,127.007795,http://www.wikidata.org/entity/Q52854908
Q52854908,Korea Art Education Association,Korean Society for the Study of Art Education,organization,37.491912,127.007795,http://www.wikidata.org/entity/Q52854908
Q52854914,Korean Social Science Data Center,KSDC,organization,37.486737,126.892473,http://www.wikidata.org/entity/Q52854914
Q52854936,International Fiscal Association Korea,IFA,organization,35.184139,128.106501,http://www.wikidata.org/entity/Q52854936
Q52854936,International Fiscal Association Korea,Korea International Taxation Association,organization,35.184139,128.106501,http://www.wikidata.org/entity/Q52854936
Q52854943,The Korean Institute of Communications and Information Sciencesy,KICS,learned society,37.48595,127.031363,http://www.wikidata.org/entity/Q52854943
Q52854943,The Korean Institute of Communications and Information Sciencesy,Korean Institute of Communications Information Sciences,learned society,37.48595,127.031363,http://www.wikidata.org/entity/Q52854943
Q52854943,The Korean Institute of Communications and Information Sciencesy,The Korean Institute of Communications Information Sciences,learned society,37.48595,127.031363,http://www.wikidata.org/entity/Q52854943
Q52854957,The Korean Association of Primary English Education,Korean Elementary English Education Society,organization,36.616157,127.484624,http://www.wikidata.org/entity/Q52854957
Q52854964,Korea Association for Social Welfare Studies,한국사회복지연구회,organization,37.463699,126.950837,http://www.wikidata.org/entity/Q52854964
Q52854979,Korean Association For Public Administration,KAPA,organization,37.574457,126.973539,http://www.wikidata.org/entity/Q52854979
Q52854979,Korean Association For Public Administration,The Korean Association for Public Administration,organization,37.574457,126.973539,http://www.wikidata.org/entity/Q52854979
Q52854979,Korean Association For Public Administration,The Korean Association For Public Administration,organization,37.574457,126.973539,http://www.wikidata.org/entity/Q52854979
Q52854990,Korea Internet e-Commerce Association,KIECA,organization,35.136902,129.107766,http://www.wikidata.org/entity/Q52854990
Q52854990,Korea Internet e-Commerce Association,Korea Internet Electronic Commerce Society,organization,35.136902,129.107766,http://www.wikidata.org/entity/Q52854990
Q52854230,Korean Association for Geography and Environmental Education,Korean Association of Geographic and Environmental Education,organization,35.182876,128.106672,http://www.wikidata.org/entity/Q52854230
Q52854230,Korean Association for Geography and Environmental Education,The Korean Association of Geographic and Environmental Education,organization,35.182876,128.106672,http://www.wikidata.org/entity/Q52854230
Q52854240,Intelligent Image and Information System,i3system,organization,36.388779,127.364464,http://www.wikidata.org/entity/Q52854240
Q52854249,Society of Korean Literary Therapy,The Society of Korean Literary Therapy,organization,37.555878,127.073773,http://www.wikidata.org/entity/Q52854249
Q52854249,Society of Korean Literary Therapy,The Society Of Korean Literary Therapy,organization,37.555878,127.073773,http://www.wikidata.org/entity/Q52854249
Q52854254,Korean Society for Industrial and Organizational Psychology,KSIOP,organization,37.281295,127.005903,http://www.wikidata.org/entity/Q52854254
Q52854306,Korean Institute of Interior Design,KIID,nonprofit organization,36.991445,127.156728,http://www.wikidata.org/entity/Q52854306
Q52854313,Korean Association of Comparative Criminal Law,KACCL,organization,34.889492,127.013558,http://www.wikidata.org/entity/Q52854313
Q52854321,Korea Society Of IT Services,KITS,organization,37.554681,126.99327,http://www.wikidata.org/entity/Q52854321
Q52854321,Korea Society Of IT Services,Korea Society of Information Technology Service,organization,37.554681,126.99327,http://www.wikidata.org/entity/Q52854321
Q52854329,Korea Environmental Policy and Administration Society,KEPAS,organization,37.582184,126.981275,http://www.wikidata.org/entity/Q52854329
Q52854329,Korea Environmental Policy and Administration Society,Korea Environmental Policy Institute,organization,37.582184,126.981275,http://www.wikidata.org/entity/Q52854329
Q52854343,The Korean Society of Contemporary European Studies,Korea European Institute,organization,37.598227,127.058133,http://www.wikidata.org/entity/Q52854343
Q52854343,The Korean Society of Contemporary European Studies,KSCES,organization,37.598227,127.058133,http://www.wikidata.org/entity/Q52854343
Q52854364,Korea Exercise Rehabilitation Association,KERA,nonprofit organization,37.502596,127.095549,http://www.wikidata.org/entity/Q52854364
Q52854364,Korea Exercise Rehabilitation Association,Korea Athletic Rehabilitation Association,nonprofit organization,37.502596,127.095549,http://www.wikidata.org/entity/Q52854364
Q52854373,Korean Scholars of Marketing Science,KSMS,organization,35.245637,128.691863,http://www.wikidata.org/entity/Q52854373
Q52854373,Korean Scholars of Marketing Science,Korean Academy of Marketing Science,organization,35.245637,128.691863,http://www.wikidata.org/entity/Q52854373
Q52854379,Korea Medical Devices Industrial Cooperative Association,KMDICA,organization,37.499524,127.03136,http://www.wikidata.org/entity/Q52854379
Q52854407,Korean Society for Consumer Studies,KSCS,organization,37.317489,126.865139,http://www.wikidata.org/entity/Q52854407
Q52854428,Korean Finance Association,KFA,organization,37.586537,126.978529,http://www.wikidata.org/entity/Q52854428
Q52854437,Korean Association of Middle Eastern Studies,Korean Middle East Society,organization,37.597336,127.057843,http://www.wikidata.org/entity/Q52854437
Q52854444,Korea Contents Association,KOCON,organization,36.356653,127.341997,http://www.wikidata.org/entity/Q52854444
Q52854455,Korea Financial Engineering Consulting (South Korea),KOFEC,business,37.546261,126.989515,http://www.wikidata.org/entity/Q52854455
Q52854470,The Modern English Drama Association of Korea,Korea Modern Anglo-American Drama Association,organization,37.564156,126.938895,http://www.wikidata.org/entity/Q52854470
Q52854478,Korean Financial Management Association,KFMA,organization,35.8314,128.532357,http://www.wikidata.org/entity/Q52854478
Q52854487,The Modern Linguistic Society Of Korea,Korea Modern Language Association,organization,36.369996,127.345923,http://www.wikidata.org/entity/Q52854487
Q52854487,The Modern Linguistic Society Of Korea,Korean Society for Modern Linguistics,organization,36.369996,127.345923,http://www.wikidata.org/entity/Q52854487
Q52854493,KG Chemical (South Korea),Gyeonggi Chemical,business,35.544651,129.311663,http://www.wikidata.org/entity/Q52854493
Q52854501,Korea Cosmetic Association,KCA,organization,37.558486,126.985418,http://www.wikidata.org/entity/Q52854501
Q52854501,Korea Cosmetic Association,Chosun Cosmetic Association,organization,37.558486,126.985418,http://www.wikidata.org/entity/Q52854501
Q52854501,Korea Cosmetic Association,Korean Cosmetic Industry Association,organization,37.558486,126.985418,http://www.wikidata.org/entity/Q52854501
Q52854538,Korean Counseling Association,KCA,organization,37.556853,126.983358,http://www.wikidata.org/entity/Q52854538
Q52854547,The Korean Association for Mongolian Studies,Korea Mongol Society,organization,37.544845,126.939978,http://www.wikidata.org/entity/Q52854547
Q52854551,The Korea Association of Foreign Language Education,KAFLE,organization,37.49709,126.941297,http://www.wikidata.org/entity/Q52854551
Q52854558,"Korean Alliance for Health, Physical Education, Recreation, and Dance",Korean Physical Education Society,organization,37.517497,127.129407,http://www.wikidata.org/entity/Q52854558
Q52854566,The Korean Association for Multicultural Education,KAME,organization,37.48478,126.927888,http://www.wikidata.org/entity/Q52854566
Q52854574,Culinary Institute of Korea,CIK,educational institution,37.459562,126.70455,http://www.wikidata.org/entity/Q52854574
Q52854582,Korean Music Therapy Association,KMTA,nonprofit organization,37.54639,126.96481,http://www.wikidata.org/entity/Q52854582
Q52854597,Korean Association of Public Safety and Criminal Justice,KAPC,organization,35.2187703,128.5636653,http://www.wikidata.org/entity/Q52854597
Q52854597,Korean Association of Public Safety and Criminal Justice,Korean Public Security Administration Association,organization,35.2187703,128.5636653,http://www.wikidata.org/entity/Q52854597
Q52854617,The Korea institute for Religion and Culture,KIRC,organization,37.487026,126.958883,http://www.wikidata.org/entity/Q52854617
Q52854632,Korea Drug Research Association,KDRA,nonprofit organization,37.527626,126.909522,http://www.wikidata.org/entity/Q52854632
Q52854632,Korea Drug Research Association,Korea New Drug Development Research Association,nonprofit organization,37.527626,126.909522,http://www.wikidata.org/entity/Q52854632
Q52854644,Korea IT Developer Cooperative,KODEC,organization,37.482881,126.894338,http://www.wikidata.org/entity/Q52854644
Q52854653,Korea Digital Design Council,KODDCO,organization,37.423776,127.1205,http://www.wikidata.org/entity/Q52854653
Q52854694,Korean Society for Digital Policy,SDPM,organization,36.801397,127.158811,http://www.wikidata.org/entity/Q52854694
Q52854703,Human Development Institute,HDI,organization,37.484072,127.042401,http://www.wikidata.org/entity/Q52854703
Q52854703,Human Development Institute,Korea Human Development Institute,organization,37.484072,127.042401,http://www.wikidata.org/entity/Q52854703
Q52854712,Korean Nuclear Society,KNS,organization,36.362615,127.337358,http://www.wikidata.org/entity/Q52854712
Q52843579,Korean Association of Real Estate Law,Korea Property Law Association,organization,37.873139,127.156793,http://www.wikidata.org/entity/Q52843579
Q52843582,Korean Ethics Education Association,KEEA,organization,35.190416,128.073637,http://www.wikidata.org/entity/Q52843582
Q52843587,The Korean Association for Christian Ethics,KACE,organization,37.193608,127.023045,http://www.wikidata.org/entity/Q52843587
Q52843590,The Korean Association of Ethics,Korean Association of Ethics,organization,37.572869,126.906581,http://www.wikidata.org/entity/Q52843590
Q52843592,Korean Urban Management Association,KRUMA,organization,37.58316,127.058669,http://www.wikidata.org/entity/Q52843592
Q52843594,The Korean Society of Greco-Roman Studies,Korean Society of Greco-Roman Studies,organization,37.573181,126.978551,http://www.wikidata.org/entity/Q52843594
Q52843599,Korean Association of Women's History,Korea Women's History Society,organization,37.424206,126.979685,http://www.wikidata.org/entity/Q52843599
Q52843607,Korean Association of Physical Education and Sport for Girls and Women,Korean Women's Sports Association,organization,37.521938,127.116477,http://www.wikidata.org/entity/Q52843607
Q52843612,Korean Society of Design Science,KSDC,organization,37.413205,127.123235,http://www.wikidata.org/entity/Q52843612
Q52843616,Korean Association of Sport Pedagogy,Korea Sports Education Society,organization,37.559574,126.981298,http://www.wikidata.org/entity/Q52843616
Q52843616,Korean Association of Sport Pedagogy,Korean Society of Sports Education,organization,37.559574,126.981298,http://www.wikidata.org/entity/Q52843616
Q52843617,Korean Association of Russists,KAR,organization,37.586379,127.031203,http://www.wikidata.org/entity/Q52843617
Q52843617,Korean Association of Russists,Korean Russian Literature Society,organization,37.586379,127.031203,http://www.wikidata.org/entity/Q52843617
Q52843619,The Korean Association of Sports and Entertainment Law,KASEL,organization,37.557397,126.988851,http://www.wikidata.org/entity/Q52843619
Q52843620,The Korean Society for the Philosophy of Science,KSPS,organization,37.460534,126.953555,http://www.wikidata.org/entity/Q52843620
Q52843621,Korean Society For Early Childhood Education,KSECE,organization,37.451077,127.128804,http://www.wikidata.org/entity/Q52843621
Q52843621,Korean Society For Early Childhood Education,The Korean Society for Early Childhood Education,organization,37.451077,127.128804,http://www.wikidata.org/entity/Q52843621
Q52843621,Korean Society For Early Childhood Education,The Korean Society For Early Childhood Education,organization,37.451077,127.128804,http://www.wikidata.org/entity/Q52843621
Q52843625,Korean Association of Exercise Physiology,The Korean Society of Exercise Physiology,organization,36.351634,127.422552,http://www.wikidata.org/entity/Q52843625
Q52843728,Dongak Art History Association,Dongak Art History Society,organization,37.551705,127.003248,http://www.wikidata.org/entity/Q52843728
Q52843728,Dongak Art History Association,Dongak History Society,organization,37.551705,127.003248,http://www.wikidata.org/entity/Q52843728
Q52843730,The Korean History Education Society,History Education Research Society,organization,36.002477,127.729857,http://www.wikidata.org/entity/Q52843730
Q52852875,The Society of Modern Literature Theory,The Korean Literary Theory Society of Korea,organization,36.369319,127.344298,http://www.wikidata.org/entity/Q52852875
Q52852882,East Asia Institute,EAI,nonprofit organization,37.574387894,126.966347305,http://www.wikidata.org/entity/Q52852882
Q52852882,East Asia Institute,East Asia Research Foundation,nonprofit organization,37.574387894,126.966347305,http://www.wikidata.org/entity/Q52852882
Q52852891,Innovation Performance Group (South Korea),IP,business,37.572131,126.995837,http://www.wikidata.org/entity/Q52852891
Q52852979,Boditech Med (South Korea),Body Texmed,business,37.868987,127.781434,http://www.wikidata.org/entity/Q52852979
Q52852997,Ecosense (South Korea),Yonsei Ecosense Co. Ltd,business,37.487159,126.898757,http://www.wikidata.org/entity/Q52852997
Q52853005,Jeonnam Bioindustry Foundation,JBF,facility,35.017276,126.710479,http://www.wikidata.org/entity/Q52853005
Q52853013,Adone (South Korea),"Ed One Co., Ltd",business,37.394619,126.963848,http://www.wikidata.org/entity/Q52853013
Q52853019,International Tuberculosis Research Center,ITRC,facility,35.169274,128.568102,http://www.wikidata.org/entity/Q52853019
Q52853027,Center of Excellence in Wireless & Information Technology,CEWIT,organization,37.375559,126.668016,http://www.wikidata.org/entity/Q52853027
Q52853036,Alteogen (South Korea),Alteogen Inc.,business,36.404483,127.387862,http://www.wikidata.org/entity/Q52853036
Q52853041,Korea Medicine Research Institute,KMRI,facility,37.440378,127.172425,http://www.wikidata.org/entity/Q52853041
Q52853049,Busan Development Institute,BDI,think tank,35.175239,129.072454,http://www.wikidata.org/entity/Q52853049
Q52853061,Busan Digital University,BDU,educational institution,35.146382,129.009582,http://www.wikidata.org/entity/Q52853061
Q52853070,Korea Foundation for Max Planck POSTECH,Korea Foundation for Max Planck POSTECH/Korea Research Initiative,nonprofit organization,36.029276,129.366164,http://www.wikidata.org/entity/Q52853070
Q52853081,English Language and Literature Association of Korea,ELLAK,organization,37.569697,126.974876,http://www.wikidata.org/entity/Q52853081
Q52853109,Partron (South Korea),Parts for Electron,business,37.213274,127.077539,http://www.wikidata.org/entity/Q52853109
Q55727757,Japanese-style House in Sinheung-dong,Hirotsu House,cultural heritage,35.98625,126.7063,http://www.wikidata.org/entity/Q55727757
Q55728446,Daepo Seowon,Daeposeowon,seowon,37.616944444,126.629444444,http://www.wikidata.org/entity/Q55728446
Q55728446,Daepo Seowon,Gimpo Daepo Seowon,seowon,37.616944444,126.629444444,http://www.wikidata.org/entity/Q55728446
Q55728607,Nagangaeksa,Nagang Gaeksa,cultural heritage,34.907222222,127.341111111,http://www.wikidata.org/entity/Q55728607
Q55729266,Dong-a Digital Media Center,DDMC,building,37.579038,126.89356,http://www.wikidata.org/entity/Q55729266
Q55729266,Dong-a Digital Media Center,Donga Digital Media Center,building,37.579038,126.89356,http://www.wikidata.org/entity/Q55729266
Q55729727,Yaksasa,Mokpo Yaksasa,historic site,34.785555555,126.383888888,http://www.wikidata.org/entity/Q55729727
Q55729809,Munmun's Janggunbongsanseong Fortress,Janggunbongsanseong,fortress,36.4575,127.493333333,http://www.wikidata.org/entity/Q55729809
Q30280617,Kangbuk Samsung Hospital,KBSMC,hospital,37.568589,126.96786,http://www.wikidata.org/entity/Q30280617
Q30280977,Daejeon Sun Hospital,Sun Medical Center,hospital,36.335916,127.410433,http://www.wikidata.org/entity/Q30280977
Q30281688,Gyeongsangnam-do Agricultural Research and Extension Services,GBA,facility,35.957947,128.561179,http://www.wikidata.org/entity/Q30281688
Q30281688,Gyeongsangnam-do Agricultural Research and Extension Services,GARES,facility,35.957947,128.561179,http://www.wikidata.org/entity/Q30281688
Q30282142,National Institute of Agricultural Science and Technology,NIAST,organization,37.264525,126.987921,http://www.wikidata.org/entity/Q30282142
Q30282224,National Rehabilitation Center,NRC,facility,37.640762,127.016462,http://www.wikidata.org/entity/Q30282224
Q30293662,Jungwon University,JWU,educational institution,36.819821,127.799261,http://www.wikidata.org/entity/Q30293662
Q30294683,Korea Christian University,KCU,educational institution,37.548866,126.854809,http://www.wikidata.org/entity/Q30294683
Q30296313,Korea Brain Research Institute,KBRI,facility,35.705534,128.457048,http://www.wikidata.org/entity/Q30296313
Q30296319,Korea Institute of Drug Safety and Risk Management,KIDS,medical organization,37.397396,126.960876,http://www.wikidata.org/entity/Q30296319
Q30296538,Korea Health Industry Development Institute,KHIDI,government agency,37.511086,126.951416,http://www.wikidata.org/entity/Q30296538
Q30296555,Korea Research Council for Industrial Science and Technology,KRCF,facility,37.483289,127.029206,http://www.wikidata.org/entity/Q30296555
Q30296609,Korea Environmental Industry and Technology Institute,KEITI,government agency,37.559165,126.986967,http://www.wikidata.org/entity/Q30296609
Q30296612,National Radio Research Agency,RRA,government agency,34.989295,126.718891,http://www.wikidata.org/entity/Q30296612
Q30296819,Korean Diabetes Association,KDA,nonprofit organization,37.543946,126.952829,http://www.wikidata.org/entity/Q30296819
Q30296867,National Evidenc- based healthcare Collaborating Agency,NECA,government agency,37.575746,126.997902,http://www.wikidata.org/entity/Q30296867
Q30297076,Social Security Information Service,SSIS,organization,37.561751,126.991058,http://www.wikidata.org/entity/Q30297076
Q30297084,National Health Insurance Service,NHIS,organization,37.544096,126.947551,http://www.wikidata.org/entity/Q30297084
Q30297095,Korea Drug Development Fund,KDDF,organization,37.565613,126.965925,http://www.wikidata.org/entity/Q30297095
Q30601154,Statue of King Sejong,Statue of King Sejong at Gwanghwamun Plaza,monument,37.572823,126.976878,http://www.wikidata.org/entity/Q30601154
Q31176846,Gyeongju Hwabaek International Convention Center,HICO,convention center,35.8383,129.2879,http://www.wikidata.org/entity/Q31176846
Q31177147,Daegu Bususeongbi,Daegu Bususeongbi monument,cultural heritage,35.875277777,128.658333333,http://www.wikidata.org/entity/Q31177147
Q31177152,Triad Buddha Statue,Statue of the three Buddhas,statue,37.558333333,126.999722222,http://www.wikidata.org/entity/Q31177152
Q31177537,Jeju Mu Tae Eel Habitat,Jeju marbled eel habitat,cultural heritage,33.268333333,126.552777777,http://www.wikidata.org/entity/Q31177537
Q31178190,Joseon Cuisine,Joseon cooking methods,cultural heritage,37.590555555,127.027777777,http://www.wikidata.org/entity/Q31178190
Q31178190,Joseon Cuisine,Joseon Recipes,cultural heritage,37.590555555,127.027777777,http://www.wikidata.org/entity/Q31178190
Q31178299,Songdo Moonlight Festival Park station,Songdo Landmark City station,metro station,37.4068054,126.6261064,http://www.wikidata.org/entity/Q31178299
Q52856123,Korea Economic Law Association,Korea Economic Law Society,organization,37.588278,126.993595,http://www.wikidata.org/entity/Q52856123
Q52856134,Mokpo Science University,MSU,educational institution,34.807421,126.409265,http://www.wikidata.org/entity/Q52856134
Q52856137,Philosophy Of Education Society Of Korea,Korean Education Philosophy Association,organization,35.154198,128.098009,http://www.wikidata.org/entity/Q52856137
Q52856137,Philosophy Of Education Society Of Korea,PESK,organization,35.154198,128.098009,http://www.wikidata.org/entity/Q52856137
Q52856140,The Korean Educational Administration Society,KEAS,organization,37.565844,126.938551,http://www.wikidata.org/entity/Q52856140
Q52856140,The Korean Educational Administration Society,Korean Educational Administration Society,organization,37.565844,126.938551,http://www.wikidata.org/entity/Q52856140
Q52856140,The Korean Educational Administration Society,Korean Society for Educational Administration,organization,37.565844,126.938551,http://www.wikidata.org/entity/Q52856140
Q52856152,Korea Open Association Early Childhood Education,KOAECE,organization,37.769802,128.869883,http://www.wikidata.org/entity/Q52856152
Q52856152,Korea Open Association Early Childhood Education,Korea Open Association for Early Childhood Education,organization,37.769802,128.869883,http://www.wikidata.org/entity/Q52856152
Q52856156,Korean Society For Curriculum Studies,KSCS,organization,37.589947,127.017854,http://www.wikidata.org/entity/Q52856156
Q52855580,Korean Housing Association,The Korean Housing Association,organization,37.479847,126.979643,http://www.wikidata.org/entity/Q52855580
Q52856123,Korea Economic Law Association,KELA,organization,37.588278,126.993595,http://www.wikidata.org/entity/Q52856123
Q52855489,Korean Literature Theory and Criticism Society,Association Of Korean Literary Theory And Criticism,organization,35.903542,128.851233,http://www.wikidata.org/entity/Q52855489
Q52855489,Korean Literature Theory and Criticism Society,The Association Of Korean Literary Theory And Criticism,organization,35.903542,128.851233,http://www.wikidata.org/entity/Q52855489
Q52855502,The Korean Society for Gifted and Talented,Korean Gifted Education Society,organization,37.443992,129.171717,http://www.wikidata.org/entity/Q52855502
Q52855507,The Korean Social and Personality Psychological Association,Korean Society and Personality Psychology Society,organization,37.503981,126.962708,http://www.wikidata.org/entity/Q52855507
Q52855530,Korean Historical Folklore Institute,Korean Historical Folklore Society,organization,37.487365,126.950425,http://www.wikidata.org/entity/Q52855530
Q52855536,Korean Society For The Study Of Physical Education,KSSPE,organization,35.176991,126.908526,http://www.wikidata.org/entity/Q52855536
Q52855546,Korea-China Science & Technology Cooperation Center,KOSTEC,government agency,37.661758,126.766833,http://www.wikidata.org/entity/Q52855546
Q52855553,Korean Home Economics Education Association,KHEEA,organization,36.630451,127.49476,http://www.wikidata.org/entity/Q52855553
Q52855562,The Korean Society for the Study of Career Education,Korean Society for Career Education,organization,36.769756,126.931669,http://www.wikidata.org/entity/Q52855562
Q52855569,Korean Social Theory Association,KSTA,organization,37.546645,126.964788,http://www.wikidata.org/entity/Q52855569
Q52855580,Korean Housing Association,KHA,organization,37.479847,126.979643,http://www.wikidata.org/entity/Q52855580
Q52855584,Korean Accounting Association,KAA,organization,37.564025,126.963877,http://www.wikidata.org/entity/Q52855584
Q52855589,Tax Law Association,TLA,organization,37.487837,127.003627,http://www.wikidata.org/entity/Q52855589
Q52855604,The Korean Society for the Study of Teacher Education,KSSTE,organization,35.16533,126.931571,http://www.wikidata.org/entity/Q52855604
Q52855628,Korean Theatre Education Association,KAFTE,organization,37.582723,127.005103,http://www.wikidata.org/entity/Q52855628
Q52855632,The Korean Society for School Science,Korean Society for Field Science Education,organization,37.469138,126.938495,http://www.wikidata.org/entity/Q52855632
Q52855637,Urban Design Institute of Korea,UDIK,organization,37.502706,127.030665,http://www.wikidata.org/entity/Q52855637
Q52855644,The Society of Study for Korean Music Education,South Korea Traditional Music Education Research Institute,organization,37.005005,127.229794,http://www.wikidata.org/entity/Q52855644
Q52855644,The Society of Study for Korean Music Education,SSKME,organization,37.005005,127.229794,http://www.wikidata.org/entity/Q52855644
Q52855650,The Korean Society of International Law,KSIL,organization,37.561303,126.966187,http://www.wikidata.org/entity/Q52855650
Q52855657,Korean Society of Interpretation and Translation Studies,KSCI,organization,38.017063,127.061108,http://www.wikidata.org/entity/Q52855657
Q52855685,The Korean Language And Culture Education Society,KLACES,organization,35.227828,129.055728,http://www.wikidata.org/entity/Q52855685
Q52855704,The Society of Living Environment System,KSLES,nonprofit organization,37.477706,126.988648,http://www.wikidata.org/entity/Q52855704
Q52855715,Korea-American Association,KAA,organization,37.477712,127.044116,http://www.wikidata.org/entity/Q52855715
Q52855730,Korean Social History Association,Korean Society for Social History,organization,37.588515,127.021571,http://www.wikidata.org/entity/Q52855730
Q52855739,Korean Arabic Literature Society,Korean Association of Arabic Language & Literature,organization,35.142743,126.934766,http://www.wikidata.org/entity/Q52855739
Q52855744,The Sociolinguistic Society of Korea,Korean Society for Social Linguistics,organization,37.566028,126.938406,http://www.wikidata.org/entity/Q52855744
Q52855761,Korea International Trade Research Institute,KITRI,research institute,37.568902,126.911686,http://www.wikidata.org/entity/Q52855761
Q52855761,Korea International Trade Research Institute,Korea International Trade and Strategy Research Institute,research institute,37.568902,126.911686,http://www.wikidata.org/entity/Q52855761
Q52855773,The Korean Association for Local Government & Administration Studies,Chonbuk National Association for Public Administration,organization,37.483615,127.029363,http://www.wikidata.org/entity/Q52855773
Q52855773,The Korean Association for Local Government & Administration Studies,KALGAS,organization,37.483615,127.029363,http://www.wikidata.org/entity/Q52855773
Q52855773,The Korean Association for Local Government & Administration Studies,Korea Association for Public Administration Jeonbuk Branch,organization,37.483615,127.029363,http://www.wikidata.org/entity/Q52855773
Q52855773,The Korean Association for Local Government & Administration Studies,Korean Association of Local Administrations,organization,37.483615,127.029363,http://www.wikidata.org/entity/Q52855773
Q52855779,Korean Academy of Social Welfare,KASW,organization,37.520409,126.923428,http://www.wikidata.org/entity/Q52855779
Q52855779,Korean Academy of Social Welfare,Korean Academy of Social Work,organization,37.520409,126.923428,http://www.wikidata.org/entity/Q52855779
Q52855779,Korean Academy of Social Welfare,Korean Society for Social Welfare,organization,37.520409,126.923428,http://www.wikidata.org/entity/Q52855779
Q52855787,Korean Association Of Social Welfare Policy,Korean Society for Social Welfare Policy,organization,37.504999,126.957335,http://www.wikidata.org/entity/Q52855787
Q52855801,Korean Association of Space & Environment Research,Korean Society for Space and Environmental Research,organization,37.57302,126.979118,http://www.wikidata.org/entity/Q52855801
Q52855801,Korean Association of Space & Environment Research,Korean Society for Spatial Environments,organization,37.57302,126.979118,http://www.wikidata.org/entity/Q52855801
Q52855801,Korean Association of Space & Environment Research,The Korean Association of Space and Environment Research,organization,37.57302,126.979118,http://www.wikidata.org/entity/Q52855801
Q52855807,The Linguistic Society of Korea,LSK,organization,37.651254,126.832347,http://www.wikidata.org/entity/Q52855807
Q52855825,Korean Society for Journalism and Communication Studies,Korean Society For Journalism And Communication Studies,nonprofit organization,37.567448,126.977816,http://www.wikidata.org/entity/Q52855825
Q52855825,Korean Society for Journalism and Communication Studies,Korean Society for the Study of Journalism,nonprofit organization,37.567448,126.977816,http://www.wikidata.org/entity/Q52855825
Q52855825,Korean Society for Journalism and Communication Studies,KSJCS,nonprofit organization,37.567448,126.977816,http://www.wikidata.org/entity/Q52855825
Q52855825,Korean Society for Journalism and Communication Studies,KSJSC,nonprofit organization,37.567448,126.977816,http://www.wikidata.org/entity/Q52855825
Q52856159,Korean Cultural Dynamics,Oriental Culture Institute,organization,35.43003,129.145693,http://www.wikidata.org/entity/Q52856159
Q52856167,The Society Eastern Philosophy,Oriental Philosophy Research Society,organization,37.589196,126.99352,http://www.wikidata.org/entity/Q52856167
Q52856170,Nano-Convergence Foundation,NCF,organization,37.568827,126.97855,http://www.wikidata.org/entity/Q52856170
Q52856173,Nano Technology Research Association,NTRA,organization,37.568827,126.977177,http://www.wikidata.org/entity/Q52856173
Q52856178,Seoul Media Institute of Technology,Seoul Media Graduate University,educational institution,37.558302,126.846928,http://www.wikidata.org/entity/Q52856178
Q52856182,Manchurian Society,The Manchurian Studies Association,organization,37.009946,127.279823,http://www.wikidata.org/entity/Q52856182
Q52856210,The Society of Philosophical Studies,Philosophical Research Society,organization,36.355561,127.420973,http://www.wikidata.org/entity/Q52856210
Q52856213,Scientists and Engineers Without Borders,SEWB,organization,37.563929,126.979238,http://www.wikidata.org/entity/Q52856213
Q52856224,Pohang TechnoPark (South Korea),PTP,business,36.037367,129.31458,http://www.wikidata.org/entity/Q52856224
Q52856232,Vitzro Tech (South Korea),Kwang Myung Electric Engineering,business,37.534283,126.981275,http://www.wikidata.org/entity/Q52856232
Q52856235,YD Global Life Science,Waidi Life Science (South Korea),business,37.442116,127.177552,http://www.wikidata.org/entity/Q52856235
Q52856235,YD Global Life Science,YD Global Life Science (South Korea),business,37.442116,127.177552,http://www.wikidata.org/entity/Q52856235
Q52856235,YD Global Life Science,YDGLS,business,37.442116,127.177552,http://www.wikidata.org/entity/Q52856235
Q52856238,Worldwide Intellectual Property Service (South Korea),WIPS,business,37.577294,126.897778,http://www.wikidata.org/entity/Q52856238
Q52856245,Sungsan Hyodo Graduate School,Seongsan Effect Graduate University,educational institution,37.466333,126.695995,http://www.wikidata.org/entity/Q52856245
Q52856249,Wonbiogen,Won Biogen,facility,36.106537,128.376337,http://www.wikidata.org/entity/Q52856249
Q52856256,Woo Young Medical (South Korea),WYM,business,36.868671,127.470704,http://www.wikidata.org/entity/Q52856256
Q52856266,The Society of Service Science,Service Science Research Society,organization,37.492908,127.114847,http://www.wikidata.org/entity/Q52856266
Q52856266,The Society of Service Science,SOSS,organization,37.492908,127.114847,http://www.wikidata.org/entity/Q52856266
Q52856266,The Society of Service Science,Korean Society for Service Science,organization,37.492908,127.114847,http://www.wikidata.org/entity/Q52856266
Q52856266,The Society of Service Science,The Korean Society for Service Science,organization,37.492908,127.114847,http://www.wikidata.org/entity/Q52856266
Q52856271,U-Tel (South Korea),UT,business,37.352945,126.959929,http://www.wikidata.org/entity/Q52856271
Q52856282,SFC (South Korea),SAM WOO LAMINEX CO,business,36.589555,126.610707,http://www.wikidata.org/entity/Q52856282
Q52856291,Sharing and Technologies Incorporated (South Korea),STI,business,36.348313,127.414689,http://www.wikidata.org/entity/Q52856291
Q52856300,Daedong Han Literary Society,Daedong Han Literary Association,organization,35.833338,128.757489,http://www.wikidata.org/entity/Q52856300
Q52856303,Korea Intelligent Information Systems Society,Korea intelligent information,organization,37.56281,126.946701,http://www.wikidata.org/entity/Q52856303
Q52856311,The Korean Social Security Association,KSSA,organization,37.460325,126.951819,http://www.wikidata.org/entity/Q52856311
Q52856314,Korean Speech-Language & Hearing Association,KSHA,organization,35.164931,129.042948,http://www.wikidata.org/entity/Q52856314
Q52856314,Korean Speech-Language & Hearing Association,Korea Language Therapy Association,organization,35.164931,129.042948,http://www.wikidata.org/entity/Q52856314
Q52856317,The Japanese Culture Association of Korea,Japan Cultural Society,organization,36.336287,127.421878,http://www.wikidata.org/entity/Q52856317
Q52856317,The Japanese Culture Association of Korea,JCAK,organization,36.336287,127.421878,http://www.wikidata.org/entity/Q52856317
Q52856326,Japanese Language & Culture Association of Korea,JLC Korean Language and Culture Association,organization,37.450905,126.652987,http://www.wikidata.org/entity/Q52856326
Q52856326,Japanese Language & Culture Association of Korea,Society of Japanese Language and Culture,organization,37.450905,126.652987,http://www.wikidata.org/entity/Q52856326
Q52856330,The Society for the Studies of Silla History,Shilla Sociology Association,organization,37.424197,126.979685,http://www.wikidata.org/entity/Q52856330
Q52856330,The Society for the Studies of Silla History,Silla Historical Society,organization,37.424197,126.979685,http://www.wikidata.org/entity/Q52856330
Q52856334,The Korean Association of General Education,Korean Education Educational Society,organization,37.55606,126.984022,http://www.wikidata.org/entity/Q52856334
Q52856338,Korea Association of japanology,KAJA,organization,37.461023,126.951777,http://www.wikidata.org/entity/Q52856338
Q52856338,Korea Association of japanology,The Japan Society of Japanese Studies,organization,37.461023,126.951777,http://www.wikidata.org/entity/Q52856338
Q52856345,Society for Korean Ancient History,Korea Antiquities Society,organization,37.561383,126.995523,http://www.wikidata.org/entity/Q52856345
Q52856345,Society for Korean Ancient History,Korean Society for Ancient History Study,organization,37.561383,126.995523,http://www.wikidata.org/entity/Q52856345
Q52856350,The Society for Teaching English through Media,STEM,organization,37.611018,126.997611,http://www.wikidata.org/entity/Q52856350
Q52856350,The Society for Teaching English through Media,Video English Education Association,organization,37.611018,126.997611,http://www.wikidata.org/entity/Q52856350
Q52856354,Dongyang Hanmoon Association,Oriental Literary Society,organization,35.168779,128.995786,http://www.wikidata.org/entity/Q52856354
Q52856369,Association of Western Art History,Western Art History Society,organization,37.524165,126.912124,http://www.wikidata.org/entity/Q52856369
Q52856373,Korean Society of Modern Philosophy,Western Philosophy Society,organization,37.59204,127.027691,http://www.wikidata.org/entity/Q52856373
Q52856376,The Korean Society for Industrial Education,Korea Industrial Education Association,organization,37.565827,126.93854,http://www.wikidata.org/entity/Q52856376
Q52856376,The Korean Society for Industrial Education,Korea Society And Training Development,organization,37.565827,126.93854,http://www.wikidata.org/entity/Q52856376
Q52855830,The Korean Academic Society of Business Administration And Law,KASBAL,organization,37.58694,127.020956,http://www.wikidata.org/entity/Q52855830
Q52855830,The Korean Academic Society of Business Administration And Law,Korean Business Law Institute,organization,37.58694,127.020956,http://www.wikidata.org/entity/Q52855830
Q52855830,The Korean Academic Society of Business Administration And Law,Korean Business Law Society,organization,37.58694,127.020956,http://www.wikidata.org/entity/Q52855830
Q52855840,Korea Association of Chinese Language Education,Korean Chinese Education Society,organization,37.654326,127.056713,http://www.wikidata.org/entity/Q52855840
Q52855844,Korean Association For Local Government Studies,KALGS,organization,37.560255,126.963608,http://www.wikidata.org/entity/Q52855844
Q52855844,Korean Association For Local Government Studies,Korea Local Autonomous Society,organization,37.560255,126.963608,http://www.wikidata.org/entity/Q52855844
Q52855858,Korean Society of Civil Engineers,KSCE,organization,37.502934,127.12773,http://www.wikidata.org/entity/Q52855858
Q52855869,Korean Logistics Research Association,KLRA,organization,36.843133,127.145047,http://www.wikidata.org/entity/Q52855869
Q52855869,Korean Logistics Research Association,Korean Logistics Association,organization,36.843133,127.145047,http://www.wikidata.org/entity/Q52855869
Q52855876,The Korea Association for Han-Character and Classical Written Language Education,Korean Chinese Character Education Association,organization,36.565967,127.529755,http://www.wikidata.org/entity/Q52855876
Q52855882,Korean Marketing Association,KMA,organization,37.592492,127.031773,http://www.wikidata.org/entity/Q52855882
Q52855882,Korean Marketing Association,Korean marketing society,organization,37.592492,127.031773,http://www.wikidata.org/entity/Q52855882
Q52855887,Korea International Understanding Education Society,Korea Institute of International Understanding Education,organization,37.868103,127.744213,http://www.wikidata.org/entity/Q52855887
Q52855896,Medieval and Early Modern English Studies Association of Korea,Korean Medieval Renaissance English Society,organization,37.497652,126.956664,http://www.wikidata.org/entity/Q52855896
Q52855896,Medieval and Early Modern English Studies Association of Korea,MEMESAK,organization,37.497652,126.956664,http://www.wikidata.org/entity/Q52855896
Q52855901,The Korean Society of Eastern Art Studies,Korean Society of Oriental Arts,organization,37.587319,126.992955,http://www.wikidata.org/entity/Q52855901
Q52855907,The Korean Society of Sports Science,Korean Society of Physical Education,organization,37.567868,126.96761,http://www.wikidata.org/entity/Q52855907
Q52855926,Korean Association for History of Modern Art,Contemporary Art History Society,organization,37.5628,126.918254,http://www.wikidata.org/entity/Q52855926
Q52855926,Korean Association for History of Modern Art,KAHOMA,organization,37.5628,126.918254,http://www.wikidata.org/entity/Q52855926
Q52855933,Korean Association Of Science and Technology Studies,Korea Institute of Science and Technology,organization,37.560349,126.996351,http://www.wikidata.org/entity/Q52855933
Q52855941,The Modern English Society of Korea,MESK,organization,37.587081,126.981275,http://www.wikidata.org/entity/Q52855941
Q52855949,Masan University,Masan Nursing High-Tech School,educational institution,35.259738,128.505154,http://www.wikidata.org/entity/Q52855949
Q52855956,The Korean Association of Literature and Film,Literature and Imaging Society,organization,37.505236,126.956868,http://www.wikidata.org/entity/Q52855956
Q52855956,The Korean Association of Literature and Film,Literature and Visual Society,organization,37.505236,126.956868,http://www.wikidata.org/entity/Q52855956
Q52855970,Korean Classics Research Society,The Research of the Korean Classic,organization,37.585956,127.004327,http://www.wikidata.org/entity/Q52855970
Q52855977,The Society of Korean Literary Criticism,Korean Critical Literature Association,organization,37.56689,126.938357,http://www.wikidata.org/entity/Q52855977
Q52855982,Modern Korean Literature Association,Modern Korean Literature Assocation,organization,37.621975,127.060077,http://www.wikidata.org/entity/Q52855982
Q52855990,Korean Cognitive and Biological Psychology Society,Korean Cognitive and Biological Psychology Association,organization,37.870026,127.743375,http://www.wikidata.org/entity/Q52855990
Q52856011,Korea Communication Association,KCA,organization,37.503952,127.007986,http://www.wikidata.org/entity/Q52856011
Q52856011,Korea Communication Association,Korean Communication Society,organization,37.503952,127.007986,http://www.wikidata.org/entity/Q52856011
Q52856034,Korea Society of Comparision Labor Law,Korean Comparative Labor Law Association,organization,37.434216,127.138812,http://www.wikidata.org/entity/Q52856034
Q52856051,Korea Institute of Human Resources Development,KIRD,organization,36.630451,127.499567,http://www.wikidata.org/entity/Q52856051
Q52856051,Korea Institute of Human Resources Development,National Science and Technology Development Center,organization,36.630451,127.499567,http://www.wikidata.org/entity/Q52856051
Q52856061,NC bit (South Korea),"BioBud.Co.,Ltd",business,37.404895,127.10516,http://www.wikidata.org/entity/Q52856061
Q52856067,Korea Sensor Technology (South Korea),KST,business,37.523392,126.935957,http://www.wikidata.org/entity/Q52856067
Q52856074,Korea Counseling Psychology Association,KCPA,organization,37.545428,127.055657,http://www.wikidata.org/entity/Q52856074
Q52856074,Korea Counseling Psychology Association,Korean Association for Counseling Psychology,organization,37.545428,127.055657,http://www.wikidata.org/entity/Q52856074
Q52856074,Korea Counseling Psychology Association,Korean Psychological Society,organization,37.545428,127.055657,http://www.wikidata.org/entity/Q52856074
Q52856085,The Korean Criminal Law Association,Korean Criminal Law Society,organization,37.557283,127.04529,http://www.wikidata.org/entity/Q52856085
Q52856094,The Modern English Education Society,MEESO,organization,37.282168,127.046334,http://www.wikidata.org/entity/Q52856094
Q52856101,The Korean Society for Culture and Arts Education Studies,Korean Culture Education Society,organization,37.395091,126.95679,http://www.wikidata.org/entity/Q52856101
Q52856109,The Society for Dance Documentation & History,Dance Documentation & History,organization,37.852529,128.15367,http://www.wikidata.org/entity/Q52856109
Q52856109,The Society for Dance Documentation & History,Dance Society of History,organization,37.852529,128.15367,http://www.wikidata.org/entity/Q52856109
Q52856119,The Association of North-east Asian Cultures,Northeast Asian Cultural Society,organization,35.145332,129.083174,http://www.wikidata.org/entity/Q52856119
Q36875327,WonKwang Health Science University,WHSU,educational institution,35.97981,126.948504,http://www.wikidata.org/entity/Q36875327
Q36875421,Korea Meteorological Institute,KMI,nonprofit organization,37.555764,126.982673,http://www.wikidata.org/entity/Q36875421
Q36875421,Korea Meteorological Institute,Korea Meteorological Industry Promotion Agency,nonprofit organization,37.555764,126.982673,http://www.wikidata.org/entity/Q36875421
Q36875434,Korea Breast Cancer Foundation,KBCF,organization,37.529614,126.969056,http://www.wikidata.org/entity/Q36875434
Q37437678,Dream Cinema,Hwayang Theatre,movie theater,37.5791158,126.9367789,http://www.wikidata.org/entity/Q37437678
Q37437709,Silver Theater,Hollywood Theater,movie theater,37.5716283,126.9862655,http://www.wikidata.org/entity/Q37437709
Q38300756,CJ Cup,The CJ Cup,golf tournament,36.2577,-115.1059,http://www.wikidata.org/entity/Q38300756
Q38300756,CJ Cup,THE CJ CUP @ NINE BRIDGES,golf tournament,36.2577,-115.1059,http://www.wikidata.org/entity/Q38300756
Q39073397,Busanwondong Station,Busanwondong station,railway station,35.193611111,129.114166666,http://www.wikidata.org/entity/Q39073397
Q40847556,Incheon Nonhyeon Police Station,Nonhyeon Police Station,police station,37.403741,126.715364,http://www.wikidata.org/entity/Q40847556
Q41568284,Institute for Advanced Engineering,IAE,facility,37.141199,127.414094,http://www.wikidata.org/entity/Q41568284
Q42156270,Two International Finance Center,Two International Finance Centre,tower block,37.52516389,126.92501944,http://www.wikidata.org/entity/Q42156270
Q42156270,Two International Finance Center,2IFC Seoul,tower block,37.52516389,126.92501944,http://www.wikidata.org/entity/Q42156270
Q42186073,Jeonju Indoor Ice Rink,Hwasan Ice Arena,indoor ice rink,35.822,127.124,http://www.wikidata.org/entity/Q42186073
Q42186073,Jeonju Indoor Ice Rink,Hwasan Indoor Ice Rink,indoor ice rink,35.822,127.124,http://www.wikidata.org/entity/Q42186073
Q42186214,Yongpyong Dome,Yongpyong Indoor Ice Rink,indoor ice rink,37.658,128.696,http://www.wikidata.org/entity/Q42186214
Q42682661,Kumhwa,"Kumwha, Korea",locality,38.2,127.467,http://www.wikidata.org/entity/Q42682661
Q52857488,Korean Association of Political Economy,KJPE,organization,37.576841,126.969857,http://www.wikidata.org/entity/Q52857488
Q52857504,The Japanese Language Literature Association of Korea,Korean Literature Society of Korea,organization,35.846846,127.129363,http://www.wikidata.org/entity/Q52857504
Q52857511,Kyung Hee University Hospital at Gangdong,KUIMS,hospital,37.55459,127.157561,http://www.wikidata.org/entity/Q52857511
Q54228877,May 2018 inter-Korean summit,2018 inter-Korean summit,inter-Korean summits,37.96,126.68,http://www.wikidata.org/entity/Q54228877
Q54828153,Cheongsong,Cheongsong Geopark,UNESCO Global Geopark,36.436111111,129.056944444,http://www.wikidata.org/entity/Q54828153
Q54828170,Mudeungsan UNESCO Global Geopark,Mudeungsan Area,UNESCO Global Geopark,35.134166666,126.955555555,http://www.wikidata.org/entity/Q54828170
Q54828170,Mudeungsan UNESCO Global Geopark,Mudeungsan Geopark,UNESCO Global Geopark,35.134166666,126.955555555,http://www.wikidata.org/entity/Q54828170
Q55085490,Hongsanhyeon Gwana,Buyeo Hongsanhyeon Government Office,cultural heritage,36.214722222,126.755277777,http://www.wikidata.org/entity/Q55085490
Q52856379,SP Technology (South Korea),SPTek,business,37.57046,126.972372,http://www.wikidata.org/entity/Q52856379
Q52856384,Korea Academic Society of Tourism Management,KASTM,organization,36.582544,126.662089,http://www.wikidata.org/entity/Q52856384
Q52856384,Korea Academic Society of Tourism Management,Korea Tourism Management Association,organization,36.582544,126.662089,http://www.wikidata.org/entity/Q52856384
Q52856384,Korea Academic Society of Tourism Management,The Korean Society for Sustainable Tourism Management,organization,36.582544,126.662089,http://www.wikidata.org/entity/Q52856384
Q52856424,Sunlin University,Pohang Nursing Technical Institute,educational institution,36.091573,129.333018,http://www.wikidata.org/entity/Q52856424
Q52856424,Sunlin University,Sunlin College,educational institution,36.091573,129.333018,http://www.wikidata.org/entity/Q52856424
Q52856428,The Association of Comparative Study of World Literature,World Literature Comparative Society,organization,36.884489,128.53374,http://www.wikidata.org/entity/Q52856428
Q52856434,The Yeats Society of Korea,YSK,organization,35.119485,126.947456,http://www.wikidata.org/entity/Q52856434
Q52856434,The Yeats Society of Korea,Yeats Society of Korea,organization,35.119485,126.947456,http://www.wikidata.org/entity/Q52856434
Q52856442,EurasTech (South Korea),"YuRastec Co., Ltd.",business,37.541561,127.047924,http://www.wikidata.org/entity/Q52856442
Q52856621,The Anam Society for the Study Of Education,Anam Education Society,organization,36.61045,127.286747,http://www.wikidata.org/entity/Q52856621
Q52857250,Korean Society of Basic Design & Art,Korean Society of Basic Art and Design,organization,37.522344,127.027543,http://www.wikidata.org/entity/Q52857250
Q52857250,Korean Society of Basic Design & Art,KSBDA,organization,37.522344,127.027543,http://www.wikidata.org/entity/Q52857250
Q52857258,The Korean Society of Christian Religious Education,Korean Christian Education Society,organization,36.340454,127.386395,http://www.wikidata.org/entity/Q52857258
Q52857258,The Korean Society of Christian Religious Education,KSCRE,organization,36.340454,127.386395,http://www.wikidata.org/entity/Q52857258
Q52857342,Korean German Literature Society,German Literature Society of Korea,organization,35.234179,129.079753,http://www.wikidata.org/entity/Q52857342
Q52857350,National NanoFab Center,Nano Synthesis Institute,facility,36.369431,127.366556,http://www.wikidata.org/entity/Q52857350
Q52857350,National NanoFab Center,NanoFab Center,facility,36.369431,127.366556,http://www.wikidata.org/entity/Q52857350
Q52857350,National NanoFab Center,NNFC,facility,36.369431,127.366556,http://www.wikidata.org/entity/Q52857350
Q52857365,Korean Literature Research Society,Korean Literature Society,organization,37.561262,127.042778,http://www.wikidata.org/entity/Q52857365
Q52857376,Korean Economic and Business Association,KEBA,organization,35.855087,128.487105,http://www.wikidata.org/entity/Q52857376
Q52857376,Korean Economic and Business Association,Korea Economic and Trade Association,organization,35.855087,128.487105,http://www.wikidata.org/entity/Q52857376
Q52857383,Korean Academy of International Business,KAIB,organization,37.596246,127.052544,http://www.wikidata.org/entity/Q52857383
Q52857383,Korean Academy of International Business,Korea International Business Association,organization,37.596246,127.052544,http://www.wikidata.org/entity/Q52857383
Q52857390,Korean Association of French Language and Literature,Korean French Language Association,organization,37.583272,126.973036,http://www.wikidata.org/entity/Q52857390
Q52857390,Korean Association of French Language and Literature,Korean Society of French Language and Literature,organization,37.583272,126.973036,http://www.wikidata.org/entity/Q52857390
Q52857412,Korean Academic Society of Taxation,The Korean Taxation Society,organization,37.579498,126.936518,http://www.wikidata.org/entity/Q52857412
Q52857427,The Association For Korean Law Of Property,Association For Korean Law Of Property,organization,35.175951,126.908585,http://www.wikidata.org/entity/Q52857427
Q52857427,The Association For Korean Law Of Property,Korean Property Law Society,organization,35.175951,126.908585,http://www.wikidata.org/entity/Q52857427
Q52857433,Korean Strategic Marketing Association,Korea Strategic Marketing Association,organization,35.213585,128.581347,http://www.wikidata.org/entity/Q52857433
Q52857433,Korean Strategic Marketing Association,Korea Strategic Marketing Society,organization,35.213585,128.581347,http://www.wikidata.org/entity/Q52857433
Q52857441,Korea Economic Development Institute,Korean Development Economics Association,organization,37.57783,126.973036,http://www.wikidata.org/entity/Q52857441
Q52857449,Korean Society of Educational Technology,KSET,educational institution,37.558237,126.988142,http://www.wikidata.org/entity/Q52857449
Q52857449,Korean Society of Educational Technology,Korean Educational Technology Institute,educational institution,37.558237,126.988142,http://www.wikidata.org/entity/Q52857449
Q52857457,Korean Society for History of Education,KSHE,organization,36.339071,127.390171,http://www.wikidata.org/entity/Q52857457
Q52857457,Korean Society for History of Education,Korea Educational Research Society,organization,36.339071,127.390171,http://www.wikidata.org/entity/Q52857457
Q52857457,Korean Society for History of Education,Korean Educational Societies,organization,36.339071,127.390171,http://www.wikidata.org/entity/Q52857457
Q52857464,Korean Association for Public Security Administration,KAPSA,organization,35.876642,128.579839,http://www.wikidata.org/entity/Q52857464
Q52857464,Korean Association for Public Security Administration,Korea Institute of Public Security Administration,organization,35.876642,128.579839,http://www.wikidata.org/entity/Q52857464
Q52857464,Korean Association for Public Security Administration,Korean Institute of Police and Security,organization,35.876642,128.579839,http://www.wikidata.org/entity/Q52857464
Q52857469,The Korean-German Society for the Educational Studies,Korean-German Educational Society,organization,35.820692,129.260826,http://www.wikidata.org/entity/Q52857469
Q55730225,Ongjin Baekryeongdo Shell Mound,Baeknyeongdo shell mound,protected area,37.976111111,124.733055555,http://www.wikidata.org/entity/Q55730225
Q55730813,Seosan Songgokseowon juniper trees,Seosan Songgok Seowon Incense Tree,natural monument,36.726944444,126.411944444,http://www.wikidata.org/entity/Q55730813
Q55730875,Seoul Finance Center,SFC,building,37.568431,126.978193,http://www.wikidata.org/entity/Q55730875
Q55731152,Songji's Oorandangjip,Songji's Oorandang Shrine,cultural heritage,34.353888888,126.473333333,http://www.wikidata.org/entity/Q55731152
Q55731193,Suansa Temple,Suansa,temple,37.615833333,126.626944444,http://www.wikidata.org/entity/Q55731193
Q55731877,Eongtto Waterfalls,Eongtto Waterfall,waterfall,33.268611111,126.5,http://www.wikidata.org/entity/Q55731877
Q55731934,MBC Yeouido Headquarters,MBC Yeouido Broadcasting Cente,destroyed building or structure,37.5239,126.930056,http://www.wikidata.org/entity/Q55731934
Q55731934,MBC Yeouido Headquarters,MBC Yeouido Studio,destroyed building or structure,37.5239,126.930056,http://www.wikidata.org/entity/Q55731934
Q55731934,MBC Yeouido Headquarters,Yeouido MBC Headquarters,destroyed building or structure,37.5239,126.930056,http://www.wikidata.org/entity/Q55731934
Q55732399,Yonginhyanggyo,Yongin Hyanggyo,cultural heritage,37.295277777,127.120833333,http://www.wikidata.org/entity/Q55732399
Q55454092,The English Linguistics Society of Korea,ELSOK,organization,35.968068,126.736455,http://www.wikidata.org/entity/Q55454092
Q55454092,The English Linguistics Society of Korea,Korean Society for the History of the English Language,organization,35.968068,126.736455,http://www.wikidata.org/entity/Q55454092
Q55454100,Korean Association For Housing Policy Studies,KAHPS,organization,36.342217,127.392261,http://www.wikidata.org/entity/Q55454100
Q55471717,CHUNGNAM LIBRARY,Chungnam Library,library,36.655878,126.669803,http://www.wikidata.org/entity/Q55471717
Q50410298,Inter-Korean Peace House,Peace House,border checkpoint,37.955833333,126.676666666,http://www.wikidata.org/entity/Q50410298
Q50410298,Inter-Korean Peace House,House of Peace,border checkpoint,37.955833333,126.676666666,http://www.wikidata.org/entity/Q50410298
Q56583154,Bioleaders (South Korea),BioLeaders Corporation,business,37.450591,127.145312,http://www.wikidata.org/entity/Q56583154
Q56583164,Bristol-Myers Squibb (South Korea),BMS,business,37.506653,127.057284,http://www.wikidata.org/entity/Q56583164
Q56583164,Bristol-Myers Squibb (South Korea),BMS Pharmaceutical,business,37.506653,127.057284,http://www.wikidata.org/entity/Q56583164
Q56583195,Syneos Health (South Korea),INC Research,business,37.57046,126.978553,http://www.wikidata.org/entity/Q56583195
Q56583195,Syneos Health (South Korea),InVentiv Health Incorporated,business,37.57046,126.978553,http://www.wikidata.org/entity/Q56583195
Q56583211,iNtRON (South Korea),iNtRON Biotechnology,business,37.567739,126.978553,http://www.wikidata.org/entity/Q56583211
Q56583213,Pharmbio Korea (South Korea),PBK,business,37.571548,126.977866,http://www.wikidata.org/entity/Q56583213
Q56583221,JINIS Biopharmaceuticals (South Korea),JINIS,business,35.95189,127.124376,http://www.wikidata.org/entity/Q56583221
Q56583248,JW Shinyak (South Korea),JW Global Shinyak,business,37.483237,127.021212,http://www.wikidata.org/entity/Q56583248
Q56583254,Samsung Pharm (South Korea),Samsung Pharmaceutical,business,37.091694,126.907196,http://www.wikidata.org/entity/Q56583254
Q56583259,JW Pharmaceutical,ChoongWae Pharmaceutical,business,37.48322,127.021202,http://www.wikidata.org/entity/Q56583259
Q56583259,JW Pharmaceutical,Chosun Pharmaceutical Pharma,business,37.48322,127.021202,http://www.wikidata.org/entity/Q56583259
Q56583259,JW Pharmaceutical,JoongWae Pharmaceutical,business,37.48322,127.021202,http://www.wikidata.org/entity/Q56583259
Q56583265,CellaMedic Biotechnology (South Korea),Cellamedic Korea,business,37.569123,126.985395,http://www.wikidata.org/entity/Q56583265
Q56583303,CL Pharm (South Korea),Creative Life,business,37.566946,126.981275,http://www.wikidata.org/entity/Q56583303
Q56583309,Korea Pharma (South Korea),KP,business,37.497386,127.029575,http://www.wikidata.org/entity/Q56583309
Q56583309,Korea Pharma (South Korea),Minsaeng Pharmaceutical,business,37.497386,127.029575,http://www.wikidata.org/entity/Q56583309
Q56583319,The Korean Atopic Dermatitis Association,KADA,organization,37.478921,127.037792,http://www.wikidata.org/entity/Q56583319
Q56583326,Korean Otological Society,KOS,organization,37.485394,127.028999,http://www.wikidata.org/entity/Q56583326
Q56583329,Dae Hwa Pharm (South Korea),"Daehwa Pharmaceutical, Daehwa Pharm",business,37.562592,126.979902,http://www.wikidata.org/entity/Q56583329
Q56583331,The Korean Society for Anesthetic Pharmacology,KSAP,organization,37.488015,127.101756,http://www.wikidata.org/entity/Q56583331
Q56583334,Korean Cancer Study Group,KCSG,facility,37.576115,126.976754,http://www.wikidata.org/entity/Q56583334
Q56583338,The Korean Society of Nephrology,KSN,organization,37.494047,127.028212,http://www.wikidata.org/entity/Q56583338
Q56583342,Korean Continence Society,Korean Incontinence Society,organization,37.492958,126.908726,http://www.wikidata.org/entity/Q56583342
Q56583342,Korean Continence Society,Korean Urinary Disorders Association,organization,37.492958,126.908726,http://www.wikidata.org/entity/Q56583342
Q56583342,Korean Continence Society,Urinary Incontinence Incontinence Society of Korea,organization,37.492958,126.908726,http://www.wikidata.org/entity/Q56583342
Q56583342,Korean Continence Society,Voiding Disability Study Group,organization,37.492958,126.908726,http://www.wikidata.org/entity/Q56583342
Q56583345,Korean Society for the Study of Obesity,KSSO,medical association,37.560907,126.963689,http://www.wikidata.org/entity/Q56583345
Q56583352,Dai Han Pharm (South Korea),DAI HAN Pharmaceutical Chemistry,business,37.572388,126.977156,http://www.wikidata.org/entity/Q56583352
Q56583352,Dai Han Pharm (South Korea),Joseon Pharmaceutical Chemistry,business,37.572388,126.977156,http://www.wikidata.org/entity/Q56583352
Q56583358,Korean Pancreatobiliary Association,KPBA,organization,37.562093,126.989855,http://www.wikidata.org/entity/Q56583358
Q56583358,Korean Pancreatobiliary Association,Korean Society for Pancreatectomy,organization,37.562093,126.989855,http://www.wikidata.org/entity/Q56583358
Q56583360,Daiichi-Sankyo (South Korea),Daiichi Sankyō Kabushiki-Kaisha,business,37.565857,126.982649,http://www.wikidata.org/entity/Q56583360
Q56583366,Daiseung Medics (South Korea),"K.C.R. Trading Co., Ltd.",business,37.570212,126.985395,http://www.wikidata.org/entity/Q56583366
Q56583368,Korean Society of Interventional Neuroradiology,Korean Society of Neurological Interventional Therapy,organization,37.271576,127.12672,http://www.wikidata.org/entity/Q56583368
Q56583368,Korean Society of Interventional Neuroradiology,KSIN,organization,37.271576,127.12672,http://www.wikidata.org/entity/Q56583368
Q56583371,Dalim (South Korea),Dalim Biotech,business,37.561503,126.988142,http://www.wikidata.org/entity/Q56583371
Q56583395,Yonsei Proteome Research Center,YPRC,facility,37.562828,126.932325,http://www.wikidata.org/entity/Q56583395
Q56583418,Bio Pharm Dongsung (South Korea),Dong Sung Pharmaceutical,business,37.569123,126.978529,http://www.wikidata.org/entity/Q56583418
Q56583434,Biosolution (South Korea),Biosolution,public company,37.635008,127.080581,http://www.wikidata.org/entity/Q56583434
Q56583434,Biosolution (South Korea),MCTT Bio,public company,37.635008,127.080581,http://www.wikidata.org/entity/Q56583434
Q56750766,Taean Vessel Traffic Service Center,Taean VTS,traffic management,36.972761944,126.391561944,http://www.wikidata.org/entity/Q56750766
Q56750811,Gyeongin Vessel Traffic Service Center,Gyeongin VTS,traffic management,37.518765,126.498417,http://www.wikidata.org/entity/Q56750811
Q59536650,Global Stem cell & Regenerative medicine Acceleration Center,GSRAC,nonprofit organization,37.459079,126.63207,http://www.wikidata.org/entity/Q59536650
Q59556849,Daegu iM Bank Park,Daegu Forest Arena,sports venue,35.881253,128.588231,http://www.wikidata.org/entity/Q59556849
Q59556849,Daegu iM Bank Park,DGB Daegu Bank Park,sports venue,35.881253,128.588231,http://www.wikidata.org/entity/Q59556849
Q55735751,Korean Society of Systematic Theology,Korean Organization Theological Society,organization,37.563034,126.839977,http://www.wikidata.org/entity/Q55735751
Q55735752,Korean Association for Religious Studies,KARS,organization,37.460478,126.951715,http://www.wikidata.org/entity/Q55735752
Q55735752,Korean Association for Religious Studies,KOARS,organization,37.460478,126.951715,http://www.wikidata.org/entity/Q55735752
Q55735752,Korean Association for Religious Studies,Korean Religious Society,organization,37.460478,126.951715,http://www.wikidata.org/entity/Q55735752
Q55735899,Haenam Seodongsa camellia and silkworm tree forest,Haenam Seodongsa camellia and nutmeg tree forest,forest,34.691111111,126.309722222,http://www.wikidata.org/entity/Q55735899
Q55735906,Haenam Yongjeongsa Temple,Chungmusa,temple,34.57,126.574166666,http://www.wikidata.org/entity/Q55735906
Q55735906,Haenam Yongjeongsa Temple,Minchungsa,temple,34.57,126.574166666,http://www.wikidata.org/entity/Q55735906
Q55735906,Haenam Yongjeongsa Temple,Ochungsa,temple,34.57,126.574166666,http://www.wikidata.org/entity/Q55735906
Q55735906,Haenam Yongjeongsa Temple,Yongjeongsa,temple,34.57,126.574166666,http://www.wikidata.org/entity/Q55735906
Q55736102,Jeju Udo Hongjo Nodule Beach,"Rhodolith Beach on Udo Island, Jeju",natural monument,33.509166666,126.9475,http://www.wikidata.org/entity/Q55736102
Q55736136,Hwaseong Geumsansa Temple,Geumsansa,temple of Confucius,37.190277777,126.888333333,http://www.wikidata.org/entity/Q55736136
Q55736160,Hwasun Byeokji-ri Chunghyosa Temple,Chunghyosa Temple,temple of Confucius,34.954722222,126.888888888,http://www.wikidata.org/entity/Q55736160
Q55736544,Gangneung–Wonju National University Museum,GWNU Museum,university museum,37.7698,128.8705,http://www.wikidata.org/entity/Q55736544
Q55736546,Gangneung–Wonju National University Central Library,Gangneung–Wonju National University Library,academic library,37.7702,128.869,http://www.wikidata.org/entity/Q55736546
Q55736808,Napseong,Napseong Fortress,fortress,36.748333333,127.581111111,http://www.wikidata.org/entity/Q55736808
Q55737429,Anseong Gold Mine Fortress,Geumgwangsanseong,fortress,36.995277777,127.323055555,http://www.wikidata.org/entity/Q55737429
Q55738064,Korea Accounting Standards Board,KASB,organization,37.560774,126.973893,http://www.wikidata.org/entity/Q55738064
Q56295197,Sosabeol Leports Town,Pyeongtaek Sosabeol Leports Town,sports venue,36.987609,127.106502,http://www.wikidata.org/entity/Q56295197
Q56336402,Ulsan Bukbu Fire Station,Northern Ulsan Fire Station,fire station,35.606806,129.370272,http://www.wikidata.org/entity/Q56336402
Q56583098,GL PharmTech (South Korea),GLPT,business,37.575902,126.974433,http://www.wikidata.org/entity/Q56583098
Q56583106,GreenCross Medical Science (South Korea),GCMS,business,37.566106,126.976493,http://www.wikidata.org/entity/Q56583106
Q56583114,MSD (South Korea),MSD,business,37.568283,126.977179,http://www.wikidata.org/entity/Q56583114
Q56583114,MSD (South Korea),Merck Sharp & Dohme,business,37.568283,126.977179,http://www.wikidata.org/entity/Q56583114
Q43896363,"The Catholic University of Korea, Yeouido St. Mary's Hospital",Yeouido St. Mary's Hospital,university hospital,37.518383,126.936485,http://www.wikidata.org/entity/Q43896363
Q45136136,"College of Medicine, Hanyang University",Hanyang University School of Medicine,medical school,37.5589258,127.0427134,http://www.wikidata.org/entity/Q45136136
Q45136136,"College of Medicine, Hanyang University",medix.hanyang.ac.kr,medical school,37.5589258,127.0427134,http://www.wikidata.org/entity/Q45136136
Q47168566,bobsleigh at the 2018 Winter Olympics – two-man,bobsleigh at the 2018 Winter Olympics - two-man,Olympic sporting event,37.653714,128.681389,http://www.wikidata.org/entity/Q47168566
Q47168679,bobsleigh at the 2018 Winter Olympics – four-man,bobsleigh at the 2018 Winter Olympics - four-man,Olympic sporting event,37.653714,128.681389,http://www.wikidata.org/entity/Q47168679
Q47168773,bobsleigh at the 2018 Winter Olympics – two-woman,bobsleigh at the 2018 Winter Olympics - two-woman,Olympic sporting event,37.653714,128.681389,http://www.wikidata.org/entity/Q47168773
Q47495951,2018 Miryang hospital fire,Sejong Hospital fire,structure fire,35.476111111,128.766111111,http://www.wikidata.org/entity/Q47495951
Q55732641,Monument in Yudang Park,Bigun in Yudang Park,cultural heritage,34.970555555,127.592222222,http://www.wikidata.org/entity/Q55732641
Q55733018,Eumseong Yangdeok-ri Dolmen,Eumseong Yangdeok-ri Ruins,cultural heritage,37.044444444,127.487777777,http://www.wikidata.org/entity/Q55733018
Q55733709,Gangok seowon,Imcheon Gangok Seowon,seowon,36.105833333,126.543055555,http://www.wikidata.org/entity/Q55733709
Q55733766,Jamsil RICENZ,RICENZ,apartment,37.5140313,127.0882363,http://www.wikidata.org/entity/Q55733766
Q55733768,III-Zium Jamsil,Jamsil III-Zium,apartment,37.5093771,127.089127,http://www.wikidata.org/entity/Q55733768
Q55733946,Jeonbuk Agricultural Research & Extension Services,JBARES,facility,35.941437,126.994526,http://www.wikidata.org/entity/Q55733946
Q55733946,Jeonbuk Agricultural Research & Extension Services,Jeollabuk-do Agricultural Technology and Extension Services,facility,35.941437,126.994526,http://www.wikidata.org/entity/Q55733946
Q55734145,Taesansa Temple in Jeongeup,Taesansa,historic site,35.646388888,126.793611111,http://www.wikidata.org/entity/Q55734145
Q55734145,Taesansa Temple in Jeongeup,Taesansa Temple,historic site,35.646388888,126.793611111,http://www.wikidata.org/entity/Q55734145
Q55734326,Daekyung Culture Arts High School,UPAS,high school,35.836783745,128.822360969,http://www.wikidata.org/entity/Q55734326
Q55734326,Daekyung Culture Arts High School,Universal Performing Arts School,high school,35.836783745,128.822360969,http://www.wikidata.org/entity/Q55734326
Q55734671,Wonseong Jin,Jangseong Jinwonseong,fortress,35.266944444,126.843611111,http://www.wikidata.org/entity/Q55734671
Q55734671,Wonseong Jin,Jinwonseong,fortress,35.266944444,126.843611111,http://www.wikidata.org/entity/Q55734671
Q55734870,Naesan-ri Dolmen,Cheongju Naesan-ri Dolmen,cultural heritage,36.640833333,127.656111111,http://www.wikidata.org/entity/Q55734870
Q55734876,Cheongju Sangdangsa Temple,Cheongju Sangdangsa,temple of Confucius,36.656944444,127.528333333,http://www.wikidata.org/entity/Q55734876
Q55735373,Taehwa International Christian Academy,Taehwa Christian International School,Christian school,37.278645448,127.26971594,http://www.wikidata.org/entity/Q55735373
Q55735457,Paju Gyeongui Line Jangdan Station Bridge of Death,Bridge of Death,bridge,37.903611111,126.696944444,http://www.wikidata.org/entity/Q55735457
Q55735560,My Paul School,Paul Math School,alternative school,36.683215459,127.768088326,http://www.wikidata.org/entity/Q55735560
Q47745791,Seoul Seongdong Fire Station,Seongdong Fire Station,fire station,37.553872222,127.038452777,http://www.wikidata.org/entity/Q47745791
Q47770420,Daejeon Special Rescue Squad,Daejeon Fire Aviation Squad,fire station,36.433955555,127.389769444,http://www.wikidata.org/entity/Q47770420
Q47830553,Incheon Songdo Fire Station,Songdo Fire Station,fire station,37.367202777,126.650513888,http://www.wikidata.org/entity/Q47830553
Q48380385,Tongyeong Vessel Traffic Service Center,Tongyeong VTS,vessel traffic service,34.832099,128.422339,http://www.wikidata.org/entity/Q48380385
Q48397204,Gyeongin Vessel Traffic Service Center,Gyeongin VTS,vessel traffic service,37.558365,126.607537,http://www.wikidata.org/entity/Q48397204
Q48754297,Korean-German Chamber of Commerce and Industry,KGCCI,chamber of commerce and industry,37.53474,127.01013,http://www.wikidata.org/entity/Q48754297
Q49888124,Seoul Municipal Baekam Mental Hospital,Baekam Mental Hospital,hospital,37.121986,127.364861,http://www.wikidata.org/entity/Q49888124
Q49890086,Seoul Municipal Chukryeong Mental Hospital,Chukryeong Mental Hospital,hospital,37.739826,127.310708,http://www.wikidata.org/entity/Q49890086
Q49892006,Seoul Municipal Goyang Mental Hospital,Goyang Mental Hospital,hospital,37.711442,126.854567,http://www.wikidata.org/entity/Q49892006
Q50036237,Korean Association for the Study of Intestinal Diseases,KASID,organization,37.498671,127.062398,http://www.wikidata.org/entity/Q50036237
Q50036241,Korean Association for the Study of Targeted Therapy,KASTT,organization,37.557397,126.992286,http://www.wikidata.org/entity/Q50036241
Q50036245,Korean Association Of Endocrine Surgeons,KATES,organization,37.506931,127.033688,http://www.wikidata.org/entity/Q50036245
Q50036245,Korean Association Of Endocrine Surgeons,Korean Association of Thyroid and Endocrine Surgeons,organization,37.506931,127.033688,http://www.wikidata.org/entity/Q50036245
Q50036245,Korean Association Of Endocrine Surgeons,The Korean Association Of Endocrine Surgeons,organization,37.506931,127.033688,http://www.wikidata.org/entity/Q50036245
Q50036252,Korean Society of Coloproctology,KSCP,organization,37.512993,127.103798,http://www.wikidata.org/entity/Q50036252
Q50036257,Korean College of Helicobacter and Upper Gastrointestinal Research,KCHUGR,organization,37.504973,127.057958,http://www.wikidata.org/entity/Q50036257
Q50036257,Korean College of Helicobacter and Upper Gastrointestinal Research,Korean Society of Helicobacter and Upper Gastrointestinal Research,organization,37.504973,127.057958,http://www.wikidata.org/entity/Q50036257
Q50036263,The Korean Society of Hematology,KSH,organization,37.573914,126.971095,http://www.wikidata.org/entity/Q50036263
Q50036266,Korean Society of Interventional Cardiology,KSIC,organization,37.551592,126.972811,http://www.wikidata.org/entity/Q50036266
Q50036272,Korean Society of Spine Surgery,KSSS,organization,37.495223,127.019774,http://www.wikidata.org/entity/Q50036272
Q50036272,Korean Society of Spine Surgery,Korean Spine Society,organization,37.495223,127.019774,http://www.wikidata.org/entity/Q50036272
Q50036275,The Korean Urological Association,KUA,organization,37.525803,126.972402,http://www.wikidata.org/entity/Q50036275
Q50036275,The Korean Urological Association,Korean Urological Association,organization,37.525803,126.972402,http://www.wikidata.org/entity/Q50036275
Q50036380,Korean Society of Gastrointestinal Endoscopy,KSGE,organization,37.556132,126.923413,http://www.wikidata.org/entity/Q50036380
Q50036431,CM Hospital,CM Chungmu Hospital,hospital,37.517018,126.902506,http://www.wikidata.org/entity/Q50036431
Q50036787,Korea National Enterprise for Clinical Trials,KoNECT,facility,37.543038,126.949659,http://www.wikidata.org/entity/Q50036787
Q50396447,April 2018 inter-Korean summit,2018 inter-Korean summit,inter-Korean summits,37.9558,126.6767,http://www.wikidata.org/entity/Q50396447
Q56583136,BC World Pharm (South Korea),BCWP,business,37.473372,127.052244,http://www.wikidata.org/entity/Q56583136
Q60846828,2018 Survival 3C Masters 3,3-Cushion Challenge Masters,sporting event,37.595648,127.136382,http://www.wikidata.org/entity/Q60846828
Q60846828,2018 Survival 3C Masters 3,3CC,sporting event,37.595648,127.136382,http://www.wikidata.org/entity/Q60846828
Q61091482,Jijangsiwangdo,King Ksitigarbha,cultural heritage,37.480833333,126.916944444,http://www.wikidata.org/entity/Q61091482
Q61094584,Suwon KT Sonicboom Arena,Chilbo Gymnasium,gym,37.2756257,126.9481629,http://www.wikidata.org/entity/Q61094584
Q61095698,Bunawonru,Bunawonlu,cultural heritage,36.701111111,128.856388888,http://www.wikidata.org/entity/Q61095698
Q61098491,Gangneung–Wonju National University Wonju Library,GWNU Wonju Library,academic library,37.3041,127.9243,http://www.wikidata.org/entity/Q61098491
Q65262103,Heungcheonsa,Heungcheonsa Temple,Buddhist temple,37.598242,127.009228,http://www.wikidata.org/entity/Q65262103
Q65241812,Daebul Hotel,Daibutsu Hotel,hotel,37.4735,126.6199,http://www.wikidata.org/entity/Q65241812
Q65249147,Miryang Namgye Seowon,Namgye Seowon,seowon,35.5531913,128.6167359,http://www.wikidata.org/entity/Q65249147
Q65249249,Miryang Stadium,Miryang Badminton Stadium,sports venue,35.506373,128.747494,http://www.wikidata.org/entity/Q65249249
Q65249249,Miryang Stadium,Miryang City Badminton Stadium,sports venue,35.506373,128.747494,http://www.wikidata.org/entity/Q65249249
Q65259615,Sancheong Daepo-ri Min Clan Old House,Min Clan Old House,house,35.464055555,127.853777777,http://www.wikidata.org/entity/Q65259615
Q65262103,Heungcheonsa,Heungcheon Temple,Buddhist temple,37.598242,127.009228,http://www.wikidata.org/entity/Q65262103
Q65263048,"The Catholic University of Korea, St. Paul's Hospital",St. Paul's Hospital,former hospital,37.580415,127.043357,http://www.wikidata.org/entity/Q65263048
Q65271246,Achimtteul Neighborhood Park,Sejong Achimtteul Neighborhood Park,park,36.476938,127.254484,http://www.wikidata.org/entity/Q65271246
Q65272129,Yangdeok Sports Town,Pohang Yangdeok Sports Town,sports venue,36.077693,129.399657,http://www.wikidata.org/entity/Q65272129
Q65273727,Yeonggang Sports Park,Mungyeong Yeonggang Sports Park,sports venue,36.603904,128.21531,http://www.wikidata.org/entity/Q65273727
Q65273845,Imgoseowon ginkgo tree,Imgo Seowon ginkgo tree,cultural heritage,36.0089559,128.9724437,http://www.wikidata.org/entity/Q65273845
Q65281072,Pohang Heunghae Hyanggyo Ipop Tree Colony,Colony of Ipop trees in Uichang-eup,cultural heritage,36.109166666,129.343416666,http://www.wikidata.org/entity/Q65281072
Q65281072,Pohang Heunghae Hyanggyo Ipop Tree Colony,Heunghae Ipop tree colony,cultural heritage,36.109166666,129.343416666,http://www.wikidata.org/entity/Q65281072
Q65283278,Iksan Public Stadium,Iksan Main Stadium,sports venue,35.968089,127.008982,http://www.wikidata.org/entity/Q65283278
Q65283278,Iksan Public Stadium,Iksan Stadium,sports venue,35.968089,127.008982,http://www.wikidata.org/entity/Q65283278
Q65284325,Imho Sports Park,Gimhae Imho Sports Park,sports venue,35.228487,128.850282,http://www.wikidata.org/entity/Q65284325
Q65288255,Jangseong Gosan Seowon,Gosan Seowon,cultural heritage,35.272222222,126.841944444,http://www.wikidata.org/entity/Q65288255
Q65294229,Jinnam Stadium,Yeosu Jinnam Stadium,sports venue,34.761638,127.727533,http://www.wikidata.org/entity/Q65294229
Q65294889,Changnyeong Bugok-ri Lee Clan's Old House,Bugok-ri Lee Clan's Old House,house,35.43769444,128.6065277,http://www.wikidata.org/entity/Q65294889
Q79569818,Hwaamgul,"Hwaamgul Cave, Jeongseon",natural monument,37.350555555,128.790277777,http://www.wikidata.org/entity/Q79569818
Q79569818,Hwaamgul,Jeongseon Hwaam Cave,natural monument,37.350555555,128.790277777,http://www.wikidata.org/entity/Q79569818
Q82325532,Hapmisanseong,Hapmisanseong Fortress,fortress,35.741944444,127.355833333,http://www.wikidata.org/entity/Q82325532
Q82325617,Gyeonghyeonseowon (Naju),Gyeonghyeon Seowon,seowon,35.0668328,126.7039136,http://www.wikidata.org/entity/Q82325617
Q82325617,Gyeonghyeonseowon (Naju),Gyeonghyeonseowon,seowon,35.0668328,126.7039136,http://www.wikidata.org/entity/Q82325617
Q82325989,Bokdusanseong Fortress,Bokdusanseong,fortress,36.5291917,127.3806929,http://www.wikidata.org/entity/Q82325989
Q82326071,Juan-dong Dolmen,Incheon Juan-dong Dolmen,cultural heritage,37.444722222,126.670833333,http://www.wikidata.org/entity/Q82326071
Q82326176,Jindo Cheolmasan Fortress,Cheolmasanseong,fortress,34.4870251,126.2962675,http://www.wikidata.org/entity/Q82326176
Q82326176,Jindo Cheolmasan Fortress,Jindo Cheolmasanseong,fortress,34.4870251,126.2962675,http://www.wikidata.org/entity/Q82326176
Q82326749,Changguisa Temple,Changguisa,temple,37.357222222,128.011666666,http://www.wikidata.org/entity/Q82326749
Q82326756,Chunghyosa Temple,Chunghyosa,temple,37.288888888,127.778611111,http://www.wikidata.org/entity/Q82326756
Q82326814,Gochang Doam Seowon,Doam Seowon,seowon,35.377222222,126.506666666,http://www.wikidata.org/entity/Q82326814
Q82326850,Bongam Seowon (Gyeongbuk),Bongam Seowon,seowon,36.587777777,128.556944444,http://www.wikidata.org/entity/Q82326850
Q82326856,Seogansa Temple,Seogansa,historic site,36.6347416,128.5640434,http://www.wikidata.org/entity/Q82326856
Q82327287,Taejongdae,Taejongdae (Heongseong),historic site,37.351111111,128.110277777,http://www.wikidata.org/entity/Q82327287
Q82327321,Jeongseon Bongyang-ri Jurassic Rock,Jeongseon Bongyang-ri Jurassic conglomerate,natural monument,37.3825,128.6475,http://www.wikidata.org/entity/Q82327321
Q82327397,Taean Anyangsa Temple,Anyangsa,ancestral shrine,36.733888888,126.244444444,http://www.wikidata.org/entity/Q82327397
Q82327397,Taean Anyangsa Temple,Taean Anyangsa,ancestral shrine,36.733888888,126.244444444,http://www.wikidata.org/entity/Q82327397
Q82327504,Suseongsa Temple,Suseongsa,temple,34.795833333,126.700277777,http://www.wikidata.org/entity/Q82327504
Q82327717,Gamakri Mountain,Cheonbansanseong Fortress,fortress,35.813055555,127.52,http://www.wikidata.org/entity/Q82327717
Q82327717,Gamakri Mountain,Gamakri Fortress,fortress,35.813055555,127.52,http://www.wikidata.org/entity/Q82327717
Q82327780,Daesansa Temple,Daesansa,ancestral shrine,36.121666666,127.551111111,http://www.wikidata.org/entity/Q82327780
Q82327810,Hyeondeoksa Temple,Hyeondeoksa,historic site,36.145555555,127.493055555,http://www.wikidata.org/entity/Q82327810
Q82327818,Hwangpungsa Temple,Hwangpungsa,historic site,36.084166666,127.500833333,http://www.wikidata.org/entity/Q82327818
Q82327931,Hwasan Seowon,Hwasan Seowon (Gyeongbuk),seowon,36.414722222,128.694166666,http://www.wikidata.org/entity/Q82327931
Q82327972,Uiseonggicheonjeongsa Temple,Gicheonjeongsa,historic site,36.425277777,128.769722222,http://www.wikidata.org/entity/Q82327972
Q82327972,Uiseonggicheonjeongsa Temple,Uiseonggicheonjeongsa,historic site,36.425277777,128.769722222,http://www.wikidata.org/entity/Q82327972
Q82328009,Chungryeolsa Temple,Chungryeolsa,ancestral shrine,36.355277777,128.706944444,http://www.wikidata.org/entity/Q82328009
Q82328009,Chungryeolsa Temple,"Chungryeolsa Temple in Sangniri, Uiseong",ancestral shrine,36.355277777,128.706944444,http://www.wikidata.org/entity/Q82328009
Q82328049,Jungsan-ri Yurak Chunghyobi,Jungsan-ri Yurak memorial shrine,cultural heritage,36.253055555,129.311388888,http://www.wikidata.org/entity/Q82328049
Q82328068,Yeongcheonsa Temple (Yeongdong-gun),Yeongcheonsa,historic site,36.235277777,127.9075,http://www.wikidata.org/entity/Q82328068
Q82328068,Yeongcheonsa Temple (Yeongdong-gun),Yeongcheonsa Temple,historic site,36.235277777,127.9075,http://www.wikidata.org/entity/Q82328068
Q82328072,Junghwasa Temple,Junghwasa,historic site,36.148333333,127.839166666,http://www.wikidata.org/entity/Q82328072
Q82328075,Geumseongsa Temple,Geumseongsa,historic site,36.177222222,127.766944444,http://www.wikidata.org/entity/Q82328075
Q82328075,Geumseongsa Temple,Yeongdong Geumseongsa Temple,historic site,36.177222222,127.766944444,http://www.wikidata.org/entity/Q82328075
Q82328719,Haedongsa Temple,Jangheung Haedongsa Temple,historic site,34.7475,126.938611111,http://www.wikidata.org/entity/Q82328719
Q82341462,Namdoksiljaesa Temple,Namdoksiljaesa,historic site,36.626111111,128.6475,http://www.wikidata.org/entity/Q82341462
Q83870820,Park Chu-young Football Field,Daegu Donggu Public Stadium,sports venue,35.859907,128.693316,http://www.wikidata.org/entity/Q83870820
Q61099660,Ilgam Lake,Ilkam Lake,lake,37.5407,127.0762,http://www.wikidata.org/entity/Q61099660
Q61101173,Eden Park (Busan),Eden Park,park,35.109166666,128.963333333,http://www.wikidata.org/entity/Q61101173
Q61357991,Jagosan,Mount Jago,mountain,36.0125055,128.4116614,http://www.wikidata.org/entity/Q61357991
Q63135681,Jungnokwon,Juknokwon,forest,35.3259982,126.9859176,http://www.wikidata.org/entity/Q63135681
Q63877371,Ae Kwan Theater,Ae Kwan Theatre,movie theater,37.47227,126.62984,http://www.wikidata.org/entity/Q63877371
Q63877371,Ae Kwan Theater,Aegwan Geukjang,movie theater,37.47227,126.62984,http://www.wikidata.org/entity/Q63877371
Q63877371,Ae Kwan Theater,Aegwan Theater,movie theater,37.47227,126.62984,http://www.wikidata.org/entity/Q63877371
Q63877371,Ae Kwan Theater,Aegwan Theatre,movie theater,37.47227,126.62984,http://www.wikidata.org/entity/Q63877371
Q64769089,Uam Historic Park,Uam Park,park,36.347748,127.4582,http://www.wikidata.org/entity/Q64769089
Q65067215,Jincheon National Training Center,Jincheon National Training Center of Korean Sport and Olympic Committee,sports venue,36.979953,127.42269,http://www.wikidata.org/entity/Q65067215
Q65084969,Center for Quantum Nanoscience,Center for Quantum NanoScience,laboratory,37.561867,126.946833,http://www.wikidata.org/entity/Q65084969
Q65234031,2019 Survival 3C Masters 1,3-Cushion Challenge Masters,three-cushion tournament,37.589309,126.934456,http://www.wikidata.org/entity/Q65234031
Q65234031,2019 Survival 3C Masters 1,3CC,three-cushion tournament,37.589309,126.934456,http://www.wikidata.org/entity/Q65234031
Q65234061,"The Catholic University of Korea, Eunpyeong St. Mary's Hospital",Eunpyeong St. Mary's Hospital,university hospital,37.633797,126.916365,http://www.wikidata.org/entity/Q65234061
Q65234551,Ganghwa Gyosan-ri Dolmen Group,Gyosan-ri Stone Group,cultural heritage,37.8070178,126.3904724,http://www.wikidata.org/entity/Q65234551
Q65234576,Ganghwa Osang-ri Dolmen Group,Osang-ri Dolmen Group,cultural heritage,37.7360866,126.3871245,http://www.wikidata.org/entity/Q65234576
Q65234888,Geochang Oresa Temple,Oresa,cultural heritage,35.5702026,127.8725564,http://www.wikidata.org/entity/Q65234888
Q65235305,Gyeongju Chunyang Bridge and Woljeong Bridge,Gyeongju Chunyanggyoji and Woljeonggyoji,bridge,35.8294,129.2181,http://www.wikidata.org/entity/Q65235305
Q65235305,Gyeongju Chunyang Bridge and Woljeong Bridge,Woljeong Bridge,bridge,35.8294,129.2181,http://www.wikidata.org/entity/Q65235305
Q65235305,Gyeongju Chunyang Bridge and Woljeong Bridge,Woljeonggyo,bridge,35.8294,129.2181,http://www.wikidata.org/entity/Q65235305
Q65235474,Godeok-Topyeong Bridge,Godeok Bridge,road bridge,37.571666666,127.149166666,http://www.wikidata.org/entity/Q65235474
Q65235474,Godeok-Topyeong Bridge,Godeok-Topyeongdaegyo,road bridge,37.571666666,127.149166666,http://www.wikidata.org/entity/Q65235474
Q65235474,Godeok-Topyeong Bridge,godeoktopyeongdaegyo,road bridge,37.571666666,127.149166666,http://www.wikidata.org/entity/Q65235474
Q65235474,Godeok-Topyeong Bridge,Guri Bridge,road bridge,37.571666666,127.149166666,http://www.wikidata.org/entity/Q65235474
Q65305530,Pallyong Eoullim Stadium,Changwon Pallyong Eoullim Stadium,sports venue,35.250589,128.61897,http://www.wikidata.org/entity/Q65305530
Q65306680,Time Stream,Podo Mall,shopping center,37.4838735,126.9302332,http://www.wikidata.org/entity/Q65306680
Q65309604,Hanam Geomdansan Station,Hanamgeomdansan Station,metro station,37.5398015,127.2235556,http://www.wikidata.org/entity/Q65309604
Q65309634,Hanam Pungsan Station,Hanampungsan Station,underground railway station,37.5530248,127.2046624,http://www.wikidata.org/entity/Q65309634
Q65319165,Haemaji Football Field,Yeongdeok Haemaji Football Field,sports venue,36.425577,129.419503,http://www.wikidata.org/entity/Q65319165
Q65321085,Hyundai Sagyejeol Football Field,Yeongam Hyundai Sagyejeol Football Field,sports venue,34.759315,126.452745,http://www.wikidata.org/entity/Q65321085
Q65333705,Haman Musansa,Musansa,temple of Confucius,35.323805555,128.515583333,http://www.wikidata.org/entity/Q65333705
Q65333992,Korea Institute of Energy Technology,KENTECH,university,35.011,126.804,http://www.wikidata.org/entity/Q65333992
Q65589051,Ansan Cultural Center,Ansan Culture Center,museum,37.299333333,126.847777777,http://www.wikidata.org/entity/Q65589051
Q65643794,Chudo,Chu Island,island,34.316873,126.756187,http://www.wikidata.org/entity/Q65643794
Q66175402,Sorae Wetland Ecology Park,Sorae Marsh Ecological Park,park,37.4122,126.7474,http://www.wikidata.org/entity/Q66175402
Q66175402,Sorae Wetland Ecology Park,Sorae Wetlands Ecology Park,park,37.4122,126.7474,http://www.wikidata.org/entity/Q66175402
Q66311154,Gochang tidal flats,Gochang getbol,mudflat,35.551852777,126.533702777,http://www.wikidata.org/entity/Q66311154
Q66311160,Boseong tidal flats,Boseong getbol,mudflat,34.804330555,127.435663888,http://www.wikidata.org/entity/Q66311160
Q66311160,Boseong tidal flats,Boseong-Suncheong getbol,mudflat,34.804330555,127.435663888,http://www.wikidata.org/entity/Q66311160
Q66311161,Sinan tidal flats,Shinan getbol,mudflat,34.828822222,126.104441666,http://www.wikidata.org/entity/Q66311161
Q66311161,Sinan tidal flats,Shinan tidal flats,mudflat,34.828822222,126.104441666,http://www.wikidata.org/entity/Q66311161
Q66311161,Sinan tidal flats,Sinan getbol,mudflat,34.828822222,126.104441666,http://www.wikidata.org/entity/Q66311161
Q68035850,North Korea South Korea border crossing #777,3,border checkpoint,38.316096692,127.229773389,http://www.wikidata.org/entity/Q68035850
Q68035852,North Korea South Korea border crossing #779,1,border checkpoint,37.930786213,126.726975799,http://www.wikidata.org/entity/Q68035852
Q68035853,North Korea South Korea border crossing #781,1,border checkpoint,37.916964466,126.721485093,http://www.wikidata.org/entity/Q68035853
Q71007583,Jeongwang Sports Park,Siheung Jeongwang Sports Park,sports complex,37.338412,126.755964,http://www.wikidata.org/entity/Q71007583
Q71337917,Maldo,Mal Island,island,37.687314,126.130105,http://www.wikidata.org/entity/Q71337917
Q72047611,Deokjin Sports Park,Jeonju Deokjin Sports Park,sports venue,35.853217,127.140469,http://www.wikidata.org/entity/Q72047611
Q72938937,Omokcheon station,Bongdam station,metro station,37.24331,126.96374,http://www.wikidata.org/entity/Q72938937
Q73134743,CHZZK LoL Park,LCK Arena,sports venue,37.571111111,126.981388888,http://www.wikidata.org/entity/Q73134743
Q73134743,CHZZK LoL Park,League of Legends Park,sports venue,37.571111111,126.981388888,http://www.wikidata.org/entity/Q73134743
Q73134743,CHZZK LoL Park,LoL Park,sports venue,37.571111111,126.981388888,http://www.wikidata.org/entity/Q73134743
Q74500763,Hwasan Gymnasium,Hwasan Indoor Stadium,sports venue,35.820927186,127.124525515,http://www.wikidata.org/entity/Q74500763
Q74510744,Lee Yong-dae Gymnasium,Hanium Culture Sports Center,sports venue,35.048406639,126.96561318,http://www.wikidata.org/entity/Q74510744
Q74510744,Lee Yong-dae Gymnasium,Hwasun Hanium Sports Center,sports venue,35.048406639,126.96561318,http://www.wikidata.org/entity/Q74510744
Q74510744,Lee Yong-dae Gymnasium,Hwasun Indoor Stadium,sports venue,35.048406639,126.96561318,http://www.wikidata.org/entity/Q74510744
Q74510744,Lee Yong-dae Gymnasium,Lee Yongdae Gymnasium,sports venue,35.048406639,126.96561318,http://www.wikidata.org/entity/Q74510744
Q82327789,Sunjeolsa,Sunjeolsa Temple,cultural heritage,36.025,127.455833333,http://www.wikidata.org/entity/Q82327789
Q83872398,COVID-19 pandemic in South Korea,2019–20 COVID-19 outbreak in South Korea,disease outbreak,36.0,128.0,http://www.wikidata.org/entity/Q83872398
Q83872398,COVID-19 pandemic in South Korea,2020 South Korea COVID-19 pandemic,disease outbreak,36.0,128.0,http://www.wikidata.org/entity/Q83872398
Q83872398,COVID-19 pandemic in South Korea,COVID pandemic in South Korea,disease outbreak,36.0,128.0,http://www.wikidata.org/entity/Q83872398
Q83872398,COVID-19 pandemic in South Korea,COVID-19 outbreak in South Korea,disease outbreak,36.0,128.0,http://www.wikidata.org/entity/Q83872398
Q83872398,COVID-19 pandemic in South Korea,South Korea COVID-19 pandemic,disease outbreak,36.0,128.0,http://www.wikidata.org/entity/Q83872398
Q83872398,COVID-19 pandemic in South Korea,South Korean COVID-19 outbreak,disease outbreak,36.0,128.0,http://www.wikidata.org/entity/Q83872398
Q76714313,Yongin Mireu Stadium,Yongin Civic Sports Park,sports venue,37.249655,127.165174,http://www.wikidata.org/entity/Q76714313
Q77082882,The Korean Institute of Electrical and Electronic Material Engineers,KIEEME,organization,37.500682,127.030794,http://www.wikidata.org/entity/Q77082882
Q77082882,The Korean Institute of Electrical and Electronic Material Engineers,Korean Institute of Electrical and Electronic Material Engineers,organization,37.500682,127.030794,http://www.wikidata.org/entity/Q77082882
Q77373413,Yesan Stadium,Yesan Public Stadium,sports venue,36.676134,126.861765,http://www.wikidata.org/entity/Q77373413
Q109460524,Mojeon Bridge,Mojeongyo,bridge,37.569106774,126.979262752,http://www.wikidata.org/entity/Q109460524
Q109460614,Seoul Geumcheon Fire Station,Geumcheon Fire Station,fire station,37.46426665,126.897930259,http://www.wikidata.org/entity/Q109460614
Q97339827,Seoul National University Venture Town Station,SNU Venture Town Station,metro station,37.472180555,126.933411111,http://www.wikidata.org/entity/Q97339827
Q98163404,Gapyeong Sports Complex,Gapyeong Stadium,sports venue,37.825442,127.506967,http://www.wikidata.org/entity/Q98163404
Q99285445,Kangwon National University Wonju Campus,Gangneung-Wonju National University Wonju Campus,campus,37.305205555,127.922897222,http://www.wikidata.org/entity/Q99285445
Q99285445,Kangwon National University Wonju Campus,Gangneung–Wonju National University Wonju Campus,campus,37.305205555,127.922897222,http://www.wikidata.org/entity/Q99285445
Q99539960,"Consulate-General of Japan, Busan","Consulate-General of Japan, Pusan",consulate general,35.1212553,129.0424796,http://www.wikidata.org/entity/Q99539960
Q99540138,"Taipei Mission in Korea, Busan Office","Busan Office, Taipei Mission in Korea",consular agency,35.1038002,129.0367252,http://www.wikidata.org/entity/Q99540138
Q99540292,"Consulate General of China, Busan",Consulate-General of the People's Republic of China in Busan,consulate general,35.17803,129.074649,http://www.wikidata.org/entity/Q99540292
Q99621317,"Consulate-General of China, Jeju",Consulate-General of the People's Republic of China in Jeju,consulate general,33.4907722,126.5204389,http://www.wikidata.org/entity/Q99621317
Q100000050,Samtan Art Mine,Samcheok Mine,mine,37.1954,128.8702,http://www.wikidata.org/entity/Q100000050
Q100250532,Ulsan Samhwan Art Nouveau Fire,2020 Ulsan Apartment Fire,structure fire,35.535230555,129.317077777,http://www.wikidata.org/entity/Q100250532
Q100254197,Naesu Public Stadium,Cheongwon Public Stadium,sports venue,36.696737,127.557363,http://www.wikidata.org/entity/Q100254197
Q101050038,Saenggeo Jincheon Stadium,Jincheon Public Stadium,sports venue,36.848244,127.441097,http://www.wikidata.org/entity/Q101050038
Q111888556,Holiday Inn Resort Alpensia Pyeongchang,"Holiday Inn Resort Alpensia Pyeongchang, an IHG Hotel",hotel,37.661625,128.67635,http://www.wikidata.org/entity/Q111888556
Q111976551,Office of the President of South Korea,Ministry of National Defense Building,government agency,37.533561,126.977674,http://www.wikidata.org/entity/Q111976551
Q111976551,Office of the President of South Korea,"Presidential Residence, Itaewon",government agency,37.533561,126.977674,http://www.wikidata.org/entity/Q111976551
Q111976551,Office of the President of South Korea,Yongsan Presidential Office,government agency,37.533561,126.977674,http://www.wikidata.org/entity/Q111976551
Q85088309,Gwangju Football Stadium,Gwangju World Cup Auxiliary Stadium,sports venue,35.130921,126.874901,http://www.wikidata.org/entity/Q85088309
Q85772497,Muju Jumping Park,Jumping Park,sports venue,35.886126,127.742561,http://www.wikidata.org/entity/Q85772497
Q85973438,Konjiam Resort,Gonjiam Resort,ski resort,37.336944444,127.293611111,http://www.wikidata.org/entity/Q85973438
Q85982694,Yeoncheon Stadium,Yeoncheon Public Stadium,sports venue,38.107011,127.080395,http://www.wikidata.org/entity/Q85982694
Q85982775,Sindo Peace Bridge,Sindo Bridge,road bridge,37.506548644,126.471407263,http://www.wikidata.org/entity/Q85982775
Q85988508,Haeram Culture Center,Gangneung-Wonju National University Haeram Culture Center,concert hall,37.7709,128.8714,http://www.wikidata.org/entity/Q85988508
Q85988508,Haeram Culture Center,GWNU Haeram Culture Center,concert hall,37.7709,128.8714,http://www.wikidata.org/entity/Q85988508
Q86089452,Seoul Book Bogo,Seoul Book Repository,bookstore,37.5219276,127.1037606,http://www.wikidata.org/entity/Q86089452
Q86089452,Seoul Book Bogo,Seoul Treasure Den for Books,bookstore,37.5219276,127.1037606,http://www.wikidata.org/entity/Q86089452
Q90571228,Bio-Medical Science (South Korean),BMS,business,37.5227,127.043217,http://www.wikidata.org/entity/Q90571228
Q93494499,Legoland Korea Resort,Legoland Korea,Legoland,37.8839056,127.6947192,http://www.wikidata.org/entity/Q93494499
Q96004924,Daegu Youth Football Field,Daegu Civic Auxiliary Stadium,sports venue,35.882527,128.588985,http://www.wikidata.org/entity/Q96004924
Q97191763,Western Liancourt Rocks,Ojima,island group,37.241805555,131.865166666,http://www.wikidata.org/entity/Q97191763
Q97191763,Western Liancourt Rocks,West Islet,island group,37.241805555,131.865166666,http://www.wikidata.org/entity/Q97191763
Q97191763,Western Liancourt Rocks,Seodo,island group,37.241805555,131.865166666,http://www.wikidata.org/entity/Q97191763
Q97194831,Eastern Liancourt Rocks,East Islet,island,37.240777777,131.869583333,http://www.wikidata.org/entity/Q97194831
Q97194831,Eastern Liancourt Rocks,Dongdo,island,37.240777777,131.869583333,http://www.wikidata.org/entity/Q97194831
Q97194831,Eastern Liancourt Rocks,Mejima,island,37.240777777,131.869583333,http://www.wikidata.org/entity/Q97194831
Q97213100,Yongmeori Coast,Yongmeori Beach,coast,33.23191,126.314775,http://www.wikidata.org/entity/Q97213100
Q101273826,Gongju Civic Stadium,Gongju Public Stadium,sports venue,36.461574,127.109049,http://www.wikidata.org/entity/Q101273826
Q101273826,Gongju Civic Stadium,Gongju Stadium,sports venue,36.461574,127.109049,http://www.wikidata.org/entity/Q101273826
Q101445737,Nonsan Civic Stadium,Nonsan Public Stadium,sports venue,36.194211,127.103461,http://www.wikidata.org/entity/Q101445737
Q104102547,Jangsu Gaya Stadium,Jangsu Public Stadium,sports venue,35.653906,127.522493,http://www.wikidata.org/entity/Q104102547
Q104109507,Jangsu Stadium,Jangsu Grass Field,sports venue,35.640353,127.520627,http://www.wikidata.org/entity/Q104109507
Q104700196,Ulsan Radio Telescope,KVNUS,radio telescope,35.545611111,129.249805555,http://www.wikidata.org/entity/Q104700196
Q104884185,Park Ji-sung Public Stadium,Goheung Public Stadium,sports venue,34.614163,127.298597,http://www.wikidata.org/entity/Q104884185
Q105061220,Towangseong Falls,Singwangpokpo,waterfall,38.154216,128.494609,http://www.wikidata.org/entity/Q105061220
Q105950320,Yeongam Stadium,Yeongam Public Stadium,sports venue,34.804729,126.701518,http://www.wikidata.org/entity/Q105950320
Q106297455,"Consulate General of China, Gwangju",Consulate-General of the People's Republic of China in Gwangju,consulate general,35.1473808,126.8884869,http://www.wikidata.org/entity/Q106297455
Q106411851,Vatech (South Korea),Vatech System Corporation,business,37.5157678,127.0429666,http://www.wikidata.org/entity/Q106411851
Q106411959,Ghent University Global Campus,GUGC,educational institution,37.37606,126.66493,http://www.wikidata.org/entity/Q106411959
Q106765174,shrine of Our Lady of the Rosary of Namyang,Rosary Hill,Catholic pilgrimage church,37.2063816,126.8168566,http://www.wikidata.org/entity/Q106765174
Q107060673,Byeollae Byeolgaram Station,Byeolgaram Station,metro station,37.6678183,127.1159775,http://www.wikidata.org/entity/Q107060673
Q107060673,Byeollae Byeolgaram Station,ByeollaeByeolgaram Station,metro station,37.6678183,127.1159775,http://www.wikidata.org/entity/Q107060673
Q109516686,Five & Six International,5&6,television channel,36.643326111,127.450936944,http://www.wikidata.org/entity/Q109516686
Q109516686,Five & Six International,Five&Six International Co. Ltd (Korea),television channel,36.643326111,127.450936944,http://www.wikidata.org/entity/Q109516686
Q109516686,Five & Six International,FivenSix,television channel,36.643326111,127.450936944,http://www.wikidata.org/entity/Q109516686
Q110081968,"Old downtown area of Jung District, Incheon",Jung District wondosim,administrative territorial entity,37.472222222,126.622222222,http://www.wikidata.org/entity/Q110081968
Q110081968,"Old downtown area of Jung District, Incheon","Land part of Jung District, Incheon",administrative territorial entity,37.472222222,126.622222222,http://www.wikidata.org/entity/Q110081968
Q110115078,Banpo Raemian One Bailey,Raemian One Bailey,apartment,37.5060371,126.9986625,http://www.wikidata.org/entity/Q110115078
Q110115219,Downtown Seoul,CBD Seoul,central business district,37.572209,126.9768146,http://www.wikidata.org/entity/Q110115219
Q110115219,Downtown Seoul,City centre of Seoul,central business district,37.572209,126.9768146,http://www.wikidata.org/entity/Q110115219
Q110115219,Downtown Seoul,Downtown of Seoul,central business district,37.572209,126.9768146,http://www.wikidata.org/entity/Q110115219
Q110115219,Downtown Seoul,downtown region,central business district,37.572209,126.9768146,http://www.wikidata.org/entity/Q110115219
Q110115219,Downtown Seoul,sadaemun-an,central business district,37.572209,126.9768146,http://www.wikidata.org/entity/Q110115219
Q110115219,Downtown Seoul,sadaemunan,central business district,37.572209,126.9768146,http://www.wikidata.org/entity/Q110115219
Q110115219,Downtown Seoul,Seoul CBD,central business district,37.572209,126.9768146,http://www.wikidata.org/entity/Q110115219
Q110115219,Downtown Seoul,Seoul Central Business District,central business district,37.572209,126.9768146,http://www.wikidata.org/entity/Q110115219
Q110115219,Downtown Seoul,Seoul Dosim,central business district,37.572209,126.9768146,http://www.wikidata.org/entity/Q110115219
Q110115219,Downtown Seoul,Seoul downtown,central business district,37.572209,126.9768146,http://www.wikidata.org/entity/Q110115219
Q110117704,Junghuidang,Seunghwaru,building,37.5827733,126.9887427,http://www.wikidata.org/entity/Q110117704
Q110117704,Junghuidang,Chilbunseo,building,37.5827733,126.9887427,http://www.wikidata.org/entity/Q110117704
Q110117704,Junghuidang,Samsamwa,building,37.5827733,126.9887427,http://www.wikidata.org/entity/Q110117704
Q110470721,Saesil-gogae,Saesilgogae,mountain pass,37.46994,126.9521,http://www.wikidata.org/entity/Q110470721
Q110724047,Keimyung University Dongsan Hospital,Keimyung University Hospital,hospital,35.8534841,128.4799488,http://www.wikidata.org/entity/Q110724047
Q110933043,Myongji University Social Science Campus,Myongji University Seoul Campus,campus,37.580833333,126.923888888,http://www.wikidata.org/entity/Q110933043
Q111110913,Happinessfull Hanok Guesthouse Jeonju,The Hanok,hostel,35.8114581,127.1534816,http://www.wikidata.org/entity/Q111110913
Q111111250,Time Travelers Party Hostel in Hongdae,Time Travelers Party Hostel In Hongdae,hostel,37.560862,126.92744,http://www.wikidata.org/entity/Q111111250
Q111111252,Insa Hostel Insadong,Insadong Hostel,hostel,37.5749126,126.9846126,http://www.wikidata.org/entity/Q111111252
Q111111254,Hongdae Birdsnest Hostel,Birdsnest Hostel Hongdae,hostel,37.5611801,126.9214478,http://www.wikidata.org/entity/Q111111254
Q111111259,YaKorea Hostel Gangnam,YaKorea Hostel Gangnam Seoul,hostel,37.50454,127.04389,http://www.wikidata.org/entity/Q111111259
Q111111262,High Street Guest House Hongdae,High Street Guest House,hostel,37.5602124,126.9221317,http://www.wikidata.org/entity/Q111111262
Q111111267,K-guesthouse Dongdaemun premium,K-Guesthouse Dongdaemun Premium,hostel,37.56361,127.00687,http://www.wikidata.org/entity/Q111111267
Q111111278,K-Grand Hostel Dongdaemun 3,K-Grand Hostel Dongdaemun,hostel,37.56303,127.03205,http://www.wikidata.org/entity/Q111111278
Q111111280,Lee Kang Ga Guesthouse,Lee Kang GA Guesthouse,guest house,37.560181,126.915274,http://www.wikidata.org/entity/Q111111280
Q111111283,BB Hongdae Hostel,BB Hongdae,hostel,37.5614833,126.9249521,http://www.wikidata.org/entity/Q111111283
Q111123631,Jeju Hiking Inn and Gudeok Guesthouse,Gudeok Guesthouse,hotel,33.24403,126.56227,http://www.wikidata.org/entity/Q111123631
Q111123637,MIDO Hostel,Mido Hostel,hostel,33.24998,126.56642,http://www.wikidata.org/entity/Q111123637
Q111123638,Yesjun Guest house,Yesjun Guest House,hostel,33.508472,126.4707746,http://www.wikidata.org/entity/Q111123638
Q111126734,MAMA Guesthouse Haeundae,Mama Guesthouse Haeundae,guest house,35.1620426,129.1633066,http://www.wikidata.org/entity/Q111126734
Q111126740,INSIDE Busan,Inside Busan Hostel,hostel,35.1134533,129.036189,http://www.wikidata.org/entity/Q111126740
Q111126742,K79 Guesthouse,K 79 Guesthouse,hostel,35.1025314,129.0303993,http://www.wikidata.org/entity/Q111126742
Q111126744,Pusan Central Hotel,Busan Central Hotel,hotel,35.18769,129.0815,http://www.wikidata.org/entity/Q111126744
Q111126746,K-guesthouse Busan Seomyeon 1,K-Guesthouse Seomyeon 1,guest house,35.15269,129.05855,http://www.wikidata.org/entity/Q111126746
Q111126754,Familie Guesthouse Busan Station,Hostel Familie Busan,hostel,35.116467,129.04117,http://www.wikidata.org/entity/Q111126754
Q111406437,InterContinental Seoul COEX,"InterContinental Seoul COEX, an IHG Hotel",hotel,37.51325,127.05714,http://www.wikidata.org/entity/Q111406437
Q111406449,Grand Mercure Ambassador Hotel and Residences Seoul Yongsan,Grand Mercure Ambassador Hotel and Residences Seoul Yongsan - Seoul Dragon City,hotel,37.532284,126.96174,http://www.wikidata.org/entity/Q111406449
Q111865204,Holiday Inn Gwangju,"Holiday Inn Gwangju, an IHG Hotel",hotel,35.14755,126.83847,http://www.wikidata.org/entity/Q111865204
Q111865261,Ibis Styles Ambassador Seoul Yongsan,Ibis Styles Ambassador Seoul Yongsan - Seoul Dragon City,hotel,37.531782,126.963099,http://www.wikidata.org/entity/Q111865261
Q111865262,Novotel Ambassador Seoul Yongsan,Novotel Ambassador Seoul Yongsan - Seoul Dragon City,hotel,37.532284,126.963936,http://www.wikidata.org/entity/Q111865262
Q111865279,Holiday Inn Incheon Songdo,"Holiday Inn Incheon Songdo, an IHG Hotel",hotel,37.392921722,126.632630568,http://www.wikidata.org/entity/Q111865279
Q109455925,Bulgulsa,Bulgulsa Temple,Buddhist temple,35.945277777,128.778611111,http://www.wikidata.org/entity/Q109455925
Q111865466,InterContinental Alpensia Pyeongchang Resort,"InterContinental Alpensia Pyeongchang Resort, an IHG Hotel",hotel,37.65846,128.66972,http://www.wikidata.org/entity/Q111865466
Q111865467,Holiday Inn & Suites Alpensia Pyeongchang Suites,"Holiday Inn & Suites Alpensia Pyeongchang Suites, an IHG Hotel",hotel,37.65789,128.672,http://www.wikidata.org/entity/Q111865467
Q111865481,Hotel Inter-Burgo Daegu,Hotel Inter-Burgo,hotel,35.874273,128.659885,http://www.wikidata.org/entity/Q111865481
Q107518145,Convergence Research Center for Diagnosis Treatment and Care System of Dementia,Convergence Research Center for Dementia DTC,facility,37.6012625,127.0431093,http://www.wikidata.org/entity/Q107518145
Q107518145,Convergence Research Center for Diagnosis Treatment and Care System of Dementia,치매 DTC 융합연구단,facility,37.6012625,127.0431093,http://www.wikidata.org/entity/Q107518145
Q107715736,"Getbol, Korean Tidal Flats",Getbol,group of protected areas,34.828822222,126.104444444,http://www.wikidata.org/entity/Q107715736
Q108039714,Seocheon tidal flats,Seocheon getbol,protected area,36.045275,126.613802777,http://www.wikidata.org/entity/Q108039714
Q108039714,Seocheon tidal flats,Socheon tidal flat,protected area,36.045275,126.613802777,http://www.wikidata.org/entity/Q108039714
Q108239030,Yeongneung,Yeongneung (Hyojong),burial plot,37.306388888,127.609722222,http://www.wikidata.org/entity/Q108239030
Q108523769,Japanese occupation of Gyeongbokgung,Gabo Incident,battle,37.578611,126.977222,http://www.wikidata.org/entity/Q108523769
Q108523769,Japanese occupation of Gyeongbokgung,occupation of Seoul,battle,37.578611,126.977222,http://www.wikidata.org/entity/Q108523769
Q108737096,"St. Peter's Hospital, St. Mary's Hospital Eunpyeong",Catholic University of Korea - St. Mary's Hospital Eunpyeong,medical organization,37.580415,127.043357,http://www.wikidata.org/entity/Q108737096
Q108761348,Heonreung,Heonleung,cultural heritage,37.624166666,127.075833333,http://www.wikidata.org/entity/Q108761348
Q108816576,Golden Maitreya of Beopjusa,Golden Buddha of Beopjusa,colossal statue,36.542,127.8325,http://www.wikidata.org/entity/Q108816576
Q122586641,Mareijia Bridge,Malaysia Bridge,bridge,37.749444444,126.798611111,http://www.wikidata.org/entity/Q122586641
Q122633046,Korean Women's Association for Communication Studies,KWACS,organization,37.48607,127.009832,http://www.wikidata.org/entity/Q122633046
Q123035738,Namcheon Cathedral of St. Paul Chong Hasang,Namcheon Cathedral,Catholic cathedral,35.1443,129.1078,http://www.wikidata.org/entity/Q123035738
Q123038953,Jangdo,Jang Island,park,34.74324,127.66419,http://www.wikidata.org/entity/Q123038953
Q123038953,Jangdo,Ungcheon Jangdo Park,park,34.74324,127.66419,http://www.wikidata.org/entity/Q123038953
Q123038995,Geobukseon Park,Geobuk Park,park,34.76137,127.66695,http://www.wikidata.org/entity/Q123038995
Q123038995,Geobukseon Park,Turtle Ship Park,park,34.76137,127.66695,http://www.wikidata.org/entity/Q123038995
Q123039008,Ansan Neighborhood Park,Ansan Park,park,34.75939,127.65855,http://www.wikidata.org/entity/Q123039008
Q123039046,Ungcheon Beach Park,Ungcheon Waterfront Park,park,34.74721,127.66777,http://www.wikidata.org/entity/Q123039046
Q123039241,Hakdong Park,Hakdong Gongwon,park,37.5157,127.02542,http://www.wikidata.org/entity/Q123039241
Q123039241,Hakdong Park,Hakdonggongwon,park,37.5157,127.02542,http://www.wikidata.org/entity/Q123039241
Q123116093,Ttaetgol Village,Ddaetgol,human settlement,37.339698079,126.794765581,http://www.wikidata.org/entity/Q123116093
Q123116093,Ttaetgol Village,Ddaetgol Maeul,human settlement,37.339698079,126.794765581,http://www.wikidata.org/entity/Q123116093
Q123116093,Ttaetgol Village,Ttaetgol,human settlement,37.339698079,126.794765581,http://www.wikidata.org/entity/Q123116093
Q123116093,Ttaetgol Village,Ttekkol,human settlement,37.339698079,126.794765581,http://www.wikidata.org/entity/Q123116093
Q123116093,Ttaetgol Village,Ttekkol Samgori,human settlement,37.339698079,126.794765581,http://www.wikidata.org/entity/Q123116093
Q123122845,Kyujanggak Institute for Korean Studies,Seoul National University Kyujanggak Institute for Korean Studies,research institute,37.46233,126.95042,http://www.wikidata.org/entity/Q123122845
Q123750949,Kimnyoung Maze Park,Gimnyeong Maze Park,hedge maze,33.536,126.772,http://www.wikidata.org/entity/Q123750949
Q123750949,Kimnyoung Maze Park,Kimnyeong Maze Park,hedge maze,33.536,126.772,http://www.wikidata.org/entity/Q123750949
Q123750949,Kimnyoung Maze Park,Kimnyong Maze Park,hedge maze,33.536,126.772,http://www.wikidata.org/entity/Q123750949
Q123841540,LeestarTV,LAP-추종윤(주),company,37.5673864,126.825986,http://www.wikidata.org/entity/Q123841540
Q123982526,Myeongwol Elementary School,Myeongwol Gukmin Hakgyo,café,33.3887,126.2648,http://www.wikidata.org/entity/Q123982526
Q123982526,Myeongwol Elementary School,MyeongWol Gukminhakkyo,café,33.3887,126.2648,http://www.wikidata.org/entity/Q123982526
Q124021455,Pohang Space Walk,Space Walk,architectural structure,36.065,129.390555555,http://www.wikidata.org/entity/Q124021455
Q124059100,Bongsan seowon,Bongsan seowon (Jeollanam-do),seowon,35.0337209,126.8511366,http://www.wikidata.org/entity/Q124059100
Q124059620,Bongsan seowon,Bonghwa Bongsan Seowon,seowon,36.8709573,128.7464115,http://www.wikidata.org/entity/Q124059620
Q124062096,Yi Sun-sin Marina,Yi Sun-shin Marina,marina,34.74522,127.67275,http://www.wikidata.org/entity/Q124062096
Q124102398,Yemilab,Yemi Laboratory,laboratory,37.2102,128.6638,http://www.wikidata.org/entity/Q124102398
Q124102398,Yemilab,Astroparticle Research Facility,laboratory,37.2102,128.6638,http://www.wikidata.org/entity/Q124102398
Q124215730,Korea AeroSpace Administration,KASA,space agency,35.0520049,128.0413561,http://www.wikidata.org/entity/Q124215730
Q124215730,Korea AeroSpace Administration,Korea Aerospace Administration,space agency,35.0520049,128.0413561,http://www.wikidata.org/entity/Q124215730
Q124215730,Korea AeroSpace Administration,Uju Cheong,space agency,35.0520049,128.0413561,http://www.wikidata.org/entity/Q124215730
Q124215730,Korea AeroSpace Administration,Ujuhanggongcheong,space agency,35.0520049,128.0413561,http://www.wikidata.org/entity/Q124215730
Q112206188,Daedunsan Cloud Bridge,Daedunsan Geumgang Gureum-dari,suspension bridge,36.1233325,127.3256904,http://www.wikidata.org/entity/Q112206188
Q112206188,Daedunsan Cloud Bridge,Daedunsan Gureum-dari,suspension bridge,36.1233325,127.3256904,http://www.wikidata.org/entity/Q112206188
Q112206188,Daedunsan Cloud Bridge,Daedunsan Suspension Bridge,suspension bridge,36.1233325,127.3256904,http://www.wikidata.org/entity/Q112206188
Q112206188,Daedunsan Cloud Bridge,Geumgang Gureumdari,suspension bridge,36.1233325,127.3256904,http://www.wikidata.org/entity/Q112206188
Q112866441,Yeongdeokdo,Eundeokdo,island,34.416666666,126.916666666,http://www.wikidata.org/entity/Q112866441
Q112866441,Yeongdeokdo,Nolyeokdo,island,34.416666666,126.916666666,http://www.wikidata.org/entity/Q112866441
Q113253692,Gyeongsan Civic Stadium,Gyeongsan Athletics Stadium,sports venue,35.820278,128.745295,http://www.wikidata.org/entity/Q113253692
Q113493764,Seokbulsa,Byeongpungam Seokbulsa,Korean Buddhist temple,35.221545,129.0488107,http://www.wikidata.org/entity/Q113493764
Q113493764,Seokbulsa,Byeongpungsa,Korean Buddhist temple,35.221545,129.0488107,http://www.wikidata.org/entity/Q113493764
Q113581340,Medici Media,Medicimedia,publishing house,37.5774474,126.9677484,http://www.wikidata.org/entity/Q113581340
Q113581340,Medici Media,medicimedia.co.kr,publishing house,37.5774474,126.9677484,http://www.wikidata.org/entity/Q113581340
Q113621267,Bongmu Park,Bongmu Leports Park,park,35.9202102,128.6499178,http://www.wikidata.org/entity/Q113621267
Q115393880,Sunin Publishing,Seonin Publishing Company,publishing house,37.5367601,126.9445014,http://www.wikidata.org/entity/Q115393880
Q115622195,Hanshin Intervalley 24,Hanshin Intervalley 24 Building,building,37.503206,127.0465684,http://www.wikidata.org/entity/Q115622195
Q115622195,Hanshin Intervalley 24,Hanshin Intervalley 24 Complex,building,37.503206,127.0465684,http://www.wikidata.org/entity/Q115622195
Q115681433,Godangbong,Godang-bong,summit,35.28015,129.050611111,http://www.wikidata.org/entity/Q115681433
Q116610935,"Shin-Sung System Co.,Ltd.",Shinsung System,enterprise,37.1277698,126.8138958,http://www.wikidata.org/entity/Q116610935
Q116784753,Monthly People,monthlypeople.com,communications media,37.5295928,126.9203785,http://www.wikidata.org/entity/Q116784753
Q114394727,Delegation of the European Union to the Republic of Korea,Delegation of the European Union to South Korea,Delegation of the European Union,37.555472222,126.97375,http://www.wikidata.org/entity/Q114394727
Q114872193,Yecheon Stadium,Yecheon Public Stadium,sports venue,36.65821,128.464078,http://www.wikidata.org/entity/Q114872193
Q114912414,Itaewon Halloween crowd crush,2022 Itaewon stampede,crowd crush,37.534722222,126.993333333,http://www.wikidata.org/entity/Q114912414
Q114912414,Itaewon Halloween crowd crush,2022 Seoul crowd crush,crowd crush,37.534722222,126.993333333,http://www.wikidata.org/entity/Q114912414
Q114912414,Itaewon Halloween crowd crush,2022 Seoul stampede,crowd crush,37.534722222,126.993333333,http://www.wikidata.org/entity/Q114912414
Q114912414,Itaewon Halloween crowd crush,Itaewon Halloween stampede,crowd crush,37.534722222,126.993333333,http://www.wikidata.org/entity/Q114912414
Q114912414,Itaewon Halloween crowd crush,Itaewon stampede,crowd crush,37.534722222,126.993333333,http://www.wikidata.org/entity/Q114912414
Q114912414,Itaewon Halloween crowd crush,Itaewon tragedy,crowd crush,37.534722222,126.993333333,http://www.wikidata.org/entity/Q114912414
Q114912414,Itaewon Halloween crowd crush,"Itaewon, Seoul Halloween stampede",crowd crush,37.534722222,126.993333333,http://www.wikidata.org/entity/Q114912414
Q114912414,Itaewon Halloween crowd crush,Seoul Halloween crowd crush,crowd crush,37.534722222,126.993333333,http://www.wikidata.org/entity/Q114912414
Q114912414,Itaewon Halloween crowd crush,Seoul Halloween stampede,crowd crush,37.534722222,126.993333333,http://www.wikidata.org/entity/Q114912414
Q118287930,Gwangju Rest Area,Gwangju Service Area,rest area,37.379815597,127.42487792,http://www.wikidata.org/entity/Q118287930
Q120185713,Dunchon Olympic Park Foreon,Olympic Park Foreon Apartments,apartment,37.525469444,127.139052777,http://www.wikidata.org/entity/Q120185713
Q121245570,World Youth Day 2027,WYD 2027,recurring religious event edition,37.566666666,126.983333333,http://www.wikidata.org/entity/Q121245570
Q121600010,LeeChunTek Orthopaedic Specialty Hospital,LCTH,hospital,37.272127777,127.015575,http://www.wikidata.org/entity/Q121600010
Q121600010,LeeChunTek Orthopaedic Specialty Hospital,Lee Chun Tek Hospital,hospital,37.272127777,127.015575,http://www.wikidata.org/entity/Q121600010
Q121600010,LeeChunTek Orthopaedic Specialty Hospital,Lee Chun Tek Orthopaedic Specialty Hospital,hospital,37.272127777,127.015575,http://www.wikidata.org/entity/Q121600010
Q121600010,LeeChunTek Orthopaedic Specialty Hospital,LeeChunTek Hospital,hospital,37.272127777,127.015575,http://www.wikidata.org/entity/Q121600010
Q121743485,Pukyong National University Gymnasium,PKMU Gym,sports venue,35.133098757,129.104794702,http://www.wikidata.org/entity/Q121743485
Q121746106,Donae Hae,Tonai Kai,harbor,34.05,127.3,http://www.wikidata.org/entity/Q121746106
Q121983997,Ungcheon Waeseong,Ungcheon Japanese Fortress,fortress,35.1067892,128.7578145,http://www.wikidata.org/entity/Q121983997
Q122165037,Jeonju Indoor Badminton Court,Jeonju Indoor Badminton Hall,sports venue,35.853463848,127.135793811,http://www.wikidata.org/entity/Q122165037
Q122165037,Jeonju Indoor Badminton Court,Jeonju Indoor Badminton Stadium,sports venue,35.853463848,127.135793811,http://www.wikidata.org/entity/Q122165037
Q122227912,Campfire Aniworks,CFA,animation studio,35.148615949,126.917684713,http://www.wikidata.org/entity/Q122227912
Q122227912,Campfire Aniworks,"Campfire Aniwork Co.,Ltd.",animation studio,35.148615949,126.917684713,http://www.wikidata.org/entity/Q122227912
Q122227912,Campfire Aniworks,"Campfire Aniworks Co., Ltd.",animation studio,35.148615949,126.917684713,http://www.wikidata.org/entity/Q122227912
Q122227912,Campfire Aniworks,"CampfireAniwork Co.,Ltd.",animation studio,35.148615949,126.917684713,http://www.wikidata.org/entity/Q122227912
Q122227912,Campfire Aniworks,CampfireAniworks,animation studio,35.148615949,126.917684713,http://www.wikidata.org/entity/Q122227912
Q122227912,Campfire Aniworks,"CampfireAniworks Co.,Ltd.",animation studio,35.148615949,126.917684713,http://www.wikidata.org/entity/Q122227912
Q131142590,Morak Mountain,Moraksan Mountain,mountain,37.344,126.968,http://www.wikidata.org/entity/Q131142590
Q131142590,Morak Mountain,Mount Morak,mountain,37.344,126.968,http://www.wikidata.org/entity/Q131142590
Q131142590,Morak Mountain,모락산,mountain,37.344,126.968,http://www.wikidata.org/entity/Q131142590
Q130279772,Hane,Sushi Hane,sushi-ya,37.5275,127.0348,http://www.wikidata.org/entity/Q130279772
Q130348139,Cheongdo bullfighting ground,Cheongdo Bullfighting Stadium,bullring,35.687751608,128.724696616,http://www.wikidata.org/entity/Q130348139
Q124969863,Daehan Cheolligyo,Chollikyo,shinshūkyō,37.711277777,127.046277777,http://www.wikidata.org/entity/Q124969863
Q124969863,Daehan Cheolligyo,Daehancheolligyo,shinshūkyō,37.711277777,127.046277777,http://www.wikidata.org/entity/Q124969863
Q124969863,Daehan Cheolligyo,Korean Tenrikyo,shinshūkyō,37.711277777,127.046277777,http://www.wikidata.org/entity/Q124969863
Q124974573,Jangdo Island High Moor,Jangdo Mountain Wetland,marsh,34.666666666,125.366666666,http://www.wikidata.org/entity/Q124974573
Q124974573,Jangdo Island High Moor,Jangdo Wetland,marsh,34.666666666,125.366666666,http://www.wikidata.org/entity/Q124974573
Q124974576,Gochang and Buan Tidal Flats,Buan Julpo Bay Wetland Protected Area,mudflat,35.55,126.566666666,http://www.wikidata.org/entity/Q124974576
Q124974576,Gochang and Buan Tidal Flats,Gochang Tidal Flat Wetland Protected Area,mudflat,35.55,126.566666666,http://www.wikidata.org/entity/Q124974576
Q124974576,Gochang and Buan Tidal Flats,Gochang/Buan Tidal Flats,mudflat,35.55,126.566666666,http://www.wikidata.org/entity/Q124974576
Q124974579,Janghang Wetland,Han River Wetland Protection Area,salt marsh,37.633333333,126.75,http://www.wikidata.org/entity/Q124974579
Q124974588,Sumeunmulbaengdui,Sumeunmulbaengdui Ramsar Site,biosphere reserve,33.35,126.433333333,http://www.wikidata.org/entity/Q124974588
Q124974590,Mungyeong Doline Wetland,Mungyeong Dolin,freshwater marsh,36.7,128.216666666,http://www.wikidata.org/entity/Q124974590
Q125887728,Hongryongsa,Hongnyongsa,temple,35.4333908,129.022753,http://www.wikidata.org/entity/Q125887728
Q125887728,Hongryongsa,Hongnyongsa Temple,temple,35.4333908,129.022753,http://www.wikidata.org/entity/Q125887728
Q126199836,Korea Disease Control and Prevention Agency,KDCA,government agency,36.6396336,127.330652,http://www.wikidata.org/entity/Q126199836
Q126899774,Sinjangjeolgong Cemetery,Xinjiangjeogongmyo,cemetery,37.904638888,127.661111111,http://www.wikidata.org/entity/Q126899774
Q127605581,Sinmae Bridge,Shinmae Bridge,bridge,37.9220326,127.7141679,http://www.wikidata.org/entity/Q127605581
Q127605581,Sinmae Bridge,Sinmaedaegyo,bridge,37.9220326,127.7141679,http://www.wikidata.org/entity/Q127605581
Q128725719,Samcheonpo Stadium,Samcheonpo Public Stadium,sports venue,34.942202,128.088942,http://www.wikidata.org/entity/Q128725719
Q128727700,Sacheon Stadium,Sacheon Public Stadium,sports venue,35.08987,128.094423,http://www.wikidata.org/entity/Q128727700
Q129884732,Geochang Stadium,Geochang Public Stadium,sports venue,35.693718,127.92848,http://www.wikidata.org/entity/Q129884732
Q124283219,Hometown Village,Gohyang Maeul,human settlement,37.306919795,126.853215984,http://www.wikidata.org/entity/Q124283219
Q124283219,Hometown Village,Gohyang Village,human settlement,37.306919795,126.853215984,http://www.wikidata.org/entity/Q124283219
Q124294691,Gurudwara Shri Singh Sabha Sahib,Gurdwara Shri Singh Sabha Sahib,gurdwara,37.81856,127.13036,http://www.wikidata.org/entity/Q124294691
Q124294691,Gurudwara Shri Singh Sabha Sahib,Shri Singh Sabha Sahib Gurdwara,gurdwara,37.81856,127.13036,http://www.wikidata.org/entity/Q124294691
Q124294691,Gurudwara Shri Singh Sabha Sahib,Shri Singh Sabha Sahib Gurudwara,gurdwara,37.81856,127.13036,http://www.wikidata.org/entity/Q124294691
Q124420670,Dae Sun Shipbuilding,"Dae Sun Shipbuilding & Engineering Co. Ltd., Busan",shipyard,35.096277777,129.046666666,http://www.wikidata.org/entity/Q124420670
Q124661426,Yeongwol Korean Peninsula Cliffs,Miniature shape of the Korean Peninsula,,37.21954,128.35096,http://www.wikidata.org/entity/Q124661426
Q124661549,Chuam Chotdaebawi Rock,Candlestick Rock,summit,37.47941,129.16052,http://www.wikidata.org/entity/Q124661549
Q124661822,Byeongbangchi,Ari Hills Skywalk Observatory,scenic viewpoint,37.36214,128.6356,http://www.wikidata.org/entity/Q124661822
Q124661822,Byeongbangchi,Byeongbangchi SkyWalk,scenic viewpoint,37.36214,128.6356,http://www.wikidata.org/entity/Q124661822
Q124661990,Taebaek Coal Museum,Taebaekseoktan Museum,mining museum,37.11738,128.95055,http://www.wikidata.org/entity/Q124661990
Q124664338,Seonyu Bridge,Seonyudo Bridge,bridge,34.97587,127.66788,http://www.wikidata.org/entity/Q124664338
Q124664338,Seonyu Bridge,Seonyugyo,bridge,34.97587,127.66788,http://www.wikidata.org/entity/Q124664338
Q124669749,Daerim Changgo,Daelim Changgo,café,37.54183,127.05646,http://www.wikidata.org/entity/Q124669749
Q124669820,Cheongun Literature Library,Chungwoon Literature Library,library,37.59039,126.96589,http://www.wikidata.org/entity/Q124669820
Q124669962,Mullae Art Village,Mullae Artist Village,neighborhood,37.51419,126.89743,http://www.wikidata.org/entity/Q124669962
Q131604291,Yongin Football Center,Yongin City Football Center,sports academy,37.150777777,127.316972222,http://www.wikidata.org/entity/Q131604291
Q135005661,Jeongseon Biryong Cave,Biryong Cave,natural monument,37.4202487,128.6134464,http://www.wikidata.org/entity/Q135005661
Q135005661,Jeongseon Biryong Cave,Jeongseon Biryonggul,natural monument,37.4202487,128.6134464,http://www.wikidata.org/entity/Q135005661
Q131581945,Jeju Air Flight 2216,Flight 2216,collision,34.976388888,126.382777777,http://www.wikidata.org/entity/Q131581945
Q131581945,Jeju Air Flight 2216,JJA2216,collision,34.976388888,126.382777777,http://www.wikidata.org/entity/Q131581945
Q136262823,MZFAMILY,MZ Family,startup company,37.570277777,126.895555555,http://www.wikidata.org/entity/Q136262823
Q136262823,MZFAMILY,MZFAMILY Inc,startup company,37.570277777,126.895555555,http://www.wikidata.org/entity/Q136262823
Q136262823,MZFAMILY,Emjespaemilli,startup company,37.570277777,126.895555555,http://www.wikidata.org/entity/Q136262823
Q136262823,MZFAMILY,Mjet Family,startup company,37.570277777,126.895555555,http://www.wikidata.org/entity/Q136262823
Q136262823,MZFAMILY,"MJet Family Co., Ltd.",startup company,37.570277777,126.895555555,http://www.wikidata.org/entity/Q136262823
Q136262823,MZFAMILY,MZFAMILY COPERATION,startup company,37.570277777,126.895555555,http://www.wikidata.org/entity/Q136262823
Q136262823,MZFAMILY,MZFAMILY CORPORATION,startup company,37.570277777,126.895555555,http://www.wikidata.org/entity/Q136262823
Q136262823,MZFAMILY,MZFAMILY.inc,startup company,37.570277777,126.895555555,http://www.wikidata.org/entity/Q136262823
Q136262823,MZFAMILY,Zhūshì Huìshè Àimǔ Jiétè Jiāzú,startup company,37.570277777,126.895555555,http://www.wikidata.org/entity/Q136262823
Q136262823,MZFAMILY,Zhūshì Huìshè MZ Family,startup company,37.570277777,126.895555555,http://www.wikidata.org/entity/Q136262823
Q136262823,MZFAMILY,zyu1 sik1 wui6 se5 MZ Family,startup company,37.570277777,126.895555555,http://www.wikidata.org/entity/Q136262823
Q136262823,MZFAMILY,zyu1 sik1 wui6 se5 ngaai6 mou4 git6 dak6 gaa1 zuk6,startup company,37.570277777,126.895555555,http://www.wikidata.org/entity/Q136262823
Q136262823,MZFAMILY,Kabushiki Gaisha Emujetto Famirī,startup company,37.570277777,126.895555555,http://www.wikidata.org/entity/Q136262823
Q136262823,MZFAMILY,Kabushiki-gaisha Emu Jetto Famirī,startup company,37.570277777,126.895555555,http://www.wikidata.org/entity/Q136262823
Q136262823,MZFAMILY,Kabushiki-gaisha MZ Famirī,startup company,37.570277777,126.895555555,http://www.wikidata.org/entity/Q136262823
Q136262823,MZFAMILY,Jusikhoesa Emjet Paemilli,startup company,37.570277777,126.895555555,http://www.wikidata.org/entity/Q136262823
Q136947523,Hwagae Market,Hwagae Jangteo,market,35.18813,127.62416,http://www.wikidata.org/entity/Q136947523
Q136947523,Hwagae Market,Hwagae Marketplace,market,35.18813,127.62416,http://www.wikidata.org/entity/Q136947523
Q136947523,Hwagae Market,Hwagae Traditional Market,market,35.18813,127.62416,http://www.wikidata.org/entity/Q136947523
Q136947704,Sagimakgol Ceramics Village,icheon ceramics village,,37.2951,127.4138,http://www.wikidata.org/entity/Q136947704
Q136948095,Korean Cooking Museum,It is a complex cultural space organized to meet the eye level of both cooking industry workers and general visitors,museum,37.091006,127.49022,http://www.wikidata.org/entity/Q136948095
Q137271920,Incheon Complex Fish Market,Incheon Fishery Market,fish market,37.45414,126.60658,http://www.wikidata.org/entity/Q137271920
Q137271920,Incheon Complex Fish Market,Yeonan Pier Fish Market,fish market,37.45414,126.60658,http://www.wikidata.org/entity/Q137271920
Q137321140,Lucina Obstetrics & Gynecology Clinic,Lucina Obstetrics and Gynecology Clinic,hospital,37.590244,127.015385,http://www.wikidata.org/entity/Q137321140
Q137364161,Starfield Anseong,"It is a  shopping mall brand run by Shinsegae Group  and its stores are divided into several regions, and the stores are located in Anseong-si, Gyeonggi-do.",shopping center,36.994570118,127.147279155,http://www.wikidata.org/entity/Q137364161
Q137438734,Geumgwang Lake,"It is a natural tourist attraction located in Anseong-si, Gyeonggi-do, a lake, and is connected like Park Doo-jin Munhak-gil.",lake,36.9974155,127.3352645,http://www.wikidata.org/entity/Q137438734
Q137438750,Gosam Lake,"Located in Anseong, Gyeonggi Province, Gosam Lake is also known as a sunrise spot, but the foggy appearance at dawn is a place that makes you feel a dreamy and lyrical mystery",lake,37.0831513,127.2864108,http://www.wikidata.org/entity/Q137438750
Q137458768,Uiwang Rail Park,Uiwang Railbike,,37.313337,126.948931,http://www.wikidata.org/entity/Q137458768
Q137531203,Miryang Arirang Art Center,밀양아리랑아트센터,venue,35.48,128.75,http://www.wikidata.org/entity/Q137531203
Q137531345,Oyeonjeong Pavilion,오연정,pavilion,35.4846,128.7712,http://www.wikidata.org/entity/Q137531345
Q137531416,Miryang Twin Tunnel,트윈터널,theme park,35.4664,128.7877,http://www.wikidata.org/entity/Q137531416
Q137531571,Yeongnam Alps Ice Valley Cable Car,Miryang Ice Valley Cable Car,aerial tramway,35.582785,128.987019,http://www.wikidata.org/entity/Q137531571
Q137531648,Chodong Yeongagil Festival,Chodong Yeonga-gil Festival,festival,35.382055,128.671993,http://www.wikidata.org/entity/Q137531648
Q137531733,Miryang Arirang Festival,Miryang Arirang Grand Festival,festival,35.491535,128.755096,http://www.wikidata.org/entity/Q137531733
Q137532554,Itaewon Foreign Bookstore,Itaewon Books,bookstore,37.536733589,126.987329706,http://www.wikidata.org/entity/Q137532554
Q137534657,The Pig Museum,P.Atteul,museum,37.085802,127.58403,http://www.wikidata.org/entity/Q137534657
Q136352179,Busan Concert Hall,BCH,concert hall,35.169589,129.054179,http://www.wikidata.org/entity/Q136352179
Q136766579,Cheongna Haneul Bridge,Third Incheon Bridge,bridge,37.51544,126.58653,http://www.wikidata.org/entity/Q136766579
Q136812487,International Center for Documentary Heritage,ICDH,organization,36.64299,127.47265,http://www.wikidata.org/entity/Q136812487
Q136812487,International Center for Documentary Heritage,UNESCO International Center for Documentary Heritage,organization,36.64299,127.47265,http://www.wikidata.org/entity/Q136812487
Q136812487,International Center for Documentary Heritage,International Centre for Documentary Heritage under the auspices of UNESCO,organization,36.64299,127.47265,http://www.wikidata.org/entity/Q136812487
Q136867822,Seoul Zoo,Seoul Grand Park Zoo,zoo,37.430556,127.017222,http://www.wikidata.org/entity/Q136867822
Q140676504,Innit Entertainment,INNIT ENTERTAINMENT,record label,37.526803669,127.127192298,http://www.wikidata.org/entity/Q140676504
Q137604124,Suyeong History Park,Suyeong Historic Park,historical park,35.1678,129.1145,http://www.wikidata.org/entity/Q137604124
Q137840688,Manse-gu,Manse District,district of South Korea (non-autonomous),37.156944444,126.756944444,http://www.wikidata.org/entity/Q137840688
Q137840689,Hyohaeng-gu,Hyohaeng District,district of South Korea (non-autonomous),37.209722222,126.931388888,http://www.wikidata.org/entity/Q137840689
Q137994434,Photography Seoul Museum of Art,Photo SeMA,photography museum,37.655525,127.048913,http://www.wikidata.org/entity/Q137994434
Q137994573,"Seosomun Main Branch, Seoul Museum of Art",Seosomun Main Branch,art museum,37.564075,126.973791,http://www.wikidata.org/entity/Q137994573
Q139858819,Jincheongyujeom,真清油點,restaurant,37.5622651,126.9262738,http://www.wikidata.org/entity/Q139858819
Q139858819,Jincheongyujeom,jincheongyujeom,restaurant,37.5622651,126.9262738,http://www.wikidata.org/entity/Q139858819
Q138853660,UNE Plastic Surgery,Une Plastic Surgery,clinic,37.503888888,127.025,http://www.wikidata.org/entity/Q138853660
Q138853660,UNE Plastic Surgery,"Une, Une PS",clinic,37.503888888,127.025,http://www.wikidata.org/entity/Q138853660
Q138870299,Jeonnam-Gwangju,Jeonnam-Gwangju Integrated Special City,integrated special city of South Korea,35.0,127.0,http://www.wikidata.org/entity/Q138870299
Q139497646,Winwin Orthopedic Surgery,"Winwin Orthopedics, winwinosc, WinWin OSC",clinic,36.6249655,127.4304061,http://www.wikidata.org/entity/Q139497646
Q139588028,Cheonan Snow Clinic,Cheonan Snow Dermatology Clinic,clinic,36.81541,127.10463,http://www.wikidata.org/entity/Q139588028
Q139588028,Cheonan Snow Clinic,Snow Clinic Cheonan,clinic,36.81541,127.10463,http://www.wikidata.org/entity/Q139588028
Q139622683,Majangdong  Charcoal BBQ,Majangdong Gyeongju,restaurant,35.8538713,129.2066864,http://www.wikidata.org/entity/Q139622683
Q139762211,Chapter Three,"Chapter 3, Cheongdam Library Bar,  Asia's Best Bar",bar,37.527,127.039,http://www.wikidata.org/entity/Q139762211
Q140329874,reimir,레이미르공인중개사사무소 | 레이카운티 공인중개사사무소,Krishna River,35.190269,129.067515,http://www.wikidata.org/entity/Q140329874
Q140329874,reimir,"레이카운티 specialist Real Estate Agency in Yeonje, Busan",Krishna River,35.190269,129.067515,http://www.wikidata.org/entity/Q140329874
Q140528852,Snowfinger Studio,Snowfinger,recording studio,37.561031,126.917758,http://www.wikidata.org/entity/Q140528852
Q140528852,Snowfinger Studio,SNOWFINGER STUDIO,recording studio,37.561031,126.917758,http://www.wikidata.org/entity/Q140528852
Q140642839,Umnagumo Plastic Surgery,Umnagumo,clinic,37.5219756,127.0363404,http://www.wikidata.org/entity/Q140642839
Q140642839,Umnagumo Plastic Surgery,Umnagumo Plastic Surgery Clinic,clinic,37.5219756,127.0363404,http://www.wikidata.org/entity/Q140642839
Q140666266,International Astronomical Union. 370th Symposium,"Symposium of the International Astronomical Union (370th : 2022 : Pusan, Korea)",convention,35.169011583,129.136073264,http://www.wikidata.org/entity/Q140666266
Q140673047,Anyang Prime Medi Clinic,Anyang Prime Medi,clinic,37.398613,126.921266,http://www.wikidata.org/entity/Q140673047
Q140673275,ReYeonK Clinic,reyeonk,medical facility,37.527,127.039,http://www.wikidata.org/entity/Q140673275
Q140673275,ReYeonK Clinic,ReYeonK Apgujeong,medical facility,37.527,127.039,http://www.wikidata.org/entity/Q140673275
Q140673275,ReYeonK Clinic,ReYeonK Clinic Seoul,medical facility,37.527,127.039,http://www.wikidata.org/entity/Q140673275
Q140673275,ReYeonK Clinic,reyeonk.co.kr,medical facility,37.527,127.039,http://www.wikidata.org/entity/Q140673275
Q140673275,ReYeonK Clinic,reyeonk.com,medical facility,37.527,127.039,http://www.wikidata.org/entity/Q140673275
