id,title,title_aliases,title_category,title_cast,place_name,place_type,place_address,place_latitude,place_longitude,place_image_url,place_naver_url,scene_description,scene_image_url,source_url,last_updated,famous_rank,recent_rank,audience_acc,award,director,poster_url
st_04123,눈물의 여왕,Queen of Tears,drama,김수현;김지원,옹달샘 합정감자탕,,서울 마포구 독막로2길 9,37.548169,126.914809,https://lh3.googleusercontent.com/place-photos/AG9NLjC6GoLB-BSWlhTTADOxcQcurFckzzHUQTf68aZdzrsNoDvbtDjcfmAvmgVEwSwmKQGFxkp5QpEjeE20xTl_sL4fm0LE0nLnlvk8YDuxk6-ipXi0DJJXAf6W9iBX9hIkKtgGM1Sv6lsZN-tFKw=s4800-w800,https://map.naver.com/p/entry/place/37648635,3화에서 백현우가 친구 양기와 함께 감자탕집에서 식사하는 장면,https://image.tmdb.org/t/p/w780/5koZLly7ZdR5r0OWMhHUGfNhofR.jpg,https://kdramamap.com/location/%eb%88%88%eb%ac%bc%ec%9d%98%ec%97%ac%ec%99%95-%ec%98%b9%eb%8b%ac%ec%83%98-%ed%95%a9%ec%a0%95%ea%b0%90%ec%9e%90%ed%83%95-7247/,2026-07-28,13,,,,김희원;장영우,https://image.tmdb.org/t/p/w500/3x8GHyMTMsuXVX8pZ1OhUUHgOBx.jpg
st_04124,눈물의 여왕,Queen of Tears,drama,김수현;김지원,양화대교,다리,서울 마포구 합정동 351-4,37.543565,126.903803,https://lh3.googleusercontent.com/place-photos/AG9NLjCthSmpPWXI0TIKbv9q0scPGeTryDyy60FOUw2eFrUV2lOmLBAI76FiIlkSrF8AcX0SOIC48YE8HS5HNEbmOSSppWtyvbMJEsKH-QDHFWSCOkaoMmN2a3HgFdJ-XPrFlEq02ozV0XJgAiK5iS4=s4800-w800,https://map.naver.com/p/entry/place/18790569,,https://image.tmdb.org/t/p/w780/wcP3FsRLog4GNEs9PFrDKKQdcof.jpg,https://kdramamap.com/location/%eb%88%88%eb%ac%bc%ec%9d%98%ec%97%ac%ec%99%95-%ec%96%91%ed%99%94%eb%8c%80%ea%b5%90-7248/,2026-07-28,13,,,,김희원;장영우,https://image.tmdb.org/t/p/w500/3x8GHyMTMsuXVX8pZ1OhUUHgOBx.jpg
st_04125,눈물의 여왕,Queen of Tears,drama,김수현;김지원,서강대교,다리,서울 영등포구 여의도동 83-2,37.538561,126.925698,https://lh3.googleusercontent.com/place-photos/AG9NLjBW7e2nL7q0AWZAzrRj369HKqacbnp6q2ybze8s2c2GUwdaonLSl-_hQHqSmoieAxLbZwGKf0i0JwQgmWLT9AYFJ5OYLk_t3UyYIoeo3Om6bwHLkIMgonerx-UBdeDuP5Ov206fBmod1Aw54Q=s4800-w800,https://map.naver.com/p/entry/place/18999808,15~16화에서 현우와 해인이 예전 데이트 장소로 다시 등장하는 곳,https://image.tmdb.org/t/p/w780/afvcLgsuydMFMPmEWo5x6ueta4K.jpg,https://kdramamap.com/location/%eb%88%88%eb%ac%bc%ec%9d%98%ec%97%ac%ec%99%95-%ec%84%9c%ea%b0%95%eb%8c%80%ea%b5%90-7249/,2026-07-28,13,,,,김희원;장영우,https://image.tmdb.org/t/p/w500/3x8GHyMTMsuXVX8pZ1OhUUHgOBx.jpg
st_04126,눈물의 여왕,Queen of Tears,drama,김수현;김지원,마포대교아래,,서울 영등포구 여의도동 84,37.530000,126.929941,https://lh3.googleusercontent.com/place-photos/AG9NLjBcQqDpA7f7bUOC1t2RDPH51N4IzKERAy6mMKYcQ-CME2h3nMFGFp2o-dIhhB86_4tU7fgzrzxwG8uFd6nygVgr98KrPseULfC92bVX1vHeKiPqraDcf98xabPqf3Kt1hyRlRJTlAUWAtS28ww=s4800-w800,https://map.naver.com/p/entry/place/18999832,,https://image.tmdb.org/t/p/w780/cIGwlcstPVnyhY0Oqrvly6yrYz7.jpg,https://kdramamap.com/location/%eb%88%88%eb%ac%bc%ec%9d%98%ec%97%ac%ec%99%95-%eb%a7%88%ed%8f%ac%eb%8c%80%ea%b5%90%ec%95%84%eb%9e%98-7250/,2026-07-28,13,,,,김희원;장영우,https://image.tmdb.org/t/p/w500/3x8GHyMTMsuXVX8pZ1OhUUHgOBx.jpg
st_04127,눈물의 여왕,Queen of Tears,drama,김수현;김지원,여의도공원,공원,서울 영등포구 여의도동 2,37.525536,126.921593,https://lh3.googleusercontent.com/place-photos/AG9NLjDao3kAmy6799PxID1TE-sPeoQl70fnwlNi3U4bgbSOFouUgIRnpGw3uegHT2VwZPYnf-F4ec8LjOEjqB9Bednvy-Y1BKdgetLhf_IVAyqKJpBozFxGrxrv30mULR0VOI9Pqc6CaATGREQpDg=s4800-w800,https://map.naver.com/p/entry/place/11622428,백현우가 친구들과 담소를 나누고 해인과 자신에 대한 악플에 화내던 장면,https://i.ytimg.com/vi/2y7XZ3wwCM8/hqdefault.jpg,https://kdramamap.com/location/%eb%88%88%eb%ac%bc%ec%9d%98%ec%97%ac%ec%99%95-%ec%97%ac%ec%9d%98%eb%8f%84%ea%b3%b5%ec%9b%90-7251/,2026-07-28,13,,,,김희원;장영우,https://image.tmdb.org/t/p/w500/3x8GHyMTMsuXVX8pZ1OhUUHgOBx.jpg
st_04128,눈물의 여왕,Queen of Tears,drama,김수현;김지원,콘래드서울,,서울 영등포구 국제금융로 10,37.525178,126.924877,https://lh3.googleusercontent.com/place-photos/AG9NLjBIDJ-SCwy7zOrjlKPECWRNSH-t1h6aLEZAzoD4M6mVsrBQvoPka8KT45pSl_V4Gn1Gvz1SWfhpiLzjyDvG5p4LaYkaJBaVISw5K6G7YjjT2gjGXTIA2cHZ9t19Pe20RF3UflKa19dnrakIfdrgUggAsQ=s4800-w800,https://map.naver.com/p/entry/place/21202909,4화부터 은성 무리가 호텔 스위트룸에 모여 퀸즈그룹을 차지하려 작당모의하는 장면,https://image.tmdb.org/t/p/w780/uW8YEFlgsZKCiqjKlmPt1LYuxm0.jpg,https://kdramamap.com/location/%eb%88%88%eb%ac%bc%ec%9d%98%ec%97%ac%ec%99%95-%ec%bd%98%eb%9e%98%eb%93%9c%ec%84%9c%ec%9a%b8-7252/,2026-07-28,13,,,,김희원;장영우,https://image.tmdb.org/t/p/w500/3x8GHyMTMsuXVX8pZ1OhUUHgOBx.jpg
st_04129,눈물의 여왕,Queen of Tears,drama,김수현;김지원,여의도IFC,,서울 영등포구 국제금융로 10,37.525178,126.924877,https://upload.wikimedia.org/wikipedia/commons/thumb/b/b1/Rolls-Royce_Phantom_VIII_EWB_Series_II_Dark_Emerald_%2817%29.jpg/960px-Rolls-Royce_Phantom_VIII_EWB_Series_II_Dark_Emerald_%2817%29.jpg,https://map.naver.com/p/entry/place/1591620827,16화에서 경영권을 되찾아 퀸즈그룹으로 돌아오는 장면,https://i.ytimg.com/vi/2_Gq82Q2j2k/hqdefault.jpg,https://kdramamap.com/location/%eb%88%88%eb%ac%bc%ec%9d%98%ec%97%ac%ec%99%95-%ec%97%ac%ec%9d%98%eb%8f%84ifc-7253/,2026-07-28,13,,,,김희원;장영우,https://image.tmdb.org/t/p/w500/3x8GHyMTMsuXVX8pZ1OhUUHgOBx.jpg
st_04130,눈물의 여왕,Queen of Tears,drama,김수현;김지원,여의도환승센터(3번승강장),,서울 영등포구 여의대로 122-2,37.5259892,126.9240591,https://lh3.googleusercontent.com/place-photos/AG9NLjADE_PJxxX0WBeMuTPhoXVe2WsRCea6nLKk5f8vzas1AAxoSPc_ytDFVWs1zA6EPrAPwPY5GjsDgUNhJUuTdS8BSl6m3NwNCGDDxpjB7wqDF3MfRUsjt42SVvHD05sgCJhX-V7l9cZq24UZ=s4800-w800,https://map.naver.com/p/entry/place/34975485,,https://image.tmdb.org/t/p/w780/xustAzXuxUb8OzbjYPPb7WzH63o.jpg,https://kdramamap.com/location/%eb%88%88%eb%ac%bc%ec%9d%98%ec%97%ac%ec%99%95-%ec%97%ac%ec%9d%98%eb%8f%84%ed%99%98%ec%8a%b9%ec%84%bc%ed%84%b0-3%eb%b2%88%ec%8a%b9%ea%b0%95%ec%9e%a5-7254/,2026-07-28,13,,,,김희원;장영우,https://image.tmdb.org/t/p/w500/3x8GHyMTMsuXVX8pZ1OhUUHgOBx.jpg
st_04131,눈물의 여왕,Queen of Tears,drama,김수현;김지원,더현대서울 정류장,,서울 영등포구 여의대로 108,37.525191,126.929113,https://lh3.googleusercontent.com/place-photos/AG9NLjCAi2ymNY5TNl8tCQ3Xvx9ZsO9Vkij75CsKUuV9LY61pVBs6WFm0RI6JSQybTEXLl2BMLZoXop1h79_hH58Y3R-GDsjTcJDWmjXoiyt-bO46MBkjc9Rc4RWhoq_nq897xwCMAwzvjZlpk3XRE4=s4800-w800,,15~16화에서 퀸즈백화점(더현대서울) 앞 파크원빌딩 횡단보도로 등장,https://image.tmdb.org/t/p/w780/dhxkeZOsXDcqWMtUgCqHiQs2IE1.jpg,https://kdramamap.com/location/%eb%88%88%eb%ac%bc%ec%9d%98%ec%97%ac%ec%99%95-%eb%8d%94%ed%98%84%eb%8c%80%ec%84%9c%ec%9a%b8-%ec%a0%95%eb%a5%98%ec%9e%a5-7255/,2026-07-28,13,,,,김희원;장영우,https://image.tmdb.org/t/p/w500/3x8GHyMTMsuXVX8pZ1OhUUHgOBx.jpg
st_04132,눈물의 여왕,Queen of Tears,drama,김수현;김지원,더현대서울 YPHAUS라운지,,서울 영등포구 여의대로 108,37.525191,126.929113,https://lh3.googleusercontent.com/place-photos/AG9NLjCFEvWADd0lWvSZ0iArrSPylBsELwncwQsAEj9rj_wTGjD607RYgqrtN8rmxIkZNQGQS_XsONOVZNv1IaL-ABUzVb8AD4EWzx14qcNa-6fAjG_btV744XCah-H1bj4nstfCUgSMfMdssjgO=s4800-w800,,10화에서 해인이 퀸즈그룹 회장 취임 기자회견 전 이곳에서 단장하는 장면,https://image.tmdb.org/t/p/w780/dufbOsvYwL6gxPXPw914Y6Wpb7E.jpg,https://kdramamap.com/location/%eb%88%88%eb%ac%bc%ec%9d%98%ec%97%ac%ec%99%95-%eb%8d%94%ed%98%84%eb%8c%80%ec%84%9c%ec%9a%b8-yphaus%eb%9d%bc%ec%9a%b4%ec%a7%80-7256/,2026-07-28,13,,,,김희원;장영우,https://image.tmdb.org/t/p/w500/3x8GHyMTMsuXVX8pZ1OhUUHgOBx.jpg
st_04133,눈물의 여왕,Queen of Tears,drama,김수현;김지원,더현대서울,백화점,서울 영등포구 여의대로 108,37.525191,126.929113,https://lh3.googleusercontent.com/place-photos/AG9NLjCcXcZTiw5VRl0bAlIha0tDSokBxPAgMQPioShuXGmJjzyqqzUgr6kx1kKLxC67hhBK6EL9o-FEdwh0Z6POJGnPhXPfkxmvhgpLZAvkEjHh4Y4BOZu1XEBiwtHSfeT-3B6Mzu2wkO5nlMvi9MP2CrdHEA=s4800-w800,https://map.naver.com/p/entry/place/1228105086,홍해인이 사장으로 백현우가 법무팀장으로 근무하는 퀸즈백화점의 배경으로 나오는 곳,https://image.tmdb.org/t/p/w780/2jiEaT5GYeCWZrBfZ8oLprLOGM2.jpg,https://kdramamap.com/location/%eb%88%88%eb%ac%bc%ec%9d%98%ec%97%ac%ec%99%95-%eb%8d%94%ed%98%84%eb%8c%80%ec%84%9c%ec%9a%b8-7257/;https://traveltodrama.com/queen-of-tears-seoul-filming-locations-map/;https://www.realscene.site/ko/drama/queen-of-tears,2026-07-28,13,,,,김희원;장영우,https://image.tmdb.org/t/p/w500/3x8GHyMTMsuXVX8pZ1OhUUHgOBx.jpg
st_04134,눈물의 여왕,Queen of Tears,drama,김수현;김지원,페어몬트 앰배서더 서울 마리포사 앤 M29,,서울 영등포구 여의대로 108,37.525191,126.929113,https://lh3.googleusercontent.com/place-photos/AG9NLjBbSOho3xy_1MyigkzQclj6A9f44vuN36t4o3wZchXtpHbIVZvLF-BK2QTh2-Q3pjF2qYXuWuyroLaG4WTql2d7hBhaGcqUAZYz8dj1ba4ghybKjTDs9y05712ebcwkh0BebygwrtRvF_glqQ=s4800-w800,https://map.naver.com/p/entry/place/1348450428,9화에서 수철과 다혜가 마리포사 앤 M29에서 소개팅하는 장면,https://image.tmdb.org/t/p/w780/1TbHovs1uan3bki0hHp7N4IdwzP.jpg,https://kdramamap.com/location/%eb%88%88%eb%ac%bc%ec%9d%98%ec%97%ac%ec%99%95-%ed%8e%98%ec%96%b4%eb%aa%ac%ed%8a%b8-%ec%95%b0%eb%b0%b0%ec%84%9c%eb%8d%94-%ec%84%9c%ec%9a%b8-%eb%a7%88%eb%a6%ac%ed%8f%ac%ec%82%ac-%ec%95%a4-m29-7258/,2026-07-28,13,,,,김희원;장영우,https://image.tmdb.org/t/p/w500/3x8GHyMTMsuXVX8pZ1OhUUHgOBx.jpg
st_04135,눈물의 여왕,Queen of Tears,drama,김수현;김지원,스위치22 여의도점,,서울 영등포구 여의대로 108,37.525191,126.929113,https://upload.wikimedia.org/wikipedia/commons/thumb/3/3e/20231007_%EC%97%AC%EC%9D%98%EB%82%98%EB%A3%A8%EB%A1%9C.jpg/960px-20231007_%EC%97%AC%EC%9D%98%EB%82%98%EB%A3%A8%EB%A1%9C.jpg,https://map.naver.com/p/entry/place/1298251855,1화에서 백현우가 홍해인을 기다리는 장면이 촬영된 한강뷰 라운지,https://image.tmdb.org/t/p/w780/euFZLQEqvZVz74Okt8iuKNI4RpU.jpg,https://kdramamap.com/location/%eb%88%88%eb%ac%bc%ec%9d%98%ec%97%ac%ec%99%95-%ec%8a%a4%ec%9c%84%ec%b9%9822-%ec%97%ac%ec%9d%98%eb%8f%84%ec%a0%90-7259/,2026-07-28,13,,,,김희원;장영우,https://image.tmdb.org/t/p/w500/3x8GHyMTMsuXVX8pZ1OhUUHgOBx.jpg
st_04136,눈물의 여왕,Queen of Tears,drama,김수현;김지원,미림분식,음식점,서울 관악구 호암로 553,37.467074,126.931347,https://lh3.googleusercontent.com/place-photos/AG9NLjDdLmh26jOjvpF04nLIkCX2URmnhj4gRtvI7h_LiE19MyM7nDvoUTQOius6ejKZDHMI7oguG4sJPelOIo5g76bLX2FXoLGKRnooOs4CBwR2UpsUzIzyQnbyeJR2Ucut7hosFhcpEHv94y58ytk=s4800-w800,https://map.naver.com/p/entry/place/2091670944,2화에서 백현우가 친구 양기와 즉석떡볶이를 먹는 장면이 촬영된 곳,https://image.tmdb.org/t/p/w780/3TI9uZ76kc3lHnoHOTSFgG99XHM.jpg,https://kdramamap.com/location/%eb%88%88%eb%ac%bc%ec%9d%98%ec%97%ac%ec%99%95-%eb%af%b8%eb%a6%bc%eb%b6%84%ec%8b%9d-7260/;https://traveltodrama.com/queen-of-tears-seoul-filming-locations-map/,2026-07-28,13,,,,김희원;장영우,https://image.tmdb.org/t/p/w500/3x8GHyMTMsuXVX8pZ1OhUUHgOBx.jpg
st_04137,눈물의 여왕,Queen of Tears,drama,김수현;김지원,더리버 옆,,서울 용산구 용산동6가 451-1,37.506691,126.984900,https://lh3.googleusercontent.com/place-photos/AG9NLjD_Vtzkkh5toYEcasyD6FQs_6vhB4U68k_73jG1uIcbxvsARKSKroerMUKx4NTSJy4cH_Gb32KhBIm0uj6meTAcqokB1Nb7rrPJQNryfSuM5VQpYrO-JB6DsccqHqLrzF9DZQ-2wS_hFIebijg=s4800-w800,https://map.naver.com/p/entry/place/1080213899,2화에서 한강 보트 출입장 배경으로 등장한 더리버,https://image.tmdb.org/t/p/w780/dJf4H6JLlgL1OVzfekAdX1RgUhc.jpg,https://kdramamap.com/location/%eb%88%88%eb%ac%bc%ec%9d%98%ec%97%ac%ec%99%95-%eb%8d%94%eb%a6%ac%eb%b2%84-%ec%98%86-7261/,2026-07-28,13,,,,김희원;장영우,https://image.tmdb.org/t/p/w500/3x8GHyMTMsuXVX8pZ1OhUUHgOBx.jpg
st_04138,눈물의 여왕,Queen of Tears,drama,김수현;김지원,동작대교 아래,,서울 용산구 용산동6가 452-1,37.515324,126.983151,https://lh3.googleusercontent.com/place-photos/AG9NLjAvKyoswhizj1-bc-eHagEOq0NUgi3wXO1cQxE1Y5CGcpq-g-HJ6mwpXP0EsU4-oWsvbII7hZqZEwWN4wQJCOvlNw6CfiPTcq9tHgOpaV4F3kVM8sflmgdHjn8MrQSbNnEGVHRLxv9N0niHYQ=s4800-w800,https://map.naver.com/p/entry/place/18726869,윤은성에게 빼앗긴 회사를 되찾기 위해 반격을 시도하는 백현우 장면이 촬영된 동작대교 일대,https://i.ytimg.com/vi/6w06fWTikb0/hqdefault.jpg,https://kdramamap.com/location/%eb%88%88%eb%ac%bc%ec%9d%98%ec%97%ac%ec%99%95-%eb%8f%99%ec%9e%91%eb%8c%80%ea%b5%90-%ec%95%84%eb%9e%98-7262/,2026-07-28,13,,,,김희원;장영우,https://image.tmdb.org/t/p/w500/3x8GHyMTMsuXVX8pZ1OhUUHgOBx.jpg
st_04139,눈물의 여왕,Queen of Tears,drama,김수현;김지원,서울드래곤시티 랑데부,,서울 용산구 청파로20길 95,37.532168,126.960884,https://upload.wikimedia.org/wikipedia/commons/thumb/a/a3/20200718_034210unidentified_places_in_south_korea_IMG_4400.jpg/960px-20200718_034210unidentified_places_in_south_korea_IMG_4400.jpg,,10화에서 홍해인이 윤은성의 협박을 폭로하는 기자회견장 장면이 촬영된 곳,https://i.ytimg.com/vi/YVm0Oml8yLI/hqdefault.jpg,https://kdramamap.com/location/%eb%88%88%eb%ac%bc%ec%9d%98%ec%97%ac%ec%99%95-%ec%84%9c%ec%9a%b8%eb%93%9c%eb%9e%98%ea%b3%a4%ec%8b%9c%ed%8b%b0-%eb%9e%91%eb%8d%b0%eb%b6%80-7263/,2026-07-28,13,,,,김희원;장영우,https://image.tmdb.org/t/p/w500/3x8GHyMTMsuXVX8pZ1OhUUHgOBx.jpg
st_04140,눈물의 여왕,Queen of Tears,drama,김수현;김지원,데이터세이브 용산지점,,서울 용산구 청파로 77,37.533664,126.960642,https://upload.wikimedia.org/wikipedia/commons/thumb/8/8d/%EC%9B%90%ED%9A%A8%EC%83%81%EA%B0%80%284%EB%8F%99_%EC%B2%AD%ED%8C%8C%EB%A1%9C_%EC%B8%A1%EB%A9%B4%29_2025.jpg/960px-%EC%9B%90%ED%9A%A8%EC%83%81%EA%B0%80%284%EB%8F%99_%EC%B2%AD%ED%8C%8C%EB%A1%9C_%EC%B8%A1%EB%A9%B4%29_2025.jpg,https://map.naver.com/p/entry/place/1384862017,6화에서 백현우가 데이터 복구를 요청하는 장면이 촬영된 곳,https://image.tmdb.org/t/p/w780/8lU9cLa9l6neuOL50wo8u7mO9ue.jpg,https://kdramamap.com/location/%eb%88%88%eb%ac%bc%ec%9d%98%ec%97%ac%ec%99%95-%eb%8d%b0%ec%9d%b4%ed%84%b0%ec%84%b8%ec%9d%b4%eb%b8%8c-%ec%9a%a9%ec%82%b0%ec%a7%80%ec%a0%90-7264/,2026-07-28,13,,,,김희원;장영우,https://image.tmdb.org/t/p/w500/3x8GHyMTMsuXVX8pZ1OhUUHgOBx.jpg
st_04141,눈물의 여왕,Queen of Tears,drama,김수현;김지원,용산전자상가 제4공영주차장,,서울 용산구 원효로3가 50-2,37.534030,126.960921,https://upload.wikimedia.org/wikipedia/commons/thumb/c/c7/20200718_033548unidentified_places_in_south_korea_IMG_4389.jpg/960px-20200718_033548unidentified_places_in_south_korea_IMG_4389.jpg,https://map.naver.com/p/entry/place/21185829,,https://image.tmdb.org/t/p/w780/bq3werQvvG0ATPUUPZMrYs8Np0u.jpg,https://kdramamap.com/location/%eb%88%88%eb%ac%bc%ec%9d%98%ec%97%ac%ec%99%95-%ec%9a%a9%ec%82%b0%ec%a0%84%ec%9e%90%ec%83%81%ea%b0%80-%ec%a0%9c4%ea%b3%b5%ec%98%81%ec%a3%bc%ec%b0%a8%ec%9e%a5-7265/,2026-07-28,13,,,,김희원;장영우,https://image.tmdb.org/t/p/w500/3x8GHyMTMsuXVX8pZ1OhUUHgOBx.jpg
st_04142,눈물의 여왕,Queen of Tears,drama,김수현;김지원,회나무식당,음식점,서울 용산구 녹사평대로 238-1,37.538883,126.987229,https://lh3.googleusercontent.com/place-photos/AG9NLjA-xPFNXv1Mw3BcgJmcfoI-crzBvuSada92c0yBPaR4UKQdbIc9oTQoMTSv5F7H3ObIvdaVse5trjGojw2NlK4OGktJKqvPZN0YNBjTayjuQi16obnC57mbelbA9NuosAraaVGARecKPi8=s4800-w800,https://map.naver.com/p/entry/place/1912787093,8화에서 백현우와 홍해인이 국밥(두루치기)을 먹는 장면이 촬영된 곳,https://i.ytimg.com/vi/a5WcGhgMwgs/hqdefault.jpg,https://kdramamap.com/location/%eb%88%88%eb%ac%bc%ec%9d%98%ec%97%ac%ec%99%95-%ed%9a%8c%eb%82%98%eb%ac%b4%ec%8b%9d%eb%8b%b9-7266/,2026-07-28,13,,,,김희원;장영우,https://image.tmdb.org/t/p/w500/3x8GHyMTMsuXVX8pZ1OhUUHgOBx.jpg
st_04143,눈물의 여왕,Queen of Tears,drama,김수현;김지원,몬드리안서울 이태원,호텔,서울 용산구 장문로 23,37.528566,126.993107,https://lh3.googleusercontent.com/place-photos/AG9NLjBSpd7iOyNTWw-LkwigKQdFHWd_bCigZ4o7MkaZOiN-ZTnr3m_vC9fOilxoz9efCQxHewfzX4YXnattHRryRbKOdJFjXFOehA-G0uhtYcVi5uJQTnoGrni3_VMeqWgHkXesaliJYvpJkI24GQ=s4800-w800,https://map.naver.com/p/entry/place/1720353933,14화에서 백현우와 홍해인이 독일에서 브런치를 먹는 장면이 촬영된 곳,https://image.tmdb.org/t/p/w780/756I4LmpymunMjPFIKSgFNvlME0.jpg,https://kdramamap.com/location/%eb%88%88%eb%ac%bc%ec%9d%98%ec%97%ac%ec%99%95-%eb%aa%ac%eb%93%9c%eb%a6%ac%ec%95%88%ec%84%9c%ec%9a%b8-%ec%9d%b4%ed%83%9c%ec%9b%90-7267/;https://www.koreabycar.com/ko/journal/queen-of-tears-filming-locations,2026-07-28,13,,,,김희원;장영우,https://image.tmdb.org/t/p/w500/3x8GHyMTMsuXVX8pZ1OhUUHgOBx.jpg
st_04144,눈물의 여왕,Queen of Tears,drama,김수현;김지원,그랜드하얏트서울 테니스장,,서울 용산구 소월로 322,37.539763,126.996241,https://upload.wikimedia.org/wikipedia/commons/thumb/b/ba/View_from_N_Seoul_Tower_a3.jpg/960px-View_from_N_Seoul_Tower_a3.jpg,https://map.naver.com/p/entry/place/1165856628,4화에서 홍만대 회장과 동거녀 모슬희가 테니스를 치는 장면이 촬영된 곳,https://image.tmdb.org/t/p/w780/rrYN5H3pRm5JIHuubWnvASugzgi.jpg,https://kdramamap.com/location/%eb%88%88%eb%ac%bc%ec%9d%98%ec%97%ac%ec%99%95-%ea%b7%b8%eb%9e%9c%eb%93%9c%ed%95%98%ec%96%8f%ed%8a%b8%ec%84%9c%ec%9a%b8-%ed%85%8c%eb%8b%88%ec%8a%a4%ec%9e%a5-7268/,2026-07-28,13,,,,김희원;장영우,https://image.tmdb.org/t/p/w500/3x8GHyMTMsuXVX8pZ1OhUUHgOBx.jpg
st_04145,눈물의 여왕,Queen of Tears,drama,김수현;김지원,르가드더메인한남,,서울 용산구 한남대로10길 16,37.531551,127.009903,https://upload.wikimedia.org/wikipedia/commons/thumb/7/75/Nudging%2C_Seoul_toilet.jpg/960px-Nudging%2C_Seoul_toilet.jpg,https://map.naver.com/p/entry/place/1197950741,5화에서 홀로 독일로 떠나려는 홍해인을 고모 범자가 뒤쫓는 주차장 장면이 촬영된 곳,https://image.tmdb.org/t/p/w780/ybJVz6kftaJM2Y0MXtJn4pcODcb.jpg,https://kdramamap.com/location/%eb%88%88%eb%ac%bc%ec%9d%98%ec%97%ac%ec%99%95-%eb%a5%b4%ea%b0%80%eb%93%9c%eb%8d%94%eb%a9%94%ec%9d%b8%ed%95%9c%eb%82%a8-7269/,2026-07-28,13,,,,김희원;장영우,https://image.tmdb.org/t/p/w500/3x8GHyMTMsuXVX8pZ1OhUUHgOBx.jpg
st_04146,눈물의 여왕,Queen of Tears,drama,김수현;김지원,BBM야구장,,서울 용산구 한강대로81길 32,37.542113,126.971532,https://upload.wikimedia.org/wikipedia/commons/thumb/f/f0/Korail-134-Namyeong-station-entrance-1-20191022-145354.jpg/960px-Korail-134-Namyeong-station-entrance-1-20191022-145354.jpg,https://map.naver.com/p/entry/place/1766446782,백현우와 홍해인이 야구 배팅 연습을 하는 데이트 장면이 촬영된 곳,https://i.ytimg.com/vi/oSOBCdWuGX8/hqdefault.jpg,https://kdramamap.com/location/%eb%88%88%eb%ac%bc%ec%9d%98%ec%97%ac%ec%99%95-bbm%ec%95%bc%ea%b5%ac%ec%9e%a5-7270/,2026-07-28,13,,,,김희원;장영우,https://image.tmdb.org/t/p/w500/3x8GHyMTMsuXVX8pZ1OhUUHgOBx.jpg
st_04147,눈물의 여왕,Queen of Tears,drama,김수현;김지원,대원정사 주차장,,서울 용산구 두텁바위로60길 49,37.549249,126.983355,https://lh3.googleusercontent.com/place-photos/AG9NLjDH8s2OpHpUfWFIA8J-YElNIoqq0YCmPhH3LuL-OZVhMuFKHhAX77m-Lzn_niBOPN61V1VPb3U9nGGClnpC5N42K7Vsx4Y79BDZ93cYcspZcHA948pN_X5zeGqiAMY9_E9-ZDkUZbmc_aci-Q=s4800-w800,https://map.naver.com/p/entry/place/1807937173,8화에서 서울 도심 야경 장면 촬영에 쓰인 용산 대원정사 옥상주차장,https://image.tmdb.org/t/p/w780/gXMbueVIiB7SN5zIdESmdjvbBiD.jpg,https://kdramamap.com/location/%eb%88%88%eb%ac%bc%ec%9d%98%ec%97%ac%ec%99%95-%eb%8c%80%ec%9b%90%ec%a0%95%ec%82%ac-%ec%a3%bc%ec%b0%a8%ec%9e%a5-7271/,2026-07-28,13,,,,김희원;장영우,https://image.tmdb.org/t/p/w500/3x8GHyMTMsuXVX8pZ1OhUUHgOBx.jpg
st_04148,눈물의 여왕,Queen of Tears,drama,김수현;김지원,소파로,,서울 중구 남창동 202-11,37.556168,126.979023,https://lh3.googleusercontent.com/place-photos/AG9NLjB76fXh8GPwr9jqaq2HkKhwZHZoDfRSlDqyXP8qL0O1kU2QgpVavpVB_NA6em56i-M7Jt7oIz_aT9lpS_DiTFM-z4P-DJNv8TVf35SQ9HLr-l1pFIL8S5lx0KsaCBcLKb3f77hPtI98F3acgA=s4800-w800,https://map.naver.com/p/entry/place/1008084127,CU 뉴명동YWCA점 편의점 장면이 촬영된 곳,https://image.tmdb.org/t/p/w780/npbBpyODXW6HOLeSalqrX2jtR0p.jpg,https://kdramamap.com/location/%eb%88%88%eb%ac%bc%ec%9d%98%ec%97%ac%ec%99%95-%ec%86%8c%ed%8c%8c%eb%a1%9c-7272/,2026-07-28,13,,,,김희원;장영우,https://image.tmdb.org/t/p/w500/3x8GHyMTMsuXVX8pZ1OhUUHgOBx.jpg
st_04149,눈물의 여왕,Queen of Tears,drama,김수현;김지원,CU뉴명동YWCA점,편의점,서울 중구 명동11길 8-2,37.564458,126.985949,https://upload.wikimedia.org/wikipedia/commons/thumb/b/be/Babymonster_Exhibition_at_The_SameE_Myeongdong.jpg/960px-Babymonster_Exhibition_at_The_SameE_Myeongdong.jpg,https://map.naver.com/p/entry/place/1640170790,1화에서 백현우가 편의점 앞에서 술에 취해 인생이 꼬였다며 우는 장면,https://image.tmdb.org/t/p/w780/m9Bz1WbaLlYpAr9YLYt1ff6Fx8q.jpg,https://kdramamap.com/location/%eb%88%88%eb%ac%bc%ec%9d%98%ec%97%ac%ec%99%95-cu%eb%89%b4%eb%aa%85%eb%8f%99ywca%ec%a0%90-7273/;https://traveltodrama.com/queen-of-tears-seoul-filming-locations-map/,2026-07-28,13,,,,김희원;장영우,https://image.tmdb.org/t/p/w500/3x8GHyMTMsuXVX8pZ1OhUUHgOBx.jpg
st_04150,눈물의 여왕,Queen of Tears,drama,김수현;김지원,앰배서더서울풀만 클럽앰배서더라운지,호텔,서울 중구 동호로 287,37.560599,127.002136,https://lh3.googleusercontent.com/place-photos/AG9NLjCzvyQw3Pg4V9cKWdM1NyPCivw3gzIF98VOK1WGvnY56qUz2Jb49hYD7hVk3AYZ6NxLeARaniB8t9bCi0243LjpU-oQ-zr9nGTU7u5hYXKbgg7MWeaCfOIy4XMuPrXq42UWblF8RJ4xkRrQ-g=s4800-w800,,호텔 내 클럽 앰배서더 라운지 장면이 이곳에서 촬영됐다,https://image.tmdb.org/t/p/w780/rgXQK3GjitP34aM1i1vb4catjU0.jpg,https://kdramamap.com/location/%eb%88%88%eb%ac%bc%ec%9d%98%ec%97%ac%ec%99%95-%ec%95%b0%eb%b0%b0%ec%84%9c%eb%8d%94%ec%84%9c%ec%9a%b8%ed%92%80%eb%a7%8c-%ed%81%b4%eb%9f%bd%ec%95%b0%eb%b0%b0%ec%84%9c%eb%8d%94%eb%9d%bc%ec%9a%b4%ec%a7%80/;https://traveltodrama.com/queen-of-tears-seoul-filming-locations-map/,2026-07-28,13,,,,김희원;장영우,https://image.tmdb.org/t/p/w500/3x8GHyMTMsuXVX8pZ1OhUUHgOBx.jpg
st_04151,눈물의 여왕,Queen of Tears,drama,김수현;김지원,옥토버훼스트 종로점,음식점,서울 종로구 종로5길 13,37.571033,126.980465,https://lh3.googleusercontent.com/place-photos/AG9NLjDSYCm6v8AFail862xHtKtou0lwn6vdPE-YVm6PtO_qz8X6QS_LE6A_JiCMN4GAGy48J70nzVz5yA1C58EqDeroZKo76-Bq6vjUGcmEMwffp6Iv471o6Ea9SxVFFnvUEqwJKGWko_TAG8FVFQ=s4800-w800,https://map.naver.com/p/entry/place/11708590,10화 에필로그(4년 전 회상)에서 현우가 해인의 흑기사로 러브샷을 하는 회사 회식 장면,https://i.ytimg.com/vi/W_TmTcOwphM/hqdefault.jpg,https://kdramamap.com/location/%eb%88%88%eb%ac%bc%ec%9d%98%ec%97%ac%ec%99%95-%ec%98%a5%ed%86%a0%eb%b2%84%ed%9b%bc%ec%8a%a4%ed%8a%b8-%ec%a2%85%eb%a1%9c%ec%a0%90-7275/;https://traveltodrama.com/queen-of-tears-seoul-filming-locations-map/,2026-07-28,13,,,,김희원;장영우,https://image.tmdb.org/t/p/w500/3x8GHyMTMsuXVX8pZ1OhUUHgOBx.jpg
st_04152,눈물의 여왕,Queen of Tears,drama,김수현;김지원,광통교,,서울 종로구 서린동 1-11,37.569104,126.982466,https://lh3.googleusercontent.com/place-photos/AG9NLjDGdw8MXm8Y3HiZqhlAPg2JtDmb_vvkVu2hRs1xcsTB3NW-ZqR61m7Lrv0_pjCwYpeInS1Gb-OpjngvqQzt7zgpKXJlM_jIIFfoMUehKnJdChVLFVf33emG50Y_XBOCHbvzfrGaH8a6BWVcB-4=s4800-w800,https://map.naver.com/p/entry/place/18666283,4년 전 회식날 사랑싸움 후 화해하며 현우씨는 술 취하면 너무 귀엽다고 말하는 장면,https://i.ytimg.com/vi/RewW6fgM-M8/hqdefault.jpg,https://kdramamap.com/location/%eb%88%88%eb%ac%bc%ec%9d%98%ec%97%ac%ec%99%95-%ea%b4%91%ed%86%b5%ea%b5%90-7276/,2026-07-28,13,,,,김희원;장영우,https://image.tmdb.org/t/p/w500/3x8GHyMTMsuXVX8pZ1OhUUHgOBx.jpg
st_04153,눈물의 여왕,Queen of Tears,drama,김수현;김지원,아키라백,,서울 종로구 새문안로 97 12층,37.570698,126.975398,https://lh3.googleusercontent.com/place-photos/AG9NLjDAaXItBOFW7ska7vmImeuIGCgJJTDUdqxVda9WOa_hvxWjwPbgV38pZRT-S41rlvs9duKYKLtgf30gTidftyTFGxITXyvMBLb1kbihlM1biFelJ7GIhBCLG40kcREw-br23CKLks6Q3FW6LTitFy74eg=s4800-w800,https://map.naver.com/p/entry/place/1135500385,3화에서 포시즌스 호텔 서울 12층 모던일식당 아키라 백으로 등장,https://image.tmdb.org/t/p/w780/st9i1MonDqSIuwss1qIaGQQ7DvX.jpg,https://kdramamap.com/location/%eb%88%88%eb%ac%bc%ec%9d%98%ec%97%ac%ec%99%95-%ec%95%84%ed%82%a4%eb%9d%bc%eb%b0%b1-7277/,2026-07-28,13,,,,김희원;장영우,https://image.tmdb.org/t/p/w500/3x8GHyMTMsuXVX8pZ1OhUUHgOBx.jpg
st_04154,눈물의 여왕,Queen of Tears,drama,김수현;김지원,찰스H,바/레스토랑,서울 종로구 새문안로 97 LL층,37.570698,126.975398,https://lh3.googleusercontent.com/place-photos/AG9NLjCXzqD620XBWw5dbzTQcJG6zCiYRBF-rJbSWA1ySOyhnNqH3e_djXq9B6BE43NTjEiw6lB2T6Be706GGmXGnB8s0e6JbKdHtA3wLtVZpIFa9LXPNrVmIe2jysIZv3NfHmLC6-_hdmjwL6cK3fMKMcuEBg=s4800-w800,https://map.naver.com/p/entry/place/37402393,3화 등에서 재벌가 인물들이 은밀한 대화를 나누는 스피크이지 바 장면,https://image.tmdb.org/t/p/w780/xveOW5e31RKwFFegwAjlLhPo97n.jpg,https://kdramamap.com/location/%eb%88%88%eb%ac%bc%ec%9d%98%ec%97%ac%ec%99%95-%ec%b0%b0%ec%8a%a4h-7278/;https://traveltodrama.com/queen-of-tears-seoul-filming-locations-map/,2026-07-28,13,,,,김희원;장영우,https://image.tmdb.org/t/p/w500/3x8GHyMTMsuXVX8pZ1OhUUHgOBx.jpg
st_04155,눈물의 여왕,Queen of Tears,drama,김수현;김지원,우리옛돌박물관,박물관/미술관,서울 성북구 대사관로13길 66,37.600897,126.990134,https://lh3.googleusercontent.com/place-photos/AG9NLjBdFvC_XGKy9E2qzBwvgkmYKIB6np2Qba-aPbg9WZFXr7OeWlPqoc01xIebPOSqdEkNqoceN2wWOdSaG2WZRa77YCHKXGt0lim9ovmWYl8fBqNgD_mKZz7fa25yKlgaDoxGF0bcLIY9kEFRHWU=s4800-w800,https://map.naver.com/p/entry/place/37275568,1화에서 백현우가 홍해인과 다투고 화가 나서 집을 나서는 장면,https://image.tmdb.org/t/p/w780/64qcpBgwHSyc1ZgKnqWgVvsRI2l.jpg,https://kdramamap.com/location/%eb%88%88%eb%ac%bc%ec%9d%98%ec%97%ac%ec%99%95-%ec%9a%b0%eb%a6%ac%ec%98%9b%eb%8f%8c%eb%b0%95%eb%ac%bc%ea%b4%80-7279/;https://traveltodrama.com/queen-of-tears-seoul-filming-locations-map/;https://www.realscene.site/ko/drama/queen-of-tears,2026-07-28,13,,,,김희원;장영우,https://image.tmdb.org/t/p/w500/3x8GHyMTMsuXVX8pZ1OhUUHgOBx.jpg
st_04156,눈물의 여왕,Queen of Tears,drama,김수현;김지원,우리옛돌박물관앞,박물관/미술관,서울 성북구 대사관로13길 77,37.600526,126.989737,https://lh3.googleusercontent.com/place-photos/AG9NLjBdFvC_XGKy9E2qzBwvgkmYKIB6np2Qba-aPbg9WZFXr7OeWlPqoc01xIebPOSqdEkNqoceN2wWOdSaG2WZRa77YCHKXGt0lim9ovmWYl8fBqNgD_mKZz7fa25yKlgaDoxGF0bcLIY9kEFRHWU=s4800-w800,https://map.naver.com/p/entry/place/37275568,1화부터 등장하는 홍해인 가문 저택 '퀸즈타운' 배경인 우리옛돌박물관,https://image.tmdb.org/t/p/w780/ztmMJCBcZnaG0lZpPshmsRKbxzC.jpg,https://kdramamap.com/location/%eb%88%88%eb%ac%bc%ec%9d%98%ec%97%ac%ec%99%95-%ec%9a%b0%eb%a6%ac%ec%98%9b%eb%8f%8c%eb%b0%95%eb%ac%bc%ea%b4%80%ec%95%9e-7280/,2026-07-28,13,,,,김희원;장영우,https://image.tmdb.org/t/p/w500/3x8GHyMTMsuXVX8pZ1OhUUHgOBx.jpg
st_04157,눈물의 여왕,Queen of Tears,drama,김수현;김지원,서울면남초등학교,학교,서울 중랑구 면목로30나길 38,37.577260,127.087666,https://upload.wikimedia.org/wikipedia/commons/thumb/7/76/Jungnang_Myeonmok_7-dong_Community_Service_Center.jpg/960px-Jungnang_Myeonmok_7-dong_Community_Service_Center.jpg,https://map.naver.com/p/entry/place/11891397,,https://image.tmdb.org/t/p/w780/3MORxewm8MUHH1sE503uFudKqLW.jpg,https://kdramamap.com/location/%eb%88%88%eb%ac%bc%ec%9d%98%ec%97%ac%ec%99%95-%ec%84%9c%ec%9a%b8%eb%a9%b4%eb%82%a8%ec%b4%88%eb%93%b1%ed%95%99%ea%b5%90-7281/,2026-07-28,13,,,,김희원;장영우,https://image.tmdb.org/t/p/w500/3x8GHyMTMsuXVX8pZ1OhUUHgOBx.jpg
st_04159,눈물의 여왕,Queen of Tears,drama,김수현;김지원,아차산어울림정원,자연/명소,서울 광진구 워커힐로 127,37.551897,127.101246,https://upload.wikimedia.org/wikipedia/commons/thumb/e/e7/%EC%95%84%EC%B0%A8%EC%82%B0%EC%88%B2%EC%86%8D%EB%8F%84%EC%84%9C%EA%B4%80.jpg/960px-%EC%95%84%EC%B0%A8%EC%82%B0%EC%88%B2%EC%86%8D%EB%8F%84%EC%84%9C%EA%B4%80.jpg,https://map.naver.com/p/entry/place/12082220,7화에서 홍범준 부회장이 사위 백현우를 감시한 요원들에게 결과를 보고받는 공원 장면,https://image.tmdb.org/t/p/w780/xzSNoFoZ2OyZsnqZPoYhI1pytI6.jpg,https://kdramamap.com/location/%eb%88%88%eb%ac%bc%ec%9d%98%ec%97%ac%ec%99%95-%ec%95%84%ec%b0%a8%ec%82%b0%ec%96%b4%ec%9a%b8%eb%a6%bc%ec%a0%95%ec%9b%90-7283/,2026-07-28,13,,,,김희원;장영우,https://image.tmdb.org/t/p/w500/3x8GHyMTMsuXVX8pZ1OhUUHgOBx.jpg
st_04160,눈물의 여왕,Queen of Tears,drama,김수현;김지원,그랜드워커힐 애스톤하우스,,서울 광진구 워커힐로 177,37.558629,127.111707,https://lh3.googleusercontent.com/place-photos/AG9NLjD4ihc6HNStak2IwWBjR3QCJ3kcSBCs_TVXJCHMhTQD2iVozy68HLPU_mR_lWOPvUSWJzC0wVpUz6Yp3iDrKAyFfdrqvLZV4VoOQU7xax-7haUXp9-oe5j9vM0hRF2t68xu7TEcaenpfjOv=s4800-w800,https://map.naver.com/p/entry/place/18166979,1화에서 홍해인과 백현우가 한강이 보이는 야외 예식장에서 결혼식을 올리는 장면,https://i.ytimg.com/vi/1jsWWjA3fMc/hqdefault.jpg,https://kdramamap.com/location/%eb%88%88%eb%ac%bc%ec%9d%98%ec%97%ac%ec%99%95-%ea%b7%b8%eb%9e%9c%eb%93%9c%ec%9b%8c%ec%bb%a4%ed%9e%90-%ec%95%a0%ec%8a%a4%ed%86%a4%ed%95%98%ec%9a%b0%ec%8a%a4-7284/,2026-07-28,13,,,,김희원;장영우,https://image.tmdb.org/t/p/w500/3x8GHyMTMsuXVX8pZ1OhUUHgOBx.jpg
st_04161,눈물의 여왕,Queen of Tears,drama,김수현;김지원,써브웨이 사당역점,유적/한옥,서울 서초구 동작대로 24,37.478662,126.982152,https://lh3.googleusercontent.com/place-photos/AG9NLjBKi-zM5g-cv_DotgiOwVp78_HRAuh4vkaLxpWjBX43LFNjqXsG9jyVTld8idK8OoXSztj7T0UFtcJ5pekmGoPguUWHUbhK8y7arYaYC62Zk77sOdEmmT45-IGJ7lLHj99fcnEg08vH2bLhpAA=s4800-w800,https://map.naver.com/p/entry/place/1689341545,드라마 속 PPL 장면이 촬영된 사당역 서브웨이 매장,https://image.tmdb.org/t/p/w780/q1BTRBCAPMggw9J6tuEf1wd08AT.jpg,https://kdramamap.com/location/%eb%88%88%eb%ac%bc%ec%9d%98%ec%97%ac%ec%99%95-%ec%8d%a8%eb%b8%8c%ec%9b%a8%ec%9d%b4-%ec%82%ac%eb%8b%b9%ec%97%ad%ec%a0%90-7285/;https://traveltodrama.com/queen-of-tears-seoul-filming-locations-map/,2026-07-28,13,,,,김희원;장영우,https://image.tmdb.org/t/p/w500/3x8GHyMTMsuXVX8pZ1OhUUHgOBx.jpg
st_04162,눈물의 여왕,Queen of Tears,drama,김수현;김지원,모트32서울,음식점,서울 서초구 신반포로 176,37.503935,127.002413,https://lh3.googleusercontent.com/place-photos/AG9NLjDLF96wUZK2fGtx5YZUjUpW08rmweBLl4VvSwnO_rlpVjF-GF7dxLl0idih7ZeyKikeXvOigW2POWFri1FsIQsk1lLKDqHykCa6VJcsnOI6CoGtiRYJGnhM0O4MbD6cxoj-yBGrcg20xHo4NeQ10Yna=s4800-w800,https://map.naver.com/p/entry/place/1389562845,7화에서 해인과 은성이 식사하며 은성이 이혼하라고 선을 넘는 대화를 나누는 장면,https://image.tmdb.org/t/p/w780/3ja5GqGpl8YgolNCp6H55aeafH7.jpg,https://kdramamap.com/location/%eb%88%88%eb%ac%bc%ec%9d%98%ec%97%ac%ec%99%95-%eb%aa%a8%ed%8a%b832%ec%84%9c%ec%9a%b8-7286/;https://traveltodrama.com/queen-of-tears-seoul-filming-locations-map/,2026-07-28,13,,,,김희원;장영우,https://image.tmdb.org/t/p/w500/3x8GHyMTMsuXVX8pZ1OhUUHgOBx.jpg
st_04163,눈물의 여왕,Queen of Tears,drama,김수현;김지원,볼트1932,음식점,서울 강남구 압구정로 152,37.525565,127.026049,https://lh3.googleusercontent.com/place-photos/AG9NLjB7PruQZsV5kBKaLWYdCxSRFXRaJ2KJ6wR1MJ_F2fOnEP8EArCqeHwvwBH9OblQyn6bwwU4PQxa_4070tqzyToQtUxxs1Wi8oVh8JuZ22-9ThduTi_CWujJW0z6_Al-GOpv0-j43zuT45Ubkw4=s4800-w800,https://map.naver.com/p/entry/place/1579029973,13화에서 모슬희가 퀸즈그룹 홍만대 회장의 비자금을 빼돌려 보관한 비밀금고 장면,https://i.ytimg.com/vi/u4-VZFdSkc4/hqdefault.jpg,https://kdramamap.com/location/%eb%88%88%eb%ac%bc%ec%9d%98%ec%97%ac%ec%99%95-%eb%b3%bc%ed%8a%b81932-7287/;https://traveltodrama.com/queen-of-tears-seoul-filming-locations-map/,2026-07-28,13,,,,김희원;장영우,https://image.tmdb.org/t/p/w500/3x8GHyMTMsuXVX8pZ1OhUUHgOBx.jpg
st_04164,눈물의 여왕,Queen of Tears,drama,김수현;김지원,메가커피 역삼GFC점,카페,서울 강남구 논현로 429,37.499141,127.037418,https://lh3.googleusercontent.com/place-photos/AG9NLjA-sAFJmeTk1eHOEeIPTOOqG0kG0wDEyB3LbI79eqkhR9UkSVh3Zjrjhykv3PTjPkWoABcZVFwNnNjMOCDmb8B5Eg_25q-JUsD3SieBKQmqbArjzJvX_N0DjHI_tvUsKoim-9zYT-l4J4iswP8=s4800-w800,https://map.naver.com/p/entry/place/1130155923,8화에서 커피점 배경 장소로 등장한 메가커피 역삼GFC점,https://image.tmdb.org/t/p/w780/j287QAAHMr6LkIwrANVSSQODP7f.jpg,https://kdramamap.com/location/%eb%88%88%eb%ac%bc%ec%9d%98%ec%97%ac%ec%99%95-%eb%a9%94%ea%b0%80%ec%bb%a4%ed%94%bc-%ec%97%ad%ec%82%bcgfc%ec%a0%90-7288/,2026-07-28,13,,,,김희원;장영우,https://image.tmdb.org/t/p/w500/3x8GHyMTMsuXVX8pZ1OhUUHgOBx.jpg
st_04165,눈물의 여왕,Queen of Tears,drama,김수현;김지원,더채플앳논현(CG),,서울 강남구 논현로 549,37.505123,127.034426,https://lh3.googleusercontent.com/place-photos/AG9NLjBJ7vvb8L0AJoOYnu4uPnOjxzKJy3OKKeA2Pcb4g4_Ik0xtMu7IfKUfhZ9xXXiEBQtDirWNIFi0TNm8Qaq84RVehekT1fyDXlwkQteVslP2HqatWS62WPoGq2tsD5CqBxfv6IyWxPieOp9nbQ=s4800-w764,https://map.naver.com/p/entry/place/1106412731,2화에서 헤르티나 브랜드 행사가 열리는 연회장으로 등장하는 장면,https://image.tmdb.org/t/p/w780/3TI9uZ76kc3lHnoHOTSFgG99XHM.jpg,https://kdramamap.com/location/%eb%88%88%eb%ac%bc%ec%9d%98%ec%97%ac%ec%99%95-%eb%8d%94%ec%b1%84%ed%94%8c%ec%95%b3%eb%85%bc%ed%98%84-cg-7289/,2026-07-28,13,,,,김희원;장영우,https://image.tmdb.org/t/p/w500/3x8GHyMTMsuXVX8pZ1OhUUHgOBx.jpg
st_04166,눈물의 여왕,Queen of Tears,drama,김수현;김지원,메가MGC커피 석촌호수사거리점,카페,서울 송파구 송파대로 474,37.508553,127.104623,https://lh3.googleusercontent.com/place-photos/AG9NLjCkJg7PoZtaqwtmyNglrkBl3g13t1wCo3FQBUFtYFw_LIicZbz5pE3rZLoMkr96wiFAIArOUfCywmzhR3nUSRVvTpfzAWWfznIyExwIwpyzQ4MYLpZfVKDUOMb3_qRfYyVP9pYJ_v4rJwHxOQ=s4800-w800,https://map.naver.com/p/entry/place/1114899576,5화에서 현우 누나 미선이 헤어지라며 돈봉투를 주고 현우가 해인에게 사랑을 고백하는 장면,https://i.ytimg.com/vi/cNvqKSUBBjY/hqdefault.jpg,https://kdramamap.com/location/%eb%88%88%eb%ac%bc%ec%9d%98%ec%97%ac%ec%99%95-%eb%a9%94%ea%b0%80mgc%ec%bb%a4%ed%94%bc-%ec%84%9d%ec%b4%8c%ed%98%b8%ec%88%98%ec%82%ac%ea%b1%b0%eb%a6%ac%ec%a0%90-7290/;https://traveltodrama.com/queen-of-tears-seoul-filming-locations-map/,2026-07-28,13,,,,김희원;장영우,https://image.tmdb.org/t/p/w500/3x8GHyMTMsuXVX8pZ1OhUUHgOBx.jpg
st_04167,눈물의 여왕,Queen of Tears,drama,김수현;김지원,오크우드 프리미어 인천,,인천 연수구 컨벤시아대로 165,37.389141,126.644443,https://upload.wikimedia.org/wikipedia/commons/thumb/e/e2/South_Korea%2C_Incheon%2C_Songdo%2C_the_Sharp_Central_Park_Towers_and_Prugio_Central_Park_Towers.jpg/960px-South_Korea%2C_Incheon%2C_Songdo%2C_the_Sharp_Central_Park_Towers_and_Prugio_Central_Park_Towers.jpg,https://map.naver.com/p/entry/place/35162649,16화에서 범자 고모의 로맨스가 이루어지는 파노라믹65 레스토랑 장면,https://i.ytimg.com/vi/AfCQDfC1fQU/hqdefault.jpg,https://kdramamap.com/location/%eb%88%88%eb%ac%bc%ec%9d%98%ec%97%ac%ec%99%95-%ec%98%a4%ed%81%ac%ec%9a%b0%eb%93%9c-%ed%94%84%eb%a6%ac%eb%af%b8%ec%96%b4-%ec%9d%b8%ec%b2%9c-7291/,2026-07-28,13,,,,김희원;장영우,https://image.tmdb.org/t/p/w500/3x8GHyMTMsuXVX8pZ1OhUUHgOBx.jpg
st_04168,눈물의 여왕,Queen of Tears,drama,김수현;김지원,양주한국병원,병원,경기 양주시 화합로 1489,37.838900,127.072898,,https://map.naver.com/p/entry/place/1265137259,9~10화에서 은성이 몰래 옮긴 홍만대 회장이 병실에서 홀로 깨어나는 예서의료원 장면,https://i.ytimg.com/vi/eOaeiEWD59E/hqdefault.jpg,https://kdramamap.com/location/%eb%88%88%eb%ac%bc%ec%9d%98%ec%97%ac%ec%99%95-%ec%96%91%ec%a3%bc%ed%95%9c%ea%b5%ad%eb%b3%91%ec%9b%90-7292/,2026-07-28,13,,,,김희원;장영우,https://image.tmdb.org/t/p/w500/3x8GHyMTMsuXVX8pZ1OhUUHgOBx.jpg
st_04169,눈물의 여왕,Queen of Tears,drama,김수현;김지원,의정부효자초등학교,학교,경기 의정부시 부용로204번길 16,37.750245,127.078107,https://lh3.googleusercontent.com/place-photos/AG9NLjBASktnf1Osn_aJU5jQeV86FreT_thZEW_1kPwue28kMDCbg0DhyxGZMIeZv6kMt27QBHDnYcm01Zx5Vb3TdDw_YeMjHhYaGO4rXHy_-Jjf-rCNnWd-o0Lgu72eukoPAP4Tn5q4pgVVmSd3=s4800-w800,https://map.naver.com/p/entry/place/1733294603,8화에서 이혼한 해인이 현우의 일상을 따라 초등학교 그네에 앉아 감시 영상을 보는 장면,https://image.tmdb.org/t/p/w780/jPaAUBWbotMXtAYOQov8wlZQ2Vp.jpg,https://kdramamap.com/location/%eb%88%88%eb%ac%bc%ec%9d%98%ec%97%ac%ec%99%95-%ec%9d%98%ec%a0%95%eb%b6%80%ed%9a%a8%ec%9e%90%ec%b4%88%eb%93%b1%ed%95%99%ea%b5%90-7293/,2026-07-28,13,,,,김희원;장영우,https://image.tmdb.org/t/p/w500/3x8GHyMTMsuXVX8pZ1OhUUHgOBx.jpg
st_04170,눈물의 여왕,Queen of Tears,drama,김수현;김지원,깔끔이슈퍼,,경기 파주시 적성면 국사로 61,37.950639,126.890250,https://lh3.googleusercontent.com/place-photos/AG9NLjAzk_fj0s6zAi8r7Ie85-RCg2REJ93sMi0Y0T4yDngujXJ8aYXBu8mLHyviBvmAus7kdiU33oOs5hJJg9fDItWmDJ5nlhyQ2YowSgKG6fv74MZsCJZICIYWQ1fZ2-1YWbeixF8IM-h619w6N08=s4800-w800,https://map.naver.com/p/entry/place/19315731,,https://image.tmdb.org/t/p/w780/vNKdyCs6p81GWD1Za19qVImhMiZ.jpg,https://kdramamap.com/location/%eb%88%88%eb%ac%bc%ec%9d%98%ec%97%ac%ec%99%95-%ea%b9%94%eb%81%94%ec%9d%b4%ec%8a%88%ed%8d%bc-7294/,2026-07-28,13,,,,김희원;장영우,https://image.tmdb.org/t/p/w500/3x8GHyMTMsuXVX8pZ1OhUUHgOBx.jpg
st_04171,눈물의 여왕,Queen of Tears,drama,김수현;김지원,식현1리,,경기 파주시 적성면 국사로54번길 59,37.950656,126.894225,,https://map.naver.com/p/entry/place/19187923,,https://image.tmdb.org/t/p/w780/73yIxCPu2s2XL7aPtGazkG0lOnf.jpg,https://kdramamap.com/location/%eb%88%88%eb%ac%bc%ec%9d%98%ec%97%ac%ec%99%95-%ec%8b%9d%ed%98%841%eb%a6%ac-7295/,2026-07-28,13,,,,김희원;장영우,https://image.tmdb.org/t/p/w500/3x8GHyMTMsuXVX8pZ1OhUUHgOBx.jpg
st_04172,눈물의 여왕,Queen of Tears,drama,김수현;김지원,식현1리 마을회관,,경기 파주시 적성면 국사로54번길 72,37.950028,126.894844,,https://map.naver.com/p/entry/place/19315738,,https://image.tmdb.org/t/p/w780/AwwGaCaW0mYJ05liOxyR1uY7KAZ.jpg,https://kdramamap.com/location/%eb%88%88%eb%ac%bc%ec%9d%98%ec%97%ac%ec%99%95-%ec%8b%9d%ed%98%841%eb%a6%ac-%eb%a7%88%ec%9d%84%ed%9a%8c%ea%b4%80-7296/,2026-07-28,13,,,,김희원;장영우,https://image.tmdb.org/t/p/w500/3x8GHyMTMsuXVX8pZ1OhUUHgOBx.jpg
st_04173,눈물의 여왕,Queen of Tears,drama,김수현;김지원,예담원 장례식장,,경기 파주시 문산읍 화석정로 31,37.876606,126.804543,,https://map.naver.com/p/entry/place/36923924,7화에서 해인이 현우의 수상한 현금과 꽃다발의 행선지를 추적해 찾아간 장례식장으로 나온다.,https://i.ytimg.com/vi/97vMCFiQBQM/hqdefault.jpg,https://kdramamap.com/location/%eb%88%88%eb%ac%bc%ec%9d%98%ec%97%ac%ec%99%95-%ec%98%88%eb%8b%b4%ec%9b%90-%ec%9e%a5%eb%a1%80%ec%8b%9d%ec%9e%a5-7297/,2026-07-28,13,,,,김희원;장영우,https://image.tmdb.org/t/p/w500/3x8GHyMTMsuXVX8pZ1OhUUHgOBx.jpg
st_04174,눈물의 여왕,Queen of Tears,drama,김수현;김지원,조이마당스튜디오,,경기 파주시 파주읍 봉서산로 245,37.833300,126.803485,https://lh3.googleusercontent.com/place-photos/AG9NLjACiiwj6AvwSE0Uh5C1Jp9DdQi4HhcCINUMPrDZ1uz3z7F7vaw0cuUsF4Z8J-VOs_kH6uuGB5Dgz_dpTLtIEH6bO3XjZQiagosM81sWF3ov9hESmauRYdPp1AkcDeKSiOxMbrnzPSf4ji-WPNY=s4800-w800,https://map.naver.com/p/entry/place/1741339375,11~12화 등에서 실내 촬영 스튜디오로 활용된 파주 조이마당스튜디오,https://image.tmdb.org/t/p/w780/8SfGWaLz2tJ9Suq0Ybi2JEVFEMx.jpg,https://kdramamap.com/location/%eb%88%88%eb%ac%bc%ec%9d%98%ec%97%ac%ec%99%95-%ec%a1%b0%ec%9d%b4%eb%a7%88%eb%8b%b9%ec%8a%a4%ed%8a%9c%eb%94%94%ec%98%a4-7298/,2026-07-28,13,,,,김희원;장영우,https://image.tmdb.org/t/p/w500/3x8GHyMTMsuXVX8pZ1OhUUHgOBx.jpg
st_04175,눈물의 여왕,Queen of Tears,drama,김수현;김지원,블라썸,,경기 파주시 가람로21번길 46,37.736152,126.752498,https://lh3.googleusercontent.com/place-photos/AG9NLjDzCpnaR1YMsy_mPEr-Z4o1fqpEUG_vBXJY9s1GKyWgQ4VeoKRfPL7xXzM2Bi10v76oNjKC6PM4YxrEoJlVk1xV75LfdCDrbjAiKUOefV-BWGkQfNyny4oqYtbSipqv2x1mv9QHVKuyou5rpw=s4800-w800,https://map.naver.com/p/entry/place/1746984806,,https://image.tmdb.org/t/p/w780/dqAwunOdHRvkDgsYikayIwctfmU.jpg,https://kdramamap.com/location/%eb%88%88%eb%ac%bc%ec%9d%98%ec%97%ac%ec%99%95-%eb%b8%94%eb%9d%bc%ec%8d%b8-7299/,2026-07-28,13,,,,김희원;장영우,https://image.tmdb.org/t/p/w500/3x8GHyMTMsuXVX8pZ1OhUUHgOBx.jpg
st_04176,눈물의 여왕,Queen of Tears,drama,김수현;김지원,더스테이지,,경기 파주시 문발로 330,37.722314,126.692038,https://lh3.googleusercontent.com/place-photos/AG9NLjBbmBDVej2IAFaPN1a1onQceQwiyf-_8ORdXiKDysX14G5AgArV2dHoNAjmMWs-brzqZs3h02hniPf-3DuX2eFBPAJmoYJ2308uNYu7Qj53zz_FB4smRXyb2-cgriZ8basNwGUdF2TxhkAYYg=s4800-w800,https://map.naver.com/p/entry/place/1333613078,11화에서 비자금을 찾기 위해 퀸즈가 사람들이 방문하는 장소로 등장한다.,https://i.ytimg.com/vi/Fui2pwI0ccY/hqdefault.jpg,https://kdramamap.com/location/%eb%88%88%eb%ac%bc%ec%9d%98%ec%97%ac%ec%99%95-%eb%8d%94%ec%8a%a4%ed%85%8c%ec%9d%b4%ec%a7%80-7300/,2026-07-28,13,,,,김희원;장영우,https://image.tmdb.org/t/p/w500/3x8GHyMTMsuXVX8pZ1OhUUHgOBx.jpg
st_04177,눈물의 여왕,Queen of Tears,drama,김수현;김지원,써브웨이 파주야당역점,,경기 파주시 경의로 1080,37.713811,126.759953,https://lh3.googleusercontent.com/place-photos/AG9NLjCDrLanYRgalHr9AzytcJ4XZUc9nvf7GhqLmc2t4hOQHWM1H9WUvkx7RbFI3j0T2YtUyQn_7NQgtE_SlTB21Gytqig-ZD_9wE-oX-jxCIvmQ7tnQV67PnOQQeGgKoiWl2WpNf7eBUUsjz2D4w=s4800-w800,https://map.naver.com/p/entry/place/1803979593,,https://image.tmdb.org/t/p/w780/cK76PbCZ7LSzFpMMtIqh6JOyWuS.jpg,https://kdramamap.com/location/%eb%88%88%eb%ac%bc%ec%9d%98%ec%97%ac%ec%99%95-%ec%8d%a8%eb%b8%8c%ec%9b%a8%ec%9d%b4-%ed%8c%8c%ec%a3%bc%ec%95%bc%eb%8b%b9%ec%97%ad%ec%a0%90-7301/,2026-07-28,13,,,,김희원;장영우,https://image.tmdb.org/t/p/w500/3x8GHyMTMsuXVX8pZ1OhUUHgOBx.jpg
st_04178,눈물의 여왕,Queen of Tears,drama,김수현;김지원,서강빌딩,,경기 고양시 일산서구 강성로 239,37.675718,126.750334,https://lh3.googleusercontent.com/place-photos/AG9NLjAq5RoS9xb72J6-U4UMppYjCawRCe85qKBbRWDBQX63caja1KFD6TT23d7mj5hzdkPM_OB73PQxVfGYxEmwgRDwZ7JaLdgiMY_D2RflhPwiNb5tv8rr34L1O3HbbFCbIqZqmuAl0zh-rRLQ=s4800-w800,https://map.naver.com/p/entry/place/32528312,,https://image.tmdb.org/t/p/w780/uR4tmI06Ts131x3zEgQst2pxzIa.jpg,https://kdramamap.com/location/%eb%88%88%eb%ac%bc%ec%9d%98%ec%97%ac%ec%99%95-%ec%84%9c%ea%b0%95%eb%b9%8c%eb%94%a9-7302/,2026-07-28,13,,,,김희원;장영우,https://image.tmdb.org/t/p/w500/3x8GHyMTMsuXVX8pZ1OhUUHgOBx.jpg
st_04179,눈물의 여왕,Queen of Tears,drama,김수현;김지원,아쿠아플라넷 일산,자연/명소,경기 고양시 일산서구 한류월드로 282,37.663837,126.755610,https://lh3.googleusercontent.com/place-photos/AG9NLjATbUm3OFjnE2QZ3x9iHui5Xentex3Hegqr-ksYO_UF75jigyaQy6y83bwbGYbKJbd2NXgOFHEHu3eUp0agv9q0N-e9XoLkElc_IOuDepQgM3YZm6JR1vODtpmfzE8PRwAXRrUVqp5tmub076M=s4800-w800,https://map.naver.com/p/entry/place/34590112,8화에서 현우가 해인에게 아쿠아리움 전체를 대관해 프러포즈하는 4년 전 회상 장면으로 나온다.,https://i.ytimg.com/vi/0rb1uaUtLFk/hqdefault.jpg,https://kdramamap.com/location/%eb%88%88%eb%ac%bc%ec%9d%98%ec%97%ac%ec%99%95-%ec%95%84%ec%bf%a0%ec%95%84%ed%94%8c%eb%9d%bc%eb%84%b7-%ec%9d%bc%ec%82%b0-7303/,2026-07-28,13,,,,김희원;장영우,https://image.tmdb.org/t/p/w500/3x8GHyMTMsuXVX8pZ1OhUUHgOBx.jpg
st_04180,눈물의 여왕,Queen of Tears,drama,김수현;김지원,소노캄고양 웨스트타워,,경기 고양시 일산동구 태극로 18,37.662564,126.750200,https://lh3.googleusercontent.com/place-photos/AG9NLjAIokFYRjYSXI67dhAvSePYQJt0oQJtXX0gU9JNPXVJ9auJ4H17EeL8PrjyQ7WVgmYjdJ_SSJae_clmWaEM79jRx1HbqTkqGY87_mihp3lqty5wKcmvQyyhgpIcwH0d3tHJ6bd4RcZ9_UC7178=s4800-w800,https://map.naver.com/p/entry/place/1812691028,10화에서 현우와 범자가 그레이스를 자기 편으로 만들려 압박하는 호텔 라운지 장면으로 나온다.,https://image.tmdb.org/t/p/w780/dHStfE9hOtWIF5KHH8xCi9Z3oaE.jpg,https://kdramamap.com/location/%eb%88%88%eb%ac%bc%ec%9d%98%ec%97%ac%ec%99%95-%ec%86%8c%eb%85%b8%ec%ba%84%ea%b3%a0%ec%96%91-%ec%9b%a8%ec%8a%a4%ed%8a%b8%ed%83%80%ec%9b%8c-7304/,2026-07-28,13,,,,김희원;장영우,https://image.tmdb.org/t/p/w500/3x8GHyMTMsuXVX8pZ1OhUUHgOBx.jpg
st_04181,눈물의 여왕,Queen of Tears,drama,김수현;김지원,백합칼국수&보쌈,음식점,경기 고양시 일산동구 강촌로12번길 8-6,37.645284,126.777914,https://upload.wikimedia.org/wikipedia/commons/thumb/5/51/BMW_E66_745Li_Black_Sapphire_Metallic_%281%29.jpg/960px-BMW_E66_745Li_Black_Sapphire_Metallic_%281%29.jpg,https://map.naver.com/p/entry/place/1212343333,,https://image.tmdb.org/t/p/w780/ysh6eZiPocTbNMXQlREuCAkgPKD.jpg,https://kdramamap.com/location/%eb%88%88%eb%ac%bc%ec%9d%98%ec%97%ac%ec%99%95-%eb%b0%b1%ed%95%a9%ec%b9%bc%ea%b5%ad%ec%88%98-%eb%b3%b4%ec%8c%88-7305/,2026-07-28,13,,,,김희원;장영우,https://image.tmdb.org/t/p/w500/3x8GHyMTMsuXVX8pZ1OhUUHgOBx.jpg
st_04182,눈물의 여왕,Queen of Tears,drama,김수현;김지원,강화대교,다리,경기 김포시 월곶면 성동리,37.746106,126.537462,https://lh3.googleusercontent.com/place-photos/AG9NLjC00Qt7rHvMR7tqo_-31pCbsjb-GTz_xziyqJKKzLk86JPWx1_AOR-FKBt_BCbXlN7xfc5WpPNzJ8x6_d-ILwll97MqlMqUTGTREoDKG0MvuovTTHaOissJjK60Yk1y7M8CsaC5tpf4ljxKh1Q=s4800-w800,https://map.naver.com/p/entry/place/19106759,9화에서 용두리로 이사 온 퀸즈가 식구들의 마을 입구 다리 배경으로 등장한 강화대교,https://image.tmdb.org/t/p/w780/x0gf9xiAaxalfg1RfRyMQiGfjsW.jpg,https://kdramamap.com/location/%eb%88%88%eb%ac%bc%ec%9d%98%ec%97%ac%ec%99%95-%ea%b0%95%ed%99%94%eb%8c%80%ea%b5%90-7306/,2026-07-28,13,,,,김희원;장영우,https://image.tmdb.org/t/p/w500/3x8GHyMTMsuXVX8pZ1OhUUHgOBx.jpg
st_04183,눈물의 여왕,Queen of Tears,drama,김수현;김지원,하남돼지집 풍산 직영점,,경기 하남시 미사강변중앙로 43,37.550956,127.192867,https://lh3.googleusercontent.com/place-photos/AG9NLjBY09NmLXU8dv5jQ6ASZj7AKTNNxsvTPb3_BH79CWZ_BeYIziQ16H9QwU-5lx80HfQPgAAakBeX6H3ku7D0T18Tud7M0swjkQFXFS7NZOgWJfv_0zXlExjqiTSUNFEY2blsUpCFYahq7If-INWpQa49HA=s4800-w800,https://map.naver.com/p/entry/place/35720246,4화에서 백현우가 친구 김양기와 하남돼지집에서 삼겹살을 먹는 장면,https://image.tmdb.org/t/p/w780/Apqvk5kOoas40nLdn98jeqWpqSk.jpg,https://kdramamap.com/location/%eb%88%88%eb%ac%bc%ec%9d%98%ec%97%ac%ec%99%95-%ed%95%98%eb%82%a8%eb%8f%bc%ec%a7%80%ec%a7%91-%ed%92%8d%ec%82%b0-%ec%a7%81%ec%98%81%ec%a0%90-7307/,2026-07-28,13,,,,김희원;장영우,https://image.tmdb.org/t/p/w500/3x8GHyMTMsuXVX8pZ1OhUUHgOBx.jpg
st_04184,눈물의 여왕,Queen of Tears,drama,김수현;김지원,마임비전빌리지,,경기 여주시 세종대왕면 용은길 28,37.290669,127.540148,https://lh3.googleusercontent.com/place-photos/AG9NLjBFOLIPQ1c3FtPXQHLPE4z7tuLXE3hc2tlfeROLO4Z2xy2yTj9WU_4t-bF4Z0aBermi4BLEd3clH2zqf8efpsvqKExM-vO3rxKkP6HunffQijmnMk-nC88W0J2QHis6Y4fsz2qo0LR2vMW6vdc=s4800-w800,https://map.naver.com/p/entry/place/13320432,"퀸즈타운 저택의 정원과 야외수영장, 해인·현우가 사는 화이트하우스 등 외부 공간이 촬영된 곳",https://image.tmdb.org/t/p/w780/6InlZZ5dZ9zYWiEV3UJ71mEA7xZ.jpg,https://kdramamap.com/location/%eb%88%88%eb%ac%bc%ec%9d%98%ec%97%ac%ec%99%95-%eb%a7%88%ec%9e%84%eb%b9%84%ec%a0%84%eb%b9%8c%eb%a6%ac%ec%a7%80-7308/,2026-07-28,13,,,,김희원;장영우,https://image.tmdb.org/t/p/w500/3x8GHyMTMsuXVX8pZ1OhUUHgOBx.jpg
st_04185,눈물의 여왕,Queen of Tears,drama,김수현;김지원,소전미술관,박물관/미술관,경기 시흥시 소래산길 41,37.451968,126.785501,https://lh3.googleusercontent.com/place-photos/AG9NLjAfmvAiMCmg7hXFtN815p6zFQbtqxYeFcqJkhla4enZkjmDYORS5haQ49mYMOp1YAOfmxH938J145K-PR6svC--SZLp_xTJ8Xlws4gQejUlDlAew_an5ykX6t4-SPA9-5lvbbY6Gk8VGZUfp80=s4800-w800,https://map.naver.com/p/entry/place/11620372,홍만대 회장의 저택으로 나온 곳으로 무릎 건강 때문에 엘리베이터를 탄다는 대사가 나온 장면,https://image.tmdb.org/t/p/w780/iYfd2sWKF1fZZIWYmdVf0vlRIs3.jpg,https://kdramamap.com/location/%eb%88%88%eb%ac%bc%ec%9d%98%ec%97%ac%ec%99%95-%ec%86%8c%ec%a0%84%eb%af%b8%ec%88%a0%ea%b4%80-7309/,2026-07-28,13,,,,김희원;장영우,https://image.tmdb.org/t/p/w500/3x8GHyMTMsuXVX8pZ1OhUUHgOBx.jpg
st_04186,눈물의 여왕,Queen of Tears,drama,김수현;김지원,동우여자고등학교,학교,경기 수원시 장안구 장안로 426-1,37.319874,126.982389,,https://map.naver.com/p/entry/place/12032064,"4화 에필로그 회상, 고교 시절 넘어진 해인에게 현우가 밴드를 붙여주는 첫 만남 장면",https://i.ytimg.com/vi/oY7WJjOEL1w/hqdefault.jpg,https://kdramamap.com/location/%eb%88%88%eb%ac%bc%ec%9d%98%ec%97%ac%ec%99%95-%eb%8f%99%ec%9a%b0%ec%97%ac%ec%9e%90%ea%b3%a0%eb%93%b1%ed%95%99%ea%b5%90-7310/,2026-07-28,13,,,,김희원;장영우,https://image.tmdb.org/t/p/w500/3x8GHyMTMsuXVX8pZ1OhUUHgOBx.jpg
st_04187,눈물의 여왕,Queen of Tears,drama,김수현;김지원,일월수목원,자연/명소,경기 수원시 장안구 일월로 61,37.287781,126.976476,https://lh3.googleusercontent.com/place-photos/AG9NLjC6ISmIpfxQMsYSDHJ551xI3rVUSBouLdr2SAKLNQIyOgpEqTJv6S820K85yYmFk379fdcwfBXIwQEEFjuHWRAOiYaTp8ch8j8oHrYbTaS_JAjsVKwbv6G1cK1zzUb5n8udK5g5bSWDyrFnVQ=s4800-w800,https://map.naver.com/p/entry/place/1751677198,7화에서 백현우가 영숙이를 애타게 부르며 나는 솔로를 패러디하는 장면,https://i.ytimg.com/vi/rWqHOkwK50c/hqdefault.jpg,https://kdramamap.com/location/%eb%88%88%eb%ac%bc%ec%9d%98%ec%97%ac%ec%99%95-%ec%9d%bc%ec%9b%94%ec%88%98%eb%aa%a9%ec%9b%90-7311/,2026-07-28,13,,,,김희원;장영우,https://image.tmdb.org/t/p/w500/3x8GHyMTMsuXVX8pZ1OhUUHgOBx.jpg
st_04188,눈물의 여왕,Queen of Tears,drama,김수현;김지원,성남시의료원,병원,경기 성남시 수정구 수정로171번길 10,37.444985,127.139058,https://lh3.googleusercontent.com/place-photos/AG9NLjAJtkWgrtdKlpKNLhHClx0sj_fVSctuk9NVorVUgsT7bfpD-uVoss0rxWPhPxXwrl1Tcs5HdSy5HBkg6csZijHn1KwvTpzIyez2UAoiSAIN9ad9QBNG1JGEmFBucftV4gaLktwyvp3EaqDewyY=s4800-w800,https://map.naver.com/p/entry/place/19216462,2화에서 홍해인이 시한부 진단을 받는 성민대학병원으로 등장하는 장면,https://i.ytimg.com/vi/TMFoLLKEBLs/hqdefault.jpg,https://kdramamap.com/location/%eb%88%88%eb%ac%bc%ec%9d%98%ec%97%ac%ec%99%95-%ec%84%b1%eb%82%a8%ec%8b%9c%ec%9d%98%eb%a3%8c%ec%9b%90-7312/,2026-07-28,13,,,,김희원;장영우,https://image.tmdb.org/t/p/w500/3x8GHyMTMsuXVX8pZ1OhUUHgOBx.jpg
st_04189,눈물의 여왕,Queen of Tears,drama,김수현;김지원,송지호해수욕장,해변,강원 고성군 죽왕면 오호리 8,38.329695,128.526805,https://lh3.googleusercontent.com/place-photos/AG9NLjAbWbhc1-dR69yTG2Hbm_ct4GId8Bmw7M9-laGc8E55Ge3Bv1CQaBItlpfLI_0TNHsxRHVcvEOhbxtPoslh1q-ADU_-Fk7ONl_UiQ3rTxmazBuQnwXFqf7KRlHWxWkkjZMDfJtcW57pl1TU9r8=s4800-w800,https://map.naver.com/p/entry/place/13491067,"6화 회상, 어릴 적 배 침몰사고로 물에 빠진 해인을 구하고 오빠가 죽은 바닷가 장면",https://i.ytimg.com/vi/cHrDo2N8r1E/hqdefault.jpg,https://kdramamap.com/location/%eb%88%88%eb%ac%bc%ec%9d%98%ec%97%ac%ec%99%95-%ec%86%a1%ec%a7%80%ed%98%b8%ed%95%b4%ec%88%98%ec%9a%95%ec%9e%a5-7313/,2026-07-28,13,,,,김희원;장영우,https://image.tmdb.org/t/p/w500/3x8GHyMTMsuXVX8pZ1OhUUHgOBx.jpg
st_04190,눈물의 여왕,Queen of Tears,drama,김수현;김지원,오호항,항구/방파제,강원 고성군 죽왕면 심층수길 40-15,38.327144,128.529911,https://lh3.googleusercontent.com/place-photos/AG9NLjD_d2zprEtjO6Y8bGUCakfNm4xed6-Ms_SVz6nH0eeRWjmTpu8jXwxdq37hBpZdIfR3MUOkUxFYynDlOR5Pxg2STVjhkMLHMDLShKG8Y-Ndid6x6q6TsSNT2PY71T-HBboiURJuIcGSmHSKoJg=s4800-w800,https://map.naver.com/p/entry/place/37781643,,https://image.tmdb.org/t/p/w780/5zMpNSRNfVYhZbzJI748Qnth6Yo.jpg,https://kdramamap.com/location/%eb%88%88%eb%ac%bc%ec%9d%98%ec%97%ac%ec%99%95-%ec%98%a4%ed%98%b8%ed%95%ad-7314/,2026-07-28,13,,,,김희원;장영우,https://image.tmdb.org/t/p/w500/3x8GHyMTMsuXVX8pZ1OhUUHgOBx.jpg
st_04191,눈물의 여왕,Queen of Tears,drama,김수현;김지원,만항재,,강원 정선군 고한읍 고한리 산 216-37,37.150774,128.900589,https://lh3.googleusercontent.com/place-photos/AG9NLjBOCZXo47Kla92E5VZIj1FgNMLs81b1MO4v-MMSDeh9D_H57-SQsxOOAWMl2sseKh-ryxUswhk4AzF61QRJYL90RejFkR0HST7jdLGk_nSUGIl6iIjahm7VvM9qiicVXw2nOBgtEfg5AuIHX94nzdBAQQ=s4800-w800,https://map.naver.com/p/entry/place/848294587,16화(최종화)에서 눈꽃이 흩날리는 만항재 설경을 헬기로 촬영한 장면,https://i.ytimg.com/vi/rT-AxOPNojk/hqdefault.jpg,https://kdramamap.com/location/%eb%88%88%eb%ac%bc%ec%9d%98%ec%97%ac%ec%99%95-%eb%a7%8c%ed%95%ad%ec%9e%ac-7315/,2026-07-28,13,,,,김희원;장영우,https://image.tmdb.org/t/p/w500/3x8GHyMTMsuXVX8pZ1OhUUHgOBx.jpg
st_04192,눈물의 여왕,Queen of Tears,drama,김수현;김지원,오송생명로,,충북 청주시 흥덕구 오송읍 오송생명로 186,36.631115,127.329616,https://lh3.googleusercontent.com/place-photos/AG9NLjCLUdgmXvB8Ss_OGVB2c2W4NXLNPstp1yqqNt2wKskveWecvVRZAeYVySSCA1YS1ToH4W9IwgQxl_rYO0zZsn6pWMD_YxYpk90pLTr5Lcf9MgQqcIbJ1uuTKxbKK7bIgutwyoFFk_sr453yxQ=s4800-w800,https://map.naver.com/p/entry/place/19579401,8화에서 파리바게트 사거리 인근 도로를 백현우가 분노하며 질주하는 장면,https://image.tmdb.org/t/p/w780/aM9opGEIBUcFcWlJx2h3pzO8UYO.jpg,https://kdramamap.com/location/%eb%88%88%eb%ac%bc%ec%9d%98%ec%97%ac%ec%99%95-%ec%98%a4%ec%86%a1%ec%83%9d%eb%aa%85%eb%a1%9c-7316/,2026-07-28,13,,,,김희원;장영우,https://image.tmdb.org/t/p/w500/3x8GHyMTMsuXVX8pZ1OhUUHgOBx.jpg
st_04193,눈물의 여왕,Queen of Tears,drama,김수현;김지원,오송생명1로(프레스티지바이오로직스앞),,충북 청주시 흥덕구 오송읍 오송생명1로 197,36.637413,127.322180,https://lh3.googleusercontent.com/place-photos/AG9NLjDMd7DphJY-OenShBrcSurPzY-FUdKBYvvzT7M8Wfu9JFyO8mL9rJzRoC-ofoZyA1MOTgbLAGCnBytCnllsQfJq_wOhB4WEHNA8y9p8DQz52Wxhg3BsgxGQwy9nTw-WbZQb4g5Ciagvfbaf=s4800-w800,https://map.naver.com/p/entry/place/582107952,8화에서 프레스티지바이오로직스 앞 도로에서 백현우와 윤은성이 팽팽하게 대립하는 장면,https://image.tmdb.org/t/p/w780/yXr4B2B4MAjZ3vY8vxzM3W3JPWp.jpg,https://kdramamap.com/location/%eb%88%88%eb%ac%bc%ec%9d%98%ec%97%ac%ec%99%95-%ec%98%a4%ec%86%a1%ec%83%9d%eb%aa%851%eb%a1%9c-%ed%94%84%eb%a0%88%ec%8a%a4%ed%8b%b0%ec%a7%80%eb%b0%94%ec%9d%b4%ec%98%a4%eb%a1%9c%ec%a7%81%ec%8a%a4/,2026-07-28,13,,,,김희원;장영우,https://image.tmdb.org/t/p/w500/3x8GHyMTMsuXVX8pZ1OhUUHgOBx.jpg
st_04194,눈물의 여왕,Queen of Tears,drama,김수현;김지원,베스티안병원,병원,충북 청주시 흥덕구 오송읍 오송생명1로 191,36.636429,127.321641,https://lh3.googleusercontent.com/place-photos/AG9NLjCGiqueN-ybYSl4RabKmFabMtt4Nv-p4TY8T0eMRIPHOkOl2hEUaUqrjjHwN10j7bZBgiU_ShnVaW9WRJEqOuuzGuc1d2W41eNYO9jetpnJUhWHPc3dsZHwTl2b8jTIkC-4LZm5MMoOKljM0Fk=s4800-w550,https://map.naver.com/p/entry/place/1885165055,"11화에서 베스티안병원 앞 도로, 백현우와 윤은성의 갈등이 폭발하고 달달한 로맨스도 그려진 장면",https://i.ytimg.com/vi/fbzICYnq--0/hqdefault.jpg,https://kdramamap.com/location/%eb%88%88%eb%ac%bc%ec%9d%98%ec%97%ac%ec%99%95-%eb%b2%a0%ec%8a%a4%ed%8b%b0%ec%95%88%eb%b3%91%ec%9b%90-7318/,2026-07-28,13,,,,김희원;장영우,https://image.tmdb.org/t/p/w500/3x8GHyMTMsuXVX8pZ1OhUUHgOBx.jpg
st_04195,눈물의 여왕,Queen of Tears,drama,김수현;김지원,건지마을 풍경포인트,,충북 충주시 동량면 조동리 824-1,37.024237,127.974395,https://lh3.googleusercontent.com/place-photos/AG9NLjA9rTcbfFZ8weMslq7XmYz4990OYFlMszJd_Kn5rT9l81t3s68MfJDBKVkVRBbev0-qgHG3N2M9eXW8zilWWp7K5CdyxSnKvaOMuKhyA8XPG0ROO4WArpfBSvHPieImmTXW0DrMcLCc616PWVU6cD5aNQ=s4800-w800,https://map.naver.com/p/entry/place/17794222,12화에서 백현우와 홍해인이 재회해 두 번째 프로포즈를 하며 감정이 벅차오르는 장면,https://i.ytimg.com/vi/qyApy9Z1tI4/hqdefault.jpg,https://kdramamap.com/location/%eb%88%88%eb%ac%bc%ec%9d%98%ec%97%ac%ec%99%95-%ea%b1%b4%ec%a7%80%eb%a7%88%ec%9d%84-%ed%92%8d%ea%b2%bd%ed%8f%ac%ec%9d%b8%ed%8a%b8-7319/,2026-07-28,13,,,,김희원;장영우,https://image.tmdb.org/t/p/w500/3x8GHyMTMsuXVX8pZ1OhUUHgOBx.jpg
st_04196,눈물의 여왕,Queen of Tears,drama,김수현;김지원,괴산휴게소(양평방향),,충북 괴산군 중부내륙고속도로 204,36.831822,127.960203,https://lh3.googleusercontent.com/place-photos/AG9NLjCYITR2bjP9Pz0irhtM6x3QmKjl3YyuKBuWLdZceZFuX9U4j3AFQHa8EODcwFV4p7csJON2q6o2jcftmouoRaL3iFRyYGyoVA_xW56pNOqgBQWlcwc2nOn-KxDhwlrpAPtoMPzSkXqHoFVcidkYezWpXw=s4800-w800,https://map.naver.com/p/entry/place/13279451,,https://image.tmdb.org/t/p/w780/n3tTtKBNDRwOezRSAl0mBOfZbLT.jpg,https://kdramamap.com/location/%eb%88%88%eb%ac%bc%ec%9d%98%ec%97%ac%ec%99%95-%ea%b4%b4%ec%82%b0%ed%9c%b4%ea%b2%8c%ec%86%8c-%ec%96%91%ed%8f%89%eb%b0%a9%ed%96%a5-7320/,2026-07-28,13,,,,김희원;장영우,https://image.tmdb.org/t/p/w500/3x8GHyMTMsuXVX8pZ1OhUUHgOBx.jpg
st_04197,눈물의 여왕,Queen of Tears,drama,김수현;김지원,내응새마을회관,,충북 괴산군 연풍면 유상3길 6,36.782383,127.981667,,https://map.naver.com/p/entry/place/17836868,충북 괴산 연풍면 내응마을에서 극중 결혼식 피로연 장면을 촬영한 곳,https://image.tmdb.org/t/p/w780/jZONKWeQ2jcRt9gEYsgS7zAIjrm.jpg,https://kdramamap.com/location/%eb%88%88%eb%ac%bc%ec%9d%98%ec%97%ac%ec%99%95-%eb%82%b4%ec%9d%91%ec%83%88%eb%a7%88%ec%9d%84%ed%9a%8c%ea%b4%80-7321/,2026-07-28,13,,,,김희원;장영우,https://image.tmdb.org/t/p/w500/3x8GHyMTMsuXVX8pZ1OhUUHgOBx.jpg
st_04198,눈물의 여왕,Queen of Tears,drama,김수현;김지원,연풍순교성지,,충북 괴산군 연풍면 중앙로홍문2길 14,36.763874,127.993876,https://lh3.googleusercontent.com/place-photos/AG9NLjCDgKl3eVAhnPo4nuOxmnSEdba5r7JscNWUsi1GgfdQ4IRJC164jcUFqdqzeAgAWhn6qwgWW-R2aroXd9ljbJBZuzWoqcKhqOi3HeYUsZP6L4uGkda9y7wTMtlOMo_LDT0Tw2XA22z86Zqs5jdgAywEtg=s4800-w800,https://map.naver.com/p/entry/place/12950355,2화에서 홍해인과 백현우의 결혼식 성당 배경으로 등장하는 장면,https://i.ytimg.com/vi/1jsWWjA3fMc/hqdefault.jpg,https://kdramamap.com/location/%eb%88%88%eb%ac%bc%ec%9d%98%ec%97%ac%ec%99%95-%ec%97%b0%ed%92%8d%ec%88%9c%ea%b5%90%ec%84%b1%ec%a7%80-7322/,2026-07-28,13,,,,김희원;장영우,https://image.tmdb.org/t/p/w500/3x8GHyMTMsuXVX8pZ1OhUUHgOBx.jpg
st_04199,눈물의 여왕,Queen of Tears,drama,김수현;김지원,인포 정육점식당,음식점,충북 옥천군 안내면 현리길 86-1,36.393906,127.659741,,,6화 등에서 백현우 누나 백미선이 운영하는 '퀸즈 헤어살롱' 세트로 쓰인 정육점식당 자리,https://image.tmdb.org/t/p/w780/2maNzsLsJKElI9pUGq2k9ZzlyQP.jpg,https://kdramamap.com/location/%eb%88%88%eb%ac%bc%ec%9d%98%ec%97%ac%ec%99%95-%ec%9d%b8%ed%8f%ac-%ec%a0%95%ec%9c%a1%ec%a0%90%ec%8b%9d%eb%8b%b9-7323/,2026-07-28,13,,,,김희원;장영우,https://image.tmdb.org/t/p/w500/3x8GHyMTMsuXVX8pZ1OhUUHgOBx.jpg
st_04200,눈물의 여왕,Queen of Tears,drama,김수현;김지원,왕지3길 신안농원쪽,,충남 천안시 서북구 성환읍 왕지3길 50,36.910877,127.096541,,,홍해인이 헬기를 타고 용두리 마을에 도착해 백현우 부모님과 차량·경운기로 마주치는 장면,https://i.ytimg.com/vi/dCpxbo3I__k/hqdefault.jpg,https://kdramamap.com/location/%eb%88%88%eb%ac%bc%ec%9d%98%ec%97%ac%ec%99%95-%ec%99%95%ec%a7%803%ea%b8%b8-%ec%8b%a0%ec%95%88%eb%86%8d%ec%9b%90%ec%aa%bd-7324/,2026-07-28,13,,,,김희원;장영우,https://image.tmdb.org/t/p/w500/3x8GHyMTMsuXVX8pZ1OhUUHgOBx.jpg
st_04201,눈물의 여왕,Queen of Tears,drama,김수현;김지원,왕지3길 정부지원농산물간이집하장 쪽,,충남 천안시 서북구 성환읍 왕지3길 100,36.913849,127.095814,,,홍해인이 헬기를 타고 용두리 마을에 도착해 백현우 부모님과 차량·경운기로 마주치는 장면,https://i.ytimg.com/vi/dCpxbo3I__k/hqdefault.jpg,https://kdramamap.com/location/%eb%88%88%eb%ac%bc%ec%9d%98%ec%97%ac%ec%99%95-%ec%99%95%ec%a7%803%ea%b8%b8-%ec%a0%95%eb%b6%80%ec%a7%80%ec%9b%90%eb%86%8d%ec%82%b0%eb%ac%bc%ea%b0%84%ec%9d%b4%ec%a7%91%ed%95%98%ec%9e%a5-%ec%aa%bd-7325/,2026-07-28,13,,,,김희원;장영우,https://image.tmdb.org/t/p/w500/3x8GHyMTMsuXVX8pZ1OhUUHgOBx.jpg
st_04202,눈물의 여왕,Queen of Tears,drama,김수현;김지원,이화동길33번길쪽,,충남 아산시 둔포면 신왕리 279,36.915931,127.090237,,https://map.naver.com/p/entry/place/17563066,홍해인이 헬기를 타고 용두리 마을에 도착해 백현우 부모님과 차량·경운기로 마주치는 장면,https://i.ytimg.com/vi/dCpxbo3I__k/hqdefault.jpg,https://kdramamap.com/location/%eb%88%88%eb%ac%bc%ec%9d%98%ec%97%ac%ec%99%95-%ec%9d%b4%ed%99%94%eb%8f%99%ea%b8%b833%eb%b2%88%ea%b8%b8%ec%aa%bd-7326/,2026-07-28,13,,,,김희원;장영우,https://image.tmdb.org/t/p/w500/3x8GHyMTMsuXVX8pZ1OhUUHgOBx.jpg
st_04203,눈물의 여왕,Queen of Tears,drama,김수현;김지원,이화동길33번길쪽(2),,충남 아산시 둔포면 신왕리 130-2,36.911182,127.093110,,https://map.naver.com/p/entry/place/17563066,홍해인이 헬기를 타고 용두리 마을에 도착해 백현우 부모님과 차량·경운기로 마주치는 장면,https://i.ytimg.com/vi/dCpxbo3I__k/hqdefault.jpg,https://kdramamap.com/location/%eb%88%88%eb%ac%bc%ec%9d%98%ec%97%ac%ec%99%95-%ec%9d%b4%ed%99%94%eb%8f%99%ea%b8%b833%eb%b2%88%ea%b8%b8%ec%aa%bd-2-7327/,2026-07-28,13,,,,김희원;장영우,https://image.tmdb.org/t/p/w500/3x8GHyMTMsuXVX8pZ1OhUUHgOBx.jpg
st_04204,눈물의 여왕,Queen of Tears,drama,김수현;김지원,이화동길33번길쪽(3),,충남 아산시 둔포면 신왕리 산 3-1,36.909125,127.091079,,https://map.naver.com/p/entry/place/17563066,홍해인이 헬기를 타고 용두리 마을에 도착해 백현우 부모님과 차량·경운기로 마주치는 장면,https://i.ytimg.com/vi/dCpxbo3I__k/hqdefault.jpg,https://kdramamap.com/location/%eb%88%88%eb%ac%bc%ec%9d%98%ec%97%ac%ec%99%95-%ec%9d%b4%ed%99%94%eb%8f%99%ea%b8%b833%eb%b2%88%ea%b8%b8%ec%aa%bd-3-7328/,2026-07-28,13,,,,김희원;장영우,https://image.tmdb.org/t/p/w500/3x8GHyMTMsuXVX8pZ1OhUUHgOBx.jpg
st_04205,눈물의 여왕,Queen of Tears,drama,김수현;김지원,왕림리,,충남 천안시 서북구 성환읍 왕림리 592,36.909354,127.093468,https://lh3.googleusercontent.com/place-photos/AG9NLjDjNgTk1j317ZIUkds7aGG7fPMH2PJ4yjjV3KwRUsuJ-JxP3654oIeU_ZDGUk5xSBs6A16nwzYf6vA3hSJANBLgDqZ1u0vKJsmQ-B5aZREakKLFF38taDS09f1UVk8f85n7qObfVmVUtnoObg=s4800-w800,,홍해인이 헬기를 타고 용두리 마을에 도착해 백현우 부모님과 차량·경운기로 마주치는 장면,https://i.ytimg.com/vi/dCpxbo3I__k/hqdefault.jpg,https://kdramamap.com/location/%eb%88%88%eb%ac%bc%ec%9d%98%ec%97%ac%ec%99%95-%ec%99%95%eb%a6%bc%eb%a6%ac-7329/,2026-07-28,13,,,,김희원;장영우,https://image.tmdb.org/t/p/w500/3x8GHyMTMsuXVX8pZ1OhUUHgOBx.jpg
st_04206,눈물의 여왕,Queen of Tears,drama,김수현;김지원,장항송림산림욕장,,충남 서천군 장항읍 송림리 산 65,36.015445,126.666501,https://lh3.googleusercontent.com/place-photos/AG9NLjDe-MtDs9FJlQVv0H3NROEyPgOiYVkp9yK1xIy6sC4cmseBMBAkbBn0ddSXRNfh42TmJra21CDPcukvknCXNTd7jnYAl-z9TPCrlrgy2tr14Hcp0KcdoACWkWv4zbn_kGRwn0T7Fibo9DCcHNo=s4800-w800,https://map.naver.com/p/entry/place/17745254,8화에서 큰 개가 해인에게 달려들자 은성이 돌맹이로 물리치는 장면이 촬영된 장항송림산림욕장,https://image.tmdb.org/t/p/w780/gXMbueVIiB7SN5zIdESmdjvbBiD.jpg,https://kdramamap.com/location/%eb%88%88%eb%ac%bc%ec%9d%98%ec%97%ac%ec%99%95-%ec%9e%a5%ed%95%ad%ec%86%a1%eb%a6%bc%ec%82%b0%eb%a6%bc%ec%9a%95%ec%9e%a5-7330/,2026-07-28,13,,,,김희원;장영우,https://image.tmdb.org/t/p/w500/3x8GHyMTMsuXVX8pZ1OhUUHgOBx.jpg
st_04207,눈물의 여왕,Queen of Tears,drama,김수현;김지원,서천유스호스텔,,충남 서천군 장항읍 장항산단로34번길 72-40,36.022092,126.666230,https://lh3.googleusercontent.com/place-photos/AG9NLjBZtJaYQjHdX-5L5OCQR-5PSUyADNvsV3OZvgw4FTQShdWPlsvxm-SRIpdETvpv2_Qjv2VT5Fea3YL8v5gEU2qZ2dqBTazQGygwDW_3snHYuR6VVlaCuUIWwq2qTFfImL34HOgzzDZD6uwGWA=s4800-w800,https://map.naver.com/p/entry/place/35493577,8화에서 희망복지원(보육원) 배경으로 등장한 서천유스호스텔,https://image.tmdb.org/t/p/w780/j287QAAHMr6LkIwrANVSSQODP7f.jpg,https://kdramamap.com/location/%eb%88%88%eb%ac%bc%ec%9d%98%ec%97%ac%ec%99%95-%ec%84%9c%ec%b2%9c%ec%9c%a0%ec%8a%a4%ed%98%b8%ec%8a%a4%ed%85%94-7331/,2026-07-28,13,,,,김희원;장영우,https://image.tmdb.org/t/p/w500/3x8GHyMTMsuXVX8pZ1OhUUHgOBx.jpg
st_04208,눈물의 여왕,Queen of Tears,drama,김수현;김지원,성일복지원,,충남 서천군 장항읍 장항산단로34번길 70,36.022229,126.667273,https://lh3.googleusercontent.com/place-photos/AG9NLjDrCEiJ5qMK9rORe_McXAji3xnWgTzBCF25zfOCoU0yGu3g3lqyoKGyzHLB5mvM3knUWtVbgCVj9D29B75mv65Nrg5TeCg1Hg09Y7_gqNnKIz5JOmBwJXpCWIiy8EwM59oZLlbdGl58flW8pQ=s4800-w800,https://map.naver.com/p/entry/place/13064009,"8화 희망복지원 세트 배경으로 쓰인 하얀 건물, 서천유스호스텔 인근 성일복지원",https://image.tmdb.org/t/p/w780/jPaAUBWbotMXtAYOQov8wlZQ2Vp.jpg,https://kdramamap.com/location/%eb%88%88%eb%ac%bc%ec%9d%98%ec%97%ac%ec%99%95-%ec%84%b1%ec%9d%bc%eb%b3%b5%ec%a7%80%ec%9b%90-7332/,2026-07-28,13,,,,김희원;장영우,https://image.tmdb.org/t/p/w500/3x8GHyMTMsuXVX8pZ1OhUUHgOBx.jpg
st_04209,눈물의 여왕,Queen of Tears,drama,김수현;김지원,익산교도소세트장,세트장,전북 익산시 성당면 함낭로 207,36.069431,126.930601,https://lh3.googleusercontent.com/place-photos/AG9NLjAXT1cohS2v7ONnww3OHwtIujyvyYQpbKB_m2efz-4dB5AKugj-6OntKxf1Koo3fIFWHbXr8F49OVs2lAh5tKEItZRqGZoRF8VgpfrxdSXQHOD_4HdtVxB0k8WZmzHt7zmvqMjdLe73vYlE7CZyKkxSJg=s4800-w800,https://map.naver.com/p/entry/place/37471479,15~16화에서 경찰서·법원·교도소 배경 세트장으로 쓰인 익산교도소 세트장,https://i.ytimg.com/vi/HcVEPaGWvuI/hqdefault.jpg,https://kdramamap.com/location/%eb%88%88%eb%ac%bc%ec%9d%98%ec%97%ac%ec%99%95-%ec%9d%b5%ec%82%b0%ea%b5%90%eb%8f%84%ec%86%8c%ec%84%b8%ed%8a%b8%ec%9e%a5-7333/,2026-07-28,13,,,,김희원;장영우,https://image.tmdb.org/t/p/w500/3x8GHyMTMsuXVX8pZ1OhUUHgOBx.jpg
st_04210,눈물의 여왕,Queen of Tears,drama,김수현;김지원,용연길 다리,다리,경북 문경시 문경읍 용연리 437-1,36.777196,128.169364,,,1화~16화 전반에 걸쳐 백현우의 고향 용두리 마을 배경으로 등장하는 곳,https://image.tmdb.org/t/p/w780/euFZLQEqvZVz74Okt8iuKNI4RpU.jpg,https://kdramamap.com/location/%eb%88%88%eb%ac%bc%ec%9d%98%ec%97%ac%ec%99%95-%ec%9a%a9%ec%97%b0%ea%b8%b8-%eb%8b%a4%eb%a6%ac-7334/,2026-07-28,13,,,,김희원;장영우,https://image.tmdb.org/t/p/w500/3x8GHyMTMsuXVX8pZ1OhUUHgOBx.jpg
st_04211,눈물의 여왕,Queen of Tears,drama,김수현;김지원,용연길 다리지나서,,경북 문경시 문경읍 용연리 702,36.777244,128.168099,,,1화~16화 전반에 걸쳐 백현우의 고향 용두리 마을 배경으로 등장하는 곳,https://image.tmdb.org/t/p/w780/m9Bz1WbaLlYpAr9YLYt1ff6Fx8q.jpg,https://kdramamap.com/location/%eb%88%88%eb%ac%bc%ec%9d%98%ec%97%ac%ec%99%95-%ec%9a%a9%ec%97%b0%ea%b8%b8-%eb%8b%a4%eb%a6%ac%ec%a7%80%eb%82%98%ec%84%9c-7335/,2026-07-28,13,,,,김희원;장영우,https://image.tmdb.org/t/p/w500/3x8GHyMTMsuXVX8pZ1OhUUHgOBx.jpg
st_04212,눈물의 여왕,Queen of Tears,drama,김수현;김지원,용연리(1),,경북 문경시 문경읍 용연길 80,36.776670,128.171891,,,1화~16화 전반에 걸쳐 백현우의 고향 용두리 마을 배경으로 등장하는 곳,https://image.tmdb.org/t/p/w780/64qcpBgwHSyc1ZgKnqWgVvsRI2l.jpg,https://kdramamap.com/location/%eb%88%88%eb%ac%bc%ec%9d%98%ec%97%ac%ec%99%95-%ec%9a%a9%ec%97%b0%eb%a6%ac-1-7336/,2026-07-28,13,,,,김희원;장영우,https://image.tmdb.org/t/p/w500/3x8GHyMTMsuXVX8pZ1OhUUHgOBx.jpg
st_04213,눈물의 여왕,Queen of Tears,drama,김수현;김지원,용연리삼거리,거리,경북 문경시 문경읍 용연리 252-2,36.776147,128.172518,,,1화~16화 전반에 걸쳐 백현우의 고향 용두리 마을 배경으로 등장하는 곳,https://image.tmdb.org/t/p/w780/ztmMJCBcZnaG0lZpPshmsRKbxzC.jpg,https://kdramamap.com/location/%eb%88%88%eb%ac%bc%ec%9d%98%ec%97%ac%ec%99%95-%ec%9a%a9%ec%97%b0%eb%a6%ac%ec%82%bc%ea%b1%b0%eb%a6%ac-7337/,2026-07-28,13,,,,김희원;장영우,https://image.tmdb.org/t/p/w500/3x8GHyMTMsuXVX8pZ1OhUUHgOBx.jpg
st_04214,눈물의 여왕,Queen of Tears,drama,김수현;김지원,용연리(2),,경북 문경시 문경읍 용연길 91,36.777024,128.173095,,,1화~16화 전반에 걸쳐 백현우의 고향 용두리 마을 배경으로 등장하는 곳,https://image.tmdb.org/t/p/w780/euFZLQEqvZVz74Okt8iuKNI4RpU.jpg,https://kdramamap.com/location/%eb%88%88%eb%ac%bc%ec%9d%98%ec%97%ac%ec%99%95-%ec%9a%a9%ec%97%b0%eb%a6%ac-2-7338/,2026-07-28,13,,,,김희원;장영우,https://image.tmdb.org/t/p/w500/3x8GHyMTMsuXVX8pZ1OhUUHgOBx.jpg
st_04215,눈물의 여왕,Queen of Tears,drama,김수현;김지원,용연리(2-2),,경북 문경시 문경읍 용연길 101,36.777005,128.174206,,,1화~16화 전반에 걸쳐 백현우의 고향 용두리 마을 배경으로 등장하는 곳,https://image.tmdb.org/t/p/w780/m9Bz1WbaLlYpAr9YLYt1ff6Fx8q.jpg,https://kdramamap.com/location/%eb%88%88%eb%ac%bc%ec%9d%98%ec%97%ac%ec%99%95-%ec%9a%a9%ec%97%b0%eb%a6%ac-2-2-7339/,2026-07-28,13,,,,김희원;장영우,https://image.tmdb.org/t/p/w500/3x8GHyMTMsuXVX8pZ1OhUUHgOBx.jpg
st_04216,눈물의 여왕,Queen of Tears,drama,김수현;김지원,용연리(3),,경북 문경시 문경읍 용연안길 16-2,36.776596,128.173790,,,1화~16화 전반에 걸쳐 백현우의 고향 용두리 마을 배경으로 등장하는 곳,https://image.tmdb.org/t/p/w780/64qcpBgwHSyc1ZgKnqWgVvsRI2l.jpg,https://kdramamap.com/location/%eb%88%88%eb%ac%bc%ec%9d%98%ec%97%ac%ec%99%95-%ec%9a%a9%ec%97%b0%eb%a6%ac-3-7340/,2026-07-28,13,,,,김희원;장영우,https://image.tmdb.org/t/p/w500/3x8GHyMTMsuXVX8pZ1OhUUHgOBx.jpg
st_04217,눈물의 여왕,Queen of Tears,drama,김수현;김지원,용연리(4),,경북 문경시 문경읍 용연리 280,36.776377,128.174191,,,1화~16화 전반에 걸쳐 백현우의 고향 용두리 마을 배경으로 등장하는 곳,https://image.tmdb.org/t/p/w780/ztmMJCBcZnaG0lZpPshmsRKbxzC.jpg,https://kdramamap.com/location/%eb%88%88%eb%ac%bc%ec%9d%98%ec%97%ac%ec%99%95-%ec%9a%a9%ec%97%b0%eb%a6%ac-4-7341/,2026-07-28,13,,,,김희원;장영우,https://image.tmdb.org/t/p/w500/3x8GHyMTMsuXVX8pZ1OhUUHgOBx.jpg
st_04218,눈물의 여왕,Queen of Tears,drama,김수현;김지원,용연리(5),,경북 문경시 문경읍 용연안길 22,36.776309,128.174579,,,1화~16화 전반에 걸쳐 백현우의 고향 용두리 마을 배경으로 등장하는 곳,https://image.tmdb.org/t/p/w780/euFZLQEqvZVz74Okt8iuKNI4RpU.jpg,https://kdramamap.com/location/%eb%88%88%eb%ac%bc%ec%9d%98%ec%97%ac%ec%99%95-%ec%9a%a9%ec%97%b0%eb%a6%ac-5-7342/,2026-07-28,13,,,,김희원;장영우,https://image.tmdb.org/t/p/w500/3x8GHyMTMsuXVX8pZ1OhUUHgOBx.jpg
st_04219,눈물의 여왕,Queen of Tears,drama,김수현;김지원,용연리(6),,경북 문경시 문경읍 용연길 107,36.776955,128.175033,,,1화~16화 전반에 걸쳐 백현우의 고향 용두리 마을 배경으로 등장하는 곳,https://image.tmdb.org/t/p/w780/m9Bz1WbaLlYpAr9YLYt1ff6Fx8q.jpg,https://kdramamap.com/location/%eb%88%88%eb%ac%bc%ec%9d%98%ec%97%ac%ec%99%95-%ec%9a%a9%ec%97%b0%eb%a6%ac-6-7343/,2026-07-28,13,,,,김희원;장영우,https://image.tmdb.org/t/p/w500/3x8GHyMTMsuXVX8pZ1OhUUHgOBx.jpg
st_04220,눈물의 여왕,Queen of Tears,drama,김수현;김지원,용연리(7),,경북 문경시 문경읍 용연길 111,36.777090,128.175793,,,1화~16화 전반에 걸쳐 백현우의 고향 용두리 마을 배경으로 등장하는 곳,https://image.tmdb.org/t/p/w780/64qcpBgwHSyc1ZgKnqWgVvsRI2l.jpg,https://kdramamap.com/location/%eb%88%88%eb%ac%bc%ec%9d%98%ec%97%ac%ec%99%95-%ec%9a%a9%ec%97%b0%eb%a6%ac-7-7344/,2026-07-28,13,,,,김희원;장영우,https://image.tmdb.org/t/p/w500/3x8GHyMTMsuXVX8pZ1OhUUHgOBx.jpg
st_04221,눈물의 여왕,Queen of Tears,drama,김수현;김지원,용연리(8),,경북 문경시 문경읍 용연길 145,36.776319,128.178998,,,1화~16화 전반에 걸쳐 백현우의 고향 용두리 마을 배경으로 등장하는 곳,https://image.tmdb.org/t/p/w780/ztmMJCBcZnaG0lZpPshmsRKbxzC.jpg,https://kdramamap.com/location/%eb%88%88%eb%ac%bc%ec%9d%98%ec%97%ac%ec%99%95-%ec%9a%a9%ec%97%b0%eb%a6%ac-8-7345/,2026-07-28,13,,,,김희원;장영우,https://image.tmdb.org/t/p/w500/3x8GHyMTMsuXVX8pZ1OhUUHgOBx.jpg
st_04227,눈물의 여왕,Queen of Tears,drama,김수현;김지원,문경활공랜드,테마파크,경북 문경시 문경읍 활공장길 80,36.736299,128.153851,https://lh3.googleusercontent.com/place-photos/AG9NLjAl1ZP2ikNUbgjO4N2YETBlZ6Kg4gFbXm5VXYaJ8ACgf4FIL1M-NWHp8yU4Hj4L0LB1VNRUS4_6Nu4q9KAENiv_X83gtE55kUAYyqgBJPD-YmYP-CGV969oaOnPgNqX3xQNUMP125c8V5-7kA=s4800-w800,https://map.naver.com/p/entry/place/11537074,11~12화에서 현우가 해인에게 반지를 건네는 장소로 등장한 문경활공랜드,https://i.ytimg.com/vi/SENC8_l-Toc/hqdefault.jpg,https://kdramamap.com/location/%eb%88%88%eb%ac%bc%ec%9d%98%ec%97%ac%ec%99%95-%eb%ac%b8%ea%b2%bd%ed%99%9c%ea%b3%b5%eb%9e%9c%eb%93%9c-7351/,2026-07-28,13,,,,김희원;장영우,https://image.tmdb.org/t/p/w500/3x8GHyMTMsuXVX8pZ1OhUUHgOBx.jpg
st_04228,눈물의 여왕,Queen of Tears,drama,김수현;김지원,문경맛집순대,,경북 문경시 문경읍 주흘1길 15,36.735610,128.105937,https://lh3.googleusercontent.com/place-photos/AG9NLjAnt4bQrzgiuz9Vf2v-XKR3On40M2KtbnHSVgmvFN2DlppA4rt4FyKXPZnSlCjeanWzrgLe0aiLDR-hBaEv_AySolny-S19E6_KBOReHV_HcHqdWPckRzrOrHGjJg8vtfxIBwv6fZElBFWJlA=s4800-w800,https://map.naver.com/p/entry/place/1616275672,4화에서 이장 후보 박석훈이 운영하는 용두리 돼지국밥집으로 등장한 문경맛집순대,https://image.tmdb.org/t/p/w780/xA1Hb56TOfqBCJIZq3fIwApmtuo.jpg,https://kdramamap.com/location/%eb%88%88%eb%ac%bc%ec%9d%98%ec%97%ac%ec%99%95-%eb%ac%b8%ea%b2%bd%eb%a7%9b%ec%a7%91%ec%88%9c%eb%8c%80-7352/,2026-07-28,13,,,,김희원;장영우,https://image.tmdb.org/t/p/w500/3x8GHyMTMsuXVX8pZ1OhUUHgOBx.jpg
st_04229,눈물의 여왕,Queen of Tears,drama,김수현;김지원,문희로,,경북 문경시 문경읍 문희로 24,36.734423,128.108664,,https://map.naver.com/p/entry/place/15392919,5~6화 등에서 부동산 가격이 급등한 용두리 마을 배경으로 언급된 문경시 문희로,https://i.ytimg.com/vi/6a23Ai8DmHo/hqdefault.jpg,https://kdramamap.com/location/%eb%88%88%eb%ac%bc%ec%9d%98%ec%97%ac%ec%99%95-%eb%ac%b8%ed%9d%ac%eb%a1%9c-7353/,2026-07-28,13,,,,김희원;장영우,https://image.tmdb.org/t/p/w500/3x8GHyMTMsuXVX8pZ1OhUUHgOBx.jpg
st_04230,눈물의 여왕,Queen of Tears,drama,김수현;김지원,유월의가드니아,,경북 문경시 문경읍 온천5길 1,36.731414,128.109548,https://lh3.googleusercontent.com/place-photos/AG9NLjDmGn8xI15OxIok0i8qu27Y_9i3i--QKbvHlFaAeSNczIFkY1YB0-GSmwdD9FQ9qjiWG-70ZAfIRuI8ogmlj06rmxmWvQqwKxIbMSDLdj3ww9RMGBSrttaTkptz0LLd8aApr6N_qmWB-jaX=s4800-w800,https://map.naver.com/p/entry/place/1215577002,눈물의 여왕에서 카페 장면이 촬영된 것으로 알려진 문경 유월의가드니아,https://image.tmdb.org/t/p/w780/57pt8dzhYKhNN9MFYizT1ZyYVEG.jpg,https://kdramamap.com/location/%eb%88%88%eb%ac%bc%ec%9d%98%ec%97%ac%ec%99%95-%ec%9c%a0%ec%9b%94%ec%9d%98%ea%b0%80%eb%93%9c%eb%8b%88%ec%95%84-7354/,2026-07-28,13,,,,김희원;장영우,https://image.tmdb.org/t/p/w500/3x8GHyMTMsuXVX8pZ1OhUUHgOBx.jpg
st_04231,눈물의 여왕,Queen of Tears,drama,김수현;김지원,봉득교,,경북 문경시 마성면 신현리 244-23,36.669446,128.123698,,https://map.naver.com/p/entry/place/15402117,10화 현우의 격투신이 촬영된 문경 마성면 신현리 다리(봉득교),https://i.ytimg.com/vi/nPSJxi7EWQA/hqdefault.jpg,https://kdramamap.com/location/%eb%88%88%eb%ac%bc%ec%9d%98%ec%97%ac%ec%99%95-%eb%b4%89%eb%93%9d%ea%b5%90-7355/,2026-07-28,13,,,,김희원;장영우,https://image.tmdb.org/t/p/w500/3x8GHyMTMsuXVX8pZ1OhUUHgOBx.jpg
st_04232,눈물의 여왕,Queen of Tears,drama,김수현;김지원,문경에코월드,테마파크,경북 문경시 가은읍 왕능길 114,36.655268,128.059185,https://lh3.googleusercontent.com/place-photos/AG9NLjChXQWj48rXpett2RUwD3R8FN42hrmBtGhzuoWHDu5_JJKKpsR25WEd5PbHM_gWm-2zstQJNV_PzSPt_zyxWcxTwdTKMRLSU_qFRYxIo3cmEPlUgDvUZZ2caGObiHmqM-pj4lC8Rk5GrWuwRA=s4800-w800,https://map.naver.com/p/entry/place/11783969,"12화, 14화에서 용두리 식구들과 퀸즈 가족이 함께 시간을 보내는 장면",https://image.tmdb.org/t/p/w780/obPuHyC9Eg8TmyjX8lpdpeo4ZRo.jpg,https://kdramamap.com/location/%eb%88%88%eb%ac%bc%ec%9d%98%ec%97%ac%ec%99%95-%eb%ac%b8%ea%b2%bd%ec%97%90%ec%bd%94%ec%9b%94%eb%93%9c-7356/;https://traveltodrama.com/queen-of-tears-mungyeong-filming-locations-map/,2026-07-28,13,,,,김희원;장영우,https://image.tmdb.org/t/p/w500/3x8GHyMTMsuXVX8pZ1OhUUHgOBx.jpg
st_04233,눈물의 여왕,Queen of Tears,drama,김수현;김지원,잉카마야박물관캠핑장,박물관/미술관,경북 문경시 가은읍 전곡길 13-10,36.611853,128.025019,https://lh3.googleusercontent.com/place-photos/AG9NLjC76VKpeak61An0ImyfiVz5YM8E3Vzz4RmVbzVCJtc_bcylRzACmIwf_1h5BX2i4sfFSBhWrPLqmZlHyj9bwwC-hBl9nVHgYgvInii_a3QPXvUThORYwM0_aMbw_5O9E9azyrvwJVp5UhKA6Ns=s4800-w800,https://map.naver.com/p/entry/place/36873816,이국적인 분위기 속에서 여행하는 듯한 장면을 촬영한 곳,https://image.tmdb.org/t/p/w780/eJKhhnOEixQXSeRulqBJbue6oHU.jpg,https://kdramamap.com/location/%eb%88%88%eb%ac%bc%ec%9d%98%ec%97%ac%ec%99%95-%ec%9e%89%ec%b9%b4%eb%a7%88%ec%95%bc%eb%b0%95%eb%ac%bc%ea%b4%80%ec%ba%a0%ed%95%91%ec%9e%a5-7357/,2026-07-28,13,,,,김희원;장영우,https://image.tmdb.org/t/p/w500/3x8GHyMTMsuXVX8pZ1OhUUHgOBx.jpg
st_04234,눈물의 여왕,Queen of Tears,drama,김수현;김지원,구랑리철로자전거,,경북 문경시 마성면 구랑로 20,36.661025,128.099308,https://lh3.googleusercontent.com/place-photos/AG9NLjDrYHC0RLithDUydDpBJb-nmnI5MNl_fDRtqDxTs2yEJ37CzpOZfBAs4WogM7I8xjZC8lDnBv5QIvdWDwwkllw4lyHRlQx0l2fAHr4WjCdiC-n3zRzfW9RyMbvyLd_NWXRTnDjDdQ4cn5nXaFM=s4800-w800,https://map.naver.com/p/entry/place/33244399,13화에서 백현우와 홍해인이 함께 자전거를 타며 서로에게 진심을 고백하는 장면,https://i.ytimg.com/vi/zGLcsp6RVAE/hqdefault.jpg,https://kdramamap.com/location/%eb%88%88%eb%ac%bc%ec%9d%98%ec%97%ac%ec%99%95-%ea%b5%ac%eb%9e%91%eb%a6%ac%ec%b2%a0%eb%a1%9c%ec%9e%90%ec%a0%84%ea%b1%b0-7358/,2026-07-28,13,,,,김희원;장영우,https://image.tmdb.org/t/p/w500/3x8GHyMTMsuXVX8pZ1OhUUHgOBx.jpg
st_04235,눈물의 여왕,Queen of Tears,drama,김수현;김지원,장군복싱클럽,,경북 문경시 중앙10길 9,36.598650,128.203010,https://upload.wikimedia.org/wikipedia/commons/thumb/a/ae/Korail_Gyeongbuk_Line_Jeomchon_Station.jpg/960px-Korail_Gyeongbuk_Line_Jeomchon_Station.jpg,https://map.naver.com/p/entry/place/1091182801,3화에서 퀸즈 복싱 체육관 배경으로 등장한 문경 장군복싱클럽,https://image.tmdb.org/t/p/w780/vOWfNb7KvFzPcwj57CQZGcJKaRn.jpg,https://kdramamap.com/location/%eb%88%88%eb%ac%bc%ec%9d%98%ec%97%ac%ec%99%95-%ec%9e%a5%ea%b5%b0%eb%b3%b5%ec%8b%b1%ed%81%b4%eb%9f%bd-7359/,2026-07-28,13,,,,김희원;장영우,https://image.tmdb.org/t/p/w500/3x8GHyMTMsuXVX8pZ1OhUUHgOBx.jpg
st_04236,눈물의 여왕,Queen of Tears,drama,김수현;김지원,엘포리캠핑장,,경북 포항시 북구 기계면 학야길215번길 49,36.049141,129.198911,https://lh3.googleusercontent.com/place-photos/AG9NLjDKXIkrdfGRdtgKuq4qEmwd_HxN6foNAxnUpo3ancHskKpsOs1Zw5LN1_prNqX1ptSExWdQmrEedAgctErJfUhNb8eQgMGKSxsx7pk6xk4Z5mjh-vAn-0owYmWcrGIpnwHaE-TVBMOooxpDN5w=s4800-w800,https://map.naver.com/p/entry/place/35887230,5~6화 등에서 현우 친구들의 캠핑장으로 등장한 포항 엘포리캠핑장,https://image.tmdb.org/t/p/w780/7qoZ9zX63L9VFTprpEqT9tJa9sY.jpg,https://kdramamap.com/location/%eb%88%88%eb%ac%bc%ec%9d%98%ec%97%ac%ec%99%95-%ec%97%98%ed%8f%ac%eb%a6%ac%ec%ba%a0%ed%95%91%ec%9e%a5-7360/,2026-07-28,13,,,,김희원;장영우,https://image.tmdb.org/t/p/w500/3x8GHyMTMsuXVX8pZ1OhUUHgOBx.jpg
st_04237,눈물의 여왕,Queen of Tears,drama,김수현;김지원,사유원,,대구 군위군 부계면 치산효령로 1150,36.095558,128.686011,https://lh3.googleusercontent.com/place-photos/AG9NLjBiC19ilAvKjt5fAMjLZJn_O3bxbWNyoIRZrEBTmiwRMFyepR4JPi5GH3Lw-8sO4i-ID8P1L82vZqAoN53LduGqdiRXCUw4oX7AdoPwPm29ARP_Dc_B5hczqjpPtp563cqTOIImi-i0Mz2low=s4800-w800,https://map.naver.com/p/entry/place/1491443249,8~9화에서 감정선이 깊어지는 대화를 나누는 장면을 촬영한 곳,https://image.tmdb.org/t/p/w780/j7iIYMOqGPW2mASACceaGlANM7u.jpg,https://kdramamap.com/location/%eb%88%88%eb%ac%bc%ec%9d%98%ec%97%ac%ec%99%95-%ec%82%ac%ec%9c%a0%ec%9b%90-7361/,2026-07-28,13,,,,김희원;장영우,https://image.tmdb.org/t/p/w500/3x8GHyMTMsuXVX8pZ1OhUUHgOBx.jpg
st_04238,눈물의 여왕,Queen of Tears,drama,김수현;김지원,더현대대구,,대구 중구 달구벌대로 2077,35.866630,128.590626,https://lh3.googleusercontent.com/place-photos/AG9NLjCaL3dE8N7MutHaMPpgaA6SKvCS5k-jrRls22mXnepMFRJKMCj91M9QMlGe9MxtnmS_7Wg11Ez6vgXZcAQ1yaTK7AlZB4vhVlRTOuwKWRwEjoZbD2612zFGltM3yWkPLKYOHZlVH28MINkciA=s4800-w800,https://map.naver.com/p/entry/place/1859082879,2화에서 홍해인이 파티에서 재벌 친구와 갈등을 겪던 중 백현우가 깜짝 등장하는 장면,tvN DRAMA,https://kdramamap.com/location/%eb%88%88%eb%ac%bc%ec%9d%98%ec%97%ac%ec%99%95-%eb%8d%94%ed%98%84%eb%8c%80%eb%8c%80%ea%b5%ac-7362/,2026-07-28,13,,,,김희원;장영우,https://image.tmdb.org/t/p/w500/3x8GHyMTMsuXVX8pZ1OhUUHgOBx.jpg
st_04239,눈물의 여왕,Queen of Tears,drama,김수현;김지원,Fonte de Neptuno,,"Rathausstraße 1, 10178 Berlin, 독일",52.519595,13.406843,https://lh3.googleusercontent.com/place-photos/AG9NLjDUwx6nVYUKJ1AqjEyPcpf5z9YQXHp0CoBN5-n6-HOqR009_VDi5TFTeZIqfxyUazNzM65i2mgK1AyQ3FsVVNY-adjMPrCJinaBO0K91i6Q8oUB1atOucorD9JxdRCGxNfaD1ZPSDvcvKNqgDvhQ6V1xA=s4800-w800,,분수를 배경으로 두 사람이 키스를 나누는 장면을 촬영한 곳,https://i.ytimg.com/vi/03Kx1N95QEY/hqdefault.jpg,https://kdramamap.com/location/%eb%88%88%eb%ac%bc%ec%9d%98%ec%97%ac%ec%99%95-fonte-de-neptuno-7363/,2026-07-28,13,,,,김희원;장영우,https://image.tmdb.org/t/p/w500/3x8GHyMTMsuXVX8pZ1OhUUHgOBx.jpg
st_04240,눈물의 여왕,Queen of Tears,drama,김수현;김지원,Botanischer Duftgarten,,"Am Duftgarten 1, 32791 Lage, 독일",51.976018,8.826486,https://lh3.googleusercontent.com/place-photos/AG9NLjBJVr6GToY05kLhrXB4xG6y1CV6iYYtC6tiNBimoMXN3z4PkWFpCM6pTU4wJFWfA6CEfzNfjUbdq_QbUx7FWNXB1Onb8PsDn0E05fd8DFBelgTnjhoJjCfiiMmJxybk6QuvnWCjVDEC9COOlQ=s4800-w800,,고요하고 낭만적인 분위기의 장면을 촬영한 식물원,https://image.tmdb.org/t/p/w780/2FYJQ8jWqqLd2UxnaiAqpSZKUTp.jpg,https://kdramamap.com/location/%eb%88%88%eb%ac%bc%ec%9d%98%ec%97%ac%ec%99%95-botanischer-duftgarten-7364/,2026-07-28,13,,,,김희원;장영우,https://image.tmdb.org/t/p/w500/3x8GHyMTMsuXVX8pZ1OhUUHgOBx.jpg
st_04241,눈물의 여왕,Queen of Tears,drama,김수현;김지원,Schloss Sanssouci(상수시궁전),,"Maulbeerallee, 14469 Potsdam, 독일",52.404347,13.039297,https://lh3.googleusercontent.com/place-photos/AG9NLjBlDT6rgSRI-k9A1H_wSnsBeSzxdKApvLO3QVBXc7Rj_5Z2_D1C5LMFo32KZZDICNWrGhOpk0ShPAUWJ3cj6JpAizm13LJ-g8PyuDl_M5OISh0a5_efR6vIKhD3_5NoZX5Zi2oGrnEDPq0hdudKvnCbjw=s4800-w800,,"3화, 6화 등에서 현우와 해인이 행복하게 거닐고, 훗날 현우가 홀로 찾아와 해인을 그리워하는 장면",https://image.tmdb.org/t/p/w780/5koZLly7ZdR5r0OWMhHUGfNhofR.jpg,https://kdramamap.com/location/%eb%88%88%eb%ac%bc%ec%9d%98%ec%97%ac%ec%99%95-schloss-sanssouci-%ec%83%81%ec%88%98%ec%8b%9c%ea%b6%81%ec%a0%84-7365/,2026-07-28,13,,,,김희원;장영우,https://image.tmdb.org/t/p/w500/3x8GHyMTMsuXVX8pZ1OhUUHgOBx.jpg
st_04242,눈물의 여왕,Queen of Tears,drama,김수현;김지원,Charité Campus Benjamin Franklin,,"Hindenburgdamm 30, 12203 Berlin, 독일",52.441908,13.320544,https://lh3.googleusercontent.com/place-photos/AG9NLjCDYQrFX8QcP5s-1jPyC6-CEXwfBoDruiP5QQRrv9BdZqMwTSNMhwmzsaJaL9wnprkoX_HvuOcP1dw34mq_0pp9c9gtTjL_bQy2RijQIT5VR86aDO8qFcg1uFbS-8-2-WlUE3Eo64AIFjn_jg=s4800-w800,,홍해인이 병을 치료하기 위해 방문한 독일 베를린의 병원 장면,https://image.tmdb.org/t/p/w780/34b8qQm6VjFIOp7UlK1Q2wRi3dn.jpg,https://kdramamap.com/location/%eb%88%88%eb%ac%bc%ec%9d%98%ec%97%ac%ec%99%95-charite-campus-benjamin-franklin-7366/,2026-07-28,13,,,,김희원;장영우,https://image.tmdb.org/t/p/w500/3x8GHyMTMsuXVX8pZ1OhUUHgOBx.jpg
st_04243,눈물의 여왕,Queen of Tears,drama,김수현;김지원,Berliner Dom(베를린 돔),,"Am Lustgarten, 10178 Berlin, 독일",52.519082,13.401094,https://lh3.googleusercontent.com/place-photos/AG9NLjC19u1DZo-djBRTzL19jW3wmkOZXj7c-E7Rsqy9MCVRwuy0RHWIhSW4AykHfZJFtqHRxjCQ3mY2iniHrXNuXEkXfKk0rLH_vR_zuzy3gV0LeiI4taz_mg7pLpJyFTwgKfFDigductMFb9ozXg=s4800-w800,,6화에서 홍해인이 병을 낫게 해달라고 간절히 기도를 올리는 장면,https://image.tmdb.org/t/p/w780/hT4trwGbGe0I8TLUmGftVhAwVm6.jpg,https://kdramamap.com/location/%eb%88%88%eb%ac%bc%ec%9d%98%ec%97%ac%ec%99%95-berliner-dom-%eb%b2%a0%eb%a5%bc%eb%a6%b0-%eb%8f%94-7367/,2026-07-28,13,,,,김희원;장영우,https://image.tmdb.org/t/p/w500/3x8GHyMTMsuXVX8pZ1OhUUHgOBx.jpg
st_04246,눈물의 여왕,Queen of Tears,drama,김수현;김지원,Eiserner Steg(아이젤너 다리),,"Eiserner Steg, 60311 Frankfurt am Main, 독일",50.108084,8.682128,https://lh3.googleusercontent.com/place-photos/AG9NLjCloUhqXFsN3iP5dk0ReQZWuNS9cLm32dJJEXNquWC0pJLyyZ3FNY5DR9_9dC8SWw1Q-5xvKsBKsnCdrVdEw_VupBdZWyPJnh47rHo1ss3yF0BkFM8On9Q-fVH-I-k7g-yqa4Zw40CQSinUeoc=s4800-w800,,6화에서 신혼여행 때 걸어두었던 사랑의 자물쇠를 찾기 위해 다시 방문하는 장면,https://i.ytimg.com/vi/bPExA91Jp6Y/hqdefault.jpg,https://kdramamap.com/location/%eb%88%88%eb%ac%bc%ec%9d%98%ec%97%ac%ec%99%95-eiserner-steg-%ec%95%84%ec%9d%b4%ec%a0%a4%eb%84%88-%eb%8b%a4%eb%a6%ac-7370/,2026-07-28,13,,,,김희원;장영우,https://image.tmdb.org/t/p/w500/3x8GHyMTMsuXVX8pZ1OhUUHgOBx.jpg
st_04247,눈물의 여왕,Queen of Tears,drama,김수현;김지원,아이젤너 다리 앞,,"Mainkai 36, 60311 Frankfurt am Main, 독일",50.109285,8.681527,https://lh3.googleusercontent.com/place-photos/AG9NLjCloUhqXFsN3iP5dk0ReQZWuNS9cLm32dJJEXNquWC0pJLyyZ3FNY5DR9_9dC8SWw1Q-5xvKsBKsnCdrVdEw_VupBdZWyPJnh47rHo1ss3yF0BkFM8On9Q-fVH-I-k7g-yqa4Zw40CQSinUeoc=s4800-w800,,6화에서 신혼여행 때 걸어두었던 사랑의 자물쇠를 찾기 위해 다시 방문하는 장면,https://i.ytimg.com/vi/bPExA91Jp6Y/hqdefault.jpg,https://kdramamap.com/location/%eb%88%88%eb%ac%bc%ec%9d%98%ec%97%ac%ec%99%95-%ec%95%84%ec%9d%b4%ec%a0%a4%eb%84%88-%eb%8b%a4%eb%a6%ac-%ec%95%9e-7371/,2026-07-28,13,,,,김희원;장영우,https://image.tmdb.org/t/p/w500/3x8GHyMTMsuXVX8pZ1OhUUHgOBx.jpg
st_04249,눈물의 여왕,Queen of Tears,drama,김수현;김지원,Meral Imbiss,,"Schaumainkai 35, 60594 Frankfurt am Main, 독일",50.105566,8.678797,https://lh3.googleusercontent.com/place-photos/AG9NLjAAgJ5NYCBovaxDwrxX77KSaD7ix7DrMJCn2Zo2XsFRk31ZupFPOJQFq3pLoEVnu-piSYBQ8y8Zmn-RB8ct-0sp1uJgmHMIqpXdgYmw47j9UQzCu5CDKKfIFiM_Ki-cUIFPvfQfnog2pQA2vQx_O6un0Q=s4800-w800,,6화 등에서 해인이 줄 서서 산 케밥을 결국 맛보지 못하는 장면이 촬영된 프랑크푸르트 Meral Imbiss,https://image.tmdb.org/t/p/w780/8lU9cLa9l6neuOL50wo8u7mO9ue.jpg,https://kdramamap.com/location/%eb%88%88%eb%ac%bc%ec%9d%98%ec%97%ac%ec%99%95-meral-imbiss-7373/,2026-07-28,13,,,,김희원;장영우,https://image.tmdb.org/t/p/w500/3x8GHyMTMsuXVX8pZ1OhUUHgOBx.jpg
st_04250,눈물의 여왕,Queen of Tears,drama,김수현;김지원,Nikolassee,,14129 베를린 독일,52.432055,13.193160,https://lh3.googleusercontent.com/place-photos/AG9NLjD5D2zdYUmYGZRuttse_cDYRmw56VE03-F78opa3n-f1A6RHTUK61IPoH5pgTR_Lz4goHm2JE8x7CFcFgsW9L9FcPBwg6ttieZjwUxTTiWTsG9Yh9skKNHVRUYwHifzRWihGTshWVnOzSILMQ=s4800-w800,,외국인에게 플러팅 당하는 백현우를 보고 유부남이니 가라며 쏘아붙이는 홍해인이 등장한 니콜라쎄 역,https://i.ytimg.com/vi/Sbl66sodhhE/hqdefault.jpg,https://kdramamap.com/location/%eb%88%88%eb%ac%bc%ec%9d%98%ec%97%ac%ec%99%95-nikolassee-7374/,2026-07-28,13,,,,김희원;장영우,https://image.tmdb.org/t/p/w500/3x8GHyMTMsuXVX8pZ1OhUUHgOBx.jpg
st_04251,눈물의 여왕,Queen of Tears,drama,김수현;김지원,Nervenzentrum Potsdam,,"Otto-Braun-Platz 1, 14467 Potsdam, 독일",52.394379,13.061848,https://lh3.googleusercontent.com/place-photos/AG9NLjBqcJsHW92sDClQMjWYFYFa5My24K_kEHGpP2yRpf8PtEY4mhMoE5_s-Qt-OeojHUBE4iDEx9Y1AqFVglYlFThk5RgXpQyRt8nqIvwfJ3sAIBWSyMNsWi_qzlF4Sc7lFoDCZ-ijJsK0M3G0-NQ=s4800-w800,,현우가 해인을 살뜰히 챙기며 입을 닦아주는 강변 레스토랑으로 등장한 포츠담 L'Osteria,https://image.tmdb.org/t/p/w780/8Dc24s2heFSqcpIsqDFlnjYICP.jpg,https://kdramamap.com/location/%eb%88%88%eb%ac%bc%ec%9d%98%ec%97%ac%ec%99%95-nervenzentrum-potsdam-7375/,2026-07-28,13,,,,김희원;장영우,https://image.tmdb.org/t/p/w500/3x8GHyMTMsuXVX8pZ1OhUUHgOBx.jpg
st_04258,눈물의 여왕,Queen of Tears,drama,김수현;김지원,Wochenmarkt Winterfeldtplatz,,"Winterfeldtplatz, Berlin, 독일",52.496529,13.354365,https://lh3.googleusercontent.com/place-photos/AG9NLjD43Yfl_RHxexlIYxQ32c1qWXVOOkbIgK2SpdyVLuuCqur07zCjwmeOmeC3izaQLWDcFsDzoLaue9xDSn5u4Ton_o2zKs2Q8-R7ceKnI7IFVC2CFY5np9HETW9bbH9Bwdd6jCHW1njP0ZGr_qEuaZyBAA=s4800-w800,,6화에서 백현우가 홍해인을 위해 네잎클로버를 모두 사는 장면이 촬영된 베를린 주간시장,tvN DRAMA,https://kdramamap.com/location/%eb%88%88%eb%ac%bc%ec%9d%98%ec%97%ac%ec%99%95-wochenmarkt-winterfeldtplatz-7382/,2026-07-28,13,,,,김희원;장영우,https://image.tmdb.org/t/p/w500/3x8GHyMTMsuXVX8pZ1OhUUHgOBx.jpg
st_04260,눈물의 여왕,Queen of Tears,drama,김수현;김지원,Rooftop terrace at Hotel de Rome,,"Behrenstraße 37, 10117 Berlin, 독일",52.515791,13.394067,https://lh3.googleusercontent.com/place-photos/AG9NLjA3KCBE2VK1ys5sXzqckhEVBT9x9GYUM7fIrEg7UqoEqoZZG3a2iNwHR5vQOr1awzPmiuKGYHvTPYDt7ySlhWnJvUOGJrgc37qPXR_BDEQwssbT9kbRsGKcWTzP06RG_aivynHx7nd5tLBu8Q=s4800-w800,,현우와 해인이 독일에서 머물렀던 숙소의 루프탑 장면을 촬영한 곳,https://image.tmdb.org/t/p/w780/dpGNpFRL1gogYBEhUnJrlo8JJgY.jpg,https://kdramamap.com/location/%eb%88%88%eb%ac%bc%ec%9d%98%ec%97%ac%ec%99%95-rooftop-terrace-at-hotel-de-rome-7384/,2026-07-28,13,,,,김희원;장영우,https://image.tmdb.org/t/p/w500/3x8GHyMTMsuXVX8pZ1OhUUHgOBx.jpg
st_04261,눈물의 여왕,Queen of Tears,drama,김수현;김지원,Oberbaumbrücke,,"10243 베를린-Friedrichshain-Kreuzberg, 독일",52.501729,13.445731,https://lh3.googleusercontent.com/place-photos/AG9NLjAB7Y-Kc5Ckc6cpswZTEnPGOnoPkaz-9o1O6T7TjqVzbtj_4juDKKybyjpIMaU0rALNhpUFmJi72tEc2-ahoNh7DzOnkuRRtXP0qrhBufp5jQTB2EEMiUw8ZrX3A31jOx1zVOPDie9IzOGBlQ=s4800-w800,,밤에 조명이 밝혀진 철제 다리를 산책하는 낭만적인 장면을 촬영한 곳,https://image.tmdb.org/t/p/w780/wucUokLTANCDOMBpFwxy6otdKC1.jpg,https://kdramamap.com/location/%eb%88%88%eb%ac%bc%ec%9d%98%ec%97%ac%ec%99%95-oberbaumbrucke-7385/,2026-07-28,13,,,,김희원;장영우,https://image.tmdb.org/t/p/w500/3x8GHyMTMsuXVX8pZ1OhUUHgOBx.jpg
st_04263,눈물의 여왕,Queen of Tears,drama,김수현;김지원,James-Simon-Park,,"Burgstraße 28, 10178 Berlin, 독일",52.521726,13.400825,https://lh3.googleusercontent.com/place-photos/AG9NLjAF6SggTSjsifN7WA5BlREXzkAEBtqzMMRqb335FIeyZcNdhwD8puAPI4W8zBuT-TxXR5d-XpFb_xJxLIO0S6NCO4tVc2JtR8o9h8YeRtg3dXtOTBEIqgxd-bHndn7Pjw-ucMFT8ip7GYSKsw=s4800-w800,,해인과 현우의 신혼여행 장면에 잠깐 등장한 것으로 알려진 James-Simon-Park,https://image.tmdb.org/t/p/w780/kJ7AerL7xRyxcfj7pZhJfEh4uFh.jpg,https://kdramamap.com/location/%eb%88%88%eb%ac%bc%ec%9d%98%ec%97%ac%ec%99%95-james-simon-park-7387/,2026-07-28,13,,,,김희원;장영우,https://image.tmdb.org/t/p/w500/3x8GHyMTMsuXVX8pZ1OhUUHgOBx.jpg
st_04264,눈물의 여왕,Queen of Tears,drama,김수현;김지원,샤리테병원,병원,"Charitépl. 1, 10117 Berlin, 독일",52.525852,13.377758,https://lh3.googleusercontent.com/place-photos/AG9NLjB4KDJIPheeamiVRY1qmjw7I8vKjhZyP8jAEFKOuiVSgLDVaC-3vQMjbwWs7ouGtKqW7J7DS_q0MLK3FqWKmTSFf21-BWvGRpGzTJJwqkDkjsQZh1hXc4in75BhDMC5mJoyFl4Ih0f-LIMQAIA=s4800-w800,,15~16화에서 해인이 수술받는 독일 병원으로 등장한 샤리테병원,tvN DRAMA,https://kdramamap.com/location/%eb%88%88%eb%ac%bc%ec%9d%98%ec%97%ac%ec%99%95-%ec%83%a4%eb%a6%ac%ed%85%8c%eb%b3%91%ec%9b%90-7388/,2026-07-28,13,,,,김희원;장영우,https://image.tmdb.org/t/p/w500/3x8GHyMTMsuXVX8pZ1OhUUHgOBx.jpg
st_04266,눈물의 여왕,Queen of Tears,drama,김수현;김지원,Dircksenstraße 136-132,,"Dircksenstraße 136, 10178 Berlin, 독일",52.517041,13.416324,https://upload.wikimedia.org/wikipedia/commons/thumb/0/07/Prussian_military_academy%2C_Berlin_1903.jpg/960px-Prussian_military_academy%2C_Berlin_1903.jpg,,15~16화에서 자동차 사고와 자전거 사탕수레 장면이 촬영된 디르크센 슈트라세 사거리,https://i.ytimg.com/vi/MFbdzVLlqX8/hqdefault.jpg,https://kdramamap.com/location/%eb%88%88%eb%ac%bc%ec%9d%98%ec%97%ac%ec%99%95-dircksenstrase-136-132-7390/,2026-07-28,13,,,,김희원;장영우,https://image.tmdb.org/t/p/w500/3x8GHyMTMsuXVX8pZ1OhUUHgOBx.jpg
st_05198,도깨비,Guardian: The Lonely and Great God,drama,공유;김고은;이동욱;유인나,인천아트플랫폼,명소,인천 제물포구 제물량로218번길 3,37.472789,126.620609,https://lh3.googleusercontent.com/place-photos/AG9NLjAiQe1-xcmWF1xksEYGBcOWMjJh2UTh_TM8mYSLED8kfWzHQe8u3GvlmGJhK0CfO6isTTW047bBi-AQXHfYZN2RWaypUYBpIdmBCMYtkmhC-fXpp6haZ_1dj8t_tTwfjjqV_TWzwYJDIYb8jg=s4800-w800,https://map.naver.com/p/entry/place/13315483,14회에서 김신(공유)은 지은탁(김고은)은 한미서점에서 만난 후 이곳을 산책한다.,https://i.ytimg.com/vi/n3FtrIvDe0A/hqdefault.jpg,https://kdramamap.com/location/%eb%8f%84%ea%b9%a8%eb%b9%84-%ec%9d%b8%ec%b2%9c%ec%95%84%ed%8a%b8%ed%94%8c%eb%9e%ab%ed%8f%bc-539/,2026-07-28,8,,,,윤종호;권혁찬;이응복,https://image.tmdb.org/t/p/w500/qZMEiTsNlCQV27hHQE27ZtlPWyv.jpg
st_05199,도깨비,Guardian: The Lonely and Great God,drama,공유;김고은;이동욱;유인나,카페 화요일,카페,인천 제물포구 신포로23번길 80,37.473191,126.621360,https://upload.wikimedia.org/wikipedia/commons/thumb/2/20/Former_Jemulpo_Club_191124003.jpg/960px-Former_Jemulpo_Club_191124003.jpg,,이동욱이 공유에게 사과를 한 장소,https://i.ytimg.com/vi/fWMXsac8iLQ/hqdefault.jpg,https://kdramamap.com/location/%eb%8f%84%ea%b9%a8%eb%b9%84-%ec%b9%b4%ed%8e%98-%ed%99%94%ec%9a%94%ec%9d%bc-540/,2026-07-28,8,,,,윤종호;권혁찬;이응복,https://image.tmdb.org/t/p/w500/qZMEiTsNlCQV27hHQE27ZtlPWyv.jpg
st_05200,도깨비,Guardian: The Lonely and Great God,drama,공유;김고은;이동욱;유인나,순보석,,인천 제물포구 신포로 27,37.471420,126.624939,https://upload.wikimedia.org/wikipedia/commons/thumb/7/7a/Sinpo-market.jpg/960px-Sinpo-market.jpg,https://map.naver.com/p/entry/place/16341070,4화 배경에 짧게 등장하는 인천 신포동의 보석상 촬영지다.,https://image.tmdb.org/t/p/w780/ljcF5zpTfYCOfxQZdwVkjsBZBGO.jpg,https://kdramamap.com/location/%eb%8f%84%ea%b9%a8%eb%b9%84-%ec%88%9c%eb%b3%b4%ec%84%9d-541/,2026-07-28,8,,,,윤종호;권혁찬;이응복,https://image.tmdb.org/t/p/w500/qZMEiTsNlCQV27hHQE27ZtlPWyv.jpg
st_05201,도깨비,Guardian: The Lonely and Great God,drama,공유;김고은;이동욱;유인나,제물포구락부,항구/방파제,인천 제물포구 신포동 자유공원남로 25,37.474581,126.622669,https://lh3.googleusercontent.com/place-photos/AG9NLjAV9ThwGzW1YGNa2AGNJDvrdEjyI4ggkmEavi1UHeXujMvvBU08sw0yRaYe7kdnOMnkFeQMr4SnRpd25jwXoJUT9pkaGepXijFDfe_oNbjng10QW0WRNQJeGC5gh-pSBWC0d_Jy44C-3WhwufE=s4800-w800,https://map.naver.com/p/entry/place/37657966,이동욱이 공유에게 사과를 한 장소,https://i.ytimg.com/vi/fWMXsac8iLQ/hqdefault.jpg,https://kdramamap.com/location/%eb%8f%84%ea%b9%a8%eb%b9%84-%ec%a0%9c%eb%ac%bc%ed%8f%ac%ea%b5%ac%eb%9d%bd%eb%b6%80-542/,2026-07-28,8,,,,윤종호;권혁찬;이응복,https://image.tmdb.org/t/p/w500/qZMEiTsNlCQV27hHQE27ZtlPWyv.jpg
st_05202,도깨비,Guardian: The Lonely and Great God,drama,공유;김고은;이동욱;유인나,인천 자유공원,공원,인천 제물포구 자유공원남로 51,37.475097,126.624385,https://lh3.googleusercontent.com/place-photos/AG9NLjDuZ1iAoOF0xOFz-22cx0crF62gnbNGQiSkKEn0enwjg6VW4emZTrUrUJFiZMrI-XwU7Pt6YaAIznfCDlvEHebsJwki9wNvww69ixjKsmvO-dPQlXHQ0-B9Lhr0BFhoy-Vhx6M6qFbutMyaSms=s4800-w800,https://map.naver.com/p/entry/place/1724343541,8화에서 김신(공유)과 지은탁(김고은)이 산책하러 왔다.,https://i.ytimg.com/vi/Of4MK4CuGmY/hqdefault.jpg,https://kdramamap.com/location/%eb%8f%84%ea%b9%a8%eb%b9%84-%ec%9d%b8%ec%b2%9c-%ec%9e%90%ec%9c%a0%ea%b3%b5%ec%9b%90-543/,2026-07-28,8,,,,윤종호;권혁찬;이응복,https://image.tmdb.org/t/p/w500/qZMEiTsNlCQV27hHQE27ZtlPWyv.jpg
st_05203,도깨비,Guardian: The Lonely and Great God,drama,공유;김고은;이동욱;유인나,인천 중구 전동,,인천 제물포구 전동로6번길 2-7,37.476265,126.626805,https://lh3.googleusercontent.com/place-photos/AG9NLjA9Q25clP8X-fTCEt3o9PvGDlHPRRfGtI67TZWxJvTcIcrJ21pVYe5yR-rjVbn7Gu9TXPVzQD7Do5Bey4NawAuwJyh0rSAVIyJdX7KJps8Vb7p_8D21mKiyk9l0c4Zd5-7DjUclK1_YpVoubw=s4800-w800,,8화에서 도깨비(공유)가 어느 집 대문을 두드리는 골목 장면 촬영지다.,https://image.tmdb.org/t/p/w780/q2XKggCsNOffMnCEfNjIHQL1YGl.jpg,https://kdramamap.com/location/%eb%8f%84%ea%b9%a8%eb%b9%84-%ec%9d%b8%ec%b2%9c-%ec%a4%91%ea%b5%ac-%ec%a0%84%eb%8f%99-544/,2026-07-28,8,,,,윤종호;권혁찬;이응복,https://image.tmdb.org/t/p/w500/qZMEiTsNlCQV27hHQE27ZtlPWyv.jpg
st_05204,도깨비,Guardian: The Lonely and Great God,drama,공유;김고은;이동욱;유인나,송현근린공원,공원,인천 제물포구 솔빛로54번길 1,37.476661,126.639488,https://lh3.googleusercontent.com/place-photos/AG9NLjA4XqB6zPFXU7YhTIelA4tgEOcPe5sY9YjEX_3fp8sxXgVyhOl1mO9VScGGhdHO7s44z4g1lfdGy7Lg6MdNWacMMs_mg3PtAF9mZhBEzwDttX-GMoyMUZskQJZ90LSg9ZueWx0wZ7-gXv3juIw=s4800-w800,https://map.naver.com/p/entry/place/38329186,김고은 집 앞 골목 촬영지,https://image.tmdb.org/t/p/w780/smSbK5cd8T9XHcxEUcems23BDEF.jpg,https://kdramamap.com/location/%eb%8f%84%ea%b9%a8%eb%b9%84-%ec%86%a1%ed%98%84%ea%b7%bc%eb%a6%b0%ea%b3%b5%ec%9b%90-545/,2026-07-28,8,,,,윤종호;권혁찬;이응복,https://image.tmdb.org/t/p/w500/qZMEiTsNlCQV27hHQE27ZtlPWyv.jpg
st_05205,도깨비,Guardian: The Lonely and Great God,drama,공유;김고은;이동욱;유인나,송현근린공원 앞,,인천 제물포구 송림동 182-159,37.4785662,126.6398566,https://lh3.googleusercontent.com/place-photos/AG9NLjA4XqB6zPFXU7YhTIelA4tgEOcPe5sY9YjEX_3fp8sxXgVyhOl1mO9VScGGhdHO7s44z4g1lfdGy7Lg6MdNWacMMs_mg3PtAF9mZhBEzwDttX-GMoyMUZskQJZ90LSg9ZueWx0wZ7-gXv3juIw=s4800-w800,https://map.naver.com/p/entry/place/19588978,2화 배경으로 등장한 인천 송현근린공원 앞 거리다.,https://image.tmdb.org/t/p/w780/l4moCRkvHV2OEfntLlhLzCtaMZy.jpg,https://kdramamap.com/location/%eb%8f%84%ea%b9%a8%eb%b9%84-%ec%86%a1%ed%98%84%ea%b7%bc%eb%a6%b0%ea%b3%b5%ec%9b%90-%ec%95%9e-546/,2026-07-28,8,,,,윤종호;권혁찬;이응복,https://image.tmdb.org/t/p/w500/qZMEiTsNlCQV27hHQE27ZtlPWyv.jpg
st_05206,도깨비,Guardian: The Lonely and Great God,drama,공유;김고은;이동욱;유인나,한미서점,서점,인천 제물포구 금곡로 7-1,37.472682,126.636558,https://lh3.googleusercontent.com/place-photos/AG9NLjCehHgFVl515R4OlfxmKKQr7ilcubav8PNUjrgi_RqbaA5uHe1tjRXK17BTP7EzJCh3IZcqo01TMbDzHZ2wcNH68-AxD0tYGvMA1PwlhB-0cd2N3-xfQJnNXgqs-oJ8REbGZxZwiS0f85KHPQ=s4800-w800,https://map.naver.com/p/entry/place/94964607,"14회에서 김신(공유)과 지은탁(김고은)이 한미 서점에서 만난 후, 김신은 돌아왔지만 은탁은 기억을 잃었다.",https://i.ytimg.com/vi/n3FtrIvDe0A/hqdefault.jpg,https://kdramamap.com/location/%eb%8f%84%ea%b9%a8%eb%b9%84-%ed%95%9c%eb%af%b8%ec%84%9c%ec%a0%90-547/,2026-07-28,8,,,,윤종호;권혁찬;이응복,https://image.tmdb.org/t/p/w500/qZMEiTsNlCQV27hHQE27ZtlPWyv.jpg
st_05207,도깨비,Guardian: The Lonely and Great God,drama,공유;김고은;이동욱;유인나,배다리 헌책방 거리,서점,인천 제물포구 금곡로 5-1,37.472691,126.636362,https://lh3.googleusercontent.com/place-photos/AG9NLjAn8rfYzAHB7zRl9e5RciVGd6vNCW2LxU_hfvI_SGn_gKOvGHsMB_BPSTEDg6bokFUYG8HZg_Q355e1pLFtSDxFDTcYUTP1K8R2OnGR9jKtGRCfXHiij-eKYHiOx0cChDB0pZiuN_swRWvnag=s4800-w800,https://map.naver.com/p/entry/place/21301859,"14회에서 김신(공유)과 지은탁(김고은)이 한미 서점에서 만난 후, 김신은 돌아왔지만 은탁은 기억을 잃었다.",https://i.ytimg.com/vi/n3FtrIvDe0A/hqdefault.jpg,https://kdramamap.com/location/%eb%8f%84%ea%b9%a8%eb%b9%84-%eb%b0%b0%eb%8b%a4%eb%a6%ac-%ed%97%8c%ec%b1%85%eb%b0%a9-%ea%b1%b0%eb%a6%ac-548/,2026-07-28,8,,,,윤종호;권혁찬;이응복,https://image.tmdb.org/t/p/w500/qZMEiTsNlCQV27hHQE27ZtlPWyv.jpg
st_05208,도깨비,Guardian: The Lonely and Great God,drama,공유;김고은;이동욱;유인나,서흥초등학교 버스정류장,,인천 제물포구 인중로 672,37.480230,126.646336,https://upload.wikimedia.org/wikipedia/commons/thumb/c/cd/%EC%84%B1%EA%B3%B5%ED%9A%8C_%EB%82%B4%EB%8F%99%EA%B5%90%ED%9A%8C_%EC%9E%85%EA%B5%AC.jpg/960px-%EC%84%B1%EA%B3%B5%ED%9A%8C_%EB%82%B4%EB%8F%99%EA%B5%90%ED%9A%8C_%EC%9E%85%EA%B5%AC.jpg,,16화에서 버스정류장에 서 있는 왕여(이동욱) 앞을 지은탁이 지나가는 장면 촬영지.,https://image.tmdb.org/t/p/w780/w9H4A8X4u5hcRw9kLjyLMGUR4Ll.jpg,https://kdramamap.com/location/%eb%8f%84%ea%b9%a8%eb%b9%84-%ec%84%9c%ed%9d%a5%ec%b4%88%eb%93%b1%ed%95%99%ea%b5%90-%eb%b2%84%ec%8a%a4%ec%a0%95%eb%a5%98%ec%9e%a5-549/,2026-07-28,8,,,,윤종호;권혁찬;이응복,https://image.tmdb.org/t/p/w500/qZMEiTsNlCQV27hHQE27ZtlPWyv.jpg
st_05209,도깨비,Guardian: The Lonely and Great God,drama,공유;김고은;이동욱;유인나,송림휴먼시아,,인천 제물포구 인중로716번길 8-10,37.4801363,126.6511864,https://upload.wikimedia.org/wikipedia/commons/thumb/f/f7/%EC%9D%B8%EC%B2%9C%EC%9E%AC%EB%8A%A5%EA%B3%A0_%EB%92%A4.jpg/960px-%EC%9D%B8%EC%B2%9C%EC%9E%AC%EB%8A%A5%EA%B3%A0_%EB%92%A4.jpg,https://map.naver.com/p/entry/place/1760885618,14화에서 지은탁(김고은)이 길을 걷다 첫눈을 바라보는 장면의 배경이다.,https://i.ytimg.com/vi/n3FtrIvDe0A/hqdefault.jpg,https://kdramamap.com/location/%eb%8f%84%ea%b9%a8%eb%b9%84-%ec%86%a1%eb%a6%bc%ed%9c%b4%eb%a8%bc%ec%8b%9c%ec%95%84-550/,2026-07-28,8,,,,윤종호;권혁찬;이응복,https://image.tmdb.org/t/p/w500/qZMEiTsNlCQV27hHQE27ZtlPWyv.jpg
st_05210,도깨비,Guardian: The Lonely and Great God,drama,공유;김고은;이동욱;유인나,금벨세탁,,인천 제물포구 인중로716번길 1,37.478592,126.650770,https://upload.wikimedia.org/wikipedia/commons/thumb/f/f7/%EC%9D%B8%EC%B2%9C%EC%9E%AC%EB%8A%A5%EA%B3%A0_%EB%92%A4.jpg/960px-%EC%9D%B8%EC%B2%9C%EC%9E%AC%EB%8A%A5%EA%B3%A0_%EB%92%A4.jpg,,"16화, 지은탁(김고은)이 아이들을 구하려 스스로 죽음을 택하는 골목 장면 배경.",https://i.ytimg.com/vi/eR-vSGqqj64/hqdefault.jpg,https://kdramamap.com/location/%eb%8f%84%ea%b9%a8%eb%b9%84-%ea%b8%88%eb%b2%a8%ec%84%b8%ed%83%81-551/,2026-07-28,8,,,,윤종호;권혁찬;이응복,https://image.tmdb.org/t/p/w500/qZMEiTsNlCQV27hHQE27ZtlPWyv.jpg
st_05211,도깨비,Guardian: The Lonely and Great God,drama,공유;김고은;이동욱;유인나,파랑새 피아노학원,,인천 제물포구 인중로716번길 6,37.478638,126.650812,https://upload.wikimedia.org/wikipedia/commons/thumb/f/f7/%EC%9D%B8%EC%B2%9C%EC%9E%AC%EB%8A%A5%EA%B3%A0_%EB%92%A4.jpg/960px-%EC%9D%B8%EC%B2%9C%EC%9E%AC%EB%8A%A5%EA%B3%A0_%EB%92%A4.jpg,,16화에서 저승사자(이동욱)가 옥상에서 지은탁의 마지막을 지켜보는 장면 촬영지.,https://image.tmdb.org/t/p/w780/1JUt64IXvbbZwxVL8wNsw2LzDgi.jpg,https://kdramamap.com/location/%eb%8f%84%ea%b9%a8%eb%b9%84-%ed%8c%8c%eb%9e%91%ec%83%88-%ed%94%bc%ec%95%84%eb%85%b8%ed%95%99%ec%9b%90-552/,2026-07-28,8,,,,윤종호;권혁찬;이응복,https://image.tmdb.org/t/p/w500/qZMEiTsNlCQV27hHQE27ZtlPWyv.jpg
st_05212,도깨비,Guardian: The Lonely and Great God,drama,공유;김고은;이동욱;유인나,인천의료원,병원,인천 제물포구 방축로 217,37.478797,126.668656,https://lh3.googleusercontent.com/place-photos/AG9NLjBmkvzXjoc-esOnIhVvXJyWXMEoUs7eID-ISUv35NnAFTd98sD_SZwJlagqRpkIPEcUbgJ4pt5OQIJ1ZsH8ED3MoGLcw3EKTe1QfQsgH6Lpmludz7Y-H_8czpmbFpZl4hi78Mt___ZvKSMOoA=s4800-w800,https://map.naver.com/p/entry/place/1419942206,6화에서 삼신할매(이엘)가 병실에 누운 아이를 치료하는 장면 촬영지다.,https://image.tmdb.org/t/p/w780/fSjpGNaGm4jVFwFwNxb2ixVrjmF.jpg,https://kdramamap.com/location/%eb%8f%84%ea%b9%a8%eb%b9%84-%ec%9d%b8%ec%b2%9c%ec%9d%98%eb%a3%8c%ec%9b%90-553/,2026-07-28,8,,,,윤종호;권혁찬;이응복,https://image.tmdb.org/t/p/w500/qZMEiTsNlCQV27hHQE27ZtlPWyv.jpg
st_05213,도깨비,Guardian: The Lonely and Great God,drama,공유;김고은;이동욱;유인나,인천의료원 앞 횡단보도,병원,인천 제물포구 방축로 217,37.478797,126.668656,https://lh3.googleusercontent.com/place-photos/AG9NLjBmkvzXjoc-esOnIhVvXJyWXMEoUs7eID-ISUv35NnAFTd98sD_SZwJlagqRpkIPEcUbgJ4pt5OQIJ1ZsH8ED3MoGLcw3EKTe1QfQsgH6Lpmludz7Y-H_8czpmbFpZl4hi78Mt___ZvKSMOoA=s4800-w800,https://map.naver.com/p/entry/place/12176412,6화에서 저승사자가 횡단보도에서 망자를 기다리다 삼신할매와 스치는 장면.,https://image.tmdb.org/t/p/w780/ciB8vcmrOxlYsDPZpR8sJvaGCXC.jpg,https://kdramamap.com/location/%eb%8f%84%ea%b9%a8%eb%b9%84-%ec%9d%b8%ec%b2%9c%ec%9d%98%eb%a3%8c%ec%9b%90-%ec%95%9e-%ed%9a%a1%eb%8b%a8%eb%b3%b4%eb%8f%84-554/,2026-07-28,8,,,,윤종호;권혁찬;이응복,https://image.tmdb.org/t/p/w500/qZMEiTsNlCQV27hHQE27ZtlPWyv.jpg
st_05214,도깨비,Guardian: The Lonely and Great God,drama,공유;김고은;이동욱;유인나,투모로우시티 앞,,인천 연수구 컨벤시아대로 204,37.388540,126.639957,https://lh3.googleusercontent.com/place-photos/AG9NLjCfwm22DtfoJaejyv8a-JzTfzBfqxYTUuebPgKyprOPySgVbB_KRXq8WRPbWf0_uH-e7wV_nZgX0_JfyxfQXKQuYMQqj2FLq7rEOkpupH9SUzg5kK7OLtxuReHhOSsT30SmwejTRLJ4XDZ7qQ=s4800-w800,https://map.naver.com/p/entry/place/16634389,14화에서 지은탁이 다니는 회사 앞에 벚꽃이 흩날리는 장면 촬영지다.,https://image.tmdb.org/t/p/w780/1FOyHIVTLRBin2z8c64CXoR1qHQ.jpg,https://kdramamap.com/location/%eb%8f%84%ea%b9%a8%eb%b9%84-%ed%88%ac%eb%aa%a8%eb%a1%9c%ec%9a%b0%ec%8b%9c%ed%8b%b0-%ec%95%9e-555/,2026-07-28,8,,,,윤종호;권혁찬;이응복,https://image.tmdb.org/t/p/w500/qZMEiTsNlCQV27hHQE27ZtlPWyv.jpg
st_05215,도깨비,Guardian: The Lonely and Great God,drama,공유;김고은;이동욱;유인나,인천대입구역,역/교통,인천 연수구 인천타워대로 155,37.386046,126.639389,https://lh3.googleusercontent.com/place-photos/AG9NLjAVpz826gyaEPTCcbeXEuc1i5sh7PHpspyoVpJoJVGfDkqzjK4d0q0w-N9wLUl1VHznmdDPfF4agX9X8U1htaM5f5G0U6X6XSEr79gOt0KdxTGWCAnN05_8-Hpu4dNHi6fG43DouMfdLT4_8A=s4800-w800,https://map.naver.com/p/entry/place/1163221869,1화 배경으로 도깨비와 저승사자가 등장하는 지하철역이다.,https://image.tmdb.org/t/p/w780/7e7Zk6Kp9ctCTUBgONpD1dCVkba.jpg,https://kdramamap.com/location/%eb%8f%84%ea%b9%a8%eb%b9%84-%ec%9d%b8%ec%b2%9c%eb%8c%80%ec%9e%85%ea%b5%ac%ec%97%ad-556/,2026-07-28,8,,,,윤종호;권혁찬;이응복,https://image.tmdb.org/t/p/w500/qZMEiTsNlCQV27hHQE27ZtlPWyv.jpg
st_05216,도깨비,Guardian: The Lonely and Great God,drama,공유;김고은;이동욱;유인나,스마트밸리 지식산업센터,,인천 연수구 송도미래로 30,37.366641,126.647280,https://lh3.googleusercontent.com/place-photos/AG9NLjA7Om6qbrZPeXDUBMMmRJmU_SQG5FLhmxJiA1CTZMQkQd6KQ3xiN3_zQUcwtx2SmWBeMKOicIRgU-u0eeO3qftcpaKnme8StJtb2xFt4JxNZlqZ_mgPEcFSr4ZyUmCoe9QYIvqofdViWHJ9I_c=s4800-w800,https://map.naver.com/p/entry/place/16634518,8화에서 도깨비(공유)가 소매치기 사고를 막는 장면의 배경 건물이다.,https://i.ytimg.com/vi/r9lHR3T-T28/hqdefault.jpg,https://kdramamap.com/location/%eb%8f%84%ea%b9%a8%eb%b9%84-%ec%8a%a4%eb%a7%88%ed%8a%b8%eb%b0%b8%eb%a6%ac-%ec%a7%80%ec%8b%9d%ec%82%b0%ec%97%85%ec%84%bc%ed%84%b0-557/,2026-07-28,8,,,,윤종호;권혁찬;이응복,https://image.tmdb.org/t/p/w500/qZMEiTsNlCQV27hHQE27ZtlPWyv.jpg
st_05217,도깨비,Guardian: The Lonely and Great God,drama,공유;김고은;이동욱;유인나,미추홀타워,,인천 연수구 송도동 갯벌로 12,37.382542,126.655842,https://lh3.googleusercontent.com/place-photos/AG9NLjAjZIoAnxkE9ukpxzKLjJcfmux1GAsPg8VThKGVsfctd_VkesoNI3Ch9pFxLFVSSBuzynkYOFDYDYqFqaSPkdf5adN7Kj-F5WgFz3OEHh7ROyI1Sqmh7sa75JsIEysdsH-qs_vAhgedjGTKcw=s4800-w800,https://map.naver.com/p/entry/place/16633739,8화에서 저승사자들이 버스정류장에 대기하는 장면의 배경 건물이다.,https://image.tmdb.org/t/p/w780/zas2NxHThJ2DH6epa9WxALgosUz.jpg,https://kdramamap.com/location/%eb%8f%84%ea%b9%a8%eb%b9%84-%eb%af%b8%ec%b6%94%ed%99%80%ed%83%80%ec%9b%8c-558/,2026-07-28,8,,,,윤종호;권혁찬;이응복,https://image.tmdb.org/t/p/w500/qZMEiTsNlCQV27hHQE27ZtlPWyv.jpg
st_05218,도깨비,Guardian: The Lonely and Great God,drama,공유;김고은;이동욱;유인나,테크노어린이공원,공원,인천 연수구 송도동 7-32,37.385445,126.651047,https://lh3.googleusercontent.com/place-photos/AG9NLjDnJ4dQKIITSWOvtmXW8q506kZgNHrLS8aJd3ZWCk06zVvit50r4rqR_rmdZx9W5dsufWILrO6kFBcFsByObVQbfs-rfi-EF_oHN2xZGjOqKynEG2BfGKghnKImrAk926Lzjc-GQfL9gPSv2O0=s4800-w800,https://map.naver.com/p/entry/place/848365509,1화에서 저승사자(이동욱)가 등장하는 배경으로 나온 어린이공원이다.,https://image.tmdb.org/t/p/w780/jwNbR9M0oii83RjB3kTlbHFzHRV.jpg,https://kdramamap.com/location/%eb%8f%84%ea%b9%a8%eb%b9%84-%ed%85%8c%ed%81%ac%eb%85%b8%ec%96%b4%eb%a6%b0%ec%9d%b4%ea%b3%b5%ec%9b%90-559/,2026-07-28,8,,,,윤종호;권혁찬;이응복,https://image.tmdb.org/t/p/w500/qZMEiTsNlCQV27hHQE27ZtlPWyv.jpg
st_05219,도깨비,Guardian: The Lonely and Great God,drama,공유;김고은;이동욱;유인나,아이즈빌아울렛 앞 청수사거리,쇼핑,인천 부평구 청천동 386-2,37.521332,126.704220,https://lh3.googleusercontent.com/place-photos/AG9NLjCAOxgR1UZWLY18FraUFanzQoHUhukr6gKQ92PhosFP11t_Jxuwl1moWZhF-LdnjsVX4kha8WewoGAIgXdXlRi-Q21PxKObEscSIXP01FuzqIcqC2_ZKqWcMZJSVKCKRATWj-ZChhu0Tcq1AQ=s4800-w800,https://map.naver.com/p/entry/place/12114983,"7회에서 지은탁(김고은)과 김신(공유)는 이 곳에서 영화 부산행을 본다. 신은 좀비를 보고 화들짝 놀라고, 은탁은 매우 당황한다. 블로그에 따르면 이 장면은 영화관 9번 홀에서 촬영되었으며 두 캐릭터는 G행 6, 7번 좌석에 앉았다.",https://i.ytimg.com/vi/2WjESuWEf6s/hqdefault.jpg,https://kdramamap.com/location/%eb%8f%84%ea%b9%a8%eb%b9%84-%ec%95%84%ec%9d%b4%ec%a6%88%eb%b9%8c%ec%95%84%ec%9a%b8%eb%a0%9b-%ec%95%9e-%ec%b2%ad%ec%88%98%ec%82%ac%ea%b1%b0%eb%a6%ac-560/,2026-07-28,8,,,,윤종호;권혁찬;이응복,https://image.tmdb.org/t/p/w500/qZMEiTsNlCQV27hHQE27ZtlPWyv.jpg
st_05220,도깨비,Guardian: The Lonely and Great God,drama,공유;김고은;이동욱;유인나,홈누리마트 부개점,,인천 부평구 수변로57번길 9,37.4914328,126.7397043,https://lh3.googleusercontent.com/place-photos/AG9NLjBKpX8WrajL48DkwQgY5xPX-7_xQdPOl3N4d0Dn0AbOyDXLZb-pqhcBnFBOZDXciQpwLfGadetlOtEegoN-Faf0titnAqA0DU0aaZMDkMb2-2um3r1R-owji9IicHuxXed75HqhiZRNBvbnpUA=s4800-w800,https://map.naver.com/p/entry/place/1948536664,3화에서 도깨비와 저승사자가 등장하는 배경으로 나온 마트다.,https://image.tmdb.org/t/p/w780/cHOYfbS8yoCKI74tWy9LT1YI0V6.jpg,https://kdramamap.com/location/%eb%8f%84%ea%b9%a8%eb%b9%84-%ed%99%88%eb%88%84%eb%a6%ac%eb%a7%88%ed%8a%b8-%eb%b6%80%ea%b0%9c%ec%a0%90-561/,2026-07-28,8,,,,윤종호;권혁찬;이응복,https://image.tmdb.org/t/p/w500/qZMEiTsNlCQV27hHQE27ZtlPWyv.jpg
st_05221,도깨비,Guardian: The Lonely and Great God,drama,공유;김고은;이동욱;유인나,미광세탁소,,서울 강남구 선릉로115길 27,37.511665,127.040779,https://upload.wikimedia.org/wikipedia/commons/thumb/1/1f/T1_building_inner_2.jpg/960px-T1_building_inner_2.jpg,https://map.naver.com/p/entry/place/37253433,10화에서 저승사자(이동욱)가 맡겨둔 모자를 찾으러 오는 세탁소로 등장.,https://image.tmdb.org/t/p/w780/zFHIzJpwJhdTCCk2cEW0qilBkiz.jpg,https://kdramamap.com/location/%eb%8f%84%ea%b9%a8%eb%b9%84-%eb%af%b8%ea%b4%91%ec%84%b8%ed%83%81%ec%86%8c-562/,2026-07-28,8,,,,윤종호;권혁찬;이응복,https://image.tmdb.org/t/p/w500/qZMEiTsNlCQV27hHQE27ZtlPWyv.jpg
st_05222,도깨비,Guardian: The Lonely and Great God,drama,공유;김고은;이동욱;유인나,BBQ,,서울 강남구 일원로9길 8,37.489388,127.082185,https://lh3.googleusercontent.com/place-photos/AG9NLjBGkuLZSJTbQ0WBWrALgEfAazOgSTLPqzbut4NzZu8VBDnLvw64IPTADER5qhl2UMP-9A5mYDJ1kryTUIuDUQgyy_QvgCv9mrmqxzkS2v9ywdOfYonzXt2QIychWKQPtjt4-mvVshdUstgkHVIibfpf-Q=s4800-w800,https://map.naver.com/p/entry/place/11798820,2화에 등장하는 도깨비 세계관 속 치킨집 촬영지다.,https://i.ytimg.com/vi/YJLYIuJP3_0/hqdefault.jpg,https://kdramamap.com/location/%eb%8f%84%ea%b9%a8%eb%b9%84-bbq-563/,2026-07-28,8,,,,윤종호;권혁찬;이응복,https://image.tmdb.org/t/p/w500/qZMEiTsNlCQV27hHQE27ZtlPWyv.jpg
st_05223,도깨비,Guardian: The Lonely and Great God,drama,공유;김고은;이동욱;유인나,달콤커피,카페,서울 강남구 테헤란로 611,37.5795798,126.9242864,https://lh3.googleusercontent.com/place-photos/AG9NLjD8NoE8Z4qoxrfqiV5LFUwMzHO4wnBICedcGs9RTkfL0TJC0iTFpPaPHPxZyXhMR5vJdnWGmmtzviQg347_E5agQsrr6OWNtFTgRkESxJFrO01gnGBjDDlI5fRCY5r8TetxwvDomI7_S7MLLHc=s4800-w800,https://map.naver.com/p/entry/place/30834014,5화에서 써니가 이름을 묻자 저승사자가 자리를 뜨는 카페 장면 촬영지.,https://image.tmdb.org/t/p/w780/65rYZvRj7C6cfNSkEdIIssOSJLn.jpg,https://kdramamap.com/location/%eb%8f%84%ea%b9%a8%eb%b9%84-%eb%8b%ac%ec%bd%a4%ec%bb%a4%ed%94%bc-564/,2026-07-28,8,,,,윤종호;권혁찬;이응복,https://image.tmdb.org/t/p/w500/qZMEiTsNlCQV27hHQE27ZtlPWyv.jpg
st_05224,도깨비,Guardian: The Lonely and Great God,drama,공유;김고은;이동욱;유인나,간데메공원,공원,서울 동대문구 서울시립대로2길 59,37.572781,127.049064,https://lh3.googleusercontent.com/place-photos/AG9NLjBbq4iKhgqRObOx2XCNBY1qkCtjJpm6TSmVekn5ddkrICsA0eYGLDKM-8Qq2OrhZFf9DvNxWmA_0EqQlL7uQTfqJQuc-0rUhHCZrL7CsMgVaAbYSi2Epa2rXinEyFKUA3bPxlsarRWQvqveKg=s4800-w800,https://map.naver.com/p/entry/place/13448171,8화에서 저승사자와 후배 저승사자가 놀이터에서 대화를 나누는 장면 촬영지.,https://image.tmdb.org/t/p/w780/2EkpltAxDdvCS93lzaRrFhksfKn.jpg,https://kdramamap.com/location/%eb%8f%84%ea%b9%a8%eb%b9%84-%ea%b0%84%eb%8d%b0%eb%a9%94%ea%b3%b5%ec%9b%90-565/,2026-07-28,8,,,,윤종호;권혁찬;이응복,https://image.tmdb.org/t/p/w500/qZMEiTsNlCQV27hHQE27ZtlPWyv.jpg
st_05225,도깨비,Guardian: The Lonely and Great God,drama,공유;김고은;이동욱;유인나,환일고등학교,학교,서울 마포구 환일길 48,37.554091,126.960892,https://lh3.googleusercontent.com/place-photos/AG9NLjBQl2xLWnRYiOMvwjLH9os6IMnzrK78aerxbrlri0gUBTpf4dlUM15v54yoynpVoNbg2CGlGWgrI62y8l2l3m_15uAWrD_AIvv46biTMJIcNDvFL6kyY2PAY7Z0LLcSYTemYjV0TWyvklUvnMc=s4800-w800,https://map.naver.com/p/entry/place/12002109,7화에서 수능을 마친 지은탁(김고은)이 교문을 내려오는 장면 촬영지다.,https://i.ytimg.com/vi/B7ZuJRPn0EU/hqdefault.jpg,https://kdramamap.com/location/%eb%8f%84%ea%b9%a8%eb%b9%84-%ed%99%98%ec%9d%bc%ea%b3%a0%eb%93%b1%ed%95%99%ea%b5%90-566/,2026-07-28,8,,,,윤종호;권혁찬;이응복,https://image.tmdb.org/t/p/w500/qZMEiTsNlCQV27hHQE27ZtlPWyv.jpg
st_05226,도깨비,Guardian: The Lonely and Great God,drama,공유;김고은;이동욱;유인나,신촌설렁탕앞,명소,서울 서대문구 대신동 143-24,37.560454,126.941431,https://lh3.googleusercontent.com/place-photos/AG9NLjA4Z_PaQ7-LWqRTirDR_iFW7YAE1nXExvuVVTjhTVJ9GXk0MIrENHKQgq9IYEs5AdUvC2KUPuiLqqA-BVsazYSBp5O6SsYnAlPhaSW9vb94_1QJROj-xFlr9gRH_E9LSNZhM6AMfQ8wpsVxwA=s4800-w800,,"10화에서 김신(공유)과 저승사자(이동욱)는 지은탁(김고은)을 위해 파(대파)를 사준 뒤 이 터널을 활주로를 걸었고, 오토바이 운전자가 그들 사이를 지나갔습니다.",https://i.ytimg.com/vi/5RzyLCkLhz8/hqdefault.jpg,https://kdramamap.com/location/%eb%8f%84%ea%b9%a8%eb%b9%84-%ec%8b%a0%ec%b4%8c%ec%84%a4%eb%a0%81%ed%83%95%ec%95%9e-567/,2026-07-28,8,,,,윤종호;권혁찬;이응복,https://image.tmdb.org/t/p/w500/qZMEiTsNlCQV27hHQE27ZtlPWyv.jpg
st_05227,도깨비,Guardian: The Lonely and Great God,drama,공유;김고은;이동욱;유인나,토끼굴,명소,서울 서대문구 신촌동 81-19,37.560241,126.941720,https://lh3.googleusercontent.com/place-photos/AG9NLjDzWk9tH4hEe4AEJFdTQz7IY0NvFzT5mnBAMEJLyRs5yF-KAN3ymsGceN4c2De0Nciw3U0YcawcvuQ_Y_1S1RX7mS2lYzscee4P5l94y-CqimlbhLcphfmzLea0233eS9d-xmOAl2JgYv3xFTOc959NBQ=s4800-w800,,"10화에서 김신(공유)과 저승사자(이동욱)는 지은탁(김고은)을 위해 파(대파)를 사준 뒤 이 터널을 활주로를 걸었고, 오토바이 운전자가 그들 사이를 지나갔습니다.",https://i.ytimg.com/vi/5RzyLCkLhz8/hqdefault.jpg,https://kdramamap.com/location/%eb%8f%84%ea%b9%a8%eb%b9%84-%ed%86%a0%eb%81%bc%ea%b5%b4-568/,2026-07-28,8,,,,윤종호;권혁찬;이응복,https://image.tmdb.org/t/p/w500/qZMEiTsNlCQV27hHQE27ZtlPWyv.jpg
st_05228,도깨비,Guardian: The Lonely and Great God,drama,공유;김고은;이동욱;유인나,베스킨라빈스,,서울 서초구 강남대로 331,37.492626,127.029588,https://upload.wikimedia.org/wikipedia/commons/thumb/b/b5/Gangnam-daero_in_Seoul.jpg/960px-Gangnam-daero_in_Seoul.jpg,,7화에서 태희와 데이트하던 지은탁을 저승사자가 찾아오는 아이스크림 가게.,https://image.tmdb.org/t/p/w780/o9GLTZzZQmvda8GUycUSD2vm8qs.jpg,https://kdramamap.com/location/%eb%8f%84%ea%b9%a8%eb%b9%84-%eb%b2%a0%ec%8a%a4%ed%82%a8%eb%9d%bc%eb%b9%88%ec%8a%a4-569/,2026-07-28,8,,,,윤종호;권혁찬;이응복,https://image.tmdb.org/t/p/w500/qZMEiTsNlCQV27hHQE27ZtlPWyv.jpg
st_05229,도깨비,Guardian: The Lonely and Great God,drama,공유;김고은;이동욱;유인나,옹근달,명소,서울 성동구 성수이로7길 41-1,37.542735,127.052984,https://lh3.googleusercontent.com/place-photos/AG9NLjCUMBt75ez3LfiiEwG4xqRoKOAv09PjsZAQKoeR7Nn4BSofnonRgcQk5KUaRvf4d5gyE0oVdad36iIgF1zzqMILEdTTFLx_OmD-PwcF8MujYQc8Eoiy0208m_S1LHPV22yy4YGRu97uiOpcRA=s4800-w800,https://map.naver.com/p/entry/place/1395030685,"지은탁(김고은)이 그릴의 불을 끄면서 실수로 김신(공유)을 부르고, 제인 오스틴 벽화 바로 앞에 그를 소환한다.",https://image.tmdb.org/t/p/w780/8v4QmwHhti1OuGiMc9RoGZsUMuR.jpg,https://kdramamap.com/location/%eb%8f%84%ea%b9%a8%eb%b9%84-%ec%98%b9%ea%b7%bc%eb%8b%ac-570/,2026-07-28,8,,,,윤종호;권혁찬;이응복,https://image.tmdb.org/t/p/w500/qZMEiTsNlCQV27hHQE27ZtlPWyv.jpg
st_05230,도깨비,Guardian: The Lonely and Great God,drama,공유;김고은;이동욱;유인나,용답역다리,다리,서울 성동구 용답길 86,37.562005,127.050729,https://lh3.googleusercontent.com/place-photos/AG9NLjA50agXda_6WDazn9q1DdMrtLEu0sgC-dY6q6_1YoTAzC3Mlh9_4ugDB7_foJcYiLR6XvXBkD7OUggwWa-J2F70gGAxfzvaMTCKFub16Kcj3IIhCuoSn2S4VwPPQas3c94P15LRtKozXXi4rHY=s4800-w800,https://map.naver.com/p/entry/place/13479403,3회에서 저승사자(이동욱 분)와 써니(유인나 분)의 첫 만남이 이 육교에서 벌어졌다.,https://image.tmdb.org/t/p/w780/4UegwOn0R6NX9rf2Up9gAeWAwO2.jpg,https://kdramamap.com/location/%eb%8f%84%ea%b9%a8%eb%b9%84-%ec%9a%a9%eb%8b%b5%ec%97%ad%eb%8b%a4%eb%a6%ac-571/,2026-07-28,8,,,,윤종호;권혁찬;이응복,https://image.tmdb.org/t/p/w500/qZMEiTsNlCQV27hHQE27ZtlPWyv.jpg
st_05231,도깨비,Guardian: The Lonely and Great God,drama,공유;김고은;이동욱;유인나,홍익대부속중고등학교입구,,서울 성북구 성북로 66,37.593393,127.001707,https://lh3.googleusercontent.com/place-photos/AG9NLjDQBbjnkoZhdUY8nRpVJbUF0-LZB7dndk6u4lBP5eU9gAXdE9pQ9i1AbGv5wLR59tBabGsCugNSZTPG6FP_DIu_ov6hDqbKgTliC9-d7bwkNVD_JyDw7OEEmHrlDDdTlUBwN4-812BmTQCFQA=s4800-w800,https://map.naver.com/p/entry/place/105250,2화 배경으로 지은탁(김고은)이 등장하는 버스정류장이다.,https://image.tmdb.org/t/p/w780/cJMpKrY7x3RRl6m2kSupMnj8FGU.jpg,https://kdramamap.com/location/%eb%8f%84%ea%b9%a8%eb%b9%84-%ed%99%8d%ec%9d%b5%eb%8c%80%eb%b6%80%ec%86%8d%ec%a4%91%ea%b3%a0%eb%93%b1%ed%95%99%ea%b5%90%ec%9e%85%ea%b5%ac-572/,2026-07-28,8,,,,윤종호;권혁찬;이응복,https://image.tmdb.org/t/p/w500/qZMEiTsNlCQV27hHQE27ZtlPWyv.jpg
st_05232,도깨비,Guardian: The Lonely and Great God,drama,공유;김고은;이동욱;유인나,서브웨이,,서울 영등포구 국회대로62길 25,37.526320,126.917717,https://upload.wikimedia.org/wikipedia/commons/thumb/4/47/2024_Autistic_Pride_Day_Seoul_002.jpg/960px-2024_Autistic_Pride_Day_Seoul_002.jpg,https://map.naver.com/p/entry/place/99496800,7화에서 도깨비와 지은탁이 샌드위치를 주문해 먹는 장면 촬영지다.,https://i.ytimg.com/vi/g-Yxu4AKx1Y/hqdefault.jpg,https://kdramamap.com/location/%eb%8f%84%ea%b9%a8%eb%b9%84-%ec%84%9c%eb%b8%8c%ec%9b%a8%ec%9d%b4-573/,2026-07-28,8,,,,윤종호;권혁찬;이응복,https://image.tmdb.org/t/p/w500/qZMEiTsNlCQV27hHQE27ZtlPWyv.jpg
st_05233,도깨비,Guardian: The Lonely and Great God,drama,공유;김고은;이동욱;유인나,국회의사당옆길,유적/한옥,서울 영등포구 의사당대로 1,37.532912,126.916404,https://lh3.googleusercontent.com/place-photos/AG9NLjAh1CyXgxiydIPz4F3o0U5gMnRpvAdT6O5XPHPXsXLXx0Oy0BTKWazoLQVjmXu5d2XsLYejCS_7oPGcWYVvPo7ptAGnE2OZ02NECb5OuycOnGSoQluXa5KCaQk3skkF8T5JQQZ251zVnpnlE2lSx5dDhQ=s4800-w800,https://map.naver.com/p/entry/place/11583151,9화에서 지은탁이 도깨비의 집을 나와 빗속 거리를 걷는 장면 촬영지.,https://image.tmdb.org/t/p/w780/ytpd3tVDEV2MzQKyfjN3VSS9Lpz.jpg,https://kdramamap.com/location/%eb%8f%84%ea%b9%a8%eb%b9%84-%ea%b5%ad%ed%9a%8c%ec%9d%98%ec%82%ac%eb%8b%b9%ec%98%86%ea%b8%b8-574/,2026-07-28,8,,,,윤종호;권혁찬;이응복,https://image.tmdb.org/t/p/w500/qZMEiTsNlCQV27hHQE27ZtlPWyv.jpg
st_05234,도깨비,Guardian: The Lonely and Great God,drama,공유;김고은;이동욱;유인나,재래식소금구이홍돈,,서울 용산구 원효로48길 11-7,37.534605,126.961080,https://lh3.googleusercontent.com/place-photos/AG9NLjCZ7T8wAh7TaNPFjklQOtwdikDRtobbyULAtxIK_zHw3VNb29txSJmExQoLD15gIN0Z3_7rfgpkPsd4cfWzjvuSj8vqRHTbu1Pt8c9nANxlE7wOj5CIRbU4EC4pc5CWz-aObh33umi96mGYQjV1X_2pbQ=s4800-w800,https://map.naver.com/p/entry/place/11726453,7화에서 저승사자(왕여)가 화장실에 가던 중 소매치기와 부딪히는 장면 촬영지.,https://image.tmdb.org/t/p/w780/3r6adxOgJEvjLOnKudkThXrbOYk.jpg,https://kdramamap.com/location/%eb%8f%84%ea%b9%a8%eb%b9%84-%ec%9e%ac%eb%9e%98%ec%8b%9d%ec%86%8c%ea%b8%88%ea%b5%ac%ec%9d%b4%ed%99%8d%eb%8f%88-575/,2026-07-28,8,,,,윤종호;권혁찬;이응복,https://image.tmdb.org/t/p/w500/qZMEiTsNlCQV27hHQE27ZtlPWyv.jpg
st_05235,도깨비,Guardian: The Lonely and Great God,drama,공유;김고은;이동욱;유인나,퍼스트루머,명소,서울 종로구 계동길 125,37.582935,126.986776,https://upload.wikimedia.org/wikipedia/commons/thumb/b/bc/Seoul%2C_traditional_houses_-_panoramio.jpg/960px-Seoul%2C_traditional_houses_-_panoramio.jpg,https://map.naver.com/p/entry/place/1513962801,지은탁(김고은)이 다니던 학교이다.,https://image.tmdb.org/t/p/w780/uoA7xBzCt3XXqL5fMmB8pmYgABJ.jpg,https://kdramamap.com/location/%eb%8f%84%ea%b9%a8%eb%b9%84-%ed%8d%bc%ec%8a%a4%ed%8a%b8%eb%a3%a8%eb%a8%b8-576/,2026-07-28,8,,,,윤종호;권혁찬;이응복,https://image.tmdb.org/t/p/w500/qZMEiTsNlCQV27hHQE27ZtlPWyv.jpg
st_05236,도깨비,Guardian: The Lonely and Great God,drama,공유;김고은;이동욱;유인나,개뿔,명소,서울 종로구 낙산성곽서1길 26,37.578178,127.008047,https://lh3.googleusercontent.com/place-photos/AG9NLjDhAHopdkFm0ZncvaI0TIGmbWOmdWbqqhT-31vjtntr8kyV-8_Pyry55M-RqrNNt0A3IpGVWnv3ksZyPlaRtmctyEIv2Yv7BSTlu_pCnd9vW4vSpAI2ngen_q1NVy28pMiD6iaGGIS1k2FK8A=s4800-w800,https://map.naver.com/p/entry/place/92673530,2화에서 지은탁(김고은)이 귀신들과 대화하고 김신(공유)에게 감시당하는 곳도 바로 이 곳이다.,https://image.tmdb.org/t/p/w780/4LCSJNcM8uiOZa84Oy2ehst8TWg.jpg,https://kdramamap.com/location/%eb%8f%84%ea%b9%a8%eb%b9%84-%ea%b0%9c%eb%bf%94-577/,2026-07-28,8,,,,윤종호;권혁찬;이응복,https://image.tmdb.org/t/p/w500/qZMEiTsNlCQV27hHQE27ZtlPWyv.jpg
st_05237,도깨비,Guardian: The Lonely and Great God,drama,공유;김고은;이동욱;유인나,메밀향그집,,서울 종로구 대학로11길 18,37.582372,127.000663,https://lh3.googleusercontent.com/place-photos/AG9NLjDchhmiBCr5eZvCepqyAoUVxznmBi1JYvcR2k_RnI-Q3m1Ntl22Ixl8ycQO3_yFehSznEe7fWzDloO9IHQsUwF1LZS5kC7xdcJqQEVOr-Ot7GlVI5u-pK2OVMrXFaOwzq77IXe30J0UUE66Vw=s4800-w800,https://map.naver.com/p/entry/place/31751937,1화 배경으로 지은탁(김고은)이 등장하는 식당 촬영지다.,https://image.tmdb.org/t/p/w780/mx5YxKTY3PNJhGo1JMITxaBKuvR.jpg,https://kdramamap.com/location/%eb%8f%84%ea%b9%a8%eb%b9%84-%eb%a9%94%eb%b0%80%ed%96%a5%ea%b7%b8%ec%a7%91-578/,2026-07-28,8,,,,윤종호;권혁찬;이응복,https://image.tmdb.org/t/p/w500/qZMEiTsNlCQV27hHQE27ZtlPWyv.jpg
st_05238,도깨비,Guardian: The Lonely and Great God,drama,공유;김고은;이동욱;유인나,메밀향그집맞은편,,서울 종로구 명륜4가 103-12,37.582202,127.000917,https://lh3.googleusercontent.com/place-photos/AG9NLjDchhmiBCr5eZvCepqyAoUVxznmBi1JYvcR2k_RnI-Q3m1Ntl22Ixl8ycQO3_yFehSznEe7fWzDloO9IHQsUwF1LZS5kC7xdcJqQEVOr-Ot7GlVI5u-pK2OVMrXFaOwzq77IXe30J0UUE66Vw=s4800-w800,https://map.naver.com/p/entry/place/31751937,"메밀향그집 건너편 라멘집으로, 1화 배경에 함께 등장한 촬영지다.",https://image.tmdb.org/t/p/w780/2ZkoI9VTWmLWIMCgCgwC8eUPGnk.jpg,https://kdramamap.com/location/%eb%8f%84%ea%b9%a8%eb%b9%84-%eb%a9%94%eb%b0%80%ed%96%a5%ea%b7%b8%ec%a7%91%eb%a7%9e%ec%9d%80%ed%8e%b8-579/,2026-07-28,8,,,,윤종호;권혁찬;이응복,https://image.tmdb.org/t/p/w500/qZMEiTsNlCQV27hHQE27ZtlPWyv.jpg
st_05239,도깨비,Guardian: The Lonely and Great God,drama,공유;김고은;이동욱;유인나,커피방앗간앞,카페,서울 종로구 북촌로5가길 8-11,37.580326,126.982479,https://lh3.googleusercontent.com/place-photos/AG9NLjCjjdv1UjG1SDuPOazDrsUhEyCvFj5iZgSBCUnYq9ryhKMsu_sp_wsp-CuMxQvJt_oGv-_0tKKFYqyGLqiUt95Oa9EQhNABoFHZuK2h4yXJ7QxICZgU5Gcwx1Ct6e7A_DforOak4UqdXbt6Hw=s4800-w800,https://map.naver.com/p/entry/place/13152757,12화에서 저승사자와 써니가 거리에서 이별의 키스를 나누는 장면 촬영지.,https://i.ytimg.com/vi/Wl0L_kKsHTw/hqdefault.jpg,https://kdramamap.com/location/%eb%8f%84%ea%b9%a8%eb%b9%84-%ec%bb%a4%ed%94%bc%eb%b0%a9%ec%95%97%ea%b0%84%ec%95%9e-580/,2026-07-28,8,,,,윤종호;권혁찬;이응복,https://image.tmdb.org/t/p/w500/qZMEiTsNlCQV27hHQE27ZtlPWyv.jpg
st_05240,도깨비,Guardian: The Lonely and Great God,drama,공유;김고은;이동욱;유인나,광화문,명소,서울 종로구 사직로 161,37.575904,126.976842,https://lh3.googleusercontent.com/place-photos/AG9NLjD8gsyomWV8OfQ4dDMRUNUPq2hqCliDYhVTdAI055bYFF2gNU9lXsCKrKycDN6jXMGVqJ0NSs4EOabg1qwPnxVXNUiOeitAU_BXZ-_FK5YqneuCJjnV7yLxwHjf4RKLbBhdME-jmnjr3tqAVg=s4800-w800,https://map.naver.com/p/entry/place/13161322,공유와 김고은이 캐나다에서 돌아온 커다란 문,https://image.tmdb.org/t/p/w780/mocVtvYaUSQRCkeQGYc9xKnp0Uv.jpg,https://kdramamap.com/location/%eb%8f%84%ea%b9%a8%eb%b9%84-%ea%b4%91%ed%99%94%eb%ac%b8-581/,2026-07-28,8,,,,윤종호;권혁찬;이응복,https://image.tmdb.org/t/p/w500/qZMEiTsNlCQV27hHQE27ZtlPWyv.jpg
st_05241,도깨비,Guardian: The Lonely and Great God,drama,공유;김고은;이동욱;유인나,운현궁양관,명소,서울 종로구 삼일대로 460,37.576667,126.988199,https://lh3.googleusercontent.com/place-photos/AG9NLjAt2pf0z7aee3b5POW5WN1RTUniE7MSxlKRZ0SK5EFhGsD6fzXHTPioEsI9XdLNi_xy1Yn4v7e70zAEpMNhKS1IdtuLuQDB55P-aPcJ6Q3xVkXxSlhHZjXUtDSJBwhT4QCgqBejMCKaPQ9lTQ=s4800-w800,https://map.naver.com/p/entry/place/18668636,김신(공유)가 사는 곳이다. 이후 저승사자(이동욱)와 지은탁(김고은)도 입주한다. 유덕화(육성재)가 이곳에 사는 것처럼 자주 드나든다.,https://image.tmdb.org/t/p/w780/hG0SL39CNBD11jANAAYSWYG5Fo3.jpg,https://kdramamap.com/location/%eb%8f%84%ea%b9%a8%eb%b9%84-%ec%9a%b4%ed%98%84%ea%b6%81%ec%96%91%ea%b4%80-582/,2026-07-28,8,,,,윤종호;권혁찬;이응복,https://image.tmdb.org/t/p/w500/qZMEiTsNlCQV27hHQE27ZtlPWyv.jpg
st_05242,도깨비,Guardian: The Lonely and Great God,drama,공유;김고은;이동욱;유인나,감고당길,거리,서울 종로구 안국동 175-91,37.576612,126.982685,https://lh3.googleusercontent.com/place-photos/AG9NLjBIvS4hbH4W263UNDIpMtHk0oZXiVdF4xfz2DR_qkkEL-j3H4Z_E_uw6uRG7IR3mA5H5FYCfNgTsmmojizSWG8GsFeajf-H6zoAHl9nvn_VUQjsWNG2KpY84M-z6YMbmqP_Sdw7zdmJlyDs=s4800-w800,https://map.naver.com/p/entry/place/13543814,공유와 김고은이 처음 우연히 마주친 돌담길,https://i.ytimg.com/vi/2Uz0yD2MKoU/hqdefault.jpg,https://kdramamap.com/location/%eb%8f%84%ea%b9%a8%eb%b9%84-%ea%b0%90%ea%b3%a0%eb%8b%b9%ea%b8%b8-583/,2026-07-28,8,,,,윤종호;권혁찬;이응복,https://image.tmdb.org/t/p/w500/qZMEiTsNlCQV27hHQE27ZtlPWyv.jpg
st_05243,도깨비,Guardian: The Lonely and Great God,drama,공유;김고은;이동욱;유인나,덕성여고앞,명소,서울 종로구 안국동 177-2,37.577418,126.982538,https://upload.wikimedia.org/wikipedia/commons/thumb/2/2e/2020-04-05_13.13.13_Jeremy_Amadei_amadeimusic_Deoksugung_Stonewall_Walkway.jpg/960px-2020-04-05_13.13.13_Jeremy_Amadei_amadeimusic_Deoksugung_Stonewall_Walkway.jpg,,"1, 2회에서 지은탁(김고은)이 1화에서 이 골목에서 하교하고 2화에서 율곡로3길에 들어서는 모습이 나온다.",https://image.tmdb.org/t/p/w780/nVpl43x49udzDXMmNZkCuLgh00Q.jpg,https://kdramamap.com/location/%eb%8f%84%ea%b9%a8%eb%b9%84-%eb%8d%95%ec%84%b1%ec%97%ac%ea%b3%a0%ec%95%9e-584/,2026-07-28,8,,,,윤종호;권혁찬;이응복,https://image.tmdb.org/t/p/w500/qZMEiTsNlCQV27hHQE27ZtlPWyv.jpg
st_05244,도깨비,Guardian: The Lonely and Great God,drama,공유;김고은;이동욱;유인나,북촌사진관앞,명소,서울 종로구 윤보선길 65,37.578837,126.983084,https://upload.wikimedia.org/wikipedia/commons/thumb/3/31/Jeukseok-tteok-bokki_2.jpg/960px-Jeukseok-tteok-bokki_2.jpg,https://map.naver.com/p/entry/place/1058683842,"1, 2회에서 지은탁(김고은)이 1화에서 이 골목에서 하교하고 2화에서 율곡로3길에 들어서는 모습이 나온다.",https://image.tmdb.org/t/p/w780/vFbR39Gx92zzEPX1X7sdBf1HIcn.jpg,https://kdramamap.com/location/%eb%8f%84%ea%b9%a8%eb%b9%84-%eb%b6%81%ec%b4%8c%ec%82%ac%ec%a7%84%ea%b4%80%ec%95%9e-585/,2026-07-28,8,,,,윤종호;권혁찬;이응복,https://image.tmdb.org/t/p/w500/qZMEiTsNlCQV27hHQE27ZtlPWyv.jpg
st_05245,도깨비,Guardian: The Lonely and Great God,drama,공유;김고은;이동욱;유인나,스튜디오호세앞,카페,서울 종로구 윤보선길 69,37.579087,126.983195,https://upload.wikimedia.org/wikipedia/commons/thumb/3/31/Jeukseok-tteok-bokki_2.jpg/960px-Jeukseok-tteok-bokki_2.jpg,https://map.naver.com/p/entry/place/1811660409,"11화에서 써니(유인나)와 지은탁(김고은)이 이곳에 온다.  써니는 은탁에게 전생을 믿느냐고 물었고, 그녀는 그렇다고 대답한다.",https://image.tmdb.org/t/p/w780/uWyvPus1hJNUP9r62IM4dVUCHZ4.jpg,https://kdramamap.com/location/%eb%8f%84%ea%b9%a8%eb%b9%84-%ec%8a%a4%ed%8a%9c%eb%94%94%ec%98%a4%ed%98%b8%ec%84%b8%ec%95%9e-586/,2026-07-28,8,,,,윤종호;권혁찬;이응복,https://image.tmdb.org/t/p/w500/qZMEiTsNlCQV27hHQE27ZtlPWyv.jpg
st_05246,도깨비,Guardian: The Lonely and Great God,drama,공유;김고은;이동욱;유인나,푸드떼옆,카페,서울 종로구 율곡로1길 40-31,37.577787,126.981358,https://upload.wikimedia.org/wikipedia/commons/thumb/4/4c/2020-04-05_13.21.37_Jeremy_Amadei_amadeimusic_Deoksugung_Stonewall_Walkway.jpg/960px-2020-04-05_13.21.37_Jeremy_Amadei_amadeimusic_Deoksugung_Stonewall_Walkway.jpg,https://map.naver.com/p/entry/place/1603381706,"11화에서 써니(유인나)와 지은탁(김고은)이 이곳에 온다.  써니는 은탁에게 전생을 믿느냐고 물었고, 그녀는 그렇다고 대답한다.",https://image.tmdb.org/t/p/w780/cVXk8NjuJ4j7dxIz61JknwNFJIU.jpg,https://kdramamap.com/location/%eb%8f%84%ea%b9%a8%eb%b9%84-%ed%91%b8%eb%93%9c%eb%96%bc%ec%98%86-587/,2026-07-28,8,,,,윤종호;권혁찬;이응복,https://image.tmdb.org/t/p/w500/qZMEiTsNlCQV27hHQE27ZtlPWyv.jpg
st_05247,도깨비,Guardian: The Lonely and Great God,drama,공유;김고은;이동욱;유인나,자작나무이야기,카페,서울 종로구 율곡로1길 74-15,37.578674,126.981840,https://lh3.googleusercontent.com/place-photos/AG9NLjCqrLwLo0UWnxdLN-WmoP9CNAMRWRZ5xSfEurJhyJ6SLy8mGE97abERsTwPEETyvC1bXH1GiBLvTrXU4ExCuDj3V3DxH_eVblPoSwYmVsGknofhXSwLwx8uKMYyZpcudnuyGoFMjn2NYXWcPTc=s4800-w800,https://map.naver.com/p/entry/place/33938068,"11화에서 써니(유인나)와 지은탁(김고은)이 이곳에 온다.  써니는 은탁에게 전생을 믿느냐고 물었고, 그녀는 그렇다고 대답한다.",https://image.tmdb.org/t/p/w780/HCAXsi0xdn24Wju7aMQmX3rUMu.jpg,https://kdramamap.com/location/%eb%8f%84%ea%b9%a8%eb%b9%84-%ec%9e%90%ec%9e%91%eb%82%98%eb%ac%b4%ec%9d%b4%ec%95%bc%ea%b8%b0-588/,2026-07-28,8,,,,윤종호;권혁찬;이응복,https://image.tmdb.org/t/p/w500/qZMEiTsNlCQV27hHQE27ZtlPWyv.jpg
st_05248,도깨비,Guardian: The Lonely and Great God,drama,공유;김고은;이동욱;유인나,이니스프리앞,카페,서울 종로구 율곡로3길 73,37.578822,126.982036,https://upload.wikimedia.org/wikipedia/commons/thumb/d/d3/Jeukseok-tteok-bokki-bokkeum-bap_1.jpg/960px-Jeukseok-tteok-bokki-bokkeum-bap_1.jpg,https://map.naver.com/p/entry/place/1191823005,"11화에서 써니(유인나)와 지은탁(김고은)이 이곳에 온다.  써니는 은탁에게 전생을 믿느냐고 물었고, 그녀는 그렇다고 대답한다.",https://image.tmdb.org/t/p/w780/udWUFpH48Umj9F6Tfm8BnGuIc91.jpg,https://kdramamap.com/location/%eb%8f%84%ea%b9%a8%eb%b9%84-%ec%9d%b4%eb%8b%88%ec%8a%a4%ed%94%84%eb%a6%ac%ec%95%9e-589/,2026-07-28,8,,,,윤종호;권혁찬;이응복,https://image.tmdb.org/t/p/w500/qZMEiTsNlCQV27hHQE27ZtlPWyv.jpg
st_05249,도깨비,Guardian: The Lonely and Great God,drama,공유;김고은;이동욱;유인나,피케이엠북스앞,카페,서울 종로구 율곡로3길 74-1,37.579013,126.982258,https://upload.wikimedia.org/wikipedia/commons/thumb/d/d3/Jeukseok-tteok-bokki-bokkeum-bap_1.jpg/960px-Jeukseok-tteok-bokki-bokkeum-bap_1.jpg,https://map.naver.com/p/entry/place/1908165652,"11화에서 써니(유인나)와 지은탁(김고은)이 이곳에 온다.  써니는 은탁에게 전생을 믿느냐고 물었고, 그녀는 그렇다고 대답한다.",https://image.tmdb.org/t/p/w780/7Og70inaUjlYTQ8P3mUQ3TUpSr0.jpg,https://kdramamap.com/location/%eb%8f%84%ea%b9%a8%eb%b9%84-%ed%94%bc%ec%bc%80%ec%9d%b4%ec%97%a0%eb%b6%81%ec%8a%a4%ec%95%9e-590/,2026-07-28,8,,,,윤종호;권혁찬;이응복,https://image.tmdb.org/t/p/w500/qZMEiTsNlCQV27hHQE27ZtlPWyv.jpg
st_05250,도깨비,Guardian: The Lonely and Great God,drama,공유;김고은;이동욱;유인나,솔트24앞,카페,서울 종로구 율곡로3길 75,37.578981,126.982068,https://upload.wikimedia.org/wikipedia/commons/thumb/d/d3/Jeukseok-tteok-bokki-bokkeum-bap_1.jpg/960px-Jeukseok-tteok-bokki-bokkeum-bap_1.jpg,https://map.naver.com/p/entry/place/1979892243,"11화에서 써니(유인나)와 지은탁(김고은)이 이곳에 온다.  써니는 은탁에게 전생을 믿느냐고 물었고, 그녀는 그렇다고 대답한다.",https://image.tmdb.org/t/p/w780/uWyvPus1hJNUP9r62IM4dVUCHZ4.jpg,https://kdramamap.com/location/%eb%8f%84%ea%b9%a8%eb%b9%84-%ec%86%94%ed%8a%b824%ec%95%9e-591/,2026-07-28,8,,,,윤종호;권혁찬;이응복,https://image.tmdb.org/t/p/w500/qZMEiTsNlCQV27hHQE27ZtlPWyv.jpg
st_05251,도깨비,Guardian: The Lonely and Great God,drama,공유;김고은;이동욱;유인나,인사동,명소,서울 종로구 인사동길 53-2,37.574792,126.983791,https://lh3.googleusercontent.com/place-photos/AG9NLjDjZeXe_iNjAKtihoszebIE60vNIR31BRQ8oHywsit7xQggelKZwz0kPrgJXzpZzWl1ED3qNII4kLE8aahXb2S3p8XK7dxf4bf67jh1XMeJnXNMwQwGDj04rCBoNiCSu40bZLtz6ReyoVzLFnw=s4800-w800,https://map.naver.com/p/entry/place/13542782,12회에서 지은탁(김고은)은 김신(공유)과 전화통화를 하며 이 장소로 걸어간다.,https://image.tmdb.org/t/p/w780/qg6nSyzwaPDyCIUrQTVMyJSfMyO.jpg,https://kdramamap.com/location/%eb%8f%84%ea%b9%a8%eb%b9%84-%ec%9d%b8%ec%82%ac%eb%8f%99-592/,2026-07-28,8,,,,윤종호;권혁찬;이응복,https://image.tmdb.org/t/p/w500/qZMEiTsNlCQV27hHQE27ZtlPWyv.jpg
st_05252,도깨비,Guardian: The Lonely and Great God,drama,공유;김고은;이동욱;유인나,서울중앙고,명소,서울 종로구 창덕궁길 166,37.583144,126.986744,https://upload.wikimedia.org/wikipedia/commons/thumb/b/bc/Seoul%2C_traditional_houses_-_panoramio.jpg/960px-Seoul%2C_traditional_houses_-_panoramio.jpg,https://map.naver.com/p/entry/place/12111891,지은탁(김고은)이 다니던 학교이다.,https://image.tmdb.org/t/p/w780/pdw05wKRPLyMADXK8nWdkOrkYrH.jpg,https://kdramamap.com/location/%eb%8f%84%ea%b9%a8%eb%b9%84-%ec%84%9c%ec%9a%b8%ec%a4%91%ec%95%99%ea%b3%a0-593/,2026-07-28,8,,,,윤종호;권혁찬;이응복,https://image.tmdb.org/t/p/w500/qZMEiTsNlCQV27hHQE27ZtlPWyv.jpg
st_05253,도깨비,Guardian: The Lonely and Great God,drama,공유;김고은;이동욱;유인나,달커피앞,카페,서울 종로구 창신6가길 48,37.576082,127.012801,https://lh3.googleusercontent.com/place-photos/AG9NLjAZ8_YCUINofac_2y5FkUfZwuxG1qVimVnezMubhDolSeMuZUlNpKwiiDR587Vf51cVQ6aZyfnRp_WBqI7j3EgD1kcQj2cFKRl4O0Bd1sNkiZUU17Pg9GzARsjtEfHk_GcJrI_MXkEf4FXhZw=s4800-w800,https://map.naver.com/p/entry/place/1393350137,14화에서 비 오는 날 우산 쓴 지은탁을 귀신들이 지켜보는 골목 장면 촬영지.,https://image.tmdb.org/t/p/w780/otZ61Ha45nIiEqIyp6N2Il1m86L.jpg,https://kdramamap.com/location/%eb%8f%84%ea%b9%a8%eb%b9%84-%eb%8b%ac%ec%bb%a4%ed%94%bc%ec%95%9e-594/,2026-07-28,8,,,,윤종호;권혁찬;이응복,https://image.tmdb.org/t/p/w500/qZMEiTsNlCQV27hHQE27ZtlPWyv.jpg
st_05254,도깨비,Guardian: The Lonely and Great God,drama,공유;김고은;이동욱;유인나,산마루놀이터주차장,,서울 종로구 창신동 23-348,37.575984,127.012368,https://lh3.googleusercontent.com/place-photos/AG9NLjA-KGWD-jugsJw_WS_U0t7lc9fBmDehZ0Tap-nrs9GKGGAQMwD54UnyBMdFgWWKBcdMWKTsvU82kGUIXkC0xhTTj9MiyYiCiujzN275AWVl46pm0EgOZT1RDXqkxXuavn08hZKr6YXzf5qnSA=s4800-w800,https://map.naver.com/p/entry/place/18680478,13화에서 지은탁과 써니가 택시에서 내리는 골목 주차장 장면 촬영지.,https://image.tmdb.org/t/p/w780/5oQlxdb6TSLuURm4YgeE56VhvjC.jpg,https://kdramamap.com/location/%eb%8f%84%ea%b9%a8%eb%b9%84-%ec%82%b0%eb%a7%88%eb%a3%a8%eb%86%80%ec%9d%b4%ed%84%b0%ec%a3%bc%ec%b0%a8%ec%9e%a5-595/,2026-07-28,8,,,,윤종호;권혁찬;이응복,https://image.tmdb.org/t/p/w500/qZMEiTsNlCQV27hHQE27ZtlPWyv.jpg
st_05255,도깨비,Guardian: The Lonely and Great God,drama,공유;김고은;이동욱;유인나,창신동골목,거리,서울 종로구 창신동 23-407,37.576378,127.012880,https://upload.wikimedia.org/wikipedia/commons/thumb/6/6f/Seoul%27s_giant%2C_a_fellow_Amazon_Building_63_%286958614704%29.jpg/960px-Seoul%27s_giant%2C_a_fellow_Amazon_Building_63_%286958614704%29.jpg,,12화에서 박중헌(김병철)이 궁녀 앞에 스스로 나타나는 골목 장면 촬영지.,https://image.tmdb.org/t/p/w780/d2V8WE7giiD4mXWZSPF3NF7hyXu.jpg,https://kdramamap.com/location/%eb%8f%84%ea%b9%a8%eb%b9%84-%ec%b0%bd%ec%8b%a0%eb%8f%99%ea%b3%a8%eb%aa%a9-596/,2026-07-28,8,,,,윤종호;권혁찬;이응복,https://image.tmdb.org/t/p/w500/qZMEiTsNlCQV27hHQE27ZtlPWyv.jpg
st_05256,도깨비,Guardian: The Lonely and Great God,drama,공유;김고은;이동욱;유인나,창신동집,,서울 종로구 창신동 23-660,37.575972,127.011990,https://upload.wikimedia.org/wikipedia/commons/thumb/6/6f/Seoul%27s_giant%2C_a_fellow_Amazon_Building_63_%286958614704%29.jpg/960px-Seoul%27s_giant%2C_a_fellow_Amazon_Building_63_%286958614704%29.jpg,,"11·13화에 등장한 써니(유인나)의 집으로, 옥상 등에서 촬영이 이뤄졌다.",https://i.ytimg.com/vi/RfyuuYtf4nU/hqdefault.jpg,https://kdramamap.com/location/%eb%8f%84%ea%b9%a8%eb%b9%84-%ec%b0%bd%ec%8b%a0%eb%8f%99%ec%a7%91-597/,2026-07-28,8,,,,윤종호;권혁찬;이응복,https://image.tmdb.org/t/p/w500/qZMEiTsNlCQV27hHQE27ZtlPWyv.jpg
st_05257,도깨비,Guardian: The Lonely and Great God,drama,공유;김고은;이동욱;유인나,BBQ,카페,서울 종로구 청계천로 81,37.568534,126.986587,https://lh3.googleusercontent.com/place-photos/AG9NLjClKgAV0qUPNNySMN6aXvvjEmVoz272_GbRgyaaU1J2PAj6AlAjntTb1fGeLHO7_mZv7OY2vXOTuLw8tZeLkwYuC9T4w4DXy5WarImPwXsVFxtL4JsJ9dyQexa3UI2A3fXlsRlUYAF1QvLWgZba0vmDwA=s4800-w800,https://map.naver.com/p/entry/place/1745656613,11회에 사신(이동욱)과 써니(유인나)가 만난다.,https://image.tmdb.org/t/p/w780/cVXk8NjuJ4j7dxIz61JknwNFJIU.jpg,https://kdramamap.com/location/%eb%8f%84%ea%b9%a8%eb%b9%84-bbq-598/,2026-07-28,8,,,,윤종호;권혁찬;이응복,https://image.tmdb.org/t/p/w500/qZMEiTsNlCQV27hHQE27ZtlPWyv.jpg
st_05258,도깨비,Guardian: The Lonely and Great God,drama,공유;김고은;이동욱;유인나,갤러리원,,서울 종로구 팔판길 1-12,37.582686,126.980467,https://upload.wikimedia.org/wikipedia/commons/thumb/5/5e/%EA%B5%AD%EB%A6%BD%EB%AF%BC%EC%86%8D%EB%B0%95%EB%AC%BC%EA%B4%80_%EC%86%8C%EC%A4%8F%EA%B3%A0%EB%A6%AC%28%EC%83%81%EC%84%A4%EC%A0%84%EC%8B%9C%EC%8B%A4_2%29.jpg/960px-%EA%B5%AD%EB%A6%BD%EB%AF%BC%EC%86%8D%EB%B0%95%EB%AC%BC%EA%B4%80_%EC%86%8C%EC%A4%8F%EA%B3%A0%EB%A6%AC%28%EC%83%81%EC%84%A4%EC%A0%84%EC%8B%9C%EC%8B%A4_2%29.jpg,https://map.naver.com/p/entry/place/1794735523,11화에서 지은탁을 바라보며 기분 좋아진 도깨비 주변에 벚꽃이 날리는 장면.,https://image.tmdb.org/t/p/w780/HCAXsi0xdn24Wju7aMQmX3rUMu.jpg,https://kdramamap.com/location/%eb%8f%84%ea%b9%a8%eb%b9%84-%ea%b0%a4%eb%9f%ac%eb%a6%ac%ec%9b%90-599/,2026-07-28,8,,,,윤종호;권혁찬;이응복,https://image.tmdb.org/t/p/w500/qZMEiTsNlCQV27hHQE27ZtlPWyv.jpg
st_05259,도깨비,Guardian: The Lonely and Great God,drama,공유;김고은;이동욱;유인나,한국은행앞,,서울 중구 남대문로 39,37.562515,126.979724,https://lh3.googleusercontent.com/place-photos/AG9NLjAzPbrNi_yRYRzgc0qViRimcjxyCgZCD-7O4rTNf6VLIE2g1SzCnhP-hIM8j2DsBOmE2MTLIcxV-N7L5Lsgji4HeSksEmcuA3DTqEmByoX3Qwgcjri8nLxMGrv8nRM5vrymJYksYhdrCWlWNxy2WsPX=s4800-w800,https://map.naver.com/p/entry/place/18690775,9화에서 저승사자와 써니가 나란히 길을 걷는 장면 촬영지다.,https://image.tmdb.org/t/p/w780/8EekossKajnHhFDNS3zekIeF2kN.jpg,https://kdramamap.com/location/%eb%8f%84%ea%b9%a8%eb%b9%84-%ed%95%9c%ea%b5%ad%ec%9d%80%ed%96%89%ec%95%9e-600/,2026-07-28,8,,,,윤종호;권혁찬;이응복,https://image.tmdb.org/t/p/w500/qZMEiTsNlCQV27hHQE27ZtlPWyv.jpg
st_05260,도깨비,Guardian: The Lonely and Great God,drama,공유;김고은;이동욱;유인나,덕수궁돌담길,거리,서울 중구 덕수궁길 116,37.567558,126.973424,https://lh3.googleusercontent.com/place-photos/AG9NLjDRpn3t8p6_mMI2bwbnhCzgEuiHR-jid3IRBdxTE_QKnCTc1EDMd_H2-lL6s6HzHC63HFaDY8iCL9SCdLHYgzgiJgFZiWMnrO-9jOim0a4ApCQF9WKCgFTI7cc7gWGsJVJOhKyFbJJHFNiXYw=s4800-w699,https://map.naver.com/p/entry/place/980043048,저승사자(이동욱) 사무실은 이 곳 궁전 벽 안에 있습니다. 김신(공유)이 1편과 14편에서 이곳을 지나며 잡담을 나눈다.,https://image.tmdb.org/t/p/w780/uKLUIOy2HhdhGOLVolZoeYbdtWG.jpg,https://kdramamap.com/location/%eb%8f%84%ea%b9%a8%eb%b9%84-%eb%8d%95%ec%88%98%ea%b6%81%eb%8f%8c%eb%8b%b4%ea%b8%b8-601/;https://vvish.tistory.com/234,2026-07-28,8,,,,윤종호;권혁찬;이응복,https://image.tmdb.org/t/p/w500/qZMEiTsNlCQV27hHQE27ZtlPWyv.jpg
st_15312,이태원 클라쓰,Itaewon Class,drama,박서준;김다미;권나라;유재명,퀸스파크청담점,음식점,서울 강남구 압구정로60길 22,37.525984,127.041610,https://lh3.googleusercontent.com/place-photos/AG9NLjCwUI-WrXMHCdZnutTOUNBWpBCpeam_gHVWhgvvAb5GtjVWLFct79teT4pBdRG8ZlgdylWs0GiiKHqn6ARaqxFQ-_8rRiJ2RzCbEwbCvEliNCAVkPaYGD0P-PlUxZi7UO8wxZB-sWQWsqCgEg=s4800-w800,https://map.naver.com/p/entry/place/38733965,이 식당은 오수아(권나라)가 장가집을 그만두고 운영하는 식당 '퀸즈팔레'로 등장한다.,https://image.tmdb.org/t/p/w780/rtYQCa2NzX8RspbOmwfAla6BemO.jpg,https://kdramamap.com/location/%ec%9d%b4%ed%83%9c%ec%9b%90%ed%81%b4%eb%9d%bc%ec%93%b0-%ed%80%b8%ec%8a%a4%ed%8c%8c%ed%81%ac%ec%b2%ad%eb%8b%b4%ec%a0%90-2063/;https://traveltodrama.com/itaewon-class-filming-locations-guide/,2026-07-28,57,,,,Kim Seong-yoon,https://image.tmdb.org/t/p/w500/2tTMci6Hq99gkagpYe19RulNXRr.jpg
st_15313,이태원 클라쓰,Itaewon Class,drama,박서준;김다미;권나라;유재명,오토바이사고거리,거리,서울 마포구 성암로 13길 36,37.576566,126.897119,https://upload.wikimedia.org/wikipedia/commons/thumb/d/db/Above_door_display_on_AREX_Class_2000.jpg/960px-Above_door_display_on_AREX_Class_2000.jpg,https://map.naver.com/p/entry/place/1482646633,장근원이 조작한 오토바이를 타던 최승권을 박새로이가 구해주며 처음 인연을 맺은 장면의 배경.,https://image.tmdb.org/t/p/w780/vhPPDY20VyKKZSWX3QhDBgpBbHJ.jpg,https://kdramamap.com/location/%ec%9d%b4%ed%83%9c%ec%9b%90%ed%81%b4%eb%9d%bc%ec%93%b0-%ec%98%a4%ed%86%a0%eb%b0%94%ec%9d%b4%ec%82%ac%ea%b3%a0%ea%b1%b0%eb%a6%ac-2064/,2026-07-28,57,,,,Kim Seong-yoon,https://image.tmdb.org/t/p/w500/2tTMci6Hq99gkagpYe19RulNXRr.jpg
st_15314,이태원 클라쓰,Itaewon Class,drama,박서준;김다미;권나라;유재명,장가포차(만만코코로),음식점,서울 마포구 양화로16길 34,37.552888,126.921357,https://upload.wikimedia.org/wikipedia/commons/thumb/9/94/20200805_030608_things_places_in_south_korea_IMG_8948.jpg/960px-20200805_030608_things_places_in_south_korea_IMG_8948.jpg,https://map.naver.com/p/entry/place/1170338169,장가포차'의 이태원점으로 등장한다. 6회에서는 오수아(권나라)가 길에서 박새로이(박서준)에게 다가간 후 그곳을 지나간다.,https://image.tmdb.org/t/p/w780/wPY0Ki99NGYaKDD9BedJZyQnxJC.jpg,https://kdramamap.com/location/%ec%9d%b4%ed%83%9c%ec%9b%90%ed%81%b4%eb%9d%bc%ec%93%b0-%ec%9e%a5%ea%b0%80%ed%8f%ac%ec%b0%a8-%eb%a7%8c%eb%a7%8c%ec%bd%94%ec%bd%94%eb%a1%9c-2065/,2026-07-28,57,,,,Kim Seong-yoon,https://image.tmdb.org/t/p/w500/2tTMci6Hq99gkagpYe19RulNXRr.jpg
st_15315,이태원 클라쓰,Itaewon Class,drama,박서준;김다미;권나라;유재명,코다차야,,서울 마포구 와우산로 48,37.548556,126.923441,https://lh3.googleusercontent.com/place-photos/AG9NLjAiMtYaxR5u2S6M1wphwPYjTs2ycWdxXFvjMXP5E2lNpywuzhuv5a1mFdFil2nDGUU5XDtqsnxc7n9zThPVgoOtPpZ_opES_3-xtKOZDd1AMGWROaLh43YFhZLYi7NpFf4WvrDazCbgpjof1xM=s4800-w800,,드라마 이태원클라쓰의 카페 장면 촬영지로 확인된 곳이다.,https://image.tmdb.org/t/p/w780/rCWY8E36wOpV8YxsaQesmEUahz0.jpg,https://kdramamap.com/location/%ec%9d%b4%ed%83%9c%ec%9b%90%ed%81%b4%eb%9d%bc%ec%93%b0-%ec%bd%94%eb%8b%a4%ec%b0%a8%ec%95%bc-2066/,2026-07-28,57,,,,Kim Seong-yoon,https://image.tmdb.org/t/p/w500/2tTMci6Hq99gkagpYe19RulNXRr.jpg
st_15316,이태원 클라쓰,Itaewon Class,drama,박서준;김다미;권나라;유재명,아빠식당(마포소금구이),음식점,서울 마포구 와우산로32길 38-2,37.554614,126.932240,https://lh3.googleusercontent.com/place-photos/AG9NLjAiyNG7RkTKTW7V0RJfOvMbHlbJnvjZhpmrAW_xW4h1SGzzl2Kk51kWmkr_ZkZGMISAW9-2N1ktb247gjQsqHFq90h3rUulIIL9f75FGDJGHSQlsqPga4kvH3b6JvO-8KJEZjY284getiq_gWKcvsxeww=s4800-w800,https://map.naver.com/p/entry/place/82850318,퇴직한 아빠와 새로이가 함께 준비했던 포차,https://i.ytimg.com/vi/lyU56kiPlaA/hqdefault.jpg,https://kdramamap.com/location/%ec%9d%b4%ed%83%9c%ec%9b%90%ed%81%b4%eb%9d%bc%ec%93%b0-%ec%95%84%eb%b9%a0%ec%8b%9d%eb%8b%b9-%eb%a7%88%ed%8f%ac%ec%86%8c%ea%b8%88%ea%b5%ac%ec%9d%b4-2067/;https://traveltodrama.com/itaewon-class-filming-locations-guide/,2026-07-28,57,,,,Kim Seong-yoon,https://image.tmdb.org/t/p/w500/2tTMci6Hq99gkagpYe19RulNXRr.jpg
st_15317,이태원 클라쓰,Itaewon Class,drama,박서준;김다미;권나라;유재명,잠수교(반포대교),기타(교량),서울 서초구 반포동 649-1,37.512227,126.997815,https://lh3.googleusercontent.com/place-photos/AG9NLjAZnhDsACot4sX-TXiwrJEjQiyYGq0KfE8uq9vDHdxCTwto0DPouPPmLlsY73FjtozpQou6oHwXkaobHQecB9_fONRk7Qosfu4-779fHtuVYNc_sTMD3-I9nNr374sxI4uEX8-eMielDZAoIA=s4800-w800,https://map.naver.com/p/entry/place/18762982,이태원클라쓰 속 인물들이 다리를 걷는 장면 촬영지로 쓰인 잠수교다.,https://image.tmdb.org/t/p/w780/8ruYtKJf0uHnwsLr8r83rs3h0CP.jpg,https://kdramamap.com/location/%ec%9d%b4%ed%83%9c%ec%9b%90%ed%81%b4%eb%9d%bc%ec%93%b0-%ec%9e%a0%ec%88%98%ea%b5%90-%eb%b0%98%ed%8f%ac%eb%8c%80%ea%b5%90-2068/;https://traveltodrama.com/itaewon-class-filming-locations-guide/,2026-07-28,57,,,,Kim Seong-yoon,https://image.tmdb.org/t/p/w500/2tTMci6Hq99gkagpYe19RulNXRr.jpg
st_15318,이태원 클라쓰,Itaewon Class,drama,박서준;김다미;권나라;유재명,녹사평육교,다리,서울 용산구 녹사평대로 40길,37.534538,126.987680,https://lh3.googleusercontent.com/place-photos/AG9NLjDLhC6fOEhP7NU-UoI-wHZm4cZlAqnbDxVVsC3SZhfEUtnPDiFTeudzn1fBYRO1IaP8AkRMB5H2LMJx_MBWnYfYMlmsQOxTrKggD7OnGCuciPZjacQweLdbi4H5-GPjOhVfAWb1Uy4kYVfYFQ=s4800-w800,https://map.naver.com/p/entry/place/10986705,2회부터 사람들이 정기적으로 이 고가를 건넜다. 2회에서 오수아(권나라)는 이태원으로 향하는 길을 걷는다. 3화에서 조이서(김다미)와 장근수(김동희)도 스쿠터를 타고 등장합니다. 그리고 4화 초반에 박새로이(박서준)가 등장한다. 6회에서는 새로이와 이서가 다리에서 우연히 만난다.,https://image.tmdb.org/t/p/w780/eMcqatrpfWwTl3fQYTpFZ4xA2zL.jpg,https://kdramamap.com/location/%ec%9d%b4%ed%83%9c%ec%9b%90%ed%81%b4%eb%9d%bc%ec%93%b0-%eb%85%b9%ec%82%ac%ed%8f%89%ec%9c%a1%ea%b5%90-2069/;https://traveltodrama.com/itaewon-class-filming-locations-guide/,2026-07-28,57,,,,Kim Seong-yoon,https://image.tmdb.org/t/p/w500/2tTMci6Hq99gkagpYe19RulNXRr.jpg
st_15319,이태원 클라쓰,Itaewon Class,drama,박서준;김다미;권나라;유재명,써스티몽크맞은편,,서울 용산구 녹사평대로 40길 52,37.534355,126.988574,https://lh3.googleusercontent.com/place-photos/AG9NLjBOQlc09pWiYRQIY7oMqNfKWWwJYW2sPI_SW8DKePa-d5M0c0D-220en3IdOzWvSQb3epx_BXG4ywgNofp8HO8tB7hm6tQ4Vg4XWeOoJYRtBLFMVo-ycToQ9nV7ziTO1vOvV6O0jcC8gP7h=s4800-w800,,박새로이 등 주요 인물들이 자주 오가는 배경으로 반복 등장하는 녹사평 육교 일대,https://image.tmdb.org/t/p/w780/erQ8E5txwX1anw4kQjIGavezBKb.jpg,https://kdramamap.com/location/%ec%9d%b4%ed%83%9c%ec%9b%90%ed%81%b4%eb%9d%bc%ec%93%b0-%ec%8d%a8%ec%8a%a4%ed%8b%b0%eb%aa%bd%ed%81%ac%eb%a7%9e%ec%9d%80%ed%8e%b8-2070/,2026-07-28,57,,,,Kim Seong-yoon,https://image.tmdb.org/t/p/w500/2tTMci6Hq99gkagpYe19RulNXRr.jpg
st_15320,이태원 클라쓰,Itaewon Class,drama,박서준;김다미;권나라;유재명,화장실,,서울 용산구 녹사평대로 40길 56,37.534321,126.988870,https://lh3.googleusercontent.com/place-photos/AG9NLjBCr3Cit0T33KBpQ_zjhUdrTUp_KtDX2zL4hJIWUoS6PQ8NAGm89mQW5A5O3ejX_gjIKBKEHme121tdVknqzgyKUfvlgUiFNBoMYro_tmQU9W3wSyrDZNQWI3fScAanl9gYKg7XnSfEPc_Baj4=s4800-w800,https://map.naver.com/p/entry/place/1300789898,봉변당한 조이서를 새로이가 우연히 도와주며 두 사람이 처음 만난 화장실 장면의 배경.,https://i.ytimg.com/vi/wdSfS-5xL7Y/hqdefault.jpg,https://kdramamap.com/location/%ec%9d%b4%ed%83%9c%ec%9b%90%ed%81%b4%eb%9d%bc%ec%93%b0-%ed%99%94%ec%9e%a5%ec%8b%a4-2071/,2026-07-28,57,,,,Kim Seong-yoon,https://image.tmdb.org/t/p/w500/2tTMci6Hq99gkagpYe19RulNXRr.jpg
st_15321,이태원 클라쓰,Itaewon Class,drama,박서준;김다미;권나라;유재명,단밤1호점,,서울 용산구 녹사평대로 40길 59,37.534476,126.989097,https://lh3.googleusercontent.com/place-photos/AG9NLjCKQwoJj2Pa7bhtO_D1asv5GOzTw81U4cewvb_1GI5l3OGMhoGuBMnCKI4IcbqQuliHOTiRoxjicdC2xfK7Xx-h1BgJHgcOQr-tT5wgenCHo1BhXyLfsxFhSmU-JLirDbrgoRfKbQ8LPQ4-fvzwQ2IO9A=s4800-w800,https://map.naver.com/p/entry/place/1720336818,단밤 포차 1호점 촬영을 위해 곱창집 건물을 개조해 사용한 촬영 세트 거리다.,https://image.tmdb.org/t/p/w780/y9Pqd4rIs6puP0wTNRmnTpwBugU.jpg,https://kdramamap.com/location/%ec%9d%b4%ed%83%9c%ec%9b%90%ed%81%b4%eb%9d%bc%ec%93%b0-%eb%8b%a8%eb%b0%a41%ed%98%b8%ec%a0%90-2072/,2026-07-28,57,,,,Kim Seong-yoon,https://image.tmdb.org/t/p/w500/2tTMci6Hq99gkagpYe19RulNXRr.jpg
st_15322,이태원 클라쓰,Itaewon Class,drama,박서준;김다미;권나라;유재명,디펜스거리,거리,서울 용산구 녹사평대로 40나길 1,37.534597,126.987983,https://upload.wikimedia.org/wikipedia/commons/thumb/e/e7/Noksapyeong_Station_20140228_162552.JPG/960px-Noksapyeong_Station_20140228_162552.JPG,https://map.naver.com/p/entry/place/1761107804,2회부터 사람들이 정기적으로 이 고가를 건넜다. 2회에서 오수아(권나라)는 이태원으로 향하는 길을 걷는다. 3화에서 조이서(김다미)와 장근수(김동희)도 스쿠터를 타고 등장합니다. 그리고 4화 초반에 박새로이(박서준)가 등장한다. 6회에서는 새로이와 이서가 다리에서 우연히 만난다.,https://image.tmdb.org/t/p/w780/7cMqyVJR2CyTb0UEjYB3ugs3Efr.jpg,https://kdramamap.com/location/%ec%9d%b4%ed%83%9c%ec%9b%90%ed%81%b4%eb%9d%bc%ec%93%b0-%eb%94%94%ed%8e%9c%ec%8a%a4%ea%b1%b0%eb%a6%ac-2073/,2026-07-28,57,,,,Kim Seong-yoon,https://image.tmdb.org/t/p/w500/2tTMci6Hq99gkagpYe19RulNXRr.jpg
st_15323,이태원 클라쓰,Itaewon Class,drama,박서준;김다미;권나라;유재명,노리테이블,명소,서울 용산구 녹사평대로 40나길 1,37.534597,126.987983,https://upload.wikimedia.org/wikipedia/commons/thumb/e/e7/Noksapyeong_Station_20140228_162552.JPG/960px-Noksapyeong_Station_20140228_162552.JPG,https://map.naver.com/p/entry/place/13202606,2회부터 사람들이 정기적으로 이 고가를 건넜다. 2회에서 오수아(권나라)는 이태원으로 향하는 길을 걷는다. 3화에서 조이서(김다미)와 장근수(김동희)도 스쿠터를 타고 등장합니다. 그리고 4화 초반에 박새로이(박서준)가 등장한다. 6회에서는 새로이와 이서가 다리에서 우연히 만난다.,https://image.tmdb.org/t/p/w780/eMcqatrpfWwTl3fQYTpFZ4xA2zL.jpg,https://kdramamap.com/location/%ec%9d%b4%ed%83%9c%ec%9b%90%ed%81%b4%eb%9d%bc%ec%93%b0-%eb%85%b8%eb%a6%ac%ed%85%8c%ec%9d%b4%eb%b8%94-2074/;https://traveltodrama.com/itaewon-class-filming-locations-guide/,2026-07-28,57,,,,Kim Seong-yoon,https://image.tmdb.org/t/p/w500/2tTMci6Hq99gkagpYe19RulNXRr.jpg
st_15324,이태원 클라쓰,Itaewon Class,drama,박서준;김다미;권나라;유재명,마루쿠식당/조이의공간,음식점,서울 용산구 녹사평대로 46길 31,37.537503,126.988484,https://lh3.googleusercontent.com/place-photos/AG9NLjBRF82ymF0OJ3ADAhTAs13z3pmYPaFj_5jEI_4pnBbCvkT3h8czD5RZk6URo8eqPOYU4mTeoiPrm11DMprQmiaDmrDy-8izoAnf7nzEn9KyOq5xwc32F3TvNPVnAKgM2WPiKG8bqCHJZU3WUA=s4800-w800,https://map.naver.com/p/entry/place/1547881298,9회에서 박새로이(박서준)의 두 번째 식당과 같은 거리에 위치하도록 만들어진 '마루당 식당'으로 등장한다.,https://image.tmdb.org/t/p/w780/weTim5iu37Gb09uVbJ9KCvEJdaa.jpg,https://kdramamap.com/location/%ec%9d%b4%ed%83%9c%ec%9b%90%ed%81%b4%eb%9d%bc%ec%93%b0-%eb%a7%88%eb%a3%a8%ec%bf%a0%ec%8b%9d%eb%8b%b9-%ec%a1%b0%ec%9d%b4%ec%9d%98%ea%b3%b5%ea%b0%84-2075/;https://traveltodrama.com/itaewon-class-filming-locations-guide/,2026-07-28,57,,,,Kim Seong-yoon,https://image.tmdb.org/t/p/w500/2tTMci6Hq99gkagpYe19RulNXRr.jpg
st_15325,이태원 클라쓰,Itaewon Class,drama,박서준;김다미;권나라;유재명,수아네집(뉴일무이),명소,서울 용산구 두텁바위로 40길 28-16,37.547497,126.983871,https://upload.wikimedia.org/wikipedia/commons/thumb/8/80/On_set_filming_location.jpg/960px-On_set_filming_location.jpg,https://map.naver.com/p/entry/place/37452669,2화에서 박새로이(박서준)가 집까지 걸어가자고 하자 그녀가 하룻밤 묵어 가자고 했지만 거절당한다.,https://i.ytimg.com/vi/0gsg7LzEaFI/hqdefault.jpg,https://kdramamap.com/location/%ec%9d%b4%ed%83%9c%ec%9b%90%ed%81%b4%eb%9d%bc%ec%93%b0-%ec%88%98%ec%95%84%eb%84%a4%ec%a7%91-%eb%89%b4%ec%9d%bc%eb%ac%b4%ec%9d%b4-2076/;https://traveltodrama.com/itaewon-class-filming-locations-guide/,2026-07-28,57,,,,Kim Seong-yoon,https://image.tmdb.org/t/p/w500/2tTMci6Hq99gkagpYe19RulNXRr.jpg
st_15326,이태원 클라쓰,Itaewon Class,drama,박서준;김다미;권나라;유재명,G게스트하우스,명소,서울 용산구 보광로 60길 14-38,37.533228,126.994960,https://lh3.googleusercontent.com/place-photos/AG9NLjA_XHKX2VCiodSliLcqPB4-c_nx6cxvVdmwynuVQnv-awzHXF9OkkmNxgjJXK-u9uOGYjgaPif2ST2UUM8b1aaZje0ZoTpGT-Cvuc0SUAOdcRFv8XuTVOsOquvmxFSCGjL25xYwLwtzoLaWzA=s4800-w800,https://map.naver.com/p/entry/place/34842719,조이서가 다니던 독서실,https://image.tmdb.org/t/p/w780/6SSpCQvhI4iVSirPpj2FCPM7Cxt.jpg,https://kdramamap.com/location/%ec%9d%b4%ed%83%9c%ec%9b%90%ed%81%b4%eb%9d%bc%ec%93%b0-g%ea%b2%8c%ec%8a%a4%ed%8a%b8%ed%95%98%ec%9a%b0%ec%8a%a4-2077/;https://traveltodrama.com/itaewon-class-filming-locations-guide/,2026-07-28,57,,,,Kim Seong-yoon,https://image.tmdb.org/t/p/w500/2tTMci6Hq99gkagpYe19RulNXRr.jpg
st_15327,이태원 클라쓰,Itaewon Class,drama,박서준;김다미;권나라;유재명,단밤2호점(오리올),명소,서울 용산구 신흥로20길 43,37.547398,126.984058,https://lh3.googleusercontent.com/place-photos/AG9NLjCKQwoJj2Pa7bhtO_D1asv5GOzTw81U4cewvb_1GI5l3OGMhoGuBMnCKI4IcbqQuliHOTiRoxjicdC2xfK7Xx-h1BgJHgcOQr-tT5wgenCHo1BhXyLfsxFhSmU-JLirDbrgoRfKbQ8LPQ4-fvzwQ2IO9A=s4800-w800,https://map.naver.com/p/entry/place/2087343638,2화에서 박새로이(박서준)가 집까지 걸어가자고 하자 그녀가 하룻밤 묵어 가자고 했지만 거절당한다.,https://i.ytimg.com/vi/0gsg7LzEaFI/hqdefault.jpg,https://kdramamap.com/location/%ec%9d%b4%ed%83%9c%ec%9b%90%ed%81%b4%eb%9d%bc%ec%93%b0-%eb%8b%a8%eb%b0%a42%ed%98%b8%ec%a0%90-%ec%98%a4%eb%a6%ac%ec%98%ac-2078/,2026-07-28,57,,,,Kim Seong-yoon,https://image.tmdb.org/t/p/w500/2tTMci6Hq99gkagpYe19RulNXRr.jpg
st_15328,이태원 클라쓰,Itaewon Class,drama,박서준;김다미;권나라;유재명,꿀밤포차,음식점,서울 용산구 우사단로 14길 3 2층,37.534118,126.995866,https://lh3.googleusercontent.com/place-photos/AG9NLjAfcyhRxxuGjgzJ1cI3GKYaPA4ArG2AtMRWLsC8HnQ-lNcoWHdybOK29FEltXQqsbO1Bkc8aCWJojcZXhc1s4v3MQLkIIPYGJ0xN0YbmKCKXJkpc5R1RFwF3mnsVHYfgpKK64roVPjU8jvsW-YJwIYzmw=s4800-w800,https://map.naver.com/p/entry/place/1586671774,조이서가 다니던 독서실,https://image.tmdb.org/t/p/w780/5UihQ5U6hN74J02daBKV7i0hU9T.jpg,https://kdramamap.com/location/%ec%9d%b4%ed%83%9c%ec%9b%90%ed%81%b4%eb%9d%bc%ec%93%b0-%ea%bf%80%eb%b0%a4%ed%8f%ac%ec%b0%a8-2079/,2026-07-28,57,,,,Kim Seong-yoon,https://image.tmdb.org/t/p/w500/2tTMci6Hq99gkagpYe19RulNXRr.jpg
st_15329,이태원 클라쓰,Itaewon Class,drama,박서준;김다미;권나라;유재명,이태원거리(세계음식문화거리),역/교통,서울 용산구 이태원동 108-3,37.535021,126.994592,https://upload.wikimedia.org/wikipedia/commons/thumb/5/56/Bulgogi_6.jpg/960px-Bulgogi_6.jpg,https://map.naver.com/p/entry/place/38338135,2회에서 박새로이(박서준)가 이 역에서 내린다.,https://image.tmdb.org/t/p/w780/7cMqyVJR2CyTb0UEjYB3ugs3Efr.jpg,https://kdramamap.com/location/%ec%9d%b4%ed%83%9c%ec%9b%90%ed%81%b4%eb%9d%bc%ec%93%b0-%ec%9d%b4%ed%83%9c%ec%9b%90%ea%b1%b0%eb%a6%ac-%ec%84%b8%ea%b3%84%ec%9d%8c%ec%8b%9d%eb%ac%b8%ed%99%94%ea%b1%b0%eb%a6%ac-2080/;https://traveltodrama.com/itaewon-class-filming-locations-guide/,2026-07-28,57,,,,Kim Seong-yoon,https://image.tmdb.org/t/p/w500/2tTMci6Hq99gkagpYe19RulNXRr.jpg
st_15330,이태원 클라쓰,Itaewon Class,drama,박서준;김다미;권나라;유재명,천사의날개,명소,서울 용산구 이태원동 116-18,37.535010,126.992331,https://upload.wikimedia.org/wikipedia/commons/thumb/5/5f/Seoul%2C_Korea_April_2014_%2813967318215%29.jpg/960px-Seoul%2C_Korea_April_2014_%2813967318215%29.jpg,https://map.naver.com/p/entry/place/1344728989,박새로이가 오수아를 우연히 만나는 곳,https://image.tmdb.org/t/p/w780/6Ko7gcoWADEmYAXUVfvWq6iXKa5.jpg,https://kdramamap.com/location/%ec%9d%b4%ed%83%9c%ec%9b%90%ed%81%b4%eb%9d%bc%ec%93%b0-%ec%b2%9c%ec%82%ac%ec%9d%98%eb%82%a0%ea%b0%9c-2081/;https://traveltodrama.com/itaewon-class-filming-locations-guide/,2026-07-28,57,,,,Kim Seong-yoon,https://image.tmdb.org/t/p/w500/2tTMci6Hq99gkagpYe19RulNXRr.jpg
st_15331,이태원 클라쓰,Itaewon Class,drama,박서준;김다미;권나라;유재명,싸대기골목,거리,서울 용산구 이태원로 143-13,37.534595,126.989260,https://upload.wikimedia.org/wikipedia/commons/thumb/1/1a/Road_in_Seoul%2C_KOREA_5.jpg/960px-Road_in_Seoul%2C_KOREA_5.jpg,https://map.naver.com/p/entry/place/1871504254,드라마 속 골목 장면 촬영지로 확인된 이태원의 좁은 길이다.,https://image.tmdb.org/t/p/w780/fpOfBMrqjwoyaZfaBbANfeinUgU.jpg,https://kdramamap.com/location/%ec%9d%b4%ed%83%9c%ec%9b%90%ed%81%b4%eb%9d%bc%ec%93%b0-%ec%8b%b8%eb%8c%80%ea%b8%b0%ea%b3%a8%eb%aa%a9-2082/,2026-07-28,57,,,,Kim Seong-yoon,https://image.tmdb.org/t/p/w500/2tTMci6Hq99gkagpYe19RulNXRr.jpg
st_15332,이태원 클라쓰,Itaewon Class,drama,박서준;김다미;권나라;유재명,라운지클럽(펌킨),명소,서울 용산구 이태원로 179,37.534814,126.993735,https://upload.wikimedia.org/wikipedia/commons/thumb/8/8b/Itaewon_Halloween_crowd_crush_memorial_alley_02.jpg/960px-Itaewon_Halloween_crowd_crush_memorial_alley_02.jpg,,박새로이가 오수아를 우연히 만나는 곳,https://image.tmdb.org/t/p/w780/hlNYjQ7sXFQpSQ8r9jOe0EWrztq.jpg,https://kdramamap.com/location/%ec%9d%b4%ed%83%9c%ec%9b%90%ed%81%b4%eb%9d%bc%ec%93%b0-%eb%9d%bc%ec%9a%b4%ec%a7%80%ed%81%b4%eb%9f%bd-%ed%8e%8c%ed%82%a8-2083/,2026-07-28,57,,,,Kim Seong-yoon,https://image.tmdb.org/t/p/w500/2tTMci6Hq99gkagpYe19RulNXRr.jpg
st_15333,이태원 클라쓰,Itaewon Class,drama,박서준;김다미;권나라;유재명,더파이니스트,음식점,서울 용산구 회나무로 41,37.539835,126.991167,https://lh3.googleusercontent.com/place-photos/AG9NLjDEWINpKN52DTrLBAowoESyrlqzn2-9x_SYLdZ-gOi_RpcRTZXhFVkBz7jkf8X3EEBztC4FDeSAj4k4ICs7FuFTUJTSN8eMwWJLRgxm3_ZFoeW7xugYzWbtdtsW-nV6-4Vv-2C_H1p_XmIeJQ=s4800-w800,https://map.naver.com/p/entry/place/1193664619,"4회 말미, 박새로이(박서준)와 조이서(김다미)가 술을 마시러 이 술집을 찾아온다.",https://image.tmdb.org/t/p/w780/6egGZ5ns6Yom1oyEFD3SkwX90z8.jpg,https://kdramamap.com/location/%ec%9d%b4%ed%83%9c%ec%9b%90%ed%81%b4%eb%9d%bc%ec%93%b0-%eb%8d%94%ed%8c%8c%ec%9d%b4%eb%8b%88%ec%8a%a4%ed%8a%b8-2084/;https://traveltodrama.com/itaewon-class-filming-locations-guide/,2026-07-28,57,,,,Kim Seong-yoon,https://image.tmdb.org/t/p/w500/2tTMci6Hq99gkagpYe19RulNXRr.jpg
st_15334,이태원 클라쓰,Itaewon Class,drama,박서준;김다미;권나라;유재명,놀이터(창의어린이공원),음식점,서울 용산구 회나무로6길 11-8,37.538406,126.989035,https://upload.wikimedia.org/wikipedia/commons/thumb/a/a1/September_Seoul_Corea_-_Asia_Photography_2012_-_panoramio.jpg/960px-September_Seoul_Corea_-_Asia_Photography_2012_-_panoramio.jpg,https://map.naver.com/p/entry/place/771038994,9회에서 박새로이(박서준)의 두 번째 식당과 같은 거리에 위치하도록 만들어진 '마루당 식당'으로 등장한다.,https://image.tmdb.org/t/p/w780/mE9mK7UdQGOy5RUg9uMjAtCBkoM.jpg,https://kdramamap.com/location/%ec%9d%b4%ed%83%9c%ec%9b%90%ed%81%b4%eb%9d%bc%ec%93%b0-%eb%86%80%ec%9d%b4%ed%84%b0-%ec%b0%bd%ec%9d%98%ec%96%b4%eb%a6%b0%ec%9d%b4%ea%b3%b5%ec%9b%90-2085/,2026-07-28,57,,,,Kim Seong-yoon,https://image.tmdb.org/t/p/w500/2tTMci6Hq99gkagpYe19RulNXRr.jpg
st_15335,이태원 클라쓰,Itaewon Class,drama,박서준;김다미;권나라;유재명,단밤회식장소(더부스 광화문),,서울 종로구 청계천로 11,37.569484,126.978868,https://upload.wikimedia.org/wikipedia/commons/thumb/9/9e/Genesis_Electrified_G80_RG3_EV_Vik_Black_%2839%29.jpg/960px-Genesis_Electrified_G80_RG3_EV_Vik_Black_%2839%29.jpg,,이태원클라쓰 속 술집 장면 촬영지로 알려진 더부스 광화문점이다.,https://image.tmdb.org/t/p/w780/25Dip8HXP7tFRTA5KSQb8RvxHKE.jpg,https://kdramamap.com/location/%ec%9d%b4%ed%83%9c%ec%9b%90%ed%81%b4%eb%9d%bc%ec%93%b0-%eb%8b%a8%eb%b0%a4%ed%9a%8c%ec%8b%9d%ec%9e%a5%ec%86%8c-%eb%8d%94%eb%b6%80%ec%8a%a4-%ea%b4%91%ed%99%94%eb%ac%b8-2086/,2026-07-28,57,,,,Kim Seong-yoon,https://image.tmdb.org/t/p/w500/2tTMci6Hq99gkagpYe19RulNXRr.jpg
st_15336,이태원 클라쓰,Itaewon Class,drama,박서준;김다미;권나라;유재명,백범광장공원,공원,서울 중구 남창동 205-4,37.555678,126.977501,https://upload.wikimedia.org/wikipedia/commons/6/66/Protest_in_Jongno%2C_Seoul%2C_Korea_-_2004_2.jpg,https://map.naver.com/p/entry/place/1982441579,이태원클라쓰 마지막회 박새로이와 조이서의 키스신이 촬영된 남산 자락의 공원이다.,https://i.ytimg.com/vi/QjElPoY6aR4/hqdefault.jpg,https://kdramamap.com/location/%ec%9d%b4%ed%83%9c%ec%9b%90%ed%81%b4%eb%9d%bc%ec%93%b0-%eb%b0%b1%eb%b2%94%ea%b4%91%ec%9e%a5%ea%b3%b5%ec%9b%90-2087/;https://traveltodrama.com/itaewon-class-filming-locations-guide/,2026-07-28,57,,,,Kim Seong-yoon,https://image.tmdb.org/t/p/w500/2tTMci6Hq99gkagpYe19RulNXRr.jpg
st_15337,이태원 클라쓰,Itaewon Class,drama,박서준;김다미;권나라;유재명,장가본사/스테이트타워남산,자연/명소,서울 중구 퇴계로 100,37.560207,126.982926,https://lh3.googleusercontent.com/place-photos/AG9NLjB6CZ1WrZ0JVALf951VfLTnOva5YCnFKYYc8p5BSoSLAvEihjhPlZ_DQunmGdPkQI4F7pGQH08UjW_fBBuvf_v3PF9GXtMgpATBLGcOWHGc4EK8Xp0xKlFwEmGvXX0q7P1WTC_8Lg6CR0mZlrc=s4800-w800,https://map.naver.com/p/entry/place/18692890,강민정(김혜은)이 장가그룹 장대희(유재명) 사장을 축출하기 위해 10회에서 이곳에서 이사회 지지자들과 간담회를 연다.,https://image.tmdb.org/t/p/w780/b0F71mnlmMSDyWWlbtrZkSUk2Pj.jpg,https://kdramamap.com/location/%ec%9d%b4%ed%83%9c%ec%9b%90%ed%81%b4%eb%9d%bc%ec%93%b0-%ec%9e%a5%ea%b0%80%eb%b3%b8%ec%82%ac-%ec%8a%a4%ed%85%8c%ec%9d%b4%ed%8a%b8%ed%83%80%ec%9b%8c%eb%82%a8%ec%82%b0-2088/,2026-07-28,57,,,,Kim Seong-yoon,https://image.tmdb.org/t/p/w500/2tTMci6Hq99gkagpYe19RulNXRr.jpg
st_20354,눈물의 여왕,Queen of Tears,drama,김수현;김지원;박성훈,그랜드 워커힐 서울 애스톤하우스,예식장,경기 구리시 아차산로 1,37.5599296185078,127.113284244788,https://lh3.googleusercontent.com/place-photos/AG9NLjD4ihc6HNStak2IwWBjR3QCJ3kcSBCs_TVXJCHMhTQD2iVozy68HLPU_mR_lWOPvUSWJzC0wVpUz6Yp3iDrKAyFfdrqvLZV4VoOQU7xax-7haUXp9-oe5j9vM0hRF2t68xu7TEcaenpfjOv=s4800-w800,https://map.naver.com/p/entry/place/1473977395,1화 오프닝의 야외 결혼식 장면이 촬영된 곳이다,tvN DRAMA,https://traveltodrama.com/queen-of-tears-seoul-filming-locations-map/;https://www.koreabycar.com/ko/journal/queen-of-tears-filming-locations,2026-07-30,13,,,,김희원;장영우,https://image.tmdb.org/t/p/w500/3x8GHyMTMsuXVX8pZ1OhUUHgOBx.jpg
st_20355,눈물의 여왕,Queen of Tears,drama,김수현;김지원;박성훈,배팅연습장(남영역),스포츠시설,서울 용산구 한강대로81길 32,37.5421127466826,126.971532239389,https://upload.wikimedia.org/wikipedia/commons/thumb/f/f0/Korail-134-Namyeong-station-entrance-1-20191022-145354.jpg/960px-Korail-134-Namyeong-station-entrance-1-20191022-145354.jpg,https://map.naver.com/p/entry/place/1766446782,2화에서 현우가 스트레스를 풀러 야구 배팅연습장을 찾는 장면이 나온다,https://image.tmdb.org/t/p/w780/dJf4H6JLlgL1OVzfekAdX1RgUhc.jpg,https://traveltodrama.com/queen-of-tears-seoul-filming-locations-map/;https://www.koreabycar.com/ko/journal/queen-of-tears-filming-locations,2026-07-30,13,,,,김희원;장영우,https://image.tmdb.org/t/p/w500/3x8GHyMTMsuXVX8pZ1OhUUHgOBx.jpg
st_20356,눈물의 여왕,Queen of Tears,drama,김수현;김지원;박성훈,용연리마을(용두리),마을,경북 문경시 문경읍 용연길 97-6,36.7772112014644,128.174225238258,,https://map.naver.com/p/entry/place/15394348,백현우 고향 용두리 마을의 실제 배경으로 정자와 돌담길이 극중 모습 그대로 남아있다,https://image.tmdb.org/t/p/w780/vnN7LSNZVvlQQi0x1z9JWZoYDq1.jpg,https://traveltodrama.com/queen-of-tears-mungyeong-filming-locations-map/,2026-07-30,13,,,,김희원;장영우,https://image.tmdb.org/t/p/w500/3x8GHyMTMsuXVX8pZ1OhUUHgOBx.jpg
st_20357,눈물의 여왕,Queen of Tears,drama,김수현;김지원;박성훈,문경철로자전거 구랑리역,체험시설,경북 문경시 마성면 구랑로 20,36.66098884453637,128.09932042498332,https://lh3.googleusercontent.com/place-photos/AG9NLjCYWj_Qex0Wk4UMYdZWvk8Mn9Fr-UcDjjcX1u-eYiyYenlkgw1EhgvJlDSgr4z685JjPE-luoTV5SqG1P50gUJC_fU1WWx9DkLOIw7lrZOp8nsU9H-eDtpu6klTH5eUy7yiXhacJiF1Xz22RrE=s4800-w800,https://map.naver.com/p/entry/place/33244399,13화에서 현우와 해인이 레일바이크를 타며 서로의 마음을 고백하는 장면이 촬영됐다,https://i.ytimg.com/vi/zGLcsp6RVAE/hqdefault.jpg,https://traveltodrama.com/queen-of-tears-mungyeong-filming-locations-map/,2026-07-30,13,,,,김희원;장영우,https://image.tmdb.org/t/p/w500/3x8GHyMTMsuXVX8pZ1OhUUHgOBx.jpg
st_20358,눈물의 여왕,Queen of Tears,drama,김수현;김지원;박성훈,가람마루 전망대(건지마을 전망대),전망대,충북 충주시 동량면 조동리 산 180-14,37.00885851709,127.991836410816,https://upload.wikimedia.org/wikipedia/commons/thumb/3/37/Photo1069_%EC%B6%A9%EC%A3%BC%EB%8C%90_%EA%B8%B0%EB%B3%B8%EC%A0%95%EB%B3%B4.jpg/960px-Photo1069_%EC%B6%A9%EC%A3%BC%EB%8C%90_%EA%B8%B0%EB%B3%B8%EC%A0%95%EB%B3%B4.jpg,,12화에서 남한강의 S자 물줄기를 배경으로 두 번째 프러포즈 장면이 촬영됐다,https://i.ytimg.com/vi/aCDS36fw6Xc/hqdefault.jpg,https://www.koreabycar.com/ko/journal/queen-of-tears-filming-locations,2026-07-30,13,,,,김희원;장영우,https://image.tmdb.org/t/p/w500/3x8GHyMTMsuXVX8pZ1OhUUHgOBx.jpg
st_20359,눈물의 여왕,Queen of Tears,drama,김수현;김지원;박성훈,문경새재도립공원,도립공원,경북 문경시 문경읍 새재로 932,36.7619075850083,128.07668565475,https://lh3.googleusercontent.com/place-photos/AG9NLjCZSYW7BDCfEbCUe5jaJAtui9kKMiYCsNOgybpdDjqyHgJjYaEkRzXQLjOMT2_jFysm8dCezY2pDswt8C_vFvtJKn926cSIDGtlydfjyF7rx4ZUaBXyXjC9HVeRoEzeMN57HTXrm1k0nv-tGQ=s4800-w800,https://map.naver.com/p/entry/place/11491525,,https://image.tmdb.org/t/p/w780/uW8YEFlgsZKCiqjKlmPt1LYuxm0.jpg,https://traveltodrama.com/queen-of-tears-mungyeong-filming-locations-map/,2026-07-30,13,,,,김희원;장영우,https://image.tmdb.org/t/p/w500/3x8GHyMTMsuXVX8pZ1OhUUHgOBx.jpg
st_20360,눈물의 여왕,Queen of Tears,drama,김수현;김지원;박성훈,봉천사,사찰,경북 문경시 호계면 봉서2길 201,36.6296057601921,128.227393139077,https://lh3.googleusercontent.com/place-photos/AG9NLjDCLFyLKbYz_AZR4muYzrYN4GDBxNIodIPSrwgOPOqTl107Fnmo07E9wlV1yAMZqTfjaOIHjvNjkbvz1aDQTXnrQVVMkCQaptfrXBiokCaJvviOHAFzu1RPEJpwaFrcbmDPgafI0g8GsyzQ0_M=s4800-w800,https://map.naver.com/p/entry/place/920908787,,https://image.tmdb.org/t/p/w780/11aPU50nEymmMVFJ5GbxlZlx77n.jpg,https://traveltodrama.com/queen-of-tears-mungyeong-filming-locations-map/,2026-07-30,13,,,,김희원;장영우,https://image.tmdb.org/t/p/w500/3x8GHyMTMsuXVX8pZ1OhUUHgOBx.jpg
st_20422,도깨비,Goblin,drama,공유;김고은;이동욱,주문진방파제,방파제/해변,강원특별자치도 강릉시 주문진읍 교항리,37.8798554564007,128.834204251177,https://lh3.googleusercontent.com/place-photos/AG9NLjBoAJSDC2_S5QZbkfvgeqc4-ei5Z0Ag5tGRUYl_isrbACDthr8lk9-cwzE-nvNH5DK9OawXDQN8zxdaEM4MeM0dU5qBzoHsE7zau8o4T0V65fSU4DCLunCd6hwNvzelvQMWPqt4jZ5KFjz4DOg=s4800-w800,https://map.naver.com/p/entry/place/15696330,은탁이 빨간 목도리를 하고 도깨비를 처음 소환하는 1화의 운명적인 만남 장면,https://i.ytimg.com/vi/mCeMgl6rR-U/hqdefault.jpg,https://www.realscene.site/ko/drama/goblin;https://attonamy.tistory.com/entry/영화와-드라마의-촬영지-강릉,2026-07-30,8,,,,윤종호;권혁찬;이응복,https://image.tmdb.org/t/p/w500/qZMEiTsNlCQV27hHQE27ZtlPWyv.jpg
st_20423,도깨비,Goblin,drama,공유;김고은;이동욱,경포대,누각/호수,강원특별자치도 강릉시 경포로 365,37.7950741626953,128.896636344738,https://lh3.googleusercontent.com/place-photos/AG9NLjArT7Fb1DgATZ-n_rJXC0lX_ECsoM7Oe0DH9SKSC0OPT84-r185M8N9gmR12BCZsX2wSOr0fwSE4-QMcE9zISjHjAwIyzt4HbujGEE8OHhkuQXIRaRz50v5LnwXyPvsFL2SI1txyJ188gr3fA=s4800-w800,https://map.naver.com/p/entry/place/11663850,김신과 은탁이 경포호 주변을 함께 거닐며 대화를 나누는 장면,https://image.tmdb.org/t/p/w780/aTR4oqk8IFRXkK468T8mKClMjxA.jpg,https://attonamy.tistory.com/entry/영화와-드라마의-촬영지-강릉;https://www.news-wa.com/article/travel/tour-korea/2024/09/15/20240915500002,2026-07-30,8,,,,윤종호;권혁찬;이응복,https://image.tmdb.org/t/p/w500/qZMEiTsNlCQV27hHQE27ZtlPWyv.jpg
st_20424,도깨비,Goblin,drama,공유;김고은;이동욱,전등사,사찰,인천 강화군 길상면 전등사로 37-41,37.6321456856267,126.484778944969,https://lh3.googleusercontent.com/place-photos/AG9NLjDzK9pybU1pqJHjC5KYw_HP6m4tbRrvHz9yoQaKqpA9L6hDxycKd9f95YML3x2ADlXsJNIM940VsOQT7i_keLC2qUYlIdAmXf0QZtElQAU7NXsyvllY4SHHc7bSxFURdEGbhEvIuRLeot8t0tQj40GTCw=s4800-w800,https://map.naver.com/p/entry/place/11664022,도깨비 검이 꽂혀 있던 장소에서 김신이 과거를 회상하는 장면,https://image.tmdb.org/t/p/w780/dUyx4zi3rzmFoQeyBQlnDRVujwB.jpg,https://1004nurse.com/entry/도깨비-촬영지-탐방-캐나다-인천-서울,2026-07-30,8,,,,윤종호;권혁찬;이응복,https://image.tmdb.org/t/p/w500/qZMEiTsNlCQV27hHQE27ZtlPWyv.jpg
st_20425,도깨비,Goblin,drama,공유;김고은;이동욱,송도센트럴파크,공원,인천 연수구 송도동 24-5,37.393063959939425,126.63862968940775,https://lh3.googleusercontent.com/place-photos/AG9NLjBAICtWCy4pySYdeoOn5wloIkSq1X0Imna4VTmSiT8n1zD9ENrJucfstBeD2bi5BJJKQHG2gDeU35_lFA-81-Zu6BzMxUpv-G2UwPeByOS5MQWPjS-7y83-7x3p57_6Ka2d0sodBsGCG7o-8yI=s4800-w800,https://map.naver.com/p/entry/place/20118926,극 중 김신이 지은탁에게 정식으로 청혼하고 은탁이 진정한 신부가 되는 장면,https://i.ytimg.com/vi/IM3n3Feslrg/hqdefault.jpg,https://vvish.tistory.com/234,2026-07-30,8,,,,윤종호;권혁찬;이응복,https://image.tmdb.org/t/p/w500/qZMEiTsNlCQV27hHQE27ZtlPWyv.jpg
st_20427,도깨비,Goblin,drama,공유;김고은;이동욱,사근용답간인도교,인도교,서울 성동구 사근동 235-1,37.5624925499828,127.050036387802,https://lh3.googleusercontent.com/place-photos/AG9NLjAnxkZPbkWTvDkiVFRRq65AP6JOpvq5pkU5A5IsgDBUrg_GSjGNKkTmkYuSQ5zoZZojMUcGYTw9YA4dMg8nl-gVlliPZDYZnc2SSuX54wNZ24IDbBl0UP8J6YHmp32VbZsrDn0XyEyTK8aaww=s4800-w800,https://map.naver.com/p/entry/place/2146316710,극 중 써니와 저승사자가 처음 만나고 삼신할매가 액세서리를 파는 장면,https://i.ytimg.com/vi/5Kw_m-Xk3DE/hqdefault.jpg,https://haechi-travel.tistory.com/467;https://vvish.tistory.com/234,2026-07-30,8,,,,윤종호;권혁찬;이응복,https://image.tmdb.org/t/p/w500/qZMEiTsNlCQV27hHQE27ZtlPWyv.jpg
st_20428,도깨비,Goblin,drama,공유;김고은;이동욱,북촌한옥마을,한옥마을,서울 종로구 북촌로 53,37.581768153833444,126.98481245064092,https://lh3.googleusercontent.com/place-photos/AG9NLjDMC-2uMufICrvu0992xyV2EDnnA2cVyQzK7MkocTVUeTBRxmOdETlw9rkQG-sviiPJjkpOzDbvwtIyyjJeB9DTTKI6U0YUyjg0Qb0H48wVIm4oESL44_MSSA2T-ha3COIYGkQNqbSnZ3wIUPc=s4800-w800,https://map.naver.com/p/entry/place/13034552,시간이 멈춘 장면에서 김신이 담벼락에 기대어 은탁을 바라보는 배경으로 등장,https://image.tmdb.org/t/p/w780/aoPVszif9WMtI0bG4YdIt9Ba5bW.jpg,https://1004nurse.com/entry/도깨비-촬영지-탐방-캐나다-인천-서울,2026-07-30,8,,,,윤종호;권혁찬;이응복,https://image.tmdb.org/t/p/w500/qZMEiTsNlCQV27hHQE27ZtlPWyv.jpg
st_20429,도깨비,Goblin,drama,공유;김고은;이동욱,건국대학교(일감호),대학교/호수,서울 광진구 능동로 120,37.543536094587516,127.07741635877292,https://lh3.googleusercontent.com/place-photos/AG9NLjCErt5zv0wBqoqUcHsELHHO5DJ-d4jiEUdvqza8I6le09VTDb_46GdQ4lt9jVQqhfaFQuEbISjgLHkKwfV6kr1B4fzZgyW219wP-GMpgvt1YxC8oVJ1P1GHNOYlPpu1WUiIbWESDblhhrLkfQ=s4800-w800,https://map.naver.com/p/entry/place/18834131,은탁이 첫사랑을 다시 만나는 장면이 촬영된 곳,https://image.tmdb.org/t/p/w780/AugdgStcHy5ndYoq1ACqHCOqCVx.jpg,https://vvish.tistory.com/234,2026-07-30,8,,,,윤종호;권혁찬;이응복,https://image.tmdb.org/t/p/w500/qZMEiTsNlCQV27hHQE27ZtlPWyv.jpg
st_20430,도깨비,Goblin,drama,공유;김고은;이동욱,월정사,사찰,강원특별자치도 평창군 진부면 오대산로 374-8,37.73175082498766,128.59212296344094,https://lh3.googleusercontent.com/place-photos/AG9NLjDuxUnBMQnsRoW-lsWx5rcdIIaE8MNf0lBcztYB1ren-V86IHYFciTRAfHvHS8UoFSb5iej3Mn2HN-tnDnA4Pi86IH7elGZ7uy2iYKNI1GnfhJWfzK2aRUZe8nb4_zxsvxx8amDwxTFCzn8sw=s4800-w800,https://map.naver.com/p/entry/place/11663919,극 중 눈 덮인 전나무 숲길에서 김신과 은탁이 서로의 마음을 확인하는 장면,https://image.tmdb.org/t/p/w780/2HkJehmHAcvZHLvjUvfN0HWi7Ya.jpg,https://vvish.tistory.com/234,2026-07-30,8,,,,윤종호;권혁찬;이응복,https://image.tmdb.org/t/p/w500/qZMEiTsNlCQV27hHQE27ZtlPWyv.jpg
st_20431,도깨비,Goblin,drama,공유;김고은;이동욱,삼청동거리,거리,서울 종로구 팔판동 67-1,37.5820641053666,126.981482777468,https://upload.wikimedia.org/wikipedia/commons/thumb/2/2d/Bentley_Arnage_by_Fayez_Barakat_%283%29.jpg/960px-Bentley_Arnage_by_Fayez_Barakat_%283%29.jpg,https://map.naver.com/p/entry/place/18671005,김신과 지은탁이 삼청동 거리를 함께 걸으며 대화를 나누는 데이트 장면,https://image.tmdb.org/t/p/w780/kcpX45dHEFLfDfsGEWHD59NIlJv.jpg,https://vvish.tistory.com/234;https://1004nurse.com/entry/도깨비-촬영지-탐방-캐나다-인천-서울,2026-07-30,8,,,,윤종호;권혁찬;이응복,https://image.tmdb.org/t/p/w500/qZMEiTsNlCQV27hHQE27ZtlPWyv.jpg
st_20432,도깨비,Goblin,drama,공유;김고은;이동욱,반포한강공원,한강공원,서울 서초구 반포동 115-5,37.51081992690844,126.99716104081192,https://lh3.googleusercontent.com/place-photos/AG9NLjDmpXcgb1Iiw_jDlTmGCGlKGoeMCf6Mzuu9o-Fpx9Koj9lynz-Dp1tIHTi7s-iD51t9ePZou8I5JHTaWpz725G_ZYXNS5bc9mLgrZntqt1dG4WfgVv2jGlNyxV6iuooTuihL6NA82y1oT7lXlc_FB9eLA=s4800-w619,https://map.naver.com/p/entry/place/13416963,16화(마지막회)에서 30년 후 형사가 된 왕여와 여배우가 된 써니의 재회를 김신이 지켜보는 장면,https://image.tmdb.org/t/p/w780/okMuAjdEalSLtWyxImCPhi0qGZE.jpg,https://vvish.tistory.com/234;https://blog.naver.com/hs21589/220938465414,2026-07-30,8,,,,윤종호;권혁찬;이응복,https://image.tmdb.org/t/p/w500/qZMEiTsNlCQV27hHQE27ZtlPWyv.jpg
st_20433,도깨비,Goblin,drama,공유;김고은;이동욱,인천국제공항 제1여객터미널,공항,인천 영종구 공항로 272,37.44917416578355,126.45092032325644,https://lh3.googleusercontent.com/place-photos/AG9NLjDZ6IXxSI_9bz13VFGBS3J4JRZzG2gc_q8hvTtk56U5iGFThGw3IyhO1qTB4mhoibSk58MDY3CWCoWdoKUOIIBuODHiogX4aF2n_ttpI3B_70lVgaITP5iWTcuCd5mpykHAD9G5pw7gvXMsQA=s4800-w800,https://map.naver.com/p/entry/place/11577227,15화에서 지은탁과 도깨비가 헤어졌다가 다시 만나는 장면이 촬영된 곳,https://image.tmdb.org/t/p/w780/f1aDNzYndmQqG7SkBFFPjmRaHXI.jpg,https://vvish.tistory.com/234,2026-07-30,8,,,,윤종호;권혁찬;이응복,https://image.tmdb.org/t/p/w500/qZMEiTsNlCQV27hHQE27ZtlPWyv.jpg
st_20434,도깨비,Goblin,drama,공유;김고은;이동욱,강릉중앙시장,시장,강원특별자치도 강릉시 금성로 21,37.754025117657804,128.8986237900098,https://lh3.googleusercontent.com/place-photos/AG9NLjBHa8AG213ExoAOgirRaxFhhbYOlJ38j-QOY8XYifMSQub74H1L68OjCNhdoMqZFMjE_3xd4JVyh-CoagJWm_nLi4G6NbEUc7Wgb8palYD7LQI2ONJ38b9ZIgBSjGI3M_W9bPmH0bru5abO2Q=s4800-w800,https://map.naver.com/p/entry/place/1443344345,김신과 지은탁이 함께 시장을 구경하며 장을 보는 정겨운 장면,https://i.ytimg.com/vi/bl2ipQ-ahVg/hqdefault.jpg,https://www.news-wa.com/article/travel/tour-korea/2024/09/15/20240915500002,2026-07-30,8,,,,윤종호;권혁찬;이응복,https://image.tmdb.org/t/p/w500/qZMEiTsNlCQV27hHQE27ZtlPWyv.jpg
st_20435,도깨비,Goblin,drama,공유;김고은;이동욱,강릉월화거리,테마거리,강원특별자치도 강릉시 경강로 2111,37.755909823698,128.897496501722,https://lh3.googleusercontent.com/place-photos/AG9NLjAnoS0arzmt8iv-L9tGFFX7kkb8UwYdbc09hRJKKgoomWmohqxm09eOYXBYcbAFe9u1prbXFIuH72bPh0kw6dwMhdfYUY2O4Q8WGFq5qpCBG5HTG4_lvSdeGAjTUTuhzfJRbzDexsglxX8J0qk=s4800-w800,https://map.naver.com/p/entry/place/1287320440,김신과 지은탁이 옛 철길 카페거리를 걸으며 데이트를 즐기는 장면,https://image.tmdb.org/t/p/w780/6ikoV21EywEGLhjNOCaawbCF7Qv.jpg,https://www.news-wa.com/article/travel/tour-korea/2024/09/15/20240915500002,2026-07-30,8,,,,윤종호;권혁찬;이응복,https://image.tmdb.org/t/p/w500/qZMEiTsNlCQV27hHQE27ZtlPWyv.jpg
st_20821,이태원 클라쓰,Itaewon Class,drama,박서준;김다미;유재명,1기 단밤(언덕집소곱창),음식점,서울 용산구 녹사평대로 40길 57,37.534472389975,126.988995163791,https://lh3.googleusercontent.com/place-photos/AG9NLjCKQwoJj2Pa7bhtO_D1asv5GOzTw81U4cewvb_1GI5l3OGMhoGuBMnCKI4IcbqQuliHOTiRoxjicdC2xfK7Xx-h1BgJHgcOQr-tT5wgenCHo1BhXyLfsxFhSmU-JLirDbrgoRfKbQ8LPQ4-fvzwQ2IO9A=s4800-w800,https://map.naver.com/p/entry/place/1720336818,박새로이와 창립 멤버들이 첫 번째 포차 '단밤'을 함께 일구는 장면의 실제 촬영지,https://i.ytimg.com/vi/acQGuTIsKXI/hqdefault.jpg,https://traveltodrama.com/itaewon-class-filming-locations-guide/,2026-07-30,57,,,,Kim Seong-yoon,https://image.tmdb.org/t/p/w500/2tTMci6Hq99gkagpYe19RulNXRr.jpg
st_20822,이태원 클라쓰,Itaewon Class,drama,박서준;김다미;유재명,클리프 서울(2기 단밤),음식점,서울 용산구 신흥로20길 43,37.547398201331,126.984057964952,https://upload.wikimedia.org/wikipedia/commons/thumb/8/80/On_set_filming_location.jpg/960px-On_set_filming_location.jpg,https://map.naver.com/p/entry/place/2087343638,"해방촌으로 이전한 두 번째 '단밤' 포차, 루프탑에서 서울 야경을 내려다보는 장면",https://image.tmdb.org/t/p/w780/cyn5csLPfaXGh1EsAXoJlVNU1ZV.jpg,https://traveltodrama.com/itaewon-class-filming-locations-guide/,2026-07-30,57,,,,Kim Seong-yoon,https://image.tmdb.org/t/p/w500/2tTMci6Hq99gkagpYe19RulNXRr.jpg
st_20823,이태원 클라쓰,Itaewon Class,drama,박서준;김다미;유재명,게우지코지,관광명소,제주 서귀포시 보목포로 46,33.2392180366622,126.606761567165,https://lh3.googleusercontent.com/place-photos/AG9NLjBiWq3HW2CyN-7E1q6VIh897EMiHazS8VB8-VeQziCzb59ObOf4Pwmi8HK-B6FKeqbTRJMnV671abrgudydYQWDCry8nz24HtuBHk3SlAR3UeHEyUuqslFi97VhZAVMTTwIR0lV2bjM1cPjY5g=s4800-w800,https://map.naver.com/p/entry/place/536844320,조이서가 제주도에 왔을 때 이곳 카페에서 커피를 마시는 장면,https://image.tmdb.org/t/p/w780/eyy5yV29kdD8IRwSg3s63uM9tcZ.jpg,https://traveltodrama.com/itaewon-class-filming-locations-guide/,2026-07-30,57,,,,Kim Seong-yoon,https://image.tmdb.org/t/p/w500/2tTMci6Hq99gkagpYe19RulNXRr.jpg
st_20824,이태원 클라쓰,Itaewon Class,drama,박서준;김다미;유재명,만만코로코로(장가포차),음식점,서울 마포구 양화로16길 34,37.5528878290259,126.921357057691,https://upload.wikimedia.org/wikipedia/commons/thumb/9/94/20200805_030608_things_places_in_south_korea_IMG_8948.jpg/960px-20200805_030608_things_places_in_south_korea_IMG_8948.jpg,https://map.naver.com/p/entry/place/1170338169,극 중 경쟁사 장가포차의 화려한 매장으로 등장하는 장면,https://image.tmdb.org/t/p/w780/3gTx9stw8K1vBMIJSNhU5wct3VC.jpg,https://traveltodrama.com/itaewon-class-filming-locations-guide/,2026-07-30,57,,,,Kim Seong-yoon,https://image.tmdb.org/t/p/w500/2tTMci6Hq99gkagpYe19RulNXRr.jpg
st_20825,이태원 클라쓰,Itaewon Class,drama,박서준;김다미;유재명,한옥카페 선운각,카페,서울 강북구 삼양로173길 223,37.655515620157,126.998708547527,https://lh3.googleusercontent.com/place-photos/AG9NLjD7gRFcrL2NxzcJG9-KQ81HEv0KbAIa4uTtUwZfFEvaCcjICEgZ3brXebSiW-Ej7Dgd55iDcfLJoa_wYfXjyZottAX8ZwtMk3GCLn10J5kHy5RYYVNuyv55hSvOuQ8BkaZJOu-MdSjJi5Ip=s4800-w800,https://map.naver.com/p/entry/place/1534254210,,https://image.tmdb.org/t/p/w780/jKqaVzhPcQhSAELrcANTQMTO4Uj.jpg,https://traveltodrama.com/itaewon-class-filming-locations-guide/,2026-07-30,57,,,,Kim Seong-yoon,https://image.tmdb.org/t/p/w500/2tTMci6Hq99gkagpYe19RulNXRr.jpg
st_20826,이태원 클라쓰,Itaewon Class,drama,박서준;김다미;유재명,수원 일월수목원(일월저수지),공원,경기 수원시 장안구 일월로 61,37.2877810107055,126.976476031701,https://lh3.googleusercontent.com/place-photos/AG9NLjC6ISmIpfxQMsYSDHJ551xI3rVUSBouLdr2SAKLNQIyOgpEqTJv6S820K85yYmFk379fdcwfBXIwQEEFjuHWRAOiYaTp8ch8j8oHrYbTaS_JAjsVKwbv6G1cK1zzUb5n8udK5g5bSWDyrFnVQ=s4800-w800,https://map.naver.com/p/entry/place/1751677198,극 중 수아와 새로이가 전화번호를 주고받고 새로이가 수줍게 뛰어가는 장면,https://image.tmdb.org/t/p/w780/uYWfqH69A4rFEzgYT2xvYB6DWDD.jpg,https://traveltodrama.com/itaewon-class-filming-locations-guide/,2026-07-30,57,,,,Kim Seong-yoon,https://image.tmdb.org/t/p/w500/2tTMci6Hq99gkagpYe19RulNXRr.jpg
st_20827,이태원 클라쓰,Itaewon Class,drama,박서준;김다미;유재명,스테이트타워 남산(장가본사),건물,서울 중구 퇴계로 100,37.5602069895052,126.982926486564,https://lh3.googleusercontent.com/place-photos/AG9NLjB6CZ1WrZ0JVALf951VfLTnOva5YCnFKYYc8p5BSoSLAvEihjhPlZ_DQunmGdPkQI4F7pGQH08UjW_fBBuvf_v3PF9GXtMgpATBLGcOWHGc4EK8Xp0xKlFwEmGvXX0q7P1WTC_8Lg6CR0mZlrc=s4800-w800,https://map.naver.com/p/entry/place/18692890,극 중 장가그룹 회장의 화려한 집무실과 빌딩 로비가 등장하는 장면,https://image.tmdb.org/t/p/w780/4fcmDwFtXnxwMUEdaMlNikpnZJz.jpg,https://traveltodrama.com/itaewon-class-filming-locations-guide/,2026-07-30,57,,,,Kim Seong-yoon,https://image.tmdb.org/t/p/w500/2tTMci6Hq99gkagpYe19RulNXRr.jpg
st_20828,이태원 클라쓰,Itaewon Class,drama,박서준;김다미;유재명,쌍대포소금구이,음식점,서울 용산구 청파로 291,37.5455836506879,126.970011767483,https://lh3.googleusercontent.com/place-photos/AG9NLjAjLlA7f8BE8jjj5a42rac61XIytfoGGr1k0VeM_qbpNCG8rYSiEZTDAsX8H1qehRvjf3fK4WfJrVGwj0pjYa0ybHbko23TV-KwjvcbNUa_9kC_PtJINmzqtyx4TRWo54z-4w-gyp78wLMH9nvN3bFxyw=s4800-w800,https://map.naver.com/p/entry/place/11711391,12화에서 박새로이와 오수아가 데이트하며 함께 소주를 마시는 장면의 배경.,https://image.tmdb.org/t/p/w780/nC5XOYs22efrw1FOF3WAgHeKzSR.jpg,https://traveltodrama.com/itaewon-class-filming-locations-guide/;https://blog.naver.com/hs21589/221991978434,2026-07-30,57,,,,Kim Seong-yoon,https://image.tmdb.org/t/p/w500/2tTMci6Hq99gkagpYe19RulNXRr.jpg
st_20829,이태원 클라쓰,Itaewon Class,drama,박서준;김다미;유재명,예빈산,자연/등산로,경기 남양주시 와부읍 팔당리,37.5501588054454,127.252969637051,https://lh3.googleusercontent.com/place-photos/AG9NLjDBV_kN-GYKkiI-lA2StG5VJYydhmwF-_vRdILBDvlXrFzT1h0dbhEdTOuS-36iZDXcl-BhADVHK6h58vS19cbYFWgMvvimDR9PICpVLs7xkzl3cVBhrNAzqhyVsBmr3H-hmH0H5Qx8UVYy4Q=s4800-w800,https://map.naver.com/p/entry/place/18209515,,https://image.tmdb.org/t/p/w780/kHgoCgyipQpOMqwK12dbgDwx1JE.jpg,https://traveltodrama.com/itaewon-class-filming-locations-guide/,2026-07-30,57,,,,Kim Seong-yoon,https://image.tmdb.org/t/p/w500/2tTMci6Hq99gkagpYe19RulNXRr.jpg
st_20830,이태원 클라쓰,Itaewon Class,drama,박서준;김다미;유재명,용산구청,관공서,서울 용산구 녹사평대로 150,37.5324522944579,126.990478820837,https://lh3.googleusercontent.com/place-photos/AG9NLjD2P9TXZBOvM_4pOvdRJjzxPpj1TPAgTycg5FB2m5KobgfgJuzmziRrvgqimmlaC7xxMRpKLzpeG5IqRpBi6eNh7g-JmBRchROOgqAx6Ob_iq14jejMRhPhOav_soal_POcGPA0OOOBn7m9Fw=s4800-w800,https://map.naver.com/p/entry/place/11627899,,https://image.tmdb.org/t/p/w780/jiMVr2XOmLNQxTMYZtL7LmbPvUK.jpg,https://traveltodrama.com/itaewon-class-filming-locations-guide/,2026-07-30,57,,,,Kim Seong-yoon,https://image.tmdb.org/t/p/w500/2tTMci6Hq99gkagpYe19RulNXRr.jpg
st_20831,이태원 클라쓰,Itaewon Class,drama,박서준;김다미;유재명,장자호수공원,공원,경기 구리시 교문동 537,37.5825384280394,127.138798048409,https://lh3.googleusercontent.com/place-photos/AG9NLjA_G4zhonvbxnFKbjOHEStzM44ZTogIDolZ6hdGHLJ7qc0mCG1ZpBh3zUvw6TjcRiLC0HanroJW8mMqJCAgKyggUnLBbSoIGKsNs7LL0le3CKsU9c7OqC-1RDrNIoOQz0iFzIb1qGVnG5crHQ=s4800-w800,https://map.naver.com/p/entry/place/13447007,박새로이가 꿈속에서 세상을 떠난 아버지를 만나는 장면의 배경.,https://image.tmdb.org/t/p/w780/lcwGlM78qt8UgRfq9kMn6kTpgWp.jpg,https://traveltodrama.com/itaewon-class-filming-locations-guide/;https://blog.naver.com/hs21589/223244614078,2026-07-30,57,,,,Kim Seong-yoon,https://image.tmdb.org/t/p/w500/2tTMci6Hq99gkagpYe19RulNXRr.jpg
st_20832,이태원 클라쓰,Itaewon Class,drama,박서준;김다미;유재명,삼성역 캐논코리아,건물,서울 강남구 테헤란로 607,37.5095109420719,127.064001573733,https://upload.wikimedia.org/wikipedia/commons/thumb/5/52/National_sports_games_Seoul_2019_edit-a-ton_2.jpg/960px-National_sports_games_Seoul_2019_edit-a-ton_2.jpg,https://map.naver.com/p/entry/place/31012600,,https://image.tmdb.org/t/p/w780/fTJ6u3FH5XgPVkKDVy5oDgeVCba.jpg,https://traveltodrama.com/itaewon-class-filming-locations-guide/,2026-07-30,57,,,,Kim Seong-yoon,https://image.tmdb.org/t/p/w500/2tTMci6Hq99gkagpYe19RulNXRr.jpg
st_20833,이태원 클라쓰,Itaewon Class,drama,박서준;김다미;유재명,트리플 스트리트,쇼핑몰,인천 연수구 송도과학로16번길 33-1,37.3806957155085,126.658783691215,https://lh3.googleusercontent.com/place-photos/AG9NLjCSdW28gv32310z3-5QdjHql4beL5nD1wjKDkSd2sCey-4y4cs2VzLxiwA40ucPcDradIU8bw9rF3jaCWoTSDZyQD-T0_fYP0gOzi4utwsWLiU0HR2BTcsluYuo9pGce1XB6yFMThJ_Z8_tGg=s4800-w800,https://map.naver.com/p/entry/place/1764383386,11화에서 조이서가 박새로이에게 자신의 마음을 고백하는 장면,https://i.ytimg.com/vi/mG5jEqFNZ8Y/hqdefault.jpg,https://traveltodrama.com/itaewon-class-filming-locations-guide/,2026-07-30,57,,,,Kim Seong-yoon,https://image.tmdb.org/t/p/w500/2tTMci6Hq99gkagpYe19RulNXRr.jpg
mv_6958_01,케이팝 데몬 헌터스,KPop Demon Hunters,movie,아덴 조;메이 홍;유지영,N서울타워,관광명소(전망대),서울 용산구 남산공원길 105,37.5513049702718,126.988230622132,https://lh3.googleusercontent.com/place-photos/AG9NLjAvZa8uoMlst6pzOosl9aHJv9yKQmGRpDLuf7vxrNcRgFqEUWiVnY-UdOhvZbiFKXpDqGqxDfpCN7IW94vZ3frwbo7VJ_v_R4J5_hAuSBRm-oJMlyBvufThvfFiaC8iPfr6Pefsw0aUV30bSA=s4800-w401,https://map.naver.com/p/entry/place/11662870,극 중 귀마가 서울 전역을 소환해 최종 콘서트 겸 대결을 벌이는 무대의 배경이 된 서울 랜드마크,https://i.ytimg.com/vi/Ug_pv5-r1js/hqdefault.jpg,https://mediahub.seoul.go.kr/archives/2015071;https://www.mt.co.kr/politics/2026/03/19/2026031915451190181,2026-07-31,,,,,크리스 아펠한스;매기 강,https://image.tmdb.org/t/p/w500/5fqcLmrgVDicMuGLOa9PKErFP72.jpg
mv_6958_02,케이팝 데몬 헌터스,KPop Demon Hunters,movie,아덴 조;메이 홍;유지영,북촌한옥마을,관광명소(전통마을),서울 종로구 북촌로 53,37.581768153833444,126.98481245064092,https://lh3.googleusercontent.com/place-photos/AG9NLjDMC-2uMufICrvu0992xyV2EDnnA2cVyQzK7MkocTVUeTBRxmOdETlw9rkQG-sviiPJjkpOzDbvwtIyyjJeB9DTTKI6U0YUyjg0Qb0H48wVIm4oESL44_MSSA2T-ha3COIYGkQNqbSnZ3wIUPc=s4800-w800,https://map.naver.com/p/entry/place/13034552,극 중 루미와 진우가 밤에 만나 정을 나누고 함께 듀엣곡 'Free'를 부르는 장면의 배경이 된 한옥마을,https://i.ytimg.com/vi/QChwUPA8bwU/hqdefault.jpg,https://mediahub.seoul.go.kr/archives/2015071;https://www.econovill.com/news/articleView.html?idxno=717264,2026-07-31,,,,,크리스 아펠한스;매기 강,https://image.tmdb.org/t/p/w500/5fqcLmrgVDicMuGLOa9PKErFP72.jpg
mv_6958_03,케이팝 데몬 헌터스,KPop Demon Hunters,movie,아덴 조;메이 홍;유지영,낙산공원,공원(성곽길),서울 종로구 낙산길 41,37.58056966858,127.007521763748,https://lh3.googleusercontent.com/place-photos/AG9NLjA1iQdOjd3kzTZ5DF-qviF1cANtT1W_C6kc_AWW-IeDEtFCu928RxiIX3TKTxxa-4AvH_EBfeCf37X7l7j7KGgfJYsHMg34dUlYqO1kLjqE23_x_D-WsURbpZWdS4YQ6Arlqza7qfTPnrQiWw=s4800-w800,https://map.naver.com/p/entry/place/13299765,극 중 루미와 진우가 한양도성 성곽길 야경을 배경으로 로맨틱한 대화를 나누는 장면의 배경,https://i.ytimg.com/vi/QChwUPA8bwU/hqdefault.jpg,https://mediahub.seoul.go.kr/archives/2015071;https://ch.yes24.com/Article/View/81593,2026-07-31,,,,,크리스 아펠한스;매기 강,https://image.tmdb.org/t/p/w500/5fqcLmrgVDicMuGLOa9PKErFP72.jpg
mv_6958_04,케이팝 데몬 헌터스,KPop Demon Hunters,movie,아덴 조;메이 홍;유지영,코엑스 K팝 스퀘어,랜드마크(전광판),서울 강남구 영동대로 513,37.511824182641504,127.05915859162609,https://upload.wikimedia.org/wikipedia/commons/thumb/2/27/Korea_PHILAKorea_2014_04_%2814852654091%29.jpg/960px-Korea_PHILAKorea_2014_04_%2814852654091%29.jpg,,극 중 헌트릭스의 신곡 'Golden' 뮤직비디오가 대형 3D 전광판에 최초 공개되는 장면의 배경,https://i.ytimg.com/vi/hohuFW0zQUw/hqdefault.jpg,https://mediahub.seoul.go.kr/archives/2015071;https://www.forbeskorea.co.kr/news/articleView.html?idxno=401820,2026-07-31,,,,,크리스 아펠한스;매기 강,https://image.tmdb.org/t/p/w500/5fqcLmrgVDicMuGLOa9PKErFP72.jpg
mv_6958_05,케이팝 데몬 헌터스,KPop Demon Hunters,movie,아덴 조;메이 홍;유지영,청담대교,교량,서울 광진구 자양동 824,37.525894367582204,127.06410776758645,https://lh3.googleusercontent.com/place-photos/AG9NLjAkBal8rxSvgfvrfzS7EuNJt4GCV-Mr9wH9Ny9BLuo4B5TPewaVcsQl1eIA_KNNr24gCCxGrayb7kmT8MrfGgdJV0M1ShwPBf8DDcxhg5WJ2u3L68efZSI6OEDXIYpYekzdWPz1IoPCJP6A=s4800-w800,https://map.naver.com/p/entry/place/18830462,극 중 헌트릭스가 지하철 위에서 악령들과 격렬한 전투를 벌이는 장면의 배경이 된 다리,https://i.ytimg.com/vi/7kJ24UaDtmQ/hqdefault.jpg,http://www.opinionnews.co.kr/news/articleView.html?idxno=126188;https://www.mydaily.co.kr/page/view/2025071714402778650,2026-07-31,,,,,크리스 아펠한스;매기 강,https://image.tmdb.org/t/p/w500/5fqcLmrgVDicMuGLOa9PKErFP72.jpg
mv_6958_06,케이팝 데몬 헌터스,KPop Demon Hunters,movie,아덴 조;메이 홍;유지영,뚝섬한강공원,공원(한강공원),서울 광진구 자양동 427-6,37.5292974433415,127.06892112991,https://lh3.googleusercontent.com/place-photos/AG9NLjAeqLEdQdGWxYtltTkl7Vwm_qKxJsYXTVRMrPtwFOOsiYVx03RAMcowOWkjtzC6mt2SaPRx2_AxAtB-cQWh3bJvvv38KvUg8mbpLy5F44rQOg8QUCGwAqe1vfW7BSi1YScCHwcDxS9N5XYhQA=s4800-w800,https://map.naver.com/p/entry/place/13416890,극 중 헌트릭스가 청담대교 전투에 이어 한강공원 일대에서 악령과 싸우는 전투 장면의 배경,https://i.ytimg.com/vi/7kJ24UaDtmQ/hqdefault.jpg,https://www.naeil.com/news/read/561066;https://www.forbeskorea.co.kr/news/articleView.html?idxno=401820,2026-07-31,,,,,크리스 아펠한스;매기 강,https://image.tmdb.org/t/p/w500/5fqcLmrgVDicMuGLOa9PKErFP72.jpg
mv_6958_07,케이팝 데몬 헌터스,KPop Demon Hunters,movie,아덴 조;메이 홍;유지영,자양역,지하철역,서울 광진구 능동로 10,37.53155927720518,127.06679509976304,https://upload.wikimedia.org/wikipedia/commons/thumb/2/2d/20260416womenphotowalk%EA%B8%88%EC%88%B215.jpg/960px-20260416womenphotowalk%EA%B8%88%EC%88%B215.jpg,https://map.naver.com/p/entry/place/13479548,극 중 청담대교 전투 후 헌트릭스가 내리는 역으로 작중 '섬유원지역'이라는 이름으로 등장,https://i.ytimg.com/vi/7kJ24UaDtmQ/hqdefault.jpg,http://www.edaily.co.kr/news/newspath.asp?newsid=01154566642330952;http://www.opinionnews.co.kr/news/articleView.html?idxno=126188,2026-07-31,,,,,크리스 아펠한스;매기 강,https://image.tmdb.org/t/p/w500/5fqcLmrgVDicMuGLOa9PKErFP72.jpg
mv_6958_08,케이팝 데몬 헌터스,KPop Demon Hunters,movie,아덴 조;메이 홍;유지영,명동거리,관광명소(테마거리),서울 중구 명동2가,37.5620769169639,126.984901336292,https://lh3.googleusercontent.com/place-photos/AG9NLjA6Y6O8lHzpcySYl39cCZvUFjgLVoTyPslbpH5t2iB8AyMGMtfQBFfXfl_y3bgqEgru35XK3-JR1U5EOwFnqoZOc2b1oX-Wec8Mulq-bx8F-XmB5tM0kOR_u7udJL84aHgF6rKQ93BJq5oPQxI=s4800-w800,https://map.naver.com/p/entry/place/18694135,극 중 사자보이즈가 거리 공연 'Soda Pop'을 펼치고 헌트릭스와 처음 마주치는 장면의 배경,https://i.ytimg.com/vi/tWWlEOF-Ye4/hqdefault.jpg,https://mediahub.seoul.go.kr/archives/2015071;https://www.mydaily.co.kr/page/view/2025071714402778650,2026-07-31,,,,,크리스 아펠한스;매기 강,https://image.tmdb.org/t/p/w500/5fqcLmrgVDicMuGLOa9PKErFP72.jpg
mv_6958_09,케이팝 데몬 헌터스,KPop Demon Hunters,movie,아덴 조;메이 홍;유지영,잠실종합운동장(서울올림픽주경기장),경기장,서울 송파구 올림픽로 25,37.515852166006034,127.0727885566667,https://lh3.googleusercontent.com/place-photos/AG9NLjA_0z8RtzLoK7osCCF5fVQrhBkGTF3r6eY6UCIKTK2qfQMU0cckYwEggC3WILl2fOcGBkY8oiio_v3PA0iADkOcOL6srcDDFHL1VLDiSHwxw7qyNivSURqNfqRAmQdEMDHxO6qQsRayjxCS8L0=s4800-w800,https://map.naver.com/p/entry/place/1991686372,극 중 헌트릭스의 대규모 콘서트 장면의 모델이 된 경기장으로 팬들이 가장 많이 찾는 성지순례지,https://i.ytimg.com/vi/Ug_pv5-r1js/hqdefault.jpg,https://mediahub.seoul.go.kr/archives/2015071;http://www.yonhapnewstv.co.kr/MYH20250829143148701,2026-07-31,,,,,크리스 아펠한스;매기 강,https://image.tmdb.org/t/p/w500/5fqcLmrgVDicMuGLOa9PKErFP72.jpg
mv_6958_10,케이팝 데몬 헌터스,KPop Demon Hunters,movie,아덴 조;메이 홍;유지영,경복궁,고궁,서울 종로구 사직로 161,37.577613288258206,126.97689786832184,https://lh3.googleusercontent.com/place-photos/AG9NLjBUiIWrL3Ivwic4zEXOIs9tKbr87fqN3COsGxAPHmMETc80oLtsfTxNAuvZXco9oZcjT5WrM5mMAp_HTlAxxjBT5JhSOyoZCWHq1XlBrA3kqlQES-JmSahM3dSyszmIbDlwaOZtmJLILJ96i50=s4800-w800,https://map.naver.com/p/entry/place/11571707,극 중 진우의 400년 전 조선시대 회상 장면에 등장하는 궁궐의 배경으로 추정되는 곳,https://image.tmdb.org/t/p/w780/rJjhOuRFldNF0OWSuSk4PiCLmeA.jpg,http://www.edaily.co.kr/news/newspath.asp?newsid=04585446642266664;https://www.forbeskorea.co.kr/news/articleView.html?idxno=401820,2026-07-31,,,,,크리스 아펠한스;매기 강,https://image.tmdb.org/t/p/w500/5fqcLmrgVDicMuGLOa9PKErFP72.jpg
mv_6958_11,케이팝 데몬 헌터스,KPop Demon Hunters,movie,아덴 조;메이 홍;유지영,서울한방진흥센터,문화시설(한의약박물관),서울 동대문구 약령중앙로 26,37.580701813863506,127.03746850219292,https://lh3.googleusercontent.com/place-photos/AG9NLjAHVdmjXtAkesKj3g4QKP-YLolXGv5uhH2lv7IZgLsUTKTVXXKZWz4qv3eJfMsse9t80FgEqnk26sNRCqIzP6n5jU2-dyZTp_VSJ9wRtwJO1kzTyA1_AFUbJ7Ok2cBVj5ZzTAUBEyUyUyNB5A=s4800-w800,https://map.naver.com/p/entry/place/1127688736,극 중 루미가 목소리 이상을 치료하러 찾아가는 'HAN의원'의 실제 모델이 된 한방진흥센터,https://image.tmdb.org/t/p/w780/w3Bi0wygeFQctn6AqFTwhGNXRwL.jpg,https://www.khan.co.kr/article/202509022102015;https://www.donga.com/news/Culture/article/all/20250928/132478116/1,2026-07-31,,,,,크리스 아펠한스;매기 강,https://image.tmdb.org/t/p/w500/5fqcLmrgVDicMuGLOa9PKErFP72.jpg
mv_6958_12,케이팝 데몬 헌터스,KPop Demon Hunters,movie,아덴 조;메이 홍;유지영,삼청동거리,관광명소(테마거리),서울 종로구 팔판동 67-1,37.5820641053666,126.981482777468,https://upload.wikimedia.org/wikipedia/commons/thumb/2/2d/Bentley_Arnage_by_Fayez_Barakat_%283%29.jpg/960px-Bentley_Arnage_by_Fayez_Barakat_%283%29.jpg,https://map.naver.com/p/entry/place/13513604,북촌 인근 전통 거리로 극 중 배경으로 등장한 뒤 더욱 주목받게 된 곳,https://i.ytimg.com/vi/QChwUPA8bwU/hqdefault.jpg,https://www.joongang.co.kr/article/25361078,2026-07-31,,,,,크리스 아펠한스;매기 강,https://image.tmdb.org/t/p/w500/5fqcLmrgVDicMuGLOa9PKErFP72.jpg
